,0
2008-10-31,0.9965682991986639
2008-11-03,0.9984839388717106
2008-11-04,0.99869976377332
2008-11-05,1.0035988583031823
2008-11-06,1.0024983754704444
2008-11-07,1.0073100660823109
2008-11-10,1.0154501782596728
2008-11-11,1.0112056256553392
2008-11-12,1.0156524016141173
2008-11-13,1.022012689612639
2008-11-14,1.023911446983778
2008-11-17,1.0249430128433377
2008-11-18,1.0179648791483704
2008-11-19,1.018619790349757
2008-11-20,1.0151546384532986
2008-11-21,1.013157417265368
2008-11-24,1.00756944152294
2008-11-25,1.007258038997091
2008-11-26,1.010084796427119
2008-11-27,1.0160812780541442
2008-11-28,1.011671458361918
2008-12-01,1.0081088244865941
2008-12-02,1.007212769867731
2008-12-03,1.0110893187564638
2008-12-04,1.0113413804378826
2008-12-05,1.0146922651630956
2008-12-08,1.016859908490145
2008-12-09,1.0133350786375337
2008-12-10,1.0173049963777607
2008-12-11,1.0171220830720515
2008-12-12,1.0190940397911699
2008-12-15,1.021543538043756
2008-12-16,1.0234176839371172
2008-12-17,1.0293583246156268
2008-12-18,1.0340225339604414
2008-12-19,1.037141799640367
2008-12-22,1.037380309677584
2008-12-23,1.0338438276050153
2008-12-24,1.0343996482932674
2008-12-25,1.0343542790579037
2008-12-26,1.0357136407358893
2008-12-29,1.0373060996734162
2008-12-30,1.0402503321005845
2008-12-31,1.04209723924941
2009-01-05,1.0438096720585228
2009-01-06,1.0499941272923645
2009-01-07,1.0477344272435942
2009-01-08,1.0443680675436746
2009-01-09,1.043947807349598
2009-01-12,1.0443185328835647
2009-01-13,1.03631561491488
2009-01-14,1.0402208638009283
2009-01-15,1.0361806857369988
2009-01-16,1.033596587155065
2009-01-19,1.0352287728145413
2009-01-20,1.0320797361150198
2009-01-21,1.0282561158163293
2009-01-22,1.0290177958707967
2009-01-23,1.0270141570316047
2009-02-02,1.0187784931101123
2009-02-03,1.0174917423556058
2009-02-04,1.0188615633940197
2009-02-05,1.0150484310892478
2009-02-06,1.0210929672090079
2009-02-09,1.0247620612355535
2009-02-10,1.0246765824326405
2009-02-11,1.0226451590919814
2009-02-12,1.0209187344461952
2009-02-13,1.02543453734112
2009-02-16,1.0253873592950657
2009-02-17,1.0244265411452709
2009-02-18,1.0168122693106008
2009-02-19,1.0161436340073258
2009-02-20,1.0144944716849598
2009-02-23,1.0185555495767995
2009-02-24,1.0144034874786565
2009-02-25,1.017730243644016
2009-02-26,1.0158666295028798
2009-02-27,1.013549956706999
2009-03-02,1.0138866194326939
2009-03-03,1.0126289925511447
2009-03-04,1.0170461259232055
2009-03-05,1.0196545922937974
2009-03-06,1.0192772203655267
2009-03-09,1.016230473924692
2009-03-10,1.019162778010392
2009-03-11,1.0220242273350904
2009-03-12,1.0241760717752313
2009-03-13,1.022971083811056
2009-03-16,1.0268354554253687
2009-03-17,1.0269051413826997
2009-03-18,1.0267438835594858
2009-03-19,1.0284485409467188
2009-03-20,1.0298412634295797
2009-03-23,1.0350513264722236
2009-03-24,1.0339003699270108
2009-03-25,1.0295381854760566
2009-03-26,1.033600098014542
2009-03-27,1.0333153117895004
2009-03-30,1.030666991853136
2009-03-31,1.0339921944637485
2009-04-01,1.0356175645683925
2009-04-02,1.0398163509748586
2009-04-03,1.0409087470478249
2009-04-07,1.0430118230888066
2009-04-08,1.0388801874977553
2009-04-09,1.0416989537682735
2009-04-10,1.044562937428908
2009-04-13,1.043201985962929
2009-04-14,1.045156816226466
2009-04-15,1.043044919583485
2009-04-16,1.044955368065679
2009-04-17,1.0467274053033477
2009-04-20,1.0486391585334576
2009-04-21,1.0491402347729901
2009-04-22,1.0421878198823635
2009-04-23,1.0411517390671654
2009-04-24,1.0389936101521333
2009-04-27,1.0361599488350002
2009-04-28,1.0370411669816932
2009-04-29,1.0394309070889995
2009-04-30,1.0407346722181614
2009-05-04,1.0432824504271991
2009-05-05,1.0419162144171572
2009-05-06,1.0439758185801538
2009-05-07,1.043876936104749
2009-05-08,1.047193001414508
2009-05-11,1.044643636745981
2009-05-12,1.0442470301043456
2009-05-13,1.0477891722905028
2009-05-14,1.0493701000070794
2009-05-15,1.0484517203956347
2009-05-18,1.0476121877339968
2009-05-19,1.0497767206026722
2009-05-20,1.0500761420045441
2009-05-21,1.050547555102722
2009-05-22,1.0498151453968279
2009-05-25,1.0496639074954959
2009-05-26,1.0467455009237154
2009-05-27,1.0485314402737809
2009-06-01,1.0531169549635995
2009-06-02,1.0521687530367547
2009-06-03,1.0530719640531347
2009-06-04,1.0534684010987965
2009-06-05,1.054365937158787
2009-06-08,1.0559957202676244
2009-06-09,1.0567418953040766
2009-06-10,1.0568824002330475
2009-06-11,1.0545859870541814
2009-06-12,1.0535607352614274
2009-06-15,1.0539979746803871
2009-06-16,1.0529777524152046
2009-06-17,1.054384016223373
2009-06-18,1.0552680814628193
2009-06-19,1.0563007056498757
2009-06-22,1.0584205738762422
2009-06-23,1.057392842648246
2009-06-24,1.0588495544273748
2009-06-25,1.059792146370081
2009-06-26,1.061898230476675
2009-06-29,1.0642279666723307
2009-06-30,1.0670772753915556
2009-07-01,1.0677785429737676
2009-07-02,1.0694148018128387
2009-07-03,1.070254549571049
2009-07-06,1.0692762561504483
2009-07-07,1.069226205767973
2009-07-08,1.0694160907499968
2009-07-09,1.0697385543902993
2009-07-10,1.0712650185800934
2009-07-13,1.0711416482368372
2009-07-14,1.073351741337447
2009-07-15,1.0747540911375075
2009-07-16,1.0729104609193032
2009-07-17,1.0713828404676038
2009-07-20,1.0719260214577961
2009-07-21,1.0706693505936018
2009-07-22,1.0712237580935937
2009-07-23,1.0730907004566084
2009-07-24,1.0746005415501259
2009-07-27,1.0756034637552079
2009-07-28,1.0761193082492428
2009-07-29,1.0740830066894906
2009-07-30,1.0771226890640675
2009-07-31,1.0806258365163255
2009-08-03,1.0817232318640737
2009-08-04,1.082818325684594
2009-08-05,1.0844348453283492
2009-08-06,1.082984629472981
2009-08-07,1.0804486426543332
2009-08-10,1.081978280866822
2009-08-11,1.0827035016086786
2009-08-12,1.0799112998010245
2009-08-13,1.0825669037113455
2009-08-14,1.081465856426766
2009-08-17,1.078438121275827
2009-08-18,1.0794637823319386
2009-08-19,1.0779356721786721
2009-08-20,1.0796859460262436
2009-08-21,1.0804698506654085
2009-08-24,1.082573332630934
2009-08-25,1.0799340877844945
2009-08-26,1.080490831910074
2009-08-27,1.0814997391993755
2009-08-28,1.0805019897555206
2009-08-31,1.0780638097460515
2009-09-01,1.0784747679378845
2009-09-02,1.0771584952292843
2009-09-03,1.0799057422127052
2009-09-04,1.08008388972481
2009-09-07,1.0789609959739013
2009-09-08,1.0795690691672273
2009-09-09,1.0793096664339827
2009-09-10,1.0786985986626891
2009-09-11,1.0791059308714708
2009-09-14,1.0794004582939163
2009-09-15,1.0800966246311807
2009-09-16,1.080301739775139
2009-09-17,1.0809080470053705
2009-09-18,1.0796757839711761
2009-09-21,1.0781703909832336
2009-09-22,1.076448372814245
2009-09-23,1.0744612575399763
2009-09-24,1.0749085006397225
2009-09-25,1.0742150979610026
2009-09-28,1.0748648261645053
2009-09-29,1.0754369097693275
2009-09-30,1.076139672078717
2009-10-09,1.0790554189957622
2009-10-12,1.0793028391066481
2009-10-13,1.0792385202013295
2009-10-14,1.079445735308799
2009-10-15,1.0792218621799237
2009-10-16,1.0796205133335601
2009-10-19,1.080832680422118
2009-10-20,1.0811037608826486
2009-10-21,1.0806869826536525
2009-10-22,1.0810387874862155
2009-10-23,1.082374923173174
2009-10-26,1.082607945124688
2009-10-27,1.080812531520028
2009-10-28,1.0801895237377295
2009-10-29,1.079196939633121
2009-10-30,1.080502917949008
2009-11-02,1.08140803290763
2009-11-03,1.080126896038928
2009-11-04,1.0802913989795175
2009-11-05,1.0803151493260186
2009-11-06,1.0814326301262616
2009-11-09,1.0816681505156798
2009-11-10,1.0816929946411626
2009-11-11,1.0818907756510296
2009-11-12,1.0813926315253113
2009-11-13,1.0819472080439843
2009-11-16,1.0820406051738638
2009-11-17,1.08245863768686
2009-11-18,1.083722198590546
2009-11-19,1.0839894473025211
2009-11-20,1.0834979653344432
2009-11-23,1.084337488574814
2009-11-24,1.082803039149814
2009-11-25,1.0833418674148911
2009-11-26,1.0827332443591189
2009-11-27,1.0824428208094214
2009-11-30,1.0834047098548976
2009-12-01,1.0833708341756552
2009-12-02,1.0846679311887293
2009-12-03,1.0846756024036575
2009-12-04,1.0846312649076522
2009-12-07,1.084627567930851
2009-12-08,1.08347329613337
2009-12-09,1.0833203584505497
2009-12-10,1.0835781000064773
2009-12-11,1.0831797198616013
2009-12-14,1.0823143721900987
2009-12-15,1.082266769002613
2009-12-16,1.0830843207375915
2009-12-17,1.083258777389765
2009-12-18,1.0827211641174206
2009-12-21,1.0816162017980595
2009-12-22,1.081011321892809
2009-12-23,1.0822241597618087
2009-12-24,1.0826876975654338
2009-12-25,1.082606409882507
2009-12-28,1.0832760321163155
2009-12-29,1.0832492900216244
2009-12-30,1.0837428689668405
2009-12-31,1.0850091277944378
2010-01-04,1.084321540779404
2010-01-05,1.0853105854835816
2010-01-06,1.08547183776246
2010-01-07,1.085073848191385
2010-01-08,1.084757065347096
2010-01-11,1.0840332737644593
2010-01-12,1.083896800828234
2010-01-13,1.081880183733373
2010-01-14,1.0831128741584175
2010-01-15,1.0829428918324966
2010-01-18,1.0832264300625194
2010-01-19,1.0834662711812741
2010-01-20,1.0826052688017984
2010-01-21,1.0831833000151008
2010-01-22,1.083040661272338
2010-01-25,1.0834713388666708
2010-01-26,1.0837779787123196
2010-01-27,1.0839231567893741
2010-01-28,1.0835649267680643
2010-01-29,1.0837035663681533
2010-02-01,1.083585698799763
2010-02-02,1.0845883755065284
2010-02-03,1.086888779636531
2010-02-04,1.0857716307749647
2010-02-05,1.0862105949207985
2010-02-08,1.0874965424294234
2010-02-09,1.088394219657096
2010-02-10,1.0880408285922036
2010-02-11,1.0882442802051975
2010-02-12,1.0887577278315799
2010-02-22,1.0873923105752241
2010-02-23,1.087926782409708
2010-02-24,1.088822584458326
2010-02-25,1.0896538647399288
2010-02-26,1.091706141681913
2010-03-01,1.091384202656735
2010-03-02,1.091813611423599
2010-03-03,1.0926444605866992
2010-03-04,1.092412364473549
2010-03-05,1.0925723300916026
2010-03-08,1.094430977983019
2010-03-09,1.0957101177928328
2010-03-10,1.095647405504803
2010-03-11,1.0949072541604536
2010-03-12,1.0940479104102527
2010-03-15,1.0933231301069362
2010-03-16,1.0938967302773634
2010-03-17,1.0959035648774984
2010-03-18,1.0965285926114894
2010-03-19,1.0951505542800144
2010-03-22,1.0952304298871425
2010-03-23,1.0956389500689259
2010-03-24,1.09589940237732
2010-03-25,1.0959103643901993
2010-03-26,1.0962243618763272
2010-03-29,1.0962710359069512
2010-03-30,1.0946466515678601
2010-03-31,1.0960150180813526
2010-04-01,1.0957005112686875
2010-04-02,1.0956801517040835
2010-04-06,1.095106749855573
2010-04-07,1.0944280019192636
2010-04-08,1.0948324944668222
2010-04-09,1.0964221570501216
2010-04-12,1.0978669240357708
2010-04-13,1.0989568089152022
2010-04-14,1.100024306705342
2010-04-15,1.0998456724009775
2010-04-16,1.1006712736827637
2010-04-19,1.0992506860522122
2010-04-20,1.1002092043406508
2010-04-21,1.1007298113149258
2010-04-22,1.1008499351157333
2010-04-23,1.1010315309787932
2010-04-26,1.1021146130022317
2010-04-27,1.1017679661018867
2010-04-28,1.1020625235249406
2010-04-29,1.1011481825518665
2010-04-30,1.101655292136089
2010-05-04,1.1007649561439594
2010-05-05,1.1004068047452493
2010-05-06,1.099583101549551
2010-05-07,1.0996177696944838
2010-05-10,1.1006940304564723
2010-05-11,1.0985616346145803
2010-05-12,1.0999638294425018
2010-05-13,1.1020870758643908
2010-05-14,1.1023905187441099
2010-05-17,1.0998095450262573
2010-05-18,1.1014159430607882
2010-05-19,1.1012367685480362
2010-05-20,1.0996651995385809
2010-05-21,1.1002131999592593
2010-05-24,1.101097247273035
2010-05-25,1.0987369099785849
2010-05-26,1.0993186564716622
2010-05-27,1.0995629306569494
2010-05-28,1.0996965843010431
2010-05-31,1.0995817099251683
2010-06-01,1.099291784930684
2010-06-02,1.0997892200646744
2010-06-03,1.0992500727670809
2010-06-04,1.0997018096916709
2010-06-07,1.098448933752019
2010-06-08,1.098213407809545
2010-06-09,1.0983299486660898
2010-06-10,1.0974683743959626
2010-06-11,1.095905966912456
2010-06-17,1.095647229539375
2010-06-18,1.0924660787941631
2010-06-21,1.0945576473851646
2010-06-22,1.0943866787925551
2010-06-23,1.093892571561473
2010-06-24,1.094081262239981
2010-06-25,1.0936241740105097
2010-06-28,1.0945711182635944
2010-06-29,1.094472397973921
2010-06-30,1.095415957810575
2010-07-01,1.0946311144177372
2010-07-02,1.0964499053386914
2010-07-05,1.0951954749112303
2010-07-06,1.0975131777962162
2010-07-07,1.0972641001751862
2010-07-08,1.0968514612060551
2010-07-09,1.0984563787286266
2010-07-12,1.0994858010021902
2010-07-13,1.099023855479472
2010-07-14,1.099577288162645
2010-07-15,1.0991495791605417
2010-07-16,1.0998885298921266
2010-07-19,1.101709208075131
2010-07-20,1.102074912578861
2010-07-21,1.101974339675369
2010-07-22,1.1034605386783622
2010-07-23,1.104860917028534
2010-07-26,1.104515640761943
2010-07-27,1.1040326560001212
2010-07-28,1.10597716065457
2010-07-29,1.1072013837723482
2010-07-30,1.1077420450039572
2010-08-02,1.108510763246071
2010-08-03,1.1078034485992418
2010-08-04,1.107968673239092
2010-08-05,1.1088886417202073
2010-08-06,1.108515979805637
2010-08-09,1.1105424984836774
2010-08-10,1.1100497653113808
2010-08-11,1.1100875790129359
2010-08-12,1.1083450759124576
2010-08-13,1.1099879033612332
2010-08-16,1.110178378195587
2010-08-17,1.1090414874393812
2010-08-18,1.1081360745378357
2010-08-19,1.1080328443941185
2010-08-20,1.1055068964947847
2010-08-23,1.1051290166489907
2010-08-24,1.1046544555597229
2010-08-25,1.1031085285753832
2010-08-26,1.1032016643161289
2010-08-27,1.103646315227465
2010-08-30,1.1041606490108866
2010-08-31,1.1031627150152965
2010-09-01,1.1036150592651568
2010-09-02,1.1043135932485735
2010-09-03,1.1049872693363754
2010-09-06,1.1054996039447098
2010-09-07,1.1052906961336513
2010-09-08,1.1071647221723513
2010-09-09,1.1071212724399662
2010-09-10,1.1088094872128946
2010-09-13,1.1090495387643953
2010-09-14,1.109746203133291
2010-09-15,1.1098229410810458
2010-09-16,1.1095587670568867
2010-09-17,1.1109400716836086
2010-09-20,1.1118237056307116
2010-09-21,1.1119654736965778
2010-09-27,1.112963142332013
2010-09-28,1.1127731142140904
2010-09-29,1.1128555714847461
2010-09-30,1.1140780486372022
2010-10-08,1.1180652714852661
2010-10-11,1.119207269011074
2010-10-12,1.1200088406181246
2010-10-13,1.1209301699553598
2010-10-14,1.1215973456167525
2010-10-15,1.1230936720132363
2010-10-18,1.1230569456258366
2010-10-19,1.1240811583584773
2010-10-20,1.1190417039028666
2010-10-21,1.118057246547847
2010-10-22,1.118982969567016
2010-10-25,1.121212852535794
2010-10-26,1.1208421437935157
2010-10-27,1.1193819101808062
2010-10-28,1.119263362581012
2010-10-29,1.11892106403726
2010-11-01,1.119967372491034
2010-11-02,1.119643364348381
2010-11-03,1.1179971027545044
2010-11-04,1.119223945834239
2010-11-05,1.120989274617471
2010-11-08,1.1210275477988134
2010-11-09,1.120239217615088
2010-11-10,1.1176020876125665
2010-11-11,1.1168008428969873
2010-11-12,1.1113482866660325
2010-11-15,1.110227248132978
2010-11-16,1.1092992668920534
2010-11-17,1.1079458258623152
2010-11-18,1.111391921201464
2010-11-19,1.1129601668632874
2010-11-22,1.1087276013641707
2010-11-23,1.106079673120561
2010-11-24,1.1070700793955988
2010-11-25,1.1061738450923007
2010-11-26,1.1049753550138173
2010-11-29,1.1054350408556843
2010-11-30,1.1055166204437519
2010-12-01,1.1075402901312883
2010-12-02,1.1101740191389309
2010-12-03,1.1098112321465832
2010-12-06,1.1113297485304778
2010-12-07,1.114292031744194
2010-12-08,1.112863658380148
2010-12-09,1.1135733147012514
2010-12-10,1.113496787613245
2010-12-13,1.1158247596053708
2010-12-14,1.1166723257690288
2010-12-15,1.116425559577226
2010-12-16,1.1165806382215981
2010-12-17,1.1175494186721187
2010-12-20,1.118275487216122
2010-12-21,1.1187681808376413
2010-12-22,1.1170934193534843
2010-12-23,1.1154015247214877
2010-12-24,1.1138691206274114
2010-12-27,1.1103564807761221
2010-12-28,1.1102488738920826
2010-12-29,1.1109341119870626
2010-12-30,1.1113016119591244
2010-12-31,1.1110885117565281
2011-01-04,1.1140187652307563
2011-01-05,1.1159603240941198
2011-01-06,1.1191433498244718
2011-01-07,1.12001637712435
2011-01-10,1.1190102889379792
2011-01-11,1.1190174402055253
2011-01-12,1.11939307235063
2011-01-13,1.1197759646163934
2011-01-14,1.1200832044413187
2011-01-17,1.1207649907338315
2011-01-18,1.119791806391204
2011-01-19,1.1222942202248265
2011-01-20,1.119766594075119
2011-01-21,1.11917205729187
2011-01-24,1.1187054139222958
2011-01-25,1.1182555866930532
2011-01-26,1.1183762820351915
2011-01-27,1.119657090871221
2011-01-28,1.120505884013341
2011-01-31,1.1193069035772438
2011-02-01,1.1185185661520127
2011-02-09,1.1186835467406326
2011-02-10,1.1206505340197688
2011-02-11,1.1218822868465594
2011-02-14,1.1247556783069577
2011-02-15,1.125062182745414
2011-02-16,1.1249788880748515
2011-02-17,1.1236293895872675
2011-02-18,1.124674190866731
2011-02-21,1.1245193865379723
2011-02-22,1.1226232885116552
2011-02-23,1.1215944150379533
2011-02-24,1.1238267833599327
2011-02-25,1.1248553420348166
2011-02-28,1.1257339130982928
2011-03-01,1.1251158394948453
2011-03-02,1.1252708685619839
2011-03-03,1.1243655907851604
2011-03-04,1.124519380793525
2011-03-07,1.1255896442613804
2011-03-08,1.1248803625320858
2011-03-09,1.124797783763351
2011-03-10,1.1216120756257861
2011-03-11,1.1210844682454812
2011-03-14,1.1225277371300422
2011-03-15,1.1219582907116308
2011-03-16,1.1231039787102153
2011-03-17,1.1229273187053663
2011-03-18,1.1237284120722115
2011-03-21,1.1240071889429164
2011-03-22,1.123323421361871
2011-03-23,1.124305975385822
2011-03-24,1.1252543220505222
2011-03-25,1.126122671182252
2011-03-28,1.1253730419756076
2011-03-29,1.124188137705416
2011-03-30,1.1230914620797168
2011-03-31,1.125617224120183
2011-04-01,1.125827154978152
2011-04-06,1.125833117102735
2011-04-07,1.1274137951614354
2011-04-08,1.128493088133688
2011-04-11,1.1281945083675684
2011-04-12,1.1290744330937088
2011-04-13,1.1296946306036841
2011-04-14,1.129511234574101
2011-04-15,1.1282687301634748
2011-04-18,1.1269999351372926
2011-04-19,1.126379944222373
2011-04-20,1.1277422058752469
2011-04-21,1.1305825459460772
2011-04-22,1.1315823772577704
2011-04-25,1.1306487998640227
2011-04-26,1.130033539290759
2011-04-27,1.1288037487313252
2011-04-28,1.1304442375751242
2011-04-29,1.1283468143905557
2011-05-03,1.1274097891928085
2011-05-04,1.1263852579181008
2011-05-05,1.126574420278669
2011-05-06,1.125363108630735
2011-05-09,1.1275455220240826
2011-05-10,1.12796093120639
2011-05-11,1.1274531985858023
2011-05-12,1.1269720747187517
2011-05-13,1.1254078232901237
2011-05-16,1.1247613085982628
2011-05-17,1.1245622839712242
2011-05-18,1.1233611969879458
2011-05-19,1.1232055688759712
2011-05-20,1.122562354880602
2011-05-23,1.120599483492447
2011-05-24,1.1194109556555398
2011-05-25,1.119286171674219
2011-05-26,1.1175552096802686
2011-05-27,1.1190452775288067
2011-05-30,1.1197526449745052
2011-05-31,1.1211993784378027
2011-06-01,1.121253168250027
2011-06-02,1.1199256137057723
2011-06-03,1.121990623773856
2011-06-07,1.1230781168533803
2011-06-08,1.1228569086703042
2011-06-09,1.1213839264377683
2011-06-10,1.1206400168730162
2011-06-13,1.1181498198086464
2011-06-14,1.1178981083691268
2011-06-15,1.1159470846603545
2011-06-16,1.1141948583866277
2011-06-17,1.1138362461334967
2011-06-20,1.1144011027909932
2011-06-21,1.1155592169879174
2011-06-22,1.1142774527647297
2011-06-23,1.1148536983346373
2011-06-24,1.1166076816575852
2011-06-27,1.1171589550326984
2011-06-28,1.1189155933031536
2011-06-29,1.118160675970652
2011-06-30,1.118724517788812
2011-07-01,1.1200258033652164
2011-07-04,1.1214327284165317
2011-07-05,1.121005947917086
2011-07-06,1.121984850006964
2011-07-07,1.1220203549344663
2011-07-08,1.1214567635187842
2011-07-11,1.1209081224244426
2011-07-12,1.121449147079232
2011-07-13,1.123625395057876
2011-07-14,1.1224066334580556
2011-07-15,1.1231460351844729
2011-07-18,1.1214226111890442
2011-07-19,1.1204724549198921
2011-07-20,1.1179823566430807
2011-07-21,1.1152093962854202
2011-07-22,1.1160786744609044
2011-07-25,1.112928461671333
2011-07-26,1.1147837455099983
2011-07-27,1.114823780468338
2011-07-28,1.114189901487771
2011-07-29,1.1136418706407638
2011-08-01,1.113806642879814
2011-08-02,1.1112373593132736
2011-08-03,1.110144354861756
2011-08-04,1.1094583535117428
2011-08-05,1.1087065997296641
2011-08-08,1.108358749011386
2011-08-09,1.1062866457473646
2011-08-10,1.1085257947839788
2011-08-11,1.111403888832987
2011-08-12,1.111413531893476
2011-08-15,1.1130731965037304
2011-08-16,1.1131492693868472
2011-08-17,1.1120394627739798
2011-08-18,1.1112325173845907
2011-08-19,1.1092377004290017
2011-08-22,1.1079106583596465
2011-08-23,1.1074282219141145
2011-08-24,1.1067645305713671
2011-08-25,1.106468113293278
2011-08-26,1.1071031198806447
2011-08-29,1.1035591749548064
2011-08-30,1.1024646560202462
2011-08-31,1.1021812881041995
2011-09-01,1.1024812288303192
2011-09-02,1.1024204849410886
2011-09-05,1.1020883182115715
2011-09-06,1.1016485003438994
2011-09-07,1.1032055009120958
2011-09-08,1.1029232106899618
2011-09-09,1.102990476578235
2011-09-13,1.1015978191813212
2011-09-14,1.102595417189133
2011-09-15,1.1024510033318295
2011-09-16,1.1033891746287343
2011-09-19,1.0992800976540882
2011-09-20,1.1004797938512931
2011-09-21,1.101653899698205
2011-09-22,1.0985948257341773
2011-09-23,1.0980989266219998
2011-09-26,1.0964956703788198
2011-09-27,1.0991269736651201
2011-09-28,1.0983590266390209
2011-09-29,1.0982674822059884
2011-09-30,1.0998540277803919
2011-10-10,1.1028403501100672
2011-10-11,1.1050041920743519
2011-10-12,1.1092995374307262
2011-10-13,1.1102471514195433
2011-10-14,1.1109399690276434
2011-10-17,1.1116027787673641
2011-10-18,1.1108266236598467
2011-10-19,1.1108888653084201
2011-10-20,1.111001122149504
2011-10-21,1.1105506087499406
2011-10-24,1.1140477370307846
2011-10-25,1.114294228529319
2011-10-26,1.1161734707683968
2011-10-27,1.1146707937109905
2011-10-28,1.1158433007031994
2011-10-31,1.1143807009825155
2011-11-01,1.1145191643792391
2011-11-02,1.1152990546180468
2011-11-03,1.1144038677074544
2011-11-04,1.114882784939605
2011-11-07,1.1150006624422446
2011-11-08,1.1148123799503276
2011-11-09,1.1160583840693639
2011-11-10,1.1174847374635886
2011-11-11,1.1194331412128662
2011-11-14,1.1208696310941673
2011-11-15,1.1187893207978776
2011-11-16,1.11645328360224
2011-11-17,1.115604076826798
2011-11-18,1.1138519244960814
2011-11-21,1.114508237011462
2011-11-22,1.114845077400164
2011-11-23,1.1150359228972202
2011-11-24,1.114223808209771
2011-11-25,1.1136565585417582
2011-11-28,1.1149949077934305
2011-11-29,1.1159000098113554
2011-11-30,1.1160320682249605
2011-12-01,1.1218781599871823
2011-12-02,1.1235325666844564
2011-12-05,1.126401565357089
2011-12-06,1.1263321730930127
2011-12-07,1.1267256289173886
2011-12-08,1.1264036925699745
2011-12-09,1.125146629176138
2011-12-12,1.1241825995998085
2011-12-13,1.1194422580903056
2011-12-14,1.1188359388626214
2011-12-15,1.1149371871122393
2011-12-16,1.1174923763221087
2011-12-19,1.1169282028583318
2011-12-20,1.1184676783810135
2011-12-21,1.1176119440499745
2011-12-22,1.1159342460709525
2011-12-23,1.1201434303315534
2011-12-26,1.118389199148829
2011-12-27,1.117298733342923
2011-12-28,1.116897002147967
2011-12-29,1.1184942087467746
2011-12-30,1.1200115670953765
2012-01-04,1.122359588059725
2012-01-05,1.1221225393532743
2012-01-06,1.1236463550971043
2012-01-09,1.1266253724542556
2012-01-10,1.1292272909317602
2012-01-11,1.1306677343332605
2012-01-12,1.1328020864477681
2012-01-13,1.1314016791107886
2012-01-16,1.1303198708268964
2012-01-17,1.1342374616832063
2012-01-18,1.1316026440312799
2012-01-19,1.1346541050340977
2012-01-20,1.1377927288736398
2012-01-30,1.137550255058405
2012-01-31,1.1361954922994009
2012-02-01,1.1340694683148649
2012-02-02,1.1350393728662405
2012-02-03,1.1360156901985772
2012-02-06,1.1376861854013454
2012-02-07,1.137545925696975
2012-02-08,1.1385225880795846
2012-02-09,1.1372911430578585
2012-02-10,1.1362525697589076
2012-02-13,1.1366168977998177
2012-02-14,1.1367009290764658
2012-02-15,1.1378615505329532
2012-02-16,1.1357854542489696
2012-02-17,1.1353860418104726
2012-02-20,1.1355350260195345
2012-02-21,1.1337347935152733
2012-02-22,1.135369677617988
2012-02-23,1.1342174554484103
2012-02-24,1.1346625536465127
2012-02-27,1.1345433338219566
2012-02-28,1.1369860338070954
2012-02-29,1.1349320692941873
2012-03-01,1.1338745243960353
2012-03-02,1.1349516747098967
2012-03-05,1.1351252268822836
2012-03-06,1.134332575035725
2012-03-07,1.1325972394967854
2012-03-08,1.1326821508219602
2012-03-09,1.135137436075216
2012-03-12,1.1341474524080866
2012-03-13,1.1360263392229497
2012-03-14,1.1306293390495585
2012-03-15,1.1302296377696153
2012-03-16,1.1288293466806032
2012-03-19,1.1294333892091926
2012-03-20,1.1308225950359032
2012-03-21,1.1298171860207622
2012-03-22,1.1305788733262567
2012-03-23,1.130877772470637
2012-03-26,1.1307265659939298
2012-03-27,1.1319935892794792
2012-03-28,1.1311314972858584
2012-03-29,1.129975692589883
2012-03-30,1.1265728378252347
2012-04-05,1.1270569401363995
2012-04-06,1.1253638135198762
2012-04-09,1.125310035796703
2012-04-10,1.1247613776872225
2012-04-11,1.1249161241589325
2012-04-12,1.129105823356537
2012-04-13,1.128331121837187
2012-04-16,1.126126396890723
2012-04-17,1.1242517367993732
2012-04-18,1.124447497512477
2012-04-19,1.1268385643520875
2012-04-20,1.1267465952119509
2012-04-23,1.1257238619181251
2012-04-24,1.1260222893484857
2012-04-25,1.1286682304991036
2012-04-26,1.1282787997374828
2012-04-27,1.129076113107635
2012-05-02,1.1315251177300096
2012-05-03,1.1321972747455555
2012-05-04,1.134327762219142
2012-05-07,1.1340427652482714
2012-05-08,1.134865536966402
2012-05-09,1.1332362834292065
2012-05-10,1.1334430122366475
2012-05-11,1.1328790064587422
2012-05-14,1.1315011622658442
2012-05-15,1.1338515663570856
2012-05-16,1.132935654593583
2012-05-17,1.1359525930152727
2012-05-18,1.1342765036867253
2012-05-21,1.1315451830133663
2012-05-22,1.1310788922474093
2012-05-23,1.1293965025894634
2012-05-24,1.1307233344332983
2012-05-25,1.1338030771879322
2012-05-28,1.1339228244578197
2012-05-29,1.1344008422945122
2012-05-30,1.1333490974700415
2012-05-31,1.132098818490289
2012-06-01,1.1303450564255895
2012-06-04,1.1269788951822683
2012-06-05,1.128909076918672
2012-06-06,1.131593701523788
2012-06-07,1.131184237763788
2012-06-08,1.1305988979647987
2012-06-11,1.1313956954228177
2012-06-12,1.1282356761556802
2012-06-13,1.1282946787231662
2012-06-14,1.127757960510601
2012-06-15,1.1299100216450602
2012-06-18,1.1305613552081821
2012-06-19,1.1323548682258302
2012-06-20,1.1326604445255548
2012-06-21,1.128833920365019
2012-06-25,1.1274805126196126
2012-06-26,1.1267600362022538
2012-06-27,1.126355961872334
2012-06-28,1.1270983590921133
2012-06-29,1.1288800856289172
2012-07-02,1.1294482293234718
2012-07-03,1.1315269155449073
2012-07-04,1.1321707954549638
2012-07-05,1.1320000850934289
2012-07-06,1.1320566709351771
2012-07-09,1.1308632013919024
2012-07-10,1.1303032454709199
2012-07-11,1.1312529791747774
2012-07-12,1.1313317362034399
2012-07-13,1.1326686485909871
2012-07-16,1.1322291580796082
2012-07-17,1.129804923284159
2012-07-18,1.1308744575770686
2012-07-19,1.1310185592339765
2012-07-20,1.1297405207799027
2012-07-23,1.1274774155544882
2012-07-24,1.1269280642248651
2012-07-25,1.128196623654171
2012-07-26,1.1292538729908423
2012-07-27,1.1297449015803225
2012-07-30,1.1303255475769658
2012-07-31,1.130055499484933
2012-08-01,1.1303690794529797
2012-08-02,1.130293368750334
2012-08-03,1.1292977820065027
2012-08-06,1.1299828356289365
2012-08-07,1.12970370057193
2012-08-08,1.13133778158279
2012-08-09,1.1342900855937428
2012-08-10,1.13264876262237
2012-08-13,1.132510888870219
2012-08-14,1.1314970575053538
2012-08-15,1.1320848766308946
2012-08-16,1.1319397824603576
2012-08-17,1.1313943342879687
2012-08-20,1.1306722191094405
2012-08-21,1.1306167099642566
2012-08-22,1.1276763080575734
2012-08-23,1.1268087480585427
2012-08-24,1.1260284686838966
2012-08-27,1.1254181291207919
2012-08-28,1.1250250742091745
2012-08-29,1.1247108526393128
2012-08-30,1.122914477856014
2012-08-31,1.122506037507776
2012-09-03,1.1247833915145917
2012-09-04,1.1262259482996257
2012-09-05,1.1256275337394563
2012-09-06,1.1259606092058954
2012-09-07,1.1294048762994437
2012-09-10,1.1297676293844394
2012-09-11,1.1310547627592877
2012-09-12,1.1305848291236955
2012-09-13,1.1299309940511777
2012-09-14,1.1293872738525224
2012-09-17,1.1263208701329033
2012-09-18,1.1253600650765654
2012-09-19,1.1272644508112017
2012-09-20,1.1231832152058228
2012-09-21,1.1232136311509813
2012-09-24,1.1239764957169147
2012-09-25,1.1252252569375252
2012-09-26,1.1260503306893197
2012-09-27,1.1272934884367816
2012-09-28,1.129755573536221
2012-10-08,1.126339553118612
2012-10-09,1.1271802860410534
2012-10-10,1.128139239950974
2012-10-11,1.1265368156407736
2012-10-12,1.1264757959012084
2012-10-15,1.1265564483407016
2012-10-16,1.1270997611488018
2012-10-17,1.1268200142538654
2012-10-18,1.128346558343755
2012-10-19,1.127096145949277
2012-10-22,1.127542624987763
2012-10-23,1.1250039185883303
2012-10-24,1.1264063485919984
2012-10-25,1.1264840403539282
2012-10-26,1.1262975164106643
2012-10-29,1.126261246651759
2012-10-30,1.1270820545977673
2012-10-31,1.1275018389125833
2012-11-01,1.1302603638436235
2012-11-02,1.1306681323604504
2012-11-05,1.1295528865286315
2012-11-06,1.1291102217915432
2012-11-07,1.130330213709549
2012-11-08,1.1302403691806306
2012-11-09,1.1308959149744424
2012-11-12,1.1310206461961652
2012-11-13,1.1306843892419205
2012-11-14,1.1300000557489183
2012-11-15,1.129524163649628
2012-11-16,1.129592947472851
2012-11-19,1.1292569899112415
2012-11-20,1.1303366109590312
2012-11-21,1.1306030898073423
2012-11-22,1.1320079696447163
2012-11-23,1.1327605402951808
2012-11-26,1.1319680442622522
2012-11-27,1.1311061863010439
2012-11-28,1.1293608745594403
2012-11-29,1.1290902042852458
2012-11-30,1.1300828490557477
2012-12-03,1.1310227475272292
2012-12-04,1.131424037833393
2012-12-05,1.1330411925483859
2012-12-06,1.1348372016028705
2012-12-07,1.1356559946862734
2012-12-10,1.1362757712214109
2012-12-11,1.134162702440988
2012-12-12,1.134923180938887
2012-12-13,1.1339856505033818
2012-12-14,1.1368899414268652
2012-12-17,1.1372943239265316
2012-12-18,1.1376236655947845
2012-12-19,1.1383027754507862
2012-12-20,1.1368695429537679
2012-12-21,1.1360545247065286
2012-12-24,1.135802957023563
2012-12-25,1.136279572992434
2012-12-26,1.137121272094394
2012-12-27,1.1377117950569307
2012-12-28,1.137806115967708
2012-12-31,1.1400270776552957
2013-01-04,1.140485507193896
2013-01-07,1.1408028271899144
2013-01-08,1.1407480063193933
2013-01-09,1.1412148675133889
2013-01-10,1.141032833830599
2013-01-11,1.1394813150812821
2013-01-14,1.1418538172033066
2013-01-15,1.140852703776946
2013-01-16,1.1412604096683125
2013-01-17,1.141628774367104
2013-01-18,1.1432467053114708
2013-01-21,1.1434023686435777
2013-01-22,1.1437097282914102
2013-01-23,1.1439808302685386
2013-01-24,1.1437332912540377
2013-01-25,1.1452422708627832
2013-01-28,1.1462717317649798
2013-01-29,1.1456852368809989
2013-01-30,1.1465119757308186
2013-01-31,1.1475579668444058
2013-02-01,1.1484166117406656
2013-02-04,1.1499418990713102
2013-02-05,1.1496365230816739
2013-02-06,1.149566107244217
2013-02-07,1.1492813554324337
2013-02-08,1.1491891431097465
2013-02-18,1.1488537185190018
2013-02-19,1.148843854522351
2013-02-20,1.149921242320445
2013-02-21,1.1500191413703449
2013-02-22,1.1500865482542437
2013-02-25,1.1493140351962727
2013-02-26,1.147694541142246
2013-02-27,1.149203034117547
2013-02-28,1.1490460442640014
2013-03-01,1.1493677775916291
2013-03-04,1.1485544442167606
2013-03-05,1.1506344807599291
2013-03-06,1.1510225986415226
2013-03-07,1.1513628892512333
2013-03-08,1.1518995986120935
2013-03-11,1.1518079627498423
2013-03-12,1.1508522850982381
2013-03-13,1.1501158798736568
2013-03-14,1.1496894635732622
2013-03-15,1.1508771423640975
2013-03-18,1.1495087639637687
2013-03-19,1.1509053844508748
2013-03-20,1.1509635283642161
2013-03-21,1.15037770109365
2013-03-22,1.1502578297248793
2013-03-25,1.1503166831271048
2013-03-26,1.1496155869398188
2013-03-27,1.1491815887354497
2013-03-28,1.1480330747528666
2013-03-29,1.1477773768321187
2013-04-01,1.1478883923461272
2013-04-02,1.1496921184501334
2013-04-03,1.1499921642965067
2013-04-08,1.1521486453672725
2013-04-09,1.1529250193416856
2013-04-10,1.153210024087046
2013-04-11,1.1529830553039684
2013-04-12,1.1526919003794136
2013-04-15,1.1514893670727873
2013-04-16,1.1523373828456667
2013-04-17,1.151817493960867
2013-04-18,1.1513523770394298
2013-04-19,1.1512395666369155
2013-04-22,1.149243087216518
2013-04-23,1.1479961620284342
2013-04-24,1.1494038045474348
2013-04-25,1.1498224887536275
2013-04-26,1.149621337444223
2013-05-02,1.148893243636112
2013-05-03,1.151218335183201
2013-05-06,1.151517645420343
2013-05-07,1.1517577162484505
2013-05-08,1.1514328355071772
2013-05-09,1.151878643254309
2013-05-10,1.1531985595229937
2013-05-13,1.1536783054094908
2013-05-14,1.153039088415794
2013-05-15,1.1521929860933118
2013-05-16,1.152648530645225
2013-05-17,1.1545256636479961
2013-05-20,1.1546365373672671
2013-05-21,1.1555913932994917
2013-05-22,1.155954962250877
2013-05-23,1.1560201464440452
2013-05-24,1.1562176108733733
2013-05-27,1.1572665996797875
2013-05-28,1.1582026832647392
2013-05-29,1.1578493709676219
2013-05-30,1.1578440025800756
2013-05-31,1.1566058904721879
2013-06-03,1.1568429701992584
2013-06-04,1.156686553439229
2013-06-05,1.156222962288455
2013-06-06,1.1550819166618702
2013-06-07,1.1537809354365143
2013-06-13,1.152702107972559
2013-06-14,1.151890552516941
2013-06-17,1.1510276061443865
2013-06-18,1.1508937149436385
2013-06-19,1.1490586076914096
2013-06-20,1.141906387982579
2013-06-21,1.140694985816748
2013-06-24,1.138589849495307
2013-06-25,1.1396885451918428
2013-06-26,1.1423124674380671
2013-06-27,1.1436191543600873
2013-06-28,1.1451831072280574
2013-07-01,1.145781699543122
2013-07-02,1.1492101385322315
2013-07-03,1.1492525480002331
2013-07-04,1.1503234560964528
2013-07-05,1.1520118327089393
2013-07-08,1.149344786734244
2013-07-09,1.147936436281867
2013-07-10,1.1497665037491687
2013-07-11,1.1535332467695874
2013-07-12,1.1528329606401324
2013-07-15,1.1535352342735958
2013-07-16,1.1531492198133266
2013-07-17,1.151044271873571
2013-07-18,1.1499891110926572
2013-07-19,1.1494802829712478
2013-07-22,1.1496213269576674
2013-07-23,1.150726417450454
2013-07-24,1.1499986050766051
2013-07-25,1.1500620906998444
2013-07-26,1.1486062283972083
2013-07-29,1.1474826157040925
2013-07-30,1.1479772674385633
2013-07-31,1.1482398321999503
2013-08-01,1.1506603244797673
2013-08-02,1.1511397012385327
2013-08-05,1.1503859010474482
2013-08-06,1.148051002096844
2013-08-07,1.148377911447465
2013-08-08,1.1480996823701295
2013-08-09,1.148090736409171
2013-08-12,1.149652291678312
2013-08-13,1.1482625143040837
2013-08-14,1.1464811089030247
2013-08-15,1.1464188256050059
2013-08-16,1.1477646109896125
2013-08-19,1.1485520573377659
2013-08-20,1.1452640375568912
2013-08-21,1.1453527473010543
2013-08-22,1.1443024055274538
2013-08-23,1.1435874638333983
2013-08-26,1.1470743028324686
2013-08-27,1.147167217002465
2013-08-28,1.144800664024265
2013-08-29,1.1442575146097043
2013-08-30,1.1419394888124752
2013-09-02,1.144109525399642
2013-09-03,1.1454133727749534
2013-09-04,1.142838400390962
2013-09-05,1.1420050244509232
2013-09-06,1.1422546437716712
2013-09-09,1.1434213980071612
2013-09-10,1.1434678739038038
2013-09-11,1.14322836085111
2013-09-12,1.1428274823879985
2013-09-13,1.1425462715267498
2013-09-16,1.1424367608613266
2013-09-17,1.1406457061919473
2013-09-18,1.1401354483069432
2013-09-23,1.1430825135774831
2013-09-24,1.1437552917395555
2013-09-25,1.144551189532387
2013-09-26,1.146664914691867
2013-09-27,1.1464484051432926
2013-09-30,1.1472372338482961
2013-10-08,1.147214529708572
2013-10-09,1.1460326730759678
2013-10-10,1.1452728574288997
2013-10-11,1.146490286039789
2013-10-14,1.1471489657085672
2013-10-15,1.1468777551396758
2013-10-16,1.1445440866501908
2013-10-17,1.1419609437598544
2013-10-18,1.1426643337563882
2013-10-21,1.1417558093104228
2013-10-22,1.1405462030883802
2013-10-23,1.137413087986211
2013-10-24,1.136013161419435
2013-10-25,1.1339599046813762
2013-10-28,1.1331629260287293
2013-10-29,1.1315706424796712
2013-10-30,1.1336170904868537
2013-10-31,1.1330108289002798
2013-11-01,1.1356876917717664
2013-11-04,1.1349406746868362
2013-11-05,1.1342492378441427
2013-11-06,1.1315270887860418
2013-11-07,1.1304543324835465
2013-11-08,1.1298936262097201
2013-11-11,1.1274056384018258
2013-11-12,1.1279992782655222
2013-11-13,1.1259351561069453
2013-11-14,1.12670995289755
2013-11-15,1.1255694586100717
2013-11-18,1.1241684615395502
2013-11-19,1.1252082125783311
2013-11-20,1.1243254697378153
2013-11-21,1.1221252537456476
2013-11-22,1.1206057646952428
2013-11-25,1.12026312960379
2013-11-26,1.1205720426154815
2013-11-27,1.1210853739952849
2013-11-28,1.1218741485613466
2013-11-29,1.122808008174303
2013-12-02,1.124244960016205
2013-12-03,1.1247351840944102
2013-12-04,1.1242213741327707
2013-12-05,1.1238811764193561
2013-12-06,1.1242026047485045
2013-12-09,1.126311253281668
2013-12-10,1.1260340032616594
2013-12-11,1.125357711961155
2013-12-12,1.1256491575862357
2013-12-13,1.126171739652251
2013-12-16,1.1228685170034691
2013-12-17,1.1219697959154329
2013-12-18,1.1227731315344602
2013-12-19,1.1210526300532468
2013-12-20,1.1182624215998997
2013-12-23,1.1161416470106176
2013-12-24,1.117463792963978
2013-12-25,1.1177693708170973
2013-12-26,1.1171424931209002
2013-12-27,1.1205547727177654
2013-12-30,1.118707157490018
2013-12-31,1.1198686883839377
2014-01-02,1.1197541832281053
2014-01-03,1.1169654765351285
2014-01-06,1.1145586749257783
2014-01-07,1.1148557377789563
2014-01-08,1.1147387689677648
2014-01-09,1.1148205786383076
2014-01-10,1.1142432397730924
2014-01-13,1.1150368883961541
2014-01-14,1.1168438814035644
2014-01-15,1.116798647608217
2014-01-16,1.1168395318821454
2014-01-17,1.1167635824581823
2014-01-20,1.1163070041229424
2014-01-21,1.1157047375877387
2014-01-22,1.1188703667482576
2014-01-23,1.1188674888361212
2014-01-24,1.1181099474244698
2014-01-27,1.1175661239873735
2014-01-28,1.1159460792017846
2014-01-29,1.1169946712425198
2014-01-30,1.1162148467641468
2014-02-07,1.120319647691044
2014-02-10,1.1243570166608579
2014-02-11,1.1235689541070941
2014-02-12,1.1232501214024975
2014-02-13,1.1249309163063288
2014-02-14,1.12753173274105
2014-02-17,1.1274241207087916
2014-02-18,1.1256315284257268
2014-02-19,1.1262086709379227
2014-02-20,1.1252510645770752
2014-02-21,1.123799992286982
2014-02-24,1.1222685118811135
2014-02-25,1.1224050554727745
2014-02-26,1.12215961889268
2014-02-27,1.1210413388245881
2014-02-28,1.1216479169822746
2014-03-03,1.1240785810472642
2014-03-04,1.1215319788948654
2014-03-05,1.1219686710167327
2014-03-06,1.1218940993358115
2014-03-07,1.121639138240546
2014-03-10,1.1157494138248998
2014-03-11,1.1185844813778976
2014-03-12,1.1200959373299437
2014-03-13,1.121904123392856
2014-03-14,1.1207181887862334
2014-03-17,1.1215305971662222
2014-03-18,1.1198405578637576
2014-03-19,1.1206238044825374
2014-03-20,1.1201179608521743
2014-03-21,1.1212837257409007
2014-03-24,1.122616306758714
2014-03-25,1.1242312672887405
2014-03-26,1.1251896092803781
2014-03-27,1.1238612090660576
2014-03-28,1.1255299242964194
2014-03-31,1.1255388591810245
2014-04-01,1.125944962041745
2014-04-02,1.1262867709392164
2014-04-03,1.1243589892350714
2014-04-04,1.1259422309379286
2014-04-08,1.1274303196223008
2014-04-09,1.127064223650651
2014-04-10,1.1281144381739243
2014-04-11,1.129476530309612
2014-04-14,1.1306812432052913
2014-04-15,1.1303323961198548
2014-04-16,1.1299978264105415
2014-04-17,1.1325794542787435
2014-04-18,1.1321954016616407
2014-04-21,1.1304986554806193
2014-04-22,1.1310022255183305
2014-04-23,1.1298209712199991
2014-04-24,1.1299469478491966
2014-04-25,1.129200884908352
2014-04-28,1.1297534572958532
2014-04-29,1.1304059627165475
2014-04-30,1.1307924291627611
2014-05-05,1.1304232507554577
2014-05-06,1.1285008938962389
2014-05-07,1.1280032285842994
2014-05-08,1.1280778451757307
2014-05-09,1.1302997449892338
2014-05-12,1.1320367134642468
2014-05-13,1.1317262266330632
2014-05-14,1.1323130518757072
2014-05-15,1.1311101071942984
2014-05-16,1.1297043448614734
2014-05-19,1.130919688055703
2014-05-20,1.1315768489817966
2014-05-21,1.1325944610104262
2014-05-22,1.134622595689454
2014-05-23,1.1359840487068917
2014-05-26,1.1356802524974448
2014-05-27,1.135453438067401
2014-05-28,1.1340488262322652
2014-05-29,1.132734303569762
2014-05-30,1.135219634948351
2014-06-03,1.1334785539570769
2014-06-04,1.1335651901215715
2014-06-05,1.1341497298385304
2014-06-06,1.1319382203179438
2014-06-09,1.1309496925125853
2014-06-10,1.1329874850772577
2014-06-11,1.1315156813910712
2014-06-12,1.129351803132616
2014-06-13,1.1286917427112086
2014-06-16,1.1298242205107223
2014-06-17,1.1291060113868356
2014-06-18,1.1272238514642934
2014-06-19,1.1264746613933394
2014-06-20,1.1282827794492742
2014-06-23,1.1282234006989802
2014-06-24,1.1308855633325385
2014-06-25,1.129875445155686
2014-06-26,1.1321047847677714
2014-06-27,1.1328786965390143
2014-06-30,1.1330543772457453
2014-07-01,1.1310350562125768
2014-07-02,1.1294687055226862
2014-07-03,1.1310558464130287
2014-07-04,1.1287778693886525
2014-07-07,1.1295245945323449
2014-07-08,1.1299500843426729
2014-07-09,1.1292484899478477
2014-07-10,1.1261814110515025
2014-07-11,1.1288486357483416
2014-07-14,1.1288748556619135
2014-07-15,1.1274309931949
2014-07-16,1.1275292464771594
2014-07-17,1.125222640728661
2014-07-18,1.1245036123515406
2014-07-21,1.1252128914253157
2014-07-22,1.1291036787641486
2014-07-23,1.1303118051352359
2014-07-24,1.131881168616326
2014-07-25,1.1346355606633114
2014-07-28,1.1368730041213255
2014-07-29,1.136720242649782
2014-07-30,1.1353149776950593
2014-07-31,1.1339130861827211
2014-08-01,1.133559606929617
2014-08-04,1.136259940109893
2014-08-05,1.1346138804504073
2014-08-06,1.1335541571761034
2014-08-07,1.1322138032961986
2014-08-08,1.1325000141564006
2014-08-11,1.1340926493373138
2014-08-12,1.1335200869960775
2014-08-13,1.1334758417922848
2014-08-14,1.1320091059599844
2014-08-15,1.1350569982736909
2014-08-18,1.1357234526504882
2014-08-19,1.1346158826026995
2014-08-20,1.1332386302696864
2014-08-21,1.1342950894044783
2014-08-22,1.1342192680513414
2014-08-25,1.132318155183171
2014-08-26,1.132464416206924
2014-08-27,1.1315402270751862
2014-08-28,1.1319774994358622
2014-08-29,1.1315575695624758
2014-09-01,1.1307329441649168
2014-09-02,1.1337093939660692
2014-09-03,1.1342591984554935
2014-09-04,1.1377374804065057
2014-09-05,1.13886661856219
2014-09-09,1.1389246091034426
2014-09-10,1.1373498193377567
2014-09-11,1.1370343078224128
2014-09-12,1.1398277264780565
2014-09-15,1.1416319018641548
2014-09-16,1.1394989634479993
2014-09-17,1.1410546148527168
2014-09-18,1.1409341595189888
2014-09-19,1.1398478978793884
2014-09-22,1.135967389303008
2014-09-23,1.1362353202320588
2014-09-24,1.1361731111444544
2014-09-25,1.1355855189982538
2014-09-26,1.1348811088411763
2014-09-29,1.1344556802021812
2014-09-30,1.1357477453464355
2014-10-08,1.1300065606994016
2014-10-09,1.1311673213205247
2014-10-10,1.1324450000881248
2014-10-13,1.1332874541718094
2014-10-14,1.133357822511741
2014-10-15,1.135399173215488
2014-10-16,1.1361802685517528
2014-10-17,1.135274697994739
2014-10-20,1.1385289915208832
2014-10-21,1.1410024668162786
2014-10-22,1.1415122198227277
2014-10-23,1.1429013062129272
2014-10-24,1.1444831274742562
2014-10-27,1.1432891466099049
2014-10-28,1.1450055802953496
2014-10-29,1.1454285971322196
2014-10-30,1.1445662178860427
2014-10-31,1.1446611398730375
2014-11-03,1.1445404044709975
2014-11-04,1.1453291301115829
2014-11-05,1.1415900113041508
2014-11-06,1.1414863123813261
2014-11-07,1.1424822641914991
2014-11-10,1.1477960480571674
2014-11-11,1.1473237415435058
2014-11-12,1.1488571702711705
2014-11-13,1.1461247386723945
2014-11-14,1.1429332841216884
2014-11-17,1.140884529520127
2014-11-18,1.139216488467949
2014-11-19,1.1384869749738429
2014-11-20,1.1379223330545472
2014-11-21,1.1385948103006607
2014-11-24,1.1465651637344583
2014-11-25,1.1477752300328496
2014-11-26,1.1472848653778116
2014-11-27,1.1489670886556023
2014-11-28,1.1492326392893681
2014-12-01,1.1466036674700122
2014-12-02,1.1502945412956282
2014-12-03,1.1506442372703267
2014-12-04,1.154580182522563
2014-12-05,1.1503480185708073
2014-12-08,1.1527372990095366
2014-12-09,1.1456724153113789
2014-12-10,1.1524475414860367
2014-12-11,1.1500817545750754
2014-12-12,1.1499269818569853
2014-12-15,1.1495037166415447
2014-12-16,1.150240067635983
2014-12-17,1.1518576035666674
2014-12-18,1.1501561459075738
2014-12-19,1.1532744296087307
2014-12-22,1.1510342903973931
2014-12-23,1.1488289772299747
2014-12-24,1.1479474421973799
2014-12-25,1.1531166100666124
2014-12-26,1.1564409601914603
2014-12-29,1.1591051086594553
2014-12-30,1.1638192083490717
2014-12-31,1.1642254932363432
2015-01-05,1.1714304448238702
2015-01-06,1.1751975117750506
2015-01-07,1.176228038798181
2015-01-08,1.173304934117579
2015-01-09,1.1731003564265199
2015-01-12,1.1702131107755909
2015-01-13,1.1699215528408338
2015-01-14,1.1639971802508717
2015-01-15,1.166469498061568
2015-01-16,1.1696934140221589
2015-01-19,1.1667386897699064
2015-01-20,1.1684377447528387
2015-01-21,1.1736082543538124
2015-01-22,1.1749379360608503
2015-01-23,1.1742729317318785
2015-01-26,1.1747411293705614
2015-01-27,1.1730832192199148
2015-01-28,1.169939044811071
2015-01-29,1.1687245391204863
2015-01-30,1.1652420421407668
2015-02-02,1.1656308615591013
2015-02-03,1.167686289189888
2015-02-04,1.1671543778411282
2015-02-05,1.1690861660816418
2015-02-06,1.168531731386266
2015-02-09,1.1716089321633336
2015-02-10,1.1711617957513214
2015-02-11,1.1720853682085157
2015-02-12,1.1733429811903975
2015-02-13,1.175143839492083
2015-02-16,1.1765739489787068
2015-02-17,1.1760443570438222
2015-02-25,1.180950804438423
2015-02-26,1.1834407464857855
2015-02-27,1.18374183065595
2015-03-02,1.1833147160931177
2015-03-03,1.181115280550142
2015-03-04,1.1783504908459823
2015-03-05,1.1751126023956084
2015-03-06,1.172119010258615
2015-03-09,1.173336150119598
2015-03-10,1.1734767453327402
2015-03-11,1.1738358497116972
2015-03-12,1.1767156918073458
2015-03-13,1.172915192790868
2015-03-16,1.1731019999168883
2015-03-17,1.1744821184474667
2015-03-18,1.1737590404874654
2015-03-19,1.1745024738001244
2015-03-20,1.1785756578327435
2015-03-23,1.1842006728963872
2015-03-24,1.1850622817295686
2015-03-25,1.1839369574486576
2015-03-26,1.1832447723703454
2015-03-27,1.180931591021791
2015-03-30,1.1798077600993515
2015-03-31,1.1783265612678455
2015-04-01,1.1800905461429378
2015-04-02,1.1815800007202208
2015-04-03,1.182044636412239
2015-04-07,1.1856335098115627
2015-04-08,1.1840216959992496
2015-04-09,1.1833190939904477
2015-04-10,1.1853125878391486
2015-04-13,1.1867205087257302
2015-04-14,1.188425424871813
2015-04-15,1.1883279915061706
2015-04-16,1.190050490717277
2015-04-17,1.192364051783828
2015-04-20,1.1938230339241354
2015-04-21,1.198111661602892
2015-04-22,1.198762912280968
2015-04-23,1.1979733837728472
2015-04-24,1.1971179411350097
2015-04-27,1.2007346936086942
2015-04-28,1.2006877672373588
2015-04-29,1.1995640056591936
2015-04-30,1.2002489985116738
2015-05-04,1.1999862041575706
2015-05-05,1.1995765911406595
2015-05-06,1.199971470847321
2015-05-07,1.197853288033958
2015-05-08,1.1976040719397019
2015-05-11,1.1982984614796646
2015-05-12,1.1985699126734919
2015-05-13,1.1996976467619893
2015-05-14,1.1997927728590068
2015-05-15,1.2000686130999552
2015-05-18,1.1978537336453696
2015-05-19,1.1957878106021498
2015-05-20,1.194928945799931
2015-05-21,1.1956487617143086
2015-05-22,1.1992022824904054
2015-05-25,1.2009070488154086
2015-05-26,1.2053404806327428
2015-05-27,1.2061152739528007
2015-05-28,1.2017219833769281
2015-05-29,1.1988993890668531
2015-06-01,1.2017401351491317
2015-06-02,1.2025824751836842
2015-06-03,1.2022537384096665
2015-06-04,1.2043092965505242
2015-06-05,1.2044847203653453
2015-06-08,1.2023944288458241
2015-06-09,1.2022342396414663
2015-06-10,1.2015660481695964
2015-06-11,1.2029862895832717
2015-06-12,1.2015715832342748
2015-06-15,1.1985762532212703
2015-06-16,1.198055028289254
2015-06-17,1.1965529828007921
2015-06-18,1.1951171225317767
2015-06-19,1.193859836070458
2015-06-23,1.1961029815710638
2015-06-24,1.1991836990270675
2015-06-25,1.1976463046767636
2015-06-26,1.1937497847527132
2015-06-29,1.1904059421287487
2015-06-30,1.1882468718407742
2015-07-01,1.1883516278760524
2015-07-02,1.186824797398005
2015-07-03,1.1835835022911236
2015-07-06,1.1824184020687452
2015-07-07,1.1837607713541665
2015-07-08,1.1764364755961567
2015-07-09,1.1818552964825173
2015-07-10,1.1847914553044316
2015-07-13,1.1833093283696048
2015-07-14,1.1815368529579007
2015-07-15,1.1788235148276591
2015-07-16,1.1792279474670009
2015-07-17,1.1799394783330934
2015-07-20,1.1799173365160869
2015-07-21,1.1812153240945125
2015-07-22,1.1814117071487336
2015-07-23,1.1844422899262195
2015-07-24,1.1853249818851577
2015-07-27,1.1823855180568645
2015-07-28,1.1813982923253097
2015-07-29,1.1857246239374164
2015-07-30,1.1822409297117353
2015-07-31,1.1807913636425948
2015-08-03,1.1787867216083217
2015-08-04,1.1823150646475582
2015-08-05,1.181601806787003
2015-08-06,1.1830655096823126
2015-08-07,1.1851501032728524
2015-08-10,1.1874474443141867
2015-08-11,1.1879855019668857
2015-08-12,1.1877525764067267
2015-08-13,1.190284282418905
2015-08-14,1.1922404741453039
2015-08-17,1.1924750963243143
2015-08-18,1.1906524557479072
2015-08-19,1.1913001054533268
2015-08-20,1.1896631604342698
2015-08-21,1.189797272242611
2015-08-24,1.1832105438439209
2015-08-25,1.1808066768006926
2015-08-26,1.181687339834394
2015-08-27,1.1871777532420216
2015-08-28,1.1887751233991781
2015-08-31,1.189071913597157
2015-09-01,1.1924085901361956
2015-09-02,1.1897305285465198
2015-09-07,1.1914727491753385
2015-09-08,1.1928506424021785
2015-09-09,1.1938031942069505
2015-09-10,1.193097873986136
2015-09-11,1.1927485221847105
2015-09-14,1.1922745292523673
2015-09-15,1.192721071060433
2015-09-16,1.1926832608782452
2015-09-17,1.1940455323895418
2015-09-18,1.1948161391101049
2015-09-21,1.1955410341595867
2015-09-22,1.1929330296809295
2015-09-23,1.1915653917297047
2015-09-24,1.19229179681439
2015-09-25,1.1934078537422754
2015-09-28,1.1897503869732349
2015-09-29,1.1889017587640678
2015-09-30,1.1901386829833938
2015-10-08,1.1881934190414327
2015-10-09,1.1915558756020734
2015-10-12,1.1930547763337864
2015-10-13,1.1935279318380168
2015-10-14,1.1956242503404675
2015-10-15,1.197975430131883
2015-10-16,1.19534755186164
2015-10-19,1.1957478647666109
2015-10-20,1.1963302925906034
2015-10-21,1.196940624956509
2015-10-22,1.1971644605889038
2015-10-23,1.198111673994999
2015-10-26,1.2000780665973805
2015-10-27,1.201522763681968
2015-10-28,1.200693722719689
2015-10-29,1.2000504640259846
2015-10-30,1.2001632632189965
2015-11-02,1.2007344061353549
2015-11-03,1.2008705170880747
2015-11-04,1.2013676378886597
2015-11-05,1.20074811566491
2015-11-06,1.2024155249011945
2015-11-09,1.1985422606496094
2015-11-10,1.1984559373458967
2015-11-11,1.1989384997319263
2015-11-12,1.198720206852576
2015-11-13,1.1993634273512834
2015-11-16,1.197562320293701
2015-11-17,1.197056853484617
2015-11-18,1.1951762144681315
2015-11-19,1.1940181704994206
2015-11-20,1.1938291282979094
2015-11-23,1.1931894471086277
2015-11-24,1.1962945954408324
2015-11-25,1.1974922450631702
2015-11-26,1.1988508143343803
2015-11-27,1.1985207235203668
2015-11-30,1.1986926313926696
2015-12-01,1.1997346129868596
2015-12-02,1.2013910272894708
2015-12-03,1.2024686444355503
2015-12-04,1.2051648891355926
2015-12-07,1.208071466019721
2015-12-08,1.2063335847759005
2015-12-09,1.2070323254253088
2015-12-10,1.208294962613876
2015-12-11,1.2101382983783873
2015-12-14,1.2091697662554677
2015-12-15,1.2099273591765076
2015-12-16,1.210321215616635
2015-12-17,1.2102605430822213
2015-12-18,1.2124899680967416
2015-12-21,1.217256056207377
2015-12-22,1.2179222371753224
2015-12-23,1.2186379163806373
2015-12-24,1.2220878776291086
2015-12-25,1.2221240524650814
2015-12-28,1.2205977028472692
2015-12-29,1.2246382038962718
2015-12-30,1.2243684540328053
2015-12-31,1.2257519578282767
2016-01-04,1.2221905536476436
2016-01-05,1.2222450929823627
2016-01-06,1.222085851884585
2016-01-07,1.2216018602725087
2016-01-08,1.2230819031460147
2016-01-11,1.2234285911980352
2016-01-12,1.2243534671510585
2016-01-13,1.2249025904617903
2016-01-14,1.2246858741019386
2016-01-15,1.225014894780003
2016-01-18,1.2254749309841708
2016-01-19,1.2275646158859006
2016-01-20,1.2253124489641476
2016-01-21,1.2257201399100508
2016-01-22,1.2262711471653989
2016-01-25,1.2238094944680649
2016-01-26,1.2218877882960635
2016-01-27,1.2212755819702774
2016-01-28,1.2196956569743738
2016-01-29,1.2226574991755221
2016-02-01,1.222741961938757
2016-02-02,1.2222822845902035
2016-02-03,1.222019484345426
2016-02-04,1.2242266535925033
2016-02-05,1.2239079573442564
2016-02-15,1.2248832847121014
2016-02-16,1.2247332660805275
2016-02-17,1.2249570211592178
2016-02-18,1.225527162582729
2016-02-19,1.2263211654306179
2016-02-22,1.2282977195549187
2016-02-23,1.2288949277941126
2016-02-24,1.2281567202225032
2016-02-25,1.2254677063604633
2016-02-26,1.2262851187669657
2016-02-29,1.2251641245533451
2016-03-01,1.2270348497901151
2016-03-02,1.227378141100919
2016-03-03,1.2253354813732962
2016-03-04,1.2269785770078157
2016-03-07,1.229982688821707
2016-03-08,1.2295164777500758
2016-03-09,1.2288915488181287
2016-03-10,1.2296796651049584
2016-03-11,1.2303129152957777
2016-03-14,1.2309524418803244
2016-03-15,1.230351970611404
2016-03-16,1.2309435688060038
2016-03-17,1.2322401455352352
2016-03-18,1.2341012668795097
2016-03-21,1.2346402837976347
2016-03-22,1.2338437665639082
2016-03-23,1.2335374659436322
2016-03-24,1.2322090199569762
2016-03-25,1.2315254436999354
2016-03-28,1.2297658037196595
2016-03-29,1.2289741282889028
2016-03-30,1.2283669537677235
2016-03-31,1.2273297018923222
2016-04-01,1.2279799872387145
2016-04-05,1.2281551654709182
2016-04-06,1.2274059155736363
2016-04-07,1.2270884082556586
2016-04-08,1.2260227572051712
2016-04-11,1.2286975334110588
2016-04-12,1.2290221041297946
2016-04-13,1.2286762978069168
2016-04-14,1.2279324636822848
2016-04-15,1.2277925386207058
2016-04-18,1.2298048440219245
2016-04-19,1.231413826466492
2016-04-20,1.233934744330082
2016-04-21,1.2365031647166893
2016-04-22,1.231463988174853
2016-04-25,1.2279804648157473
2016-04-26,1.2282509447541543
2016-04-27,1.2286381140971023
2016-04-28,1.2283791933256918
2016-04-29,1.22992058270119
2016-05-03,1.2291828169927699
2016-05-04,1.2292660570563
2016-05-05,1.229745195770152
2016-05-06,1.2287277384370279
2016-05-09,1.2263813585401968
2016-05-10,1.2263636050529485
2016-05-11,1.227159624954711
2016-05-12,1.2264670662349706
2016-05-13,1.2264473600174597
2016-05-16,1.2284731618133748
2016-05-17,1.2283272803197545
2016-05-18,1.2253979619414161
2016-05-19,1.2256896930992573
2016-05-20,1.225028271305417
2016-05-23,1.2224754755461649
2016-05-24,1.2227233938802724
2016-05-25,1.2219573238183976
2016-05-26,1.2223996498385343
2016-05-27,1.2208805902415414
2016-05-30,1.2210409570546252
2016-05-31,1.2214311222494518
2016-06-01,1.2204574202162457
2016-06-02,1.222111842472861
2016-06-03,1.220761908023404
2016-06-06,1.2230384935557301
2016-06-07,1.2232509049408402
2016-06-08,1.2219651739673607
2016-06-13,1.2221265107277721
2016-06-14,1.223020904365622
2016-06-15,1.2245418515973354
2016-06-16,1.2246549095816277
2016-06-17,1.2248338152238905
2016-06-20,1.225559493770873
2016-06-21,1.2254058452642478
2016-06-22,1.2278500736096336
2016-06-23,1.2290779906491132
2016-06-24,1.2296256862255617
2016-06-27,1.2334497344252269
2016-06-28,1.234356707825337
2016-06-29,1.2325336181789521
2016-06-30,1.2326272275821397
2016-07-01,1.2341100384176753
2016-07-04,1.2367893774403762
2016-07-05,1.236802054065618
2016-07-06,1.2367055178791266
2016-07-07,1.2373800138612334
2016-07-08,1.236190828702584
2016-07-11,1.2370275361367156
2016-07-12,1.239742777708618
2016-07-13,1.2389844691040932
2016-07-14,1.238247208539654
2016-07-15,1.2398059039035616
2016-07-18,1.2398017375991468
2016-07-19,1.240132764962165
2016-07-20,1.2410303231439472
2016-07-21,1.243393203883901
2016-07-22,1.2397480010183572
2016-07-25,1.2403265933379444
2016-07-26,1.2406337077954466
2016-07-27,1.2417955202387587
2016-07-28,1.2418199798018819
2016-07-29,1.2423549817482358
2016-08-01,1.2446713536186416
2016-08-02,1.245157357568073
2016-08-03,1.2432522999655986
2016-08-04,1.2427636523286165
2016-08-05,1.2431798668695357
2016-08-08,1.2450601038333133
2016-08-09,1.2459942029028725
2016-08-10,1.246519087337875
2016-08-11,1.2470113207683726
2016-08-12,1.2481433420585335
2016-08-15,1.2509196744214577
2016-08-16,1.2491763269687117
2016-08-17,1.2482791415832166
2016-08-18,1.2479065769577125
2016-08-19,1.2470943622887343
2016-08-22,1.2461646499858998
2016-08-23,1.2483354927140848
2016-08-24,1.2464357014439393
2016-08-25,1.2452138012944038
2016-08-26,1.2448923973609716
2016-08-29,1.2428426846341012
2016-08-30,1.2404608430918236
2016-08-31,1.2402139693729484
2016-09-01,1.2396129292421818
2016-09-02,1.2415018258734516
2016-09-05,1.2430212732714732
2016-09-06,1.2434047524092045
2016-09-07,1.2437683782528575
2016-09-08,1.2444570622701157
2016-09-09,1.2443052304882467
2016-09-12,1.2418957695828967
2016-09-13,1.2417932637086884
2016-09-14,1.242864213449573
2016-09-19,1.24413489361548
2016-09-20,1.244045323432801
2016-09-21,1.244525959087735
2016-09-22,1.2461526348564311
2016-09-23,1.248629933580569
2016-09-26,1.2475263087269657
2016-09-27,1.2469882642687309
2016-09-28,1.2457439173467175
2016-09-29,1.246009941705757
2016-09-30,1.2456265384584244
2016-10-10,1.2525062290155433
2016-10-11,1.2547628276332503
2016-10-12,1.2547270736990852
2016-10-13,1.2558877795681607
2016-10-14,1.2579066384953206
2016-10-17,1.257075196548824
2016-10-18,1.2569060936291416
2016-10-19,1.2559946676921454
2016-10-20,1.2588110620012323
2016-10-21,1.2587195335801697
2016-10-24,1.2595051220188622
2016-10-25,1.2616381710271474
2016-10-26,1.2606882928994982
2016-10-27,1.2612292803458383
2016-10-28,1.2615820016424595
2016-10-31,1.2608988278467899
2016-11-01,1.2618092697899141
2016-11-02,1.2591110099047953
2016-11-03,1.2613020398897745
2016-11-04,1.26112229917718
2016-11-07,1.2613549500254564
2016-11-08,1.2612512628132622
2016-11-09,1.2618045287104551
2016-11-10,1.2634729359694474
2016-11-11,1.2647893127165888
2016-11-14,1.2622482850953005
2016-11-15,1.2603163283219923
2016-11-16,1.2605492170700767
2016-11-17,1.2594593438809534
2016-11-18,1.2603965909771984
2016-11-21,1.2603885397476513
2016-11-22,1.262844390853909
2016-11-23,1.2626449685604053
2016-11-24,1.2628368826785825
2016-11-25,1.2631717655471557
2016-11-28,1.2632054416855791
2016-11-29,1.2606334211429646
2016-11-30,1.2583930870872464
2016-12-01,1.2584133914183058
2016-12-02,1.2582510542148722
2016-12-05,1.2573245782751987
2016-12-06,1.254112731240733
2016-12-07,1.2564957936927477
2016-12-08,1.2587631489392923
2016-12-09,1.2580091159546352
2016-12-12,1.254353982943177
2016-12-13,1.2542020426017124
2016-12-14,1.2519578045894424
2016-12-15,1.2448636623046114
2016-12-16,1.245081971395387
2016-12-19,1.2430950762591988
2016-12-20,1.2405072260750116
2016-12-21,1.2428247642911605
2016-12-22,1.2430774073585245
2016-12-23,1.2438422476218554
2016-12-26,1.2439797226170848
2016-12-27,1.2454660626541783
2016-12-28,1.2452555162879477
2016-12-29,1.248059009807143
2016-12-30,1.2506902802556916
2017-01-03,1.2536120017065024
2017-01-04,1.2528562564176018
2017-01-05,1.252861619499352
2017-01-06,1.2513339857161796
2017-01-09,1.2534963448697505
2017-01-10,1.2554503213983825
2017-01-11,1.2538223863404667
2017-01-12,1.2545335799669821
2017-01-13,1.2553879973040782
2017-01-16,1.2556931270360494
2017-01-17,1.2540461706589163
2017-01-18,1.2554916804533238
2017-01-19,1.2550997096803176
2017-01-20,1.2554465834525466
2017-01-23,1.2566614300286958
2017-01-24,1.256584077209015
2017-01-25,1.2558947331217796
2017-01-26,1.2584107833793052
2017-02-03,1.252343867239392
2017-02-06,1.249957475521895
2017-02-07,1.249476545534088
2017-02-08,1.249320200329171
2017-02-09,1.2498539305888103
2017-02-10,1.2504667062460546
2017-02-13,1.2532094117703505
2017-02-14,1.2519376007620038
2017-02-15,1.249526095739803
2017-02-16,1.2491952565916635
2017-02-17,1.248809903735243
2017-02-20,1.2531319954303566
2017-02-21,1.2515607265833204
2017-02-22,1.2475422574097137
2017-02-23,1.2473887649851467
2017-02-24,1.2482208886234665
2017-02-27,1.2478752087101428
2017-02-28,1.246562581631792
2017-03-01,1.2457399428725384
2017-03-02,1.2445113221860005
2017-03-03,1.2418928436915466
2017-03-06,1.2411157708589213
2017-03-07,1.240857288580588
2017-03-08,1.238135848837779
2017-03-09,1.2344759556771778
2017-03-10,1.2327542321057645
2017-03-13,1.2355753287367435
2017-03-14,1.237021706046099
2017-03-15,1.2368183056729518
2017-03-16,1.2391807276272653
2017-03-17,1.2368746822822156
2017-03-20,1.2351661110460588
2017-03-21,1.2333615077040498
2017-03-22,1.235228377118301
2017-03-23,1.236544538767651
2017-03-24,1.2381232034293106
2017-03-27,1.2350997695336576
2017-03-28,1.237222787262674
2017-03-29,1.2377774804637056
2017-03-30,1.2378288726005005
2017-03-31,1.2374491992982835
2017-04-05,1.238199086077993
2017-04-06,1.2379117746626465
2017-04-07,1.2375595032059943
2017-04-10,1.23909670252481
2017-04-11,1.2372543657231772
2017-04-12,1.2357826440704969
2017-04-13,1.2388046937524153
2017-04-14,1.236409074333487
2017-04-17,1.2351233647793465
2017-04-18,1.2326390114472396
2017-04-19,1.2295506066173605
2017-04-20,1.2293723878893135
2017-04-21,1.2274456261770783
2017-04-24,1.2243976694039875
2017-04-25,1.2252150187785669
2017-04-26,1.2229298003093334
2017-04-27,1.223046321061382
2017-04-28,1.2215181290366741
2017-05-02,1.218196279070335
2017-05-03,1.2171071104732587
2017-05-04,1.2152388585085323
2017-05-05,1.2109610282100545
2017-05-08,1.211661634189159
2017-05-09,1.2102329059172154
2017-05-10,1.2077226358445197
2017-05-11,1.2074566586223154
2017-05-12,1.2061923069620986
2017-05-15,1.206618667222683
2017-05-16,1.20997122248627
2017-05-17,1.2103857971062404
2017-05-18,1.2114930699307322
2017-05-19,1.2107095189753694
2017-05-22,1.2085916228988083
2017-05-23,1.208815145285059
2017-05-24,1.2060359106118987
2017-05-25,1.20674563232485
2017-05-26,1.206239526196718
2017-05-31,1.2074025367894952
2017-06-01,1.2078663749838623
2017-06-02,1.2063671309046642
2017-06-05,1.2083812305875896
2017-06-06,1.2097133601080596
2017-06-07,1.2116269322425286
2017-06-08,1.2147462565123068
2017-06-09,1.2154323596338585
2017-06-12,1.2161525081946463
2017-06-13,1.2155874060035088
2017-06-14,1.2137280117143425
2017-06-15,1.2123940794847492
2017-06-16,1.2122476315932587
2017-06-19,1.2141960038375372
2017-06-20,1.213087925222415
2017-06-21,1.2132069414446234
2017-06-22,1.2102306466889503
2017-06-23,1.2115976948429157
2017-06-26,1.2147695060101416
2017-06-27,1.217708000736834
2017-06-28,1.2167654791845655
2017-06-29,1.2204549960219429
2017-06-30,1.218885162828085
2017-07-03,1.2196296312308288
2017-07-04,1.2143116729761516
2017-07-05,1.218733045594777
2017-07-06,1.2216435295999457
2017-07-07,1.2209234365910724
2017-07-10,1.2196194861324943
2017-07-11,1.2195051612236671
2017-07-12,1.219908860802589
2017-07-13,1.2212121380189078
2017-07-14,1.2217768249584546
2017-07-17,1.2213213616048557
2017-07-18,1.2207253197216927
2017-07-19,1.223365173907896
2017-07-20,1.2199152003239593
2017-07-21,1.2188642675009695
2017-07-24,1.217864994072985
2017-07-25,1.2161007273376365
2017-07-26,1.2163882232270697
2017-07-27,1.2169423153502124
2017-07-28,1.2178680109526399
2017-07-31,1.2176037018498056
2017-08-01,1.2184187502867174
2017-08-02,1.2170038042651465
2017-08-03,1.2179690715407374
2017-08-04,1.2172781607759828
2017-08-07,1.2164701077982938
2017-08-08,1.216671210839131
2017-08-09,1.2188195771120973
2017-08-10,1.217253103470714
2017-08-11,1.213840451504303
2017-08-14,1.2139686572795234
2017-08-15,1.2142962305285199
2017-08-16,1.2137022811152223
2017-08-17,1.215744815766116
2017-08-18,1.2150203169116864
2017-08-21,1.2168585396727638
2017-08-22,1.218334834584396
2017-08-23,1.2166898282586682
2017-08-24,1.2126728584704645
2017-08-25,1.2134418484186438
2017-08-28,1.2125572203426325
2017-08-29,1.2129987117438978
2017-08-30,1.213125397480719
2017-08-31,1.2120806696357536
2017-09-01,1.2139004544122975
2017-09-04,1.2147516510448402
2017-09-05,1.2171448224508397
2017-09-06,1.2155435016585634
2017-09-07,1.2155110101365783
2017-09-08,1.2160633736938757
2017-09-11,1.2170987662951243
2017-09-12,1.2189796017056846
2017-09-13,1.218012074652332
2017-09-14,1.2158604295256037
2017-09-15,1.2150449825436562
2017-09-18,1.214103308574669
2017-09-19,1.2130830319903376
2017-09-20,1.2140397550861255
2017-09-21,1.2129086736853205
2017-09-22,1.211107285502889
2017-09-25,1.2099104289089777
2017-09-26,1.210384235655881
2017-09-27,1.2107517409073525
2017-09-28,1.2092097922799268
2017-09-29,1.2103921265785595
2017-10-09,1.215704930932696
2017-10-10,1.2157197704145664
2017-10-11,1.2151348856892497
2017-10-12,1.2155420620460924
2017-10-13,1.2185726401352095
2017-10-16,1.2188642861980608
2017-10-17,1.2170319871647264
2017-10-18,1.2166050635858776
2017-10-19,1.2166118561226567
2017-10-20,1.2187959841542224
2017-10-23,1.2187577407787376
2017-10-24,1.219876900985911
2017-10-25,1.2201652929871296
2017-10-26,1.220841115916322
2017-10-27,1.2216905790996397
2017-10-30,1.218723223301946
2017-10-31,1.2190783815181727
2017-11-01,1.220602420637198
2017-11-02,1.2198482136496758
2017-11-03,1.2184021846324458
2017-11-06,1.2193437196946901
2017-11-07,1.2194323392384645
2017-11-08,1.2193400969389492
2017-11-09,1.219646327375128
2017-11-10,1.2186313897143684
2017-11-13,1.2192957603233185
2017-11-14,1.2174240970261243
2017-11-15,1.2164617958695423
2017-11-16,1.217098684511081
2017-11-17,1.217082369635552
2017-11-20,1.2189795621189987
2017-11-21,1.2213126700803956
2017-11-22,1.2205185786219066
2017-11-23,1.2184992699893484
2017-11-24,1.21953718944622
2017-11-27,1.2182109673934047
2017-11-28,1.2177719028823921
2017-11-29,1.219001062004538
2017-11-30,1.2186788550532561
2017-12-01,1.2189567292866368
2017-12-04,1.2213395959059488
2017-12-05,1.2210447393911013
2017-12-06,1.2213243147317812
2017-12-07,1.2198143968217143
2017-12-08,1.2202889433159396
2017-12-11,1.22196218259851
2017-12-12,1.2206726436037125
2017-12-13,1.221438254272394
2017-12-14,1.220483164723271
2017-12-15,1.2207247344547656
2017-12-18,1.2225880982767507
2017-12-19,1.2212431812133273
2017-12-20,1.220776085632421
2017-12-21,1.2211961936964042
2017-12-22,1.2204421550309825
2017-12-25,1.2183801137778416
2017-12-26,1.2172865473813421
2017-12-27,1.2147399716954175
2017-12-28,1.2154309301651733
2017-12-29,1.2155999308932592
2018-01-02,1.217553220043568
2018-01-03,1.2169683907697912
2018-01-04,1.2162893600389781
2018-01-05,1.2182495129907507
2018-01-08,1.2217345055124178
2018-01-09,1.2218483552499213
2018-01-10,1.2204069875452535
2018-01-11,1.2202712193685898
2018-01-12,1.2198220218705815
2018-01-15,1.2198283484481485
2018-01-16,1.2195902005624932
2018-01-17,1.2200483915592728
2018-01-18,1.220315520821983
2018-01-19,1.220327226458614
2018-01-22,1.2221276070404494
2018-01-23,1.2219474649140134
2018-01-24,1.2225181150474407
2018-01-25,1.2234227628639278
2018-01-26,1.2229857046431518
2018-01-29,1.2217028342738976
2018-01-30,1.2222825615436261
2018-01-31,1.2233738604130624
2018-02-01,1.2241266721561619
2018-02-02,1.2254833974448969
2018-02-05,1.2265072583833632
2018-02-06,1.225626157546614
2018-02-07,1.2247468515423734
2018-02-08,1.223695621272957
2018-02-09,1.2198777818354996
2018-02-12,1.2217558376011346
2018-02-13,1.2234025889409204
2018-02-14,1.225519675764527
2018-02-22,1.2282239668793418
2018-02-23,1.2292799232485176
2018-02-26,1.230908958870374
2018-02-27,1.2300538818352138
2018-02-28,1.2295482382028828
2018-03-01,1.2304200242688887
2018-03-02,1.2291135571459464
2018-03-05,1.2293911977451573
2018-03-06,1.2294391579042667
2018-03-07,1.2294264067399823
2018-03-08,1.2289152879578766
2018-03-09,1.2298432722270658
2018-03-12,1.2321295705245328
2018-03-13,1.2295129565539753
2018-03-14,1.2289803802457733
2018-03-15,1.2293151054144242
2018-03-16,1.2278350861014395
2018-03-19,1.2282626133082677
2018-03-20,1.2290055610958777
2018-03-21,1.2284700343805046
2018-03-22,1.2294809763422982
2018-03-23,1.2280065229305066
2018-03-26,1.2276568245993682
2018-03-27,1.2269698220645822
2018-03-28,1.2265146238718494
2018-03-29,1.2276212226961751
2018-03-30,1.228266080564727
2018-04-02,1.2285293169556084
2018-04-03,1.228125886076567
2018-04-04,1.2289694623758558
2018-04-09,1.2311319074981675
2018-04-10,1.2320529621045289
2018-04-11,1.2319518828053502
2018-04-12,1.231081635137206
2018-04-13,1.2311636100214791
2018-04-16,1.2312631454662357
2018-04-17,1.2308790529597946
2018-04-18,1.2357225013849877
2018-04-19,1.2375821515630834
2018-04-20,1.235830032259817
2018-04-23,1.235365042713188
2018-04-24,1.2345977164750004
2018-04-25,1.232971735835636
2018-04-26,1.231621199003472
2018-04-27,1.2315697008624409
2018-05-02,1.232238342639362
2018-05-03,1.233801684068947
2018-05-04,1.2333466556502104
2018-05-07,1.234496808611266
2018-05-08,1.2353978495636193
2018-05-09,1.2343797313185927
2018-05-10,1.2366803174063365
2018-05-11,1.2358012936656613
2018-05-14,1.2341901829357822
2018-05-15,1.231848288389
2018-05-16,1.231077567029224
2018-05-17,1.2299427212327099
2018-05-18,1.2308826512597095
2018-05-21,1.2322736793493894
2018-05-22,1.2324844570056288
2018-05-23,1.2300801315421275
2018-05-24,1.2295529493578614
2018-05-25,1.2294599954091363
2018-05-28,1.2304389738205268
2018-05-29,1.2296717289298245
2018-05-30,1.2267923413347481
2018-05-31,1.2280402860434974
2018-06-01,1.226186177906984
2018-06-04,1.2255778033907039
2018-06-05,1.2255132699101505
2018-06-06,1.2265612302813713
2018-06-07,1.2273015987578941
2018-06-08,1.2276890620399934
2018-06-11,1.2286748041275952
2018-06-12,1.2290569291176223
2018-06-13,1.2291090343508346
2018-06-14,1.2310053560417948
2018-06-15,1.2321017438018327
2018-06-19,1.2267473771598867
2018-06-20,1.2262940101228554
2018-06-21,1.2234921273206776
2018-06-22,1.224207754466922
2018-06-25,1.221614714429365
2018-06-26,1.2226163288093765
2018-06-27,1.2224648716763609
2018-06-28,1.2224361814479858
2018-06-29,1.227118211755674
2018-07-02,1.2261337297109263
2018-07-03,1.2269411436359974
2018-07-04,1.2237204279835576
2018-07-05,1.2245768863496456
2018-07-06,1.224103126157935
2018-07-09,1.2251682627404334
2018-07-10,1.2250311474010176
2018-07-11,1.223873602842857
2018-07-12,1.2260606831067355
2018-07-13,1.2268785819041432
2018-07-16,1.2274832049849695
2018-07-17,1.2263316203963541
2018-07-18,1.2269998577235726
2018-07-19,1.2273819407287503
2018-07-20,1.228477935739055
2018-07-23,1.231232092148574
2018-07-24,1.2303037925751898
2018-07-25,1.2319239240886406
2018-07-26,1.2290312501527199
2018-07-27,1.2313144836727492
2018-07-30,1.2339790946243099
2018-07-31,1.237026717394779
2018-08-01,1.2377486486803788
2018-08-02,1.2374173495939345
2018-08-03,1.2378194679946475
2018-08-06,1.239284715783954
2018-08-07,1.2400709281621771
2018-08-08,1.23760037686715
2018-08-09,1.2385779693221888
2018-08-10,1.2381764178606203
2018-08-13,1.2377421678013267
2018-08-14,1.2372700586658012
2018-08-15,1.236241833600537
2018-08-16,1.2360321378336732
2018-08-17,1.2337445320497065
2018-08-20,1.23427127841186
2018-08-21,1.233780382693687
2018-08-22,1.233760708740277
2018-08-23,1.2337216091508527
2018-08-24,1.2330691238134526
2018-08-27,1.2349497443476438
2018-08-28,1.2346885140035715
2018-08-29,1.2324892145835333
2018-08-30,1.2318682740416482
2018-08-31,1.2332853322760335
2018-09-03,1.2323362856496671
2018-09-04,1.2309184425524182
2018-09-05,1.228949569701604
2018-09-06,1.2288327605300198
2018-09-07,1.2300339132163565
2018-09-10,1.2313558581811135
2018-09-11,1.2297125522028467
2018-09-12,1.2317797177092125
2018-09-13,1.2345580371720757
2018-09-14,1.2315923084519869
2018-09-17,1.2301358340544029
2018-09-18,1.2308120460277547
2018-09-19,1.232702780410064
2018-09-20,1.234136752669318
2018-09-21,1.234662155957089
2018-09-25,1.2328074498771169
2018-09-26,1.2343990903419713
2018-09-27,1.2337170208614368
2018-09-28,1.2343102060097328
2018-10-08,1.2349417134844687
2018-10-09,1.2369617676669964
2018-10-10,1.2387648008843537
2018-10-11,1.2344382130954732
2018-10-12,1.2380630763156264
2018-10-15,1.2379697136802563
2018-10-16,1.2377420369418108
2018-10-17,1.236297100409351
2018-10-18,1.235381765968556
2018-10-19,1.236589698242421
2018-10-22,1.2382740883533248
2018-10-23,1.2365247281819318
2018-10-24,1.2376494689117299
2018-10-25,1.2375151112739111
2018-10-26,1.2376038569262076
2018-10-29,1.236510521696836
2018-10-30,1.2390201314280922
2018-10-31,1.2390382932500257
2018-11-01,1.2408362952050163
2018-11-02,1.241980206060465
2018-11-05,1.2419492788315154
2018-11-06,1.241635757750479
2018-11-07,1.2425293405454767
2018-11-08,1.2426621159760414
2018-11-09,1.2418923886396054
2018-11-12,1.2407021646108558
2018-11-13,1.2423159452874568
2018-11-14,1.2424779600692466
2018-11-15,1.2432661119903712
2018-11-16,1.2446053553499064
2018-11-19,1.2455515891960647
2018-11-20,1.2444001294208353
2018-11-21,1.243965398199951
2018-11-22,1.2416857317276653
2018-11-23,1.2373858903577666
2018-11-26,1.2348234750424854
2018-11-27,1.2347902452355775
2018-11-28,1.238919711496433
2018-11-29,1.2399017426795198
2018-11-30,1.2400383798702452
2018-12-03,1.2417020425417453
2018-12-04,1.2441901389266143
2018-12-05,1.2453093339053176
2018-12-06,1.2443219631454296
2018-12-07,1.246362471443927
2018-12-10,1.245762057831408
2018-12-11,1.2449580026439544
2018-12-12,1.2462969650663451
2018-12-13,1.2474823750438868
2018-12-14,1.2494868142976634
2018-12-17,1.2486701063045889
2018-12-18,1.24747554055078
2018-12-19,1.2461383377323498
2018-12-20,1.246919689736206
2018-12-21,1.2480264171376172
2018-12-24,1.2466043519642156
2018-12-25,1.2453889112012135
2018-12-26,1.2481328907632903
2018-12-27,1.2493803878474008
2018-12-28,1.2505201946347129
2019-01-02,1.2519276270951387
2019-01-03,1.2540825617766649
2019-01-04,1.2565432525668225
2019-01-07,1.2571363079988507
2019-01-08,1.2587680439678883
2019-01-09,1.2592364679550647
2019-01-10,1.2582631181121335
2019-01-11,1.260869878329527
2019-01-14,1.260759425450178
2019-01-15,1.2608433589961026
2019-01-16,1.2616409323241105
2019-01-17,1.2618451898659213
2019-01-18,1.2630324113326012
2019-01-21,1.2617537676713537
2019-01-22,1.2603357943024396
2019-01-23,1.26017812091687
2019-01-24,1.2604504669525964
2019-01-25,1.2618751955488434
2019-01-28,1.2620467846812484
2019-01-29,1.2615604139081302
2019-01-30,1.2633251706322663
2019-01-31,1.264699782766105
2019-02-01,1.2651949694568567
2019-02-11,1.2670213117656204
2019-02-12,1.2659649403878972
2019-02-13,1.2663088617027665
2019-02-14,1.2641598122811688
2019-02-15,1.2622132867497609
2019-02-18,1.265836345348779
2019-02-19,1.2668220658001912
2019-02-20,1.2686174131837369
2019-02-21,1.2678158515155789
2019-02-22,1.2694140560447016
2019-02-25,1.2714463104806144
2019-02-26,1.27024056274291
2019-02-27,1.2698330192324645
2019-02-28,1.2692287104263533
2019-03-01,1.269544006706784
2019-03-04,1.2679905925314054
2019-03-05,1.2673182254567175
2019-03-06,1.2670100806094624
2019-03-07,1.267166593881602
2019-03-08,1.2667549516490146
2019-03-11,1.2688824114671067
2019-03-12,1.2711066699390643
2019-03-13,1.269873936371363
2019-03-14,1.269171917758318
2019-03-15,1.2711089803695885
2019-03-18,1.2722462190214041
2019-03-19,1.271466580731646
2019-03-20,1.2722479897137906
2019-03-21,1.272601507882364
2019-03-22,1.2735710549193653
2019-03-25,1.2721705345844803
2019-03-26,1.2724857550428832
2019-03-27,1.2722135821510248
2019-03-28,1.271925797385766
2019-03-29,1.2749380111373707
2019-04-01,1.275794271645399
2019-04-02,1.2751871403718484
2019-04-03,1.2749826775611037
2019-04-04,1.2737789600341387
2019-04-08,1.276007551374408
2019-04-09,1.2745034738268186
2019-04-10,1.2747248625999827
2019-04-11,1.2743386677206197
2019-04-12,1.2732172602565128
2019-04-15,1.271366634808796
2019-04-16,1.2715919956903345
2019-04-17,1.2726262069078018
2019-04-18,1.270968727880096
2019-04-19,1.2704194261725599
2019-04-22,1.2701821740772896
2019-04-23,1.268696146106154
2019-04-24,1.2690166582120124
2019-04-25,1.2691018392338647
2019-04-26,1.2688357005372286
2019-04-29,1.2699492266256978
2019-04-30,1.2695743324561304
2019-05-06,1.2682946247960452
2019-05-07,1.2695532117622168
2019-05-08,1.2695601363086257
2019-05-09,1.2703295475693661
2019-05-10,1.271982035879957
2019-05-13,1.2713350482257002
2019-05-14,1.270811654035274
2019-05-15,1.273003674174941
2019-05-16,1.272092246409295
2019-05-17,1.2725325993664265
2019-05-20,1.2736061747438747
2019-05-21,1.2751244400910915
2019-05-22,1.2743674243358765
2019-05-23,1.2722701200908468
2019-05-24,1.2719842081224977
2019-05-27,1.2718890091189874
2019-05-28,1.2731631935578598
2019-05-29,1.2750059163123597
2019-05-30,1.2737175871633573
2019-05-31,1.2730437338564402
2019-06-03,1.2722126416028516
2019-06-04,1.272613544818063
2019-06-05,1.2729913365560142
2019-06-06,1.2743511714833227
2019-06-10,1.2763976344859762
2019-06-11,1.2784598906416527
2019-06-12,1.2768117944281667
2019-06-13,1.2796994763240277
2019-06-14,1.2794680452247473
2019-06-17,1.280830687418356
2019-06-18,1.2795549739396377
2019-06-19,1.2810293283070078
2019-06-20,1.2845989299447549
2019-06-21,1.2861096561292191
2019-06-24,1.2870455717527327
2019-06-25,1.2871680559426513
2019-06-26,1.2870832949883018
2019-06-27,1.2866850591590897
2019-06-28,1.2861842654952027
2019-07-01,1.2885888525342564
2019-07-02,1.2903590639872613
2019-07-03,1.2908237668928024
2019-07-04,1.2908049374802764
2019-07-05,1.2917334987000655
2019-07-08,1.2914792932085761
2019-07-09,1.2904729390921141
2019-07-10,1.2884314310340108
2019-07-11,1.288841778212048
2019-07-12,1.2889639762166885
2019-07-15,1.2887145244215463
2019-07-16,1.2868830994962777
2019-07-17,1.2857490743800641
2019-07-18,1.2862666300708017
2019-07-19,1.2889733254098106
2019-07-22,1.2881030297032587
2019-07-23,1.2871351590369762
2019-07-24,1.2866414089629319
2019-07-25,1.2888282857984745
2019-07-26,1.2881223119576695
2019-07-29,1.2876914949530984
2019-07-30,1.2883179319860991
2019-07-31,1.2888677428424302
2019-08-01,1.2881114975477177
2019-08-02,1.288831780572211
2019-08-05,1.289068052049498
2019-08-06,1.2893024308177212
2019-08-07,1.2884805655937799
2019-08-08,1.2885269925106047
2019-08-09,1.2879554146468297
2019-08-12,1.2889532366529046
2019-08-13,1.2899459628922403
2019-08-14,1.2913619320237584
2019-08-15,1.291095016048971
2019-08-16,1.2917655218091437
2019-08-19,1.2924646201733831
2019-08-20,1.2921682856395467
2019-08-21,1.290385132387619
2019-08-22,1.2900978079281558
2019-08-23,1.2888971344733735
2019-08-26,1.287070312887416
2019-08-27,1.287200606318556
2019-08-28,1.2872753975006372
2019-08-29,1.2881946865963654
2019-08-30,1.287686713422502
2019-09-02,1.288993701764459
2019-09-03,1.2896744226475496
2019-09-04,1.2880212617808182
2019-09-05,1.2896062700084092
2019-09-06,1.2898242567136857
2019-09-09,1.2910620743643997
2019-09-10,1.2906759889706059
2019-09-11,1.290531123296203
2019-09-12,1.2905386541715305
2019-09-16,1.2912939913423003
2019-09-17,1.2909027005041271
2019-09-18,1.289796448752479
2019-09-19,1.2885487860517895
2019-09-20,1.2883708447612456
2019-09-23,1.2889522409415712
2019-09-24,1.2883383331412035
2019-09-25,1.2882948295777938
2019-09-26,1.2862350651985524
2019-09-27,1.285283783936182
2019-09-30,1.2868302472438182
2019-10-08,1.2879820831400608
2019-10-09,1.2891574739430445
2019-10-10,1.288757435896856
2019-10-11,1.2896379611259625
2019-10-14,1.2898657479968183
2019-10-15,1.2905412154522975
2019-10-16,1.2898279719708867
2019-10-17,1.2910816072356501
2019-10-18,1.2897195090458131
2019-10-21,1.2886276006231243
2019-10-22,1.2894323897019346
2019-10-23,1.286550941968756
2019-10-24,1.2864982434690715
2019-10-25,1.2870093264049658
2019-10-28,1.2864249124978013
2019-10-29,1.2854978742686956
2019-10-30,1.2845076690796406
2019-10-31,1.2854895027979167
2019-11-01,1.2872895539591573
2019-11-04,1.2870268555870088
2019-11-05,1.2887339677332843
2019-11-06,1.2881500791149714
2019-11-07,1.2883544467929284
2019-11-08,1.287272518683453
2019-11-11,1.2867172430453118
2019-11-12,1.2883247810412806
2019-11-13,1.2891733859405408
2019-11-14,1.2896984452051765
2019-11-15,1.2878906178861764
2019-11-18,1.2886191982115034
2019-11-19,1.2904473414402102
2019-11-20,1.2915515920541139
2019-11-21,1.2921064106696822
2019-11-22,1.2912136372673668
2019-11-25,1.2926033291579013
2019-11-26,1.292295885141693
2019-11-27,1.2920515714522784
2019-11-28,1.292478346397883
2019-11-29,1.2912310892686445
2019-12-02,1.2906368854149177
2019-12-03,1.2909438202265986
2019-12-04,1.2910094768613152
2019-12-05,1.2925543682252039
2019-12-06,1.2925346605933017
2019-12-09,1.2939311935839124
2019-12-10,1.2941480270054402
2019-12-11,1.2956139046058142
2019-12-12,1.2962129360884707
2019-12-13,1.2973141022244392
2019-12-16,1.2965028370400071
2019-12-17,1.2961763768479964
2019-12-18,1.2962073411406005
2019-12-19,1.2973178369713354
2019-12-20,1.296786106377989
2019-12-23,1.2979890770221256
2019-12-24,1.298381628300945
2019-12-25,1.298246816373368
2019-12-26,1.2996834438179428
2019-12-27,1.300466354802541
2019-12-30,1.3005759337023721
2019-12-31,1.3010356230596605
2020-01-02,1.3012189353046992
2020-01-03,1.3009721814031256
2020-01-06,1.302189058146067
2020-01-07,1.30240024494048
2020-01-08,1.3027787628303593
2020-01-09,1.3008697876218167
2020-01-10,1.3023770631701534
2020-01-13,1.3022700821761528
2020-01-14,1.3011010088319248
2020-01-15,1.3005189837305597
2020-01-16,1.3001491127215137
2020-01-17,1.3012082212415992
2020-01-20,1.3015307313298807
2020-01-21,1.3008867644315223
2020-01-22,1.3012343981275816
2020-01-23,1.2987373650029033
2020-02-03,1.3000721828377633
2020-02-04,1.3005976727501651
2020-02-05,1.2994628384275995
2020-02-06,1.3021016848196105
2020-02-07,1.303618977894911
2020-02-10,1.3058720392067877
2020-02-11,1.3062686373701877
2020-02-12,1.3073836262919396
2020-02-13,1.3079013092307676
2020-02-14,1.308630493437292
2020-02-17,1.3098992269270968
2020-02-18,1.3089335991549393
2020-02-19,1.3085514280852968
2020-02-20,1.3100511889125876
2020-02-21,1.3089893599844533
2020-02-24,1.3091013158341056
2020-02-25,1.3101230467173437
2020-02-26,1.3080907139895406
2020-02-27,1.307973434304101
2020-02-28,1.3060969743554873
2020-03-02,1.3099787872252444
2020-03-03,1.3103942060889227
2020-03-04,1.3121684876712423
2020-03-05,1.3112211890049497
2020-03-06,1.3094927130870235
2020-03-09,1.3094168694700543
2020-03-10,1.3082933674606871
2020-03-11,1.3052572826016058
2020-03-12,1.303458794678989
2020-03-13,1.302347779357715
2020-03-16,1.2991643375243271
2020-03-17,1.2971199157236668
2020-03-18,1.2968561431414043
2020-03-19,1.2949469966953258
2020-03-20,1.2979426797006421
2020-03-23,1.2962482446921857
2020-03-24,1.29875439559088
2020-03-25,1.3003614558027887
2020-03-26,1.300075161662534
2020-03-27,1.3004009266978767
2020-03-30,1.2983204463691638
2020-03-31,1.2998024747414278
2020-04-01,1.2983075768656531
2020-04-02,1.3015310559716458
2020-04-03,1.3012133513290376
2020-04-07,1.3076856347353212
2020-04-08,1.3107911778980081
2020-04-09,1.3109573269592742
2020-04-10,1.3126753680074887
2020-04-13,1.313664969946862
2020-04-14,1.3160361128552749
2020-04-15,1.3174931910222152
2020-04-16,1.316443599020252
2020-04-17,1.3182719637209246
2020-04-20,1.317902433746321
2020-04-21,1.3177029518447891
2020-04-22,1.3168332595862235
2020-04-23,1.3180312918164994
2020-04-24,1.3178138327123674
2020-04-27,1.318255444477762
2020-04-28,1.3172428056175987
2020-04-29,1.318598880908179
2020-04-30,1.3189307389565295
2020-05-06,1.3203655805496763
2020-05-07,1.3181909175776207
2020-05-08,1.3203263055555126
2020-05-11,1.317552302972781
2020-05-12,1.3169564516363972
2020-05-13,1.3161483029274728
2020-05-14,1.316505490929232
2020-05-15,1.3185946744548454
2020-05-18,1.3190431818787414
2020-05-19,1.3192887775824294
2020-05-20,1.3192159864597393
2020-05-21,1.3204817982933212
2020-05-22,1.319365463193594
2020-05-25,1.3190467205976837
2020-05-26,1.3164641093657004
2020-05-27,1.3149880530459244
2020-05-28,1.3155536745147056
2020-05-29,1.3146612332151206
2020-06-01,1.3170095759238263
2020-06-02,1.3164121541286466
2020-06-03,1.3153809794567772
2020-06-04,1.3112347799992845
2020-06-05,1.3119215053412971
2020-06-08,1.3138461749016703
2020-06-09,1.3132569990491432
2020-06-10,1.3128514757539962
2020-06-11,1.3132124411117332
2020-06-12,1.3150919289445495
2020-06-15,1.3127208187712622
2020-06-16,1.3140488703070299
2020-06-17,1.3121212313634216
2020-06-18,1.3142569688506838
2020-06-19,1.3167138725321061
2020-06-22,1.3165064683903949
2020-06-23,1.3164152275742012
2020-06-24,1.3182970535072538
2020-06-29,1.3158932842549953
2020-06-30,1.3185303482086754
2020-07-01,1.3203668854546375
2020-07-02,1.3253955432169167
2020-07-03,1.328432874216959
2020-07-06,1.3290574757155504
2020-07-07,1.3283389691150578
2020-07-08,1.328144118075012
2020-07-09,1.3282259152720457
2020-07-10,1.326175562599459
2020-07-13,1.327289605922791
2020-07-14,1.3286970196375967
2020-07-15,1.3324159516019165
2020-07-16,1.3280730695786822
2020-07-17,1.3285840204395962
2020-07-20,1.3330176567559682
2020-07-21,1.3357399167833002
2020-07-22,1.3393682492829366
2020-07-23,1.3410817110838409
2020-07-24,1.3412951310930106
2020-07-27,1.3411571092974068
2020-07-28,1.339072313234746
2020-07-29,1.338965218875062
2020-07-30,1.336249866403207
2020-07-31,1.3345358037374495
2020-08-03,1.3355473521037537
2020-08-04,1.3347932421642714
2020-08-05,1.334591742677911
2020-08-06,1.3360235751954004
2020-08-07,1.3331981910610395
2020-08-10,1.3319963515853674
2020-08-11,1.3299681429776415
2020-08-12,1.326290439312151
2020-08-13,1.3256601232579937
2020-08-14,1.3263823596186282
2020-08-17,1.3278476621906703
2020-08-18,1.3285396667166236
2020-08-19,1.3277362823067267
2020-08-20,1.326939584895187
2020-08-21,1.3260171110905186
2020-08-24,1.3253928979142713
2020-08-25,1.3235925076966666
2020-08-26,1.3225785721808705
2020-08-27,1.319511651675239
2020-08-28,1.3226292604452874
2020-08-31,1.3222238493694782
2020-09-01,1.3242100172479947
2020-09-02,1.3223145527449982
2020-09-03,1.3204024360356996
2020-09-04,1.320715845906894
2020-09-07,1.3186876683068274
2020-09-08,1.3196785214805786
2020-09-09,1.31738740083451
2020-09-10,1.3168476211150602
2020-09-11,1.319676590613258
2020-09-14,1.318330146456252
2020-09-15,1.3184183157695164
2020-09-16,1.3178014639245332
2020-09-17,1.3155239553848432
2020-09-18,1.3180861869005291
2020-09-21,1.316842734556557
2020-09-22,1.3159362568374904
2020-09-23,1.3145813995297821
2020-09-24,1.3111064164995707
2020-09-25,1.3110489004775523
2020-09-28,1.3124813971180669
2020-09-29,1.3116041808160281
2020-09-30,1.3126997040608306
2020-10-09,1.3181678014281952
2020-10-12,1.3185381244650662
2020-10-13,1.319546756511364
2020-10-14,1.3187965328211901
2020-10-15,1.3179307631095283
2020-10-16,1.31510065582725
2020-10-19,1.3151704833917714
2020-10-20,1.3156435463352625
2020-10-21,1.318196398523832
2020-10-22,1.3199505619305782
2020-10-23,1.3178140961109328
2020-10-26,1.3185158934647165
2020-10-27,1.3207791080626172
2020-10-28,1.3231618641726217
2020-10-29,1.3226536415912116
2020-10-30,1.31998000523214
2020-11-02,1.320795497858651
2020-11-03,1.3227157346484566
2020-11-04,1.324253954211082
2020-11-05,1.3256276831120892
2020-11-06,1.324622205659962
2020-11-09,1.3272329980971946
2020-11-10,1.3280561410691365
2020-11-11,1.328992996932008
2020-11-12,1.327790196099982
2020-11-13,1.32496813461429
2020-11-16,1.3256242711931965
2020-11-17,1.323943189905106
2020-11-18,1.320845189528932
2020-11-19,1.3202540456543874
2020-11-20,1.323716497268074
2020-11-23,1.3245682486024677
2020-11-24,1.324432832503599
2020-11-25,1.3245642815406815
2020-11-26,1.3263710435349674
2020-11-27,1.3282785795470868
2020-11-30,1.3261814399737941
2020-12-01,1.326056987527378
2020-12-02,1.3269879677738121
2020-12-03,1.3283924824843378
2020-12-04,1.333342395304439
2020-12-07,1.3310954237090218
2020-12-08,1.329202442590122
2020-12-09,1.3313339054838969
2020-12-10,1.3317176511795865
2020-12-11,1.330894178320107
2020-12-14,1.3332613304502838
2020-12-15,1.3332817437846796
2020-12-16,1.333898313435986
2020-12-17,1.3360444728176732
2020-12-18,1.3372287329413366
2020-12-21,1.341834368506307
2020-12-22,1.3385906696847216
2020-12-23,1.339318932429678
2020-12-24,1.3400636588341877
2020-12-25,1.3415817727330483
2020-12-28,1.3402691290611652
2020-12-29,1.3394036429555423
2020-12-30,1.3417026455933339
2020-12-31,1.3454038072499068
2021-01-04,1.3465183194296777
2021-01-05,1.3478620600587472
2021-01-06,1.3494331370941226
2021-01-07,1.3521319178555613
2021-01-08,1.3536416490677998
2021-01-11,1.351329738448872
2021-01-12,1.3535084323467954
2021-01-13,1.354173066117406
2021-01-14,1.3529047256013325
2021-01-15,1.3523844572328174
2021-01-18,1.3523266378440144
2021-01-19,1.3507591627261841
2021-01-20,1.3523988290452633
2021-01-21,1.3549385851157647
2021-01-22,1.3532876615242067
2021-01-25,1.3522276038541186
2021-01-26,1.348491528174642
2021-01-27,1.3504579526807146
2021-01-28,1.348901685576173
2021-01-29,1.3470114069612815
2021-02-01,1.349360721084593
2021-02-02,1.35079405734855
2021-02-03,1.350420204922772
2021-02-04,1.351733490891618
2021-02-05,1.3517718365451983
2021-02-08,1.35306121455642
2021-02-09,1.355698303446288
2021-02-10,1.3563271036069906
2021-02-18,1.3562270437449466
2021-02-19,1.3570504962670882
2021-02-22,1.3555215466165564
2021-02-23,1.356803811973641
2021-02-24,1.3558371572814392
2021-02-25,1.3574977228813583
2021-02-26,1.356201796500571
2021-03-01,1.35740692512695
2021-03-02,1.355331176792413
2021-03-03,1.3559570543405874
2021-03-04,1.3539090909308786
2021-03-05,1.3543859091428547
2021-03-08,1.3548438589089384
2021-03-09,1.3528688331046483
2021-03-10,1.3517796864383522
2021-03-11,1.3521920018441338
2021-03-12,1.3512057797027437
2021-03-15,1.349801843000528
2021-03-16,1.349048223255875
2021-03-17,1.3499711717332434
2021-03-18,1.349264775909963
2021-03-19,1.3475600829530439
2021-03-22,1.348933011744053
2021-03-23,1.3506001661549905
2021-03-24,1.3504716937026306
2021-03-25,1.3499490164145753
2021-03-26,1.350094359861459
2021-03-29,1.3522344445669665
2021-03-30,1.3513497894523436
2021-03-31,1.3522983725003694
2021-04-01,1.3542512321320879
2021-04-02,1.3541622032864638
2021-04-06,1.3555441785308664
2021-04-07,1.355482977945901
2021-04-08,1.354106919000507
2021-04-09,1.353697843534271
2021-04-12,1.3529842068092424
2021-04-13,1.3540476602568412
2021-04-14,1.3546414205834403
2021-04-15,1.3553349130866899
2021-04-16,1.3561882535706804
2021-04-19,1.3573045472653151
2021-04-20,1.3584857752029587
2021-04-21,1.3589649027989998
2021-04-22,1.3575897138112059
2021-04-23,1.3574110498744774
2021-04-26,1.3553625702900975
2021-04-27,1.3559147819496724
2021-04-28,1.3564341487246936
2021-04-29,1.3566080257797348
2021-04-30,1.356580965949394
2021-05-06,1.358671842431765
2021-05-07,1.3586901523435664
2021-05-10,1.359164984081555
2021-05-11,1.3592688656645402
2021-05-12,1.360572214869769
2021-05-13,1.3576538929418933
2021-05-14,1.3577380654048157
2021-05-17,1.3592471584212331
2021-05-18,1.35878608105244
2021-05-19,1.357763921949402
2021-05-20,1.3578957481168592
2021-05-21,1.3569939100152666
2021-05-24,1.3567391953884225
2021-05-25,1.3582531790166485
2021-05-26,1.3572205959132875
2021-05-27,1.3575979764681492
2021-05-28,1.3568992893615335
2021-05-31,1.3571348877148321
2021-06-01,1.3587736542469075
2021-06-02,1.358942003164949
2021-06-03,1.3600922610468014
2021-06-04,1.359350595285268
2021-06-07,1.3582220612943956
2021-06-08,1.357757170789943
2021-06-09,1.358556519226619
2021-06-10,1.3594585410550497
2021-06-11,1.359393377515351
2021-06-15,1.3576623287103107
2021-06-16,1.356963514111182
2021-06-17,1.3565580062296838
2021-06-18,1.3564652420903967
2021-06-21,1.3567100129311929
2021-06-22,1.3578309768233392
2021-06-23,1.3597595912444964
2021-06-24,1.3600635749805685
2021-06-25,1.3617812770226234
2021-06-28,1.3622151251522483
2021-06-29,1.3597298213984208
2021-06-30,1.3611020216790364
2021-07-01,1.3598944711410403
2021-07-02,1.3596601971320443
2021-07-05,1.36144538383525
2021-07-06,1.361234042528947
2021-07-07,1.362295694774464
2021-07-08,1.3646380771472766
2021-07-09,1.364893405863917
2021-07-12,1.366496136707361
2021-07-13,1.367994912217552
2021-07-14,1.368088356839027
2021-07-15,1.3682118485732484
2021-07-16,1.3676167740688372
2021-07-19,1.3674421538209052
2021-07-20,1.3678661615722607
2021-07-21,1.3686901240870326
2021-07-22,1.3684363890299784
2021-07-23,1.3699163085601516
2021-07-26,1.3698884206985846
2021-07-27,1.3681529092358395
2021-07-28,1.3674633180544888
2021-07-29,1.3687558035471892
2021-07-30,1.3694062828633637
2021-08-02,1.3714174120589526
2021-08-03,1.371435586402938
2021-08-04,1.371333666797665
2021-08-05,1.3715280204322986
2021-08-06,1.3719121709237974
2021-08-09,1.3707024446298017
2021-08-10,1.3726431688733063
2021-08-11,1.3733382218498082
2021-08-12,1.3742296091829616
2021-08-13,1.3735156675997566
2021-08-16,1.372748499365991
2021-08-17,1.3717926450733322
2021-08-18,1.3709960204577323
2021-08-19,1.3700988535770497
2021-08-20,1.3695689730081
2021-08-23,1.3702982887154564
2021-08-24,1.3712165255049227
2021-08-25,1.3719706383511872
2021-08-26,1.3703171766659414
2021-08-27,1.371138648627596
2021-08-30,1.3703294775830046
2021-08-31,1.3694828337663127
2021-09-01,1.3702074054793165
2021-09-02,1.3702713567209581
2021-09-03,1.368879985300476
2021-09-06,1.3697662123659946
2021-09-07,1.369631789526489
2021-09-08,1.3687271069718314
2021-09-09,1.3703397811959253
2021-09-10,1.3711122765524055
2021-09-13,1.3693039946469883
2021-09-14,1.368604471071806
2021-09-15,1.369110894518787
2021-09-16,1.3688626886876114
2021-09-17,1.368512701027464
2021-09-22,1.3684460296634817
2021-09-23,1.3695375701359598
2021-09-24,1.367637013797995
2021-09-27,1.368707035653175
2021-09-28,1.368919930806878
2021-09-29,1.367069896747972
2021-09-30,1.3673190809076146
2021-10-08,1.36960957372798
2021-10-11,1.3684932390167477
2021-10-12,1.3683501003485
2021-10-13,1.369164297842709
2021-10-14,1.370033789151851
2021-10-15,1.3703505434476626
2021-10-18,1.3675189462386097
2021-10-19,1.3691305971443983
2021-10-20,1.3667796533464986
2021-10-21,1.3662231610611968
2021-10-22,1.3666320198954196
2021-10-25,1.3666130402973926
2021-10-26,1.3660551516315873
2021-10-27,1.3659827694560567
2021-10-28,1.366001732196706
2021-10-29,1.3665096312980982
2021-11-01,1.3654593901338823
2021-11-02,1.3648309238106675
2021-11-03,1.3656970070078773
2021-11-04,1.3637897667264063
2021-11-05,1.3645831789734548
2021-11-08,1.3667390076792367
2021-11-09,1.365721727467598
2021-11-10,1.3644526662115761
2021-11-11,1.3645991136691447
2021-11-12,1.3632083375296544
2021-11-15,1.364828020448712
2021-11-16,1.3646378879157086
2021-11-17,1.364632873726577
2021-11-18,1.3656469139697385
2021-11-19,1.3689002995752853
2021-11-22,1.368151889861132
2021-11-23,1.3670493236457717
2021-11-24,1.3689813184646205
2021-11-25,1.3690000228986676
2021-11-26,1.3662917030673547
2021-11-29,1.366549640405393
2021-11-30,1.363782095981159
2021-12-01,1.365194968264135
2021-12-02,1.364026311999657
2021-12-03,1.3646820759867835
2021-12-06,1.3668719191059433
2021-12-07,1.3672908735159872
2021-12-08,1.369121956424908
2021-12-09,1.3694397375713967
2021-12-10,1.3680783074426563
2021-12-13,1.3697882240536035
2021-12-14,1.3683309396415888
2021-12-15,1.3685876155174657
2021-12-16,1.3692422328029472
2021-12-17,1.368185315286019
2021-12-20,1.365714089817743
2021-12-21,1.366251041733337
2021-12-22,1.366444021471134
2021-12-23,1.3677455562533793
2021-12-24,1.3678690827478635
2021-12-27,1.366700534704314
2021-12-28,1.3669884730262483
2021-12-29,1.3661247559851666
2021-12-30,1.3675897323272186
2021-12-31,1.3670205536136537
2022-01-04,1.3668757830605807
2022-01-05,1.3663827693329653
2022-01-06,1.366138859916705
2022-01-07,1.3660796414929548
2022-01-10,1.3671077245655119
2022-01-11,1.3657399772031193
2022-01-12,1.3685002089033982
2022-01-13,1.3661428027497224
2022-01-14,1.367357701588862
2022-01-17,1.368760622856179
2022-01-18,1.3712726104600066
2022-01-19,1.372126258822653
2022-01-20,1.3737355563858287
2022-01-21,1.373387047611087
2022-01-24,1.3745293444012923
2022-01-25,1.372415582904603
2022-01-26,1.3723209747763083
2022-01-27,1.3701111946269917
2022-01-28,1.3681960134776003
2022-02-07,1.3695693876834618
2022-02-08,1.3682775316935778
2022-02-09,1.367743264298731
2022-02-10,1.3678228158967747
2022-02-11,1.3649641881559214
2022-02-14,1.3633223085292527
2022-02-15,1.3639672994169372
2022-02-16,1.3637515451096456
2022-02-17,1.3655339160626279
2022-02-18,1.3649694108073411
2022-02-21,1.3636826466867207
2022-02-22,1.3622327857014669
2022-02-23,1.364193565865697
2022-02-24,1.3641392657409668
2022-02-25,1.3636345577558118
2022-02-28,1.3653882939674933
2022-03-01,1.3661704820222178
2022-03-02,1.3666086780711866
2022-03-03,1.3667214594829744
2022-03-04,1.3657039651256142
2022-03-07,1.3658931751637728
2022-03-08,1.3653759108305756
2022-03-09,1.3653888729956705
2022-03-10,1.3653275469405053
2022-03-11,1.364693281846324
2022-03-14,1.3633648437597268
2022-03-15,1.3594339195567893
2022-03-16,1.3629901893637497
2022-03-17,1.3633247075906938
2022-03-18,1.3644274604835422
2022-03-21,1.3638069551470116
2022-03-22,1.3644807482983872
2022-03-23,1.3651680543852962
2022-03-24,1.3647709191677078
2022-03-25,1.3643512645179956
2022-03-28,1.3639626758883947
2022-03-29,1.3645903866754063
2022-03-30,1.3659914076557256
2022-03-31,1.3660287989121012
2022-04-01,1.3658497536591474
2022-04-06,1.3671521988103246
2022-04-07,1.364816476533824
2022-04-08,1.366886755914943
2022-04-11,1.3647572454968155
2022-04-12,1.3654302037511876
2022-04-13,1.363853802741058
2022-04-14,1.367815052241598
2022-04-15,1.3690754791889446
2022-04-18,1.3669950400418442
2022-04-19,1.3656714943370951
2022-04-20,1.3646777304270288
2022-04-21,1.3646919661990906
2022-04-22,1.3645453780002876
2022-04-25,1.3610182394805135
2022-04-26,1.3613668748822176
2022-04-27,1.3623244599090347
2022-04-28,1.3619300346950343
2022-04-29,1.3653329378248893
2022-05-05,1.3612465649171825
2022-05-06,1.3611082181059306
2022-05-09,1.3594969762933966
2022-05-10,1.3612010118593751
2022-05-11,1.3614760222263167
2022-05-12,1.361691084230906
2022-05-13,1.3618306753144058
2022-05-16,1.3621031479918646
2022-05-17,1.363341148260287
2022-05-18,1.3622552740576575
2022-05-19,1.3632900047555625
2022-05-20,1.363686683684305
2022-05-23,1.3638336939003424
2022-05-24,1.362588406286548
2022-05-25,1.36245317781838
2022-05-26,1.3622267068974891
2022-05-27,1.3620708994989696
2022-05-30,1.3621226375979218
2022-05-31,1.3628354494688772
2022-06-01,1.3638721303307968
2022-06-02,1.364347461621926
2022-06-06,1.3631389750513008
2022-06-07,1.3617800064770524
2022-06-08,1.3640777771708785
2022-06-09,1.364522409523669
2022-06-10,1.3658513776036243
2022-06-13,1.3655836837289397
2022-06-14,1.3657519888098675
2022-06-15,1.3659697869770304
2022-06-16,1.3663487258924172
2022-06-17,1.3673873214744876
2022-06-20,1.3669868654350184
2022-06-21,1.3683306267848896
2022-06-22,1.3660246752228655
2022-06-23,1.3673020147241715
2022-06-24,1.367694746773515
2022-06-27,1.3676093690799553
2022-06-28,1.368983462859191
2022-06-29,1.3676058030549796
2022-06-30,1.369610375859908
2022-07-01,1.3684448800942075
2022-07-04,1.3676316796798624
2022-07-05,1.3684042538791954
2022-07-06,1.3684364378339835
2022-07-07,1.367345086177245
2022-07-08,1.36746512359021
2022-07-11,1.366772582983882
2022-07-12,1.366455573424594
2022-07-13,1.3667788624317556
2022-07-14,1.3665071690974058
2022-07-15,1.365960292627052
2022-07-18,1.369171819563166
2022-07-19,1.368277262146934
2022-07-20,1.3701018724646057
2022-07-21,1.3709876676559702
2022-07-22,1.3704976382063356
2022-07-25,1.3701047811828064
2022-07-26,1.3723455003992093
2022-07-27,1.371050769534483
2022-07-28,1.371207589126089
2022-07-29,1.3726839320253124
2022-08-01,1.3756683259044842
2022-08-02,1.3755545670127611
2022-08-03,1.37487459224514
2022-08-04,1.376434380925488
2022-08-05,1.3774845978519052
2022-08-08,1.3792864277712513
2022-08-09,1.3781449510876356
2022-08-10,1.377440756923898
2022-08-11,1.3785781823654968
2022-08-12,1.3783632945814361
2022-08-15,1.380453549006222
2022-08-16,1.3814832092175133
2022-08-17,1.3816239292200416
2022-08-18,1.3822969508024197
2022-08-19,1.3822705052931012
2022-08-22,1.3826182625984287
2022-08-23,1.3817124894950046
2022-08-24,1.3811564688775173
2022-08-25,1.3805993672096497
2022-08-26,1.3816736969919965
2022-08-29,1.3806506753554333
2022-08-30,1.3806192216928341
2022-08-31,1.3820710592920007
2022-09-01,1.381708850765376
2022-09-02,1.3812497620090773
2022-09-05,1.3825340562249726
2022-09-06,1.3838057093980243
2022-09-07,1.3826018297412674
2022-09-08,1.3824175011586484
2022-09-09,1.383106036220321
2022-09-13,1.3841778232785542
2022-09-14,1.3833188011276227
2022-09-15,1.3834511219562464
2022-09-16,1.381931509946769
2022-09-19,1.381570867429712
2022-09-20,1.3805756047655409
2022-09-21,1.3798836848633314
2022-09-22,1.3775943318012294
2022-09-23,1.3768501303583178
2022-09-26,1.374662143305616
2022-09-27,1.3747341178491146
2022-09-28,1.3740227702811563
2022-09-29,1.3742101700020888
2022-09-30,1.37401875578103
2022-10-10,1.3753868367334996
2022-10-11,1.3760332002964684
2022-10-12,1.3759907574217987
2022-10-13,1.3757431586740723
2022-10-14,1.3788743927545501
2022-10-17,1.3783494094270818
2022-10-18,1.378429522786549
2022-10-19,1.3782696990406837
2022-10-20,1.3779445015485148
2022-10-21,1.376957032742726
2022-10-24,1.3755586457889462
2022-10-25,1.3746570540434486
2022-10-26,1.3742938225755608
2022-10-27,1.375812351202364
2022-10-28,1.3733731420354858
2022-10-31,1.3720335043168144
2022-11-01,1.373360966182539
2022-11-02,1.3739135247120688
2022-11-03,1.3739200501733277
2022-11-04,1.3738598113073608
2022-11-07,1.375103022719809
2022-11-08,1.3755998972442829
2022-11-09,1.3750035237075802
2022-11-10,1.3737765639624995
2022-11-11,1.3731473003891108
2022-11-14,1.3673208172922011
2022-11-15,1.3670494853928725
2022-11-16,1.3654998751033811
2022-11-17,1.3652103631518278
2022-11-18,1.36572838535219
2022-11-21,1.3655567701444697
2022-11-22,1.3650038086248792
2022-11-23,1.3670816305429958
2022-11-24,1.367402855920132
2022-11-25,1.366930914948366
2022-11-28,1.3646005058338195
2022-11-29,1.3641848281099493
2022-11-30,1.3654016787293497
2022-12-01,1.3684755648342715
2022-12-02,1.3690529653312544
2022-12-05,1.3697840169539992
2022-12-06,1.36884897882024
2022-12-07,1.3682562240961353
2022-12-08,1.3680970078576564
2022-12-09,1.3700826921637173
2022-12-12,1.3686375066054706
2022-12-13,1.3696658619774191
2022-12-14,1.371693631463144
2022-12-15,1.372118008978796
2022-12-16,1.3699532859960777
2022-12-19,1.3695832061913635
2022-12-20,1.368435561302417
2022-12-21,1.370123793662145
2022-12-22,1.371841126006826
2022-12-23,1.3746862943009515
2022-12-26,1.373855143639408
2022-12-27,1.3748276647498394
2022-12-28,1.374933656886975
2022-12-29,1.3757250602405406
2022-12-30,1.377458159615521
2023-01-03,1.3785040034010179
2023-01-04,1.3786371584469725
2023-01-05,1.3793015042295824
2023-01-06,1.3786495997172634
2023-01-09,1.3794101651658652
2023-01-10,1.3767097724465325
2023-01-11,1.3768489042687824
2023-01-12,1.376976633691182
2023-01-13,1.3768850134636996
2023-01-16,1.374823068325425
2023-01-17,1.3752714406187676
2023-01-18,1.3779720941103548
2023-01-19,1.3782196387168004
2023-01-20,1.37903610221551
2023-01-30,1.3794676620172666
2023-01-31,1.3790761865103573
2023-02-01,1.380290038516626
2023-02-02,1.3778892125116575
2023-02-03,1.3774700144151133
2023-02-06,1.3750467141374807
2023-02-07,1.3748109557159451
2023-02-08,1.3758399141493691
2023-02-09,1.3763156504340193
2023-02-10,1.3749018071016406
2023-02-13,1.3772649833270727
2023-02-14,1.3756153075336666
2023-02-15,1.377281309236697
2023-02-16,1.3779658702714412
2023-02-17,1.3749765536691045
2023-02-20,1.375826291079446
2023-02-21,1.3758106598956736
2023-02-22,1.376337183098572
2023-02-23,1.376060787991945
2023-02-24,1.3762851433114298
2023-02-27,1.374404016478189
2023-02-28,1.3758809792450206
2023-03-01,1.3793780429820501
2023-03-02,1.378041021641818
2023-03-03,1.3789304661800754
2023-03-06,1.3785942569232066
2023-03-07,1.3784487733342148
2023-03-08,1.378632486669783
2023-03-09,1.3800702708217283
2023-03-10,1.3794058384881258
2023-03-13,1.381911350069273
2023-03-14,1.3805916164029555
2023-03-15,1.3796104464928702
2023-03-16,1.3790423457368277
2023-03-17,1.3796007099847234
2023-03-20,1.3807644717487144
2023-03-21,1.3830917046440878
2023-03-22,1.3855492663303905
2023-03-23,1.3861759490473335
2023-03-24,1.3856111664453237
2023-03-27,1.3868190363010306
2023-03-28,1.3866806777590481
2023-03-29,1.385750166909725
2023-03-30,1.3863902895050035
2023-03-31,1.3872795593246725
2023-04-03,1.3879981985512064
2023-04-04,1.3873379998531978
2023-04-06,1.386898230130371
2023-04-07,1.3867518789274902
2023-04-10,1.386236428124303
2023-04-11,1.3845940905329646
2023-04-12,1.3859110126130532
2023-04-13,1.384823515325668
2023-04-14,1.3864919069231854
2023-04-17,1.3881934170609396
2023-04-18,1.389219596655472
2023-04-19,1.390922456780379
2023-04-20,1.3911516384236855
2023-04-21,1.3888383366730725
2023-04-24,1.387310989043313
2023-04-25,1.387527716593118
2023-04-26,1.3865934812496756
2023-04-27,1.3844422887643126
2023-04-28,1.384234738290035
2023-05-04,1.3849439729411777
2023-05-05,1.3851955080392482
2023-05-08,1.3878843463518145
2023-05-09,1.3872715296086342
2023-05-10,1.3867221029740244
2023-05-11,1.3858618703996173
2023-05-12,1.3826847389757315
2023-05-15,1.3838929831162459
2023-05-16,1.3837938531679839
2023-05-17,1.3835786083759865
2023-05-18,1.3843017788830505
2023-05-19,1.3838521638131478
2023-05-22,1.3838329171351307
2023-05-23,1.3836481389387454
2023-05-24,1.3819995701220278
2023-05-25,1.3805397038970728
2023-05-26,1.381908578338523
2023-05-29,1.379933921213297
2023-05-30,1.378817797430772
2023-05-31,1.3772396162079257
2023-06-01,1.379880809732668
2023-06-02,1.3826717160630122
2023-06-05,1.3823572631550491
2023-06-06,1.382420547455486
2023-06-07,1.381998241144643
2023-06-08,1.384692860447879
2023-06-09,1.3864426401248324
2023-06-12,1.3849087778566616
2023-06-13,1.387939259293971
2023-06-14,1.3892122646306326
2023-06-15,1.3884273244720948
2023-06-16,1.3882689733095885
2023-06-19,1.3863293266593892
2023-06-20,1.3872595916712591
2023-06-21,1.3861560260528467
2023-06-26,1.3847302981041016
2023-06-27,1.3856695374165942
2023-06-28,1.3861664362479191
2023-06-29,1.3870196538720736
2023-06-30,1.3888259607972915
2023-07-03,1.3897718383679218
2023-07-04,1.38890075319114
2023-07-05,1.3877777427526143
2023-07-06,1.3885373365068683
2023-07-07,1.388709221229635
2023-07-10,1.388604691908635
2023-07-11,1.390167445449063
2023-07-12,1.3901642798805096
2023-07-13,1.390745570125404
2023-07-14,1.390984147251743
2023-07-17,1.389024445420105
2023-07-18,1.3875965288079148
2023-07-19,1.3886298575921763
2023-07-20,1.389291716146705
2023-07-21,1.3897774975744
2023-07-24,1.389160621133061
2023-07-25,1.3893908417162535
2023-07-26,1.3885461952935612
2023-07-27,1.3881285043349156
2023-07-28,1.388356107926448
2023-07-31,1.3882229774573323
2023-08-01,1.3867861378075208
2023-08-02,1.3871937272257922
2023-08-03,1.386887136272617
2023-08-04,1.386829662004481
2023-08-07,1.3860293918828757
2023-08-08,1.3852264069573892
2023-08-09,1.384920696494231
2023-08-10,1.385293919998893
2023-08-11,1.383278489369947
2023-08-14,1.383823442266715
2023-08-15,1.3853022668614878
2023-08-16,1.3840897392331952
2023-08-17,1.384730841358752
2023-08-18,1.3854692469072039
2023-08-21,1.3863576053485351
2023-08-22,1.3872959835654357
2023-08-23,1.3876009522773747
2023-08-24,1.3884462354682365
2023-08-25,1.387710922186556
2023-08-28,1.3869516948305547
2023-08-29,1.3879069887443767
2023-08-30,1.3877912657394786
2023-08-31,1.3876807927038177
2023-09-01,1.387810239563999
2023-09-04,1.3872417108927488
2023-09-05,1.3866021224778362
2023-09-06,1.3859235139200612
2023-09-07,1.3829458127445577
2023-09-08,1.3813080040394528
2023-09-11,1.3803228063180466
2023-09-12,1.3812417647821198
2023-09-13,1.3814690990210157
2023-09-14,1.3814503492279548
2023-09-15,1.3823431231800365
2023-09-18,1.3826305882176948
2023-09-19,1.3822095854924035
2023-09-20,1.3831989463168468
2023-09-21,1.3818987846211799
2023-09-22,1.3843712715286556
2023-09-25,1.3826409183367177
2023-09-26,1.381034562297397
2023-09-27,1.3808114351610237
2023-09-28,1.38178864362389
2023-10-09,1.3839273268068335
2023-10-10,1.3821933876357213
2023-10-11,1.3829043066612012
2023-10-12,1.3835344599749764
2023-10-13,1.38283578791058
2023-10-16,1.3831953797995877
2023-10-17,1.3816019507160018
2023-10-18,1.3803749977803725
2023-10-19,1.3782346210619145
2023-10-20,1.378281819784042
2023-10-23,1.3776568332001147
2023-10-24,1.3761495608893808
2023-10-25,1.3768395880390427
2023-10-26,1.3768389899019664
2023-10-27,1.3778367054705154
2023-10-30,1.3782891285145533
2023-10-31,1.3788003884775615
2023-11-01,1.3798769883220583
2023-11-02,1.3800860232554735
2023-11-03,1.3798230816682826
2023-11-06,1.380716687647413
2023-11-07,1.3794149402204303
2023-11-08,1.3794820085418569
2023-11-09,1.3806798033044045
2023-11-10,1.3805864568790711
2023-11-13,1.3808489744779324
2023-11-14,1.3815378838809516
2023-11-15,1.381921602554588
2023-11-16,1.382602096983552
2023-11-17,1.382178784980659
2023-11-20,1.3831179920512149
2023-11-21,1.3827893723592393
2023-11-22,1.3823385405924886
2023-11-23,1.3815840232246912
2023-11-24,1.382292309201101
2023-11-27,1.3800454869244696
2023-11-28,1.3779594302372655
2023-11-29,1.3774110604205503
2023-11-30,1.3778125139534407
2023-12-01,1.3758777985915542
2023-12-04,1.3760221321709245
2023-12-05,1.3735857592540084
2023-12-06,1.3745666525873308
2023-12-07,1.375537182610449
2023-12-08,1.3779408469746444
2023-12-11,1.3788835960273325
2023-12-12,1.3797574198764513
2023-12-13,1.3780716457831548
2023-12-14,1.3785831098283443
2023-12-15,1.3797242661395621
2023-12-18,1.3797370273889407
2023-12-19,1.37989670945624
2023-12-20,1.3801131762182086
2023-12-21,1.381719473522683
2023-12-22,1.382165654307799
2023-12-25,1.382991082657829
2023-12-26,1.3839534072066948
2023-12-27,1.3846757986142981
2023-12-28,1.3874054483687592
2023-12-29,1.3877237876162454
2024-01-02,1.3870896651937976
2024-01-03,1.386004584680671
2024-01-04,1.3868884812880595
2024-01-05,1.388440110216152
2024-01-08,1.3882654536947876
2024-01-09,1.3897821893899776
2024-01-10,1.3878163019265877
2024-01-11,1.388458973658911
2024-01-12,1.3901177091425454
2024-01-15,1.3900735737848504
2024-01-16,1.3909821964756837
2024-01-17,1.3890075714737966
2024-01-18,1.3920494571811923
2024-01-19,1.3917378982114446
2024-01-22,1.3928731080348848
2024-01-23,1.3940272988429536
2024-01-24,1.396561410822485
2024-01-25,1.3985056165167562
2024-01-26,1.3991837497304551
2024-01-29,1.3998133101379044
2024-01-30,1.3992686027923884
2024-01-31,1.3986696814613402
2024-02-01,1.3998957877561675
2024-02-02,1.3983455433724983
2024-02-05,1.4007408324002146
2024-02-06,1.4026612156285723
2024-02-07,1.4027763947823593
2024-02-08,1.4039257018075109
2024-02-19,1.4060034773763832
2024-02-20,1.4048710895049468
2024-02-21,1.4054884776074013
2024-02-22,1.4058531344509055
2024-02-23,1.4076269403741248
2024-02-26,1.406351319581188
2024-02-27,1.4087279395724195
2024-02-28,1.4071597687493171
2024-02-29,1.408832571004728
2024-03-01,1.408962712294475
2024-03-04,1.410315407512565
2024-03-05,1.4101897020551617
2024-03-06,1.413422964577179
2024-03-07,1.414101439888234
2024-03-08,1.4151527442240963
2024-03-11,1.4142959189668252
2024-03-12,1.411706787420066
2024-03-13,1.410217363302131
2024-03-14,1.4105816772871456
2024-03-15,1.4102214794794539
2024-03-18,1.4134419978440704
2024-03-19,1.4133411047879936
2024-03-20,1.4128132886984162
2024-03-21,1.413175014648067
2024-03-22,1.4108691301400256
2024-03-25,1.4110903307111662
2024-03-26,1.410660298939084
2024-03-27,1.4120497410766464
2024-03-28,1.4130447159364818
2024-03-29,1.413525212927208
2024-04-01,1.4159751905260127
2024-04-02,1.4157483668290092
2024-04-03,1.4166035107224764
2024-04-08,1.4161484414435275
2024-04-09,1.4161530706193326
2024-04-10,1.4152916213777857
2024-04-11,1.4153300867490173
2024-04-12,1.416041524810771
2024-04-15,1.4183467173131898
2024-04-16,1.417102002256331
2024-04-17,1.41961121160558
2024-04-18,1.4196404170983363
2024-04-19,1.4217797320837768
2024-04-22,1.4222680929967961
2024-04-23,1.4223284784995704
2024-04-24,1.4207806224109694
2024-04-25,1.4197372469247604
2024-04-26,1.4219995527184988
2024-04-29,1.4181616734599483
2024-04-30,1.4184500405945697
2024-05-06,1.4202870424416565
2024-05-07,1.4234525088062353
2024-05-08,1.4224374832349729
2024-05-09,1.4225807624231568
2024-05-10,1.4235110451122313
2024-05-13,1.4242975962237963
2024-05-14,1.426339525345405
2024-05-15,1.4259751731179335
2024-05-16,1.4255134873489643
2024-05-17,1.4292663974842763
2024-05-20,1.4320022603384115
2024-05-21,1.4299631364749454
2024-05-22,1.4313198620665066
2024-05-23,1.431471667432004
2024-05-24,1.4319439349901504
2024-05-27,1.4332100212839998
2024-05-28,1.432853421634082
2024-05-29,1.4347109945543814
2024-05-30,1.4321010510081615
2024-05-31,1.430254143682254
2024-06-03,1.4281929218278409
2024-06-04,1.4280995852355625
2024-06-05,1.4263363387268788
2024-06-06,1.427315718943236
2024-06-07,1.4275854624137647
2024-06-11,1.4238389396504427
2024-06-12,1.42529919648834
2024-06-13,1.4258438634757633
2024-06-14,1.4272581134412656
2024-06-17,1.426166624260015
2024-06-18,1.4275187708390293
2024-06-19,1.4281280105289882
2024-06-20,1.4287186184286493
2024-06-21,1.426562638473749
2024-06-24,1.4237587358702766
2024-06-25,1.4239948493353256
2024-06-26,1.4235727727435397
2024-06-27,1.4207772662908986
2024-06-28,1.4214902496433304
2024-07-01,1.4212869654914215
2024-07-02,1.4230564546437274
2024-07-03,1.4235928674408644
2024-07-04,1.4236831511633992
2024-07-05,1.4216364338515695
2024-07-08,1.4192168256510187
2024-07-09,1.4192116139462452
2024-07-10,1.4188117216414942
2024-07-11,1.4203236069149021
2024-07-12,1.4200676471956932
2024-07-15,1.4193635963307634
2024-07-16,1.421085126897883
2024-07-17,1.419501425717257
2024-07-18,1.4202150211273032
2024-07-19,1.4193246134889161
2024-07-22,1.4183192472249608
2024-07-23,1.4158513908147616
2024-07-24,1.4164542870090582
2024-07-25,1.4160846162593377
2024-07-26,1.4179466402455643
2024-07-29,1.4174123847864764
2024-07-30,1.4171065011201538
2024-07-31,1.4197050913402647
2024-08-01,1.4209346255200321
2024-08-02,1.4196837842072711
2024-08-05,1.4171874397068904
2024-08-06,1.4140734473697991
2024-08-07,1.4172164981288171
2024-08-08,1.4166286062409021
2024-08-09,1.415954482557519
2024-08-12,1.411808347895156
2024-08-13,1.4144548328402295
2024-08-14,1.414073421254926
2024-08-15,1.41357495710535
2024-08-16,1.414282711456905
2024-08-19,1.4151274927437618
2024-08-20,1.4144353696945142
2024-08-21,1.4138406546557734
2024-08-22,1.4121552725372402
2024-08-23,1.4113903463045558
2024-08-26,1.41469338606885
2024-08-27,1.4158976411792947
2024-08-28,1.4145352221956684
2024-08-29,1.4131200422529253
2024-08-30,1.4156243109686908
2024-09-02,1.4134720496230373
2024-09-03,1.4126294745024903
2024-09-04,1.4097234874202516
2024-09-05,1.4089516075875954
2024-09-06,1.4060752794487885
2024-09-09,1.4047178215125178
2024-09-10,1.4033330639753696
2024-09-11,1.404639753923309
2024-09-12,1.406894072910629
2024-09-13,1.4061316483544841
2024-09-18,1.4089053054628013
2024-09-19,1.41261255165166
2024-09-20,1.4126713747994786
2024-09-23,1.4127893968171503
2024-09-24,1.4162207691747286
2024-09-25,1.4205004057612338
2024-09-26,1.4236993533429136
2024-09-27,1.424699772734031
2024-09-30,1.4315930438535374
2024-10-08,1.432564207557461
2024-10-09,1.425014380014985
2024-10-10,1.425900377055361
2024-10-11,1.4256980100434935
2024-10-14,1.4266042468658027
2024-10-15,1.425485766953192
2024-10-16,1.4270951805250083
2024-10-17,1.426123880177548
2024-10-18,1.4292662565883614
2024-10-21,1.4311748988235526
2024-10-22,1.4341966160707535
2024-10-23,1.4349345628709196
2024-10-24,1.4335322595332818
2024-10-25,1.430189462002539
2024-10-28,1.426695056213768
2024-10-29,1.422771162804172
2024-10-30,1.4220747752486322
2024-10-31,1.42333656616856
2024-11-01,1.4232201636685655
2024-11-04,1.4245068118544568
2024-11-05,1.4262857852712412
2024-11-06,1.4264211564648863
2024-11-07,1.4286538678235454
2024-11-08,1.4258840141651006
2024-11-11,1.4259694012421393
2024-11-12,1.4257224906159223
2024-11-13,1.4249783818682098
2024-11-14,1.4236550409628126
2024-11-15,1.4218524473281315
2024-11-18,1.421632561822963
2024-11-19,1.4221850586993843
2024-11-20,1.4206484041130933
2024-11-21,1.4189255310950928
2024-11-22,1.4162662901899477
2024-11-25,1.4175963384282795
2024-11-26,1.4181234333333173
2024-11-27,1.4178484625377854
2024-11-28,1.4184476087757252
2024-11-29,1.420401454795005
2024-12-02,1.4235212457400606
2024-12-03,1.4234541379098753
2024-12-04,1.4247821151435445
2024-12-05,1.4263960888560656
2024-12-06,1.4274252406904584
2024-12-09,1.428750950710194
2024-12-10,1.4346456469251088
2024-12-11,1.4345434385413718
2024-12-12,1.437367905322635
2024-12-13,1.4368317204958492
2024-12-16,1.437391622855632
2024-12-17,1.4376980925967437
2024-12-18,1.4358974611270714
2024-12-19,1.4341845185045974
2024-12-20,1.438694943034493
2024-12-23,1.439491514112466
2024-12-24,1.4389314171677436
2024-12-25,1.4379689983785546
2024-12-26,1.4378598936431215
2024-12-27,1.4396932629389207
2024-12-30,1.4408099209566056
2024-12-31,1.4418463244463506
2025-01-02,1.441134101029597
2025-01-03,1.4413170309708507
2025-01-06,1.4422961925082058
2025-01-07,1.443949594866161
2025-01-08,1.4449942553980666
2025-01-09,1.4444618864023573
2025-01-10,1.4483929071713983
2025-01-13,1.44937422501712
2025-01-14,1.4523630794581814
2025-01-15,1.4510975560787664
2025-01-16,1.4530481126939474
2025-01-17,1.4536071607541248
2025-01-20,1.4552108989545058
2025-01-21,1.4545878694566625
2025-01-22,1.4548389662204912
2025-01-23,1.454287031343845
2025-01-24,1.454685362889098
2025-01-27,1.454835068100699
2025-02-05,1.4568060859431822
2025-02-06,1.4627683729844714
2025-02-07,1.464309103226401
2025-02-10,1.4639634402903667
2025-02-11,1.46540603542262
2025-02-12,1.4633366821740845
2025-02-13,1.4605693149050345
2025-02-14,1.458932612989586
2025-02-17,1.457271504324909
2025-02-18,1.457780681583882
2025-02-19,1.4599848454160718
2025-02-20,1.4605139567442837
2025-02-21,1.4614044355956992
2025-02-24,1.4591491819959734
2025-02-25,1.4567572789669019
2025-02-26,1.4563562213651002
2025-02-27,1.450857507461952
2025-02-28,1.4504463068839666
2025-03-03,1.4467461313107122
2025-03-04,1.4447923550625865
2025-03-05,1.4465676206887224
2025-03-06,1.4490706340420618
2025-03-07,1.4464044138663523
2025-03-10,1.4459529643420936
2025-03-11,1.4428132963787905
2025-03-12,1.4435871104856592
2025-03-13,1.4454088485441015
2025-03-14,1.4503019040930925
2025-03-17,1.446335698966143
2025-03-18,1.4465919708896449
2025-03-19,1.445651315814045
2025-03-20,1.448966561335564
2025-03-21,1.4465713394666113
2025-03-24,1.448307791545989
2025-03-25,1.4469896227049297
2025-03-26,1.447350178179533
2025-03-27,1.4461624441697667
2025-03-28,1.4473866427436173
2025-03-31,1.442542678374469
2025-04-01,1.4442317330572034
2025-04-02,1.4460315722590507
2025-04-03,1.447403994114055
2025-04-07,1.4440960155134888
2025-04-08,1.4413650863495722
2025-04-09,1.440104838031769
2025-04-10,1.4445506566848303
2025-04-11,1.4448708889834343
2025-04-14,1.443427673027752
2025-04-15,1.4438170400598225
2025-04-16,1.4446617005019053
2025-04-17,1.4466905127718699
2025-04-18,1.4441950058334365
2025-04-21,1.4479285374032385
2025-04-22,1.4470590818653593
2025-04-23,1.4473632437293882
2025-04-24,1.446903279788843
2025-04-25,1.4467560004392315
2025-04-28,1.4486732698756866
2025-04-29,1.44910537115223
2025-04-30,1.4496235399838084
2025-05-06,1.450267903408244
2025-05-07,1.451500469437136
2025-05-08,1.451640224598526
2025-05-09,1.451716985373962
2025-05-12,1.4545711264095973
2025-05-13,1.452698646261291
2025-05-14,1.4555552112766472
2025-05-15,1.452520900807485
2025-05-16,1.4504221750913755
2025-05-19,1.4502438150246273
2025-05-20,1.4508533119686093
2025-05-21,1.4540673390991534
2025-05-22,1.4556067467943643
2025-05-23,1.4554050501319364
2025-05-26,1.4526664737785475
2025-05-27,1.453347345326724
2025-05-28,1.4521619367424994
2025-05-29,1.4537700831312603
2025-05-30,1.45374166315307
2025-06-03,1.45385500964803
2025-06-04,1.453913028179211
2025-06-05,1.4517843075215688
2025-06-06,1.452253359372446
2025-06-09,1.4526594127227803
2025-06-10,1.4545955092166931
2025-06-11,1.4551426741968736
2025-06-12,1.4536311742419472
2025-06-13,1.454695648747
2025-06-16,1.4562603770837728
2025-06-17,1.4578540763452537
2025-06-18,1.4620210492596426
2025-06-19,1.463915698765154
2025-06-20,1.4633131844572673
2025-06-23,1.4645417711643947
2025-06-24,1.463476386578973
2025-06-25,1.4655060212603812
2025-06-26,1.4637580932486447
2025-06-27,1.4664972287544118
2025-06-30,1.4668172199221097
2025-07-01,1.4683503390961135
2025-07-02,1.4674188770999792
2025-07-03,1.4688866316587488
2025-07-04,1.4695616167318488
2025-07-07,1.46834638812716
2025-07-08,1.4700622278728728
2025-07-09,1.4704697344262132
2025-07-10,1.472327711652674
2025-07-11,1.4751103512090005
2025-07-14,1.4760518771667646
2025-07-15,1.472215130618652
2025-07-16,1.4701538871610529
2025-07-17,1.4700326929497927
2025-07-18,1.4722035661911221
2025-07-21,1.4717459717120185
2025-07-22,1.47435546867319
2025-07-23,1.4751132753057563
2025-07-24,1.4757674883586382
2025-07-25,1.474487625737297
2025-07-28,1.4761311543697162
2025-07-29,1.476414632761821
2025-07-30,1.4769081608546557
2025-07-31,1.473462590271067
2025-08-01,1.4766229453165662
2025-08-04,1.4748418317944882
2025-08-05,1.4770911625251957
2025-08-06,1.4778528700313927
2025-08-07,1.4759680989638622
2025-08-08,1.4739448721297888
2025-08-11,1.4721749524439443
2025-08-12,1.472240931213597
2025-08-13,1.4742048004054733
2025-08-14,1.4704580701266132
2025-08-15,1.470964649583826
2025-08-18,1.4670611228467207
2025-08-19,1.467498399771512
2025-08-20,1.4693647732101407
2025-08-21,1.4712283478911545
2025-08-22,1.4704084112092919
2025-08-25,1.4730322565004303
2025-08-26,1.4747983181833693
2025-08-27,1.4711564305041411
2025-08-28,1.4726680765808424
2025-08-29,1.4735012741408917
2025-09-01,1.4744593569614588
2025-09-02,1.4748142875176866
2025-09-03,1.4758692874140051
2025-09-04,1.4730289938231984
2025-09-05,1.4732735818171867
2025-09-08,1.474090078505026
2025-09-09,1.4710326808350798
2025-09-10,1.469378418940485
2025-09-11,1.4727506695609054
2025-09-12,1.471462381426606
2025-09-15,1.4741485726234638
2025-09-16,1.4748828847537119
2025-09-17,1.477296588097916
2025-09-18,1.4751013427461215
2025-09-19,1.4758113737529905
2025-09-22,1.4747267671948816
2025-09-23,1.47211209730737
2025-09-24,1.4748505040824536
2025-09-25,1.4779740683965896
2025-09-26,1.477571139590805
2025-09-29,1.4776915117176674
2025-09-30,1.4785985015354546
2025-10-09,1.4872107127719054
2025-10-10,1.485339286304698
2025-10-13,1.4885831380871166
2025-10-14,1.488077110260583
2025-10-15,1.4901725047874699
2025-10-16,1.4910411164942885
2025-10-17,1.4894283729372786
2025-10-20,1.4906224276922346
2025-10-21,1.4942682613089004
2025-10-22,1.4928707331672253
2025-10-23,1.493280308906167
2025-10-24,1.4942546242395238
2025-10-27,1.4966669208573513
2025-10-28,1.4974451624744316
2025-10-29,1.5009150621195781
2025-10-30,1.4999830700026806
2025-10-31,1.4990615599574937
2025-11-03,1.498817061642697
2025-11-04,1.49624089686775
2025-11-05,1.4965266998668216
2025-11-06,1.4987138002317337
2025-11-07,1.4980698597596585
2025-11-10,1.4982580866538044
2025-11-11,1.498544928893456
2025-11-12,1.5018972250018188
2025-11-13,1.5009874894983424
2025-11-14,1.497320700769469
2025-11-17,1.4969301821195582
2025-11-18,1.4972566029842087
2025-11-19,1.4975493481082782
2025-11-20,1.496147088443624
2025-11-21,1.4959056185038946
2025-11-24,1.4965871518277079
2025-11-25,1.496460448530579
2025-11-26,1.4953524745805822
2025-11-27,1.4949113042297386
2025-11-28,1.4951007909069063
2025-12-01,1.4962887634819573
2025-12-02,1.4951400161509332
2025-12-03,1.4921037192232087
2025-12-04,1.4901331493619356
2025-12-05,1.4897027777719059
2025-12-08,1.489437862647144
2025-12-09,1.4883294620098486
2025-12-10,1.4896164784594716
2025-12-11,1.4874412021962893
2025-12-12,1.4866872554348272
2025-12-15,1.4853368273413166
2025-12-16,1.4841202639411046
2025-12-17,1.4850721177610962
2025-12-18,1.4876580010767186
2025-12-19,1.488722850576356
2025-12-22,1.4893028949977647
2025-12-23,1.4912640934288268
2025-12-24,1.495329076219829
2025-12-25,1.4970783856429632
2025-12-26,1.4975809391747565
2025-12-29,1.4952444764324067
2025-12-30,1.4951347679278275
2025-12-31,1.4940285402788942
2026-01-05,1.4954388655342679
2026-01-06,1.4985973168185733
2026-01-07,1.4971896648062821
2026-01-08,1.4927546156876608
2026-01-09,1.494526290861352
2026-01-12,1.4987832420531644
2026-01-13,1.4988874589209897
2026-01-14,1.4990635962992396
2026-01-15,1.4996091750395864
2026-01-16,1.4985699710881686
2026-01-19,1.498890854879377
2026-01-20,1.4993064645696303
2026-01-21,1.5013864173672826
2026-01-22,1.5025559402018185
2026-01-23,1.504988446390725
2026-01-26,1.506991594059487
2026-01-27,1.505499259062149
2026-01-28,1.5077418968944485
2026-01-29,1.5115667436456592
2026-01-30,1.5066855359517082
2026-02-02,1.5018474601891916
2026-02-03,1.5029980206480542
2026-02-04,1.5048752235346723
2026-02-05,1.5010091515697894
2026-02-06,1.5015589729305447
2026-02-09,1.5052812776012763
2026-02-10,1.503172406689044
2026-02-11,1.504818721965726
2026-02-12,1.5051632382434572
2026-02-13,1.5035862011969352
2026-02-24,1.5103868017249993
2026-02-25,1.5110816793001918
2026-02-26,1.5107650443089862
2026-02-27,1.5114892364310892
2026-03-02,1.5138624385053705
2026-03-03,1.5136738902800093
2026-03-04,1.5150474258155575
2026-03-05,1.515899237501098
2026-03-06,1.5168638833068473
2026-03-09,1.5171918385840928
2026-03-10,1.5165045526680176
2026-03-11,1.517558697204322
2026-03-12,1.5191343631182481
2026-03-13,1.5201802191054226
2026-03-16,1.5192103451456411
2026-03-17,1.519168619941546
2026-03-18,1.5186393844910338
2026-03-19,1.5176776678383461
2026-03-20,1.5174658603803413
2026-03-23,1.5162205983897175
2026-03-24,1.516591376645819
2026-03-25,1.5167965547494011
2026-03-26,1.5161476622323176
2026-03-27,1.5171241185256177
2026-03-30,1.5186144033533262
2026-03-31,1.5177920264065514
2026-04-01,1.518895410349621
2026-04-02,1.5197990360262725
2026-04-03,1.519682804791409
2026-04-07,1.5221688602066763
2026-04-08,1.5256020261125212
2026-04-09,1.5252282283118395
2026-04-10,1.5282687719679926
2026-04-13,1.528169403067684
2026-04-14,1.5293444012113133
2026-04-15,1.5278246435406264
2026-04-16,1.5289527797466682
2026-04-17,1.5309173249684815
2026-04-20,1.5326291288159837
2026-04-21,1.5349547659563454
2026-04-22,1.5365557574697748
2026-04-23,1.5344929853642542
2026-04-24,1.5343268863246526
2026-04-27,1.5332263318167674
2026-04-28,1.5343115431806056
2026-04-29,1.534567579069315
2026-04-30,1.5331960290910362
