,RiskParity,Momentum_k0.1,Momentum_k0.5,Momentum_k1.0,Momentum_k1.5,Momentum_k2.0
2013-01-07,,-0.007175348876043406,-0.007175348876043406,-0.007175348876043406,-0.007175348876043406,-0.007175348876043406
2013-01-08,,2.275969293315168e-05,2.275969293315168e-05,2.275969293315168e-05,2.275969293315168e-05,2.275969293315168e-05
2013-01-09,,0.0017234009694762336,0.0017234009694762336,0.0017234009694762336,0.0017234009694762336,0.0017234009694762336
2013-01-10,,0.011115545525618513,0.011115545525618513,0.011115545525618513,0.011115545525618513,0.011115545525618513
2013-01-11,,-0.020942125506875093,-0.020942125506875093,-0.020942125506875093,-0.020942125506875093,-0.020942125506875093
2013-01-15,,0.015377054230628304,0.015377054230628304,0.015377054230628304,0.015377054230628304,0.015377054230628304
2013-01-16,,0.020214603152477348,0.020214603152477348,0.020214603152477348,0.020214603152477348,0.020214603152477348
2013-01-17,,-0.022515115911030947,-0.022515115911030947,-0.022515115911030947,-0.022515115911030947,-0.022515115911030947
2013-01-18,,0.01374752481857831,0.01374752481857831,0.01374752481857831,0.01374752481857831,0.01374752481857831
2013-01-22,,-0.014900132683316976,-0.014900132683316976,-0.014900132683316976,-0.014900132683316976,-0.014900132683316976
2013-01-23,,-0.0045577800893794075,-0.0045577800893794075,-0.0045577800893794075,-0.0045577800893794075,-0.0045577800893794075
2013-01-24,,-0.024957617654625036,-0.024957617654625036,-0.024957617654625036,-0.024957617654625036,-0.024957617654625036
2013-01-25,,0.002028584008661188,0.002028584008661188,0.002028584008661188,0.002028584008661188,0.002028584008661188
2013-01-28,,0.009907325284267654,0.009907325284267654,0.009907325284267654,0.009907325284267654,0.009907325284267654
2013-01-29,,0.015147768787117115,0.015147768787117115,0.015147768787117115,0.015147768787117115,0.015147768787117115
2013-01-30,,-0.010069827151980577,-0.010069827151980577,-0.010069827151980577,-0.010069827151980577,-0.010069827151980577
2013-01-31,,0.013804149610052255,0.013804149610052255,0.013804149610052255,0.013804149610052255,0.013804149610052255
2013-02-01,,-0.006118315747363097,-0.006118315747363097,-0.006118315747363097,-0.006118315747363097,-0.006118315747363097
2013-02-04,,0.018120222935385955,0.018120222935385955,0.018120222935385955,0.018120222935385955,0.018120222935385955
2013-02-05,,0.003227085428897788,0.003227085428897788,0.003227085428897788,0.003227085428897788,0.003227085428897788
2013-02-06,,-0.0023666763981898364,-0.0023666763981898364,-0.0023666763981898364,-0.0023666763981898364,-0.0023666763981898364
2013-02-07,,0.015065419618204028,0.015065419618204028,0.015065419618204028,0.015065419618204028,0.015065419618204028
2013-02-08,,-0.0033557636034951144,-0.0033557636034951144,-0.0033557636034951144,-0.0033557636034951144,-0.0033557636034951144
2013-02-19,,-0.012518978402559765,-0.012518978402559765,-0.012518978402559765,-0.012518978402559765,-0.012518978402559765
2013-02-20,,0.005781300469359608,0.005781300469359608,0.005781300469359608,0.005781300469359608,0.005781300469359608
2013-02-21,,-0.0399653986020227,-0.0399653986020227,-0.0399653986020227,-0.0399653986020227,-0.0399653986020227
2013-02-22,,0.006926674577100005,0.006926674577100005,0.006926674577100005,0.006926674577100005,0.006926674577100005
2013-02-25,,-0.0010134893516998646,-0.0010134893516998646,-0.0010134893516998646,-0.0010134893516998646,-0.0010134893516998646
2013-02-26,,-0.012928956159509711,-0.012928956159509711,-0.012928956159509711,-0.012928956159509711,-0.012928956159509711
2013-02-27,0.008391298509466832,0.008326223302742828,0.008326223302742828,0.008326223302742828,0.008326223302742828,0.008326223302742828
2013-02-28,0.029312058109737797,0.025951343442049853,0.025951343442049822,0.025951343442049826,0.02595134344204982,0.025951343442049853
2013-03-01,-0.0016799291669146344,0.004002250888349416,0.00400225088834948,0.0040022508883494805,0.0040022508883494805,0.004002250888349485
2013-03-04,-0.046132845929835915,0.003830222223978434,0.00383022222397892,0.003830222223978915,0.0038302222239789303,0.0038302222239789347
2013-03-05,0.03028304425279329,0.002720380434694972,0.002720380434694714,0.002720380434694716,0.0027203804346947074,0.0027203804346947074
2013-03-06,0.01044491645782574,0.021116576463715325,0.021116576463715436,0.021116576463715436,0.021116576463715436,0.021116576463715463
2013-03-07,-0.011592701235604078,0.002965594337176427,0.0029655943371765647,0.002965594337176564,0.0029655943371765677,0.002965594337176572
2013-03-08,-0.004791792566384283,0.026137817729106352,0.02613781772910665,0.02613781772910665,0.026137817729106654,0.026137817729106685
2013-03-11,-0.00558320198455898,0.005265280955462025,0.005265280955462131,0.005265280955462131,0.005265280955462134,0.00526528095546214
2013-03-12,-0.014178906422380736,-0.002790984133770966,-0.0027909841337708514,-0.002790984133770853,-0.002790984133770849,-0.002790984133770852
2013-03-13,-0.011006743973564046,-0.006072330753783723,-0.006072330753783669,-0.006072330753783671,-0.006072330753783667,-0.006072330753783676
2013-03-14,0.002685276990654024,0.011463954084110656,0.011463954084110746,0.011463954084110746,0.011463954084110746,0.011463954084110762
2013-03-15,0.002209706689058298,0.014390356933537074,0.014390356933537208,0.01439035693353721,0.01439035693353721,0.014390356933537223
2013-03-18,-0.014717271296635725,-0.026928691825391572,-0.02692869182539169,-0.026928691825391694,-0.026928691825391687,-0.026928691825391718
2013-03-19,0.009032592698561031,0.020073767082690593,0.020073767082690718,0.020073767082690718,0.020073767082690718,0.020073767082690742
2013-03-21,0.0018443214896783863,0.01329138179195812,0.013291381791958242,0.013291381791958242,0.013291381791958242,0.013291381791958259
2013-03-22,0.0012696042964632794,-0.02329655192747212,-0.02329655192747237,-0.02329655192747237,-0.02329655192747237,-0.023296551927472396
2013-03-25,-0.0019902165826174343,0.016707181328993494,0.016707181328993678,0.016707181328993678,0.01670718132899368,0.0167071813289937
2013-03-26,-0.014560117745342044,-0.005923180169436758,-0.005923180169436685,-0.005923180169436687,-0.005923180169436684,-0.0059231801694366905
2013-03-27,0.0032931399390303535,0.0017657863936032941,0.0017657863936032755,0.0017657863936032761,0.0017657863936032744,0.0017657863936032777
2013-03-28,-0.03260190514528572,-0.012551840800116456,-0.012551840800116273,-0.012551840800116277,-0.012551840800116267,-0.012551840800116282
2013-04-02,-0.002725828427630904,-0.010724957882667505,-0.010724957882667596,-0.010724957882667599,-0.010724957882667597,-0.010724957882667611
2013-04-03,-0.0011438265341211843,0.02955815355137349,0.029558153551373804,0.029558153551373808,0.029558153551373815,0.02955815355137385
2013-04-08,-0.00452900629623676,0.02772448952479152,0.02772448952479184,0.02772448952479184,0.027724489524791847,0.027724489524791878
2013-04-09,0.0069291780646272465,2.110848306239071e-05,2.1108483062319094e-05,2.110848306231915e-05,2.110848306231635e-05,2.110848306231532e-05
2013-04-10,-0.0016553990270863335,0.007212764189443083,0.007212764189443161,0.007212764189443159,0.0072127641894431625,0.00721276418944317
2013-04-11,-0.002990774990152109,0.01944464477680868,0.019444644776808902,0.019444644776808902,0.019444644776808906,0.01944464477680893
2013-04-12,-0.006361900272652941,-0.004707671154131767,-0.004707671154131756,-0.004707671154131756,-0.004707671154131754,-0.004707671154131758
2013-04-15,-0.010273293822539338,-0.015553630707106168,-0.01555363070710621,-0.015553630707106206,-0.015553630707106208,-0.015553630707106216
2013-04-16,0.009345794392523255,-0.004043280773550772,-0.004043280773550897,-0.004043280773550896,-0.004043280773550899,-0.004043280773550906
2013-04-17,-0.00045495350448380257,0.012036591027469382,0.012036591027469517,0.012036591027469517,0.012036591027469519,0.012036591027469538
2013-04-18,0.0025942932869304843,-0.01208198153475488,-0.01208198153475502,-0.012081981534755013,-0.01208198153475502,-0.012081981534755027
2013-04-19,0.027983841619635418,0.007309756233766447,0.007309756233766232,0.007309756233766234,0.007309756233766228,0.007309756233766235
2013-04-22,-0.0012459414158899808,0.01872881023443819,0.01872881023443839,0.01872881023443839,0.018728810234438394,0.01872881023443842
2013-04-23,-0.03208596932828067,-0.002883758201545215,-0.002883758201544935,-0.0028837582015449393,-0.002883758201544929,-0.0028837582015449324
2013-04-24,0.018823656209851197,0.023072097212549735,0.02307209721254978,0.02307209721254978,0.023072097212549776,0.023072097212549804
2013-04-25,-0.011101231417638942,0.0059477568776002,0.005947756877600354,0.005947756877600352,0.005947756877600355,0.0059477568776003615
2013-04-26,-0.008334700906650444,-0.002978694288387227,-0.0029786942883871874,-0.0029786942883871887,-0.002978694288387186,-0.002978694288387189
2013-05-02,0.0009532931313042886,-0.007608738692505044,-0.00760873869250513,-0.0076087386925051265,-0.007608738692505129,-0.007608738692505134
2013-05-07,0.0015657270852573553,0.03517451691573992,0.03517451691574026,0.03517451691574026,0.035174516915740264,0.0351745169157403
2013-05-08,0.0050831285193549,0.007399424440976501,0.00739942444097652,0.007399424440976519,0.007399424440976519,0.007399424440976527
2013-05-09,-0.005900586676566454,-0.006546262704745772,-0.0065462627047457814,-0.0065462627047457814,-0.0065462627047457814,-0.0065462627047457875
2013-05-10,0.005159439416344784,0.029068418516572738,0.02906841851657298,0.02906841851657298,0.029068418516572984,0.029068418516573016
2013-05-13,-0.003962475342761066,0.011816318874712312,0.011816318874712487,0.011816318874712487,0.01181631887471249,0.011816318874712501
2013-05-14,-0.01478997679755701,-0.0016236172413373756,-0.001623617241337254,-0.001623617241337255,-0.00162361724133725,-0.0016236172413372516
2013-05-15,0.005449321351537638,0.02268104459915063,0.022681044599150806,0.02268104459915081,0.022681044599150813,0.022681044599150834
2013-05-16,0.018263011458260477,-0.003845739812825405,-0.0038457398128256145,-0.003845739812825612,-0.0038457398128256192,-0.0038457398128256227
2013-05-20,0.006774180107775857,0.014606645605529243,0.01460664560552931,0.014606645605529312,0.014606645605529312,0.014606645605529331
2013-05-21,0.002010264380805325,0.001308322086645703,0.0013083220866457012,0.0013083220866457,0.0013083220866457012,0.0013083220866457015
2013-05-22,0.0012165119798321833,0.01584284458296879,0.015842844582968946,0.015842844582968946,0.01584284458296895,0.015842844582968967
2013-05-23,-0.013439474048083455,-0.07256698896065981,-0.0725669889606604,-0.07256698896066041,-0.07256698896066041,-0.07256698896066048
2013-05-24,0.005567108259135544,0.008807750188863346,0.008807750188863388,0.00880775018886339,0.008807750188863388,0.008807750188863398
2013-05-28,0.01722273576533497,0.011940948559278594,0.011940948559278543,0.011940948559278545,0.011940948559278542,0.011940948559278554
2013-05-29,-0.0006799379358096951,0.0009457449797553253,0.0009457449797553591,0.0009457449797553596,0.0009457449797553608,0.0009457449797553627
2013-05-30,-0.003117430401795902,-0.05100463233004218,-0.051004632330042675,-0.05100463233004268,-0.05100463233004268,-0.05100463233004274
2013-05-31,0.012651452679109486,0.013479617322012425,0.013479617322012454,0.013479617322012435,0.013479617322012452,0.01347961732201244
2013-06-03,-0.037222295626568945,-0.03687326957363542,-0.03687326957363546,-0.0368732695736354,-0.03687326957363545,-0.036873269573635424
2013-06-04,0.020505481148137845,0.020307561862454485,0.02030756186245451,0.02030756186245448,0.020307561862454502,0.020307561862454488
2013-06-05,-0.038340416853852664,-0.03802206849570498,-0.03802206849570502,-0.03802206849570496,-0.038022068495705004,-0.03802206849570498
2013-06-06,-0.008517180732500662,-0.008469103444914104,-0.008469103444914106,-0.008469103444914097,-0.008469103444914106,-0.008469103444914102
2013-06-07,-0.002052848647165775,-0.0020436527847973117,-0.0020436527847973083,-0.0020436527847973057,-0.0020436527847973083,-0.002043652784797308
2013-06-13,-0.06350513043556776,-0.06302390701993806,-0.06302390701993811,-0.06302390701993801,-0.06302390701993808,-0.06302390701993804
2013-06-14,0.019375864778737165,0.019219195289169953,0.01921919528916997,0.01921919528916994,0.019219195289169964,0.01921919528916995
2013-06-17,0.02732033686148746,0.027077853467281414,0.02707785346728144,0.0270778534672814,0.02707785346728143,0.027077853467281414
2013-06-18,-0.001982641148090407,-0.0019652368597447207,-0.0019652368597447255,-0.0019652368597447255,-0.001965236859744725,-0.0019652368597447237
2013-06-19,0.018292832936632173,0.01806961273892748,0.018069612738927505,0.018069612738927474,0.018069612738927498,0.018069612738927484
2013-06-20,-0.017413074301521756,-0.01744989164570338,-0.017449891645703375,-0.01744989164570337,-0.017449891645703368,-0.01744989164570337
2013-06-21,0.016562194093086156,0.016393478781704312,0.01639347878170433,0.016393478781704298,0.016393478781704322,0.016393478781704312
2013-06-24,-0.012649157642442095,-0.01271568432636577,-0.012715684326365755,-0.012715684326365755,-0.012715684326365754,-0.012715684326365759
2013-06-25,-0.007153148104767988,-0.0070837080548128645,-0.0070837080548128714,-0.00708370805481286,-0.00708370805481287,-0.007083708054812867
2013-06-26,-0.010434609625470468,-0.010317072267868597,-0.010317072267868614,-0.010317072267868599,-0.010317072267868611,-0.010317072267868604
2013-06-27,0.02957298615163903,0.02933945167302476,0.02933945167302479,0.029339451673024753,0.029339451673024777,0.02933945167302476
2013-06-28,0.03509806221643689,0.03480664333900605,0.03480664333900608,0.03480664333900604,0.03480664333900608,0.03480664333900605
2013-07-02,0.017775852734163503,0.01760874857630149,0.01760874857630151,0.017608748576301483,0.0176087485763015,0.01760874857630149
2013-07-03,-0.0030626850342655686,-0.0030467013847596766,-0.0030467013847596757,-0.003046701384759671,-0.003046701384759676,-0.0030467013847596744
2013-07-05,0.020760500266425477,0.020632128243772346,0.020632128243772366,0.020632128243772332,0.020632128243772356,0.02063212824377235
2013-07-08,-0.014020294941219445,-0.01400867517804882,-0.014008675178048822,-0.014008675178048812,-0.014008675178048819,-0.014008675178048826
2013-07-09,0.02576732859226563,0.02557127142051598,0.025571271420516,0.025571271420515972,0.025571271420515993,0.02557127142051598
2013-07-10,-0.003890028950659312,-0.0038038275855873495,-0.003803827585587364,-0.0038038275855873556,-0.0038038275855873617,-0.0038038275855873547
2013-07-11,0.0038830237365262013,0.004009385014427719,0.0040093850144277045,0.004009385014427714,0.0040093850144277045,0.004009385014427714
2013-07-12,0.0023264683974798073,0.0022461143132993734,0.0022461143132993834,0.002246114313299373,0.0022461143132993812,0.0022461143132993734
2013-07-16,0.006402068074106133,0.006343185787431159,0.006343185787431163,0.0063431857874311545,0.0063431857874311605,0.006343185787431156
2013-07-17,0.001090476686265966,0.0010596565373117018,0.0010596565373117077,0.0010596565373117027,0.0010596565373117064,0.0010596565373117036
2013-07-18,0.013237048957785809,0.013068969947017638,0.013068969947017658,0.013068969947017634,0.013068969947017652,0.013068969947017638
2013-07-19,-0.014761116926089803,-0.014676420651885059,-0.014676420651885064,-0.014676420651885047,-0.01467642065188506,-0.014676420651885055
2013-07-22,0.004669665542830737,0.0046860142146252426,0.004686014214625245,0.004686014214625245,0.004686014214625244,0.0046860142146252495
2013-07-23,0.008218697724934684,0.00821362854327639,0.008213628543276385,0.008213628543276376,0.008213628543276383,0.008213628543276383
2013-07-24,-0.003195856686499515,-0.0032040846179471165,-0.0032040846179471156,-0.003204084617947114,-0.0032040846179471143,-0.003204084617947116
2013-07-25,-0.011428063277597045,-0.011337352670233806,-0.011337352670233817,-0.011337352670233801,-0.011337352670233815,-0.011337352670233808
2013-07-26,-0.029729594250607522,-0.029476106997481696,-0.029476106997481724,-0.029476106997481686,-0.029476106997481714,-0.029476106997481696
2013-07-29,-0.03318122177101456,-0.03295025900608567,-0.0329502590060857,-0.032950259006085655,-0.03295025900608569,-0.03295025900608567
2013-07-30,0.015276188719381276,0.015150185949888213,0.015150185949888227,0.015150185949888205,0.015150185949888222,0.015150185949888213
2013-07-31,-0.014527946289137119,-0.014378594110739574,-0.014378594110740144,0.006507764893806754,0.0065077648938067535,0.006507764893806751
2013-08-01,0.024688476711110206,0.02455478256672556,0.024554782566726,0.014620703143594926,0.014620703143594921,0.014620703143594916
2013-08-02,0.03287145226574473,0.03256233521480932,0.032562335214810625,-0.01201605152279272,-0.012016051522792717,-0.01201605152279271
2013-08-05,-0.014386678980461866,-0.014231481184220927,-0.014231481184221741,-0.0032865314900943914,-0.0032865314900943927,-0.0032865314900943914
2013-08-06,0.01003083172722196,0.00992758262809839,0.009927582628098678,-0.004782441292481598,-0.004782441292481598,-0.004782441292481596
2013-08-07,-0.0400053884922359,-0.03969631528043271,-0.039696315280433984,-0.011820619631978004,-0.011820619631978002,-0.011820619631977995
2013-08-08,-0.01586842329876303,-0.01570184505483008,-0.015701845054830726,-0.00391771021866238,-0.003917710218662379,-0.003917710218662378
2013-08-09,0.0007077988704617946,0.0007588890214678636,0.000758889021467449,0.012914092310326537,0.01291409231032653,0.012914092310326525
2013-08-12,-0.0070333208717616716,-0.006857072703895422,-0.006857072703896475,0.009276870325480571,0.009276870325480564,0.009276870325480559
2013-08-13,0.025708924118842184,0.02548007029322194,0.025480070293222887,0.0022310909690640007,0.002231090969064001,0.0022310909690640007
2013-08-15,-0.021154207496569398,-0.02098713231610829,-0.020987132316108985,0.0032264582156272047,0.0032264582156272047,0.0032264582156272016
2013-08-16,-0.0074769467473864175,-0.007392214438936378,-0.007392214438936646,0.009971543521546878,0.009971543521546878,0.009971543521546873
2013-08-19,0.007913489341843983,0.007831761839177312,0.007831761839177448,-0.007444179278329846,-0.007444179278329845,-0.007444179278329842
2013-08-20,-0.026293544253470517,-0.026115395009348615,-0.026115395009349174,0.0049740695365993225,0.004974069536599324,0.004974069536599322
2013-08-21,0.002086384530746377,0.0020589227774343065,0.002058922777434347,-0.003781450381903808,-0.003781450381903808,-0.0037814503819038063
2013-08-22,-0.004406923846478773,-0.0043618637470792644,-0.004361863747079299,0.0024369700826608587,0.002436970082660861,0.00243697008266086
2013-08-23,0.022100728984367556,0.021904679090590948,0.021904679090591895,0.00947495739606773,0.00947495739606773,0.009474957396067725
2013-08-26,-0.0017766488172144014,-0.0016971912496801433,-0.0016971912496807468,-0.0010080973042493476,-0.0010080973042493515,-0.0010080973042493515
2013-08-27,-0.006886775572223507,-0.006797180547941249,-0.006797180547941661,0.03893175223926187,0.03893175223926186,0.038931752239261826
2013-08-28,-0.015057187183631908,-0.01484645110208269,-0.014846451102084077,0.008990687238595299,0.008990687238595287,0.008990687238595283
2013-08-29,0.009090254797030625,0.008968803286056379,0.008968803286057009,-0.016114963989221937,-0.01611496398922193,-0.01611496398922192
2013-08-30,-0.005263857839433289,-0.005246745051172438,-0.0052467450511724184,5.098242377779212e-05,5.098242377779439e-05,5.098242377779425e-05
2013-09-03,0.029877137712445163,0.02962660890400321,0.029626608904004294,0.011142159324286346,0.011142159324286346,0.011142159324286341
2013-09-04,0.005396167240407483,0.0053473976131361445,0.005347397613136281,-0.004087156239827574,-0.004087156239827574,-0.004087156239827572
2013-09-05,0.0007791448191849485,0.0007523547811307424,0.0007523547811310372,0.004090336392033127,0.004090336392033131,0.004090336392033128
2013-09-06,-0.014504984777622515,-0.01434806265181821,-0.014348062651818915,0.003494721882249029,0.003494721882249027,0.003494721882249025
2013-09-09,0.024848475666285015,0.02467385619134563,0.024673856191346006,-0.020142611493035478,-0.020142611493035478,-0.020142611493035468
2013-09-10,0.015355611982347474,0.015219343922574347,0.015219343922574801,-0.016014742001683308,-0.01601474200168331,-0.016014742001683298
2013-09-11,0.00011855767310798426,0.00012561079673189445,0.0001256107967318677,0.0029793190932251904,0.00297931909322519,0.0029793190932251882
2013-09-12,-0.0026204378904226533,-0.002599427342267015,-0.002599427342267063,0.014356942355668995,0.014356942355668994,0.014356942355668985
2013-09-13,0.001209402478719037,0.0011743619904281417,0.001174361990428415,-0.0009077440325444149,-0.0009077440325444128,-0.000907744032544412
2013-09-17,-0.006456239538982889,-0.006460352707764677,-0.006460352707764428,-0.018729210985770243,-0.018729210985770232,-0.018729210985770222
2013-09-18,0.013533710601208811,0.013463917819059368,0.013463917819059784,0.027537470077923124,0.027537470077923117,0.0275374700779231
2013-09-24,-0.0006654267074197606,-0.0007003536714846587,-0.0007003536714843324,0.006979695364606038,0.006979695364606041,0.0069796953646060365
2013-09-25,-0.007607613314952303,-0.0075447651859628295,-0.007544765185963104,-0.007902405172433074,-0.007902405172433074,-0.007902405172433073
2013-09-26,0.012215015461135797,0.012089455446153564,0.012089455446154355,0.009521155803743464,0.009521155803743464,0.009521155803743459
2013-09-27,-0.002638670407429716,-0.0026201270288009745,-0.002620127028801083,-0.006785528587727153,-0.006785528587727153,-0.00678552858772715
2013-09-30,0.010098447412886099,-0.02042757953694455,-0.0017470963031719405,-0.0007570963031676705,-0.0007570963031676677,-0.0007570963031676653
2013-10-08,0.003604352812735208,0.002984929909073847,0.019876675686004954,0.019876675686013943,0.019876675686013964,0.019876675686013978
2013-10-09,-0.0030042943737224963,0.010189819352269747,-0.010601227430477082,-0.010601227430483596,-0.010601227430483605,-0.010601227430483619
2013-10-10,-0.014121372904689502,0.011090551722381438,0.023988704484903218,0.02398870448491323,0.02398870448491325,0.023988704484913272
2013-10-11,0.005148120845993846,0.014699646774064098,-0.005127785401648278,-0.005127785401656484,-0.005127785401656494,-0.005127785401656499
2013-10-15,0.005710172744721515,0.0025158413779774323,-0.01061597631313734,-0.010615976313142428,-0.010615976313142437,-0.010615976313142449
2013-10-16,0.0225897386961846,0.0017845367429175929,0.013562626773030554,0.013562626773037455,0.013562626773037469,0.013562626773037479
2013-10-17,-0.025488987691954713,0.008129602374342626,-0.013389528481320618,-0.013389528481328232,-0.013389528481328246,-0.01338952848132826
2013-10-18,0.01033379349968455,-0.0016487706301478392,0.008583581172295693,0.00858358117229893,0.008583581172298937,0.008583581172298946
2013-10-21,0.004505892016554637,0.009013665042050341,-0.0014935350960585767,-0.001493535096063325,-0.00149353509606333,-0.0014935350960633312
2013-10-22,-0.008393450356770756,0.0013077887964383637,0.002597289750491794,0.002597289750493786,0.0025972897504937887,0.0025972897504937913
2013-10-23,0.0009673710502317732,-0.019399149005905447,-0.02175270218231968,-0.021752702182323797,-0.02175270218232381,-0.021752702182323832
2013-10-24,-0.010690209684957597,0.004108634299983004,-0.006103292470455092,-0.006103292470457814,-0.006103292470457819,-0.006103292470457826
2013-10-25,-0.01622059853868478,-0.02728227377892804,0.000579770487511155,0.0005797704875214805,0.0005797704875214931,0.0005797704875214917
2013-10-28,-0.006033203987408668,0.02168318552975664,0.021873342541501074,0.0218733425415046,0.02187334254150461,0.021873342541504633
2013-10-29,-0.013793752891611215,-0.00483532223550908,-0.005536473012124721,-0.005536473012126046,-0.00553647301212605,-0.005536473012126055
2013-10-30,0.004068550931615213,0.012251670260992189,0.00879807391999775,0.008798073919995939,0.008798073919995939,0.008798073919995951
2013-10-31,-0.010405123794717417,-0.011964513391481904,-0.012954513391481626,-0.012954513391481893,-0.012954513391481893,-0.012954513391481891
2013-11-01,-0.0017005417081879307,-0.008752891068353674,-0.008752891068353691,-0.008752891068353691,-0.008752891068353686,-0.008752891068353684
2013-11-05,0.0010911588903270548,0.0016471256226374342,0.0016471256226374363,0.0016471256226374337,0.0016471256226374353,0.001647125622637435
2013-11-06,-0.00402096256236988,0.0077791170576489805,0.00777911705764901,0.007779117057649004,0.007779117057649003,0.007779117057649003
2013-11-07,0.0038922602205965443,-0.007567740214239769,-0.00756774021423978,-0.007567740214239779,-0.007567740214239776,-0.007567740214239774
2013-11-08,-0.01233454551541449,-0.009872618699908308,-0.009872618699908312,-0.009872618699908301,-0.009872618699908306,-0.009872618699908303
2013-11-11,-0.011761939364151864,0.012889139627141007,0.012889139627141036,0.012889139627141033,0.012889139627141027,0.012889139627141026
2013-11-12,0.0082618938901858,0.02214491371907482,0.02214491371907485,0.022144913719074833,0.02214491371907484,0.022144913719074833
2013-11-13,-0.015097813676692957,-0.001518929556990243,-0.001518929556990219,-0.0015189295569902194,-0.001518929556990221,-0.0015189295569902187
2013-11-14,0.0017874412821225257,0.021069174367099583,0.021069174367099614,0.021069174367099604,0.021069174367099604,0.021069174367099597
2013-11-15,0.013836572856958154,0.019330602136025592,0.019330602136025606,0.0193306021360256,0.019330602136025596,0.01933060213602559
2013-11-18,0.01224278982573138,-3.571419361151516e-05,-3.5714193611551545e-05,-3.5714193611546985e-05,-3.571419361154741e-05,-3.571419361155147e-05
2013-11-19,-0.006668892430513158,-0.0025087255098339358,-0.0025087255098339293,-0.0025087255098339297,-0.0025087255098339284,-0.002508725509833928
2013-11-20,0.002769175483284574,-0.003287726639538434,-0.0032877266395384477,-0.003287726639538444,-0.0032877266395384447,-0.0032877266395384447
2013-11-21,-0.012534387351778538,0.01903584147881056,0.01903584147881061,0.0190358414788106,0.0190358414788106,0.019035841478810597
2013-11-22,0.014328745658360027,0.0010703062286532197,0.0010703062286532166,0.0010703062286532175,0.0010703062286532155,0.0010703062286532164
2013-11-25,-0.014957665198330366,0.015278484244295683,0.015278484244295726,0.015278484244295717,0.015278484244295716,0.015278484244295714
2013-11-26,0.0039313383215748305,-0.006582989756988943,-0.006582989756988959,-0.006582989756988955,-0.006582989756988955,-0.006582989756988954
2013-11-27,-0.0006789054086839942,-0.0041689996716479044,-0.004168999671647923,-0.004168999671647918,-0.004168999671647919,-0.004168999671647919
2013-11-29,-0.0034429750673855473,-0.004109719393924863,-0.004109719393924867,-0.004109719393924865,-0.0041097193939248645,-0.004109719393924864
2013-12-02,-0.015909307018563214,-0.00044497966972858224,-0.0004449796697285676,-0.00044497966972856413,-0.0004449796697285684,-0.00044497966972856744
2013-12-03,0.0016512209157513204,0.005996831127773632,0.005996831127773633,0.005996831127773631,0.005996831127773631,0.005996831127773628
2013-12-04,0.005886577274724567,-0.0215019758954088,-0.021501975895408854,-0.021501975895408847,-0.02150197589540884,-0.021501975895408837
2013-12-05,0.0033608180192695805,-0.014828416899257877,-0.014828416899257905,-0.014828416899257898,-0.014828416899257898,-0.014828416899257896
2013-12-06,-0.004044111399976104,0.007999945842939888,0.00799994584293991,0.007999945842939905,0.007999945842939903,0.007999945842939905
2013-12-09,0.00044785286540542245,0.02267328520745683,0.02267328520745688,0.022673285207456862,0.022673285207456866,0.022673285207456862
2013-12-10,-0.003402158110821678,-0.002467056228848121,-0.0024670562288481254,-0.0024670562288481236,-0.0024670562288481236,-0.002467056228848123
2013-12-11,-0.005028683387591618,-0.0061642900126561515,-0.006164290012656146,-0.006164290012656145,-0.006164290012656145,-0.006164290012656141
2013-12-12,-0.009923317862187173,-0.011086066383841589,-0.011086066383841603,-0.011086066383841598,-0.011086066383841594,-0.011086066383841593
2013-12-13,-0.009479949017589688,0.00394451923180415,0.003944519231804165,0.003944519231804163,0.003944519231804162,0.003944519231804162
2013-12-16,-0.014160921555947776,-0.01611749852203285,-0.01611749852203286,-0.01611749852203285,-0.01611749852203285,-0.01611749852203285
2013-12-17,-5.7813108010401835e-05,0.008208019325514081,0.008208019325514102,0.008208019325514095,0.008208019325514097,0.008208019325514099
2013-12-18,-0.010929532865316323,0.020067259335669153,0.020067259335669198,0.020067259335669187,0.020067259335669184,0.020067259335669184
2013-12-19,-0.005939961869131941,0.01722797151806485,0.017227971518064895,0.017227971518064888,0.017227971518064884,0.01722797151806488
2013-12-20,-0.03474901728403985,0.0006638134178976762,0.0006638134178977168,0.0006638134178977187,0.0006638134178977136,0.0006638134178977167
2013-12-24,0.005536279695884014,0.0012098125633526282,0.0012098125633526252,0.0012098125633526271,0.001209812563352625,0.0012098125633526243
2013-12-27,-0.007127688027632703,0.0002944047944503955,0.0002944047944503859,0.0002944047944503864,0.00029440479445038775,0.00029440479445038597
2013-12-30,-0.001369922938956832,0.00687164386665815,0.006871643866658167,0.006871643866658161,0.006871643866658163,0.006871643866658162
2014-01-06,-0.027287971254206275,-0.023322703928641136,-0.023322703928641147,-0.023322703928641133,-0.023322703928641133,-0.02332270392864113
2014-01-07,0.0013415766809578755,-0.005875111662407129,-0.005875111662407142,-0.0058751116624071375,-0.0058751116624071375,-0.005875111662407137
2014-01-08,-0.022216444619333656,0.019236753008435463,0.019236753008435515,0.019236753008435508,0.019236753008435505,0.0192367530084355
2014-01-09,-0.010760544351313215,-0.014868823526232077,-0.01486882352623209,-0.014868823526232084,-0.014868823526232082,-0.014868823526232079
2014-01-10,0.005642206611310204,0.0019938854565045246,0.0019938854565045307,0.001993885456504531,0.0019938854565045286,0.001993885456504529
2014-01-14,-0.007018096663539644,-0.03048982256154885,-0.030489822561548908,-0.030489822561548897,-0.03048982256154889,-0.030489822561548887
2014-01-15,-0.013767588111842642,0.024818927415224398,0.024818927415224457,0.02481892741522444,0.02481892741522444,0.02481892741522444
2014-01-16,0.005516148689823166,-0.003846356881122444,-0.003846356881122456,-0.0038463568811224536,-0.003846356881122453,-0.0038463568811224523
2014-01-17,-0.019381207380131056,-0.0008244907473628046,-0.0008244907473627823,-0.0008244907473627792,-0.0008244907473627835,-0.0008244907473627815
2014-01-21,0.002915869390778318,0.009799590991921917,0.009799590991921925,0.00979959099192192,0.00979959099192192,0.009799590991921918
2014-01-22,0.018205048669886748,0.0016308279490707149,0.0016308279490706834,0.001630827949070685,0.0016308279490706854,0.0016308279490706823
2014-01-23,-0.005618941927123051,-0.007874528439232956,-0.007874528439232963,-0.007874528439232963,-0.00787452843923296,-0.007874528439232956
2014-01-24,0.02665356924894862,-0.019216375549666723,-0.01921637554966678,-0.019216375549666775,-0.01921637554966677,-0.019216375549666768
2014-01-27,0.004118520553524996,-0.02489632272095813,-0.024896322720958167,-0.024896322720958156,-0.02489632272095815,-0.02489632272095815
2014-01-28,-0.012106760256428387,-0.0016881021647434887,-0.0016881021647434868,-0.001688102164743485,-0.0016881021647434857,-0.0016881021647434855
2014-01-29,-0.0011627212930795038,0.026715928931600977,0.02671592893160103,0.02671592893160102,0.026715928931601015,0.026715928931601008
2014-01-30,0.00018644318980381712,-0.024282261135763792,-0.02428226113576383,-0.024282261135763813,-0.024282261135763813,-0.024282261135763813
2014-02-07,-0.008402718695331952,0.02155431351263412,0.021554313512634163,0.021554313512634152,0.02155431351263415,0.021554313512634145
2014-02-10,0.021035380314277322,0.017572615423337205,0.01757261542333721,0.017572615423337195,0.017572615423337202,0.017572615423337195
2014-02-12,-0.0007758182708635049,0.005523589432841123,0.0055235894328411325,0.005523589432841132,0.005523589432841129,0.005523589432841129
2014-02-13,0.0207801309608604,-0.01774401524973669,-0.017744015249736737,-0.017744015249736726,-0.017744015249736726,-0.017744015249736723
2014-02-14,0.00599292785152062,-0.015088606472005349,-0.015088606472005389,-0.015088606472005377,-0.015088606472005378,-0.015088606472005377
2014-02-18,-0.027989883386472358,0.030963101878985568,0.03096310187898566,0.03096310187898564,0.030963101878985634,0.030963101878985634
2014-02-19,0.007432944128584474,-0.0051079370392401995,-0.005107937039240224,-0.00510793703924022,-0.0051079370392402195,-0.005107937039240221
2014-02-20,-0.007909918926136043,-0.02132457118028929,-0.021324571180289322,-0.021324571180289312,-0.02132457118028931,-0.021324571180289305
2014-02-21,-0.008635703590444053,0.02855044567838283,0.0285504456783829,0.028550445678382882,0.028550445678382882,0.02855044567838288
2014-02-24,-0.012496007300935575,-0.0019017360858217466,-0.001901736085821725,-0.0019017360858217234,-0.0019017360858217263,-0.0019017360858217239
2014-02-25,-0.012453127490914076,0.014234879656374358,0.014234879656374417,0.014234879656374407,0.014234879656374405,0.014234879656374405
2014-02-26,0.07208147241789918,-0.005223895420043423,-0.005223895420043479,-0.005223895420043475,-0.005223895420043476,-0.005223895420043474
2014-02-27,-0.02834740519767894,-0.003189093977004121,-0.0031890939770041057,-0.0031890939770041022,-0.003189093977004104,-0.0031890939770041035
2014-02-28,0.022194123341111708,0.021010211850533585,-0.00205418318352549,-0.002054183183525527,-0.0020541831835255244,-0.0020541831835255257
2014-03-03,0.0250321333230797,0.024786899426395958,0.019413278876951545,0.019413278876951733,0.019413278876951722,0.019413278876951715
2014-03-04,-0.008265313121613107,-0.008186404948195856,-0.0183238388375603,-0.018323838837560443,-0.018323838837560433,-0.018323838837560426
2014-03-05,-0.032435505066224,-0.03215211241559083,-0.013243390432770456,-0.013243390432770502,-0.013243390432770494,-0.013243390432770492
2014-03-06,-0.007898763584376614,-0.007802028125920831,0.00481640554073293,0.004816405540732928,0.004816405540732924,0.004816405540732924
2014-03-07,0.009938553888622505,0.009854330075974364,0.003964141318074722,0.003964141318074766,0.003964141318074763,0.003964141318074763
2014-03-10,-0.04841453327774579,-0.04809216921110795,-0.007936889831232445,-0.007936889831232294,-0.007936889831232296,-0.007936889831232289
2014-03-11,0.006859922169871954,0.006801416202618529,0.0036057349009342788,0.003605734900934291,0.0036057349009342883,0.003605734900934288
2014-03-12,0.027164314551313868,0.026845906302797998,-0.001608424191803319,-0.0016084241918032413,-0.0016084241918032421,-0.0016084241918032397
2014-03-13,0.002084140371384692,0.002049073715949982,-0.005626678783319424,-0.005626678783319463,-0.005626678783319458,-0.005626678783319458
2014-03-14,0.0006736762149343214,0.0006290544480956566,0.013934448858288331,0.013934448858288493,0.013934448858288484,0.013934448858288482
2014-03-17,0.012246779036116866,0.012127833088028216,-0.019157768480308052,-0.019157768480308195,-0.019157768480308177,-0.01915776848030818
2014-03-18,-0.024268637796048795,-0.024011814554810256,0.002340264682827159,0.0023402646828271476,0.002340264682827147,0.002340264682827146
2014-03-19,-0.01044387617396387,-0.010377070999550425,-0.007556620929098287,-0.007556620929098307,-0.0075566209290983035,-0.007556620929098302
2014-03-20,-0.021461856375454023,-0.021302271697211196,0.0035929252981617755,0.0035929252981619243,0.003592925298161921,0.0035929252981619212
2014-03-24,-0.0008724014070088832,-0.0008272009440481396,-0.005332889550735065,-0.005332889550735214,-0.0053328895507352096,-0.00533288955073521
2014-03-25,-0.0008638494154461536,-0.0008475753842002495,0.0036377596438984918,0.003637759643898537,0.0036377596438985356,0.0036377596438985343
2014-03-26,0.0005196899571662412,0.0005262136403896287,0.0014028212853712469,0.0014028212853712239,0.001402821285371223,0.0014028212853712226
2014-03-27,-0.015435858615268224,-0.015300991286047146,0.0060001532706642205,0.006000153270664297,0.006000153270664291,0.0060001532706642925
2014-03-28,-0.009067939758408961,-0.008949290535481116,0.0028815263106995717,0.0028815263106995383,0.0028815263106995366,0.0028815263106995357
2014-03-31,0.001983932770701831,0.007916046653594013,0.007916046653593835,0.007916046653593835,0.007916046653593837,0.00791604665359384
2014-04-01,0.004281670542487994,-0.002385900508392368,-0.0023859005083923003,-0.0023859005083923085,-0.002385900508392308,-0.0023859005083923094
2014-04-02,0.004246808369296636,0.01035338121236541,0.010353381212365162,0.010353381212365157,0.010353381212365158,0.010353381212365162
2014-04-03,-0.0009024695062169006,0.008326191628159958,0.00832619162815975,0.008326191628159755,0.008326191628159754,0.008326191628159759
2014-04-04,0.0008039706692582589,-0.0005244247362322932,-0.0005244247362322753,-0.0005244247362322811,-0.0005244247362322774,-0.0005244247362322826
2014-04-08,0.017217141061475823,-0.013447745211270902,-0.013447745211270554,-0.013447745211270568,-0.01344774521127056,-0.013447745211270578
2014-04-09,0.0061645235617660095,-0.020812577964524574,-0.02081257796452406,-0.02081257796452406,-0.020812577964524057,-0.02081257796452407
2014-04-10,0.0055704068959468896,4.151828323300182e-05,4.151828323301595e-05,4.151828323300023e-05,4.151828323300498e-05,4.151828323299763e-05
2014-04-11,-0.006186939703164653,-0.023581292224103247,-0.023581292224102674,-0.023581292224102674,-0.023581292224102674,-0.023581292224102685
2014-04-14,0.0035458535458536946,-0.003499326714374995,-0.0034993267143749087,-0.003499326714374908,-0.003499326714374906,-0.0034993267143749096
2014-04-15,-0.019162820675129873,0.006140183943388964,0.006140183943388796,0.00614018394338881,0.006140183943388807,0.006140183943388817
2014-04-16,-0.003724390415620544,0.029781006086190734,0.02978100608619001,0.029781006086190012,0.029781006086190005,0.029781006086190026
2014-04-17,-0.00404925057064034,1.6360605860340925e-06,1.6360605860325594e-06,1.6360605860341628e-06,1.63606058603353e-06,1.636060586033968e-06
2014-04-22,-0.0001269826057787875,-0.008440691893048436,-0.008440691893048228,-0.00844069189304823,-0.00844069189304823,-0.008440691893048233
2014-04-23,-0.0018426797211780292,0.010837211030295356,0.010837211030295087,0.010837211030295089,0.010837211030295087,0.010837211030295094
2014-04-24,0.004129076863245816,-0.009598692216027445,-0.00959869221602721,-0.009598692216027209,-0.009598692216027207,-0.009598692216027214
2014-04-25,-0.007155528141570804,0.001639580567398129,0.0016395805673980765,0.001639580567398087,0.0016395805673980854,0.0016395805673980878
2014-04-28,-0.014101159444718908,-0.009721921514112709,-0.009721921514112483,-0.009721921514112475,-0.009721921514112478,-0.009721921514112476
2014-04-30,0.005047093929979151,0.003995374313913898,0.0010890415621232358,0.0010890415621231918,0.0010890415621232143,-0.0030222056894650753
2014-05-07,-0.011602698708975153,-0.011535847612849141,-0.0290873297639331,-0.02908732976393295,-0.02908732976393296,-0.011792502778624547
2014-05-08,-0.0022671276328925616,-0.00223104910742148,0.009207632475298492,0.009207632475298454,0.009207632475298452,0.00488251652393775
2014-05-09,0.0059370070977917844,0.005907588688757825,0.0025329487432312323,0.002532948743231217,0.002532948743231218,0.0008592951478039486
2014-05-12,0.035583300054634386,0.035336093675743814,-0.00338226994648695,-0.0033822699464868974,-0.0033822699464869186,-9.331001720938267e-05
2014-05-13,-0.012131736271951537,-0.011984627265384446,0.01933109670013317,0.019331096700133107,0.019331096700133096,0.0142556475960127
2014-05-14,-0.005673368218121597,-0.005614984388634325,-0.001348963768109723,-0.0013489637681096886,-0.001348963768109704,0.0015286223205059376
2014-05-15,-0.010968313760248245,-0.010889227053221434,-0.007421702488152038,-0.007421702488151999,-0.007421702488152004,-0.004816799374279566
2014-05-16,-0.001183512646051834,-0.001199400980024351,-0.013987778600202238,-0.013987778600202156,-0.013987778600202167,-0.004962833474775797
2014-05-19,-0.003752230858502765,-0.0037300786133472046,-0.0063465820799524465,-0.006346582079952426,-0.006346582079952424,-0.004789399512050995
2014-05-20,-0.0015980735015920023,-0.001578505116278715,0.004867200388437846,0.004867200388437842,0.004867200388437833,0.0046327592501202025
2014-05-21,0.004721004794540729,0.004684277944631469,-0.0023162392402867574,-0.0023162392402867296,-0.0023162392402867383,0.0015897777689628824
2014-05-22,-0.004713459708702191,-0.004641015870718638,0.020867087968828812,0.02086708796882872,0.020867087968828718,0.010832730092582935
2014-05-23,0.006713926433603624,0.0066887093124922406,0.008630149478120288,0.008630149478120252,0.008630149478120252,0.004948510462467196
2014-05-27,-0.0026028008771950975,-0.002580594028679297,0.0023012604284013043,0.0023012604284012887,0.0023012604284012913,0.0007310161456422941
2014-05-28,-0.0018049481994540813,-0.0017696248043427378,0.002346085679848498,0.0023460856798484925,0.0023460856798484895,0.0007644857202213473
2014-05-29,-0.007254899078252937,-0.007200766080488895,0.0007083467592234975,0.0007083467592234896,0.0007083467592234923,0.0004203167967772627
2014-05-30,0.0012784536140994917,0.0012711521669649015,-0.003321552162994161,-0.0033215521629941553,-0.0033215521629941518,-0.004176238550055541
2014-06-03,-0.0014025314583614112,-0.00138147157733783,0.006524657853120875,0.006524657853120823,0.006524657853120833,-0.0017807186367229675
2014-06-04,-0.005615536894694506,-0.0055885802520145005,0.0021905927498628913,0.002190592749862854,0.0021905927498628683,-0.001917807138606611
2014-06-05,0.002690821172095743,0.0026934951538046693,0.0007792457178882638,0.0007792457178882765,0.0007792457178882691,0.0036079146601923203
2014-06-06,-0.0039065691262207825,-0.0038895698703259886,-0.0001619064949983288,-0.00016190649499834206,-0.00016190649499833417,-0.0008436411630368139
2014-06-09,-0.0041555136359004855,-0.004118595451844358,0.0030657127934068822,0.003065712793406905,0.003065712793406887,0.006195805787964042
2014-06-10,0.007392340616693764,0.007333691906948525,-0.008442011735739672,-0.008442011735739639,-0.008442011735739637,-0.007941248306974501
2014-06-11,-7.927719021814063e-05,-7.323569588003965e-05,0.004935837993383251,0.004935837993383239,0.004935837993383235,0.004979971542994011
2014-06-12,-0.0020886240600573084,-0.0020588133942404186,-0.006294577752695418,-0.006294577752695319,-0.006294577752695354,0.00914559487683769
2014-06-13,0.003773847238636427,0.003772112866749887,0.008254967831830936,0.008254967831830898,0.008254967831830898,0.003016929865781723
2014-06-16,0.007732035261642518,0.007698970011152109,-0.010745665840207976,-0.010745665840207894,-0.010745665840207912,-0.0006054511043699033
2014-06-17,-0.010284278063315656,-0.01023071229968186,0.0027801865506409946,0.0027801865506409864,0.002780186550640985,0.003405347543938634
2014-06-18,0.004139097483309587,0.004120731908809256,0.009266613628674278,0.009266613628674251,0.009266613628674245,0.00836572206223372
2014-06-19,-0.010824975240616685,-0.01071908807968587,0.0160673393098474,0.016067339309847342,0.01606733930984734,0.011858992961729972
2014-06-20,0.017946938184433044,0.017806889515351716,-0.0007172018339729238,-0.0007172018339729242,-0.0007172018339729227,-0.0013101230743442853
2014-06-23,0.016394327229201762,0.016238821705441216,0.0012893591123344808,0.0012893591123344346,0.0012893591123344572,-0.0020622517120754895
2014-06-24,-0.0037066889325411134,-0.003671619236378762,0.0004463256950920944,0.00044632569509210065,0.00044632569509209615,0.0008721735948861787
2014-06-25,-0.008225747850308862,-0.008160980674688584,-0.0070760234683375734,-0.007076023468337549,-0.007076023468337546,-0.005531274673592192
2014-06-26,0.002388546698774321,0.0023890731969882246,0.0027402211723535634,0.0027402211723535443,0.0027402211723535456,-0.0030167076176630583
2014-06-27,-0.004563484328707301,-0.0045298752772971905,-0.013818423418291946,-0.013818423418291875,-0.01381842341829188,-0.0067383854645091
2014-06-30,0.003519687486997004,0.0034232048438381027,-0.008176246938920459,-0.00817624693892385,-0.008176246938923847,-0.007728469973290602
2014-07-02,-0.0005027266938299701,0.0028337862897485477,-0.007517017532434822,-0.007517017532437228,-0.007517017532437225,-0.007517017532437221
2014-07-03,0.0061626971200830424,-0.0013700449734536657,-0.0009546887160133528,-0.0009546887160154195,-0.0009546887160154169,-0.0009546887160154003
2014-07-07,-0.01192312852159906,-0.0037358549554569387,-0.005770587880685148,-0.005770587880684701,-0.005770587880684703,-0.005770587880684707
2014-07-08,-0.0018062926873027938,-0.00419840671540805,-0.007582641183126737,-0.0075826411831292385,-0.007582641183129237,-0.0075826411831292195
2014-07-09,-0.0014743673822331027,-0.000800789809785158,-0.006306962214436396,-0.006306962214436492,-0.006306962214436493,-0.00630696221443649
2014-07-10,-0.0022136002627129205,-0.005589335042619645,0.004830033024535363,0.004830033024538184,0.00483003302453818,0.0048300330245381684
2014-07-11,0.011016980143106175,-0.0034059284347397268,-0.01454691188074948,-0.014546911880754064,-0.014546911880754054,-0.014546911880754033
2014-07-14,0.0019025618272311537,0.008698258416806014,0.0032603483246546926,0.0032603483246549294,0.0032603483246549316,0.0032603483246549177
2014-07-15,-0.005282880818690201,0.006354932683895073,-0.007830198574443739,-0.007830198574445989,-0.007830198574445984,-0.007830198574445984
2014-07-16,-0.0008589443936334513,-0.0010258936958454077,0.003054419815866138,0.0030544198158680815,0.0030544198158680793,0.003054419815868068
2014-07-17,0.0002034179051345995,-0.0006014303151384094,0.012646725595399434,0.012646725595404461,0.012646725595404454,0.012646725595404428
2014-07-18,0.008030951971662632,-0.009962666188648253,-0.011966591293080704,-0.011966591293082451,-0.011966591293082444,-0.011966591293082437
2014-07-22,0.011120622151754047,0.008351249823160541,-0.0072121941723195205,-0.007212194172323585,-0.007212194172323577,-0.007212194172323571
2014-07-23,0.007013138812528323,-0.0009181735758589044,0.0119794071039083,0.011979407103911122,0.011979407103911124,0.011979407103911106
2014-07-24,0.011000532592003705,-0.0028161451747756167,-0.00957433403884957,-0.009574334038853684,-0.009574334038853678,-0.009574334038853658
2014-07-25,0.01722129960572916,0.011289020604155946,0.009295453965633632,0.009295453965633999,0.009295453965634005,0.00929545396563399
2014-07-28,0.02079874037106153,0.004631297862108718,-0.005717901268897777,-0.005717901268899359,-0.0057179012688993456,-0.005717901268899363
2014-07-29,-0.004047238254705287,0.005665808381805164,1.3091599448560055e-05,1.3091599447160144e-05,1.3091599447159822e-05,1.309159944716357e-05
2014-07-30,-0.009118735437891256,0.0017534715549166564,-0.013569212150999016,-0.013569212151001736,-0.013569212151001733,-0.013569212151001726
2014-07-31,0.053397051094082874,0.05192347205758231,4.670042135492652e-05,4.6700421354900525e-05,4.670042135490259e-05,4.670042135490075e-05
2014-08-01,-0.02578832303682455,-0.025588362050195424,-0.009032238443093595,-0.009032238443093579,-0.009032238443093577,-0.009032238443093572
2014-08-04,0.009951321638845599,0.009898266769395798,0.002776456965094173,0.0027764569650941674,0.0027764569650941657,0.0027764569650941665
2014-08-05,-0.00015791920319752417,-0.0001775933552222798,0.001917691569943412,0.0019176915699434089,0.001917691569943404,0.0019176915699434037
2014-08-06,0.01212610616516074,0.011985548198157782,-0.0025950852165749247,-0.0025950852165749208,-0.0025950852165749208,-0.0025950852165749195
2014-08-07,-0.008330091411214323,-0.008267182572091473,-0.007936242666407363,-0.007936242666407349,-0.007936242666407342,-0.00793624266640734
2014-08-08,0.02441116432875944,0.024162798318135507,-0.0022836336902374043,-0.0022836336902374004,-0.0022836336902374074,-0.0022836336902374043
2014-08-11,0.0006014699232583881,0.0006524476935529157,0.012857890567911192,0.012857890567911168,0.012857890567911166,0.012857890567911161
2014-08-12,-0.005861887783012775,-0.0058240765656624414,0.0017221147261773468,0.0017221147261773438,0.0017221147261773427,0.0017221147261773418
2014-08-13,-0.0017204329139913752,-0.0016827619380996466,0.008077390647770985,0.008077390647770967,0.008077390647770966,0.00807739064777096
2014-08-14,-0.011471163043028419,-0.011401321094547978,-0.003584001730768583,-0.003584001730768577,-0.003584001730768573,-0.0035840017307685722
2014-08-15,0.0038328278731882826,0.0038415220728590803,0.006177500807010199,0.0061775008070101885,0.006177500807010184,0.006177500807010182
2014-08-18,0.007746168083943017,0.007657648736791576,9.57151572568099e-06,9.57151572567992e-06,9.571515725681533e-06,9.5715157256818e-06
2014-08-19,0.01113558572396545,0.011059660606486735,0.006679872477160268,0.006679872477160256,0.006679872477160255,0.0066798724771602504
2014-08-20,-0.0010773772328642737,-0.0010588580778324963,0.0014582876159996378,0.0014582876159996354,0.001458287615999634,0.001458287615999633
2014-08-21,-0.009316421838262198,-0.009214237098908847,-0.0065094597824979575,-0.0065094597824979445,-0.006509459782497938,-0.006509459782497937
2014-08-22,-0.002379858514907408,-0.0023495413882881843,0.004685570797802664,0.0046855707978026555,0.004685570797802651,0.00468557079780265
2014-08-25,-0.010548302188232548,-0.01044824724153837,0.0021502227770064525,0.0021502227770064486,0.0021502227770064486,0.002150222777006447
2014-08-26,-0.0017911303753211948,-0.0017916213643272448,-0.0036535684692982143,-0.0036535684692982078,-0.0036535684692982073,-0.003653568469298206
2014-08-27,-0.008339723290898049,-0.008271764901026197,-0.006164813705945531,-0.006164813705945521,-0.006164813705945516,-0.006164813705945514
2014-08-28,-0.008084517524996617,-0.00803412584784815,-0.007092304513902764,-0.007092304513902752,-0.007092304513902748,-0.007092304513902744
2014-08-29,0.006175710071866457,0.006129162236205708,5.762468884842587e-05,5.762468884842531e-05,5.762468884842538e-05,5.762468884842665e-05
2014-09-02,0.00859161626325489,0.008522021352550087,-0.00010646837917018022,-0.00010646837917017984,-0.00010646837917017526,-0.00010646837917017582
2014-09-03,0.003666103887561169,0.003686058695727605,0.02281471697589486,0.02281471697589482,0.022814716975894805,0.022814716975894794
2014-09-04,0.005225651130986496,0.005171682886402329,-0.0007849386533055104,-0.0007849386533055091,-0.0007849386533055092,-0.0007849386533055081
2014-09-05,0.004802948706246424,0.004769509981372626,-0.002246160319323142,-0.002246160319323137,-0.002246160319323136,-0.002246160319323134
2014-09-10,-0.0031963420608568374,-0.003209599484182671,-0.019109552763372104,-0.01910955276337207,-0.01910955276337206,-0.019109552763372048
2014-09-11,0.003947078135546403,0.003908923382458021,-0.00171057159449986,-0.0017105715944998575,-0.0017105715944998531,-0.0017105715944998538
2014-09-12,0.003988129169259392,0.003949267195565291,-0.0027013191177894446,-0.0027013191177894394,-0.0027013191177894373,-0.002701319117789436
2014-09-16,0.0014599988354515583,0.0014382877081760882,-0.008988935247729401,-0.008988935247729384,-0.008988935247729379,-0.008988935247729377
2014-09-17,0.020700897548538322,0.020540437452010275,0.009907167929081794,0.009907167929081777,0.00990716792908177,0.009907167929081764
2014-09-18,-0.01063526790706126,-0.010536316779337303,-0.008442322854360343,-0.008442322854360328,-0.008442322854360319,-0.008442322854360316
2014-09-19,-0.007073278913653386,-0.006974860995823043,0.005657507477581279,0.005657507477581269,0.0056575074775812705,0.005657507477581267
2014-09-22,-0.019734510803619213,-0.019634098170385368,-0.014379867335758982,-0.014379867335758956,-0.014379867335758951,-0.014379867335758946
2014-09-24,0.013416438236957706,0.013321244992069691,0.0035500821926572586,0.003550082192657252,0.00355008219265725,0.00355008219265725
2014-09-25,-0.00675572691149295,-0.006706706641802301,-0.0063703335549235305,-0.006370333554923519,-0.0063703335549235105,-0.006370333554923509
2014-09-26,0.0051612345465548125,0.0051098036625107845,-0.003736873157515876,-0.0037368731575158696,-0.0037368731575158696,-0.003736873157515867
2014-09-29,6.880714218127235e-05,5.7120034419012815e-05,-0.018792158751034238,-0.018792158751034203,-0.01879215875103419,-0.01879215875103418
2014-09-30,0.01018060632122129,0.010051172990783643,0.0002721477510666675,0.0002721477510666608,0.0002721477510666528,0.00027214775106666154
2014-10-08,-0.0018751263741526604,-0.0018874395948286567,0.011034289568723467,0.011034289568723462,0.011034289568723427,0.011034289568723451
2014-10-09,0.016182823901704793,0.01599035068726642,0.0013962047084253558,0.0013962047084253473,0.0013962047084253569,0.0013962047084253462
2014-10-10,-0.01090982345769445,-0.010855702335753736,-0.006104377685974454,-0.006104377685974446,-0.006104377685974456,-0.006104377685974441
2014-10-14,-0.006571801227127534,-0.0065634192815902095,-0.0034383310051154677,-0.0034383310051154694,-0.0034383310051154773,-0.0034383310051154673
2014-10-15,0.0008401019942923065,0.0008299460508063042,0.007003536583477551,0.007003536583477545,0.00700353658347754,0.0070035365834775366
2014-10-16,0.007189707898344482,0.007099304952295075,-0.007845290028917883,-0.00784529002891787,-0.007845290028917876,-0.007845290028917862
2014-10-17,-0.009676291306414446,-0.009605130842722276,-0.0011041392652304239,-0.0011041392652304197,-0.0011041392652304252,-0.0011041392652304182
2014-10-20,0.007924928849024633,0.007916330648450924,0.005332985365388167,0.005332985365388163,0.0053329853653881765,0.0053329853653881565
2014-10-21,0.004430589528536584,0.0043958236420352905,-0.008588946737720576,-0.00858894673772057,-0.008588946737720564,-0.008588946737720562
2014-10-22,-0.018032656778014786,-0.01785682758641512,-0.006005382560682807,-0.006005382560682807,-0.00600538256068277,-0.0060053825606828015
2014-10-23,-0.025303936498753742,-0.025055589715271668,-0.009298320697460257,-0.00929832069746025,-0.00929832069746024,-0.00929832069746024
2014-10-24,0.0008794000004364003,0.0008863881029231537,-0.0021452522490107463,-0.002145252249010748,-0.002145252249010737,-0.0021452522490107463
2014-10-27,0.0008590053851353776,0.0008256803194256955,-0.009082837513797137,-0.009082837513797133,-0.009082837513797112,-0.009082837513797124
2014-10-28,0.01740280222365501,0.017313249284321812,0.020070185340110486,0.020070185340110475,0.02007018534011044,0.020070185340110454
2014-10-29,0.010949506801155388,0.010903946253785908,0.014291748774488309,0.014291748774488302,0.014291748774488286,0.01429174877448829
2014-10-30,0.014706660990708716,0.01457611749711134,0.007100517300819677,0.007100517300819673,0.007100517300819661,0.007100517300819667
2014-10-31,-0.0038049637766611765,-0.003674259802196317,0.0468734325870713,0.04687343258707167,0.04687343258707167,0.04687343258707167
2014-11-04,0.009478997881091782,0.009411623256447838,0.027091470147218587,0.027091470147218792,0.027091470147218796,0.027091470147218792
2014-11-05,-0.017971243540908982,-0.017817756218512885,0.004368237857121083,0.004368237857121198,0.004368237857121213,0.004368237857121213
2014-11-06,0.006921481108945703,0.0068530947989407665,-0.008465186193093643,-0.008465186193093738,-0.008465186193093744,-0.008465186193093742
2014-11-07,-0.010176623733384958,-0.010069518992795847,0.005187479556869765,0.005187479556869847,0.005187479556869855,0.005187479556869855
2014-11-10,0.018613481686125397,0.018473738005354724,-0.00580960855112009,-0.00580960855112026,-0.005809608551120298,-0.0058096085511202935
2014-11-11,-0.012766370263955256,-0.012639862227297852,0.020269014584897802,0.020269014584898017,0.020269014584898035,0.02026901458489803
2014-11-12,0.010276170783058964,0.010191151246311205,0.004234638698844014,0.004234638698843983,0.004234638698843963,0.004234638698843965
2014-11-13,0.01223494741373232,0.012093843256067176,0.011249608204293021,0.011249608204293087,0.011249608204293089,0.011249608204293085
2014-11-14,-0.003751650930859227,-0.003689226835026612,0.005605357876558088,0.00560535787655814,0.005605357876558143,0.005605357876558142
2014-11-17,0.0012518392802540195,0.0011887405187168908,-0.02931504066021297,-0.029315040660213197,-0.029315040660213197,-0.029315040660213197
2014-11-18,0.0006169385500506734,0.0006059131479955598,0.021590626432867303,0.021590626432867528,0.021590626432867542,0.021590626432867542
2014-11-19,-0.0026096183074760886,-0.0026108572658336696,-0.003184433306452552,-0.0031844333064525543,-0.0031844333064525517,-0.003184433306452552
2014-11-20,-0.004127988170541234,-0.004068200161424319,0.0007119590709442611,0.0007119590709442797,0.0007119590709442823,0.0007119590709442833
2014-11-21,0.005547421170938801,0.005535259753042111,0.0032849724569740156,0.0032849724569739853,0.003284972456973963,0.003284972456973967
2014-11-25,0.05787383069160899,0.0573477902798194,0.0029107633664990583,0.0029107633664988987,0.0029107633664988523,0.0029107633664988536
2014-11-26,-0.0029539252498630764,-0.002924151878114981,-0.0013669602473552877,-0.0013669602473553345,-0.001366960247355348,-0.0013669602473553458
2014-11-28,0.008004408389574263,0.007912131181163504,0.012118473893486366,0.012118473893486416,0.012118473893486394,0.012118473893486394
2014-12-01,-0.012180849165243493,-0.012087239689177786,0.007357173710983005,0.007357173710983162,0.007357173710983166,0.007357173710983166
2014-12-02,0.021990122226511536,0.021840792356788874,0.004185886217154093,0.004185886217153965,0.004185886217153915,0.00418588621715392
2014-12-03,0.05381566460112753,0.053316518170603955,0.00324555466208346,0.003245554662083328,0.0032455546620832826,0.0032455546620832852
2014-12-04,0.01656336635411701,0.01648274960284019,0.00940263505132763,0.009402635051327539,0.009402635051327483,0.009402635051327489
2014-12-05,-0.033620524935294625,-0.03331376183179257,0.0018102857938334252,0.0018102857938335068,0.0018102857938335191,0.001810285793833519
2014-12-08,0.01959071422793811,0.019407505767592467,0.000851857296812397,0.0008518572968122703,0.0008518572968122161,0.0008518572968122209
2014-12-09,-0.01766995631432552,-0.01759142425883766,-0.00684659689183144,-0.006846596891831318,-0.006846596891831262,-0.006846596891831269
2014-12-10,0.042899368461857094,0.0424886637554932,-0.022256652666733066,-0.022256652666733455,-0.02225665266673352,-0.022256652666733514
2014-12-11,-0.006793835987713238,-0.006777146015921611,-0.008874076481337638,-0.008874076481337657,-0.008874076481337641,-0.008874076481337643
2014-12-12,0.0006064102764018267,0.0005676448670303334,0.006517427913321207,0.006517427913321262,0.00651742791332126,0.006517427913321256
2014-12-15,-0.0006856941007796775,-0.0007135136115577657,-0.01554611525009885,-0.015546115250098982,-0.015546115250098993,-0.015546115250098991
2014-12-16,-0.004019954221038459,-0.0040463440890116786,-0.019987709449482974,-0.01998770944948314,-0.01998770944948317,-0.019987709449483165
2014-12-17,-0.009780776303451071,-0.00964764102164703,0.0038410381826064323,0.003841038182606466,0.003841038182606454,0.003841038182606458
2014-12-18,0.005982300822763938,0.005968011895190292,0.023019553283102404,0.02301955328310257,0.023019553283102578,0.023019553283102574
2014-12-19,0.017564235116594083,0.017505009635189795,0.023779131388313342,0.023779131388313453,0.023779131388313435,0.02377913138831344
2014-12-22,0.03572182527491188,0.03540035757151951,0.0008076869448758021,0.0008076869448756723,0.0008076869448756489,0.0008076869448756494
2014-12-24,-0.017952190482189535,-0.017825766676440848,0.012246157818373142,0.012246157818373352,0.012246157818373394,0.012246157818373387
2014-12-29,-0.005059707665180098,-0.005030477882005271,-0.004972767375187558,-0.004972767375187623,-0.004972767375187624,-0.004972767375187624
2014-12-30,-0.023783642767076653,-0.023596744000634176,-0.015633667116203554,-0.015633667116203603,-0.015633667116203596,-0.015633667116203592
2015-01-05,0.07025476105857133,0.06954084675136922,-0.0023974734414762403,-0.0023974734414764975,-0.0023974734414765695,-0.002397473441476568
2015-01-06,0.008381132570597251,0.008209548142204842,-0.02997308913127194,-0.029973089131272196,-0.029973089131272206,-0.029973089131272203
2015-01-07,0.060071034661123145,0.05954939104486822,0.00020455249459893428,0.00020455249459874856,0.00020455249459871421,0.00020455249459871627
2015-01-08,-0.03487304290901144,-0.03453685451244374,0.016507851705710196,0.016507851705710466,0.016507851705710515,0.016507851705710508
2015-01-09,-0.016561599635732584,-0.01644015627525425,0.001722211901987071,0.0017222119019871366,0.0017222119019871499,0.0017222119019871477
2015-01-13,-0.009791434861864007,-0.009733563982355968,-0.006373425839923432,-0.006373425839923466,-0.006373425839923462,-0.006373425839923461
2015-01-14,-0.028937968891205087,-0.028702878166248297,-0.016957226806416204,-0.01695722680641624,-0.016957226806416224,-0.016957226806416224
2015-01-15,0.011707741421900463,0.011605374376001464,0.018448464675903636,0.018448464675903702,0.018448464675903668,0.01844846467590367
2015-01-16,0.043222775264930326,0.042868988548679016,-0.014071938595017378,-0.014071938595017625,-0.014071938595017661,-0.014071938595017654
2015-01-20,0.017231171561364157,0.01709326876668299,0.020516597716350754,0.020516597716350844,0.02051659771635083,0.020516597716350827
2015-01-21,0.04342900360883842,0.04311199813510943,-0.004775052895820665,-0.004775052895820947,-0.004775052895821021,-0.004775052895821011
2015-01-22,0.039096430105473944,0.03878853339684833,0.0028639278463111436,0.002863927846311028,0.002863927846311001,0.002863927846311004
2015-01-23,-0.015231588465789198,-0.015093444746017147,0.010425119843548393,0.010425119843548504,0.010425119843548514,0.010425119843548512
2015-01-26,0.009858649930476422,0.00973632510636059,-0.0024676802495186253,-0.0024676802495186834,-0.0024676802495187007,-0.002467680249518699
2015-01-27,-0.02072562790281451,-0.02049816248778621,0.017009753756837814,0.017009753756838036,0.01700975375683806,0.017009753756838056
2015-01-28,-0.010281473009659533,-0.010237400416430353,0.001469580775285061,0.001469580775285132,0.001469580775285153,0.0014695807752851486
2015-01-29,-0.023436173729684227,-0.023251171911466747,-0.010592051901931354,-0.010592051901931335,-0.01059205190193131,-0.01059205190193131
2015-01-30,-0.016470261730925154,-0.016274137503644315,0.003864629419484131,0.003864629419484248,0.003864629419484273,0.003864629419484272
2015-02-02,0.006169116586845745,0.006159123481072086,-0.0064654434084367865,-0.006465443408436826,-0.0064654434084368065,-0.006465443408436807
2015-02-03,0.010485911434497343,0.010472659537490414,-0.012436448305943435,-0.012436448305943629,-0.012436448305943665,-0.012436448305943657
2015-02-04,-0.01640664195275481,-0.016268240936404416,0.01955578575151074,0.019555785751510967,0.01955578575151099,0.019555785751510988
2015-02-05,-0.013897415862030449,-0.013757488107767269,-0.00974967342868131,-0.009749673428681344,-0.009749673428681329,-0.009749673428681329
2015-02-06,-0.027769916735843586,-0.02750500039022156,0.008124566061015505,0.008124566061015687,0.008124566061015722,0.008124566061015717
2015-02-09,-0.010378647606264637,-0.010280819872878365,0.003552173676509404,0.0035521736765094626,0.0035521736765094583,0.00355217367650946
2015-02-10,0.011606835009077191,0.011492882035140994,-0.0033096355171697038,-0.003309635517169801,-0.003309635517169828,-0.0033096355171698248
2015-02-12,-0.008030942560464658,-0.007861855141643921,0.018429879740939237,0.018429879740939396,0.018429879740939407,0.01842987974093941
2015-02-13,0.01650902948780584,0.016442860961907817,-0.0035549949772205403,-0.0035549949772206643,-0.003554994977220682,-0.003554994977220678
2015-02-17,0.005982574778214289,0.005954689896292961,-0.0009402015164078113,-0.0009402015164078531,-0.0009402015164078636,-0.0009402015164078616
2015-02-25,-0.0203921828650092,-0.02017051987032826,-0.0009550445708312993,-0.0009550445708312283,-0.0009550445708312039,-0.000955044570831204
2015-02-26,0.027408011448610065,0.02718798784350899,0.010739123121528181,0.010739123121528133,0.010739123121528095,0.010739123121528096
2015-02-27,0.011500833700642761,0.011441856778830318,0.0006963292147541444,0.0006963292147541191,0.000696329214754111,0.000696329214754113
2015-03-02,0.02024653757224525,0.020041684739516917,0.0015217476343926772,0.001521747634392608,0.0015217476343925888,0.0015217476343925885
2015-03-03,-0.02195143082532942,-0.02178409631794149,-0.000668468851414635,-0.0006684688514145085,-0.0006684688514144688,-0.0006684688514144732
2015-03-04,0.0014981389819181793,0.0014618631643603744,-0.005891263112565086,-0.005891263112565132,-0.00589126311256514,-0.005891263112565139
2015-03-05,-0.01738127862029798,-0.017248804980457954,0.0025120516447147316,0.0025120516447148427,0.002512051644714864,0.002512051644714861
2015-03-06,0.008312961524127215,0.008204994393565963,0.011545675031715255,0.011545675031715346,0.01154567503171535,0.011545675031715346
2015-03-09,-0.0009381480112514231,-0.0009407352018392856,-0.00942873636876567,-0.00942873636876578,-0.009428736368765801,-0.009428736368765796
2015-03-10,-0.0009405966204363904,-0.0010081812136604551,-0.006685929627204499,-0.006685929627204519,-0.006685929627204515,-0.006685929627204519
2015-03-11,-0.000136514915431316,-0.00011450214477974304,0.0031187220502039794,0.0031187220502040206,0.0031187220502040206,0.003118722050204021
2015-03-12,0.010825384569511215,0.010774273961638105,0.014205877022922152,0.014205877022922194,0.01420587702292217,0.014205877022922173
2015-03-13,0.00253064722467176,0.002481599846416292,0.013693656339333858,0.013693656339333954,0.013693656339333947,0.013693656339333943
2015-03-17,0.016893465178868278,0.016729371180719158,0.009826622358570356,0.009826622358570375,0.009826622358570352,0.009826622358570352
2015-03-18,0.030770809140692117,0.03057633326977196,0.005587595548160932,0.005587595548160836,0.005587595548160794,0.005587595548160801
2015-03-19,0.027733221011816685,0.027462277121455166,-0.003434010196857567,-0.0034340101968577006,-0.003434010196857715,-0.003434010196857716
2015-03-20,-0.011051631357775744,-0.010903444759247415,0.004290135812743931,0.004290135812743977,0.004290135812743969,0.0042901358127439716
2015-03-23,0.023636105591825003,0.023505940184717525,0.009932189425976812,0.009932189425976767,0.009932189425976734,0.00993218942597674
2015-03-24,0.051599020594686,0.05111420354493059,-0.0020190527179952743,-0.0020190527179954313,-0.0020190527179954607,-0.0020190527179954607
2015-03-25,-0.010691260036652713,-0.01059076003729878,0.001638276684728709,0.001638276684728762,0.001638276684728777,0.0016382766847287751
2015-03-26,0.00014393072134625536,0.00017625290820177234,-0.01375771230848537,-0.01375771230848549,-0.013757712308485498,-0.013757712308485494
2015-03-27,0.005254047802107651,0.005152192425780476,-0.009480467292210259,-0.009480467292210365,-0.009480467292210375,-0.009480467292210373
2015-03-30,-0.0047719283362404625,-0.0046707521938805065,0.00650967840841045,0.006509678408410432,0.006509678408410405,0.00650967840841041
2015-03-31,-0.018635823614966192,-0.018531886355209706,-0.01952188635520969,-0.010026106456819773,-0.01002610645681976,-0.01002610645681975
2015-04-01,0.013801199750278388,0.013732124277855582,0.01373212427785557,0.017832566794007524,0.017832566794007507,0.017832566794007486
2015-04-02,0.024052563023016057,0.023834439373382685,0.023834439373382664,0.00023389863606402707,0.00023389863606403853,0.00023389863606404726
2015-04-08,-0.020825775439869524,-0.020648025825128962,-0.020648025825128934,0.008279596169123635,0.008279596169123654,0.00827959616912366
2015-04-09,-0.02707698957597631,-0.02678707685205797,-0.026787076852057938,-0.007739208753605837,-0.007739208753605839,-0.007739208753605828
2015-04-10,0.02192145615907105,0.021787818193078356,0.021787818193078342,0.019196928691658777,0.019196928691658764,0.01919692869165874
2015-04-13,0.020906491389237527,0.020765372840458644,0.02076537284045863,0.01753644615887154,0.017536446158871535,0.017536446158871524
2015-04-14,0.012484981521568465,0.012381381263911835,0.012381381263911815,0.0038528736904337056,0.0038528736904336934,0.0038528736904336848
2015-04-15,0.001577210065604671,0.0016214773148182423,0.0016214773148182425,-0.012804296603754409,-0.012804296603754423,-0.012804296603754418
2015-04-16,0.04086040050541189,0.04054955618688183,0.040549556186881795,0.03016334104651536,0.030163341046515347,0.030163341046515316
2015-04-17,0.012339808821216228,0.012220897254940214,0.012220897254940206,0.01811975553658666,0.018119755536586655,0.018119755536586638
2015-04-20,0.007730901068662497,0.007646810031291842,0.007646810031291832,-0.015992999579863762,-0.015992999579863755,-0.015992999579863745
2015-04-21,0.011813405396243846,0.01174011400151975,0.011740114001519742,0.021335040471273235,0.021335040471273235,0.02133504047127322
2015-04-22,0.015292003280347636,0.015209673109216953,0.01520967310921694,0.025928840402246918,0.0259288404022469,0.02592884040224688
2015-04-23,0.004082212529402114,0.004072277918384653,0.004072277918384647,0.0002560482484319623,0.00025604824843195246,0.0002560482484319498
2015-04-24,-0.00648581541670558,-0.006418299859437519,-0.0064182998594375104,-0.007984972350962082,-0.007984972350962082,-0.007984972350962075
2015-04-27,0.015755320492942267,0.01564739643264027,0.01564739643264026,0.022143914036882525,0.022143914036882522,0.022143914036882505
2015-04-28,0.0010549429674990426,0.0010364559577193935,0.0010364559577193937,-0.013543547507070177,-0.013543547507070172,-0.013543547507070158
2015-04-30,0.013277035236937847,-0.025760895960517442,-0.025760895960517515,-0.02675089596051749,-0.026750895960517558,-0.02675089596051747
2015-05-07,-0.03157739412719498,-0.0046573603734856835,-0.00465736037348566,-0.004657360373485675,-0.004657360373485663,-0.004657360373485661
2015-05-08,-0.0006094773731523806,0.015424148778126286,0.015424148778126333,0.015424148778126328,0.015424148778126354,0.015424148778126298
2015-05-11,-0.01250190577831995,0.022391206800280495,0.02239120680028061,0.022391206800280592,0.02239120680028064,0.02239120680028053
2015-05-12,0.04014204106839591,0.001930815730311727,0.001930815730311708,0.0019308157303116942,0.0019308157303117072,0.0019308157303116612
2015-05-13,-0.004898322695561755,0.01707030472851402,0.017070304728514066,0.01707030472851403,0.017070304728514098,0.01707030472851402
2015-05-14,-0.005817422434367536,0.01204726359611422,0.01204726359611426,0.012047263596114242,0.012047263596114282,0.012047263596114239
2015-05-15,0.003150787696924103,-0.0226440351647109,-0.02264403516471102,-0.022644035164710967,-0.022644035164711054,-0.02264403516471089
2015-05-18,-0.008375710439724814,0.02296994905077427,0.022969949050774333,0.022969949050774287,0.022969949050774374,0.02296994905077427
2015-05-19,-0.02790346907993955,0.007355603460703984,0.007355603460704081,0.00735560346070409,0.007355603460704087,0.00735560346070403
2015-05-20,0.007913110938712045,-0.005152571831057145,-0.00515257183105715,-0.005152571831057145,-0.0051525718310571605,-0.005152571831057155
2015-05-21,0.023399014778325202,0.014498711762930412,0.014498711762930444,0.014498711762930426,0.014498711762930463,0.014498711762930381
2015-05-22,-0.013688327316486228,0.020250285259040036,0.020250285259040133,0.020250285259040133,0.02025028525904016,0.020250285259040095
2015-05-26,-0.030500758725341477,0.02471264684506559,0.024712646845065737,0.02471264684506572,0.024712646845065776,0.024712646845065675
2015-05-27,-0.025669118797933925,0.04132029824186479,0.04132029824186495,0.041320298241864874,0.04132029824186502,0.04132029824186483
2015-05-28,0.009638554216867472,-0.029654513664497596,-0.029654513664497766,-0.029654513664497777,-0.0296545136644978,-0.029654513664497666
2015-05-29,0.041368337311058094,0.02826089071692962,0.028260890716929665,0.02826089071692962,0.028260890716929714,0.028260890716929592
2015-06-01,-0.007181054239877723,0.04679133645432739,0.046791336454327606,0.04679133645432756,0.046791336454327676,0.04679133645432745
2015-06-02,0.006309633733456501,0.0033474518633633673,0.0033474518633633955,0.003347451863363391,0.0033474518633633973,0.0033474518633633548
2015-06-03,-0.02553907325279094,-0.012112842350855304,-0.012112842350855316,-0.012112842350855288,-0.012112842350855335,-0.012112842350855265
2015-06-04,-0.025423728813559292,-0.02063792105428795,-0.020637921054287963,-0.020637921054287932,-0.020637921054287998,-0.020637921054287935
2015-06-05,0.018196457326892068,0.038728751969836224,0.03872875196983636,0.03872875196983629,0.03872875196983642,0.03872875196983622
2015-06-08,-0.008698402656966538,-0.005949329695986749,-0.005949329695986733,-0.005949329695986712,-0.005949329695986746,-0.00594932969598674
2015-06-09,0.03876834716017871,-0.0033164628387860095,-0.003316462838786052,-0.003316462838786066,-0.0033164628387860576,-0.0033164628387860667
2015-06-10,0.004914759637536494,-0.0047247950208831905,-0.004724795020883214,-0.004724795020883222,-0.004724795020883222,-0.0047247950208832296
2015-06-11,-0.009628610729023527,0.005236778412531404,0.005236778412531413,0.0052367784125314145,0.0052367784125314214,0.005236778412531422
2015-06-12,-0.016820987654320937,-0.005505458823503232,-0.0055054588235032165,-0.005505458823503189,-0.005505458823503227,-0.005505458823503177
2015-06-15,0.00361010830324915,0.010646857133628495,0.010646857133628517,0.010646857133628474,0.01064685713362854,0.010646857133628477
2015-06-16,-0.004222708789490103,-0.02620477775056345,-0.026204777750563547,-0.02620477775056353,-0.026204777750563586,-0.026204777750563474
2015-06-17,0.00047117951939704155,0.012765550451388694,0.012765550451388755,0.01276555045138875,0.01276555045138877,0.012765550451388722
2015-06-18,0.010047095761381384,-0.011568309588198333,-0.011568309588198435,-0.011568309588198435,-0.011568309588198445,-0.01156830958819836
2015-06-19,-0.024712465029530728,-0.07083340704795997,-0.07083340704796023,-0.07083340704796015,-0.07083340704796033,-0.07083340704795998
2015-06-23,0.02023715415019755,-0.013312912947690454,-0.013312912947690506,-0.013312912947690462,-0.013312912947690537,-0.013312912947690487
2015-06-24,-0.014721834805516743,0.03728587688447494,0.03728587688447509,0.037285876884475044,0.037285876884475155,0.03728587688447498
2015-06-25,-0.0023592324630388,-0.04843324920543913,-0.0484332492054393,-0.048433249205439254,-0.04843324920543937,-0.048433249205439156
2015-06-26,-0.00599085606180068,-0.09814773530120963,-0.09814773530121003,-0.09814773530120992,-0.09814773530121017,-0.09814773530120972
2015-06-29,-0.016812053925456087,-0.07492663690892763,-0.07492663690892784,-0.07492663690892777,-0.07492663690892795,-0.07492663690892769
2015-06-30,0.05942062373629082,0.05997280214950299,0.059972802149502964,0.059972802149503,0.05997280214950298,0.05997280214950296
2015-07-02,-0.08763690643747568,-0.08686889659599606,-0.08686889659599609,-0.08686889659599609,-0.08686889659599606,-0.08686889659599607
2015-07-06,0.01790018645063677,0.017620710356007256,0.01762071035600726,0.01762071035600729,0.017620710356007274,0.017620710356007274
2015-07-07,-0.05526062214788285,-0.05477035352835782,-0.05477035352835783,-0.05477035352835784,-0.05477035352835783,-0.05477035352835784
2015-07-08,-0.06975569390052644,-0.06934088824149068,-0.06934088824149066,-0.06934088824149068,-0.06934088824149066,-0.06934088824149065
2015-07-09,0.068038926672011,0.06761167196839246,0.06761167196839243,0.06761167196839246,0.06761167196839245,0.06761167196839245
2015-07-10,0.07836883324832303,0.07774696906063575,0.07774696906063575,0.07774696906063577,0.07774696906063576,0.07774696906063575
2015-07-15,-0.0838875147282443,-0.08319007945366726,-0.08319007945366727,-0.08319007945366727,-0.08319007945366724,-0.08319007945366726
2015-07-16,0.021711983009096377,0.02153421603123609,0.021534216031236095,0.021534216031236092,0.021534216031236085,0.02153421603123609
2015-07-17,0.051081274669674076,0.0506709722177314,0.05067097221773139,0.050670972217731404,0.0506709722177314,0.05067097221773138
2015-07-21,0.020568764757979963,0.02040797875211165,0.02040797875211166,0.020407978752111654,0.02040797875211165,0.020407978752111658
2015-07-22,-0.011396577901944479,-0.011357824307866186,-0.011357824307866188,-0.011357824307866185,-0.011357824307866183,-0.011357824307866185
2015-07-23,0.028371647316919563,0.028132883521660865,0.028132883521660868,0.02813288352166088,0.028132883521660868,0.028132883521660868
2015-07-24,-0.01633987384656223,-0.01627902926424039,-0.01627902926424038,-0.016279029264240387,-0.016279029264240383,-0.016279029264240383
2015-07-27,-0.09507185779272516,-0.09437102708116303,-0.09437102708116302,-0.09437102708116303,-0.094371027081163,-0.094371027081163
2015-07-28,-0.014335511230320834,-0.014188854359575358,-0.014188854359575365,-0.014188854359575368,-0.014188854359575362,-0.014188854359575367
2015-07-29,0.0461414752597429,0.04580051182307854,0.04580051182307853,0.04580051182307854,0.04580051182307853,0.04580051182307853
2015-07-30,-0.026631537451122705,-0.026425615701005,-0.026425615701004986,-0.026425615701005007,-0.026425615701004993,-0.026425615701004993
2015-07-31,0.0015855988841386676,0.0015413946911671575,0.0015413946911671595,-0.000684405238075504,-0.0006844052380755019,-0.0006844052380755017
2015-08-03,-0.004530693811278219,-0.0045530060870792016,-0.004553006087079194,0.00318404930906918,0.0031840493090691878,0.0031840493090691813
2015-08-04,0.036168991465109115,0.03588784778482811,0.0358878477848281,0.03082579952908818,0.03082579952908819,0.030825799529088174
2015-08-05,-0.01901374341587461,-0.018866262510544306,-0.0188662625105443,-0.02041735053147018,-0.02041735053147018,-0.020417350531470164
2015-08-06,-0.006520417578280494,-0.006482717139519962,-0.006482717139519961,-0.009000458817319224,-0.009000458817319222,-0.009000458817319217
2015-08-07,0.02339522777111692,0.023189201440514187,0.023189201440514177,0.019429006677783855,0.01942900667778386,0.01942900667778385
2015-08-10,0.053302496676561194,0.05292316177581922,0.0529231617758192,0.04511101605858279,0.045111016058582795,0.04511101605858276
2015-08-11,0.07993026740433364,0.07919296814100456,0.07919296814100449,-0.004227290029025117,-0.004227290029025093,-0.004227290029025085
2015-08-12,0.03560231496428554,0.03524101634063129,0.03524101634063125,-0.012309588905962773,-0.012309588905962749,-0.012309588905962746
2015-08-13,-0.004063155399590843,-0.003997237032518837,-0.003997237032518824,0.014652225808516032,0.014652225808516026,0.014652225808516018
2015-08-14,-0.027584110517533445,-0.027361759178423702,-0.027361759178423678,-0.0005206195130415279,-0.0005206195130415331,-0.0005206195130415352
2015-08-17,0.009751717624523627,0.009657968031111495,0.009657968031111488,0.0010565815971793778,0.0010565815971793834,0.0010565815971793815
2015-08-18,-0.08982921791183195,-0.08910746593740516,-0.08910746593740512,-0.06146718395221468,-0.06146718395221469,-0.06146718395221465
2015-08-19,0.021549933637957208,0.021296575780205503,0.021296575780205492,0.015677248766418145,0.01567724876641817,0.015677248766418156
2015-08-20,0.008831163679023353,0.008654690822367535,0.008654690822367507,-0.03185112062221286,-0.03185112062221285,-0.03185112062221281
2015-08-21,-0.01633641326406654,-0.016321463191698568,-0.01632146319169858,-0.045396560122938946,-0.04539656012293893,-0.04539656012293892
2015-08-24,-0.07759599198740162,-0.07720415271865333,-0.07720415271865332,-0.08698639459405318,-0.08698639459405315,-0.0869863945940531
2015-08-25,-0.0947157258969521,-0.09394047864518311,-0.09394047864518308,-0.0704752345948859,-0.07047523459488593,-0.0704752345948859
2015-08-26,-0.05503900091988123,-0.05448978487660186,-0.05448978487660181,-0.005608488896576497,-0.005608488896576519,-0.005608488896576518
2015-08-27,0.02076472674372313,0.02079976233944313,0.02079976233944315,0.059120632105842896,0.05912063210584287,0.05912063210584283
2015-08-28,0.05790897359539415,0.05751373948187865,0.05751373948187863,0.042384977520793655,0.04238497752079367,0.04238497752079364
2015-08-31,-0.029226910271726636,-0.02890652562891748,-0.02890652562891753,-0.02989652562891752,-0.029896525628917512,-0.029896525628917498
2015-09-01,0.011377875968724513,0.011100443184120552,0.011100443184120547,0.011100443184120547,0.011100443184120564,0.011100443184120541
2015-09-02,-0.036702038698755046,-0.036346049173598884,-0.036346049173598946,-0.03634604917359892,-0.03634604917359892,-0.03634604917359889
2015-09-08,0.020415051859392245,0.020323910839357594,0.020323910839357594,0.020323910839357577,0.02032391083935762,0.020323910839357577
2015-09-09,0.03395340218112293,0.03377438928060416,0.03377438928060418,0.03377438928060415,0.0337743892806042,0.033774389280604146
2015-09-10,-0.0282237937468803,-0.028002218934755407,-0.028002218934755428,-0.028002218934755407,-0.028002218934755442,-0.028002218934755397
2015-09-11,-0.0018443060927601119,-0.0018391169386074067,-0.001839116938607405,-0.0018391169386074025,-0.001839116938607409,-0.0018391169386074028
2015-09-14,-0.02233834230712108,-0.022200173124983628,-0.022200173124983624,-0.022200173124983607,-0.022200173124983652,-0.022200173124983607
2015-09-15,-0.07031606018108023,-0.06970874614797998,-0.06970874614798002,-0.06970874614797996,-0.06970874614798006,-0.06970874614797994
2015-09-16,0.0692108642951053,0.06873472880658126,0.0687347288065813,0.06873472880658123,0.06873472880658134,0.06873472880658121
2015-09-17,-0.010334466404988276,-0.010263246786035187,-0.010263246786035162,-0.010263246786035152,-0.010263246786035199,-0.01026324678603516
2015-09-18,0.0027416641380635,0.0026501972741588835,0.002650197274158869,0.0026501972741588714,0.002650197274158886,0.002650197274158872
2015-09-24,0.01622070363389061,0.01604821402261875,0.016048214022618763,0.016048214022618745,0.01604821402261877,0.016048214022618745
2015-09-25,0.0048696992951844245,0.004834622169394029,0.004834622169394072,0.0048346221693940684,0.004834622169394036,0.004834622169394052
2015-09-29,-0.016635633778885328,-0.016572788528724958,-0.01657278852872495,-0.016572788528724944,-0.01657278852872498,-0.01657278852872494
2015-09-30,0.0029787992289318655,0.003055834077609127,0.0030558340776091386,0.009442229599414745,0.009442229599414752,0.009442229599414768
2015-10-08,0.032355432410704085,0.032126755746284305,0.03212675574628432,0.029747051572730842,0.029747051572730745,0.029747051572730818
2015-10-09,0.029344073647871158,0.02912828926280388,0.02912828926280382,-0.016081818320258155,-0.01608181832025836,-0.016081818320258404
2015-10-13,-0.0063268051160825355,-0.0063251437111958115,-0.006325143711195837,-0.020739943626580506,-0.020739943626580534,-0.02073994362658058
2015-10-14,0.004117502458210507,0.0040470922992785355,0.004047092299278543,0.0072117238254226085,0.007211723825422611,0.007211723825422632
2015-10-15,0.024284807741245668,0.02415998365628121,0.02415998365628121,0.015093820684662796,0.015093820684662706,0.015093820684662739
2015-10-16,-0.0008239511918989087,-0.0007900669327540409,-0.0007900669327540342,0.0033695748088195085,0.003369574808819519,0.0033695748088195276
2015-10-19,-0.012901377951516704,-0.01282692649556204,-0.012826926495562076,-0.03122485935326347,-0.031224859353263492,-0.031224859353263572
2015-10-20,0.006831537630054291,0.006771132729280525,0.006771132729280504,-0.00788618071236911,-0.00788618071236917,-0.00788618071236919
2015-10-22,0.016161977434591593,0.016051640281601352,0.01605164028160135,0.006873166104337604,0.00687316610433753,0.0068731661043375455
2015-10-23,0.017575980677077226,0.017484925189348386,0.017484925189348362,-0.002173694685520432,-0.002173694685520534,-0.0021736946855205447
2015-10-26,-0.002241953244247587,-0.0022385562780984003,-0.0022385562780984185,-0.013394620155152128,-0.013394620155152154,-0.013394620155152184
2015-10-27,-0.007962267091363273,-0.007899339206575656,-0.007899339206575663,-0.008986353446050206,-0.008986353446050192,-0.008986353446050213
2015-10-28,0.0011493442165704298,0.0011628929860097973,0.0011628929860098682,0.04402036434641237,0.0440203643464125,0.0440203643464126
2015-10-29,-0.008268339975438408,-0.008203479413552308,-0.008203479413552317,-0.010296731632656533,-0.010296731632656523,-0.010296731632656549
2015-10-30,-0.01446752999336429,-0.01432908780430813,-0.014329087804308084,0.018119666909694424,0.01811966690969455,0.01811966690969459
2015-11-02,-0.019940172928414008,-0.019819783883276636,-0.01981978388327664,-0.014679012684146816,-0.014679012684146753,-0.014679012684146784
2015-11-04,0.031791998855601265,0.031562019636841375,0.0315620196368413,-0.02611504430483043,-0.026115044304830685,-0.02611504430483075
2015-11-05,0.013596602945016975,0.013471144513412175,0.013471144513412135,-0.01617918986740395,-0.016179189867404072,-0.01617918986740411
2015-11-06,0.0238335326750816,0.023627757719821087,0.02362775771982105,-0.009431280027512014,-0.009431280027512172,-0.009431280027512194
2015-11-09,0.0019433885176962742,0.0019148326708897409,0.001914832670889727,-0.007487090908335319,-0.007487090908335352,-0.0074870909083353705
2015-11-10,0.035720930521014854,0.03537639348332482,0.03537639348332477,-0.005219885872014572,-0.005219885872014771,-0.005219885872014783
2015-11-11,-0.015466811175265058,-0.015365365549644636,-0.01536536554964466,-0.026144614622157645,-0.026144614622157638,-0.026144614622157697
2015-11-12,-0.0018078728376609478,-0.0018037299814622656,-0.0018037299814622869,-0.013196647070606195,-0.01319664707060622,-0.01319664707060625
2015-11-13,-0.01849076147389896,-0.018415706834544823,-0.01841570683454482,-0.013251445895738918,-0.013251445895738852,-0.013251445895738878
2015-11-16,0.04637689706386737,0.04595092912079177,0.04595092912079173,0.005809101475993778,0.005809101475993552,0.005809101475993569
2015-11-17,-0.016767175787634543,-0.01663983274124458,-0.016639832741244587,-0.019240061212600922,-0.019240061212600888,-0.01924006121260093
2015-11-18,-0.012633328757679975,-0.012514921383553186,-0.01251492138355316,0.006293506230218872,0.006293506230218958,0.006293506230218974
2015-11-19,0.014041622234376452,0.013951892402425751,0.013951892402425736,-0.0001729413484820078,-0.00017294134848208558,-0.00017294134848208674
2015-11-20,0.008785000263655585,0.008730534832215177,0.008730534832215173,0.004730628131973433,0.004730628131973402,0.004730628131973412
2015-11-24,-0.006907938922772066,-0.006816581214084971,-0.006816581214084934,0.01757936100622489,0.017579361006224977,0.017579361006225015
2015-11-25,0.019564008182445528,0.019417533830823265,0.019417533830823255,0.008027819618244102,0.00802781961824402,0.008027819618244036
2015-11-27,-0.05860705541487825,-0.058165119663088516,-0.05816511966308848,-0.016419891049619273,-0.016419891049619,-0.016419891049619037
2015-11-30,-0.012636816711311893,-0.012557109209950741,-0.012557109209950667,-0.00783135527859011,-0.007831355278590099,-0.007831355278590097
2015-12-01,0.00937068296500021,0.00934387430356024,0.009343874303560259,0.013348635018550959,0.013348635018550945,0.013348635018550938
2015-12-02,0.005986543437134015,0.0059186222744518424,0.0059186222744519144,-0.0036821427943298742,-0.00368214279432988,-0.0036821427943298794
2015-12-03,0.0061713223786548175,0.006126516635961087,0.006126516635961062,0.00010479435915016698,0.00010479435915016318,0.00010479435915016587
2015-12-04,-0.0011551474979946256,-0.001180605698412956,-0.001180605698413139,-0.0216552625252121,-0.02165526252521208,-0.021655262525212066
2015-12-07,0.01905594350428673,0.01884419608075899,0.018844196080758893,0.009809030504907524,0.009809030504907508,0.009809030504907498
2015-12-08,-0.021876586942789607,-0.021745566907249114,-0.02174556690724905,-0.010418386020910223,-0.010418386020910206,-0.0104183860209102
2015-12-09,0.008860875703978977,0.00877002956882496,0.008770029568824843,-0.009729759617322854,-0.009729759617322852,-0.009729759617322845
2015-12-10,-0.010803873453787863,-0.010748412881766693,-0.010748412881766685,-0.013107543508997548,-0.013107543508997534,-0.013107543508997527
2015-12-11,0.013061518403496997,0.012910215428195723,0.012910215428195647,0.009539610530476996,0.009539610530476984,0.009539610530476977
2015-12-14,0.05518597554770289,0.05469203869209123,0.054692038692090765,-0.01780899461857423,-0.01780899461857425,-0.01780899461857423
2015-12-15,-0.008723056675386306,-0.008655789708075474,-0.008655789708075507,-0.016666566810090128,-0.016666566810090114,-0.016666566810090103
2015-12-16,0.013903981846539841,0.013807909019383037,0.01380790901938305,0.025852106327403243,0.025852106327403222,0.0258521063274032
2015-12-17,0.0038324640411238117,0.003803941798143723,0.003803941798143851,0.01579011317055291,0.015790113170552896,0.015790113170552886
2015-12-18,-0.017303780918779817,-0.01717674225950941,-0.017176742259509346,-0.018807012627541284,-0.01880701262754127,-0.018807012627541256
2015-12-21,0.008928451169633042,0.008887518188692255,0.008887518188692259,-0.003642222973636932,-0.003642222973636938,-0.0036422229736369346
2015-12-22,0.007627190295579568,0.007579332358196698,0.007579332358196635,-0.001506094879310895,-0.0015060948793108972,-0.0015060948793108957
2015-12-24,0.004395269049128676,0.004345314220386152,0.004345314220386047,-0.005091056700456505,-0.005091056700456502,-0.005091056700456499
2015-12-28,-0.02163143165072547,-0.021521026596434276,-0.02152102659643417,0.005395010869106187,0.005395010869106195,0.005395010869106188
2015-12-29,0.015263074166233855,0.01519069731298754,0.015190697312987476,0.005791545206597591,0.0057915452065975806,0.005791545206597579
2015-12-30,0.0052713737501552905,0.005201852513836323,0.005201852513836296,0.0026680825272754646,0.0026680825272754603,0.002668082527275458
2016-01-04,-0.06911895801798475,-0.0686603711592895,-0.06866037115928934,-0.030542127244029122,-0.030542127244029063,-0.030542127244029046
2016-01-05,0.0208560626388865,0.02065453160405306,0.020654531604052874,-0.004123385161482129,-0.004123385161482134,-0.0041233851614821335
2016-01-06,0.05105762102555954,0.05051621604614815,0.05051621604614773,-0.009873715456866716,-0.009873715456866732,-0.00987371545686673
2016-01-07,-0.0695109167689958,-0.06905320523247271,-0.06905320523247249,-0.023311050340261125,-0.023311050340261073,-0.02331105034026106
2016-01-08,0.059290719419597515,0.058749742870752686,0.05874974287075223,-0.0038139378526908367,-0.003813937852690859,-0.003813937852690858
2016-01-12,-0.0581148966670274,-0.05763092780188733,-0.05763092780188695,-0.026891793718014822,-0.026891793718014784,-0.02689179371801477
2016-01-13,-0.032025909798599546,-0.03174918380070695,-0.0317491838007066,0.028512390138011816,0.02851239013801181,0.028512390138011788
2016-01-14,0.014035492128151595,0.01393841923102206,0.013938419231021876,-0.026483192055516688,-0.02648319205551668,-0.02648319205551666
2016-01-15,-0.049261117171158574,-0.048956170310275444,-0.048956170310275174,-0.005576091282660103,-0.005576091282660076,-0.0055760912826600785
2016-01-19,0.027661906863512897,0.027477409001806244,0.027477409001806154,0.005510517639487289,0.005510517639487271,0.005510517639487267
2016-01-20,0.014113238390779144,0.013842015430279082,0.0138420154302787,-0.0368408259724102,-0.03684082597241019,-0.03684082597241017
2016-01-21,-0.025738445618504798,-0.025509866895851545,-0.02550986689585157,-0.024086805793228853,-0.024086805793228826,-0.024086805793228805
2016-01-22,-0.009809849811321913,-0.009511296298359818,-0.009511296298359378,0.05837877640065389,0.05837877640065386,0.05837877640065382
2016-01-25,0.00010797377476311669,4.6504401637676826e-05,4.6504401637745374e-05,0.008835204499255383,0.008835204499255378,0.008835204499255365
2016-01-26,-0.04232292000361061,-0.04200111179332951,-0.042001111793329514,-0.02336084436349714,-0.0233608443634971,-0.023360844363497082
2016-01-27,-0.023709111070042463,-0.02339394673052746,-0.02339394673052712,0.027037944913964312,0.0270379449139643,0.027037944913964287
2016-01-28,-0.061131502581061585,-0.06056048868936743,-0.060560488689367045,-0.007104264377944021,-0.0071042643779439885,-0.007104264377943981
2016-01-29,0.025702804767156372,0.02559305314020297,0.025593053140203024,0.027849232533607594,0.027849232533607556,0.02784923253360754
2016-02-01,0.009683031107179817,0.009570944339752478,0.00957094433975244,0.019590567168082825,0.01959056716808281,0.019590567168082797
2016-02-02,0.02076312515696443,0.020521391857233486,0.020521391857233354,-0.0063818792668145306,-0.0063818792668145375,-0.006381879266814536
2016-02-03,0.009747938266236445,0.009693698217163907,0.009693698217163633,-0.031157576635150595,-0.031157576635150577,-0.03115757663515055
2016-02-04,0.027533540979209455,0.027294934394254976,0.02729493439425474,-0.008386009486803445,-0.008386009486803452,-0.008386009486803448
2016-02-05,0.041858148101852274,0.04143655285354648,0.04143655285354601,-0.013094602556720547,-0.013094602556720552,-0.013094602556720545
2016-02-16,0.01757980230230638,0.017435095141000962,0.01743509514100094,0.0019990323542863862,0.0019990323542863732,0.0019990323542863693
2016-02-17,-0.00837720557735875,-0.008228222897092808,-0.008228222897092777,-0.013382124472424843,-0.013382124472424832,-0.013382124472424817
2016-02-18,-0.01976932569030943,-0.01957055167929042,-0.01957055167929014,0.022533758717991452,0.022533758717991445,0.022533758717991428
2016-02-19,-0.013021906148394605,-0.012942752717837494,-0.01294275271783746,-0.014086782562666399,-0.014086782562666383,-0.014086782562666376
2016-02-22,0.015302312974039962,0.015278005177643895,0.015278005177643899,0.009049594863029203,0.009049594863029187,0.009049594863029187
2016-02-23,0.02818447004253553,0.02784912013285753,0.027849120132857227,-0.0036789672368672333,-0.0036789672368672402,-0.003678967236867242
2016-02-24,0.028178100761919074,0.027952221604096494,0.027952221604096234,-0.008347847204062448,-0.008347847204062456,-0.008347847204062444
2016-02-25,-0.055378761352615005,-0.054909843601040176,-0.054909843601039864,0.013882674319015997,0.013882674319016018,0.01388267431901601
2016-02-26,0.018356508589441933,0.018226969424027562,0.01822696942402746,0.0030024954074921208,0.003002495407492111,0.003002495407492109
2016-02-29,-0.022942804575398493,-0.022736916371467217,0.02262975550463283,0.022629755504632827,0.02262975550463284,0.02262975550463282
2016-03-01,0.05528485919748107,0.055403313205347464,0.017479578825304508,0.017479578825304497,0.017479578825304508,0.017479578825304497
2016-03-02,0.025307300547869154,0.02500112344781043,0.01261847615452053,0.01261847615452052,0.012618476154520525,0.01261847615452052
2016-03-03,0.03210477043659449,0.032264819455707895,0.0005853457746386116,0.000585345774638612,0.0005853457746386116,0.0005853457746386128
2016-03-04,0.004727313641828584,0.004688699149044516,0.049501050798112435,0.049501050798112414,0.04950105079811244,0.04950105079811239
2016-03-07,0.05100381857932332,0.051283106538499865,0.048421470541172504,0.04842147054117248,0.04842147054117251,0.04842147054117247
2016-03-08,-0.021635218525013104,-0.021832137166866404,-0.03136617284173009,-0.03136617284173008,-0.03136617284173009,-0.03136617284173008
2016-03-09,-0.05517318415797443,-0.05529894512857566,0.0325023015106186,0.032502301510618586,0.032502301510618614,0.032502301510618586
2016-03-10,-0.006476539183665059,-0.006258551065664342,-0.01651330206951951,-0.016513302069519502,-0.016513302069519512,-0.0165133020695195
2016-03-11,0.013294893141728235,0.01339377449001868,0.005487794714073695,0.005487794714073689,0.005487794714073692,0.005487794714073692
2016-03-14,0.017848786576318016,0.017746631750963443,-0.015890710067461778,-0.01589071006746177,-0.015890710067461785,-0.015890710067461764
2016-03-15,-0.04557322408035888,-0.04590744723738217,-0.019525300455917268,-0.019525300455917258,-0.01952530045591727,-0.019525300455917258
2016-03-16,0.011688036725502034,0.01173124843412981,0.03208862948094631,0.03208862948094629,0.03208862948094631,0.03208862948094628
2016-03-17,0.01167200578784849,0.011645913105240779,0.029626658058867657,0.029626658058867647,0.029626658058867664,0.029626658058867637
2016-03-18,0.016912460772075567,0.016814249031035677,0.001242803195486117,0.0012428031954861132,0.001242803195486114,0.0012428031954861147
2016-03-22,0.019720669743762423,0.019945908647881608,0.0038568576886173892,0.003856857688617389,0.00385685768861739,0.003856857688617387
2016-03-23,-0.01913665782324578,-0.019319872539316673,-0.02481405457181647,-0.024814054571816464,-0.024814054571816478,-0.024814054571816457
2016-03-24,-0.038056012210346726,-0.0380728037495731,-0.002287705481507599,-0.0022877054815075948,-0.0022877054815075956,-0.0022877054815075956
2016-03-29,-0.00648462594534048,-0.006385332087086965,-0.0226906058471009,-0.022690605847100892,-0.022690605847100902,-0.02269060584710088
2016-03-30,0.02190149014823332,0.02167449797101827,-0.001212319489449354,-0.001212319489449356,-0.0012123194894493562,-0.0012123194894493557
2016-03-31,-0.003843431386678811,-0.00379874650456391,0.008826797135269697,0.008826797135269704,0.008826797135269702,0.008826797135269702
2016-04-01,0.0032718108144815803,0.003186824595866485,-0.020567810187801776,-0.020567810187801787,-0.02056781018780179,-0.020567810187801783
2016-04-05,0.006170295337831975,0.006054855173768514,-0.010784059791330985,-0.010784059791330989,-0.01078405979133099,-0.01078405979133099
2016-04-06,-0.004002092988488635,-0.003921131518225915,0.036717173256266465,0.03671717325626649,0.036717173256266486,0.036717173256266486
2016-04-07,-0.005714302868559012,-0.005688549872681562,-0.0022728994667696504,-0.0022728994667696512,-0.0022728994667696504,-0.0022728994667696525
2016-04-08,0.041223340015941634,0.0408892929369112,0.05574384441492397,0.05574384441492402,0.055743844414924006,0.055743844414924006
2016-04-11,0.02675711843740181,0.02654845790365593,0.021801569996531996,0.021801569996532016,0.02180156999653201,0.02180156999653201
2016-04-12,0.0066452219639696625,0.006642708816141804,0.034058332905028084,0.034058332905028105,0.034058332905028105,0.0340583329050281
2016-04-13,0.010701600821452006,0.010702055813917258,-0.007270577779809242,-0.007270577779809252,-0.007270577779809248,-0.007270577779809251
2016-04-14,-0.01883796683751726,-0.018635565253754923,-0.003815329620448008,-0.0038153296204480143,-0.00381532962044801,-0.0038153296204480125
2016-04-15,-0.002744221574673911,-0.002745381930759498,-0.021058753325600966,-0.02105875332560098,-0.02105875332560098,-0.02105875332560098
2016-04-18,-0.012920567375886542,-0.012848752890459458,0.007335841017037092,0.0073358410170371,0.0073358410170370975,0.007335841017037101
2016-04-19,0.01323626832363112,0.013196373069431869,0.01454000043807009,0.014540000438070097,0.014540000438070097,0.014540000438070093
2016-04-20,-0.022513054848802064,-0.02228605764683817,0.040460770763067,0.040460770763067026,0.04046077076306701,0.040460770763067026
2016-04-21,0.03229555386606475,0.032035970369975915,-0.01861177601621504,-0.018611776016215057,-0.01861177601621505,-0.018611776016215054
2016-04-22,-0.03214675742494244,-0.031845875816156353,0.009496516650232842,0.009496516650232845,0.009496516650232848,0.009496516650232847
2016-04-25,-0.012262294605839165,-0.01218637826164225,-0.009034749117360873,-0.009034749117360878,-0.009034749117360876,-0.009034749117360878
2016-04-26,-0.0027434277556672706,-0.002684016974968602,0.036977227899790105,0.03697722789979013,0.03697722789979013,0.036977227899790126
2016-04-27,0.029432187585230807,0.02917884254916521,0.018808749351633285,0.0188087493516333,0.018808749351633295,0.0188087493516333
2016-04-28,-0.007585901708367262,-0.007554091098112739,0.01523502136061328,0.015235021360613292,0.015235021360613289,0.015235021360613289
2016-05-06,-0.028244402461659386,-0.028037586816245484,0.001237949683603958,0.0012379496836039618,0.0012379496836039615,0.0012379496836039633
2016-05-09,-0.04889780129135025,-0.04852649039027191,-0.039910069938686545,-0.039910069938686565,-0.03991006993868656,-0.03991006993868656
2016-05-10,-0.014985988952655568,-0.014761775046011694,0.04517789750538314,0.04517789750538317,0.04517789750538316,0.04517789750538316
2016-05-11,0.010183138616987716,0.010120812816879135,0.04274197037479304,0.04274197037479307,0.04274197037479306,0.04274197037479306
2016-05-12,-0.016643023304740878,-0.01647460299985619,0.010653888806015532,0.01065388880601554,0.01065388880601554,0.01065388880601554
2016-05-13,0.021339641700630622,0.02108826407845306,-0.0012778058764309006,-0.0012778058764308974,-0.0012778058764309002,-0.0012778058764308996
2016-05-16,0.027996522691532414,0.027804346272559913,0.02657054742863053,0.026570547428630548,0.02657054742863054,0.026570547428630544
2016-05-17,-0.014767613136858815,-0.014609427431732368,0.004645152358208125,0.004645152358208125,0.004645152358208127,0.004645152358208125
2016-05-18,-0.008759074483895683,-0.008735018603401732,-0.016510050261426854,-0.016510050261426865,-0.01651005026142686,-0.01651005026142686
2016-05-19,-0.005076240482049023,-0.005042100100652713,0.0065099539963537,0.006509953996353705,0.006509953996353704,0.006509953996353703
2016-05-20,-0.008862084926815835,-0.00875626320778518,-0.002414235888321467,-0.0024142358883214705,-0.0024142358883214683,-0.0024142358883214687
2016-05-23,0.006595662037309768,0.006518793987451287,-0.007120062024479679,-0.007120062024479684,-0.007120062024479684,-0.007120062024479684
2016-05-24,-0.006074974737654503,-0.0060087778772936066,0.01330364922085844,0.01330364922085845,0.01330364922085845,0.013303649220858452
2016-05-25,-0.02282295891776753,-0.022545264667322835,0.014988290109881673,0.01498829010988168,0.014988290109881683,0.014988290109881681
2016-05-26,0.00814554066818496,0.00808272450792524,-0.008930738013522288,-0.008930738013522295,-0.008930738013522295,-0.008930738013522295
2016-05-27,-0.0033659139491447596,-0.0033208600370093926,0.0026203548375134693,0.00262035483751347,0.002620354837513471,0.00262035483751347
2016-05-31,0.031926974211989895,-0.00489083539247556,-0.003900835392475511,-0.003900835392475509,-0.0039008353924755144,-0.003900835392475502
2016-06-01,-0.000332095021442722,0.004365670294973086,0.004365670294973091,0.004365670294973089,0.004365670294973096,0.004365670294973086
2016-06-02,0.005171833214796522,0.004179161991472907,0.004179161991472908,0.004179161991472909,0.004179161991472912,0.004179161991472905
2016-06-03,-0.0061141773802477675,-0.0021594877665851954,-0.0021594877665851984,-0.002159487766585198,-0.0021594877665852,-0.0021594877665851954
2016-06-06,0.03614290291960653,0.012779766817428147,0.012779766817428154,0.012779766817428153,0.012779766817428165,0.012779766817428147
2016-06-07,-0.014695670947676757,0.019824762214161823,0.019824762214161833,0.019824762214161833,0.019824762214161854,0.019824762214161826
2016-06-08,0.009765572950132913,0.023292198218730967,0.02329219821873098,0.023292198218730978,0.023292198218731002,0.023292198218730964
2016-06-13,0.03563039748984637,-0.05083500220218123,-0.050835002202181255,-0.05083500220218125,-0.0508350022021813,-0.05083500220218122
2016-06-14,-0.018002890995864603,-0.014900078687977913,-0.014900078687977922,-0.01490007868797792,-0.014900078687977934,-0.014900078687977913
2016-06-15,0.03656351145808556,-0.012615493908980993,-0.012615493908981,-0.012615493908980998,-0.01261549390898101,-0.01261549390898099
2016-06-16,0.06488255518960304,-0.032398761772503934,-0.032398761772503955,-0.03239876177250395,-0.03239876177250398,-0.032398761772503934
2016-06-17,-0.031741387755102025,0.04677232128966236,0.04677232128966239,0.04677232128966238,0.04677232128966243,0.046772321289662355
2016-06-20,-0.014235360295040009,0.023370045489294996,0.02337004548929501,0.023370045489295006,0.02337004548929503,0.023370045489295
2016-06-21,-0.023817343350164933,0.010613736259037759,0.010613736259037766,0.010613736259037764,0.010613736259037774,0.010613736259037757
2016-06-22,-0.0018055273247214942,-0.020591253772925512,-0.020591253772925523,-0.02059125377292552,-0.02059125377292554,-0.02059125377292551
2016-06-23,0.00038619418967322854,0.0248546089284065,0.024854608928406515,0.02485460892840651,0.024854608928406536,0.024854608928406498
2016-06-24,0.08120985130946494,-0.05298624934544344,-0.05298624934544346,-0.05298624934544345,-0.052986249345443506,-0.05298624934544344
2016-06-27,-0.007747318235995262,-0.01798170381783499,-0.017981703817835003,-0.017981703817835,-0.017981703817835017,-0.017981703817834985
2016-06-28,-0.003692581470359331,0.023592622368753705,0.023592622368753716,0.023592622368753716,0.02359262236875374,0.023592622368753702
2016-06-29,0.0015444968762026285,0.030396512161283397,0.03039651216128341,0.030396512161283407,0.03039651216128344,0.030396512161283393
2016-06-30,-0.016662973108712523,-0.0084676967818665,-0.008467696781866681,-0.008467696781866683,-0.008467696781866674,-0.008467696781866678
2016-07-05,0.00039256509306171653,-0.036876541412542624,-0.03687654141254306,-0.03687654141254303,-0.036876541412543005,-0.03687654141254302
2016-07-06,0.06972128786045667,0.022047829366030045,0.02204782936603037,0.022047829366030367,0.022047829366030346,0.022047829366030353
2016-07-07,0.03157709684791533,-0.056320459957492124,-0.056320459957492956,-0.05632045995749293,-0.05632045995749289,-0.05632045995749291
2016-07-08,-0.016019304966666172,-0.00024342175536703507,-0.00024342175536692947,-0.00024342175536692855,-0.00024342175536692777,-0.00024342175536692774
2016-07-11,0.06693546152354003,-0.007756200110543777,-0.00775620011054417,-0.007756200110544166,-0.007756200110544162,-0.007756200110544164
2016-07-12,-0.014117048676492699,0.04566089565857708,0.045660895658577456,0.04566089565857743,0.045660895658577394,0.04566089565857741
2016-07-13,0.0046343913107908296,-0.033461521852455496,-0.03346152185245604,-0.033461521852456017,-0.03346152185245599,-0.03346152185245601
2016-07-14,-0.02567422427196439,0.012126253787932924,0.012126253787933056,0.012126253787933042,0.012126253787933035,0.01212625378793304
2016-07-15,0.006099318298291371,0.020204275656187484,0.020204275656187723,0.02020427565618771,0.020204275656187695,0.020204275656187702
2016-07-19,-0.0006476374031743299,-0.006729838010005005,-0.0067298380100050915,-0.006729838010005085,-0.0067298380100050785,-0.006729838010005082
2016-07-20,-0.037392449800627635,0.008883874493568924,0.00888387449356907,0.008883874493569059,0.008883874493569057,0.008883874493569059
2016-07-21,-0.016960327962909586,-0.01975498936225467,-0.01975498936225501,-0.019754989362254997,-0.019754989362254984,-0.01975498936225499
2016-07-22,-0.017637728193771324,-0.009701455956427817,-0.009701455956427841,-0.009701455956427834,-0.00970145595642783,-0.009701455956427834
2016-07-25,-0.02628776635439008,-0.022993912149160568,-0.022993912149160883,-0.02299391214916087,-0.022993912149160852,-0.02299391214916086
2016-07-26,0.03833478289217115,-0.0024064652143287756,-0.0024064652143289036,-0.0024064652143289014,-0.002406465214328903,-0.002406465214328904
2016-07-27,-0.0006847911209368299,-0.0268998101108729,-0.026899810110873248,-0.026899810110873234,-0.026899810110873217,-0.026899810110873227
2016-07-28,0.009862770088028596,-0.01736853299219646,-0.017368532992196678,-0.01736853299219666,-0.017368532992196654,-0.01736853299219666
2016-07-29,-0.024461313416154516,-0.0025983956425637334,-0.002598395642563672,-0.002598395642563669,-0.002598395642563666,-0.002598395642563667
2016-08-01,0.013070456027861749,-0.006263603627841488,-0.006263603627841604,-0.006263603627841602,-0.006263603627841596,-0.006263603627841597
2016-08-03,0.011315871871263969,0.03468775208069984,0.03468775208070045,0.03468775208070043,0.03468775208070041,0.034687752080700414
2016-08-05,0.0033059274657506054,0.02238270742012783,0.022382707420128073,0.02238270742012805,0.022382707420128038,0.022382707420128045
2016-08-08,-0.05089540531067922,0.01695277251562367,0.016952772515623767,0.016952772515623743,0.01695277251562374,0.016952772515623746
2016-08-09,0.0011392397113591994,-0.004158372892926215,-0.0041583728929263306,-0.004158372892926328,-0.004158372892926326,-0.004158372892926327
2016-08-10,0.037135594666345084,-0.025295895669616094,-0.025295895669616462,-0.025295895669616444,-0.025295895669616427,-0.025295895669616437
2016-08-12,0.003222748815166015,0.024194860632425298,0.024194860632425447,0.02419486063242543,0.024194860632425416,0.02419486063242542
2016-08-15,0.008903561424569866,0.02150691677166034,0.02150691677166043,0.021506916771660414,0.0215069167716604,0.021506916771660407
2016-08-16,0.01635481126474348,0.016475111673922762,0.016475111673923057,0.01647511167392305,0.016475111673923036,0.016475111673923043
2016-08-17,-0.01842468187101393,0.01822554824559354,0.018225548245593814,0.018225548245593803,0.018225548245593793,0.0182255482455938
2016-08-18,0.0011399500336220507,0.02188988601946273,0.021889886019463057,0.021889886019463036,0.021889886019463026,0.021889886019463033
2016-08-19,-0.011585079613716283,-0.0021560461672837598,-0.002156046167283773,-0.0021560461672837715,-0.0021560461672837693,-0.00215604616728377
2016-08-22,-0.012993148773909535,-0.03299712186551301,-0.032997121865513436,-0.032997121865513415,-0.032997121865513394,-0.0329971218655134
2016-08-23,0.008665149815251415,0.00969272043060995,0.009692720430610084,0.009692720430610079,0.009692720430610072,0.009692720430610076
2016-08-24,-0.00608586475081086,-0.01102423637000999,-0.011024236370010094,-0.011024236370010087,-0.01102423637001008,-0.011024236370010083
2016-08-25,-0.01435288574085335,0.01310482909153412,0.013104829091534374,0.013104829091534362,0.013104829091534353,0.013104829091534358
2016-08-26,0.0023928646353170535,-0.0022003256014841415,-0.0022003256014841532,-0.0022003256014841532,-0.0022003256014841515,-0.002200325601484152
2016-08-29,-0.007236293850608936,-0.007380213275059521,-0.007380213275059674,-0.007380213275059669,-0.0073802132750596635,-0.007380213275059666
2016-08-30,8.560309295478742e-05,-0.01752414085357176,-0.017524140853572047,-0.017524140853572037,-0.017524140853572023,-0.01752414085357203
2016-08-31,-0.027691495965238764,0.0032019361421154243,0.008591758320988106,0.008591758320988123,0.008591758320988135,0.008591758320988132
2016-09-01,-0.02593537414965967,0.0016349680007738746,0.0022947125341237842,0.002294712534123797,0.0022947125341238024,0.0022947125341238024
2016-09-02,0.018769096464425906,-0.0025745133874064937,-3.59139151416972e-05,-3.591391514170662e-05,-3.591391514170629e-05,-3.5913915141705884e-05
2016-09-06,-0.0008438818565400259,-0.0038768964610726847,0.0025932002969090945,0.0025932002969090992,0.002593200296909103,0.0025932002969091027
2016-09-07,0.025126689189188884,0.012659849607264939,-0.003993977599509541,-0.003993977599509566,-0.003993977599509572,-0.003993977599509571
2016-09-08,0.023480947476827854,-0.007000742051998424,-0.0031088619929723464,-0.0031088619929723555,-0.0031088619929723563,-0.003108861992972354
2016-09-09,-0.03642584020929732,-0.014800103653644085,0.0003341888351261963,0.00033418883512622335,0.0003341888351262323,0.0003341888351262327
2016-09-12,0.005639097744360454,-0.04858478791852299,-0.017194829958812753,-0.017194829958812736,-0.01719482995881277,-0.017194829958812767
2016-09-13,-0.019937694704049675,0.0009209223439635667,0.0033077292169924554,0.0033077292169924628,0.0033077292169924697,0.003307729216992468
2016-09-14,-0.025852934943843803,0.011902680157016041,-0.006816029348693012,-0.006816029348693013,-0.006816029348693024,-0.006816029348693022
2016-09-20,0.006097560975609702,-0.0014265421808262158,-0.0016228071218024273,-0.0016228071218024316,-0.0016228071218024344,-0.0016228071218024338
2016-09-21,0.01839826839826816,0.016032370536653604,0.019013410262216337,0.01901341026221633,0.019013410262216358,0.019013410262216347
2016-09-23,-0.029287821323219457,-0.010649815162280894,-0.0032051943372297816,-0.0032051943372297647,-0.0032051943372297695,-0.003205194337229768
2016-09-26,0.01888430649012329,-0.02931515398841017,-0.01244268412161143,-0.012442684121611432,-0.01244268412161145,-0.012442684121611447
2016-09-27,-0.015338730293992162,0.009338570643436187,0.008363351009440143,0.008363351009440152,0.008363351009440164,0.00836335100944016
2016-09-28,0.058199913457377114,-0.015152402509708972,-0.012935829750715472,-0.012935829750715501,-0.012935829750715519,-0.012935829750715512
2016-09-29,0.003066857493355242,-0.00038196755649931455,0.013749106092610647,0.013749106092610654,0.013749106092610675,0.013749106092610671
2016-09-30,-0.00020383204239716353,-0.0011990875928058814,-0.001199087592805866,-0.0011990875928058675,-0.0011990875928058657,-0.0011990875928058716
2016-10-11,-0.007369614512471643,-0.007289191475897138,-0.007289191475897135,-0.0072891914758971416,-0.007289191475897129,-0.007289191475897124
2016-10-12,-0.016561964591662037,-0.016443949214492437,-0.016443949214492427,-0.01644394921449244,-0.01644394921449242,-0.016443949214492402
2016-10-13,0.005807200929152322,0.005733004658213706,0.005733004658213702,0.0057330046582137065,0.0057330046582137,0.005733004658213687
2016-10-14,0.000769822940723585,0.0007657273129322079,0.000765727312932207,0.0007657273129322076,0.0007657273129322063,0.0007657273129322089
2016-10-17,-0.006153846153846177,-0.006090245177840108,-0.0060902451778401066,-0.006090245177840111,-0.0060902451778401005,-0.006090245177840098
2016-10-18,0.009094427244582095,0.009060276709836567,0.009060276709836565,0.00906027670983657,0.00906027670983656,0.009060276709836557
2016-10-19,0.007478427612655824,0.0074057629680090616,0.007405762968009057,0.007405762968009062,0.007405762968009054,0.007405762968009044
2016-10-20,-0.02188808526836694,-0.02167060850958073,-0.02167060850958072,-0.021670608509580736,-0.021670608509580705,-0.021670608509580677
2016-10-24,-0.008474576271186529,-0.008361967835215449,-0.008361967835215445,-0.008361967835215452,-0.00836196783521544,-0.008361967835215426
2016-10-25,-0.02369852369852365,-0.02345035230223243,-0.023450352302232417,-0.023450352302232438,-0.023450352302232403,-0.023450352302232382
2016-10-26,-0.006167926780740076,-0.006134457005504857,-0.0061344570055048555,-0.006134457005504859,-0.0061344570055048495,-0.006134457005504848
2016-10-27,0.006806806806806787,0.006720100050849291,0.006720100050849288,0.006720100050849293,0.0067201000508492845,0.006720100050849272
2016-10-28,-0.013720421554981098,-0.013596015687279292,-0.013596015687279285,-0.013596015687279299,-0.013596015687279278,-0.013596015687279263
2016-10-31,-0.02580645161290327,0.01827527885200917,0.018275278852009372,0.018275278852009313,0.018275278852009337,0.01827527885200938
2016-11-01,-0.008692052980132528,0.01479256249895057,0.014792562498950676,0.014792562498950649,0.014792562498950657,0.014792562498950682
2016-11-02,-0.017118997912317305,0.05511414354299439,0.05511414354299511,0.0551141435429949,0.05511414354299499,0.05511414354299513
2016-11-04,-0.014693171996542735,-0.016942978470797895,-0.01694297847079801,-0.01694297847079797,-0.016942978470797992,-0.016942978470798013
2016-11-07,0.01600877192982454,-0.008658829855690655,-0.00865882985569093,-0.00865882985569086,-0.0086588298556909,-0.008658829855690936
2016-11-08,-0.011007986186056458,0.0002749769750930923,0.0002749769750930592,0.0002749769750930678,0.00027497697509306284,0.0002749769750930597
2016-11-09,0.014840680925360034,0.07987152847668377,0.07987152847668481,0.07987152847668451,0.0798715284766846,0.07987152847668483
2016-11-10,-0.018064516129032333,-0.04041820836026726,-0.04041820836026816,-0.04041820836026791,-0.040418208360268014,-0.040418208360268174
2016-11-11,-0.024967148488830294,-0.004940341255577754,-0.004940341255577969,-0.004940341255577911,-0.0049403412555779624,-0.004940341255577969
2016-11-14,0.005390835579514686,-0.01873066761695765,-0.01873066761695784,-0.018730667616957793,-0.018730667616957793,-0.018730667616957845
2016-11-15,0.04803395889186765,0.005866870879211221,0.005866870879211389,0.005866870879211335,0.005866870879211377,0.00586687087921139
2016-11-16,-0.01215092730761013,-0.004205157424013982,-0.004205157424014138,-0.004205157424014094,-0.004205157424014121,-0.00420515742401414
2016-11-17,-0.0073370738023306094,-0.001811744113326055,-0.0018117441133260394,-0.001811744113326047,-0.001811744113326035,-0.0018117441133260396
2016-11-18,0.019347826086956607,-0.023366658354623517,-0.023366658354623798,-0.02336665835462371,-0.023366658354623752,-0.023366658354623804
2016-11-21,0.04585199402857751,0.006925256648181233,0.006925256648181195,0.0069252566481811965,0.006925256648181187,0.006925256648181195
2016-11-22,0.0002039151712887162,0.004362687268855873,0.004362687268855806,0.004362687268855826,0.004362687268855809,0.004362687268855807
2016-11-25,-0.03561195251739665,-0.010713193999841173,-0.010713193999841332,-0.010713193999841287,-0.010713193999841305,-0.010713193999841336
2016-11-28,0.020585738539898184,0.0261441188078387,0.02614411880783892,0.026144118807838856,0.026144118807838873,0.02614411880783893
2016-11-29,-0.03639010189228528,-0.008290422979402396,-0.008290422979402372,-0.008290422979402383,-0.008290422979402357,-0.008290422979402372
2016-11-30,0.08869227449287864,0.08686170739890679,-0.020896474537722233,-0.020896474537722275,-0.0208964745377223,-0.020896474537722264
2016-12-01,0.06442021803766096,0.0638954446657114,0.02654831283468526,0.0265483128346853,0.02654831283468533,0.026548312834685294
2016-12-02,0.014711359404096845,0.014534441840676988,-0.010790673534596298,-0.010790673534596316,-0.010790673534596324,-0.01079067353459631
2016-12-05,-0.005505597357313377,-0.005494225778591849,0.014035177919304797,0.014035177919304847,0.014035177919304859,0.014035177919304838
2016-12-06,-0.005536076766931129,-0.0054855537493667976,0.006304913683929401,0.006304913683929407,0.006304913683929412,0.006304913683929404
2016-12-07,-0.016143997030989007,-0.01594945479128449,0.013408656417589754,0.013408656417589771,0.013408656417589785,0.013408656417589768
2016-12-08,0.01810637495284784,0.017951827827833732,-0.02183142963668118,-0.02183142963668126,-0.021831429636681277,-0.021831429636681245
2016-12-09,0.007039644312708541,0.007000056236692822,0.004880648622702347,0.0048806486227023355,0.004880648622702343,0.004880648622702334
2016-12-12,0.020051508462104465,0.019804814847527656,-0.004872376071286731,-0.004872376071286757,-0.0048723760712867555,-0.0048723760712867555
2016-12-13,-0.003967538322813489,-0.0039381555292300405,-0.006547033803702189,-0.006547033803702213,-0.0065470338037022175,-0.00654703380370221
2016-12-14,-0.027340213652000678,-0.027091111242166135,-0.008090337462534543,-0.008090337462534562,-0.008090337462534571,-0.008090337462534564
2016-12-15,0.009493670886076,0.009344420290653934,0.004011833973360916,0.004011833973360926,0.004011833973360933,0.004011833973360922
2016-12-16,0.02028397565922924,0.02009320921979315,-0.0031849126893023407,-0.00318491268930236,-0.003184912689302361,-0.003184912689302357
2016-12-19,-0.004699078257726308,-0.004687446864868586,-0.0169273680290284,-0.01692736802902844,-0.016927368029028455,-0.016927368029028434
2016-12-20,0.008534592337025694,0.008425044235198515,-0.015904228546288136,-0.01590422854628818,-0.015904228546288195,-0.015904228546288177
2016-12-21,-0.018185091825711153,-0.01799175287407024,0.009075802459466913,0.009075802459466938,0.009075802459466945,0.009075802459466932
2016-12-22,0.006785255822483016,0.00669384323438687,-0.017330486341002083,-0.017330486341002125,-0.017330486341002142,-0.017330486341002118
2016-12-28,-0.005335230304108096,-0.005266347495818373,0.019113780841722355,0.0191137808417224,0.019113780841722414,0.01911378084172239
2016-12-29,0.003575898444484245,0.0035522356235879195,0.0034980116565063047,0.0034980116565063377,0.003498011656506337,0.0034980116565063377
2016-12-30,0.011045786566898252,0.010951138139251686,-0.008668401088293391,-0.00866840108829341,-0.00866840108829342,-0.008668401088293403
2017-01-04,0.016378689704823486,0.016267593094490974,-0.0038681017924921644,-0.003868101792492221,-0.003868101792492219,-0.0038681017924922178
2017-01-05,0.007614662652736025,0.007574897745638982,0.004628827047462025,0.004628827047462042,0.004628827047462044,0.004628827047462042
2017-01-06,-0.0026362038664322638,-0.002635596081729445,-0.008515200164251687,-0.008515200164251701,-0.008515200164251708,-0.008515200164251698
2017-01-10,-0.021707406056183823,-0.021490172376879876,0.010680476659693128,0.010680476659693168,0.010680476659693173,0.010680476659693162
2017-01-11,0.03169867611411514,0.03143623559845759,0.02097155778980931,0.020971557789809355,0.020971557789809376,0.02097155778980935
2017-01-12,0.014097234773179142,0.013949770105527151,-0.003385331910363959,-0.0033853319103639445,-0.0033853319103639497,-0.0033853319103639415
2017-01-13,-0.009267510247727649,-0.009180094619138547,0.008046966553509113,0.008046966553509116,0.008046966553509125,0.008046966553509111
2017-01-17,-0.0037715517241379047,-0.0037556741619709398,-0.02020468789202267,-0.020204687892022687,-0.02020468789202271,-0.02020468789202268
2017-01-18,-0.021993870560663376,-0.021777961831381757,-0.0027652400170887427,-0.0027652400170887575,-0.0027652400170887605,-0.0027652400170887575
2017-01-19,-0.0007373271889400374,-0.0007494321607522603,0.002110470121186559,0.002110470121186547,0.0021104701211865523,0.0021104701211865444
2017-01-20,0.02361187972698775,0.023403833139687098,-0.012724181976376822,-0.012724181976376859,-0.012724181976376871,-0.01272418197637685
2017-01-23,-0.0021625518111372294,-0.0021232238247429103,0.016596649836703933,0.016596649836704,0.01659664983670401,0.016596649836703992
2017-01-24,-0.003792667509481708,-0.0037591105034126917,0.004019159742738967,0.004019159742738986,0.00401915974273899,0.004019159742738986
2017-01-25,0.0023567802755619692,0.0023657994973558557,0.011632501809381147,0.011632501809381147,0.011632501809381161,0.011632501809381142
2017-01-26,0.01609694338940138,0.01600338099939964,0.005904425363538419,0.005904425363538398,0.005904425363538406,0.005904425363538399
2017-02-03,-0.00035248501938678345,-0.0003739118253448054,-0.023857901206078547,-0.023857901206078603,-0.023857901206078624,-0.023857901206078592
2017-02-06,-0.014633286318758819,-0.014492858613112239,-0.0034035885552244093,-0.003403588555224424,-0.0034035885552244276,-0.0034035885552244232
2017-02-07,-0.022007514761138047,-0.021795938383929108,0.00446631827651971,0.0044663182765197285,0.00446631827651973,0.004466318276519723
2017-02-08,0.009147457006952077,0.009091753275125049,0.016581731841027958,0.016581731841027986,0.016581731841028003,0.016581731841027982
2017-02-09,0.01051486584481509,0.010425427861562291,-0.006452150231021704,-0.00645215023102171,-0.006452150231021717,-0.006452150231021704
2017-02-10,0.015608180839612469,0.015496483484923346,0.00445465174263358,0.004454651742633544,0.004454651742633555,0.004454651742633544
2017-02-13,-0.016781487369722736,-0.016555206334468785,0.045010947682147924,0.04501094768214803,0.04501094768214806,0.04501094768214801
2017-02-14,0.0025152712899747486,0.0024870679769482245,0.002596949399873094,0.002596949399873121,0.0025969493998731206,0.002596949399873121
2017-02-15,-0.0019713261648744954,-0.00197459421128508,-0.026553305708623343,-0.026553305708623427,-0.02655330570862345,-0.026553305708623416
2017-02-16,0.0021547854192853753,0.002158661222520151,0.005354616204011536,0.0053546162040115555,0.00535461620401156,0.005354616204011555
2017-02-17,-0.0016126142268411154,-0.0016207295942484432,-0.006955872481669178,-0.006955872481669184,-0.00695587248166919,-0.0069558724816691795
2017-02-21,0.009260908281389259,0.009198497846393528,0.0034988713601016527,0.0034988713601016488,0.003498871360101653,0.0034988713601016475
2017-02-22,-0.00847008999470622,-0.008388194450814807,-0.004476003137940992,-0.004476003137941003,-0.0044760031379410085,-0.004476003137941001
2017-02-23,0.004983093077060019,0.004932851864239882,-0.005106661571506954,-0.005106661571506966,-0.005106661571506971,-0.005106661571506964
2017-02-24,-0.007614662652735917,-0.007565666720023974,-0.01275630871953092,-0.012756308719530941,-0.012756308719530953,-0.012756308719530936
2017-02-27,-0.0028551034975017346,-0.002854957626112277,-0.001484287516526728,-0.0014842875165267141,-0.0014842875165267167,-0.0014842875165267141
2017-02-28,-0.0057265569076592185,-0.005690722233329623,-0.00041455438519333396,-0.0004145543851933367,-0.0004145543851933386,-0.000414554385193337
2017-03-01,0.01295896328293744,0.012887427686987916,0.014274521538562769,0.014274521538562759,0.014274521538562755,0.01427452153856275
2017-03-02,-0.022210376687988635,-0.022026895836203927,0.008703844937602099,0.00870384493760209,0.008703844937602085,0.008703844937602087
2017-03-03,0.012356896238415287,0.012202445511265444,-0.004869862996365416,-0.0048698629963654155,-0.0048698629963654155,-0.004869862996365412
2017-03-06,0.004128522706874802,0.004085921082908634,-0.004579308165421658,-0.004579308165421654,-0.0045793081654216545,-0.004579308165421651
2017-03-07,-0.006077940650697109,-0.006025876854054799,-0.0017962097917528777,-0.0017962097917528762,-0.0017962097917528755,-0.0017962097917528744
2017-03-08,-0.04388489208633104,-0.04351534138752667,-0.004681483301269056,-0.004681483301269053,-0.004681483301269055,-0.00468148330126905
2017-03-09,-0.014672686230248195,-0.014583841839960138,0.0032611369748237087,0.0032611369748237035,0.0032611369748236905,0.0032611369748236996
2017-03-10,-0.0211912943871707,-0.02097677959150331,0.01466049596202522,0.01466049596202521,0.014660495962025198,0.0146604959620252
2017-03-13,0.0011702750146282998,0.0012159155784657169,0.0015288645531208284,0.0015288645531208302,0.0015288645531208384,0.0015288645531208302
2017-03-14,0.009935710111046209,0.009831750634944516,-0.0012273692941991885,-0.001227369294199188,-0.0012273692941991885,-0.0012273692941991872
2017-03-15,0.0030864197530864356,0.003085138507961703,-0.0015920188222438181,-0.001592018822243816,-0.0015920188222438118,-0.0015920188222438155
2017-03-16,-0.005000000000000001,-0.004907798505873813,0.0006874563750140787,0.00068745637501408,0.0006874563750140927,0.0006874563750140836
2017-03-17,-0.0013529184383456203,-0.0013692751896895567,-0.003494103138871381,-0.003494103138871379,-0.0034941031388713785,-0.003494103138871376
2017-03-21,-0.01682134570765658,-0.0166995464939012,-0.0033787708802549446,-0.003378770880254943,-0.0033787708802549446,-0.0033787708802549402
2017-03-22,-0.0033431661750246144,-0.0033528927526753566,-0.021134725416007753,-0.021134725416007735,-0.02113472541600773,-0.021134725416007725
2017-03-23,-0.003354380426203616,-0.003304534112153802,0.0023003123872232093,0.0023003123872232085,0.0023003123872232115,0.002300312387223207
2017-03-24,0.009107107503464771,0.009031400533326964,0.009208183084520365,0.009208183084520358,0.00920818308452035,0.009208183084520353
2017-03-27,-0.003531489111241901,-0.003521344799706888,-0.014258534525019583,-0.014258534525019571,-0.014258534525019571,-0.014258534525019566
2017-03-28,0.011025792478834392,0.010951067805579426,0.011365557759594462,0.011365557759594453,0.01136555775959445,0.011365557759594445
2017-03-29,0.021226874391431217,0.021052854819308405,0.000791464706761105,0.0007914647067611044,0.0007914647067611134,0.0007914647067611057
2017-03-30,0.008009153318077939,0.007893084397066616,-0.007982773741983078,-0.007982773741983076,-0.007982773741983067,-0.007982773741983067
2017-03-31,-0.0022701475595913187,-0.002255586552703225,0.0052889044085148995,-0.008718164549932137,-0.008718164549932138,-0.008718164549932123
2017-04-05,-0.004607445632141551,-0.00454181704626712,-0.006644307881385119,0.005704565926030476,0.0057045659260304745,0.005704565926030465
2017-04-06,0.016478429920385063,0.01632746974826039,0.008400101128349857,-0.005142121579618933,-0.0051421215796189435,-0.00514212157961893
2017-04-07,0.0065573770491802455,0.0065179718213635995,-0.013902852876896457,-0.00023567018661730784,-0.00023567018661732709,-0.00023567018661732413
2017-04-10,0.013391241404270726,0.013259505535951057,-0.0012629991731267997,-0.00020669712378285434,-0.00020669712378284846,-0.00020669712378284692
2017-04-11,0.005178571428571476,0.005136884034682295,-0.008857464059641884,-0.007078415572419392,-0.007078415572419411,-0.007078415572419397
2017-04-12,-0.011902647006573175,-0.011810631615036432,-0.009187759948767816,0.009221799347708372,0.009221799347708379,0.009221799347708361
2017-04-13,0.00035958288385473577,0.0003475540837649909,0.004507205603900921,-0.002119260289407829,-0.002119260289407829,-0.0021192602894078254
2017-04-18,-0.011896178803172288,-0.011840352170238485,-0.02349883573091365,-0.013819357936226635,-0.01381935793622665,-0.013819357936226623
2017-04-19,-0.031740240788033613,-0.031473332379421556,-0.00026674563753829265,-0.004133055252274571,-0.004133055252274566,-0.004133055252274566
2017-04-20,-0.001695553880934341,-0.001682779373204201,-0.00476275651720552,0.009598360407054456,0.009598360407054468,0.009598360407054453
2017-04-21,-0.01773919607473118,-0.017562624565817267,0.00934495342302947,-0.0006164588237320646,-0.0006164588237320559,-0.0006164588237320606
2017-04-24,-0.008453410182516772,-0.008397659563389299,-0.0023972045353292306,0.003984415075493334,0.003984415075493354,0.003984415075493345
2017-04-25,0.006975392365820677,0.006949915442016428,0.002418377719278403,0.013022825005030443,0.013022825005030455,0.013022825005030433
2017-04-26,-0.009043679045603215,-0.00894034956992429,0.0038884907713473073,0.004971405831722429,0.004971405831722439,0.004971405831722427
2017-04-27,0.003883495145631022,0.0038527460325477364,0.0008659714536243174,0.004843606252003993,0.004843606252003996,0.004843606252003988
2017-04-28,0.0001934235976788211,0.00019148224764541568,0.0023571357430862312,-0.0033409616991160337,-0.003340961699116039,-0.0033409616991160337
2017-05-02,-0.0064127477652545775,-0.006348775748513889,0.00790958325642792,0.0032575969864649724,0.0032575969864649854,0.003257596986464976
2017-05-08,-0.0006063055780112243,-0.0006018753325520341,-0.007264860911699279,0.004106185553119798,0.00410618555311981,0.004106185553119801
2017-05-09,-0.009302325581395321,-0.009216355771853065,0.001766742746337432,0.012524882751720706,0.012524882751720721,0.012524882751720697
2017-05-10,0.026331904470300094,0.026083227871026658,0.0013426102522706843,0.005042001888525495,0.005042001888525505,0.005042001888525497
2017-05-11,0.009745425616547454,0.00966868049108419,0.007977842419382633,0.004379168832758113,0.004379168832758121,0.004379168832758116
2017-05-12,0.002757533976757819,0.0027343896086065795,-0.006354373015094674,0.001217622324641466,0.0012176223246414607,0.0012176223246414617
2017-05-15,0.017481830681594923,0.017356284876261598,0.009318108881330965,0.00852019871729941,0.008520198717299414,0.008520198717299402
2017-05-16,-0.01100386100386097,-0.010891030612282134,-0.0028395227060922963,-0.001388272002794945,-0.0013882720027949495,-0.0013882720027949473
2017-05-17,0.016787038844427112,0.016609519735846116,0.004595002442654062,-0.0016629088715263566,-0.0016629088715263537,-0.0016629088715263511
2017-05-18,0.007870992512958308,0.007754811745080998,-0.00964064544592236,-0.006186801721708133,-0.006186801721708141,-0.006186801721708125
2017-05-19,0.024761904761904763,0.0245352363706175,0.007955055732021932,0.0015313625987963854,0.0015313625987963952,0.0015313625987963973
2017-05-22,-0.0011152416356876565,-0.001087411618070561,0.010948656399846874,0.008529345193982596,0.008529345193982615,0.0085293451939826
2017-05-23,0.007815407517677508,0.007733452770762149,-0.00130131050135853,0.0004566673460974729,0.0004566673460974756,0.0004566673460974777
2017-05-24,-0.00553914327917282,-0.005493569195446907,0.00020671808400500228,0.0009781113133244365,0.0009781113133244463,0.000978111313324443
2017-05-25,-0.046973635350909815,-0.04650293775121128,0.004763699055067623,0.007876266513900745,0.007876266513900755,0.007876266513900738
2017-05-26,0.017533606078316666,0.01738062460901408,-0.00019309698632135477,0.0003502845257238168,0.00035028452572380745,0.0003502845257238105
2017-05-31,-0.02915057915057906,-0.017412222937825628,-0.002406805753449491,-0.0016228456295208672,-0.001622845629520866,-0.0016228456295208648
2017-06-01,0.0021873135812289224,0.002643472053359295,0.010566630439403863,0.005745890771376609,0.00574589077137661,0.00574589077137661
2017-06-02,-0.008928571428571397,0.00045298651030536497,0.015830453567811802,0.004420593779109591,0.0044205937791095915,0.004420593779109594
2017-06-05,-0.009409409409409486,-0.0026190055430891108,-0.00031460678224890567,-0.002329434755622745,-0.0023294347556227462,-0.002329434755622744
2017-06-06,0.009902991107518133,-0.0074372648991459425,-0.009360868748228269,0.005144716878436743,0.005144716878436743,0.0051447168784367345
2017-06-07,-0.03542125275165087,-0.00023792338499335812,0.00021663823989868488,-0.0008923407582634044,-0.0008923407582634043,-0.000892340758263402
2017-06-08,-0.00684647302904573,0.0061797764152177245,-0.003734016415214737,0.0033875804243537824,0.0033875804243537837,0.003387580424353779
2017-06-09,0.008982661374556056,0.015821502621341077,0.005198593733884829,-0.0012176309366652785,-0.001217630936665279,-0.0012176309366652744
2017-06-12,-0.0006211180124222615,0.006461060207561966,-0.0051948111209574425,-0.01227259449499382,-0.012272594494993821,-0.012272594494993811
2017-06-13,-0.0008286720530351621,-0.00942276970207418,-0.0004728025299745608,0.005563674327830404,0.005563674327830405,0.0055636743278303985
2017-06-14,-0.027576197387518153,0.0010458918565657241,-0.0007947431289958631,0.0008743931536016005,0.0008743931536016011,0.0008743931536015985
2017-06-15,-0.002345415778251536,-0.009763827661573528,-0.002602392540350717,-0.011910133107805634,-0.011910133107805638,-0.011910133107805629
2017-06-16,0.010686044026501307,0.0028538676707240236,0.005576494864736085,0.0023814262894614694,0.00238142628946147,0.00238142628946147
2017-06-19,-0.010150137449777885,0.002865666073273968,0.006213146791123369,0.011547983860516085,0.011547983860516088,0.01154798386051608
2017-06-20,-0.02072206793420206,0.004111773544132174,0.008008544991879868,-0.003128624824187446,-0.0031286248241874466,-0.003128624824187439
2017-06-21,-0.023123909249563757,-0.006518505467785429,-0.00451165825969996,-0.005715354242899713,-0.005715354242899714,-0.005715354242899709
2017-06-22,0.01138901295221073,0.005678735186471823,-0.0013735979785896328,-0.0007559023645947269,-0.0007559023645947274,-0.0007559023645947272
2017-06-23,0.0070655773901524555,0.018223179802700426,0.0011250956994835705,-0.00013854365182977812,-0.00013854365182977853,-0.00013854365182977682
2017-06-26,0.007235255426441434,0.0025903040059473813,0.001055671913192504,0.007822988653869517,0.007822988653869519,0.007822988653869512
2017-06-27,0.0052242054854159115,-0.000844553127335596,0.0035278848165550035,-0.0012168925337152775,-0.0012168925337152777,-0.0012168925337152745
2017-06-28,0.027284538761368493,0.0040596898008498595,-0.004607830075475639,-0.005968884792909036,-0.005968884792909039,-0.005968884792909035
2017-06-29,-0.003372681281618828,0.009956280155385053,0.004441071286855726,0.010887271784663243,0.010887271784663246,0.01088727178466324
2017-06-30,0.01311336717428091,0.0016742209928620924,0.0006842209928620935,0.0006842209928620911,0.000684220992862091,0.000684220992862092
2017-07-03,0.03549060542797511,3.381654112634044e-05,3.381654112634025e-05,3.3816541126340706e-05,3.381654112634002e-05,3.381654112634743e-05
2017-07-07,-0.056360708534621495,0.0035489830136930783,0.003548983013693079,0.003548983013693076,0.003548983013693076,0.0035489830136930635
2017-07-10,0.0023464163822526332,-0.007796683900195456,-0.007796683900195457,-0.007796683900195451,-0.00779668390019545,-0.0077966839001954455
2017-07-11,0.02362204724409445,0.005353127099543826,0.005353127099543826,0.005353127099543825,0.005353127099543823,0.0053531270995438255
2017-07-12,-0.008108108108108135,0.004025296421617778,0.004025296421617778,0.004025296421617776,0.004025296421617775,0.004025296421617775
2017-07-13,0.013833577866275263,0.0019620212696946,0.0019620212696946,0.001962021269694599,0.001962021269694602,0.001962021269694607
2017-07-14,0.013851560884845956,-0.004610297421317682,-0.004610297421317683,-0.00461029742131768,-0.004610297421317679,-0.004610297421317674
2017-07-18,0.006822410585073602,1.4303216867387973e-05,1.4303216867387877e-05,1.4303216867387192e-05,1.4303216867388253e-05,1.4303216867391053e-05
2017-07-19,0.01786447638603695,0.006326449576448343,0.0063264495764483435,0.006326449576448339,0.006326449576448342,0.0063264495764483435
2017-07-20,-0.005850312689126505,-0.0031109293058482024,-0.0031109293058482032,-0.0031109293058481998,-0.0031109293058482006,-0.0031109293058482006
2017-07-21,-0.02739448051948057,0.003701662150285921,0.0037016621502859214,0.0037016621502859184,0.0037016621502859175,0.00370166215028591
2017-07-24,0.016273732526601355,-0.0043276704723461895,-0.004327670472346191,-0.004327670472346188,-0.004327670472346188,-0.004327670472346181
2017-07-25,0.04064873742557996,0.015404436656713264,0.015404436656713266,0.015404436656713255,0.015404436656713252,0.015404436656713252
2017-07-26,0.0039455513908068915,0.030107056793364978,0.03010705679336498,0.03010705679336496,0.03010705679336496,0.030107056793364943
2017-07-27,0.013951660444095015,2.850245483338279e-05,2.8502454833382626e-05,2.850245483338306e-05,2.8502454833383534e-05,2.8502454833387434e-05
2017-07-28,0.01996124031007751,-0.0017853903845064835,-0.0017853903845064837,-0.0017853903845064835,-0.0017853903845064835,-0.0017853903845064796
2017-07-31,-0.00019000570017112424,-0.0011249561338117619,-0.0011249561338117576,0.014763992882851712,0.014763992882851698,0.014763992882851722
2017-08-01,-0.02185480805777272,-0.02163614701853081,-0.0216361470185308,-0.00959822499147429,-0.009598224991474329,-0.009598224991474315
2017-08-02,0.015931610646978882,0.01578042015280365,0.015780420152803645,-0.002958907354738454,-0.0029589073547384333,-0.0029589073547384597
2017-08-03,-0.0068846815834767644,-0.006838532651639669,-0.006838532651639663,-0.002998649787805228,-0.002998649787805229,-0.0029986497878052246
2017-08-04,0.01020604660119395,0.010143197526175216,0.010143197526175216,0.0074020254613449705,0.007402025461344984,0.007402025461344983
2017-08-07,-0.0030499428135722906,-0.0030178130379244143,-0.0030178130379244147,0.00039668222301097284,0.0003966822230109616,0.00039668222301096645
2017-08-08,-0.005927342256214044,-0.00585943622223431,-0.0058594362222343065,8.632611417612182e-06,8.632611417601337e-06,8.632611417609479e-06
2017-08-09,0.015964608578572733,0.015843227086781313,0.015843227086781306,0.015439142136874178,0.015439142136874202,0.015439142136874206
2017-08-10,-0.01893222264293825,-0.018793101292016574,-0.01879310129201656,-0.00918806419051164,-0.009188064190511653,-0.009188064190511642
2017-08-14,-0.02747358309317957,-0.02720706873217012,-0.02720706873217011,0.002783319315576214,0.002783319315576164,0.0027833193155762065
2017-08-15,0.007506914263137201,0.007435554419124213,0.007435554419124205,0.0017932252656799935,0.0017932252656799993,0.001793225265679992
2017-08-16,-0.011764705882352998,-0.011660859290055912,-0.011660859290055907,0.0035587737115007944,0.003558773711500774,0.003558773711500796
2017-08-17,0.007936507936507917,0.007901047960104702,0.0079010479601047,0.02436871533068855,0.024368715330688556,0.02436871533068858
2017-08-18,0.04055118110236217,0.04014801218552511,0.04014801218552509,-0.0069463800537566305,-0.006946380053756563,-0.006946380053756629
2017-08-21,-0.021944759742716563,-0.021726382550713342,-0.021726382550713328,0.011467612099975632,0.011467612099975598,0.011467612099975644
2017-08-22,-0.000580270793036789,-0.0005471078869742428,-0.0005471078869742415,0.010019596222976981,0.01001959622297697,0.010019596222976988
2017-08-24,-0.007425742574257423,-0.007373775058037658,-0.007373775058037655,0.006522528289971595,0.006522528289971586,0.006522528289971607
2017-08-25,0.004220218684058983,0.004246165916346632,0.00424616591634663,0.016896428345147183,0.016896428345147166,0.01689642834514719
2017-08-28,-0.005730659025788055,-0.005644745645330962,-0.005644745645330957,0.0024730512346436495,0.0024730512346436335,0.002473051234643645
2017-08-29,-0.0019212295869355247,-0.0019094529782004877,-0.0019094529782004857,-0.00450914087849469,-0.004509140878494688,-0.004509140878494692
2017-08-30,-0.02175168431183836,-0.02153773660521275,-0.021537736605212736,0.0011269980504125246,0.0011269980504124847,0.001126998050412516
2017-08-31,0.029319165682802018,0.029061628658548718,0.0018688485489245332,0.0028588485489245492,0.0028588485489245597,0.002858848548924533
2017-09-01,0.00726438539476182,0.007239670256408602,-0.0012658153602350224,-0.001265815360235017,-0.0012658153602350059,-0.0012658153602350234
2017-09-05,0.01896551724137918,0.018780877072561545,0.008219233370558266,0.008219233370558276,0.008219233370558278,0.008219233370558271
2017-09-06,0.018424515886444892,0.018253984499754104,-0.008318061054832097,-0.008318061054832078,-0.00831806105483205,-0.008318061054832099
2017-09-07,0.006091932804135112,0.006000558412102669,-0.007872778715443361,-0.007872778715443354,-0.007872778715443342,-0.007872778715443366
2017-09-08,-0.013761467889908285,-0.013638062428739533,-0.018459076137882405,-0.018459076137882394,-0.018459076137882367,-0.018459076137882405
2017-09-11,0.003348837209302237,0.0033300871497421863,-0.004204556534425601,-0.004204556534425598,-0.004204556534425583,-0.004204556534425607
2017-09-12,0.00648989430743563,0.006444173991913837,0.0013674276547899179,0.0013674276547899192,0.0013674276547899259,0.0013674276547899157
2017-09-13,0.014738393515106862,0.014588983095240074,-0.011927419917783556,-0.011927419917783538,-0.0119274199177835,-0.01192741991778356
2017-09-14,0.0036310820624547695,0.0035689263962144133,-0.012291331571279568,-0.012291331571279556,-0.012291331571279535,-0.01229133157127957
2017-09-15,0.0036179450072357797,0.0035887452452846836,0.0013869080035335073,0.001386908003533508,0.0013869080035335093,0.001386908003533507
2017-09-19,-0.000721500721500678,-0.0007028741811697732,0.00020694777644991803,0.00020694777644991304,0.00020694777644990632,0.0002069477764499146
2017-09-20,0.01407942238267146,0.013972411738491605,0.0015977646223009423,0.0015977646223009519,0.0015977646223009647,0.001597764622300943
2017-09-21,0.004805980776076966,0.004716874525980779,-0.010776456536972628,-0.010776456536972616,-0.010776456536972593,-0.010776456536972632
2017-09-22,0.00797165633303809,0.007881884860004722,-0.011849799777153698,-0.011849799777153685,-0.011849799777153659,-0.011849799777153704
2017-09-25,0.03901581722319847,0.03865967876965027,0.013215379412046657,0.01321537941204667,0.01321537941204666,0.013215379412046662
2017-09-26,-0.008964817320703533,-0.008873855219052122,0.007096675266290179,0.007096675266290168,0.007096675266290148,0.007096675266290183
2017-09-27,-0.016043693463048347,-0.01590164029610881,-0.0017796013996340013,-0.0017796013996340106,-0.001779601399634017,-0.0017796013996340015
2017-09-28,-0.001908065915004364,-0.0019008249856538022,0.0021445959137648806,0.0021445959137648754,0.0021445959137648654,0.00214459591376488
2017-09-29,-0.0005213764337852463,-0.0004791353566532383,0.019011538279006306,0.019011538279006288,0.01901153827900626,0.01901153827900631
2017-10-13,-0.005390366892714214,-0.005325419678876022,0.0025906080340232754,0.0025906080340232676,0.002590608034023261,0.002590608034023274
2017-10-16,0.012587412587412583,0.012511234232221263,0.026329628943135116,0.026329628943135105,0.026329628943135064,0.026329628943135123
2017-10-17,0.0032803867403314864,0.003228498418969367,-0.0025254135678828655,-0.0025254135678828616,-0.002525413567882854,-0.0025254135678828664
2017-10-18,0.0015487867836860875,0.0015439823165022191,-0.002860962719724129,-0.002860962719724126,-0.0028609627197241083,-0.0028609627197241313
2017-10-19,-0.014948453608247482,-0.014845630366009338,-0.005446661293844367,-0.005446661293844377,-0.0054466612938443935,-0.00544666129384437
2017-10-20,0.010640153497296412,0.010572631445360494,0.008726265223439323,0.008726265223439325,0.00872626522343932,0.008726265223439326
2017-10-23,-0.010528132550914782,-0.010450858085947017,-0.012228079350574059,-0.012228079350574057,-0.012228079350574043,-0.012228079350574064
2017-10-24,0.020931449502878067,0.02078226090645224,0.02004177727474981,0.020041777274749803,0.02004177727474979,0.020041777274749813
2017-10-25,-0.00153767298821128,-0.0015377180752588833,-0.015150313903260671,-0.015150313903260658,-0.01515031390326062,-0.015150313903260675
2017-10-26,0.017796030116358663,0.017635487928893464,0.002187281127397055,0.0021872811273970652,0.002187281127397078,0.002187281127397055
2017-10-27,0.017148621385339572,0.01699001176946487,-0.01387996101820498,-0.013879961018204963,-0.013879961018204906,-0.013879961018204993
2017-10-30,0.006115702479338789,0.006019486594081045,-0.007537831503717622,-0.007537831503717612,-0.007537831503717597,-0.007537831503717624
2017-10-31,0.007392804337111866,0.007330491201967807,0.006340491201967806,0.0063404912019678,0.006340491201967804,0.006340491201967807
2017-11-06,0.0454990215264188,0.045096955410197356,0.045096955410197356,0.04509695541019731,0.04509695541019733,0.04509695541019736
2017-11-07,-0.008890968647636825,-0.008766450373890736,-0.008766450373890738,-0.00876645037389072,-0.008766450373890726,-0.008766450373890736
2017-11-08,-0.0007869058860560188,-0.0008037399888485106,-0.0008037399888485105,-0.0008037399888485116,-0.0008037399888485108,-0.0008037399888485112
2017-11-09,0.0050401638053236796,0.005003218323057053,0.005003218323057054,0.005003218323057051,0.005003218323057051,0.005003218323057057
2017-11-10,-0.003291020216267034,-0.0032619786752819736,-0.0032619786752819723,-0.003261978675281968,-0.0032619786752819736,-0.00326197867528197
2017-11-13,-0.007389937106918264,-0.0073442369585626395,-0.007344236958562639,-0.007344236958562631,-0.007344236958562637,-0.007344236958562638
2017-11-14,-0.025502930460953515,-0.025280464307372137,-0.025280464307372137,-0.025280464307372116,-0.025280464307372123,-0.025280464307372148
2017-11-15,0.005201560468140343,0.00511191866038853,0.005111918660388535,0.005111918660388521,0.005111918660388523,0.00511191866038853
2017-11-16,-0.007600258732212256,-0.007502912214098309,-0.007502912214098311,-0.007502912214098299,-0.007502912214098301,-0.007502912214098309
2017-11-17,0.02199771875509214,0.021812914721203426,0.021812914721203426,0.021812914721203405,0.021812914721203416,0.02181291472120343
2017-11-20,-0.00908801020408167,-0.00900537040743338,-0.00900537040743338,-0.009005370407433369,-0.009005370407433377,-0.00900537040743338
2017-11-21,0.009814963797264651,0.009778626952353889,0.009778626952353889,0.00977862695235389,0.009778626952353889,0.0097786269523539
2017-11-22,0.008444869343530838,0.008401645283131962,0.008401645283131962,0.008401645283131956,0.00840164528313196,0.008401645283131965
2017-11-24,0.00488804793440556,0.004863401849843555,0.004863401849843555,0.004863401849843551,0.004863401849843553,0.004863401849843556
2017-11-27,0.00047073591715051754,0.00043498913705900216,0.00043498913705900243,0.0004349891370589965,0.0004349891370590003,0.00043498913705899744
2017-11-28,-0.006116687578419099,-0.006056367776237474,-0.006056367776237473,-0.006056367776237468,-0.00605636777623747,-0.006056367776237474
2017-11-29,-0.0003156067539844531,-0.00029921119880091173,-0.00029921119880091124,-0.00029921119880091206,-0.00029921119880091076,-0.0002992111988009123
2017-11-30,0.003472770323599047,0.0034083555496792787,0.003408355549679258,0.0034083555496792696,0.003408355549679279,0.0034083555496792735
2017-12-01,0.0020449897750511865,0.0020256090204502663,0.0020256090204502602,0.002025609020450264,0.0020256090204502663,0.002025609020450264
2017-12-04,-0.01930926216640505,-0.01912452185852035,-0.01912452185852029,-0.01912452185852033,-0.019124521858520354,-0.019124521858520337
2017-12-05,0.0033616135745158093,0.003302192394944427,0.0033021923949444133,0.0033021923949444233,0.003302192394944427,0.003302192394944422
2017-12-06,-0.023611997447351544,-0.02348112019244746,-0.023481120192447417,-0.023481120192447445,-0.023481120192447462,-0.023481120192447445
2017-12-07,0.01470588235294113,0.014603642964232924,0.01460364296423289,0.014603642964232909,0.014603642964232926,0.014603642964232912
2017-12-08,0.020772946859903385,0.020617703135589555,0.0206177031355895,0.020617703135589534,0.020617703135589555,0.020617703135589537
2017-12-11,0.02145448808960393,0.021290894785697033,0.021290894785696984,0.02129089478569702,0.021290894785697036,0.02129089478569702
2017-12-12,-0.013745173745173702,-0.013633904723209356,-0.013633904723209325,-0.013633904723209347,-0.013633904723209357,-0.013633904723209347
2017-12-13,-0.016911994989038504,-0.016729743954176226,-0.01672974395417617,-0.016729743954176205,-0.016729743954176226,-0.01672974395417621
2017-12-14,0.009716470213443799,0.009628407635648642,0.009628407635648612,0.009628407635648626,0.009628407635648643,0.009628407635648633
2017-12-15,-0.0022085502445180457,-0.002182655622677555,-0.0021826556226775535,-0.002182655622677561,-0.0021826556226775544,-0.002182655622677555
2017-12-18,0.0022134387351777658,0.002237484232305637,0.002237484232305641,0.002237484232305641,0.0022374842323056375,0.0022374842323056366
2017-12-19,0.0077299258558132244,0.007667461137014064,0.0076674611370140455,0.007667461137014061,0.007667461137014064,0.0076674611370140585
2017-12-20,0.009705698184095056,0.009613098361307238,0.009613098361307209,0.009613098361307228,0.009613098361307238,0.009613098361307231
2017-12-21,0.0021705426356588577,0.002177498079918087,0.002177498079918086,0.002177498079918088,0.002177498079918087,0.002177498079918086
2017-12-22,0.006188118811881306,0.0061511004587129796,0.006151100458712965,0.006151100458712973,0.00615110045871298,0.006151100458712975
2017-12-27,-0.006288366521934429,-0.006241907405236162,-0.006241907405236148,-0.006241907405236162,-0.006241907405236163,-0.006241907405236158
2017-12-28,0.0030134096730449864,0.0030633446930919575,0.003063344693091964,0.0030633446930919558,0.003063344693091958,0.0030633446930919566
2018-01-04,0.0011768167107972826,0.0012203918139174785,0.0012203918139174921,0.0012203918139174917,0.0012203918139174787,0.0012203918139174785
2018-01-05,-0.00396708786364963,-0.003912637866988015,-0.003912637866987999,-0.003912637866988007,-0.003912637866988016,-0.003912637866988012
2018-01-09,0.01825677267373371,0.018103096208374417,0.01810309620837437,0.018103096208374404,0.01810309620837442,0.018103096208374407
2018-01-10,-0.0008675534991324801,-0.0008691567736774519,-0.0008691567736774504,-0.0008691567736774496,-0.000869156773677452,-0.000869156773677451
2018-01-11,0.0001447178002895733,0.00014964293541093446,0.00014964293541093327,0.00014964293541093267,0.00014964293541093465,0.00014964293541093465
2018-01-12,0.010128780205469482,0.010059123591027152,0.010059123591027128,0.010059123591027144,0.010059123591027154,0.010059123591027147
2018-01-16,-0.012816861293079018,-0.012678551106526251,-0.012678551106526202,-0.012678551106526227,-0.012678551106526253,-0.012678551106526237
2018-01-17,0.0018753606462782418,0.0018298093086612838,0.0018298093086612723,0.0018298093086612788,0.0018298093086612842,0.0018298093086612822
2018-01-18,-0.00446364290856738,-0.004427011053856074,-0.004427011053856062,-0.004427011053856069,-0.004427011053856075,-0.00442701105385607
2018-01-19,-0.0070870697136244925,-0.007003218589052023,-0.007003218589051997,-0.007003218589052012,-0.007003218589052024,-0.007003218589052017
2018-01-22,0.008594319009468167,0.00854692797260717,0.008546927972607152,0.008546927972607166,0.008546927972607171,0.008546927972607163
2018-01-23,0.008665511265164799,0.00863806338250291,0.008638063382502899,0.00863806338250291,0.00863806338250291,0.008638063382502904
2018-01-24,0.013029782359679219,0.01288364871352026,0.012883648713520221,0.012883648713520246,0.012883648713520261,0.01288364871352025
2018-01-25,-0.010035335689045789,-0.009902073521827702,-0.00990207352182767,-0.009902073521827698,-0.009902073521827703,-0.009902073521827696
2018-01-26,0.0035693889206167553,0.003545235178822743,0.003545235178822736,0.0035452351788227403,0.0035452351788227434,0.003545235178822742
2018-01-29,-0.012519561815336646,-0.012431275543631496,-0.012431275543631468,-0.01243127554363149,-0.012431275543631496,-0.012431275543631487
2018-01-30,-0.011525716755510736,-0.011500716046230994,-0.011500716046230978,-0.01150071604623099,-0.011500716046230994,-0.011500716046230985
2018-01-31,0.00655881066899866,0.006522639791429577,0.003644225699293654,0.003644225699293661,0.003644225699293661,0.0036442256992936573
2018-02-01,0.010425716768027726,0.010298040228643645,-0.006969512995158834,-0.006969512995158837,-0.006969512995158836,-0.006969512995158829
2018-02-02,-0.02221266838635705,-0.021996105136002232,0.005901656471784204,0.005901656471784212,0.00590165647178421,0.0059016564717842045
2018-02-05,-0.01934632859446006,-0.019264755423718527,0.0005634798002632981,0.000563479800263331,0.0005634798002633227,0.0005634798002633304
2018-02-06,0.004633089224331144,0.004480115701316451,-0.02912020005126586,-0.029120200051265793,-0.029120200051265793,-0.029120200051265772
2018-02-07,-0.027819101457899453,-0.027620525104183214,-0.023556886726402597,-0.023556886726402555,-0.023556886726402538,-0.023556886726402545
2018-02-08,-0.01591430757459822,-0.015883371822232914,-0.009525942495250342,-0.009525942495250316,-0.009525942495250316,-0.009525942495250307
2018-02-09,-0.024879489970455637,-0.02480717926606858,-0.04246924560649932,-0.04246924560649925,-0.042469245606499235,-0.042469245606499215
2018-02-13,-0.0007979572294924964,-0.0007548077324269004,0.011621624952226624,0.011621624952226609,0.011621624952226605,0.011621624952226602
2018-02-14,0.027791087685673066,0.027620188127923682,0.007987754957664728,0.00798775495766472,0.007987754957664723,0.007987754957664711
2018-02-22,0.016902274124155126,0.016764965734730505,0.02143703531107826,0.02143703531107822,0.021437035311078195,0.021437035311078212
2018-02-23,0.01390148080991227,0.013833041439186193,0.004554498287266047,0.0045544982872660275,0.004554498287266028,0.004554498287266027
2018-02-26,0.006408345752608069,0.006412624609785325,0.011577912744810615,0.011577912744810579,0.011577912744810574,0.011577912744810572
2018-02-27,-0.016585221383089044,-0.01648824034183017,-0.014356787413043593,-0.01435678741304357,-0.014356787413043564,-0.014356787413043562
2018-02-28,-0.015746484247083577,-0.015674594337999993,-0.015674594338000017,-0.01449797934726357,-0.014497979347263578,-0.014497979347263606
2018-03-01,0.00758041228783,0.0074695875740754215,0.007469587574075463,0.0063691451788243075,0.006369145178824308,0.006369145178824315
2018-03-02,0.006612465632580076,0.006516368595441375,0.006516368595441402,-0.014724867570743283,-0.01472486757074341,-0.014724867570743445
2018-03-05,-0.00102067966141696,-0.001020822492882495,-0.0010208224928825109,-0.022574494614992436,-0.022574494614992596,-0.022574494614992655
2018-03-06,-0.001256462883935957,-0.00118405728879126,-0.001184057288791272,0.0207413819620561,0.020741381962056236,0.020741381962056278
2018-03-07,-0.003688252283687974,-0.003697893278786249,-0.0036978932787862587,-0.010228905257080754,-0.010228905257080798,-0.010228905257080818
2018-03-08,0.029669686562898208,0.029419715137652364,0.029419715137652423,0.015049050180787246,0.01504905018078719,0.015049050180787208
2018-03-09,-0.006435590489660111,-0.006328728497006424,-0.006328728497006455,0.011077521478635636,0.011077521478635732,0.01107752147863576
2018-03-12,0.007003498793086494,0.006985487692311534,0.0069854876923115435,0.019155611067653105,0.019155611067653202,0.019155611067653244
2018-03-13,-0.002706761178233657,-0.002698172069324279,-0.0026981720693242846,0.0002046248197801883,0.00020462481978021936,0.0002046248197802278
2018-03-14,0.011009503792244161,0.01090020616749286,0.010900206167492899,-0.00521338105015886,-0.005213381050158944,-0.005213381050158957
2018-03-15,-0.0129889225832844,-0.012864065217464834,-0.012864065217464861,0.0033361186597414888,0.0033361186597415686,0.0033361186597415772
2018-03-16,-0.009993052800193452,-0.009895919147400121,-0.009895919147400135,-0.001230994369906033,-0.001230994369905976,-0.0012309943699059665
2018-03-19,-0.016713448828658082,-0.016593343727301178,-0.016593343727301188,0.0003234902980294643,0.0003234902980295454,0.00032349029802954886
2018-03-20,0.004631972580904299,0.004612088557965916,0.004612088557965935,0.0011627107776318191,0.0011627107776318027,0.0011627107776318053
2018-03-22,-0.016153581702303948,-0.016044050331557914,-0.016044050331557935,-0.010876148822826559,-0.010876148822826536,-0.010876148822826552
2018-03-23,0.029537421284564134,0.02915789921874078,0.0291578992187409,-0.024355693230426804,-0.024355693230427078,-0.024355693230427123
2018-03-26,-0.003494145239825489,-0.0034523512765473412,-0.0034523512765473885,0.007829048279899742,0.007829048279899822,0.00782904827989985
2018-03-27,0.03043244108699756,0.03018848860670687,0.03018848860670694,0.007904857976989837,0.007904857976989733,0.007904857976989735
2018-03-28,-0.020216459633470737,-0.020096021265528344,-0.020096021265528386,-0.024784438042266814,-0.024784438042266863,-0.024784438042266904
2018-03-29,-0.02239967936611368,-0.022139919652914057,-0.022139919652914123,0.0023720583616613825,0.002372058361661486,0.0023720583616614896
2018-04-03,-0.006675984426030664,-0.0066021011866939485,-0.00660210118669397,0.0028600033307962327,0.0028600033307962947,0.0028600033307963108
2018-04-04,0.013915510510575225,0.013779571446802407,0.013779571446802412,-0.021693063957739084,-0.021693063957739307,-0.021693063957739366
2018-04-09,-0.014435392625969889,-0.014250231947581652,-0.01425023194758168,0.012799874118321834,0.012799874118321999,0.012799874118322039
2018-04-10,-0.0008204176227429451,-0.0007121082600792934,-0.0007121082600793033,0.01644728566330676,0.01644728566330685,0.016447285663306877
2018-04-11,0.04036145271319604,0.04000999505824515,0.04000999505824525,0.005495930355897043,0.005495930355896878,0.0054959303558968775
2018-04-12,0.008106606365862993,0.00802429289823845,0.00802429289823846,-0.0021297449528134074,-0.002129744952813448,-0.002129744952813448
2018-04-13,-0.02805652712213219,-0.027802312084854328,-0.02780231208485439,-0.00076167487826578,-0.0007616748782656336,-0.0007616748782656194
2018-04-16,0.0006460841376469715,0.0006016397462228081,0.0006016397462227866,-0.01587335366687955,-0.01587335366687964,-0.015873353666879673
2018-04-17,-0.0029195989533992214,-0.0028972342183438086,-0.0028972342183438307,-0.008263691833474448,-0.008263691833474468,-0.008263691833474475
2018-04-18,-0.020574799264216067,-0.020314755177650783,-0.020314755177650835,0.007348538969242036,0.007348538969242185,0.007348538969242209
2018-04-19,0.015101317846578859,0.014998518745015121,0.014998518745015166,0.013915095376587605,0.013915095376587612,0.013915095376587633
2018-04-20,-0.020623394796795074,-0.020479740239648585,-0.020479740239648624,-0.009415346903596394,-0.009415346903596335,-0.009415346903596342
2018-04-23,-0.04940465818667583,-0.04894332218950302,-0.04894332218950312,-0.0053680034821017766,-0.005368003482101573,-0.005368003482101568
2018-04-24,0.0032856950826081316,0.0032622944242608263,0.0032622944242608424,0.01250422069038464,0.012504220690384682,0.012504220690384696
2018-04-25,-0.004690875706257591,-0.0046614631591836144,-0.0046614631591836275,-0.00997332303469026,-0.009973323034690302,-0.009973323034690323
2018-04-26,-0.0025652949400819646,-0.002547008420226904,-0.002547008420226928,-0.01046844961463948,-0.010468449614639514,-0.010468449614639523
2018-04-27,-0.009640379787408586,-0.009541612441205553,-0.009541612441205577,0.009008727919049888,0.00900872791905,0.009008727919050026
2018-05-02,-0.02082807469613464,-0.020663009762265646,-0.020663009762265684,-0.0027607916729620405,-0.002760791672961958,-0.0027607916729619594
2018-05-07,0.0039302850471227896,0.003920993819750599,0.003920993819750606,0.0022715834741339905,0.00227158347413396,0.0022715834741339523
2018-05-08,0.01735428742008514,0.017228777142333975,0.017228777142334017,0.013532762674804825,0.013532762674804818,0.013532762674804837
2018-05-10,0.0029808142832483783,0.0030063929120067398,0.003006392912006741,0.008908804394119452,0.00890880439411949,0.00890880439411951
2018-05-11,0.00579177871686509,0.00576092118336945,0.005760921183369455,0.010079622441225965,0.010079622441226017,0.010079622441226047
2018-05-14,-0.015151584598766256,-0.014966544396199367,-0.014966544396199396,0.013362648456976142,0.013362648456976298,0.013362648456976333
2018-05-15,-0.007745864890273395,-0.007704548203769171,-0.007704548203769185,-0.01224750251187881,-0.012247502511878866,-0.012247502511878899
2018-05-16,-0.020818969088927736,-0.020628375719729183,-0.020628375719729225,-0.0013469382618468914,-0.0013469382618467851,-0.001346938261846773
2018-05-17,-0.005824749757701305,-0.0057780377845601544,-0.005778037784560172,-0.005359283208475182,-0.00535928320847518,-0.005359283208475185
2018-05-18,0.009959125986717988,0.009879333588695327,0.009879333588695347,0.0034036102647366385,0.0034036102647365973,0.003403610264736593
2018-05-21,-2.2263002388488038e-05,1.1182565239732336e-05,1.1182565239725325e-05,0.005978086859201593,0.005978086859201628,0.00597808685920164
2018-05-23,-0.006590544680227135,-0.006560004663997965,-0.006560004663997979,-0.01806112553123146,-0.018061125531231532,-0.018061125531231566
2018-05-24,-0.0023312192453138806,-0.0023440056280569018,-0.002344005628056898,0.0030234266784753203,0.0030234266784753667,0.00302342667847538
2018-05-25,0.003993078449598493,0.003917906395429461,0.003917906395429461,-0.0055828363765002085,-0.005582836376500264,-0.00558283637650028
2018-05-29,-0.00019929439900391973,-0.00022750508487520834,-0.00022750508487519427,-0.009922403812634414,-0.009922403812634472,-0.009922403812634489
2018-05-30,0.03734302437642178,0.036980093857843094,0.03698009385784318,-0.013882166665494399,-0.013882166665494654,-0.013882166665494682
2018-05-31,-0.010760867666419113,0.0004518398635657044,0.00045183986356570576,0.0004518398635657102,0.00045183986356570787,0.00045183986356570863
2018-06-01,-0.012123683403621445,-0.011249785961041578,-0.011249785961041375,-0.01124978596104135,-0.011249785961041365,-0.011249785961041361
2018-06-04,-0.016354627608833973,-0.01727937051860863,-0.017279370518608315,-0.01727937051860827,-0.017279370518608294,-0.01727937051860829
2018-06-05,0.010750094581668177,-0.005354507260386096,-0.005354507260385998,-0.005354507260385979,-0.005354507260385991,-0.005354507260385989
2018-06-06,0.03041987303123232,0.011956611826937401,0.011956611826937186,0.011956611826937165,0.011956611826937172,0.011956611826937172
2018-06-07,-0.0026093922257558397,0.02067168640148891,0.020671686401488535,0.02067168640148849,0.020671686401488514,0.020671686401488514
2018-06-08,-0.018956057063791606,-0.01413663123211606,-0.014136631232115804,-0.014136631232115778,-0.01413663123211579,-0.014136631232115789
2018-06-11,0.023308708261800745,0.0002989914615256233,0.00029899146152561864,0.00029899146152562373,0.0002989914615256188,0.0002989914615256201
2018-06-12,-0.0016459953519246328,-0.012057471546228115,-0.012057471546227896,-0.012057471546227869,-0.01205747154622788,-0.012057471546227879
2018-06-13,-0.006298100572843422,0.0148112136436415,0.014811213643641229,0.014811213643641187,0.014811213643641213,0.01481121364364121
2018-06-14,-0.005418214975224694,-0.008565743548983774,-0.00856574354898362,-0.008565743548983602,-0.008565743548983613,-0.008565743548983613
2018-06-15,-0.029399770080985498,-0.03789636651677627,-0.03789636651677558,-0.0378963665167755,-0.03789636651677554,-0.037896366516775526
2018-06-19,-0.0333985644737872,-0.005272747043802764,-0.00527274704380267,-0.005272747043802681,-0.005272747043802669,-0.005272747043802674
2018-06-20,-0.020705871883380248,-0.010155676058587039,-0.010155676058586853,-0.01015567605858683,-0.010155676058586841,-0.010155676058586837
2018-06-21,-0.022985593155176277,-0.012055034067171677,-0.01205503406717146,-0.012055034067171438,-0.012055034067171445,-0.012055034067171445
2018-06-22,0.010263381478334874,0.028770619657373722,0.028770619657373202,0.02877061965737313,0.028770619657373167,0.028770619657373167
2018-06-25,-0.012416498912029702,-0.010297964939164211,-0.010297964939164026,-0.010297964939164008,-0.010297964939164014,-0.010297964939164015
2018-06-26,-0.012977769809967865,0.024106846079509282,0.024106846079508845,0.02410684607950878,0.024106846079508817,0.024106846079508817
2018-06-27,0.003011473751318648,0.009140311079487078,0.009140311079486912,0.009140311079486884,0.0091403110794869,0.009140311079486898
2018-06-28,-0.01333347820339367,0.006148397574017756,0.006148397574017644,0.006148397574017627,0.006148397574017636,0.006148397574017636
2018-06-29,0.0021033080300121433,0.017383356792563753,0.017383356792563438,0.0173833567925634,0.01738335679256342,0.01738335679256342
2018-07-03,0.0014524642098159752,0.004974091320269509,0.004974091320269418,0.004974091320269404,0.0049740913202694125,0.004974091320269412
2018-07-05,-0.013322341893514502,-0.007895079214969276,-0.007895079214969134,-0.007895079214969118,-0.007895079214969127,-0.007895079214969125
2018-07-06,-0.0039031850280431876,-0.003172597310594083,-0.003172597310594025,-0.003172597310594016,-0.00317259731059402,-0.0031725973105940167
2018-07-09,0.008409505731847993,0.0114973437777683,0.011497343777768091,0.011497343777768076,0.011497343777768081,0.011497343777768083
2018-07-10,-0.0071640517214879365,0.008618798452212252,0.008618798452212096,0.008618798452212074,0.008618798452212086,0.008618798452212088
2018-07-11,-0.025810587586076714,-0.059045029082546344,-0.059045029082545275,-0.059045029082545136,-0.05904502908254521,-0.05904502908254521
2018-07-12,0.008560398575448049,0.004884612087031614,0.004884612087031527,0.004884612087031524,0.004884612087031523,0.004884612087031526
2018-07-13,-0.00841544883629548,0.005197187921606735,0.0051971879216066415,0.005197187921606628,0.005197187921606637,0.00519718792160664
2018-07-17,-0.002113795802820472,-0.003730753574987554,-0.0037307535749874863,-0.003730753574987479,-0.0037307535749874824,-0.0037307535749874807
2018-07-18,-0.009848278197398261,0.02018689934447763,0.020186899344477264,0.020186899344477212,0.020186899344477243,0.02018689934447724
2018-07-19,-0.015530180685121568,-0.005982366307533937,-0.0059823663075338285,-0.005982366307533815,-0.005982366307533822,-0.005982366307533822
2018-07-20,0.007096318483236878,0.005213865771574713,0.005213865771574619,0.0052138657715746104,0.005213865771574613,0.005213865771574613
2018-07-23,0.02325456611597979,-0.0009202401419854137,-0.0009202401419853964,-0.0009202401419853875,-0.0009202401419853962,-0.000920240141985398
2018-07-24,0.027224477871333492,0.011214081564355457,0.011214081564355254,0.011214081564355239,0.011214081564355244,0.011214081564355246
2018-07-25,0.01336906682710296,0.008916105579144566,0.008916105579144405,0.008916105579144393,0.008916105579144396,0.008916105579144396
2018-07-26,-0.008941454164702734,0.001174410981807464,0.001174410981807442,0.0011744109818074353,0.00117441098180744,0.0011744109818074395
2018-07-27,-0.0074936282376177644,-0.0014732015279197508,-0.0014732015279197241,-0.0014732015279197226,-0.0014732015279197224,-0.0014732015279197215
2018-07-30,-0.0003310531514065361,0.004233076895459832,0.004233076895459755,0.004233076895459741,0.0042330768954597486,0.004233076895459746
2018-07-31,0.00795339569927499,0.0068987819064045795,-0.0005851369487229355,-0.0005851369487229367,-0.0005851369487229338,-0.0005851369487229357
2018-08-01,-0.018622051674877984,-0.01849587060639052,0.008410855818682044,0.00841085581868205,0.008410855818682039,0.008410855818682042
2018-08-02,-0.03284028210643983,-0.03259306752731306,-0.010272921548312152,-0.01027292154831215,-0.010272921548312138,-0.010272921548312145
2018-08-03,-0.019460997682122207,-0.019296765809043714,0.0005259121044182656,0.0005259121044182683,0.0005259121044182679,0.000525912104418267
2018-08-06,-0.01614929122555212,-0.016001990905944164,-0.000799154133468666,-0.0007991541334686637,-0.0007991541334686623,-0.0007991541334686639
2018-08-07,0.025176632912798435,0.02502024887901556,0.006931638233415788,0.0069316382334157845,0.006931638233415779,0.006931638233415782
2018-08-08,0.012704588348132454,0.012544313915176521,-0.0008383253735968321,-0.0008383253735968327,-0.000838325373596834,-0.0008383253735968326
2018-08-09,0.01008963044150774,0.010032222153010943,-0.001964115660236223,-0.001964115660236225,-0.001964115660236222,-0.0019641156602362222
2018-08-10,-0.005807293143537496,-0.005774955561974738,-0.013181845143535799,-0.013181845143535799,-0.013181845143535787,-0.01318184514353579
2018-08-13,0.007537296688837275,0.007425875136658757,-0.019600221823521474,-0.019600221823521478,-0.019600221823521453,-0.019600221823521464
2018-08-14,-0.008639659395865565,-0.008558117553603965,0.02258076030002589,0.0225807603000259,0.02258076030002587,0.02258076030002588
2018-08-15,-0.021107777591642868,-0.02100915008268021,-0.006837305429398475,-0.006837305429398473,-0.006837305429398469,-0.006837305429398469
2018-08-16,-0.012578371734835357,-0.012482905161478033,-0.0005733760760339356,-0.0005733760760339354,-0.0005733760760339372,-0.0005733760760339354
2018-08-17,-0.009863160465428096,-0.009772801700763481,0.00348652078871466,0.003486520788714663,0.0034865207887146603,0.00348652078871466
2018-08-20,0.006550105422286184,0.006532101898063321,-0.003125605039421944,-0.003125605039421946,-0.0031256050394219406,-0.0031256050394219436
2018-08-21,0.01101509190112146,0.010959184584994883,0.0009787311924163494,0.0009787311924163474,0.0009787311924163485,0.0009787311924163477
2018-08-22,-0.008066738727187156,-0.007965802394540108,0.006383613594474487,0.00638361359447449,0.0063836135944744824,0.006383613594474485
2018-08-23,-0.0038306928351856707,-0.003805511758054626,0.0021238084429448215,0.002123808442944822,0.002123808442944818,0.0021238084429448206
2018-08-24,-0.002957257247752817,-0.0028966323607248616,0.008466285831216624,0.008466285831216626,0.008466285831216619,0.008466285831216619
2018-08-27,0.02021065746635768,0.02010796446691465,0.008766491419125196,0.008766491419125194,0.008766491419125189,0.008766491419125189
2018-08-28,0.0011667976072870514,0.0011509931733189576,0.0005963861819364264,0.0005963861819364268,0.0005963861819364252,0.0005963861819364262
2018-08-29,-0.007744334030006187,-0.007646753543113537,0.0015281278205209132,0.0015281278205209138,0.0015281278205209145,0.0015281278205209125
2018-08-30,-0.010619742737955932,-0.010544257514688448,0.0008913377411339581,0.0008913377411339603,0.0008913377411339589,0.000891337741133959
2018-08-31,0.0008013201006695593,-0.0018996595616288,-0.0018996595616282731,-0.001899659561628273,-0.0018996595616282742,-0.0018996595616282733
2018-09-04,0.007953725230596129,-0.0018865532965771654,-0.001886553296576705,-0.0018865532965767044,-0.0018865532965767068,-0.0018865532965767024
2018-09-05,-0.010496226620377207,-0.009487209524159499,-0.009487209524157235,-0.009487209524157237,-0.009487209524157244,-0.009487209524157237
2018-09-06,0.016816970506328348,-0.006305572037689985,-0.006305572037688471,-0.006305572037688469,-0.006305572037688477,-0.006305572037688473
2018-09-07,0.01983992009767577,0.006091679608818377,0.006091679608816918,0.00609167960881692,0.006091679608816923,0.0060916796088169144
2018-09-10,-0.024716991316954273,0.003290013320985091,0.0032900133209842904,0.0032900133209842887,0.0032900133209842948,0.0032900133209842882
2018-09-11,0.0020656623660038047,0.027432386021805692,0.027432386021799104,0.0274323860217991,0.027432386021799125,0.027432386021799093
2018-09-12,-0.006947622579576046,0.0030951629250245967,0.003095162925023845,0.0030951629250238447,0.0030951629250238486,0.0030951629250238434
2018-09-13,0.014912179637435638,-0.016319015814590714,-0.016319015814586765,-0.016319015814586765,-0.016319015814586783,-0.01631901581458676
2018-09-14,0.0040162764889286615,-0.004144644165603269,-0.004144644165602268,-0.004144644165602267,-0.004144644165602271,-0.004144644165602262
2018-09-18,0.013110566647552627,0.011505544955054027,0.011505544955051282,0.01150554495505128,0.01150554495505129,0.011505544955051282
2018-09-19,0.02044342238327169,0.005601828298119624,0.005601828298118301,0.005601828298118301,0.005601828298118303,0.005601828298118301
2018-09-20,-0.0031262909040838953,-0.007868441930795382,-0.00786844193079349,-0.007868441930793488,-0.007868441930793496,-0.007868441930793484
2018-09-21,0.0182504401622521,0.0008395799174167652,0.0008395799174165852,0.0008395799174165858,0.0008395799174165835,0.0008395799174165891
2018-09-26,0.001029126176586467,0.003067485238316458,0.0030674852383157235,0.003067485238315723,0.003067485238315726,0.0030674852383157252
2018-09-27,-0.014219705782121842,-0.0008825902194089371,-0.0008825902194087388,-0.0008825902194087393,-0.0008825902194087379,-0.0008825902194087401
2018-09-28,0.0030707548262996005,0.012287326254419521,0.01228732625441657,0.01228732625441657,0.012287326254416583,0.012287326254416572
2018-10-09,0.038126230051248156,0.013045351448444436,0.01304535144844131,0.01304535144844131,0.013045351448441319,0.013045351448441302
2018-10-10,0.02642297787354808,-0.02639368305482676,-0.026393683054820413,-0.02639368305482041,-0.02639368305482044,-0.02639368305482041
2018-10-11,-0.012148132976612692,-0.027043344056718873,-0.027043344056712416,-0.027043344056712413,-0.027043344056712437,-0.027043344056712423
2018-10-12,0.015853681112201434,0.0030460694428521306,0.0030460694428514202,0.0030460694428514202,0.0030460694428514202,0.0030460694428514224
2018-10-15,0.0021302805993212892,0.0019106178430802776,0.0019106178430798022,0.0019106178430798027,0.0019106178430798046,0.0019106178430797957
2018-10-16,-0.040445662392734845,0.009798280248961677,0.009798280248959311,0.009798280248959311,0.009798280248959325,0.009798280248959314
2018-10-18,-0.04545333414548737,-0.012548413209366968,-0.012548413209363977,-0.01254841320936398,-0.01254841320936399,-0.01254841320936398
2018-10-19,0.027072245165741714,0.008425998540355247,0.008425998540353238,0.008425998540353238,0.008425998540353244,0.008425998540353237
2018-10-22,0.029486514875283674,-0.0003956922227712028,-0.0003956922227710799,-0.0003956922227710784,-0.0003956922227710828,-0.00039569222277107503
2018-10-23,0.023904450093920487,-0.046415881620553635,-0.0464158816205425,-0.046415881620542485,-0.04641588162054254,-0.04641588162054249
2018-10-24,0.00513527999985275,-0.007297158060082646,-0.007297158060080902,-0.007297158060080901,-0.007297158060080908,-0.007297158060080903
2018-10-25,0.019017810184735584,0.01373077234556127,0.013730772345557963,0.013730772345557965,0.013730772345557977,0.013730772345557953
2018-10-26,-0.01155955020617661,0.012865881944054932,0.012865881944051824,0.01286588194405182,0.012865881944051836,0.012865881944051815
2018-10-29,-0.019434220748150176,-0.011143874989942472,-0.011143874989939809,-0.01114387498993981,-0.011143874989939817,-0.01114387498993981
2018-10-30,-0.008965298432000439,-0.010550516993296193,-0.010550516993293653,-0.010550516993293652,-0.010550516993293662,-0.010550516993293643
2018-10-31,0.0013461016409712008,0.012920413712524033,0.012920413712524233,-0.011912481914250537,-0.011912481914250523,-0.011912481914250506
2018-11-01,0.038775067588538534,0.007305879690185287,0.007305879690185454,-0.008448405817209466,-0.008448405817209457,-0.008448405817209442
2018-11-02,0.001753081842284735,0.03539578467537184,0.03539578467537199,0.02330178573160013,0.023301785731600116,0.023301785731600102
2018-11-05,-0.004660714702812386,-0.008289841766196829,-0.008289841766196874,-0.0008372044107537136,-0.0008372044107537154,-0.0008372044107537184
2018-11-06,0.0009079864903163672,-0.0059694540585902445,-0.005969454058590243,-0.00218440480437813,-0.0021844048043781292,-0.002184404804378125
2018-11-07,0.012247599535417025,-0.006455283813779423,-0.006455283813779473,-0.00395780627321314,-0.003957806273213137,-0.003957806273213131
2018-11-08,-0.023044290863350327,-0.002829291205830762,-0.0028292912058307594,-0.000622302989172032,-0.000622302989172033,-0.0006223029891720329
2018-11-09,-0.02963527637402858,-0.014072361010770636,-0.014072361010770668,-0.003508430588440909,-0.003508430588440912,-0.0035084305884409152
2018-11-12,0.0023285840742895986,0.011760366086006419,0.01176036608600654,-0.007456401607342665,-0.007456401607342658,-0.00745640160734265
2018-11-13,0.013316532976325906,0.00991712793546717,0.00991712793546738,0.002590283191135802,0.002590283191135801,0.0025902831911357987
2018-11-14,-0.003987609728657808,-0.009938815647309644,-0.009938815647309704,-0.005672382287695209,-0.005672382287695206,-0.005672382287695202
2018-11-15,0.00865366573219017,0.011634006552854332,0.011634006552854344,0.011241560415973805,0.011241560415973798,0.011241560415973791
2018-11-16,0.0009319853313613179,0.004694912440887533,0.004694912440887535,0.004641382371867876,0.004641382371867873,0.004641382371867869
2018-11-19,-0.001013924439627015,0.011232978747675797,0.011232978747675862,0.0034080930383286983,0.0034080930383286975,0.0034080930383286944
2018-11-20,0.026405369859379593,-0.02301510516064796,-0.023015105160647854,-0.0027085475554485825,-0.0027085475554485825,-0.002708547555448584
2018-11-21,-0.009274663192257266,0.002498047182911519,0.0024980471829114865,-0.0029844610707928133,-0.0029844610707928116,-0.0029844610707928077
2018-11-26,-0.010454928122369166,-0.0006543227205152042,-0.0006543227205152814,-0.001153143317671863,-0.0011531433176718623,-0.001153143317671858
2018-11-27,0.004198870321983037,-0.0012514994249723215,-0.0012514994249723428,-0.008211782348552105,-0.008211782348552098,-0.008211782348552087
2018-11-28,-0.00454170652688675,0.013182895005455492,0.013182895005455622,0.00690162710856165,0.006901627108561645,0.006901627108561642
2018-11-29,0.03341167996663915,-0.012821056022523489,-0.01282105602252357,0.005857610991088966,0.005857610991088963,0.005857610991088956
2018-11-30,0.010166240052839231,0.011066738241861428,0.0011076294729926311,0.0011076294729926374,0.0011076294729926316,0.0011076294729926287
2018-12-03,0.02781872795640292,0.02769994821746954,0.025380798318451348,0.025380798318451313,0.025380798318451303,0.025380798318451275
2018-12-04,0.0020728007437832673,0.0019919058721234407,0.0027952479611554394,0.0027952479611554376,0.002795247961155442,0.0027952479611554337
2018-12-06,-0.021627002253779254,-0.021503239159882025,-0.024577027251030403,-0.024577027251030364,-0.024577027251030358,-0.02457702725103032
2018-12-07,-3.4070125999756036e-05,-2.9725403389563564e-05,-0.0035015957596594843,-0.003501595759659478,-0.00350159575965948,-0.0035015957596594718
2018-12-10,-0.011567107579710438,-0.011509601056663427,-0.011885552466082127,-0.011885552466082111,-0.011885552466082104,-0.011885552466082088
2018-12-11,0.004786592668935817,0.004770102805867406,0.0007729424741817254,0.0007729424741817251,0.0007729424741817228,0.0007729424741817234
2018-12-12,0.00341583202413267,0.0034162400979386035,0.015978026790676777,0.01597802679067675,0.01597802679067675,0.015978026790676725
2018-12-13,0.01548068427985349,0.015388261062674137,0.012827011179061045,0.01282701117906103,0.01282701117906102,0.012827011179061005
2018-12-14,-0.01670392488425315,-0.01666434701333043,-0.01616044239347725,-0.016160442393477227,-0.016160442393477217,-0.0161604423934772
2018-12-17,-0.0014890817047312867,-0.00151290069072877,-0.00029707172126676467,-0.0002970717212667581,-0.00029707172126675833,-0.00029707172126676023
2018-12-18,-0.010366359371637605,-0.010335612270713017,-0.010460562450815013,-0.010460562450814994,-0.010460562450814987,-0.010460562450814977
2018-12-19,-0.011923246398788315,-0.011848294520737632,0.0019169849941206196,0.001916984994120608,0.0019169849941206173,0.001916984994120613
2018-12-20,-0.007669892406503799,-0.0076909026651680425,-0.009354921233272553,-0.009354921233272537,-0.009354921233272528,-0.00935492123327252
2018-12-21,-0.012395380621394565,-0.012324717204770911,0.004965186767929204,0.00496518676792919,0.004965186767929202,0.004965186767929191
2018-12-27,-0.0038397316591525076,-0.003809903196987777,-0.00666610540801594,-0.006666105408015923,-0.00666610540801593,-0.006666105408015921
2018-12-28,0.006737288613092976,0.006672998409777208,0.000986909287438266,0.0009869092874382698,0.0009869092874382661,0.000986909287438264
2019-01-04,0.02395810555982022,0.023811287918063882,0.02227778230121783,0.022277782301217793,0.02227778230121779,0.022277782301217755
2019-01-07,0.006070376897381681,0.006061541048459469,0.008151963799124596,0.008151963799124586,0.008151963799124579,0.00815196379912457
2019-01-08,-0.0021607221025554215,-0.0021354308853398815,0.0015268670336144937,0.0015268670336144854,0.001526867033614486,0.0015268670336144859
2019-01-09,0.010096913955048662,0.010109058085347808,0.022566879291310377,0.022566879291310342,0.02256687929131034,0.022566879291310307
2019-01-10,-0.0018806384029183788,-0.0018616814082376802,0.0022115553552093806,0.002211555355209374,0.0022115553552093784,0.002211555355209374
2019-01-11,0.007189734689488445,0.0071226851062944525,0.005448807610511438,0.005448807610511434,0.0054488076105114296,0.00544880761051142
2019-01-15,0.01962520509507732,0.019512148673432667,0.020108817028079092,0.02010881702807906,0.020108817028079054,0.020108817028079026
2019-01-16,0.00021141369231785658,0.00021734394219596138,0.0026577324818607023,0.0026577324818606936,0.0026577324818606958,0.002657732481860694
2019-01-17,-0.005508730805669225,-0.00545773263450435,-0.005394199946084976,-0.0053941999460849705,-0.005394199946084968,-0.005394199946084959
2019-01-18,0.018241561207742493,0.018146962749335898,0.012489999423346134,0.012489999423346118,0.012489999423346108,0.012489999423346092
2019-01-22,-0.013284409984767447,-0.013214319596145918,-0.007018752525780967,-0.007018752525780958,-0.007018752525780951,-0.007018752525780944
2019-01-23,-0.0007202264130464178,-0.0007276270822300492,8.621005073172312e-05,8.62100507317238e-05,8.621005073172458e-05,8.6210050731723e-05
2019-01-24,0.00564412598933361,0.005590889528160865,0.004137215950889009,0.004137215950889003,0.004137215950889002,0.004137215950888994
2019-01-25,0.00813221755716768,0.008100321153978726,0.01641048278433449,0.016410482784334463,0.016410482784334463,0.016410482784334438
2019-01-28,-0.00021727323130952154,-0.00023520739060684762,0.00025891109912507443,0.000258911099125078,0.0002589110991250793,0.00025891109912507643
2019-01-29,0.0032012599372117315,0.0031723109684869866,-0.0016224672473033172,-0.0016224672473033157,-0.0016224672473033185,-0.001622467247303314
2019-01-30,-0.007979693483638636,-0.007874645384900616,0.00402276602677986,0.004022766026779843,0.00402276602677985,0.004022766026779845
2019-01-31,0.0014291497975711532,0.01038662962129769,0.010759350492391172,0.010759350492391129,0.010759350492391158,0.010759350492391156
2019-02-01,0.0161550888529885,0.014199906126920849,-0.00036670267197824914,-0.0003667026719782395,-0.00036670267197824594,-0.00036670267197824963
2019-02-12,0.016726209808378932,0.007226584746939017,0.0010487585883961494,0.0010487585883961611,0.0010487585883961494,0.0010487585883961492
2019-02-13,0.015812170579779784,0.019913430921448958,0.011553451685378179,0.011553451685378142,0.011553451685378165,0.011553451685378162
2019-02-14,0.015094339622640692,0.0014994527502919202,-0.0022673929667572862,-0.002267392966757272,-0.0022673929667572823,-0.0022673929667572836
2019-02-15,0.028345724907060672,-0.018457708203987216,-0.018495032058087703,-0.01849503205808761,-0.018495032058087675,-0.018495032058087675
2019-02-19,-0.0009022556390977088,-0.0017526349130004661,-0.004141210949446249,-0.004141210949446227,-0.004141210949446242,-0.004141210949446242
2019-02-20,0.011137868753762532,0.0036017359742652674,0.010083508505292601,0.010083508505292571,0.010083508505292587,0.010083508505292589
2019-02-21,-0.003572491813039629,-0.0026389290621340305,0.0040287950764783574,0.00402879507647834,0.00402879507647835,0.004028795076478351
2019-02-22,-0.0004481625336112002,0.022287985254740652,0.00647174077562144,0.006471740775621411,0.006471740775621433,0.0064717407756214275
2019-02-26,-0.01898072037064671,-0.011951541548121513,-0.006463007247932421,-0.006463007247932405,-0.006463007247932413,-0.006463007247932412
2019-02-27,0.008988421694088356,-0.001691903450020979,-0.000501899726221496,-0.0005018997262214923,-0.0005018997262214957,-0.0005018997262214953
2019-02-28,-0.0031707685338972684,-0.004163261085191238,-0.004163261085191211,-0.004163261085191212,-0.0041632610851912175,-0.00416326108519121
2019-03-01,-0.015449863677673406,-0.015253040950769901,-0.015253040950770555,-0.015253040950770555,-0.015253040950770595,-0.015253040950770545
2019-03-04,0.008461538461538532,0.008411856999336345,0.008411856999336319,0.008411856999336319,0.00841185699933633,0.008411856999336307
2019-03-05,0.0003051106025933017,0.0002968801487822356,0.0002968801487822015,0.00029688014878219936,0.0002968801487822012,0.0002968801487822006
2019-03-06,0.005490315693152516,0.005467676974560746,0.005467676974560775,0.005467676974560772,0.005467676974560784,0.005467676974560768
2019-03-07,0.002426816320339792,0.0023831170364391175,0.0023831170364393985,0.002383117036439395,0.0023831170364394067,0.0023831170364393933
2019-03-08,-0.004236646996519994,-0.004331330943683812,-0.0043313309436832275,-0.004331330943683227,-0.00433133094368322,-0.0043313309436832205
2019-03-11,0.012460112444917107,0.012412825754967478,0.012412825754967428,0.012412825754967426,0.012412825754967447,0.01241282575496742
2019-03-12,0.002851568362599397,0.0028766856773670526,0.002876685677366811,0.0028766856773668197,0.0028766856773668114,0.0028766856773668166
2019-03-13,0.012271774917689486,0.012133408828631278,0.012133408828631701,0.012133408828631701,0.012133408828631733,0.012133408828631696
2019-03-14,-0.006800709639266616,-0.006782096629969929,-0.006782096629970032,-0.006782096629970028,-0.006782096629970041,-0.006782096629970025
2019-03-15,-0.0023816612086931923,-0.002318552096209927,-0.002318552096210191,-0.0023185520962101915,-0.0023185520962102023,-0.002318552096210188
2019-03-18,0.006117576842733768,0.006114265303204597,0.006114265303204268,0.006114265303204267,0.006114265303204274,0.006114265303204251
2019-03-19,0.00415245439715251,0.004113229589884846,0.004113229589884961,0.004113229589884961,0.0041132295898849685,0.004113229589884958
2019-03-20,0.008713631664451365,0.008620841128074489,0.008620841128074723,0.008620841128074723,0.008620841128074742,0.00862084112807472
2019-03-22,-0.00974313551815766,-0.009691373767367584,-0.009691373767367813,-0.00969137376736781,-0.009691373767367829,-0.009691373767367811
2019-03-25,0.0032796660703637475,0.0031621132016673133,0.003162113201667959,0.0031621132016679495,0.0031621132016679777,0.0031621132016679456
2019-03-26,0.010846953937592838,0.010769043372893085,0.010769043372893335,0.010769043372893344,0.010769043372893356,0.010769043372893338
2019-03-27,-0.002939879464942007,-0.0029110835181748542,-0.00291108351817509,-0.0029110835181750906,-0.0029110835181750984,-0.002911083518175089
2019-03-28,0.0025062656641603445,0.0024535588615850162,0.002453558861585145,0.0024535588615851437,0.002453558861585154,0.002453558861585143
2019-03-29,0.005735294117647196,0.005759171003113345,0.005759171003112958,0.005759171003112954,0.0057591710031129565,0.005759171003112953
2019-04-01,0.011258955987717478,0.01126534941719641,0.011265349417196147,0.011265349417196147,0.011265349417196155,0.011265349417196145
2019-04-02,0.005928282244071611,0.005880495718963883,0.005880495718963995,0.005880495718963995,0.005880495718964006,0.005880495718963989
2019-04-03,-0.0007187005893344059,-0.000671622817156983,-0.0006716228171573023,-0.0006716228171572975,-0.0006716228171573087,-0.0006716228171572975
2019-04-04,-0.003020713463751321,-0.0029764719184240235,-0.0029764719184241658,-0.0029764719184241697,-0.002976471918424175,-0.0029764719184241675
2019-04-08,0.008796821793416464,0.008713745887267364,0.008713745887267517,0.008713745887267517,0.008713745887267534,0.00871374588726751
2019-04-09,-0.003797468354430295,-0.003763525801805038,-0.0037635258018052014,-0.0037635258018052,-0.003763525801805211,-0.0037635258018051936
2019-04-10,0.010447550472963316,0.010363117169154779,0.010363117169155016,0.010363117169155013,0.010363117169155037,0.010363117169155008
2019-04-11,-0.00824367751851321,-0.008228262126918568,-0.008228262126918434,-0.008228262126918429,-0.008228262126918441,-0.008228262126918427
2019-04-12,0.008030431107354017,0.007949927799033078,0.007949927799033219,0.007949927799033222,0.007949927799033236,0.007949927799033219
2019-04-15,-0.003494060097833717,-0.0034649422966297407,-0.003464942296629793,-0.0034649422966297897,-0.0034649422966298,-0.0034649422966297866
2019-04-16,0.00785413744740529,0.007842497775128224,0.007842497775127993,0.007842497775127992,0.007842497775128,0.007842497775127988
2019-04-17,-0.0030615084887281106,-0.003041521086377781,-0.0030415210863778586,-0.0030415210863778577,-0.0030415210863778647,-0.0030415210863778564
2019-04-18,0.00516471245114468,0.005093543121235307,0.005093543121235548,0.005093543121235545,0.005093543121235561,0.005093543121235544
2019-04-23,0.0014814814814814114,0.0014480821339559581,0.001448082133955998,0.001448082133956,0.0014480821339560026,0.0014480821339559985
2019-04-24,0.0016137708445400525,0.0015885468966780974,0.0015885468966781787,0.001588546896678175,0.0015885468966781824,0.0015885468966781733
2019-04-25,-0.00201396348012897,-0.0020376506191469145,-0.0020376506191466634,-0.002037650619146658,-0.002037650619146661,-0.002037650619146654
2019-04-26,-0.037131709942149975,-0.036819779583023515,-0.036819779583024216,-0.036819779583024216,-0.036819779583024285,-0.036819779583024195
2019-05-07,-0.01563820794590021,-0.015511338724962813,-0.015511338724963257,-0.015511338724963259,-0.015511338724963289,-0.01551133872496325
2019-05-08,0.006440532417346432,0.006376378370600596,0.006376378370601072,0.006376378370601064,0.006376378370601089,0.00637637837060106
2019-05-09,-5.2992022720183514e-17,-7.134370238583951e-05,-7.134370238534305e-05,-7.134370238535032e-05,-7.134370238533528e-05,-7.134370238534799e-05
2019-05-10,0.007679180887372209,0.0076755585991185515,0.007675558599118282,0.007675558599118273,0.007675558599118285,0.007675558599118271
2019-05-14,0.01486776268763389,0.014731107584949542,0.014731107584950127,0.01473110758495012,0.01473110758495016,0.014731107584950115
2019-05-15,0.013523031412875156,0.013443047753216633,0.01344304775321663,0.01344304775321663,0.01344304775321665,0.013443047753216622
2019-05-16,0.011396803335649758,0.011324560669605077,0.011324560669605301,0.011324560669605297,0.011324560669605323,0.011324560669605294
2019-05-17,-0.0082451559708671,-0.008243832039368017,-0.008243832039367849,-0.008243832039367844,-0.008243832039367856,-0.008243832039367838
2019-05-20,-0.0015241790217541988,-0.0015563321484323303,-0.0015563321484322243,-0.001556332148432222,-0.0015563321484322232,-0.0015563321484322204
2019-05-21,-0.00027754648903688004,-0.0002490743054695351,-0.00024907430546960735,-0.0002490743054696146,-0.00024907430546961267,-0.00024907430546961283
2019-05-22,-0.01568573014991681,-0.015561748695621738,-0.01556174869562206,-0.015561748695622057,-0.015561748695622088,-0.015561748695622057
2019-05-23,-0.04103793541108452,-0.04074753548381409,-0.0407475354838146,-0.040747535483814594,-0.04074753548381466,-0.04074753548381457
2019-05-24,0.018529411764705912,0.018381299427754235,0.018381299427754575,0.01838129942775458,0.018381299427754613,0.018381299427754575
2019-05-28,0.0021425510641335257,0.0021340807872798455,0.002134080787279741,0.002134080787279741,0.0021340807872797427,0.0021340807872797375
2019-05-29,-0.005986316989737738,-0.005951719705583923,-0.005951719705583921,-0.005951719705583927,-0.005951719705583931,-0.005951719705583926
2019-05-30,-0.044307427588184525,-0.043936712507567116,-0.043936712507567956,-0.04393671250756796,-0.04393671250756804,-0.04393671250756794
2019-05-31,-0.032708177044261245,-0.004142011471248503,-0.0041420114712484996,-0.004142011471248511,-0.004142011471248511,-0.004142011471248502
2019-06-03,-0.05537459283387625,0.0005765034718493777,0.0005765034718493912,0.0005765034718493699,0.0005765034718493823,0.0005765034718493811
2019-06-04,0.008210180623973863,-0.009122586038011686,-0.009122586038011683,-0.00912258603801168,-0.009122586038011707,-0.009122586038011691
2019-06-05,-0.014657980456026043,-0.00032590294315730436,-0.0003259029431572944,-0.0003259029431573057,-0.00032590294315731016,-0.00032590294315730647
2019-06-06,0.02859504132231393,-0.008926133616927331,-0.008926133616927337,-0.008926133616927324,-0.008926133616927347,-0.008926133616927331
2019-06-10,-0.01454775458570522,0.01282345156769907,0.01282345156769907,0.012823451567699063,0.012823451567699094,0.012823451567699071
2019-06-11,-0.004172015404364499,0.029815547159346898,0.029815547159346888,0.029815547159346874,0.02981554715934694,0.029815547159346884
2019-06-12,-0.036738640025781547,-0.007533699893619839,-0.007533699893619823,-0.007533699893619841,-0.0075336998936198505,-0.007533699893619839
2019-06-13,0.026262964202074194,-0.0015105574792621096,-0.0015105574792621142,-0.0015105574792621088,-0.001510557479262118,-0.0015105574792621142
2019-06-14,0.011246943765281124,-0.008169460018724792,-0.008169460018724782,-0.008169460018724787,-0.00816946001872481,-0.008169460018724792
2019-06-17,-0.017891682785299852,-5.61238678238089e-05,-5.612386782381098e-05,-5.6123867823805836e-05,-5.612386782379976e-05,-5.612386782380257e-05
2019-06-18,0.022648941408173442,0.003532506421639996,0.003532506421639996,0.0035325064216399893,0.003532506421639988,0.0035325064216399867
2019-06-19,-0.000641951532659198,0.013103843139381932,0.013103843139381925,0.013103843139381923,0.01310384313938195,0.013103843139381928
2019-06-20,0.03902360687329367,0.03013238047682749,0.03013238047682748,0.03013238047682746,0.03013238047682751,0.030132380476827467
2019-06-21,0.010046367851622712,0.0014358532813301514,0.0014358532813301562,0.0014358532813301434,0.0014358532813301425,0.0014358532813301434
2019-06-24,-0.008722264728385557,0.0019035250730182849,0.0019035250730182892,0.00190352507301828,0.0019035250730182849,0.0019035250730182831
2019-06-25,0.016363075023155368,-0.010233417156233519,-0.010233417156233502,-0.010233417156233517,-0.01023341715623355,-0.010233417156233524
2019-06-26,0.007897934386391194,-0.001876926171762721,-0.0018769261717627352,-0.0018769261717627099,-0.00187692617176271,-0.0018769261717627118
2019-06-27,-0.00045207956600367934,0.010611885087204663,0.010611885087204662,0.010611885087204653,0.010611885087204674,0.010611885087204656
2019-06-28,0.0027137042062417354,-0.0023731347773475043,-0.0023731347773475026,-0.0023731347773475048,-0.002373134777347512,-0.002373134777347507
2019-07-02,-0.036798528058877636,0.0003208856991943406,0.0003208856991943491,0.00032088569919433695,0.0003208856991943443,0.00032088569919434443
2019-07-03,0.016555237185609695,-0.01094837247764919,-0.010948372477649185,-0.010948372477649185,-0.010948372477649217,-0.010948372477649192
2019-07-05,0.01994301994301994,0.005178491658133086,0.005178491658133085,0.005178491658133079,0.005178491658133084,0.005178491658133077
2019-07-08,-0.00853507138423338,-0.023081232853911924,-0.02308123285391192,-0.0230812328539119,-0.02308123285391194,-0.023081232853911907
2019-07-09,0.010173736108937344,-0.0025345667344917468,-0.0025345667344917515,-0.0025345667344917424,-0.002534566734491749,-0.0025345667344917463
2019-07-10,0.033777502324140014,-0.0016535787862417026,-0.001653578786241712,-0.0016535787862416976,-0.0016535787862417075,-0.0016535787862417045
2019-07-11,0.0013489208633095306,-0.0003285441845827513,-0.0003285441845827414,-0.0003285441845827546,-0.0003285441845827627,-0.0003285441845827563
2019-07-12,0.0028438856458614737,0.006149218070439801,0.006149218070439794,0.006149218070439797,0.006149218070439811,0.0061492180704397995
2019-07-16,-0.027043360024172736,-0.004526004018864571,-0.004526004018864566,-0.004526004018864566,-0.004526004018864571,-0.0045260040188645646
2019-07-17,-0.012422360248447239,-0.0006182442170909995,-0.0006182442170910022,-0.0006182442170909962,-0.0006182442170909912,-0.000618244217090993
2019-07-18,-0.015880503144654053,-0.009473284319072099,-0.009473284319072095,-0.009473284319072094,-0.009473284319072113,-0.009473284319072097
2019-07-22,0.011343665122223831,-0.006876374092341645,-0.006876374092341652,-0.006876374092341636,-0.00687637409234165,-0.006876374092341643
2019-07-23,0.014375987361769265,0.002185554648680562,0.0021855546486805595,0.0021855546486805612,0.002185554648680561,0.0021855546486805586
2019-07-24,-0.01681980999844246,0.007826457017626957,0.00782645701762696,0.007826457017626947,0.007826457017626966,0.007826457017626952
2019-07-25,-0.0007920164739427898,0.008092587562397214,0.008092587562397209,0.008092587562397207,0.008092587562397228,0.008092587562397214
2019-07-26,0.004914394419784484,0.0019189717973939584,0.0019189717973939532,0.0019189717973939562,0.001918971797393961,0.0019189717973939553
2019-07-29,0.006783404322448386,-0.0011139706784559066,-0.0011139706784559081,-0.0011139706784559073,-0.0011139706784559092,-0.0011139706784559088
2019-07-30,0.018332811031024583,0.004180199014410718,0.004180199014410719,0.004180199014410713,0.004180199014410715,0.004180199014410711
2019-07-31,0.002923526696414933,0.0018591845395862416,0.0018591845395862674,0.0018591845395862655,0.0018591845395862585,0.0018591845395862611
2019-08-01,-0.06336299478367613,-0.06286034938123608,-0.0628603493812362,-0.06286034938123618,-0.06286034938123605,-0.0628603493812361
2019-08-02,0.001965601965602028,0.001896456014086347,0.001896456014086373,0.0018964560140863687,0.0018964560140863613,0.0018964560140863652
2019-08-05,-0.018309628903057092,-0.01816426807888694,-0.018164268078887037,-0.01816426807888703,-0.018164268078887,-0.018164268078887005
2019-08-06,-0.023646960865944977,-0.023456584765446983,-0.023456584765447007,-0.023456584765447,-0.023456584765446955,-0.02345658476544697
2019-08-07,-0.020296776394337468,-0.02009327795007099,-0.020093277950071074,-0.020093277950071067,-0.02009327795007103,-0.02009327795007104
2019-08-08,0.005396935933147607,0.005397274591146372,0.005397274591146366,0.005397274591146364,0.0053972745911463555,0.00539727459114636
2019-08-09,0.011601731601731613,0.011473353889598996,0.01147335388959906,0.011473353889599055,0.01147335388959903,0.011473353889599037
2019-08-13,0.043515504540003525,0.043149737985994245,0.04314973798599434,0.04314973798599432,0.04314973798599424,0.04314973798599426
2019-08-14,-0.03152191758331957,-0.031282534543674224,-0.03128253454367429,-0.03128253454367427,-0.03128253454367421,-0.03128253454367423
2019-08-15,-0.010001695202576764,-0.009900826623907715,-0.009900826623907764,-0.009900826623907759,-0.00990082662390774,-0.009900826623907745
2019-08-16,0.004109589041095817,0.004109152005769694,0.00410915200576969,0.004109152005769689,0.004109152005769683,0.004109152005769685
2019-08-19,0.01875852660300148,0.01864101011516996,0.018641010115169974,0.01864101011516997,0.01864101011516994,0.018641010115169946
2019-08-20,0.005189152996317282,0.005153766247820034,0.005153766247820035,0.0051537662478200325,0.005153766247820023,0.0051537662478200255
2019-08-21,0.0054954204829309435,0.005429816211614554,0.005429816211614588,0.005429816211614587,0.005429816211614575,0.005429816211614579
2019-08-22,-0.005465385889367402,-0.00543701544548055,-0.005437015445480554,-0.0054370154454805525,-0.005437015445480544,-0.005437015445480546
2019-08-23,-0.018484596169858425,-0.018323290424765264,-0.018323290424765337,-0.018323290424765326,-0.01832329042476529,-0.018323290424765302
2019-08-26,-0.0011876484560570109,-0.0011959929682955792,-0.0011959929682955836,-0.0011959929682955857,-0.0011959929682955866,-0.0011959929682955844
2019-08-27,0.020044165109563528,0.01990292297639121,0.019902922976391228,0.01990292297639122,0.019902922976391183,0.019902922976391194
2019-08-28,0.00632805995004171,0.006268821834747207,0.006268821834747244,0.006268821834747241,0.00626882183474723,0.006268821834747234
2019-08-29,0.009432401125268887,0.009388856670204768,0.009388856670204771,0.009388856670204768,0.009388856670204749,0.009388856670204756
2019-08-30,-0.009344262295082008,-0.00926102883403037,-0.009261028834030384,-0.00926102883403038,-0.00926102883403036,-0.009261028834030365
2019-09-03,-0.0058010578399589905,-0.005766022673181966,-0.0057660226731819815,-0.00576602267318198,-0.0057660226731819685,-0.005766022673181972
2019-09-04,0.03706881757336533,0.03680827310828941,0.03680827310828946,0.036808273108289456,0.03680827310828939,0.03680827310828941
2019-09-05,0.0061227866953499355,0.006127834718776813,0.006127834718776803,0.006127834718776801,0.006127834718776792,0.006127834718776795
2019-09-06,0.016118421052631726,0.015963120552843622,0.0159631205528437,0.015963120552843692,0.015963120552843664,0.01596312055284367
2019-09-09,0.015053415344771668,0.014932881007662073,0.014932881007662097,0.01493288100766209,0.01493288100766206,0.01493288100766207
2019-09-10,-2.301458879967195e-18,-7.3252627483165396e-06,-7.325262748300591e-06,-7.325262748300578e-06,-7.325262748300607e-06,-7.325262748300304e-06
2019-09-11,-0.026949449848509,-0.026679908626282004,-0.026679908626282077,-0.026679908626282063,-0.02667990862628201,-0.026679908626282025
2019-09-12,-0.00868567682726973,-0.008591138342794916,-0.008591138342794952,-0.008591138342794949,-0.008591138342794931,-0.008591138342794935
2019-09-17,-0.0567480152896207,-0.05629173947991183,-0.05629173947991194,-0.05629173947991191,-0.0562917394799118,-0.05629173947991183
2019-09-18,-0.00950748129675805,-0.009430695015835468,-0.009430695015835497,-0.009430695015835492,-0.009430695015835473,-0.009430695015835478
2019-09-19,0.019669551534225116,0.019482944233324147,0.019482944233324202,0.019482944233324192,0.019482944233324154,0.019482944233324164
2019-09-20,-0.0004629629629629969,-0.00044323191079380625,-0.0004432319107938292,-0.0004432319107938291,-0.00044323191079382815,-0.0004432319107938287
2019-09-24,-0.03137620378999684,-0.031092385013099952,-0.031092385013100046,-0.03109238501310003,-0.031092385013099973,-0.03109238501309999
2019-09-25,0.0025657472738935803,0.0025092766026306047,0.0025092766026306446,0.0025092766026306415,0.0025092766026306355,0.002509276602630638
2019-09-26,0.0012795905310301055,0.0012034110941116635,0.001203411094111747,0.0012034110941117468,0.0012034110941117444,0.0012034110941117452
2019-09-27,-0.011022364217252445,-0.010953680006990237,-0.010953680006990258,-0.010953680006990252,-0.010953680006990233,-0.01095368000699024
2019-09-30,-0.007438514360929256,-0.007389595714398506,-0.00738959571439848,-0.0073895957143984715,-0.0073895957143984715,-0.007389595714398468
2019-10-08,-0.0011201374785190284,-0.0011174126039861661,-0.001117412603986168,-0.0011174126039861676,-0.0011174126039861655,-0.001117412603986166
2019-10-09,0.032486006040198134,0.03218992854650138,0.03218992854650143,0.032189928546501406,0.0321899285465014,0.03218992854650139
2019-10-10,0.0013087855258016228,0.0013370820476291314,0.0013370820476290939,0.0013370820476290882,0.0013370820476290924,0.0013370820476290915
2019-10-11,-0.003263148658584218,-0.003155201118103864,-0.0031552011181039097,-0.003155201118103912,-0.0031552011181039054,-0.0031552011181039054
2019-10-15,-0.016220831398084837,-0.016058600166769882,-0.0160586001667699,-0.01605860016676989,-0.01605860016676988,-0.016058600166769875
2019-10-16,-0.011396268867182256,-0.011279348408875692,-0.011279348408875713,-0.011279348408875706,-0.0112793484088757,-0.011279348408875697
2019-10-17,0.004268095669648155,0.0042512407545009755,0.004251240754500963,0.004251240754500958,0.004251240754500958,0.004251240754500957
2019-10-18,-0.021806922030248706,-0.02164360593882795,-0.021643605938827956,-0.02164360593882794,-0.021643605938827935,-0.02164360593882793
2019-10-21,0.0032280422533403873,0.003214272842094094,0.0032142728420941013,0.0032142728420941,0.0032142728420941,0.003214272842094099
2019-10-23,0.009761889480777854,0.009687207007957119,0.009687207007957107,0.009687207007957098,0.009687207007957097,0.009687207007957095
2019-10-24,-0.025632265732754452,-0.025371565921500683,-0.025371565921500736,-0.02537156592150072,-0.02537156592150071,-0.025371565921500704
2019-10-25,0.020730830260619514,0.020562094997807943,0.020562094997807957,0.02056209499780794,0.020562094997807936,0.020562094997807933
2019-10-28,0.020156413513232822,0.01998926283162069,0.019989262831620724,0.019989262831620714,0.019989262831620707,0.019989262831620704
2019-10-29,-0.01972527136930502,-0.0195540872471407,-0.019554087247140733,-0.01955408724714072,-0.019554087247140712,-0.01955408724714071
2019-10-30,-0.009092129101523143,-0.009036096813932583,-0.009036096813932571,-0.00903609681393256,-0.00903609681393256,-0.009036096813932557
2019-11-01,0.008672890785639945,0.008638250001073725,0.008638250001073699,0.008638250001073686,0.00863825000107369,0.008638250001073686
2019-11-05,-0.009143273672284166,-0.009013485396685011,-0.009013485396685054,-0.009013485396685053,-0.009013485396685044,-0.009013485396685042
2019-11-06,-0.0064529542056148866,-0.00641396355944461,-0.0064139635594445904,-0.006413963559444581,-0.006413963559444582,-0.006413963559444579
2019-11-07,-0.002113446866046411,-0.002076159843437329,-0.0020761598434373483,-0.0020761598434373488,-0.0020761598434373466,-0.002076159843437346
2019-11-08,-0.007881318886937213,-0.0078117124162268604,-0.007811712416226874,-0.007811712416226869,-0.007811712416226866,-0.007811712416226864
2019-11-11,-0.025395855045271868,-0.02522129547620993,-0.025221295476209948,-0.025221295476209927,-0.025221295476209927,-0.02522129547620992
2019-11-12,-0.01835209803800542,-0.018174557497395764,-0.01817455749739579,-0.018174557497395775,-0.01817455749739577,-0.018174557497395768
2019-11-13,0.0351369723336279,0.03480101450103158,0.03480101450103163,0.0348010145010316,0.03480101450103159,0.03480101450103158
2019-11-14,-0.008804562677716569,-0.008743239845944589,-0.0087432398459446,-0.008743239845944595,-0.008743239845944592,-0.00874323984594459
2019-11-15,-0.014497650529272639,-0.014343632806196036,-0.014343632806196079,-0.01434363280619607,-0.014343632806196062,-0.01434363280619606
2019-11-18,-0.0011008403361344626,-0.0010777021516079567,-0.0010777021516079422,-0.0010777021516079385,-0.0010777021516079383,-0.0010777021516079374
2019-11-19,0.009136107816167338,0.009050054581217593,0.00905005458121763,0.00905005458121763,0.009050054581217624,0.009050054581217623
2019-11-20,0.021189612771455948,0.021002553502094286,0.0210025535020943,0.02100255350209428,0.021002553502094276,0.02100255350209427
2019-11-21,0.005167481926058334,0.005117284803703216,0.005117284803703202,0.005117284803703195,0.005117284803703194,0.005117284803703191
2019-11-22,0.017201359865767648,0.0170386089100074,0.01703860891000745,0.01703860891000744,0.017038608910007434,0.01703860891000743
2019-11-25,0.001930572832416823,0.0019547084612354737,0.0019547084612354655,0.0019547084612354638,0.001954708461235466,0.0019547084612354655
2019-11-26,0.008571228213334121,0.008509130880071455,0.008509130880071455,0.008509130880071448,0.008509130880071448,0.008509130880071445
2019-11-27,-0.014439988243213797,-0.014299385139810819,-0.014299385139810841,-0.01429938513981083,-0.014299385139810824,-0.014299385139810822
2019-11-29,-0.014594947046310614,-0.014525723368280506,-0.014525723368280489,-0.014525723368280473,-0.014525723368280475,-0.01452572336828047
2019-12-02,0.010867161844551254,0.010750986346660633,0.010750986346660685,0.010750986346660682,0.010750986346660675,0.010750986346660673
2019-12-03,0.007172831704985509,0.007099885949437418,0.0070998859494374195,0.0070998859494374135,0.007099885949437411,0.007099885949437409
2019-12-04,0.04277392671049876,0.04240171604939358,0.042401716049393606,0.04240171604939357,0.042401716049393565,0.04240171604939355
2019-12-05,-0.014208446080412714,-0.014049828762768262,-0.014049828762768302,-0.014049828762768295,-0.014049828762768286,-0.014049828762768283
2019-12-06,-0.005103318330631142,-0.005011282981185609,-0.005011282981185648,-0.005011282981185647,-0.005011282981185643,-0.005011282981185641
2019-12-09,0.00779570103895488,0.0077402970319611995,0.00774029703196122,0.007740297031961216,0.007740297031961213,0.007740297031961212
2019-12-10,0.011607779725327784,0.011510800884017885,0.0115108008840179,0.011510800884017893,0.011510800884017888,0.011510800884017887
2019-12-11,0.003341932457786131,0.0033264857512833195,0.0033264857512833295,0.0033264857512833286,0.003326485751283327,0.003326485751283327
2019-12-12,-0.0015808234429349679,-0.0015378675099296615,-0.0015378675099296725,-0.0015378675099296725,-0.001537867509929671,-0.0015378675099296706
2019-12-13,-0.004808506836951324,-0.00468622405720655,-0.0046862240572065955,-0.004686224057206594,-0.004686224057206585,-0.004686224057206585
2019-12-16,0.0014191882923930742,0.0014140175420737922,0.0014140175420737824,0.0014140175420737807,0.0014140175420737809,0.0014140175420737809
2019-12-17,0.012994138110626448,0.012921995319832777,0.012921995319832772,0.01292199531983276,0.012921995319832758,0.012921995319832756
2019-12-18,0.005174920553069567,0.005123802228342393,0.005123802228342397,0.005123802228342393,0.00512380222834239,0.005123802228342389
2019-12-19,0.005240862640223171,0.005198378394615,0.005198378394615002,0.005198378394614998,0.005198378394614997,0.005198378394614996
2019-12-20,-0.005711792291873692,-0.0056641337134692845,-0.005664133713469282,-0.005664133713469276,-0.005664133713469276,-0.005664133713469274
2019-12-23,-0.006607130112325825,-0.006548203061546505,-0.0065482030615465125,-0.006548203061546507,-0.0065482030615465064,-0.006548203061546506
2019-12-24,0.020607478064141215,0.020449054356851376,0.02044905435685139,0.020449054356851373,0.02044905435685137,0.020449054356851366
2019-12-27,0.031118712839763866,0.030853298628899295,0.030853298628899347,0.030853298628899326,0.030853298628899316,0.03085329862889931
2019-12-30,0.0014964835508883621,0.0014618299964873655,0.0014618299964873826,0.0014618299964873846,0.0014618299964873822,0.0014618299964873828
2020-01-06,0.056055397624514836,0.055519417264345616,0.05551941726434573,0.055519417264345686,0.055519417264345665,0.05551941726434566
2020-01-07,-0.032076579885094714,-0.03176045255593419,-0.03176045255593425,-0.03176045255593423,-0.031760452555934224,-0.03176045255593422
2020-01-08,0.035431806714153656,0.03503932194451227,0.035039321944512404,0.03503932194451239,0.03503932194451237,0.03503932194451236
2020-01-09,-0.06090374026960322,-0.060300195561368,-0.060300195561368106,-0.060300195561368064,-0.06030019556136804,-0.060300195561368036
2020-01-10,-0.008541202507504012,-0.00846055185859864,-0.00846055185859865,-0.008460551858598642,-0.008460551858598642,-0.008460551858598639
2020-01-14,0.005829141915622452,0.005786229347000965,0.0057862293470009735,0.005786229347000969,0.005786229347000968,0.0057862293470009665
2020-01-15,-0.01464197284721647,-0.01452580159066678,-0.014525801590666796,-0.014525801590666784,-0.014525801590666782,-0.014525801590666779
2020-01-16,-0.0160708402089551,-0.015909581508882456,-0.015909581508882487,-0.015909581508882477,-0.015909581508882473,-0.01590958150888247
2020-01-17,0.011549352919435273,0.011473613998929101,0.011473613998929103,0.011473613998929095,0.011473613998929095,0.011473613998929091
2020-01-21,-0.016084855849409673,-0.016018222477797137,-0.01601822247779713,-0.016018222477797113,-0.01601822247779712,-0.016018222477797116
2020-01-22,-0.017308533578273916,-0.017154871007337112,-0.01715487100733711,-0.017154871007337088,-0.017154871007337084,-0.01715487100733708
2020-01-23,-0.02424651024310921,-0.02410000332744603,-0.024100003327446023,-0.024100003327446003,-0.024100003327446003,-0.024100003327445996
2020-02-03,-0.06989087206991003,-0.06945927729557602,-0.06945927729557594,-0.06945927729557588,-0.06945927729557587,-0.06945927729557586
2020-02-04,0.013682231552251116,0.013612190009766382,0.013612190009766384,0.013612190009766375,0.013612190009766375,0.013612190009766373
2020-02-05,0.02375102884820349,0.02361322082951821,0.023613220829518188,0.023613220829518167,0.023613220829518167,0.02361322082951816
2020-02-06,0.01102627155480306,0.011001897991615796,0.011001897991615803,0.011001897991615796,0.011001897991615798,0.011001897991615796
2020-02-07,0.0018068965724584614,0.0017652195396201866,0.0017652195396202057,0.0017652195396202068,0.0017652195396202044,0.0017652195396202042
2020-02-10,0.02580612246429113,0.025549629248540734,0.02554962924854081,0.025549629248540796,0.02554962924854078,0.025549629248540776
2020-02-12,0.008762410835134552,0.00875464036156976,0.00875464036156971,0.008754640361569695,0.0087546403615697,0.008754640361569697
2020-02-13,0.022923758479115763,0.02270943739009146,0.02270943739009151,0.022709437390091496,0.022709437390091486,0.022709437390091482
2020-02-14,0.012566709293935455,0.012477479216493611,0.012477479216493606,0.012477479216493595,0.012477479216493592,0.012477479216493587
2020-02-18,0.012679491931800293,0.012534130546966915,0.01253413054696694,0.012534130546966933,0.012534130546966926,0.012534130546966922
2020-02-19,0.01892025280013157,0.01879881835006305,0.018798818350063043,0.018798818350063026,0.018798818350063022,0.01879881835006302
2020-02-20,-0.0018365757079562594,-0.0018028294728897284,-0.0018028294728897546,-0.001802829472889755,-0.0018028294728897512,-0.0018028294728897507
2020-02-21,0.044045690192029405,0.04360557155364869,0.04360557155364879,0.04360557155364876,0.04360557155364874,0.043605571553648734
2020-02-25,-0.028367382925661787,-0.028200547438124213,-0.02820054743812423,-0.028200547438124206,-0.028200547438124206,-0.0282005474381242
2020-02-26,-0.04454524006440089,-0.04420811625550656,-0.04420811625550658,-0.044208116255506545,-0.04420811625550654,-0.044208116255506524
2020-02-27,0.014214678687479018,0.013986976738694375,0.013986976738694454,0.01398697673869445,0.013986976738694435,0.013986976738694434
2020-02-28,-0.05908108281652148,-0.0586923189123517,-0.05869231891235174,-0.058692318912351694,-0.058692318912351694,-0.05869231891235168
2020-03-02,0.01629448069073463,0.01631353825929507,0.016313538259294987,0.016313538259294966,0.016313538259294973,0.01631353825929497
2020-03-03,0.005464251540230755,0.00536508912755961,0.005365089127559654,0.005365089127559654,0.005365089127559648,0.005365089127559646
2020-03-04,0.013824307741111317,0.013740721156928322,0.013740721156928341,0.013740721156928334,0.01374072115692833,0.01374072115692833
2020-03-05,0.007309207185694586,0.007240079485926783,0.007240079485926805,0.007240079485926801,0.0072400794859268,0.007240079485926799
2020-03-06,0.013911519953787055,0.013601761896573767,0.013601761896573946,0.013601761896573956,0.013601761896573934,0.013601761896573934
2020-03-09,-0.05675033962325026,-0.05670204213570092,-0.05670204213570064,-0.05670204213570055,-0.056702042135700584,-0.056702042135700556
2020-03-10,-0.012279674574378101,-0.011992381888268107,-0.011992381888268268,-0.011992381888268275,-0.011992381888268256,-0.011992381888268254
2020-03-11,0.007227198843878961,0.00699202391352083,0.006992023913520933,0.006992023913520937,0.006992023913520923,0.006992023913520921
2020-03-12,-0.0332348173731751,-0.033236553000246256,-0.03323655300024617,-0.03323655300024613,-0.033236553000246145,-0.03323655300024614
2020-03-13,-0.03271401783889299,-0.032335966553175215,-0.03233596655317535,-0.03233596655317534,-0.03233596655317533,-0.032335966553175326
2020-03-16,-0.029758049327251374,-0.02990056339556905,-0.02990056339556884,-0.02990056339556879,-0.029900563395568812,-0.029900563395568805
2020-03-17,-0.041118439222704674,-0.04071891266614262,-0.040718912666142644,-0.04071891266614261,-0.040718912666142595,-0.04071891266614258
2020-03-18,-0.018585237475291363,-0.018702709677852643,-0.018702709677852532,-0.018702709677852505,-0.018702709677852515,-0.018702709677852508
2020-03-19,-0.009461886641835164,-0.009406003256235982,-0.009406003256236074,-0.009406003256236079,-0.009406003256236072,-0.009406003256236074
2020-03-23,-0.008592243898791752,-0.008631769344759656,-0.008631769344759647,-0.008631769344759642,-0.00863176934475964,-0.00863176934475964
2020-03-24,0.08921006033578194,0.08868060704455864,0.08868060704455874,0.08868060704455868,0.08868060704455868,0.08868060704455866
2020-03-25,0.02513807123256328,0.025097001941223322,0.025097001941223343,0.025097001941223326,0.025097001941223336,0.025097001941223326
2020-03-26,0.003101180416163119,0.0030480848043879173,0.0030480848043879655,0.003048084804387972,0.003048084804387961,0.0030480848043879637
2020-03-27,0.011818901752634385,0.011673437346954401,0.011673437346954512,0.011673437346954516,0.011673437346954509,0.011673437346954509
2020-03-30,-0.030031090091823677,-0.029877482243030353,-0.029877482243030256,-0.029877482243030218,-0.02987748224303022,-0.029877482243030207
2020-03-31,-0.0010000000000000007,-0.0009812124336297827,-0.01683380169571613,-0.01683380169571608,-0.016833801695716067,-0.016833801695716057
2020-04-01,0.12725671510347866,0.12601123043789803,-0.04367392797651414,-0.043673927976514024,-0.04367392797651397,-0.04367392797651388
2020-04-02,0.15976562499999988,0.15837096692517613,0.022804050998491556,0.022804050998491494,0.022804050998491476,0.022804050998491563
2020-04-03,0.16705961603233407,0.16554910681917687,-0.014825666940433246,-0.014825666940433201,-0.01482566694043317,-0.014825666940433071
2020-04-07,-0.026149684400360803,-0.02575465101752719,-0.0014534784775013414,-0.0014534784775013258,-0.0014534784775013028,-0.001453478477501344
2020-04-08,0.038271604938271635,0.03796215153494419,0.03378916292904673,0.03378916292904664,0.0337891629290466,0.033789162929046615
2020-04-09,-0.04785969084423302,-0.04738988294085154,0.014333751304323183,0.014333751304323145,0.01433375130432313,0.014333751304323095
2020-04-14,-0.05555555555555557,-0.05492795341210508,0.030338918336350513,0.030338918336350433,0.030338918336350416,0.030338918336350357
2020-04-15,-0.0694582917912928,-0.06888723668064654,-0.021933678618909956,-0.021933678618909897,-0.021933678618909894,-0.021933678618909918
2020-04-16,0.01785714285714279,0.01768851239614394,0.005768448822880473,0.00576844882288045,0.005768448822880455,0.005768448822880461
2020-04-17,-0.008771929824561427,-0.008627546756148295,0.02658235504197912,0.026582355041979058,0.02658235504197902,0.02658235504197901
2020-04-20,-0.07504424778761064,-0.07440091274220756,-0.017809363161967205,-0.017809363161967157,-0.01780936316196715,-0.017809363161967184
2020-04-21,-0.253731343283582,-0.2515574466128475,-0.030731445863110114,-0.030731445863110038,-0.03073144586311004,-0.030731445863110163
2020-04-22,0.07076923076923068,0.07015144554836193,0.022790851970146273,0.022790851970146207,0.022790851970146197,0.022790851970146225
2020-04-23,0.035919540229885076,0.03566096013231811,-0.00043344449807448536,-0.00043344449807447566,-0.0004334444980744667,-0.0004334444980744576
2020-04-24,0.007859454461396354,0.007786637269484951,0.013784675058042347,0.013784675058042307,0.0137846750580423,0.013784675058042291
2020-04-27,-0.08256880733944959,-0.08178525445781452,0.014524797272971205,0.014524797272971174,0.01452479727297113,0.014524797272971093
2020-04-28,0.048999999999999926,0.048560468906612586,-0.005139492114481693,-0.005139492114481679,-0.00513949211448167,-0.0051394921144816376
2020-05-07,-0.015750670241286843,-0.015604934424314676,0.011377806894155589,0.011377806894155561,0.011377806894155542,0.011377806894155532
2020-05-08,0.050732039496084395,0.05036849199804247,0.016846593839058316,0.016846593839058278,0.016846593839058274,0.016846593839058285
2020-05-11,-0.02203499675955933,-0.021833501988827653,0.00011289475193793322,0.00011289475193793346,0.00011289475193792715,0.00011289475193792075
2020-05-12,-0.023525513585155755,-0.02336801027045896,-0.0203730582789376,-0.02037305827893755,-0.020373058278937536,-0.020373058278937536
2020-05-13,0.001017984390905944,0.000984840997078745,-0.017311055083091356,-0.017311055083091314,-0.017311055083091293,-0.017311055083091283
2020-05-14,0.06610169491525418,0.06547413020461904,0.01144302670660265,0.011443026706602613,0.011443026706602613,0.011443026706602645
2020-05-15,0.04101748807631166,0.04069860050871935,0.003978403877587886,0.003978403877587882,0.003978403877587885,0.0039784038775878975
2020-05-18,0.08643860720830786,0.085756850740853,0.03136878772174967,0.03136878772174957,0.03136878772174959,0.0313687877217496
2020-05-19,-0.028675850435760594,-0.02841297805832501,-0.010403451190839677,-0.010403451190839644,-0.010403451190839654,-0.010403451190839652
2020-05-20,0.03733719247467459,0.03704238052416535,0.016563160974757626,0.016563160974757577,0.016563160974757577,0.016563160974757584
2020-05-21,0.003069196428571396,0.003002338201705868,-0.007732027506287281,-0.0077320275062872585,-0.007732027506287265,-0.00773202750628725
2020-05-22,-0.023087621696801227,-0.022994134630953553,0.0021928047434228493,0.0021928047434228385,0.0021928047434228186,0.0021928047434228103
2020-05-26,0.012647554806070938,0.012619657297998193,0.01226484713606484,0.012264847136064811,0.012264847136064811,0.012264847136064804
2020-05-27,-0.048848182070496786,-0.04842668963571615,0.0146120471041801,0.014612047104180058,0.01461204710418003,0.014612047104180004
2020-05-28,0.032973446162824376,0.03271870794971386,-0.00201183837604812,-0.0020118383760481073,-0.0020118383760480986,-0.0020118383760480887
2020-05-29,-0.0025423728813558357,-0.002518219797844943,0.004762948938620776,0.004762948938620764,0.004762948938620754,0.004762948938620752
2020-06-01,0.09345794392523364,0.09272727748813439,0.003917628303363839,0.003917628303363833,0.003917628303363853,0.003917628303363896
2020-06-02,0.025123025123024997,0.02491357782170762,0.008170511273423109,0.008170511273423086,0.008170511273423083,0.008170511273423097
2020-06-03,-0.0032844871147043025,-0.0032195242033567083,0.013544591553340892,0.013544591553340857,0.013544591553340842,0.013544591553340833
2020-06-04,0.011153358681875723,0.01103166805401256,-0.003345166076482608,-0.0033451660764826,-0.003345166076482601,-0.003345166076482587
2020-06-05,0.054650288292805264,0.05421669112780986,0.026062429198597786,0.026062429198597716,0.0260624291985977,0.026062429198597716
2020-06-08,-0.030187782267649173,-0.0298489977751097,0.011958082522845808,0.011958082522845782,0.011958082522845769,0.011958082522845737
2020-06-09,0.0017156862745097972,0.0017113171746544365,-0.007708403297631834,-0.0077084032976318115,-0.0077084032976318054,-0.007708403297631799
2020-06-10,0.011989234157083526,0.011891640846865106,-0.005237649124346606,-0.005237649124346588,-0.005237649124346585,-0.005237649124346578
2020-06-11,-0.07325918762088977,-0.0727027976746567,-0.05853082205180826,-0.0585308220518081,-0.05853082205180805,-0.058530822051808075
2020-06-12,0.018523349856509382,0.018344053188210693,0.012936185225381593,0.012936185225381558,0.012936185225381537,0.012936185225381548
2020-06-15,0.0217725409836067,0.021480576042966545,0.00815484569138349,0.008154845691383453,0.008154845691383446,0.008154845691383462
2020-06-16,0.021308598646277318,0.02125024795790695,0.018927508679184298,0.018927508679184257,0.01892750867918425,0.018927508679184246
2020-06-17,-0.004909180166912218,-0.0048707146841430096,-0.0035749228683728393,-0.0035749228683728336,-0.0035749228683728223,-0.003574922868372826
2020-06-18,0.02195362604834727,0.021763770239785013,0.0006179588790239326,0.0006179588790239316,0.0006179588790239324,0.0006179588790239445
2020-06-19,0.011827178373159606,0.011766168384713038,-0.005535738789145526,-0.005535738789145505,-0.005535738789145497,-0.005535738789145491
2020-06-22,0.026240458015267306,0.026024918453887505,0.006477004087900845,0.006477004087900825,0.006477004087900835,0.006477004087900837
2020-06-23,-0.014411901441190198,-0.01425063574122437,0.004281482022473022,0.004281482022473013,0.004281482022473007,0.004281482022472998
2020-06-24,-0.04905660377358489,-0.048612514790625345,-0.02564305258754405,-0.025643052587543978,-0.02564305258754395,-0.025643052587543975
2020-06-29,0.024834029997541137,0.024602335375786516,0.014555486840713802,0.014555486840713757,0.014555486840713748,0.014555486840713755
2020-06-30,-0.012955854126679432,-0.012780215726701936,-0.013770215726701934,-0.013770215726701946,-0.013770215726701947,-0.013770215726701921
2020-07-02,0.019719648372535033,0.01959347980791144,0.019593479807911443,0.019593479807911453,0.019593479807911457,0.01959347980791143
2020-07-06,0.007947639083683906,0.00804972628820145,0.008049726288201452,0.008049726288201456,0.008049726288201458,0.008049726288201452
2020-07-07,-0.002551020408163237,-0.002530773821196188,-0.002530773821196188,-0.002530773821196189,-0.00253077382119619,-0.0025307738211961853
2020-07-08,0.008370146477563407,0.008372611856676261,0.008372611856676261,0.008372611856676265,0.008372611856676267,0.008372611856676256
2020-07-09,-0.023518561217431327,-0.023197727048488978,-0.023197727048488978,-0.023197727048489,-0.023197727048489,-0.02319772704848896
2020-07-10,0.019362455726092062,0.019085113002339706,0.019085113002339706,0.019085113002339723,0.019085113002339723,0.019085113002339695
2020-07-13,-0.02223766504517032,-0.021918810448108644,-0.021918810448108644,-0.021918810448108658,-0.021918810448108665,-0.02191881044810861
2020-07-14,0.02108505093579715,0.02083801384666547,0.02083801384666547,0.020838013846665483,0.020838013846665487,0.020838013846665452
2020-07-15,0.012529002320185608,0.012421553862391212,0.012421553862391212,0.012421553862391223,0.012421553862391225,0.012421553862391212
2020-07-16,-0.005499541704858008,-0.005598708539883606,-0.005598708539883608,-0.005598708539883612,-0.005598708539883613,-0.005598708539883617
2020-07-17,-0.0069124423963132795,-0.006834665161428993,-0.006834665161428992,-0.006834665161428998,-0.006834665161429,-0.006834665161428986
2020-07-20,0.0018561484918793246,0.0019239965761200875,0.0019239965761200886,0.001923996576120088,0.0019239965761200884,0.0019239965761200853
2020-07-21,0.018063918480778263,0.01797642253220292,0.01797642253220292,0.017976422532202933,0.017976422532202933,0.017976422532202916
2020-07-22,0.0072793448589627595,0.007238187405464175,0.007238187405464175,0.00723818740546418,0.00723818740546418,0.007238187405464173
2020-07-27,0.0009212344541684862,0.0010044482169984685,0.0010044482169984685,0.001004448216998469,0.0010044482169984687,0.00100444821699847
2020-07-28,-0.004371836171191862,-0.004371541487232087,-0.004371541487232086,-0.004371541487232089,-0.0043715414872320885,-0.004371541487232084
2020-07-29,0.011093136122024337,0.011033385342738677,0.01103338534273868,0.011033385342738686,0.011033385342738688,0.011033385342738672
2020-07-30,-0.008457142857142831,-0.00842704731903988,-0.00842704731903988,-0.008427047319039887,-0.008427047319039888,-0.008427047319039878
2020-07-31,-0.0013831258644537588,-0.0013461694229659855,-0.001346169422965989,0.0017165714558345776,0.0017165714558345477,0.0017165714558345444
2020-08-03,0.01292705447830111,0.012835534801914983,0.01283553480191499,-0.01487246345869324,-0.014872463458693266,-0.014872463458693285
2020-08-04,0.010938924339106475,0.010882397618821638,0.010882397618821643,0.008980523765999728,0.008980523765999728,0.00898052376599974
2020-08-05,0.021866546438232607,0.021729739651866517,0.02172973965186653,-0.003380352318680864,-0.0033803523186808774,-0.0033803523186808964
2020-08-06,-0.004632693580410279,-0.004542638458221244,-0.004542638458221246,0.0021669490871452585,0.002166949087145244,0.002166949087145236
2020-08-07,-0.009530141843971603,-0.009490908417823933,-0.009490908417823938,-0.0037156010662220194,-0.0037156010662219925,-0.003715601066221996
2020-08-11,-0.009341637010676149,-0.009280620636805136,-0.00928062063680514,0.0015452892467921245,0.001545289246792159,0.001545289246792171
2020-08-12,0.01751234845083081,0.017313323699415212,0.01731332369941522,-0.008293591004377534,-0.008293591004377491,-0.008293591004377494
2020-08-13,-0.004413062665489907,-0.004349489599108238,-0.004349489599108238,0.010741464100376517,0.010741464100376519,0.010741464100376534
2020-08-14,-0.003767730496453732,-0.003716413849493235,-0.003716413849493237,-0.008432789229432542,-0.008432789229432573,-0.008432789229432587
2020-08-17,0.008008898776418203,0.008030271602411243,0.008030271602411248,0.014366020548998345,0.014366020548998272,0.014366020548998286
2020-08-18,-0.006621054954756163,-0.006509953320284554,-0.006509953320284557,0.00277915819875319,0.002779158198753172,0.002779158198753166
2020-08-19,0.0044434570095535034,0.004396726280401936,0.004396726280401937,0.025706930675490375,0.025706930675490403,0.025706930675490437
2020-08-20,-0.007962840079628442,-0.00796104313310027,-0.007961043133100273,-0.0033050606009603933,-0.003305060600960355,-0.003305060600960355
2020-08-21,-0.013154960981047953,-0.013027952807976353,-0.01302795280797636,-0.004956446015422946,-0.004956446015422959,-0.00495644601542296
2020-08-24,0.017849073655671125,0.01776352029076264,0.01776352029076265,-0.0045010301457531505,-0.004501030145753176,-0.004501030145753193
2020-08-25,0.022197558268590472,0.021983422245048966,0.02198342224504898,-0.007492160440855621,-0.007492160440855611,-0.007492160440855619
2020-08-26,-0.0056460369163951986,-0.005605759448637498,-0.0056057594486375005,0.005603312107401685,0.005603312107401713,0.005603312107401722
2020-08-27,-0.014413627429569743,-0.01428133280354781,-0.014281332803547818,0.0009515682388419256,0.0009515682388419077,0.0009515682388419105
2020-08-28,-0.0011079104808332445,-0.0010483415179828354,-0.0010483415179828389,0.010058211810210034,0.010058211810209973,0.01005821181020999
2020-08-31,0.010869565217391354,0.010808151637181395,0.010808151637181388,0.009818151637181392,0.009818151637181393,0.009818151637181392
2020-09-01,0.004388852315119653,0.004409556172902594,0.0044095561729025935,0.0044095561729025935,0.004409556172902596,0.004409556172902594
2020-09-02,-0.030150753768844244,-0.029911324199936935,-0.029911324199936924,-0.029911324199936938,-0.029911324199936928,-0.029911324199936938
2020-09-03,-0.008785762559134994,-0.008767893951078921,-0.008767893951078921,-0.00876789395107892,-0.008767893951078921,-0.008767893951078921
2020-09-04,-0.03749999999999998,-0.03720691555410712,-0.037206915554107114,-0.03720691555410713,-0.03720691555410711,-0.03720691555410713
2020-09-08,-0.05375832540437675,-0.053295690696249516,-0.05329569069624951,-0.05329569069624952,-0.0532956906962495,-0.05329569069624952
2020-09-09,0.02111613876319751,0.020866771302665378,0.020866771302665375,0.02086677130266538,0.020866771302665368,0.02086677130266538
2020-09-10,-0.02215657311669128,-0.021959701772344273,-0.02195970177234427,-0.021959701772344273,-0.021959701772344263,-0.021959701772344277
2020-09-11,0.0050352467270897705,0.005010631498029421,0.005010631498029422,0.005010631498029423,0.0050106314980294196,0.005010631498029422
2020-09-14,-0.00576152304609223,-0.005654781021466033,-0.0056547810214660306,-0.005654781021466034,-0.005654781021466027,-0.005654781021466033
2020-09-15,0.024943310657596474,0.024754595129629724,0.02475459512962972,0.024754595129629728,0.02475459512962972,0.024754595129629728
2020-09-16,0.040560471976401224,0.04016000096694107,0.04016000096694105,0.04016000096694107,0.04016000096694105,0.04016000096694107
2020-09-17,0.021970233876683173,0.021694429134260847,0.02169442913426084,0.02169442913426085,0.02169442913426083,0.02169442913426085
2020-09-18,-0.00508552935737394,-0.004974955340546665,-0.0049749553405466634,-0.004974955340546665,-0.004974955340546658,-0.004974955340546666
2020-09-23,-0.006937799043062134,-0.006917957939023533,-0.006917957939023532,-0.006917957939023532,-0.006917957939023533,-0.006917957939023533
2020-09-24,-0.0007227174174897512,-0.0008179687319606993,-0.000817968731960701,-0.0008179687319607007,-0.000817968731960706,-0.0008179687319607
2020-09-25,0.007473481195757083,0.0074514244270949895,0.007451424427094989,0.00745142442709499,0.00745142442709499,0.00745142442709499
2020-09-28,0.014836085187843963,0.014757171442423984,0.014757171442423982,0.014757171442423986,0.01475717144242398,0.014757171442423988
2020-09-29,-0.03819853808064133,-0.03786871601579069,-0.037868716015790685,-0.0378687160157907,-0.03786871601579068,-0.0378687160157907
2020-09-30,0.003922530031870596,0.0038834754458955817,-0.01587740782519259,-0.015877407825192574,-0.01587740782519259,-0.01587740782519259
2020-10-09,-0.011770136164320318,-0.01161650858171702,-0.001110355326817277,-0.0011103553268173073,-0.0011103553268173084,-0.0011103553268173047
2020-10-12,-0.02358710882765058,-0.023268222061399238,-0.002473749461618348,-0.0024737494616183975,-0.0024737494616183992,-0.0024737494616183867
2020-10-14,0.02142688956910765,0.021211557360183653,0.001045489107813293,0.0010454891078133055,0.0010454891078133053,0.0010454891078133007
2020-10-15,-0.005301982480405809,-0.005286886954725706,-0.00504517667810323,-0.005045176678103229,-0.005045176678103229,-0.005045176678103228
2020-10-16,-0.006952491309385799,-0.0068781857420996085,-0.004063499615324736,-0.00406349961532473,-0.004063499615324735,-0.004063499615324735
2020-10-19,-0.009101516919486572,-0.009018918751368898,0.011007732500239122,0.011007732500239115,0.011007732500239132,0.01100773250023914
2020-10-20,0.01248233631653317,0.012380994526649083,-0.004329884742564283,-0.004329884742564287,-0.004329884742564292,-0.004329884742564295
2020-10-21,-0.02977436613165851,-0.029461529975218795,0.0030572988986425965,0.003057298898642591,0.003057298898642594,0.0030572988986426
2020-10-22,0.015583792855430321,0.015432976176887093,-0.006912992105623859,-0.0069129921056238445,-0.006912992105623853,-0.006912992105623858
2020-10-23,-0.027384324834749726,-0.027159405194304882,0.001735873107820537,0.0017358731078205574,0.0017358731078205565,0.0017358731078205537
2020-10-27,0.0044488383588729965,0.004409928622641934,-0.000354278237321821,-0.00035427823732182845,-0.00035427823732182585,-0.00035427823732182243
2020-10-28,-0.04035433070866145,-0.040020857431823584,-0.002906554203664203,-0.0029065542036642183,-0.0029065542036642144,-0.002906554203664215
2020-10-29,-0.03538461538461545,-0.03508329389830817,-0.0037122066882993203,-0.0037122066882993208,-0.0037122066882993277,-0.0037122066882993338
2020-10-30,-0.004518872939925479,-0.00456377002840679,-0.01514506624385447,-0.015145066243854439,-0.015145066243854447,-0.015145066243854453
2020-11-02,0.04779706275033368,0.047441186305282934,0.013838624488892141,0.01383862448889212,0.01383862448889213,0.013838624488892141
2020-11-04,0.025896414342629678,0.025700088531043788,0.017051019768926114,0.017051019768926094,0.017051019768926107,0.017051019768926104
2020-11-05,-0.009708737864077775,-0.009534892880304726,0.017208876601234047,0.01720887660123402,0.01720887660123403,0.01720887660123403
2020-11-06,-0.01740196078431355,-0.017208764673227895,0.0090524878773481,0.009052487877348081,0.009052487877348093,0.009052487877348105
2020-11-09,0.04814168121726125,0.04779953852366937,0.021083121309337066,0.021083121309337018,0.02108312130933703,0.021083121309337042
2020-11-10,0.04831032841504034,0.04783035099162537,0.002623613754377157,0.002623613754377181,0.0026236137543771743,0.0026236137543771596
2020-11-11,-0.006356413166855757,-0.006297719029896077,0.01764457737835055,0.017644577378350557,0.017644577378350575,0.017644577378350564
2020-11-12,-0.011423349326022401,-0.011322993287127957,0.0066752695144227814,0.00667526951442277,0.00667526951442278,0.006675269514422783
2020-11-13,-0.014790848162699375,-0.014657709059484018,-0.005252045679228998,-0.005252045679228975,-0.005252045679228983,-0.005252045679228983
2020-11-16,0.02955665024630538,0.029417352758100437,0.02047660469706121,0.02047660469706117,0.020476604697061185,0.020476604697061203
2020-11-17,-0.002506265664160345,-0.0025100761267885375,0.004086361684699526,0.0040863616846995255,0.00408636168469953,0.004086361684699529
2020-11-18,0.00799451804476936,0.007917133728763437,-0.010899585697760578,-0.010899585697760573,-0.01089958569776058,-0.010899585697760578
2020-11-19,0.000906412871062745,0.0008829218673654692,-0.0036237822345267993,-0.003623782234526805,-0.003623782234526809,-0.003623782234526812
2020-11-20,0.024224586823635926,0.02405981120186225,-0.004053718619722317,-0.004053718619722332,-0.004053718619722331,-0.004053718619722317
2020-11-24,0.045385118917739435,0.045015597862727345,0.02483571658721547,0.024835716587215475,0.024835716587215492,0.024835716587215485
2020-11-25,0.020663744520976964,0.020433410185337775,0.0049430284920290125,0.004943028492029039,0.004943028492029038,0.004943028492029027
2020-11-27,0.011313639220616121,0.011256154162814998,0.004062312145165436,0.004062312145165417,0.004062312145165419,0.004062312145165421
2020-11-30,-0.014087424901595194,-0.013942922341791305,-0.01493292234179133,-0.014932922341791336,-0.014932922341791253,-0.014932922341791341
2020-12-01,-0.007144358058415728,-0.0070302089327193215,-0.0070302089327193415,-0.007030208932719339,-0.0070302089327192695,-0.007030208932719331
2020-12-02,0.01523809523809527,0.015105317122337222,0.015105317122337243,0.015105317122337245,0.015105317122337198,0.01510531712233724
2020-12-03,0.017719407963310497,0.017531762045524094,0.01753176204552414,0.01753176204552414,0.01753176204552403,0.017531762045524136
2020-12-04,0.004301515772224599,0.0043013532350790265,0.004301353235079026,0.004301353235079024,0.0043013532350790395,0.00430135323507902
2020-12-07,-0.0075464001631655505,-0.007536834545263609,-0.007536834545263608,-0.00753683454526361,-0.007536834545263637,-0.007536834545263607
2020-12-08,0.003904644471845578,0.003874061854662809,0.0038740618546628056,0.003874061854662805,0.0038740618546628074,0.0038740618546628035
2020-12-09,0.0026612077789149808,0.002616783381430519,0.002616783381430536,0.0026167833814305427,0.0026167833814304854,0.0026167833814305422
2020-12-10,0.02960391996733368,0.029317247373212927,0.029317247373212986,0.02931724737321299,0.029317247373212865,0.029317247373212976
2020-12-11,-0.007138607971445612,-0.007093934217168712,-0.007093934217168713,-0.007093934217168714,-0.007093934217168723,-0.007093934217168713
2020-12-14,0.005791891352107115,0.0057488912869736505,0.0057488912869736565,0.005748891286973657,0.005748891286973661,0.005748891286973656
2020-12-15,0.006552819698173226,0.006494673558943221,0.006494673558943233,0.006494673558943233,0.006494673558943206,0.006494673558943231
2020-12-16,0.00927204576839613,0.009211362624375656,0.009211362624375672,0.009211362624375673,0.00921136262437565,0.00921136262437567
2020-12-17,0.006645817044566247,0.006662662362101513,0.0066626623621015065,0.006662662362101505,0.006662662362101561,0.0066626623621015004
2020-12-18,0.016893203883495026,0.01676038072357701,0.016760380723577023,0.016760380723577026,0.016760380723577,0.016760380723577016
2020-12-21,-0.029978995608172618,-0.029688800888083042,-0.0296888008880831,-0.02968880088808311,-0.02968880088808296,-0.029688800888083098
2020-12-22,-0.018897637795275434,-0.018839661887248484,-0.018839661887248484,-0.018839661887248487,-0.01883966188724855,-0.018839661887248477
2020-12-23,0.025682182985553574,0.025471879411646577,0.025471879411646615,0.02547187941164662,0.025471879411646546,0.02547187941164661
2020-12-24,0.003521126760563266,0.003508956972406134,0.003508956972406136,0.0035089569724061375,0.0035089569724061384,0.0035089569724061362
2020-12-28,-0.006822612085769835,-0.006723446852953379,-0.006723446852953396,-0.006723446852953396,-0.006723446852953341,-0.006723446852953395
2020-12-29,0.0039254170755642585,0.003883284762424066,0.003883284762424084,0.0038832847624240946,0.0038832847624240387,0.0038832847624240985
2020-12-30,0.004692082111436905,0.0047030837886596075,0.004703083788659608,0.004703083788659606,0.0047030837886596335,0.004703083788659603
2021-01-04,-0.02030162412993029,-0.02005679777614147,-0.020056797776141527,-0.020056797776141534,-0.02005679777614137,-0.020056797776141534
2021-01-05,0.05723307677126498,0.05676565889301483,0.0567656588930149,0.0567656588930149,0.05676565889301477,0.05676565889301489
2021-01-06,0.010826955385476955,0.01076844970500934,0.010768449705009356,0.01076844970500935,0.010768449705009354,0.010768449705009344
2021-01-07,0.006832871652816329,0.006861564602102039,0.006861564602102027,0.006861564602102031,0.0068615646021021005,0.0068615646021020285
2021-01-08,0.033749082905355714,0.03349741719685776,0.03349741719685781,0.03349741719685782,0.033497417196857726,0.03349741719685781
2021-01-12,0.020855807263574277,0.020727966659840703,0.020727966659840728,0.020727966659840728,0.020727966659840728,0.02072796665984072
2021-01-13,-0.015322296583304085,-0.015188210660512444,-0.015188210660512458,-0.015188210660512454,-0.015188210660512427,-0.01518821066051245
2021-01-14,0.00983723841888761,0.00972437036219491,0.009724370362194935,0.009724370362194942,0.009724370362194852,0.00972437036219494
2021-01-15,-0.02585901523202271,-0.02562528877817591,-0.02562528877817595,-0.025625288778175957,-0.02562528877817586,-0.02562528877817595
2021-01-19,0.02080671655411569,0.02062676640186025,0.020626766401860286,0.0206267664018603,0.02062676640186018,0.020626766401860296
2021-01-20,-0.004291078133381026,-0.004202212546918109,-0.004202212546918125,-0.0042022125469181265,-0.004202212546918077,-0.004202212546918126
2021-01-21,0.00861914167714129,0.008596419023959667,0.008596419023959665,0.008596419023959667,0.008596419023959703,0.008596419023959663
2021-01-22,-0.017090973829446354,-0.016985431078790948,-0.016985431078790966,-0.01698543107879097,-0.01698543107879094,-0.016985431078790962
2021-01-25,0.0126788625249048,0.012619202707662204,0.012619202707662223,0.012619202707662225,0.012619202707662213,0.01261920270766222
2021-01-26,0.003040600965837911,0.0029438536357320115,0.002943853635732012,0.0029438536357320124,0.002943853635731958,0.002943853635732012
2021-01-27,-0.008915834522111315,-0.008884473165574329,-0.008884473165574324,-0.008884473165574324,-0.008884473165574325,-0.008884473165574322
2021-01-28,-0.00989564591579696,-0.009927914866167786,-0.00992791486616778,-0.00992791486616778,-0.009927914866167873,-0.009927914866167776
2021-01-29,0.0012720334363074375,0.0012032678814693902,0.0012032678814693919,0.0012032678814693862,0.0012032678814693641,0.0012032678814693845
2021-02-01,0.02014519056261334,0.020102180723664386,0.020102180723664376,0.02010218072366438,0.020102180723664435,0.020102180723664376
2021-02-02,0.028642590286425792,0.028436558855622927,0.028436558855622955,0.02843655885562296,0.028436558855622907,0.028436558855622955
2021-02-03,0.014700795572466277,0.01454787892679541,0.014547878926795444,0.01454787892679545,0.014547878926795363,0.014547878926795446
2021-02-04,0.007499573887847154,0.007398462285076675,0.007398462285076714,0.00739846228507671,0.007398462285076633,0.0073984622850767024
2021-02-05,0.008627981728979819,0.00855019218076719,0.008550192180767224,0.008550192180767231,0.008550192180767167,0.008550192180767227
2021-02-08,0.0174438108017443,0.01740343090244167,0.017403430902441664,0.017403430902441674,0.01740343090244174,0.017403430902441668
2021-02-10,0.0072535443455326145,0.0072972027303292815,0.007297202730329272,0.007297202730329269,0.0072972027303293595,0.007297202730329262
2021-02-18,-0.020958545230389848,-0.02068725534459752,-0.02068725534459758,-0.020687255344597585,-0.020687255344597397,-0.020687255344597588
2021-02-19,-0.010861010546198584,-0.010729558103991692,-0.010729558103991716,-0.010729558103991722,-0.010729558103991644,-0.010729558103991722
2021-02-22,0.0471037555697007,0.046751919473428265,0.046751919473428306,0.04675191947342831,0.04675191947342822,0.04675191947342828
2021-02-24,0.03410662160086029,0.0336931957804572,0.03369319578045728,0.03369319578045728,0.03369319578045705,0.033693195780457263
2021-02-25,-0.018719358193433396,-0.018523328213727267,-0.018523328213727278,-0.018523328213727278,-0.018523328213727194,-0.018523328213727278
2021-02-26,-0.021498864496593564,-0.021488975137827875,-0.021488975137827878,-0.021488975137827892,-0.021488975137827965,-0.02148897513782788
2021-03-01,-0.020423951725204937,-0.02014995290673978,-0.020149952906739817,-0.020149952906739817,-0.020149952906739696,-0.020149952906739804
2021-03-02,-0.010898752171852885,-0.010882670676452473,-0.010882670676452473,-0.010882670676452474,-0.010882670676452513,-0.01088267067645247
2021-03-03,0.021877994251038094,0.021763429082429002,0.021763429082429023,0.021763429082429023,0.021763429082429033,0.021763429082429016
2021-03-04,0.05110173464603848,0.05048370493866838,0.05048370493866849,0.05048370493866848,0.050483704938668175,0.05048370493866847
2021-03-05,0.03612845673505792,0.035779920556538634,0.035779920556538704,0.035779920556538704,0.03577992055653854,0.0357799205565387
2021-03-08,-0.022528339790500732,-0.022416702901327613,-0.02241670290132763,-0.02241670290132763,-0.02241670290132765,-0.02241670290132762
2021-03-09,-0.012037580739870931,-0.011920099104427285,-0.011920099104427298,-0.011920099104427293,-0.011920099104427295,-0.01192009910442729
2021-03-10,0.013075780089153215,0.012952326717357715,0.012952326717357738,0.012952326717357741,0.01295232671735768,0.012952326717357738
2021-03-11,0.021120563215019112,0.021101264755570722,0.02110126475557071,0.021101264755570708,0.021101264755570812,0.021101264755570698
2021-03-12,-0.005601838552140251,-0.0055786681070934116,-0.005578668107093412,-0.005578668107093408,-0.005578668107093406,-0.005578668107093404
2021-03-15,-0.006355626173624062,-0.0062986424593232705,-0.006298642459323278,-0.006298642459323276,-0.006298642459323285,-0.006298642459323276
2021-03-16,-0.004651838930077146,-0.0046060356296661244,-0.004606035629666128,-0.004606035629666128,-0.004606035629666112,-0.004606035629666123
2021-03-17,-0.010661603622024283,-0.0105560729498172,-0.01055607294981721,-0.010556072949817216,-0.01055607294981717,-0.010556072949817212
2021-03-18,-0.07189253026276941,-0.07122006712879905,-0.07122006712879918,-0.07122006712879918,-0.07122006712879889,-0.07122006712879915
2021-03-19,0.025290281533322675,0.024973353018531094,0.02497335301853114,0.024973353018531142,0.02497335301853097,0.02497335301853113
2021-03-22,-0.0026372944461680076,-0.0026200755985051074,-0.0026200755985050974,-0.0026200755985051065,-0.002620075598505099,-0.002620075598505111
2021-03-23,-0.060818167677710415,-0.06034080294002447,-0.06034080294002453,-0.06034080294002454,-0.06034080294002441,-0.06034080294002452
2021-03-24,0.06359721762172896,0.06291464589148636,0.06291464589148647,0.06291464589148647,0.06291464589148615,0.06291464589148645
2021-03-25,-0.03706010588601671,-0.03671817355024539,-0.03671817355024546,-0.03671817355024545,-0.036718173550245335,-0.036718173550245446
2021-03-26,0.040265200517464406,0.04000542052766493,0.040005420527664974,0.04000542052766499,0.040005420527664946,0.040005420527664974
2021-03-29,0.013368568319602089,0.013255880784400058,0.013255880784400079,0.013255880784400084,0.013255880784400043,0.013255880784400079
2021-03-30,-0.017947537965945722,-0.0177800210572509,-0.017780021057250926,-0.017780021057250926,-0.017780021057250857,-0.01778002105725092
2021-03-31,-0.021058368902873714,-0.02090496197122033,-0.020904961971220323,-0.0034548374960894205,-0.003454837496089415,-0.0034548374960894287
2021-04-01,0.010574973564991375,0.010547335535528177,0.010547335535528174,-0.009726855534404432,-0.009726855534404413,-0.009726855534404413
2021-04-07,0.006380293474844034,0.0063119942592875945,0.006311994259287594,-0.002077794710127422,-0.002077794710127418,-0.0020777947101274135
2021-04-08,0.019070508512908146,0.018924516485248163,0.018924516485248153,0.0007867307459716467,0.0007867307459716442,0.0007867307459716542
2021-04-09,-0.010756130703450606,-0.010684033786123615,-0.010684033786123611,-0.0031496045934223085,-0.003149604593422304,-0.003149604593422309
2021-04-12,-0.044716082527306855,-0.044357607602080774,-0.044357607602080754,-0.013923396643848642,-0.01392339664384862,-0.013923396643848649
2021-04-13,-0.012587042410767912,-0.012446222685563483,-0.012446222685563474,0.0018253729524226035,0.0018253729524225978,0.0018253729524225929
2021-04-14,0.01677799687502124,0.016681976896933765,0.016681976896933765,0.0036859978975686608,0.0036859978975686517,0.00368599789756866
2021-04-15,0.018336944226086782,0.018213141186306726,0.018213141186306726,0.0296185236622566,0.029618523662256542,0.02961852366225656
2021-04-16,0.01224832151585109,0.012157646966221543,0.012157646966221538,0.006442404692019046,0.006442404692019034,0.006442404692019043
2021-04-19,0.02707762357490462,0.02688217381611787,0.02688217381611786,0.01672249711594469,0.016722497115944666,0.016722497115944684
2021-04-20,0.0018906279003434445,0.0018314843152989822,0.00183148431529898,-0.00445352462269327,-0.004453524622693262,-0.0044535246226932645
2021-04-21,-0.007245479596161952,-0.007233358029976689,-0.007233358029976687,-0.009498438097608277,-0.009498438097608253,-0.009498438097608265
2021-04-22,0.00017569956648633145,0.00020768850822741678,0.00020768850822741738,0.005808866252412483,0.0058088662524124705,0.0058088662524124765
2021-04-23,0.006352289472893791,0.006330148728808267,0.0063301487288082645,0.003916980236767836,0.003916980236767827,0.003916980236767829
2021-04-26,0.019193443061834126,0.019026770546353124,0.019026770546353114,0.022044326039920837,0.022044326039920795,0.02204432603992082
2021-04-27,0.0037014391330236762,0.0036994077342743653,0.0036994077342743653,0.020875615939741275,0.020875615939741233,0.020875615939741243
2021-04-28,-0.017477874150110817,-0.017313843832008676,-0.017313843832008666,-0.014257323765864699,-0.014257323765864674,-0.01425732376586469
2021-04-30,-0.02721051330482382,-0.027038948900544733,-0.02703894890054475,-0.008051246904343867,-0.00805124690434381,-0.008051246904343803
2021-05-06,0.03602851605633401,0.035742542836880664,0.03574254283688069,0.019421045609451775,0.019421045609451723,0.019421045609451723
2021-05-07,0.04470400715082528,0.04431959024968396,0.044319590249684,0.022427081001692304,0.022427081001692238,0.022427081001692235
2021-05-10,0.04951141153812405,0.04909784122239172,0.04909784122239176,0.037062397996997926,0.03706239799699789,0.03706239799699789
2021-05-11,-0.045277695289517805,-0.04494065302577702,-0.044940653025777065,-0.022859668607585006,-0.02285966860758494,-0.022859668607584937
2021-05-12,0.008704143349018922,0.008621955230733929,0.008621955230733941,0.014390586472404605,0.014390586472404628,0.014390586472404623
2021-05-13,-0.046065885881466956,-0.0457352437331922,-0.04573524373319224,-0.013665172960539991,-0.013665172960539903,-0.013665172960539892
2021-05-14,0.0021188754101260326,0.0021816616354270297,0.0021816616354270223,-0.02004275769386504,-0.020042757693865102,-0.020042757693865106
2021-05-17,0.027750032645571052,0.027523471662451466,0.027523471662451483,0.0019186121637108878,0.0019186121637108147,0.0019186121637108104
2021-05-18,0.020426640458816904,0.020279594664973238,0.02027959466497326,0.02335917084611772,0.02335917084611773,0.023359170846117723
2021-05-20,-0.0315453482674016,-0.0312831620046647,-0.03128316200466473,-0.008605028591242379,-0.008605028591242314,-0.008605028591242308
2021-05-21,-0.012571333835875807,-0.012452602726785235,-0.012452602726785247,-0.019820460786109533,-0.01982046078610955,-0.019820460786109554
2021-05-24,-0.005325512088650039,-0.005243648792932003,-0.005243648792932009,-0.0073984548982443206,-0.007398454898244324,-0.0073984548982443275
2021-05-25,0.012912958850493492,0.012862066491607356,0.012862066491607364,0.008531484710022031,0.008531484710022023,0.008531484710022018
2021-05-26,0.026680553747341757,0.026451574786839283,0.026451574786839297,-0.005733165789441177,-0.005733165789441272,-0.005733165789441273
2021-05-27,-0.006721673190237515,-0.0066539201285467356,-0.00665392012854674,0.0022119002834391287,0.002211900283439156,0.002211900283439155
2021-05-28,-0.005805407770105392,-0.005718649116543156,-0.005718649116543154,0.018369699143349707,0.018369699143349776,0.018369699143349773
2021-06-01,0.017115918865536754,0.016993419298927753,0.016993419298927764,0.002063584995180666,0.0020635849951806244,0.00206358499518062
2021-06-02,-0.03066406967157027,-0.0303960526329127,-0.030396052632912722,-0.005803010929554433,-0.00580301092955436,-0.005803010929554358
2021-06-03,-0.012556357253114872,-0.012467990696623679,-0.012467990696623691,-0.008936679445895542,-0.00893667944589553,-0.008936679445895528
2021-06-04,-0.015285384724031388,-0.0151623893096673,-0.01516238930966732,-0.02778686777867058,-0.027786867778670617,-0.027786867778670614
2021-06-07,0.024246400447652985,0.024023816825521842,0.024023816825521863,0.00659934870813734,0.006599348708137287,0.006599348708137286
2021-06-08,-0.008515504857667151,-0.008442519864329775,-0.008442519864329779,-1.2170055239304898e-05,-1.2170055239279102e-05,-1.2170055239279358e-05
2021-06-09,0.003728922910600112,0.0036877376998546638,0.003687737699854667,0.00041329744440359245,0.00041329744440358286,0.00041329744440358275
2021-06-10,-0.0036846681496833676,-0.0036315169441994396,-0.0036315169441994435,-0.0030418252148503395,-0.0030418252148503373,-0.0030418252148503378
2021-06-11,0.004979882564744237,0.004936872546352946,0.00493687254635295,0.005584253595988532,0.0055842535959885345,0.005584253595988534
2021-06-15,-0.04508699804897425,-0.04469208057801655,-0.04469208057801658,-0.01863578444230521,-0.01863578444230513,-0.018635784442305126
2021-06-16,-0.03020293362549673,-0.029999120292548503,-0.02999912029254853,-0.022848715575102294,-0.022848715575102277,-0.02284871557510227
2021-06-17,-0.013480929416922343,-0.013367187539273776,-0.013367187539273783,0.005041021699622521,0.005041021699622576,0.005041021699622577
2021-06-18,-0.0061863971429575405,-0.006156845294964485,-0.006156845294964496,-0.022192195844366706,-0.02219219584436675,-0.022192195844366748
2021-06-21,-0.0025023839052477023,-0.0025009428559198276,-0.002500942855919833,-0.013417873601499819,-0.013417873601499847,-0.013417873601499848
2021-06-22,0.0008295154231439199,0.0008746275410569504,0.0008746275410569559,0.014974281424367433,0.014974281424367472,0.01497428142436747
2021-06-23,0.0005283060040255605,0.000571968795434165,0.0005719687954341699,0.016659190840312876,0.016659190840312928,0.016659190840312924
2021-06-24,-0.0022441149377130315,-0.002214018680230067,-0.0022140186802300696,-0.0018717257330156997,-0.0018717257330156986,-0.001871725733015699
2021-06-25,0.028953410893960613,0.028742700611963087,0.028742700611963105,0.0031205209739793662,0.003120520973979292,0.0031205209739792877
2021-06-28,-0.01616111734862623,-0.016031668245603366,-0.016031668245603377,-0.0011873546025521252,-0.0011873546025520834,-0.00118735460255208
2021-06-29,-0.02536390412061626,-0.02516967659301263,-0.025169676593012648,-0.007143231607060474,-0.007143231607060421,-0.0071432316070604174
2021-06-30,0.0017597422283719389,0.0017494900726920542,-0.0009826547333961692,-0.0009826547333961673,-0.0009826547333961681,-0.0009826547333961681
2021-07-02,0.000616779471123369,0.0005809408583825604,0.004683991395963344,0.00468399139596334,0.004683991395963341,0.004683991395963341
2021-07-06,0.010884582759236979,0.010764504796134031,-0.02787504536508238,-0.02787504536508235,-0.027875045365082368,-0.02787504536508237
2021-07-07,-0.006500656239797343,-0.0064746512770567895,-0.02104660869961739,-0.02104660869961737,-0.021046608699617383,-0.021046608699617383
2021-07-08,-0.024399728818666366,-0.024222593084629044,0.013566899013071641,0.013566899013071627,0.013566899013071636,0.013566899013071638
2021-07-09,0.03129792579337852,0.031044163857504557,0.0164371594874937,0.016437159487493688,0.016437159487493695,0.016437159487493695
2021-07-12,0.011099308866812986,0.011045061836568486,-0.004920761218633756,-0.004920761218633751,-0.004920761218633756,-0.004920761218633755
2021-07-13,-0.016347724674771736,-0.01615701656533443,0.015166858522263868,0.015166858522263852,0.01516685852226386,0.015166858522263862
2021-07-14,-0.024095421898068455,-0.023926440830808887,-0.023541521285316214,-0.02354152128531619,-0.0235415212853162,-0.0235415212853162
2021-07-15,0.009083756457749502,0.008989887783085437,-0.016604855633832228,-0.01660485563383221,-0.016604855633832218,-0.01660485563383222
2021-07-16,-0.0029372784977644848,-0.0029281077217689225,0.00011487781091141743,0.00011487781091141728,0.00011487781091141774,0.00011487781091141734
2021-07-19,-0.009715632316312896,-0.009742993083408445,-0.06157745024169119,-0.061577450241691124,-0.06157745024169116,-0.061577450241691166
2021-07-20,-0.008808372889721139,-0.008740917394344157,-0.0017486282335202905,-0.001748628233520287,-0.0017486282335202885,-0.0017486282335202887
2021-07-21,0.004595634001247627,0.004626675482349921,0.052296143967115204,0.05229614396711515,0.052296143967115176,0.05229614396711518
2021-07-26,-0.002323808621955032,-0.0023363626503644015,0.008371001253749467,0.008371001253749462,0.008371001253749464,0.008371001253749464
2021-07-27,0.025912824100131834,0.025614818504327074,-0.0014943705384441346,-0.0014943705384441344,-0.001494370538444138,-0.0014943705384441396
2021-07-28,-0.05244931869823619,-0.05197240287673123,0.0010125216841815545,0.0010125216841815545,0.0010125216841815597,0.0010125216841815599
2021-07-29,0.024816902481104467,0.024655739918193635,0.0007488596508290916,0.0007488596508290912,0.0007488596508290893,0.0007488596508290902
2021-07-30,0.0036814094539052646,0.003611319882035281,0.00499344819984692,0.004993448199846916,0.004993448199846919,0.004993448199846918
2021-08-02,0.03437523137996434,0.03409305446922372,-0.025997983224965517,-0.02599798322496549,-0.025997983224965507,-0.02599798322496551
2021-08-03,-0.03151490123201871,-0.03125711052821511,-0.01303387387378138,-0.013033873873781366,-0.013033873873781373,-0.013033873873781375
2021-08-04,0.009132653738058268,0.009027917310007235,-0.02699597768259081,-0.026995977682590783,-0.026995977682590797,-0.026995977682590797
2021-08-05,-0.018721618972141855,-0.018554912542737837,0.012229525796502565,0.012229525796502553,0.01222952579650256,0.012229525796502563
2021-08-06,0.026751282733384663,0.026514299116856856,-0.009566267642242745,-0.009566267642242735,-0.009566267642242741,-0.009566267642242743
2021-08-10,-0.007526735777970133,-0.007406332201504701,0.023793691131980477,0.023793691131980453,0.023793691131980467,0.02379369113198047
2021-08-11,0.007251830641601618,0.007206084004831701,0.010644891906733346,0.010644891906733336,0.01064489190673334,0.010644891906733341
2021-08-12,0.03745319404142243,0.03710853285086259,-0.0064669178566801756,-0.006466917856680169,-0.006466917856680177,-0.006466917856680178
2021-08-13,0.01986331784557737,0.019656495463701334,-0.012531028275802623,-0.012531028275802613,-0.012531028275802622,-0.012531028275802623
2021-08-16,-0.009371847289332491,-0.009325678662918342,-0.009630467995945503,-0.00963046799594549,-0.009630467995945495,-0.009630467995945496
2021-08-17,-0.012582745959853205,-0.01252426546217888,-0.006613271929582648,-0.006613271929582642,-0.006613271929582646,-0.0066132719295826465
2021-08-18,-0.0022862467825621718,-0.00229004025268578,-0.023089888465803357,-0.023089888465803333,-0.023089888465803347,-0.02308988846580335
2021-08-19,-0.03262760047806556,-0.03241341487471256,-0.013898757068094294,-0.013898757068094281,-0.013898757068094285,-0.013898757068094287
2021-08-20,-0.012518782861219104,-0.012464407949936458,-0.023273937917329568,-0.023273937917329537,-0.023273937917329554,-0.023273937917329554
2021-08-23,0.00850450238361478,0.008547738697109989,0.057700589029639156,0.05770058902963909,0.05770058902963912,0.05770058902963913
2021-08-24,0.011313054110453585,0.011306591353392735,0.03493946801666946,0.034939468016669424,0.034939468016669445,0.034939468016669445
2021-08-25,0.009140745704659278,0.00907931410383199,0.010180256755095795,0.010180256755095785,0.010180256755095788,0.01018025675509579
2021-08-26,-0.006533602769126069,-0.006525112535921249,-0.006800902516299387,-0.006800902516299382,-0.0068009025162993845,-0.006800902516299386
2021-08-27,0.012359386793197476,0.012286811798449263,0.018204714281918343,0.018204714281918322,0.018204714281918333,0.018204714281918336
2021-08-30,0.02305978156207855,0.022871336347910415,-0.008667125749062837,-0.008667125749062829,-0.008667125749062839,-0.00866712574906284
2021-08-31,0.013815685683963075,0.013706674997360615,0.012716674997360615,-0.0006787221683208255,-0.0006787221683208199,-0.0006787221683208231
2021-09-01,-0.026234517417325402,-0.025986025385822783,-0.025986025385822793,-0.015949750578568102,-0.01594975057856812,-0.015949750578568095
2021-09-02,0.013884689523923747,0.013792815832524527,0.013792815832524528,0.0026269645170004987,0.002626964517000504,0.0026269645170004965
2021-09-03,0.014854264858518814,0.014724024315104426,0.01472402431510443,0.0005901432604055142,0.0005901432604055209,0.0005901432604055152
2021-09-07,0.0017590508580476191,0.00175313505421912,0.0017531350542191162,-0.005391168897143761,-0.005391168897143762,-0.005391168897143757
2021-09-08,-0.0020031433669465103,-0.001971642359175381,-0.001971642359175384,-0.005278061111818899,-0.0052780611118189045,-0.005278061111818897
2021-09-09,0.047341905873684566,0.04687348264914516,0.046873482649145176,0.007910048099005723,0.007910048099005753,0.00791004809900573
2021-09-10,0.038966972200231494,0.038682000264099306,0.03868200026409931,0.01179704979508797,0.01179704979508799,0.011797049795087961
2021-09-13,0.0428906961926696,0.042519278730258236,0.04251927873025825,0.01978702686606346,0.01978702686606349,0.019787026866063456
2021-09-14,-0.048903226916761626,-0.0485102180442139,-0.04851021804421392,-0.023308863592014215,-0.02330886359201425,-0.023308863592014204
2021-09-15,-0.006508332606804058,-0.0064516616775261845,-0.006451661677526186,0.0011235012805001134,0.0011235012805001082,0.0011235012805001089
2021-09-16,-0.03007749730319975,-0.029845404763963992,-0.029845404763964,-0.005721787358849795,-0.005721787358849813,-0.005721787358849797
2021-09-17,-0.03375521303673145,-0.03344285236727819,-0.033442852367278196,-0.0054264836360755405,-0.00542648363607556,-0.005426483636075543
2021-09-24,-0.0258225900249247,-0.025563370305150098,-0.025563370305150098,0.008508130434730775,0.008508130434730763,0.008508130434730761
2021-09-27,-0.02228959683491049,-0.02206660045146671,-0.022066600451466717,0.0012867430143727087,0.0012867430143726963,0.0012867430143727024
2021-09-28,0.0051761592803769565,0.00510605704392118,0.005106057043921182,0.0005527582891429129,0.0005527582891429187,0.0005527582891429156
2021-09-29,-0.00405764065376635,-0.004058370330364157,-0.004058370330364161,-0.01102862231259641,-0.011028622312596416,-0.011028622312596405
2021-09-30,0.001313123981338869,0.0012916942383555518,0.004847657851130344,0.0048476578511303,-0.004068729371537393,-0.004068729371537384
2021-10-08,0.015692576504723107,0.015594788506238808,0.0012594287461942478,0.0012594287461942966,0.013319485888786061,0.013319485888786044
2021-10-11,0.05044902589788957,0.050055511503898,0.013418072014175952,0.013418072014175945,0.015967810383511076,0.015967810383511062
2021-10-12,-0.019324639113401317,-0.019200922910999917,-0.003736634980225099,-0.0037366349802251146,-0.009365348872017914,-0.009365348872017903
2021-10-15,0.012887026665006077,0.012842389006564252,0.010093748487832576,0.01009374848783259,0.018035416685224206,0.0180354166852242
2021-10-18,0.005545973107619291,0.005503334851324366,-0.008963862463042479,-0.008963862463042442,-0.0014574335733583167,-0.0014574335733583243
2021-10-19,0.021434752568715736,0.021288335598309237,0.011832636437633597,0.011832636437633557,0.006550494483638748,0.006550494483638753
2021-10-20,-0.033152982403854996,-0.03285856231086869,0.008566530903122609,0.008566530903122566,0.0013193508077297869,0.0013193508077297968
2021-10-21,0.008692369434792674,0.008580196856995357,-0.013165311754563687,-0.013165311754563695,-0.0185345676280977,-0.018534567628097694
2021-10-22,-0.019053873094355238,-0.018863415411205793,0.011914963199993507,0.011914963199993453,0.003319738323278932,0.003319738323278941
2021-10-25,0.002896488598248313,0.0028735655055030116,0.0025453912161123022,0.0025453912161122554,-0.0070203999344579755,-0.007020399934457963
2021-10-26,0.008376429773670587,0.008315983935376773,0.0012897447880857345,0.0012897447880858097,0.01752460602839719,0.017524606028397168
2021-10-27,-0.031248458690304234,-0.031040912768338123,-0.02195162856040726,-0.021951628560407128,-0.0003692242884214407,-0.00036922428842146144
2021-10-28,-0.024612347708028216,-0.0243985230543055,-0.0035596147378468717,-0.003559614737846898,-0.009495706232190584,-0.009495706232190574
2021-10-29,-0.0017325927994835686,-0.0017199640273311007,-0.004370608955604046,-0.004370608955604008,0.0024891881859452386,0.0024891881859452313
2021-11-01,0.0042867115610951655,0.00426977579842784,0.012115001148226657,0.012115001148226712,0.025874895225812534,0.025874895225812513
2021-11-02,-0.007673645808404572,-0.007624645340102658,-0.0054138980240813275,-0.005413898024081314,-0.0042412436944194495,-0.0042412436944194495
2021-11-04,0.0016383071756180768,0.0016379435787998806,-0.005214995516460314,-0.005214995516460242,0.009186989872181878,0.009186989872181861
2021-11-05,-0.002387031637921756,-0.002371229819215603,0.019559565844513325,0.019559565844513196,-0.006082101947616735,-0.006082101947616709
2021-11-08,0.027755821022809258,0.027519636973585917,0.013353306323330705,0.013353306323330616,-0.003453030222146868,-0.003453030222146851
2021-11-09,0.0027167488153290184,0.0027061628441371836,0.017293655387389497,0.017293655387389365,-0.007418051901153834,-0.007418051901153809
2021-11-10,0.004590330402604699,0.004504826652003263,-0.02981403653680098,-0.02981403653680083,-0.006079908503884356,-0.00607990850388438
2021-11-11,0.020152467730781158,0.020005542341016133,0.0005342504503333696,0.0005342504503333895,0.0058734909684501875,0.0058734909684501815
2021-11-12,-0.0007651743416239299,-0.0007418551221820517,-0.00741532526005168,-0.007415325260051588,0.01124561734258007,0.011245617342580049
2021-11-15,-0.01724901500996,-0.017071654858389667,0.0015747650978357112,0.0015747650978357231,0.005582778388409303,0.0055827783884092996
2021-11-16,-0.011232878679883209,-0.01112936595083057,0.003487712988655139,0.003487712988655124,0.0010324912687631129,0.0010324912687631174
2021-11-17,-0.002698263832460636,-0.002711890505592513,-0.02635250251534015,-0.026352502515340014,-0.004019125903579577,-0.0040191259035795976
2021-11-18,-0.004168498748722165,-0.0041592713412072595,0.010952457019204826,0.010952457019204758,-0.003022632507292266,-0.00302263250729225
2021-11-19,0.005904572455567089,0.005849801407577752,-0.03051360448496267,-0.030513604484962483,0.004928075281053152,0.004928075281053113
2021-11-22,0.0022919834199266447,0.0022744712315665256,0.011341285508434646,0.011341285508434584,0.0009452893840435673,0.0009452893840435773
2021-11-24,-0.011745341654270653,-0.011641583400122184,0.0007089325748321271,0.0007089325748320475,-0.015689579344994507,-0.015689579344994486
2021-11-26,-0.008781915314710183,-0.008914853917017417,-0.11288215593174619,-0.11288215593174566,-0.02531233287186393,-0.02531233287186402
2021-11-29,-0.013839010311095464,-0.013725751107288993,0.006901745215388928,0.006901745215388815,-0.016129371286454846,-0.01612937128645481
2021-11-30,-0.003851105482309833,-0.0039233625779046995,-0.004913362577904699,-0.004913362577904706,-0.0049133625779047025,-0.004913362577904696
2021-12-01,-0.0032174563124941456,-0.0032093785672476236,-0.003209378567247623,-0.003209378567247621,-0.0032093785672476223,-0.0032093785672476214
2021-12-02,-0.010564783243348197,-0.01044459491162797,-0.010444594911627974,-0.010444594911627966,-0.010444594911627964,-0.010444594911627969
2021-12-03,0.0064544982508802935,0.006411769556191061,0.006411769556191063,0.00641176955619106,0.006411769556191058,0.006411769556191059
2021-12-06,0.004907738655620436,0.004900233570542245,0.004900233570542245,0.004900233570542242,0.004900233570542243,0.004900233570542242
2021-12-07,0.004190505455714101,0.004253000881689354,0.004253000881689353,0.00425300088168936,0.004253000881689358,0.0042530008816893524
2021-12-08,0.006706869946990548,0.00668941482996061,0.006689414829960611,0.006689414829960608,0.0066894148299606075,0.006689414829960608
2021-12-09,0.0044232328614786124,0.004371996255703472,0.0043719962557034735,0.004371996255703467,0.004371996255703471,0.004371996255703472
2021-12-10,-0.011147319550342876,-0.011047750636427895,-0.0110477506364279,-0.011047750636427888,-0.01104775063642789,-0.011047750636427892
2021-12-13,-0.0003862783480721436,-0.0003937181887458806,-0.0003937181887458801,-0.0003937181887458798,-0.00039371818874588143,-0.0003937181887458796
2021-12-14,-0.005073029219154874,-0.005085299391035776,-0.005085299391035776,-0.005085299391035778,-0.005085299391035776,-0.005085299391035774
2021-12-15,-0.002958954590273069,-0.0029283233017462426,-0.0029283233017462443,-0.0029283233017462426,-0.002928323301746242,-0.002928323301746243
2021-12-16,0.0064002980909196915,0.006371570695906053,0.006371570695906055,0.006371570695906055,0.00637157069590605,0.006371570695906052
2021-12-17,0.013592441787081848,0.01340090589929827,0.013400905899298278,0.013400905899298257,0.013400905899298262,0.013400905899298269
2021-12-20,-0.01944372444315724,-0.019356478646414436,-0.01935647864641444,-0.01935647864641443,-0.01935647864641443,-0.01935647864641443
2021-12-21,-0.0003640557503874416,-0.00027050437954936906,-0.0002705043795493713,-0.00027050437954935996,-0.00027050437954936554,-0.00027050437954936933
2021-12-22,0.001471810223058203,0.0015074102554511724,0.001507410255451172,0.001507410255451175,0.0015074102554511741,0.0015074102554511713
2021-12-23,-0.0022232642141850585,-0.002156668704388787,-0.0021566687043887882,-0.002156668704388781,-0.0021566687043887835,-0.0021566687043887865
2021-12-28,0.007028031883592693,0.007002056544282513,0.007002056544282514,0.007002056544282513,0.00700205654428251,0.007002056544282512
2021-12-29,-0.008263412274169494,-0.008215143494199842,-0.008215143494199844,-0.008215143494199837,-0.008215143494199837,-0.008215143494199838
2021-12-30,-0.001870957497891013,-0.001853661384735587,-0.0018536613847355873,-0.0018536613847355869,-0.0018536613847355853,-0.0018536613847355864
2022-01-04,0.0030899597706068906,0.003085020894942807,0.0030850208949428073,0.003085020894942809,0.003085020894942805,0.0030850208949428064
2022-01-05,0.0067477688370076675,0.006646587421756026,0.006646587421756029,0.006646587421756021,0.00664658742175602,0.006646587421756025
2022-01-06,-0.006835330503015549,-0.006797146899045642,-0.006797146899045642,-0.006797146899045641,-0.006797146899045635,-0.0067971468990456405
2022-01-07,-0.008100870680025624,-0.008013559893660555,-0.008013559893660557,-0.008013559893660547,-0.008013559893660547,-0.008013559893660552
2022-01-11,0.008703530467585539,0.008653744905891356,0.00865374490589136,0.008653744905891353,0.008653744905891355,0.008653744905891355
2022-01-12,0.00661717373827432,0.006649790044163452,0.006649790044163453,0.0066497900441634585,0.006649790044163454,0.006649790044163452
2022-01-13,0.004836861264662316,0.0047539106763722395,0.004753910676372243,0.004753910676372236,0.004753910676372237,0.0047539106763722395
2022-01-14,-0.013408323037157558,-0.013280761753230268,-0.013280761753230272,-0.013280761753230256,-0.01328076175323026,-0.013280761753230263
2022-01-18,-0.0026381889251185803,-0.00260909807277534,-0.0026090980727753385,-0.0026090980727753363,-0.0026090980727753363,-0.0026090980727753376
2022-01-19,0.003895332937574598,0.0038079715208721664,0.003807971520872169,0.003807971520872157,0.0038079715208721642,0.0038079715208721647
2022-01-20,0.01188174446561098,0.011831312986150434,0.011831312986150437,0.011831312986150434,0.011831312986150432,0.011831312986150432
2022-01-21,0.005220122187442165,0.005146727668718877,0.005146727668718881,0.005146727668718874,0.005146727668718875,0.0051467276687188765
2022-01-24,-0.005542947579019634,-0.005514019004779954,-0.005514019004779956,-0.0055140190047799536,-0.005514019004779955,-0.005514019004779953
2022-01-25,0.030507876572217978,0.030163120397212438,0.03016312039721245,0.030163120397212414,0.03016312039721242,0.03016312039721243
2022-01-26,-0.015260370568673909,-0.015089034791130778,-0.015089034791130782,-0.015089034791130763,-0.015089034791130766,-0.015089034791130773
2022-01-27,-0.07023288285580877,-0.06968661859774104,-0.06968661859774106,-0.069686618597741,-0.06968661859774102,-0.06968661859774102
2022-01-28,0.0031964451233823525,0.00320406783550865,0.0032040678355086476,0.003204067835508651,0.003204067835508646,0.0032040678355086476
2022-02-07,0.013172321766699245,0.013066456802836844,0.013066456802836848,0.013066456802836836,0.013066456802836838,0.013066456802836841
2022-02-08,0.014449218341025857,0.014296923588557303,0.014296923588557307,0.014296923588557291,0.014296923588557291,0.014296923588557298
2022-02-09,0.015819476060033207,0.015734915425615253,0.015734915425615253,0.01573491542561525,0.01573491542561525,0.015734915425615253
2022-02-10,0.0008792577773009145,0.0008883681049743262,0.0008883681049743279,0.0008883681049743336,0.0008883681049743276,0.000888368104974328
2022-02-14,0.02903210944009093,0.028725197642700602,0.02872519764270061,0.028725197642700574,0.028725197642700585,0.02872519764270059
2022-02-15,0.014966540989386875,0.014811988016298218,0.01481198801629822,0.014811988016298199,0.014811988016298207,0.014811988016298211
2022-02-16,-0.028869509596058596,-0.028573334862539265,-0.02857333486253927,-0.028573334862539233,-0.028573334862539244,-0.028573334862539254
2022-02-17,0.04529710700394629,0.04487281361762798,0.044872813617627995,0.044872813617627946,0.04487281361762796,0.04487281361762797
2022-02-18,-0.011839156945557157,-0.011740100864387145,-0.011740100864387147,-0.011740100864387136,-0.01174010086438714,-0.01174010086438714
2022-02-22,0.03472265672443807,0.03432778034496094,0.03432778034496096,0.0343277803449609,0.034327780344960916,0.03432778034496093
2022-02-24,0.07150986031598981,0.07082853139907448,0.07082853139907448,0.07082853139907443,0.07082853139907444,0.07082853139907444
2022-02-25,-0.029519921500344326,-0.029222193394951457,-0.02922219339495146,-0.02922219339495143,-0.029222193394951444,-0.029222193394951447
2022-02-28,-0.005565283554833926,-0.005496339632090218,-0.0054963396320902086,-0.0054963396320902086,-0.0054963396320902086,-0.005496339632090211
2022-03-01,0.09712596820220126,0.09624977573168511,0.09624977573168493,0.09624977573168497,0.09624977573168494,0.09624977573168499
2022-03-02,0.06400371574547137,0.06341128562494698,0.06341128562494687,0.06341128562494688,0.06341128562494688,0.0634112856249469
2022-03-03,-0.03579535533438104,-0.03545686600857759,-0.03545686600857752,-0.03545686600857753,-0.035456866008577524,-0.03545686600857754
2022-03-04,0.06890619340818524,0.06821005923265332,0.06821005923265318,0.0682100592326532,0.06821005923265319,0.0682100592326532
2022-03-07,0.05353663701821294,0.05299501199110346,0.05299501199110333,0.05299501199110337,0.05299501199110335,0.052995011991103375
2022-03-08,0.04100667363512093,0.04057315014747842,0.04057315014747834,0.04057315014747835,0.04057315014747834,0.040573150147478365
2022-03-09,-0.1309955974356991,-0.12981562153250636,-0.12981562153250614,-0.12981562153250617,-0.12981562153250611,-0.12981562153250617
2022-03-10,-0.029597369122744754,-0.029301135693226985,-0.029301135693226923,-0.029301135693226937,-0.029301135693226926,-0.029301135693226937
2022-03-11,0.02692800879281909,0.026637125684187392,0.026637125684187343,0.026637125684187354,0.026637125684187347,0.02663712568418736
2022-03-14,-0.054584373885123286,-0.054198792781085754,-0.05419879278108565,-0.05419879278108568,-0.05419879278108566,-0.05419879278108568
2022-03-15,-0.06839622641509502,-0.06795406122571956,-0.06795406122571944,-0.06795406122571944,-0.06795406122571943,-0.06795406122571947
2022-03-16,-0.00718987341772148,-0.006950793008380893,-0.006950793008380864,-0.0069507930083808735,-0.006950793008380872,-0.00695079300838087
2022-03-17,0.0914932680538557,0.09083484287833157,0.09083484287833139,0.09083484287833143,0.09083484287833142,0.09083484287833143
2022-03-18,0.011120456032146599,0.011059396863091544,0.011059396863091521,0.011059396863091524,0.011059396863091524,0.011059396863091523
2022-03-22,-0.015635738831614943,-0.01541205050298993,-0.0154120505029899,-0.015412050502989907,-0.015412050502989903,-0.01541205050298991
2022-03-23,0.06056903473555581,0.06006420289923119,0.060064202899231076,0.060064202899231096,0.06006420289923108,0.06006420289923111
2022-03-24,-0.027320605661618987,-0.027019702247668063,-0.02701970224766802,-0.027019702247668028,-0.02701970224766802,-0.027019702247668035
2022-03-25,0.015059221658206492,0.014898549924766849,0.014898549924766816,0.014898549924766823,0.01489854992476682,0.014898549924766824
2022-03-28,-0.08859809968328056,-0.08780719802481148,-0.0878071980248113,-0.08780719802481134,-0.08780719802481131,-0.08780719802481135
2022-03-29,0.01893004115226344,0.018791025099103107,0.018791025099103076,0.01879102509910308,0.018791025099103072,0.018791025099103086
2022-03-30,-0.0037695207323641044,-0.0037053730283360016,-0.00370537302833599,-0.0037053730283359925,-0.0037053730283359908,-0.0037053730283359916
2022-03-31,-0.04819819819819813,-0.047825380215272106,-0.04782538021527222,-0.012032497332389314,-0.012032497332389295,-0.012032497332389295
2022-04-01,-0.008518693800284007,-0.008423871516858633,-0.008423871516858653,-0.0026868102490211184,-0.002686810249021112,-0.002686810249021112
2022-04-06,-0.05862196703093153,-0.05812590523429205,-0.0581259052342922,0.007750890876842348,0.007750890876842331,0.007750890876842332
2022-04-07,-0.002361042793900702,-0.0023794747602796816,-0.0023794747602796876,-0.004065887401769574,-0.0040658874017695705,-0.004065887401769568
2022-04-08,0.00976235085297324,0.009752896462721627,0.009752896462721653,0.005340515737785668,0.005340515737785661,0.005340515737785662
2022-04-11,-0.029785156250000076,-0.02959623402335568,-0.029596234023355754,-0.004395803490118066,-0.0043958034901180705,-0.004395803490118064
2022-04-12,0.05616507297433323,0.05567058983849722,0.05567058983849737,0.0014126419075795272,0.0014126419075795292,0.0014126419075795266
2022-04-13,0.03764414371485734,0.03734382121329084,0.03734382121329094,0.008406737828090106,0.00840673782809009,0.008406737828090092
2022-04-14,0.025532696546656884,0.025324057211776697,0.025324057211776767,0.002711559770559488,0.002711559770559486,0.002711559770559482
2022-04-19,-0.04643743353420778,-0.046026600536302885,-0.046026600536303,0.0036543238311021915,0.0036543238311021807,0.0036543238311021863
2022-04-20,-0.0034386617100371016,-0.003477098454909532,-0.003477098454909541,-0.007460883063465429,-0.00746088306346542,-0.00746088306346542
2022-04-21,0.014921197426093368,0.01471249557876665,0.014712495578766688,-5.948987306584867e-05,-5.9489873065853824e-05,-5.9489873065854623e-05
2022-04-22,-0.024166130662501038,-0.023977733918388484,-0.023977733918388547,0.006991579690978337,0.0069915796909783235,0.006991579690978319
2022-04-25,-0.03361581920903974,-0.033509835218256075,-0.03350983521825617,-0.018047798518064585,-0.01804779851806457,-0.01804779851806456
2022-04-26,0.02952353113124821,0.02919130312898603,0.0291913031289861,-0.0016498083303741824,-0.0016498083303741816,-0.0016498083303741866
2022-04-27,-0.0048268029528676015,-0.004736774519950593,-0.0047367745199506,0.0005802428619143075,0.0005802428619143115,0.0005802428619143103
2022-04-28,0.01873514027579643,0.018606925585364666,0.018606925585364715,0.0003282315750606391,0.00032823157506064375,0.00032823157506064343
2022-05-06,0.019448946515397025,0.019171690354210392,0.019171690354210444,-0.009407091020357042,-0.009407091020357037,-0.00940709102035703
2022-05-10,-0.03467933491686469,-0.03438802651659094,-0.03438802651659103,0.001319515051105108,0.0013195150511051048,0.0013195150511051059
2022-05-11,0.05816929133858268,0.05765725469885154,0.05765725469885169,-0.0022646017013800857,-0.0022646017013800775,-0.002264601701380082
2022-05-12,0.0038135987350014066,0.0037149341063890855,0.0037149341063891,-0.011208867303850933,-0.011208867303850917,-0.011208867303850914
2022-05-13,0.030578206078576628,0.030398480444643317,0.030398480444643394,0.0012396672255025735,0.0012396672255025787,0.0012396672255025783
2022-05-16,0.025265240064736596,0.02502701760976884,0.0250270176097689,0.001126789496241314,0.0011267894962413115,0.0011267894962413108
2022-05-17,-0.010523546435148612,-0.010342045231457021,-0.010342045231457053,0.007159599072673442,0.0071595990726734384,0.007159599072673435
2022-05-18,-0.031729150048745866,-0.03149163493541526,-0.03149163493541534,-0.006285376052848399,-0.006285376052848389,-0.006285376052848395
2022-05-19,0.02059496567505724,0.02036839552484806,0.020368395524848114,0.0026160489766843924,0.0026160489766843837,0.002616048976684386
2022-05-20,0.012645739910313945,0.01262099299503839,0.01262099299503842,0.005222638765667368,0.005222638765667367,0.005222638765667363
2022-05-23,0.0049597024178549606,0.004955460551886109,0.004955460551886123,0.0021107237256646288,0.002110723725664623,0.0021107237256646288
2022-05-24,0.0032607737728033858,0.0031423117206006808,0.0031423117206006877,-0.003933182558749497,-0.0039331825587494975,-0.003933182558749495
2022-05-25,0.005797610681658441,0.00579570285795973,0.0057957028579597464,0.0006078308580099144,0.0006078308580099157,0.0006078308580099173
2022-05-26,0.02716157205240163,0.02692533832958357,0.02692533832958364,-0.00520344267852303,-0.00520344267852302,-0.005203442678523016
2022-05-27,0.010118187228977053,0.010103085020684594,0.010103085020684615,0.010065080083988936,0.010065080083988927,0.010065080083988924
2022-05-31,-0.012149532710280367,-0.012030161854296026,-0.012030161854296022,-0.01302016185429601,-0.013020161854296037,-0.013020161854296025
2022-06-01,-0.003182248215360745,-0.003189529881319822,-0.00318952988131982,-0.003189529881319818,-0.0031895298813198235,-0.003189529881319822
2022-06-02,0.02062122519413285,0.02045632570255835,0.020456325702558342,0.02045632570255832,0.02045632570255836,0.02045632570255835
2022-06-06,-0.009002312520647463,-0.008856473961193288,-0.008856473961193285,-0.008856473961193273,-0.008856473961193292,-0.008856473961193285
2022-06-07,0.008417368114009588,0.008339805746116105,0.008339805746116102,0.008339805746116096,0.00833980574611611,0.008339805746116105
2022-06-08,0.02429752066115707,0.0241174410551561,0.024117441055156088,0.02411744105515607,0.024117441055156112,0.024117441055156102
2022-06-09,-0.008149104405357302,-0.008099395914148001,-0.008099395914147997,-0.008099395914147994,-0.008099395914148004,-0.008099395914148001
2022-06-10,-0.008134710811030656,-0.008097750266437687,-0.008097750266437683,-0.008097750266437682,-0.00809775026643769,-0.008097750266437687
2022-06-13,0.003526613630771657,0.003403405885048189,0.003403405885048187,0.0034034058850481736,0.0034034058850481905,0.0034034058850481875
2022-06-14,-0.010379208891794662,-0.01032401101782016,-0.010324011017820154,-0.010324011017820149,-0.010324011017820165,-0.010324011017820158
2022-06-15,-0.017425055743661638,-0.017232565602757,-0.01723256560275699,-0.01723256560275697,-0.017232565602757006,-0.017232565602756995
2022-06-16,0.000420238695579141,0.00035328100524714614,0.0003532810052471459,0.00035328100524714185,0.00035328100524714635,0.0003532810052471449
2022-06-17,-0.045534739141392784,-0.045094563527389275,-0.045094563527389254,-0.04509456352738922,-0.045094563527389296,-0.04509456352738927
2022-06-21,0.005953944488223489,0.005938221730326104,0.005938221730326101,0.005938221730326102,0.005938221730326107,0.005938221730326103
2022-06-22,-0.042301331708590795,-0.041983076264677774,-0.04198307626467776,-0.04198307626467772,-0.0419830762646778,-0.041983076264677774
2022-06-23,-0.0018176860856130113,-0.0017585052917625486,-0.0017585052917625478,-0.0017585052917625445,-0.0017585052917625495,-0.0017585052917625473
2022-06-24,0.030592734225621317,0.030341539456701778,0.030341539456701764,0.03034153945670174,0.030341539456701795,0.03034153945670177
2022-06-27,0.020849898400918908,0.0207320849410072,0.02073208494100719,0.020732084941007176,0.02073208494100721,0.0207320849410072
2022-06-28,0.022501081782777956,0.022315108455243222,0.02231510845524321,0.02231510845524319,0.022315108455243232,0.02231510845524322
2022-06-29,-0.04951333051206092,-0.04915608825283845,-0.04915608825283843,-0.04915608825283838,-0.04915608825283848,-0.04915608825283845
2022-06-30,-0.02760463045414064,-0.027363272999386103,-0.02736327299938608,-0.027363272999386106,-0.027363272999386103,-0.027363272999386127
2022-07-05,-0.07932882368444172,-0.07862688268711457,-0.07862688268711449,-0.07862688268711458,-0.07862688268711458,-0.07862688268711464
2022-07-06,-0.047709923664122196,-0.047382727582632796,-0.04738272758263275,-0.04738272758263279,-0.04738272758263279,-0.04738272758263282
2022-07-07,0.043086172344689366,0.042758032100103614,0.04275803210010357,0.04275803210010362,0.04275803210010362,0.04275803210010365
2022-07-08,0.029298751200768528,0.029033521356487003,0.02903352135648697,0.029033521356487006,0.029033521356487003,0.029033521356487024
2022-07-11,-0.006906206252916617,-0.006905829857523718,-0.006905829857523709,-0.006905829857523716,-0.006905829857523717,-0.00690582985752372
2022-07-12,-0.0675688375152711,-0.06703136631653873,-0.06703136631653867,-0.06703136631653873,-0.06703136631653873,-0.06703136631653879
2022-07-13,0.006349526305180263,0.006278157144418343,0.006278157144418338,0.006278157144418345,0.006278157144418346,0.00627815714441835
2022-07-14,-0.0014021031547321052,-0.0013967335164339356,-0.0013967335164339328,-0.001396733516433935,-0.0013967335164339345,-0.0013967335164339354
2022-07-15,0.014241299769331075,0.014136673449306981,0.014136673449306974,0.014136673449306981,0.01413667344930698,0.01413667344930699
2022-07-19,0.014949380263033381,0.014829020752838358,0.014829020752838349,0.014829020752838361,0.014829020752838361,0.014829020752838372
2022-07-20,-0.006152698797426964,-0.006029622017328596,-0.006029622017328583,-0.006029622017328599,-0.006029622017328599,-0.006029622017328603
2022-07-21,-0.025513554075602636,-0.025302502712003884,-0.025302502712003856,-0.025302502712003884,-0.025302502712003884,-0.0253025027120039
2022-07-22,-0.002695158340552561,-0.0026596653920910314,-0.002659665392091029,-0.002659665392091033,-0.0026596653920910335,-0.0026596653920910353
2022-07-25,0.012354019882250709,0.012256173307482054,0.01225617330748204,0.012256173307482054,0.012256173307482054,0.012256173307482063
2022-07-26,-0.0018114214891791138,-0.0017372793045737633,-0.001737279304573764,-0.0017372793045737668,-0.0017372793045737666,-0.0017372793045737698
2022-07-27,0.02655205348615097,0.02633412275039027,0.026334122750390244,0.026334122750390272,0.026334122750390272,0.02633412275039029
2022-07-28,-0.04726460736881277,-0.04678945363153261,-0.04678945363153255,-0.04678945363153261,-0.04678945363153261,-0.04678945363153265
2022-07-29,0.01562499999999999,0.015487779879222258,0.015487779879222244,0.015487779879222261,0.01548777987922226,0.015487779879222272
2022-08-01,-0.03913461538461527,-0.03876980160068066,-0.03876980160068061,-0.038769801600680664,-0.038769801600680664,-0.038769801600680685
2022-08-02,-0.00010007004903435262,-0.00017438363416107339,-0.00017438363416107845,-0.00017438363416107092,-0.00017438363416107068,-0.00017438363416106997
2022-08-03,-0.028222578062449984,-0.027971627485576595,-0.02797162748557656,-0.0279716274855766,-0.0279716274855766,-0.027971627485576616
2022-08-04,-0.036045314109165776,-0.03569774110271785,-0.03569774110271781,-0.03569774110271786,-0.03569774110271786,-0.03569774110271788
2022-08-08,0.031196581196581304,0.030916243574619535,0.030916243574619508,0.03091624357461954,0.03091624357461954,0.03091624357461956
2022-08-09,0.00010360547036891559,8.916641773772036e-05,8.916641773771739e-05,8.916641773772029e-05,8.916641773772017e-05,8.916641773772024e-05
2022-08-10,0.005490521081529024,0.005471225145941568,0.005471225145941565,0.00547122514594157,0.005471225145941573,0.0054712251459415745
2022-08-12,-0.012777945467350778,-0.012580076574322547,-0.012580076574322524,-0.012580076574322549,-0.012580076574322549,-0.012580076574322557
2022-08-15,-0.04739094985731762,-0.04698754094522554,-0.04698754094522549,-0.046987540945225545,-0.046987540945225545,-0.04698754094522557
2022-08-16,-0.007596020113405327,-0.007538876074282776,-0.0075388760742827665,-0.007538876074282776,-0.007538876074282776,-0.007538876074282782
2022-08-17,0.0031263475636049715,0.0031095283753923173,0.003109528375392317,0.0031095283753923173,0.003109528375392318,0.003109528375392319
2022-08-18,0.03793659322944664,0.03753797663135451,0.037537976631354476,0.03753797663135452,0.03753797663135452,0.03753797663135455
2022-08-19,-0.005073514185131468,-0.005049944904182444,-0.005049944904182442,-0.005049944904182446,-0.0050499449041824475,-0.00504994490418245
2022-08-22,0.006244146113018929,0.006187424656728389,0.00618742465672838,0.00618742465672839,0.006187424656728392,0.006187424656728393
2022-08-23,0.035784465818595505,0.035434548867368014,0.03543454886736797,0.035434548867368014,0.035434548867368014,0.03543454886736804
2022-08-24,0.015776335496754827,0.015597715219792904,0.015597715219792885,0.015597715219792904,0.015597715219792904,0.015597715219792915
2022-08-25,-0.018676889806350166,-0.018421210590886566,-0.018421210590886545,-0.01842121059088657,-0.01842121059088657,-0.018421210590886583
2022-08-26,0.007713112290894444,0.007637014216531735,0.007637014216531722,0.007637014216531735,0.0076370142165317345,0.00763701421653174
2022-08-29,0.04483101391650112,0.044356331019760636,0.04435633101976059,0.04435633101976064,0.04435633101976064,0.04435633101976067
2022-08-30,-0.06317191513652365,-0.06261536617147488,-0.06261536617147481,-0.0626153661714749,-0.0626153661714749,-0.06261536617147494
2022-08-31,-0.035645374225652504,-0.03536286500076786,-0.004717336290125219,-0.004717336290125219,-0.0047173362901252154,-0.00471733629012521
2022-09-01,-0.029380791912384074,-0.029181100979863112,-0.015250265476912987,-0.015250265476912994,-0.015250265476912985,-0.015250265476912972
2022-09-02,0.01204296408809813,0.011887492725849404,-0.00041548787986881575,-0.0004154878798688172,-0.00041548787986881694,-0.0004154878798688179
2022-09-06,-0.02499212433056819,-0.02472284940569459,0.0002666779558783672,0.0002666779558783702,0.00026667795587837,0.00026667795587837097
2022-09-07,-0.055358104469574565,-0.0548742636399484,-0.007100954074511598,-0.007100954074511598,-0.007100954074511594,-0.007100954074511587
2022-09-08,0.010261087675293545,0.010226870699732582,0.022985759004745324,0.02298575900474534,0.022985759004745327,0.022985759004745303
2022-09-09,0.041530301320392704,0.041258024677673116,0.005415565963889684,0.005415565963889683,0.00541556596388968,0.005415565963889677
2022-09-13,-0.00838107362614049,-0.008315784473325753,0.0024968775934183815,0.0024968775934183854,0.002496877593418384,0.002496877593418381
2022-09-14,0.012517385257301727,0.012312721513058789,-0.027619594376682953,-0.027619594376682977,-0.02761959437668296,-0.02761959437668293
2022-09-15,-0.04184277261200331,-0.04150380598869298,0.0019593567824769268,0.001959356782476933,0.0019593567824769324,0.0019593567824769294
2022-09-16,0.009814733127481153,0.009615116033158332,-0.011049180528364207,-0.011049180528364214,-0.011049180528364207,-0.011049180528364197
2022-09-20,-0.00937534067371637,-0.009256585877417456,0.004362052244458304,0.004362052244458309,0.004362052244458306,0.0043620522444583025
2022-09-21,-0.009574116870254223,-0.009517596109855675,-0.013457721716793235,-0.013457721716793242,-0.013457721716793235,-0.01345772171679322
2022-09-22,0.003666666666666706,0.0035950638227419266,-0.005808972327636882,-0.005808972327636886,-0.005808972327636883,-0.005808972327636878
2022-09-26,-0.03127524523946923,-0.031117494340503492,-0.026488568494077984,-0.026488568494077994,-0.02648856849407798,-0.02648856849407795
2022-09-27,0.020848224922563663,0.02068559152359156,0.005301567867867133,0.005301567867867135,0.0053015678678671315,0.005301567867867126
2022-09-28,0.041778503909440934,0.04132419504388289,-0.014860888841043874,-0.014860888841043892,-0.014860888841043883,-0.014860888841043867
2022-09-29,-0.020275568500056074,-0.020076984459953363,0.009378784252523508,0.00937878425252352,0.009378784252523515,0.009378784252523507
2022-09-30,-0.021609878801737935,-0.021435403702306725,0.008263947048012778,0.00826394704801281,0.010513565815786953,0.010513565815786977
2022-10-11,-0.023524513375663525,-0.023343585463156874,-0.0010263280036471945,-0.0010263280036471758,0.02092226394809845,0.020922263948098478
2022-10-12,-0.014923782112781222,-0.014763222268580447,0.02096082698937581,0.020960826989375837,0.0007835529123085097,0.0007835529123085164
2022-10-13,0.024672654474624082,0.024426967460026816,-0.012505798659478679,-0.012505798659478701,-0.004011431241480034,-0.00401143124148005
2022-10-14,-0.03442813391065568,-0.03402728224050539,0.017139936287737922,0.017139936287737943,0.027173490036788,0.027173490036788043
2022-10-17,0.006015531007327994,0.005950307300510634,-0.001990503300049962,-0.0019905033000499786,-0.027756439511917703,-0.027756439511917738
2022-10-18,-0.014568384431398183,-0.014414414738997615,-0.0004026388690078084,-0.00040263886900782433,-0.017836541738120326,-0.017836541738120344
2022-10-19,0.021293027360988363,0.02101227117061938,-0.03577218679919979,-0.03577218679919983,-0.008442925677333736,-0.008442925677333749
2022-10-20,0.001188289942746219,0.0011395659247784757,-0.002944714484213899,-0.002944714484213895,0.002353693330912327,0.002353693330912333
2022-10-21,0.007984462667242072,0.007927239356509467,-0.01002954075358554,-0.010029540753585553,0.008766799893103881,0.008766799893103878
2022-10-24,0.00032113037893388507,0.0002947355839677488,0.037238387690968704,0.037238387690968766,0.015578535706531045,0.015578535706531069
2022-10-25,-0.004173354735152452,-0.004137958602344256,-0.028190778188157625,-0.028190778188157673,0.0029414764077415785,0.00294147640774157
2022-10-26,0.03202235117128738,0.03176776319406854,0.020273899378751663,0.02027389937875168,-0.004265614465505979,-0.00426561446550598
2022-10-27,0.006976259891711576,0.006945177532915653,0.026655096110490755,0.026655096110490804,0.009671448601703101,0.009671448601703117
2022-10-28,-0.005583703856891665,-0.00557595008279202,0.012025222860937443,0.012025222860937464,-0.008664806920048947,-0.008664806920048956
2022-10-31,-0.034522200270354686,-0.03424791960749797,-0.022104165641381283,-0.022104165641381318,-0.023094165641381274,-0.02309416564138129
2022-11-01,0.020678513731825502,0.02061003170402402,0.014436316435365307,0.014436316435365332,0.014436316435365307,0.014436316435365316
2022-11-02,0.007913896802785649,0.007865303170126294,0.01065604101207951,0.010656041012079532,0.0106560410120795,0.010656041012079516
2022-11-04,0.04399323181049076,0.04370107573761302,0.005438983889723051,0.005438983889723045,0.005438983889723052,0.00543898388972304
2022-11-07,-0.008002431118314333,-0.00783081111214702,0.024306153805433547,0.0243061538054336,0.024306153805433547,0.02430615380543357
2022-11-08,-0.029408761360155355,-0.029127250543969065,0.009857744543150642,0.009857744543150677,0.009857744543150648,0.009857744543150665
2022-11-09,-0.02714360862703835,-0.026908493600059005,0.029740081717901917,0.029740081717901996,0.02974008171790191,0.029740081717901955
2022-11-10,0.009408456796798912,0.009348256491207426,-0.0038163568846771643,-0.003816356884677177,-0.0038163568846771483,-0.00381635688467717
2022-11-11,0.025926719520034343,0.02588723705380922,0.04337829017707432,0.043378290177074404,0.04337829017707431,0.04337829017707435
2022-11-14,-0.034043441938178876,-0.033791165352246924,-0.029844577550267523,-0.02984457755026757,-0.029844577550267513,-0.029844577550267544
2022-11-15,0.013729729729729637,0.013673765600001081,-0.0014257952553382764,-0.0014257952553382856,-0.001425795255338272,-0.0014257952553382832
2022-11-16,-0.012370694251892855,-0.012277020983947017,0.014746579831561857,0.014746579831561892,0.014746579831561848,0.01474657983156187
2022-11-17,-0.027966742252456545,-0.027767733576491625,-0.02373263395118736,-0.023732633951187403,-0.02373263395118735,-0.02373263395118737
2022-11-18,-0.025327704954454577,-0.02512747090411539,-0.00945021361494967,-0.00945021361494968,-0.009450213614949663,-0.00945021361494967
2022-11-21,0.0009117848187827336,0.0008708011862367428,0.004888060413706226,0.004888060413706236,0.00488806041370622,0.0048880604137062295
2022-11-22,0.006035071737645169,0.005974400749741413,-0.0045825989968122875,-0.0045825989968123,-0.004582598996812286,-0.004582598996812294
2022-11-25,-0.014215225563909861,-0.014067236311612484,0.022850148326557924,0.02285014832655798,0.02285014832655792,0.02285014832655795
2022-11-28,-0.016565367655821728,-0.016490118792262396,-0.01135440290871684,-0.011354402908716858,-0.011354402908716841,-0.011354402908716844
2022-11-29,0.029810954920019398,0.029619024012833384,-0.009985722258858647,-0.009985722258858682,-0.009985722258858644,-0.009985722258858666
2022-11-30,0.019534008001882656,0.01939300064814469,0.01840300064814091,-0.007303201730074437,-0.007303201730074424,-0.007303201730074445
2022-12-01,0.005309325946444956,0.005332421701047555,0.00533242170105231,0.018539505906792125,0.018539505906792122,0.01853950590679212
2022-12-02,-0.013777267508610637,-0.013706272246312528,-0.013706272246313793,0.005625460444679179,0.00562546044467917,0.005625460444679159
2022-12-05,-0.03329452852153669,-0.032948860774332775,-0.032948860774298,0.0004595405754230853,0.0004595405754230998,0.0004595405754230935
2022-12-06,-0.04034200385356468,-0.04001308167338986,-0.040013081673372766,-0.008113595602721806,-0.0081135956027218,-0.008113595602721778
2022-12-07,-0.028610867110051452,-0.028407128153581554,-0.028407128153581002,-0.0042849167128113305,-0.004284916712811339,-0.0042849167128113244
2022-12-08,-0.012272316238212122,-0.012112685153736643,-0.01211268515371793,0.011643180760095843,0.011643180760095843,0.011643180760095824
2022-12-09,0.001961810096782645,0.0019904130061027007,0.0019904130061120014,0.011222035908707795,0.011222035908707795,0.011222035908707798
2022-12-12,0.0198407518600705,0.019576762961559264,0.019576762961533264,-0.015092367094196125,-0.015092367094196127,-0.015092367094196119
2022-12-13,0.030334058620248294,0.030099758063271666,0.0300997580632629,0.0012657762032966514,0.0012657762032966563,0.0012657762032966457
2022-12-14,0.029813664596273437,0.029563133904836014,0.029563133904823756,0.006024062338467358,0.006024062338467356,0.006024062338467354
2022-12-15,-0.016646562123039943,-0.016577350962819558,-0.016577350962822646,-0.003958640599623851,-0.003958640599623857,-0.003958640599623841
2022-12-16,-0.028336604514229702,-0.028131605985070997,-0.02813160598505819,-0.01707535546779079,-0.017075355467790782,-0.01707535546779079
2022-12-19,0.01199343517232676,0.011829033349544132,0.011829033349532104,-0.0023199808023495077,-0.002319980802349512,-0.0023199808023495207
2022-12-20,-0.004615768463073766,-0.00463269945490537,-0.004632699454911847,-0.0008233405578937329,-0.0008233405578937408,-0.0008233405578937631
2022-12-21,0.031457576137360554,0.031205184326061314,0.031205184326047297,0.010713890067504494,0.010713890067504487,0.01071389006750446
2022-12-22,-0.008748481166464095,-0.008662081818202862,-0.008662081818189822,0.0009021992081294753,0.0009021992081294799,0.0009021992081294821
2022-12-23,0.029296396175533257,0.02900224136033786,0.02900224136031829,-0.005566368610960516,-0.0055663686109605134,-0.005566368610960533
2022-12-28,-0.01643026004728132,-0.016277009989129405,-0.01627700998911472,0.0010334086483346034,0.0010334086483346052,0.001033408648334601
2022-12-29,-0.011296719144333611,-0.011198323119240926,-0.01119832311923933,0.0001344803241642921,0.0001344803241642883,0.00013448032416428024
2022-12-30,0.04521696851829349,0.044825717203360704,0.044825717203341116,-0.00113131405485897,-0.001131314054858964,-0.0011313140548589813
2023-01-04,-0.05287412078583553,-0.052381913916537126,-0.05238191391649854,-0.018814986538863473,-0.01881498653886346,-0.01881498653886347
2023-01-05,0.009987195902688928,0.009908900944121607,0.009908900944120962,-0.004419258266361758,-0.004419258266361747,-0.004419258266361751
2023-01-06,-0.003549695740365121,-0.003483086337157881,-0.0034830863371578206,0.01418275943150897,0.014182759431508962,0.014182759431508965
2023-01-10,-0.002255639097744289,-0.002219392205863689,-0.0022193922058629974,0.0069011678148776555,0.006901167814877652,0.006901167814877661
2023-01-11,0.0413212760612911,0.04098942696738864,0.040989426967369964,0.019708879437212067,0.019708879437212057,0.019708879437212046
2023-01-12,0.01097575684477148,0.010886818673179942,0.010886818673174332,0.007165149293763389,0.007165149293763385,0.007165149293763379
2023-01-13,0.019327129563350143,0.019172965672692433,0.019172965672687142,3.910740497580323e-05,3.9107404975811366e-05,3.910740497577908e-05
2023-01-17,0.030670470756062773,0.03038074648060761,0.030380746480588253,-0.0011415918323766185,-0.0011415918323766194,-0.0011415918323766073
2023-01-18,-0.023760092272202993,-0.023499762834661386,-0.023499762834645162,0.027716050131691185,0.027716050131691164,0.0277160501316912
2023-01-19,0.020557655954631215,0.02034304214306584,0.020343042143052752,-0.007907598300601504,-0.0079075983006015,-0.007907598300601525
2023-01-20,0.014818244964112106,0.01479079879776814,0.014790798797776316,0.009646802634008049,0.009646802634008054,0.009646802634008037
2023-01-30,-0.009030913511635985,-0.00900257423021102,-0.009002574230217103,-0.014144473409879111,-0.014144473409879108,-0.014144473409879088
2023-01-31,-0.013085640845893254,-0.012974108458250849,-0.012974108458251445,-0.013964108458250843,-0.013964108458250848,-0.013964108458250845
2023-02-01,-0.016692316798863516,-0.016477205407965677,-0.016477205407965673,-0.01647720540796566,-0.01647720540796567,-0.01647720540796566
2023-02-02,-0.011557909944618472,-0.011434024623552976,-0.01143402462355298,-0.011434024623552969,-0.011434024623552976,-0.01143402462355297
2023-02-03,-0.027771010962241216,-0.027574292365936948,-0.02757429236593694,-0.02757429236593692,-0.02757429236593693,-0.027574292365936927
2023-02-06,0.019794537709847404,0.019538382940201528,0.019538382940201524,0.019538382940201503,0.019538382940201524,0.019538382940201507
2023-02-07,0.03304668304668312,0.0327863677183626,0.032786367718362595,0.03278636771836257,0.03278636771836259,0.032786367718362575
2023-02-08,0.011059579022475896,0.010932646348166585,0.010932646348166587,0.01093264634816658,0.010932646348166583,0.010932646348166578
2023-02-09,-0.01105622206539636,-0.010935526134332275,-0.010935526134332267,-0.01093552613433226,-0.010935526134332267,-0.010935526134332263
2023-02-10,0.02901998097050429,0.028720113989441843,0.028720113989441833,0.02872011398944181,0.028720113989441826,0.028720113989441815
2023-02-13,-0.008552935737401679,-0.008462619215733687,-0.008462619215733689,-0.008462619215733682,-0.008462619215733685,-0.00846261921573368
2023-02-14,-0.0061785964094194235,-0.006101183906447811,-0.006101183906447811,-0.006101183906447806,-0.00610118390644781,-0.006101183906447806
2023-02-15,0.0003519061583578953,0.00031871586704050885,0.0003187158670405063,0.0003187158670405057,0.00031871586704050744,0.0003187158670405056
2023-02-16,-0.005393996247654909,-0.005373984544836229,-0.0053739845448362205,-0.005373984544836218,-0.005373984544836221,-0.005373984544836223
2023-02-17,-0.01968875265267611,-0.019543247195717605,-0.019543247195717598,-0.019543247195717584,-0.019543247195717598,-0.01954324719571759
2023-02-21,-0.012886290418804403,-0.012790984691629271,-0.01279098469162926,-0.012790984691629252,-0.012790984691629256,-0.012790984691629252
2023-02-22,-0.02731778073250335,-0.027099271954365126,-0.027099271954365123,-0.027099271954365102,-0.027099271954365116,-0.027099271954365105
2023-02-24,0.009705204415867863,0.009575014320886359,0.009575014320886359,0.009575014320886348,0.009575014320886355,0.00957501432088635
2023-02-27,-0.009491769794545357,-0.00943531545703643,-0.00943531545703643,-0.00943531545703642,-0.009435315457036427,-0.009435315457036426
2023-02-28,0.017345948568655987,0.01719935308223302,0.01719935308223295,0.01719935308223298,0.01719935308223301,0.017199353082232978
2023-03-01,0.0066770001192322775,0.0066937117346855726,0.006693711734685616,0.006693711734685559,0.006693711734685568,0.006693711734685558
2023-03-02,-0.0009475304986380664,-0.0009562684207052178,-0.0009562684207052323,-0.0009562684207052164,-0.000956268420705218,-0.0009562684207052168
2023-03-03,0.019561351511559123,0.019436587232105486,0.019436587232105413,0.019436587232105437,0.01943658723210547,0.01943658723210543
2023-03-06,0.0029069767441860573,0.002905659448290105,0.002905659448290088,0.0029056594482901,0.0029056594482901018,0.0029056594482900957
2023-03-07,-0.036753623188405755,-0.03644130512918517,-0.036441305129185,-0.036441305129185086,-0.03644130512918514,-0.03644130512918507
2023-03-08,-0.0067404910929225546,-0.006739081264839313,-0.006739081264839325,-0.006739081264839301,-0.0067390812648393085,-0.006739081264839297
2023-03-09,-0.011633543383422141,-0.011545893434738256,-0.011545893434738198,-0.011545893434738228,-0.011545893434738245,-0.011545893434738223
2023-03-10,0.013241785188817976,0.013067418717098964,0.013067418717098859,0.013067418717098937,0.013067418717098957,0.013067418717098931
2023-03-13,-0.023233301064859588,-0.02295372454127109,-0.022953724541270957,-0.02295372454127103,-0.022953724541271075,-0.02295372454127103
2023-03-14,-0.03828047571853319,-0.037966400110776156,-0.03796640011077604,-0.03796640011077606,-0.03796640011077613,-0.037966400110776066
2023-03-15,-0.04250933917300009,-0.04211721871606733,-0.04211721871606713,-0.04211721871606723,-0.042117218716067294,-0.04211721871606722
2023-03-16,0.004574196152293772,0.0044855451511926474,0.004485545151192553,0.004485545151192637,0.004485545151192642,0.004485545151192628
2023-03-17,-0.027721976697468943,-0.027431593499660362,-0.0274315934996602,-0.0274315934996603,-0.027431593499660345,-0.02743159349966029
2023-03-20,0.01570247933884292,0.015586865117559868,0.015586865117559757,0.015586865117559837,0.015586865117559858,0.015586865117559825
2023-03-22,0.008791794325296655,0.00873824138000013,0.008738241380000135,0.00873824138000011,0.008738241380000126,0.008738241380000112
2023-03-23,-0.0025089132444208895,-0.002427387202439496,-0.0024273872024394515,-0.002427387202439488,-0.002427387202439495,-0.002427387202439489
2023-03-24,-0.007148530579825332,-0.007088303421631128,-0.007088303421631075,-0.0070883034216311135,-0.007088303421631125,-0.007088303421631108
2023-03-27,0.04213333333333329,0.041722266935341874,0.04172226693534166,0.041722266935341784,0.04172226693534185,0.04172226693534176
2023-03-28,0.009211873080859684,0.009122747270103317,0.009122747270103293,0.009122747270103294,0.00912274727010331,0.009122747270103293
2023-03-29,-0.007606490872210848,-0.007494479985360648,-0.007494479985360588,-0.007494479985360631,-0.007494479985360645,-0.007494479985360629
2023-03-30,0.012519161982626583,0.01241980441441491,0.01241980441441487,0.01241980441441488,0.012419804414414903,0.012419804414414879
2023-03-31,0.006056018168054486,0.0035061218651362695,0.003506121865136271,0.0035061218651362626,0.0035061218651362682,0.003506121865136266
2023-04-03,0.06408327062954595,0.000507899104129299,0.0005078991041293011,0.000507899104129303,0.0005078991041293048,0.000507899104129301
2023-04-04,0.004832056570418544,-0.006483083315513016,-0.006483083315512981,-0.006483083315513006,-0.006483083315512978,-0.006483083315512989
2023-04-06,0.0014144271570013904,0.002799136385026058,0.002799136385026055,0.0027991363850260464,0.0027991363850260456,0.0027991363850260543
2023-04-11,0.013752222880853811,0.0075769647756423215,0.007576964775642309,0.007576964775642303,0.007576964775642305,0.007576964775642303
2023-04-12,0.020114606478774485,-0.008452270648322949,-0.008452270648322917,-0.00845227064832293,-0.008452270648322909,-0.00845227064832292
2023-04-13,-0.010776109136764859,0.0016793504948077517,0.0016793504948077397,0.0016793504948077488,0.0016793504948077404,0.001679350494807744
2023-04-14,0.003013095376057469,0.004648573913480194,0.00464857391348019,0.004648573913480183,0.00464857391348019,0.004648573913480183
2023-04-17,-0.019641825534373183,0.01663851403486926,0.016638514034869212,0.01663851403486923,0.016638514034869205,0.016638514034869205
2023-04-18,0.0005892751915146213,-0.00629037098935503,-0.006290370989355007,-0.006290370989355016,-0.0062903709893550016,-0.00629037098935501
2023-04-19,-0.023674911660777436,-0.013619346104780933,-0.013619346104780895,-0.013619346104780904,-0.013619346104780888,-0.013619346104780893
2023-04-20,-0.024249004705030778,0.0013742000105759133,0.0013742000105759036,0.0013742000105759111,0.0013742000105759044,0.001374200010575905
2023-04-21,0.010633036597428255,-0.015638190521350456,-0.01563819052135042,-0.01563819052135042,-0.015638190521350414,-0.01563819052135041
2023-04-24,0.009542451676046008,-0.00575251153977574,-0.005752511539775736,-0.005752511539775723,-0.005752511539775729,-0.005752511539775727
2023-04-25,-0.020601066408143548,-0.017013142765384057,-0.017013142765384005,-0.017013142765384025,-0.017013142765383994,-0.017013142765384
2023-04-26,-0.03773818361791635,0.006977067167716936,0.006977067167716909,0.006977067167716919,0.0069770671677169,0.006977067167716909
2023-04-27,0.006557798637006697,0.0042068120474878425,0.004206812047487838,0.004206812047487832,0.004206812047487835,0.004206812047487835
2023-04-28,0.015712825753704713,0.0027793953667515758,0.002779395366751578,0.002779395366751571,0.0027793953667515827,0.002779395366751572
2023-05-08,0.016182517575275248,0.012273562728046949,0.012273562728046913,0.012273562728046923,0.01227356272804691,0.012273562728046913
2023-05-09,0.008745594569899467,-0.02099501059374327,-0.02099501059374321,-0.020995010593743223,-0.020995010593743195,-0.020995010593743205
2023-05-10,-0.008928571428571414,-0.005275460287999476,-0.0052754602879994655,-0.005275460287999464,-0.005275460287999463,-0.005275460287999461
2023-05-11,-0.015145580362971662,-0.000979507417819486,-0.0009795074178194864,-0.0009795074178194833,-0.0009795074178194875,-0.0009795074178194862
2023-05-12,-0.016704229086570474,-0.005917133567853062,-0.005917133567853054,-0.005917133567853046,-0.005917133567853047,-0.00591713356785305
2023-05-15,0.019010381555885133,0.017424104601387793,0.017424104601387748,0.017424104601387755,0.01742410460138774,0.017424104601387744
2023-05-16,-0.011378671606245073,0.00031043170426140143,0.0003104317042613955,0.00031043170426140246,0.0003104317042613973,0.00031043170426139585
2023-05-17,0.027569593147751474,-0.020679689049914473,-0.020679689049914404,-0.020679689049914424,-0.020679689049914386,-0.020679689049914404
2023-05-18,-0.010549622297473313,0.008489479713190461,0.008489479713190438,0.00848947971319044,0.00848947971319044,0.008489479713190437
2023-05-19,-0.004870343556667185,-0.013904596849124616,-0.01390459684912457,-0.013904596849124585,-0.01390459684912456,-0.013904596849124571
2023-05-22,0.004497354497354583,0.01161010242389034,0.011610102423890307,0.011610102423890316,0.011610102423890304,0.011610102423890304
2023-05-23,0.02330787463787181,-0.012468902678304554,-0.01246890267830453,-0.012468902678304526,-0.012468902678304522,-0.012468902678304519
2023-05-24,0.008364431862051231,-0.016099335170592654,-0.01609933517059261,-0.016099335170592623,-0.016099335170592605,-0.016099335170592602
2023-05-25,-0.027054619703930687,-0.019175578850229413,-0.019175578850229358,-0.01917557885022937,-0.01917557885022934,-0.019175578850229354
2023-05-30,-0.04439828638192909,0.002343718393577471,0.0023437183935774647,0.002343718393577464,0.0023437183935774643,0.0023437183935774617
2023-05-31,-0.012226599646777065,0.032603603533992574,-0.014928475117486736,-0.014928475117486779,-0.01492847511748677,-0.01492847511748677
2023-06-01,0.02214275890522187,-0.0020424012176666036,0.008391899962092074,0.008391899962092088,0.008391899962092081,0.008391899962092083
2023-06-02,0.02664155005383181,0.020332062517084706,0.012091415134777279,0.012091415134777263,0.012091415134777258,0.012091415134777258
2023-06-05,0.003931847968534278,-0.03230730500391069,0.02175894570686742,0.021758945706867473,0.021758945706867455,0.021758945706867462
2023-06-06,-0.006005221932112701,-0.004743523127565653,0.008892380963788485,0.0088923809637885,0.008892380963788494,0.008892380963788495
2023-06-07,0.008142894667713223,-0.0055016285311490845,-0.018076388194235377,-0.01807638819423539,-0.018076388194235373,-0.01807638819423538
2023-06-08,-0.01472120896299166,-0.00796752478537647,-0.008463936170525018,-0.008463936170525021,-0.008463936170525013,-0.008463936170525018
2023-06-09,-0.008330027766740895,0.023471946195967985,0.019571993325546752,0.019571993325546752,0.019571993325546735,0.01957199332554674
2023-06-12,-0.03826666666664191,-0.01313574295054398,0.005143577052051025,0.005143577052051042,0.005143577052051037,0.005143577052051038
2023-06-13,0.028420906696224164,-0.0018098839593928776,0.017916555576639997,0.01791655557664002,0.017916555576640007,0.017916555576640007
2023-06-14,-0.007549204637367665,-0.004180087344902733,0.014510361298619483,0.014510361298619505,0.014510361298619493,0.014510361298619497
2023-06-15,0.027302363488159613,-0.03797348379143691,-0.0004601376190242769,-0.0004601376190242479,-0.00046013761902424165,-0.00046013761902424614
2023-06-16,0.00833002776676359,0.011109411487350961,0.006570197436090763,0.006570197436090757,0.0065701974360907545,0.006570197436090754
2023-06-20,-0.008800735583874156,-0.006578688662861498,0.000514554217180707,0.0005145542171807178,0.0005145542171807146,0.0005145542171807172
2023-06-21,0.02040816326526919,-0.024662717342930008,0.00548848863345911,0.0054884886334591486,0.00548848863345914,0.005488488633459146
2023-06-26,-0.0006716818914583432,0.002095118996060847,-0.002529195435987491,-0.0025291954359874928,-0.002529195435987492,-0.0025291954359874915
2023-06-27,-0.02540664067747381,0.015857286986540334,-0.004835856199141521,-0.00483585619914155,-0.004835856199141544,-0.004835856199141548
2023-06-28,0.014758620689639977,-0.011279509607670907,0.019967786674102345,0.019967786674102383,0.019967786674102365,0.019967786674102372
2023-06-29,0.008971047981502514,0.005780001414546117,0.001192341516817277,0.0011923415168172773,0.0011923415168172743,0.0011923415168172767
2023-06-30,0.009160716691363547,0.008108315189767356,-0.0013142622264356748,-0.00131426222643568,-0.0013142622264356793,-0.0013142622264356787
2023-07-03,0.0006674676278203395,0.0007487891607413567,0.016920272767966982,0.016920272767966996,0.016920272767966992,0.01692027276796699
2023-07-05,0.004466631634261537,0.004400965421071177,-0.002503810887760468,-0.0025038108877604662,-0.002503810887760466,-0.0025038108877604654
2023-07-06,0.0001307873397852241,5.4092284279581425e-05,-0.016873378705472765,-0.016873378705472782,-0.016873378705472772,-0.016873378705472772
2023-07-07,0.020530927160977843,0.020311602818509758,-0.011631925168859778,-0.011631925168859797,-0.011631925168859792,-0.011631925168859787
2023-07-10,-0.0025627883136851034,-0.0025144731069109837,-0.006050566635647964,-0.006050566635647985,-0.006050566635647984,-0.006050566635647981
2023-07-11,0.02016957862281605,0.0200436536963327,0.0005014221466615162,0.000501422146661503,0.0005014221466615029,0.000501422146661503
2023-07-12,0.00894093942828378,0.008864979016752969,-0.00796838657150481,-0.007968386571504836,-0.007968386571504834,-0.00796838657150483
2023-07-13,0.017723414877683637,0.01766419246732279,0.014851515098835439,0.01485151509883545,0.014851515098835446,0.01485151509883544
2023-07-14,-0.022810890360559104,-0.022610544430885574,-0.0008849460187389962,-0.0008849460187389957,-0.0008849460187389959,-0.000884946018738996
2023-07-18,0.016293279022403014,0.01613498212110222,0.0031413987070412564,0.0031413987070412672,0.003141398707041267,0.0031413987070412655
2023-07-19,-0.003632264529058013,-0.003561653326331441,0.012286395030376146,0.012286395030376167,0.012286395030376162,0.012286395030376158
2023-07-20,0.0011313639220614524,0.0010731118913391334,-0.012250687597712948,-0.012250687597712967,-0.012250687597712964,-0.01225068759771296
2023-07-21,0.015318935208437837,0.015183169300068433,-0.0056583028912283355,-0.00565830289122835,-0.005658302891228348,-0.005658302891228347
2023-07-24,0.02374474400197824,0.02351286786110925,0.012162581599652635,0.012162581599652666,0.012162581599652665,0.01216258159965266
2023-07-25,0.007610533945397546,0.00761392000373321,-0.0004784650401596911,-0.00047846504015970886,-0.00047846504015970756,-0.0004784650401597079
2023-07-26,-0.004555808656036275,-0.004495348672944758,-0.0004143276822250237,-0.0004143276822250291,-0.0004143276822250298,-0.0004143276822250287
2023-07-27,0.009996386848127151,0.009908155396064862,0.0067641967289613055,0.0067641967289613185,0.006764196728961317,0.006764196728961314
2023-07-28,0.010612926305747611,0.010546658732928895,-0.003931135380098888,-0.0039311353800989025,-0.0039311353800989,-0.003931135380098899
2023-07-31,0.009557522123894052,0.009503755010751933,0.008513755010751922,0.008513755010751922,0.00851375501075192,0.008513755010751918
2023-08-01,0.0025712949976623455,0.002577358201456984,0.0025773582014569844,0.0025773582014569814,0.0025773582014569853,0.00257735820145698
2023-08-02,-0.028328281650734925,-0.0281662702220029,-0.02816627022200284,-0.02816627022200284,-0.02816627022200283,-0.028166270222002826
2023-08-03,0.022075584883023334,0.021847350985756117,0.021847350985756086,0.021847350985756093,0.02184735098575608,0.021847350985756082
2023-08-04,0.009508158234534755,0.009445249674372038,0.009445249674372018,0.009445249674372018,0.009445249674372014,0.009445249674372014
2023-08-07,-0.0016279069767441991,-0.0016024084262500973,-0.0016024084262500988,-0.0016024084262500982,-0.0016024084262500986,-0.001602408426250098
2023-08-08,0.0033775914279056594,0.0033452011267654084,0.0033452011267654106,0.0033452011267654145,0.003345201126765412,0.003345201126765411
2023-08-09,0.014625652930934369,0.014471436293586281,0.014471436293586257,0.01447143629358626,0.014471436293586252,0.014471436293586252
2023-08-10,-0.012126758952065051,-0.01200957003781446,-0.01200957003781444,-0.012009570037814443,-0.012009570037814436,-0.01200957003781444
2023-08-14,-0.00427350427350462,-0.0042619166453207675,-0.004261916645320752,-0.004261916645320751,-0.00426191664532075,-0.0042619166453207475
2023-08-15,-0.01333951977728803,-0.013243205321977682,-0.013243205321977643,-0.013243205321977647,-0.013243205321977635,-0.013243205321977642
2023-08-16,-0.02045614860098787,-0.020340583799417805,-0.020340583799417767,-0.020340583799417764,-0.02034058379941776,-0.020340583799417757
2023-08-17,0.006961113778204628,0.0069030011949921906,0.006903001194992179,0.006903001194992178,0.006903001194992177,0.006903001194992177
2023-08-18,0.01144219308700801,0.011283099579199428,0.011283099579199433,0.011283099579199436,0.011283099579199431,0.011283099579199431
2023-08-21,-0.0035352345038889956,-0.0035151258597958235,-0.0035151258597958,-0.0035151258597958005,-0.003515125859795796,-0.0035151258597958005
2023-08-22,-0.008278145695364074,-0.008151487079358836,-0.008151487079358834,-0.008151487079358838,-0.008151487079358833,-0.008151487079358834
2023-08-23,-0.010016694490818052,-0.009921247963092756,-0.009921247963092737,-0.00992124796309274,-0.009921247963092733,-0.009921247963092735
2023-08-24,0.0022886051553846405,0.0023444220012793153,0.0023444220012792793,0.002344422001279278,0.002344422001279277,0.0023444220012792762
2023-08-25,0.018988102391539474,0.018768780770438698,0.018768780770438684,0.018768780770438687,0.018768780770438677,0.018768780770438684
2023-08-28,-0.005189291189998848,-0.005099450281515687,-0.005099450281515683,-0.005099450281515686,-0.005099450281515682,-0.005099450281515684
2023-08-29,0.01339656194428027,0.013339642870270934,0.013339642870270896,0.013339642870270896,0.01333964287027089,0.013339642870270894
2023-08-30,0.005381375760411754,0.005353850856315208,0.005353850856315197,0.005353850856315198,0.005353850856315196,0.005353850856315195
2023-08-31,-0.004809311097875653,0.010259066343190291,0.01025906634319029,0.010259066343190277,0.01025906634319028,0.010259066343190277
2023-09-05,-0.005089725869278747,0.011652183012444764,0.011652183012444759,0.011652183012444743,0.011652183012444748,0.011652183012444741
2023-09-06,-0.010721295513738878,0.00626137606489758,0.006261376064897588,0.0062613760648975786,0.006261376064897583,0.00626137606489758
2023-09-07,-0.0075218887407702325,-0.009454174000039955,-0.009454174000039938,-0.009454174000039926,-0.009454174000039929,-0.009454174000039929
2023-09-11,0.015499248253294472,0.002215168697309506,0.0022151686973094858,0.0022151686973094845,0.0022151686973094845,0.002215168697309482
2023-09-12,-0.008968190032441528,0.014422480564448692,0.014422480564448692,0.014422480564448668,0.014422480564448677,0.014422480564448672
2023-09-13,0.005490976651265833,0.0024767675072234025,0.0024767675072233934,0.0024767675072233904,0.0024767675072233917,0.0024767675072233913
2023-09-14,0.027291114200832904,0.021449297658595608,0.021449297658595563,0.02144929765859554,0.021449297658595545,0.02144929765859554
2023-09-15,-0.0023892541698510117,0.0009473911263812099,0.0009473911263812121,0.0009473911263812095,0.0009473911263812107,0.000947391126381212
2023-09-19,0.004907927876297783,-0.0006436216275212099,-0.0006436216275212158,-0.0006436216275212159,-0.0006436216275212156,-0.0006436216275212144
2023-09-20,-0.0038948741312465752,-0.014084738982362222,-0.014084738982362205,-0.01408473898236219,-0.014084738982362194,-0.014084738982362191
2023-09-21,-0.016511398489767355,0.0014175180215366592,0.0014175180215366778,0.0014175180215366707,0.0014175180215366754,0.0014175180215366715
2023-09-22,-0.01139106703987636,0.005647669952093617,0.0056476699520936246,0.005647669952093617,0.00564766995209362,0.005647669952093623
2023-09-25,0.004653201455730492,-0.005824211871365727,-0.005824211871365727,-0.0058242118713657184,-0.005824211871365722,-0.005824211871365724
2023-09-26,-0.005882473914838242,0.008543970372885389,0.008543970372885389,0.008543970372885373,0.00854397037288538,0.008543970372885375
2023-09-27,-0.010012611812547263,0.027594634823113532,0.027594634823113518,0.027594634823113483,0.027594634823113494,0.027594634823113483
2023-09-28,-0.006425656055005466,-0.015600350749927024,-0.015600350749927003,-0.015600350749926982,-0.01560035074992699,-0.015600350749926988
2023-10-10,0.008530008832385406,-0.006262355541606547,-0.006262355541606553,-0.006262355541606541,-0.006262355541606547,-0.0062623555416065416
2023-10-11,-0.02483095378046119,-0.024734334031829466,-0.024734334031829414,-0.02473433403182938,-0.024734334031829387,-0.02473433403182938
2023-10-12,0.01229738429117136,0.008278101007039773,0.00827810100703975,0.008278101007039743,0.008278101007039743,0.008278101007039745
2023-10-13,-0.0051774654266946805,0.05349560060940497,0.05349560060940493,0.05349560060940484,0.05349560060940488,0.05349560060940485
2023-10-16,0.01827876013801025,-0.007968948731346456,-0.00796894873134647,-0.007968948731346459,-0.007968948731346463,-0.00796894873134646
2023-10-17,-0.002856053567661026,0.007810176110491735,0.0078101761104917315,0.007810176110491722,0.0078101761104917245,0.0078101761104917245
2023-10-18,-0.005994994643481519,0.005543556837785344,0.005543556837785347,0.005543556837785337,0.005543556837785341,0.005543556837785338
2023-10-19,-0.008692326881681934,0.017915106790395895,0.01791510679039589,0.017915106790395867,0.017915106790395874,0.017915106790395863
2023-10-20,0.00010774205797889004,-0.005892191227952677,-0.005892191227952673,-0.005892191227952668,-0.005892191227952668,-0.005892191227952668
2023-10-24,0.005153639028999204,-0.026588629616757852,-0.02658862961675783,-0.026588629616757797,-0.026588629616757807,-0.026588629616757804
2023-10-25,-0.0006462427507510722,0.023523036235982047,0.02352303623598203,0.023523036235981995,0.02352303623598201,0.023523036235982005
2023-10-26,0.014030322047692455,-0.020463237457819902,-0.0204632374578199,-0.020463237457819878,-0.020463237457819885,-0.02046323745781988
2023-10-27,-0.0032623516488314067,0.024285149089044136,0.024285149089044118,0.024285149089044084,0.024285149089044097,0.02428514908904409
2023-10-30,-0.0229217811685614,-0.02848786994743583,-0.028487869947435775,-0.028487869947435737,-0.02848786994743575,-0.02848786994743574
2023-10-31,-0.026606008876749895,-0.025378473916235014,-0.025378473916234986,-0.025378473916235,-0.025378473916234944,-0.025378473916234955
2023-11-01,-0.008409250175192666,-0.008306575791403885,-0.008306575791403904,-0.00830657579140391,-0.00830657579140389,-0.008306575791403892
2023-11-02,0.024617196702002162,0.024421787645949662,0.024421787645949627,0.02442178764594964,0.024421787645949582,0.024421787645949593
2023-11-06,0.00046964893741931765,0.0005138539605495318,0.0005138539605494784,0.0005138539605494786,0.0005138539605494782,0.0005138539605494802
2023-11-07,-0.04459570472949191,-0.04423475363997344,-0.044234753639973375,-0.0442347536399734,-0.044234753639973305,-0.04423475363997331
2023-11-08,-0.020881955533718338,-0.020711095744397293,-0.020711095744397265,-0.02071109574439728,-0.02071109574439723,-0.020711095744397237
2023-11-09,0.002007276376866366,0.001982316990147325,0.001982316990147315,0.0019823169901473157,0.00198231699014731,0.0019823169901473123
2023-11-10,0.022912232377613532,0.022697705431110483,0.02269770543111047,0.022697705431110483,0.02269770543111043,0.02269770543111044
2023-11-13,0.012239902080783354,0.012154152275750157,0.012154152275750152,0.012154152275750158,0.012154152275750134,0.012154152275750136
2023-11-14,-0.0039903264812575275,-0.003933015871384996,-0.003933015871385011,-0.0039330158713850125,-0.003933015871385005,-0.0039330158713850065
2023-11-15,-0.01578244506495074,-0.015546272073157398,-0.01554627207315743,-0.015546272073157435,-0.015546272073157397,-0.015546272073157404
2023-11-16,-0.044652769211792266,-0.04428744889921222,-0.04428744889921215,-0.04428744889921218,-0.04428744889921208,-0.044287448899212094
2023-11-17,0.03989670755326003,0.03954648778643332,0.039546487786433285,0.039546487786433306,0.03954648778643322,0.03954648778643324
2023-11-20,0.018500124161907258,0.018345490275379562,0.01834549027537954,0.01834549027537955,0.01834549027537951,0.018345490275379517
2023-11-21,0.00438863830305979,0.004354832070780148,0.004354832070780142,0.004354832070780143,0.0043548320707801355,0.0043548320707801355
2023-11-22,-0.008860298579924786,-0.008792800800586704,-0.008792800800586678,-0.008792800800586684,-0.008792800800586665,-0.00879280080058667
2023-11-24,-0.012918307086614235,-0.012829948995606907,-0.012829948995606884,-0.012829948995606891,-0.012829948995606865,-0.01282994899560687
2023-11-27,-0.0018696248286177743,-0.0018505941601698057,-0.0018505941601697814,-0.001850594160169782,-0.0018505941601697743,-0.0018505941601697773
2023-11-28,0.019730269730269655,0.01954052304311867,0.019540523043118648,0.019540523043118655,0.019540523043118613,0.01954052304311862
2023-11-29,0.015184913054126932,0.015050075524426932,0.015050075524426939,0.01505007552442695,0.015050075524426923,0.015050075524426923
2023-11-30,-0.000603136308805938,-0.0005837823805343907,0.003945510288201816,0.003945510288201811,0.003945510288201811,0.003945510288201811
2023-12-01,-0.044659022329511015,-0.04426439275863387,-0.0016892043618236608,-0.0016892043618236578,-0.0016892043618236647,-0.0016892043618236628
2023-12-04,-0.012002526847757496,-0.011885651689320029,-0.005932813472539,-0.005932813472538993,-0.005932813472538992,-0.005932813472538992
2023-12-05,-0.015345268542199529,-0.015301224704202362,-0.013677818962355745,-0.01367781896235573,-0.01367781896235573,-0.013677818962355728
2023-12-06,-0.03532467532467532,-0.03498054008450794,0.020230784849542053,0.020230784849542025,0.020230784849542015,0.020230784849542015
2023-12-07,0.0037695207323640303,0.003705855041774071,-0.017418658376251377,-0.01741865837625136,-0.01741865837625135,-0.01741865837625135
2023-12-08,0.014619098712446375,0.014477042285987018,-0.01658057414772471,-0.016580574147724687,-0.016580574147724677,-0.016580574147724673
2023-12-11,0.0060806345009913896,0.006025893417708912,0.014835292576690562,0.01483529257669054,0.01483529257669053,0.01483529257669053
2023-12-12,-0.036657469452108904,-0.03630801939395147,0.0015497609874792803,0.0015497609874792788,0.0015497609874792753,0.0015497609874792749
2023-12-13,0.017730496453900926,0.017554639112430808,0.0024927473243824675,0.0024927473243824654,0.0024927473243824614,0.0024927473243824662
2023-12-14,0.026534441168587306,0.026324717810160395,-0.007163490691588584,-0.0071634906915885735,-0.007163490691588566,-0.007163490691588565
2023-12-15,0.0045691906005223,0.0045482998032186465,0.008635669593155912,0.008635669593155901,0.008635669593155898,0.008635669593155898
2023-12-18,0.014165042235217752,0.014006069967496709,-0.006370091210756323,-0.006370091210756315,-0.006370091210756312,-0.006370091210756311
2023-12-19,0.015761148129164404,0.01562926978998766,0.013939655370463348,0.013939655370463329,0.013939655370463322,0.013939655370463324
2023-12-20,-0.0015138135486311092,-0.0014843719761197286,0.013620347979083082,0.013620347979083063,0.013620347979083056,0.013620347979083056
2023-12-21,0.002400505369551503,0.0023844101789880045,-0.015733753175820885,-0.01573375317582086,-0.01573375317582085,-0.01573375317582085
2023-12-22,-0.0018905974287876089,-0.0018868036537642466,0.0008386536042985015,0.0008386536042985009,0.0008386536042984976,0.0008386536042984984
2023-12-27,-0.02061473892112086,-0.020392073182207683,0.011174801354037766,0.01117480135403775,0.011174801354037747,0.011174801354037745
2023-12-28,-0.012099823544240109,-0.011942722767321766,-0.004126564866257006,-0.0041265648662569985,-0.004126564866256992,-0.004126564866256996
2023-12-29,-0.016585863740750103,-0.01644330604311632,-0.0022503834171550695,-0.0022503834171550665,-0.002250383417155067,-0.0022503834171550673
2024-01-04,-0.008924018357980623,-0.00886168816733236,-0.005230122862098937,-0.0052301228620989315,-0.00523012286209893,-0.005230122862098931
2024-01-05,0.014149729868793594,0.014006508294090782,0.002649018672932779,0.002649018672932775,0.0026490186729327733,0.0026490186729327746
2024-01-09,0.01599580437917925,0.015859819618744605,0.011465912174979834,0.011465912174979819,0.011465912174979814,0.011465912174979814
2024-01-10,-0.009162472577106675,-0.009073869658773779,0.019893048408696115,0.019893048408696087,0.019893048408696077,0.019893048408696077
2024-01-11,0.02214118259963539,0.021974060239166232,0.017534792762111073,0.01753479276211105,0.017534792762111045,0.017534792762111045
2024-01-12,-0.002038735983690191,-0.0020004680113311153,0.014910308142902905,0.014910308142902886,0.014910308142902878,0.014910308142902878
2024-01-16,-0.00940996948118001,-0.009367926674311,-0.007845091719910966,-0.007845091719910956,-0.007845091719910957,-0.007845091719910956
2024-01-17,0.002695763799743117,0.002564269223710223,-0.004035444387335798,-0.0040354443873357945,-0.0040354443873358015,-0.004035444387335797
2024-01-18,0.010882089361157206,0.010807296744401389,-0.00028910946440443587,-0.00028910946440443316,-0.00028910946440443067,-0.0002891094644044304
2024-01-19,-0.004179331306990884,-0.004119633017725159,0.013893916961701737,0.01389391696170172,0.01389391696170171,0.013893916961701712
2024-01-22,0.016024418161007418,0.015820224966717363,0.01602364439581797,0.016023644395817948,0.016023644395817938,0.016023644395817944
2024-01-23,-0.0020027537864563145,-0.0019399550221998623,-0.0007530872515389336,-0.0007530872515389318,-0.0007530872515389272,-0.0007530872515389286
2024-01-24,0.0062711651824909325,0.006276176109631572,-0.007823796489800675,-0.007823796489800663,-0.007823796489800649,-0.007823796489800652
2024-01-25,0.026548672566371733,0.026386798504977247,0.0003766201438813852,0.0003766201438813872,0.0003766201438813963,0.00037662014388139414
2024-01-26,0.01614861583292848,0.01597600750598619,-0.01327251324782027,-0.013272513247820252,-0.013272513247820245,-0.013272513247820243
2024-01-29,-0.014697096427291214,-0.014545345960062598,0.0076440277827967765,0.007644027782796766,0.00764402778279676,0.007644027782796762
2024-01-30,0.003516856657773465,0.003439601452860184,0.0010274130194210468,0.0010274130194210447,0.0010274130194210384,0.0010274130194210414
2024-01-31,-0.014906498253568627,-0.012492773940560399,-0.01348277394056031,-0.013482773940560203,-0.013482773940560296,-0.013482773940560324
2024-02-01,0.005239885903001958,-0.0350484337132087,-0.03504843371320858,-0.03504843371320844,-0.03504843371320857,-0.03504843371320862
2024-02-02,-0.002097491939271036,-0.014463808765729154,-0.014463808765729103,-0.014463808765729018,-0.01446380876572909,-0.014463808765729115
2024-02-05,-0.0015160722976573758,0.003303818965016552,0.0033038189650165385,0.0033038189650165407,0.0033038189650165415,0.003303818965016541
2024-02-06,0.040416479421999205,0.010779099445022563,0.010779099445022516,0.010779099445022422,0.010779099445022502,0.010779099445022526
2024-02-07,-0.003407104351711392,0.008344885822894572,0.00834488582289454,0.00834488582289449,0.008344885822894532,0.008344885822894551
2024-02-08,-0.012673883480113234,0.028968269324390564,0.02896826932439047,0.0289682693243904,0.02896826932439047,0.028968269324390505
2024-02-20,0.005688426497049565,-0.009377557064164885,-0.009377557064164854,-0.009377557064164814,-0.00937755706416485,-0.009377557064164863
2024-02-21,0.015731025861808856,0.007245935021283172,0.007245935021283145,0.007245935021283112,0.007245935021283136,0.007245935021283151
2024-02-22,0.014533633074998104,0.0031777061321385342,0.0031777061321385217,0.0031777061321385976,0.0031777061321385377,0.0031777061321385277
2024-02-26,-0.0054478514109288145,0.012121279616415044,0.012121279616415008,0.01212127961641495,0.012121279616415005,0.012121279616415018
2024-02-27,0.009381571338054963,0.006637072964299588,0.006637072964299564,0.0066370729642995265,0.006637072964299558,0.00663707296429957
2024-02-28,-0.015124353812802284,0.0031693175302850455,0.00316931753028504,0.0031693175302850143,0.0031693175302850373,0.003169317530285042
2024-02-29,-0.0015365683307279978,0.002654164234640935,0.0026541642346409196,0.0026541642346409183,0.0026541642346409183,0.002654164234640922
2024-03-01,0.0047239974223932234,-0.0018252703072418226,-0.0018252703072418497,-0.00182527030724184,-0.0018252703072418486,-0.001825270307241846
2024-03-04,0.0003936238956832419,-0.00733200025987593,-0.007332000259875927,-0.007332000259875916,-0.007332000259875922,-0.007332000259875927
2024-03-05,-0.026110555755403275,-0.009093191141615267,-0.00909319114161526,-0.009093191141615251,-0.00909319114161526,-0.00909319114161526
2024-03-06,0.017042389114649645,0.01005951897360427,0.010059518973604232,0.010059518973604227,0.010059518973604228,0.010059518973604235
2024-03-07,-0.012672396853892258,0.005396541353248571,0.005396541353248529,0.005396541353248528,0.005396541353248525,0.005396541353248533
2024-03-08,0.007616246184483081,-0.015564132071565755,-0.015564132071565715,-0.015564132071565696,-0.015564132071565706,-0.015564132071565717
2024-03-11,0.014319966685806488,0.004828919625203491,0.0048289196252034785,0.0048289196252034785,0.004828919625203477,0.004828919625203481
2024-03-12,0.03050054950785425,-0.0010658864178274305,-0.0010658864178274146,-0.001065886417827413,-0.0010658864178274114,-0.0010658864178274172
2024-03-13,-0.000666335156638506,0.019121733469443968,0.01912173346944393,0.01912173346944391,0.01912173346944392,0.019121733469443934
2024-03-14,-0.007051236644653441,0.013943514525320425,0.013943514525320387,0.013943514525320376,0.013943514525320382,0.013943514525320394
2024-03-15,-0.014194954974925792,0.002588801375699597,0.0025888013756995734,0.002588801375699578,0.0025888013756995743,0.00258880137569958
2024-03-18,0.0009706421129496134,0.017922589863032228,0.017922589863032187,0.01792258986303217,0.017922589863032176,0.01792258986303219
2024-03-19,-0.012405957536302477,0.0038702683635920207,0.0038702683635920116,0.003870268363592005,0.003870268363592008,0.003870268363592011
2024-03-21,0.019345260583434606,-0.006479685856342407,-0.006479685856342415,-0.0064796858563424,-0.00647968585634241,-0.0064796858563424126
2024-03-22,-0.021563650811535155,-0.0002995113085926931,-0.000299511308592672,-0.00029951130859268317,-0.00029951130859267596,-0.0002995113085926771
2024-03-25,-0.0015655048313674021,0.012954713259936716,0.012954713259936683,0.012954713259936669,0.012954713259936678,0.012954713259936686
2024-03-26,0.008782515582469884,-0.009374627828053518,-0.009374627828053489,-0.009374627828053482,-0.009374627828053485,-0.009374627828053496
2024-03-27,-0.013568158514217993,0.005539662064228999,0.00553966206422898,0.005539662064228973,0.005539662064228975,0.00553966206422898
2024-03-28,0.009063713182096578,0.013344039638991428,0.013344039638991381,0.013344039638991374,0.013344039638991376,0.013344039638991386
2024-04-02,0.02358322320574667,0.0164865804133643,0.01648658041336427,0.016486580413364257,0.016486580413364267,0.016486580413364274
2024-04-03,-0.012191463022811988,0.0032358299240255665,0.0032358299240255375,0.0032358299240255383,0.0032358299240255357,0.0032358299240255414
2024-04-08,0.0005339657209554149,-0.002546167212634988,-0.00254616721263502,-0.002546167212635006,-0.002546167212635015,-0.0025461672126350136
2024-04-09,0.005690602617007783,-0.01126006951389581,-0.011260069513895769,-0.01126006951389576,-0.011260069513895764,-0.011260069513895774
2024-04-10,0.018486968499655615,0.011739235348434771,0.011739235348434738,0.011739235348434733,0.011739235348434737,0.011739235348434745
2024-04-11,-0.002575387256208984,-0.004924111497356553,-0.004924111497356544,-0.0049241114973565415,-0.004924111497356544,-0.0049241114973565476
2024-04-12,-0.02183909592437094,-0.0005197259306643403,-0.0005197259306643755,-0.0005197259306643681,-0.0005197259306643756,-0.0005197259306643682
2024-04-15,-0.007249865294716128,0.0028141651819274783,0.0028141651819275086,0.0028141651819275013,0.002814165181927506,0.002814165181927506
2024-04-16,-0.02117350964973273,-0.003611783651778348,-0.003611783651778302,-0.003611783651778312,-0.0036117836517783027,-0.0036117836517783096
2024-04-17,0.00017662658002341294,-0.029349890442880923,-0.029349890442880874,-0.02934989044288084,-0.02934989044288086,-0.029349890442880878
2024-04-18,0.008247066178352693,-0.005857370475416454,-0.005857370475416441,-0.005857370475416431,-0.005857370475416435,-0.00585737047541644
2024-04-19,-0.009870089290345808,0.005555415932531977,0.00555541593253196,0.005555415932531956,0.005555415932531958,0.005555415932531964
2024-04-22,0.017723589663304035,-0.0027262920010969072,-0.002726292001096874,-0.0027262920010968756,-0.002726292001096871,-0.0027262920010968795
2024-04-23,0.019213054508654105,0.014752960963410102,0.014752960963410094,0.014752960963410073,0.014752960963410089,0.01475296096341009
2024-04-24,0.022124995469111893,-0.0040541928915642945,-0.004054192891564307,-0.004054192891564291,-0.004054192891564301,-0.004054192891564301
2024-04-25,0.004840921629623909,0.013717222528538627,0.013717222528538594,0.013717222528538586,0.013717222528538593,0.013717222528538601
2024-04-26,0.021210283872177126,0.0004359531290801052,0.0004359531290800674,0.00043595312908008206,0.00043595312908007073,0.0004359531290800742
2024-04-30,-0.015127983274204282,-0.014984171115505346,-0.0072770112800079065,-0.0072770112800079004,-0.007277011280007885,-0.0072770112800078935
2024-05-07,0.006707253766106814,0.0066433169597486475,-0.007691471467070704,-0.007691471467070696,-0.007691471467070678,-0.007691471467070695
2024-05-08,0.0112680869041184,0.011131392803183296,0.009401149457910884,0.00940114945791087,0.009401149457910846,0.009401149457910865
2024-05-09,0.011297963356262876,0.011226112787118077,0.003941093252074505,0.003941093252074501,0.003941093252074502,0.003941093252074499
2024-05-10,0.02172445822502289,0.021556639745796215,-0.015489218367844228,-0.015489218367844212,-0.015489218367844166,-0.015489218367844206
2024-05-13,-0.016491683701195914,-0.01632410364527698,0.008015468244275206,0.008015468244275199,0.00801546824427518,0.008015468244275195
2024-05-14,0.004076436047471214,0.004052806276054603,-0.007812703637424732,-0.007812703637424723,-0.007812703637424702,-0.00781270363742472
2024-05-16,-0.012759335304052377,-0.012598990768738227,0.006481484596024813,0.006481484596024807,0.006481484596024801,0.006481484596024806
2024-05-17,-0.0011108309302177973,-0.0010579237223891506,0.006686094200539945,0.006686094200539939,0.006686094200539931,0.006686094200539938
2024-05-20,0.06394291193859059,0.06342160593918035,-0.0032997340228810503,-0.003299734022881054,-0.0032997340228810247,-0.0032997340228810464
2024-05-21,-0.0496723742995715,-0.049271452148569275,-0.014051123536803134,-0.014051123536803113,-0.014051123536803104,-0.014051123536803111
2024-05-22,-0.008991195763364268,-0.008940148792202096,-0.009515418966842356,-0.009515418966842343,-0.00951541896684233,-0.009515418966842343
2024-05-23,-0.029669638187666665,-0.029464599785345217,-0.002877319834216412,-0.0028773198342164053,-0.0028773198342164174,-0.0028773198342164096
2024-05-24,0.004039217013317445,0.003992747112841121,0.007038456682612324,0.007038456682612316,0.007038456682612295,0.007038456682612314
2024-05-28,-0.000998357677388649,-0.0009659473214886163,0.018620692675079775,0.018620692675079754,0.018620692675079712,0.018620692675079747
2024-05-29,0.02369769984530601,0.023451117990199336,-0.012530881452397941,-0.012530881452397929,-0.012530881452397905,-0.012530881452397924
2024-05-30,-0.043092346496917844,-0.04278990234005247,-0.019091726045803,-0.01909172604580297,-0.01909172604580296,-0.019091726045802972
2024-05-31,0.013032717674180232,0.012916074839508815,-0.0051697078883543935,-0.005169707888354382,-0.005169707888354382,-0.00516970788835438
2024-06-03,-0.029533459337871226,-0.029287577653525326,-0.012081538470530204,-0.012081538470530194,-0.012081538470530192,-0.01208153847053019
2024-06-04,0.0152066690216539,0.015071981168328401,0.005376630805395094,0.005376630805395085,0.005376630805395085,0.005376630805395085
2024-06-05,-0.017500181421338457,-0.017345930101523205,-0.023159517014221923,-0.023159517014221906,-0.023159517014221902,-0.0231595170142219
2024-06-06,0.026741512599949058,0.026538480831930843,0.01445355764691761,0.014453557646917602,0.014453557646917598,0.014453557646917598
2024-06-07,-0.0016336553915546933,-0.00163809179381515,0.0027913796929532443,0.0027913796929532487,0.002791379692953248,0.0027913796929532474
2024-06-11,-0.04454422675314095,-0.044172067817709965,-0.01982451485919412,-0.019824514859194103,-0.019824514859194103,-0.0198245148591941
2024-06-12,0.015097058967609154,0.014953480554140228,-0.00036581717287545467,-0.0003658171728754559,-0.0003658171728754549,-0.000365817172875454
2024-06-13,-0.01895418611296318,-0.01878161073163469,0.0007297337087595583,0.0007297337087595624,0.000729733708759563,0.0007297337087595601
2024-06-14,-0.00448284789644015,-0.004442618267201051,-0.00410835465929692,-0.0041083546592969224,-0.0041083546592969224,-0.004108354659296921
2024-06-17,-0.008104291471021532,-0.008037698479939319,-0.014999313697593674,-0.014999313697593667,-0.014999313697593665,-0.014999313697593662
2024-06-18,0.010648862192081948,0.010585143076316389,0.0037197674569750027,0.0037197674569749975,0.003719767456974996,0.003719767456974996
2024-06-20,-0.000979560600746221,-0.0009725326191731278,0.004381088650869228,0.004381088650869232,0.004381088650869231,0.00438108865086923
2024-06-21,0.003980813449480753,0.003910980563616932,-0.003396947537614121,-0.003396947537614116,-0.0033969475376141155,-0.0033969475376141142
2024-06-24,-0.021010968049594674,-0.020818796658590346,-0.0077757744876716705,-0.007775774487671662,-0.007775774487671662,-0.007775774487671662
2024-06-25,-0.00645253473879726,-0.006397242670776886,-0.0005136918780937715,-0.0005136918780937644,-0.0005136918780937643,-0.0005136918780937654
2024-06-26,-0.005186400570020283,-0.005116915954608033,-0.0025059582839917272,-0.002505958283991732,-0.0025059582839917324,-0.0025059582839917316
2024-06-27,-0.019382509021997223,-0.019240366777115353,-0.012195817780170704,-0.01219581778017069,-0.01219581778017069,-0.012195817780170688
2024-06-28,0.030295395349180014,0.030039037594220153,0.009267812239929162,0.009267812239929153,0.009267812239929153,0.009267812239929151
2024-07-02,-0.000846054411237195,-0.000811194072955991,0.00766332445346433,0.007663324453464329,0.007663324453464327,0.007663324453464323
2024-07-03,-0.008766756083455335,-0.008641222352556838,0.012037100668660613,0.01203710066866061,0.012037100668660606,0.012037100668660603
2024-07-05,0.058505879284473906,0.05796669706055837,0.005766982096567424,0.0057669820965674246,0.005766982096567425,0.005766982096567429
2024-07-08,0.004447314802654246,0.004360882414449161,-0.004740935008352407,-0.004740935008352394,-0.004740935008352395,-0.0047409350083523925
2024-07-09,0.013751304535585264,0.013660126793906616,0.0071284136169301624,0.00712841361693015,0.007128413616930149,0.007128413616930148
2024-07-10,-0.007776062648689238,-0.007701320575515341,-0.010488999861724205,-0.010488999861724196,-0.010488999861724194,-0.010488999861724193
2024-07-11,0.026899711635472997,0.026697090178693747,0.0036822446772077637,0.0036822446772077516,0.00368224467720775,0.0036822446772077524
2024-07-12,-0.023983889961188273,-0.023772652326290424,-0.011085195567637868,-0.011085195567637863,-0.01108519556763786,-0.01108519556763786
2024-07-16,0.043177921047549576,0.04277603589759093,-0.0004693495098310672,-0.00046934950983107176,-0.00046934950983107073,-0.00046934950983106656
2024-07-17,0.0002157859403473301,0.0002038969511757571,-0.009749892582845778,-0.009749892582845773,-0.009749892582845775,-0.00974989258284577
2024-07-18,-0.0010513810944287076,-0.0010725576289509328,-0.0015450661416448758,-0.0015450661416448813,-0.0015450661416448802,-0.001545066141644879
2024-07-19,-0.0321131507942487,-0.03189826508369316,-0.022841637478938432,-0.02284163747893842,-0.022841637478938415,-0.02284163747893841
2024-07-22,-0.011569995387453739,-0.011475132437512754,-0.01217283491461526,-0.012172834914615249,-0.012172834914615245,-0.012172834914615245
2024-07-23,-0.047213114371595366,-0.04684024097846479,-0.013187570812457427,-0.013187570812457397,-0.013187570812457396,-0.013187570812457399
2024-07-24,0.010235742264266929,0.010096091216752872,0.0026154394940996173,0.002615439494099622,0.0026154394940996204,0.0026154394940996225
2024-07-25,-0.049555394085132425,-0.04918342686860016,-0.025786333918332967,-0.025786333918332953,-0.025786333918332946,-0.025786333918332946
2024-07-26,0.0107266213151349,0.010635105423017478,0.015089824395108066,0.015089824395108054,0.015089824395108054,0.015089824395108049
2024-07-29,0.011125031857902364,0.011046061229378205,-0.001439143090650463,-0.001439143090650455,-0.001439143090650456,-0.0014391430906504543
2024-07-30,0.004288747372565009,0.00421102503700312,-0.008072723901078455,-0.008072723901078443,-0.008072723901078445,-0.00807272390107844
2024-07-31,0.03059565514238003,0.030433237007637358,0.029443237007637346,0.029443237007637353,0.029443237007637353,0.02944323700763735
2024-08-01,0.007181772259334565,0.0070654435442608484,0.007065443544260841,0.007065443544260845,0.007065443544260849,0.007065443544260848
2024-08-02,0.0116390836682953,0.011384002915484708,0.011384002915484694,0.01138400291548471,0.011384002915484717,0.011384002915484715
2024-08-05,-0.033255969562493534,-0.03315902034830996,-0.03315902034830996,-0.03315902034830996,-0.03315902034830996,-0.033159020348309955
2024-08-06,-0.019786165962188813,-0.019534426312061794,-0.01953442631206177,-0.019534426312061787,-0.01953442631206179,-0.019534426312061787
2024-08-07,0.0015089849220129197,0.0015528187555536922,0.0015528187555536941,0.001552818755553689,0.0015528187555536883,0.001552818755553688
2024-08-08,-0.016240939160530463,-0.016085246307966747,-0.01608524630796674,-0.016085246307966743,-0.016085246307966747,-0.016085246307966743
2024-08-09,0.001978324608723282,0.0019987615585028637,0.0019987615585028633,0.0019987615585028594,0.0019987615585028607,0.00199876155850286
2024-08-13,0.007206340067439806,0.007189699934792857,0.007189699934792858,0.007189699934792857,0.007189699934792857,0.007189699934792855
2024-08-14,-0.007286118037613913,-0.007234076183083074,-0.00723407618308307,-0.007234076183083074,-0.007234076183083073,-0.007234076183083073
2024-08-15,-0.0033188830459130883,-0.0032321141014954114,-0.003232114101495406,-0.0032321141014954083,-0.003232114101495411,-0.0032321141014954096
2024-08-16,-0.022375922321750723,-0.02211895368927907,-0.022118953689279058,-0.022118953689279075,-0.022118953689279082,-0.02211895368927908
2024-08-19,0.04537589857585671,0.04494796175068544,0.04494796175068541,0.044947961750685425,0.04494796175068543,0.044947961750685425
2024-08-20,-0.015731760342851592,-0.015591907965946129,-0.015591907965946122,-0.015591907965946129,-0.01559190796594613,-0.015591907965946129
2024-08-21,0.027743600120148926,0.02747342384367127,0.02747342384367125,0.02747342384367126,0.027473423843671272,0.027473423843671265
2024-08-22,-0.011789609100047192,-0.011660650776919206,-0.011660650776919202,-0.01166065077691921,-0.011660650776919211,-0.01166065077691921
2024-08-23,-0.0035428213628539906,-0.003470807866971172,-0.003470807866971168,-0.003470807866971171,-0.003470807866971172,-0.003470807866971171
2024-08-26,-0.014046569388388623,-0.01386987565301388,-0.01386987565301387,-0.01386987565301388,-0.013869875653013883,-0.01386987565301388
2024-08-27,-0.024753790908369558,-0.02454780048035138,-0.024547800480351368,-0.02454780048035138,-0.024547800480351382,-0.02454780048035138
2024-08-28,-0.018705620403830153,-0.01857850822189816,-0.018578508221898146,-0.018578508221898153,-0.018578508221898157,-0.018578508221898153
2024-08-29,0.004441943794604606,0.0044180355995449465,0.004418035599544946,0.004418035599544945,0.004418035599544946,0.004418035599544944
2024-08-30,-0.03282788080099312,-0.032505021416151726,-0.03250502141615171,-0.03250502141615172,-0.03250502141615173,-0.032505021416151726
2024-09-03,-0.01619729410402591,-0.016127863122513044,-0.016127863122513048,-0.01612786312251304,-0.016127863122513044,-0.01612786312251304
2024-09-04,-0.011994739584625715,-0.011974436531285958,-0.011974436531285961,-0.011974436531285958,-0.011974436531285958,-0.011974436531285956
2024-09-05,0.006989730313084794,0.0069154969362097765,0.006915496936209772,0.006915496936209776,0.006915496936209777,0.0069154969362097765
2024-09-09,-0.028018845056766297,-0.02778500916965216,-0.02778500916965215,-0.027785009169652156,-0.02778500916965216,-0.027785009169652156
2024-09-10,0.0020690320134495424,0.0020373333885315733,0.00203733338853157,0.002037333388531573,0.002037333388531573,0.0020373333885315725
2024-09-11,0.012552062119323332,0.01244241095061205,0.012442410950612045,0.012442410950612048,0.012442410950612055,0.01244241095061205
2024-09-12,-0.009477755318867598,-0.009316999704517229,-0.009316999704517217,-0.009316999704517227,-0.00931699970451723,-0.009316999704517229
2024-09-13,0.02895923619807146,0.028705280899717234,0.02870528089971722,0.02870528089971723,0.028705280899717238,0.02870528089971723
2024-09-19,0.007527400799105984,0.007573659455712871,0.007573659455712872,0.0075736594557128676,0.007573659455712867,0.007573659455712866
2024-09-20,0.028147691901891227,0.02792363553830456,0.02792363553830455,0.027923635538304556,0.02792363553830456,0.027923635538304556
2024-09-24,0.008411276806683111,0.008457975498958764,0.00845797549895876,0.008457975498958766,0.008457975498958754,0.008457975498958758
2024-09-25,0.020710261191927176,0.020526335505385778,0.02052633550538577,0.020526335505385778,0.020526335505385778,0.020526335505385778
2024-09-26,0.013183985409870112,0.01315611776146298,0.013156117761462971,0.013156117761462981,0.01315611776146297,0.013156117761462971
2024-09-27,0.008741834778873943,0.00878525178442361,0.008785251784423607,0.008785251784423614,0.0087852517844236,0.008785251784423607
2024-09-30,0.06094406036577114,0.06045968406024392,0.06045968406024385,0.060459684060243844,0.060459684060244726,0.060459684060244295
2024-10-08,-0.005896344374303976,-0.005946055847649308,-0.00594605584764928,-0.005946055847649364,-0.0059460558476494025,-0.005946055847649347
2024-10-09,-0.08275826748169066,-0.0820889429935893,-0.08208894299358921,-0.08208894299358913,-0.08208894299359044,-0.08208894299358986
2024-10-10,0.009036900402939144,0.009027104310517241,0.009027104310517226,0.00902710431051726,0.009027104310517377,0.009027104310517299
2024-10-15,-0.03275707745889033,-0.032546962230331586,-0.032546962230331544,-0.03254696223033156,-0.03254696223033204,-0.03254696223033179
2024-10-16,0.04480694505386549,0.04438397932244284,0.04438397932244277,0.044383979322442674,0.04438397932244345,0.044383979322443125
2024-10-17,-0.009573242915936198,-0.009523344469106333,-0.009523344469106328,-0.00952334446910633,-0.009523344469106467,-0.009523344469106396
2024-10-18,0.025893637748857213,0.025734663061508567,0.025734663061508546,0.025734663061508577,0.02573466306150892,0.025734663061508734
2024-10-21,0.026194557531604927,0.025961559632807468,0.025961559632807434,0.025961559632807354,0.02596155963280783,0.025961559632807638
2024-10-22,-0.002968295472341006,-0.0029361673497320866,-0.0029361673497320896,-0.002936167349732074,-0.0029361673497321317,-0.002936167349732111
2024-10-23,-0.003076489220686154,-0.0030649548889064857,-0.003064954888906479,-0.0030649548889064454,-0.0030649548889065356,-0.0030649548889065026
2024-10-24,-0.02970863090602337,-0.029467078618524822,-0.029467078618524788,-0.029467078618524753,-0.029467078618525235,-0.029467078618525013
2024-10-25,-0.015973700072577025,-0.015814214296052325,-0.015814214296052304,-0.015814214296052256,-0.015814214296052544,-0.01581421429605243
2024-10-28,0.002022640320672223,0.0019801623487759362,0.0019801623487759497,0.001980162348775945,0.0019801623487759636,0.001980162348775957
2024-10-29,0.010485769980506758,0.010384109096062768,0.010384109096062754,0.010384109096062733,0.010384109096062917,0.010384109096062837
2024-10-30,0.006452110732838135,0.006400100578932605,0.006400100578932593,0.006400100578932545,0.006400100578932704,0.006400100578932648
2024-10-31,-0.0300916285519941,-0.029843960511051346,-0.029843960511051374,-0.0006383088504672411,-0.0006383088504672574,-0.000638308850467242
2024-11-01,-0.005013513974980508,-0.004985063984788919,-0.0049850639847889185,-0.00028102638062664053,-0.00028102638062663305,-0.0002810263806266427
2024-11-05,0.010259190207919664,0.010245201038726434,0.010245201038726583,0.025137641560806282,0.025137641560806116,0.025137641560806157
2024-11-06,-0.007705895922450752,-0.007625718183409594,-0.007625718183409659,-0.00496316776839088,-0.004963167768390873,-0.004963167768390851
2024-11-07,-0.0326138249465091,-0.032260302618313,-0.03226030261831289,0.029895555878075932,0.029895555878075707,0.029895555878075773
2024-11-08,-0.014731426869850964,-0.014626742476048843,-0.014626742476048896,-0.009988300265715516,-0.009988300265715452,-0.009988300265715466
2024-11-11,-0.012677683419793256,-0.012604117601291093,-0.01260411760129107,0.0064801834605371575,0.006480183460537087,0.006480183460537121
2024-11-12,-0.01781877133449473,-0.017721151352281132,-0.017721151352281233,-0.010957568684284375,-0.010957568684284331,-0.010957568684284318
2024-11-13,0.010997723359859045,0.010876297048701326,0.010876297048701354,0.006081843868179158,0.006081843868179104,0.006081843868179123
2024-11-14,-0.012621585006070808,-0.012565672770251187,-0.012565672770251323,-0.0172340536254613,-0.0172340536254612,-0.017234053625461206
2024-11-15,-0.005020738876389763,-0.005014587830586275,-0.005014587830586371,-0.017392329847261842,-0.017392329847261707,-0.017392329847261755
2024-11-18,-0.00995108067731487,-0.009835933914157442,-0.009835933914157484,-0.004586650943828313,-0.0045866509438282745,-0.004586650943828287
2024-11-19,0.02348708738430916,0.02330736268000498,0.023307362680005057,0.00669893487182241,0.0066989348718223775,0.006698934871822377
2024-11-20,0.005342469474513446,0.0052973373710879365,0.005297337371087964,0.0022192369088307414,0.00221923690883073,0.002219236908830729
2024-11-21,0.026479880195108493,0.026250393001837177,0.026250393001837225,0.000910912969490084,0.0009109129694900806,0.0009109129694900807
2024-11-22,-0.004462993087691054,-0.004457827103736235,-0.004457827103736442,-0.03071228233935169,-0.03071228233935148,-0.030712282339351527
2024-11-25,-0.012921512454175168,-0.012819962350340755,-0.01281996235034079,-0.004537048821913381,-0.004537048821913353,-0.0045370488219133595
2024-11-26,-0.007154729393990977,-0.0071024951562320355,-0.007102495156232065,-0.0020533445287744187,-0.0020533445287744087,-0.002053344528774409
2024-11-27,-0.0036530567370432945,-0.0035848929061486484,-0.0035848929061485487,0.01726814795512245,0.017268147955122343,0.01726814795512236
2024-11-29,0.010709764887354868,0.010631422767949653,0.010631422767949742,0.011285515899668879,0.011285515899668799,0.011285515899668818
2024-12-02,0.005453837430612343,0.005416219961894856,0.0054162199618948935,0.007865167816314286,0.007865167816314233,0.007865167816314243
2024-12-03,0.006827114057048171,0.006830252282667182,0.006830252282667194,0.0011395454031858136,0.0011395454031858222,0.0011395454031858133
2024-12-04,-0.001647543355336567,-0.0016381315249984732,-0.0016381315249984923,-0.0053516075015899245,-0.00535160750158988,-0.005351607501589898
2024-12-05,-0.00947021638953505,-0.009403329502666903,-0.00940332950266693,-0.0022867860671198555,-0.002286786067119851,-0.002286786067119844
2024-12-06,0.003876944112117592,0.0038530591697293237,0.0038530591697294083,0.013029223256033827,0.013029223256033744,0.013029223256033754
2024-12-09,0.021432545571059124,0.02127479731599634,0.021274797315996328,-0.0015804157524078588,-0.0015804157524078144,-0.0015804157524078489
2024-12-10,-0.005635068634895936,-0.005566922593246777,-0.005566922593246726,0.007266283035187366,0.007266283035187307,0.00726628303518733
2024-12-11,0.009245421039115739,0.009189440633225108,0.009189440633225125,-0.0016498753730235603,-0.0016498753730235483,-0.0016498753730235481
2024-12-12,0.008774074393946623,0.008719995711767342,0.008719995711767393,0.009880472310016509,0.009880472310016444,0.009880472310016458
2024-12-13,-0.02611237739860129,-0.02592414729087617,-0.02592414729087634,-0.023498647062409377,-0.02349864706240923,-0.023498647062409256
2024-12-16,-0.022671960194402655,-0.02248025582388695,-0.022480255823886998,-0.00540619165942275,-0.005406191659422723,-0.0054061916594227225
2024-12-17,-0.013955966400509336,-0.013854873320290055,-0.013854873320290067,0.002540851045026114,0.002540851045026081,0.002540851045026099
2024-12-18,-0.0011725575226827461,-0.0012001028536516478,-0.0012001028536516337,0.004972933732347233,0.0049729337323472,0.004972933732347204
2024-12-19,-0.01326945895762255,-0.013168626359294588,-0.013168626359294592,0.0008656173904696164,0.0008656173904695994,0.0008656173904696102
2024-12-20,-0.005741418309741842,-0.005678904310548244,-0.005678904310548276,-0.004441071337178985,-0.0044410713371789545,-0.00444107133717896
2024-12-23,0.0002950302441806533,0.00032618514881995554,0.00032618514881996064,0.001502994944576988,0.001502994944576987,0.0015029949445769825
2024-12-24,0.00030496556967341394,0.00033972831772156463,0.00033972831772163093,0.012651090747869725,0.012651090747869636,0.012651090747869659
2024-12-27,-0.0023905920302598185,-0.0023511159349181828,-0.0023511159349182075,-0.001585668160921673,-0.0015856681609216613,-0.0015856681609216618
2024-12-30,-0.009494665453643194,-0.009423077987536832,-0.009423077987536803,0.004458886577722966,0.004458886577722927,0.00445888657772294
2025-01-06,-0.007968362152383281,-0.007906331030041623,-0.007906331030041607,-0.0016422568078470823,-0.0016422568078470708,-0.0016422568078470763
2025-01-07,0.018293355273202302,0.01815485191022468,0.01815485191022477,0.007172224822860601,0.00717222482286055,0.0071722248228605675
2025-01-08,-0.0024155645653336534,-0.0024169319076109736,-0.0024169319076109757,-0.001822443015574818,-0.0018224430155748127,-0.0018224430155748107
2025-01-10,-0.0028157593199191794,-0.0028020254027657314,-0.002802025402765789,-0.012428248061297735,-0.012428248061297647,-0.012428248061297668
2025-01-14,0.0019052002406425633,0.0019092825830295396,0.0019092825830296998,0.02609322060104042,0.02609322060104024,0.02609322060104028
2025-01-15,-0.01185384708182846,-0.011730095538505824,-0.011730095538505889,-0.006346864952078333,-0.006346864952078288,-0.006346864952078299
2025-01-16,0.0156261747220845,0.015522981356358233,0.015522981356358276,0.001189526350960728,0.0011895263509607427,0.0011895263509607232
2025-01-17,0.002548106373933213,0.0025338497741558812,0.002533849774155915,0.0031266223411656894,0.003126622341165672,0.003126622341165673
2025-01-21,-0.00042900042900039984,-0.00040573964334485445,-0.00040573964334485456,0.0007784916118984965,0.0007784916118984995,0.0007784916118984926
2025-01-22,0.02928909431055348,0.029015317540005393,0.029015317540005373,-0.009176154748958195,-0.009176154748958132,-0.009176154748958143
2025-01-23,-0.011587005447362799,-0.011492358932960434,-0.011492358932960457,0.0017327922311529181,0.0017327922311528928,0.001732792231152908
2025-01-24,0.006924857554672766,0.006904347544338404,0.006904347544338471,0.007627745658723655,0.0076277456587236225,0.007627745658723616
2025-01-27,-0.004785797300536297,-0.004781050579538769,-0.004781050579538808,-0.004119871143052294,-0.004119871143052261,-0.004119871143052276
2025-02-05,0.05894504340950645,0.058386733281297676,0.05838673328129771,-0.005673598619955422,-0.0056735986199553685,-0.0056735986199553945
2025-02-06,-0.00249928009520583,-0.0024300698670147963,-0.0024300698670147026,0.012499573892527939,0.012499573892527864,0.012499573892527874
2025-02-07,0.006522201479310934,0.006487142795273952,0.006487142795274061,0.012878160253025616,0.012878160253025538,0.012878160253025548
2025-02-10,0.012188273545773683,0.012126155083591253,0.012126155083591267,0.00218564195394494,0.002185641953944944,0.0021856419539449316
2025-02-12,-0.022321511658926253,-0.02211047460061328,-0.02211047460061328,0.009351192807615807,0.009351192807615748,0.009351192807615755
2025-02-13,0.0012767161743185704,0.0012946779407736859,0.0012946779407736707,-0.0036874331181821,-0.0036874331181820704,-0.003687433118182078
2025-02-14,-0.002056491732839824,-0.0020021823138827517,-0.002002182313882709,0.008619868102120601,0.008619868102120575,0.008619868102120554
2025-02-18,0.0050973970471661694,0.00506586551433553,0.005065865514335462,-0.008662034169368648,-0.008662034169368567,-0.0086620341693686
2025-02-19,0.0027849830248027887,0.002774980175862993,0.002774980175863049,0.00694476516018278,0.0069447651601827285,0.006944765160182744
2025-02-20,0.011896786682304754,0.011766025033576209,0.011766025033576247,-0.002842048500990174,-0.0028420485009901576,-0.00284204850099016
2025-02-21,-0.02555950034234654,-0.0253327541217077,-0.025332754121707705,0.012456241239580118,0.012456241239580045,0.012456241239580047
2025-02-25,-0.01187987181564743,-0.011843850486326938,-0.011843850486327006,-0.011072411435535875,-0.01107241143553581,-0.011072411435535822
2025-02-26,-0.007523140400716432,-0.00741596915244705,-0.007415969152447028,0.008679651096193527,0.008679651096193487,0.008679651096193482
2025-02-27,-0.012501643976974288,-0.01239044896504701,-0.012390448965047016,0.002029858866105258,0.002029858866105235,0.0020298588661052486
2025-02-28,-0.015228641347294578,-0.02055557280525132,-0.020555572805251117,-0.01956557280525109,-0.003781498198499856,-0.0037814981984998384
2025-03-03,0.002902517040583869,-0.0004130748679252897,-0.000413074867925294,-0.0004130748679252891,0.002826994903386012,0.0028269949033860155
2025-03-04,0.02907187022185464,-0.0008331919891192885,-0.0008331919891193251,-0.0008331919891193148,-0.0009058016575831193,-0.00090580165758312
2025-03-05,0.019706654767632836,0.004466890532316003,0.004466890532315941,0.004466890532315935,0.006615043886605724,0.00661504388660572
2025-03-06,-0.0008738626111356924,0.013658244227535404,0.013658244227535277,0.013658244227535267,0.01015280297253891,0.010152802972538906
2025-03-07,0.011546922150948978,-0.0030612624126964048,-0.0030612624126963943,-0.0030612624126963874,0.0008839368495897711,0.0008839368495897764
2025-03-10,0.0008444288237791846,-0.003880636277091718,-0.003880636277091697,-0.0038806362770916797,-0.00044174637395181143,-0.0004417463739518038
2025-03-11,0.008349860184145186,0.0031782953922649426,0.0031782953922648988,0.0031782953922649,-0.0032917811218345383,-0.0032917811218345465
2025-03-12,0.008500399304254265,-0.0035270620035808566,-0.0035270620035808293,-0.0035270620035808306,0.01692947252866337,0.016929472528663402
2025-03-13,0.004015765788853309,-0.003977170581554844,-0.003977170581554821,-0.003977170581554809,-0.0005310288818848636,-0.0005310288818848596
2025-03-14,0.02468866376196792,0.02415625591608267,0.024156255916082427,0.024156255916082392,0.013238009391928802,0.013238009391928793
2025-03-17,-0.0015145042427291277,-0.0023946781171225165,-0.0023946781171224874,-0.0023946781171224896,0.0008824460353500429,0.0008824460353500449
2025-03-18,0.047773632352776034,0.002777319417246822,0.002777319417246739,0.002777319417246737,-0.0019027178926210471,-0.0019027178926210595
2025-03-19,0.013560932229268022,0.0006445388760872158,0.0006445388760871987,0.0006445388760871934,0.007694863764111114,0.007694863764111126
2025-03-21,-0.02679577298116069,-0.015095903586084654,-0.015095903586084487,-0.01509590358608447,-0.012326378524214381,-0.01232637852421438
2025-03-24,-0.007585756991913311,0.005146367863297499,0.00514636786329747,0.005146367863297456,0.014660997578182795,0.014660997578182813
2025-03-25,0.006803217024154495,-0.0006479961766310583,-0.0006479961766310578,-0.0006479961766310599,0.0009624377810351712,0.00096243778103518
2025-03-26,-0.004578863237113306,-0.003249672058880627,-0.0032496720588805917,-0.0032496720588805882,0.000974775388566055,0.0009747753885660582
2025-03-27,0.0017048761045934753,0.0032950505033011047,0.0032950505033010695,0.003295050503301069,-0.005195299504491265,-0.0051952995044912765
2025-03-28,0.024117508856186676,-0.004386223318867119,-0.0043862233188671235,-0.004386223318867104,-0.013519769965170814,-0.013519769965170831
2025-03-31,0.022473403145978343,-0.013983918321710266,-0.013983918321710316,-0.013983918321710326,-0.013983918321710332,-0.01398391832171033
2025-04-01,-0.015596871883961855,0.0037320726342084587,0.003732072634208486,0.003732072634208494,0.003732072634208496,0.003732072634208494
2025-04-02,-0.022364988947156095,-0.0002172354377370108,-0.00021723543773699246,-0.00021723543773698612,-0.0002172354377369851,-0.00021723543773698336
2025-04-03,0.004131695914931762,-0.015191782914504993,-0.015191782914505047,-0.015191782914505061,-0.01519178291450506,-0.015191782914505068
2025-04-07,-0.05226320299746168,-0.1313348654277559,-0.13133486542775621,-0.13133486542775627,-0.1313348654277563,-0.13133486542775627
2025-04-08,0.01179034577548131,0.014991698399825792,0.014991698399825785,0.01499169839982578,0.01499169839982579,0.01499169839982579
2025-04-09,0.03504879348003151,0.0068863086060410176,0.006886308606040995,0.006886308606040988,0.006886308606040976,0.0068863086060409985
2025-04-10,0.057662569973611494,0.020538763109940867,0.020538763109940867,0.02053876310994085,0.02053876310994087,0.02053876310994085
2025-04-11,0.03693169414603316,0.011208056824077118,0.011208056824077137,0.011208056824077127,0.011208056824077127,0.011208056824077125
2025-04-14,0.048724450647013036,0.023909394496436573,0.02390939449643665,0.02390939449643664,0.023909394496436646,0.023909394496436642
2025-04-15,0.0011859895801966626,0.0022630263562018462,0.002263026356201856,0.002263026356201856,0.002263026356201855,0.0022630263562018575
2025-04-16,0.03777954483455102,-0.018874015141110072,-0.018874015141110204,-0.01887401514111022,-0.018874015141110232,-0.01887401514111023
2025-04-17,-0.023982879613255733,0.01594107518872161,0.015941075188721707,0.015941075188721725,0.015941075188721725,0.015941075188721725
2025-04-22,-0.0009093624668844202,0.007787142985130668,0.007787142985130711,0.007787142985130716,0.007787142985130714,0.00778714298513072
2025-04-23,-0.07558597473915972,0.02339776694213844,0.023397766942138604,0.02339776694213864,0.02339776694213865,0.02339776694213865
2025-04-24,-0.008605953277271742,-0.007294331548590146,-0.007294331548590173,-0.007294331548590172,-0.007294331548590176,-0.0072943315485901675
2025-04-25,-0.018148037024498402,0.003227381989773591,0.0032273819897736156,0.003227381989773625,0.0032273819897736247,0.003227381989773628
2025-04-28,-0.0043325838192103065,-0.00041162359943636265,-0.0004116235994363565,-0.0004116235994363572,-0.0004116235994363544,-0.0004116235994363556
2025-04-30,0.004057226631455432,0.004959253498964886,0.004959253498964953,0.004959253498964911,0.004959253498964943,0.004959253498964945
2025-05-07,0.0012871364457296705,0.0012767202084793539,0.0012767202084793114,0.0012767202084793309,0.0012767202084793146,0.0012767202084793094
2025-05-08,0.003703527429194686,0.0036959835804275193,0.003695983580427627,0.0036959835804275627,0.003695983580427613,0.0036959835804276256
2025-05-09,0.004031450760276767,0.004020219440536583,0.004020219440536622,0.004020219440536596,0.004020219440536613,0.004020219440536617
2025-05-12,0.029811428676379672,0.0295870706105516,0.029587070610551807,0.029587070610551658,0.029587070610551762,0.029587070610551786
2025-05-13,-0.018734612173697263,-0.018506261843899276,-0.018506261843899422,-0.018506261843899325,-0.018506261843899398,-0.01850626184389941
2025-05-14,0.02303850526240174,0.022827532041142552,0.022827532041142712,0.022827532041142597,0.022827532041142677,0.02282753204114269
2025-05-15,-0.007930831005069777,-0.007912593663489825,-0.007912593663489807,-0.007912593663489804,-0.0079125936634898,-0.0079125936634898
2025-05-16,-0.004609613374061284,-0.004555558570147415,-0.0045555585701474366,-0.004555558570147419,-0.004555558570147432,-0.004555558570147433
2025-05-19,-0.0005281633579708885,-0.0005293419623522218,-0.0005293419623522327,-0.0005293419623522245,-0.0005293419623522299,-0.0005293419623522311
2025-05-20,0.01494725004200094,0.014817975785317336,0.014817975785317372,0.014817975785317338,0.014817975785317362,0.014817975785317364
2025-05-21,0.0061778233455004996,0.0061384136908481995,0.006138413690848007,0.006138413690848105,0.006138413690848024,0.006138413690848003
2025-05-22,-0.011896618149067987,-0.011818791280610506,-0.011818791280610518,-0.011818791280610499,-0.011818791280610507,-0.01181879128061051
2025-05-23,0.002418843448799342,0.0024170339880853838,0.002417033988085343,0.002417033988085365,0.002417033988085345,0.002417033988085342
2025-05-27,0.0042804994173691775,0.004223284867837961,0.004223284867838136,0.0042232848678380374,0.004223284867838114,0.00422328486783813
2025-05-28,-0.005289541223822291,-0.005236183701193798,-0.005236183701193834,-0.005236183701193809,-0.005236183701193827,-0.00523618370119383
2025-05-29,0.01354655604813931,0.013427643734563179,0.013427643734563299,0.013427643734563217,0.013427643734563274,0.013427643734563283
2025-05-30,-0.01203094337765731,-0.011946150062535238,-0.011946150062535283,-0.011946150062535242,-0.011946150062535268,-0.011946150062535273
2025-06-03,0.015308768428320973,0.015217105792117262,0.015217105792117184,0.01521710579211721,0.01521710579211718,0.015217105792117174
2025-06-04,0.006019779274759819,0.005971682832841984,0.005971682832842012,0.005971682832841987,0.005971682832842003,0.005971682832842005
2025-06-05,0.010693315261712322,0.010585173207513945,0.010585173207514027,0.010585173207513973,0.010585173207514013,0.01058517320751402
2025-06-06,-0.00478647022186413,-0.0046872635760477665,-0.004687263576047841,-0.004687263576047797,-0.004687263576047834,-0.004687263576047838
2025-06-09,0.016345039243392992,0.016210120240790805,0.016210120240790916,0.016210120240790837,0.016210120240790892,0.01621012024079091
2025-06-10,-0.0007675311178867427,-0.0007645841387518153,-0.0007645841387518066,-0.0007645841387518091,-0.0007645841387518076,-0.0007645841387518073
2025-06-11,0.00844560269537522,0.008433470214874464,0.008433470214874464,0.00843347021487445,0.008433470214874454,0.008433470214874457
2025-06-12,-0.013606960906867867,-0.013453832640737313,-0.013453832640737493,-0.01345383264073738,-0.013453832640737469,-0.013453832640737485
2025-06-13,-0.005942073726315004,-0.005813486487791716,-0.005813486487791914,-0.005813486487791799,-0.00581348648779189,-0.005813486487791904
2025-06-16,0.007049474815591055,0.006956091870357469,0.006956091870357607,0.006956091870357523,0.0069560918703575865,0.006956091870357599
2025-06-17,-0.0033535610961976884,-0.0032662068314720963,-0.0032662068314720815,-0.003266206831472087,-0.003266206831472083,-0.003266206831472076
2025-06-18,-0.011242978611610362,-0.011135602409852294,-0.011135602409852376,-0.01113560240985232,-0.011135602409852362,-0.01113560240985237
2025-06-20,0.012597610611014531,0.0124416912732071,0.012441691273207245,0.012441691273207154,0.012441691273207222,0.012441691273207236
2025-06-23,0.006742318898722137,0.006615659490470798,0.006615659490470801,0.006615659490470792,0.006615659490470798,0.006615659490470792
2025-06-24,0.02059763275392535,0.020385003948813908,0.020385003948814095,0.02038500394881397,0.020385003948814064,0.020385003948814075
2025-06-25,0.012309183867193192,0.012225408935635626,0.012225408935635602,0.012225408935635597,0.012225408935635593,0.012225408935635592
2025-06-26,-0.006098958637644389,-0.006007384928243399,-0.0060073849282434545,-0.006007384928243419,-0.0060073849282434475,-0.006007384928243453
2025-06-27,-0.0016957583431311287,-0.0016749959348764346,-0.0016749959348763555,-0.0016749959348763967,-0.0016749959348763659,-0.0016749959348763576
2025-06-30,-0.008724620791751016,-0.008614855401993268,0.007332081905263113,0.007332081905263112,0.00733208190526311,0.007332081905263115
2025-07-02,0.00619509244658165,0.006164724353978291,-0.0055105987086787695,-0.0055105987086787695,-0.005510598708678768,-0.005510598708678772
2025-07-03,-0.006253558318859341,-0.006195741177886095,0.0005783890500738863,0.0005783890500738876,0.0005783890500738888,0.0005783890500738888
2025-07-07,-0.0011803783733608567,-0.0011843746238457797,-0.005566242526320906,-0.005566242526320905,-0.0055662425263209026,-0.005566242526320907
2025-07-08,0.010894250335840447,0.01081883715249495,0.002562566131465412,0.0025625661314654137,0.0025625661314654102,0.0025625661314654124
2025-07-09,-0.010590908507388032,-0.01052142529369547,0.0032679135633359667,0.0032679135633359732,0.0032679135633359737,0.0032679135633359763
2025-07-10,0.005694298418906118,0.00563207396239527,-0.004353981463883903,-0.004353981463883905,-0.0043539814638839025,-0.004353981463883907
2025-07-11,0.004627862813832108,0.0046104391134383195,-0.0018859034510826506,-0.0018859034510826519,-0.0018859034510826517,-0.0018859034510826532
2025-07-14,0.0026408921119970147,0.0026206162419084595,-0.002747475267257076,-0.0027474752672570833,-0.0027474752672570816,-0.002747475267257084
2025-07-15,0.015981278601447872,0.01582378654077909,0.0054817450076882854,0.005481745007688292,0.005481745007688286,0.0054817450076882915
2025-07-16,-0.002942645257526193,-0.00291957568228565,-0.0003711381844663687,-0.0003711381844663686,-0.0003711381844663676,-0.00037113818446636815
2025-07-17,-0.000767198961079617,-0.0007406121476396756,0.005954162432455957,0.005954162432455964,0.00595416243245596,0.005954162432455966
2025-07-18,0.013335673569683458,0.013229949167631358,-0.002008878356888374,-0.002008878356888375,-0.0020088783568883765,-0.002008878356888378
2025-07-22,0.005436874403360238,0.005412394621375602,-0.0010687820027217851,-0.001068782002721791,-0.0010687820027217914,-0.0010687820027217923
2025-07-23,0.01623714734920728,0.016124818592183968,0.034806517399510344,0.03480651739951037,0.03480651739951034,0.03480651739951037
2025-07-24,0.005055589557080864,0.005022361002154078,0.01576784979170967,0.015767849791709684,0.015767849791709674,0.015767849791709688
2025-07-25,-0.010863289227722065,-0.010807019507680064,-0.008812606119621843,-0.008812606119621846,-0.008812606119621836,-0.008812606119621844
2025-07-28,0.0068448717620483235,0.006788907979721229,-0.010923878549760159,-0.010923878549760159,-0.010923878549760152,-0.010923878549760162
2025-07-29,-0.0014740555657920809,-0.0014447965000250356,-0.007802464986999081,-0.0078024649869990826,-0.007802464986999077,-0.007802464986999084
2025-07-30,-0.013615180738468412,-0.01348062658527503,-0.0004847376028821635,-0.0004847376028821671,-0.0004847376028821643,-0.0004847376028821647
2025-07-31,-0.01603054860143783,-0.015944673823985824,0.010034334083707496,0.01003433408370751,0.010034334083707509,0.010034334083707526
2025-08-01,-0.010717977760761345,-0.010678691277675054,-0.006581625275811863,-0.006581625275811871,-0.00658162527581187,-0.00658162527581187
2025-08-04,0.009206860996555884,0.009168330049792053,-0.0122948922233715,-0.01229489222337151,-0.012294892223371504,-0.012294892223371523
2025-08-05,0.006836086352692395,0.006770544951885253,0.006362887667043069,0.006362887667043071,0.006362887667043069,0.0063628876670430755
2025-08-06,0.0003252681554846198,0.00033371548370001564,0.006001084846194531,0.006001084846194537,0.006001084846194536,0.006001084846194542
2025-08-07,0.00686453935528731,0.0068196685906095,0.006437501750377242,0.006437501750377244,0.006437501750377245,0.006437501750377249
2025-08-08,-0.008883393942100345,-0.008776375712601321,0.018375035320849498,0.01837503532084952,0.018375035320849515,0.01837503532084953
2025-08-12,0.0025242092423718573,0.002528977172633239,0.02128067715993359,0.021280677159933602,0.0212806771599336,0.02128067715993362
2025-08-13,0.025790879178267292,0.025595234268084237,0.012959234889478224,0.012959234889478232,0.012959234889478229,0.01295923488947824
2025-08-14,-0.0036835799008888663,-0.0036642340414031254,-0.014325072181049843,-0.014325072181049848,-0.014325072181049848,-0.014325072181049862
2025-08-15,-0.00976710978192207,-0.009670685917354191,0.016921895161250446,0.016921895161250467,0.016921895161250464,0.016921895161250474
2025-08-18,-0.00368894902151051,-0.003649625172172394,0.00767078289552424,0.0076707828955242495,0.007670782895524247,0.007670782895524253
2025-08-19,-0.0021428415389532847,-0.0021534883455669924,-0.0038372319315552383,-0.0038372319315552418,-0.0038372319315552418,-0.0038372319315552426
2025-08-20,0.001713178016868874,0.001716558070615609,-0.014932830919280434,-0.014932830919280445,-0.014932830919280441,-0.014932830919280458
2025-08-21,-0.0024370240094349093,-0.002412262377312931,-0.00642547751703974,-0.006425477517039744,-0.006425477517039742,-0.006425477517039749
2025-08-22,0.009342108879604183,0.00930279230809559,0.0005912720526403062,0.0005912720526403079,0.0005912720526403046,0.0005912720526403011
2025-08-25,0.01936806063662779,0.01928076508413532,0.004159196835456299,0.004159196835456298,0.0041591968354563,0.0041591968354562974
2025-08-26,-0.011807629217446056,-0.011725186322767507,-0.009596638839955934,-0.009596638839955941,-0.009596638839955937,-0.009596638839955944
2025-08-27,-0.012660568573770296,-0.012567319133325525,0.002905977723349554,0.0029059777233495588,0.002905977723349558,0.0029059777233495627
2025-08-28,-0.008052612198513042,-0.007934542066187064,0.007220819187099094,0.007220819187099103,0.007220819187099103,0.007220819187099104
2025-08-29,0.003152148781422567,0.0031521188656671462,-0.002518587475238795,-0.002518587475238799,-0.0025185874752387963,-0.0025185874752388015
2025-09-02,-0.0047182737371678175,-0.004677249266510057,0.002849647742419351,0.002849647742419354,0.0028496477424193555,0.0028496477424193576
2025-09-03,-0.006005518393665038,-0.005964257086036075,-0.008713658908594966,-0.008713658908594974,-0.008713658908594971,-0.008713658908594978
2025-09-04,-0.011242361432529104,-0.01117781146838745,0.015092398302656112,0.015092398302656124,0.015092398302656119,0.01509239830265614
2025-09-05,0.014345226432058506,0.014269286994505343,0.01026226264868538,0.010262262648685384,0.010262262648685386,0.010262262648685391
2025-09-08,0.008495167593963083,0.008436416290843757,0.014410844278091396,0.014410844278091405,0.014410844278091405,0.014410844278091417
2025-09-09,0.011867873453562239,0.011824886994543796,-0.004109890972149283,-0.0041098909721492905,-0.004109890972149279,-0.004109890972149291
2025-09-10,0.010105971401947581,0.010030291876216312,0.008644853723173088,0.008644853723173094,0.008644853723173092,0.0086448537231731
2025-09-11,-0.004348811805684359,-0.004290205060542087,0.012093354080750861,0.01209335408075087,0.012093354080750865,0.012093354080750875
2025-09-12,0.011570815661235535,0.011499901359934846,0.00887151761439271,0.008871517614392711,0.008871517614392711,0.008871517614392718
2025-09-16,-0.00030438741371285075,-0.0002788035896217591,0.0029891264405185244,0.0029891264405185274,0.0029891264405185287,0.0029891264405185296
2025-09-17,0.017772559800079513,0.01758016710413124,-0.0024816047382978934,-0.002481604738297899,-0.002481604738297902,-0.002481604738297901
2025-09-18,-0.013510284338825184,-0.013441758063334846,0.011273347317550413,0.011273347317550425,0.011273347317550421,0.011273347317550433
2025-09-19,9.418022705039438e-06,5.105360284934201e-06,-0.005633898177527754,-0.005633898177527759,-0.005633898177527758,-0.005633898177527763
2025-09-22,-0.007570512071907704,-0.0074245610308319495,0.009912926071961238,0.009912926071961247,0.009912926071961252,0.009912926071961254
2025-09-24,0.013743963864228057,0.013656855280517995,0.003024009145456369,0.0030240091454563703,0.003024009145456371,0.0030240091454563707
2025-09-25,-0.0012809852688580058,-0.001253278686277056,0.0027186653433442197,0.0027186653433442175,0.0027186653433442106,0.0027186653433442154
2025-09-26,-0.013459856792681696,-0.013351243047852913,-0.008679491669241292,-0.008679491669241295,-0.008679491669241294,-0.0086794916692413
2025-09-29,0.0189328005756233,0.01877315284809311,-0.006764006590635271,-0.0067640065906352815,-0.006764006590635279,-0.0067640065906352876
2025-09-30,0.019357396929194335,0.019189819347544126,-0.0024162691874935103,-0.0024162691874934747,-0.00241626918749351,-0.0024162691874934847
2025-10-09,0.08789275163514468,0.08715744724483777,0.017677836498667217,0.017677836498667113,0.01767783649866718,0.01767783649866721
2025-10-10,-0.0426395292755861,-0.04238694918458131,-0.010192736397195166,-0.01019273639719514,-0.010192736397195151,-0.010192736397195144
2025-10-14,-0.027376126658659135,-0.027211414727326425,-0.02566729158708819,-0.025667291587088074,-0.02566729158708814,-0.025667291587088113
2025-10-15,0.01029226036489854,0.010271170750289896,0.01752352442411072,0.017523524424110655,0.017523524424110683,0.017523524424110665
2025-10-16,-0.029221281717025545,-0.02897825089897,0.012516073943126538,0.012516073943126463,0.012516073943126513,0.012516073943126479
2025-10-17,0.010475815796966851,0.010324088383290728,-0.014310977885770652,-0.014310977885770631,-0.014310977885770624,-0.014310977885770602
2025-10-20,-0.06147757970467866,-0.06084579510424398,0.03337650390816995,0.03337650390816979,0.03337650390816988,0.0333765039081698
2025-10-21,0.0026905912107911,0.002704437186026304,0.002668648320234813,0.002668648320234819,0.0026686483202348105,0.0026686483202348053
2025-10-22,-0.031245386261171973,-0.030937859646722864,-0.00017094416030016173,-0.00017094416030018146,-0.00017094416030015146,-0.00017094416030017398
2025-10-23,-0.005712903153591397,-0.0056271814694486555,-0.01334694496528284,-0.013346944965282742,-0.013346944965282808,-0.01334694496528279
2025-10-24,-0.009349472752606197,-0.009210182456043688,0.013438847320407496,0.013438847320407428,0.013438847320407465,0.013438847320407447
2025-10-27,0.015027432866729081,0.014959851335829666,0.024434656756944086,0.024434656756943958,0.024434656756944034,0.024434656756944003
2025-10-28,-0.031158349089772473,-0.0309228400551123,-0.005821377780258303,-0.005821377780258278,-0.0058213777802582954,-0.005821377780258306
2025-10-30,-0.012829403755180283,-0.012744380140910339,0.00030327439021082944,0.00030327439021082234,0.00030327439021083085,0.0003032743902108222
2025-10-31,0.002624052346904496,0.002593581145980718,0.02093799874758121,0.02093799874758129,0.020937998747581312,0.02093799874758137
2025-11-04,-0.04062820045136115,-0.04033239579776118,-0.017377706160533433,-0.01737770616053344,-0.017377706160533416,-0.01737770616053344
2025-11-05,0.014891225963738357,0.014723195598592394,-0.024721057240071863,-0.024721057240071936,-0.024721057240071932,-0.024721057240071984
2025-11-06,0.012705185591291688,0.0126361907636133,0.013295775617727695,0.013295775617727693,0.013295775617727669,0.013295775617727683
2025-11-07,-0.0007123230099921603,-0.0007308473329411905,-0.011841555915022403,-0.01184155591502242,-0.01184155591502241,-0.011841555915022431
2025-11-10,0.03137257347948742,0.031147716711628973,0.012600434539373293,0.01260043453937328,0.012600434539373267,0.012600434539373286
2025-11-11,-0.005768491440567782,-0.005701363373805796,-0.001328984354369809,-0.0013289843543698146,-0.0013289843543698074,-0.0013289843543698014
2025-11-12,-0.007654555281547537,-0.007609711539572078,0.004259478890198215,0.004259478890198219,0.004259478890198217,0.00425947889019822
2025-11-13,0.029136372830687034,0.02889438756546689,0.004285978088124016,0.004285978088124001,0.004285978088123983,0.004285978088123979
2025-11-14,-0.02015472018228807,-0.02001506002915885,-0.017538778961471012,-0.017538778961471026,-0.017538778961470998,-0.017538778961471015
2025-11-17,-0.017022904309716428,-0.016903226558184267,-0.001084639983253493,-0.0010846399832534733,-0.0010846399832534631,-0.0010846399832534581
2025-11-18,-0.026203807094043043,-0.026027120541322012,-0.031973189724734945,-0.031973189724734986,-0.031973189724734966,-0.031973189724735014
2025-11-19,0.0630464847398168,0.062465966533022096,-0.003309749213772425,-0.0033097492137724696,-0.003309749213772476,-0.0033097492137724956
2025-11-20,-0.014460746142243562,-0.0143314274064763,0.026219526685878767,0.026219526685878847,0.026219526685878843,0.026219526685878902
2025-11-21,-0.03166557275981434,-0.03145861368417929,-0.02391510826732529,-0.023915108267325305,-0.023915108267325274,-0.023915108267325298
2025-11-25,0.03230786209630375,0.03203673778240772,0.0007368488529159232,0.0007368488529158934,0.0007368488529158806,0.0007368488529158689
2025-11-26,0.0025867519724638325,0.0026022211069775722,0.01834308932257387,0.01834308932257392,0.018343089322573912,0.018343089322573947
2025-11-28,0.013521565315144566,0.013409351125542375,0.0017361142406404808,0.0017361142406404815,0.001736114240640474,0.001736114240640474
2025-12-01,0.019026187103434296,0.018870297045632825,-0.018693000842955318,-0.018693000842955394,-0.01869300084295542,-0.018693000842955464
2025-12-02,-0.017949501081545114,-0.017807354932601833,-3.393529586784661e-05,-3.3935295867839024e-05,-3.393529586783206e-05,-3.393529586782854e-05
2025-12-03,-0.011076270680284413,-0.010972031707325856,0.011262823543076641,0.011262823543076703,0.011262823543076698,0.011262823543076731
2025-12-04,-0.013598026278042262,-0.013413698903516019,0.02315292935313155,0.023152929353131603,0.02315292935313158,0.02315292935313163
2025-12-05,0.02653096211911809,0.026324733472406683,-0.010350500588123285,-0.010350500588123344,-0.010350500588123366,-0.010350500588123396
2025-12-08,-0.013655845262440368,-0.013558595014345387,0.0017267048189612815,0.0017267048189613175,0.001726704818961308,0.0017267048189613069
2025-12-09,-0.028656495678244253,-0.028443283996249503,0.00135854909987063,0.001358549099870678,0.0013585490998706993,0.0013585490998707108
2025-12-10,0.02272853602561019,0.022549614433426523,-0.000973784051212468,-0.0009737840512124954,-0.0009737840512125001,-0.0009737840512125042
2025-12-11,0.0052949782926758815,0.005221524319991509,-0.008902230102160718,-0.00890223010216075,-0.008902230102160742,-0.008902230102160756
2025-12-12,0.03225086534148926,0.03200067824565067,0.013648966032941667,0.013648966032941655,0.013648966032941627,0.013648966032941643
2025-12-15,0.02295676803566498,0.022682585302958934,-0.0130619342842931,-0.013061934284293128,-0.013061934284293102,-0.013061934284293126
2025-12-16,-0.04943209977677199,-0.049064749117393044,-0.01561433472183033,-0.01561433472183032,-0.0156143347218303,-0.015614334721830318
2025-12-17,0.03349026441292602,0.0332505202497562,0.0026810554513526344,0.002681055451352607,0.002681055451352582,0.0026810554513525724
2025-12-18,0.009150768797162583,0.009043215825300628,-0.010229111618146252,-0.010229111618146287,-0.010229111618146278,-0.0102291116181463
2025-12-19,-0.005917944501711318,-0.005813558627750778,0.010262299783231635,0.010262299783231654,0.010262299783231644,0.010262299783231664
2025-12-22,0.0363341508351027,0.0360813436670849,0.01801152694320791,0.018011526943207932,0.01801152694320791,0.018011526943207935
2025-12-23,0.023781498956300967,0.02357636268605957,0.00023852610075163232,0.00023852610075162015,0.00023852610075162254,0.00023852610075161948
2025-12-24,-0.015224250686001951,-0.01505952926985487,-0.0013380155180201226,-0.0013380155180201234,-0.001338015518020145,-0.0013380155180201482
2025-12-29,-0.022347099791380054,-0.02215789998609034,-0.004393553948862096,-0.004393553948862083,-0.004393553948862081,-0.004393553948862081
2025-12-30,0.0012628112921937687,0.0012506186888915259,-0.0036721730721032916,-0.0036721730721033146,-0.0036721730721033107,-0.0036721730721033206
2026-01-05,0.031024033874975404,0.03084004426622069,0.029494587470841417,0.029494587470841476,0.029494587470841434,0.02949458747084148
2026-01-06,0.01516757810837291,0.015098588839913898,0.013171448840717343,0.013171448840717343,0.013171448840717293,0.013171448840717304
2026-01-07,-0.007189122191173535,-0.007174381659046317,-0.01053999773978676,-0.010539997739786764,-0.010539997739786743,-0.010539997739786758
2026-01-08,-0.007064353983418788,-0.007019290600534519,-0.016119516531195265,-0.01611951653119528,-0.01611951653119525,-0.016119516531195276
2026-01-09,0.036449577785931025,0.03615996978937672,0.016006956518927716,0.016006956518927726,0.016006956518927723,0.016006956518927747
2026-01-13,0.026610421670972828,0.02640889878412202,0.030738063695709125,0.03073806369570918,0.03073806369570919,0.030738063695709254
2026-01-14,0.013219449121431028,0.013123871923098185,0.014680157919841744,0.014680157919841761,0.014680157919841749,0.014680157919841778
2026-01-15,0.01753602242049854,0.017339324187148886,-0.004224825858067876,-0.004224825858067892,-0.004224825858067882,-0.004224825858067897
2026-01-16,-0.02121505063425998,-0.02104569640409823,-0.0032323195664729037,-0.0032323195664728916,-0.003232319566472874,-0.003232319566472874
2026-01-20,0.0339278100593869,0.03358215070372928,-0.010952745970983753,-0.010952745970983804,-0.010952745970983798,-0.010952745970983824
2026-01-21,0.07819070229719342,0.07752349530081883,-0.003929288492274232,-0.0039292884922743024,-0.003929288492274301,-0.003929288492274318
2026-01-22,-0.020236403563404257,-0.02005018011281341,0.017134284316019353,0.01713428431601941,0.017134284316019415,0.01713428431601945
2026-01-23,0.02010068274687126,0.019960237445104223,0.002973644660766911,0.0029736446607668953,0.002973644660766894,0.002973644660766903
2026-01-26,0.10262324169159233,0.10168467472503243,-0.017592169979319897,-0.017592169979320015,-0.017592169979320012,-0.01759216997932006
2026-01-27,0.012239387372951854,0.012193364293673507,0.008468258891786857,0.008468258891786847,0.00846825889178684,0.008468258891786859
2026-01-28,0.10095748983640938,0.10009828074133609,0.0006175821177699593,0.00061758211776985,0.0006175821177698459,0.0006175821177698299
2026-01-29,0.054538821483206504,0.05415045033188219,0.0004703885823905701,0.00047038858239051507,0.00047038858239046015,0.0004703885823904514
2026-01-30,-0.08766022022619532,-0.08695959296297612,-0.0011543714347699253,-0.0011543714347698262,-0.0011543714347697757,-0.0011543714347697568
2026-02-02,-0.10335785503447234,-0.10259483805454668,-0.012666622546095354,-0.012666622546095276,-0.01266662254609521,-0.012666622546095211
2026-02-03,0.014203600638378774,0.014209631713130843,0.038982331820133304,0.03898233182013339,0.03898233182013332,0.03898233182013339
2026-02-04,-0.029230809661745485,-0.028950278103327613,-0.007742439874480448,-0.00774243987448045,-0.007742439874480461,-0.007742439874480477
2026-02-05,-0.05240492279371383,-0.05201955512447875,-0.008805796653409042,-0.008805796653409024,-0.008805796653408986,-0.008805796653408996
2026-02-06,0.004021187735948797,0.003999638719459208,0.008032399518686931,0.008032399518686971,0.008032399518686985,0.008032399518687009
2026-02-09,0.00811892325625734,0.008157038004375197,0.038626505704134846,0.03862650570413493,0.038626505704134895,0.03862650570413496
2026-02-10,-0.014300046320383366,-0.014148980202958667,0.022606450366156574,0.02260645036615664,0.022606450366156633,0.022606450366156678
2026-02-12,-0.009594479322365472,-0.009557337172005853,-0.00024254766935766982,-0.00024254766935764979,-0.00024254766935765304,-0.00024254766935765607
2026-02-13,-0.027807377375660663,-0.027616007254121062,-0.012073053718405388,-0.01207305371840537,-0.012073053718405339,-0.012073053718405348
2026-02-24,0.05199123148644425,0.05154141586424205,0.00870063006045717,0.008700630060457189,0.008700630060457168,0.008700630060457173
2026-02-25,0.004499910350007647,0.004509913646698982,0.02185168665723986,0.021851686657239907,0.021851686657239886,0.02185168665723992
2026-02-26,-0.010489345689242346,-0.01041684194857651,0.002845014218564597,0.002845014218564636,0.002845014218564639,0.0028450142185646493
2026-02-27,0.03060404169534858,0.030376100225330625,0.0017105358156670482,0.001710535815667013,0.0017105358156670073,0.0017105358156670114
2026-03-02,0.10259870684873978,0.1017128340080756,-0.013200516155070088,-0.013200516155070157,-0.013200516155070155,-0.013200516155070188
2026-03-03,-0.03201108782367668,-0.03175512401481859,-0.030386086245249733,-0.03038608624524978,-0.030386086245249747,-0.030386086245249785
2026-03-04,-0.03642249875048223,-0.036152291164679995,-0.03586531951143676,-0.035865319511436816,-0.035865319511436795,-0.035865319511436844
2026-03-05,-0.02474941367249913,-0.024483530660505622,0.018862238526332026,0.0188622385263321,0.01886223852633209,0.018862238526332127
2026-03-06,-0.010156526392460391,-0.009944240563386764,0.006249723996171965,0.0062497239961719605,0.006249723996171959,0.00624972399617198
2026-03-09,0.014908903383614223,0.01465870300902243,-0.05157819798670439,-0.05157819798670452,-0.0515781979867045,-0.051578197986704606
2026-03-10,0.004204045661511177,0.004257176462459771,0.02862750240460963,0.028627502404609675,0.028627502404609644,0.028627502404609692
2026-03-11,0.0010647351924302152,0.0010928894809730653,0.014218212310534146,0.014218212310534193,0.014218212310534188,0.014218212310534214
2026-03-12,-0.010061982163384952,-0.009921310537405305,-0.01025857771872171,-0.01025857771872172,-0.010258577718721715,-0.010258577718721719
2026-03-13,-0.024087320999237275,-0.023888496808009505,-0.011556877597399325,-0.011556877597399325,-0.011556877597399312,-0.011556877597399325
2026-03-16,-0.044795102635319634,-0.044400333210504225,-0.0013124883857863414,-0.0013124883857863379,-0.001312488385786336,-0.0013124883857863385
2026-03-17,0.00516818204148439,0.005141832159555029,-0.0009095764309200432,-0.0009095764309200529,-0.0009095764309200435,-0.0009095764309200383
2026-03-18,-0.0006772541312025451,-0.0005928000578999012,0.028450285529838675,0.02845028552983875,0.028450285529838745,0.028450285529838807
2026-03-19,-0.05688566369995153,-0.056509055442528704,-0.03365027471581862,-0.03365027471581865,-0.033650274715818586,-0.033650274715818634
2026-03-23,-0.08325442790173525,-0.08271298468631036,-0.03473709041424615,-0.03473709041424613,-0.03473709041424607,-0.034737090414246115
2026-03-24,0.025283140534989874,0.025126836711653878,0.014255804723690362,0.014255804723690335,0.014255804723690304,0.014255804723690315
2026-03-25,0.034034419050375186,0.03383482476611644,0.028510164599708523,0.028510164599708565,0.028510164599708534,0.028510164599708576
2026-03-26,-0.028082441258037192,-0.02785823470664862,-0.0027452005897608397,-0.0027452005897608,-0.002745200589760786,-0.002745200589760773
2026-03-27,0.03492041213574291,0.03468433381654944,-0.00414543121776078,-0.004145431217760821,-0.004145431217760831,-0.004145431217760839
2026-03-30,0.0529304108685044,0.05241173519334254,-0.027575339546239093,-0.02757533954623919,-0.027575339546239173,-0.027575339546239235
2026-03-31,-0.0003784363012034375,-0.0004680144177637447,-0.09507234753071286,-0.09507234753071286,-0.0950723475307129,-0.09507234753071293
2026-04-01,0.025509953321803263,0.025361946485496435,-0.0313533535505533,-0.031353353550553284,-0.0313533535505533,-0.03135335355055331
2026-04-02,-0.030303040115955686,-0.02999103971083883,0.08889564199118782,0.08889564199118781,0.08889564199118784,0.08889564199118787
2026-04-08,0.08660474798695422,0.08592197006280398,-0.06414471342629585,-0.06414471342629584,-0.06414471342629585,-0.06414471342629588
2026-04-09,-0.021986523926016292,-0.021807945757310387,-0.0030102632856525056,-0.0030102632856525086,-0.0030102632856525086,-0.003010263285652508
2026-04-10,-0.020718261099045728,-0.020507719241244497,-0.022074226065916046,-0.02207422606591604,-0.02207422606591605,-0.02207422606591606
2026-04-13,-0.015797466442832826,-0.01560454856364079,0.03931565613646949,0.039315656136469486,0.0393156561364695,0.039315656136469514
2026-04-14,-0.003694468878762351,-0.003615620722655323,-0.026829525104109124,-0.02682952510410912,-0.026829525104109124,-0.026829525104109145
2026-04-15,-0.01125826803433882,-0.011146181378203245,-0.004880923966309707,-0.004880923966309708,-0.004880923966309708,-0.004880923966309712
2026-04-16,0.016119768141746888,0.016074693230204447,0.03497013352142962,0.03497013352142963,0.03497013352142964,0.03497013352142965
2026-04-17,-0.010227928962492503,-0.010212440409746379,-0.05845253760583294,-0.05845253760583294,-0.05845253760583296,-0.05845253760583297
2026-04-20,0.009432069771548207,0.009381642269220043,0.01482640780261509,0.014826407802615092,0.014826407802615094,0.014826407802615097
2026-04-21,0.0027091399497454517,0.0027468520166613387,0.05558079493762881,0.055580794937628804,0.055580794937628825,0.05558079493762884
2026-04-22,-0.004999670228202117,-0.004913749064541851,0.024920842692753083,0.02492084269275308,0.024920842692753086,0.024920842692753097
2026-04-23,-0.048545375424353165,-0.04808699283566333,0.0434529879186413,0.04345298791864129,0.0434529879186413,0.04345298791864132
2026-04-24,-0.010281924754577672,-0.010175729892036602,-0.001210660796664035,-0.001210660796664035,-0.0012106607966640335,-0.0012106607966640363
2026-04-27,-0.01262648926581231,-0.012473664329477331,0.022654062877073094,0.022654062877073094,0.0226540628770731,0.022654062877073108
2026-04-28,-0.02726267513707634,-0.027023053586483534,0.026659515574845232,0.026659515574845225,0.026659515574845236,0.02665951557484525
2026-04-30,-0.014689068010576789,-0.014636726713155777,-0.06001302764355427,-0.060013027643554234,-0.06001302764355419,-0.06001302764355419
