日期,index_code,open,high,low,close,volume,amount
2014-01-02,801210,2915.84,2938.47,2909.17,2933.52,0.84211672,9.5782883841
2014-01-03,801210,2927.03,2936.48,2898.44,2931.61,0.90683908,10.9671045919
2014-01-06,801210,2914.72,2916.44,2840.21,2845.18,1.16722343,13.6933118925
2014-01-07,801210,2829.61,2878.21,2826.05,2873.66,0.82331305,9.9953346634
2014-01-08,801210,2879.3,2892.51,2864.37,2867.88,0.92356688,12.0904770703
2014-01-09,801210,2868.88,2903.78,2839.61,2846.34,1.00737162,12.781390509000001
2014-01-10,801210,2835.49,2858.63,2822.17,2836.48,0.78869802,10.0890964755
2014-01-13,801210,2832.76,2845.9,2810.64,2831.13,0.66434354,7.5975094390999995
2014-01-14,801210,2828.14,2915.52,2793.75,2894.36,0.78979876,8.5563229222
2014-01-15,801210,2892.4,2911.64,2879.5,2911.64,0.88147077,10.0509315176
2014-01-16,801210,2910.41,2913.06,2877.21,2877.94,0.80911561,9.1039732826
2014-01-17,801210,2873.56,2876.86,2834.83,2837.77,0.67488581,7.6107559653
2014-01-20,801210,2830.19,2843.38,2806.59,2825.48,0.50924253,5.905214892999999
2014-01-21,801210,2822.65,2872.61,2821.83,2871.98,0.6284211,8.0512013049
2014-01-22,801210,2872.52,2946.33,2872.18,2942.0,1.28407758,18.204700509200002
2014-01-23,801210,2955.57,3005.52,2943.3,2990.82,1.46942047,21.3088099435
2014-01-24,801210,2976.99,3047.76,2976.99,3039.21,2.03256805,24.9621111569
2014-01-27,801210,3015.21,3050.14,3000.55,3032.98,1.22680633,17.227879965
2014-01-28,801210,3030.91,3057.12,3024.47,3043.76,0.88533989,13.214848359200001
2014-01-29,801210,3048.2,3078.83,3044.62,3068.82,1.15064975,18.6778088509
2014-01-30,801210,3061.65,3077.36,3039.08,3042.16,0.72616925,13.089793956
2014-02-07,801210,3042.95,3101.51,3040.98,3101.51,0.77131939,13.0838203775
2014-02-10,801210,3129.08,3181.55,3103.02,3181.24,2.10179724,28.702004264499998
2014-02-11,801210,3185.89,3269.3,3185.62,3236.8,2.25296587,30.7397760446
2014-02-12,801210,3239.45,3263.82,3218.35,3263.82,1.98125615,26.4844724505
2014-02-13,801210,3257.81,3264.89,3202.0,3203.86,1.78970904,21.8295482825
2014-02-14,801210,3201.86,3295.16,3201.42,3294.94,2.05422844,25.5228648936
2014-02-17,801210,3305.43,3349.78,3303.62,3349.75,2.11169802,28.314693836
2014-02-18,801210,3363.33,3374.63,3332.36,3343.56,1.79889293,25.661563198000003
2014-02-19,801210,3350.3,3372.93,3335.34,3355.74,1.4698973,19.5856153085
2014-02-20,801210,3360.22,3366.08,3278.93,3283.11,1.39720048,18.3760450322
2014-02-21,801210,3270.84,3288.09,3244.2,3272.56,1.07170479,14.6948196497
2014-02-24,801210,3258.77,3318.08,3237.43,3318.08,1.13392111,16.142215137
2014-02-25,801210,3327.78,3387.91,3224.47,3243.64,1.8793652,34.820808069899996
2014-02-26,801210,3227.58,3267.64,3181.7,3266.41,1.42021553,25.7890461402
2014-02-27,801210,3269.46,3337.28,3221.62,3228.66,1.62272615,27.8793177642
2014-02-28,801210,3225.64,3259.14,3191.0,3259.14,1.23171065,19.5545113308
2014-03-03,801210,3239.42,3266.71,3222.9,3263.14,1.34201329,20.0237022457
2014-03-04,801210,3240.95,3245.16,3196.09,3232.74,1.14520398,18.343751602
2014-03-05,801210,3235.82,3283.32,3226.92,3264.72,1.27754502,18.1630592382
2014-03-06,801210,3252.6,3292.28,3231.93,3292.28,1.11160549,16.1329720724
2014-03-07,801210,3299.42,3311.25,3243.49,3257.12,1.21074678,16.7918945109
2014-03-10,801210,3202.63,3203.11,3132.18,3140.43,1.13716982,15.717864542000001
2014-03-11,801210,3119.97,3161.2,3091.14,3122.25,0.71400668,10.2052473262
2014-03-12,801210,3113.35,3166.91,3095.9,3130.24,0.75414446,10.0747863559
2014-03-13,801210,3133.75,3172.48,3133.22,3170.75,0.77792951,9.5696614832
2014-03-14,801210,3150.34,3162.53,3102.96,3132.51,0.82246201,10.5582374352
2014-03-17,801210,3132.82,3197.56,3116.29,3197.56,1.03229087,12.8031252973
2014-03-18,801210,3201.0,3247.82,3199.65,3224.0,1.17720616,15.8958635116
2014-03-19,801210,3220.39,3224.83,3191.44,3224.49,0.96273853,11.9797773177
2014-03-20,801210,3214.41,3235.14,3146.69,3146.69,1.09363826,13.7064497826
2014-03-21,801210,3133.63,3202.28,3112.8,3199.42,1.17449455,13.429041966300002
2014-03-24,801210,3203.54,3225.15,3188.49,3222.07,1.05728694,13.432169803599999
2014-03-25,801210,3211.55,3238.4,3185.44,3204.16,0.9952543,12.6376806545
2014-03-26,801210,3208.65,3233.77,3200.99,3218.06,0.90359288,10.6935302292
2014-03-27,801210,3208.88,3235.15,3185.73,3185.73,1.01596835,12.5072299198
2014-03-28,801210,3178.69,3189.49,3101.14,3107.87,1.00249802,12.193018568800001
2014-03-31,801210,3104.5,3119.87,3073.14,3099.14,0.9802388,12.0541244002
2014-04-01,801210,3093.52,3153.25,3090.6,3151.77,0.93975841,10.2867728752
2014-04-02,801210,3149.57,3149.94,3118.7,3135.6,0.82163531,9.4520851059
2014-04-03,801210,3127.11,3157.31,3122.36,3139.88,0.79041438,9.7373081661
2014-04-04,801210,3128.59,3168.32,3123.51,3168.14,0.72084809,7.988013855499999
2014-04-08,801210,3168.1,3222.79,3157.53,3218.03,1.38384396,15.7781348844
2014-04-09,801210,3216.08,3232.61,3208.81,3224.55,1.33074288,13.0591475688
2014-04-10,801210,3235.22,3269.77,3234.45,3253.14,1.33940373,16.5577326917
2014-04-11,801210,3234.99,3243.94,3221.44,3237.75,1.12792904,12.977576085599999
2014-04-14,801210,3232.26,3275.95,3230.8,3273.44,1.29054012,13.7379737903
2014-04-15,801210,3261.33,3272.35,3246.35,3249.94,1.84724488,18.0115279096
2014-04-16,801210,3238.61,3250.19,3214.06,3250.19,1.02991461,12.180803983499999
2014-04-17,801210,3248.72,3263.77,3242.91,3245.56,1.00838975,11.6622348276
2014-04-18,801210,3235.58,3277.7,3228.36,3277.14,0.93767935,12.3222740498
2014-04-21,801210,3251.09,3286.84,3241.33,3243.81,1.16468793,15.68183069
2014-04-22,801210,3239.09,3246.46,3176.18,3224.3,1.19352336,16.0578694667
2014-04-23,801210,3215.62,3225.07,3180.01,3200.2,0.83473048,11.137325732799999
2014-04-24,801210,3198.24,3201.42,3152.57,3155.11,1.03546865,11.6804177289
2014-04-25,801210,3150.54,3151.01,3108.83,3109.93,1.11712095,12.2666322557
2014-04-28,801210,3091.87,3095.17,3011.13,3018.55,1.13860731,12.1894466076
2014-04-29,801210,3012.59,3059.59,3012.59,3059.59,0.84127283,9.3742522372
2014-04-30,801210,3057.03,3107.64,3051.89,3107.64,0.89353178,9.3684002797
2014-05-05,801210,3099.39,3141.9,3097.56,3139.66,0.91020431,10.9702968747
2014-05-06,801210,3135.91,3160.43,3130.28,3152.64,0.92653771,9.202556452
2014-05-07,801210,3143.38,3148.7,3108.45,3114.01,1.16411474,11.7190657742
2014-05-08,801210,3109.23,3148.57,3092.12,3096.28,0.85711225,9.1464780373
2014-05-09,801210,3095.95,3103.08,3039.32,3058.99,0.84317855,9.7577641825
2014-05-12,801210,3074.09,3120.97,3049.96,3119.63,1.08036677,11.4077063307
2014-05-13,801210,3112.48,3122.76,3099.87,3117.58,0.94533085,10.3853379867
2014-05-14,801210,3118.46,3139.62,3116.14,3134.41,0.69206975,9.5419530437
2014-05-15,801210,3131.21,3147.0,3095.29,3097.24,0.75516123,10.0849784421
2014-05-16,801210,3093.96,3102.39,3070.49,3099.81,0.50483718,7.5988789778
2014-05-19,801210,3094.97,3095.53,3052.72,3078.9,0.53430876,8.0110707693
2014-05-20,801210,3091.73,3112.29,3084.93,3095.46,0.60293628,7.6343975676
2014-05-21,801210,3089.48,3121.11,3063.08,3121.11,0.4698252,6.469251463099999
2014-05-22,801210,3115.39,3142.74,3112.45,3115.21,0.59397348,7.5186709842
2014-05-23,801210,3112.44,3141.27,3109.06,3140.36,0.5612397,7.170571419
2014-05-26,801210,3154.34,3175.19,3154.34,3171.78,0.69553386,11.068006979300002
2014-05-27,801210,3168.99,3169.06,3145.18,3149.67,0.62056855,9.2042676834
2014-05-28,801210,3151.92,3184.42,3137.3,3183.11,0.69460853,10.8548651289
2014-05-29,801210,3182.52,3185.21,3139.22,3140.23,0.69579906,9.7060062495
2014-05-30,801210,3136.65,3157.63,3128.78,3155.19,0.6024887,7.8678998902999995
2014-06-03,801210,3141.15,3152.9,3131.13,3133.2,0.47328098,6.5923158541
2014-06-04,801210,3116.4,3118.78,3087.39,3111.36,0.46280928,6.249227393200001
2014-06-05,801210,3094.93,3133.03,3092.54,3131.11,1.46184624,12.4086410099
2014-06-06,801210,3127.42,3127.61,3097.93,3111.21,0.85461506,8.6136921973
2014-06-09,801210,3111.72,3136.07,3106.41,3109.33,0.83440349,9.6530805496
2014-06-10,801210,3111.03,3135.57,3098.08,3135.57,0.76446788,9.0125399388
2014-06-11,801210,3135.09,3141.17,3118.84,3137.71,0.85589973,9.7731254442
2014-06-12,801210,3132.24,3139.84,3121.99,3138.84,1.44978278,14.673864865799999
2014-06-13,801210,3137.93,3159.92,3129.11,3154.85,1.23470944,12.0219282583
2014-06-16,801210,3156.36,3165.41,3148.73,3164.35,1.05951467,11.319623773900002
2014-06-17,801210,3160.68,3160.82,3131.62,3137.47,0.83533802,8.9796629688
2014-06-18,801210,3140.51,3140.63,3096.64,3103.5,0.95098358,8.8207935437
2014-06-19,801210,3101.92,3104.43,3023.38,3039.19,0.93357608,8.9119526072
2014-06-20,801210,3037.58,3053.91,3026.91,3052.48,0.66150639,6.0315122248
2014-06-23,801210,3058.57,3099.78,3055.36,3089.61,0.6024842,6.706479263099999
2014-06-24,801210,3085.29,3102.63,3081.61,3101.9,0.64852042,6.1339943275
2014-06-25,801210,3101.07,3117.0,3087.44,3102.28,0.71279883,6.8454991474
2014-06-26,801210,3109.0,3143.77,3108.49,3137.29,1.13662188,9.7273357985
2014-06-27,801210,3140.37,3207.57,3140.37,3196.14,1.47299912,14.388618379
2014-06-30,801210,3197.36,3226.27,3193.35,3222.61,1.15502861,12.2304966102
2014-07-01,801210,3231.44,3245.38,3222.63,3245.37,1.93367253,16.6803785547
2014-07-02,801210,3248.79,3279.06,3229.89,3276.19,2.47190909,21.157101351199998
2014-07-03,801210,3294.17,3299.31,3254.38,3254.38,2.43752864,25.322232101100003
2014-07-04,801210,3240.28,3243.23,3216.57,3230.06,1.67953406,16.396521301900002
2014-07-07,801210,3228.04,3230.8,3208.09,3222.73,1.29624631,12.0815853199
2014-07-08,801210,3225.09,3227.18,3198.7,3226.19,1.34131168,15.233239312
2014-07-09,801210,3214.73,3221.07,3171.48,3172.38,1.53123172,14.591500668699998
2014-07-10,801210,3172.95,3195.39,3171.09,3180.32,1.27699978,10.8295621704
2014-07-11,801210,3177.86,3208.16,3174.05,3201.51,1.30002976,11.168413423199999
2014-07-14,801210,3212.88,3241.15,3208.4,3240.59,1.19789516,12.0667959254
2014-07-15,801210,3245.53,3245.53,3224.38,3234.92,1.45364521,14.5942676619
2014-07-16,801210,3226.55,3235.47,3200.65,3207.52,1.54669952,13.0333095159
2014-07-17,801210,3203.7,3205.55,3175.59,3190.98,0.87677629,7.8366119679
2014-07-18,801210,3177.95,3196.32,3177.03,3196.32,1.03179664,9.5926304743
2014-07-21,801210,3192.72,3197.61,3174.78,3187.24,1.0509069,8.9178174886
2014-07-22,801210,3182.33,3212.91,3180.31,3212.33,0.96626378,9.229696300499999
2014-07-23,801210,3210.14,3210.14,3154.11,3160.17,1.04969481,10.8663018723
2014-07-24,801210,3160.97,3162.17,3120.98,3139.98,1.04169127,10.7650108129
2014-07-25,801210,3138.89,3167.83,3134.26,3167.83,0.82987137,8.8723634147
2014-07-28,801210,3173.16,3228.2,3172.54,3228.2,1.64057386,16.034411743299998
2014-07-29,801210,3243.99,3268.45,3237.51,3261.36,1.66808027,16.4657705723
2014-07-30,801210,3271.35,3289.86,3260.67,3285.31,1.99457157,18.0707197909
2014-07-31,801210,3287.38,3315.44,3286.25,3314.39,2.11758164,18.0927235981
2014-08-01,801210,3305.19,3314.47,3280.86,3281.58,1.839775,17.1275997206
2014-08-04,801210,3277.57,3324.78,3277.54,3323.3,1.55204821,15.4319979575
2014-08-05,801210,3325.26,3358.68,3311.04,3357.4,1.7125346,16.260214628299998
2014-08-06,801210,3350.11,3372.58,3335.54,3371.23,1.44620508,14.7039958105
2014-08-07,801210,3371.39,3400.09,3369.41,3378.17,1.6034563,16.0070305453
2014-08-08,801210,3381.26,3407.08,3375.03,3403.33,1.38569504,14.5505368809
2014-08-11,801210,3407.14,3447.11,3405.69,3445.36,1.85437663,17.8376477951
2014-08-12,801210,3441.45,3453.11,3430.61,3453.03,2.08659221,19.132500163499998
2014-08-13,801210,3448.02,3457.03,3421.35,3456.36,1.70116975,17.767523591099998
2014-08-14,801210,3453.5,3464.43,3429.77,3433.3,1.57855572,15.9515139951
2014-08-15,801210,3434.58,3484.76,3432.5,3481.38,1.64054896,17.7892730802
2014-08-18,801210,3486.58,3589.78,3486.58,3589.78,2.18766383,26.258911506399997
2014-08-19,801210,3605.81,3618.92,3589.14,3602.2,2.6855127,33.2099431117
2014-08-20,801210,3612.94,3612.94,3590.81,3604.7,2.45035841,25.489994056799997
2014-08-21,801210,3618.84,3639.54,3599.8,3638.95,2.20595551,24.8659172644
2014-08-22,801210,3703.35,3729.7,3667.23,3671.0,3.67067719,45.1669822628
2014-08-25,801210,3660.24,3671.0,3624.6,3647.13,2.30569989,28.634305488899997
2014-08-26,801210,3635.61,3650.7,3588.32,3603.8,1.95590441,22.7317482731
2014-08-27,801210,3601.66,3609.93,3579.02,3588.54,1.5600876,20.4226567503
2014-08-28,801210,3588.44,3592.73,3552.0,3561.01,1.45474431,18.7580836173
2014-08-29,801210,3563.55,3604.53,3558.21,3604.53,1.11054754,15.298983701900001
2014-09-01,801210,3610.42,3655.52,3608.94,3654.46,1.37999052,18.499210086199998
2014-09-02,801210,3669.54,3699.14,3660.8,3696.79,1.93394561,22.792471478299998
2014-09-03,801210,3704.76,3739.84,3696.52,3736.87,3.10739227,33.496611593000004
2014-09-04,801210,3733.44,3777.18,3723.95,3766.48,2.43246073,27.0218977049
2014-09-05,801210,3778.04,3779.2,3754.48,3768.05,2.0229531,24.9737447356
2014-09-09,801210,3776.34,3783.9,3747.12,3782.73,2.19080745,28.5468677047
2014-09-10,801210,3800.06,3878.66,3786.99,3873.32,2.74727776,36.3672554846
2014-09-11,801210,3890.56,3937.62,3861.9,3882.42,3.51758591,42.8628746245
2014-09-12,801210,3881.22,3927.2,3874.17,3927.2,3.31121442,38.7709092361
2014-09-15,801210,3914.29,3997.43,3910.72,3997.43,3.28975766,40.1333657296
2014-09-16,801210,3991.71,4029.45,3869.27,3870.48,3.09726022,40.0784066386
2014-09-17,801210,3871.07,3898.25,3835.1,3897.91,2.18071606,27.958955274
2014-09-18,801210,3892.03,3917.36,3871.01,3917.36,2.12413865,26.1901303502
2014-09-19,801210,3918.95,3998.47,3917.21,3995.05,2.20581097,28.209151291199998
2014-09-22,801210,3995.46,4037.01,3978.73,4003.91,2.47680542,31.9840531158
2014-09-23,801210,4012.8,4055.15,3994.91,4055.15,2.24300136,30.7422420087
2014-09-24,801210,4053.69,4083.82,4047.11,4076.04,2.45989434,32.0521895971
2014-09-25,801210,4086.54,4094.06,4044.74,4057.8,2.30426035,29.4137509191
2014-09-26,801210,4048.33,4086.49,4038.44,4048.22,2.20216884,31.688992169400002
2014-09-29,801210,4071.45,4092.05,4032.95,4058.78,2.4977733,38.8691046066
2014-09-30,801210,4056.76,4077.76,4045.18,4077.76,2.49475297,33.4782370081
2014-10-08,801210,4089.37,4091.28,4020.25,4065.64,2.49367096,34.8528319754
2014-10-09,801210,4063.32,4064.46,4001.61,4057.85,2.70918561,36.0127594645
2014-10-10,801210,4032.41,4036.43,3986.18,4007.72,2.15356132,28.877036915599998
2014-10-13,801210,3990.73,3998.82,3942.44,3998.41,1.60042538,22.242072983899998
2014-10-14,801210,3994.37,4025.59,3988.0,4008.61,1.72256541,23.2776234759
2014-10-15,801210,3979.19,3994.82,3946.49,3994.82,1.55427186,23.1912818604
2014-10-16,801210,3950.02,3991.55,3930.04,3931.13,1.59616762,24.398419040100002
2014-10-17,801210,3901.83,3929.33,3835.57,3891.49,2.38217269,29.682225897600002
2014-10-20,801210,3882.88,3947.48,3882.58,3946.14,1.84580421,23.825651435100003
2014-10-21,801210,3944.78,3956.52,3908.9,3911.08,1.8609254,22.7141895852
2014-10-22,801210,3904.02,3922.84,3863.0,3863.06,2.18687295,25.963963825300002
2014-10-23,801210,3843.55,3861.52,3793.4,3798.49,1.91995926,23.037926159
2014-10-24,801210,3800.22,3834.14,3796.05,3818.86,1.58918947,19.6646313642
2014-10-27,801210,3805.82,3843.7,3782.99,3843.2,1.82656549,21.9100560356
2014-10-28,801210,3845.31,3931.52,3844.96,3931.35,1.4571298,23.0190120152
2014-10-29,801210,3942.54,3992.93,3935.0,3983.25,1.78612219,28.329383198400002
2014-10-30,801210,3999.07,4023.63,3979.67,3999.41,1.88274315,28.562528332800003
2014-10-31,801210,3995.92,3999.25,3955.84,3983.96,1.54614211,22.8924823615
2014-11-03,801210,3989.58,4011.37,3979.4,4010.43,1.70530922,25.015116214899997
2014-11-04,801210,4000.77,4020.94,3976.8,3991.92,1.4836018,20.528257826
2014-11-05,801210,3988.44,3989.17,3964.83,3974.49,1.28437437,18.986070722
2014-11-06,801210,3971.91,4016.71,3958.24,4016.24,1.37991483,22.370455683099998
2014-11-07,801210,4029.72,4092.96,4029.68,4052.78,2.22624195,37.1905414991
2014-11-10,801210,4070.54,4093.84,4049.97,4073.41,2.16052564,32.4872189006
2014-11-11,801210,4080.09,4080.48,3972.08,4006.9,2.10700615,32.6245799419
2014-11-12,801210,3991.49,4055.12,3988.45,4055.12,1.3806021,24.3974803419
2014-11-13,801210,4057.41,4069.45,4018.36,4051.26,1.7293632,29.970934282199998
2014-11-14,801210,4036.39,4036.83,3989.86,4009.97,1.17199669,19.8245323507
2014-11-17,801210,4032.05,4082.11,4019.17,4048.47,1.20075655,23.1762568703
2014-11-18,801210,4041.0,4072.71,4037.16,4062.89,1.14111547,19.7857884405
2014-11-19,801210,4056.34,4099.22,4056.34,4093.59,1.23299893,20.8071113034
2014-11-20,801210,4080.29,4097.45,4071.27,4091.65,1.20723395,20.2457406489
2014-11-21,801210,4085.78,4119.38,4085.09,4118.16,1.27605086,21.3381941978
2014-11-24,801210,4141.01,4161.74,4120.87,4153.92,2.09270202,32.0986845313
2014-11-25,801210,4150.24,4211.99,4144.58,4211.99,1.77630208,27.210012151500003
2014-11-26,801210,4195.08,4249.44,4195.08,4248.61,4.37312696,47.3237593294
2014-11-27,801210,4245.87,4245.87,4200.81,4230.83,3.56595111,40.4765351386
2014-11-28,801210,4223.48,4233.77,4187.06,4206.53,3.19199118,41.5486868305
2014-12-01,801210,4218.17,4218.17,4131.8,4152.77,3.05852996,38.4366874956
2014-12-02,801210,4147.6,4185.53,4138.01,4184.48,2.38770164,32.2970475046
2014-12-03,801210,4184.84,4192.02,4123.24,4192.02,2.95433123,39.2262747587
2014-12-04,801210,4195.44,4263.75,4188.62,4244.05,3.39801358,46.439351619700005
2014-12-05,801210,4239.48,4239.48,4061.4,4139.32,4.1839476,51.8448233042
2014-12-08,801210,4113.09,4139.32,4072.89,4091.32,2.94320525,38.5190753599
2014-12-09,801210,4073.2,4073.2,3955.04,3959.73,3.54040926,46.6320872606
2014-12-10,801210,3949.62,4089.76,3945.11,4089.64,2.44583123,33.1653266247
2014-12-11,801210,4077.91,4128.23,4060.94,4128.11,2.97812674,35.8022945187
2014-12-12,801210,4138.63,4180.75,4112.97,4168.26,2.48911422,31.6409498785
2014-12-15,801210,4161.27,4273.52,4137.52,4258.69,3.05707425,39.9060426671
2014-12-16,801210,4260.66,4261.58,4206.13,4225.05,2.51727296,32.3239464562
2014-12-17,801210,4216.57,4216.71,4149.11,4188.22,2.16390142,29.253172971999998
2014-12-18,801210,4180.9,4216.75,4171.82,4172.67,1.81700914,24.413880591599998
2014-12-19,801210,4169.02,4169.02,4080.87,4128.81,2.11105713,26.503167067
2014-12-22,801210,4093.54,4095.04,3966.16,3977.14,2.25862824,28.0698652791
2014-12-23,801210,3965.65,4035.13,3960.46,3976.45,2.52254566,26.8623093848
2014-12-24,801210,3998.78,4006.54,3971.76,3998.78,2.09872519,21.5920452479
2014-12-25,801210,4014.28,4054.66,4007.82,4054.66,2.75144367,26.0134538654
2014-12-26,801210,4051.54,4079.68,4035.71,4079.68,3.25936677,32.07977694
2014-12-29,801210,4081.59,4081.59,3994.6,4013.6,2.59615931,31.498393974200003
2014-12-30,801210,3980.41,3995.59,3933.56,3950.53,2.78844856,28.162373760300003
2014-12-31,801210,3948.96,4013.42,3940.38,4004.66,2.62427956,25.923349963099998
2015-01-05,801210,4004.61,4053.7,3992.57,4046.49,2.90564968,31.7389049959
2015-01-06,801210,4022.59,4156.24,4007.2,4156.24,2.41240831,31.6380477537
2015-01-07,801210,4150.6,4160.3,4115.4,4142.4,1.90427718,25.4716437884
2015-01-08,801210,4133.46,4142.67,4085.59,4106.68,2.15418141,25.612827485300002
2015-01-09,801210,4102.03,4154.76,4092.95,4093.59,2.3114215,26.782427676399998
2015-01-12,801210,4073.43,4124.29,4067.75,4096.3,1.97093557,23.4638733508
2015-01-13,801210,4092.2,4135.82,4088.96,4130.25,1.56900595,18.9797525151
2015-01-14,801210,4142.25,4154.73,4097.04,4113.07,1.39304189,16.6344733574
2015-01-15,801210,4121.69,4123.59,4097.42,4122.86,1.24090422,15.8337421581
2015-01-16,801210,4127.27,4165.1,4112.73,4165.09,1.44544447,20.3373700237
2015-01-19,801210,4118.69,4164.47,4022.51,4067.73,2.1901523,30.794875987199998
2015-01-20,801210,4078.52,4178.8,4077.31,4178.8,2.21634426,28.5256123861
2015-01-21,801210,4187.2,4282.51,4178.45,4274.06,2.84632993,36.3043740836
2015-01-22,801210,4273.75,4312.75,4263.79,4308.97,2.91265358,35.150466627
2015-01-23,801210,4308.7,4331.54,4301.21,4321.53,3.86367395,41.3156796555
2015-01-26,801210,4320.23,4398.77,4311.51,4398.77,3.9871669,47.019299827
2015-01-27,801210,4399.15,4410.04,4344.79,4396.47,2.81848573,38.231635787600005
2015-01-28,801210,4385.38,4410.26,4349.96,4380.26,2.45267474,31.7356028656
2015-01-29,801210,4345.11,4381.27,4338.64,4363.81,1.97314564,28.081126950599998
2015-01-30,801210,4347.94,4355.33,4279.15,4302.0,1.55457262,24.6982927929
2015-02-02,801210,4247.58,4317.76,4222.19,4289.1,1.45583904,23.5083218919
2015-02-03,801210,4295.28,4352.87,4293.73,4336.82,2.64717863,35.653533085300005
2015-02-04,801210,4347.62,4401.07,4346.18,4363.66,2.6675887,41.9388787924
2015-02-05,801210,4368.38,4382.53,4314.14,4323.12,2.45056254,36.1695171502
2015-02-06,801210,4302.07,4329.24,4243.24,4259.2,1.83903873,29.3404020106
2015-02-09,801210,4254.17,4276.36,4207.48,4221.58,1.70544003,24.212210094
2015-02-10,801210,4201.02,4254.97,4200.27,4254.97,1.39120736,19.421110709100002
2015-02-11,801210,4260.11,4323.08,4258.12,4323.08,2.10359631,24.8288642335
2015-02-12,801210,4318.67,4363.86,4318.67,4363.86,3.04774921,33.155284552800005
2015-02-13,801210,4385.01,4451.51,4383.21,4446.64,3.27589946,45.6356679149
2015-02-16,801210,4436.82,4529.3,4435.91,4529.28,2.7084197,42.2704877342
2015-02-17,801210,4537.89,4537.89,4497.54,4521.16,2.17742408,34.4539669734
2015-02-25,801210,4546.0,4546.0,4480.65,4491.53,2.13070812,31.005548444899997
2015-02-26,801210,4485.27,4527.32,4480.35,4511.27,2.1151651,31.3308903371
2015-02-27,801210,4510.29,4536.87,4489.74,4536.66,2.27615848,34.029154996399996
2015-03-02,801210,4538.99,4599.54,4531.18,4592.18,3.07452895,44.2079121971
2015-03-03,801210,4571.05,4622.24,4561.33,4587.76,3.38982288,50.5337167183
2015-03-04,801210,4596.95,4688.01,4586.43,4688.01,2.84924913,45.1240884283
2015-03-05,801210,4676.65,4715.68,4666.93,4712.8,3.46309389,51.6961720929
2015-03-06,801210,4718.65,4737.56,4695.06,4706.11,3.46209467,49.1702482385
2015-03-09,801210,4692.24,4788.31,4672.4,4784.87,3.72572671,50.396338508
2015-03-10,801210,4782.77,4831.29,4780.75,4831.12,3.36518276,47.8125124432
2015-03-11,801210,4821.34,4880.98,4797.9,4877.01,3.56894046,49.268924096099994
2015-03-12,801210,4882.8,4913.67,4842.51,4854.79,3.29675756,45.2084487465
2015-03-13,801210,4864.16,4894.42,4846.71,4893.6,2.64626426,35.8912248746
2015-03-16,801210,4900.01,4990.59,4900.01,4990.59,3.03703136,44.1076096421
2015-03-17,801210,5003.27,5032.87,4979.22,5010.35,3.4983832,52.025963636499995
2015-03-18,801210,5032.23,5125.51,5010.44,5122.59,3.00693229,47.037389831800006
2015-03-19,801210,5136.54,5175.52,5118.53,5175.03,3.12853566,48.4051071888
2015-03-20,801210,5228.67,5287.79,5219.73,5286.63,3.29953607,50.8227264341
2015-03-23,801210,5377.94,5495.73,5377.94,5494.8,3.60587201,61.071733243500006
2015-03-24,801210,5615.35,5624.72,5453.79,5593.53,5.55672714,100.07558511239999
2015-03-25,801210,5616.33,5704.42,5585.9,5685.29,4.15225351,77.2775718089
2015-03-26,801210,5699.89,5702.97,5580.74,5599.15,3.50373735,70.3751710223
2015-03-27,801210,5598.41,5654.25,5580.98,5643.58,2.62584482,59.900201142700006
2015-03-30,801210,5632.44,5642.46,5572.16,5597.26,2.98540425,60.5038579877
2015-03-31,801210,5588.67,5708.51,5578.9,5687.51,4.18206052,73.6792277438
2015-04-01,801210,5671.43,5827.15,5671.43,5805.58,3.4846153,65.396866512
2015-04-02,801210,5811.0,5903.6,5794.2,5893.19,2.47017051,56.0825689389
2015-04-03,801210,5850.15,5950.89,5839.59,5939.6,4.04297348,68.2185607324
2015-04-07,801210,5944.13,5997.03,5923.43,5997.03,4.59230282,76.682428397
2015-04-08,801210,6055.59,6056.14,5853.35,5928.57,4.42507234,73.947294721
2015-04-09,801210,5927.04,5927.04,5683.21,5841.6,3.93794726,68.897302826
2015-04-10,801210,5852.52,5988.89,5834.39,5970.5,3.22911697,60.843846089399996
2015-04-13,801210,5996.26,6121.51,5996.26,6100.95,4.8257077,85.557675042
2015-04-14,801210,6107.39,6196.48,6066.74,6169.49,4.22167961,78.91766472270001
2015-04-15,801210,6159.8,6159.8,5948.42,5965.52,3.90858723,72.53576441060001
2015-04-16,801210,5893.88,6115.49,5859.76,6044.36,3.88623127,74.2521507259
2015-04-17,801210,6067.67,6116.43,6027.14,6090.93,3.72512265,67.7503112621
2015-04-20,801210,6066.67,6088.37,5934.94,5937.15,4.10842653,75.1884493628
2015-04-21,801210,5947.65,6130.21,5947.65,6130.17,3.68646165,72.21440356939999
2015-04-22,801210,6153.7,6273.31,6153.69,6265.17,4.52479328,81.41490237949999
2015-04-23,801210,6271.04,6307.45,6223.99,6299.44,4.70580998,84.177793619
2015-04-24,801210,6233.96,6373.32,6190.69,6370.79,4.58697699,84.5488415035
2015-04-27,801210,6433.66,6485.85,6374.16,6438.38,4.93756742,97.13679383200001
2015-04-28,801210,6424.9,6439.22,6175.67,6231.17,4.13243426,77.5980422464
2015-04-29,801210,6212.33,6381.56,6188.57,6372.22,2.83670275,60.3812890477
2015-04-30,801210,6372.43,6537.23,6372.43,6474.0,3.45817371,73.94576974600001
2015-05-04,801210,6431.36,6479.12,6320.74,6418.81,2.92784787,61.8186509143
2015-05-05,801210,6410.9,6425.8,6254.1,6275.11,3.89453504,65.5994683854
2015-05-06,801210,6278.57,6403.13,6190.22,6232.16,3.44003735,64.7140491679
2015-05-07,801210,6192.7,6208.78,6127.67,6158.17,2.46029621,46.8182578846
2015-05-08,801210,6218.0,6351.21,6211.83,6349.8,3.16636665,58.8003126465
2015-05-11,801210,6380.66,6592.79,6348.23,6591.03,3.93851537,82.1006287234
2015-05-12,801210,6613.44,6723.85,6574.5,6713.86,4.46120429,92.3047902547
2015-05-13,801210,6658.93,6814.22,6621.1,6760.02,4.74827658,97.9449795689
2015-05-14,801210,6759.3,6801.88,6670.68,6710.72,4.50070873,89.6544484072
2015-05-15,801210,6655.23,6813.16,6586.89,6768.61,4.09637032,83.7799040731
2015-05-18,801210,6762.3,6924.64,6731.77,6899.88,3.68988438,79.1002272812
2015-05-19,801210,6965.97,7101.99,6896.42,7090.03,4.2302878,98.6512045649
2015-05-20,801210,7129.51,7346.0,7128.92,7250.91,5.38575839,113.41770040370001
2015-05-21,801210,7276.1,7426.3,7258.04,7420.44,4.5811198,93.7533508317
2015-05-22,801210,7471.82,7553.77,7307.32,7416.11,4.88312013,103.1005671847
2015-05-25,801210,7364.22,7564.62,7319.77,7550.32,5.29652214,111.22692170219999
2015-05-26,801210,7613.31,7887.8,7613.31,7885.38,5.19642802,113.76166444459999
2015-05-27,801210,7943.56,8118.24,7788.48,8085.57,5.16190908,118.36251670889999
2015-05-28,801210,8146.49,8244.63,7743.13,7751.15,5.58093242,126.3856777458
2015-05-29,801210,7742.99,7959.82,7437.7,7808.44,4.76695401,110.1451066663
2015-06-01,801210,7856.0,8140.31,7816.43,8138.74,4.10200183,98.20967881840001
2015-06-02,801210,8168.26,8380.21,8144.96,8366.39,4.19075167,103.3139931275
2015-06-03,801210,8454.22,8538.01,8299.63,8457.26,4.20419776,109.09682601850001
2015-06-04,801210,8551.96,8581.96,7980.68,8477.16,4.24344675,116.38610889530001
2015-06-05,801210,8621.46,8713.91,8448.73,8585.01,4.38296442,117.9031549258
2015-06-08,801210,8655.97,8655.97,8371.62,8488.57,4.0921501,110.2866123758
2015-06-09,801210,8471.57,8491.14,8287.04,8412.9,3.82825723,116.3898808791
2015-06-10,801210,8384.61,8748.41,8332.04,8683.16,3.59172704,109.1041436014
2015-06-11,801210,8741.21,8878.46,7779.77,8878.46,3.94965282,128.2797043452
2015-06-12,801210,8905.75,9009.16,8830.31,8922.79,4.17633997,123.0263602145
2015-06-15,801210,8956.06,8958.58,8671.03,8729.7,3.96202658,119.9871221613
2015-06-16,801210,8632.28,8632.28,8350.31,8455.18,3.5020904,101.5534896432
2015-06-17,801210,8429.23,8657.93,8166.42,8617.68,3.22253597,93.2482647274
2015-06-18,801210,8599.95,8629.54,8263.52,8291.69,2.71680354,78.2970016813
2015-06-19,801210,8102.83,8156.66,7758.87,7772.35,2.55556051,65.6131813924
2015-06-23,801210,7752.34,7850.39,7391.64,7827.54,2.8267311,68.8135744058
2015-06-24,801210,7889.12,7997.88,7749.8,7949.48,3.02580988,76.3793867817
2015-06-25,801210,7966.8,7971.91,7596.11,7659.17,3.3578091,81.2661618838
2015-06-26,801210,7445.4,7445.4,7044.62,7058.68,2.75284988,61.9950742857
2015-06-29,801210,7198.44,7207.99,6530.12,6701.22,3.77383401,80.6642791636
2015-06-30,801210,6586.45,7047.58,6339.99,7047.46,4.47869944,90.76964566950001
2015-07-01,801210,6976.25,7248.57,6721.32,6751.57,3.62688124,77.78927200310001
2015-07-02,801210,6718.85,6768.88,6289.38,6377.75,3.36082858,67.9318968908
2015-07-03,801210,6141.66,6472.83,5927.88,6120.92,3.45211103,65.3558175749
2015-07-06,801210,6527.08,6527.08,5758.84,5884.85,3.80490555,69.0021852957
2015-07-07,801210,5621.25,5679.99,5496.76,5529.79,1.89037627,35.8535364479
2015-07-08,801210,5235.54,5312.37,5235.54,5297.26,3.69079354,61.661040488599994
2015-07-09,801210,5215.47,5573.48,5165.88,5573.48,3.5761928,53.076734810699996
2015-07-10,801210,5708.05,5874.51,5698.53,5874.51,1.82683881,34.6390815378
2015-07-13,801210,6103.31,6260.17,6042.88,6260.17,3.29939674,68.3286884585
2015-07-14,801210,6277.57,6518.74,6234.91,6308.19,3.68147407,73.5101046855
2015-07-16,801210,5789.51,6117.7,5683.59,5981.04,3.40675828,55.8831172706
2015-07-17,801210,6027.42,6320.9,6025.48,6292.0,3.30495231,57.0287744929
2015-07-20,801210,6242.04,6438.24,6215.49,6356.82,3.67474111,67.69509702479999
2015-07-21,801210,6244.96,6647.52,6188.68,6593.47,4.51250505,104.4344657363
2015-07-22,801210,6599.75,6716.79,6444.89,6677.37,3.9886155,92.7354073384
2015-07-23,801210,6690.9,6826.02,6611.13,6798.43,3.61461229,82.1153364386
2015-07-24,801210,6791.22,6954.75,6752.85,6808.85,4.17875031,92.62170643459999
2015-07-27,801210,6693.72,7063.43,6401.01,6405.0,5.87846677,123.2693216006
2015-07-28,801210,6123.95,6528.76,5959.91,6295.95,5.3282611,100.631151945
2015-07-29,801210,6370.93,6616.0,6104.33,6613.42,4.90685327,88.3553987113
2015-07-30,801210,6635.65,6886.6,6545.91,6586.22,6.17861408,118.17452031270001
2015-07-31,801210,6436.43,6563.66,6277.68,6374.95,4.69861762,94.7651182662
2015-08-03,801210,6259.36,6276.11,5902.35,5947.38,4.33025329,84.9996450814
2015-08-04,801210,5916.57,6282.11,5863.65,6277.94,4.34772761,82.7716942456
2015-08-05,801210,6231.38,6332.89,6107.53,6172.74,4.19138816,79.9419529531
2015-08-06,801210,6027.64,6205.09,5999.67,6086.38,2.80287231,53.595141908500004
2015-08-07,801210,6138.0,6299.83,6130.06,6294.33,3.50568603,69.3080848379
2015-08-10,801210,6402.52,6701.06,6294.33,6664.9,4.25473844,87.27802644
2015-08-11,801210,6677.76,7047.9,6656.08,6958.14,6.58928752,138.54969522870002
2015-08-12,801210,6864.51,6892.4,6696.88,6712.8,5.98209039,123.7534840914
2015-08-13,801210,6638.43,6824.32,6583.01,6823.38,4.19702284,85.7064318963
2015-08-14,801210,6874.16,6962.67,6791.43,6848.76,4.47418795,92.3824506224
2015-08-17,801210,6840.64,6872.86,6699.92,6866.72,4.14698533,84.1034905196
2015-08-18,801210,6869.21,6873.91,6272.02,6293.99,4.7596712,94.90153660969999
2015-08-19,801210,6101.72,6461.65,5957.12,6408.66,4.14676934,81.04469153609999
2015-08-20,801210,6350.27,6495.74,6246.98,6267.35,3.49486132,72.0182540868
2015-08-21,801210,6139.82,6216.6,5895.61,5942.95,4.25686948,77.9785394103
2015-08-24,801210,5687.54,5705.33,5431.63,5438.84,3.07021336,51.486673797399995
2015-08-25,801210,5042.45,5276.47,4991.47,5022.15,3.15827381,52.7462556138
2015-08-26,801210,5042.15,5263.2,4843.65,4931.24,5.01155739,74.02180940939999
2015-08-27,801210,5041.38,5196.86,4896.99,5195.15,4.08911515,63.444625358900005
2015-08-28,801210,5266.38,5512.08,5243.34,5498.42,4.66052778,73.8138876358
2015-08-31,801210,5461.35,5461.35,5244.96,5303.0,4.1264288,65.5027737611
2015-09-01,801210,5213.39,5213.39,4995.87,5025.33,3.57737341,52.94220315649999
2015-09-07,801210,4975.14,5116.77,4887.59,4933.46,3.32450039,50.4919703907
2015-09-08,801210,4907.68,5181.29,4877.7,5168.32,2.87852961,41.7671319429
2015-09-09,801210,5214.13,5393.49,5199.14,5343.97,4.55962869,71.4211658194
2015-09-10,801210,5260.71,5391.25,5235.52,5289.05,2.99846683,47.302871265200004
2015-09-11,801210,5295.77,5362.72,5240.05,5325.7,2.48893054,40.014032018
2015-09-14,801210,5381.35,5396.69,4963.84,5000.04,3.33472997,52.7643770257
2015-09-15,801210,4896.73,4991.35,4807.32,4863.12,2.68818294,35.8283131092
2015-09-16,801210,4889.57,5222.53,4850.91,5199.55,3.1987786,45.175020923299996
2015-09-17,801210,5167.87,5333.38,5101.48,5101.48,4.30126505,57.983274593999994
2015-09-18,801210,5139.64,5311.66,5124.6,5288.39,3.51397597,47.5449731467
2015-09-21,801210,5253.72,5612.15,5231.5,5611.22,4.89137659,71.67791973119999
2015-09-22,801210,5635.43,5683.55,5486.36,5537.41,4.77348595,71.57168599270001
2015-09-23,801210,5431.86,5507.48,5380.95,5440.31,3.12411676,46.2635397383
2015-09-24,801210,5475.69,5547.61,5433.7,5487.03,2.71822681,41.761691388
2015-09-25,801210,5483.26,5528.7,5283.11,5331.53,2.98329503,46.4669521506
2015-09-28,801210,5339.77,5515.01,5339.77,5511.57,2.60706808,41.313826619400004
2015-09-29,801210,5438.25,5521.34,5406.09,5442.56,2.57136107,45.7605079725
2015-09-30,801210,5448.16,5472.8,5347.58,5385.32,2.10561143,34.9615069456
2015-10-08,801210,5535.49,5546.93,5463.16,5495.76,3.09929032,51.0612012829
2015-10-09,801210,5488.2,5488.2,5398.51,5468.11,2.74830026,43.805270486800005
2015-10-12,801210,5478.16,5692.67,5478.16,5664.15,4.62472849,70.7537576307
2015-10-13,801210,5620.55,5758.97,5606.79,5738.39,3.99708058,63.969447531899995
2015-10-14,801210,5697.86,5726.89,5625.93,5661.99,3.90996547,58.945102268
2015-10-15,801210,5640.87,5838.08,5633.75,5821.6,3.86079877,60.9054877518
2015-10-16,801210,5850.73,5906.07,5785.92,5879.91,3.91554946,64.8731882587
2015-10-19,801210,5906.5,6019.06,5889.94,5965.3,4.90043642,77.0888672725
2015-10-20,801210,5963.17,5997.01,5897.89,5993.18,3.60516047,55.6780160082
2015-10-21,801210,6009.1,6067.8,5644.55,5675.31,4.38993379,69.6878568246
2015-10-22,801210,5674.42,5846.34,5648.46,5840.58,3.48078248,52.6728760266
2015-10-23,801210,5857.19,5985.39,5838.96,5969.99,4.35333078,66.3952627553
2015-10-26,801210,6015.33,6034.09,5899.89,5996.26,4.16647238,65.0410286969
2015-10-27,801210,5970.11,6097.76,5851.09,6057.42,3.91416761,65.27253784310001
2015-10-28,801210,6002.14,6074.25,5909.17,5930.5,3.62842773,57.6754154647
2015-10-29,801210,5934.86,5990.08,5847.72,5966.45,3.57891441,58.3726856564
2015-10-30,801210,5939.37,5996.98,5841.49,5936.83,3.32375386,53.4038016484
2015-11-02,801210,5848.79,6008.5,5810.86,5891.03,2.93107202,51.4141875192
2015-11-03,801210,5904.23,5934.47,5809.22,5833.42,2.59326747,51.902913480500004
2015-11-04,801210,5858.85,6064.2,5857.28,6063.49,3.5919836,67.7826057987
2015-11-05,801210,6100.9,6247.97,6072.04,6229.0,4.64422866,98.4892117258
2015-11-06,801210,6255.7,6457.96,6254.35,6451.9,4.32952397,92.9157487402
2015-11-09,801210,6411.36,6589.7,6400.17,6548.12,4.43675819,92.1262643851
2015-11-10,801210,6525.28,6668.03,6492.42,6600.96,3.90018383,78.0181766455
2015-11-11,801210,6584.31,6635.18,6534.06,6634.95,3.46063512,70.2526687879
2015-11-12,801210,6658.38,6686.45,6560.84,6650.1,3.59476649,75.49595729
2015-11-13,801210,6583.97,6629.61,6465.98,6502.62,3.37204919,76.7596034546
2015-11-16,801210,6375.72,6523.7,6374.27,6523.57,2.54937521,54.2820398537
2015-11-17,801210,6561.52,6636.0,6527.9,6550.54,3.27742694,71.7880056601
2015-11-18,801210,6586.43,6614.28,6482.58,6502.93,2.59524056,62.2014873046
2015-11-19,801210,6500.09,6649.63,6483.31,6643.3,2.41836613,52.038094369
2015-11-20,801210,6642.36,6696.71,6608.01,6682.51,2.84398511,60.609888896099996
2015-11-23,801210,6672.59,6685.73,6608.94,6630.13,2.63350904,51.454095898999995
2015-11-24,801210,6607.01,6617.99,6525.6,6616.32,2.58757849,46.9439747021
2015-11-25,801210,6598.3,6697.99,6596.21,6689.74,3.24920469,64.4678600319
2015-11-26,801210,6725.44,6740.33,6636.44,6659.68,3.4908919,72.21698796279999
2015-11-27,801210,6647.86,6659.28,6306.08,6349.33,3.76418435,71.2606304927
2015-11-30,801210,6397.16,6424.67,6091.82,6315.17,3.33741912,60.490937386300004
2015-12-01,801210,6352.43,6444.93,6316.79,6398.01,2.29322659,44.6234453084
2015-12-02,801210,6427.29,6483.84,6280.78,6424.42,2.22608744,43.2382050606
2015-12-03,801210,6474.99,6584.54,6465.7,6583.12,2.07378686,39.9033758385
2015-12-04,801210,6609.03,6711.4,6592.28,6660.78,2.67372811,52.846119656899994
2015-12-07,801210,6714.09,6835.32,6680.71,6832.35,3.38639969,84.8804345975
2015-12-08,801210,6803.32,6814.8,6714.19,6735.98,3.05316227,79.9602747921
2015-12-09,801210,6707.46,6826.07,6707.46,6751.24,2.67374213,59.4035920159
2015-12-10,801210,6746.94,6867.68,6744.08,6823.95,2.9779699,65.2289386277
2015-12-11,801210,6765.13,6787.23,6682.69,6700.21,2.49076051,51.4744568174
2015-12-14,801210,6629.36,6801.63,6629.36,6801.63,2.18811618,58.013136272299995
2015-12-15,801210,6793.57,6925.53,6792.83,6925.53,2.67766725,64.7687132302
2015-12-16,801210,6926.45,6952.37,6877.05,6881.58,2.53290342,63.31775739890001
2015-12-17,801210,6931.48,7074.26,6930.35,7068.4,3.26343905,79.31321586909999
2015-12-18,801210,7075.85,7209.68,7070.84,7183.52,3.61822635,88.9226318357
2015-12-21,801210,7155.88,7349.31,7155.88,7331.27,3.72413807,91.432062251
2015-12-22,801210,7310.78,7333.89,7236.77,7290.22,2.9166009,67.5731305045
2015-12-23,801210,7306.7,7345.26,7215.61,7225.41,3.12998876,76.7246217937
2015-12-24,801210,7182.5,7212.97,7077.34,7195.57,2.35420326,55.747684813
2015-12-25,801210,7188.28,7298.64,7185.28,7237.78,2.16960546,49.0993250433
2015-12-28,801210,7276.02,7291.39,7059.95,7059.95,2.86632962,68.3519463806
2015-12-29,801210,7087.05,7109.86,6987.29,7109.86,1.98473244,48.142952636800004
2015-12-30,801210,7139.7,7242.42,7120.05,7229.59,2.39995571,56.7479946042
2015-12-31,801210,7236.49,7252.66,7133.59,7146.12,2.31827605,54.6343389308
2016-01-04,801210,7149.03,7149.03,6641.27,6643.27,2.07688438,48.2994662022
2016-01-05,801210,6364.07,6692.47,6304.74,6511.76,3.16545387,71.22463325
2016-01-06,801210,6541.27,6640.66,6487.34,6639.89,2.55315703,59.8847167954
2016-01-07,801210,6495.75,6575.29,6117.04,6117.04,0.60984293,13.464778759100001
2016-01-08,801210,6227.46,6323.96,5903.9,6200.51,2.97194842,61.8611236469
2016-01-11,801210,6081.15,6205.03,5922.52,5922.52,2.8556435,57.66142928560001
2016-01-12,801210,5939.33,6066.87,5888.23,6009.14,2.24276833,46.3510614513
2016-01-13,801210,6044.68,6103.16,5800.44,5808.65,2.27083276,47.856690085
2016-01-14,801210,5621.6,5967.74,5576.84,5956.4,2.64121149,48.602690459799994
2016-01-15,801210,5868.43,5929.5,5701.34,5741.35,2.66743055,49.8807838505
2016-01-18,801210,5622.18,5859.56,5601.2,5786.52,2.17486949,40.5799013897
2016-01-19,801210,5762.38,5961.92,5756.02,5950.77,2.38870226,45.5533238986
2016-01-20,801210,5904.08,5986.65,5821.02,5865.45,3.15550711,50.4355949718
2016-01-21,801210,5765.5,5903.81,5692.78,5692.78,2.95350627,48.694215380900005
2016-01-22,801210,5742.77,5773.56,5557.61,5741.09,2.55454367,40.1098731723
2016-01-25,801210,5783.78,5853.31,5757.32,5828.78,2.34261652,38.04902725
2016-01-26,801210,5758.18,5772.02,5402.63,5420.46,2.4994404,42.3250456154
2016-01-27,801210,5420.76,5441.47,5078.42,5305.24,2.62864958,42.678132011
2016-01-28,801210,5229.52,5298.55,5097.17,5125.11,2.08936033,33.6968656717
2016-01-29,801210,5102.8,5360.94,5102.19,5320.87,2.30919976,35.4873574148
2016-02-01,801210,5334.4,5429.27,5302.67,5364.73,2.14734219,34.703433365
2016-02-02,801210,5371.73,5539.05,5371.73,5524.98,2.25590124,37.6274732152
2016-02-03,801210,5457.24,5572.65,5439.93,5548.26,1.76517142,32.7122427053
2016-02-04,801210,5564.0,5721.54,5563.91,5689.98,2.14180847,38.0945529821
2016-02-05,801210,5689.67,5705.41,5637.84,5639.82,1.78365776,31.432612975999998
2016-02-15,801210,5451.92,5676.65,5451.92,5650.06,1.93506387,34.7372081859
2016-02-16,801210,5678.94,5819.44,5676.99,5797.8,2.26624255,41.8948951161
2016-02-17,801210,5790.98,5820.63,5697.19,5802.23,2.36963548,46.0351174917
2016-02-18,801210,5831.67,5841.04,5729.05,5754.78,2.593478,48.0466431157
2016-02-19,801210,5731.02,5769.41,5689.38,5738.08,2.14859817,37.0825253853
2016-02-22,801210,5800.35,5884.24,5768.34,5884.24,2.70205294,50.0910249654
2016-02-23,801210,5880.39,5895.16,5778.01,5847.87,2.70918653,49.5941642066
2016-02-24,801210,5865.85,5938.03,5781.78,5912.03,3.05314345,57.8217309889
2016-02-25,801210,5868.75,5868.75,5438.65,5462.52,2.99792432,52.1792540687
2016-02-26,801210,5493.2,5523.37,5366.92,5470.57,2.48936243,39.6350855707
2016-02-29,801210,5450.49,5450.52,5151.65,5186.82,2.53876908,41.7150684582
2016-03-01,801210,5197.94,5330.72,5132.73,5294.57,2.4471002,38.4935220765
2016-03-02,801210,5288.65,5496.85,5287.88,5488.15,2.67687085,43.0716194804
2016-03-03,801210,5525.16,5578.7,5482.24,5483.44,2.74119015,49.784792160600006
2016-03-04,801210,5455.2,5481.06,5225.94,5281.08,2.51332757,44.1461623116
2016-03-07,801210,5319.17,5425.48,5319.17,5400.13,1.98184344,34.5071589127
2016-03-08,801210,5387.61,5477.68,5200.52,5477.68,2.43448362,41.4782094923
2016-03-09,801210,5377.7,5483.51,5350.7,5413.28,1.95003354,34.3007065779
2016-03-10,801210,5396.0,5441.4,5319.32,5329.23,1.93857226,32.2143204106
2016-03-11,801210,5281.4,5362.38,5248.0,5314.35,1.64546203,26.79939714
2016-03-14,801210,5364.56,5527.95,5359.66,5474.62,2.34212654,41.4073230414
2016-03-15,801210,5421.67,5464.58,5389.72,5436.14,1.76012148,33.0524168762
2016-03-16,801210,5431.23,5447.81,5318.41,5347.55,1.70060574,30.8071469913
2016-03-17,801210,5337.0,5522.23,5334.46,5510.52,2.62293038,53.5156060533
2016-03-18,801210,5509.48,5698.15,5508.31,5684.24,3.66919609,69.0162574365
2016-03-21,801210,5733.63,5810.58,5712.08,5809.38,3.4866909,67.1915153903
2016-03-22,801210,5758.35,5835.86,5730.4,5813.15,3.10140941,58.159075632299995
2016-03-23,801210,5759.18,5832.37,5747.87,5832.37,2.62914704,53.5773158992
2016-03-24,801210,5816.82,5885.74,5762.55,5779.08,2.80455538,62.3422678442
2016-03-25,801210,5769.27,5853.73,5737.92,5853.12,2.29284646,51.011941700200005
2016-03-28,801210,5893.37,5973.97,5873.69,5890.02,3.34242485,67.76811530479999
2016-03-29,801210,5853.19,5870.48,5672.95,5692.07,2.59885505,52.5263023119
2016-03-30,801210,5742.91,5868.66,5722.71,5854.9,2.74181177,54.7441382096
2016-03-31,801210,5869.46,5971.33,5867.44,5908.3,3.11348854,63.91531912479999
2016-04-01,801210,5883.17,5910.06,5783.87,5871.32,2.37865224,46.0413959108
2016-04-05,801210,5874.04,5979.85,5836.64,5974.62,2.44714324,49.229112529
2016-04-06,801210,5951.5,5992.21,5908.22,5960.17,2.34787302,47.110025034799996
2016-04-07,801210,5973.68,5991.2,5854.57,5856.87,2.09982383,44.4602972359
2016-04-08,801210,5815.0,5834.39,5773.59,5830.36,1.76367794,36.7531493517
2016-04-11,801210,5861.19,5967.01,5861.19,5941.59,2.50270448,50.4758823099
2016-04-12,801210,5933.41,5944.83,5857.78,5920.0,1.97208258,38.7268329997
2016-04-13,801210,5934.66,6041.67,5933.64,5986.84,2.80002486,56.2487698037
2016-04-14,801210,6028.05,6065.72,5994.5,6065.42,2.70632116,55.7602207005
2016-04-15,801210,6049.31,6049.31,5975.11,6018.5,2.08521517,42.078093681
2016-04-20,801210,5982.33,5989.08,5625.32,5714.9,2.72701375,53.8083056187
2016-04-21,801210,5677.55,5741.79,5647.03,5658.54,1.70729011,31.6682136782
2016-04-22,801210,5632.95,5722.17,5615.9,5722.1,1.41710395,24.638226202800002
2016-04-25,801210,5689.61,5689.61,5601.3,5664.43,1.61692734,29.5841292859
2016-04-26,801210,5649.4,5691.81,5632.47,5691.58,1.20487185,22.445612255500002
2016-04-27,801210,5716.82,5764.5,5698.28,5710.12,1.84991872,33.8195622662
2016-04-28,801210,5718.01,5725.39,5607.56,5679.18,1.69666076,32.6424475111
2016-04-29,801210,5658.98,5707.95,5652.22,5683.15,1.20691725,24.059091801399997
2016-05-03,801210,5682.84,5785.67,5650.98,5785.67,1.75129789,34.504100934899995
2016-05-04,801210,5774.72,5834.33,5764.26,5798.49,1.67788447,34.4408283845
2016-05-05,801210,5786.18,5819.03,5775.65,5818.07,1.17322491,26.0597525565
2016-05-06,801210,5818.05,5830.44,5644.61,5646.95,1.86987148,37.1434202333
2016-05-09,801210,5598.14,5598.14,5474.77,5495.12,1.62313931,31.779958203699998
2016-05-10,801210,5491.2,5530.37,5480.54,5512.2,1.13529102,21.3962731952
2016-05-11,801210,5527.73,5562.85,5482.65,5520.55,1.45256455,27.546842331100002
2016-05-12,801210,5425.98,5449.61,5356.25,5429.3,1.34214298,24.366277060799998
2016-05-13,801210,5411.12,5486.63,5391.08,5421.46,1.14380093,20.6036339943
2016-05-16,801210,5404.35,5471.94,5384.6,5471.52,1.20974552,21.3259801302
2016-05-17,801210,5469.93,5502.29,5426.01,5474.59,1.31327826,23.8406333985
2016-05-18,801210,5438.23,5438.65,5298.45,5328.57,1.36362331,23.4738799853
2016-05-19,801210,5343.71,5409.59,5337.2,5345.06,1.08379591,19.70507821
2016-05-20,801210,5328.36,5362.49,5298.61,5361.97,0.8469398,15.4600744598
2016-05-23,801210,5384.21,5451.74,5384.12,5451.67,1.21564113,23.0039254949
2016-05-24,801210,5432.01,5432.01,5353.01,5371.97,1.14758164,21.0902346264
2016-05-25,801210,5405.54,5433.38,5354.52,5369.52,0.97176269,17.2276620638
2016-05-26,801210,5361.86,5385.48,5285.86,5373.71,0.94215328,17.2744783272
2016-05-27,801210,5362.08,5413.37,5359.22,5388.88,0.9476487,17.1700066347
2016-05-30,801210,5371.7,5395.69,5332.01,5347.63,0.8208475,14.258589799400001
2016-05-31,801210,5355.97,5525.73,5355.97,5525.62,1.78187886,32.6804952835
2016-06-01,801210,5526.84,5551.94,5512.31,5526.02,1.39020303,27.010237039899998
2016-06-02,801210,5513.56,5534.99,5492.28,5534.92,1.06734434,20.2657712081
2016-06-03,801210,5532.14,5572.48,5509.14,5553.45,1.34560272,25.953875368200002
2016-06-06,801210,5568.41,5573.27,5536.92,5557.53,1.17099842,24.5087543981
2016-06-07,801210,5557.79,5567.72,5527.11,5559.83,1.04834907,20.6099208656
2016-06-08,801210,5556.34,5557.17,5503.16,5536.68,1.06358195,21.029396312
2016-06-13,801210,5488.89,5509.1,5370.22,5371.1,1.26485536,24.818758823400003
2016-06-14,801210,5354.88,5395.48,5345.96,5366.5,0.83730994,16.059869441300002
2016-06-15,801210,5340.16,5477.32,5322.1,5473.5,1.35327935,26.562871609499997
2016-06-16,801210,5464.35,5467.88,5412.87,5418.06,1.22379735,23.776226828400002
2016-06-17,801210,5419.46,5476.24,5414.76,5438.26,1.15929258,20.3454222169
2016-06-20,801210,5436.65,5438.46,5386.89,5427.59,1.03482321,19.4269278154
2016-06-21,801210,5446.09,5463.93,5395.62,5405.38,1.0012898,17.9074076787
2016-06-22,801210,5408.77,5464.43,5407.82,5463.86,0.86850666,17.6711878857
2016-06-23,801210,5458.26,5476.55,5437.51,5454.38,0.94953721,20.4983956365
2016-06-24,801210,5444.46,5476.93,5317.84,5426.72,1.28983124,26.8352609998
2016-06-27,801210,5392.86,5495.39,5392.86,5494.55,1.27209842,28.688552484099997
2016-06-28,801210,5463.4,5543.53,5462.82,5531.48,1.84160645,43.09315831520001
2016-06-29,801210,5526.8,5540.19,5508.56,5523.38,1.78937553,39.8472881389
2016-06-30,801210,5524.19,5525.07,5491.99,5501.59,1.36057336,28.033540699499998
2016-07-01,801210,5511.3,5570.84,5510.03,5547.15,1.68064162,34.2237356301
2016-07-05,801210,5602.46,5626.66,5585.48,5614.24,1.89116775,37.5182503595
2016-07-06,801210,5606.88,5642.3,5598.12,5630.05,1.934294,38.1760756793
2016-07-07,801210,5632.58,5645.36,5594.35,5628.53,1.87099157,36.5427903709
2016-07-08,801210,5622.1,5634.0,5588.99,5625.03,1.58526462,33.9105638996
2016-07-11,801210,5635.39,5653.97,5602.13,5605.26,1.8392018,36.8317730562
2016-07-12,801210,5621.85,5660.13,5560.72,5658.74,1.87852625,39.5502991041
2016-07-13,801210,5665.92,5705.94,5639.22,5700.2,2.13961372,40.305194509699994
2016-07-14,801210,5687.74,5690.01,5649.5,5677.19,1.65481558,32.2299255966
2016-07-15,801210,5670.63,5685.39,5646.66,5672.03,1.53144416,31.421052235500003
2016-07-18,801210,5646.72,5646.97,5585.29,5612.82,1.42842623,28.091899604899996
2016-07-19,801210,5595.26,5606.31,5564.15,5605.91,1.48637522,28.2127696688
2016-07-20,801210,5603.22,5629.74,5589.85,5605.18,1.3994923,26.0066476675
2016-07-21,801210,5602.37,5631.84,5588.15,5601.94,1.48953287,28.506217456399998
2016-07-22,801210,5599.45,5599.75,5560.78,5574.51,1.36547727,26.5965888442
2016-07-25,801210,5575.58,5616.75,5575.58,5607.47,1.69241349,26.6377944025
2016-07-26,801210,5603.76,5646.68,5603.76,5646.4,2.12320685,33.42219095
2016-07-27,801210,5651.72,5651.72,5391.45,5492.26,3.31981176,50.8046937633
2016-07-28,801210,5470.11,5494.6,5421.99,5477.7,2.4599893,34.3152617783
2016-07-29,801210,5475.11,5515.44,5473.54,5494.05,2.08478939,31.708057324699997
2016-08-01,801210,5457.13,5465.41,5373.92,5444.46,2.13690946,33.6673994262
2016-08-02,801210,5440.45,5462.6,5425.06,5462.6,2.0265031,28.2219759071
2016-08-03,801210,5443.62,5477.86,5427.54,5476.35,1.96722979,28.6150300931
2016-08-04,801210,5474.21,5488.8,5443.44,5487.51,1.79383676,25.0217350454
2016-08-05,801210,5468.16,5471.27,5435.68,5435.68,2.40739356,31.898158048000003
2016-08-08,801210,5412.15,5447.65,5362.95,5447.01,1.99906669,27.5624238213
2016-08-09,801210,5441.84,5490.86,5433.63,5490.77,2.06609723,27.5079380823
2016-08-10,801210,5494.53,5502.52,5475.35,5487.2,2.14322325,30.2278525624
2016-08-11,801210,5480.33,5506.06,5456.07,5462.93,2.53162085,33.9002533803
2016-08-12,801210,5459.67,5508.18,5453.42,5507.02,2.13667485,27.9076043325
2016-08-15,801210,5511.38,5614.02,5500.27,5612.15,3.07874833,45.2523485509
2016-08-16,801210,5622.91,5654.62,5622.0,5647.83,3.0497725,42.8944412826
2016-08-17,801210,5655.87,5672.42,5619.13,5649.29,2.78477074,39.0409604202
2016-08-18,801210,5650.71,5690.9,5650.62,5683.86,4.12881542,49.7523475932
2016-08-19,801210,5676.98,5679.15,5643.76,5659.18,2.95535243,38.1959742409
2016-08-22,801210,5668.22,5682.5,5628.63,5633.36,2.86050967,42.260341993400004
2016-08-23,801210,5638.87,5717.11,5638.31,5705.71,2.61653335,42.4846905733
2016-08-24,801210,5722.34,5772.67,5709.61,5738.16,3.97731038,56.5048295805
2016-08-25,801210,5702.77,5714.46,5640.64,5704.41,3.13606595,47.82576446189999
2016-08-26,801210,5710.6,5746.92,5695.88,5717.29,2.54869956,40.5574255806
2016-08-29,801210,5704.77,5721.41,5689.89,5715.75,2.11007215,34.7463347577
2016-08-30,801210,5710.81,5746.78,5697.21,5727.42,2.4086581,40.2886561639
2016-08-31,801210,5724.24,5754.64,5701.81,5754.45,2.01304278,34.7737589053
2016-09-01,801210,5758.97,5781.65,5713.78,5715.09,2.25421652,36.550438475300005
2016-09-02,801210,5709.25,5721.37,5671.34,5697.7,1.81435946,29.974313712399997
2016-09-05,801210,5717.25,5745.58,5703.04,5722.94,1.80357934,28.8457210342
2016-09-06,801210,5728.1,5801.13,5679.29,5800.31,2.2815236,37.5597549592
2016-09-07,801210,5799.97,5847.81,5789.44,5824.34,2.69123366,46.300379666400005
2016-09-08,801210,5820.44,5829.42,5781.98,5808.73,1.84600593,30.7535622477
2016-09-09,801210,5809.73,5898.98,5797.03,5884.67,3.32296671,58.154102996300004
2016-09-12,801210,5792.35,5902.5,5768.17,5829.6,4.31472071,75.8498577133
2016-09-13,801210,5837.15,5881.98,5826.73,5879.49,3.19589612,58.0651240232
2016-09-14,801210,5829.74,5851.52,5795.78,5809.13,2.8999724,46.5800693093
2016-09-19,801210,5820.84,5922.93,5820.84,5922.45,3.22951126,50.904208054099996
2016-09-20,801210,5921.54,5921.54,5877.07,5914.87,3.17889348,50.1010774316
2016-09-21,801210,5903.13,5963.64,5897.84,5940.05,3.22929331,51.825725283000004
2016-09-22,801210,5981.74,6006.76,5971.3,5984.86,3.13730114,52.6995210277
2016-09-23,801210,5986.5,6012.67,5968.98,5985.18,3.29916886,57.2446087143
2016-09-26,801210,5978.18,5993.2,5828.66,5832.41,3.26695534,56.7330125155
2016-09-27,801210,5805.29,5833.51,5750.05,5832.91,2.45468163,41.239570604099995
2016-09-28,801210,5826.59,5830.88,5776.06,5791.49,1.8679195,30.3185201598
2016-09-29,801210,5790.12,5817.78,5780.46,5795.0,2.1414959,34.6572253563
2016-09-30,801210,5780.79,5812.61,5780.35,5802.74,1.79646203,28.6206353975
2016-10-10,801210,5838.82,5883.96,5794.87,5883.53,2.43230717,40.199882287600005
2016-10-11,801210,5885.76,5929.85,5873.2,5924.49,2.71214405,45.333364037799996
2016-10-12,801210,5904.61,5946.23,5889.93,5944.87,3.53019637,50.4935756064
2016-10-13,801210,5936.2,5964.2,5910.74,5940.27,3.26578747,49.937250757700006
2016-10-14,801210,5924.66,5946.92,5885.54,5942.02,3.16319667,47.7017340717
2016-10-17,801210,5933.51,5962.45,5870.4,5885.23,3.23141065,49.9600222682
2016-10-18,801210,5869.99,5941.67,5865.22,5941.67,2.72309462,42.1876041145
2016-10-19,801210,5942.83,5998.06,5941.37,5974.02,2.92439156,48.560193111000004
2016-10-20,801210,5978.0,5988.24,5955.34,5974.57,2.79920552,46.9102647192
2016-10-21,801210,5969.49,5983.18,5894.35,5964.71,3.2984327,48.40778304649999
2016-10-24,801210,5961.21,6020.02,5957.92,6009.63,3.01015856,46.6853465241
2016-10-25,801210,6003.17,6039.96,5989.48,6039.14,2.51616832,42.8289429621
2016-10-26,801210,6043.69,6043.69,6006.07,6029.84,2.55898928,41.4481265951
2016-10-27,801210,6019.34,6046.53,5992.34,6018.89,2.4195929,41.913491926
2016-10-28,801210,6005.11,6019.9,5946.98,5947.7,2.27234845,35.5129740681
2016-10-31,801210,5927.28,5939.51,5894.83,5933.89,2.35482295,36.6624645663
2016-11-01,801210,5948.27,5983.73,5946.19,5980.39,2.15135015,35.162734788
2016-11-02,801210,5973.33,5977.79,5933.99,5940.02,2.23036021,36.519785826799996
2016-11-03,801210,5936.28,6023.53,5936.28,5997.48,2.8029566,46.088521419799996
2016-11-04,801210,6001.8,6025.94,5967.83,5978.41,2.63367377,55.4881384546
2016-11-07,801210,5971.74,5986.06,5948.75,5952.74,2.21439076,40.629003754
2016-11-08,801210,5977.9,6033.17,5965.28,6019.25,3.26121899,54.2588653621
2016-11-09,801210,6005.92,6018.4,5902.49,5963.58,3.06528457,54.8105583912
2016-11-10,801210,6009.12,6032.59,5982.27,6023.85,2.46779753,47.1648108816
2016-11-11,801210,6022.04,6026.66,5989.71,6006.23,2.4514621,45.4586935872
2016-11-14,801210,6001.24,6042.41,5994.78,6016.72,2.51834992,45.612642502
2016-11-15,801210,6012.6,6038.78,5996.39,6038.78,2.12128709,39.284530710700004
2016-11-16,801210,6048.16,6053.58,6031.48,6043.35,2.16881306,39.0475672365
2016-11-17,801210,6032.61,6035.6,5988.32,6011.7,1.67782772,31.015970091
2016-11-18,801210,6012.78,6028.04,5997.74,6004.8,1.75573493,32.4103603939
2016-11-21,801210,5998.77,6026.42,5983.66,5994.55,1.67634416,30.4666761802
2016-11-22,801210,5998.02,6061.42,5998.02,6061.42,2.05143847,37.4611589482
2016-11-23,801210,6063.88,6063.88,5999.59,6010.53,2.28496196,43.188949817
2016-11-24,801210,5998.57,6004.94,5963.91,5978.54,1.88722535,33.4735507588
2016-11-25,801210,5982.97,6000.5,5907.42,5997.9,1.97232264,36.0683060092
2016-11-28,801210,6011.06,6015.51,5961.93,5964.21,1.81424293,34.2624761222
2016-11-29,801210,5957.73,5969.71,5894.53,5899.91,2.00447471,35.743139826
2016-11-30,801210,5889.11,5906.49,5858.67,5895.52,1.96208296,31.324507542600003
2016-12-01,801210,5908.99,5951.59,5908.52,5950.14,1.76074802,32.453251418899995
2016-12-02,801210,5952.63,5954.11,5864.66,5875.58,1.69596306,31.0640416858
2016-12-05,801210,5819.66,5852.42,5806.77,5834.63,1.52658463,26.9288838668
2016-12-06,801210,5830.46,5861.11,5829.05,5842.95,1.81733668,29.2385645075
2016-12-07,801210,5848.02,5910.01,5835.27,5910.01,1.824989,30.884200820500002
2016-12-08,801210,5908.22,5911.09,5853.0,5859.02,1.61083317,26.9783306914
2016-12-09,801210,5860.9,5872.86,5827.48,5840.55,1.83908095,31.453139127100002
2016-12-12,801210,5826.35,5829.39,5589.99,5602.8,2.61150651,43.687509258999995
2016-12-13,801210,5568.81,5593.11,5495.02,5574.54,1.87473167,28.1856133671
2016-12-14,801210,5557.2,5587.94,5502.73,5530.86,2.01646353,32.3851560791
2016-12-15,801210,5518.04,5612.04,5518.04,5575.02,1.99837851,31.870212523800003
2016-12-16,801210,5568.39,5652.97,5568.1,5652.97,1.93853938,30.838496127
2016-12-19,801210,5645.1,5646.56,5617.76,5633.14,1.52079281,24.444697201599997
2016-12-20,801210,5629.01,5634.99,5598.68,5622.26,1.3703682,23.6942592502
2016-12-21,801210,5629.63,5673.29,5629.31,5669.19,1.53765785,28.257287529
2016-12-22,801210,5681.08,5683.2,5646.11,5669.41,1.36204904,27.102603568800003
2016-12-23,801210,5688.1,5691.1,5612.97,5619.18,1.76638273,32.5485286313
2016-12-26,801210,5596.17,5612.06,5509.79,5612.06,1.56905116,27.2248963983
2016-12-27,801210,5623.22,5629.52,5597.18,5618.78,1.71498937,28.1174127711
2016-12-28,801210,5611.09,5629.04,5576.03,5597.75,1.32293748,22.1181130555
2016-12-29,801210,5586.02,5618.86,5568.5,5599.64,1.58378546,24.0077570264
2016-12-30,801210,5598.94,5636.35,5593.63,5631.73,1.55389639,26.8669270667
2017-01-03,801210,5627.64,5684.2,5621.31,5680.67,1.3448957,23.567011934699998
2017-01-04,801210,5676.38,5737.99,5676.38,5732.57,1.61453085,26.5956172987
2017-01-05,801210,5733.67,5742.29,5718.88,5739.03,1.67062403,27.0539962132
2017-01-06,801210,5725.14,5733.34,5709.57,5721.59,1.64577251,27.8482691077
2017-01-09,801210,5709.58,5739.51,5697.99,5739.51,1.79924731,30.2345445102
2017-01-10,801210,5729.27,5742.77,5711.46,5717.73,1.5977087,26.402444061700002
2017-01-11,801210,5703.34,5710.59,5661.15,5664.75,1.58833296,25.9502031815
2017-01-12,801210,5660.07,5673.6,5619.44,5621.62,1.42265104,21.779680944699997
2017-01-13,801210,5622.08,5623.31,5523.24,5541.11,1.2886148,21.026010730699998
2017-01-16,801210,5525.71,5525.71,5243.56,5360.23,2.24086588,36.477573632399995
2017-01-17,801210,5338.8,5398.15,5288.74,5398.15,1.54286237,22.9193000569
2017-01-18,801210,5384.53,5420.02,5371.28,5391.74,1.27193759,19.0953543878
2017-01-19,801210,5390.38,5414.26,5373.49,5379.03,1.02963221,16.2127433025
2017-01-20,801210,5377.19,5453.04,5371.17,5446.03,1.09354487,17.5767026762
2017-01-23,801210,5450.62,5505.16,5450.31,5502.94,1.39313623,20.151382776
2017-01-24,801210,5493.63,5507.57,5481.6,5482.47,1.25736205,18.9910067804
2017-01-25,801210,5478.02,5523.69,5469.75,5513.34,1.077413,17.9259663947
2017-01-26,801210,5517.16,5549.55,5515.05,5547.25,0.88544213,15.603846018399999
2017-02-03,801210,5567.86,5574.09,5517.66,5519.74,0.84226673,13.5065187284
2017-02-06,801210,5516.01,5547.95,5499.61,5547.95,0.98523772,16.2287072563
2017-02-07,801210,5541.1,5569.69,5531.65,5560.94,1.11593511,17.6300109779
2017-02-08,801210,5560.77,5575.77,5517.05,5574.15,1.4854726,21.3069512499
2017-02-09,801210,5575.46,5603.77,5568.57,5603.77,1.41635723,21.4587647474
2017-02-10,801210,5616.84,5617.1,5582.24,5585.84,1.55523323,23.7334890472
2017-02-13,801210,5585.16,5638.4,5552.21,5638.4,1.64079221,26.3587479166
2017-02-14,801210,5634.03,5634.03,5589.14,5602.44,1.34894397,21.5486864473
2017-02-15,801210,5601.62,5603.81,5551.68,5560.0,1.54536425,25.371639821
2017-02-16,801210,5554.22,5583.81,5548.05,5576.24,1.27841458,20.8728858984
2017-02-17,801210,5574.18,5579.89,5528.35,5538.49,1.41136615,25.2451707583
2017-02-20,801210,5550.39,5594.18,5546.85,5593.49,1.34498683,25.9834793989
2017-02-21,801210,5601.87,5654.26,5592.29,5649.65,1.51147503,26.9463398386
2017-02-22,801210,5676.26,5682.68,5653.6,5681.26,1.70243671,35.5326399838
2017-02-23,801210,5680.65,5710.37,5674.01,5699.15,1.92927074,34.4380864472
2017-02-24,801210,5680.4,5741.51,5678.71,5732.76,1.62133661,28.827371388299998
2017-02-27,801210,5743.79,5800.89,5733.31,5768.49,1.65698231,35.4388446372
2017-02-28,801210,5764.85,5782.32,5740.28,5764.52,1.24240391,25.341209222199996
2017-03-01,801210,5756.51,5825.76,5754.85,5782.07,1.7279668,33.7861052388
2017-03-02,801210,5779.2,5796.31,5756.27,5759.04,1.42182687,26.0137530173
2017-03-03,801210,5746.77,5784.06,5727.98,5777.04,1.44266998,23.472961380799997
2017-03-06,801210,5783.21,5827.2,5783.21,5816.55,1.49164456,26.4562982515
2017-03-07,801210,5829.59,5855.13,5821.63,5855.07,1.68153368,30.7328687222
2017-03-08,801210,5862.96,5881.7,5836.53,5850.73,1.75192459,31.775211303800003
2017-03-09,801210,5840.92,5841.09,5780.48,5798.77,1.24794843,22.1105595587
2017-03-10,801210,5799.97,5802.93,5778.53,5798.53,1.13459605,22.333894596
2017-03-13,801210,5799.02,5805.78,5742.66,5792.4,1.47141768,26.6960836662
2017-03-14,801210,5783.21,5783.21,5723.7,5732.31,1.43924177,27.815700818000003
2017-03-15,801210,5722.78,5722.96,5680.74,5704.23,1.27675783,25.787754406599998
2017-03-16,801210,5704.43,5740.77,5703.08,5735.67,1.40545489,25.4892776135
2017-03-17,801210,5735.6,5782.02,5729.21,5735.51,1.70042265,30.502664400900002
2017-03-20,801210,5732.87,5786.34,5732.87,5786.26,1.45343785,27.8706445854
2017-03-21,801210,5788.14,5812.82,5781.09,5800.03,1.3230777,25.269099091599998
2017-03-22,801210,5783.29,5932.19,5769.9,5920.81,2.29280381,40.9190487205
2017-03-23,801210,5963.37,5988.98,5911.27,5960.94,2.21741743,44.8701200859
2017-03-24,801210,5963.41,5966.06,5914.53,5947.19,1.70446889,32.587497057600004
2017-03-27,801210,5947.0,5998.88,5947.0,5957.11,2.36933376,38.8925040268
2017-03-28,801210,5944.56,5952.34,5925.94,5937.3,1.88097428,30.486601255
2017-03-29,801210,5929.77,5951.03,5874.94,5916.39,2.47821742,44.801863623100004
2017-03-30,801210,5899.23,5909.83,5815.4,5863.91,3.2816055,52.0734481632
2017-03-31,801210,5860.35,5876.37,5827.37,5846.95,2.02663876,34.7198963475
2017-04-06,801210,5938.4,5948.4,5918.58,5924.46,1.90220414,35.352522612399994
2017-04-07,801210,5912.26,5921.42,5865.76,5910.47,2.15149805,37.4814691717
2017-04-10,801210,5901.13,5901.13,5828.75,5853.72,2.38352064,38.042324739099996
2017-04-11,801210,5842.88,5844.55,5726.12,5821.57,2.54419637,37.807678894
2017-04-12,801210,5805.3,5808.55,5697.43,5701.14,2.34604195,40.9473446429
2017-04-13,801210,5675.04,5709.34,5671.58,5686.11,1.53475296,27.989814389
2017-04-14,801210,5680.67,5680.72,5571.04,5593.95,1.62586379,27.1382936867
2017-04-17,801210,5613.79,5617.12,5545.3,5570.36,1.67323392,25.6654008975
2017-04-18,801210,5577.58,5592.74,5531.39,5537.43,1.56898591,23.7968259509
2017-04-19,801210,5516.03,5516.03,5428.16,5511.06,1.63411928,26.243064842800003
2017-04-20,801210,5524.98,5569.13,5510.11,5542.36,1.39274969,23.6236105411
2017-04-21,801210,5542.72,5558.53,5508.97,5515.06,1.44019785,18.142897906600002
2017-04-24,801210,5512.87,5512.87,5379.73,5408.54,1.58696243,21.5491829343
2017-04-25,801210,5408.96,5442.09,5382.33,5428.37,1.04612325,17.314340053800002
2017-04-26,801210,5429.4,5455.42,5423.56,5428.38,1.01018512,17.348327679100002
2017-04-27,801210,5408.08,5429.2,5308.05,5429.2,1.44916078,22.6119546456
2017-04-28,801210,5409.58,5415.85,5409.58,5415.85,1.1087105,18.9967697013
2017-05-02,801210,5427.76,5433.59,5376.25,5379.17,1.52366159,21.0177327798
2017-05-03,801210,5377.09,5382.95,5300.07,5312.02,1.26483135,19.2643120954
2017-05-04,801210,5306.37,5328.48,5273.26,5302.51,1.07456193,18.4799348267
2017-05-05,801210,5276.85,5283.09,5242.31,5242.43,1.12301055,15.006798979000001
2017-05-08,801210,5219.21,5252.0,5206.62,5208.73,1.00090448,14.137559026500002
2017-05-09,801210,5184.08,5221.89,5155.93,5215.56,0.93133096,14.4075995721
2017-05-10,801210,5202.93,5244.11,5154.76,5154.99,0.95555268,14.0858303856
2017-05-11,801210,5130.3,5136.44,5022.0,5103.87,1.34278536,18.9486642525
2017-05-12,801210,5095.5,5130.6,5059.99,5120.34,1.15543455,18.0113909652
2017-05-15,801210,5130.01,5176.83,5129.1,5168.51,0.96591267,15.3455247369
2017-05-16,801210,5163.01,5223.56,5129.5,5223.15,1.24622498,18.2399601374
2017-05-17,801210,5210.39,5249.36,5210.39,5227.32,1.11323508,17.5789720868
2017-05-18,801210,5186.98,5249.42,5186.98,5209.64,0.9084722,14.5944473167
2017-05-19,801210,5214.21,5221.79,5184.55,5192.22,0.72139728,11.0250873461
2017-05-22,801210,5188.27,5206.56,5125.8,5141.32,0.89017193,14.7962194452
2017-05-23,801210,5124.03,5128.6,5028.86,5036.58,1.01340058,15.7749552274
2017-05-24,801210,5023.55,5051.46,4969.93,5049.67,0.91125919,13.4345891028
2017-05-25,801210,5054.42,5103.03,5025.17,5091.1,1.12347508,17.9513480369
2017-05-26,801210,5089.85,5113.21,5089.33,5102.63,0.82711244,12.0803763632
2017-05-31,801210,5147.1,5159.48,5048.94,5050.72,0.93442995,16.2943337128
2017-06-01,801210,5047.19,5059.04,4999.7,5011.41,1.19700598,18.3966907284
2017-06-02,801210,5008.15,5060.55,4982.32,5059.46,1.22282008,14.731292370699999
2017-06-05,801210,5062.27,5113.9,5058.96,5104.75,0.89551007,12.248458873499999
2017-06-06,801210,5102.51,5118.87,5086.4,5108.58,0.67404755,9.9870952961
2017-06-07,801210,5112.78,5214.86,5105.92,5214.42,1.16424285,19.2346405987
2017-06-08,801210,5203.04,5237.7,5199.96,5214.62,1.03913028,15.5449704871
2017-06-09,801210,5220.25,5232.39,5187.37,5227.26,0.89173041,13.6810697497
2017-06-12,801210,5212.26,5220.99,5156.95,5168.38,1.02050631,15.3352698534
2017-06-13,801210,5161.0,5227.27,5156.52,5213.42,0.81742716,13.657631294200002
2017-06-14,801210,5210.31,5222.26,5182.09,5190.23,0.96922216,14.2590077361
2017-06-15,801210,5187.99,5225.67,5183.22,5206.27,1.06294698,17.3296292728
2017-06-16,801210,5197.87,5202.31,5176.41,5179.62,0.95338931,13.729106763699999
2017-06-19,801210,5165.16,5214.1,5155.73,5214.1,0.7102639,11.6737355837
2017-06-20,801210,5223.46,5231.67,5182.27,5186.53,0.67285433,10.2713841154
2017-06-21,801210,5201.82,5225.67,5180.2,5225.67,0.6381984,9.892853992400001
2017-06-22,801210,5227.14,5244.76,5159.2,5159.71,0.79822185,12.056426153
2017-06-23,801210,5161.77,5164.2,5104.63,5159.77,0.97769837,17.7544659123
2017-06-26,801210,5154.64,5225.07,5154.64,5224.44,1.04365098,19.928692431800002
2017-06-27,801210,5222.98,5274.52,5216.95,5273.32,1.07194547,21.3761908167
2017-06-28,801210,5252.42,5271.9,5228.2,5233.62,0.80023638,15.161768217
2017-06-29,801210,5225.83,5289.19,5225.66,5255.73,0.92085374,19.5042686092
2017-06-30,801210,5268.8,5312.63,5262.17,5312.52,1.07847963,19.5773184389
2017-07-03,801210,5345.98,5348.59,5316.08,5337.7,1.59406381,25.2932148068
2017-07-04,801210,5347.68,5347.68,5296.26,5298.27,1.27098851,22.2903283164
2017-07-05,801210,5293.84,5331.47,5282.58,5329.0,1.17006715,20.3787656104
2017-07-06,801210,5331.02,5344.47,5282.11,5304.38,1.33975604,23.723226378699998
2017-07-07,801210,5286.6,5291.75,5253.96,5257.81,1.17880905,19.8536643238
2017-07-10,801210,5254.86,5265.64,5226.75,5248.03,1.15601745,20.422535763800003
2017-07-11,801210,5240.06,5251.59,5200.14,5206.27,1.08055093,17.2589858372
2017-07-12,801210,5197.39,5224.11,5148.63,5222.06,1.17434636,17.9922757431
2017-07-13,801210,5220.08,5224.95,5179.99,5208.11,1.01633986,15.703906308599999
2017-07-14,801210,5210.78,5216.93,5188.94,5197.1,0.95199279,14.234794853299999
2017-07-17,801210,5184.9,5185.19,4979.45,4984.57,1.44795001,20.1619874943
2017-07-18,801210,4978.5,5041.97,4965.07,5041.65,0.995728,14.065935508299999
2017-07-19,801210,5039.08,5086.76,5024.56,5083.6,1.17750417,16.6225815586
2017-07-20,801210,5079.24,5095.17,5073.7,5082.54,0.92513827,13.815403518299998
2017-07-24,801210,5063.94,5096.42,5048.09,5088.13,1.19269716,17.8272670122
2017-07-25,801210,5087.63,5114.94,5079.86,5099.56,1.0449645,15.9843509687
2017-07-26,801210,5099.37,5104.98,5072.96,5091.96,0.92058599,14.2752743967
2017-07-27,801210,5093.93,5183.34,5078.02,5182.93,1.33335426,21.139465644
2017-07-28,801210,5171.6,5190.02,5160.38,5167.93,0.88438639,13.6568035347
2017-07-31,801210,5172.68,5177.07,5145.56,5161.99,0.99378511,15.8148967252
2017-08-01,801210,5154.94,5167.98,5147.14,5163.53,1.10481809,17.205128203599998
2017-08-02,801210,5162.24,5162.82,5113.55,5117.18,0.95101973,15.6434028368
2017-08-03,801210,5114.46,5114.46,5084.33,5093.52,0.88199242,14.1718694489
2017-08-04,801210,5097.47,5101.65,5051.53,5051.86,0.93110734,14.182653468599998
2017-08-07,801210,5059.21,5066.06,5043.57,5065.99,0.75897261,11.7346128146
2017-08-08,801210,5072.36,5096.38,5055.07,5096.08,0.95621692,13.964366556400002
2017-08-09,801210,5078.85,5103.33,5072.43,5103.07,0.96371221,14.0338925777
2017-08-10,801210,5092.32,5100.77,5043.81,5055.77,0.91140066,13.665885426600001
2017-08-11,801210,5033.52,5038.76,4998.65,4999.21,0.87746796,13.1860799746
2017-08-14,801210,5003.4,5065.32,5003.08,5059.47,0.77045662,11.9002956896
2017-08-15,801210,5063.31,5081.02,5061.15,5079.58,0.78850458,12.067180717000001
2017-08-16,801210,5074.41,5146.61,5072.91,5142.92,1.11565536,16.4234509022
2017-08-17,801210,5129.64,5182.23,5128.74,5178.68,1.1217258,15.747186013199999
2017-08-18,801210,5147.48,5183.78,5140.82,5181.81,1.05002516,16.2620401081
2017-08-21,801210,5173.91,5231.64,5173.4,5218.77,1.197429,18.180354717
2017-08-22,801210,5213.77,5217.47,5167.66,5183.37,1.10458403,16.4873427789
2017-08-23,801210,5183.1,5194.34,5150.9,5156.94,1.03641977,14.2826880821
2017-08-24,801210,5155.64,5155.64,5096.04,5102.88,1.02068276,14.6016271361
2017-08-25,801210,5107.62,5131.48,5097.02,5130.45,0.93115675,13.4273984328
2017-08-28,801210,5123.6,5179.09,5123.6,5166.85,1.38276363,20.2577464724
2017-08-29,801210,5162.97,5176.27,5126.62,5139.11,1.40722234,19.3854654885
2017-08-30,801210,5138.56,5188.08,5136.96,5178.66,1.35119312,19.9890333846
2017-08-31,801210,5176.88,5213.6,5171.85,5212.45,1.19693252,18.7928354843
2017-09-01,801210,5208.93,5223.79,5193.99,5222.19,1.21553127,18.151093706300003
2017-09-04,801210,5214.85,5450.75,5214.85,5446.11,2.81549123,44.252274693000004
2017-09-05,801210,5441.16,5463.47,5395.43,5437.49,2.34783822,35.356627661
2017-09-06,801210,5412.64,5428.69,5378.12,5417.84,1.68942481,25.3685933227
2017-09-07,801210,5416.65,5460.12,5349.54,5351.05,1.80366369,27.1548088727
2017-09-08,801210,5368.69,5445.81,5353.57,5435.39,2.03603293,30.996863896199997
2017-09-11,801210,5450.78,5517.29,5432.65,5449.85,1.80648626,29.8658290817
2017-09-12,801210,5451.93,5459.91,5410.4,5438.75,1.83348326,28.2018963441
2017-09-13,801210,5430.98,5474.96,5408.56,5474.55,1.61623025,24.8419251605
2017-09-14,801210,5474.38,5600.42,5473.02,5600.34,2.62083614,42.2351010549
2017-09-15,801210,5585.46,5600.34,5522.68,5568.58,1.82055559,29.689544645100003
2017-09-18,801210,5573.22,5603.7,5528.35,5546.96,1.80320747,29.8344372931
2017-09-19,801210,5549.4,5557.83,5473.09,5497.59,1.56902344,26.8792272822
2017-09-20,801210,5504.12,5541.84,5482.26,5540.76,1.36914643,22.6058430176
2017-09-21,801210,5546.6,5555.38,5488.76,5488.76,1.32509465,21.1514092152
2017-09-22,801210,5488.19,5503.29,5440.0,5465.71,1.1312018,17.517992435
2017-09-25,801210,5477.34,5485.92,5431.87,5437.46,1.26252893,19.3423445553
2017-09-26,801210,5429.65,5476.91,5418.54,5476.91,1.30096479,22.5093623223
2017-09-27,801210,5481.3,5498.75,5437.29,5442.93,1.08462601,17.849254653499997
2017-09-28,801210,5446.29,5480.23,5441.45,5447.06,1.30369395,19.6745240563
2017-09-29,801210,5461.08,5490.23,5447.28,5489.85,1.08210418,16.8713571611
2017-10-09,801210,5536.97,5542.27,5412.89,5436.83,1.65684533,26.852696936300003
2017-10-10,801210,5433.5,5480.56,5427.91,5475.47,1.21914365,20.4438988159
2017-10-11,801210,5476.39,5549.59,5459.87,5533.26,1.44106753,23.083147233400002
2017-10-12,801210,5537.45,5551.6,5478.95,5495.16,1.17046983,21.0262825723
2017-10-13,801210,5499.56,5536.68,5495.99,5519.11,1.02819296,19.569324848
2017-10-16,801210,5525.51,5529.01,5418.18,5419.62,1.36124381,25.8233751098
2017-10-17,801210,5426.7,5438.84,5408.79,5429.21,1.17771594,20.2581310234
2017-10-18,801210,5428.53,5457.53,5417.4,5418.69,1.00618333,17.147785568699998
2017-10-19,801210,5426.39,5442.84,5379.47,5407.52,1.21437759,19.722335374100002
2017-10-20,801210,5407.06,5446.31,5403.95,5438.11,0.91731325,16.254338393599998
2017-10-23,801210,5443.55,5463.55,5443.47,5459.06,1.01668475,15.2655984204
2017-10-24,801210,5455.1,5463.85,5439.6,5451.26,0.87727217,14.730613198499999
2017-10-25,801210,5457.34,5501.26,5447.63,5501.08,0.84265282,14.266423515
2017-10-26,801210,5494.62,5535.98,5481.14,5532.37,1.08264638,18.0438084412
2017-10-27,801210,5542.36,5614.75,5533.85,5549.34,1.07984571,17.9913584198
2017-10-30,801210,5552.73,5554.83,5449.36,5515.76,1.53538188,22.378901930100003
2017-10-31,801210,5510.57,5635.81,5510.09,5635.12,1.58894802,24.6532875558
2017-11-01,801210,5632.01,5653.2,5569.4,5585.54,1.37478014,24.027721047100002
2017-11-02,801210,5587.76,5599.89,5520.05,5528.57,1.15425885,20.018258111199998
2017-11-03,801210,5526.54,5534.64,5460.37,5485.38,1.17897789,19.4329142559
2017-11-06,801210,5496.27,5570.5,5494.63,5570.26,1.20039373,22.3591513317
2017-11-07,801210,5568.08,5590.34,5533.47,5563.88,1.11585062,21.7068064973
2017-11-08,801210,5563.23,5639.95,5559.01,5629.6,1.39869751,26.043520994899996
2017-11-09,801210,5627.17,5681.61,5622.38,5680.4,1.32223427,23.0492383463
2017-11-10,801210,5677.85,5753.1,5677.85,5744.89,1.43452106,24.504393820700002
2017-11-13,801210,5736.69,5796.15,5736.69,5794.36,1.40902691,27.0474675902
2017-11-14,801210,5789.21,5793.7,5661.96,5673.94,1.44843135,27.538658439699997
2017-11-15,801210,5670.59,5670.81,5572.56,5613.37,1.22068537,25.423414081700002
2017-11-16,801210,5613.73,5651.39,5609.56,5633.2,0.97839183,19.286451098
2017-11-17,801210,5640.54,5646.75,5491.96,5502.96,1.5188512,26.689846098
2017-11-20,801210,5492.41,5498.0,5382.47,5481.1,1.14436604,20.1240160702
2017-11-21,801210,5482.67,5584.98,5480.55,5584.98,1.0747771,21.3251000928
2017-11-22,801210,5580.37,5594.03,5461.63,5473.9,1.03984353,21.9179713164
2017-11-23,801210,5454.7,5454.7,5353.36,5353.79,1.06659874,20.7651043199
2017-11-24,801210,5345.38,5373.93,5299.48,5336.01,0.91666669,17.8887785806
2017-11-27,801210,5328.71,5328.74,5199.79,5200.83,0.88827937,18.1548583186
2017-11-28,801210,5211.02,5260.99,5203.54,5243.52,0.73599935,12.838662457
2017-11-29,801210,5265.76,5306.13,5228.09,5289.16,0.85290016,16.1213001692
2017-11-30,801210,5298.92,5389.41,5288.24,5328.29,1.23716981,21.7103958538
2017-12-01,801210,5337.88,5343.54,5276.52,5332.6,0.89315305,14.2277584
2017-12-04,801210,5328.31,5328.31,5253.75,5261.19,0.93432757,16.4755674456
2017-12-05,801210,5241.21,5287.91,5174.65,5196.96,1.34812626,20.4976908404
2017-12-06,801210,5186.68,5231.94,5168.66,5230.21,0.95295222,14.811322110399999
2017-12-07,801210,5227.3,5251.22,5174.54,5175.12,0.85086797,13.4483534383
2017-12-08,801210,5161.02,5305.9,5160.44,5305.38,0.87522669,15.8404967124
2017-12-11,801210,5308.67,5413.0,5290.1,5404.41,1.03396645,19.7948968518
2017-12-12,801210,5396.85,5410.33,5356.95,5374.31,0.89290311,15.3059573172
2017-12-13,801210,5371.19,5392.98,5341.97,5382.09,0.71999341,11.1763721454
2017-12-14,801210,5381.45,5382.5,5315.74,5318.49,0.70786484,11.734618918499999
2017-12-15,801210,5321.44,5321.98,5257.91,5273.69,0.70694193,12.379773755599999
2017-12-18,801210,5267.16,5309.72,5249.12,5261.78,0.63778025,10.516907755
2017-12-19,801210,5265.57,5329.83,5262.47,5329.83,0.7214424,12.5074721115
2017-12-20,801210,5326.37,5361.94,5326.37,5342.06,1.03696311,17.575942743
2017-12-21,801210,5329.6,5374.96,5321.3,5360.68,0.88438206,15.0468206497
2017-12-22,801210,5356.92,5362.7,5332.03,5337.31,0.66942558,11.267115085899999
2017-12-25,801210,5324.22,5355.13,5290.42,5295.65,0.70237767,10.7884487176
2017-12-26,801210,5302.05,5323.07,5281.53,5292.96,0.72313386,11.5929249871
2017-12-27,801210,5304.1,5361.51,5255.21,5269.44,1.19484408,20.1211932886
2017-12-28,801210,5276.7,5363.83,5276.09,5340.71,1.00243195,16.1160211748
2017-12-29,801210,5360.76,5399.15,5346.55,5396.94,0.97759235,14.6255942426
2018-01-02,801210,5416.41,5429.19,5387.14,5399.75,0.96268977,16.0032326939
2018-01-03,801210,5416.36,5545.48,5409.24,5545.48,1.32227979,25.9325734546
2018-01-04,801210,5523.11,5563.68,5501.59,5531.99,0.95180746,20.2396988242
2018-01-05,801210,5536.94,5536.94,5500.89,5530.19,0.92074417,16.702354121099997
2018-01-08,801210,5529.63,5557.78,5471.99,5557.78,1.14284357,23.2909694977
2018-01-09,801210,5551.05,5580.76,5529.64,5538.61,1.03773828,20.3692485388
2018-01-10,801210,5539.23,5560.33,5513.24,5554.59,1.19235356,22.4558018766
2018-01-11,801210,5541.88,5570.9,5500.29,5547.43,1.15407495,21.8554983608
2018-01-12,801210,5542.97,5559.39,5521.84,5537.66,1.05181185,17.4106266113
2018-01-15,801210,5549.57,5602.61,5509.94,5553.46,1.4753287,28.0379439612
2018-01-16,801210,5547.86,5719.28,5541.5,5666.1,1.27029269,27.0993103687
2018-01-17,801210,5650.57,5650.81,5568.26,5620.7,1.0060164,19.3727713444
2018-01-18,801210,5616.77,5648.85,5607.93,5641.83,0.84705737,18.3221030702
2018-01-19,801210,5645.89,5693.73,5610.12,5621.76,1.02990317,18.7781972757
2018-01-22,801210,5626.4,5758.01,5619.44,5742.03,1.18151885,23.7693210907
2018-01-23,801210,5752.29,5755.05,5716.59,5737.59,0.89964644,17.0904747225
2018-01-24,801210,5755.7,5802.06,5732.1,5775.98,1.19906486,24.216186807899998
2018-01-25,801210,5773.13,5777.78,5739.04,5744.31,1.10260408,20.1260405346
2018-01-26,801210,5739.21,5792.21,5726.36,5774.11,1.0769693,18.5353440349
2018-01-29,801210,5801.26,5816.9,5700.27,5718.03,1.33093315,23.7534729767
2018-01-30,801210,5699.6,5758.4,5699.6,5723.0,1.02400827,17.4544261562
2018-01-31,801210,5711.29,5783.94,5693.64,5733.43,1.28470973,23.8560069047
2018-02-01,801210,5721.87,5754.39,5624.12,5643.16,1.47132527,25.951885518
2018-02-02,801210,5601.01,5764.76,5557.36,5762.58,1.23647146,25.532863283
2018-02-05,801210,5672.24,5733.3,5651.82,5682.43,0.93140187,21.572495960300003
2018-02-06,801210,5582.38,5602.64,5348.28,5349.03,1.3510983,27.2491215258
2018-02-07,801210,5462.39,5494.07,5259.98,5324.59,1.30931439,26.288412108699998
2018-02-08,801210,5314.09,5452.47,5308.74,5414.32,0.98710893,17.9218200539
2018-02-09,801210,5222.05,5303.37,5172.97,5215.52,1.16602415,22.4870067258
2018-02-12,801210,5253.21,5388.21,5249.55,5370.56,1.05023415,18.5736283112
2018-02-13,801210,5418.28,5514.06,5398.75,5478.54,1.08230743,18.538835319300002
2018-02-14,801210,5486.73,5534.83,5447.22,5520.86,0.66603513,12.570668514400001
2018-02-22,801210,5598.28,5703.2,5595.14,5679.19,0.98914733,21.474852383200002
2018-02-23,801210,5684.92,5711.49,5642.35,5709.68,0.84923375,16.185601794700002
2018-02-26,801210,5719.84,5739.59,5662.13,5723.95,1.07995398,20.843765650399998
2018-02-27,801210,5763.96,5780.73,5657.43,5682.35,1.00260678,22.425765638
2018-02-28,801210,5624.01,5712.6,5609.84,5684.37,0.95580659,18.3044531642
2018-03-01,801210,5662.12,5818.16,5648.7,5808.63,1.1379007,24.644108916599997
2018-03-02,801210,5758.06,5783.88,5720.47,5741.51,0.93314941,17.176621737999998
2018-03-05,801210,5751.03,5764.27,5676.05,5713.09,1.03352461,19.0722227044
2018-03-06,801210,5725.46,5817.17,5719.52,5811.97,1.16955073,23.1769175138
2018-03-07,801210,5810.54,5857.38,5792.69,5828.23,1.11346564,18.9148878122
2018-03-08,801210,5819.99,5882.78,5815.88,5881.58,0.80443587,15.957245119100001
2018-03-09,801210,5889.3,5978.79,5864.32,5972.04,1.26883322,23.1873435301
2018-03-12,801210,5977.85,6035.62,5961.05,5988.52,1.42469763,25.675191295599998
2018-03-13,801210,5999.1,6010.22,5965.55,5979.17,1.04766284,17.349972087
2018-03-14,801210,5967.87,6004.2,5949.77,5961.99,1.05840314,18.422124596
2018-03-15,801210,5951.64,5968.1,5880.31,5919.31,1.35841804,22.1304730162
2018-03-16,801210,5924.59,5948.06,5859.57,5859.57,1.22880062,19.1315925006
2018-03-19,801210,5863.26,5907.45,5821.79,5900.61,1.31301103,20.0534170666
2018-03-20,801210,5860.98,5884.61,5817.1,5883.35,1.42571724,19.9235252503
2018-03-21,801210,5885.73,6001.23,5885.7,5906.23,1.42022459,24.1675962739
2018-03-22,801210,5901.33,5933.36,5852.49,5865.13,1.17691909,18.3161137831
2018-03-23,801210,5704.05,5782.51,5631.66,5699.72,1.82954204,28.066628857199998
2018-03-26,801210,5634.92,5685.52,5588.45,5677.48,1.20543235,21.1629586046
2018-03-27,801210,5723.99,5794.27,5723.91,5788.98,1.52344725,24.812139307800003
2018-03-28,801210,5744.26,5857.52,5742.35,5786.82,1.46564845,25.7465038723
2018-03-29,801210,5797.94,5821.65,5627.1,5735.51,1.37025667,25.8628047655
2018-03-30,801210,5732.01,5800.82,5720.3,5740.89,1.63062728,28.2221384862
2018-04-02,801210,5754.61,5837.93,5754.61,5833.04,1.54442237,26.2552298777
2018-04-03,801210,5799.25,5799.25,5716.35,5765.27,1.52055308,24.689164381100003
2018-04-04,801210,5803.24,5850.07,5720.45,5754.16,1.68081678,28.866319538699997
2018-04-09,801210,5752.51,5843.11,5751.44,5793.86,1.50325051,26.991247269299997
2018-04-10,801210,5814.43,5820.76,5721.62,5792.17,1.27330073,22.396276730500002
2018-04-11,801210,5786.71,5800.41,5755.23,5766.44,1.41488557,23.0440263965
2018-04-12,801210,5753.7,5814.43,5744.46,5791.04,1.30912646,22.4315835238
2018-04-13,801210,5802.02,5839.69,5786.13,5811.61,1.11244574,19.9300532819
2018-04-16,801210,6002.03,6002.03,5784.66,5809.61,1.44127893,31.2445578805
2018-04-17,801210,5794.5,5800.75,5501.84,5519.19,1.86601223,37.5894470905
2018-04-18,801210,5563.57,5570.81,5412.87,5545.1,1.39257673,25.4812599223
2018-04-19,801210,5549.85,5652.84,5548.81,5647.82,1.30864913,21.383640405799998
2018-04-20,801210,5631.68,5671.11,5548.31,5564.27,1.26164271,19.82824282
2018-04-23,801210,5530.77,5570.28,5444.44,5484.69,1.12567795,18.8014853771
2018-04-24,801210,5497.2,5606.85,5497.12,5596.19,1.3061037,22.2496012316
2018-04-25,801210,5570.79,5607.97,5549.69,5600.2,1.103996,17.3930690957
2018-04-26,801210,5595.06,5596.6,5485.0,5499.74,1.06524315,17.0373131948
2018-04-27,801210,5513.56,5541.28,5422.53,5504.92,1.07023614,18.9506559973
2018-05-02,801210,5554.15,5627.41,5501.38,5622.26,1.13289668,25.7975689682
2018-05-03,801210,5629.81,5690.21,5589.72,5689.43,1.10263421,25.5676422033
2018-05-04,801210,5681.39,5693.93,5646.46,5648.0,0.76358136,16.848972938800003
2018-05-07,801210,5675.29,5774.76,5648.0,5758.89,1.23137902,26.4817284908
2018-05-08,801210,5766.1,5831.13,5749.94,5814.76,1.25043187,22.4956165796
2018-05-09,801210,5820.96,5864.54,5816.03,5851.07,1.32271629,22.491319556799997
2018-05-10,801210,5845.06,5939.76,5831.18,5939.76,1.43683158,24.6673286836
2018-05-11,801210,5933.87,5942.29,5889.13,5899.36,1.18538038,18.430911983199998
2018-05-14,801210,5888.82,5954.03,5887.1,5927.86,1.19891366,23.724194923000002
2018-05-15,801210,5930.06,5962.0,5893.88,5958.48,1.02178943,17.169898854
2018-05-16,801210,5952.56,6037.95,5940.75,5977.14,1.44518354,25.008152738000003
2018-05-17,801210,5977.0,6002.99,5905.87,5919.41,1.50215316,25.2414473716
2018-05-18,801210,5927.0,5967.03,5898.36,5951.76,1.32378111,20.8838646661
2018-05-21,801210,5989.05,6039.66,5974.36,6002.94,1.60949542,25.0317774585
2018-05-22,801210,6000.87,6006.96,5956.68,5993.69,1.39197604,20.1811510133
2018-05-23,801210,5987.69,6022.38,5932.48,5943.36,1.34917301,22.486092657100002
2018-05-24,801210,5947.56,6003.15,5930.14,5958.8,1.26420627,21.128545008299998
2018-05-25,801210,5931.0,5981.14,5922.44,5950.39,1.20977224,22.115420152800002
2018-05-28,801210,5950.16,5992.04,5925.94,5969.69,1.48881556,25.333315336
2018-05-29,801210,5947.92,6110.96,5947.92,6043.38,1.64467324,32.477258109299996
2018-05-30,801210,5983.88,6087.12,5930.11,6029.51,1.78780903,31.2453737092
2018-05-31,801210,6055.17,6323.36,6054.43,6322.98,2.37497565,45.1422390887
2018-06-01,801210,6296.41,6312.47,6193.07,6252.27,1.56674964,30.0902910837
2018-06-04,801210,6278.03,6300.59,6208.7,6232.25,1.38480276,27.232720017600002
2018-06-05,801210,6230.72,6292.26,6208.56,6288.08,1.65584941,28.4271467925
2018-06-06,801210,6275.0,6293.04,6246.78,6261.85,1.34418874,25.3438949727
2018-06-07,801210,6273.15,6317.2,6224.9,6259.34,1.44767627,29.4058541979
2018-06-08,801210,6245.85,6246.06,6167.69,6218.7,1.53925682,28.187291434200002
2018-06-11,801210,6208.11,6239.15,6032.71,6058.94,1.46253914,29.6678764627
2018-06-12,801210,6068.12,6260.35,6043.17,6243.3,1.38526965,28.2911636316
2018-06-13,801210,6244.86,6302.36,6214.98,6216.35,1.46501364,28.282142901500002
2018-06-14,801210,6217.38,6253.41,6129.88,6177.31,1.30152835,25.9488694947
2018-06-15,801210,6177.63,6195.9,6013.8,6071.12,1.38306458,25.7384369267
2018-06-19,801210,5998.5,6016.12,5789.16,5859.3,1.80089151,34.6627995896
2018-06-20,801210,5836.74,5911.83,5759.73,5893.68,1.34844998,24.1148275069
2018-06-21,801210,5897.28,6067.15,5882.1,5898.79,1.32844313,27.619788997199997
2018-06-22,801210,5858.38,5988.69,5797.34,5963.59,1.21932953,22.042487035100002
2018-06-25,801210,5968.2,6089.38,5968.2,6027.7,1.02302545,21.1940374343
2018-06-26,801210,5959.92,6010.13,5911.08,5954.52,1.03343211,21.115091309500002
2018-06-27,801210,5943.59,5974.1,5730.93,5735.31,1.01689328,23.335693651
2018-06-28,801210,5704.66,5822.14,5695.5,5750.7,1.23587031,26.2747254603
2018-06-29,801210,5747.32,5933.85,5743.33,5881.85,1.52867907,25.810122539
2018-07-02,801210,5897.22,5935.5,5738.45,5799.36,1.43877497,26.788406890500003
2018-07-03,801210,5816.35,5816.35,5514.23,5680.77,1.38729149,30.5972334006
2018-07-04,801210,5664.64,5737.6,5623.21,5650.27,1.04785301,20.150975866
2018-07-05,801210,5644.02,5703.74,5579.7,5589.99,1.12584509,18.8566654005
2018-07-06,801210,5571.99,5618.39,5392.51,5537.76,1.28610619,21.1442967287
2018-07-09,801210,5556.31,5708.44,5555.78,5700.96,1.08596391,19.1539870586
2018-07-10,801210,5729.25,5812.69,5720.81,5795.35,0.89887037,16.923704108699997
2018-07-11,801210,5704.12,5817.89,5637.29,5768.99,1.10736702,19.5270418015
2018-07-12,801210,5751.26,5918.76,5751.26,5881.0,1.12002213,22.746390586999997
2018-07-13,801210,5890.35,6061.08,5890.08,6044.77,1.17981725,24.4632234483
2018-07-16,801210,6058.48,6167.18,6058.48,6127.11,1.32224133,25.6797183441
2018-07-17,801210,6113.01,6113.01,6037.41,6093.16,0.98324419,18.229804656400002
2018-07-18,801210,6091.82,6339.31,6091.06,6190.53,1.75760913,35.1476492404
2018-07-19,801210,6177.66,6197.13,6100.55,6119.15,1.33419828,22.7601756554
2018-07-20,801210,6103.77,6157.98,6084.22,6127.62,1.38437667,22.4638248465
2018-07-23,801210,6129.5,6168.29,5962.19,6002.44,1.82432988,33.6725506338
2018-07-24,801210,6017.23,6112.84,5985.19,6057.68,1.94553931,30.1927310861
2018-07-25,801210,6083.91,6225.27,6083.7,6224.27,2.35847198,34.459752081
2018-07-26,801210,6216.77,6229.47,6103.85,6142.89,2.66106752,31.1040247194
2018-07-27,801210,6130.49,6142.6,6056.28,6094.06,2.31676964,25.2299218754
2018-07-30,801210,6098.09,6098.19,5928.18,5959.96,1.77862401,24.269531014000002
2018-07-31,801210,5966.52,5967.37,5923.47,5948.61,1.67319372,21.243423685699998
2018-08-01,801210,5997.98,6032.25,5935.33,5952.41,1.64587929,22.1944852923
2018-08-02,801210,5936.53,5937.47,5671.1,5736.11,1.92216141,28.5153719175
2018-08-03,801210,5729.24,5760.87,5528.7,5563.55,1.59931547,27.289220969499997
2018-08-06,801210,5571.75,5582.44,5302.74,5348.95,1.75070138,28.250228714099997
2018-08-07,801210,5382.88,5451.24,5216.56,5435.83,1.79875073,31.6177970229
2018-08-08,801210,5385.62,5515.42,5329.99,5344.9,2.08472722,29.9204973397
2018-08-09,801210,5331.06,5555.54,5313.89,5480.08,2.19851034,31.2796941886
2018-08-10,801210,5489.05,5584.06,5458.28,5540.1,1.73265623,25.611167122399998
2018-08-13,801210,5476.17,5571.3,5446.34,5559.28,1.33688282,19.8740095557
2018-08-14,801210,5548.54,5566.54,5496.59,5523.56,1.31753713,17.7430807157
2018-08-15,801210,5546.36,5546.36,5360.65,5366.19,1.39471572,17.9676806747
2018-08-16,801210,5273.28,5386.03,5239.87,5283.18,1.46386094,19.715375926900002
2018-08-17,801210,5350.61,5375.83,5138.06,5168.83,1.27028097,20.114573886400002
2018-08-20,801210,5159.71,5178.24,5035.68,5161.4,1.2751015,19.729658809500002
2018-08-21,801210,5177.12,5353.73,5176.82,5347.41,1.24550189,20.8917554314
2018-08-22,801210,5339.93,5340.66,5223.79,5237.33,1.15257388,16.9890292524
2018-08-23,801210,5226.77,5281.36,5179.76,5231.72,1.16302404,17.697476928900002
2018-08-24,801210,5223.7,5284.11,5175.17,5229.92,1.1274558,14.855768686900001
2018-08-27,801210,5237.54,5504.58,5237.27,5504.58,1.56690975,26.1923858843
2018-08-28,801210,5475.07,5537.54,5468.63,5494.35,1.60787131,22.072813453000002
2018-08-29,801210,5481.76,5495.4,5378.31,5414.0,1.36282691,21.793682444
2018-08-30,801210,5405.23,5517.44,5404.06,5439.59,1.29227764,22.299658923400003
2018-08-31,801210,5429.5,5429.6,5282.43,5326.39,1.18795706,19.619277355
2018-09-03,801210,5302.68,5323.42,5183.15,5294.58,1.06039786,15.8135889848
2018-09-04,801210,5306.09,5357.7,5206.93,5319.68,1.25726582,20.4181526601
2018-09-05,801210,5292.05,5292.88,5186.69,5188.33,1.18737471,16.7264578411
2018-09-06,801210,5163.15,5222.2,5078.41,5106.61,1.0954804,16.6551624658
2018-09-07,801210,5129.71,5257.69,5129.22,5230.0,1.39658607,21.0907994902
2018-09-10,801210,5217.82,5217.86,5089.96,5099.87,1.3011758,16.101654456400002
2018-09-11,801210,5097.8,5137.54,5061.78,5131.17,1.10935945,14.048471816500001
2018-09-12,801210,5133.0,5139.37,5039.99,5056.51,0.91451464,13.0581048667
2018-09-13,801210,5125.28,5155.13,5039.2,5135.95,1.10381389,14.4037650642
2018-09-14,801210,5135.13,5181.97,5090.45,5130.17,1.36865652,18.1665819359
2018-09-17,801210,5101.61,5134.57,5040.37,5088.34,1.67714489,20.8859194095
2018-09-18,801210,5070.57,5175.6,5025.41,5170.19,1.58268951,19.2911304079
2018-09-19,801210,5175.91,5293.12,5175.91,5266.19,1.82059453,23.093680093400003
2018-09-20,801210,5268.56,5385.56,5268.52,5300.45,1.95802265,25.794724658499998
2018-09-21,801210,5361.09,5475.34,5354.92,5472.28,2.7748353,29.870961730799998
2018-09-25,801210,5415.98,5443.12,5384.6,5428.36,1.99558394,20.052312662000002
2018-09-26,801210,5466.74,5504.94,5399.09,5470.32,1.71392399,22.8017670783
2018-09-27,801210,5461.09,5461.56,5317.14,5357.94,1.51693612,20.2561529425
2018-09-28,801210,5367.88,5467.55,5357.95,5467.55,1.41746665,19.3366465953
2018-10-08,801210,5366.21,5366.21,5146.71,5156.57,1.46150871,19.5348853389
2018-10-09,801210,5161.38,5204.44,5119.27,5141.15,0.89604024,12.406632114
2018-10-10,801210,5161.34,5195.91,5064.84,5099.43,0.9030478,13.009207668
2018-10-11,801210,4896.76,4949.56,4754.0,4801.66,1.6366416,20.2335498347
2018-10-12,801210,4771.39,4939.07,4760.77,4912.28,1.50226838,19.7856348609
2018-10-15,801210,4944.6,5008.87,4855.53,4886.45,1.17490891,16.939455961300002
2018-10-16,801210,4885.84,4898.48,4747.29,4783.51,1.18144339,13.2590511392
2018-10-17,801210,4861.63,4870.33,4533.84,4598.86,1.66656473,26.7226678856
2018-10-18,801210,4493.68,4495.44,4375.05,4440.02,1.89881641,27.9082924076
2018-10-19,801210,4378.32,4558.42,4294.73,4536.61,1.5156147,20.8603890625
2018-10-22,801210,4604.95,4892.06,4603.78,4844.39,1.94419445,26.716305562
2018-10-23,801210,4922.32,4923.24,4731.52,4771.5,1.69971273,22.2697194683
2018-10-24,801210,4760.62,4814.01,4680.01,4689.73,1.3151699,15.796004590199999
2018-10-25,801210,4558.78,4724.6,4504.27,4705.04,1.32888635,15.319999708900001
2018-10-26,801210,4730.81,4740.02,4530.34,4588.76,1.41214023,19.1049905897
2018-10-29,801210,4522.0,4522.3,4327.69,4340.8,1.58070731,20.2867016116
2018-10-30,801210,4325.02,4477.39,4323.69,4440.49,1.46656944,15.8252376326
2018-10-31,801210,4493.75,4641.58,4492.15,4621.05,1.51358197,18.841062278800003
2018-11-01,801210,4693.78,4694.54,4604.32,4617.74,1.58817022,18.3869338735
2018-11-02,801210,4732.59,4926.39,4729.62,4924.5,1.94837532,28.4727516873
2018-11-05,801210,4920.63,4923.68,4779.65,4879.8,1.86402332,21.2114862975
2018-11-06,801210,4874.77,4874.83,4760.25,4833.39,1.70442323,19.2449349791
2018-11-07,801210,4833.3,4897.14,4791.73,4827.24,1.55152641,18.1413767869
2018-11-08,801210,4868.04,4890.03,4828.9,4836.47,1.36195825,14.2835873818
2018-11-09,801210,4809.56,4830.45,4749.56,4814.26,1.06083265,11.4719728852
2018-11-12,801210,4786.68,4858.16,4747.83,4850.85,1.43261361,16.3367227649
2018-11-13,801210,4782.41,4927.94,4766.51,4895.47,2.25157168,22.723262664499998
2018-11-14,801210,4896.37,4907.35,4837.89,4850.23,2.50490074,22.6310909835
2018-11-15,801210,4892.22,4925.45,4857.28,4925.38,2.39557047,23.9099919106
2018-11-16,801210,4946.81,4999.21,4905.3,4976.65,2.06707425,22.0207557835
2018-11-19,801210,4971.46,5019.61,4906.47,4982.39,2.04059011,21.7010150568
2018-11-20,801210,4943.15,4951.71,4862.03,4866.52,2.47642103,23.638809980100003
2018-11-21,801210,4828.49,4912.56,4811.73,4912.56,2.15190971,22.7225330446
2018-11-22,801210,4921.93,4925.28,4860.84,4887.61,1.57750788,16.5316128527
2018-11-23,801210,4875.14,4889.66,4751.16,4775.73,2.00064836,18.533620223699998
2018-11-26,801210,4790.92,4792.42,4726.19,4737.24,1.22804122,12.895823768
2018-11-27,801210,4763.85,4774.99,4727.87,4730.2,1.13901908,12.3305546082
2018-11-28,801210,4740.3,4935.11,4686.51,4861.48,1.95727638,22.7728347897
2018-11-29,801210,4870.6,4875.33,4766.95,4766.95,1.83948935,20.3334265479
2018-11-30,801210,4754.59,4833.3,4751.74,4821.65,1.39970008,15.004278853099999
2018-12-03,801210,4978.64,5016.98,4926.29,4989.36,2.00870815,28.380467949899998
2018-12-04,801210,4979.07,5059.51,4960.45,5058.53,1.93265055,23.4925456106
2018-12-05,801210,4986.54,5075.2,4980.47,5048.55,2.11184386,21.1948868042
2018-12-06,801210,5030.84,5034.23,4943.77,4962.15,1.86811053,18.0272320845
2018-12-07,801210,4984.89,5001.5,4925.23,4972.14,1.35323577,14.2561505284
2018-12-10,801210,4938.99,4989.07,4864.01,4883.22,1.54383825,19.9058465879
2018-12-11,801210,4903.1,4932.1,4850.97,4932.1,1.26826603,16.0103838195
2018-12-12,801210,4941.65,4988.38,4915.46,4971.7,1.17060622,15.3714137519
2018-12-13,801210,4968.52,5070.31,4964.96,5033.04,1.27261318,16.4441749631
2018-12-14,801210,5019.84,5040.5,4922.18,4924.1,1.4279514,18.7513280802
2018-12-17,801210,4897.56,4930.74,4842.62,4903.26,1.15633409,15.2938032655
2018-12-18,801210,4884.09,4928.35,4841.72,4874.26,1.22610122,14.5541125441
2018-12-19,801210,4881.77,4882.7,4821.48,4824.18,1.70512226,18.557047397
2018-12-20,801210,4795.77,4831.89,4788.26,4813.0,1.4276726,13.930089266300001
2018-12-21,801210,4800.84,4811.91,4715.08,4759.68,1.33430637,14.0490795676
2018-12-24,801210,4759.36,4823.86,4738.19,4823.86,1.13681097,13.5365873957
2018-12-25,801210,4789.87,4834.33,4741.07,4807.63,1.49015095,15.901750417899999
2018-12-26,801210,4814.6,4829.7,4739.6,4782.85,1.20505243,14.5725021374
2018-12-27,801210,4844.63,4850.16,4766.02,4770.25,1.22168746,14.5193585148
2018-12-28,801210,4793.07,4826.66,4765.4,4824.46,1.21600958,15.472377610899999
2019-01-02,801210,4841.41,4848.74,4711.81,4735.8,1.2355026,14.79350228
2019-01-03,801210,4725.07,4725.09,4604.31,4609.69,1.25795056,16.915540663599998
2019-01-04,801210,4554.1,4686.83,4540.14,4649.36,1.55623502,18.157846800999998
2019-01-07,801210,4668.46,4733.01,4646.33,4715.24,1.61679814,17.6975671209
2019-01-08,801210,4696.76,4757.48,4689.23,4745.46,1.38124622,16.1328786793
2019-01-09,801210,4746.26,4894.85,4746.06,4818.92,1.80481025,23.672940571399998
2019-01-10,801210,4809.93,4831.98,4779.41,4795.48,1.35281346,15.012403929400001
2019-01-11,801210,4804.35,4827.2,4778.22,4821.58,1.06291749,12.121488581
2019-01-14,801210,4801.98,4808.02,4706.44,4713.29,1.13639466,12.4484354321
2019-01-15,801210,4718.66,4827.94,4715.38,4824.12,1.37674542,16.5655695772
2019-01-16,801210,4831.4,4847.89,4798.2,4834.23,1.42551113,15.4454906696
2019-01-17,801210,4838.71,4841.34,4802.97,4808.19,1.76406172,16.0682835427
2019-01-18,801210,4735.12,4792.79,4691.67,4779.9,1.74482992,26.3951954066
2019-01-21,801210,4789.17,4854.78,4788.77,4846.44,1.69565982,21.3919443309
2019-01-22,801210,4845.37,4845.6,4785.1,4797.74,1.78504117,17.593104566300003
2019-01-23,801210,4797.54,4799.48,4745.76,4779.05,1.35963736,14.4917822971
2019-01-24,801210,4591.96,4693.61,4591.24,4687.41,1.68155904,28.320198429899996
2019-01-25,801210,4663.4,4734.17,4661.71,4688.73,1.33121506,16.84259083
2019-01-28,801210,4703.41,4724.35,4621.85,4631.29,1.50610978,20.5114676604
2019-01-29,801210,4619.12,4635.32,4560.9,4620.52,1.46906097,16.1966496203
2019-01-30,801210,4603.77,4604.39,4500.78,4511.96,1.45818609,20.3519121078
2019-01-31,801210,4497.89,4534.13,4475.37,4504.35,1.59249028,17.500592373099998
2019-02-01,801210,4524.15,4570.97,4479.61,4569.66,1.18286429,17.0909484951
2019-02-11,801210,4583.1,4758.81,4582.86,4745.96,1.40210675,21.1207594109
2019-02-12,801210,4735.01,4814.05,4722.83,4781.31,1.49403321,18.456671848499997
2019-02-13,801210,4784.98,4913.82,4784.71,4900.95,1.74036251,23.1983671465
2019-02-14,801210,4902.94,5014.88,4883.69,4983.88,1.71097815,23.0117791783
2019-02-15,801210,4973.11,4998.46,4884.86,4891.35,1.4647213,18.8761361635
2019-02-18,801210,4928.3,5038.95,4928.13,5037.13,1.97666374,23.9995213108
2019-02-19,801210,5043.12,5082.57,4996.95,5042.3,2.56373365,27.1511722507
2019-02-20,801210,5038.42,5100.96,5032.81,5073.31,2.04612156,21.495737232
2019-02-21,801210,5067.34,5122.91,5045.15,5051.48,2.09058532,22.12066791
2019-02-22,801210,5052.59,5106.85,5001.47,5106.85,2.05094395,21.6621168637
2019-02-25,801210,5128.36,5297.18,5127.72,5297.18,4.02455988,45.391497596499995
2019-02-26,801210,5300.75,5358.07,5208.09,5211.05,4.14510176,44.6710242942
2019-02-27,801210,5211.55,5302.71,5195.08,5233.62,3.58728244,38.6540548893
2019-02-28,801210,5226.36,5309.6,5226.36,5296.91,2.66200122,28.869314863299998
2019-03-01,801210,5347.93,5373.31,5268.31,5338.09,2.50156567,29.5192919071
2019-03-04,801210,5362.24,5456.71,5331.73,5355.54,3.82270476,44.4410833237
2019-03-05,801210,5335.74,5353.47,5250.46,5342.74,3.26811978,39.541431076
2019-03-06,801210,5359.18,5370.21,5283.49,5362.35,3.91267734,43.9689384653
2019-03-07,801210,5351.77,5403.18,5303.26,5380.82,4.0635059,43.6919168172
2019-03-08,801210,5295.54,5305.37,5162.86,5164.12,4.01940412,49.8962202677
2019-03-11,801210,5183.31,5323.94,5181.98,5323.94,2.88399321,33.3994318582
2019-03-12,801210,5367.42,5419.66,5311.06,5354.21,3.90969584,45.4956327064
2019-03-13,801210,5356.51,5399.97,5301.76,5328.23,3.77870746,39.0863081513
2019-03-14,801210,5309.42,5349.19,5230.24,5265.54,3.22833182,32.7762511264
2019-03-15,801210,5288.69,5396.48,5288.38,5366.54,3.72005731,41.7988351453
2019-03-18,801210,5378.87,5516.96,5357.69,5516.96,3.75983171,45.546832641499996
2019-03-19,801210,5537.08,5553.03,5499.6,5535.02,3.01473634,35.240336334
2019-03-20,801210,5545.28,5612.98,5505.44,5609.04,4.47303425,45.3142699527
2019-03-21,801210,5599.58,5660.08,5566.87,5642.39,4.29746478,45.9152418657
2019-03-22,801210,5641.22,5819.59,5637.62,5797.48,6.64393658,72.4362360514
2019-03-25,801210,5697.5,5746.67,5659.12,5685.36,5.43193046,62.4204942037
2019-03-26,801210,5691.37,5705.46,5611.75,5628.25,4.87141963,54.496887225500004
2019-03-27,801210,5654.72,5770.39,5645.97,5770.39,5.07559033,58.319678812
2019-03-28,801210,5752.49,5888.26,5724.22,5788.5,5.12408439,68.10964582060001
2019-03-29,801210,5781.25,5987.97,5781.05,5954.63,4.58866238,59.984679104099996
2019-04-01,801210,6013.34,6163.75,6013.34,6073.66,5.37644039,70.4746949446
2019-04-02,801210,6106.57,6111.67,6056.98,6073.1,4.94864738,61.1107507664
2019-04-03,801210,6053.29,6145.18,6049.34,6133.26,3.46819747,43.4771622147
2019-04-04,801210,6144.56,6196.01,6106.5,6187.34,4.24144214,47.737193939899996
2019-04-08,801210,6182.84,6245.07,6038.66,6110.74,4.40975888,55.6979363151
2019-04-09,801210,6098.18,6193.03,6098.18,6188.71,4.93697677,54.1681484554
2019-04-10,801210,6171.23,6196.47,6111.03,6158.18,5.49450818,64.08269994850001
2019-04-11,801210,6149.25,6176.8,6033.49,6043.57,4.6652593,51.4825911268
2019-04-12,801210,6030.07,6084.7,5943.56,5975.47,3.35459241,37.3688052258
2019-04-15,801210,6060.42,6171.64,6028.75,6030.11,3.56523102,45.863218879799994
2019-04-16,801210,6015.93,6132.27,5977.32,6132.27,2.95780128,37.9653778793
2019-04-17,801210,6133.5,6187.23,6106.57,6187.23,3.1540659,39.5630169237
2019-04-18,801210,6161.58,6236.13,6161.58,6225.78,3.01190938,37.9193268948
2019-04-19,801210,6222.66,6288.78,6161.46,6284.99,3.01465392,38.4793297094
2019-04-22,801210,6279.41,6338.61,6213.26,6249.39,3.76377214,48.0709403953
2019-04-23,801210,6245.4,6273.66,6117.14,6117.14,3.28291386,46.2206291758
2019-04-24,801210,6135.97,6173.98,6058.38,6167.23,2.78101459,36.2985180512
2019-04-25,801210,6136.96,6192.06,6050.57,6050.57,2.97577553,38.3682651077
2019-04-26,801210,6018.14,6040.04,5885.43,5938.74,2.3630866,33.754897231
2019-04-29,801210,5988.48,6023.85,5866.61,5944.89,2.79968657,37.2726999634
2019-04-30,801210,5917.17,5942.71,5833.35,5876.63,2.05734142,30.3798857364
2019-05-06,801210,5691.26,5731.12,5534.4,5589.72,2.87699771,36.8042878817
2019-05-07,801210,5586.09,5649.41,5556.56,5617.6,2.2692078,33.3301806621
2019-05-08,801210,5542.7,5626.62,5492.64,5495.59,1.7579656,20.8494318302
2019-05-09,801210,5443.64,5530.35,5405.23,5466.66,1.45260529,21.7597986846
2019-05-10,801210,5506.63,5699.61,5470.63,5662.77,2.13696844,29.6821401073
2019-05-13,801210,5608.57,5698.28,5597.36,5625.24,1.71818826,21.4675225651
2019-05-14,801210,5550.46,5602.91,5542.18,5549.63,1.56650204,22.054288365599998
2019-05-15,801210,5601.86,5713.2,5563.57,5703.31,2.15109378,24.343646638499997
2019-05-16,801210,5702.68,5747.11,5680.12,5747.11,1.88206958,22.6767316301
2019-05-17,801210,5754.46,5754.54,5563.65,5573.93,2.10106389,23.8753249625
2019-05-20,801210,5545.93,5545.93,5436.32,5511.33,1.58930404,19.448785711099998
2019-05-21,801210,5527.16,5651.19,5525.26,5585.31,1.55228486,20.830536010699998
2019-05-22,801210,5597.16,5637.07,5552.33,5603.79,1.80490145,20.0941905052
2019-05-23,801210,5587.6,5588.08,5488.07,5489.06,2.35308203,21.291783485699998
2019-05-24,801210,5488.19,5549.0,5470.35,5487.85,1.53072225,15.4101112455
2019-05-27,801210,5485.47,5551.1,5416.21,5547.61,1.86159654,20.2932706145
2019-05-28,801210,5552.63,5639.67,5532.4,5608.62,1.8627135,23.2590037677
2019-05-29,801210,5565.82,5590.9,5538.2,5552.4,1.27974517,16.0556116773
2019-05-30,801210,5542.82,5549.15,5469.58,5504.76,1.33103754,16.4830947379
2019-05-31,801210,5519.17,5557.86,5494.18,5535.09,1.13821504,15.845638861600001
2019-06-03,801210,5535.62,5573.47,5443.82,5479.21,1.55258099,17.4250570315
2019-06-04,801210,5470.37,5471.96,5387.52,5402.86,1.36179045,15.7583943625
2019-06-05,801210,5443.27,5447.81,5366.59,5369.94,1.13362693,14.1261276245
2019-06-06,801210,5390.18,5390.18,5276.19,5296.8,1.23890024,15.4916311681
2019-06-10,801210,5317.56,5410.94,5302.67,5395.74,1.18107261,14.2893357614
2019-06-11,801210,5406.16,5584.34,5406.07,5574.44,1.95892342,24.3961283277
2019-06-12,801210,5573.7,5587.48,5542.91,5568.57,1.43897264,16.4925715806
2019-06-13,801210,5567.84,5568.44,5505.65,5546.68,1.36179504,14.880074006900001
2019-06-14,801210,5562.61,5642.76,5534.12,5544.97,1.64463802,19.4357475093
2019-06-17,801210,5556.93,5641.76,5552.76,5594.73,1.32633667,18.0240827015
2019-06-18,801210,5601.81,5604.32,5547.2,5563.05,1.13298194,14.357063652699999
2019-06-19,801210,5663.92,5731.83,5663.47,5709.95,1.84450459,24.0513063541
2019-06-20,801210,5710.19,5942.99,5694.74,5869.04,2.15001966,31.1200102263
2019-06-21,801210,5895.63,5970.15,5866.31,5896.19,2.17818661,28.267574779
2019-06-24,801210,5891.29,5937.29,5865.24,5911.24,1.48211104,18.6755738156
2019-06-25,801210,5914.13,5921.76,5807.9,5863.62,1.5980853,20.2134711802
2019-06-26,801210,5853.28,5890.4,5840.23,5877.9,1.27603094,18.067803741800002
2019-06-27,801210,5890.3,5975.69,5890.3,5951.69,1.44025634,22.482591636
2019-06-28,801210,5954.49,5992.23,5907.43,5990.27,1.39166016,18.2739353672
2019-07-01,801210,6061.86,6149.68,6029.92,6141.63,2.18227193,29.8222136964
2019-07-02,801210,6137.43,6195.06,6090.82,6180.84,2.04905114,27.184184255100003
2019-07-03,801210,6163.94,6164.1,6018.16,6043.42,1.78874279,26.252371714699997
2019-07-04,801210,5986.82,5986.82,5829.48,5870.97,1.60227711,37.661124540500005
2019-07-05,801210,5896.37,6008.06,5893.13,5986.25,1.59936172,26.751118622399996
2019-07-08,801210,5999.86,6000.48,5805.71,5852.7,1.53899383,21.9166290322
2019-07-09,801210,5871.79,5898.13,5839.64,5871.58,1.00733521,15.0541885122
2019-07-10,801210,5907.91,5997.79,5876.96,5962.65,0.98645992,19.8407077957
2019-07-11,801210,5996.89,6057.18,5911.37,5938.52,1.02661472,21.792377134000002
2019-07-12,801210,5932.34,6033.3,5931.85,5987.61,0.87993034,17.0932227752
2019-07-15,801210,6008.73,6032.11,5926.28,6000.8,1.17345328,19.124525423599998
2019-07-16,801210,6002.97,6003.75,5927.99,5936.61,0.96622976,16.7961242276
2019-07-17,801210,5928.51,5928.62,5814.23,5879.97,0.92210117,19.7797060382
2019-07-18,801210,5877.56,5878.58,5830.15,5834.74,0.99103122,15.7578077357
2019-07-19,801210,5863.49,5943.76,5861.81,5875.34,0.8121855,13.7174287729
2019-07-22,801210,5860.18,5902.79,5816.38,5890.18,1.05075895,15.7467986552
2019-07-23,801210,5890.02,5890.02,5840.13,5872.32,0.83839533,15.490761418800002
2019-07-24,801210,5887.23,5911.9,5877.19,5891.54,0.94010188,14.5370589698
2019-07-25,801210,5898.36,5957.34,5878.48,5957.34,0.78896959,14.581844643800002
2019-07-26,801210,5945.96,6040.31,5932.22,6017.48,1.06689685,17.1470437583
2019-07-29,801210,6026.6,6046.11,6014.07,6044.88,0.85437022,12.6075879781
2019-07-30,801210,6054.81,6056.23,6008.94,6052.52,0.88706777,14.175289066800001
2019-07-31,801210,6023.84,6054.44,5968.96,6053.48,1.07338857,15.3251581698
2019-08-01,801210,6026.98,6073.86,5978.96,6008.7,1.16635077,18.7460783458
2019-08-02,801210,5935.23,6024.7,5900.47,6007.55,1.22571665,17.3675868867
2019-08-05,801210,5961.21,5969.64,5799.6,5801.43,0.99810242,19.1588484026
2019-08-06,801210,5646.15,5723.63,5595.09,5719.52,1.57942847,25.442423766300003
2019-08-07,801210,5735.03,5769.35,5696.55,5704.24,1.01545564,15.4753033263
2019-08-08,801210,5721.25,5779.84,5720.64,5776.09,0.84367614,13.062824342999999
2019-08-09,801210,5809.47,5811.25,5731.2,5731.93,0.96246662,12.675209925
2019-08-12,801210,5731.4,5773.04,5701.46,5772.46,1.04657532,12.5042950638
2019-08-13,801210,5734.62,5735.45,5643.95,5693.81,1.0100083,15.9205175949
2019-08-14,801210,5746.52,5816.7,5745.78,5790.64,1.03631191,17.8264232695
2019-08-15,801210,5690.59,5740.25,5677.1,5737.36,0.99387804,13.7609336656
2019-08-16,801210,5744.15,5946.7,5730.59,5905.43,1.42962387,23.939638539
2019-08-19,801210,5932.38,5982.27,5901.58,5968.83,1.57643178,22.513605692600002
2019-08-20,801210,5968.52,6006.76,5951.49,5977.47,1.36749229,18.2504432112
2019-08-21,801210,5972.06,5981.02,5944.31,5962.61,1.3444009,14.881021300799999
2019-08-22,801210,5986.7,6107.58,5986.7,6095.13,1.72087109,24.003088035300003
2019-08-23,801210,6119.22,6174.44,6085.32,6117.79,1.54452458,20.7982330348
2019-08-26,801210,6052.98,6106.85,6027.61,6065.41,2.00187741,24.88338412
2019-08-27,801210,6101.2,6202.19,6101.1,6138.21,1.65139587,24.7124200237
2019-08-28,801210,6138.46,6190.14,6101.38,6150.89,2.40492528,27.9947605288
2019-08-29,801210,6162.89,6180.91,6124.72,6175.93,1.93808079,23.362809858200002
2019-08-30,801210,6205.26,6236.56,6153.39,6171.75,2.64687398,32.0713991433
2019-09-02,801210,6186.39,6209.08,6095.88,6185.02,2.23462294,31.8622242641
2019-09-03,801210,6176.0,6226.51,6149.15,6186.67,1.93140738,23.4654370208
2019-09-04,801210,6158.18,6158.37,6075.52,6142.69,2.52818328,33.0019545917
2019-09-05,801210,6183.53,6245.68,6159.32,6159.32,3.2960943,41.4338980331
2019-09-06,801210,6190.86,6233.64,6136.66,6203.88,1.97695859,25.966635561
2019-09-09,801210,6245.19,6275.29,6209.69,6239.02,2.13298322,27.561334857800002
2019-09-10,801210,6239.86,6239.97,6179.29,6196.07,2.06289869,25.1546047483
2019-09-11,801210,6203.41,6203.41,6081.36,6103.66,1.96694966,27.760005484
2019-09-12,801210,6110.78,6176.64,6060.99,6166.43,1.89100623,24.853880207
2019-09-16,801210,6187.04,6190.28,6135.18,6169.31,1.75731023,20.5189793173
2019-09-17,801210,6163.37,6164.18,6074.74,6087.32,1.85118753,21.837570630300004
2019-09-18,801210,6099.86,6189.36,6095.15,6164.42,1.34924323,20.9480058338
2019-09-19,801210,6197.98,6316.54,6197.49,6316.04,3.13662876,37.5164454502
2019-09-20,801210,6318.62,6318.62,6227.75,6227.75,2.57902155,39.5101436899
2019-09-23,801210,6231.55,6231.55,6128.99,6165.38,1.92118476,24.3878188708
2019-09-24,801210,6182.84,6213.51,6160.8,6196.14,1.70311479,22.231521907399998
2019-09-25,801210,6189.74,6234.83,6154.77,6171.1,1.63522087,22.7577682207
2019-09-26,801210,6201.38,6233.87,6106.42,6114.02,1.71150221,22.1604241801
2019-09-27,801210,6119.69,6138.03,6060.39,6106.22,1.11939378,16.6291836201
2019-09-30,801210,6095.1,6155.52,6085.77,6085.77,0.98455905,15.1420543448
2019-10-08,801210,6104.75,6203.79,6104.75,6138.98,1.36541381,31.767359355500002
2019-10-09,801210,6123.13,6123.25,5970.05,6007.62,1.00156583,23.5976550279
2019-10-10,801210,6031.71,6102.57,5969.72,6100.08,0.97308668,16.749121469200002
2019-10-11,801210,6122.7,6122.7,6078.21,6080.2,0.90017095,13.0900676526
2019-10-14,801210,6123.04,6136.65,6080.02,6102.5,1.18272794,17.0661152268
2019-10-15,801210,6118.91,6146.07,6097.68,6142.93,1.01664251,15.3141407407
2019-10-16,801210,6150.27,6221.86,6150.27,6178.73,0.95844444,15.397148041800001
2019-10-17,801210,6186.8,6233.97,6173.18,6195.47,1.01259806,13.6824607746
2019-10-18,801210,6219.52,6219.52,6108.94,6118.32,1.02534283,13.896387387899999
2019-10-21,801210,6115.87,6143.88,6082.76,6101.05,0.8772528,12.314422125799998
2019-10-22,801210,6134.71,6134.71,6054.14,6115.23,0.88122633,13.1177087424
2019-10-23,801210,6095.24,6105.09,6019.18,6020.3,1.14002897,15.1449982603
2019-10-24,801210,6026.2,6026.2,5835.67,5892.56,1.03434483,24.211557934699997
2019-10-25,801210,5895.86,5978.1,5881.62,5970.82,0.98091632,15.9788932675
2019-10-28,801210,5975.95,6063.12,5975.95,6051.78,1.46372428,19.0364486723
2019-10-29,801210,6065.74,6083.65,6008.61,6053.92,1.1658373,18.6790500294
2019-10-30,801210,5957.06,6028.87,5957.06,5971.9,1.35784988,21.2597450093
2019-10-31,801210,5974.15,5991.88,5934.09,5969.28,1.18358696,18.142166957
2019-11-01,801210,5969.51,6002.63,5916.52,5984.76,0.97237956,14.6619316455
2019-11-04,801210,6021.49,6119.72,6013.97,6103.49,1.26977808,21.544997062199997
2019-11-05,801210,6107.87,6160.17,6081.92,6108.53,1.50828582,21.3138702307
2019-11-06,801210,6101.19,6115.19,6058.56,6065.42,1.6242077,18.9790458605
2019-11-07,801210,6053.81,6056.34,6000.33,6025.26,1.13370427,16.9385450195
2019-11-08,801210,6061.16,6090.24,6030.45,6030.55,1.68336979,17.672720196900002
2019-11-11,801210,6004.34,6004.66,5851.59,5874.69,2.00132272,25.5269652594
2019-11-12,801210,5891.07,5902.07,5811.66,5864.98,1.56268092,18.1510828523
2019-11-13,801210,5861.16,5861.18,5781.25,5795.04,1.32618207,24.950332321100003
2019-11-14,801210,5806.33,5816.72,5766.73,5774.04,1.20294277,20.2943073415
2019-11-15,801210,5795.65,5796.58,5703.37,5703.37,1.27828875,16.5769032269
2019-11-18,801210,5708.23,5806.25,5700.77,5792.85,1.05812583,21.2775554669
2019-11-19,801210,5789.45,5848.23,5771.74,5848.23,1.24756709,19.1327875078
2019-11-20,801210,5846.98,5866.11,5811.28,5825.97,1.29486949,15.9073462479
2019-11-21,801210,5805.63,5818.27,5773.93,5806.8,1.12814944,13.5203979277
2019-11-22,801210,5812.84,5857.0,5700.63,5728.78,1.57143084,20.5866645913
2019-11-25,801210,5724.15,5725.33,5633.68,5670.34,1.16683002,20.075006713
2019-11-26,801210,5693.38,5803.97,5692.46,5744.56,1.35371766,24.5638247783
2019-11-27,801210,5772.76,5806.83,5688.88,5713.89,1.07284283,16.7950932456
2019-11-28,801210,5703.83,5735.8,5670.86,5681.43,1.08382816,13.4149313061
2019-11-29,801210,5671.33,5702.19,5645.02,5702.19,0.98586223,14.5122681977
2019-12-02,801210,5708.17,5723.63,5707.83,5723.63,1.24373261,16.5080169331
2019-12-03,801210,5713.74,5759.74,5675.35,5759.74,1.47410955,15.1744580894
2019-12-04,801210,5737.56,5782.36,5712.4,5775.92,1.60819188,17.6484514882
2019-12-05,801210,5791.09,5871.11,5790.33,5859.08,1.48855184,18.1110904989
2019-12-06,801210,5883.75,5903.79,5853.36,5891.18,1.40257228,16.4727673417
2019-12-09,801210,5905.76,5921.16,5839.92,5843.16,1.36883916,17.155661406500002
2019-12-10,801210,5848.77,5944.82,5847.9,5935.59,1.24912583,20.3122609651
2019-12-11,801210,5948.22,5954.02,5897.18,5927.81,1.04839221,13.6420336847
2019-12-12,801210,5938.43,5977.77,5902.15,5965.15,2.23290199,21.3070480467
2019-12-13,801210,6020.34,6089.78,6019.64,6054.83,2.15523141,30.218136708299998
2019-12-16,801210,6072.44,6087.66,5896.73,5957.17,2.27783334,43.798536172
2019-12-17,801210,5932.39,5998.83,5915.29,5987.66,2.30442531,35.2373623155
2019-12-18,801210,5985.42,6008.51,5966.28,5969.65,1.79395208,21.867825096799997
2019-12-19,801210,5972.17,6003.19,5968.85,5993.3,2.06813189,23.0306459427
2019-12-20,801210,6006.08,6099.54,6000.86,6063.29,2.70318635,30.722289191599998
2019-12-23,801210,6069.2,6143.44,6007.99,6010.68,2.12998774,26.855986094899997
2019-12-24,801210,6005.82,6083.59,5972.74,6072.33,1.79471734,18.209657734500002
2019-12-25,801210,6056.78,6086.34,6031.92,6084.92,1.62905679,16.9925566569
2019-12-26,801210,6092.5,6148.9,6092.44,6143.14,1.41418828,17.4015044044
2019-12-27,801210,6158.51,6196.01,6136.29,6139.83,1.72462217,20.3959849325
2019-12-30,801210,6131.23,6183.49,6108.29,6183.49,1.83122916,24.276306626999997
2019-12-31,801210,6162.65,6190.0,6124.03,6171.58,1.44957678,19.593626578
2020-01-02,801210,6189.06,6277.47,6188.9,6259.91,2.14740963,27.7012719749
2020-01-03,801210,6294.77,6299.59,6261.19,6287.88,2.33536153,26.1845961223
2020-01-06,801210,6244.59,6356.97,6240.5,6279.09,2.18883217,26.4707864955
2020-01-07,801210,6303.18,6374.85,6303.18,6373.72,2.51215911,28.3508414989
2020-01-08,801210,6324.78,6369.33,6302.16,6321.04,2.47464037,27.0332477706
2020-01-09,801210,6369.57,6478.32,6368.51,6455.57,1.6236748,23.1127751473
2020-01-10,801210,6499.29,6499.29,6448.3,6467.01,1.6689704,19.5345881608
2020-01-13,801210,6365.71,6379.58,6324.69,6372.52,1.85048992,34.882047367199995
2020-01-14,801210,6399.77,6399.77,6282.25,6300.79,1.7226699,27.843453795
2020-01-15,801210,6295.07,6295.3,6239.23,6265.94,1.48221032,19.9498131998
2020-01-16,801210,6287.78,6301.56,6251.67,6273.34,1.39598664,19.8093721186
2020-01-17,801210,6290.65,6308.28,6239.0,6252.9,1.23193649,17.865970761099998
2020-01-20,801210,6209.44,6209.44,5954.4,6020.06,3.0465475,54.7012098606
2020-01-21,801210,5939.24,5939.46,5806.77,5817.52,3.00923747,52.962400744899995
2020-01-22,801210,5774.25,5888.56,5730.08,5846.0,2.37541386,39.4018101503
2020-01-23,801210,5724.3,5757.56,5562.96,5634.85,2.98441199,47.8851127025
2020-02-03,801210,5076.19,5142.56,5076.19,5120.69,1.37886752,34.6611086523
2020-02-04,801210,4998.61,5140.36,4998.61,5114.73,4.35228605,53.43466149
2020-02-05,801210,5203.85,5257.82,5186.13,5247.77,3.44225606,48.07194273060001
2020-02-06,801210,5281.91,5383.24,5228.41,5383.24,3.26473162,43.442916915699996
2020-02-07,801210,5351.89,5450.08,5293.62,5449.51,3.21895529,43.1620134364
2020-02-10,801210,5391.65,5472.88,5349.78,5434.03,2.70824621,34.2247232477
2020-02-11,801210,5452.09,5502.62,5437.95,5486.65,2.36588266,32.1427176146
2020-02-12,801210,5477.72,5530.49,5466.98,5530.49,2.39140856,29.4635131526
2020-02-13,801210,5508.57,5508.97,5420.68,5440.89,2.18514004,28.813884941599998
2020-02-14,801210,5419.81,5499.52,5417.37,5494.97,1.74403019,26.8489161041
2020-02-17,801210,5492.68,5582.27,5492.68,5581.36,2.37352224,32.1689558036
2020-02-18,801210,5592.63,5598.74,5533.37,5576.82,2.56998968,32.837891929099996
2020-02-19,801210,5553.78,5733.72,5543.65,5733.72,2.90815694,39.9631889724
2020-02-20,801210,5796.83,5940.14,5796.83,5940.14,4.19793863,59.281695312299995
2020-02-21,801210,5912.61,5912.61,5832.78,5867.65,3.65795249,40.9762174391
2020-02-24,801210,5782.1,5802.88,5711.95,5727.59,3.45293439,41.913141779200004
2020-02-25,801210,5618.46,5662.27,5545.76,5656.91,3.35773579,34.387945816999995
2020-02-26,801210,5585.81,5674.01,5574.98,5605.5,3.1521334,35.8936302941
2020-02-27,801210,5636.38,5709.15,5636.05,5644.82,4.17673787,43.3491334578
2020-02-28,801210,5432.46,5532.32,5397.65,5459.63,3.56783879,39.3560659502
2020-03-02,801210,5449.71,5564.7,5435.95,5544.87,3.04436172,35.3434445594
2020-03-03,801210,5604.66,5621.03,5544.63,5557.95,2.99589771,33.4518841561
2020-03-04,801210,5544.66,5569.06,5480.27,5562.63,2.60441239,26.4369939098
2020-03-05,801210,5607.11,5841.53,5607.11,5816.03,3.70595113,50.4561588595
2020-03-06,801210,5744.66,5803.85,5738.92,5773.9,2.77477907,31.0138159421
2020-03-09,801210,5670.5,5670.5,5499.47,5515.77,3.19489535,38.3329380976
2020-03-10,801210,5477.84,5725.56,5474.73,5713.17,3.52878295,38.9605679472
2020-03-11,801210,5703.93,5897.98,5676.32,5810.27,4.76656514,54.5100315147
2020-03-12,801210,5718.89,5729.74,5623.48,5646.98,4.18860103,41.6987873871
2020-03-13,801210,5389.14,5817.39,5389.14,5794.75,4.77643865,57.2597254726
2020-03-16,801210,5770.35,5794.75,5513.33,5513.33,4.50776581,51.8482729633
2020-03-17,801210,5517.11,5595.68,5300.74,5436.52,5.63796795,43.1884991957
2020-03-18,801210,5465.59,5499.52,5289.69,5320.05,4.89903758,41.1345561294
2020-03-19,801210,5276.31,5355.93,5112.97,5216.1,4.36882171,41.3833474902
2020-03-20,801210,5274.03,5504.75,5245.14,5473.28,6.51355103,55.427080492600005
2020-03-23,801210,5300.21,5338.33,5210.78,5211.72,6.24165163,49.506992633
2020-03-24,801210,5281.43,5369.57,5199.28,5299.19,4.59899546,40.186048284499996
2020-03-25,801210,5412.16,5433.26,5284.72,5400.88,4.92292831,51.7482776143
2020-03-26,801210,5319.51,5354.89,5266.73,5281.01,4.04300193,36.553432125
2020-03-27,801210,5334.91,5334.91,5250.63,5250.63,3.61817199,33.1013210127
2020-03-30,801210,5146.6,5146.6,4898.08,4967.33,3.91960429,43.2874988815
2020-03-31,801210,5005.86,5005.86,4917.58,4932.43,3.01728163,28.2911677673
2020-04-01,801210,4911.05,5058.04,4908.59,4941.76,2.62081734,28.096289523600003
2020-04-02,801210,4922.9,5079.28,4917.15,5079.28,2.48013685,25.572212163200003
2020-04-03,801210,5075.73,5175.79,5075.73,5112.66,2.94561155,27.593886823200002
2020-04-07,801210,5253.93,5296.35,5243.11,5289.29,3.35011479,37.5764114833
2020-04-08,801210,5247.94,5413.09,5247.94,5363.68,4.84615989,42.0186678452
2020-04-09,801210,5384.25,5457.79,5345.05,5455.27,4.48066752,36.7327405954
2020-04-10,801210,5433.35,5543.19,5370.32,5405.7,3.67040987,31.849993135300004
2020-04-13,801210,5364.04,5422.35,5337.16,5403.21,3.27977458,27.7582733818
2020-04-14,801210,5431.91,5468.42,5365.59,5468.42,3.3633282,33.351355181100004
2020-04-15,801210,5451.59,5451.59,5318.2,5344.93,3.26115898,29.7688917079
2020-04-16,801210,5308.39,5344.57,5284.45,5331.81,2.39638853,21.7786999361
2020-04-17,801210,5418.14,5609.13,5418.14,5551.73,3.79894814,43.0193797683
2020-04-20,801210,5582.88,5629.62,5512.53,5603.27,3.5465248,33.8912992843
2020-04-21,801210,5601.24,5602.36,5494.36,5573.18,3.28018851,29.292104518200002
2020-04-22,801210,5583.81,5722.7,5558.24,5719.22,3.26022661,39.540946293699996
2020-04-23,801210,5802.99,5813.32,5709.71,5736.01,3.82614421,38.4093658661
2020-04-24,801210,5715.57,5815.69,5715.57,5755.98,3.7987897,33.9573527063
2020-04-27,801210,5779.8,5792.13,5693.96,5702.85,3.27927596,32.3592775137
2020-04-28,801210,5680.89,5806.5,5576.02,5779.24,3.43725639,37.675398741100004
2020-04-29,801210,5749.73,5921.31,5749.7,5858.85,3.3069931,33.9959892988
2020-04-30,801210,5913.09,6072.08,5913.03,6003.27,3.7853017,43.0125510721
2020-05-06,801210,5901.07,5939.45,5854.24,5900.79,2.93731563,40.9887834388
2020-05-07,801210,5896.61,5939.45,5841.47,5931.26,2.46718604,25.341142223400002
2020-05-08,801210,5995.95,6013.52,5939.43,5997.65,1.98109032,24.2712199527
2020-05-11,801210,6013.38,6067.42,5850.29,5864.97,2.07899776,30.428472876199997
2020-05-12,801210,5904.13,5957.32,5875.27,5920.82,1.79878373,26.4686658947
2020-05-13,801210,5909.88,5920.51,5869.68,5906.07,1.90920604,23.447296806700002
2020-05-14,801210,5867.76,5880.56,5847.12,5847.12,2.2446629,21.2870685325
2020-05-15,801210,5867.68,5870.93,5786.65,5799.11,2.04509909,22.3454187407
2020-05-18,801210,5812.99,5840.23,5786.24,5792.71,2.01493974,20.9745353399
2020-05-19,801210,5873.45,5998.0,5873.45,5938.36,2.04843281,29.4293217142
2020-05-20,801210,5936.47,5958.35,5856.48,5862.11,1.85582565,23.204550260500003
2020-05-21,801210,5892.91,5937.73,5856.52,5871.78,2.15264224,25.247821805300003
2020-05-22,801210,5891.02,5891.02,5745.59,5771.5,2.35842047,26.759893085300003
2020-05-25,801210,5783.66,5878.93,5756.68,5840.17,1.7832639,22.3943791073
2020-05-26,801210,5903.57,6145.93,5903.41,6140.4,2.04583093,32.3322693918
2020-05-27,801210,6127.52,6195.91,6061.75,6195.47,2.53028907,33.5496162394
2020-05-28,801210,6219.72,6219.84,6076.27,6141.39,2.48860131,30.4830088319
2020-05-29,801210,6114.61,6407.95,6092.82,6403.32,3.22182908,45.09417522020001
2020-06-01,801210,6447.99,6554.13,6394.06,6529.27,4.19769178,52.8628335648
2020-06-02,801210,6636.8,6639.24,6375.44,6383.04,5.53515838,75.829712578
2020-06-03,801210,6454.68,6502.59,6334.52,6486.11,4.31791625,48.84028019149999
2020-06-04,801210,6448.65,6481.45,6436.92,6449.06,4.1611381,40.3944629181
2020-06-05,801210,6439.34,6728.2,6439.34,6674.52,4.43083889,50.3449774871
2020-06-08,801210,6639.33,6742.49,6639.33,6693.38,4.56396295,49.546358168299996
2020-06-09,801210,6693.23,6875.04,6683.16,6844.12,4.48486861,47.439729702
2020-06-10,801210,6721.62,6761.85,6598.65,6729.72,4.31455634,55.3517471157
2020-06-11,801210,6666.1,6852.44,6633.72,6744.22,3.92415932,46.3427271731
2020-06-12,801210,6635.78,7144.2,6635.78,7139.04,5.12765731,62.6566321388
2020-06-15,801210,7080.08,7320.18,6984.82,7018.61,4.63043767,71.0637834299
2020-06-16,801210,7092.11,7273.54,7007.15,7273.54,3.4850944,41.8578265251
2020-06-17,801210,7231.18,7231.41,7077.44,7150.23,3.75982255,41.1504422836
2020-06-18,801210,7121.06,7271.1,7061.64,7261.37,2.73073699,34.7043531001
2020-06-19,801210,7221.74,7382.0,7194.54,7368.1,3.47614594,42.246500263
2020-06-22,801210,7338.19,7338.74,7139.1,7190.07,2.99472144,38.3595745198
2020-06-23,801210,7192.45,7278.97,7114.3,7198.8,2.50313623,33.7320518947
2020-06-24,801210,7239.69,7326.56,7196.11,7215.37,2.43302642,34.368388845300004
2020-06-29,801210,7191.42,7553.89,7121.42,7550.91,2.33254034,42.1257285549
2020-06-30,801210,7781.97,8043.36,7781.73,8027.1,2.73950888,66.8578632814
2020-07-01,801210,8178.34,8509.77,7790.55,8491.65,2.98553822,70.07728911470001
2020-07-02,801210,8456.15,8668.39,8331.97,8514.9,3.41021803,67.7341974617
2020-07-03,801210,8536.38,9184.42,8536.38,9177.19,3.86604477,76.72291715520001
2020-07-06,801210,9389.56,9852.58,9204.94,9848.5,5.02591466,84.7271762586
2020-07-07,801210,10284.59,10426.75,9461.67,9598.46,5.57535349,139.7830094944
2020-07-08,801210,9377.17,9809.58,9287.88,9743.76,6.17858444,124.4257550067
2020-07-09,801210,9622.9,9893.79,9550.21,9796.71,6.28655637,105.18211311620001
2020-07-10,801210,9722.47,10434.7,9624.22,10148.25,5.68423257,110.6843519219
2020-07-13,801210,10250.72,10301.9,9571.71,9894.43,7.80775999,149.23231839209998
2020-07-14,801210,9684.78,9930.67,9637.71,9726.85,6.95586149,116.0166128681
2020-07-15,801210,9887.49,10141.31,9796.29,9931.44,10.32336352,162.3259551306
2020-07-16,801210,9852.18,9859.81,9065.58,9065.58,8.78473379,142.9543909647
2020-07-17,801210,9319.52,9802.94,9319.52,9743.79,6.58296373,120.41279758299999
2020-07-20,801210,9905.12,10227.13,9804.47,10032.3,6.18214849,118.53706148879999
2020-07-21,801210,9965.83,10105.4,9806.79,10033.82,4.9812907,89.0446045832
2020-07-22,801210,10110.22,10771.9,10042.05,10410.45,5.59187243,131.520766305
2020-07-23,801210,10277.7,11012.45,10236.29,11012.11,5.13149893,130.4028994532
2020-07-24,801210,10933.23,10933.44,10057.53,10069.37,5.17003114,138.5411934321
2020-07-27,801210,9897.43,10205.6,9732.15,9873.39,3.31094587,82.24962982390001
2020-07-28,801210,9949.87,10325.12,9790.07,10131.86,2.73130424,75.4829114812
2020-07-29,801210,10013.42,10531.3,10013.34,10432.42,3.42912305,72.6819820519
2020-07-30,801210,10456.29,10983.28,10354.37,10700.5,3.82134106,88.0162772293
2020-07-31,801210,10693.95,11376.55,10693.92,11349.27,3.98685206,94.0586218446
2020-08-03,801210,11490.43,11558.35,10872.18,11280.99,4.50861534,105.2646492958
2020-08-04,801210,11147.48,11147.48,10772.6,10849.87,4.34291004,101.85194136969999
2020-08-05,801210,10711.67,11032.97,10665.12,10903.71,3.64812681,71.1111623571
2020-08-06,801210,10918.46,10923.75,10579.27,10715.45,4.25432572,87.66123475170001
2020-08-07,801210,10762.29,11064.51,10601.34,10798.77,5.23883248,92.9122591128
2020-08-10,801210,10598.7,10718.95,10397.26,10566.6,5.50090442,88.9108507597
2020-08-11,801210,10496.74,10931.81,10496.74,10544.05,5.46305591,88.35815316940001
2020-08-12,801210,10516.6,10545.13,10056.08,10227.73,5.03389701,97.2324648816
2020-08-13,801210,10260.27,10382.41,10083.38,10189.57,4.73232874,81.2493281519
2020-08-14,801210,10083.75,10288.81,10022.38,10250.12,3.69194306,62.5740614452
2020-08-17,801210,10254.71,10417.44,10163.01,10302.92,3.98654523,69.5191388609
2020-08-18,801210,10356.59,10579.24,10307.74,10454.54,4.28832701,74.5456301289
2020-08-19,801210,10455.54,10455.54,10051.55,10051.55,4.09732985,75.6223238966
2020-08-20,801210,9772.35,10138.05,9772.35,9867.38,4.12824057,81.83807884560001
2020-08-21,801210,9938.44,10314.56,9923.96,10070.7,3.81982491,70.44992045779999
2020-08-24,801210,10137.96,10307.99,9997.33,10233.67,3.78361036,67.9333756793
2020-08-25,801210,10378.04,10647.07,10268.05,10407.48,3.9846681,78.1205797602
2020-08-26,801210,10338.14,10463.01,10085.82,10134.98,4.32148274,67.5753939401
2020-08-27,801210,10065.25,10245.49,9992.09,10145.67,3.30334029,52.3112256895
2020-08-28,801210,10164.63,10793.95,10146.19,10729.62,4.13659927,83.36390847359999
2020-08-31,801210,10777.5,10777.5,10348.78,10348.78,4.45080354,96.94706607049999
2020-09-01,801210,10307.88,10705.0,10298.26,10684.69,3.58555097,73.8788037446
2020-09-02,801210,10856.48,11012.59,10801.13,10900.66,4.64712426,85.1050809716
2020-09-03,801210,10851.33,11063.04,10751.18,10842.64,5.25266303,83.9898341544
2020-09-04,801210,10611.23,10721.98,10375.26,10690.63,4.01280303,69.8203378344
2020-09-07,801210,10610.19,10811.53,10329.27,10401.84,6.22879209,99.93160362280001
2020-09-08,801210,10480.31,10480.31,10137.19,10241.32,5.17009339,79.8830196733
2020-09-09,801210,10083.19,10113.68,9871.0,9871.0,4.96983655,74.7677193195
2020-09-10,801210,10022.9,10192.42,10022.9,10070.42,4.28017352,70.3368832109
2020-09-11,801210,9991.43,10212.94,9949.81,10178.25,3.3621657,55.7933238345
2020-09-14,801210,10209.44,10595.57,10209.44,10521.97,4.8499971,77.2227519079
2020-09-15,801210,10527.24,10912.98,10488.66,10899.63,5.9087184,92.4730625501
2020-09-16,801210,10908.13,10908.13,10619.38,10714.93,5.21354356,86.95815623
2020-09-17,801210,10792.79,10792.79,10378.54,10505.77,3.91999891,69.32905614
2020-09-18,801210,10489.99,10719.22,10419.36,10719.22,5.807368,87.8058178
2020-09-21,801210,10759.54,10814.99,10422.88,10462.54,5.62363763,85.5253651
2020-09-22,801210,10444.79,10485.31,10210.64,10299.28,4.94777699,70.68189982
2020-09-23,801210,10322.04,10666.7,10294.09,10631.33,4.02854981,67.18414791
2020-09-24,801210,10624.28,10629.09,10321.11,10369.0,3.80881915,59.19943395
2020-09-25,801210,10470.33,10692.49,10470.33,10579.94,4.27206728,65.98631292
2020-09-28,801210,10633.11,10945.96,10592.2,10742.48,4.2348716,76.39124727
2020-09-29,801210,10729.64,10852.65,10596.52,10762.92,3.98977899,60.69621852
2020-09-30,801210,10844.12,10883.02,10609.59,10673.56,3.95048424,59.69244687
2020-10-09,801210,10721.01,10721.01,9931.42,10033.91,4.04151377,109.46616478
2020-10-12,801210,10025.36,10334.76,9959.55,10334.76,4.1420717,81.83494353
2020-10-13,801210,10548.06,10548.06,10143.26,10318.65,3.95796597,71.25457254
2020-10-14,801210,10243.95,10246.82,10022.69,10090.82,3.67410384,67.52658629
2020-10-15,801210,10018.72,10061.36,9839.86,9867.5,2.85838774,59.37456138
2020-10-16,801210,9874.34,9946.03,9793.27,9853.31,2.2231246,38.76341513
2020-10-19,801210,9772.82,9831.99,9690.47,9733.5,2.06660535,41.29220502
2020-10-20,801210,9727.52,9803.95,9672.26,9758.65,2.04023679,37.15627326
2020-10-21,801210,9915.02,9915.73,9604.02,9646.61,2.30977798,54.30189619
2020-10-22,801210,9597.96,9661.15,9329.92,9639.72,2.28681619,50.57289143
2020-10-23,801210,9673.67,9749.08,9537.74,9537.74,2.08450418,39.138332
2020-10-26,801210,9512.03,9512.09,9200.86,9292.15,1.84996799,40.77397285
2020-10-27,801210,9183.9,9303.8,9109.28,9265.89,1.48319074,38.42270813
2020-10-28,801210,9423.55,9753.32,9391.6,9686.97,1.78237557,54.62182524
2020-10-29,801210,9553.92,9799.96,9532.81,9715.49,1.95496165,47.61620285
2020-10-30,801210,9797.17,9908.38,9686.62,9692.05,2.35697319,48.88396914
2020-11-02,801210,9638.09,9794.25,9404.95,9491.44,2.23850889,54.27807113
2020-11-03,801210,9566.38,9699.36,9479.28,9673.71,2.0063528,42.6586793
2020-11-04,801210,9666.8,9857.79,9666.8,9831.92,1.61934224,38.9154325
2020-11-05,801210,9927.35,9982.91,9731.94,9798.87,1.87172565,46.57383028
2020-11-06,801210,9793.64,9801.36,9544.84,9662.74,1.69629022,44.53485642
2020-11-09,801210,9703.76,9840.48,9660.99,9826.88,2.32073789,48.62616777
2020-11-10,801210,9720.09,9764.73,9482.6,9520.16,4.57575134,114.3441906
2020-11-11,801210,9582.45,9600.96,9415.7,9433.78,3.10142201,58.24459576
2020-11-12,801210,9464.8,9861.79,9432.38,9847.41,2.85405462,72.86976454
2020-11-13,801210,9803.6,9803.6,9579.3,9736.75,2.14613117,51.55736948
2020-11-16,801210,9627.36,9647.6,9522.9,9598.48,2.52118509,63.08428442
2020-11-17,801210,9631.21,9688.11,9441.43,9496.52,2.92810219,62.96697135
2020-11-18,801210,9509.27,9606.0,9277.36,9359.25,2.59334121,63.54729632
2020-11-19,801210,9366.7,9654.41,9310.87,9619.15,3.07635553,63.73590396
2020-11-20,801210,9673.98,9763.91,9636.73,9668.22,2.13211024,43.03296685
2020-11-23,801210,9658.71,9770.46,9483.05,9676.09,2.54785979,55.24817576
2020-11-24,801210,9716.43,9977.52,9628.65,9880.22,2.11127738,51.23165925
2020-11-25,801210,9952.11,9979.0,9715.28,9715.28,2.28196572,41.75253075
2020-11-26,801210,9723.73,9981.95,9710.19,9789.55,1.99087951,42.90771684
2020-11-27,801210,9760.15,9906.57,9687.88,9898.61,2.37628177,42.508108
2020-11-30,801210,9811.37,9989.79,9811.29,9845.27,2.12436619,46.81295875
2020-12-01,801210,9857.72,10022.8,9848.77,9947.05,2.10288017,41.31418456
2020-12-02,801210,9966.71,10035.8,9892.08,9914.78,2.213284,38.04163609
2020-12-03,801210,9879.4,9983.95,9867.93,9897.17,1.83091619,33.06035131
2020-12-04,801210,9849.18,9972.24,9810.58,9950.1,1.55745147,32.55472257
2020-12-07,801210,9959.45,10304.9,9895.88,10274.74,1.67155209,53.01776274
2020-12-08,801210,10318.91,10318.91,10145.93,10260.96,1.7020677,39.67129695
2020-12-09,801210,10259.76,10280.88,10011.43,10011.43,1.67209433,33.33033448
2020-12-10,801210,10052.87,10243.74,9991.83,10175.18,1.53840388,36.76391048
2020-12-11,801210,10273.0,10273.43,9947.59,10055.74,1.97585761,40.91626954
2020-12-14,801210,10048.54,10408.12,9969.49,10362.28,2.6985233,58.95810258
2020-12-15,801210,10365.48,10557.67,10330.45,10494.1,2.08128882,47.68911789
2020-12-16,801210,10553.29,10697.16,10475.51,10639.26,3.17448965,47.35929769
2020-12-17,801210,10636.66,10780.57,10605.75,10771.15,2.87746701,51.97361861
2020-12-18,801210,10677.41,10716.43,10418.77,10433.68,2.53460714,48.99622839
2020-12-21,801210,10432.43,10791.06,10416.11,10768.58,2.42832349,53.30392161
2020-12-22,801210,10756.05,11211.27,10725.72,10916.41,3.02058498,68.44353546
2020-12-23,801210,10915.52,11481.9,10915.52,11212.47,2.60846027,65.9956318
2020-12-24,801210,11395.02,11655.49,11245.06,11315.95,2.52649618,53.84109104
2020-12-25,801210,11231.87,11578.72,11135.75,11524.42,2.1150597,44.51236228
2020-12-28,801210,11642.86,11642.86,11307.9,11396.49,2.39146152,49.86881311
2020-12-29,801210,11356.79,11465.67,11187.6,11369.82,1.89963993,44.17233244
2020-12-30,801210,11305.47,11674.56,11305.09,11596.25,1.64195649,44.87452775
2020-12-31,801210,11811.21,12390.8,11779.76,12304.75,2.5076479,66.08698672
