日期,index_code,open,high,low,close,volume,amount
2014-01-02,801160,1824.24,1831.5,1821.42,1830.18,5.56193067,43.4764316438
2014-01-03,801160,1825.86,1826.31,1806.31,1814.65,7.00317595,48.7829116442
2014-01-06,801160,1812.06,1812.1,1770.4,1771.89,8.16730917,55.3371749233
2014-01-07,801160,1761.78,1779.99,1759.07,1777.65,6.07178182,43.5627973312
2014-01-08,801160,1782.15,1801.17,1779.95,1783.92,6.16429998,49.1693535733
2014-01-09,801160,1780.94,1787.12,1763.11,1763.65,5.90154904,44.78825932270001
2014-01-10,801160,1759.32,1761.06,1734.33,1741.29,6.37765799,42.495211068
2014-01-13,801160,1739.32,1747.62,1721.3,1729.2,6.14399344,43.8803517992
2014-01-14,801160,1729.63,1765.1,1712.32,1752.81,5.38725111,38.734979439600004
2014-01-15,801160,1751.42,1756.22,1732.34,1739.1,4.81638922,39.2761664445
2014-01-16,801160,1739.46,1757.49,1736.92,1752.25,6.40842887,44.836254322200006
2014-01-17,801160,1743.74,1744.54,1725.74,1726.16,5.18601165,36.3359306872
2014-01-20,801160,1724.63,1735.38,1711.49,1715.25,4.74465467,38.4104001592
2014-01-21,801160,1716.04,1736.13,1715.88,1731.32,4.60081804,32.8426863523
2014-01-22,801160,1732.84,1766.73,1732.26,1766.53,6.86906713,48.465785812
2014-01-23,801160,1769.81,1782.14,1769.81,1775.05,7.16101596,52.3589187222
2014-01-24,801160,1772.22,1793.94,1769.89,1786.97,6.99352352,54.5698151643
2014-01-27,801160,1780.4,1781.04,1763.5,1763.94,5.79840887,43.7462202022
2014-01-28,801160,1765.36,1776.31,1754.5,1765.82,5.5935323,42.3098112638
2014-01-29,801160,1768.4,1778.25,1768.04,1775.02,5.93339914,46.5324967746
2014-01-30,801160,1772.8,1773.75,1757.37,1760.36,3.78609124,31.3443634713
2014-02-07,801160,1753.29,1779.1,1748.53,1778.97,4.90155631,38.606780490700004
2014-02-10,801160,1782.2,1814.41,1782.2,1813.89,9.26321664,71.0510685972
2014-02-11,801160,1812.86,1844.09,1812.08,1839.74,10.68610606,87.3201605213
2014-02-12,801160,1847.09,1868.36,1847.09,1857.56,10.08114142,91.3129729128
2014-02-13,801160,1859.39,1859.4,1831.85,1833.14,9.65935535,78.15372985
2014-02-14,801160,1832.54,1852.7,1826.57,1852.7,6.96722649,59.1388908924
2014-02-17,801160,1858.99,1869.96,1858.61,1869.96,9.15781158,82.1623941902
2014-02-18,801160,1869.94,1869.97,1845.21,1851.65,9.92181534,81.2216022311
2014-02-19,801160,1852.45,1864.3,1847.86,1859.09,10.20396507,80.464373743
2014-02-20,801160,1860.54,1866.77,1841.7,1848.98,12.30710428,86.2625096642
2014-02-21,801160,1849.29,1851.33,1824.23,1836.87,9.05869599,69.1794917646
2014-02-24,801160,1834.28,1834.32,1808.99,1822.6,8.13735649,65.8730882992
2014-02-25,801160,1825.64,1833.58,1759.88,1769.12,10.14033844,87.022346234
2014-02-26,801160,1762.05,1768.89,1744.6,1768.75,6.62914899,55.457864387600004
2014-02-27,801160,1769.92,1795.57,1767.22,1779.63,10.35781273,74.4351042947
2014-02-28,801160,1776.92,1794.19,1762.38,1794.19,9.46363858,62.7347831733
2014-03-03,801160,1792.68,1846.01,1791.82,1845.98,13.70353579,92.4467425188
2014-03-04,801160,1837.71,1837.77,1808.69,1827.38,9.29086933,69.4769099154
2014-03-05,801160,1831.57,1833.95,1808.04,1810.69,9.24816667,64.81400059239999
2014-03-06,801160,1805.89,1809.01,1779.75,1800.45,7.64856468,53.463096540200006
2014-03-07,801160,1798.88,1807.86,1779.01,1785.04,6.93761616,50.155785647799995
2014-03-10,801160,1779.55,1781.2,1735.83,1738.81,8.44467655,60.3929348554
2014-03-11,801160,1734.07,1744.39,1722.81,1737.48,6.2157569,43.810172123
2014-03-12,801160,1734.22,1742.69,1712.69,1734.38,5.512014,37.6385679648
2014-03-13,801160,1742.98,1772.63,1742.45,1768.5,9.90929973,55.8280331725
2014-03-14,801160,1761.91,1762.0,1739.22,1751.16,7.07160953,40.4579001564
2014-03-17,801160,1753.39,1764.19,1746.54,1764.14,6.89710134,40.8184568237
2014-03-18,801160,1765.37,1783.33,1760.45,1779.59,9.02247467,56.9108683735
2014-03-19,801160,1775.64,1775.72,1752.6,1763.01,8.14654203,55.109114068900006
2014-03-20,801160,1758.39,1762.02,1724.11,1724.11,7.65446212,55.382947881499994
2014-03-21,801160,1718.33,1758.98,1714.44,1758.3,9.74151663,63.281707384200004
2014-03-24,801160,1762.61,1775.37,1754.23,1770.19,10.3037653,63.5601373449
2014-03-25,801160,1766.94,1800.1,1761.99,1781.99,15.50652123,86.6057801126
2014-03-26,801160,1780.57,1782.37,1768.58,1776.61,7.99548844,51.0660894619
2014-03-27,801160,1776.51,1778.16,1756.62,1756.62,8.33253306,55.0504309121
2014-03-28,801160,1754.96,1761.4,1728.37,1733.11,7.82988623,56.7732232184
2014-03-31,801160,1732.99,1748.24,1727.32,1736.83,7.66061474,45.224264426800005
2014-04-01,801160,1738.59,1756.12,1737.63,1755.42,6.27668164,41.903726755
2014-04-02,801160,1755.47,1760.53,1749.76,1760.48,6.5649141,41.898516263000005
2014-04-03,801160,1762.69,1764.02,1743.24,1748.42,6.95858589,43.1169196348
2014-04-04,801160,1746.92,1766.35,1744.02,1766.21,6.10691828,39.1681346616
2014-04-08,801160,1762.48,1787.89,1760.09,1787.89,9.07705026,55.217802282700006
2014-04-09,801160,1790.98,1799.07,1784.48,1793.5,7.83135162,51.849368791
2014-04-10,801160,1795.23,1812.92,1790.95,1805.09,10.8536294,64.9181725823
2014-04-11,801160,1802.46,1804.0,1792.76,1797.49,8.58791835,55.6105383074
2014-04-14,801160,1802.01,1808.16,1795.35,1803.76,6.68656388,47.281212563400004
2014-04-15,801160,1803.89,1803.89,1785.27,1786.35,7.58097242,52.155540913500005
2014-04-16,801160,1783.9,1794.42,1782.5,1787.48,6.2123404,43.4551048496
2014-04-17,801160,1790.25,1793.33,1778.9,1781.66,6.54355191,49.7325321697
2014-04-18,801160,1779.06,1788.16,1773.09,1787.94,5.60531243,42.8842519392
2014-04-21,801160,1777.48,1791.01,1762.03,1764.39,6.83982145,50.2955838275
2014-04-22,801160,1761.4,1769.35,1737.93,1758.54,6.64969911,47.352530164300006
2014-04-23,801160,1757.81,1764.53,1750.69,1757.84,5.39621038,38.2086068432
2014-04-24,801160,1756.87,1765.33,1748.06,1748.74,5.06191194,37.3001882112
2014-04-25,801160,1751.3,1755.33,1730.21,1730.97,6.13810782,41.5086064369
2014-04-28,801160,1728.82,1729.3,1689.94,1690.58,7.30823853,45.2406707751
2014-04-29,801160,1690.94,1709.96,1690.56,1709.77,5.37427101,34.5043097457
2014-04-30,801160,1709.76,1719.57,1706.43,1719.34,4.97989156,31.319147600900003
2014-05-05,801160,1716.21,1728.56,1709.84,1727.94,5.00585347,33.7966445212
2014-05-06,801160,1727.45,1739.25,1726.9,1732.23,4.46858302,32.2731030967
2014-05-07,801160,1727.82,1730.3,1706.78,1708.22,4.4861229,29.165092472199998
2014-05-08,801160,1703.44,1724.95,1703.44,1707.02,4.42394184,30.0389462648
2014-05-09,801160,1710.49,1711.65,1694.65,1702.16,4.93411985,33.3192622718
2014-05-12,801160,1710.8,1735.73,1706.51,1734.62,6.93542269,42.524239743
2014-05-13,801160,1735.26,1738.28,1727.5,1731.83,4.85500723,31.5172140739
2014-05-14,801160,1729.33,1736.47,1726.53,1732.72,4.02716992,28.7729040227
2014-05-15,801160,1730.06,1730.12,1705.33,1707.44,4.41690324,34.2176934131
2014-05-16,801160,1705.59,1708.59,1692.43,1704.33,4.63771624,35.5717286297
2014-05-19,801160,1704.17,1704.45,1686.91,1695.05,4.93643969,34.0602565103
2014-05-20,801160,1702.56,1714.43,1697.83,1701.79,4.43541349,31.4892087676
2014-05-21,801160,1697.01,1715.88,1686.52,1715.88,4.21567655,29.067722503899997
2014-05-22,801160,1718.8,1739.7,1718.54,1721.28,6.37701221,47.9441184872
2014-05-23,801160,1718.59,1730.35,1713.18,1730.35,4.90870923,36.8958255192
2014-05-26,801160,1734.37,1736.93,1729.39,1734.61,5.53289985,43.0466418957
2014-05-27,801160,1735.04,1740.26,1728.41,1729.74,5.33776337,38.9401320301
2014-05-28,801160,1729.69,1741.07,1722.91,1740.97,5.19786237,39.3640902828
2014-05-29,801160,1741.35,1742.77,1726.25,1726.47,4.99282309,39.777697699099996
2014-05-30,801160,1727.93,1736.51,1722.7,1728.65,4.87956615,39.476383968200004
2014-06-03,801160,1729.59,1738.65,1728.76,1729.13,5.47715881,42.1649211846
2014-06-04,801160,1727.65,1731.51,1714.14,1729.22,5.70647955,47.1032279622
2014-06-05,801160,1727.72,1743.22,1722.29,1743.1,5.34895963,45.371933246800005
2014-06-06,801160,1744.33,1744.37,1730.12,1737.17,5.2826244,46.7986189775
2014-06-09,801160,1733.54,1741.59,1726.98,1728.03,4.4972772,35.8063092521
2014-06-10,801160,1730.28,1745.59,1724.14,1745.14,5.38262872,40.2017093995
2014-06-11,801160,1747.39,1771.08,1747.39,1769.19,8.02098913,67.2620037088
2014-06-12,801160,1763.93,1766.55,1757.43,1760.05,7.68767289,56.1084189938
2014-06-13,801160,1752.89,1770.16,1752.47,1766.15,6.89272037,50.9594643998
2014-06-16,801160,1767.26,1779.79,1766.94,1777.54,7.04771018,53.058012578900005
2014-06-17,801160,1772.26,1772.27,1757.86,1759.23,7.26677489,53.7085901127
2014-06-18,801160,1760.19,1762.2,1748.94,1749.51,6.50270906,46.1146789893
2014-06-19,801160,1750.02,1755.08,1712.65,1720.13,6.03354369,46.157807473599995
2014-06-20,801160,1720.04,1729.52,1715.18,1729.09,4.96743734,36.2489228516
2014-06-23,801160,1731.19,1740.22,1729.95,1732.52,4.62951463,35.3803947354
2014-06-24,801160,1733.56,1740.54,1729.12,1740.3,4.50872382,34.594901076199996
2014-06-25,801160,1740.05,1741.45,1729.43,1741.31,4.30541668,35.2409991532
2014-06-26,801160,1740.98,1752.6,1740.24,1750.44,5.47327465,44.381546641899995
2014-06-27,801160,1747.92,1760.18,1745.79,1753.98,6.2883353,44.8721461084
2014-06-30,801160,1754.7,1766.36,1752.55,1765.52,6.36006489,45.007917530200004
2014-07-01,801160,1766.67,1771.52,1761.87,1771.05,6.4115592,47.9055261712
2014-07-02,801160,1772.08,1778.41,1765.01,1778.07,6.61980365,48.986464821700004
2014-07-03,801160,1779.27,1791.93,1775.13,1788.53,7.74599245,57.8463121096
2014-07-04,801160,1788.42,1790.25,1776.88,1782.14,6.67986144,55.3693432778
2014-07-07,801160,1782.81,1782.96,1765.57,1772.82,6.72799796,52.668008470699995
2014-07-08,801160,1772.35,1797.78,1767.11,1797.75,10.74201633,68.1986993373
2014-07-09,801160,1796.45,1797.87,1773.0,1774.38,9.985666,71.8050985661
2014-07-10,801160,1772.04,1801.69,1770.0,1786.19,11.50553011,73.3516694786
2014-07-11,801160,1782.15,1793.44,1782.14,1787.1,10.95273862,66.8011400958
2014-07-14,801160,1789.53,1812.91,1789.41,1812.38,9.52990654,65.6176274967
2014-07-15,801160,1812.45,1812.45,1798.29,1807.33,10.13798004,69.1421701551
2014-07-16,801160,1811.78,1831.37,1806.72,1825.11,16.19758957,93.75376203280001
2014-07-17,801160,1822.92,1823.84,1804.04,1813.79,9.72711013,60.815970476400004
2014-07-18,801160,1807.02,1821.16,1805.18,1807.98,9.55479678,67.0983338166
2014-07-21,801160,1804.64,1807.32,1794.95,1797.59,6.76099696,50.9809520542
2014-07-22,801160,1796.08,1816.31,1793.59,1815.68,8.10397471,56.4913806542
2014-07-23,801160,1816.21,1816.21,1801.16,1806.61,8.49232079,58.0625055636
2014-07-24,801160,1808.28,1814.48,1794.43,1812.78,11.2235858,70.4157219824
2014-07-25,801160,1812.64,1826.8,1812.59,1826.46,10.36976858,63.605336071800004
2014-07-28,801160,1832.16,1855.0,1832.05,1854.95,16.3497951,100.0769141757
2014-07-29,801160,1854.75,1863.58,1849.85,1858.97,12.80180837,85.7162742415
2014-07-30,801160,1853.87,1858.8,1847.15,1857.18,12.93820408,86.2553856562
2014-07-31,801160,1855.93,1862.2,1849.45,1862.2,9.76958112,63.956990150299994
2014-08-01,801160,1858.82,1881.38,1857.06,1858.82,16.04420701,96.8094424476
2014-08-04,801160,1859.56,1880.69,1859.56,1880.69,11.98276822,78.8056205885
2014-08-05,801160,1880.57,1890.88,1873.08,1890.88,12.69181617,86.9008712967
2014-08-06,801160,1887.57,1901.57,1879.48,1900.54,13.41842342,86.65207906219999
2014-08-07,801160,1900.04,1906.61,1878.23,1878.23,12.68816844,85.22322749109999
2014-08-08,801160,1879.4,1887.29,1875.4,1881.55,8.24300904,56.9692696592
2014-08-11,801160,1886.62,1907.52,1886.62,1907.27,9.78548079,73.9691286941
2014-08-12,801160,1906.38,1917.82,1900.65,1917.74,11.03248586,82.3495307482
2014-08-13,801160,1919.63,1926.83,1904.37,1922.8,14.76397835,107.8970727263
2014-08-14,801160,1920.02,1932.8,1910.92,1911.84,13.15108437,103.1770050404
2014-08-15,801160,1911.88,1929.16,1909.06,1928.81,11.16179136,87.17060999979999
2014-08-18,801160,1930.08,1953.48,1929.91,1953.48,13.30410918,100.8586689785
2014-08-19,801160,1954.97,1959.14,1944.95,1955.53,12.82702258,101.2644660949
2014-08-20,801160,1955.5,1968.3,1950.42,1959.48,13.76592619,95.37212765379999
2014-08-21,801160,1960.06,1964.8,1945.36,1963.85,12.24166637,91.8333749893
2014-08-22,801160,1965.04,1991.31,1959.78,1989.58,14.56138173,108.5743782858
2014-08-25,801160,1990.27,1998.99,1973.89,1985.65,14.85628999,112.5560648717
2014-08-26,801160,1983.18,2000.73,1956.41,1963.02,17.33796943,115.91935264899999
2014-08-27,801160,1958.03,1974.72,1958.03,1967.98,12.73676475,81.4254339922
2014-08-28,801160,1970.89,1978.69,1950.72,1951.01,12.26860357,86.5838106441
2014-08-29,801160,1952.1,1975.83,1950.95,1975.83,8.19620772,59.9889349025
2014-09-01,801160,1977.15,2005.41,1976.91,2005.41,11.26905093,87.304039045
2014-09-02,801160,2008.14,2026.16,2007.02,2026.16,14.56050714,107.82306465559999
2014-09-03,801160,2029.28,2043.87,2026.89,2042.96,17.06659998,119.8678873404
2014-09-04,801160,2041.3,2075.89,2033.88,2075.62,18.65224298,138.1344336489
2014-09-05,801160,2078.18,2093.9,2076.76,2092.28,19.01661941,140.6924562921
2014-09-09,801160,2096.37,2107.12,2092.68,2100.33,17.01379459,128.412679694
2014-09-10,801160,2099.2,2118.46,2088.83,2118.46,18.02523412,128.1635444918
2014-09-11,801160,2119.69,2138.93,2098.33,2109.6,19.76136086,139.1738689256
2014-09-12,801160,2105.27,2138.37,2104.88,2138.37,21.93281469,143.3476507098
2014-09-15,801160,2135.37,2146.05,2125.08,2146.05,21.68080741,143.8322186602
2014-09-16,801160,2148.67,2165.67,2103.16,2104.9,32.74661773,205.5323863848
2014-09-17,801160,2103.36,2123.97,2088.95,2123.97,19.25906786,119.4810285948
2014-09-18,801160,2122.37,2143.11,2116.43,2139.86,16.16463126,109.478990221
2014-09-19,801160,2143.18,2158.5,2136.36,2156.31,13.71706853,98.91033849989999
2014-09-22,801160,2152.6,2152.82,2123.87,2128.75,14.94783432,98.47811177950001
2014-09-23,801160,2127.87,2146.26,2126.5,2146.2,13.31772966,94.85140280350001
2014-09-24,801160,2141.8,2174.8,2138.15,2172.11,17.94886632,123.46170021530001
2014-09-25,801160,2176.21,2189.75,2164.89,2171.15,20.63469257,136.37936162350002
2014-09-26,801160,2165.13,2178.84,2158.58,2178.21,15.086299,100.59713050209999
2014-09-29,801160,2180.8,2202.02,2180.8,2202.02,18.1127955,136.0623788562
2014-09-30,801160,2203.79,2209.22,2195.49,2208.7,13.67670168,104.01544072979999
2014-10-08,801160,2212.89,2227.67,2200.47,2227.67,15.11804782,117.1826188817
2014-10-09,801160,2232.76,2249.63,2220.53,2241.66,20.4396272,164.40140150530002
2014-10-10,801160,2237.07,2241.09,2209.96,2219.21,17.87627042,143.7692849379
2014-10-13,801160,2211.03,2211.27,2180.49,2203.5,16.03175152,122.5159107138
2014-10-14,801160,2201.47,2217.16,2182.12,2193.91,15.66615609,116.7763163694
2014-10-15,801160,2193.86,2206.64,2170.91,2206.64,13.26228216,99.00995534190001
2014-10-16,801160,2195.24,2214.4,2184.86,2187.36,14.63801626,114.6778273558
2014-10-17,801160,2185.33,2192.8,2132.33,2159.6,16.02140877,122.0351267814
2014-10-20,801160,2165.7,2182.82,2162.24,2182.82,10.93668904,89.3328718813
2014-10-21,801160,2182.82,2212.07,2179.04,2191.32,15.6507089,118.4692095843
2014-10-22,801160,2192.93,2196.85,2164.97,2165.65,12.82932009,102.35212527889999
2014-10-23,801160,2161.43,2166.65,2120.72,2126.06,13.67259127,100.4701456202
2014-10-24,801160,2127.16,2135.04,2118.8,2126.25,8.8868593,68.3836265093
2014-10-27,801160,2124.16,2135.32,2114.86,2127.87,9.53338372,73.05461499970001
2014-10-28,801160,2131.67,2178.84,2131.07,2178.84,12.03777537,91.3319015334
2014-10-29,801160,2187.34,2222.25,2186.97,2217.74,20.84142236,147.71519221370002
2014-10-30,801160,2217.23,2270.0,2210.44,2266.97,32.20673418,199.19771166720002
2014-10-31,801160,2270.03,2285.71,2248.2,2273.24,35.88191493,202.49970544869998
2014-11-03,801160,2273.73,2295.87,2270.97,2283.82,27.13979341,165.0682112279
2014-11-04,801160,2278.26,2290.03,2268.33,2283.43,25.90100135,157.0584346714
2014-11-05,801160,2297.9,2317.21,2294.8,2296.0,28.67491478,183.20810119729998
2014-11-06,801160,2296.17,2310.33,2275.12,2310.33,25.36707547,188.1135374148
2014-11-07,801160,2313.55,2351.86,2296.2,2312.66,32.16842464,241.12294179830002
2014-11-10,801160,2319.03,2342.61,2310.95,2342.49,26.96418459,197.1272673386
2014-11-11,801160,2347.44,2347.91,2264.08,2282.88,27.8187438,204.8571875957
2014-11-12,801160,2278.33,2323.75,2273.45,2323.75,20.17845175,159.6426145577
2014-11-13,801160,2327.2,2327.28,2292.59,2305.17,22.47553995,175.0463625798
2014-11-14,801160,2299.32,2302.4,2279.83,2293.01,15.34762369,127.6674393408
2014-11-17,801160,2317.44,2324.02,2289.01,2305.94,16.13116428,126.70598847870001
2014-11-18,801160,2302.69,2312.59,2290.72,2302.18,14.00642849,111.7664732688
2014-11-19,801160,2300.46,2316.85,2296.2,2312.07,14.02751584,111.6031736791
2014-11-20,801160,2303.13,2316.86,2297.51,2314.93,12.74505862,102.8879881546
2014-11-21,801160,2316.33,2347.05,2311.05,2346.76,16.31046572,131.2034112354
2014-11-24,801160,2378.49,2396.1,2368.46,2388.04,26.03104287,204.8195005707
2014-11-25,801160,2388.35,2420.13,2384.91,2419.76,23.10023123,192.8020229275
2014-11-26,801160,2431.46,2458.71,2419.76,2449.14,27.15573422,223.37125488740003
2014-11-27,801160,2461.86,2463.69,2433.99,2452.39,23.86670343,202.3221609014
2014-11-28,801160,2451.48,2451.48,2412.68,2440.82,24.55909117,196.87520102509998
2014-12-01,801160,2443.85,2446.1,2419.32,2436.8,26.9145106,192.3245365393
2014-12-02,801160,2441.15,2496.36,2440.48,2494.35,33.73853375,283.2715027266
2014-12-03,801160,2501.99,2530.27,2483.0,2530.01,41.75923415,345.49706175
2014-12-04,801160,2532.2,2583.89,2527.58,2583.7,36.69879952,302.1399215618
2014-12-05,801160,2596.5,2610.66,2475.22,2534.77,42.8104368,351.4119863179
2014-12-08,801160,2516.09,2624.5,2506.95,2621.64,43.40242714,339.4725891343
2014-12-09,801160,2605.61,2709.19,2505.78,2515.48,59.84307406,469.5550503963
2014-12-10,801160,2509.76,2657.44,2495.47,2655.78,39.8128437,337.5561975005
2014-12-11,801160,2677.82,2747.28,2667.35,2717.17,46.74021276,429.0050110364
2014-12-12,801160,2724.87,2738.9,2690.79,2729.72,34.85576783,320.1848417719
2014-12-15,801160,2719.49,2756.55,2699.12,2750.21,29.06799751,257.7469155144
2014-12-16,801160,2747.27,2772.3,2728.93,2771.74,34.64820693,299.82913750759997
2014-12-17,801160,2764.47,2779.66,2707.31,2751.67,35.48455489,299.2255280769
2014-12-18,801160,2743.07,2783.08,2736.76,2761.07,32.0370279,275.6221680951
2014-12-19,801160,2750.63,2830.05,2700.53,2829.59,48.65769052,361.69296354309995
2014-12-22,801160,2847.27,2929.8,2822.09,2904.32,68.14620181,521.542090511
2014-12-23,801160,2889.78,2899.21,2772.49,2777.02,53.29796805,376.52274984519994
2014-12-24,801160,2773.1,2856.04,2756.03,2795.63,47.91425421,360.0195054749
2014-12-25,801160,2795.87,2853.92,2761.17,2853.89,42.69638842,313.2013571248
2014-12-26,801160,2862.31,2884.59,2843.99,2882.5,43.83243102,334.8192847429
2014-12-29,801160,2892.86,2929.69,2852.24,2884.43,46.20466954,378.59834772889997
2014-12-30,801160,2881.79,2884.04,2779.86,2791.18,35.25319851,289.0335597463
2014-12-31,801160,2790.09,2865.4,2770.36,2851.89,39.70089279,319.6196758779
2015-01-05,801160,2857.08,2937.01,2844.37,2928.91,52.31518354,430.69074352449996
2015-01-06,801160,2904.1,2947.29,2869.46,2947.29,40.70077187,362.9166758756
2015-01-07,801160,2929.85,2954.41,2905.89,2948.19,35.36778581,317.45316701
2015-01-08,801160,2941.79,2948.56,2876.11,2879.5,32.55300843,277.8565226914
2015-01-09,801160,2860.44,2904.68,2828.49,2833.39,29.79557507,265.66357215939996
2015-01-12,801160,2811.11,2811.13,2737.43,2757.65,26.51682786,229.2677348984
2015-01-13,801160,2750.79,2778.72,2750.79,2770.26,16.88134288,150.2710018928
2015-01-14,801160,2774.46,2786.41,2740.45,2756.65,15.17898636,137.7051389921
2015-01-15,801160,2761.74,2825.72,2761.74,2825.72,20.17654369,185.2234770335
2015-01-16,801160,2838.91,2854.86,2823.72,2842.07,22.94173964,210.18378526740003
2015-01-19,801160,2727.62,2772.61,2629.93,2654.59,29.813579,243.3921050083
2015-01-20,801160,2661.53,2722.97,2661.32,2716.34,23.70084024,218.09193175439998
2015-01-21,801160,2728.17,2808.46,2728.01,2803.97,26.79369093,251.42686500509998
2015-01-22,801160,2806.11,2826.89,2789.99,2826.32,21.6718909,208.13854714939998
2015-01-23,801160,2831.48,2843.55,2797.71,2811.9,22.05759544,202.0126722719
2015-01-26,801160,2812.36,2853.2,2808.88,2853.2,21.64354842,192.9443503755
2015-01-27,801160,2854.71,2860.54,2791.18,2839.72,23.87534198,224.5854784796
2015-01-28,801160,2830.41,2849.87,2815.64,2825.68,20.21619053,199.2374933563
2015-01-29,801160,2804.63,2864.77,2801.4,2842.44,32.83462676,262.857408396
2015-01-30,801160,2850.63,2883.17,2825.49,2825.8,34.79277158,289.7090418127
2015-02-02,801160,2769.79,2776.2,2738.46,2748.69,24.2426116,204.93898243919998
2015-02-03,801160,2762.31,2787.78,2749.34,2787.78,19.57603538,178.0293011117
2015-02-04,801160,2798.66,2813.94,2776.44,2777.86,22.31116746,209.31327544490003
2015-02-05,801160,2812.95,2812.95,2732.39,2732.39,26.44557596,236.4424181661
2015-02-06,801160,2719.18,2719.26,2635.43,2650.76,27.4873155,220.4802512037
2015-02-09,801160,2641.33,2649.26,2612.24,2629.24,17.84429651,149.9416525221
2015-02-10,801160,2628.0,2679.52,2626.53,2679.52,14.32346778,123.2503717339
2015-02-11,801160,2685.65,2701.52,2682.75,2693.18,13.88221026,127.5096313091
2015-02-12,801160,2692.48,2715.73,2679.12,2704.98,14.72356313,124.4154531419
2015-02-13,801160,2717.38,2782.22,2717.25,2766.61,21.36136547,216.5393240101
2015-02-16,801160,2776.72,2800.11,2776.72,2796.24,16.80696893,179.8727771342
2015-02-17,801160,2805.08,2815.38,2799.88,2813.37,14.93101341,154.7773876867
2015-02-25,801160,2823.99,2886.01,2818.68,2861.46,24.18284421,253.4132184392
2015-02-26,801160,2862.27,2900.51,2860.66,2900.51,23.43293851,240.28472365919998
2015-02-27,801160,2902.8,2911.29,2894.98,2907.32,20.94967304,209.94036729830003
2015-03-02,801160,2975.28,2993.01,2962.96,2992.83,31.26510008,354.7086202696
2015-03-03,801160,2995.36,3022.11,2970.43,2971.64,33.41882488,376.7723642456
2015-03-04,801160,2968.05,2968.05,2942.42,2967.68,23.22733518,242.8136040184
2015-03-05,801160,2965.53,2976.43,2918.52,2931.03,24.06194587,250.13513115560002
2015-03-06,801160,2934.97,2936.19,2903.8,2912.2,21.32338762,211.7802543368
2015-03-09,801160,2902.85,2948.86,2888.02,2948.71,20.70080228,215.23070791810002
2015-03-10,801160,2947.73,2975.87,2942.18,2963.7,20.36567838,208.4751903259
2015-03-11,801160,2963.56,2971.88,2940.19,2949.55,21.028919,218.66859574080001
2015-03-12,801160,2959.97,2964.39,2941.89,2961.08,23.20960214,221.69087121270002
2015-03-13,801160,2967.5,2988.75,2963.96,2988.53,22.54456536,215.2192583723
2015-03-16,801160,3006.11,3060.61,3004.64,3060.51,31.06929951,309.3087160454
2015-03-17,801160,3076.78,3120.51,3067.37,3107.99,42.61429449,397.5541977432
2015-03-18,801160,3115.04,3161.14,3110.89,3161.14,41.30329268,404.5855859061
2015-03-19,801160,3163.08,3198.14,3132.78,3197.41,47.23580627,448.15626155169997
2015-03-20,801160,3201.24,3226.51,3188.92,3223.86,42.85883547,438.161472121
2015-03-23,801160,3258.39,3323.04,3253.89,3323.04,53.76389308,534.8039533455001
2015-03-24,801160,3338.38,3362.56,3238.54,3345.4,60.91485321,627.6041663330001
2015-03-25,801160,3342.76,3358.31,3306.81,3325.86,43.06834047,465.44054365970004
2015-03-26,801160,3311.13,3339.13,3268.1,3294.83,35.83130612,403.14267355510003
2015-03-27,801160,3292.71,3320.2,3284.34,3312.63,27.25767134,299.28645335740003
2015-03-30,801160,3324.73,3375.71,3324.7,3369.84,39.44044277,409.6865294142
2015-03-31,801160,3388.45,3392.94,3336.13,3344.28,36.56709998,376.946630042
2015-04-01,801160,3347.6,3410.53,3347.47,3405.53,34.20165669,365.1461480701
2015-04-02,801160,3414.39,3462.56,3403.18,3460.39,43.41862989,478.9368458222
2015-04-03,801160,3446.22,3521.44,3430.78,3521.24,41.64421115,488.17631912440004
2015-04-07,801160,3545.54,3597.8,3545.54,3597.8,52.33672317,587.7411829082
2015-04-08,801160,3616.91,3617.61,3501.83,3553.84,45.78118474,530.5116389444
2015-04-09,801160,3563.49,3563.49,3427.85,3531.19,46.38882565,565.3325762103
2015-04-10,801160,3507.22,3574.82,3486.84,3572.3,37.18821098,452.2976809082
2015-04-13,801160,3602.03,3658.4,3592.14,3652.59,47.47371196,539.3605276018
2015-04-14,801160,3662.83,3787.76,3637.04,3749.4,69.21533269,711.2456409753
2015-04-15,801160,3756.86,3756.86,3635.35,3636.1,66.17973434,668.6307101408
2015-04-16,801160,3602.2,3758.44,3559.99,3742.74,55.01524205,624.392261681
2015-04-17,801160,3786.2,3835.28,3772.88,3782.74,75.04948786,830.7089073248
2015-04-20,801160,3752.25,3825.12,3678.54,3714.91,75.43088293,796.5486225110001
2015-04-21,801160,3722.72,3827.57,3722.72,3827.57,50.97284775,574.5775178969001
2015-04-22,801160,3864.15,3976.84,3864.15,3973.18,71.18426417,808.3088377242
2015-04-23,801160,3992.73,3995.66,3928.49,3967.11,66.44995325,759.7647776429
2015-04-24,801160,3906.39,3964.47,3865.43,3930.68,52.01022562,614.8623143906
2015-04-27,801160,3958.64,4013.61,3934.64,4011.84,58.72147631,685.9645434748
2015-04-28,801160,4018.54,4026.6,3902.17,3939.11,65.07562871,790.3240842754
2015-04-29,801160,3913.03,3974.26,3869.44,3957.13,45.43290861,545.9069544928
2015-04-30,801160,3968.72,4080.97,3968.6,4032.46,62.66914981,684.7826731215
2015-05-04,801160,4047.39,4242.59,4027.49,4242.59,71.2252901,825.1869006116
2015-05-05,801160,4302.08,4302.08,4012.39,4024.69,93.13728771,1009.3916820791001
2015-05-06,801160,4011.22,4100.95,3884.13,3927.01,61.75443734,682.0523402865
2015-05-07,801160,3891.46,3908.84,3742.59,3752.92,43.07182584,448.3407378493
2015-05-08,801160,3786.28,3855.98,3754.09,3855.98,40.19895561,428.2147903135
2015-05-11,801160,3904.32,4013.48,3870.28,4013.48,46.0029543,548.1374863086
2015-05-12,801160,4032.42,4157.46,4016.84,4157.46,59.95601271,681.2297897256
2015-05-13,801160,4156.97,4156.97,4059.76,4085.23,52.82167363,615.7768938209
2015-05-14,801160,4088.67,4189.17,4084.82,4148.1,49.41897663,578.8190891638
2015-05-15,801160,4135.68,4135.68,4019.49,4081.9,45.52825586,545.74107546
2015-05-18,801160,4068.1,4146.83,4057.23,4097.31,39.71179974,515.5459346582
2015-05-19,801160,4101.96,4200.97,4101.51,4198.62,39.07418803,508.9668059905
2015-05-20,801160,4203.66,4292.14,4203.62,4225.77,47.5831642,612.7353649616999
2015-05-21,801160,4232.65,4322.91,4208.19,4322.67,43.43068596,562.1113375925
2015-05-22,801160,4371.2,4437.97,4326.83,4437.97,62.30872927,792.5293060488001
2015-05-25,801160,4444.16,4578.55,4426.55,4577.01,71.21354029,904.2704898993
2015-05-26,801160,4615.31,4698.45,4547.45,4697.24,74.4088557,965.4435127661
2015-05-27,801160,4719.9,4801.88,4624.14,4786.07,75.07393988,1031.5622361152
2015-05-28,801160,4789.84,4881.13,4489.57,4491.5,89.77559099,1173.1053699733
2015-05-29,801160,4475.82,4585.49,4268.56,4492.24,66.80845918,832.6795891235
2015-06-01,801160,4551.39,4746.67,4549.64,4746.23,58.09457195,770.8198456009
2015-06-02,801160,4805.4,4891.68,4760.19,4890.81,61.809435,875.3748181912
2015-06-03,801160,4924.63,4924.63,4743.12,4840.46,63.09577848,903.9782601218
2015-06-04,801160,4851.08,4879.04,4545.52,4879.04,61.21989757,872.3791151872999
2015-06-05,801160,4974.24,5039.39,4873.95,5009.1,77.26169472,1097.5059538244
2015-06-08,801160,5036.81,5048.76,4906.2,5031.03,78.391622,1099.2849733192
2015-06-09,801160,5036.34,5085.63,4952.61,5081.45,73.79111852,1022.6762951514
2015-06-10,801160,5022.18,5111.69,4961.64,5051.99,58.75644121,878.9809789384
2015-06-11,801160,5034.71,5092.18,4555.6,5089.24,54.23009578,840.6556745610001
2015-06-12,801160,5110.85,5196.85,5089.03,5186.12,65.7145031,982.7766623449
2015-06-15,801160,5203.31,5210.25,5080.17,5117.73,68.23567236,972.2992118842999
2015-06-16,801160,5066.64,5074.43,4856.56,4898.68,49.99075938,714.3952208060001
2015-06-17,801160,4906.77,5119.0,4803.49,5111.91,63.77038129,837.5296233618
2015-06-18,801160,5125.85,5158.11,4956.52,4968.33,66.86401239,884.8197405196
2015-06-19,801160,4860.89,4907.67,4653.74,4655.75,47.44392844,620.3685940652
2015-06-23,801160,4661.75,4757.49,4411.79,4757.49,52.66757689,681.8255208317
2015-06-24,801160,4829.84,5013.58,4828.47,4980.01,70.81732675,887.3459851503999
2015-06-25,801160,5016.88,5038.98,4779.54,4855.21,72.5808831,918.0913345129
2015-06-26,801160,4718.61,4749.7,4488.06,4514.33,69.64204021,851.4345580069
2015-06-29,801160,4624.21,4627.0,4166.24,4292.46,82.63879464,984.2779075816001
2015-06-30,801160,4211.49,4456.49,3979.16,4449.85,78.12727737,910.353248015
2015-07-01,801160,4393.84,4536.99,4204.57,4214.4,72.94171136,932.7320969010001
2015-07-02,801160,4181.64,4208.94,3902.91,3912.83,59.43592072,656.6905564372
2015-07-03,801160,3755.83,3921.94,3619.19,3641.64,51.61928454,508.51178429519996
2015-07-06,801160,3903.83,3903.83,3422.47,3558.92,73.08335684,709.6305603841
2015-07-07,801160,3435.02,3467.8,3321.99,3364.99,53.49207271,442.76238860029997
2015-07-08,801160,3176.1,3220.21,3173.38,3191.28,39.28605258,309.1490913875
2015-07-09,801160,3129.9,3354.66,3115.73,3354.28,62.8329912,464.9519807342
2015-07-10,801160,3438.84,3544.92,3432.3,3544.55,42.17579653,359.47551230370004
2015-07-13,801160,3695.43,3771.18,3649.5,3769.73,63.21192466,593.231866988
2015-07-14,801160,3818.0,3933.43,3758.41,3797.7,74.51424445,750.2210464712
2015-07-16,801160,3494.3,3710.05,3414.96,3628.58,49.81255568,497.23153875980006
2015-07-17,801160,3645.95,3834.02,3644.88,3801.05,47.59121166,493.3147467
2015-07-20,801160,3820.9,3922.17,3774.26,3859.74,53.28612122,601.97109656
2015-07-21,801160,3815.29,3960.07,3785.07,3923.52,51.17254638,563.8920266218
2015-07-22,801160,3914.74,4005.26,3849.29,3985.67,61.3259278,669.573960987
2015-07-23,801160,3974.42,4093.19,3955.72,4075.83,64.2007395,709.3671346625
2015-07-24,801160,4081.72,4154.1,3977.34,4016.96,72.28694839,807.7015559847999
2015-07-27,801160,3925.13,4048.74,3712.33,3713.14,57.97950221,645.6676973147
2015-07-28,801160,3561.04,3766.76,3473.86,3658.91,56.52488107,559.6915907083
2015-07-29,801160,3705.14,3849.95,3621.5,3849.2,44.80455091,464.72754921050006
2015-07-30,801160,3838.96,3926.66,3740.03,3757.55,51.92575945,564.3272116025
2015-07-31,801160,3704.34,3795.93,3674.05,3726.69,36.3754673,387.42093854620003
2015-08-03,801160,3687.67,3738.7,3601.11,3688.32,35.74937988,375.51186665190005
2015-08-04,801160,3697.37,3859.7,3680.24,3859.7,39.8228804,431.3975133761
2015-08-05,801160,3850.96,3894.71,3776.24,3806.24,39.25778121,443.3081746976
2015-08-06,801160,3737.8,3825.0,3722.47,3781.81,29.82277956,314.39539477299996
2015-08-07,801160,3808.35,3886.79,3808.35,3882.53,39.01126132,421.0227811079
2015-08-10,801160,3938.3,4092.47,3882.53,4076.7,60.98910758,667.4676478925
2015-08-11,801160,4094.54,4139.66,4059.18,4080.35,64.66916063,748.6142301357
2015-08-12,801160,4028.35,4095.84,4018.36,4042.74,48.81259711,553.0819028176
2015-08-13,801160,4022.51,4170.41,4021.94,4170.09,55.12580861,634.532748242
2015-08-14,801160,4210.98,4253.2,4174.05,4199.12,63.38457084,751.4332549142999
2015-08-17,801160,4206.44,4313.16,4190.56,4302.93,58.50179146,718.9304893257
2015-08-18,801160,4315.41,4323.49,3962.63,3973.75,68.15540857,807.4564466456
2015-08-19,801160,3836.92,4078.0,3742.88,4045.85,55.36771084,610.8427245624
2015-08-20,801160,3990.66,4035.56,3885.45,3885.45,42.38888293,480.2120693842
2015-08-21,801160,3821.7,3869.68,3685.43,3709.39,37.80853881,402.11270239059996
2015-08-24,801160,3558.94,3569.75,3420.69,3421.34,30.61180985,287.4730769389
2015-08-25,801160,3187.79,3279.46,3173.88,3178.14,32.36336585,296.4193373352
2015-08-26,801160,3197.7,3299.97,3042.43,3091.94,44.97640617,387.3003259452
2015-08-27,801160,3155.96,3226.26,3062.83,3225.95,37.21363367,322.6655035404
2015-08-28,801160,3268.72,3417.84,3245.48,3417.41,43.2370914,408.21676650589995
2015-08-31,801160,3397.99,3398.06,3303.14,3366.24,40.99035602,379.4173353224
2015-09-01,801160,3324.0,3324.0,3183.85,3253.55,40.10442215,351.83518217790004
2015-09-07,801160,3255.72,3347.91,3186.09,3204.67,31.3783674,286.8537135571
2015-09-08,801160,3188.72,3327.57,3153.2,3326.88,27.89110816,252.70247605900002
2015-09-09,801160,3345.73,3430.49,3331.85,3407.82,38.24088172,378.49973254180003
2015-09-10,801160,3359.02,3415.48,3339.48,3343.92,30.81570505,298.3263980432
2015-09-11,801160,3330.88,3371.78,3305.4,3347.69,21.49755819,211.32673636200002
2015-09-14,801160,3377.44,3388.31,3123.37,3153.1,32.62409862,300.8077391336
2015-09-15,801160,3082.07,3143.62,2999.8,3012.95,23.15677632,199.9037673643
2015-09-16,801160,3022.04,3227.98,3011.96,3212.17,28.2355641,249.077145747
2015-09-17,801160,3204.22,3283.11,3145.22,3145.22,34.6387881,320.2581412098
2015-09-18,801160,3144.66,3173.1,3105.94,3151.45,21.24616673,196.33933633619998
2015-09-21,801160,3099.88,3223.59,3088.17,3222.42,26.5200014,249.7606544905
2015-09-22,801160,3206.61,3232.42,3172.23,3202.52,26.38261812,252.26377679849998
2015-09-23,801160,3139.98,3184.53,3118.38,3138.58,22.86786226,220.25187374150002
2015-09-24,801160,3140.04,3177.97,3126.95,3173.97,30.23278347,278.5513906525
2015-09-25,801160,3161.88,3190.07,3084.75,3116.34,32.39559277,299.4445261144
2015-09-28,801160,3119.35,3140.67,3064.28,3138.73,22.44986824,206.0360357848
2015-09-29,801160,3088.7,3116.73,3061.07,3070.55,19.64597537,184.8606875602
2015-09-30,801160,3086.7,3101.09,3058.04,3079.32,14.88501012,138.6391168001
2015-10-08,801160,3174.43,3215.46,3155.25,3191.83,25.13298042,245.0067977782
2015-10-09,801160,3189.41,3240.25,3182.49,3229.33,24.8980637,238.611112586
2015-10-12,801160,3246.02,3385.68,3243.44,3369.86,45.7325055,450.28910467559996
2015-10-13,801160,3344.46,3399.99,3334.85,3388.3,36.53037563,366.13444093879997
2015-10-14,801160,3375.77,3396.69,3333.21,3333.94,31.78695191,324.9391245634
2015-10-15,801160,3315.94,3429.3,3315.94,3429.3,36.76825888,377.83577242769996
2015-10-16,801160,3463.24,3498.64,3432.93,3489.67,45.99313921,496.84733553169997
2015-10-19,801160,3514.38,3537.17,3455.07,3499.01,44.89883276,488.24837164440004
2015-10-20,801160,3496.12,3536.72,3474.9,3536.67,38.37352183,418.87333619019995
2015-10-21,801160,3543.2,3559.74,3313.98,3321.11,52.20439346,539.0496318941999
2015-10-22,801160,3325.09,3429.13,3313.27,3427.15,36.84450021,387.6519794833
2015-10-23,801160,3445.55,3522.9,3414.9,3515.01,38.90978028,442.40042232519994
2015-10-26,801160,3567.61,3571.02,3497.68,3528.15,44.0516254,521.6065909848
2015-10-27,801160,3497.12,3534.12,3394.19,3517.68,35.91016227,400.09897614410005
2015-10-28,801160,3502.55,3555.86,3453.88,3467.05,34.83525622,387.7688117815
2015-10-29,801160,3487.01,3521.16,3450.89,3492.63,28.86528298,316.86701148099996
2015-10-30,801160,3486.36,3509.99,3433.7,3474.14,27.7096823,302.8337566826
2015-11-02,801160,3416.84,3493.52,3407.23,3413.75,26.31719607,282.5126606013
2015-11-03,801160,3419.01,3436.71,3377.35,3395.87,20.40103397,217.23342869580003
2015-11-04,801160,3409.75,3541.41,3409.66,3541.41,34.46575684,371.3235041685
2015-11-05,801160,3548.07,3623.04,3534.17,3581.76,55.59710328,576.2474438945
2015-11-06,801160,3579.11,3642.92,3570.43,3640.13,41.94699856,460.59822605550005
2015-11-09,801160,3640.55,3708.01,3619.41,3684.33,47.52805348,516.9487777380999
2015-11-10,801160,3676.81,3714.93,3650.13,3681.83,39.33448478,462.75450092410006
2015-11-11,801160,3684.8,3723.45,3664.47,3723.45,36.70112178,427.32172613150004
2015-11-12,801160,3730.27,3743.77,3675.96,3722.62,41.37853045,496.20022414550004
2015-11-13,801160,3696.17,3763.4,3676.42,3691.42,42.62342339,500.9153963235
2015-11-16,801160,3599.02,3712.25,3597.3,3712.25,34.38599108,429.3912785507
2015-11-17,801160,3750.4,3787.95,3705.51,3721.54,45.27413181,576.5820922806
2015-11-18,801160,3727.31,3731.03,3636.08,3644.26,31.04405814,378.9137479154
2015-11-19,801160,3652.56,3696.0,3628.45,3696.0,26.12456905,316.716409791
2015-11-20,801160,3699.48,3725.05,3684.41,3713.45,32.73515703,393.62074328089994
2015-11-23,801160,3708.75,3745.67,3674.22,3685.53,33.4009136,398.6901342523
2015-11-24,801160,3674.79,3700.14,3635.92,3699.8,24.42450281,291.8063733933
2015-11-25,801160,3696.63,3740.72,3690.02,3740.66,26.95197909,343.33023028270003
2015-11-26,801160,3756.88,3762.99,3696.17,3699.52,28.18202347,354.5944475158
2015-11-27,801160,3681.56,3693.15,3453.37,3480.97,36.74606823,419.7259026106
2015-11-30,801160,3495.78,3555.22,3370.37,3537.38,31.76846651,366.68032894879997
2015-12-01,801160,3538.9,3580.42,3511.96,3546.27,26.11026237,327.0899693769
2015-12-02,801160,3537.07,3561.16,3468.97,3560.18,28.32211451,317.0241017978
2015-12-03,801160,3566.96,3604.94,3564.79,3604.46,22.6911381,262.6942398334
2015-12-04,801160,3584.64,3594.69,3528.57,3550.48,22.83633498,256.6502606352
2015-12-07,801160,3554.26,3567.86,3535.27,3559.69,17.98407866,215.8653706644
2015-12-08,801160,3554.99,3556.63,3480.7,3481.74,19.99780843,236.3386387536
2015-12-09,801160,3463.34,3481.28,3429.11,3446.38,15.93203369,196.8685401822
2015-12-10,801160,3444.02,3465.52,3425.5,3430.1,15.47864915,177.20616083119998
2015-12-11,801160,3423.18,3425.01,3384.11,3405.51,14.77921963,166.79161989690002
2015-12-14,801160,3387.82,3490.92,3382.11,3489.87,17.73749693,194.0371318729
2015-12-15,801160,3499.92,3522.88,3484.83,3500.24,17.57544713,204.6041704491
2015-12-16,801160,3507.64,3527.43,3499.46,3509.4,15.8830651,198.0852628818
2015-12-17,801160,3532.34,3578.92,3523.83,3578.92,24.25412564,283.6313983226
2015-12-18,801160,3579.24,3584.66,3552.35,3567.37,20.91251817,245.65207058759998
2015-12-21,801160,3556.62,3618.18,3553.99,3613.28,25.06276702,281.3602883481
2015-12-22,801160,3619.48,3623.2,3589.8,3622.52,20.01505043,230.95853148770001
2015-12-23,801160,3622.59,3635.19,3594.07,3600.39,23.69004091,283.1890413146
2015-12-24,801160,3586.0,3595.75,3531.48,3568.81,17.93247177,208.2640259932
2015-12-25,801160,3572.93,3591.4,3555.45,3576.81,13.94327503,178.34893144560002
2015-12-28,801160,3587.14,3595.16,3503.13,3503.13,21.49572843,262.9094208012
2015-12-29,801160,3497.35,3522.82,3478.47,3522.82,14.75596419,175.426164797
2015-12-30,801160,3526.68,3536.14,3502.21,3536.14,14.97169356,183.5022177054
2015-12-31,801160,3537.42,3546.99,3501.6,3504.89,14.84067478,186.51107053049998
2016-01-04,801160,3503.88,3505.45,3238.03,3238.25,16.75093056,176.1320462091
2016-01-05,801160,3130.89,3266.3,3116.63,3218.36,24.2032296,241.0330407151
2016-01-06,801160,3231.07,3300.34,3224.85,3300.34,22.05957705,213.5295732884
2016-01-07,801160,3252.31,3276.72,3037.15,3045.6,6.1324339,57.6090956229
2016-01-08,801160,3135.06,3155.0,2979.08,3102.41,24.98823056,239.0639384366
2016-01-11,801160,3046.79,3077.91,2912.31,2912.63,22.63135817,210.6271064615
2016-01-12,801160,2923.35,2946.14,2874.83,2923.32,16.52132961,154.6703252424
2016-01-13,801160,2939.46,2959.82,2841.78,2842.63,15.56462759,143.6665963485
2016-01-14,801160,2772.58,2922.37,2772.58,2917.88,17.62788313,156.0418836233
2016-01-15,801160,2902.02,2915.73,2789.92,2805.2,16.66912894,147.4980745257
2016-01-18,801160,2757.32,2855.47,2756.64,2820.94,14.62206767,132.0111351545
2016-01-19,801160,2816.13,2914.83,2810.74,2908.94,17.88923727,164.3573510188
2016-01-20,801160,2897.13,2938.44,2860.88,2907.75,22.99758789,204.7711834125
2016-01-21,801160,2853.68,2910.14,2792.21,2792.21,16.55530726,150.6854356722
2016-01-22,801160,2818.59,2835.8,2760.02,2819.05,11.85295089,111.55220638959999
2016-01-25,801160,2838.79,2863.0,2819.8,2840.33,10.32694528,99.19194791790001
2016-01-26,801160,2816.48,2816.76,2630.16,2632.24,17.30068418,157.7448091746
2016-01-27,801160,2645.24,2655.66,2499.25,2588.28,18.6598001,157.6653959381
2016-01-28,801160,2566.63,2595.87,2486.12,2493.09,13.05304186,109.8976231253
2016-01-29,801160,2492.36,2589.62,2492.01,2573.38,14.29125607,117.90829743340001
2016-02-01,801160,2569.78,2579.84,2512.68,2541.75,11.13443581,94.31769898559999
2016-02-02,801160,2542.55,2615.92,2542.25,2604.36,12.09002082,101.02556148379999
2016-02-03,801160,2577.04,2613.61,2559.73,2607.89,10.67640488,89.7812499464
2016-02-04,801160,2614.94,2659.63,2614.74,2649.3,12.83973171,112.5779468989
2016-02-05,801160,2655.29,2661.39,2630.49,2630.49,10.72875007,93.5108257964
2016-02-15,801160,2550.99,2622.38,2549.81,2608.01,9.72352612,85.4475180116
2016-02-16,801160,2621.95,2716.62,2621.41,2711.82,17.01864572,150.3883573876
2016-02-17,801160,2708.85,2740.27,2692.4,2739.85,18.52365443,165.0082313605
2016-02-18,801160,2751.7,2759.86,2731.94,2735.68,18.61772059,176.32526093069998
2016-02-19,801160,2728.37,2749.68,2717.54,2741.5,13.89187178,145.3050950711
2016-02-22,801160,2767.39,2795.18,2758.45,2792.69,18.3062528,175.61356081419999
2016-02-23,801160,2795.6,2802.86,2742.4,2773.18,16.45137629,157.8455206425
2016-02-24,801160,2758.35,2811.96,2751.1,2811.96,22.53812857,194.6437839389
2016-02-25,801160,2802.07,2802.07,2605.13,2622.03,28.85023998,254.6368538134
2016-02-26,801160,2642.6,2670.24,2590.63,2650.88,20.22691046,178.6550721139
2016-02-29,801160,2637.0,2637.0,2483.71,2519.9,18.7629232,159.5808125028
2016-03-01,801160,2526.61,2576.06,2488.78,2565.85,16.47745308,143.2563921963
2016-03-02,801160,2561.74,2683.5,2561.74,2679.64,24.17412589,204.26411376330003
2016-03-03,801160,2673.24,2713.06,2668.97,2683.27,22.75578108,196.74997983720002
2016-03-04,801160,2673.94,2687.53,2593.14,2636.65,23.61017178,191.89896780380002
2016-03-07,801160,2659.16,2692.27,2651.45,2677.69,15.65453395,133.7929167959
2016-03-08,801160,2669.73,2674.58,2582.64,2674.54,15.91389029,136.0157912555
2016-03-09,801160,2623.11,2641.61,2601.32,2621.97,12.15210016,102.0878656486
2016-03-10,801160,2617.15,2632.77,2580.47,2580.97,9.44276725,84.2327751393
2016-03-11,801160,2561.54,2595.98,2552.12,2585.34,9.01173605,80.8635078947
2016-03-14,801160,2610.2,2676.95,2610.16,2654.69,15.63289353,142.1271768986
2016-03-15,801160,2650.6,2665.69,2629.13,2661.0,13.85568378,121.15554983780001
2016-03-16,801160,2669.14,2674.73,2641.75,2645.94,15.8026348,132.1329270416
2016-03-17,801160,2653.97,2706.28,2643.06,2699.93,17.45542897,158.58924117610002
2016-03-18,801160,2707.25,2772.84,2706.06,2761.71,30.03127248,253.057363944
2016-03-21,801160,2783.42,2819.76,2776.52,2813.24,28.86305666,253.7603852043
2016-03-22,801160,2797.39,2824.57,2783.86,2807.32,22.15199012,207.7606233064
2016-03-23,801160,2796.59,2815.59,2784.83,2813.8,16.79768771,161.4530656406
2016-03-24,801160,2796.52,2817.22,2774.14,2779.16,19.79001173,194.3874881248
2016-03-25,801160,2771.88,2800.69,2768.21,2796.01,13.63006416,134.07664932379998
2016-03-28,801160,2806.51,2829.36,2776.7,2784.95,16.35598462,157.04741593010002
2016-03-29,801160,2785.09,2789.96,2728.54,2744.3,15.02294613,139.0938219804
2016-03-30,801160,2763.74,2822.67,2763.34,2822.33,16.82303504,162.4222296332
2016-03-31,801160,2833.76,2850.77,2819.53,2832.37,18.85034887,190.68831252490003
2016-04-01,801160,2824.03,2831.92,2786.14,2831.25,14.97612503,154.0162564981
2016-04-05,801160,2830.77,2886.57,2826.38,2884.15,23.47632852,213.1966983888
2016-04-06,801160,2874.27,2888.36,2859.99,2883.41,19.91716712,203.8115912179
2016-04-07,801160,2891.06,2895.44,2852.04,2852.64,18.76390946,193.63900233490003
2016-04-08,801160,2839.65,2845.92,2808.8,2836.59,15.73850772,164.3694605293
2016-04-11,801160,2853.19,2888.8,2853.01,2880.24,17.78238112,179.8957528494
2016-04-12,801160,2876.77,2879.78,2836.51,2858.93,14.15683943,159.9249049664
2016-04-13,801160,2869.43,2919.34,2869.11,2897.17,25.62830268,238.87516409330001
2016-04-14,801160,2907.48,2918.24,2891.98,2918.21,16.80402682,174.7703459882
2016-04-15,801160,2917.46,2920.88,2896.87,2906.74,14.77843346,154.7071882251
2016-04-20,801160,2876.06,2879.95,2723.35,2769.38,23.0970259,214.6016736798
2016-04-21,801160,2757.45,2781.4,2735.82,2738.84,12.04208307,115.9639172712
2016-04-22,801160,2729.4,2758.85,2726.4,2758.54,9.30371492,89.30501064270001
2016-04-25,801160,2757.81,2757.81,2725.57,2755.21,10.33778256,96.3222289012
2016-04-26,801160,2751.83,2777.44,2744.72,2777.03,9.18390757,91.9450505147
2016-04-27,801160,2775.84,2791.38,2766.93,2770.31,10.33557521,102.5917271533
2016-04-28,801160,2771.12,2776.62,2721.84,2757.25,11.2703091,113.5340098995
2016-04-29,801160,2749.7,2762.84,2742.11,2751.59,9.58505782,94.8799049116
2016-05-03,801160,2752.7,2811.24,2742.6,2811.24,14.41607427,140.3900993413
2016-05-04,801160,2803.09,2818.53,2795.38,2805.86,13.03924253,132.208726302
2016-05-05,801160,2801.32,2813.95,2788.45,2813.28,10.31557465,110.0320505326
2016-05-06,801160,2814.92,2820.88,2730.44,2730.44,16.85208972,165.8259989633
2016-05-09,801160,2715.75,2715.75,2640.39,2648.83,14.27723073,130.2165820293
2016-05-10,801160,2644.9,2660.86,2637.58,2651.28,8.48797404,79.1654507395
2016-05-11,801160,2663.58,2668.07,2635.49,2650.63,9.55728015,88.9106467108
2016-05-12,801160,2626.55,2682.63,2598.19,2675.67,15.64415666,128.8484020141
2016-05-13,801160,2665.23,2685.64,2644.38,2657.57,10.49233488,94.23550353270001
2016-05-16,801160,2649.53,2674.14,2631.74,2673.96,9.2012764,87.4713201724
2016-05-17,801160,2674.89,2679.76,2652.7,2663.34,9.89578983,92.2209650474
2016-05-18,801160,2649.45,2649.93,2587.77,2612.18,11.92427416,103.3072965258
2016-05-19,801160,2605.82,2638.13,2605.51,2608.46,8.3884611,78.2958384393
2016-05-20,801160,2597.29,2628.2,2588.76,2628.2,8.10965623,75.9801462106
2016-05-23,801160,2631.71,2651.22,2631.59,2648.59,9.52440728,87.7181746337
2016-05-24,801160,2645.42,2645.45,2619.01,2630.94,9.15609115,81.9204325755
2016-05-25,801160,2642.15,2650.99,2615.49,2622.47,7.62269655,72.16095883220001
2016-05-26,801160,2619.61,2629.23,2578.92,2621.89,8.74958706,80.1544974062
2016-05-27,801160,2617.9,2630.85,2610.45,2620.91,7.55704096,73.8604798388
2016-05-30,801160,2609.36,2624.3,2590.76,2608.99,7.23798527,67.8788197248
2016-05-31,801160,2606.73,2688.32,2606.51,2688.32,17.52696591,158.846708343
2016-06-01,801160,2688.77,2700.48,2682.95,2689.81,14.89259065,143.3520443807
2016-06-02,801160,2685.61,2698.47,2679.09,2698.47,11.39152275,110.233821948
2016-06-03,801160,2698.95,2720.75,2691.63,2715.94,13.84361361,130.8982214905
2016-06-06,801160,2717.9,2723.96,2698.73,2711.64,11.5161757,107.6310297926
2016-06-07,801160,2710.17,2711.25,2692.22,2703.25,10.11757062,97.7089366572
2016-06-08,801160,2703.09,2716.75,2687.03,2708.13,11.74939453,117.16759654170001
2016-06-13,801160,2682.05,2690.17,2614.86,2614.94,13.62813201,129.4911041581
2016-06-14,801160,2607.97,2624.7,2602.14,2619.44,8.89723214,83.2085796457
2016-06-15,801160,2598.38,2676.95,2595.49,2669.88,13.04248657,120.3785519075
2016-06-16,801160,2665.72,2678.88,2653.42,2658.68,13.36914551,125.978944045
2016-06-17,801160,2660.75,2683.6,2657.1,2671.33,12.43422036,123.55145328799999
2016-06-20,801160,2669.94,2672.65,2647.24,2669.45,9.8066596,95.8950574206
2016-06-21,801160,2680.74,2699.29,2656.85,2663.76,13.0012789,127.1083605461
2016-06-22,801160,2659.61,2691.74,2656.12,2691.74,10.34950861,100.9330290783
2016-06-23,801160,2687.35,2689.73,2665.98,2676.58,11.16674256,104.663737689
2016-06-24,801160,2672.21,2683.64,2593.22,2638.89,13.86243179,126.8957898133
2016-06-27,801160,2624.31,2672.72,2624.14,2672.72,11.29720888,109.3926509151
2016-06-28,801160,2662.33,2689.03,2656.49,2688.4,15.41447116,137.4575829682
2016-06-29,801160,2696.94,2704.38,2691.71,2698.03,17.95771933,147.00116000469998
2016-06-30,801160,2700.28,2707.82,2691.97,2701.31,13.25817017,116.9620519138
2016-07-01,801160,2706.67,2714.23,2693.4,2700.53,12.28417511,110.4127172503
2016-07-05,801160,2744.69,2761.31,2738.59,2759.17,20.15788252,173.7512794745
2016-07-06,801160,2749.79,2769.99,2738.38,2766.74,17.51500534,159.49523636799998
2016-07-07,801160,2764.42,2765.76,2740.62,2761.61,16.73974208,160.7903686603
2016-07-08,801160,2755.82,2758.63,2740.93,2748.29,12.29906845,116.8136155958
2016-07-11,801160,2749.86,2761.09,2741.12,2744.08,14.47869101,134.0384333456
2016-07-12,801160,2743.24,2786.86,2729.93,2786.86,20.31408157,177.6646472895
2016-07-13,801160,2791.95,2821.94,2791.91,2808.68,22.95500605,198.6872274095
2016-07-14,801160,2805.26,2807.79,2790.48,2807.43,14.22134987,129.2357517503
2016-07-15,801160,2813.48,2817.26,2797.13,2808.1,13.49272574,128.25004956959998
2016-07-18,801160,2804.82,2807.22,2780.13,2793.92,13.51108921,125.90545976690001
2016-07-19,801160,2788.99,2810.22,2781.78,2802.26,17.50061483,143.98045352309998
2016-07-20,801160,2798.31,2801.8,2786.48,2790.16,11.94913758,106.2702518067
2016-07-21,801160,2789.57,2815.5,2789.44,2800.14,14.30410557,134.0347983246
2016-07-22,801160,2797.62,2798.23,2766.28,2768.68,12.26923659,110.9330975503
2016-07-25,801160,2767.76,2790.88,2766.37,2783.48,10.62202007,104.25553075090001
2016-07-26,801160,2783.64,2825.08,2782.39,2824.98,12.86043496,125.87622207950001
2016-07-27,801160,2825.6,2838.9,2718.29,2755.25,25.14724831,221.7267291717
2016-07-28,801160,2749.15,2787.97,2743.1,2782.42,18.14495049,152.20429813020002
2016-07-29,801160,2783.54,2790.33,2764.11,2771.89,14.86218604,124.1045435667
2016-08-01,801160,2763.66,2763.8,2724.9,2750.41,14.27439486,121.0829144285
2016-08-02,801160,2743.51,2767.51,2741.4,2766.83,10.82274986,91.08031431110001
2016-08-03,801160,2759.9,2776.87,2754.93,2774.56,12.82500159,112.42520919729999
2016-08-04,801160,2770.86,2783.19,2759.28,2782.99,10.73964657,95.8241874369
2016-08-05,801160,2779.42,2790.16,2770.48,2772.45,9.56308472,84.95548426229999
2016-08-08,801160,2770.56,2798.83,2754.08,2798.35,10.61885044,96.0113573722
2016-08-09,801160,2798.18,2830.09,2796.36,2829.92,15.01699858,138.8924475156
2016-08-10,801160,2828.28,2833.77,2818.56,2819.37,12.87105946,118.78809741219999
2016-08-11,801160,2816.14,2821.54,2792.5,2792.75,11.07754289,101.42681939719999
2016-08-12,801160,2791.96,2830.78,2791.78,2830.58,13.8826705,112.4570619606
2016-08-15,801160,2835.43,2893.53,2835.04,2885.73,25.65935742,209.38789844310003
2016-08-16,801160,2889.53,2901.18,2885.61,2890.26,22.17808507,193.2505119822
2016-08-17,801160,2887.75,2904.75,2877.14,2900.57,17.30342995,155.5825503266
2016-08-18,801160,2898.43,2908.32,2888.81,2897.23,14.72537383,132.9354489124
2016-08-19,801160,2898.49,2907.39,2882.02,2905.36,13.62901543,126.1964514065
2016-08-22,801160,2906.07,2912.1,2879.42,2880.02,19.61909578,171.97955541369998
2016-08-23,801160,2874.71,2897.31,2872.52,2887.48,17.21151217,150.4081254591
2016-08-24,801160,2891.41,2905.3,2886.67,2892.18,17.09819624,152.3800044834
2016-08-25,801160,2879.37,2879.6,2846.4,2872.23,17.26567846,152.2040658408
2016-08-26,801160,2874.73,2902.33,2873.58,2891.36,15.03405882,145.7469049993
2016-08-29,801160,2892.16,2931.98,2888.42,2916.17,19.29591677,205.4791486044
2016-08-30,801160,2920.74,2925.19,2906.63,2911.53,15.90841081,168.5514777272
2016-08-31,801160,2904.66,2908.44,2891.9,2907.68,15.32304728,151.55044472379998
2016-09-01,801160,2907.46,2915.46,2890.86,2891.31,16.9944225,158.4299614617
2016-09-02,801160,2886.11,2901.31,2876.32,2893.09,17.46932452,159.76499790629998
2016-09-05,801160,2896.55,2924.74,2894.18,2900.46,16.47253578,163.2623529416
2016-09-06,801160,2898.23,2963.18,2883.86,2961.39,23.86590615,246.7556151134
2016-09-07,801160,2959.76,3007.76,2958.83,2972.83,30.19011093,321.2128082314
2016-09-08,801160,2968.77,2981.29,2958.46,2980.48,20.62717246,220.0506109976
2016-09-09,801160,2978.49,2983.31,2951.9,2952.29,19.05949387,203.68490324569999
2016-09-12,801160,2907.38,2922.58,2882.67,2900.04,24.88421337,245.359330867
2016-09-13,801160,2905.72,2912.91,2888.89,2908.57,19.04898322,194.5747336003
2016-09-14,801160,2893.0,2906.09,2881.01,2889.56,17.01108793,166.6084488503
2016-09-19,801160,2894.21,2914.63,2894.21,2913.08,15.46247323,151.8403642499
2016-09-20,801160,2911.88,2920.95,2903.8,2910.99,14.89355052,150.6182004165
2016-09-21,801160,2908.79,2915.91,2905.05,2909.13,14.55492472,139.5009338277
2016-09-22,801160,2924.15,2928.73,2917.32,2922.51,15.83905096,155.631237458
2016-09-23,801160,2925.54,2930.76,2913.97,2914.85,15.49582195,170.62521249
2016-09-26,801160,2910.2,2912.19,2864.24,2865.3,16.57069043,170.237974244
2016-09-27,801160,2857.82,2870.02,2836.87,2869.63,14.5301424,145.9497247719
2016-09-28,801160,2871.31,2871.42,2856.09,2860.62,13.91145273,124.4202841257
2016-09-29,801160,2863.93,2876.93,2863.65,2866.81,12.97694483,119.4530574831
2016-09-30,801160,2866.8,2875.53,2865.7,2872.64,11.92202007,110.66754088440001
2016-10-10,801160,2887.25,2923.51,2887.25,2923.01,16.60719108,158.6212088882
2016-10-11,801160,2920.4,2941.99,2918.63,2941.99,16.23745793,160.2622936895
2016-10-12,801160,2935.79,2941.55,2928.3,2941.55,13.59594653,133.8526411073
2016-10-13,801160,2942.85,2962.36,2942.85,2956.42,18.43134007,182.93796313139998
2016-10-14,801160,2952.17,2956.81,2938.34,2955.51,18.59354547,174.30824964060002
2016-10-17,801160,2960.82,2964.91,2916.3,2921.73,17.40176592,170.5160763583
2016-10-18,801160,2917.68,2960.69,2917.32,2960.69,18.34901012,166.8535462811
2016-10-19,801160,2966.8,2973.9,2953.45,2961.08,18.59332307,184.1359846475
2016-10-20,801160,2960.8,2969.68,2951.32,2964.58,17.61189563,182.7586273027
2016-10-21,801160,2961.65,2970.03,2934.27,2953.55,18.36319265,178.3722036375
2016-10-24,801160,2953.7,2982.26,2947.87,2976.64,21.28846827,190.25854402419998
2016-10-25,801160,2976.41,2982.7,2973.41,2982.7,17.93475252,170.0706999879
2016-10-26,801160,2988.98,2988.98,2961.17,2969.36,15.47653103,155.7462982797
2016-10-27,801160,2971.4,2975.59,2962.02,2975.19,19.20022925,179.9793459485
2016-10-28,801160,2973.7,2978.48,2948.55,2948.88,22.44752228,205.6456049366
2016-10-31,801160,2937.75,2940.8,2924.73,2938.07,17.01525497,153.1210374128
2016-11-01,801160,2939.09,2968.04,2937.47,2968.0,19.56963906,175.0270311111
2016-11-02,801160,2957.65,2957.78,2930.8,2933.21,21.23074242,189.011096568
2016-11-03,801160,2927.08,2959.66,2923.69,2947.94,21.74885167,194.2548431823
2016-11-04,801160,2945.5,2956.87,2933.48,2938.14,18.13709765,168.23517392780002
2016-11-07,801160,2944.43,2954.07,2938.38,2946.15,17.61027637,173.3525322871
2016-11-08,801160,2953.44,2960.17,2945.45,2952.59,15.37218765,145.99671661600001
2016-11-09,801160,2951.88,2952.53,2898.62,2926.98,18.45322585,173.1628324675
2016-11-10,801160,2944.23,2967.5,2934.62,2966.55,19.7057053,182.584579409
2016-11-11,801160,2967.03,2983.98,2963.67,2983.98,19.8804769,184.1491037165
2016-11-14,801160,2981.02,2998.19,2980.63,2994.28,21.38655633,201.48823735259998
2016-11-15,801160,2995.24,3001.34,2985.25,3001.34,15.81207821,160.7971197636
2016-11-16,801160,3003.38,3012.17,2998.95,3005.68,17.42917695,184.0338785853
2016-11-17,801160,3007.84,3015.17,2995.54,3015.17,18.32896543,170.1903574582
2016-11-18,801160,3020.92,3021.17,2997.14,2998.59,21.94483276,197.2044622762
2016-11-21,801160,2993.51,3028.52,2993.45,3016.98,27.0216253,214.3270981795
2016-11-22,801160,3015.28,3030.95,3013.74,3030.95,26.27459007,222.1565518846
2016-11-23,801160,3032.48,3036.99,3007.34,3014.74,21.3248012,192.0176545039
2016-11-24,801160,3011.0,3022.26,2999.76,3008.27,20.08195551,191.5544575479
2016-11-25,801160,3004.98,3023.34,2972.05,3022.36,20.71995885,189.029822787
2016-11-28,801160,3026.03,3036.39,3018.4,3027.94,21.24354323,181.6781479975
2016-11-29,801160,3025.97,3047.5,3022.12,3026.71,28.99181215,236.49779560009998
2016-11-30,801160,3022.79,3029.78,3003.74,3014.37,21.42253537,184.24771093409998
2016-12-01,801160,3013.59,3029.31,3012.79,3027.53,18.73101781,164.451940021
2016-12-02,801160,3025.6,3049.17,2995.15,2998.52,24.84282167,202.1328495661
2016-12-05,801160,2965.54,2992.37,2961.14,2969.83,18.97070832,157.5464144211
2016-12-06,801160,2973.23,2979.58,2963.84,2967.14,13.9026401,122.76054059360001
2016-12-07,801160,2965.64,2986.35,2951.96,2986.35,14.36020936,128.198494745
2016-12-08,801160,2988.37,2989.13,2960.81,2963.22,13.75168822,122.98741402690001
2016-12-09,801160,2961.82,2968.39,2952.38,2959.83,14.6738994,125.8489501406
2016-12-12,801160,2961.72,2962.55,2856.77,2861.76,22.36080429,188.0795044903
2016-12-13,801160,2862.72,2881.31,2839.71,2871.93,15.13668762,134.321973708
2016-12-14,801160,2867.29,2880.18,2850.31,2854.32,14.26917775,125.459200806
2016-12-15,801160,2845.32,2874.23,2838.97,2854.08,13.79381321,123.25312177389999
2016-12-16,801160,2855.28,2875.5,2850.83,2874.0,15.1848096,139.6160054248
2016-12-19,801160,2877.77,2883.57,2869.08,2874.63,13.71397637,125.2285817219
2016-12-20,801160,2873.72,2875.67,2854.53,2867.4,13.32788037,119.5238291152
2016-12-21,801160,2868.4,2901.45,2868.19,2900.96,17.33390727,150.4378223731
2016-12-22,801160,2901.17,2915.22,2896.76,2911.33,18.40705306,161.48568191569998
2016-12-23,801160,2907.46,2908.41,2871.35,2876.76,14.72178858,132.0679301278
2016-12-26,801160,2868.62,2887.64,2842.92,2887.64,14.36632804,127.82661654489999
2016-12-27,801160,2888.42,2899.74,2887.19,2892.53,13.74148582,132.7631789321
2016-12-28,801160,2890.41,2893.61,2878.06,2883.64,12.02687567,114.82215816610001
2016-12-29,801160,2879.94,2889.72,2870.08,2875.74,10.39034305,99.4976226677
2016-12-30,801160,2878.62,2888.11,2875.22,2884.92,11.76122803,108.9713166623
2017-01-03,801160,2888.02,2906.3,2887.98,2906.3,12.37975552,112.26430193530001
2017-01-04,801160,2905.84,2923.93,2899.66,2923.57,14.20220666,133.2962068562
2017-01-05,801160,2921.66,2927.2,2918.2,2924.28,15.78805372,148.82989914569998
2017-01-06,801160,2924.88,2943.6,2923.74,2934.12,20.11924366,188.9881023484
2017-01-09,801160,2930.56,2960.52,2930.2,2960.11,19.29109154,182.1418806964
2017-01-10,801160,2956.88,2958.8,2940.67,2942.12,15.7338958,154.87540381559998
2017-01-11,801160,2938.42,2946.16,2916.3,2917.13,16.16627005,148.98831129090001
2017-01-12,801160,2912.91,2920.16,2892.55,2892.67,13.3963853,126.2024133069
2017-01-13,801160,2892.02,2898.1,2868.41,2876.64,13.99462461,122.8383198638
2017-01-16,801160,2871.21,2871.32,2766.36,2828.56,24.27754562,195.4128409413
2017-01-17,801160,2817.16,2833.11,2786.33,2833.11,12.70093018,120.2455793916
2017-01-18,801160,2829.94,2840.54,2822.38,2828.82,10.98587466,98.8854763997
2017-01-19,801160,2824.3,2833.66,2815.2,2823.8,10.58583869,99.42278262379999
2017-01-20,801160,2819.66,2854.07,2819.61,2851.79,10.84179613,104.0506799033
2017-01-23,801160,2853.39,2874.86,2853.15,2866.85,11.41506771,102.90435612649999
2017-01-24,801160,2863.41,2863.44,2846.56,2851.06,10.93062606,107.5091751253
2017-01-25,801160,2848.95,2855.68,2841.79,2852.57,9.17946068,85.3888326787
2017-01-26,801160,2854.29,2865.05,2853.55,2862.42,9.56593004,83.8780635013
2017-02-03,801160,2863.92,2865.21,2845.74,2854.47,7.77846656,73.1886025302
2017-02-06,801160,2855.55,2878.7,2854.99,2877.26,11.39687622,104.1799314552
2017-02-07,801160,2874.8,2876.87,2859.56,2874.25,9.99798993,96.64217386989999
2017-02-08,801160,2869.9,2890.27,2857.13,2890.27,11.72786984,109.55457844840001
2017-02-09,801160,2890.68,2912.91,2889.71,2910.18,16.05859201,153.9844918472
2017-02-10,801160,2910.61,2922.84,2904.62,2919.6,18.68553329,167.8079175545
2017-02-13,801160,2917.24,2930.09,2914.4,2929.79,15.96535294,146.1040087818
2017-02-14,801160,2927.87,2929.35,2913.53,2923.83,13.63499242,124.4554870818
2017-02-15,801160,2922.09,2965.33,2922.09,2928.13,29.10743148,225.2783441575
2017-02-16,801160,2922.08,2952.55,2918.86,2952.55,23.8857555,191.45251332599997
2017-02-17,801160,2947.7,2951.17,2916.05,2919.67,20.44646462,176.6592317018
2017-02-20,801160,2919.7,2951.95,2919.56,2951.95,18.52025658,164.03664195870002
2017-02-21,801160,2950.13,2963.34,2949.23,2963.34,17.91879997,162.2194063959
2017-02-22,801160,2963.08,2971.04,2954.3,2971.04,17.37892646,157.2945251227
2017-02-23,801160,2970.74,2973.02,2947.37,2959.04,17.31023519,158.029568773
2017-02-24,801160,2956.77,2966.9,2947.56,2966.38,14.3727488,138.10900126290002
2017-02-27,801160,2969.93,2981.06,2955.85,2958.34,18.5163919,178.5862269163
2017-02-28,801160,2959.52,2966.79,2954.7,2966.79,14.05848382,141.5025130857
2017-03-01,801160,2965.08,2979.17,2962.92,2972.41,14.55575637,138.305487911
2017-03-02,801160,2976.2,2981.71,2958.57,2960.59,15.46733547,154.2550054185
2017-03-03,801160,2956.47,2965.36,2944.15,2965.36,13.2011671,129.6646336324
2017-03-06,801160,2971.34,2985.4,2971.25,2984.19,17.5797413,164.6235224122
2017-03-07,801160,2988.41,2993.28,2981.37,2992.99,19.39427181,201.410104547
2017-03-08,801160,2991.97,2991.97,2978.93,2989.32,19.81218248,192.7895231836
2017-03-09,801160,2985.38,2985.4,2954.21,2963.51,16.54957635,161.35855448450002
2017-03-10,801160,2959.42,2966.09,2949.35,2953.4,11.27723786,126.1938259807
2017-03-13,801160,2952.28,2974.3,2932.27,2974.3,13.90441941,154.8849631221
2017-03-14,801160,2972.91,2976.16,2961.2,2968.47,13.06725925,147.6797885695
2017-03-15,801160,2966.6,2979.36,2964.62,2979.36,16.26320952,177.9985063818
2017-03-16,801160,2980.07,3000.55,2980.04,3000.55,15.73647602,181.63002048759998
2017-03-17,801160,3002.49,3009.01,2974.93,2979.0,17.99718634,205.0487107506
2017-03-20,801160,2984.73,2994.14,2973.67,2994.14,14.99838036,157.0800212784
2017-03-21,801160,2993.33,3007.29,2988.27,3007.29,13.01855271,152.6638925626
2017-03-22,801160,2996.23,3001.14,2977.98,2986.21,14.39252684,156.35139733469998
2017-03-23,801160,2988.82,3000.51,2963.15,2979.04,16.30546444,181.21321524689998
2017-03-24,801160,2976.64,2994.13,2969.79,2993.28,14.5119704,148.1906083833
2017-03-27,801160,2991.87,2995.42,2980.13,2981.34,13.7161546,143.82797915700002
2017-03-28,801160,2980.14,2983.48,2968.09,2969.37,13.50394562,142.7484125071
2017-03-29,801160,2967.93,2972.45,2947.31,2955.69,14.99934712,152.7077548584
2017-03-30,801160,2951.91,2969.74,2920.53,2956.47,25.69178308,218.9796706693
2017-03-31,801160,2953.49,2982.75,2950.9,2963.99,23.96203654,201.3318701656
2017-04-06,801160,3039.19,3054.07,3032.16,3041.65,33.67200221,294.64351923830003
2017-04-07,801160,3038.54,3104.22,3036.02,3097.45,31.55270045,330.5461579532
2017-04-10,801160,3108.72,3140.77,3106.93,3113.71,28.98019598,355.0801940173
2017-04-11,801160,3119.0,3142.94,3089.11,3137.95,31.19112965,370.45492313550005
2017-04-12,801160,3138.01,3161.86,3117.11,3128.49,43.05212312,445.0579208425
2017-04-13,801160,3117.58,3193.37,3117.56,3184.68,45.68030661,456.9927443707
2017-04-14,801160,3193.64,3193.68,3131.18,3133.82,33.15720891,330.83807439189997
2017-04-17,801160,3108.3,3114.12,3068.72,3086.13,25.71403664,303.4748050166
2017-04-18,801160,3072.57,3106.88,3051.37,3052.85,28.54578007,332.7118287523
2017-04-19,801160,3035.97,3055.88,3005.76,3055.71,30.03146202,343.8538948597
2017-04-20,801160,3054.4,3065.34,3011.17,3031.87,27.48925749,329.3106706255
2017-04-21,801160,3022.3,3052.57,3013.24,3021.91,24.5089627,283.1669082434
2017-04-24,801160,3017.42,3017.48,2943.77,2952.09,27.12671977,289.1979809116
2017-04-25,801160,2949.46,2997.58,2935.69,2962.66,27.01940856,312.96758183459997
2017-04-26,801160,2954.66,3000.5,2950.92,2998.18,27.83337718,343.3753177594
2017-04-27,801160,2989.03,3021.17,2939.94,3007.05,38.75223184,465.7793984054
2017-04-28,801160,2992.66,3026.34,2992.66,3026.34,26.06912664,325.6742153773
2017-05-02,801160,3020.44,3038.71,3009.52,3038.33,25.85966888,334.1815066943
2017-05-03,801160,3030.62,3037.41,2995.0,3002.04,27.06480318,348.8105927682
2017-05-04,801160,2991.57,3054.97,2986.48,3011.29,30.19624149,396.8050455428
2017-05-05,801160,2999.25,3004.57,2967.32,2968.45,23.85411272,295.4022426309
2017-05-08,801160,2959.2,2961.14,2902.44,2902.44,22.751045,267.369984777
2017-05-09,801160,2892.06,2934.71,2892.06,2929.26,21.94101589,237.4377710142
2017-05-10,801160,2928.9,2934.29,2859.44,2859.44,22.17175748,258.0957957374
2017-05-11,801160,2843.61,2871.11,2800.8,2868.83,27.60995569,308.292897412
2017-05-12,801160,2861.5,2896.48,2845.76,2885.76,22.50495259,297.9912921357
2017-05-15,801160,2884.53,2905.26,2884.49,2897.25,19.22857136,272.3184294078
2017-05-16,801160,2891.08,2969.4,2881.97,2969.38,25.94060349,357.46672059540003
2017-05-17,801160,2977.26,2988.04,2971.92,2975.42,28.54766775,375.92762534760004
2017-05-18,801160,2951.2,2977.22,2936.3,2949.61,28.9045564,389.4356967136
2017-05-19,801160,2939.98,2964.69,2933.91,2960.86,24.60270787,303.9612484314
2017-05-22,801160,2951.58,2962.12,2906.78,2921.04,24.93882666,287.2586476403
2017-05-23,801160,2908.76,2912.91,2849.62,2853.73,25.28532295,278.9260594002
2017-05-24,801160,2835.39,2881.64,2814.07,2881.19,20.05168729,234.1755479446
2017-05-25,801160,2867.76,2900.6,2833.41,2891.59,24.58821103,295.82749811950004
2017-05-26,801160,2885.07,2914.72,2883.19,2885.35,24.30845874,271.9139535132
2017-05-31,801160,2905.52,2908.14,2881.5,2888.63,20.08153887,229.27696614220002
2017-06-01,801160,2876.82,2877.16,2839.14,2839.45,19.47710273,210.9962187449
2017-06-02,801160,2830.41,2872.94,2825.61,2868.61,18.44672664,193.33616785659999
2017-06-05,801160,2872.67,2893.19,2872.55,2884.91,16.06144526,190.4751011851
2017-06-06,801160,2880.56,2885.05,2870.74,2884.58,14.05002093,163.4734494325
2017-06-07,801160,2882.06,2931.43,2879.99,2931.03,23.14984626,263.1248712799
2017-06-08,801160,2928.91,2932.95,2920.81,2928.0,19.23496028,218.51367733509997
2017-06-09,801160,2927.21,2935.47,2912.22,2932.86,18.59741711,211.9811221022
2017-06-12,801160,2923.83,2933.25,2910.26,2911.97,18.2141085,206.18168829409998
2017-06-13,801160,2907.01,2930.15,2907.01,2928.95,14.08684027,172.2811641922
2017-06-14,801160,2926.46,2926.46,2899.62,2907.05,14.08585861,163.7826714569
2017-06-15,801160,2900.67,2921.47,2900.67,2915.64,14.45711031,164.6591999386
2017-06-16,801160,2913.38,2927.74,2913.28,2915.12,16.4139883,203.86224387209998
2017-06-19,801160,2913.53,2930.54,2911.76,2930.54,14.01565778,168.955583627
2017-06-20,801160,2931.08,2941.47,2930.93,2934.01,16.92261802,217.72313311599999
2017-06-21,801160,2941.05,2944.45,2924.94,2944.45,14.22530525,177.6809235664
2017-06-22,801160,2946.88,2959.09,2910.05,2910.05,20.05583122,232.22780351950001
2017-06-23,801160,2900.38,2906.73,2872.11,2906.73,16.30876228,183.08054946689998
2017-06-26,801160,2904.19,2922.03,2898.61,2921.8,14.18145866,157.046963933
2017-06-27,801160,2922.11,2934.48,2918.51,2927.59,12.8437916,151.5594328783
2017-06-28,801160,2921.16,2921.38,2903.12,2908.82,12.72981794,137.7008677131
2017-06-29,801160,2909.41,2920.43,2909.25,2915.64,12.45292189,134.5742464489
2017-06-30,801160,2904.03,2917.37,2897.34,2916.72,11.62072924,122.4155453733
2017-07-03,801160,2917.75,2937.02,2917.59,2935.26,12.52115207,143.421267509
2017-07-04,801160,2930.96,2931.4,2916.62,2921.82,11.96684214,137.6069887384
2017-07-05,801160,2920.62,2929.89,2913.66,2929.66,12.42453353,139.12119736030002
2017-07-06,801160,2931.63,2937.51,2909.96,2927.19,14.87850336,163.0641513275
2017-07-07,801160,2920.21,2929.29,2913.36,2929.06,14.00843091,158.64754165
2017-07-10,801160,2926.02,2926.02,2896.24,2904.7,14.31550662,165.9575206024
2017-07-11,801160,2896.59,2901.35,2877.23,2878.66,13.80156435,150.0063539909
2017-07-12,801160,2872.31,2878.3,2829.61,2858.05,15.96294385,163.8982452864
2017-07-13,801160,2853.72,2854.04,2840.36,2847.81,11.40332336,118.5415783708
2017-07-14,801160,2833.54,2833.64,2806.32,2814.2,11.76999018,137.3666667982
2017-07-17,801160,2805.99,2806.24,2707.63,2709.12,19.2736599,183.09842989240002
2017-07-18,801160,2700.24,2724.39,2690.68,2724.37,12.24658893,116.4166194016
2017-07-19,801160,2720.76,2752.8,2716.14,2752.12,14.83912754,130.9517224674
2017-07-20,801160,2752.22,2786.55,2751.58,2779.45,16.97164333,144.5803236851
2017-07-24,801160,2772.55,2798.21,2768.91,2793.27,15.70090717,154.6700996532
2017-07-25,801160,2791.12,2791.29,2766.07,2772.43,11.78292287,113.97366740940001
2017-07-26,801160,2771.75,2777.98,2759.8,2770.66,12.17684075,116.2261581642
2017-07-27,801160,2769.56,2794.78,2761.06,2793.36,14.90229758,147.53322857889998
2017-07-28,801160,2791.55,2800.84,2787.4,2792.27,13.23167859,125.0636532628
2017-07-31,801160,2787.49,2797.85,2776.95,2792.71,13.1023491,125.0552841605
2017-08-01,801160,2793.9,2809.88,2792.32,2806.36,15.88841727,162.46976186790002
2017-08-02,801160,2805.63,2807.51,2789.27,2791.74,16.88583164,171.34504661879998
2017-08-03,801160,2788.17,2794.39,2788.17,2794.39,14.43051545,143.4360152439
2017-08-04,801160,2793.65,2794.93,2779.11,2779.4,14.16366064,137.4179071692
2017-08-07,801160,2776.27,2799.28,2776.27,2799.2,14.66796911,134.1048133024
2017-08-08,801160,2805.95,2811.9,2795.66,2802.41,15.4217314,147.5663001351
2017-08-09,801160,2803.48,2819.14,2800.83,2818.17,16.05337601,166.12814508350002
2017-08-10,801160,2814.65,2822.49,2783.32,2801.37,17.2779572,184.3970081569
2017-08-11,801160,2792.13,2800.66,2775.23,2777.18,17.11633898,174.64120632590001
2017-08-14,801160,2783.7,2816.9,2783.63,2816.9,18.98896878,206.1895142589
2017-08-15,801160,2819.98,2823.9,2810.65,2820.19,17.0621972,177.0121610484
2017-08-16,801160,2820.24,2832.44,2814.19,2832.19,15.12836403,167.9702774365
2017-08-17,801160,2831.06,2852.86,2829.6,2851.09,20.99372597,209.68781766490002
2017-08-18,801160,2840.85,2863.04,2836.2,2855.15,19.88828238,219.699404266
2017-08-21,801160,2856.44,2865.78,2852.78,2865.78,15.98627585,170.677511392
2017-08-22,801160,2864.82,2867.18,2844.7,2854.27,15.2197239,155.67253163
2017-08-23,801160,2849.24,2864.98,2846.51,2852.29,14.79357419,167.178800066
2017-08-24,801160,2852.44,2866.55,2845.98,2852.78,15.93930711,187.38258313740002
2017-08-25,801160,2850.66,2866.5,2845.44,2866.2,15.49524934,174.8726364625
2017-08-28,801160,2866.96,2887.56,2865.96,2884.02,17.96221322,198.94401203200002
2017-08-29,801160,2886.02,2900.06,2881.92,2887.34,19.2501314,205.82321959970002
2017-08-30,801160,2886.11,2889.0,2874.21,2876.04,16.42380519,185.23830517209998
2017-08-31,801160,2871.99,2875.95,2858.25,2867.92,14.76328374,161.5856773593
2017-09-01,801160,2884.95,2893.2,2878.98,2889.14,18.47985619,202.1838733407
2017-09-04,801160,2894.82,2901.6,2878.03,2894.59,28.13182417,254.29404886240002
2017-09-05,801160,2891.68,2892.11,2872.5,2877.58,17.90901956,171.4512526369
2017-09-06,801160,2873.67,2878.11,2863.79,2878.11,14.76859174,145.0797863711
2017-09-07,801160,2877.01,2887.68,2870.74,2872.04,16.13719414,176.3789540894
2017-09-08,801160,2873.19,2882.98,2865.32,2874.52,15.16163748,155.052448595
2017-09-11,801160,2873.27,2878.64,2866.53,2877.49,16.35847415,154.55652993709998
2017-09-12,801160,2878.95,2882.93,2864.82,2869.52,19.30733197,191.5267659468
2017-09-13,801160,2867.87,2873.97,2865.05,2873.49,13.43046165,137.4624955369
2017-09-14,801160,2874.81,2878.1,2863.25,2870.9,15.73740401,153.72826156899998
2017-09-15,801160,2867.86,2872.31,2858.48,2868.03,14.50887657,143.0451476815
2017-09-18,801160,2863.02,2869.85,2861.03,2869.7,12.23738491,127.0542792351
2017-09-19,801160,2869.26,2872.11,2857.57,2862.71,12.69399892,132.47246996020002
2017-09-20,801160,2862.1,2872.94,2854.63,2872.94,13.75801001,155.3349291484
2017-09-21,801160,2873.08,2873.1,2849.15,2849.31,13.66377159,154.2700789554
2017-09-22,801160,2845.44,2845.47,2825.31,2833.41,12.92327264,140.58054714760002
2017-09-25,801160,2830.76,2831.45,2816.36,2819.38,11.85576179,129.0410908417
2017-09-26,801160,2818.43,2824.37,2809.97,2821.06,9.56125324,106.3041964234
2017-09-27,801160,2819.63,2826.13,2819.23,2823.81,8.04569215,90.15798152010001
2017-09-28,801160,2823.3,2824.78,2809.69,2811.52,9.98509531,109.6009537863
2017-09-29,801160,2813.81,2825.28,2811.76,2825.17,10.18709061,107.37421125809999
2017-10-09,801160,2846.22,2853.46,2835.22,2850.86,10.67523209,117.671834497
2017-10-10,801160,2853.23,2866.74,2849.59,2866.68,10.42521429,115.2349673593
2017-10-11,801160,2867.63,2877.83,2862.8,2870.97,13.66728728,143.2555921299
2017-10-12,801160,2868.95,2873.01,2857.01,2866.92,14.87607695,152.6565256164
2017-10-13,801160,2864.04,2926.44,2862.46,2922.58,22.43053058,288.1174092152
2017-10-16,801160,2924.66,2924.66,2882.61,2884.49,19.71075832,267.5617025919
2017-10-17,801160,2877.79,2897.75,2875.81,2882.16,11.95457372,158.0897943019
2017-10-18,801160,2881.36,2905.47,2873.24,2878.81,14.9050244,190.74913094139998
2017-10-19,801160,2870.8,2873.55,2847.22,2851.84,13.97896305,157.0590545618
2017-10-20,801160,2846.13,2868.32,2845.28,2868.32,9.03125711,110.46143220530001
2017-10-23,801160,2868.51,2890.09,2866.18,2889.13,11.51574203,155.3784002854
2017-10-24,801160,2884.9,2885.04,2870.28,2883.32,11.39394605,135.85332420129998
2017-10-25,801160,2886.47,2903.32,2884.01,2893.45,10.4607716,136.199916884
2017-10-26,801160,2889.62,2889.72,2875.58,2887.93,12.09783425,148.18564346510001
2017-10-27,801160,2886.41,2886.65,2870.14,2870.58,11.28955028,125.66993800809999
2017-10-30,801160,2871.08,2873.38,2811.84,2829.51,15.60927486,161.81703286639998
2017-10-31,801160,2826.88,2837.14,2822.28,2836.99,10.12474631,115.30697974440001
2017-11-01,801160,2838.45,2841.2,2830.58,2833.22,11.08834406,121.6729347659
2017-11-02,801160,2834.18,2834.18,2809.73,2814.49,12.39555725,140.4756567614
2017-11-03,801160,2810.85,2814.4,2780.22,2797.42,12.23900838,129.3336391052
2017-11-06,801160,2794.05,2812.03,2785.38,2812.03,10.12274083,116.1579836986
2017-11-07,801160,2812.76,2830.18,2801.36,2829.85,11.77640347,128.6156002239
2017-11-08,801160,2828.42,2847.12,2827.9,2837.67,13.20504393,136.0330498406
2017-11-09,801160,2837.23,2851.22,2835.16,2850.74,10.44400964,106.47496816559999
2017-11-10,801160,2846.67,2849.03,2833.8,2838.91,10.67809263,115.8483399399
2017-11-13,801160,2838.01,2840.05,2820.76,2824.64,11.80601654,127.1927493848
2017-11-14,801160,2825.97,2832.76,2813.85,2822.52,13.73202241,149.3523968401
2017-11-15,801160,2815.45,2815.58,2794.44,2801.82,10.97637031,120.8280928019
2017-11-16,801160,2796.23,2799.61,2781.53,2782.11,10.0289987,101.1704970898
2017-11-17,801160,2782.13,2782.93,2734.39,2744.41,17.25473465,160.483988394
2017-11-20,801160,2731.03,2743.09,2704.7,2742.89,10.67451187,99.252612558
2017-11-21,801160,2740.01,2753.01,2734.79,2745.78,10.81806083,108.6338359595
2017-11-22,801160,2749.69,2756.63,2738.98,2750.42,10.85924469,105.96351602840001
2017-11-23,801160,2749.92,2751.89,2707.1,2709.25,11.79826265,110.9136759326
2017-11-24,801160,2704.01,2720.56,2700.14,2713.92,9.04290793,85.6419458613
2017-11-27,801160,2711.85,2716.87,2703.1,2704.97,10.42517639,104.2678902657
2017-11-28,801160,2699.7,2713.26,2696.77,2712.9,8.3165763,78.39892648050001
2017-11-29,801160,2712.74,2724.84,2703.39,2719.9,11.47038268,121.8773970543
2017-11-30,801160,2712.95,2714.74,2693.82,2701.75,9.4685298,102.72458337799999
2017-12-01,801160,2700.24,2711.33,2697.93,2708.45,8.12169391,89.89817761280001
2017-12-04,801160,2706.37,2709.18,2689.35,2690.45,9.82654774,105.5746821671
2017-12-05,801160,2689.24,2694.06,2662.34,2668.83,11.96394825,121.28443914040001
2017-12-06,801160,2662.85,2671.3,2644.61,2670.9,9.34685175,98.1052472638
2017-12-07,801160,2668.46,2673.71,2659.42,2664.63,8.097759,83.0294069773
2017-12-08,801160,2661.77,2685.74,2661.58,2680.57,8.69252287,92.1072831153
2017-12-11,801160,2678.51,2693.02,2678.47,2692.68,8.45623064,87.3649502718
2017-12-12,801160,2691.3,2691.44,2668.34,2668.97,7.66435955,81.8756800454
2017-12-13,801160,2665.9,2687.97,2665.9,2687.97,7.59352035,83.6585130762
2017-12-14,801160,2687.64,2695.68,2680.9,2694.97,9.96777808,102.6162888583
2017-12-15,801160,2692.22,2694.97,2676.46,2687.42,11.15965532,111.9563557807
2017-12-18,801160,2688.34,2696.78,2678.72,2686.22,8.73185841,93.7069621747
2017-12-19,801160,2682.78,2698.45,2682.54,2698.45,7.89309219,91.05297253139999
2017-12-20,801160,2699.01,2706.88,2688.68,2691.67,10.7029622,115.4821038866
2017-12-21,801160,2690.66,2713.55,2685.65,2708.22,11.80406625,136.0474554146
2017-12-22,801160,2708.86,2726.47,2706.7,2721.52,17.88039958,173.9072368912
2017-12-25,801160,2722.1,2727.77,2684.4,2689.52,23.70408059,207.7804939858
2017-12-26,801160,2686.01,2707.75,2676.32,2707.56,19.33084431,189.9704385209
2017-12-27,801160,2705.6,2710.03,2688.15,2689.44,21.23927357,211.0798819675
2017-12-28,801160,2683.86,2690.89,2676.84,2680.85,17.63246439,164.0260988475
2017-12-29,801160,2679.51,2683.0,2666.96,2681.59,14.60204915,133.4925721759
2018-01-02,801160,2686.02,2708.92,2686.02,2708.59,15.18758195,149.6551510203
2018-01-03,801160,2710.19,2747.82,2709.36,2747.3,20.33918852,217.12413549529998
2018-01-04,801160,2748.72,2748.85,2737.4,2741.66,22.59068605,207.6466315675
2018-01-05,801160,2737.99,2744.55,2731.04,2740.09,16.84129898,160.93314334069998
2018-01-08,801160,2736.81,2743.21,2724.6,2743.15,15.09656071,147.55931251639998
2018-01-09,801160,2738.81,2743.59,2727.06,2730.01,14.22815383,143.491332417
2018-01-10,801160,2729.43,2733.12,2707.18,2722.22,16.99403016,172.6079957027
2018-01-11,801160,2717.87,2725.67,2713.57,2722.29,13.87374334,147.5609903836
2018-01-12,801160,2720.39,2722.67,2702.73,2705.81,14.00636848,150.0747029005
2018-01-15,801160,2703.91,2704.12,2661.14,2664.36,15.2610358,160.47714194690002
2018-01-16,801160,2663.78,2676.35,2663.38,2672.14,14.59939441,148.0631391881
2018-01-17,801160,2667.0,2674.18,2643.28,2669.54,18.23080619,175.6384043038
2018-01-18,801160,2659.4,2663.42,2653.92,2663.42,12.33521226,130.72065386309998
2018-01-19,801160,2655.27,2665.25,2650.38,2655.85,14.10258657,161.5777805143
2018-01-22,801160,2653.62,2673.3,2641.91,2670.7,14.54914811,168.59122635239999
2018-01-23,801160,2668.95,2672.33,2659.86,2665.92,12.90614645,148.7720679641
2018-01-24,801160,2665.54,2677.28,2657.66,2677.28,16.03660643,190.0623295432
2018-01-25,801160,2677.24,2694.93,2677.23,2682.04,17.05593833,192.0430359852
2018-01-26,801160,2676.18,2681.87,2671.12,2672.91,12.36817231,142.0723579481
2018-01-29,801160,2676.5,2686.61,2653.21,2657.54,15.02039687,155.82186421
2018-01-30,801160,2652.19,2659.61,2640.52,2643.72,12.44520609,129.3964099299
2018-01-31,801160,2623.85,2623.93,2575.8,2581.15,15.31639239,147.7660226644
2018-02-01,801160,2572.71,2580.97,2507.37,2508.51,18.01073765,170.4960972285
2018-02-02,801160,2499.12,2506.08,2469.05,2496.59,13.35785208,131.3119682782
2018-02-05,801160,2471.69,2493.68,2461.57,2489.45,10.29862201,92.47679184350001
2018-02-06,801160,2456.11,2469.33,2404.63,2404.91,15.6985035,134.73673482
2018-02-07,801160,2430.85,2441.54,2369.44,2403.35,12.35999021,115.15882516479999
2018-02-08,801160,2397.49,2421.69,2396.5,2412.37,9.25363009,81.5399485521
2018-02-09,801160,2372.87,2373.2,2306.03,2338.98,13.84279918,108.4783382216
2018-02-12,801160,2342.16,2367.47,2341.75,2362.82,8.19413747,72.0144984837
2018-02-13,801160,2371.14,2385.43,2363.22,2364.71,8.07655792,72.6977374328
2018-02-14,801160,2367.11,2373.37,2359.91,2370.28,5.53103759,50.295005001899995
2018-02-22,801160,2384.91,2402.39,2380.36,2400.69,7.89146574,68.5337059207
2018-02-23,801160,2408.62,2429.38,2405.13,2421.95,11.07648419,101.3394737625
2018-02-26,801160,2433.3,2460.5,2425.58,2460.5,12.70107371,114.82674606129999
2018-02-27,801160,2463.54,2478.97,2459.17,2470.55,11.75360391,113.3897391887
2018-02-28,801160,2461.87,2481.19,2454.14,2472.72,9.91770396,94.8139835401
2018-03-01,801160,2461.22,2486.5,2456.55,2486.26,9.92365608,100.0705361058
2018-03-02,801160,2476.36,2498.88,2473.26,2492.87,11.57032833,118.0510789995
2018-03-05,801160,2492.37,2501.4,2483.29,2501.4,9.54074268,95.17586991600001
2018-03-06,801160,2502.22,2509.29,2495.16,2509.01,12.77286256,109.6455419893
2018-03-07,801160,2507.2,2526.96,2506.93,2509.6,16.01126036,132.4770802861
2018-03-08,801160,2508.41,2553.87,2508.41,2552.06,18.4012458,161.2207820518
2018-03-09,801160,2554.89,2562.13,2540.84,2560.09,16.63050451,167.8091625384
2018-03-12,801160,2563.78,2569.89,2559.63,2569.82,15.0011964,145.4222803524
2018-03-13,801160,2567.76,2567.81,2548.77,2549.8,12.45877004,114.228016632
2018-03-14,801160,2544.5,2554.02,2534.58,2535.31,10.36893701,94.54728144219999
2018-03-15,801160,2530.84,2540.48,2518.18,2530.63,12.68191845,114.67733708979999
2018-03-16,801160,2529.43,2541.74,2522.07,2522.82,11.64973066,95.6808188683
2018-03-19,801160,2524.39,2537.73,2518.74,2528.84,11.88039581,104.8833884331
2018-03-20,801160,2510.49,2528.28,2504.82,2526.51,12.67003124,119.2203730736
2018-03-21,801160,2527.43,2546.44,2514.72,2517.18,13.17235366,126.3673920065
2018-03-22,801160,2515.55,2524.75,2497.94,2508.49,11.91527558,103.3806361718
2018-03-23,801160,2458.46,2467.68,2390.19,2412.19,23.05222155,187.05884262509997
2018-03-26,801160,2376.05,2423.27,2353.28,2422.99,14.24642853,128.39960617260002
2018-03-27,801160,2441.72,2476.49,2441.27,2471.79,15.14968874,142.5418578743
2018-03-28,801160,2450.59,2484.97,2446.48,2465.97,16.19950794,166.5675052866
2018-03-29,801160,2472.61,2484.18,2466.9,2478.75,13.52425469,136.8714792713
2018-03-30,801160,2486.83,2496.44,2484.8,2492.53,12.58396538,124.0141527524
2018-04-02,801160,2493.53,2498.94,2483.59,2486.49,14.46883497,141.9326366124
2018-04-03,801160,2463.72,2471.01,2456.22,2465.12,13.67066286,149.3094858509
2018-04-04,801160,2469.89,2474.78,2449.92,2450.73,11.2297665,123.67719343790002
2018-04-09,801160,2444.86,2455.73,2431.66,2446.67,9.76932491,99.95235466129999
2018-04-10,801160,2448.11,2457.91,2438.97,2457.91,10.93917516,118.44142770219999
2018-04-11,801160,2461.97,2471.43,2459.13,2464.55,10.28432646,109.6054363769
2018-04-12,801160,2464.35,2467.6,2445.73,2448.91,8.80140603,86.3704373836
2018-04-13,801160,2456.51,2460.96,2437.04,2437.39,7.9725438,75.0582257577
2018-04-16,801160,2433.05,2435.95,2408.51,2416.36,9.51722089,84.8791961437
2018-04-17,801160,2419.68,2422.43,2380.64,2382.03,9.27144706,91.27527062870001
2018-04-18,801160,2393.09,2396.32,2350.88,2385.0,9.42631891,91.58401466059999
2018-04-19,801160,2384.8,2403.46,2381.9,2399.97,9.58760218,97.9513926628
2018-04-20,801160,2395.07,2397.37,2363.64,2364.97,10.44809999,102.8156008775
2018-04-23,801160,2364.45,2375.64,2346.76,2358.83,9.49237994,84.7054703282
2018-04-24,801160,2357.53,2390.13,2357.37,2389.92,9.643288,88.03296077030001
2018-04-25,801160,2381.58,2389.88,2379.85,2388.82,8.85355076,86.34355897530001
2018-04-26,801160,2387.57,2389.76,2351.05,2351.23,9.17718152,82.20529258170001
2018-04-27,801160,2359.07,2377.99,2358.7,2377.33,9.58658753,95.3947590297
2018-05-02,801160,2378.36,2393.77,2374.03,2382.09,11.57045665,115.18166963670001
2018-05-03,801160,2378.42,2393.7,2359.62,2392.62,11.66489328,109.05184323600001
2018-05-04,801160,2388.82,2399.42,2387.74,2395.16,8.70686898,83.7067801606
2018-05-07,801160,2397.36,2423.61,2395.16,2423.58,10.16131077,100.77045163860001
2018-05-08,801160,2427.11,2436.64,2426.49,2434.69,10.49585967,116.00956718440001
2018-05-09,801160,2432.68,2440.58,2426.88,2439.03,10.21924459,113.01446844819999
2018-05-10,801160,2442.23,2450.1,2432.6,2442.58,11.03017722,116.08929927850001
2018-05-11,801160,2443.37,2444.08,2421.8,2423.12,9.44619276,97.24777867370001
2018-05-14,801160,2425.43,2430.55,2416.9,2421.99,8.84849489,91.2235240067
2018-05-15,801160,2422.99,2446.52,2421.15,2446.45,9.90660019,91.3055096249
2018-05-16,801160,2440.98,2453.48,2435.68,2441.82,10.78165757,102.1839148919
2018-05-17,801160,2443.17,2443.3,2431.58,2435.46,8.61446618,92.2621297282
2018-05-18,801160,2432.33,2455.48,2430.26,2455.48,11.54230063,127.61044701819999
2018-05-21,801160,2474.96,2490.22,2460.75,2476.31,15.72305452,178.7871069745
2018-05-22,801160,2476.87,2484.99,2472.86,2484.95,14.20605713,162.577244772
2018-05-23,801160,2479.55,2494.84,2471.61,2478.49,18.19441416,164.0256525469
2018-05-24,801160,2475.53,2481.11,2458.34,2460.65,13.26567629,125.1937637823
2018-05-25,801160,2458.27,2459.71,2427.68,2439.45,12.60686052,121.8002017618
2018-05-28,801160,2436.65,2437.8,2411.64,2413.67,11.15335011,110.16233106969999
2018-05-29,801160,2409.14,2416.05,2399.98,2401.73,10.01616108,92.39569140319999
2018-05-30,801160,2378.55,2378.76,2330.23,2332.58,12.73496436,110.1375269702
2018-05-31,801160,2340.03,2367.35,2339.86,2366.0,9.78452013,85.0283677944
2018-06-01,801160,2356.06,2368.03,2342.87,2352.56,8.78389723,75.6835986008
2018-06-04,801160,2358.39,2366.95,2346.9,2352.52,8.36825494,79.3608855709
2018-06-05,801160,2351.93,2367.67,2344.1,2367.67,8.06943187,71.6024053134
2018-06-06,801160,2365.54,2366.21,2356.6,2365.09,8.77254069,86.3286658924
2018-06-07,801160,2367.47,2369.17,2343.48,2344.37,8.70467183,77.308274974
2018-06-08,801160,2340.54,2340.66,2300.31,2313.75,9.79917563,81.4366002006
2018-06-11,801160,2306.36,2315.11,2300.16,2306.02,7.26108227,62.433543094499996
2018-06-12,801160,2307.7,2332.63,2306.18,2329.61,8.50642609,83.4118580479
2018-06-13,801160,2326.24,2326.43,2309.75,2310.57,8.86729476,83.18960968270001
2018-06-14,801160,2306.16,2323.28,2302.77,2305.79,7.65931954,73.00800787979999
2018-06-15,801160,2302.44,2306.5,2262.65,2275.25,8.67960326,78.0922323837
2018-06-19,801160,2249.95,2250.05,2138.06,2158.34,14.54051053,104.14944741549999
2018-06-20,801160,2143.97,2178.43,2142.69,2169.65,9.36577752,69.413742161
2018-06-21,801160,2167.56,2174.39,2130.05,2131.09,10.60701739,76.4118026372
2018-06-22,801160,2113.5,2134.49,2101.87,2134.41,8.21699533,61.7003971574
2018-06-25,801160,2146.01,2150.39,2123.68,2124.14,7.49085744,58.276576876499995
2018-06-26,801160,2103.71,2128.23,2098.54,2123.46,7.83246821,58.0192879444
2018-06-27,801160,2126.21,2133.76,2107.58,2115.81,7.41355744,54.486073047
2018-06-28,801160,2111.22,2121.28,2094.79,2096.75,7.47847813,54.3544097679
2018-06-29,801160,2098.02,2131.49,2092.55,2131.24,8.69946397,64.5035893692
2018-07-02,801160,2125.55,2133.87,2096.53,2105.79,9.74966679,71.8956599778
2018-07-03,801160,2104.55,2126.88,2089.99,2126.85,9.13709196,76.6992669196
2018-07-04,801160,2120.29,2131.38,2110.49,2117.01,9.47349642,84.4448523778
2018-07-05,801160,2109.49,2117.6,2073.82,2076.74,9.24586066,77.2024664861
2018-07-06,801160,2070.02,2083.86,2035.48,2065.04,10.37754111,84.1443059911
2018-07-09,801160,2064.22,2093.69,2064.08,2093.5,8.92123925,74.2134192629
2018-07-10,801160,2094.53,2100.34,2084.55,2100.2,8.38784271,75.2811112449
2018-07-11,801160,2080.17,2080.54,2040.73,2059.6,9.80512672,73.4924895323
2018-07-12,801160,2058.58,2101.66,2058.58,2099.63,15.07715553,111.265356274
2018-07-13,801160,2099.87,2104.91,2094.2,2099.68,11.97963699,91.4524692756
2018-07-16,801160,2099.33,2100.97,2086.27,2096.2,12.20104638,93.5779663135
2018-07-17,801160,2097.11,2097.87,2083.68,2097.87,12.14990539,87.8272058992
2018-07-18,801160,2098.87,2154.05,2098.63,2131.82,20.48229497,159.90381382389998
2018-07-19,801160,2127.6,2139.97,2119.22,2124.46,14.69531722,117.33083351350001
2018-07-20,801160,2122.26,2157.71,2116.81,2153.8,15.41187438,115.9975456089
2018-07-23,801160,2146.54,2173.71,2142.78,2173.57,13.8577075,117.5616177568
2018-07-24,801160,2173.91,2198.61,2173.28,2198.54,19.88047908,165.56059728620002
2018-07-25,801160,2197.38,2197.4,2181.15,2185.83,14.71334024,129.8212903914
2018-07-26,801160,2186.96,2205.95,2182.76,2202.3,20.63855351,153.3069758767
2018-07-27,801160,2199.18,2204.88,2185.29,2186.63,16.32498695,118.0479101516
2018-07-30,801160,2185.45,2204.17,2181.25,2189.4,14.86263391,108.386132628
2018-07-31,801160,2187.18,2194.71,2180.84,2187.52,12.19559884,96.0088036056
2018-08-01,801160,2186.53,2197.36,2158.31,2158.31,12.93627325,100.8596166438
2018-08-02,801160,2153.54,2153.61,2080.05,2113.7,16.02526378,126.06327459139999
2018-08-03,801160,2110.62,2130.84,2110.2,2111.53,13.78036197,96.95768531430001
2018-08-06,801160,2104.77,2111.68,2066.91,2075.76,12.50811564,90.99600339530001
2018-08-07,801160,2072.3,2111.91,2065.34,2111.9,12.69697553,96.7135093783
2018-08-08,801160,2105.46,2126.34,2093.87,2095.79,17.56779718,132.5478692935
2018-08-09,801160,2086.54,2129.01,2083.06,2123.22,16.34051402,119.987338742
2018-08-10,801160,2117.17,2120.86,2096.47,2108.05,15.45480435,112.4593111795
2018-08-13,801160,2089.77,2105.92,2074.61,2103.63,12.45177844,99.0390622076
2018-08-14,801160,2102.59,2111.32,2098.74,2107.16,12.55136937,104.73276092270001
2018-08-15,801160,2107.45,2107.99,2066.18,2066.18,12.55313861,101.0416358498
2018-08-16,801160,2048.84,2062.04,2032.4,2043.57,10.78356585,80.37501701720001
2018-08-17,801160,2052.22,2057.61,2019.49,2022.2,11.52800595,83.3300303753
2018-08-20,801160,2022.21,2029.97,1998.18,2028.56,10.83872547,80.9295274169
2018-08-21,801160,2027.36,2041.35,2021.06,2039.62,9.48523786,72.1909375599
2018-08-22,801160,2037.22,2037.27,2013.61,2017.62,9.45834055,77.2126515478
2018-08-23,801160,2015.05,2028.47,2008.29,2022.41,9.27469676,72.0643897314
2018-08-24,801160,2018.28,2026.49,2010.05,2018.78,8.71488555,66.3754935867
2018-08-27,801160,2019.59,2046.35,2018.34,2046.35,11.0579048,79.5097632062
2018-08-28,801160,2045.9,2048.91,2041.76,2045.89,9.17474459,65.7615124548
2018-08-29,801160,2044.88,2046.0,2028.66,2033.83,9.0275079,63.7586110606
2018-08-30,801160,2034.08,2037.58,2019.39,2020.52,9.57637728,69.8190202853
2018-08-31,801160,2017.42,2020.47,1999.74,2003.78,10.31587803,74.4593087093
2018-09-03,801160,2001.12,2006.16,1985.44,2005.82,10.1021814,72.1961650959
2018-09-04,801160,2003.57,2026.77,2003.54,2024.06,11.08645192,76.3896591975
2018-09-05,801160,2021.44,2025.89,1999.16,1999.84,11.99935728,82.840849507
2018-09-06,801160,1997.28,2013.54,1991.73,1996.47,11.67989329,91.93675120610001
2018-09-07,801160,1998.41,2015.55,1987.15,2002.26,12.80726873,101.9019446207
2018-09-10,801160,2002.72,2004.84,1984.52,1985.05,13.85357987,118.2029860751
2018-09-11,801160,1981.83,1991.55,1973.57,1984.28,12.38548149,99.5166513635
2018-09-12,801160,1981.82,1996.36,1978.36,1985.31,10.93433211,84.8473416301
2018-09-13,801160,1992.7,2005.34,1986.31,2005.34,13.12283379,101.9078435869
2018-09-14,801160,2004.67,2014.87,1996.07,2001.97,13.77761091,109.3195574028
2018-09-17,801160,1995.63,1999.92,1982.97,1989.84,13.8591617,99.71249222590001
2018-09-18,801160,1983.8,2016.02,1983.63,2014.8,16.70631754,111.0806614064
2018-09-19,801160,2010.84,2037.66,2009.49,2031.98,18.48825861,127.7487046549
2018-09-20,801160,2031.31,2034.29,2026.0,2030.36,14.3192909,95.59042698340001
2018-09-21,801160,2032.5,2045.71,2020.39,2044.74,15.75079683,102.598020291
2018-09-25,801160,2038.1,2044.26,2034.65,2041.19,11.47228294,76.3619825615
2018-09-26,801160,2041.47,2053.98,2039.6,2042.08,13.6035422,95.1543524034
2018-09-27,801160,2044.48,2047.63,2030.27,2030.87,14.30479108,97.91414071870001
2018-09-28,801160,2033.87,2042.07,2031.88,2042.07,11.26613354,76.7983144042
2018-10-08,801160,2016.35,2025.21,1992.38,1995.04,13.52932104,99.9334325499
2018-10-09,801160,1996.01,2003.1,1984.45,1990.11,10.67981038,83.5509597666
2018-10-10,801160,1992.2,2007.06,1991.61,2000.51,11.96346105,101.8572259303
2018-10-11,801160,1953.5,1953.73,1866.59,1881.25,19.81227661,142.921747834
2018-10-12,801160,1867.16,1875.93,1812.74,1859.5,16.0665726,110.75823955540001
2018-10-15,801160,1853.3,1862.09,1826.29,1828.26,11.18079209,80.96773115890001
2018-10-16,801160,1826.27,1833.1,1805.5,1808.74,13.37583355,101.0113746232
2018-10-17,801160,1825.88,1830.92,1792.07,1816.88,13.52240096,97.6912289726
2018-10-18,801160,1810.28,1810.65,1765.91,1766.48,14.03401432,94.8653372959
2018-10-19,801160,1745.8,1793.73,1736.86,1793.73,13.07299096,82.98742405109999
2018-10-22,801160,1801.69,1880.88,1801.13,1868.62,19.88310964,120.15131780360001
2018-10-23,801160,1865.47,1876.17,1833.61,1842.02,17.98864061,115.63384466049999
2018-10-24,801160,1832.58,1858.71,1827.32,1841.59,12.96266532,82.49501005399999
2018-10-25,801160,1799.11,1833.02,1787.48,1829.88,13.18104885,76.1651122121
2018-10-26,801160,1835.37,1851.54,1832.42,1838.83,12.75062707,74.52905161300001
2018-10-29,801160,1836.93,1838.2,1807.49,1815.52,10.51459147,62.3790191787
2018-10-30,801160,1815.83,1837.7,1803.02,1828.11,12.92035654,76.0930737744
2018-10-31,801160,1832.64,1861.11,1832.1,1854.59,14.39232673,86.2701878844
2018-11-01,801160,1861.18,1877.5,1854.94,1856.68,15.59794912,100.0083188541
2018-11-02,801160,1875.92,1901.74,1873.77,1901.73,18.06335319,120.7766378287
2018-11-05,801160,1900.93,1921.36,1895.79,1917.98,20.39847129,139.9225527181
2018-11-06,801160,1915.97,1916.13,1900.35,1912.71,16.29584179,119.1525861358
2018-11-07,801160,1916.14,1924.49,1905.48,1906.91,18.72870474,118.9458138556
2018-11-08,801160,1915.0,1918.49,1901.15,1901.88,16.56603474,97.0012555566
2018-11-09,801160,1898.26,1905.46,1887.71,1889.48,15.25751086,91.0764312826
2018-11-12,801160,1896.56,1944.56,1896.44,1944.43,20.87487423,131.0548111262
2018-11-13,801160,1928.43,1981.92,1923.65,1973.99,27.23198258,165.31529728659999
2018-11-14,801160,1974.0,1991.5,1962.18,1968.13,25.77882826,151.959121405
2018-11-15,801160,1969.6,1995.63,1969.59,1995.63,23.42655149,157.2892133727
2018-11-16,801160,1994.64,2012.02,1987.97,2004.24,24.82113519,161.6354318843
2018-11-19,801160,2010.35,2024.56,1989.31,2024.48,25.92053097,165.2396071499
2018-11-20,801160,2007.62,2013.57,1966.54,1966.54,25.29203975,155.9801205487
2018-11-21,801160,1946.2,1973.89,1942.98,1971.21,22.48463089,134.7670403399
2018-11-22,801160,1975.02,1979.54,1964.21,1967.34,18.07501057,111.4509669042
2018-11-23,801160,1963.88,1964.36,1893.9,1898.53,21.06992005,127.88083983940001
2018-11-26,801160,1898.19,1914.43,1893.26,1899.39,15.03498768,94.6473100383
2018-11-27,801160,1909.61,1913.35,1894.91,1903.74,13.51483567,82.4649364517
2018-11-28,801160,1904.25,1917.52,1882.42,1917.5,15.20151043,93.3328028203
2018-11-29,801160,1923.43,1926.12,1881.72,1881.72,16.28510574,97.0590441204
2018-11-30,801160,1879.32,1895.23,1864.55,1892.41,13.19102794,78.1761479989
2018-12-03,801160,1927.97,1948.01,1925.53,1939.99,17.44721077,109.3233503477
2018-12-04,801160,1939.09,1959.74,1932.91,1958.77,17.17693313,112.00398376940001
2018-12-05,801160,1928.45,1952.45,1925.19,1947.65,17.07933762,105.5881131141
2018-12-06,801160,1940.21,1941.75,1916.69,1919.7,14.30595616,92.22789089959998
2018-12-07,801160,1923.57,1934.34,1918.94,1934.34,12.08735942,75.4664713448
2018-12-10,801160,1923.72,1930.62,1911.52,1916.65,12.74536583,78.9953239128
2018-12-11,801160,1920.01,1922.87,1912.67,1921.88,12.14473312,71.401303998
2018-12-12,801160,1929.04,1936.35,1924.83,1931.71,11.40447769,71.2033050677
2018-12-13,801160,1936.26,1959.88,1929.56,1950.06,14.24267743,94.14591744319999
2018-12-14,801160,1949.28,1963.82,1927.11,1927.11,16.73694123,108.82829708540001
2018-12-17,801160,1923.78,1926.03,1902.68,1924.8,15.33154907,97.8791769969
2018-12-18,801160,1914.85,1929.12,1903.92,1919.27,14.08218668,87.80594768819999
2018-12-19,801160,1922.56,1924.36,1903.48,1904.01,12.82053334,77.8547911249
2018-12-20,801160,1900.37,1910.2,1891.85,1908.41,12.50817512,74.3740930304
2018-12-21,801160,1902.9,1909.24,1888.24,1899.3,11.26867954,68.3326209112
2018-12-24,801160,1895.17,1903.5,1889.84,1901.2,9.44502126,60.2924877778
2018-12-25,801160,1886.91,1887.53,1850.89,1882.27,13.22631079,79.7307685737
2018-12-26,801160,1881.09,1889.56,1877.36,1884.91,11.60669087,73.0094165987
2018-12-27,801160,1901.83,1905.16,1872.0,1872.0,12.99753889,78.6524451949
2018-12-28,801160,1873.57,1884.67,1867.1,1884.67,12.83804597,75.9910113034
2019-01-02,801160,1888.45,1888.45,1858.2,1864.45,10.93715964,66.8555321843
2019-01-03,801160,1861.3,1874.34,1852.16,1855.73,11.79570109,70.3406370428
2019-01-04,801160,1842.12,1879.86,1836.63,1879.77,14.25543634,84.54358999029999
2019-01-07,801160,1887.47,1899.38,1884.05,1899.38,14.37801132,84.1633466935
2019-01-08,801160,1896.11,1912.22,1891.66,1910.21,15.02352218,93.0018911599
2019-01-09,801160,1912.53,1928.23,1903.11,1903.11,16.76687344,106.33113611610001
2019-01-10,801160,1901.75,1911.39,1895.43,1898.05,14.55325133,88.5505090617
2019-01-11,801160,1896.35,1904.33,1887.09,1903.47,13.45114788,80.4797223838
2019-01-14,801160,1903.83,1906.31,1893.25,1895.88,13.21066564,84.21976876560001
2019-01-15,801160,1894.34,1905.64,1884.9,1905.63,14.9487305,89.0578924569
2019-01-16,801160,1903.63,1910.86,1903.37,1905.75,15.23227231,88.958080167
2019-01-17,801160,1904.76,1909.13,1893.92,1895.21,15.39639965,85.3203082091
2019-01-18,801160,1897.74,1909.11,1894.56,1908.94,14.32922487,81.1572341522
2019-01-21,801160,1911.18,1919.82,1910.86,1914.96,12.83292552,74.1784093157
2019-01-22,801160,1917.2,1917.2,1890.24,1894.38,11.83734624,68.6235179992
2019-01-23,801160,1891.83,1896.54,1885.57,1895.71,10.91292074,63.9560734817
2019-01-24,801160,1898.77,1903.32,1888.11,1897.15,12.88954377,76.89306793770001
2019-01-25,801160,1899.85,1903.08,1886.17,1886.17,14.87870158,88.29433783530001
2019-01-28,801160,1894.33,1898.68,1875.78,1877.64,14.29514031,81.5034726281
2019-01-29,801160,1874.7,1875.45,1842.2,1862.72,14.28522571,78.19089914199999
2019-01-30,801160,1857.23,1858.92,1837.29,1838.14,11.58210188,60.5144294713
2019-01-31,801160,1837.49,1850.84,1815.68,1820.97,14.51261114,77.0222558885
2019-02-01,801160,1826.92,1860.29,1826.5,1860.27,12.85551063,68.6044957183
2019-02-11,801160,1860.95,1896.4,1860.95,1895.77,14.68522551,80.5201965897
2019-02-12,801160,1898.83,1918.1,1898.78,1915.36,16.57107241,92.6736076125
2019-02-13,801160,1917.53,1940.51,1911.46,1937.85,19.54115434,114.0222745425
2019-02-14,801160,1938.52,1946.1,1933.4,1939.32,18.03795468,104.9770241488
2019-02-15,801160,1938.39,1958.94,1938.39,1945.82,20.60040029,117.0884734532
2019-02-18,801160,1954.99,1993.13,1954.87,1993.13,27.166088,160.3638936332
2019-02-19,801160,2001.17,2005.03,1975.8,1989.88,30.27724953,174.6093377772
2019-02-20,801160,1989.47,1990.13,1972.49,1990.13,22.4501593,133.470764752
2019-02-21,801160,1988.72,2004.34,1972.85,1976.87,26.82460551,166.0742085341
2019-02-22,801160,1973.17,2003.02,1971.17,2003.02,25.56170074,158.9386975627
2019-02-25,801160,2020.49,2092.63,2018.78,2092.62,45.3450771,287.2449160388
2019-02-26,801160,2100.14,2134.44,2081.59,2099.13,50.95635051,322.07128616330004
2019-02-27,801160,2094.4,2121.01,2083.67,2101.37,40.91692488,258.1280919357
2019-02-28,801160,2095.83,2111.95,2089.01,2097.75,31.05071959,198.329647218
2019-03-01,801160,2103.64,2109.6,2082.66,2109.6,29.918482,189.48152490349997
2019-03-04,801160,2117.31,2177.23,2117.18,2156.34,47.36198535,322.2790252
2019-03-05,801160,2155.96,2192.21,2151.01,2192.14,40.23151334,279.0274353864
2019-03-06,801160,2201.9,2236.05,2187.45,2235.94,53.11657893,353.2190727089
2019-03-07,801160,2237.56,2271.05,2224.63,2256.47,53.07551031,358.9553278715
2019-03-08,801160,2220.84,2232.24,2146.21,2147.11,54.07693965,361.1326743117
2019-03-11,801160,2151.02,2214.99,2151.01,2214.99,39.88335395,266.84480545959997
2019-03-12,801160,2232.37,2276.49,2223.72,2254.91,55.14109217,371.2289939372
2019-03-13,801160,2256.62,2256.62,2201.92,2213.11,46.49723771,337.6061413339
2019-03-14,801160,2202.98,2211.79,2148.36,2164.61,35.38947966,243.7090104206
2019-03-15,801160,2171.06,2204.11,2169.02,2186.2,31.94978844,218.99945546380002
2019-03-18,801160,2194.32,2231.17,2178.71,2231.17,31.39911531,222.7463363719
2019-03-19,801160,2238.51,2262.92,2236.95,2252.76,35.61378714,255.4988255021
2019-03-20,801160,2250.88,2256.48,2218.86,2256.48,36.3125595,264.1299785702
2019-03-21,801160,2263.14,2289.48,2259.95,2277.3,41.71796417,301.7434137363
2019-03-22,801160,2278.85,2290.86,2253.24,2290.48,38.69084537,289.3243276905
2019-03-25,801160,2259.97,2288.14,2251.89,2256.83,34.23814917,258.1288809852
2019-03-26,801160,2262.2,2267.98,2194.92,2200.18,30.94505081,221.5727567843
2019-03-27,801160,2208.53,2211.64,2177.75,2197.8,23.75151149,169.7544371635
2019-03-28,801160,2193.16,2206.78,2174.95,2176.05,21.97683896,158.7486622984
2019-03-29,801160,2174.84,2220.8,2159.09,2220.11,27.50414684,193.4489127816
2019-04-01,801160,2230.46,2279.15,2230.44,2277.16,36.76051804,267.08516773270003
2019-04-02,801160,2287.29,2294.02,2272.49,2279.09,35.01129301,260.2067120014
2019-04-03,801160,2269.9,2293.57,2265.35,2293.57,30.88923816,218.79216071029998
2019-04-04,801160,2300.64,2309.05,2287.83,2302.73,35.33913852,244.4994885207
2019-04-08,801160,2313.79,2321.93,2263.72,2292.71,37.06428038,268.1300287643
2019-04-09,801160,2292.9,2309.5,2281.86,2305.44,29.86063719,213.5959296134
2019-04-10,801160,2295.56,2318.2,2279.07,2304.22,32.27855662,230.84925272639998
2019-04-11,801160,2306.44,2313.97,2281.15,2287.24,35.32784783,227.18217676560002
2019-04-12,801160,2286.63,2314.07,2286.63,2312.29,35.3420474,224.11553384580003
2019-04-15,801160,2333.46,2335.6,2281.09,2281.09,35.86775287,241.6767395834
2019-04-16,801160,2274.49,2311.06,2255.04,2311.06,33.31834312,231.4067271418
2019-04-17,801160,2314.15,2329.88,2309.22,2320.96,35.32569356,252.7214401857
2019-04-18,801160,2316.86,2316.86,2300.04,2310.99,35.73696977,250.34974110139999
2019-04-19,801160,2308.11,2317.84,2289.87,2317.84,31.76859132,216.120029325
2019-04-22,801160,2319.5,2323.59,2296.48,2299.91,34.52676185,233.71371375009997
2019-04-23,801160,2301.6,2301.6,2274.65,2278.53,31.9355266,216.9635834373
2019-04-24,801160,2279.64,2293.16,2264.87,2293.16,30.34163542,205.07800341830003
2019-04-25,801160,2285.88,2285.9,2214.83,2215.17,34.41696039,228.09025586229998
2019-04-26,801160,2204.73,2206.57,2169.49,2169.49,27.81948501,171.7381575953
2019-04-29,801160,2167.32,2172.33,2120.35,2122.6,22.41547696,146.4060464593
2019-04-30,801160,2113.31,2154.91,2113.31,2146.88,19.30155651,120.3927925073
2019-05-06,801160,2103.05,2103.05,2014.33,2035.75,27.86464932,169.1815606741
2019-05-07,801160,2043.45,2062.59,2027.32,2053.86,21.57472011,126.78900883290001
2019-05-08,801160,2024.89,2058.18,2016.08,2034.84,20.72806546,120.5139342108
2019-05-09,801160,2021.93,2036.35,2017.89,2017.89,17.25211315,100.19838772969999
2019-05-10,801160,2030.33,2063.5,2004.27,2063.32,22.74077899,133.7130889965
2019-05-13,801160,2046.91,2057.78,2039.27,2047.84,16.95994562,103.0615842883
2019-05-14,801160,2024.68,2044.46,2024.68,2027.6,16.47141773,101.44052223690001
2019-05-15,801160,2037.35,2060.72,2037.09,2057.21,18.39186554,109.6883842489
2019-05-16,801160,2056.47,2070.49,2055.4,2070.49,18.98508353,115.22529312629999
2019-05-17,801160,2070.4,2070.4,1999.92,2006.5,21.06242428,127.13380910020001
2019-05-20,801160,2002.2,2005.06,1970.54,1991.47,15.39277393,90.5842912063
2019-05-21,801160,1991.25,2025.7,1988.61,2021.71,14.05882001,84.633599285
2019-05-22,801160,2022.79,2025.14,2004.7,2012.56,14.57294119,86.2570172483
2019-05-23,801160,2007.04,2010.21,1982.45,1984.89,14.53526655,84.2387871325
2019-05-24,801160,1983.64,1997.67,1982.6,1987.21,11.94142775,71.3754781785
2019-05-27,801160,1990.54,2022.76,1985.59,2019.23,15.45559838,92.1127497605
2019-05-28,801160,2022.58,2041.04,2016.06,2028.37,16.66757148,104.164685666
2019-05-29,801160,2022.07,2038.37,2018.66,2029.54,14.08504466,88.88928593440001
2019-05-30,801160,2025.32,2039.3,2018.55,2039.3,16.0964032,102.6778648813
2019-05-31,801160,2040.39,2055.84,2038.47,2047.91,17.15457493,109.0655270435
2019-06-03,801160,2046.68,2055.8,2027.89,2037.56,18.40948405,121.9697913983
2019-06-04,801160,2033.72,2034.57,2010.04,2015.79,14.66112624,97.8371884165
2019-06-05,801160,2027.69,2029.78,2014.73,2015.65,15.54914699,95.2975928629
2019-06-06,801160,2016.84,2016.84,1986.01,1989.38,14.76176824,91.8520617919
2019-06-10,801160,1994.85,2019.62,1989.32,2010.02,13.4892356,82.513935292
2019-06-11,801160,2012.02,2058.1,2011.45,2058.1,19.38560944,123.7629822097
2019-06-12,801160,2056.02,2061.79,2047.44,2049.55,16.74328724,111.87018138959999
2019-06-13,801160,2047.32,2056.03,2034.62,2048.52,16.70686101,105.60223204620002
2019-06-14,801160,2052.25,2055.55,2016.99,2019.62,17.57544495,108.8849229156
2019-06-17,801160,2021.37,2028.29,2013.86,2018.56,12.92476764,71.8029876075
2019-06-18,801160,2017.26,2023.37,2010.25,2018.56,12.3383027,70.7500809876
2019-06-19,801160,2050.12,2056.01,2041.42,2048.59,18.74097114,119.18008077469999
2019-06-20,801160,2056.24,2103.79,2056.14,2103.79,27.96570968,193.56251882439997
2019-06-21,801160,2120.32,2135.94,2120.19,2130.97,30.08623409,216.77980541
2019-06-24,801160,2139.46,2139.46,2114.24,2118.95,26.25914459,201.8502802839
2019-06-25,801160,2116.96,2116.96,2087.3,2103.83,28.92908737,201.3425541234
2019-06-26,801160,2093.79,2108.17,2088.48,2096.49,20.57742289,158.69644837040002
2019-06-27,801160,2097.88,2113.97,2092.32,2096.14,23.63625865,161.9893346616
2019-06-28,801160,2096.31,2101.78,2079.54,2091.7,26.6988947,182.76257125700002
2019-07-01,801160,2121.89,2130.58,2110.29,2126.17,30.44692501,211.4798499685
2019-07-02,801160,2120.55,2120.57,2104.74,2113.13,26.49551657,197.1250362244
2019-07-03,801160,2108.17,2124.87,2101.2,2124.87,25.65722755,189.55229023889999
2019-07-04,801160,2126.36,2143.06,2119.99,2128.38,26.60471004,195.9903758865
2019-07-05,801160,2124.14,2124.16,2109.95,2120.37,19.86458507,142.0468577953
2019-07-08,801160,2112.35,2112.44,2055.13,2061.16,22.93159919,151.5242351897
2019-07-09,801160,2062.17,2063.78,2039.85,2053.77,15.42001635,106.0171363298
2019-07-10,801160,2054.34,2054.35,2036.43,2042.07,12.95914473,86.2322676169
2019-07-11,801160,2048.73,2062.4,2035.33,2047.17,14.03678106,93.2361509493
2019-07-12,801160,2047.9,2054.07,2040.32,2045.8,11.60191114,76.2131403568
2019-07-15,801160,2044.1,2060.82,2016.45,2054.75,15.19048221,95.599810799
2019-07-16,801160,2054.23,2060.06,2051.72,2056.33,11.97088605,77.5101808766
2019-07-17,801160,2056.96,2056.96,2046.73,2048.59,12.20467736,77.6928760949
2019-07-18,801160,2031.83,2032.32,2015.96,2015.96,13.06233445,84.3591617599
2019-07-19,801160,2020.04,2043.03,2019.88,2032.33,12.9232033,76.9655497902
2019-07-22,801160,2032.54,2033.21,1993.99,2000.7,15.29750538,88.0653204311
2019-07-23,801160,2001.67,2016.9,2001.53,2016.67,11.00589813,61.822714374099995
2019-07-24,801160,2020.64,2034.21,2020.64,2027.23,12.36476287,71.9671745775
2019-07-25,801160,2022.55,2027.82,2017.74,2027.82,10.50159953,62.0668406744
2019-07-26,801160,2024.24,2036.87,2022.38,2036.54,10.22870722,60.033263498400004
2019-07-29,801160,2038.44,2049.4,2038.32,2042.76,10.62276069,62.6546408393
2019-07-30,801160,2041.77,2057.56,2041.6,2048.05,11.24220495,68.7793280021
2019-07-31,801160,2044.51,2044.62,2031.89,2040.78,10.68258845,64.96035052149999
2019-08-01,801160,2032.83,2041.46,2030.85,2038.6,11.15386884,64.8855312463
2019-08-02,801160,2011.21,2014.65,2002.39,2013.83,14.88267483,89.2020201502
2019-08-05,801160,2004.56,2015.87,1986.45,1986.45,12.93805946,79.7097890079
2019-08-06,801160,1956.97,1957.04,1920.16,1945.96,17.567011,101.1185348424
2019-08-07,801160,1953.06,1968.6,1950.15,1953.47,13.090811,74.4581778239
2019-08-08,801160,1959.75,1971.26,1959.47,1969.24,10.80313156,63.7639440444
2019-08-09,801160,1973.18,1973.63,1947.25,1949.65,11.73515546,65.9854078152
2019-08-12,801160,1948.85,1965.66,1948.21,1965.66,10.13622881,56.147157873599994
2019-08-13,801160,1957.81,1959.58,1952.4,1959.58,10.01541444,57.8631732112
2019-08-14,801160,1974.33,1978.23,1969.61,1971.08,10.94749836,65.0123216
2019-08-15,801160,1939.65,1974.29,1934.81,1974.29,12.38982143,72.57192970210001
2019-08-16,801160,1975.07,1984.66,1971.21,1978.6,10.93344511,64.9850944637
2019-08-19,801160,1989.78,2030.13,1989.52,2030.13,17.77159625,102.1937393993
2019-08-20,801160,2028.96,2037.19,2016.66,2016.66,16.6079241,97.81444803790001
2019-08-21,801160,2016.52,2022.91,2013.3,2021.05,15.4766196,92.6810896599
2019-08-22,801160,2026.75,2026.78,2009.39,2023.24,14.72348602,88.3518807084
2019-08-23,801160,2023.09,2028.81,2014.65,2019.77,16.66641743,93.2782141239
2019-08-26,801160,1990.31,2005.36,1986.1,2002.3,15.47091511,89.78396835209999
2019-08-27,801160,2010.96,2037.63,2010.79,2034.0,20.87081437,118.9535381886
2019-08-28,801160,2034.22,2034.63,2021.99,2027.93,17.04088686,91.08677531129999
2019-08-29,801160,2030.02,2030.02,2016.04,2016.67,16.21373782,89.39149197639999
2019-08-30,801160,2025.65,2026.8,1989.77,1991.73,18.37871139,103.5745931
2019-09-02,801160,1992.08,2014.37,1991.74,2009.74,16.73111899,98.11303060450001
2019-09-03,801160,2009.98,2017.36,2009.29,2017.36,15.31475323,90.5374743897
2019-09-04,801160,2016.53,2027.8,2010.36,2027.8,18.58141857,110.39210147280001
2019-09-05,801160,2031.77,2053.23,2031.75,2038.57,25.42227296,152.82543615379998
2019-09-06,801160,2041.38,2045.23,2034.27,2045.23,18.39523043,118.0290877079
2019-09-09,801160,2058.11,2062.69,2048.54,2062.69,19.20847529,124.4581837791
2019-09-10,801160,2064.24,2068.18,2057.49,2067.3,19.28260938,120.6098237085
2019-09-11,801160,2070.09,2071.76,2061.57,2064.71,18.98953673,116.3340901874
2019-09-12,801160,2066.99,2073.73,2058.73,2073.73,16.04471944,99.6039628848
2019-09-16,801160,2079.59,2084.88,2071.87,2078.5,17.69170855,109.4089975881
2019-09-17,801160,2076.39,2076.43,2038.57,2042.65,20.58400932,135.8888250622
2019-09-18,801160,2043.27,2050.13,2040.3,2042.02,14.2958078,96.5506489433
2019-09-19,801160,2045.93,2045.93,2029.04,2042.75,13.93980104,90.4125169834
2019-09-20,801160,2044.89,2052.71,2042.08,2052.01,14.86510119,97.3579047116
2019-09-23,801160,2050.18,2050.18,2021.98,2033.33,14.52871935,93.1619646191
2019-09-24,801160,2033.47,2047.91,2028.3,2036.51,12.99483143,83.2978114964
2019-09-25,801160,2032.48,2032.58,2004.66,2004.68,13.01047293,86.75196517180001
2019-09-26,801160,2010.66,2013.23,1984.13,1985.77,14.84058539,99.649317821
2019-09-27,801160,1987.01,1987.95,1977.95,1980.94,12.30699652,79.10573673520001
2019-09-30,801160,1979.07,1984.19,1968.31,1969.68,10.02588128,62.5643180059
2019-10-08,801160,1969.73,1987.91,1969.65,1984.7,10.15140819,68.3446510847
2019-10-09,801160,1978.03,1987.81,1971.68,1987.81,10.35918462,69.7908928403
2019-10-10,801160,1989.31,1999.24,1987.06,1999.24,11.19805243,78.7845487845
2019-10-11,801160,2002.92,2014.86,1999.64,2011.51,13.53380506,93.0594559979
2019-10-14,801160,2020.82,2033.29,2019.66,2030.16,17.89129234,120.3152643407
2019-10-15,801160,2027.82,2027.87,2013.58,2013.58,15.46822445,109.45254147530001
2019-10-16,801160,2014.7,2024.61,2007.36,2009.4,14.27739773,98.54681291989999
2019-10-17,801160,2010.03,2014.54,2002.34,2006.89,12.25192427,80.8817081553
2019-10-18,801160,2007.89,2014.1,1983.61,1990.03,15.77049172,100.08178796790001
2019-10-21,801160,1985.65,1985.81,1967.06,1976.84,14.01867899,84.1375247105
2019-10-22,801160,1978.58,1986.49,1969.77,1986.49,11.69557354,72.9784862993
2019-10-23,801160,1986.56,1988.89,1976.13,1980.71,11.89364165,74.0429212678
2019-10-24,801160,1980.3,1990.29,1975.39,1989.8,14.49472445,90.57211793379999
2019-10-25,801160,1989.27,1993.51,1975.38,1993.51,14.66614482,96.42098251469999
2019-10-28,801160,1991.64,2006.15,1991.64,2005.15,16.34943929,101.75235356030001
2019-10-29,801160,2007.82,2007.82,1986.51,1987.13,21.48419917,122.13043216879998
2019-10-30,801160,1983.56,1983.72,1974.11,1976.56,18.08890501,107.146710651
2019-10-31,801160,1977.58,1979.13,1964.67,1967.87,15.66822198,102.57643702709998
2019-11-01,801160,1963.77,1981.96,1960.49,1981.52,12.85328849,81.9951701036
2019-11-04,801160,1985.08,1988.77,1980.63,1987.1,15.11658531,102.1379949325
2019-11-05,801160,1987.07,1994.28,1978.78,1989.66,14.36274518,97.1579035182
2019-11-06,801160,1989.61,1989.61,1972.64,1978.06,12.4001565,82.8159533394
2019-11-07,801160,1976.92,1983.39,1972.73,1977.01,11.17818463,72.6514172324
2019-11-08,801160,1983.38,1986.48,1975.13,1976.28,11.7086182,79.9863545828
2019-11-11,801160,1970.7,1970.76,1938.72,1940.67,13.17695427,80.998347719
2019-11-12,801160,1939.0,1942.39,1928.28,1939.82,10.98348989,67.0980290574
2019-11-13,801160,1938.89,1939.14,1923.73,1928.99,9.16881457,57.7712766624
2019-11-14,801160,1928.57,1933.7,1922.74,1923.06,9.22512101,58.1271273934
2019-11-15,801160,1923.58,1923.65,1905.13,1905.13,10.96791218,70.462926798
2019-11-18,801160,1904.21,1917.47,1899.31,1917.37,10.18092894,61.0529929363
2019-11-19,801160,1916.8,1935.4,1915.31,1935.4,11.24059537,66.0472406297
2019-11-20,801160,1933.91,1934.89,1923.54,1924.37,10.24491158,63.9485606225
2019-11-21,801160,1921.41,1931.56,1917.9,1926.05,11.59379643,66.0655329001
2019-11-22,801160,1926.26,1939.18,1914.27,1920.93,13.15204343,75.67473329970001
2019-11-25,801160,1921.93,1939.12,1919.24,1939.12,12.21003678,67.85276235479999
2019-11-26,801160,1942.26,1946.57,1932.99,1938.92,13.28474145,76.2163900601
2019-11-27,801160,1935.03,1939.04,1929.22,1932.51,10.90067385,59.441892045100005
2019-11-28,801160,1931.73,1937.87,1925.01,1927.89,9.10787421,54.113021613
2019-11-29,801160,1927.68,1929.36,1918.36,1928.29,8.00080697,48.5976733905
2019-12-02,801160,1926.61,1933.56,1926.6,1927.76,9.47533785,53.8327079421
2019-12-03,801160,1925.99,1932.24,1920.0,1932.24,9.50381602,56.161933652600005
2019-12-04,801160,1928.42,1932.88,1925.59,1932.68,10.7415393,67.0116311047
2019-12-05,801160,1935.46,1942.12,1932.4,1938.4,10.89442376,66.3677406166
2019-12-06,801160,1941.14,1941.26,1930.84,1941.09,10.18563967,59.7496245596
2019-12-09,801160,1940.79,1946.3,1936.44,1946.3,10.69758562,61.5861429991
2019-12-10,801160,1942.88,1942.95,1934.88,1940.83,10.90041823,59.7590015324
2019-12-11,801160,1942.65,1942.65,1933.73,1939.05,11.3861254,64.2946349043
2019-12-12,801160,1936.7,1941.47,1935.16,1936.34,12.62776074,73.5760216315
2019-12-13,801160,1943.51,1960.44,1943.25,1954.39,14.39927762,87.78575901100001
2019-12-16,801160,1958.96,1976.14,1958.94,1976.09,15.55051338,90.1671470349
2019-12-17,801160,1976.66,1998.73,1974.84,1994.88,20.39861795,114.56364641280001
2019-12-18,801160,1995.79,1997.19,1981.53,1984.49,17.23499129,99.6474428434
2019-12-19,801160,1986.34,1998.38,1985.86,1997.15,17.09423586,102.34248804100001
2019-12-20,801160,1996.35,2002.55,1986.65,1987.15,17.43922334,103.8341799463
2019-12-23,801160,1985.15,1985.19,1953.95,1954.72,15.91055941,90.01261012709999
2019-12-24,801160,1956.28,1965.52,1953.32,1965.23,11.87309385,73.52550607319999
2019-12-25,801160,1964.61,1964.62,1953.02,1958.08,11.70856046,73.7577305983
2019-12-26,801160,1955.05,1966.91,1955.04,1966.91,11.09131129,70.2579459067
2019-12-27,801160,1966.6,1976.37,1961.9,1961.9,15.91548017,98.71822391149999
2019-12-30,801160,1957.2,1973.98,1944.32,1973.35,15.63958957,93.4730717477
2019-12-31,801160,1973.12,1981.16,1970.28,1981.16,13.49110263,76.5467905918
2020-01-02,801160,1991.29,2004.54,1991.28,2000.49,18.73283874,111.78727603780001
2020-01-03,801160,2003.1,2008.55,1999.84,2006.55,17.15596202,104.7147106873
2020-01-06,801160,2001.16,2013.4,1995.14,2005.92,24.72839678,147.7974686073
2020-01-07,801160,2008.83,2023.89,2008.82,2023.89,23.53393923,142.3204617974
2020-01-08,801160,2017.89,2017.89,1993.07,1996.13,27.36201394,145.406573649
2020-01-09,801160,2005.29,2011.76,2000.25,2010.72,20.50653331,113.5034088022
2020-01-10,801160,2012.01,2014.57,1995.99,2000.64,16.96435119,98.378905949
2020-01-13,801160,1998.46,2009.4,1985.15,2009.4,17.04578138,100.8789083672
2020-01-14,801160,2011.94,2031.79,2011.16,2026.14,23.99131912,154.4279224072
2020-01-15,801160,2023.76,2027.0,2009.84,2011.65,18.7180326,120.5270437263
2020-01-16,801160,2013.46,2013.5,1996.43,1997.7,15.35336645,98.2516593066
2020-01-17,801160,1998.34,2000.43,1980.0,1980.84,13.73671197,92.2662578069
2020-01-20,801160,1982.59,1988.98,1972.97,1988.98,13.9070737,86.6201142983
2020-01-21,801160,1986.13,1986.19,1966.19,1967.38,15.26641534,96.80162496870001
2020-01-22,801160,1963.11,1966.42,1939.49,1962.33,13.79418924,85.6539534297
2020-01-23,801160,1950.33,1950.43,1902.03,1909.41,18.17883815,106.30024244479999
2020-02-03,801160,1740.52,1759.99,1740.52,1758.05,14.75644465,80.186494848
2020-02-04,801160,1688.35,1766.08,1688.35,1761.53,26.896199,136.1959079644
2020-02-05,801160,1765.07,1802.82,1759.42,1786.51,20.44479123,109.8814468661
2020-02-06,801160,1795.85,1824.97,1780.06,1823.69,21.46802414,122.0247831901
2020-02-07,801160,1824.56,1864.08,1820.79,1864.08,26.3789666,163.2835940503
2020-02-10,801160,1864.88,1876.54,1856.86,1874.52,28.48371635,188.9989832288
2020-02-11,801160,1870.49,1871.43,1855.06,1855.62,21.19722352,132.3251471364
2020-02-12,801160,1853.62,1871.63,1850.46,1871.2,20.25876069,113.48579591229999
2020-02-13,801160,1869.17,1871.61,1850.29,1862.98,26.38625316,138.0897491657
2020-02-14,801160,1856.93,1865.93,1851.16,1858.68,19.37081333,109.180248709
2020-02-17,801160,1859.43,1895.37,1859.28,1895.37,23.9711562,139.1146910376
2020-02-18,801160,1895.39,1907.77,1890.5,1903.22,23.33223874,141.09320478450002
2020-02-19,801160,1900.12,1911.3,1897.71,1900.13,23.58655217,147.6636634379
2020-02-20,801160,1901.59,1922.1,1896.31,1922.01,25.25061405,145.4433857319
2020-02-21,801160,1920.33,1935.35,1918.04,1928.63,25.85111237,151.871391112
2020-02-24,801160,1923.91,1926.67,1909.7,1922.76,25.85274411,160.5794539387
2020-02-25,801160,1893.33,1897.33,1858.27,1894.47,30.35246042,176.3037853072
2020-02-26,801160,1874.73,1915.15,1871.98,1895.88,31.83807118,179.3152104427
2020-02-27,801160,1900.04,1921.63,1899.98,1920.93,32.28552922,194.9148148463
2020-02-28,801160,1884.72,1896.66,1857.64,1857.64,38.7276224,213.7810118577
2020-03-02,801160,1863.36,1924.48,1863.28,1918.49,31.8377451,189.24826655360002
2020-03-03,801160,1935.94,1945.12,1928.49,1936.21,36.55809485,230.42827385110002
2020-03-04,801160,1938.48,1961.89,1938.29,1959.82,33.10228608,222.3042249534
2020-03-05,801160,1973.44,1997.48,1969.78,1994.64,40.78697965,249.2042951046
2020-03-06,801160,1977.3,1985.41,1970.19,1976.59,31.45056996,189.5123864082
2020-03-09,801160,1953.38,1955.39,1931.18,1931.62,30.71775329,183.6400235831
2020-03-10,801160,1906.47,1953.45,1901.99,1953.45,28.90325509,172.0569560246
2020-03-11,801160,1960.26,1972.71,1948.93,1949.35,27.33042876,169.4760269451
2020-03-12,801160,1937.27,1939.22,1914.12,1925.61,26.26977497,169.7368721326
2020-03-13,801160,1850.76,1906.26,1849.46,1891.14,29.46420861,175.7188910514
2020-03-16,801160,1904.68,1906.78,1848.61,1848.61,27.3514578,164.5004713926
2020-03-17,801160,1845.83,1868.72,1815.72,1847.46,23.26753456,137.8340613902
2020-03-18,801160,1856.55,1870.31,1824.9,1824.9,22.02331237,142.0150814942
2020-03-19,801160,1818.19,1829.91,1782.85,1814.22,23.22490177,128.1967553982
2020-03-20,801160,1827.56,1844.7,1817.73,1839.77,19.76045877,113.82911515239999
2020-03-23,801160,1806.36,1831.59,1802.92,1805.17,19.80948184,113.368181685
2020-03-24,801160,1824.87,1836.89,1809.29,1835.91,19.19730373,113.7456278317
2020-03-25,801160,1861.08,1861.08,1844.98,1857.67,18.80198785,107.8580548897
2020-03-26,801160,1848.7,1848.78,1834.59,1835.72,15.02150822,87.6215744417
2020-03-27,801160,1847.85,1857.4,1838.73,1839.82,14.91151686,87.2236747998
2020-03-30,801160,1822.93,1829.48,1807.04,1823.59,15.70368222,90.6744985201
2020-03-31,801160,1834.88,1837.4,1824.77,1827.92,12.87659638,78.3519916939
2020-04-01,801160,1824.92,1835.14,1810.99,1812.61,13.08291829,72.6057893712
2020-04-02,801160,1804.01,1837.56,1804.01,1837.56,14.30286417,78.1994231112
2020-04-03,801160,1836.1,1836.1,1823.67,1829.06,13.39079974,76.631612711
2020-04-07,801160,1848.25,1861.45,1846.94,1860.33,17.49794447,100.43709869530001
2020-04-08,801160,1856.52,1867.46,1850.0,1865.34,15.409283,98.93702989309999
2020-04-09,801160,1870.68,1876.06,1869.05,1870.1,14.99678054,96.9390664346
2020-04-10,801160,1869.19,1869.25,1846.24,1850.03,15.16981874,90.977335986
2020-04-13,801160,1845.43,1846.62,1838.93,1844.79,12.84861621,73.1610114204
2020-04-14,801160,1847.85,1866.38,1847.63,1865.97,13.21702296,79.4100293084
2020-04-15,801160,1867.2,1871.84,1857.71,1858.13,14.63943324,87.8944495301
2020-04-16,801160,1852.2,1877.79,1851.6,1875.63,19.61374071,101.42030581709999
2020-04-17,801160,1877.49,1878.12,1865.14,1867.27,20.08181362,111.15870198520001
2020-04-20,801160,1868.69,1868.89,1861.62,1868.59,15.91602034,95.685863054
2020-04-21,801160,1864.57,1864.89,1849.1,1859.98,15.9280393,91.36973877450001
2020-04-22,801160,1853.55,1874.27,1849.66,1874.17,14.56618828,84.9604642169
2020-04-23,801160,1877.27,1877.84,1867.02,1869.39,16.89985641,98.729990659
2020-04-24,801160,1867.11,1867.25,1848.91,1853.06,15.28204977,89.4983809332
2020-04-27,801160,1854.58,1869.65,1854.58,1857.0,14.26729517,82.6563306919
2020-04-28,801160,1860.08,1860.7,1815.18,1840.78,18.7125677,106.48225538850001
2020-04-29,801160,1838.02,1845.55,1834.93,1839.0,14.43534914,83.7861382101
2020-04-30,801160,1842.66,1865.4,1842.49,1862.91,17.63869156,103.0819309526
2020-05-06,801160,1852.07,1874.8,1852.07,1873.27,17.2729459,109.7740030102
2020-05-07,801160,1871.1,1871.12,1860.39,1864.81,16.0099416,100.7888008058
2020-05-08,801160,1869.18,1877.36,1867.78,1872.93,16.6334865,99.9759338236
2020-05-11,801160,1876.25,1876.63,1863.68,1868.93,15.9155549,97.54395943909999
2020-05-12,801160,1870.62,1872.51,1856.42,1865.95,14.16780631,90.5224987394
2020-05-13,801160,1861.07,1868.96,1855.29,1868.54,14.26717635,88.1459396587
2020-05-14,801160,1865.12,1865.38,1851.74,1851.82,13.75191021,83.4379509498
2020-05-15,801160,1857.18,1860.03,1850.38,1853.01,14.66971524,84.0256025493
2020-05-18,801160,1856.99,1856.99,1846.34,1848.25,16.21973358,91.5000459217
2020-05-19,801160,1856.73,1857.83,1849.85,1851.42,13.79434928,83.9316287544
2020-05-20,801160,1850.84,1850.84,1835.81,1838.47,13.23427952,88.820246467
2020-05-21,801160,1840.15,1840.15,1820.71,1823.1,14.00695708,83.9003107282
2020-05-22,801160,1820.58,1820.58,1797.15,1802.07,15.13164337,88.2173244191
2020-05-25,801160,1804.91,1809.85,1796.31,1809.85,11.62605446,74.9104645177
2020-05-26,801160,1813.12,1823.73,1812.36,1823.09,14.39895233,99.1475555002
2020-05-27,801160,1823.24,1824.81,1818.02,1820.95,13.94887777,90.02738429200001
2020-05-28,801160,1823.34,1833.66,1814.05,1827.3,16.81644561,113.54090594569999
2020-05-29,801160,1824.65,1826.96,1818.47,1823.13,15.73332842,100.9158672541
2020-06-01,801160,1826.72,1856.08,1826.49,1856.08,20.98610751,120.47775570280001
2020-06-02,801160,1854.67,1866.61,1852.16,1866.61,18.90443921,109.494422643
2020-06-03,801160,1869.08,1870.38,1860.65,1861.59,16.09479651,95.2862144817
2020-06-04,801160,1866.04,1866.2,1853.21,1854.44,16.66735353,101.8687012281
2020-06-05,801160,1857.03,1857.04,1846.24,1854.53,14.50753779,89.7540868433
2020-06-08,801160,1857.39,1858.69,1848.09,1855.64,13.62389454,91.35462766709999
2020-06-09,801160,1856.14,1861.99,1851.9,1861.99,13.53665649,85.8678524821
2020-06-10,801160,1861.24,1861.24,1846.13,1847.85,13.00632587,79.6011868071
2020-06-11,801160,1847.24,1850.38,1833.16,1835.64,15.56028181,95.56175758059999
2020-06-12,801160,1810.67,1831.39,1809.37,1831.39,17.63309986,108.40944450319999
2020-06-15,801160,1826.14,1838.09,1821.54,1821.54,16.89399742,111.2879164217
2020-06-16,801160,1831.16,1844.94,1830.96,1844.94,14.03983349,95.592201004
2020-06-17,801160,1844.85,1855.65,1839.46,1854.83,14.15525932,98.958021409
2020-06-18,801160,1854.72,1868.56,1854.72,1866.52,17.0267059,107.57699525
2020-06-19,801160,1865.57,1868.28,1861.27,1865.04,15.17087545,100.1017570259
2020-06-22,801160,1868.49,1870.23,1861.0,1861.15,15.10796104,98.0498020759
2020-06-23,801160,1858.31,1867.66,1853.76,1863.42,13.89922653,90.1054848722
2020-06-24,801160,1869.23,1878.06,1869.21,1871.24,14.57345935,92.39274518200001
2020-06-29,801160,1869.48,1870.62,1860.45,1862.19,15.75352354,97.31451654690001
2020-06-30,801160,1868.73,1877.25,1868.67,1870.63,13.24368432,87.9150883367
2020-07-01,801160,1875.24,1888.02,1868.05,1888.02,17.70518065,98.8817832743
2020-07-02,801160,1887.35,1909.68,1885.13,1908.62,26.05292729,138.2949910608
2020-07-03,801160,1910.26,1928.23,1910.2,1928.19,29.22906486,154.8848088167
2020-07-06,801160,1938.29,1999.52,1938.29,1996.2,45.32483495,250.0414729027
2020-07-07,801160,2012.65,2021.72,1988.17,1988.17,44.35139312,258.4394978408
2020-07-08,801160,1987.32,2018.81,1986.21,2015.81,37.50668352,222.97905864830003
2020-07-09,801160,2018.64,2044.35,2015.22,2043.77,44.35934065,270.0389415985
2020-07-10,801160,2042.8,2056.24,2025.24,2026.66,40.86547407,259.4017506817
2020-07-13,801160,2033.24,2085.06,2033.24,2084.4,42.88995596,270.8995571406
2020-07-14,801160,2088.36,2097.53,2060.17,2088.88,42.92273977,286.8265282301
2020-07-15,801160,2096.5,2100.48,2057.39,2069.32,42.3894947,264.1022108896
2020-07-16,801160,2075.89,2094.83,2012.72,2012.72,43.74201839,287.69419936919996
2020-07-17,801160,2006.57,2034.53,2001.82,2018.64,34.61508021,241.0150536802
2020-07-20,801160,2030.86,2081.09,2028.23,2081.09,41.14849707,274.19988576080004
2020-07-21,801160,2082.45,2082.45,2055.17,2065.95,32.03965699,223.73677886709999
2020-07-22,801160,2060.35,2080.04,2048.42,2062.11,29.83950162,213.5707362006
2020-07-23,801160,2047.43,2053.84,2008.74,2045.82,35.58182659,219.6817683287
2020-07-24,801160,2040.35,2049.98,1972.22,1981.07,35.88155454,224.8354271654
2020-07-27,801160,1984.4,1991.95,1967.84,1986.03,28.11347702,157.76544057520002
2020-07-28,801160,1994.78,2009.17,1989.0,1999.35,23.28993234,145.25641162620002
2020-07-29,801160,1993.26,2022.37,1975.27,2022.37,26.36515837,156.5136567146
2020-07-30,801160,2024.37,2033.87,2018.37,2031.84,36.58034319,197.26705100680002
2020-07-31,801160,2034.87,2056.36,2020.92,2042.69,34.69917403,195.868500922
2020-08-03,801160,2055.13,2079.53,2055.04,2079.34,42.29160957,252.6614590981
2020-08-04,801160,2083.04,2091.7,2072.58,2084.78,43.67582665,262.3986645139
2020-08-05,801160,2080.75,2082.78,2059.11,2077.11,36.78477449,218.096427237
2020-08-06,801160,2077.06,2077.31,2046.81,2064.31,32.53026303,196.3298234583
2020-08-07,801160,2060.59,2060.71,2025.61,2042.72,29.16134689,178.5343325907
2020-08-10,801160,2039.72,2072.11,2038.77,2066.19,28.24008271,180.1975391044
2020-08-11,801160,2070.52,2073.82,2040.41,2041.77,29.98289753,188.1989236464
2020-08-12,801160,2035.54,2043.94,2009.65,2043.94,28.16987002,174.4025921331
2020-08-13,801160,2045.88,2066.32,2045.86,2060.48,31.44876573,173.5887643409
2020-08-14,801160,2055.77,2070.24,2041.39,2070.11,27.21134203,159.0349757419
2020-08-17,801160,2072.94,2095.56,2072.09,2094.54,29.27561407,189.30265065
2020-08-18,801160,2095.14,2103.26,2092.52,2100.11,28.49558481,194.140225652
2020-08-19,801160,2100.09,2150.22,2089.21,2127.97,48.34402486,281.9554898058
2020-08-20,801160,2120.1,2127.6,2101.58,2108.21,41.64513826,242.1879776661
2020-08-21,801160,2114.88,2124.8,2106.25,2115.94,33.59556865,202.6925897955
2020-08-24,801160,2119.67,2121.97,2106.68,2113.52,27.57321578,178.6571735103
2020-08-25,801160,2116.21,2116.22,2094.21,2098.49,34.20054724,198.42792215580002
2020-08-26,801160,2102.45,2129.67,2093.44,2103.75,38.69140357,259.3441912379
2020-08-27,801160,2104.67,2104.67,2081.2,2099.19,33.33574789,222.9724158027
2020-08-28,801160,2094.07,2103.75,2080.07,2103.51,29.82871995,193.7048729468
2020-08-31,801160,2104.77,2119.39,2104.77,2105.77,28.61506097,192.1574392857
2020-09-01,801160,2105.27,2114.63,2092.06,2114.62,25.55178529,176.3531467866
2020-09-02,801160,2117.33,2134.76,2104.31,2125.24,33.20668792,238.5403036298
2020-09-03,801160,2129.36,2145.48,2112.95,2117.42,31.72722654,210.1530328003
2020-09-04,801160,2090.47,2110.34,2084.01,2108.97,26.13544052,168.8452858443
2020-09-07,801160,2108.67,2121.34,2084.39,2088.31,30.43758291,204.2571843403
2020-09-08,801160,2091.63,2132.1,2090.76,2131.57,35.91639845,235.17827267209998
2020-09-09,801160,2113.77,2133.67,2095.1,2095.32,42.92831648,271.8261698201
2020-09-10,801160,2101.78,2101.78,2033.77,2038.22,34.87712052,209.98227488770002
2020-09-11,801160,2029.22,2061.04,2029.22,2058.99,22.61504517,137.7860283325
2020-09-14,801160,2064.75,2093.82,2063.23,2093.3,28.34754582,186.985885928
2020-09-15,801160,2095.57,2095.58,2073.14,2081.94,22.12539174,151.8307931055
2020-09-16,801160,2084.02,2084.04,2067.13,2076.64,21.80471982,141.19341193
2020-09-17,801160,2074.41,2079.95,2058.93,2068.82,19.92479647,134.9015245
2020-09-18,801160,2073.08,2092.87,2067.06,2092.72,22.00540178,140.14031166
2020-09-21,801160,2094.53,2094.53,2075.4,2076.65,20.32313025,123.99527379
2020-09-22,801160,2066.7,2073.44,2046.2,2048.78,20.19400807,119.34983104
2020-09-23,801160,2057.87,2059.88,2048.57,2054.48,17.66266915,116.99194656
2020-09-24,801160,2045.11,2045.27,2002.07,2002.07,21.62211647,142.2799616
2020-09-25,801160,2008.57,2008.57,1977.67,1986.02,15.64307882,104.64669132
2020-09-28,801160,1990.78,1998.39,1979.7,1980.2,13.70882495,92.38285128
2020-09-29,801160,1987.27,1997.53,1983.65,1987.03,14.35131884,89.15723703
2020-09-30,801160,1990.44,1991.81,1968.68,1979.64,14.78478779,86.95777907
2020-10-09,801160,2001.63,2021.65,2001.44,2015.47,20.40081098,118.22849643
2020-10-12,801160,2021.15,2058.03,2020.13,2056.65,27.69966834,172.7112026
2020-10-13,801160,2057.42,2057.43,2041.65,2055.78,21.52984467,137.79900617
2020-10-14,801160,2058.13,2058.13,2041.8,2045.11,23.40084078,150.51642949
2020-10-15,801160,2043.72,2046.18,2029.32,2036.47,22.69642704,136.91069559
2020-10-16,801160,2035.68,2052.18,2035.59,2045.08,22.86692796,157.36498407
2020-10-19,801160,2048.25,2056.79,2026.57,2029.51,21.46971921,142.45545433
2020-10-20,801160,2025.56,2040.36,2019.98,2040.36,18.60204105,125.43526558
2020-10-21,801160,2038.94,2038.97,2015.79,2022.24,19.24430622,134.53285134
2020-10-22,801160,2016.86,2016.98,2004.54,2010.78,15.27989625,107.48112141
2020-10-23,801160,2009.57,2015.64,1988.38,1989.07,15.11713755,105.732364
2020-10-26,801160,1987.67,1999.1,1978.31,1996.92,13.07270694,91.04371897
2020-10-27,801160,1988.88,1996.78,1982.92,1993.08,13.62842411,103.73066458
2020-10-28,801160,1993.27,1998.13,1981.62,1996.24,15.80316737,116.81415898
2020-10-29,801160,1977.49,1993.78,1975.53,1983.24,17.39353556,118.9606988
2020-10-30,801160,1986.04,1988.49,1950.8,1952.89,20.38640428,137.93491444
2020-11-02,801160,1955.32,1971.62,1955.31,1969.83,18.87649319,123.93659443
2020-11-03,801160,1977.45,1998.63,1971.98,1994.93,17.3345396,113.78850138
2020-11-04,801160,1994.29,1994.29,1972.33,1984.79,15.68297587,103.74201248
2020-11-05,801160,1994.61,2015.78,1993.87,2015.49,17.64780685,115.13648038
2020-11-06,801160,2015.57,2015.58,2001.8,2010.84,18.07468559,113.38805777
2020-11-09,801160,2012.98,2035.28,2012.97,2032.77,22.27311302,146.1419171
2020-11-10,801160,2036.01,2040.6,2018.9,2027.78,22.04365104,151.75717159
2020-11-11,801160,2026.63,2043.49,2022.06,2034.29,21.09399964,143.26323831
2020-11-12,801160,2036.19,2038.12,2024.89,2028.74,18.10306481,115.76123684
2020-11-13,801160,2027.25,2027.31,2005.4,2018.7,17.17747829,109.8713392
2020-11-16,801160,2022.35,2030.94,2015.57,2030.94,22.30600598,138.78614725
2020-11-17,801160,2029.8,2030.64,2012.14,2018.34,23.61155053,147.6957587
2020-11-18,801160,2017.83,2031.52,2015.62,2023.12,20.35672061,126.54454064
2020-11-19,801160,2023.04,2023.36,2011.95,2021.09,18.71974524,116.07345883
2020-11-20,801160,2019.47,2027.3,2011.14,2027.3,17.99355377,116.22364275
2020-11-23,801160,2029.27,2046.26,2022.06,2040.27,24.31849622,151.76200272
2020-11-24,801160,2038.87,2038.93,2030.43,2032.35,18.5238505,117.56584551
2020-11-25,801160,2036.6,2044.65,2016.96,2016.96,24.00018371,139.50676599
2020-11-26,801160,2018.22,2048.36,2016.97,2047.72,30.12173757,160.24030335
2020-11-27,801160,2045.92,2045.94,2021.12,2041.01,25.00234206,133.96733681
2020-11-30,801160,2037.8,2054.33,2024.76,2024.76,25.10610458,136.89111118
2020-12-01,801160,2024.47,2042.03,2017.53,2037.9,20.09007362,113.66310586
2020-12-02,801160,2042.8,2042.87,2030.46,2032.74,19.88156055,111.49064846
2020-12-03,801160,2033.68,2035.47,2024.39,2034.42,18.96603375,117.49768408
2020-12-04,801160,2033.09,2033.1,2020.26,2030.7,19.19642589,107.03439805
2020-12-07,801160,2030.22,2030.22,2012.51,2016.06,22.70500812,123.96127331
2020-12-08,801160,2017.15,2017.16,2007.64,2008.07,18.89193298,99.93801387
2020-12-09,801160,2008.46,2012.92,1986.49,1986.49,22.08266672,124.53808878
2020-12-10,801160,1982.62,1988.86,1976.0,1982.55,21.48075844,118.32416997
2020-12-11,801160,1983.6,1983.67,1944.88,1957.84,24.20829898,130.11556721
2020-12-14,801160,1958.34,1968.43,1954.86,1966.26,21.35948965,111.06142928
2020-12-15,801160,1964.6,1964.65,1953.82,1963.46,20.90494469,109.19967518
2020-12-16,801160,1965.97,1968.69,1957.56,1960.56,25.90069555,128.06765696
2020-12-17,801160,1958.55,1976.55,1943.91,1974.91,29.15840937,145.04607239
2020-12-18,801160,1982.56,2005.37,1980.37,1983.28,35.22152518,188.18675883
2020-12-21,801160,1984.39,1994.44,1975.83,1988.72,32.07287715,175.56801651
2020-12-22,801160,1986.07,1988.1,1944.19,1946.21,32.68457392,185.12411734
2020-12-23,801160,1946.76,1970.0,1946.7,1969.54,38.03204072,197.99428444
2020-12-24,801160,1975.19,1975.19,1951.92,1958.05,40.15375587,221.7251411
2020-12-25,801160,1956.15,2031.78,1956.15,2017.37,57.25191779,308.5607992
2020-12-28,801160,2034.11,2035.01,2010.13,2024.02,65.3968124,363.90570031
2020-12-29,801160,2023.28,2023.28,1984.04,1986.09,51.73055274,290.94670622
2020-12-30,801160,1982.79,2004.38,1982.79,1990.76,45.19533682,265.66908089
2020-12-31,801160,1994.39,2009.3,1992.08,2000.65,49.33670903,287.74888003
