日期,index_code,open,high,low,close,volume,amount
2014-01-02,801140,1624.02,1641.97,1623.95,1641.97,4.08322703,43.135003127299996
2014-01-03,801140,1641.01,1644.8,1631.13,1638.41,4.34332876,45.9021976103
2014-01-06,801140,1636.36,1637.46,1603.61,1605.0,4.97625301,54.8715751025
2014-01-07,801140,1594.52,1614.47,1590.64,1611.9,3.61428787,40.0228504684
2014-01-08,801140,1613.21,1632.78,1612.65,1624.17,5.05370365,53.930627691400005
2014-01-09,801140,1623.23,1628.68,1598.91,1599.71,4.91815969,51.644378823500006
2014-01-10,801140,1597.28,1599.57,1575.2,1583.93,4.55972144,48.01500490229999
2014-01-13,801140,1580.54,1592.02,1571.88,1581.2,4.02989239,41.1522327979
2014-01-14,801140,1577.75,1623.88,1560.09,1611.72,4.01899173,38.9159627452
2014-01-15,801140,1611.37,1617.69,1605.12,1617.69,3.85166387,42.364306856
2014-01-16,801140,1619.07,1635.47,1616.26,1627.28,4.30358111,46.5160650211
2014-01-17,801140,1625.89,1626.8,1615.32,1618.15,4.19086029,47.1007439396
2014-01-20,801140,1615.78,1629.29,1613.89,1626.75,4.30255915,51.227298007399995
2014-01-21,801140,1626.45,1658.67,1626.41,1658.67,4.85793883,61.4737796068
2014-01-22,801140,1659.63,1694.46,1657.61,1694.35,5.67327323,70.3681023395
2014-01-23,801140,1697.22,1716.33,1697.16,1712.7,5.57521132,70.266644652
2014-01-24,801140,1709.21,1738.87,1705.48,1738.37,6.22062356,73.2861859153
2014-01-27,801140,1729.16,1747.55,1724.03,1729.84,5.72702148,67.87259899979999
2014-01-28,801140,1727.17,1740.13,1710.58,1721.46,4.71489839,59.265486663699996
2014-01-29,801140,1725.48,1753.18,1724.98,1750.0,5.17168872,62.915153851099994
2014-01-30,801140,1749.24,1754.92,1739.64,1743.69,4.28620656,55.23705962
2014-02-07,801140,1734.03,1770.96,1731.45,1770.96,4.42592453,53.527664038400005
2014-02-10,801140,1771.36,1828.59,1771.29,1828.59,7.80420629,94.5037009209
2014-02-11,801140,1829.68,1839.08,1800.26,1830.41,8.01789227,101.5940342375
2014-02-12,801140,1827.43,1848.63,1814.97,1848.63,7.57729745,88.35199703059999
2014-02-13,801140,1844.72,1851.19,1813.24,1813.47,8.24038785,102.69642161610001
2014-02-14,801140,1806.31,1839.15,1805.9,1836.27,7.02528506,84.8038814099
2014-02-17,801140,1840.36,1875.47,1840.36,1875.47,8.39372423,97.221993272
2014-02-18,801140,1875.96,1886.96,1869.8,1881.91,7.85850165,91.9211283817
2014-02-19,801140,1877.5,1883.94,1865.39,1874.75,7.74630724,94.2641218092
2014-02-20,801140,1874.76,1878.17,1839.96,1846.99,7.41003298,87.8902267213
2014-02-21,801140,1841.89,1853.46,1825.64,1842.15,5.92684388,72.8522410648
2014-02-24,801140,1835.7,1849.44,1821.82,1849.44,5.73727764,69.679083973
2014-02-25,801140,1854.8,1861.23,1770.66,1780.07,8.08139929,93.21458671549999
2014-02-26,801140,1757.48,1787.76,1734.34,1787.76,6.63036684,67.32937549260001
2014-02-27,801140,1793.07,1819.0,1770.17,1771.94,6.65270387,75.8814020358
2014-02-28,801140,1764.89,1779.33,1741.46,1779.33,5.35788895,59.2500769227
2014-03-03,801140,1774.57,1806.38,1774.57,1806.38,5.75072708,60.789681197700006
2014-03-04,801140,1800.99,1817.05,1793.76,1812.22,5.6228514,66.8376841265
2014-03-05,801140,1818.03,1819.87,1802.2,1805.43,6.26547185,68.5363118159
2014-03-06,801140,1798.85,1809.87,1785.89,1807.72,6.12930708,61.614489684700004
2014-03-07,801140,1808.49,1817.04,1791.91,1801.01,5.28580653,58.9418296084
2014-03-10,801140,1783.98,1784.23,1718.27,1721.7,5.52926883,56.719972636899996
2014-03-11,801140,1709.57,1732.13,1693.56,1710.11,3.903322,41.4861395147
2014-03-12,801140,1706.44,1715.41,1679.05,1704.07,3.90748248,39.5614492268
2014-03-13,801140,1703.97,1726.08,1703.15,1723.7,3.28959248,33.3412510739
2014-03-14,801140,1718.63,1731.29,1712.75,1724.44,3.29681583,34.660190905
2014-03-17,801140,1725.96,1763.54,1725.96,1763.23,4.00916214,39.2534660275
2014-03-18,801140,1763.48,1786.65,1762.65,1782.31,4.88397493,46.390935434700005
2014-03-19,801140,1778.83,1783.81,1770.9,1783.13,4.7654519,44.7626732441
2014-03-20,801140,1782.19,1794.49,1737.81,1737.94,5.7045709,54.8616104232
2014-03-21,801140,1731.01,1768.93,1717.47,1768.86,5.9245551,55.0270670247
2014-03-24,801140,1765.39,1781.81,1762.45,1774.24,5.50825924,50.3049328221
2014-03-25,801140,1768.06,1782.65,1762.95,1780.99,5.32162586,47.90722677390001
2014-03-26,801140,1779.8,1785.73,1773.71,1781.68,4.41924322,41.8466551284
2014-03-27,801140,1781.21,1781.21,1748.64,1748.7,4.94060367,47.599978205
2014-03-28,801140,1743.32,1751.39,1706.34,1709.24,6.31922261,55.2112030181
2014-03-31,801140,1709.64,1718.1,1693.63,1701.58,3.77220871,36.1782179871
2014-04-01,801140,1698.0,1729.51,1694.06,1729.51,3.97565596,36.5253207716
2014-04-02,801140,1727.75,1733.84,1716.67,1724.08,4.14866743,38.5190623033
2014-04-03,801140,1722.82,1741.83,1719.56,1736.52,4.41907831,44.4293226624
2014-04-04,801140,1733.6,1754.44,1731.18,1754.28,4.22915568,42.5852298011
2014-04-08,801140,1746.39,1758.21,1739.56,1758.21,4.29418013,41.297807073499996
2014-04-09,801140,1754.13,1774.24,1753.91,1773.94,4.87908892,49.52846308229999
2014-04-10,801140,1772.4,1792.45,1772.19,1782.15,5.89117124,59.335781116199996
2014-04-11,801140,1774.86,1778.18,1766.42,1775.79,4.28598289,46.995077448500005
2014-04-14,801140,1773.86,1779.76,1770.2,1777.87,3.98101686,42.8007565711
2014-04-15,801140,1776.1,1778.86,1762.26,1765.94,5.23493875,54.0849208388
2014-04-16,801140,1759.23,1776.92,1757.24,1772.49,4.57675247,53.4900596772
2014-04-17,801140,1772.95,1777.56,1765.21,1766.09,4.09899641,44.071833005100004
2014-04-18,801140,1762.52,1774.05,1759.03,1773.6,4.21984693,42.7997216666
2014-04-21,801140,1762.96,1772.48,1747.81,1748.84,4.48790064,49.6325754239
2014-04-22,801140,1743.76,1753.02,1722.82,1747.23,4.57223507,47.1461921375
2014-04-23,801140,1743.15,1753.57,1736.75,1741.66,3.8784414,39.814118056999995
2014-04-24,801140,1738.34,1743.02,1723.15,1726.59,4.35353299,43.861949905299994
2014-04-25,801140,1725.89,1729.45,1690.17,1690.17,4.3921772,46.1293877678
2014-04-28,801140,1684.9,1685.02,1637.13,1639.09,4.29571061,43.1912126259
2014-04-29,801140,1637.57,1661.82,1637.57,1661.54,3.24629894,33.7413601802
2014-04-30,801140,1660.7,1682.07,1657.13,1677.29,3.06138279,33.6291094287
2014-05-05,801140,1676.21,1704.06,1675.52,1704.06,3.45770667,34.4852474538
2014-05-06,801140,1703.28,1725.09,1702.75,1721.27,4.25150893,44.019791347200005
2014-05-07,801140,1715.9,1717.93,1687.52,1688.16,4.30791996,42.1953095868
2014-05-08,801140,1682.68,1703.74,1676.82,1682.31,3.97624626,37.7017163238
2014-05-09,801140,1679.78,1681.12,1648.97,1665.37,3.65943481,36.763671926
2014-05-12,801140,1672.45,1700.7,1666.95,1700.67,4.32472949,41.8742707299
2014-05-13,801140,1697.38,1706.68,1691.64,1697.52,3.75799018,37.453923216199996
2014-05-14,801140,1697.08,1704.78,1696.39,1701.92,2.89059165,31.9993377721
2014-05-15,801140,1701.67,1701.93,1671.41,1672.24,3.42303988,39.2855551287
2014-05-16,801140,1665.93,1677.62,1653.64,1677.62,3.30197066,37.0136960457
2014-05-19,801140,1673.54,1674.34,1663.78,1673.98,3.20634074,40.066364676599996
2014-05-20,801140,1679.04,1691.87,1678.61,1682.77,3.57148215,46.285105924300005
2014-05-21,801140,1681.67,1687.83,1668.51,1686.76,3.1467836,39.9177319328
2014-05-22,801140,1682.72,1697.77,1677.54,1678.92,3.71624768,42.2148472321
2014-05-23,801140,1675.91,1691.49,1675.71,1691.49,3.12573346,39.174164942800004
2014-05-26,801140,1692.07,1717.23,1691.72,1717.23,4.00131579,47.790239397600004
2014-05-27,801140,1715.2,1718.8,1710.88,1713.37,3.51985667,45.877631535
2014-05-28,801140,1711.67,1722.64,1702.8,1722.64,3.56867613,39.2230308011
2014-05-29,801140,1721.39,1723.01,1691.5,1691.5,4.16935824,49.6075422941
2014-05-30,801140,1688.82,1694.9,1678.33,1691.87,3.25735516,33.106283508400004
2014-06-03,801140,1692.2,1697.27,1687.43,1687.65,2.97396145,31.378282338600002
2014-06-04,801140,1685.93,1686.4,1658.08,1670.57,2.93404172,31.2535691623
2014-06-05,801140,1669.17,1691.95,1668.29,1691.95,2.86211693,33.4908386559
2014-06-06,801140,1692.02,1693.42,1681.43,1689.66,3.01348812,30.605441195700003
2014-06-09,801140,1687.17,1701.13,1683.94,1688.44,3.03470464,34.468204519400004
2014-06-10,801140,1687.54,1701.35,1676.13,1701.34,3.36087951,36.9954570273
2014-06-11,801140,1701.31,1705.82,1696.43,1705.33,3.69960565,34.8722908185
2014-06-12,801140,1701.31,1707.93,1698.46,1699.44,3.69688396,37.7739994635
2014-06-13,801140,1698.87,1717.72,1697.94,1717.72,4.96473111,42.0437521082
2014-06-16,801140,1717.83,1727.33,1716.81,1726.11,4.91950616,40.5450679461
2014-06-17,801140,1725.2,1725.27,1712.77,1713.44,5.64479141,40.5578156917
2014-06-18,801140,1714.05,1719.27,1702.49,1704.21,3.80762728,34.5257516936
2014-06-19,801140,1702.5,1709.42,1653.22,1661.49,5.76154578,43.4811693479
2014-06-20,801140,1662.2,1675.1,1656.99,1675.1,4.59654931,32.538553316
2014-06-23,801140,1679.18,1691.33,1679.18,1687.47,5.2337651,37.114340345100004
2014-06-24,801140,1691.9,1706.64,1691.47,1706.64,5.76388761,44.8953142955
2014-06-25,801140,1703.78,1703.96,1687.69,1693.32,6.32761232,48.8613021955
2014-06-26,801140,1692.62,1718.31,1692.32,1715.49,6.70417576,52.802175089799995
2014-06-27,801140,1717.54,1747.75,1717.54,1742.37,10.00766939,71.4219894295
2014-06-30,801140,1742.23,1755.95,1740.21,1755.95,8.93242866,66.1660512639
2014-07-01,801140,1754.86,1766.18,1748.51,1765.99,9.61464686,69.0610581177
2014-07-02,801140,1764.35,1768.87,1755.61,1768.67,6.8557296,59.676328490100005
2014-07-03,801140,1764.96,1775.89,1761.98,1773.63,9.65973957,70.5997180889
2014-07-04,801140,1770.39,1783.76,1768.37,1778.8,8.08809178,62.0227714143
2014-07-07,801140,1778.61,1778.73,1763.75,1774.62,7.67511123,57.4814314573
2014-07-08,801140,1771.13,1780.98,1760.55,1779.53,6.55644667,50.9056447403
2014-07-09,801140,1775.78,1783.53,1759.24,1759.24,7.33214996,55.6276293542
2014-07-10,801140,1756.57,1770.08,1756.27,1762.36,5.64431568,42.2216618389
2014-07-11,801140,1761.67,1776.8,1761.51,1774.01,5.65638524,44.340830329300005
2014-07-14,801140,1778.76,1793.31,1775.07,1793.31,6.21295312,48.638273410100005
2014-07-15,801140,1794.02,1797.38,1780.9,1790.78,7.75346523,54.435041176800006
2014-07-16,801140,1790.7,1793.92,1778.32,1780.85,7.77345669,58.4964104297
2014-07-17,801140,1778.95,1781.92,1762.6,1772.68,6.11696972,44.877826945900004
2014-07-18,801140,1768.0,1785.04,1766.17,1777.03,5.03952273,36.760314400700004
2014-07-21,801140,1778.94,1779.65,1761.45,1766.7,5.0509269,36.00570357
2014-07-22,801140,1764.4,1789.08,1764.4,1788.01,5.61051941,40.7367670968
2014-07-23,801140,1793.93,1793.93,1765.09,1770.89,6.38340252,46.8624079762
2014-07-24,801140,1768.63,1771.4,1745.41,1757.53,6.63057498,47.209450116000006
2014-07-25,801140,1759.1,1771.58,1759.1,1771.58,5.13486001,37.8380026442
2014-07-28,801140,1779.61,1803.85,1779.61,1802.78,8.60476882,63.9562427842
2014-07-29,801140,1802.9,1822.47,1801.43,1820.39,8.76753807,65.6882298387
2014-07-30,801140,1815.9,1828.86,1811.74,1826.25,7.48662708,58.872627058599996
2014-07-31,801140,1828.31,1844.98,1827.45,1844.86,6.78509833,57.171366908500005
2014-08-01,801140,1838.31,1850.84,1825.17,1827.69,7.34905642,62.661593573999994
2014-08-04,801140,1827.81,1851.87,1827.81,1851.87,6.4383347,57.135973876099996
2014-08-05,801140,1854.98,1864.63,1846.84,1864.63,7.72819794,62.5962132328
2014-08-06,801140,1858.32,1873.73,1851.32,1870.62,8.84925808,65.9187877341
2014-08-07,801140,1867.08,1872.67,1850.66,1851.93,7.18610884,61.102863445699995
2014-08-08,801140,1852.34,1867.1,1852.29,1863.37,6.44468126,50.4730328748
2014-08-11,801140,1864.56,1890.93,1864.06,1890.93,7.88116221,66.189702474
2014-08-12,801140,1890.77,1901.59,1885.87,1901.59,9.76475039,75.1040257855
2014-08-13,801140,1901.74,1901.9,1876.33,1896.9,7.77696157,64.1952394039
2014-08-14,801140,1893.09,1904.47,1886.14,1887.07,8.43446179,72.5540741942
2014-08-15,801140,1887.09,1910.71,1883.21,1909.95,7.13894031,67.2285045781
2014-08-18,801140,1911.96,1941.01,1911.92,1941.01,8.53406955,84.4372730323
2014-08-19,801140,1940.75,1945.99,1930.29,1941.82,8.77589974,81.64536782430001
2014-08-20,801140,1939.21,1950.85,1936.3,1943.2,7.80453097,67.2369545963
2014-08-21,801140,1941.69,1944.1,1917.19,1939.39,7.35547055,65.8411674512
2014-08-22,801140,1936.57,1949.89,1931.64,1948.41,6.65775051,61.445771585699994
2014-08-25,801140,1948.73,1950.86,1930.17,1939.29,6.64402505,61.577608744799996
2014-08-26,801140,1934.26,1941.27,1905.45,1911.69,9.3096359,69.8348613863
2014-08-27,801140,1908.83,1930.78,1908.83,1930.78,9.9127657,65.8101127591
2014-08-28,801140,1931.07,1934.4,1904.51,1905.72,9.02995046,69.4775640365
2014-08-29,801140,1901.2,1922.33,1900.47,1922.33,6.0292432,49.625423320799996
2014-09-01,801140,1922.19,1950.62,1921.65,1950.37,6.57355584,57.3708547074
2014-09-02,801140,1955.65,1977.54,1955.61,1977.34,9.26696706,76.7381095134
2014-09-03,801140,1980.84,1989.82,1973.49,1987.88,9.93871246,90.24863881620001
2014-09-04,801140,1990.2,2009.94,1985.01,2008.65,10.40669265,93.53546260600001
2014-09-05,801140,2010.43,2024.93,2003.67,2024.93,10.15300226,90.2844412449
2014-09-09,801140,2025.47,2035.48,2012.22,2035.48,8.71991773,75.1793527287
2014-09-10,801140,2031.85,2047.89,2020.61,2046.58,9.19906566,89.1289963799
2014-09-11,801140,2046.48,2069.02,2029.61,2041.51,11.49985809,106.0986141307
2014-09-12,801140,2042.12,2075.07,2040.82,2075.07,9.44001369,85.2514836523
2014-09-15,801140,2074.11,2093.11,2069.1,2091.52,10.36653339,94.00169840870001
2014-09-16,801140,2093.28,2102.91,2030.27,2032.02,16.95911977,131.53781805010001
2014-09-17,801140,2026.09,2038.6,2004.79,2036.57,10.73412725,83.4860582184
2014-09-18,801140,2033.11,2046.13,2026.43,2044.93,8.24278078,65.985272112
2014-09-19,801140,2045.1,2067.72,2040.74,2067.61,7.87792365,67.7116134358
2014-09-22,801140,2067.89,2067.89,2035.28,2040.19,7.70898521,67.3459336343
2014-09-23,801140,2037.0,2067.08,2037.0,2067.08,9.10496402,72.2486875533
2014-09-24,801140,2063.9,2095.66,2059.51,2095.66,11.98925275,91.6936313085
2014-09-25,801140,2100.51,2111.82,2089.41,2096.07,12.0144518,100.29741542549999
2014-09-26,801140,2090.16,2107.42,2084.43,2107.42,11.6005525,85.2936315618
2014-09-29,801140,2115.19,2129.41,2115.15,2129.1,10.43497261,93.3438527035
2014-09-30,801140,2133.81,2143.48,2126.82,2141.23,9.13328331,79.53312871850001
2014-10-08,801140,2145.02,2169.33,2141.0,2169.33,9.42732109,83.6273987128
2014-10-09,801140,2174.77,2193.59,2162.18,2193.59,12.41286268,107.82606863219999
2014-10-10,801140,2188.62,2193.43,2167.39,2183.39,10.01108948,90.8532552036
2014-10-13,801140,2176.8,2177.59,2148.71,2177.45,9.85467061,90.22729617719999
2014-10-14,801140,2175.55,2185.52,2153.47,2168.32,8.71480548,84.3918397859
2014-10-15,801140,2171.66,2176.72,2145.56,2172.25,8.12873574,73.4761626175
2014-10-16,801140,2169.59,2188.74,2157.08,2157.08,11.35317843,99.7023874615
2014-10-17,801140,2152.78,2162.56,2097.36,2140.32,10.13671694,93.2637692879
2014-10-20,801140,2139.43,2159.18,2133.61,2159.07,7.25835101,68.11206961239999
2014-10-21,801140,2159.71,2171.04,2147.14,2149.05,7.67364524,70.6606211223
2014-10-22,801140,2143.32,2151.31,2115.23,2115.23,6.75612373,64.5089155964
2014-10-23,801140,2109.25,2114.89,2061.24,2063.39,7.47268708,69.8039536412
2014-10-24,801140,2060.84,2075.9,2054.32,2060.74,5.21891448,48.896264586499996
2014-10-27,801140,2055.05,2071.32,2043.99,2070.51,4.84208383,42.75345416
2014-10-28,801140,2075.19,2124.74,2074.65,2124.57,7.21086182,67.6093460275
2014-10-29,801140,2132.97,2156.33,2126.0,2153.01,8.95219734,81.4525715434
2014-10-30,801140,2159.78,2170.89,2154.82,2162.35,9.36430266,88.6675167449
2014-10-31,801140,2162.26,2174.95,2147.94,2164.85,9.07178793,85.207533965
2014-11-03,801140,2164.64,2185.91,2164.55,2184.06,8.94894635,81.5946583621
2014-11-04,801140,2182.68,2188.29,2169.95,2180.76,10.39094095,87.7131223425
2014-11-05,801140,2177.17,2178.44,2162.73,2171.49,8.95597805,75.1055186643
2014-11-06,801140,2170.4,2181.79,2157.75,2181.26,8.03811565,75.1968489498
2014-11-07,801140,2179.34,2190.26,2152.29,2159.88,8.89515269,84.3847521459
2014-11-10,801140,2160.21,2177.87,2154.13,2177.87,7.64140592,68.976998119
2014-11-11,801140,2182.22,2182.22,2091.3,2107.54,10.07485802,90.60347389709999
2014-11-12,801140,2106.59,2145.26,2101.25,2145.26,6.56144648,61.0157513187
2014-11-13,801140,2147.62,2147.75,2107.16,2120.14,7.94194818,76.1834573533
2014-11-14,801140,2114.9,2120.74,2104.17,2120.6,6.07655275,59.6425188948
2014-11-17,801140,2122.28,2146.34,2112.29,2139.45,5.77331534,58.843740414799996
2014-11-18,801140,2137.56,2147.83,2135.23,2147.83,5.76392661,65.2399374922
2014-11-19,801140,2146.74,2166.67,2146.23,2166.67,6.21985498,68.4081931601
2014-11-20,801140,2160.16,2170.64,2156.36,2169.66,6.9781653,71.84038980449999
2014-11-21,801140,2169.49,2184.77,2165.34,2184.77,7.20178944,72.8668911628
2014-11-24,801140,2198.21,2205.77,2189.01,2201.02,9.59128249,94.0361627965
2014-11-25,801140,2200.2,2235.78,2196.89,2235.78,10.7133063,111.85754271649999
2014-11-26,801140,2233.46,2237.6,2218.24,2235.41,10.61400076,107.2457036184
2014-11-27,801140,2241.2,2259.32,2239.94,2257.62,10.85104509,104.9244651459
2014-11-28,801140,2260.37,2266.17,2237.1,2257.65,11.03963605,108.3643089267
2014-12-01,801140,2253.72,2253.72,2217.3,2228.62,11.52719538,107.24268401139999
2014-12-02,801140,2228.88,2255.63,2228.72,2250.3,10.56470013,93.1870439595
2014-12-03,801140,2253.29,2270.95,2234.06,2270.56,13.96853417,124.4573347042
2014-12-04,801140,2272.34,2303.18,2272.31,2303.18,14.01393431,126.91069928120001
2014-12-05,801140,2305.51,2305.51,2188.87,2233.54,15.68843031,139.5958950453
2014-12-08,801140,2229.49,2234.91,2211.36,2227.66,11.68936365,101.6713221381
2014-12-09,801140,2218.74,2219.0,2141.21,2144.08,16.9083577,132.9734004791
2014-12-10,801140,2139.57,2201.3,2133.99,2201.13,11.58947726,84.8500263544
2014-12-11,801140,2197.19,2245.61,2185.22,2245.61,13.47565386,93.3481432088
2014-12-12,801140,2240.66,2255.08,2237.19,2255.08,13.07174353,98.88168485950001
2014-12-15,801140,2245.82,2291.18,2241.82,2289.14,13.61409742,110.1353476505
2014-12-16,801140,2288.22,2288.22,2257.13,2273.24,12.46456909,95.9910607819
2014-12-17,801140,2264.33,2264.34,2220.32,2239.51,13.8439346,105.01502901719999
2014-12-18,801140,2233.19,2245.72,2224.93,2226.76,9.6267511,80.35120374739999
2014-12-19,801140,2220.41,2220.71,2170.01,2196.52,10.84006909,86.85980386840001
2014-12-22,801140,2188.88,2188.88,2088.75,2094.59,14.27943706,102.8999681412
2014-12-23,801140,2084.27,2106.95,2072.81,2076.11,8.38965311,61.998580499300004
2014-12-24,801140,2082.75,2122.24,2081.47,2122.13,7.37803405,57.1218769879
2014-12-25,801140,2124.15,2143.92,2123.81,2143.92,6.55974434,53.0331740056
2014-12-26,801140,2141.78,2150.28,2133.35,2150.28,7.07626814,56.169974572700006
2014-12-29,801140,2150.7,2151.5,2104.65,2114.56,8.01771982,65.3649560249
2014-12-30,801140,2117.11,2119.17,2080.27,2083.75,7.64746774,60.5299902347
2014-12-31,801140,2080.81,2096.05,2070.25,2096.03,6.23202364,51.0086837194
2015-01-05,801140,2096.68,2120.67,2080.26,2119.34,9.12137644,69.1178872348
2015-01-06,801140,2110.13,2150.17,2098.66,2150.17,9.99222148,84.9646548061
2015-01-07,801140,2146.54,2166.76,2142.67,2164.55,10.32212874,83.97980192680001
2015-01-08,801140,2165.75,2174.53,2147.69,2161.37,8.77639556,77.6553089281
2015-01-09,801140,2156.76,2176.35,2146.37,2147.17,7.06083727,67.04104457
2015-01-12,801140,2136.41,2136.44,2110.56,2120.31,6.53280323,55.2294324249
2015-01-13,801140,2121.43,2155.55,2121.23,2152.45,5.84880156,58.833519680600006
2015-01-14,801140,2154.93,2162.18,2134.32,2141.55,5.68313291,56.7284962327
2015-01-15,801140,2140.36,2160.77,2140.34,2160.7,5.26739997,49.674155131099994
2015-01-16,801140,2163.04,2182.1,2159.47,2182.1,5.87726443,58.9981264224
2015-01-19,801140,2143.89,2188.13,2106.74,2131.3,8.95142734,84.3343717402
2015-01-20,801140,2140.42,2210.07,2139.22,2210.07,8.76076175,84.40573784680001
2015-01-21,801140,2220.71,2262.42,2220.59,2261.31,12.27148742,122.1983234652
2015-01-22,801140,2253.31,2276.68,2249.71,2276.68,10.3008128,100.5662310162
2015-01-23,801140,2269.74,2272.71,2252.31,2262.47,9.65096976,92.0945902748
2015-01-26,801140,2258.36,2299.85,2258.36,2299.85,10.33196109,101.9017323035
2015-01-27,801140,2302.36,2312.93,2272.8,2311.28,12.13343705,120.50185522209999
2015-01-28,801140,2300.7,2326.33,2289.62,2306.17,10.33507394,102.9591011266
2015-01-29,801140,2291.37,2314.32,2284.0,2305.67,8.70515561,85.78360278779999
2015-01-30,801140,2305.63,2315.28,2280.7,2280.7,8.18410899,81.5195379968
2015-02-02,801140,2257.11,2286.89,2248.39,2275.72,7.57669437,74.307861671
2015-02-03,801140,2282.92,2323.68,2282.67,2323.68,8.23589232,85.5123280272
2015-02-04,801140,2332.39,2334.98,2319.53,2321.73,8.33863402,87.0535712201
2015-02-05,801140,2335.95,2351.07,2327.08,2328.48,9.17696277,99.48430367540001
2015-02-06,801140,2322.77,2323.41,2279.34,2289.65,7.98743582,88.2303547816
2015-02-09,801140,2279.48,2286.5,2253.98,2256.73,6.2090451,66.3475285356
2015-02-10,801140,2250.44,2271.76,2242.85,2271.76,5.19501101,58.7535113909
2015-02-11,801140,2275.52,2303.82,2274.32,2303.82,5.80256071,65.3110355253
2015-02-12,801140,2315.2,2333.76,2314.94,2331.99,6.93385332,72.5049302338
2015-02-13,801140,2345.6,2374.85,2345.45,2365.79,8.6574896,93.1757178712
2015-02-16,801140,2376.04,2404.04,2375.0,2404.04,9.39720343,95.9532042157
2015-02-17,801140,2410.86,2424.71,2395.2,2423.29,9.15077149,93.7937266516
2015-02-25,801140,2417.53,2449.62,2412.24,2439.68,9.11559724,100.84970062149999
2015-02-26,801140,2433.71,2451.07,2429.11,2451.07,9.68334315,98.15258137040001
2015-02-27,801140,2446.34,2468.36,2446.34,2467.06,10.19442399,101.43308879790001
2015-03-02,801140,2473.21,2515.53,2464.24,2515.53,13.00852835,135.32848069
2015-03-03,801140,2513.57,2547.06,2502.4,2522.14,17.24306484,173.18865704110002
2015-03-04,801140,2522.54,2571.96,2520.47,2571.96,13.66268007,154.8974455763
2015-03-05,801140,2571.36,2578.5,2553.96,2578.27,12.89758104,143.911625825
2015-03-06,801140,2578.3,2583.57,2543.21,2543.21,12.88772696,140.31237707190002
2015-03-09,801140,2534.36,2592.17,2523.82,2592.17,11.76479688,127.57487926469999
2015-03-10,801140,2590.64,2630.28,2589.36,2626.19,11.16264497,132.327337455
2015-03-11,801140,2625.29,2632.07,2613.08,2619.84,11.39132077,134.5304729654
2015-03-12,801140,2623.14,2623.14,2591.55,2606.07,13.368013,137.1018188691
2015-03-13,801140,2608.89,2646.45,2608.69,2646.45,10.40671202,119.85283183790001
2015-03-16,801140,2668.19,2738.69,2668.03,2738.69,15.65572253,178.4133024349
2015-03-17,801140,2757.98,2793.15,2745.92,2779.55,22.28613994,213.2451350968
2015-03-18,801140,2788.06,2834.02,2788.06,2833.97,21.50873141,225.6116945053
2015-03-19,801140,2829.18,2851.68,2808.07,2848.05,18.16939382,190.2772260925
2015-03-20,801140,2848.36,2890.88,2848.24,2882.2,16.94306716,180.7426423002
2015-03-23,801140,2891.15,2963.7,2891.01,2963.7,19.78490514,218.3479574889
2015-03-24,801140,2977.87,2982.75,2870.94,2973.09,24.43710933,254.6115615861
2015-03-25,801140,2969.62,3009.8,2944.16,2991.89,18.78720409,212.6692014079
2015-03-26,801140,2988.53,3015.52,2941.78,2964.33,17.62550085,200.4820690505
2015-03-27,801140,2969.73,3017.21,2964.07,3017.21,14.44130268,170.6634540169
2015-03-30,801140,3018.01,3039.02,3017.62,3034.78,15.78415264,180.89720948689998
2015-03-31,801140,3038.83,3060.03,3010.11,3038.02,15.74114909,192.63893666380002
2015-04-01,801140,3036.74,3100.8,3036.31,3098.43,14.41258995,182.6650357023
2015-04-02,801140,3112.51,3183.72,3112.51,3183.55,18.57380699,230.91622634080002
2015-04-03,801140,3185.3,3265.39,3168.64,3265.04,18.68662127,236.02220962529998
2015-04-07,801140,3280.47,3335.6,3276.93,3335.6,20.97249815,270.9622436556
2015-04-08,801140,3349.03,3357.38,3249.17,3307.98,22.58055908,280.7752206537
2015-04-09,801140,3308.62,3308.62,3145.04,3262.14,19.28265839,241.7401497111
2015-04-10,801140,3248.42,3341.39,3234.11,3333.51,17.2799428,221.00793806240003
2015-04-13,801140,3347.47,3427.83,3347.47,3420.81,21.11853426,263.4270714741
2015-04-14,801140,3424.06,3441.18,3379.2,3405.29,20.37691491,254.8085019911
2015-04-15,801140,3391.24,3391.24,3273.49,3280.91,16.8950368,204.1952273706
2015-04-16,801140,3237.93,3329.46,3184.46,3306.35,13.51074553,165.0851876946
2015-04-17,801140,3321.21,3349.56,3306.62,3321.54,15.91197118,197.97844186900002
2015-04-20,801140,3311.07,3330.88,3242.81,3247.29,18.83940942,224.49832791880002
2015-04-21,801140,3247.71,3373.74,3247.71,3373.74,16.19065963,187.1966629266
2015-04-22,801140,3395.89,3480.6,3395.89,3480.36,19.96946328,234.8680926879
2015-04-23,801140,3495.18,3536.84,3466.96,3511.14,19.83869375,241.9870335009
2015-04-24,801140,3482.3,3540.79,3449.77,3534.49,18.647175,236.66769347169998
2015-04-27,801140,3559.23,3606.42,3538.0,3558.34,18.43388684,249.6359390326
2015-04-28,801140,3572.6,3577.26,3456.88,3492.79,18.0829982,235.3713486766
2015-04-29,801140,3488.92,3599.53,3476.01,3594.51,15.52628811,207.1335571969
2015-04-30,801140,3614.52,3643.97,3601.72,3608.9,13.74027797,198.8560898736
2015-05-04,801140,3620.83,3648.94,3593.18,3644.14,13.52963683,190.63204309740001
2015-05-05,801140,3646.8,3655.02,3542.93,3560.26,16.59455196,219.8615631232
2015-05-06,801140,3571.51,3645.93,3522.8,3550.94,14.48670988,200.17179603009998
2015-05-07,801140,3534.0,3549.82,3454.37,3463.53,12.8133023,169.8914631133
2015-05-08,801140,3501.35,3608.23,3497.39,3608.23,13.25967641,190.6968766261
2015-05-11,801140,3653.11,3785.82,3646.72,3785.82,16.67574601,258.722188941
2015-05-12,801140,3818.13,3903.9,3807.99,3903.9,18.05633523,278.87528345009997
2015-05-13,801140,3908.98,4006.2,3869.94,3975.88,19.5170905,321.6118989253
2015-05-14,801140,3983.44,4031.78,3974.79,4023.57,16.34938362,268.5760366037
2015-05-15,801140,4025.89,4039.68,3956.45,4010.12,17.07636811,267.5238376182
2015-05-18,801140,4008.27,4114.34,3997.01,4108.9,16.64984375,269.6821662031
2015-05-19,801140,4129.66,4210.32,4111.32,4208.24,17.44217342,287.2171080139
2015-05-20,801140,4242.41,4382.48,4242.04,4329.4,19.86753938,328.122700361
2015-05-21,801140,4361.55,4482.0,4347.98,4482.0,19.95973637,330.9872381965
2015-05-22,801140,4546.28,4589.39,4463.39,4575.52,24.23079146,373.15157996930003
2015-05-25,801140,4572.93,4685.27,4528.62,4676.17,26.15693318,385.59479699940005
2015-05-26,801140,4718.93,4815.92,4679.18,4813.5,24.43144693,382.45145532339995
2015-05-27,801140,4843.6,4885.43,4743.57,4876.41,24.33215525,401.308425801
2015-05-28,801140,4896.69,4963.81,4618.62,4618.62,30.36819574,471.1790995608
2015-05-29,801140,4583.92,4756.89,4388.62,4687.52,26.13840157,449.82629263260003
2015-06-01,801140,4706.06,4880.33,4706.06,4879.93,23.67166284,391.93397024480004
2015-06-02,801140,4890.82,5110.93,4883.78,5110.61,26.20434679,441.724313952
2015-06-03,801140,5131.46,5190.93,5001.44,5141.13,25.21465034,459.2394175247
2015-06-04,801140,5134.62,5135.11,4821.74,5076.23,21.70315197,375.20776439480005
2015-06-05,801140,5148.73,5200.28,5020.52,5146.41,23.72344483,423.91318884120005
2015-06-08,801140,5134.1,5134.1,4993.97,5054.68,21.49382278,389.1819737359
2015-06-09,801140,5032.84,5073.91,4985.93,5039.31,16.25042637,295.880246298
2015-06-10,801140,5039.88,5227.46,4983.89,5185.5,22.31810915,383.6978888098
2015-06-11,801140,5197.27,5309.31,4802.95,5308.81,21.20686892,392.96110357690003
2015-06-12,801140,5331.58,5435.85,5322.66,5405.92,24.85602962,441.9625001243
2015-06-15,801140,5417.23,5429.59,5303.01,5346.8,24.42859011,421.45417788379996
2015-06-16,801140,5297.65,5297.94,5140.12,5190.93,22.93832246,382.29807897589995
2015-06-17,801140,5182.7,5281.34,5018.04,5267.46,24.72284243,371.5661792406
2015-06-18,801140,5265.18,5295.64,5121.67,5131.58,17.75452438,282.5141778475
2015-06-19,801140,5007.4,5043.2,4824.33,4836.5,15.35695799,250.8390728371
2015-06-23,801140,4806.65,4859.22,4577.91,4805.22,17.35227446,248.62474942740002
2015-06-24,801140,4848.69,4916.76,4786.56,4909.43,19.31351814,293.4952290651
2015-06-25,801140,4926.73,4953.43,4734.21,4786.42,17.67402314,301.5242215063
2015-06-26,801140,4639.01,4642.64,4454.16,4455.97,14.94528594,216.2695224966
2015-06-29,801140,4505.42,4519.04,4145.4,4167.78,18.49518092,245.7024735118
2015-06-30,801140,4058.78,4299.33,3910.28,4295.98,22.71257233,288.9869858024
2015-07-01,801140,4260.74,4380.46,4089.32,4098.22,19.35010142,260.4419394321
2015-07-02,801140,4043.29,4075.34,3867.24,3877.49,16.66984438,213.1530986957
2015-07-03,801140,3755.44,3881.04,3669.64,3710.19,14.9548146,170.5562387317
2015-07-06,801140,3870.85,3870.85,3527.79,3584.04,20.03478418,216.7863656557
2015-07-07,801140,3462.72,3476.59,3408.08,3409.11,8.17417243,70.3736224563
2015-07-08,801140,3322.17,3363.11,3319.53,3357.09,7.36799315,93.7656173489
2015-07-09,801140,3307.91,3433.55,3307.91,3432.7,11.01462512,100.88046020649999
2015-07-10,801140,3475.02,3518.48,3471.22,3517.61,7.6630045,73.82651468729999
2015-07-13,801140,3589.58,3641.7,3575.8,3640.08,11.01808285,173.0441774119
2015-07-14,801140,3682.92,3738.04,3659.8,3691.84,14.04561607,204.0568018207
2015-07-16,801140,3454.54,3641.14,3415.14,3581.77,18.04394415,234.5605303865
2015-07-17,801140,3585.78,3743.21,3573.61,3724.95,17.26360947,240.6140478199
2015-07-20,801140,3726.73,3806.2,3691.35,3759.87,18.75935363,264.507753034
2015-07-21,801140,3725.92,3851.37,3691.11,3844.19,16.19660794,238.3343462042
2015-07-22,801140,3860.94,3904.2,3805.08,3888.11,17.14010245,256.5911007149
2015-07-23,801140,3892.77,3998.6,3884.43,3987.49,17.04665235,259.5277952436
2015-07-24,801140,4010.33,4071.34,3947.08,3980.87,19.97782677,308.3159915453
2015-07-27,801140,3918.22,4009.65,3756.65,3756.65,24.41190433,321.0437764693
2015-07-28,801140,3593.08,3772.24,3544.84,3654.8,21.00747331,271.1268573201
2015-07-29,801140,3691.54,3766.64,3559.81,3766.37,17.37681669,222.40776224119998
2015-07-30,801140,3753.61,3816.48,3661.88,3674.47,18.04593306,245.7092978709
2015-07-31,801140,3616.96,3693.55,3575.23,3618.97,13.26250082,200.393171928
2015-08-03,801140,3587.66,3604.33,3474.29,3509.75,13.48116871,180.0574509431
2015-08-04,801140,3525.32,3655.93,3506.17,3655.93,14.9286587,209.2934878971
2015-08-05,801140,3649.24,3697.16,3606.8,3640.01,15.56346733,211.9722351639
2015-08-06,801140,3579.47,3656.27,3565.52,3630.21,10.38365011,150.5842462727
2015-08-07,801140,3658.7,3732.03,3658.58,3730.28,14.19849789,191.4881117561
2015-08-10,801140,3759.46,3888.07,3729.45,3875.16,18.86993276,247.172630845
2015-08-11,801140,3878.05,3960.0,3864.37,3921.18,22.74732325,280.3021391359
2015-08-12,801140,3884.48,3931.32,3864.29,3871.22,19.60352517,249.26208269580002
2015-08-13,801140,3852.87,3938.47,3827.89,3938.47,17.00708419,220.6159579978
2015-08-14,801140,3960.29,4005.42,3943.81,3971.11,18.82795983,250.3915543171
2015-08-17,801140,3983.4,4029.2,3944.99,4028.17,20.36684051,275.3725990959
2015-08-18,801140,4045.09,4055.67,3803.14,3821.26,22.72399242,314.828529366
2015-08-19,801140,3696.09,3932.83,3651.25,3904.33,20.85919475,271.7889728706
2015-08-20,801140,3883.96,3944.95,3815.81,3823.0,18.26237202,248.8633796987
2015-08-21,801140,3761.51,3796.43,3638.93,3658.37,16.14211376,212.1651294262
2015-08-24,801140,3513.38,3533.4,3429.23,3434.02,8.97823098,103.55802993190001
2015-08-25,801140,3237.67,3316.3,3232.96,3253.59,11.61318177,139.96755551479998
2015-08-26,801140,3237.2,3327.89,3136.96,3187.98,18.29680039,201.744758763
2015-08-27,801140,3220.91,3258.83,3133.99,3255.29,15.13821287,173.1520411228
2015-08-28,801140,3291.51,3399.18,3269.7,3397.46,17.1046121,202.80745620099998
2015-08-31,801140,3373.99,3373.99,3272.49,3273.53,12.66491194,149.546791101
2015-09-01,801140,3239.5,3239.5,3125.41,3137.43,11.1419868,115.0267808165
2015-09-07,801140,3095.34,3165.99,3084.3,3105.53,10.62055715,121.4731145401
2015-09-08,801140,3080.33,3204.63,3064.97,3203.38,11.22101135,130.4358700993
2015-09-09,801140,3218.94,3289.53,3207.09,3286.8,16.85199418,200.1876139703
2015-09-10,801140,3245.54,3286.51,3230.3,3240.67,11.44345495,142.5301301025
2015-09-11,801140,3235.59,3269.48,3215.01,3265.82,11.46142937,127.2401029716
2015-09-14,801140,3267.55,3278.25,3084.75,3103.3,13.48272635,142.089826486
2015-09-15,801140,3023.17,3069.06,2964.43,2973.02,10.11893155,100.3713779023
2015-09-16,801140,2973.28,3123.01,2971.25,3113.85,12.90027512,126.2782149566
2015-09-17,801140,3099.19,3167.69,3065.09,3065.22,15.45934345,166.11180630200002
2015-09-18,801140,3067.08,3096.28,3039.27,3084.84,10.14415785,106.9753775125
2015-09-21,801140,3053.54,3170.31,3048.5,3167.14,11.33618007,130.2443880017
2015-09-22,801140,3174.11,3218.19,3160.69,3199.01,14.03754587,166.9052905282
2015-09-23,801140,3155.78,3216.72,3147.79,3189.7,15.34006862,169.7972427449
2015-09-24,801140,3193.89,3220.32,3174.84,3211.36,15.13882265,162.5800014843
2015-09-25,801140,3201.71,3221.94,3114.95,3131.64,14.42851955,154.0886874503
2015-09-28,801140,3139.11,3186.83,3108.77,3184.68,11.00215053,120.4646264765
2015-09-29,801140,3147.38,3183.8,3139.27,3157.94,12.92492259,127.22029360149999
2015-09-30,801140,3166.58,3182.02,3144.58,3166.12,9.66445973,102.30669687940001
2015-10-08,801140,3229.59,3273.75,3215.26,3265.9,13.58614792,151.9954906686
2015-10-09,801140,3259.47,3295.2,3251.17,3286.02,12.70350272,140.2794882412
2015-10-12,801140,3296.67,3412.79,3296.67,3402.14,18.55072377,211.7664270544
2015-10-13,801140,3387.56,3443.69,3376.73,3434.55,15.92131894,185.6114654861
2015-10-14,801140,3421.45,3438.09,3392.28,3402.61,14.73929527,176.9154746623
2015-10-15,801140,3389.17,3486.82,3389.07,3486.22,16.62157381,196.4607432059
2015-10-16,801140,3503.78,3541.13,3466.95,3536.7,20.40181897,242.5779984539
2015-10-19,801140,3541.91,3568.74,3509.99,3559.25,19.40852628,244.3856765425
2015-10-20,801140,3552.97,3601.78,3539.88,3601.7,16.60324503,208.68359514189999
2015-10-21,801140,3594.97,3617.96,3413.75,3427.3,21.08563212,264.5531940991
2015-10-22,801140,3418.51,3525.25,3415.89,3523.1,16.04781973,199.7766856171
2015-10-23,801140,3535.13,3610.51,3524.16,3594.0,18.39002965,236.7343066363
2015-10-26,801140,3627.37,3633.35,3566.95,3604.01,19.4846478,262.9363313468
2015-10-27,801140,3579.36,3623.5,3482.99,3609.58,17.00244454,227.1968032667
2015-10-28,801140,3592.18,3632.95,3542.6,3559.09,17.8090901,248.1793410543
2015-10-29,801140,3564.89,3601.39,3526.97,3577.57,13.83932486,189.7000628431
2015-10-30,801140,3565.74,3593.68,3519.68,3549.52,14.33574411,196.60717110619998
2015-11-02,801140,3471.95,3567.87,3456.24,3496.6,15.56912908,208.8690212421
2015-11-03,801140,3499.5,3526.09,3462.76,3507.14,13.54685417,186.12795940200002
2015-11-04,801140,3520.72,3641.35,3520.27,3641.34,18.71996535,244.0411684252
2015-11-05,801140,3645.63,3675.1,3609.46,3632.76,22.29463913,277.7503186814
2015-11-06,801140,3634.48,3706.67,3632.49,3703.47,19.31295254,256.3980479971
2015-11-09,801140,3690.44,3755.47,3663.29,3742.02,21.40612036,287.309617912
2015-11-10,801140,3743.37,3787.25,3722.9,3770.34,22.72813791,311.3447055524
2015-11-11,801140,3766.96,3834.35,3762.21,3834.35,20.69502432,283.015864546
2015-11-12,801140,3856.75,3877.08,3805.57,3848.42,21.27515472,313.3304885298
2015-11-13,801140,3826.03,3831.96,3741.66,3781.54,20.74418288,298.8116869336
2015-11-16,801140,3715.49,3846.28,3712.48,3846.28,14.83376942,208.1875881079
2015-11-17,801140,3876.8,3901.86,3823.44,3833.72,20.50094783,288.5123837507
2015-11-18,801140,3829.91,3857.23,3772.57,3781.04,15.14626289,221.59963605279998
2015-11-19,801140,3785.58,3869.82,3781.93,3869.82,16.08631758,231.00302454389998
2015-11-20,801140,3883.64,3945.14,3882.8,3940.89,19.54116485,294.9173702416
2015-11-23,801140,3959.81,3986.57,3918.69,3936.95,26.58140949,355.10518182910005
2015-11-24,801140,3925.33,3961.51,3887.69,3961.51,19.19047733,273.0386498711
2015-11-25,801140,3953.46,4020.25,3947.05,4019.22,19.62805198,299.5024775643
2015-11-26,801140,4031.78,4050.12,4002.73,4018.17,19.07717017,296.6791129416
2015-11-27,801140,3993.49,4026.99,3799.52,3826.53,22.7080987,322.95781642599997
2015-11-30,801140,3834.05,3874.05,3686.21,3857.72,21.35883377,301.2874534395
2015-12-01,801140,3851.19,3907.44,3824.81,3870.76,18.58570402,275.0996784069
2015-12-02,801140,3849.68,3861.09,3718.52,3809.65,14.4888651,210.83781497759998
2015-12-03,801140,3803.61,3880.7,3803.61,3880.43,13.91551153,208.8392315184
2015-12-04,801140,3873.48,3923.71,3865.03,3898.69,17.14861407,258.4370303989
2015-12-07,801140,3903.69,3958.78,3884.28,3958.78,17.91788699,264.7536638381
2015-12-08,801140,3926.92,3929.42,3867.09,3876.63,16.6973003,244.79776133849998
2015-12-09,801140,3852.44,3870.79,3814.79,3838.82,13.78768614,204.9057886164
2015-12-10,801140,3829.11,3871.66,3825.12,3832.3,13.32993916,193.3273614339
2015-12-11,801140,3801.22,3809.56,3769.88,3786.26,12.23636539,172.51135759759998
2015-12-14,801140,3739.48,3838.53,3733.72,3838.53,11.65095317,158.1248968807
2015-12-15,801140,3837.69,3883.88,3837.69,3869.16,15.05767992,211.62813839150002
2015-12-16,801140,3881.19,3916.47,3870.46,3898.26,14.63838181,215.0825114481
2015-12-17,801140,3915.8,3986.23,3914.86,3986.23,16.90930078,236.5411897151
2015-12-18,801140,3977.95,3997.57,3943.75,3963.29,15.5123898,242.41215571200001
2015-12-21,801140,3946.46,3979.11,3941.71,3978.55,12.68393953,195.7242734475
2015-12-22,801140,3987.98,4011.78,3956.63,4011.78,14.29660795,212.9464654358
2015-12-23,801140,4011.19,4014.93,3954.48,3960.52,15.58127123,239.03861624599998
2015-12-24,801140,3950.55,3974.97,3902.91,3965.8,11.86302531,189.2523456775
2015-12-25,801140,3974.93,4005.12,3973.22,3999.43,10.51881689,173.89666931419998
2015-12-28,801140,4014.48,4032.02,3939.26,3939.26,15.72994059,251.88193495849998
2015-12-29,801140,3931.97,3986.62,3909.3,3986.62,13.27008773,198.6214291771
2015-12-30,801140,3990.79,4034.7,3989.37,4032.82,15.34103147,223.0947716843
2015-12-31,801140,4039.32,4042.13,3979.44,3979.44,14.11789325,221.6481785063
2016-01-04,801140,3972.82,3977.41,3695.8,3695.84,11.60231923,172.49960756849998
2016-01-05,801140,3541.43,3712.16,3526.36,3648.11,17.62669517,249.66934581290002
2016-01-06,801140,3663.58,3741.68,3642.24,3741.68,15.69804034,233.8596678291
2016-01-07,801140,3677.34,3695.85,3452.05,3455.27,3.97376653,58.1617668605
2016-01-08,801140,3522.9,3562.22,3312.61,3465.89,16.28964581,226.5041582241
2016-01-11,801140,3388.1,3421.79,3229.28,3232.09,13.56187523,167.1201452791
2016-01-12,801140,3219.27,3253.59,3150.38,3212.97,11.81125538,158.3625034405
2016-01-13,801140,3232.26,3265.4,3116.45,3116.6,12.4804677,163.581426906
2016-01-14,801140,3009.21,3214.89,3006.63,3210.34,13.25752189,166.0193327563
2016-01-15,801140,3185.43,3224.23,3099.92,3119.22,12.77900451,178.2388667399
2016-01-18,801140,3049.07,3203.51,3049.07,3170.84,10.88423094,155.68897567940002
2016-01-19,801140,3160.95,3290.75,3157.79,3287.11,13.22728112,181.9030977507
2016-01-20,801140,3269.39,3324.94,3251.14,3271.24,13.45968285,195.9072096852
2016-01-21,801140,3193.23,3268.66,3106.89,3106.89,11.68875689,165.346903295
2016-01-22,801140,3118.92,3139.36,3032.4,3131.89,10.14460143,142.9405646809
2016-01-25,801140,3140.14,3179.26,3116.87,3151.15,9.14426251,136.3065305147
2016-01-26,801140,3100.78,3105.35,2914.22,2918.36,12.15281991,153.7891048927
2016-01-27,801140,2898.58,2911.11,2715.43,2842.75,11.96614906,142.39921240889998
2016-01-28,801140,2784.28,2818.49,2688.62,2698.77,8.52028608,101.90655931069999
2016-01-29,801140,2671.08,2816.52,2660.0,2788.19,11.63728976,133.6714491459
2016-02-01,801140,2768.83,2799.93,2705.6,2746.27,9.50379944,109.25747582209999
2016-02-02,801140,2743.91,2845.26,2743.43,2841.11,10.99342073,126.8762856359
2016-02-03,801140,2805.32,2872.36,2784.14,2859.52,9.68202906,118.01680670620001
2016-02-04,801140,2873.07,2939.81,2872.6,2925.51,11.13191299,142.8073067445
2016-02-05,801140,2929.47,2951.21,2910.01,2911.84,9.09547436,115.5284577208
2016-02-15,801140,2824.2,2939.11,2822.69,2924.9,8.57140249,106.0069040449
2016-02-16,801140,2942.15,3056.59,2941.46,3047.05,12.56981353,157.94800373200002
2016-02-17,801140,3042.74,3092.67,3013.76,3089.39,13.47235561,171.27460503700001
2016-02-18,801140,3108.82,3128.75,3081.91,3092.2,13.29154321,179.36074572189997
2016-02-19,801140,3080.93,3120.97,3066.26,3102.61,10.43027433,140.1959741746
2016-02-22,801140,3144.46,3183.24,3135.39,3183.24,12.84287509,176.81218187419998
2016-02-23,801140,3183.46,3193.99,3126.11,3177.05,12.52162181,174.3683876918
2016-02-24,801140,3169.36,3208.07,3118.96,3183.78,12.42132138,183.66629824919997
2016-02-25,801140,3179.8,3179.8,2924.85,2937.14,16.7526017,202.15894827009998
2016-02-26,801140,2943.97,2964.47,2835.89,2910.73,12.67742561,157.270526432
2016-02-29,801140,2887.14,2887.48,2698.67,2718.17,11.52563237,125.9006102709
2016-03-01,801140,2717.55,2804.97,2670.3,2786.75,10.78443917,127.5553915974
2016-03-02,801140,2778.5,2930.27,2778.5,2924.68,13.79436439,169.8567759117
2016-03-03,801140,2914.77,2986.81,2913.35,2940.23,15.0840497,181.25811006700002
2016-03-04,801140,2928.37,2948.34,2798.11,2841.0,13.15863928,156.4656166217
2016-03-07,801140,2869.5,2934.96,2869.36,2914.56,10.70129536,128.5308693785
2016-03-08,801140,2907.46,2937.99,2789.7,2937.84,12.31830473,145.16077177879998
2016-03-09,801140,2866.3,2917.28,2844.51,2872.65,10.16322117,128.2614066064
2016-03-10,801140,2876.05,2898.55,2819.19,2823.86,8.80927646,116.414555244
2016-03-11,801140,2799.03,2842.21,2783.09,2822.24,7.67563949,104.83598680530001
2016-03-14,801140,2856.4,2965.55,2855.94,2937.17,11.67339519,155.9256829577
2016-03-15,801140,2926.95,2941.4,2892.62,2906.69,9.33641318,126.7263357981
2016-03-16,801140,2926.42,2946.36,2862.36,2881.82,8.95934228,117.8308919923
2016-03-17,801140,2896.01,2987.28,2889.18,2976.07,12.3688712,161.3629324966
2016-03-18,801140,2989.2,3110.87,2987.59,3096.51,18.35761258,242.77928397189999
2016-03-21,801140,3128.68,3180.85,3121.65,3180.61,19.30881936,256.0374645237
2016-03-22,801140,3146.36,3192.49,3129.29,3160.17,16.24573912,215.3777881776
2016-03-23,801140,3151.03,3185.39,3138.01,3185.0,12.73576892,177.1714755556
2016-03-24,801140,3154.89,3191.01,3121.18,3134.23,14.09149094,199.10477571209998
2016-03-25,801140,3132.79,3169.01,3119.71,3168.27,11.68228082,153.3816751341
2016-03-28,801140,3182.64,3215.53,3138.59,3156.82,14.31900073,191.6391386774
2016-03-29,801140,3145.34,3155.32,3050.26,3074.39,11.39179199,149.5093885634
2016-03-30,801140,3099.52,3182.48,3099.15,3182.12,12.61234361,172.5435488539
2016-03-31,801140,3201.9,3218.85,3177.69,3189.81,14.21556809,202.63556373990002
2016-04-01,801140,3174.44,3189.87,3118.28,3175.37,12.04910182,166.1737772887
2016-04-05,801140,3182.4,3259.3,3170.61,3258.2,15.0780787,197.94254961
2016-04-06,801140,3243.03,3290.18,3237.79,3278.64,14.98475881,199.75737603369998
2016-04-07,801140,3287.4,3293.16,3215.4,3215.76,15.68602364,205.9527176655
2016-04-08,801140,3177.68,3180.65,3126.1,3169.83,12.07260326,164.63676056010002
2016-04-11,801140,3199.68,3265.1,3199.53,3251.04,14.38917903,193.7791115772
2016-04-12,801140,3247.14,3263.22,3194.37,3234.89,13.22355297,186.59947166650002
2016-04-13,801140,3247.65,3326.47,3247.48,3283.78,18.58205084,243.1234540645
2016-04-14,801140,3301.21,3331.65,3282.54,3331.65,13.77343044,195.4991926127
2016-04-15,801140,3331.46,3346.44,3310.18,3339.52,13.6108973,194.3767024279
2016-04-20,801140,3320.2,3324.96,3081.73,3143.93,17.64035237,233.51969847349997
2016-04-21,801140,3118.38,3169.67,3090.17,3095.5,11.678634,157.7055014657
2016-04-22,801140,3070.89,3135.4,3063.9,3135.37,9.75956756,130.921570241
2016-04-25,801140,3120.93,3121.24,3055.01,3102.59,8.69670622,118.85149237370001
2016-04-26,801140,3097.33,3141.08,3091.5,3140.86,8.37122034,119.3727136089
2016-04-27,801140,3143.63,3182.0,3140.93,3156.01,10.61164816,138.29583062
2016-04-28,801140,3150.29,3162.28,3089.66,3150.39,11.05668362,143.1461688401
2016-04-29,801140,3131.3,3175.45,3125.61,3157.36,9.22324122,117.54405568959999
2016-05-03,801140,3160.43,3247.49,3146.63,3247.06,11.56527246,153.5771779296
2016-05-04,801140,3236.08,3273.34,3232.27,3244.93,11.92466227,157.25506421059998
2016-05-05,801140,3239.82,3270.04,3230.72,3267.74,10.65831808,145.18476095649999
2016-05-06,801140,3266.03,3276.46,3125.53,3125.53,14.58483495,194.9893793541
2016-05-09,801140,3086.35,3086.35,2980.78,2997.05,11.33450127,143.4892355524
2016-05-10,801140,2989.62,3018.85,2977.01,3002.06,8.06332372,102.7225566338
2016-05-11,801140,3018.18,3028.55,2964.89,2979.18,9.10979291,115.6394142305
2016-05-12,801140,2938.43,2969.96,2871.02,2969.78,8.8842487,106.1930985135
2016-05-13,801140,2960.77,3002.39,2938.52,2956.7,7.6145611,92.785628061
2016-05-16,801140,2949.1,3013.48,2936.21,3013.24,7.6594068,94.7736233033
2016-05-17,801140,3014.43,3027.23,2983.22,3000.15,8.03849684,105.8184991943
2016-05-18,801140,2972.92,2973.25,2860.96,2897.49,8.56703427,100.4511741469
2016-05-19,801140,2896.08,2951.81,2896.04,2901.4,6.77505075,84.697611707
2016-05-20,801140,2879.32,2936.15,2865.34,2936.06,7.00832111,85.1967400143
2016-05-23,801140,2942.47,2985.2,2941.93,2984.86,8.77957267,107.4568530425
2016-05-24,801140,2979.39,2979.41,2930.23,2950.28,7.50083453,96.9076928762
2016-05-25,801140,2968.32,2990.88,2931.47,2953.43,7.71134198,96.1894772184
2016-05-26,801140,2948.32,2966.4,2886.88,2966.18,10.25947531,123.5143373932
2016-05-27,801140,2958.99,2982.76,2946.68,2959.77,7.80255855,103.5926896034
2016-05-30,801140,2940.71,2960.48,2907.2,2935.59,6.44343323,83.55219090850001
2016-05-31,801140,2937.63,3058.18,2937.38,3057.78,12.35672852,154.7518236992
2016-06-01,801140,3058.27,3091.61,3058.13,3078.27,12.17202809,168.8677945069
2016-06-02,801140,3071.45,3108.74,3068.34,3108.74,10.88975368,156.9895711203
2016-06-03,801140,3108.88,3142.19,3102.5,3125.02,12.50685468,179.09708481599998
2016-06-06,801140,3137.87,3155.52,3118.34,3141.17,10.67901666,159.09675449280002
2016-06-07,801140,3142.57,3144.48,3117.84,3135.8,9.81234854,143.6148077334
2016-06-08,801140,3129.48,3141.18,3095.48,3124.87,10.84982898,149.3932550347
2016-06-13,801140,3084.21,3105.0,2989.83,2990.29,13.50864154,172.5046485956
2016-06-14,801140,2968.72,3004.16,2965.64,3002.56,9.44620379,119.02967368469999
2016-06-15,801140,2972.35,3116.89,2968.78,3114.48,12.99125258,169.4251664519
2016-06-16,801140,3117.13,3125.63,3092.03,3100.59,12.52920128,171.9572267213
2016-06-17,801140,3105.81,3139.92,3097.31,3129.05,14.12944488,171.698531001
2016-06-20,801140,3122.89,3135.05,3090.96,3129.29,11.6656343,155.9788668688
2016-06-21,801140,3149.34,3164.81,3086.63,3103.2,12.6655467,168.33302690989998
2016-06-22,801140,3095.43,3134.12,3086.49,3134.12,9.55119958,133.3528879884
2016-06-23,801140,3132.04,3142.72,3097.01,3117.63,10.49978586,147.3732855955
2016-06-24,801140,3114.25,3139.43,3013.28,3104.82,14.55033177,189.7283311518
2016-06-27,801140,3080.59,3163.79,3078.97,3163.48,11.2204923,148.3700431929
2016-06-28,801140,3156.36,3217.31,3153.36,3217.31,14.13106079,194.77046578099998
2016-06-29,801140,3226.94,3241.86,3209.83,3232.32,13.54352875,182.2298010741
2016-06-30,801140,3234.36,3244.68,3211.46,3233.88,11.68522098,155.40322363069998
2016-07-01,801140,3236.08,3257.17,3226.57,3237.94,11.38419109,147.82946428440002
2016-07-05,801140,3297.78,3307.0,3276.14,3303.1,13.26311654,170.8506101341
2016-07-06,801140,3292.72,3330.56,3288.27,3328.04,14.14417144,182.6993279048
2016-07-07,801140,3322.88,3330.21,3294.42,3318.72,13.20532831,177.6955985984
2016-07-08,801140,3311.3,3319.84,3298.27,3302.56,10.11160166,138.21900709370001
2016-07-11,801140,3307.59,3321.59,3287.62,3290.09,11.73761928,154.80084742440002
2016-07-12,801140,3285.1,3318.21,3235.66,3318.21,11.60652962,156.8040922208
2016-07-13,801140,3316.73,3342.24,3308.07,3341.84,11.08897248,149.4610231314
2016-07-14,801140,3343.73,3358.71,3336.3,3358.4,11.0281981,151.0860800642
2016-07-15,801140,3355.0,3359.6,3333.88,3349.37,10.95734122,146.5066738526
2016-07-18,801140,3343.25,3378.96,3333.6,3369.15,12.13609329,156.2884555079
2016-07-19,801140,3363.61,3376.36,3336.58,3376.36,10.04355422,142.33959309690002
2016-07-20,801140,3375.6,3409.2,3375.6,3388.03,9.49955643,137.3689846293
2016-07-21,801140,3389.59,3415.17,3376.86,3398.12,10.89527113,156.2054652772
2016-07-22,801140,3398.47,3408.6,3353.61,3362.1,10.34124018,153.2330092502
2016-07-25,801140,3357.1,3380.51,3347.44,3376.0,9.43028408,136.6553181776
2016-07-26,801140,3371.74,3423.24,3371.74,3422.77,9.25664361,129.281919112
2016-07-27,801140,3424.98,3429.28,3225.63,3276.28,14.97503281,194.785396993
2016-07-28,801140,3270.72,3294.69,3221.37,3288.95,11.02461359,149.3907682429
2016-07-29,801140,3285.96,3300.44,3258.67,3274.94,8.20518424,113.0081587549
2016-08-01,801140,3263.65,3266.19,3191.14,3229.52,8.89858523,115.0877347195
2016-08-02,801140,3222.6,3252.41,3222.34,3252.17,5.94371905,82.0170961655
2016-08-03,801140,3247.78,3265.9,3243.48,3265.6,6.66645609,95.43931645110001
2016-08-04,801140,3264.35,3276.9,3242.63,3276.78,6.42196303,92.67176170440001
2016-08-05,801140,3273.59,3292.79,3269.13,3274.07,6.45995235,94.4695382157
2016-08-08,801140,3268.67,3298.97,3244.44,3298.97,7.27148684,98.62216900950001
2016-08-09,801140,3296.86,3331.92,3296.09,3331.69,8.14939144,117.68000935229999
2016-08-10,801140,3327.96,3352.14,3327.95,3340.21,9.04567275,132.53840605850002
2016-08-11,801140,3329.09,3332.15,3290.78,3291.96,7.66766603,109.62993354219999
2016-08-12,801140,3291.67,3316.05,3284.72,3315.22,6.72052356,96.00326185799999
2016-08-15,801140,3317.66,3378.4,3300.49,3370.86,11.17558548,155.1159529516
2016-08-16,801140,3375.75,3401.52,3373.57,3390.3,9.80108589,143.2369125525
2016-08-17,801140,3387.67,3410.22,3377.44,3402.0,9.65120512,140.5943300191
2016-08-18,801140,3395.92,3415.72,3393.31,3404.08,10.15475864,140.7395975749
2016-08-19,801140,3401.57,3422.06,3397.77,3414.47,8.75860642,126.309954294
2016-08-22,801140,3416.32,3418.67,3386.8,3388.05,8.85776912,128.5020634706
2016-08-23,801140,3383.91,3408.86,3379.84,3399.85,8.88609028,113.002616681
2016-08-24,801140,3400.22,3419.16,3396.21,3408.34,7.90113117,107.709708791
2016-08-25,801140,3389.3,3394.33,3348.97,3391.51,8.80724505,117.3976286298
2016-08-26,801140,3395.89,3423.61,3395.84,3403.76,8.46701366,113.4140064062
2016-08-29,801140,3396.27,3416.57,3396.27,3411.91,7.47749326,91.8615375973
2016-08-30,801140,3415.43,3433.58,3411.9,3416.22,8.22298934,96.642259598
2016-08-31,801140,3420.13,3424.09,3400.01,3416.64,6.97817628,90.3641472142
2016-09-01,801140,3418.3,3430.38,3408.36,3408.36,7.83123301,100.318280251
2016-09-02,801140,3401.2,3414.72,3376.03,3394.56,9.05730523,103.551776663
2016-09-05,801140,3397.18,3422.3,3397.18,3416.03,9.44871834,111.6058590352
2016-09-06,801140,3412.72,3459.8,3382.79,3458.98,11.20616899,129.9893139879
2016-09-07,801140,3463.76,3479.2,3451.93,3457.47,12.72309646,159.4581651114
2016-09-08,801140,3453.34,3470.5,3450.4,3469.83,9.42321725,122.1904000623
2016-09-09,801140,3467.06,3478.08,3451.51,3451.82,9.20447128,116.39324550559999
2016-09-12,801140,3394.74,3410.59,3363.3,3363.55,9.95033644,120.0867689125
2016-09-13,801140,3379.59,3389.7,3366.83,3389.04,7.0944366,88.7177060638
2016-09-14,801140,3374.37,3396.39,3361.46,3373.85,6.8291412,87.4503368508
2016-09-19,801140,3382.04,3410.94,3381.77,3410.94,6.32786553,94.7378785245
2016-09-20,801140,3412.0,3415.97,3403.91,3410.47,6.80761941,105.0391904077
2016-09-21,801140,3409.17,3426.08,3408.47,3420.12,6.52943463,96.6454830933
2016-09-22,801140,3435.26,3442.48,3426.77,3431.16,6.79492215,98.5920098169
2016-09-23,801140,3434.57,3436.86,3409.73,3410.84,6.49352855,95.31798161540002
2016-09-26,801140,3403.23,3404.58,3344.43,3345.61,7.07083678,97.00601630950001
2016-09-27,801140,3341.25,3367.54,3324.79,3367.25,6.35480238,84.8897724289
2016-09-28,801140,3369.05,3373.95,3356.26,3368.75,5.67871964,84.6871313238
2016-09-29,801140,3368.2,3390.8,3368.2,3380.34,5.77579905,80.8636394357
2016-09-30,801140,3373.68,3407.18,3373.68,3401.65,6.39989049,82.5918604494
2016-10-10,801140,3416.85,3453.32,3401.79,3453.02,8.13356958,114.21322487459999
2016-10-11,801140,3454.41,3479.09,3450.91,3479.0,8.30084492,120.66541206549999
2016-10-12,801140,3476.88,3486.19,3468.86,3484.12,10.0482097,131.0100073343
2016-10-13,801140,3483.43,3494.92,3473.8,3486.76,9.71410652,125.7498099546
2016-10-14,801140,3478.67,3487.47,3458.16,3487.1,9.16643511,114.9862453822
2016-10-17,801140,3489.43,3497.39,3449.26,3462.66,9.75748313,126.08517421139999
2016-10-18,801140,3459.96,3508.08,3459.85,3507.99,10.92708633,136.1669625785
2016-10-19,801140,3509.31,3513.66,3489.31,3499.67,10.47627276,146.7878848489
2016-10-20,801140,3505.11,3512.47,3490.17,3503.29,11.16790726,145.3072825936
2016-10-21,801140,3504.08,3504.08,3451.31,3487.76,10.31338912,164.84847837
2016-10-24,801140,3482.18,3517.77,3478.88,3517.03,10.16707615,155.87468696370001
2016-10-25,801140,3513.08,3541.82,3512.64,3541.49,10.19297865,156.5255927981
2016-10-26,801140,3538.14,3538.44,3510.51,3520.07,9.58322699,144.830350859
2016-10-27,801140,3517.68,3529.67,3509.25,3528.86,8.69633293,132.9659520936
2016-10-28,801140,3526.53,3534.95,3498.86,3498.86,8.71090064,139.81303157940002
2016-10-31,801140,3489.4,3493.27,3470.88,3489.46,7.74555919,117.08634662200001
2016-11-01,801140,3488.75,3525.42,3488.53,3525.39,9.1799563,149.9564855981
2016-11-02,801140,3519.75,3533.33,3516.01,3521.41,9.82156164,159.7592345065
2016-11-03,801140,3513.33,3554.85,3512.09,3530.64,10.79504218,176.70136419279999
2016-11-04,801140,3534.26,3547.74,3521.68,3531.83,9.09819212,161.3101011783
2016-11-07,801140,3542.01,3543.63,3524.32,3532.1,9.17955023,144.3651340191
2016-11-08,801140,3542.57,3552.63,3533.15,3550.19,9.61958979,147.9345240883
2016-11-09,801140,3549.36,3555.64,3501.27,3544.41,12.75093968,200.92581945380002
2016-11-10,801140,3553.36,3589.55,3546.43,3589.55,11.48548909,205.1725522906
2016-11-11,801140,3592.66,3594.14,3581.18,3593.7,11.33006901,197.86812030080003
2016-11-14,801140,3586.35,3617.15,3582.45,3600.66,12.19512637,184.0580035312
2016-11-15,801140,3601.7,3611.67,3588.8,3611.67,9.41409428,146.2484017066
2016-11-16,801140,3615.35,3623.0,3610.94,3617.28,14.58147476,184.6512850934
2016-11-17,801140,3612.46,3613.53,3590.55,3602.82,13.15353051,155.4070354697
2016-11-18,801140,3601.95,3604.68,3583.61,3587.39,10.90718376,146.6224677836
2016-11-21,801140,3585.95,3597.29,3580.7,3592.58,9.94334312,148.550893475
2016-11-22,801140,3593.7,3625.08,3593.64,3624.93,12.52566505,188.6400167079
2016-11-23,801140,3629.41,3634.28,3603.14,3614.62,13.3476144,203.8572108598
2016-11-24,801140,3607.19,3612.93,3587.38,3594.67,12.08244437,186.7539930642
2016-11-25,801140,3588.76,3606.29,3530.93,3606.09,12.00356096,186.4556863745
2016-11-28,801140,3611.68,3642.3,3607.74,3628.48,14.57883621,205.299812099
2016-11-29,801140,3619.3,3620.37,3581.15,3582.38,12.11954263,187.3425496168
2016-11-30,801140,3573.73,3576.47,3557.02,3569.71,10.5271228,154.06155072299998
2016-12-01,801140,3567.41,3583.21,3566.75,3580.06,9.51143862,152.4041828996
2016-12-02,801140,3575.31,3576.14,3515.06,3517.85,10.20740803,153.3943890963
2016-12-05,801140,3483.9,3515.55,3474.91,3485.84,7.7934005,113.7641940005
2016-12-06,801140,3490.55,3509.01,3489.68,3501.34,6.55904062,101.45008657860001
2016-12-07,801140,3500.45,3534.28,3493.16,3534.12,6.95710352,107.9599712438
2016-12-08,801140,3535.46,3535.51,3512.01,3515.49,7.30651812,112.0885527562
2016-12-09,801140,3512.75,3519.26,3500.36,3506.93,7.23956551,107.81118813200001
2016-12-12,801140,3513.39,3515.96,3340.27,3345.13,13.37282744,173.3977205366
2016-12-13,801140,3337.1,3372.67,3312.63,3363.72,8.8699814,117.9037536764
2016-12-14,801140,3371.51,3394.38,3343.11,3366.91,9.67809704,129.0553383582
2016-12-15,801140,3359.12,3415.12,3356.69,3395.92,9.14253857,130.7161899055
2016-12-16,801140,3397.66,3434.98,3397.08,3434.23,8.86570466,128.2315981376
2016-12-19,801140,3433.34,3438.15,3414.0,3438.04,8.7654221,118.00631185600001
2016-12-20,801140,3434.37,3454.44,3432.49,3445.68,10.11163773,135.6002223832
2016-12-21,801140,3445.67,3458.76,3440.66,3457.35,10.20763667,151.3074286476
2016-12-22,801140,3453.03,3453.91,3428.64,3447.26,8.61481457,127.446294162
2016-12-23,801140,3447.56,3447.65,3393.59,3400.6,8.38501254,133.0531090781
2016-12-26,801140,3386.84,3425.06,3353.3,3425.06,8.48198794,118.13806998540001
2016-12-27,801140,3424.37,3440.42,3422.94,3433.32,8.9927637,124.653879994
2016-12-28,801140,3430.62,3435.65,3411.91,3414.66,7.66258751,113.47222562969999
2016-12-29,801140,3410.26,3420.85,3396.69,3405.32,8.18271721,113.7694446667
2016-12-30,801140,3411.91,3421.58,3400.39,3408.06,7.95299149,113.41263852459998
2017-01-03,801140,3413.33,3445.8,3412.93,3445.8,8.57503593,113.71726352729999
2017-01-04,801140,3449.43,3486.39,3445.28,3486.39,10.06172251,139.59283644180002
2017-01-05,801140,3482.15,3495.0,3477.85,3483.27,10.12161675,140.1386555317
2017-01-06,801140,3477.7,3477.87,3452.84,3455.01,9.03418037,128.0351006413
2017-01-09,801140,3446.43,3466.8,3446.38,3463.23,10.06555995,122.1055572598
2017-01-10,801140,3462.55,3473.36,3449.35,3455.41,10.00022858,118.0013385459
2017-01-11,801140,3450.84,3451.89,3410.95,3411.28,8.75677467,111.6989250034
2017-01-12,801140,3408.27,3421.48,3364.7,3366.52,8.46049805,108.7691548195
2017-01-13,801140,3362.98,3367.47,3299.59,3307.33,9.01014347,118.52309340030001
2017-01-16,801140,3298.47,3298.78,3079.65,3168.14,11.55305631,143.6338247388
2017-01-17,801140,3155.51,3218.97,3123.16,3218.95,9.405573,116.2310535476
2017-01-18,801140,3212.51,3225.39,3198.78,3212.1,6.93455364,96.377920966
2017-01-19,801140,3201.05,3217.21,3185.31,3197.81,5.94366125,87.98777635360001
2017-01-20,801140,3194.85,3259.19,3194.28,3255.75,6.5989495,93.61406963879999
2017-01-23,801140,3260.78,3290.67,3260.36,3283.1,6.93678168,95.2416845617
2017-01-24,801140,3280.56,3287.78,3267.66,3280.93,6.79118569,89.8081510438
2017-01-25,801140,3278.01,3308.3,3274.98,3304.54,7.12465693,88.21479755290001
2017-01-26,801140,3310.26,3320.43,3303.91,3318.47,5.85543187,75.9607677424
2017-02-03,801140,3323.95,3326.61,3304.81,3313.92,4.87954601,66.066997348
2017-02-06,801140,3313.21,3347.99,3309.72,3347.99,7.01646588,99.26592184350001
2017-02-07,801140,3344.73,3360.69,3334.05,3349.46,6.86794407,97.23294895309999
2017-02-08,801140,3347.24,3374.54,3327.47,3374.54,7.82473272,107.6869732475
2017-02-09,801140,3371.53,3409.12,3369.95,3405.66,11.17930969,150.0678946179
2017-02-10,801140,3402.71,3408.32,3384.37,3387.75,10.23144695,130.0343107542
2017-02-13,801140,3382.92,3412.93,3382.92,3411.99,8.60129582,121.68952353700001
2017-02-14,801140,3409.94,3416.72,3402.37,3413.63,7.75543842,106.41976953209999
2017-02-15,801140,3413.24,3422.5,3379.38,3385.47,10.51962133,139.1151550577
2017-02-16,801140,3386.68,3419.68,3384.59,3419.68,8.75051143,120.5483147725
2017-02-17,801140,3421.34,3426.77,3382.53,3387.81,11.17482948,148.16116829799998
2017-02-20,801140,3386.37,3427.04,3381.69,3426.9,10.98468283,147.271323466
2017-02-21,801140,3426.89,3456.24,3426.89,3454.39,10.50106562,141.6899844057
2017-02-22,801140,3454.18,3462.18,3444.09,3461.84,9.68826247,132.07246358700002
2017-02-23,801140,3465.21,3485.05,3450.83,3473.14,12.33529932,160.2962630495
2017-02-24,801140,3468.0,3479.13,3457.1,3478.95,9.65066021,138.6191869426
2017-02-27,801140,3474.96,3484.43,3455.99,3457.81,9.29820779,134.94689855709998
2017-02-28,801140,3458.37,3492.6,3458.24,3492.6,9.33536417,139.9976191268
2017-03-01,801140,3491.34,3499.8,3483.92,3489.78,9.75723574,152.9966065499
2017-03-02,801140,3490.68,3492.52,3460.03,3462.33,9.07336949,140.04267824389999
2017-03-03,801140,3453.83,3473.04,3441.31,3472.47,8.62924078,129.4840780519
2017-03-06,801140,3473.45,3514.13,3473.35,3514.13,9.07953183,137.6956098636
2017-03-07,801140,3517.51,3537.5,3511.37,3537.5,10.20858609,151.2687456643
2017-03-08,801140,3538.57,3542.43,3513.64,3525.07,9.50673587,146.34331322100002
2017-03-09,801140,3516.8,3517.07,3486.99,3498.79,10.06693256,139.0642488321
2017-03-10,801140,3497.06,3526.99,3495.59,3523.5,9.12530452,138.5660281297
2017-03-13,801140,3520.69,3548.79,3494.2,3548.79,9.51854342,148.9436189843
2017-03-14,801140,3549.58,3551.58,3533.27,3545.33,8.41877005,143.9655519165
2017-03-15,801140,3538.89,3561.37,3538.35,3558.32,7.82591005,134.4778997734
2017-03-16,801140,3565.07,3597.73,3564.89,3596.92,9.4327461,157.3449027944
2017-03-17,801140,3598.58,3603.19,3562.9,3564.29,9.25236898,155.14360432860002
2017-03-20,801140,3563.86,3571.63,3549.27,3570.8,8.43905667,146.6910066285
2017-03-21,801140,3572.55,3584.31,3567.98,3584.31,8.38352197,160.2331457843
2017-03-22,801140,3569.13,3580.71,3552.08,3570.1,8.64645098,166.4633370345
2017-03-23,801140,3568.61,3585.11,3530.19,3565.82,9.26931342,171.1853572052
2017-03-24,801140,3564.22,3586.33,3557.85,3580.57,9.25973995,145.5644341882
2017-03-27,801140,3581.14,3588.38,3569.65,3581.72,9.79775605,148.39939046860002
2017-03-28,801140,3578.54,3584.22,3559.41,3564.75,8.10357424,140.71389212649999
2017-03-29,801140,3565.28,3567.41,3527.97,3531.63,8.87660518,138.7278496812
2017-03-30,801140,3515.72,3517.13,3451.28,3456.97,9.76946229,138.6894325245
2017-03-31,801140,3457.08,3471.78,3446.23,3469.67,7.35656567,106.1264038469
2017-04-06,801140,3523.52,3534.86,3518.33,3527.51,8.44749965,142.010207082
2017-04-07,801140,3524.04,3533.36,3516.9,3526.32,10.11498198,164.9564161202
2017-04-10,801140,3514.67,3514.67,3479.9,3483.35,9.84513298,154.648055669
2017-04-11,801140,3472.39,3485.81,3423.85,3483.15,10.25578448,148.902137294
2017-04-12,801140,3481.97,3481.97,3456.15,3459.48,10.33148816,133.39740018540002
2017-04-13,801140,3458.33,3476.24,3454.96,3463.11,7.68847588,102.0749188121
2017-04-14,801140,3463.74,3464.15,3406.38,3406.38,8.26299925,108.8318362891
2017-04-17,801140,3384.6,3384.94,3342.66,3355.65,8.35790278,119.1174505858
2017-04-18,801140,3355.75,3387.76,3340.6,3342.52,8.04129316,116.3609131434
2017-04-19,801140,3332.68,3335.45,3280.35,3316.16,8.04423252,107.6599609824
2017-04-20,801140,3311.52,3331.39,3290.94,3311.99,7.18925379,110.0189939591
2017-04-21,801140,3312.8,3326.84,3289.71,3299.74,6.27379455,89.702597396
2017-04-24,801140,3290.71,3290.73,3225.86,3228.4,6.96479644,91.89569909229999
2017-04-25,801140,3228.57,3246.35,3221.89,3225.99,6.50275166,92.1671113692
2017-04-26,801140,3225.4,3240.2,3216.97,3221.35,6.40235777,91.5181508966
2017-04-27,801140,3211.14,3232.86,3151.76,3227.8,8.72635661,120.9588833109
2017-04-28,801140,3213.05,3239.78,3213.05,3239.78,6.88613545,100.7721018156
2017-05-02,801140,3236.88,3252.67,3234.5,3252.67,6.37422418,92.4228638165
2017-05-03,801140,3249.03,3258.59,3235.98,3250.0,7.02359652,93.475177801
2017-05-04,801140,3242.74,3259.96,3226.29,3236.95,6.70985857,97.1875692597
2017-05-05,801140,3229.95,3237.73,3211.77,3211.95,6.51455181,101.92798759120001
2017-05-08,801140,3201.6,3203.97,3149.33,3149.48,6.38246797,89.9366275479
2017-05-09,801140,3134.7,3163.74,3113.84,3162.73,5.75048106,81.9858745926
2017-05-10,801140,3161.44,3180.72,3110.13,3111.27,6.5848664,98.78853420780001
2017-05-11,801140,3091.09,3096.39,3022.06,3092.23,8.4426154,102.9394653605
2017-05-12,801140,3088.07,3098.99,3064.11,3087.86,6.00293035,79.2889037135
2017-05-15,801140,3086.46,3098.58,3081.2,3083.81,6.05845635,82.30127711989999
2017-05-16,801140,3079.15,3145.66,3055.56,3145.37,8.09535076,110.4002456954
2017-05-17,801140,3142.67,3169.19,3141.22,3152.32,7.4132988,112.3056566451
2017-05-18,801140,3133.45,3158.39,3126.05,3131.65,6.3782799,98.8104303647
2017-05-19,801140,3128.67,3134.0,3110.13,3121.78,5.10212213,78.5915252604
2017-05-22,801140,3118.74,3123.05,3055.84,3065.91,6.08485269,97.8353534338
2017-05-23,801140,3058.65,3062.18,2992.06,2996.78,6.37926888,98.5860685826
2017-05-24,801140,2981.64,2998.43,2939.9,2998.4,5.92660375,82.4739867427
2017-05-25,801140,2994.31,3025.4,2968.37,3022.08,6.72073837,95.4435093691
2017-05-26,801140,3015.95,3036.09,3014.84,3026.91,5.75278076,89.8230855409
2017-05-31,801140,3055.92,3065.48,3023.32,3024.66,6.19551547,98.1441225831
2017-06-01,801140,3015.9,3015.96,2944.41,2945.71,7.07722647,90.8289615034
2017-06-02,801140,2932.07,2974.26,2907.14,2973.81,6.90242799,85.4175671554
2017-06-05,801140,2982.06,3004.17,2980.26,3001.68,5.66548506,85.8149656916
2017-06-06,801140,2995.7,3028.42,2990.38,3028.33,5.68183353,79.7144904495
2017-06-07,801140,3024.94,3089.55,3022.05,3089.55,8.39772263,116.6963889499
2017-06-08,801140,3086.99,3104.13,3085.89,3099.87,7.8030237,111.9029203601
2017-06-09,801140,3091.69,3105.51,3075.63,3104.96,7.23933212,95.32184395290001
2017-06-12,801140,3086.03,3090.86,3064.96,3067.22,7.32632547,94.7047365885
2017-06-13,801140,3061.02,3097.8,3061.02,3092.84,7.07861606,89.83064665319999
2017-06-14,801140,3086.89,3094.9,3075.39,3089.15,6.11945942,83.9595942534
2017-06-15,801140,3083.69,3123.54,3083.69,3120.53,7.50991864,104.06353597290001
2017-06-16,801140,3114.32,3115.26,3097.97,3104.28,5.54646812,83.1529714865
2017-06-19,801140,3103.49,3121.04,3103.49,3121.04,6.66653606,82.62455354640001
2017-06-20,801140,3122.93,3132.39,3116.36,3118.89,6.59933485,86.2281793718
2017-06-21,801140,3117.95,3121.52,3094.41,3115.7,5.83291228,72.8104909142
2017-06-22,801140,3110.65,3120.65,3070.08,3070.27,7.26677431,102.4587340988
2017-06-23,801140,3062.39,3079.84,3035.75,3079.63,6.62919179,91.0444205161
2017-06-26,801140,3077.15,3122.63,3076.26,3122.63,7.51253024,99.310729736
2017-06-27,801140,3122.68,3129.21,3108.51,3123.89,6.87829214,85.2761166856
2017-06-28,801140,3114.16,3117.04,3099.84,3107.07,6.56580999,80.7238791129
2017-06-29,801140,3106.89,3124.59,3106.36,3116.74,7.15646728,81.55484896189999
2017-06-30,801140,3109.21,3135.55,3105.53,3135.4,6.26952164,86.4851855384
2017-07-03,801140,3136.61,3167.96,3136.53,3167.96,7.63225401,89.5800877192
2017-07-04,801140,3169.18,3172.37,3154.43,3163.3,7.31720793,94.2377401223
2017-07-05,801140,3160.83,3195.35,3159.94,3195.35,9.7633813,107.61483278770001
2017-07-06,801140,3192.07,3204.02,3171.13,3194.2,10.15482398,112.89033977
2017-07-07,801140,3190.41,3225.78,3189.65,3225.78,11.96223539,133.5871586037
2017-07-10,801140,3225.16,3226.45,3190.3,3201.22,10.67110563,127.8361668145
2017-07-11,801140,3194.23,3194.98,3161.2,3162.68,8.89390868,97.8883221733
2017-07-12,801140,3162.1,3172.3,3116.7,3165.61,9.02543676,98.6698802959
2017-07-13,801140,3159.99,3190.39,3158.15,3166.68,9.10795733,95.0274733971
2017-07-14,801140,3161.42,3162.5,3140.55,3158.29,8.11965533,82.7262061565
2017-07-17,801140,3156.78,3157.23,3019.8,3035.53,10.57981355,113.6422281616
2017-07-18,801140,3020.3,3066.64,3007.25,3066.64,8.44168506,83.4993694225
2017-07-19,801140,3058.09,3106.71,3058.09,3106.71,11.41840916,105.8163627517
2017-07-20,801140,3107.22,3126.06,3104.01,3113.59,10.3469376,100.7060498855
2017-07-24,801140,3114.51,3134.36,3112.62,3134.29,11.19408107,112.5514559683
2017-07-25,801140,3127.72,3128.34,3104.64,3121.13,8.2846441,84.4194796089
2017-07-26,801140,3120.97,3126.93,3093.97,3112.61,8.43675021,87.22446815209999
2017-07-27,801140,3103.9,3130.95,3085.78,3127.82,10.25906014,109.7023676727
2017-07-28,801140,3122.49,3134.18,3120.27,3133.95,7.66564704,83.5561891984
2017-07-31,801140,3129.71,3166.75,3120.64,3161.98,13.64293542,121.6721978658
2017-08-01,801140,3161.64,3169.04,3141.99,3161.15,10.91932627,100.97680988040001
2017-08-02,801140,3158.16,3164.91,3126.44,3132.55,10.46511051,101.9826525857
2017-08-03,801140,3125.85,3131.4,3122.84,3131.4,8.90052327,93.2815453401
2017-08-04,801140,3127.59,3146.31,3121.82,3122.03,11.21717376,111.1462971433
2017-08-07,801140,3116.66,3149.39,3111.29,3149.11,7.94667123,76.90010478939999
2017-08-08,801140,3146.35,3154.54,3137.49,3145.54,9.30762844,88.8122044517
2017-08-09,801140,3142.33,3149.74,3121.72,3149.66,8.29177742,82.7271550881
2017-08-10,801140,3147.27,3149.74,3102.25,3128.64,9.65862135,92.5240399837
2017-08-11,801140,3111.98,3127.96,3081.65,3084.01,10.89710985,101.082701999
2017-08-14,801140,3085.22,3134.32,3085.22,3134.32,8.67930014,85.69775920869999
2017-08-15,801140,3136.49,3144.95,3125.03,3144.68,8.42072669,89.3007790768
2017-08-16,801140,3141.59,3153.66,3125.07,3152.73,7.32404986,81.3433449549
2017-08-17,801140,3148.01,3165.93,3140.95,3165.78,7.83470327,83.034350016
2017-08-18,801140,3148.43,3167.67,3142.25,3167.52,7.78198088,82.5194958555
2017-08-21,801140,3171.99,3187.2,3167.72,3187.2,7.81296539,80.53691284979999
2017-08-22,801140,3184.48,3188.51,3167.78,3173.62,7.32181523,79.5284606199
2017-08-23,801140,3172.31,3174.13,3142.29,3149.65,6.6416517,73.69044103569999
2017-08-24,801140,3146.22,3149.04,3121.03,3127.46,6.0725809,68.4445169147
2017-08-25,801140,3125.37,3159.33,3125.35,3158.07,6.64708428,75.08105665069999
2017-08-28,801140,3161.92,3189.6,3158.07,3186.31,7.81121492,97.3064938618
2017-08-29,801140,3186.58,3194.58,3182.0,3188.13,7.81294853,101.2554498825
2017-08-30,801140,3188.25,3211.39,3186.39,3206.53,9.18298143,111.85413881299999
2017-08-31,801140,3209.05,3223.74,3201.22,3223.37,8.72620823,106.1574957525
2017-09-01,801140,3224.85,3241.38,3216.47,3241.38,10.96297121,127.2886549806
2017-09-04,801140,3243.15,3254.95,3230.86,3243.62,12.02481737,131.457935105
2017-09-05,801140,3247.45,3254.55,3234.07,3244.79,9.51272468,110.2718289893
2017-09-06,801140,3242.65,3249.3,3230.83,3245.78,9.58361226,117.72190865649999
2017-09-07,801140,3245.74,3253.17,3230.6,3232.55,8.58961035,108.7107704743
2017-09-08,801140,3233.72,3260.81,3232.56,3260.81,10.34416878,120.8902025922
2017-09-11,801140,3264.18,3308.13,3262.62,3308.13,12.15002133,145.0435686284
2017-09-12,801140,3309.34,3324.38,3294.54,3301.3,14.45106606,165.456597394
2017-09-13,801140,3304.47,3326.65,3300.09,3320.28,11.61102207,127.7689526468
2017-09-14,801140,3317.52,3320.22,3287.52,3303.76,10.10373532,116.6673134701
2017-09-15,801140,3303.03,3307.19,3275.01,3305.07,8.89573042,105.7405666141
2017-09-18,801140,3299.96,3324.61,3294.66,3324.61,7.63742561,88.34197150610001
2017-09-19,801140,3323.99,3324.75,3279.51,3293.69,8.58042814,96.961895372
2017-09-20,801140,3292.98,3312.88,3276.15,3312.84,8.15310949,95.2196411373
2017-09-21,801140,3309.73,3321.3,3282.07,3282.43,8.36228427,97.62385854540001
2017-09-22,801140,3275.99,3277.02,3251.79,3272.31,7.05714573,79.4689256583
2017-09-25,801140,3266.66,3273.61,3224.61,3226.93,7.33148247,82.83355638260001
2017-09-26,801140,3222.91,3234.72,3209.45,3227.75,5.77444635,70.0998910858
2017-09-27,801140,3230.78,3265.74,3229.37,3265.74,7.30820824,81.7167800319
2017-09-28,801140,3264.75,3264.98,3251.54,3252.06,6.69012816,80.4304845073
2017-09-29,801140,3254.96,3298.3,3250.82,3298.28,8.92470292,104.84583555379999
2017-10-09,801140,3327.53,3333.49,3301.93,3315.07,9.03866129,109.3109914491
2017-10-10,801140,3311.61,3329.28,3298.57,3329.28,8.95854413,109.4235338742
2017-10-11,801140,3323.93,3328.68,3307.88,3320.58,11.63450523,135.9944887633
2017-10-12,801140,3319.18,3329.13,3290.35,3314.2,8.37252854,100.4023700629
2017-10-13,801140,3309.17,3329.24,3301.29,3328.85,7.74195828,103.40176958299999
2017-10-16,801140,3325.08,3332.67,3289.68,3292.98,8.99198819,116.66748346909999
2017-10-17,801140,3291.68,3300.56,3276.67,3294.36,6.83024597,84.4774772185
2017-10-18,801140,3294.28,3298.18,3255.45,3261.98,8.91693091,103.59391062979999
2017-10-19,801140,3255.26,3260.16,3221.63,3223.98,7.20364378,83.1035575475
2017-10-20,801140,3217.46,3256.88,3215.2,3256.55,6.72065755,77.5785967458
2017-10-23,801140,3256.28,3280.43,3248.96,3279.79,6.9224492,80.0764451962
2017-10-24,801140,3278.91,3279.12,3249.48,3265.59,5.87150455,72.9000647417
2017-10-25,801140,3266.96,3304.88,3264.52,3304.84,6.43976912,82.8737149497
2017-10-26,801140,3294.71,3306.88,3286.31,3301.71,7.694313,100.3964400607
2017-10-27,801140,3301.68,3314.8,3287.33,3293.44,7.00298161,96.4255009087
2017-10-30,801140,3289.39,3291.21,3210.96,3223.55,8.44477232,106.43336886760001
2017-10-31,801140,3221.24,3253.12,3219.65,3253.08,6.61140036,89.6119303207
2017-11-01,801140,3250.11,3258.0,3244.16,3254.32,6.37501362,88.02747347209998
2017-11-02,801140,3251.7,3252.09,3220.37,3226.61,8.14868291,102.1501661289
2017-11-03,801140,3229.98,3229.98,3171.69,3190.22,9.9833195,117.4580278055
2017-11-06,801140,3187.94,3212.91,3162.01,3212.91,6.97617352,89.14369365430001
2017-11-07,801140,3209.6,3218.94,3195.84,3218.94,6.93367593,85.7889253086
2017-11-08,801140,3217.4,3249.01,3215.96,3232.39,8.07634354,101.63981927200001
2017-11-09,801140,3229.92,3247.91,3228.01,3247.24,6.51035089,87.4152801865
2017-11-10,801140,3249.86,3253.37,3232.26,3250.4,7.18677572,98.9487138273
2017-11-13,801140,3251.56,3251.7,3223.21,3240.47,8.26728832,108.04325178239999
2017-11-14,801140,3236.62,3237.06,3207.98,3222.69,7.88224589,105.03328097309999
2017-11-15,801140,3215.31,3215.5,3176.91,3190.76,6.76633599,92.9996435144
2017-11-16,801140,3181.93,3201.55,3176.88,3183.57,6.21759252,81.23488722489999
2017-11-17,801140,3177.01,3178.94,3085.68,3088.94,8.44575149,102.99913908100001
2017-11-20,801140,3074.25,3096.13,3015.95,3095.87,6.48119558,79.22783472260001
2017-11-21,801140,3090.73,3111.99,3075.07,3093.72,6.71918875,81.0931831776
2017-11-22,801140,3096.81,3098.93,3063.41,3080.26,7.91832617,84.5416675155
2017-11-23,801140,3078.45,3078.61,3005.13,3005.15,7.09203248,80.2114464944
2017-11-24,801140,2998.65,3015.59,2994.04,3008.82,5.34765417,59.1422315262
2017-11-27,801140,3004.64,3008.12,2984.56,2985.83,4.64982838,55.3976490451
2017-11-28,801140,2984.49,3031.65,2983.52,3031.65,5.16719141,63.0341001926
2017-11-29,801140,3030.57,3062.17,3025.02,3061.5,8.12210109,88.0824428051
2017-11-30,801140,3054.63,3061.53,3037.8,3042.87,6.35934143,71.6562052859
2017-12-01,801140,3041.82,3058.47,3037.84,3053.52,5.36365708,63.2329417294
2017-12-04,801140,3042.62,3043.11,2996.99,2997.64,5.65936327,71.841588214
2017-12-05,801140,2988.86,2989.05,2915.03,2930.89,6.89232897,76.4482334706
2017-12-06,801140,2922.96,2943.09,2891.88,2943.06,5.22068575,58.9740618341
2017-12-07,801140,2936.9,2947.39,2930.27,2936.16,4.20583165,49.1237106504
2017-12-08,801140,2935.68,2968.49,2933.28,2964.7,4.43220587,52.9942579975
2017-12-11,801140,2966.74,2987.43,2966.21,2987.37,5.05435748,56.1818925421
2017-12-12,801140,2986.16,2986.53,2957.81,2958.42,4.55638507,54.8498364421
2017-12-13,801140,2952.52,2971.58,2950.03,2971.58,4.09692131,53.6256670605
2017-12-14,801140,2969.8,2974.0,2961.5,2973.57,4.48988193,56.517959725299995
2017-12-15,801140,2970.79,2976.8,2956.14,2964.62,4.97793039,63.124375893599996
2017-12-18,801140,2964.18,2971.04,2951.4,2965.3,4.6289144,57.54386713979999
2017-12-19,801140,2964.06,2993.62,2963.9,2993.62,5.08469474,64.1778484255
2017-12-20,801140,2991.66,2993.42,2967.42,2970.0,4.92495932,59.049509946099995
2017-12-21,801140,2970.38,2990.74,2949.27,2982.53,6.0094411,67.5440186086
2017-12-22,801140,2980.37,2982.29,2969.4,2971.1,5.087568,56.8058096918
2017-12-25,801140,2976.34,2978.57,2932.96,2940.07,6.27957123,71.1008471342
2017-12-26,801140,2936.11,2953.58,2926.58,2953.57,6.20006626,73.1296778517
2017-12-27,801140,2950.51,2953.52,2933.64,2936.4,5.73669631,72.07249160180001
2017-12-28,801140,2931.76,2949.4,2922.22,2948.75,5.78165858,74.6202848826
2017-12-29,801140,2948.95,2978.08,2948.95,2977.82,5.63702503,70.3239483174
2018-01-02,801140,2977.42,3014.34,2976.82,3013.89,6.96852589,82.9745386296
2018-01-03,801140,3012.78,3028.68,3011.22,3025.49,6.82218304,84.5598574813
2018-01-04,801140,3024.6,3032.66,3017.8,3032.51,6.20204144,74.6383802147
2018-01-05,801140,3032.09,3038.56,3022.37,3035.84,7.32753132,79.3780792523
2018-01-08,801140,3036.05,3066.27,3031.17,3066.27,7.97927351,91.965095838
2018-01-09,801140,3063.93,3067.66,3044.8,3050.65,6.68813617,80.1793139314
2018-01-10,801140,3046.09,3049.18,3008.09,3026.74,6.40637385,80.17294999970001
2018-01-11,801140,3021.35,3038.07,3017.15,3035.91,6.37699494,79.4963351338
2018-01-12,801140,3036.56,3056.96,3036.56,3042.0,7.22300641,88.8424487798
2018-01-15,801140,3040.76,3042.0,2996.16,3002.32,9.50537727,112.70549118059999
2018-01-16,801140,2998.17,3039.36,2998.17,3039.36,8.12091363,101.60748150030001
2018-01-17,801140,3032.06,3032.16,2987.92,3020.58,6.86708602,84.3152392011
2018-01-18,801140,3017.89,3034.9,3013.11,3034.77,7.74455955,92.6485373783
2018-01-19,801140,3036.23,3050.58,3021.14,3027.89,9.22681332,111.08699191790001
2018-01-22,801140,3020.73,3037.73,3001.89,3037.73,7.24385132,89.01694014120001
2018-01-23,801140,3034.43,3050.82,3034.28,3044.37,6.79087802,85.67136432779999
2018-01-24,801140,3041.73,3042.21,3017.73,3042.21,7.42195959,94.61896228139999
2018-01-25,801140,3040.62,3062.95,3035.85,3052.3,8.21626878,93.77197042469999
2018-01-26,801140,3045.59,3055.73,3043.22,3053.83,7.54475927,85.19916992270001
2018-01-29,801140,3050.62,3055.89,3024.43,3032.47,9.06998772,101.8755115506
2018-01-30,801140,3028.67,3041.2,3025.36,3038.07,7.72941891,89.02521909110001
2018-01-31,801140,3025.28,3027.47,2987.18,2995.93,8.77838188,100.72805081770001
2018-02-01,801140,2988.79,2990.84,2883.61,2899.69,9.88155586,105.7467529481
2018-02-02,801140,2879.22,2889.87,2826.23,2889.87,7.71401052,82.4806656836
2018-02-05,801140,2852.25,2901.76,2844.78,2901.73,7.12523017,73.4942476245
2018-02-06,801140,2853.4,2862.05,2772.63,2774.87,8.85163257,91.83934492110001
2018-02-07,801140,2810.83,2826.33,2745.04,2783.52,9.75211168,98.28441453280001
2018-02-08,801140,2768.16,2804.46,2757.49,2797.96,6.8188953,70.7827342571
2018-02-09,801140,2738.85,2741.17,2667.44,2698.72,8.35203787,77.2381355492
2018-02-12,801140,2709.38,2773.09,2708.74,2762.1,4.9185072,53.933951751
2018-02-13,801140,2772.07,2797.61,2770.74,2779.3,4.92997487,52.051506215100005
2018-02-14,801140,2781.31,2794.84,2769.34,2794.34,3.87651303,44.499780561
2018-02-22,801140,2811.28,2839.15,2806.73,2838.3,4.94210761,54.9372651731
2018-02-23,801140,2841.45,2867.93,2834.61,2867.7,7.96579082,74.42859852689999
2018-02-26,801140,2879.11,2913.29,2875.87,2913.09,9.84806211,99.20589223620001
2018-02-27,801140,2911.44,2913.79,2881.46,2897.16,8.26049787,93.5035996123
2018-02-28,801140,2872.72,2904.72,2859.83,2894.95,8.17274143,86.18766535700001
2018-03-01,801140,2880.44,2923.87,2877.32,2923.87,7.52065724,82.50470790109999
2018-03-02,801140,2910.6,2925.56,2907.3,2914.34,7.75311379,80.9471326533
2018-03-05,801140,2916.35,2923.06,2894.42,2911.9,7.2281934,75.8742846976
2018-03-06,801140,2917.16,2945.23,2913.58,2945.22,7.99954206,85.4253981802
2018-03-07,801140,2947.03,2953.95,2925.46,2927.03,7.20123485,76.8924866225
2018-03-08,801140,2923.78,2948.59,2919.59,2948.57,7.30949154,80.5979875569
2018-03-09,801140,2950.04,2972.09,2939.79,2971.79,8.1544439,95.56264451690001
2018-03-12,801140,2979.91,3008.45,2979.53,3008.05,9.96842985,112.3052663259
2018-03-13,801140,3002.36,3002.61,2979.3,2981.32,7.99652306,89.2491170938
2018-03-14,801140,2972.98,2979.96,2960.92,2963.12,6.49811021,76.8686183621
2018-03-15,801140,2949.07,2957.91,2924.21,2945.25,8.32474045,91.9584534946
2018-03-16,801140,2938.89,2955.61,2938.82,2941.05,6.60683755,76.6081027151
2018-03-19,801140,2940.52,2952.03,2930.32,2942.92,5.60857022,65.6248836611
2018-03-20,801140,2927.6,2950.27,2921.74,2950.07,5.84480956,69.54762468279999
2018-03-21,801140,2949.84,2964.56,2926.45,2932.59,6.75259265,81.3099321895
2018-03-22,801140,2930.13,2943.79,2912.07,2927.06,6.15024895,73.82939578050001
2018-03-23,801140,2854.32,2873.54,2767.09,2796.25,9.66771036,102.9836929285
2018-03-26,801140,2762.5,2821.11,2729.86,2820.95,6.88551376,77.8666892456
2018-03-27,801140,2847.75,2875.65,2847.3,2868.03,7.27483311,88.70310302979999
2018-03-28,801140,2841.19,2862.35,2834.29,2843.43,5.96681711,72.135152851
2018-03-29,801140,2842.82,2876.49,2827.65,2872.96,5.80801587,69.080722855
2018-03-30,801140,2878.47,2893.94,2876.93,2891.98,5.67804244,68.1971485055
2018-04-02,801140,2892.71,2896.93,2868.95,2881.11,6.80272636,79.84587917270001
2018-04-03,801140,2850.84,2866.3,2842.6,2863.34,6.65424382,74.6827515621
2018-04-04,801140,2869.88,2872.89,2849.19,2852.31,5.70921046,70.04241178390001
2018-04-09,801140,2837.21,2847.87,2817.74,2835.76,5.56761052,69.4248714735
2018-04-10,801140,2839.93,2860.36,2831.08,2860.36,6.54288669,75.7295437875
2018-04-11,801140,2868.72,2895.08,2868.3,2888.7,7.65337094,88.06727895799999
2018-04-12,801140,2888.36,2895.53,2877.6,2880.31,6.91314917,84.1317574167
2018-04-13,801140,2882.23,2890.87,2862.77,2868.04,6.84970889,85.134939092
2018-04-16,801140,2866.44,2869.21,2825.89,2845.73,7.06324922,83.8398029309
2018-04-17,801140,2847.47,2855.26,2790.93,2792.13,7.01103808,86.2640976199
2018-04-18,801140,2800.72,2807.82,2749.14,2800.1,7.26978709,81.191086903
2018-04-19,801140,2797.97,2808.67,2792.22,2796.23,5.78663274,66.8629207699
2018-04-20,801140,2786.28,2786.52,2731.17,2734.58,6.36365587,69.89699126149999
2018-04-23,801140,2727.41,2734.34,2694.37,2718.77,5.1218183,58.9462006921
2018-04-24,801140,2715.16,2769.72,2715.16,2769.72,5.83777649,65.4354598609
2018-04-25,801140,2759.79,2773.03,2757.49,2773.03,5.20064946,60.322080461700004
2018-04-26,801140,2768.57,2772.02,2716.66,2716.76,5.55575578,63.4309476555
2018-04-27,801140,2720.15,2726.4,2699.93,2714.85,5.13340834,57.469718624399995
2018-05-02,801140,2713.7,2728.96,2711.2,2723.79,6.31429019,77.0304010799
2018-05-03,801140,2721.58,2746.74,2705.53,2746.74,5.6204394,70.9421557846
2018-05-04,801140,2741.85,2760.08,2739.06,2748.96,5.2575545,69.1387491201
2018-05-07,801140,2756.97,2809.01,2748.34,2808.5,7.94881189,91.42583946190001
2018-05-08,801140,2808.84,2829.53,2807.03,2829.32,7.31364747,86.3159626657
2018-05-09,801140,2826.32,2826.55,2812.57,2823.94,5.8101447,74.8492314344
2018-05-10,801140,2831.03,2850.25,2831.03,2848.85,6.81057669,83.8422190663
2018-05-11,801140,2858.25,2861.83,2837.64,2839.61,7.55784818,92.3012089808
2018-05-14,801140,2837.16,2845.32,2817.43,2826.51,6.06903924,75.2672254472
2018-05-15,801140,2830.72,2851.09,2824.95,2850.96,6.09204681,81.1869816545
2018-05-16,801140,2845.05,2855.78,2830.17,2842.46,5.82566355,79.0743847957
2018-05-17,801140,2836.05,2837.51,2810.93,2818.59,6.15210336,74.8734537599
2018-05-18,801140,2813.3,2836.76,2812.4,2836.76,6.55162979,82.17640724479999
2018-05-21,801140,2843.74,2861.71,2840.13,2859.43,7.62988067,102.80057574530001
2018-05-22,801140,2858.4,2868.09,2851.7,2868.04,7.27719807,96.0834872753
2018-05-23,801140,2863.26,2863.26,2841.68,2841.84,8.15931803,101.9927531465
2018-05-24,801140,2840.83,2848.01,2831.07,2834.12,6.69635765,85.0930995514
2018-05-25,801140,2831.53,2835.69,2809.31,2813.02,6.65970217,81.9442455215
2018-05-28,801140,2805.57,2811.76,2776.08,2803.43,6.24734058,78.4169415161
2018-05-29,801140,2793.91,2809.55,2780.46,2781.43,6.28591905,83.9176924786
2018-05-30,801140,2748.7,2749.93,2713.16,2713.16,7.38986187,89.74409975469999
2018-05-31,801140,2725.54,2775.07,2725.42,2774.99,6.31984038,79.7438332289
2018-06-01,801140,2766.58,2794.45,2742.65,2757.48,6.43329646,95.23539868719999
2018-06-04,801140,2760.66,2774.52,2755.47,2767.54,6.16568249,79.7997540214
2018-06-05,801140,2759.55,2789.4,2758.57,2789.4,5.63493533,77.709184047
2018-06-06,801140,2788.09,2796.01,2782.58,2791.65,6.87304958,81.4495430703
2018-06-07,801140,2793.19,2795.45,2765.81,2769.12,6.42935204,75.1024845888
2018-06-08,801140,2758.24,2758.94,2713.09,2729.72,6.26930208,67.9946609191
2018-06-11,801140,2721.68,2727.17,2701.45,2708.74,5.59435071,62.743106824799995
2018-06-12,801140,2708.11,2722.23,2674.34,2722.23,5.51553778,64.2051015479
2018-06-13,801140,2713.91,2714.11,2673.16,2674.23,6.85967417,64.5353799586
2018-06-14,801140,2662.19,2687.29,2659.1,2667.09,5.29503905,58.5414499317
2018-06-15,801140,2664.1,2669.97,2608.07,2619.62,6.03643447,61.4444285616
2018-06-19,801140,2584.28,2585.44,2417.88,2440.17,8.42650489,73.5507556891
2018-06-20,801140,2424.0,2476.19,2407.4,2463.86,7.94854211,67.5570462865
2018-06-21,801140,2457.19,2480.02,2409.99,2413.33,7.56196194,66.67045922220001
2018-06-22,801140,2396.4,2437.72,2379.28,2436.14,7.03096712,54.785232678199996
2018-06-25,801140,2448.15,2454.16,2415.19,2416.67,6.23849693,51.7597604467
2018-06-26,801140,2387.76,2417.78,2375.16,2414.75,6.67514881,59.3324905858
2018-06-27,801140,2412.29,2431.86,2390.54,2398.03,6.80587379,63.3895270313
2018-06-28,801140,2389.01,2410.45,2369.18,2372.28,5.83972376,57.002191897399996
2018-06-29,801140,2371.14,2428.13,2359.32,2427.57,6.78800007,64.48106374449999
2018-07-02,801140,2428.61,2440.49,2367.22,2384.68,8.12557225,67.6296716167
2018-07-03,801140,2381.43,2392.52,2333.22,2386.9,8.92091145,76.3012516949
2018-07-04,801140,2376.32,2376.82,2338.11,2346.33,9.20831284,71.5541598435
2018-07-05,801140,2339.21,2344.97,2282.42,2283.67,8.12294854,64.566742387
2018-07-06,801140,2284.82,2313.58,2236.46,2297.38,8.15502496,65.8253460407
2018-07-09,801140,2296.17,2341.28,2295.97,2341.28,6.96214922,61.383513561899996
2018-07-10,801140,2342.12,2359.97,2333.87,2359.01,7.27320226,66.7627646631
2018-07-11,801140,2326.02,2327.11,2273.48,2303.48,8.75278352,72.7035101261
2018-07-12,801140,2290.69,2366.94,2290.69,2362.35,8.81377786,76.7362091362
2018-07-13,801140,2363.82,2368.51,2352.92,2368.04,7.66146466,67.1615419755
2018-07-16,801140,2354.76,2367.01,2345.61,2361.51,6.00064148,53.6110917122
2018-07-17,801140,2360.76,2360.83,2335.42,2360.3,7.17270986,61.2750241316
2018-07-18,801140,2364.24,2378.22,2354.53,2354.62,7.09244505,61.7638206403
2018-07-19,801140,2353.36,2363.26,2325.23,2328.35,6.8693112,61.6710941854
2018-07-20,801140,2327.92,2358.45,2319.05,2356.71,6.73714846,63.1941821045
2018-07-23,801140,2356.3,2366.5,2345.98,2366.13,7.61137382,69.3818252272
2018-07-24,801140,2361.28,2420.24,2361.28,2417.8,10.96796631,91.9798363149
2018-07-25,801140,2415.31,2424.66,2413.04,2421.56,8.71638277,74.2640084737
2018-07-26,801140,2419.99,2430.22,2412.4,2415.57,11.27970534,85.8536922766
2018-07-27,801140,2413.85,2420.7,2401.44,2402.72,9.14154234,68.3853088191
2018-07-30,801140,2399.66,2399.76,2363.3,2372.82,7.29714569,60.0609506904
2018-07-31,801140,2371.55,2378.99,2364.49,2374.85,5.55570762,46.07931071
2018-08-01,801140,2378.26,2387.85,2338.95,2343.42,8.2957506,67.7925370131
2018-08-02,801140,2332.65,2333.52,2218.11,2261.26,8.70990454,68.4798887066
2018-08-03,801140,2253.29,2269.74,2240.88,2240.88,6.23169301,53.4344292974
2018-08-06,801140,2237.67,2241.23,2175.08,2190.91,6.72379211,57.3611010771
2018-08-07,801140,2187.68,2232.37,2162.07,2232.36,6.917183,60.2992000808
2018-08-08,801140,2224.54,2224.96,2178.74,2181.59,6.5189365,57.4774951071
2018-08-09,801140,2175.86,2239.97,2170.32,2231.61,6.97023607,57.8986468258
2018-08-10,801140,2227.26,2247.99,2225.08,2247.04,5.96302745,49.7869367862
2018-08-13,801140,2224.48,2250.7,2209.96,2250.29,6.40244999,50.1023206067
2018-08-14,801140,2249.46,2259.96,2245.87,2251.22,6.38703849,52.074729691
2018-08-15,801140,2251.47,2252.0,2204.68,2207.06,7.10002986,56.1290053297
2018-08-16,801140,2181.16,2209.45,2165.64,2186.6,7.56578276,56.4493224903
2018-08-17,801140,2204.43,2211.13,2148.12,2152.64,8.0768406,60.39559551
2018-08-20,801140,2146.78,2166.34,2130.49,2165.42,7.14088068,50.4401102154
2018-08-21,801140,2168.9,2205.62,2166.05,2202.27,7.68711472,54.343715950299995
2018-08-22,801140,2198.2,2199.43,2176.17,2180.0,6.1510584,46.477163022
2018-08-23,801140,2177.78,2192.61,2165.96,2187.61,6.16830449,49.4851127587
2018-08-24,801140,2181.17,2193.75,2173.93,2180.7,5.99088228,45.3715964901
2018-08-27,801140,2189.05,2229.91,2188.3,2228.82,6.69113784,52.44066973020001
2018-08-28,801140,2231.07,2232.91,2219.72,2227.9,7.33032487,57.3433228067
2018-08-29,801140,2222.69,2223.06,2203.37,2211.93,5.87196585,48.470978862399996
2018-08-30,801140,2209.74,2216.74,2188.66,2191.04,5.48260816,44.3470177779
2018-08-31,801140,2180.07,2181.53,2149.78,2164.01,5.47308099,44.7361394316
2018-09-03,801140,2158.98,2159.74,2126.59,2158.21,5.68211627,44.3495112507
2018-09-04,801140,2156.16,2182.97,2154.89,2179.03,6.43347259,47.5703714543
2018-09-05,801140,2175.03,2176.11,2137.18,2137.18,6.29725774,48.6268370513
2018-09-06,801140,2130.18,2142.18,2102.18,2112.33,5.62474575,44.753242253100005
2018-09-07,801140,2115.78,2143.08,2106.43,2123.24,5.75508098,43.3467832136
2018-09-10,801140,2123.94,2124.03,2076.86,2079.08,5.92841927,46.0212834898
2018-09-11,801140,2078.96,2088.88,2066.21,2081.8,5.57287289,41.6279380125
2018-09-12,801140,2079.86,2095.8,2073.6,2086.49,4.93598928,40.029518062
2018-09-13,801140,2103.07,2110.61,2079.53,2103.31,5.16367524,41.0259985057
2018-09-14,801140,2104.23,2104.96,2081.21,2083.03,4.9117844,39.8190055715
2018-09-17,801140,2073.51,2074.01,2032.13,2038.82,5.1079476,39.5404768187
2018-09-18,801140,2032.62,2063.69,2028.51,2062.62,5.78597424,41.0266123841
2018-09-19,801140,2060.35,2110.31,2054.6,2100.94,6.67652939,53.1542448724
2018-09-20,801140,2100.17,2110.53,2097.1,2104.32,5.8002653,44.335238268400005
2018-09-21,801140,2109.87,2136.83,2104.32,2134.34,7.14547653,54.3736316821
2018-09-25,801140,2120.96,2129.65,2113.21,2123.48,5.40042176,41.2820291725
2018-09-26,801140,2125.59,2141.07,2117.17,2128.81,6.18649784,47.9149715879
2018-09-27,801140,2128.54,2128.74,2096.95,2097.8,6.48179128,47.9997805904
2018-09-28,801140,2100.79,2120.01,2098.66,2120.01,5.23437289,41.301289705
2018-10-08,801140,2092.69,2092.91,2042.49,2044.53,5.7693219,44.601056672700004
2018-10-09,801140,2050.58,2070.06,2046.48,2052.96,4.8511433,37.3437136303
2018-10-10,801140,2057.45,2063.08,2040.29,2055.04,4.90288321,37.9475588028
2018-10-11,801140,2001.12,2001.35,1900.76,1911.34,9.64826647,70.2090234342
2018-10-12,801140,1892.84,1908.88,1822.33,1897.7,9.31184809,64.3116056083
2018-10-15,801140,1898.03,1898.13,1847.14,1851.79,6.87394214,53.9644948871
2018-10-16,801140,1850.85,1858.67,1804.8,1815.02,6.41854683,46.450739078699996
2018-10-17,801140,1836.1,1843.89,1794.7,1831.05,7.08142436,52.373277700500005
2018-10-18,801140,1821.0,1822.05,1780.58,1785.71,6.93269156,50.308363178
2018-10-19,801140,1760.32,1816.65,1753.36,1815.66,8.16906326,55.4408618813
2018-10-22,801140,1831.42,1915.4,1830.29,1901.36,11.52585017,80.3893113507
2018-10-23,801140,1900.6,1904.16,1855.49,1865.61,9.78707955,70.1389700696
2018-10-24,801140,1855.86,1876.43,1846.33,1860.8,7.8789266,57.081938576899994
2018-10-25,801140,1800.94,1840.39,1791.22,1840.39,8.44840817,57.55600892
2018-10-26,801140,1847.4,1859.59,1839.15,1848.42,7.5613375,50.8030342387
2018-10-29,801140,1844.63,1846.82,1807.12,1815.85,6.12412868,44.2890904785
2018-10-30,801140,1804.64,1840.29,1788.08,1834.72,7.26040404,51.3803830154
2018-10-31,801140,1837.4,1865.7,1837.2,1859.55,7.41728942,53.575164833
2018-11-01,801140,1870.01,1894.71,1869.53,1875.5,9.28886381,65.3491930859
2018-11-02,801140,1897.11,1941.5,1896.3,1941.5,12.98044047,88.8852034953
2018-11-05,801140,1931.06,1954.1,1922.88,1947.94,11.66539747,83.3075057397
2018-11-06,801140,1939.56,1947.66,1924.15,1947.2,9.11976829,62.973550628000005
2018-11-07,801140,1947.24,1959.57,1934.1,1934.55,11.31088681,69.6121248203
2018-11-08,801140,1943.07,1949.85,1931.07,1934.13,10.10338267,63.448373718599996
2018-11-09,801140,1927.51,1951.45,1920.9,1943.34,10.13393904,64.7681656938
2018-11-12,801140,1945.84,1995.52,1944.52,1995.2,12.51930341,85.4758442331
2018-11-13,801140,1973.26,2051.29,1971.53,2040.75,18.79018024,120.1184673696
2018-11-14,801140,2043.21,2061.92,2031.22,2035.83,18.63012858,123.1004856966
2018-11-15,801140,2032.18,2072.07,2031.98,2072.07,16.34781006,125.9804225812
2018-11-16,801140,2071.78,2101.48,2070.3,2092.69,17.47085763,133.23179039209998
2018-11-19,801140,2088.73,2101.01,2078.39,2099.8,16.44614632,123.29145152950001
2018-11-20,801140,2081.57,2081.59,2037.13,2039.91,15.03028345,108.03277886069999
2018-11-21,801140,2015.32,2048.34,2012.98,2047.34,14.02231187,98.7934404273
2018-11-22,801140,2050.42,2054.89,2038.01,2045.98,11.43512467,82.82252757970001
2018-11-23,801140,2042.09,2042.18,1958.8,1963.24,13.23967015,89.4842581489
2018-11-26,801140,1958.12,1971.21,1948.8,1957.45,9.00074329,63.6923338178
2018-11-27,801140,1968.6,1974.82,1948.8,1960.21,9.14281077,63.941632427200005
2018-11-28,801140,1960.27,1981.26,1934.82,1981.26,9.78849036,65.4360752988
2018-11-29,801140,1987.9,1997.8,1946.34,1947.53,10.11743086,71.0259616756
2018-11-30,801140,1937.9,1955.0,1913.99,1952.44,8.8556312,62.6396343305
2018-12-03,801140,1997.54,2022.26,1989.68,2013.92,12.52374737,89.2050293442
2018-12-04,801140,2009.87,2035.89,2005.95,2035.89,11.23421845,76.8174339868
2018-12-05,801140,1996.26,2029.48,1992.28,2014.16,11.17856049,76.4464832369
2018-12-06,801140,2004.3,2008.24,1975.91,1977.45,9.18737629,64.8095567626
2018-12-07,801140,1983.44,1985.48,1972.13,1977.46,6.64545265,46.8913138063
2018-12-10,801140,1967.21,1969.62,1945.08,1951.63,6.60610246,46.264201301099995
2018-12-11,801140,1954.91,1971.12,1954.61,1971.12,6.03486336,44.5657173699
2018-12-12,801140,1979.49,1986.5,1971.24,1976.64,6.3897445,48.9555718796
2018-12-13,801140,1982.36,2016.41,1969.47,2000.59,7.28584893,60.0894186926
2018-12-14,801140,2000.67,2003.49,1956.55,1959.17,8.45067928,60.66192383600001
2018-12-17,801140,1956.71,1961.91,1933.91,1960.55,6.75498942,50.074337605
2018-12-18,801140,1952.25,1967.5,1932.79,1953.57,8.04555753,64.4038629005
2018-12-19,801140,1953.54,1954.98,1930.2,1934.55,8.23367218,64.5955115612
2018-12-20,801140,1928.95,1939.69,1919.29,1934.57,7.86051787,64.87142505060001
2018-12-21,801140,1930.19,1935.53,1905.22,1914.89,7.60768387,62.1324953212
2018-12-24,801140,1911.11,1929.73,1905.84,1929.73,6.55626905,55.0236505701
2018-12-25,801140,1913.09,1919.82,1874.8,1916.59,9.05132941,69.28052897890001
2018-12-26,801140,1918.13,1927.38,1913.22,1921.48,8.40332394,68.2990742249
2018-12-27,801140,1941.32,1942.42,1889.06,1889.34,8.70188651,68.8913294241
2018-12-28,801140,1889.46,1896.02,1878.1,1887.35,7.23443846,56.6861520666
2019-01-02,801140,1889.41,1891.88,1869.24,1873.83,6.49912478,53.080525172600005
2019-01-03,801140,1871.32,1881.92,1857.09,1857.93,7.68364168,60.9366600855
2019-01-04,801140,1841.44,1895.68,1838.04,1895.67,9.5464855,65.300140983
2019-01-07,801140,1902.41,1926.4,1900.26,1921.91,10.69634537,71.0113039174
2019-01-08,801140,1917.37,1923.47,1912.98,1919.97,9.04197812,63.07449119
2019-01-09,801140,1923.28,1952.96,1919.63,1931.91,11.54037907,82.0263109893
2019-01-10,801140,1930.04,1948.06,1925.62,1928.85,9.98057169,75.58922057859999
2019-01-11,801140,1928.65,1940.52,1919.26,1940.52,9.05246173,68.7746951286
2019-01-14,801140,1939.24,1940.92,1922.86,1927.81,10.36004712,78.5602702756
2019-01-15,801140,1921.83,1941.25,1912.61,1941.02,10.83850813,74.634004349
2019-01-16,801140,1938.18,1945.17,1932.57,1938.16,9.19238624,66.4708674841
2019-01-17,801140,1938.75,1945.68,1927.35,1930.23,9.52554386,67.899163034
2019-01-18,801140,1932.61,1946.94,1922.52,1946.88,9.62956168,73.5468012818
2019-01-21,801140,1947.25,1963.8,1946.26,1957.81,8.31754682,66.3542524779
2019-01-22,801140,1959.56,1959.65,1930.63,1936.99,8.00309364,61.1843159685
2019-01-23,801140,1935.79,1947.5,1935.31,1946.41,7.37382578,56.0702917118
2019-01-24,801140,1951.43,1953.74,1937.37,1947.53,8.1156297,58.654447966599996
2019-01-25,801140,1947.38,1968.75,1943.64,1956.07,11.72305006,82.113042632
2019-01-28,801140,1962.05,1976.71,1943.54,1949.51,9.98635391,74.0358900743
2019-01-29,801140,1944.09,1944.12,1899.16,1926.13,9.69729339,71.83657650100001
2019-01-30,801140,1907.08,1912.83,1882.88,1884.0,7.10542414,55.4093313661
2019-01-31,801140,1875.54,1884.31,1834.57,1845.52,9.84743254,67.0648721632
2019-02-01,801140,1854.83,1888.26,1854.06,1888.26,7.07912381,50.4317766021
2019-02-11,801140,1896.04,1938.27,1894.81,1938.27,8.18774377,59.842422111400005
2019-02-12,801140,1938.28,1974.14,1935.59,1974.06,11.05359082,78.8553403126
2019-02-13,801140,1970.82,2005.5,1969.69,2003.51,13.8384916,96.1779978328
2019-02-14,801140,2003.37,2021.31,1996.03,2012.75,13.09530041,97.2935524894
2019-02-15,801140,2007.14,2007.58,1990.24,1992.79,11.80332064,88.00382444280001
2019-02-18,801140,2002.14,2057.15,2001.77,2057.15,15.25928274,113.81743152770001
2019-02-19,801140,2065.94,2078.1,2043.91,2065.82,18.08778824,134.5578488699
2019-02-20,801140,2069.37,2086.05,2060.13,2086.05,15.40477479,118.63923485469999
2019-02-21,801140,2089.26,2121.78,2076.77,2090.58,20.76731035,158.484344425
2019-02-22,801140,2084.02,2119.56,2076.68,2119.56,18.47003727,145.2432496772
2019-02-25,801140,2140.42,2216.99,2137.58,2216.94,28.78992978,223.445750034
2019-02-26,801140,2216.46,2241.36,2189.74,2192.96,27.40934614,218.7025259189
2019-02-27,801140,2182.46,2207.61,2155.88,2179.82,23.45889378,178.7932947135
2019-02-28,801140,2175.82,2208.43,2173.59,2199.41,21.9357101,160.2815835482
2019-03-01,801140,2204.21,2207.44,2180.12,2206.46,18.46920646,137.935873209
2019-03-04,801140,2218.64,2280.29,2218.57,2252.86,27.48275306,210.76978016430002
2019-03-05,801140,2249.63,2315.6,2239.72,2315.6,24.98750189,194.4129634534
2019-03-06,801140,2326.05,2358.34,2296.35,2354.78,29.48858261,229.45569144569998
2019-03-07,801140,2355.03,2407.52,2343.87,2390.59,29.16106081,243.11099196849997
2019-03-08,801140,2342.71,2370.16,2268.73,2268.73,27.09819297,217.57196345
2019-03-11,801140,2271.39,2347.7,2270.51,2347.14,19.22671826,159.8709679473
2019-03-12,801140,2362.03,2407.02,2346.9,2385.98,26.37481788,215.67962184279997
2019-03-13,801140,2392.7,2412.55,2350.83,2363.77,24.13419963,203.1234894953
2019-03-14,801140,2345.13,2359.07,2280.77,2303.19,18.88310726,153.573866164
2019-03-15,801140,2310.84,2353.41,2309.96,2345.34,18.79528779,160.779993745
2019-03-18,801140,2349.07,2388.61,2324.19,2388.61,19.94398044,168.07750818469998
2019-03-19,801140,2396.34,2405.15,2383.11,2398.04,18.72605453,163.6277181182
2019-03-20,801140,2396.71,2403.87,2358.99,2397.45,17.97933219,154.8836728966
2019-03-21,801140,2404.34,2450.73,2403.12,2425.71,22.69899887,198.0315933407
2019-03-22,801140,2425.29,2462.71,2402.53,2462.71,21.83942732,204.2761517802
2019-03-25,801140,2425.96,2503.07,2419.44,2470.24,20.35164343,200.6445581612
2019-03-26,801140,2483.25,2497.75,2429.46,2434.91,21.49454733,217.6783890682
2019-03-27,801140,2453.03,2480.16,2405.34,2480.16,19.09905105,196.16902152810002
2019-03-28,801140,2478.07,2499.59,2446.61,2447.24,20.47745625,221.423522081
2019-03-29,801140,2441.24,2510.31,2427.77,2507.86,21.37863007,217.62443325919998
2019-04-01,801140,2532.5,2613.08,2532.5,2613.08,26.20843628,270.4329883851
2019-04-02,801140,2632.49,2645.19,2610.28,2620.0,25.15134846,263.3454025292
2019-04-03,801140,2603.71,2640.38,2590.28,2640.38,24.93181517,242.07065496849998
2019-04-04,801140,2645.46,2661.26,2620.38,2652.12,25.1719219,243.8201760667
2019-04-08,801140,2664.05,2671.15,2597.58,2645.68,28.68773916,282.4357460321
2019-04-09,801140,2630.75,2645.74,2614.13,2639.23,21.99337963,229.46233978630002
2019-04-10,801140,2617.71,2672.57,2606.03,2647.0,22.58530866,217.0292605375
2019-04-11,801140,2638.89,2638.89,2579.2,2581.99,20.6950971,193.1155228244
2019-04-12,801140,2572.07,2584.39,2541.44,2562.87,17.57513445,168.1798649843
2019-04-15,801140,2582.05,2590.23,2528.8,2533.75,20.45205561,186.2526306392
2019-04-16,801140,2522.87,2570.8,2498.09,2570.8,17.01847048,163.7502368922
2019-04-17,801140,2569.65,2600.11,2565.7,2591.38,19.86073263,187.4589378775
2019-04-18,801140,2592.19,2604.87,2579.39,2580.46,18.34822723,186.963202085
2019-04-19,801140,2578.2,2591.62,2552.61,2585.1,18.11791587,176.6036539522
2019-04-22,801140,2585.46,2585.53,2530.86,2538.16,19.08247937,182.2790746507
2019-04-23,801140,2531.19,2532.4,2494.25,2501.46,19.54180947,180.308625982
2019-04-24,801140,2502.52,2519.32,2472.6,2519.32,15.03590967,136.43001566430002
2019-04-25,801140,2513.65,2520.15,2424.8,2424.8,17.59476538,156.1141824342
2019-04-26,801140,2409.77,2424.77,2390.83,2391.02,13.64479516,121.88359081950001
2019-04-29,801140,2387.77,2394.34,2311.77,2319.82,15.78225241,130.6625281351
2019-04-30,801140,2304.21,2354.81,2304.21,2339.9,13.08575288,118.840569146
2019-05-06,801140,2263.44,2263.44,2152.78,2169.69,16.70216753,127.17145078840001
2019-05-07,801140,2176.84,2212.58,2157.51,2200.08,13.72370229,111.2230757903
2019-05-08,801140,2157.13,2231.28,2144.08,2203.79,13.62484531,112.9612470046
2019-05-09,801140,2182.06,2201.27,2165.28,2168.06,10.93196403,92.7987948743
2019-05-10,801140,2193.75,2245.28,2157.22,2245.2,14.34390373,122.2785915458
2019-05-13,801140,2224.27,2235.39,2215.31,2232.52,11.74070163,103.184485562
2019-05-14,801140,2202.03,2240.4,2202.03,2223.89,11.72936326,103.6859683128
2019-05-15,801140,2237.25,2279.3,2236.84,2279.3,14.2073975,124.0741175666
2019-05-16,801140,2272.06,2289.8,2267.85,2285.18,13.51231416,119.5987635207
2019-05-17,801140,2281.63,2281.65,2181.3,2192.06,13.7904429,115.17892489100001
2019-05-20,801140,2185.82,2185.82,2121.23,2164.15,9.80450373,79.03102732069999
2019-05-21,801140,2161.16,2217.64,2157.85,2213.86,10.1991437,89.9179498749
2019-05-22,801140,2210.09,2214.52,2183.59,2196.98,9.61417339,83.0396389821
2019-05-23,801140,2183.85,2184.65,2143.45,2149.59,9.08977793,76.49875080470001
2019-05-24,801140,2143.67,2159.63,2133.39,2138.92,7.46465139,66.0780335473
2019-05-27,801140,2142.21,2179.78,2118.03,2177.6,9.59156898,80.8668356459
2019-05-28,801140,2173.19,2198.27,2167.29,2176.24,10.52535723,94.94083457110001
2019-05-29,801140,2166.45,2193.78,2165.06,2181.31,8.66191211,75.80230929390001
2019-05-30,801140,2170.87,2171.42,2138.92,2161.63,7.87491969,70.2105204059
2019-05-31,801140,2161.79,2181.76,2157.66,2165.61,8.42481981,72.7254795279
2019-06-03,801140,2161.83,2169.09,2124.84,2139.12,10.44143825,84.2467545295
2019-06-04,801140,2133.15,2133.55,2094.0,2101.15,8.28078987,65.2730387699
2019-06-05,801140,2116.46,2120.68,2089.47,2090.45,8.01578795,65.09649907949999
2019-06-06,801140,2090.81,2090.81,2040.59,2050.86,8.87839739,67.3171127773
2019-06-10,801140,2054.13,2066.73,2039.62,2063.97,7.9044511,62.3734435968
2019-06-11,801140,2066.54,2132.85,2065.14,2131.47,12.75180774,95.408022303
2019-06-12,801140,2128.94,2133.27,2108.69,2113.49,11.29337064,87.4438769988
2019-06-13,801140,2105.34,2131.18,2095.5,2127.14,11.55104829,86.0921933311
2019-06-14,801140,2127.26,2130.91,2084.43,2085.62,13.36133242,88.53912656920001
2019-06-17,801140,2081.38,2089.91,2062.65,2068.55,9.55969043,64.966506756
2019-06-18,801140,2066.65,2074.16,2055.99,2072.56,9.39546377,61.169634360100005
2019-06-19,801140,2107.48,2117.78,2098.31,2099.63,12.21237164,86.7872441807
2019-06-20,801140,2102.65,2141.39,2093.0,2138.29,13.46123555,95.7094205671
2019-06-21,801140,2152.15,2179.74,2151.91,2170.78,15.11919866,113.0471942452
2019-06-24,801140,2172.54,2177.11,2162.65,2174.92,12.90251115,92.28968282940001
2019-06-25,801140,2173.32,2173.52,2136.81,2158.84,13.83578571,93.85417228520001
2019-06-26,801140,2147.6,2165.39,2140.55,2161.76,11.1714529,78.94651934689999
2019-06-27,801140,2163.6,2184.63,2163.19,2179.92,11.74962535,89.41702510549999
2019-06-28,801140,2175.97,2176.05,2139.6,2154.05,11.13234258,79.5682971398
2019-07-01,801140,2185.8,2211.08,2180.06,2211.08,13.19162985,100.4505245506
2019-07-02,801140,2210.47,2217.82,2204.5,2212.71,12.49074215,102.0389261709
2019-07-03,801140,2213.37,2213.48,2179.79,2189.73,11.84480149,96.8603371229
2019-07-04,801140,2191.28,2203.63,2178.76,2189.58,10.71749393,88.3856080831
2019-07-05,801140,2189.78,2199.59,2179.34,2196.06,8.6438382,74.8603138392
2019-07-08,801140,2189.66,2189.98,2118.72,2125.59,11.10587476,87.47261767450001
2019-07-09,801140,2121.75,2133.13,2112.18,2131.0,7.52488623,63.8591071257
2019-07-10,801140,2133.04,2134.32,2108.39,2112.23,7.71497581,64.7318444202
2019-07-11,801140,2122.22,2138.34,2109.58,2116.77,8.45800806,66.3427271799
2019-07-12,801140,2116.98,2119.5,2107.23,2115.04,7.23667763,57.163262214
2019-07-15,801140,2114.68,2134.09,2082.73,2128.81,8.6489289,66.2545177821
2019-07-16,801140,2125.27,2129.65,2119.58,2127.97,8.24067358,64.5896242551
2019-07-17,801140,2122.66,2127.91,2117.13,2119.01,7.25697877,57.852798909300006
2019-07-18,801140,2111.32,2111.59,2081.61,2082.19,7.46218183,57.3790384128
2019-07-19,801140,2086.04,2109.38,2085.56,2095.49,6.85253647,54.0574074316
2019-07-22,801140,2093.04,2093.68,2045.16,2046.24,8.01408771,61.215460866899996
2019-07-23,801140,2044.63,2060.01,2043.91,2060.01,5.33200275,42.952035725600005
2019-07-24,801140,2064.5,2093.3,2064.47,2088.76,6.8433946,53.9135539432
2019-07-25,801140,2090.4,2099.71,2087.11,2099.71,7.060157,53.7762987294
2019-07-26,801140,2092.7,2106.66,2088.81,2104.97,6.52078742,52.7360509409
2019-07-29,801140,2101.19,2104.63,2094.62,2104.63,6.13674605,49.65552247189999
2019-07-30,801140,2101.58,2124.29,2101.56,2111.65,6.79882653,54.72129159399999
2019-07-31,801140,2108.33,2108.45,2091.72,2095.71,6.56201131,49.241992878699996
2019-08-01,801140,2085.21,2088.65,2069.12,2076.14,6.34359753,52.1580892054
2019-08-02,801140,2038.9,2050.37,2030.65,2046.87,8.59087196,58.846827965900005
2019-08-05,801140,2039.36,2051.7,2024.32,2025.03,8.83579485,59.74642511850001
2019-08-06,801140,1993.49,1994.08,1932.11,1970.42,12.54362022,80.1094606939
2019-08-07,801140,1978.2,1983.32,1969.96,1971.85,7.94815779,59.612621091
2019-08-08,801140,1977.77,1988.52,1973.0,1982.79,8.10189061,63.2493603155
2019-08-09,801140,1986.13,1988.44,1961.17,1963.79,8.0578525,63.3722276126
2019-08-12,801140,1963.14,1985.2,1957.67,1985.2,6.55975728,52.5423480731
2019-08-13,801140,1977.05,1985.0,1970.23,1984.97,7.79002264,57.93139234149999
2019-08-14,801140,2004.84,2010.21,1996.51,1998.72,8.43885948,65.342539325
2019-08-15,801140,1963.45,2008.51,1957.19,2008.51,10.26942896,76.764635785
2019-08-16,801140,2009.14,2026.36,2006.03,2018.22,8.46780944,70.9479442749
2019-08-19,801140,2029.82,2076.92,2029.72,2076.92,10.76032263,85.3718153733
2019-08-20,801140,2080.76,2089.87,2073.13,2076.53,11.27251977,95.72838162010001
2019-08-21,801140,2073.54,2086.07,2072.33,2079.07,9.65783552,82.6182003301
2019-08-22,801140,2083.76,2093.43,2074.24,2093.43,9.59060774,81.79644693670001
2019-08-23,801140,2093.84,2095.88,2082.62,2093.75,10.22558923,82.75788151340001
2019-08-26,801140,2059.2,2082.09,2058.48,2076.43,11.5999228,93.9468951517
2019-08-27,801140,2080.32,2110.57,2079.56,2101.66,11.48699122,94.7358712278
2019-08-28,801140,2097.09,2104.08,2093.03,2093.29,10.26284065,83.035188503
2019-08-29,801140,2098.39,2099.77,2085.53,2095.07,9.32211462,74.9857481913
2019-08-30,801140,2100.8,2103.09,2058.2,2062.51,9.91874564,76.3552032369
2019-09-02,801140,2062.65,2098.71,2061.54,2098.71,9.67300921,80.8166675448
2019-09-03,801140,2099.03,2106.64,2093.83,2106.64,8.5492722,75.04336448779999
2019-09-04,801140,2102.41,2116.16,2097.98,2116.16,9.49534686,81.5412197948
2019-09-05,801140,2123.57,2150.56,2122.81,2131.42,13.18888223,106.2635462474
2019-09-06,801140,2131.98,2135.09,2116.23,2127.78,9.62326997,83.8949570109
2019-09-09,801140,2142.93,2163.22,2135.7,2163.21,11.08633505,93.4898848258
2019-09-10,801140,2164.58,2185.69,2154.78,2185.69,12.37084685,103.4806029734
2019-09-11,801140,2192.18,2203.64,2181.89,2183.28,14.58310076,119.6945991808
2019-09-12,801140,2185.31,2191.9,2167.73,2188.72,10.59807408,93.69397918940001
2019-09-16,801140,2189.08,2190.78,2175.89,2183.64,11.14073202,96.57479766639999
2019-09-17,801140,2178.98,2179.06,2135.11,2141.62,11.11348181,92.3026213166
2019-09-18,801140,2144.45,2151.32,2136.35,2142.76,7.94247028,73.84541282810001
2019-09-19,801140,2146.61,2158.06,2136.64,2158.05,8.12528437,71.3598283809
2019-09-20,801140,2159.93,2163.22,2151.98,2155.5,7.84448387,76.6062533383
2019-09-23,801140,2151.39,2151.5,2123.77,2135.07,8.65528079,78.4952235145
2019-09-24,801140,2135.18,2152.06,2131.13,2135.07,8.51140006,75.3501420605
2019-09-25,801140,2129.69,2129.79,2103.02,2103.92,9.02330166,78.9741113238
2019-09-26,801140,2105.97,2109.23,2060.12,2060.13,8.78976441,74.7895374772
2019-09-27,801140,2063.62,2080.96,2058.91,2076.4,7.35154495,65.2457492609
2019-09-30,801140,2074.98,2081.44,2063.42,2064.28,6.31806607,60.3896407984
2019-10-08,801140,2067.0,2078.78,2064.17,2066.4,7.28086339,67.1329412719
2019-10-09,801140,2061.16,2084.78,2056.41,2084.78,7.04931395,62.4010515672
2019-10-10,801140,2086.68,2105.89,2082.84,2105.72,7.93742577,68.8560760355
2019-10-11,801140,2108.15,2120.34,2099.45,2114.81,9.06523321,77.4385973295
2019-10-14,801140,2129.17,2147.75,2128.42,2143.72,11.65067678,98.2734191388
2019-10-15,801140,2138.19,2138.24,2121.77,2123.4,9.59388147,82.0152461318
2019-10-16,801140,2126.86,2131.09,2115.39,2117.93,8.84966895,73.3368907523
2019-10-17,801140,2114.47,2131.08,2113.6,2124.24,9.00783146,72.3093745619
2019-10-18,801140,2126.12,2137.09,2105.41,2111.29,10.69699303,87.2157914225
2019-10-21,801140,2106.03,2106.03,2077.59,2094.94,8.82883818,67.8672246521
2019-10-22,801140,2095.76,2128.23,2095.64,2128.23,8.58901119,71.67099845119999
2019-10-23,801140,2128.66,2138.92,2119.59,2126.14,9.5929833,78.4791652091
2019-10-24,801140,2119.37,2120.45,2105.72,2114.95,8.32322666,71.56897802659999
2019-10-25,801140,2117.31,2142.1,2112.9,2141.04,8.79163454,71.98420361149999
2019-10-28,801140,2153.92,2179.11,2153.91,2179.11,11.79701438,94.3740845167
2019-10-29,801140,2184.19,2186.15,2169.65,2169.72,11.822603,95.12196597350001
2019-10-30,801140,2164.18,2166.69,2139.19,2146.0,13.10145964,125.6849331088
2019-10-31,801140,2140.74,2144.38,2111.96,2113.16,11.77147261,106.6167237408
2019-11-01,801140,2106.25,2126.57,2098.76,2126.57,10.42312928,89.6681120682
2019-11-04,801140,2127.58,2153.89,2127.48,2142.61,12.30731023,106.9590887281
2019-11-05,801140,2142.16,2162.53,2138.96,2157.5,11.68641199,110.04281439040001
2019-11-06,801140,2159.75,2161.55,2131.92,2138.7,11.3303502,103.20293139729999
2019-11-07,801140,2132.01,2155.68,2132.01,2149.95,9.67744734,93.5246929156
2019-11-08,801140,2160.69,2164.29,2143.02,2144.48,9.81691527,95.0759251608
2019-11-11,801140,2133.8,2133.8,2100.43,2104.43,10.05284897,89.4472563517
2019-11-12,801140,2102.73,2119.72,2090.81,2119.72,9.72911087,85.7510858917
2019-11-13,801140,2113.96,2115.77,2103.42,2111.87,10.14473626,88.1246854682
2019-11-14,801140,2109.78,2122.08,2103.52,2115.69,9.46401643,84.67782528859999
2019-11-15,801140,2114.43,2117.35,2087.12,2087.63,10.14157592,87.5189274947
2019-11-18,801140,2084.85,2110.23,2077.06,2110.23,8.70689915,78.2324442997
2019-11-19,801140,2109.93,2153.64,2109.06,2153.64,10.5521702,96.8445149061
2019-11-20,801140,2154.62,2154.75,2135.64,2137.22,11.69700742,98.3585543012
2019-11-21,801140,2132.45,2143.98,2129.42,2138.64,11.0287968,88.28806385520001
2019-11-22,801140,2139.37,2151.6,2105.88,2115.73,11.05850437,92.49561917049999
2019-11-25,801140,2108.02,2110.57,2085.14,2104.56,9.24385706,75.3746617329
2019-11-26,801140,2103.89,2108.41,2099.23,2102.09,9.17406695,76.576540925
2019-11-27,801140,2100.62,2107.52,2088.62,2097.23,8.67049791,74.4047268625
2019-11-28,801140,2093.27,2101.95,2086.31,2088.78,7.58867318,62.5257732884
2019-11-29,801140,2086.44,2088.11,2067.05,2080.01,7.30309936,62.4553674181
2019-12-02,801140,2080.83,2080.83,2076.52,2078.19,7.33616093,64.61909754189999
2019-12-03,801140,2070.56,2089.89,2067.31,2089.89,7.52124775,60.5728872599
2019-12-04,801140,2083.39,2090.13,2080.97,2090.13,7.97696575,64.99025498729999
2019-12-05,801140,2092.12,2109.98,2091.34,2108.66,8.72594001,72.27727990609999
2019-12-06,801140,2109.57,2127.92,2105.88,2127.92,9.70261252,80.478753394
2019-12-09,801140,2129.72,2138.12,2119.67,2137.0,9.76300078,83.2528973663
2019-12-10,801140,2134.86,2139.53,2126.58,2139.01,8.7083732,75.5317917557
2019-12-11,801140,2140.07,2142.4,2129.14,2132.34,9.6213837,80.9831916003
2019-12-12,801140,2133.21,2133.23,2119.72,2121.41,8.94032231,74.9894643747
2019-12-13,801140,2130.94,2149.91,2130.59,2146.51,10.93964626,88.5554435962
2019-12-16,801140,2153.88,2169.45,2148.95,2169.45,12.51532523,112.1148394482
2019-12-17,801140,2171.08,2206.95,2169.5,2206.79,16.07105756,140.4474069621
2019-12-18,801140,2209.56,2231.19,2204.72,2224.44,15.48000215,134.7311713669
2019-12-19,801140,2227.36,2234.53,2220.13,2230.54,14.57696762,129.2000040996
2019-12-20,801140,2232.57,2235.04,2210.36,2210.36,14.22335976,118.9322647694
2019-12-23,801140,2201.57,2207.38,2177.37,2178.83,12.0389652,99.62094079190001
2019-12-24,801140,2183.39,2210.74,2183.01,2210.72,10.4551603,89.620288755
2019-12-25,801140,2212.43,2218.23,2203.93,2215.47,10.61104797,89.2858058858
2019-12-26,801140,2213.64,2226.95,2210.98,2226.95,10.02885438,87.4912511337
2019-12-27,801140,2227.2,2235.17,2210.45,2210.45,12.28163112,103.46345961530001
2019-12-30,801140,2200.2,2242.54,2181.11,2242.51,13.4604866,106.0712261005
2019-12-31,801140,2238.11,2252.23,2233.89,2251.05,10.2513522,84.5814528378
2020-01-02,801140,2269.16,2298.8,2268.82,2298.67,15.01802012,123.9125540901
2020-01-03,801140,2304.36,2308.57,2291.94,2302.32,15.35459051,121.0560294731
2020-01-06,801140,2294.62,2322.69,2292.19,2312.33,18.85871879,143.3459978957
2020-01-07,801140,2311.32,2340.45,2311.32,2340.45,17.16628775,130.3270952269
2020-01-08,801140,2333.65,2335.78,2302.54,2307.87,18.55518039,139.9823976832
2020-01-09,801140,2319.63,2342.93,2319.47,2342.93,14.18039085,113.67668632780001
2020-01-10,801140,2350.91,2362.31,2343.32,2356.59,14.19694074,120.8897617796
2020-01-13,801140,2358.04,2373.83,2337.04,2373.83,12.46176361,115.2536636577
2020-01-14,801140,2383.26,2385.77,2370.08,2371.37,12.7392396,122.1825768326
2020-01-15,801140,2370.91,2380.73,2357.82,2378.39,16.10993939,146.6450353756
2020-01-16,801140,2376.34,2381.06,2356.69,2360.31,13.67258943,130.5164481141
2020-01-17,801140,2362.88,2375.97,2355.31,2358.52,11.31982391,118.2433412645
2020-01-20,801140,2372.38,2395.02,2368.62,2395.02,12.16815069,127.21646779870001
2020-01-21,801140,2388.35,2388.79,2357.53,2358.34,11.31093519,109.89175512780001
2020-01-22,801140,2341.35,2354.25,2301.02,2345.8,10.25288989,102.57650042690001
2020-01-23,801140,2317.68,2318.11,2223.02,2241.55,13.31861673,117.8328154466
2020-02-03,801140,2029.75,2041.23,2025.96,2027.97,5.92723368,56.8834142743
2020-02-04,801140,1923.05,2025.38,1923.05,2022.06,18.42128338,135.8116054405
2020-02-05,801140,2030.11,2093.66,2030.11,2072.44,15.25725633,126.35734234280001
2020-02-06,801140,2080.1,2128.15,2061.33,2119.55,14.89320935,133.3777337515
2020-02-07,801140,2122.84,2138.68,2099.8,2138.35,14.79074753,127.56186954469999
2020-02-10,801140,2133.93,2163.98,2128.09,2163.62,15.82791492,134.0870478396
2020-02-11,801140,2162.25,2179.32,2148.43,2167.56,12.99930974,111.4015152433
2020-02-12,801140,2162.34,2192.49,2160.74,2192.49,11.67956726,103.6970071072
2020-02-13,801140,2197.87,2198.91,2164.18,2164.18,12.83936726,113.1166707501
2020-02-14,801140,2167.57,2173.9,2152.48,2164.56,9.97178233,89.764752111
2020-02-17,801140,2167.31,2232.51,2167.29,2232.51,13.9674266,169.9570302082
2020-02-18,801140,2244.2,2268.75,2234.54,2268.75,15.77624574,162.8657100954
2020-02-19,801140,2265.01,2270.05,2251.07,2258.83,15.93271734,171.3292264874
2020-02-20,801140,2263.13,2300.72,2254.18,2300.72,16.41107686,170.26422195840001
2020-02-21,801140,2303.63,2334.59,2303.63,2327.14,19.61702404,197.545563556
2020-02-24,801140,2321.94,2336.57,2294.92,2327.47,18.73559692,184.8842337154
2020-02-25,801140,2281.12,2309.85,2236.8,2305.35,23.20668648,204.62978029159999
2020-02-26,801140,2276.67,2322.32,2276.45,2284.9,20.2931319,176.82101409240002
2020-02-27,801140,2298.31,2325.11,2284.52,2312.93,20.0378562,165.7339394181
2020-02-28,801140,2241.82,2272.46,2194.74,2195.52,21.29514639,170.1691646582
2020-03-02,801140,2215.09,2285.46,2215.09,2282.79,17.57310593,158.5032930418
2020-03-03,801140,2310.52,2327.5,2280.01,2296.48,19.15806892,167.65640108719998
2020-03-04,801140,2283.98,2326.57,2283.98,2326.57,17.88285768,153.75489647790002
2020-03-05,801140,2344.24,2379.19,2336.43,2379.19,22.9055364,187.6786318938
2020-03-06,801140,2352.65,2384.65,2351.42,2372.2,20.07238778,160.6528290808
2020-03-09,801140,2343.76,2345.84,2280.36,2280.36,20.95953765,179.4382593114
2020-03-10,801140,2244.45,2322.55,2224.03,2322.31,19.81972879,155.4604143206
2020-03-11,801140,2323.93,2330.71,2288.65,2288.65,17.29154382,137.6485542026
2020-03-12,801140,2256.81,2260.68,2215.47,2232.27,13.82859156,117.7020467399
2020-03-13,801140,2118.39,2219.63,2115.3,2202.59,17.02703036,125.8577294573
2020-03-16,801140,2219.19,2220.19,2115.18,2119.42,19.00412685,138.0544324773
2020-03-17,801140,2129.28,2152.62,2044.07,2098.87,15.52173998,114.6295152668
2020-03-18,801140,2117.93,2145.57,2068.25,2068.25,14.64128447,112.3676332006
2020-03-19,801140,2061.83,2075.58,2013.38,2059.78,13.04334889,104.7142115484
2020-03-20,801140,2081.51,2100.66,2060.42,2100.53,11.38438499,93.4799997375
2020-03-23,801140,2049.43,2065.93,2016.63,2021.37,11.27950854,94.652976765
2020-03-24,801140,2058.61,2071.94,2022.57,2071.22,12.0155398,95.29927877729999
2020-03-25,801140,2115.32,2127.64,2101.66,2126.85,13.76207598,111.59164819440001
2020-03-26,801140,2111.79,2125.82,2103.9,2108.84,12.63385557,95.59076685049999
2020-03-27,801140,2130.02,2140.3,2114.07,2116.21,12.34088646,98.63523663309999
2020-03-30,801140,2085.7,2085.79,2053.48,2071.25,11.6659919,92.67948848360001
2020-03-31,801140,2084.8,2089.5,2068.13,2078.08,10.81142439,88.3532421616
2020-04-01,801140,2071.18,2088.85,2055.73,2060.99,10.52095101,84.208504373
2020-04-02,801140,2048.62,2097.56,2045.08,2097.56,11.15552747,89.1168332361
2020-04-03,801140,2095.9,2101.96,2076.77,2085.68,10.91129236,88.99430105200001
2020-04-07,801140,2115.6,2145.9,2114.17,2142.31,13.94027156,115.1802514205
2020-04-08,801140,2134.43,2147.04,2126.34,2142.45,12.23274164,104.43696919
2020-04-09,801140,2151.4,2172.64,2145.4,2167.81,13.16336378,109.6465478607
2020-04-10,801140,2165.67,2165.67,2124.72,2129.96,12.74542819,105.8153961141
2020-04-13,801140,2119.28,2122.96,2099.15,2118.17,9.4569336,76.4952239587
2020-04-14,801140,2128.9,2153.87,2128.17,2153.71,9.34750845,82.2007408707
2020-04-15,801140,2153.36,2156.43,2138.02,2140.8,10.84725393,95.7890382429
2020-04-16,801140,2128.3,2151.38,2125.9,2149.42,9.53786346,90.4224341086
2020-04-17,801140,2155.71,2163.41,2147.02,2149.26,10.51081284,95.9276170398
2020-04-20,801140,2151.28,2162.84,2139.8,2162.84,10.25145929,89.84372784950001
2020-04-21,801140,2155.45,2155.68,2126.39,2143.88,10.67554915,89.7339792798
2020-04-22,801140,2132.14,2159.54,2125.56,2159.07,10.606665,86.7902930505
2020-04-23,801140,2160.5,2164.51,2151.45,2153.56,11.22053707,99.74100605
2020-04-24,801140,2148.02,2148.73,2117.74,2125.37,10.62338255,88.4878113855
2020-04-27,801140,2119.82,2125.84,2103.36,2113.96,10.37953617,85.3231682622
2020-04-28,801140,2110.01,2110.03,2036.01,2080.7,12.71184268,104.04612575559999
2020-04-29,801140,2069.32,2081.41,2060.63,2067.96,10.47165468,86.30171703459999
2020-04-30,801140,2072.0,2095.7,2071.75,2092.87,10.28398469,90.4826852467
2020-05-06,801140,2072.3,2113.43,2072.3,2112.82,9.25987347,86.0384077234
2020-05-07,801140,2110.75,2117.71,2106.74,2110.78,8.30796187,81.31317432600001
2020-05-08,801140,2113.59,2140.72,2113.53,2136.33,8.95198024,88.2794385867
2020-05-11,801140,2143.55,2161.01,2136.14,2144.06,9.26245594,92.4383488535
2020-05-12,801140,2151.7,2157.81,2138.5,2155.84,9.55600421,96.3709811761
2020-05-13,801140,2145.84,2163.97,2140.11,2162.88,10.40605549,86.60239615450001
2020-05-14,801140,2156.8,2157.79,2144.57,2146.05,12.01904371,94.72849447520001
2020-05-15,801140,2151.4,2154.52,2133.8,2135.51,11.16208033,89.9543652228
2020-05-18,801140,2135.41,2143.62,2131.26,2135.39,10.31765966,86.2070323219
2020-05-19,801140,2146.38,2162.54,2142.47,2162.54,8.99489998,81.2924312963
2020-05-20,801140,2162.59,2162.59,2137.44,2142.91,10.102894,88.54645762620001
2020-05-21,801140,2147.51,2151.04,2127.19,2129.12,9.97543755,89.6481326267
2020-05-22,801140,2124.23,2124.23,2089.68,2102.27,9.57757286,84.87618506279999
2020-05-25,801140,2099.52,2107.36,2086.3,2106.4,7.75500172,72.3263141959
2020-05-26,801140,2113.39,2157.35,2112.82,2156.5,8.81099876,81.8699847667
2020-05-27,801140,2162.96,2202.43,2162.95,2195.74,12.31189412,111.5080563808
2020-05-28,801140,2196.46,2205.51,2163.54,2189.13,11.9561892,110.5457133206
2020-05-29,801140,2184.34,2225.49,2180.29,2222.82,9.8994262,106.4888569332
2020-06-01,801140,2233.1,2276.2,2233.04,2276.2,14.39470559,142.160259357
2020-06-02,801140,2278.75,2278.75,2250.55,2253.51,12.74198679,128.75067114430001
2020-06-03,801140,2257.91,2269.19,2250.54,2259.28,13.10002746,126.5145173775
2020-06-04,801140,2269.23,2277.75,2259.09,2277.72,15.12766651,122.730890815
2020-06-05,801140,2280.93,2280.95,2257.19,2270.53,15.83839929,122.17391890489999
2020-06-08,801140,2277.32,2278.23,2254.43,2255.95,13.61056194,115.005687425
2020-06-09,801140,2253.36,2265.52,2246.28,2262.99,13.6481896,105.3437107959
2020-06-10,801140,2262.22,2276.19,2258.34,2274.07,13.87804674,109.5222280973
2020-06-11,801140,2272.73,2272.8,2232.22,2242.35,13.11082423,120.0522693639
2020-06-12,801140,2201.57,2254.46,2200.49,2250.15,11.56419022,107.6234411928
2020-06-15,801140,2247.72,2262.42,2235.41,2235.41,12.14052721,116.6641748493
2020-06-16,801140,2252.72,2287.24,2252.57,2287.24,11.71804238,112.0676016684
2020-06-17,801140,2285.24,2285.27,2265.36,2282.44,11.04119458,106.0620552196
2020-06-18,801140,2283.41,2284.96,2268.89,2281.62,10.77527317,102.2132279814
2020-06-19,801140,2279.62,2305.88,2279.51,2301.89,12.70953819,122.9334940099
2020-06-22,801140,2306.7,2311.41,2284.56,2288.15,13.86421874,127.73904728469999
2020-06-23,801140,2286.33,2286.41,2267.97,2278.1,11.5082284,118.22409417
2020-06-24,801140,2278.23,2288.98,2271.53,2279.41,11.02775168,113.55650876530001
2020-06-29,801140,2274.18,2278.78,2261.25,2267.72,12.66123196,121.9779549741
2020-06-30,801140,2280.41,2302.15,2280.3,2300.52,10.51456897,106.8714204426
2020-07-01,801140,2310.04,2342.91,2300.92,2342.91,14.40438529,146.4076846273
2020-07-02,801140,2341.71,2366.88,2337.61,2366.88,17.84831782,168.1459091056
2020-07-03,801140,2367.51,2382.13,2353.39,2379.67,17.91149284,169.8827590599
2020-07-06,801140,2386.99,2463.03,2386.82,2463.03,24.89132039,230.74342411889998
2020-07-07,801140,2483.63,2537.26,2461.33,2515.76,27.11296971,256.254709274
2020-07-08,801140,2528.3,2556.89,2506.74,2556.89,25.70084427,254.6220954343
2020-07-09,801140,2552.27,2605.79,2546.94,2605.79,27.7202022,274.83306699959996
2020-07-10,801140,2591.83,2604.85,2560.07,2566.3,24.66644537,235.3086586796
2020-07-13,801140,2568.28,2653.57,2568.28,2653.57,23.529435,245.87779059189998
2020-07-14,801140,2659.94,2662.97,2599.42,2651.09,25.91362483,257.8762749897
2020-07-15,801140,2658.5,2669.35,2603.69,2629.32,22.93040769,242.1379148359
2020-07-16,801140,2626.24,2638.18,2500.86,2503.76,21.69370903,216.9944680629
2020-07-17,801140,2505.13,2557.95,2491.51,2538.57,16.83799256,164.8380557982
2020-07-20,801140,2557.06,2639.91,2557.04,2639.91,21.56662468,200.16329317080002
2020-07-21,801140,2639.4,2665.77,2628.28,2665.77,19.29252219,194.21425052849997
2020-07-22,801140,2659.65,2685.35,2652.18,2663.67,18.62416716,190.06345471310001
2020-07-23,801140,2642.16,2652.34,2575.47,2643.8,18.24052197,191.6455335036
2020-07-24,801140,2634.33,2634.38,2511.5,2523.08,18.38006948,192.3019130575
2020-07-27,801140,2530.18,2537.62,2492.05,2517.68,13.40101393,142.5931799041
2020-07-28,801140,2540.81,2562.04,2533.61,2556.05,14.18999548,138.6172938302
2020-07-29,801140,2551.66,2614.34,2536.92,2614.34,14.56356641,144.6975165341
2020-07-30,801140,2617.71,2632.84,2606.44,2616.2,13.87459801,155.63792534979999
2020-07-31,801140,2610.15,2652.7,2602.37,2652.21,15.4494442,159.946333305
2020-08-03,801140,2665.66,2696.96,2665.66,2696.96,17.65521844,189.3154311355
2020-08-04,801140,2700.91,2708.35,2679.45,2691.97,17.80716006,186.5758448085
2020-08-05,801140,2687.1,2741.99,2673.48,2741.25,17.85429312,195.2402694425
2020-08-06,801140,2744.37,2745.45,2699.77,2737.05,16.44696149,181.2107552048
2020-08-07,801140,2728.94,2738.43,2676.95,2712.46,15.8817308,174.1450414875
2020-08-10,801140,2709.15,2775.87,2704.64,2761.81,14.5817264,172.92468318529998
2020-08-11,801140,2767.96,2777.89,2698.77,2702.24,16.28688954,191.4736397286
2020-08-12,801140,2690.35,2697.49,2611.17,2662.76,17.51793524,174.8431219648
2020-08-13,801140,2672.83,2704.59,2662.68,2687.97,16.84221302,149.6517814349
2020-08-14,801140,2681.1,2714.5,2673.96,2714.5,14.56951671,141.8102712541
2020-08-17,801140,2718.09,2764.95,2706.32,2764.11,16.52971424,173.99076303610002
2020-08-18,801140,2765.45,2786.73,2762.01,2782.19,16.37853161,176.02196330900003
2020-08-19,801140,2777.47,2789.66,2749.15,2751.56,15.24254064,164.2693727878
2020-08-20,801140,2737.83,2757.52,2720.7,2729.35,14.36413839,153.7320444576
2020-08-21,801140,2741.94,2784.56,2741.89,2776.49,14.93059495,163.77863782379998
2020-08-24,801140,2786.05,2787.49,2762.48,2781.22,14.51093022,152.7546991498
2020-08-25,801140,2782.57,2786.28,2742.8,2748.93,14.30960286,148.3300579323
2020-08-26,801140,2748.93,2758.14,2692.16,2706.32,13.86427715,153.16341225629998
2020-08-27,801140,2711.82,2726.22,2694.32,2724.01,12.88388024,137.553219748
2020-08-28,801140,2728.9,2756.26,2712.34,2756.26,12.31090458,133.62444350200002
2020-08-31,801140,2760.55,2813.87,2760.55,2779.39,17.39184825,167.9859112947
2020-09-01,801140,2785.42,2799.79,2768.41,2799.79,12.91843793,137.8494837135
2020-09-02,801140,2806.56,2810.46,2777.2,2805.32,13.29246964,141.6484449953
2020-09-03,801140,2804.52,2818.47,2779.88,2789.68,13.84759408,140.5880211335
2020-09-04,801140,2744.2,2774.22,2739.03,2770.81,12.78558293,130.0287564661
2020-09-07,801140,2772.15,2794.55,2713.56,2719.54,15.60063076,155.95680154020002
2020-09-08,801140,2727.19,2732.52,2689.44,2730.2,14.23505041,132.3679916352
2020-09-09,801140,2705.81,2710.81,2649.22,2650.58,18.47649364,161.1605391293
2020-09-10,801140,2671.05,2685.09,2610.59,2614.53,16.95882271,148.0622197583
2020-09-11,801140,2608.89,2654.34,2605.74,2653.8,12.27475707,114.2274965703
2020-09-14,801140,2668.66,2686.28,2650.4,2672.48,13.03375476,121.96003790600001
2020-09-15,801140,2674.38,2692.24,2656.32,2692.24,11.84486642,113.9766599025
2020-09-16,801140,2688.18,2700.77,2662.11,2675.11,10.8686953,106.97759832
2020-09-17,801140,2669.21,2682.56,2644.71,2668.7,11.90279652,121.62818472
2020-09-18,801140,2668.47,2704.8,2668.47,2700.74,11.61546265,125.92217441
2020-09-21,801140,2713.16,2717.66,2688.55,2698.05,11.70715973,134.31211371
2020-09-22,801140,2677.17,2689.94,2650.99,2655.84,9.45693254,119.23242544
2020-09-23,801140,2674.83,2676.54,2657.09,2670.61,8.80529162,94.91598779
2020-09-24,801140,2658.02,2658.23,2598.16,2598.7,10.46888711,120.85864557
2020-09-25,801140,2605.73,2605.73,2568.36,2581.37,8.24298918,105.21093986
2020-09-28,801140,2584.88,2585.72,2549.1,2549.37,7.77575006,95.26024911
2020-09-29,801140,2562.06,2578.45,2550.65,2552.35,7.83545522,93.68211593
2020-09-30,801140,2559.33,2565.83,2532.7,2544.94,8.09727687,100.73259751
2020-10-09,801140,2578.46,2610.49,2576.77,2608.36,10.16068351,121.22740209
2020-10-12,801140,2618.12,2662.4,2617.85,2662.4,12.25950936,141.41775339
2020-10-13,801140,2658.72,2672.05,2643.38,2671.92,10.25219091,124.90521929
2020-10-14,801140,2669.7,2670.36,2656.78,2662.61,9.77865723,124.71938742
2020-10-15,801140,2662.29,2662.29,2646.46,2650.73,9.13377123,122.10820955
2020-10-16,801140,2647.75,2664.18,2637.01,2656.2,9.055219,114.37670282
2020-10-19,801140,2665.68,2671.65,2630.83,2637.54,8.41796586,108.84063935
2020-10-20,801140,2631.51,2667.33,2622.13,2667.33,8.71524226,108.68077535
2020-10-21,801140,2673.82,2673.82,2645.59,2654.39,9.49644589,127.42008503
2020-10-22,801140,2648.88,2649.59,2616.05,2637.39,8.50769402,118.84020805
2020-10-23,801140,2639.45,2651.8,2593.94,2596.68,9.12956827,120.24192455
2020-10-26,801140,2592.77,2599.76,2562.17,2597.07,8.61592125,105.66471412
2020-10-27,801140,2591.95,2615.36,2586.61,2613.77,8.70020606,115.05699649
2020-10-28,801140,2617.66,2644.51,2611.14,2641.81,8.93961007,117.53294189
2020-10-29,801140,2609.78,2678.13,2609.78,2673.29,9.63288185,132.0502465
2020-10-30,801140,2684.18,2684.18,2595.51,2599.67,11.78366428,153.52733398
2020-11-02,801140,2607.51,2633.83,2607.51,2623.3,10.2199755,127.50056352
2020-11-03,801140,2634.11,2660.03,2624.12,2660.03,8.89446514,113.68187737
2020-11-04,801140,2658.29,2663.69,2635.91,2662.79,8.65895755,106.06174551
2020-11-05,801140,2683.16,2709.3,2678.65,2709.25,10.02586607,126.88647012
2020-11-06,801140,2714.65,2714.67,2685.2,2701.24,11.03315801,134.81571501
2020-11-09,801140,2714.18,2746.48,2714.12,2740.49,13.9972528,166.45823413
2020-11-10,801140,2740.44,2740.44,2712.43,2721.4,11.96690129,147.9193094
2020-11-11,801140,2716.97,2726.16,2687.78,2689.41,9.77387261,115.18602116
2020-11-12,801140,2693.18,2715.97,2692.74,2711.92,11.00728082,115.19370785
2020-11-13,801140,2709.97,2710.04,2688.44,2705.92,10.23167931,117.13660385
2020-11-16,801140,2712.8,2740.41,2712.53,2740.41,14.01047514,153.98314447
2020-11-17,801140,2742.71,2742.71,2706.33,2722.28,13.25027241,153.08811026
2020-11-18,801140,2722.8,2731.16,2711.21,2723.88,14.08961435,153.42048571
2020-11-19,801140,2721.02,2746.33,2711.38,2745.46,12.45000778,138.02398921
2020-11-20,801140,2743.02,2763.48,2738.32,2763.18,11.97925177,130.48445805
2020-11-23,801140,2763.23,2791.57,2749.17,2782.88,16.05737901,160.47625212
2020-11-24,801140,2781.16,2784.24,2768.2,2780.3,13.34782763,138.00372211
2020-11-25,801140,2780.8,2780.8,2712.52,2712.52,12.75463178,139.55111907
2020-11-26,801140,2713.65,2716.65,2677.86,2695.07,10.14439307,110.27808385
2020-11-27,801140,2691.78,2692.8,2660.97,2689.31,11.12245295,109.1028483
2020-11-30,801140,2690.54,2690.57,2659.96,2664.82,12.64106086,139.99156608
2020-12-01,801140,2668.16,2709.59,2665.78,2707.55,11.90946516,126.31956143
2020-12-02,801140,2704.5,2708.67,2692.89,2706.83,13.31968482,139.2358682
2020-12-03,801140,2704.94,2709.41,2685.66,2702.21,13.83408487,135.83628897
2020-12-04,801140,2701.96,2735.74,2695.89,2735.72,13.13675435,127.06674435
2020-12-07,801140,2739.51,2746.03,2729.67,2733.66,12.8379858,124.79619621
2020-12-08,801140,2731.36,2734.7,2713.0,2714.91,12.06091464,122.82327274
2020-12-09,801140,2717.22,2722.46,2661.62,2661.62,13.88191751,135.79961987
2020-12-10,801140,2652.57,2673.92,2646.19,2660.4,11.79508108,121.24041852
2020-12-11,801140,2660.78,2666.58,2600.16,2618.76,11.9515755,128.84477463
2020-12-14,801140,2621.97,2652.55,2608.56,2652.42,11.48598416,121.78394378
2020-12-15,801140,2647.33,2658.08,2637.98,2655.89,11.05209469,119.96165666
2020-12-16,801140,2655.75,2661.94,2641.59,2642.29,11.01577471,114.23152088
2020-12-17,801140,2642.23,2660.54,2623.3,2660.54,11.8949277,120.62824553
2020-12-18,801140,2657.82,2665.98,2641.53,2645.97,13.0179331,122.1751457
2020-12-21,801140,2641.2,2667.74,2625.44,2667.23,11.78723481,127.19661633
2020-12-22,801140,2655.15,2665.33,2603.4,2606.41,12.36340269,140.41809724
2020-12-23,801140,2606.86,2616.95,2584.98,2595.13,11.14036172,128.55027727
2020-12-24,801140,2592.88,2592.88,2550.01,2555.46,11.24255146,127.87186649
2020-12-25,801140,2541.08,2571.87,2537.57,2569.78,11.89440968,136.47790931
2020-12-28,801140,2564.34,2570.19,2543.53,2551.51,12.39944512,137.4297319
2020-12-29,801140,2552.3,2566.66,2545.64,2548.9,10.70301677,123.76541013
2020-12-30,801140,2551.58,2576.32,2549.06,2566.44,10.71406363,116.91125256
2020-12-31,801140,2569.54,2605.78,2568.98,2605.76,11.55495933,122.22103298
