日期,index_code,open,high,low,close,volume,amount
2014-01-02,801180,2462.87,2466.97,2451.81,2459.28,8.97119249,57.864330932799994
2014-01-03,801180,2452.1,2452.66,2409.73,2421.87,9.22338537,60.2309783659
2014-01-06,801180,2414.61,2415.21,2324.8,2328.24,12.38950535,79.1695643179
2014-01-07,801180,2316.27,2339.22,2310.62,2321.96,9.00068686,59.9795778217
2014-01-08,801180,2325.17,2339.87,2295.14,2300.89,9.98623087,63.8140116171
2014-01-09,801180,2301.51,2330.42,2295.54,2297.3,10.83930646,72.3419173787
2014-01-10,801180,2288.18,2294.33,2265.35,2271.06,10.43676022,62.2862729793
2014-01-13,801180,2270.6,2287.39,2223.28,2241.98,10.28774311,68.1180446628
2014-01-14,801180,2237.06,2285.08,2210.31,2271.7,10.89531253,70.1019466601
2014-01-15,801180,2266.78,2273.12,2248.48,2261.73,9.82003226,63.4359427224
2014-01-16,801180,2262.64,2285.36,2251.84,2272.54,9.74976903,63.4922996411
2014-01-17,801180,2263.18,2265.9,2243.33,2245.57,8.11063531,51.8549864155
2014-01-20,801180,2240.41,2253.05,2234.15,2242.71,6.77900871,43.3267973681
2014-01-21,801180,2248.3,2274.42,2247.95,2271.19,8.51261366,55.4515726142
2014-01-22,801180,2276.54,2379.3,2272.77,2378.29,17.22839423,119.53756210879999
2014-01-23,801180,2377.8,2386.4,2355.67,2363.91,13.43374429,92.52601149600001
2014-01-24,801180,2356.22,2445.19,2354.46,2421.49,18.16128799,123.97160700389999
2014-01-27,801180,2403.91,2407.91,2384.53,2393.23,12.70143942,88.58864077540001
2014-01-28,801180,2396.45,2414.12,2379.13,2391.13,9.36674206,68.6558142128
2014-01-29,801180,2398.11,2401.16,2377.5,2387.92,9.05756375,64.1991923682
2014-01-30,801180,2382.89,2383.32,2354.11,2363.05,7.99193976,55.387188225100005
2014-02-07,801180,2347.8,2378.49,2334.26,2378.49,8.15651699,57.613117612399996
2014-02-10,801180,2385.97,2434.47,2385.92,2431.39,14.84821716,102.4549554818
2014-02-11,801180,2430.48,2458.83,2423.32,2451.22,16.86083435,117.3220477869
2014-02-12,801180,2454.37,2466.39,2447.8,2466.22,16.53873221,112.8158818331
2014-02-13,801180,2463.74,2464.95,2433.27,2433.27,16.9613593,116.6936953331
2014-02-14,801180,2434.24,2457.36,2429.88,2457.36,15.22093535,103.6954010059
2014-02-17,801180,2463.03,2466.32,2445.87,2466.32,17.02703711,113.31609579270001
2014-02-18,801180,2464.56,2464.59,2440.74,2453.04,18.14755788,121.7763721305
2014-02-19,801180,2451.1,2488.36,2444.89,2482.03,20.69026587,142.502424096
2014-02-20,801180,2484.01,2497.36,2449.12,2450.5,18.3743768,124.8792239157
2014-02-21,801180,2449.47,2457.64,2411.38,2425.75,15.55135519,107.3629867783
2014-02-24,801180,2390.74,2391.13,2289.54,2298.52,21.76454096,144.3334117174
2014-02-25,801180,2296.84,2305.28,2249.95,2259.24,19.21085927,123.7015643872
2014-02-26,801180,2249.18,2279.38,2234.53,2279.35,13.95506511,90.63232772139999
2014-02-27,801180,2284.61,2292.65,2248.24,2253.28,14.61463371,98.5067959174
2014-02-28,801180,2255.34,2286.61,2238.23,2286.61,12.36764919,81.3365433295
2014-03-03,801180,2280.45,2304.97,2272.57,2304.76,13.96364281,92.97097802370001
2014-03-04,801180,2325.62,2345.63,2310.04,2341.28,18.32683829,124.1666231638
2014-03-05,801180,2341.31,2341.6,2310.71,2312.55,13.90934321,92.2404189612
2014-03-06,801180,2311.88,2408.45,2296.5,2388.98,22.55661508,149.5536913913
2014-03-07,801180,2384.64,2394.83,2349.09,2356.19,15.76853694,106.6308026012
2014-03-10,801180,2337.41,2337.65,2271.03,2280.08,14.0974515,91.9798218784
2014-03-11,801180,2275.3,2340.12,2274.26,2324.63,15.63237245,104.22636543690001
2014-03-12,801180,2315.62,2390.17,2310.82,2358.55,21.20651223,135.6229339969
2014-03-13,801180,2353.7,2381.21,2342.42,2371.29,17.05750499,106.07514844459999
2014-03-14,801180,2359.5,2384.82,2335.55,2353.09,15.26977168,96.2180574595
2014-03-17,801180,2366.71,2400.22,2366.71,2400.22,15.48047241,103.40864104049999
2014-03-18,801180,2401.45,2402.27,2375.33,2386.84,15.7334375,107.39325085700001
2014-03-19,801180,2372.49,2386.0,2339.62,2386.0,18.01294259,120.84355882370001
2014-03-20,801180,2390.31,2439.14,2373.46,2373.46,22.09127108,148.9890882534
2014-03-21,801180,2365.11,2482.14,2361.0,2476.41,30.08783616,198.1255030692
2014-03-24,801180,2491.16,2561.59,2483.41,2549.04,35.07793887,235.51025645619998
2014-03-25,801180,2548.5,2586.65,2536.16,2549.67,32.24800133,222.7783049297
2014-03-26,801180,2555.86,2558.23,2512.82,2528.11,23.90078995,153.4770510361
2014-03-27,801180,2523.19,2580.14,2511.88,2538.78,30.24683015,208.22845083939998
2014-03-28,801180,2530.85,2572.59,2520.02,2528.17,29.77529329,194.5098397576
2014-03-31,801180,2534.02,2543.7,2485.02,2508.87,18.95534638,123.8825930597
2014-04-01,801180,2506.86,2538.59,2498.13,2534.59,18.1012445,115.8345258778
2014-04-02,801180,2538.59,2633.23,2538.58,2616.4,34.36310385,223.273722381
2014-04-03,801180,2616.45,2616.46,2556.96,2568.03,28.05968848,178.2064193045
2014-04-04,801180,2560.28,2588.39,2556.51,2582.8,20.04683716,131.2680529749
2014-04-08,801180,2571.0,2601.99,2559.97,2598.39,20.68635357,139.6659439755
2014-04-09,801180,2599.45,2610.19,2588.55,2600.31,19.28681364,136.851243958
2014-04-10,801180,2597.29,2599.18,2560.0,2582.26,23.26115974,164.2619783853
2014-04-11,801180,2568.31,2571.15,2548.64,2567.34,17.10290357,117.8573808197
2014-04-14,801180,2566.13,2588.24,2554.99,2588.24,17.90696128,130.72555550229998
2014-04-15,801180,2576.84,2579.33,2546.63,2553.5,20.14596827,146.7394776261
2014-04-16,801180,2544.05,2577.93,2543.88,2570.86,16.04271743,119.1345702716
2014-04-17,801180,2572.2,2574.56,2551.14,2551.78,15.27973806,112.6808862983
2014-04-18,801180,2541.84,2550.73,2529.74,2548.66,13.11846391,98.36219527959999
2014-04-21,801180,2527.85,2552.16,2501.29,2501.29,14.58419291,107.4303059628
2014-04-22,801180,2500.65,2526.53,2483.95,2526.52,15.72801875,125.9180738833
2014-04-23,801180,2517.68,2531.24,2511.11,2520.76,11.69769388,90.3198053043
2014-04-24,801180,2518.55,2572.02,2514.33,2538.35,16.11489903,120.6570257323
2014-04-25,801180,2558.23,2565.95,2512.74,2515.12,19.83411532,140.6117142539
2014-04-28,801180,2512.2,2524.29,2471.94,2473.2,19.88453473,130.0586347563
2014-04-29,801180,2461.25,2470.55,2433.74,2468.17,12.56596815,87.58465938200001
2014-04-30,801180,2456.18,2467.01,2446.5,2464.71,10.82250636,75.6521449876
2014-05-05,801180,2452.47,2452.6,2414.3,2436.67,12.07099161,81.6621168512
2014-05-06,801180,2425.33,2444.85,2421.79,2432.57,13.07737099,88.1930811556
2014-05-07,801180,2426.45,2434.9,2410.04,2411.68,12.82397032,88.9907013043
2014-05-08,801180,2387.87,2434.64,2373.84,2397.78,14.11058591,92.8144768744
2014-05-09,801180,2392.5,2392.77,2348.17,2363.56,11.76928704,73.9217845058
2014-05-12,801180,2375.47,2399.59,2349.85,2399.52,15.2884992,98.5850925885
2014-05-13,801180,2399.89,2431.74,2399.04,2426.53,14.11052968,98.64732551700001
2014-05-14,801180,2450.36,2472.22,2441.67,2443.31,14.42425192,95.9442186365
2014-05-15,801180,2430.13,2430.24,2397.68,2397.96,11.24038183,75.3725167604
2014-05-16,801180,2390.5,2417.73,2390.44,2413.98,9.57530128,69.1846981593
2014-05-19,801180,2406.57,2407.39,2375.0,2394.05,9.80226458,71.8551806808
2014-05-20,801180,2400.13,2409.31,2393.78,2399.26,9.17471229,64.65281054270001
2014-05-21,801180,2390.39,2420.97,2373.04,2419.42,9.25931026,64.3805086879
2014-05-22,801180,2411.23,2454.0,2409.17,2427.57,12.90300228,94.50480766540001
2014-05-23,801180,2430.82,2484.01,2429.47,2480.86,15.39539864,110.2246173094
2014-05-26,801180,2484.41,2487.9,2470.59,2482.18,10.95867943,77.7154938515
2014-05-27,801180,2479.34,2499.59,2474.81,2486.31,11.17290542,80.2683479274
2014-05-28,801180,2485.64,2512.47,2482.14,2512.47,12.50751835,85.7731616328
2014-05-29,801180,2520.07,2536.56,2499.78,2500.22,13.88135819,102.5180017539
2014-05-30,801180,2497.79,2499.96,2470.88,2483.13,10.47512416,73.0875120151
2014-06-03,801180,2477.9,2489.45,2465.6,2466.36,9.92366111,67.0164550319
2014-06-04,801180,2461.4,2461.67,2414.32,2429.36,9.25715842,62.72414856979999
2014-06-05,801180,2426.1,2463.81,2424.62,2463.81,8.73744737,61.8049918441
2014-06-06,801180,2462.38,2463.28,2432.02,2452.74,8.24554586,59.0775596081
2014-06-09,801180,2443.8,2493.93,2439.33,2463.49,10.72845937,73.2401179831
2014-06-10,801180,2459.95,2486.58,2453.52,2481.1,10.5043691,71.7725556717
2014-06-11,801180,2474.44,2489.74,2472.68,2483.51,9.19970889,62.863039031199996
2014-06-12,801180,2476.65,2477.13,2450.0,2463.65,10.25872031,72.2450913261
2014-06-13,801180,2461.1,2483.9,2455.22,2475.97,10.57173887,70.157808753
2014-06-16,801180,2476.34,2483.16,2459.81,2475.71,12.98732971,85.3616568657
2014-06-17,801180,2467.96,2468.53,2455.51,2462.02,13.93749595,91.5219296865
2014-06-18,801180,2459.41,2472.94,2449.91,2451.81,12.43419189,80.1354010482
2014-06-19,801180,2451.02,2453.65,2392.45,2396.43,13.18575848,82.8483473816
2014-06-20,801180,2395.58,2417.16,2395.53,2417.16,9.16203909,57.18764186560001
2014-06-23,801180,2419.96,2429.61,2412.07,2420.09,11.08717142,67.0349571884
2014-06-24,801180,2420.78,2424.72,2413.58,2424.56,9.92669508,60.6054736058
2014-06-25,801180,2421.18,2421.23,2402.43,2417.07,9.88887178,62.2129217959
2014-06-26,801180,2416.57,2449.75,2416.41,2446.49,12.64577638,79.003314366
2014-06-27,801180,2446.66,2470.44,2446.66,2462.22,15.17896492,95.9653303979
2014-06-30,801180,2461.48,2476.59,2459.09,2466.81,13.43338384,82.5269242992
2014-07-01,801180,2468.24,2470.22,2455.78,2467.05,12.64813962,76.4772564992
2014-07-02,801180,2463.57,2470.5,2453.76,2470.5,12.43099805,73.44323839970001
2014-07-03,801180,2469.07,2497.46,2466.71,2492.37,17.19777066,97.604194569
2014-07-04,801180,2492.63,2513.65,2492.6,2512.91,14.7215376,92.6839508319
2014-07-07,801180,2516.36,2556.98,2512.36,2545.05,15.65785773,101.1392669031
2014-07-08,801180,2546.88,2547.94,2522.09,2544.79,13.197785,83.0658166275
2014-07-09,801180,2539.75,2543.62,2504.84,2504.84,13.6727705,87.7850119752
2014-07-10,801180,2501.17,2522.32,2501.11,2513.66,10.39695441,70.8242009026
2014-07-11,801180,2519.43,2555.11,2517.68,2544.91,13.81067712,89.2556230506
2014-07-14,801180,2544.94,2572.28,2544.72,2572.28,14.10288108,90.2912558357
2014-07-15,801180,2567.84,2573.7,2558.77,2572.85,18.35077755,122.60051611290001
2014-07-16,801180,2570.7,2594.3,2570.26,2579.27,17.58729667,112.67358959180001
2014-07-17,801180,2578.18,2578.18,2545.46,2560.59,14.85317567,97.238384911
2014-07-18,801180,2548.78,2624.51,2547.09,2610.45,22.410184,147.293063192
2014-07-21,801180,2610.05,2624.36,2604.99,2613.09,16.36760823,108.51288750040001
2014-07-22,801180,2606.32,2650.44,2606.24,2644.0,17.63324646,113.87164513139999
2014-07-23,801180,2644.86,2666.77,2644.86,2654.89,20.03818617,131.0049327335
2014-07-24,801180,2656.34,2728.22,2656.32,2724.7,30.40553454,195.5597024614
2014-07-25,801180,2731.95,2735.55,2700.22,2735.55,19.85613535,129.852999528
2014-07-28,801180,2741.32,2776.26,2735.74,2767.71,26.80486088,177.9640004427
2014-07-29,801180,2771.31,2795.15,2766.62,2795.15,27.13763593,186.5597930537
2014-07-30,801180,2784.01,2787.57,2737.23,2749.65,27.19694336,190.915733544
2014-07-31,801180,2745.25,2787.43,2739.83,2787.43,21.756206,144.1863034813
2014-08-01,801180,2771.71,2791.28,2746.12,2747.06,20.96529288,139.4962536764
2014-08-04,801180,2752.96,2797.95,2747.41,2797.95,19.82738788,130.9869111583
2014-08-05,801180,2799.45,2799.45,2766.91,2785.26,19.72725652,130.379334967
2014-08-06,801180,2773.5,2778.82,2747.19,2774.61,21.0569233,133.5470983235
2014-08-07,801180,2773.92,2793.7,2753.4,2754.45,21.48253908,132.6323011109
2014-08-08,801180,2753.44,2762.41,2732.18,2749.68,17.59733946,115.850464626
2014-08-11,801180,2756.22,2795.11,2755.63,2794.92,19.33130076,132.4652951467
2014-08-12,801180,2793.52,2804.73,2785.36,2804.35,19.19667049,135.7289478107
2014-08-13,801180,2809.3,2814.39,2775.99,2813.5,21.5206697,158.4726270794
2014-08-14,801180,2808.82,2823.08,2788.66,2790.35,23.03603139,150.5155202722
2014-08-15,801180,2791.52,2822.78,2787.5,2814.16,20.64541355,138.2816280585
2014-08-18,801180,2814.82,2828.67,2811.38,2828.67,20.74111912,141.12787644600002
2014-08-19,801180,2832.3,2834.75,2811.95,2834.75,24.35959272,161.6033646293
2014-08-20,801180,2832.73,2841.16,2822.68,2833.13,24.36912289,156.57647899059998
2014-08-21,801180,2832.53,2833.51,2793.41,2833.3,22.3601924,150.4731681627
2014-08-22,801180,2831.66,2859.38,2828.76,2858.61,21.36489009,147.5653754183
2014-08-25,801180,2851.49,2858.61,2823.62,2827.27,19.87298989,138.69484382139999
2014-08-26,801180,2815.11,2827.27,2775.85,2787.11,20.26560899,140.0258568458
2014-08-27,801180,2780.39,2797.62,2777.91,2793.08,16.37376413,119.4134070232
2014-08-28,801180,2794.67,2796.53,2764.46,2771.59,15.87571081,118.7627166514
2014-08-29,801180,2773.09,2794.73,2768.83,2794.73,12.97048347,97.1695344848
2014-09-01,801180,2793.35,2820.52,2788.03,2820.52,15.72007205,118.433812268
2014-09-02,801180,2826.36,2856.43,2822.88,2856.43,22.12349295,163.7076416465
2014-09-03,801180,2857.74,2898.76,2857.74,2894.81,25.85638775,194.90059308669998
2014-09-04,801180,2912.71,2933.41,2912.37,2933.41,29.03515563,217.52745469479999
2014-09-05,801180,2940.31,2949.33,2928.91,2943.24,25.48232172,194.1650782257
2014-09-09,801180,2946.51,2946.52,2921.49,2936.17,23.59101844,184.658268508
2014-09-10,801180,2924.11,2932.04,2901.49,2931.83,23.1709279,177.85243907900002
2014-09-11,801180,2926.91,2961.92,2907.99,2925.66,27.01719782,197.0420495114
2014-09-12,801180,2919.68,2957.93,2918.01,2957.47,23.54172312,158.45205053450002
2014-09-15,801180,2950.48,2962.55,2936.2,2961.89,27.7967045,196.6207435296
2014-09-16,801180,2965.82,2994.2,2904.51,2906.61,38.13831734,263.2823132038
2014-09-17,801180,2914.2,2957.81,2899.86,2957.81,33.2881179,221.09181810619998
2014-09-18,801180,2951.37,2954.75,2933.95,2946.71,27.10700927,180.07887772540002
2014-09-19,801180,2946.8,2968.81,2931.29,2968.75,23.96170031,170.4621520077
2014-09-22,801180,2965.02,2965.02,2930.43,2938.73,25.36269069,184.8609683502
2014-09-23,801180,2949.86,2975.97,2949.86,2975.72,23.7809372,175.4152983352
2014-09-24,801180,2968.1,3005.57,2959.52,3005.57,26.4975399,189.75421177830003
2014-09-25,801180,3013.06,3019.25,2983.03,2991.74,26.37325914,188.84787778240002
2014-09-26,801180,2983.36,2989.24,2969.76,2988.59,21.34405278,151.21599865780001
2014-09-29,801180,2993.7,3001.47,2980.53,2995.03,22.54916687,168.2806447221
2014-09-30,801180,2998.11,3013.88,2989.89,3009.95,21.22942513,156.35015294049998
2014-10-08,801180,3069.67,3079.96,3045.36,3068.19,31.73221919,229.959103658
2014-10-09,801180,3067.66,3081.87,3044.55,3077.95,31.99189557,225.9870027295
2014-10-10,801180,3069.45,3110.33,3059.41,3107.5,36.9597862,268.15742065169997
2014-10-13,801180,3099.9,3130.15,3085.15,3130.15,30.63153814,231.5797843059
2014-10-14,801180,3126.44,3130.11,3088.48,3106.91,29.84078742,208.5275406222
2014-10-15,801180,3103.15,3109.35,3060.53,3090.36,25.05782279,179.3545079469
2014-10-16,801180,3071.11,3082.14,3033.98,3033.98,27.30573567,200.1470021919
2014-10-17,801180,3032.85,3052.5,2983.8,3031.01,25.26964439,190.4167171216
2014-10-20,801180,3039.59,3048.68,3023.97,3047.98,23.1501168,172.10612119580003
2014-10-21,801180,3043.58,3048.88,3012.02,3019.4,22.72979338,168.11437333979998
2014-10-22,801180,3018.63,3025.44,2981.55,2983.42,20.05964026,150.40371877209998
2014-10-23,801180,2978.18,2986.31,2923.45,2928.94,20.2654347,151.9948501156
2014-10-24,801180,2928.89,2952.26,2927.3,2943.21,15.91239193,116.6976457833
2014-10-27,801180,2934.39,2934.56,2914.33,2923.2,17.15805657,125.2691454858
2014-10-28,801180,2934.71,3000.2,2934.01,3000.2,22.36515631,161.82098798290002
2014-10-29,801180,3004.66,3064.64,2988.39,3062.56,32.19092616,242.92395651459998
2014-10-30,801180,3061.41,3065.9,3035.29,3052.36,27.35834069,212.60298889610002
2014-10-31,801180,3058.26,3092.05,3054.7,3092.05,30.81893529,224.6291681093
2014-11-03,801180,3104.13,3125.95,3095.6,3111.36,29.21249036,218.79949934869998
2014-11-04,801180,3103.06,3111.03,3089.64,3104.01,26.32220081,193.72785106560002
2014-11-05,801180,3100.11,3104.06,3085.61,3095.86,20.79800585,158.4637123474
2014-11-06,801180,3098.73,3123.42,3090.75,3112.39,20.95840194,156.94224426719998
2014-11-07,801180,3115.07,3151.79,3086.97,3100.44,26.64821579,203.2598312921
2014-11-10,801180,3114.6,3140.43,3099.0,3140.43,24.54646416,189.4459781436
2014-11-11,801180,3150.56,3162.85,3075.72,3105.34,35.42994434,266.0143162664
2014-11-12,801180,3094.1,3169.0,3091.12,3169.0,25.31735297,202.56572001979998
2014-11-13,801180,3170.02,3178.78,3134.69,3146.34,27.52993504,235.0809535698
2014-11-14,801180,3132.32,3163.2,3117.3,3159.53,24.54465607,207.4127214257
2014-11-17,801180,3165.55,3185.14,3145.42,3160.09,23.67446221,213.7375113408
2014-11-18,801180,3150.85,3161.25,3138.81,3150.98,22.4912475,190.71863415060002
2014-11-19,801180,3145.08,3159.83,3140.7,3148.97,21.14762856,179.1296283914
2014-11-20,801180,3137.41,3152.54,3132.34,3143.76,17.95692067,150.49611164
2014-11-21,801180,3142.58,3188.7,3142.58,3188.7,23.55140653,194.5391235952
2014-11-24,801180,3307.51,3372.67,3291.53,3348.02,63.88443483,513.9299323915
2014-11-25,801180,3361.07,3374.47,3342.72,3372.81,43.59934273,365.2791538701
2014-11-26,801180,3368.88,3385.98,3347.83,3385.98,37.5742127,318.70045166069997
2014-11-27,801180,3388.23,3421.64,3367.49,3414.43,40.6326523,338.3682180225
2014-11-28,801180,3408.65,3538.43,3398.4,3534.14,58.43350286,480.89465516900003
2014-12-01,801180,3536.64,3555.16,3472.09,3481.72,45.42904136,397.7023432972
2014-12-02,801180,3464.34,3564.86,3454.95,3549.0,39.04764544,342.8040706187
2014-12-03,801180,3565.45,3724.81,3550.49,3619.0,58.31663014,510.99303018230006
2014-12-04,801180,3621.2,3735.19,3604.3,3733.02,49.86129522,436.87288918800004
2014-12-05,801180,3746.78,3767.03,3548.63,3647.24,56.70976201,509.2132205768
2014-12-08,801180,3635.8,3814.09,3611.22,3795.66,52.78673631,499.2170400788
2014-12-09,801180,3751.15,3926.81,3577.52,3599.16,67.4206693,634.9344065766
2014-12-10,801180,3607.73,3742.14,3570.92,3741.91,40.10023156,378.738103271
2014-12-11,801180,3721.33,3848.33,3707.6,3800.32,42.64859988,396.5043646361
2014-12-12,801180,3799.25,3814.93,3740.85,3775.09,35.36655276,317.19248574790004
2014-12-15,801180,3770.05,3770.05,3684.5,3745.98,35.33779426,335.4139064523
2014-12-16,801180,3735.19,3798.84,3703.86,3798.84,37.9305124,345.6678084019
2014-12-17,801180,3793.12,3853.01,3766.17,3853.01,46.08653552,431.3398793931
2014-12-18,801180,3871.07,3903.24,3803.29,3811.24,35.27217296,345.61393684940003
2014-12-19,801180,3806.95,3809.52,3692.05,3765.48,36.55980027,349.0544654386
2014-12-22,801180,3757.44,3773.81,3631.24,3668.53,40.93274929,375.5816485314
2014-12-23,801180,3644.55,3756.63,3588.17,3642.26,32.67564559,297.5738074495
2014-12-24,801180,3638.66,3645.56,3548.17,3589.95,27.55919351,254.9525205888
2014-12-25,801180,3596.34,3667.02,3594.99,3667.02,24.42150648,233.2019159072
2014-12-26,801180,3673.68,3789.52,3673.55,3786.03,35.53503422,347.2014594796
2014-12-29,801180,3849.44,3960.89,3815.95,3902.26,57.35275335,587.3241829954001
2014-12-30,801180,3898.93,3966.68,3831.05,3869.68,43.10559897,445.25686043739995
2014-12-31,801180,3857.65,4085.59,3855.43,4085.59,47.45877176,460.37895781459997
2015-01-05,801180,4171.95,4329.16,4160.53,4232.15,67.45778011,692.6722117772999
2015-01-06,801180,4174.85,4174.85,4047.56,4113.73,42.84826656,439.51839208440003
2015-01-07,801180,4082.52,4145.71,4069.26,4118.13,30.22705816,319.4644198144
2015-01-08,801180,4121.62,4121.66,4002.46,4018.29,30.52225298,322.5706371324
2015-01-09,801180,4003.34,4111.77,3974.99,3975.9,31.94482812,343.8618847853
2015-01-12,801180,3939.75,3939.84,3843.14,3887.28,26.36038726,256.4070324704
2015-01-13,801180,3876.55,3932.79,3876.47,3899.47,19.64331446,199.99638419669998
2015-01-14,801180,3902.3,3945.57,3880.67,3915.66,20.04234723,210.8829673159
2015-01-15,801180,3920.15,4048.73,3919.97,4048.73,26.4471545,293.345253887
2015-01-16,801180,4046.13,4056.97,3994.16,4048.13,27.45930115,294.54110006220003
2015-01-19,801180,3848.6,3947.42,3750.77,3772.58,36.46635756,363.883390985
2015-01-20,801180,3793.05,3900.2,3792.97,3894.43,33.66462031,346.39212110949995
2015-01-21,801180,3899.99,4079.16,3886.96,4069.3,41.99085754,451.73341289129996
2015-01-22,801180,4071.2,4159.18,4068.32,4141.99,33.41880468,372.7396491838
2015-01-23,801180,4147.5,4198.47,4109.76,4169.43,35.10447168,388.3959407896
2015-01-26,801180,4185.26,4229.55,4139.7,4227.2,30.84581708,340.511852418
2015-01-27,801180,4228.06,4228.66,4079.46,4153.9,34.2552094,380.0235942735
2015-01-28,801180,4130.55,4147.75,4085.59,4098.9,24.04394829,264.0191212398
2015-01-29,801180,4054.49,4109.18,4046.65,4084.56,21.4254084,228.7809931454
2015-01-30,801180,4096.32,4168.73,4042.08,4097.44,28.49277695,302.3833090702
2015-02-02,801180,4023.69,4125.39,4006.48,4054.69,24.31457172,257.3402715998
2015-02-03,801180,4074.59,4089.53,3998.05,4089.04,24.98428529,266.6994190867
2015-02-04,801180,4092.64,4133.5,4075.11,4081.1,23.79846351,261.88042073540004
2015-02-05,801180,4197.98,4199.02,4049.09,4049.09,30.57945305,348.9246333496
2015-02-06,801180,4015.24,4017.59,3903.92,3927.69,24.47297642,258.8618859695
2015-02-09,801180,3896.42,3916.52,3859.23,3886.05,17.2168654,185.7569168121
2015-02-10,801180,3879.55,3952.64,3873.63,3952.64,16.17246779,170.2284300774
2015-02-11,801180,3972.1,3993.3,3963.43,3983.71,15.94675227,174.4795354246
2015-02-12,801180,3976.53,4012.35,3958.5,4005.29,16.19737484,178.1591449477
2015-02-13,801180,4026.04,4137.03,4025.45,4104.69,25.45380246,280.4447767395
2015-02-16,801180,4100.92,4120.54,4087.02,4113.72,21.02666369,232.5892640048
2015-02-17,801180,4129.65,4177.97,4129.43,4177.86,22.40121898,246.5220897564
2015-02-25,801180,4178.17,4180.45,4110.78,4120.17,20.41929316,230.6768350707
2015-02-26,801180,4116.32,4212.45,4116.18,4212.45,25.01176355,270.7575445275
2015-02-27,801180,4205.4,4227.05,4195.36,4213.18,23.34433947,249.1611022486
2015-03-02,801180,4284.4,4293.34,4225.24,4258.78,39.23749932,422.8468713948
2015-03-03,801180,4232.03,4246.72,4150.67,4156.06,38.0123804,404.22910521769995
2015-03-04,801180,4151.89,4193.38,4145.06,4193.38,30.20157515,306.0719246407
2015-03-05,801180,4183.74,4190.14,4139.94,4162.89,32.00726179,335.5867742795
2015-03-06,801180,4165.04,4196.44,4147.72,4159.82,28.09251903,294.1628361763
2015-03-09,801180,4140.91,4226.54,4088.21,4223.05,31.35597805,324.0636294573
2015-03-10,801180,4210.07,4235.41,4200.81,4220.31,26.70289566,277.4456658772
2015-03-11,801180,4225.23,4257.36,4215.15,4234.53,29.61079313,321.175457125
2015-03-12,801180,4252.95,4290.31,4235.89,4288.87,32.50283929,355.4450163693
2015-03-13,801180,4292.85,4296.61,4276.74,4294.46,26.91714563,303.9401779334
2015-03-16,801180,4323.73,4411.45,4322.1,4411.45,38.37357343,435.9704289918
2015-03-17,801180,4432.57,4472.43,4408.82,4458.66,46.11229516,503.7081549546
2015-03-18,801180,4461.33,4564.48,4460.53,4564.48,49.0006777,537.1827652239
2015-03-19,801180,4558.69,4558.69,4504.59,4550.03,43.22045984,470.28510937949994
2015-03-20,801180,4558.65,4667.71,4554.88,4642.07,51.11581187,567.7583017573
2015-03-23,801180,4697.73,4778.25,4697.73,4750.02,53.29122412,617.8466906923001
2015-03-24,801180,4779.32,4779.32,4597.27,4738.21,61.48968891,698.9576291717999
2015-03-25,801180,4753.47,4762.24,4693.24,4730.19,50.033217,567.7705149866
2015-03-26,801180,4722.79,4769.11,4676.27,4726.33,46.21213316,550.4614400685
2015-03-27,801180,4780.35,4887.26,4750.2,4887.26,52.42800754,623.2533758581
2015-03-30,801180,4916.62,5151.18,4892.7,5118.9,77.00635143,953.7961998059
2015-03-31,801180,5247.27,5271.04,5017.76,5030.66,76.62432974,1012.3751699992
2015-04-01,801180,5023.03,5047.27,4963.28,5043.87,49.39630862,621.359841358
2015-04-02,801180,5051.36,5080.0,4995.59,5055.57,50.467432,632.8045810075
2015-04-03,801180,5019.26,5107.35,4995.56,5107.35,50.46023512,637.2359326075
2015-04-07,801180,5145.33,5235.47,5134.63,5235.47,57.31560851,711.5453418078
2015-04-08,801180,5260.0,5285.51,5131.65,5285.51,62.92608066,809.6115932475
2015-04-09,801180,5279.76,5441.28,5144.01,5433.7,71.90173828,923.4890632688
2015-04-10,801180,5396.44,5497.55,5362.13,5474.26,61.80913624,800.9806286036
2015-04-13,801180,5484.31,5574.8,5446.13,5538.77,60.35519281,793.1352811930001
2015-04-14,801180,5525.41,5559.01,5462.86,5508.79,54.42336971,722.9163420282001
2015-04-15,801180,5489.26,5489.26,5327.01,5346.41,48.05646304,615.0903224006
2015-04-16,801180,5295.22,5440.23,5250.05,5435.69,43.43949031,549.8730461016
2015-04-17,801180,5485.09,5532.52,5420.91,5496.72,54.77062037,701.5019443200999
2015-04-20,801180,5533.62,5606.46,5409.15,5423.8,63.48129133,809.7425602617999
2015-04-21,801180,5418.36,5555.7,5404.04,5555.7,48.43967991,594.5259415984
2015-04-22,801180,5587.49,5712.76,5587.49,5711.66,60.96926784,785.1091828448
2015-04-23,801180,5758.6,5771.82,5655.07,5735.44,60.75465363,804.07843277
2015-04-24,801180,5677.29,5744.71,5628.47,5709.21,53.57265028,713.9030239741
2015-04-27,801180,5748.53,5787.44,5682.61,5768.93,58.45476323,787.0176628828999
2015-04-28,801180,5772.03,5773.2,5592.74,5641.94,56.4662079,751.3774730046001
2015-04-29,801180,5617.36,5753.07,5585.74,5734.54,44.91299228,591.0658433149
2015-04-30,801180,5761.78,5925.48,5752.39,5861.22,61.17061474,834.5608098547999
2015-05-04,801180,5901.94,5937.4,5846.38,5867.33,56.25778623,761.1244975225
2015-05-05,801180,5873.42,5873.57,5542.46,5577.9,54.15710446,710.7632521911
2015-05-06,801180,5596.16,5654.58,5424.1,5472.52,43.88696428,563.7951322284
2015-05-07,801180,5449.6,5474.92,5379.07,5403.71,38.38669109,482.2033809087
2015-05-08,801180,5452.19,5546.63,5410.32,5546.63,39.65785591,504.7542652963
2015-05-11,801180,5650.57,5730.7,5608.68,5725.63,54.78181253,722.9210207702
2015-05-12,801180,5735.59,5771.26,5683.69,5771.13,51.91429416,696.7524695267999
2015-05-13,801180,5766.01,5915.04,5716.16,5906.83,59.64640568,813.3585950252001
2015-05-14,801180,5915.35,5960.31,5848.0,5869.66,53.19041241,727.4258352129
2015-05-15,801180,5864.79,5864.79,5719.08,5778.54,45.53333716,625.5713392086
2015-05-18,801180,5759.48,5830.11,5730.28,5805.18,41.3298369,585.0328503474
2015-05-19,801180,5821.48,5993.46,5821.45,5993.11,46.4035585,640.6076921242
2015-05-20,801180,6045.66,6151.13,6040.24,6062.64,61.29478319,843.0451956049001
2015-05-21,801180,6091.62,6213.86,6070.5,6213.86,57.87662852,779.1290469385001
2015-05-22,801180,6272.62,6369.08,6222.39,6366.15,70.31863827,993.0850706168
2015-05-25,801180,6350.77,6558.38,6318.64,6546.8,74.07187097,1097.12616878
2015-05-26,801180,6592.16,6740.01,6496.6,6733.76,78.48555638,1203.3496155912
2015-05-27,801180,6743.86,6771.09,6596.77,6744.96,70.88915861,1105.1624647495
2015-05-28,801180,6769.37,6851.33,6332.68,6333.93,80.83300535,1252.0243043288
2015-05-29,801180,6322.44,6464.89,6027.56,6366.91,62.90742188,928.3007773905999
2015-06-01,801180,6404.34,6663.93,6398.32,6663.93,57.08869679,881.4872581541999
2015-06-02,801180,6718.86,6849.71,6677.78,6849.71,62.34631275,986.6394549976
2015-06-03,801180,6901.01,6927.85,6744.32,6923.81,66.57059912,1053.5180489355
2015-06-04,801180,6937.38,6956.2,6486.13,6914.13,70.01489444,1084.021539558
2015-06-05,801180,7021.65,7142.28,6914.6,7130.16,85.45618333,1350.500989587
2015-06-08,801180,7150.85,7215.02,7041.96,7195.25,84.42775912,1355.5698030162
2015-06-09,801180,7192.47,7192.47,7053.12,7131.1,61.9160613,1015.6521255966001
2015-06-10,801180,7085.93,7350.87,7005.51,7269.09,63.13182545,1036.1964772133
2015-06-11,801180,7271.05,7358.36,6475.0,7358.36,63.1942534,1053.5554877424001
2015-06-12,801180,7409.09,7541.92,7405.33,7480.48,66.79968283,1134.2974503007001
2015-06-15,801180,7535.83,7550.85,7367.3,7413.03,75.74753168,1268.8907758764
2015-06-16,801180,7328.53,7370.44,7122.06,7191.78,66.57858038,1081.9373232483001
2015-06-17,801180,7180.39,7291.14,6901.93,7273.17,55.54027315,887.8294965792999
2015-06-18,801180,7276.7,7412.66,7122.78,7129.1,58.76585652,949.8551994128
2015-06-19,801180,6982.95,7068.96,6638.11,6651.32,53.55502852,817.5879323302
2015-06-23,801180,6622.02,6678.89,6218.71,6650.55,51.28864328,753.8234672897
2015-06-24,801180,6709.2,6819.03,6573.42,6817.87,56.71102021,892.5850102171
2015-06-25,801180,6822.93,6950.74,6570.26,6650.43,63.15887333,992.5195484745
2015-06-26,801180,6431.9,6468.33,6079.14,6111.45,50.64243744,725.6830304833001
2015-06-29,801180,6299.13,6305.57,5641.9,5840.24,69.24576241,944.0506854416001
2015-06-30,801180,5759.52,6113.29,5459.67,6111.36,70.74133545,922.1145008842
2015-07-01,801180,6034.18,6179.04,5733.39,5758.19,55.11385596,749.5656104748
2015-07-02,801180,5733.53,5765.65,5312.12,5398.61,50.62422435,612.2442616455
2015-07-03,801180,5181.72,5371.16,4984.03,5035.66,51.19656103,564.0893040146
2015-07-06,801180,5399.64,5399.64,4783.15,4979.94,76.66261237,827.3650671011
2015-07-07,801180,4799.91,4857.19,4669.96,4731.28,47.82881478,482.4510866048
2015-07-08,801180,4478.62,4562.2,4459.63,4512.31,50.33529516,510.38998987639997
2015-07-09,801180,4450.91,4741.77,4431.65,4739.54,42.26285452,419.3335919792
2015-07-10,801180,4796.79,4994.48,4793.8,4955.68,39.27201238,472.95086855669996
2015-07-13,801180,5087.87,5214.15,5034.86,5183.51,48.43359764,575.5473359356
2015-07-14,801180,5238.61,5381.65,5176.76,5243.43,56.26027105,686.8995433808
2015-07-16,801180,4921.73,5170.36,4812.94,5052.87,47.52341241,521.96140953
2015-07-17,801180,5099.33,5346.32,5089.95,5301.69,47.21650978,545.2071736485
2015-07-20,801180,5333.65,5450.2,5255.39,5395.83,54.9672546,656.4721073782
2015-07-21,801180,5308.53,5467.97,5250.82,5404.55,50.0349056,603.7753069393
2015-07-22,801180,5393.42,5468.57,5293.19,5446.3,51.9919743,629.3623795106
2015-07-23,801180,5457.18,5667.87,5455.84,5651.3,60.37212868,738.1025675842
2015-07-24,801180,5686.24,5823.49,5590.91,5647.97,71.97179697,928.0604486641
2015-07-27,801180,5551.93,5725.08,5209.97,5211.06,61.56721324,806.3394308283999
2015-07-28,801180,4986.65,5282.56,4877.97,5139.98,59.63526751,695.8542808175999
2015-07-29,801180,5210.99,5339.26,5036.35,5339.26,43.58267954,549.4925554911
2015-07-30,801180,5313.78,5403.47,5142.84,5161.48,47.7020024,601.1459228717
2015-07-31,801180,5087.73,5242.1,5068.31,5159.05,39.6600918,482.36520033849996
2015-08-03,801180,5106.47,5167.88,4967.01,5091.08,45.27593196,541.2233230642
2015-08-04,801180,5071.15,5303.69,5034.94,5303.56,43.12208697,510.1079556889
2015-08-05,801180,5273.77,5311.4,5145.55,5181.91,39.29421142,483.89982890059997
2015-08-06,801180,5040.73,5162.1,5025.45,5082.91,27.78664068,335.69449318290003
2015-08-07,801180,5117.48,5223.42,5117.48,5221.0,34.99488706,427.96957150800006
2015-08-10,801180,5261.77,5496.81,5221.0,5470.6,49.95577573,629.4665079443
2015-08-11,801180,5462.25,5592.78,5441.24,5514.77,53.4666211,677.0705756929
2015-08-12,801180,5437.22,5516.3,5421.72,5445.49,43.7901799,570.4679769371
2015-08-13,801180,5419.36,5612.6,5419.3,5612.6,51.40283681,678.4248748277
2015-08-14,801180,5669.68,5789.13,5662.6,5742.19,63.08833715,829.000481958
2015-08-17,801180,5748.13,5919.06,5722.47,5918.69,66.92229319,912.2016899027001
2015-08-18,801180,5932.01,5945.16,5465.06,5475.06,72.6452944,952.5017338718
2015-08-19,801180,5280.08,5652.78,5157.5,5612.4,61.41704656,776.5208864171001
2015-08-20,801180,5531.1,5588.95,5350.33,5354.2,48.91331932,623.3198692376001
2015-08-21,801180,5254.6,5328.63,5042.93,5064.04,44.19788561,545.4386853092
2015-08-24,801180,4822.79,4851.27,4626.84,4638.21,35.93900671,403.5141380924
2015-08-25,801180,4299.79,4429.37,4281.18,4315.14,38.50657029,380.80909300959996
2015-08-26,801180,4338.83,4499.49,4150.6,4219.89,55.21995363,546.6095243146
2015-08-27,801180,4304.12,4366.25,4111.62,4364.84,44.28860485,445.081445976
2015-08-28,801180,4448.0,4625.46,4418.63,4624.65,47.33821699,505.5929099377
2015-08-31,801180,4593.21,4593.21,4476.16,4534.88,41.31078001,445.4554906421
2015-09-01,801180,4500.38,4500.38,4312.5,4398.46,40.02085883,408.03640702160004
2015-09-07,801180,4331.6,4454.49,4222.56,4253.99,36.23514978,366.90319969800004
2015-09-08,801180,4222.77,4405.29,4155.12,4400.21,29.01580001,290.62403056380003
2015-09-09,801180,4429.42,4563.45,4408.02,4534.13,46.48229272,501.7930481262
2015-09-10,801180,4469.12,4543.48,4449.5,4472.8,34.86770708,370.02976836019997
2015-09-11,801180,4474.17,4553.16,4455.11,4553.16,33.39449009,362.83270362339994
2015-09-14,801180,4579.91,4589.29,4259.98,4323.7,44.6801859,468.1282128701
2015-09-15,801180,4212.47,4275.34,4092.66,4108.65,33.27261568,312.22734476290003
2015-09-16,801180,4118.06,4394.26,4106.67,4362.05,38.1172536,365.65722553480003
2015-09-17,801180,4332.25,4446.5,4248.79,4249.09,40.9219922,412.4761322306
2015-09-18,801180,4273.98,4309.99,4220.4,4277.23,25.54731707,258.11434209099997
2015-09-21,801180,4229.37,4391.0,4221.51,4387.64,29.29019817,301.2757618969
2015-09-22,801180,4393.15,4475.97,4380.94,4432.66,35.29477123,366.98840499709996
2015-09-23,801180,4371.88,4418.54,4331.46,4355.3,29.27370147,308.01100533380003
2015-09-24,801180,4353.58,4392.97,4332.66,4382.27,26.07257574,270.69601350880004
2015-09-25,801180,4353.24,4399.55,4245.49,4273.87,30.76479826,356.09002711290003
2015-09-28,801180,4279.89,4306.17,4214.02,4300.32,18.86651973,214.0554920535
2015-09-29,801180,4239.51,4261.72,4192.01,4208.68,20.35541169,216.0928774771
2015-09-30,801180,4225.67,4256.41,4191.6,4234.09,17.75375761,185.3756414296
2015-10-08,801180,4370.6,4412.82,4340.19,4388.76,28.39043518,302.9837342569
2015-10-09,801180,4390.52,4466.76,4377.44,4452.7,29.27183114,289.5485377687
2015-10-12,801180,4478.97,4661.09,4474.44,4611.07,45.86227245,511.359138407
2015-10-13,801180,4576.84,4664.73,4561.13,4646.51,38.75731314,420.4099281343
2015-10-14,801180,4621.94,4658.04,4579.13,4587.73,38.17344888,418.6652981896
2015-10-15,801180,4569.94,4719.16,4569.94,4718.78,39.47765548,439.56807296269994
2015-10-16,801180,4743.68,4859.7,4732.02,4852.92,57.56998248,633.9050614525
2015-10-19,801180,4881.59,4919.1,4795.38,4860.5,53.43438307,643.0546964601999
2015-10-20,801180,4847.47,4911.74,4816.36,4911.74,40.33675594,477.0418923599
2015-10-21,801180,4917.44,4950.35,4635.28,4660.79,59.20583261,662.459907939
2015-10-22,801180,4656.25,4836.92,4656.25,4833.88,48.30222955,543.0855514382
2015-10-23,801180,4862.28,5035.43,4851.68,5007.59,58.12396316,675.9158552489
2015-10-26,801180,5087.5,5087.95,4932.4,4991.85,57.73677356,676.5818291859999
2015-10-27,801180,4943.91,5013.97,4785.68,4982.1,43.26028993,505.1496644585
2015-10-28,801180,4942.35,5000.79,4839.28,4855.75,36.89868804,433.28967219300006
2015-10-29,801180,4886.08,4964.18,4856.35,4914.95,32.48459187,378.6213037255
2015-10-30,801180,4926.64,4977.71,4872.84,4923.82,34.21212019,397.7258714578
2015-11-02,801180,4826.69,4933.53,4809.64,4817.6,29.49751399,343.0850111628
2015-11-03,801180,4816.98,4859.13,4772.61,4816.23,23.13886138,284.2124898023
2015-11-04,801180,4835.1,5041.19,4834.7,5041.19,41.8170553,501.1644378713
2015-11-05,801180,5039.76,5152.69,5036.05,5070.22,53.74283501,628.1763087098001
2015-11-06,801180,5077.06,5156.48,5070.18,5149.5,43.21059342,513.6467992365
2015-11-09,801180,5142.71,5270.94,5135.88,5238.03,51.58567807,634.2151449416
2015-11-10,801180,5209.88,5251.73,5169.88,5213.17,46.52581419,599.180711297
2015-11-11,801180,5222.89,5279.83,5209.52,5272.24,41.9725742,525.0767904891001
2015-11-12,801180,5288.68,5291.05,5194.07,5249.85,43.06875198,534.4594046821
2015-11-13,801180,5190.79,5221.52,5114.64,5166.14,39.52761028,499.4949704886
2015-11-16,801180,5085.68,5255.77,5079.53,5255.77,32.49568023,395.675821504
2015-11-17,801180,5296.97,5341.53,5221.56,5236.34,43.09067086,537.8379598582
2015-11-18,801180,5233.57,5493.44,5221.14,5319.66,56.94341428,670.4512976555001
2015-11-19,801180,5311.04,5352.67,5238.89,5352.67,36.60343492,441.494198256
2015-11-20,801180,5357.43,5434.28,5351.18,5413.58,42.41868599,529.4984611552
2015-11-23,801180,5438.54,5471.8,5370.05,5389.31,42.32215972,520.2540931116
2015-11-24,801180,5387.6,5399.04,5315.34,5398.97,35.90139575,433.3370626402
2015-11-25,801180,5382.59,5440.09,5375.76,5435.09,35.54270039,439.27705915769997
2015-11-26,801180,5469.85,5513.11,5430.33,5445.26,43.55890064,550.6664740189
2015-11-27,801180,5414.5,5414.5,5085.92,5121.12,45.01086862,546.7992953782
2015-11-30,801180,5126.51,5212.31,4971.05,5198.53,39.92638219,484.6635748789
2015-12-01,801180,5203.31,5509.36,5173.65,5433.19,58.669612,725.1978461821001
2015-12-02,801180,5408.85,5555.06,5326.01,5513.98,58.88672032,739.1647983029
2015-12-03,801180,5529.16,5640.68,5495.16,5639.65,50.39127205,624.5846796018
2015-12-04,801180,5593.1,5658.21,5560.33,5583.92,46.16093088,613.1260359825
2015-12-07,801180,5591.7,5609.04,5549.12,5606.19,40.51762211,570.7157885619
2015-12-08,801180,5578.97,5582.67,5474.13,5490.43,39.22019404,513.7496501188
2015-12-09,801180,5493.59,5618.04,5493.2,5602.01,40.55706055,529.1348262324
2015-12-10,801180,5595.96,5681.12,5521.59,5529.76,36.50121476,508.7592650641
2015-12-11,801180,5496.25,5520.8,5449.87,5491.13,31.2042614,427.81673718559995
2015-12-14,801180,5432.64,5584.03,5425.98,5584.03,29.70156171,407.1041185911
2015-12-15,801180,5597.17,5735.98,5596.99,5689.56,33.54678297,460.1651117333
2015-12-16,801180,5685.63,5710.98,5649.53,5671.35,31.35094541,431.20586510870004
2015-12-17,801180,5709.52,5956.36,5708.07,5946.7,53.82613319,710.0083863272
2015-12-18,801180,5967.98,6091.34,5949.63,5993.03,53.62496779,721.2561932450999
2015-12-21,801180,5991.05,6116.08,5989.42,6107.63,47.35595222,610.4092286887001
2015-12-22,801180,6142.0,6176.65,6081.5,6176.65,44.94563153,588.114877823
2015-12-23,801180,6173.39,6239.33,6133.99,6160.78,50.198013,663.947607759
2015-12-24,801180,6143.27,6148.06,5986.18,6071.56,37.67449875,492.28608808440003
2015-12-25,801180,6077.49,6131.27,6056.49,6102.47,34.00710245,449.97269941080003
2015-12-28,801180,6120.48,6128.0,5926.41,5926.41,41.00889866,550.8902604849
2015-12-29,801180,5914.11,5977.89,5862.53,5977.89,32.06914307,432.5246006866
2015-12-30,801180,5976.71,5994.0,5932.31,5991.25,28.31695084,377.5775359557
2015-12-31,801180,5996.03,6020.01,5918.08,5918.08,27.45391629,376.2473945334
2016-01-04,801180,5917.35,5923.05,5478.3,5478.39,28.47454568,339.6301696314
2016-01-05,801180,5256.01,5502.44,5234.97,5432.49,41.60009065,454.69521228860003
2016-01-06,801180,5448.81,5554.07,5421.97,5554.07,34.44662187,378.9852384692
2016-01-07,801180,5446.07,5519.93,5111.39,5118.04,9.72771863,108.9122688918
2016-01-08,801180,5201.92,5263.56,4927.99,5183.74,41.0026295,437.33999839809997
2016-01-11,801180,5084.48,5136.4,4885.19,4892.31,40.69317879,420.7247617774
2016-01-12,801180,4882.13,4973.46,4819.76,4909.88,34.53916685,352.9539592224
2016-01-13,801180,4927.55,4968.86,4754.89,4755.25,30.41680647,311.0610639712
2016-01-14,801180,4607.89,4883.16,4596.64,4876.74,31.71489488,325.4435825638
2016-01-15,801180,4829.78,4874.31,4654.08,4685.57,30.20645814,305.4588639442
2016-01-18,801180,4592.52,4787.27,4589.5,4729.55,24.18992157,255.08161076349998
2016-01-19,801180,4736.34,4934.67,4724.73,4925.93,32.00826577,334.9311107407
2016-01-20,801180,4899.08,4958.98,4844.53,4871.11,32.13758164,339.9903662064
2016-01-21,801180,4790.5,4893.88,4691.85,4694.69,27.92152682,293.4068545144
2016-01-22,801180,4730.78,4767.64,4623.67,4745.91,23.38993999,242.7335245518
2016-01-25,801180,4769.66,4816.28,4739.68,4787.59,21.89786078,237.95979137959998
2016-01-26,801180,4730.68,4739.69,4458.15,4463.8,28.15144403,285.975037381
2016-01-27,801180,4463.03,4480.92,4236.71,4408.9,29.19096051,273.6179634368
2016-01-28,801180,4356.44,4420.36,4263.6,4277.31,23.56061849,226.4546638408
2016-01-29,801180,4270.89,4454.41,4270.89,4424.82,24.87244772,238.5188496286
2016-02-01,801180,4423.79,4447.55,4329.96,4387.61,22.35497306,209.1834576622
2016-02-02,801180,4384.67,4542.61,4384.67,4523.55,23.75275709,227.2580654507
2016-02-03,801180,4525.65,4600.31,4514.05,4583.35,28.78733464,274.5933625105
2016-02-04,801180,4583.52,4640.67,4581.43,4626.72,27.31380964,268.0200485133
2016-02-05,801180,4636.48,4645.69,4557.6,4561.01,19.17064953,192.2354900401
2016-02-15,801180,4422.33,4552.57,4421.44,4530.49,18.41812766,188.95030123470002
2016-02-16,801180,4550.93,4692.98,4550.27,4689.79,26.18368209,272.1499222262
2016-02-17,801180,4685.63,4753.23,4668.88,4749.41,30.22048973,316.6822439758
2016-02-18,801180,4778.33,4815.09,4747.36,4754.94,32.35721308,348.2792012242
2016-02-19,801180,4737.22,4769.81,4706.9,4750.58,24.02903458,254.9175139123
2016-02-22,801180,4830.19,4871.43,4822.83,4855.65,32.39885785,336.5854763731
2016-02-23,801180,4849.67,4855.59,4762.58,4814.02,25.59711631,279.2514997299
2016-02-24,801180,4796.74,4854.44,4756.44,4854.44,27.52857037,299.5096769103
2016-02-25,801180,4841.88,4841.97,4498.55,4524.22,35.18020268,335.6577192207
2016-02-26,801180,4547.09,4570.31,4448.51,4535.57,25.17179527,240.1324679831
2016-02-29,801180,4550.24,4598.13,4363.36,4423.9,31.70827621,284.9531048219
2016-03-01,801180,4452.9,4594.79,4418.13,4553.11,36.14656055,332.832383992
2016-03-02,801180,4541.52,4851.32,4541.52,4848.18,56.92229066,530.3405513401
2016-03-03,801180,4910.57,4985.29,4839.55,4843.58,68.70296544,627.6970613495
2016-03-04,801180,4806.67,4900.87,4689.55,4751.97,50.90387364,485.2019449139
2016-03-07,801180,4796.67,4837.8,4747.37,4791.34,32.26327971,313.95591799150003
2016-03-08,801180,4783.6,4783.6,4582.15,4741.88,35.1762638,326.08170693110003
2016-03-09,801180,4639.8,4675.03,4599.36,4644.25,25.52839885,249.30612526049998
2016-03-10,801180,4640.64,4667.9,4538.35,4541.51,23.39497974,233.80887039200002
2016-03-11,801180,4500.57,4537.25,4455.05,4509.67,19.18477542,179.95530811650002
2016-03-14,801180,4551.54,4666.05,4550.78,4624.22,26.96740898,257.0319297406
2016-03-15,801180,4614.84,4624.7,4542.37,4592.71,22.13451963,214.3397193434
2016-03-16,801180,4605.05,4616.79,4548.29,4561.98,21.51130288,209.0177925163
2016-03-17,801180,4574.85,4665.64,4555.15,4652.38,26.49484777,256.9978924134
2016-03-18,801180,4661.58,4797.33,4661.4,4783.2,39.60298668,390.125860475
2016-03-21,801180,4823.13,4894.22,4812.66,4892.95,43.63784516,428.9788367301
2016-03-22,801180,4859.36,4872.26,4830.74,4839.3,33.37086036,340.8802761889
2016-03-23,801180,4822.84,4862.56,4805.6,4862.52,27.48239753,298.3648198372
2016-03-24,801180,4823.65,4879.55,4784.35,4806.8,32.95305843,334.1635584205
2016-03-25,801180,4799.95,4862.19,4799.95,4854.5,26.36902842,267.0742186161
2016-03-28,801180,4857.18,4883.62,4788.65,4802.97,33.58704727,361.6203333719
2016-03-29,801180,4793.05,4801.32,4693.46,4722.24,25.82594754,272.753094647
2016-03-30,801180,4755.12,4844.05,4755.12,4844.05,26.18853863,290.63233380549997
2016-03-31,801180,4858.24,4882.28,4832.98,4844.64,27.09561419,302.1077157318
2016-04-01,801180,4828.3,4844.33,4767.7,4843.8,22.70822697,243.51497094560003
2016-04-05,801180,4845.47,4943.45,4845.37,4940.4,31.51114149,330.915834386
2016-04-06,801180,4924.53,4961.9,4901.35,4942.04,27.97639363,304.6253048838
2016-04-07,801180,4958.26,4965.15,4876.96,4876.96,27.57046405,295.3499933466
2016-04-08,801180,4850.54,4861.3,4799.88,4847.06,22.82999585,243.97841138330003
2016-04-11,801180,4881.36,4943.52,4881.36,4923.67,25.55454661,268.1048375927
2016-04-12,801180,4918.06,4932.78,4857.83,4898.99,22.46342326,237.59799462310002
2016-04-13,801180,4919.67,4990.05,4919.67,4946.07,33.39117892,332.7425101646
2016-04-14,801180,4971.21,4998.44,4952.34,4998.44,29.53322271,264.8309715873
2016-04-15,801180,5004.96,5020.13,4970.26,5003.66,27.673431,290.2316759581
2016-04-20,801180,4955.92,4962.21,4692.56,4790.46,36.2917039,377.8920245564
2016-04-21,801180,4768.2,4815.24,4739.5,4744.44,20.71590859,220.29920306740001
2016-04-22,801180,4720.94,4772.64,4702.15,4772.01,15.77371315,164.0426650709
2016-04-25,801180,4756.02,4756.31,4697.37,4740.05,13.82603943,141.737143513
2016-04-26,801180,4736.64,4780.26,4733.54,4779.96,13.21780757,139.1144976297
2016-04-27,801180,4784.83,4818.1,4780.1,4786.96,15.18196112,158.9281139613
2016-04-28,801180,4790.95,4796.65,4721.5,4769.82,15.66757948,164.29918271
2016-04-29,801180,4758.17,4785.45,4748.73,4768.14,14.42724082,153.4463926716
2016-05-03,801180,4772.15,4847.55,4756.84,4847.54,19.73263609,206.27375908759998
2016-05-04,801180,4837.59,4871.56,4830.27,4853.44,18.77823603,205.0578284141
2016-05-05,801180,4846.41,4886.07,4841.56,4884.0,18.10697926,201.9929748628
2016-05-06,801180,4886.56,4895.19,4754.44,4754.46,25.31956035,273.584099012
2016-05-09,801180,4720.51,4720.51,4592.19,4608.9,21.14997244,212.9124144468
2016-05-10,801180,4598.77,4625.18,4585.17,4604.69,13.43284712,139.85360779270002
2016-05-11,801180,4628.28,4636.72,4581.12,4590.14,14.64312465,148.68362089549998
2016-05-12,801180,4550.69,4567.09,4490.35,4565.24,15.3271373,143.4608146039
2016-05-13,801180,4556.31,4591.33,4532.39,4553.66,13.14331729,126.2090370634
2016-05-16,801180,4547.23,4587.46,4521.22,4587.12,12.73700717,123.358314676
2016-05-17,801180,4577.29,4587.18,4543.13,4559.23,12.89553329,131.83855638309998
2016-05-18,801180,4540.94,4545.75,4462.48,4507.56,18.00808641,183.3037870785
2016-05-19,801180,4499.65,4541.85,4495.44,4501.52,12.86694849,140.4806251004
2016-05-20,801180,4473.9,4527.46,4459.78,4527.46,11.70951902,126.2431207062
2016-05-23,801180,4529.95,4575.85,4529.65,4572.56,14.06591255,155.1829847436
2016-05-24,801180,4567.92,4567.92,4514.6,4533.61,13.33591278,135.6290227044
2016-05-25,801180,4553.83,4565.69,4505.56,4520.59,12.67255967,131.0173389361
2016-05-26,801180,4518.11,4531.19,4444.77,4519.24,13.8417998,136.9703837259
2016-05-27,801180,4511.17,4546.48,4501.88,4528.17,14.30755889,143.3403676252
2016-05-30,801180,4512.34,4528.22,4481.16,4505.88,11.7486863,123.76569442360001
2016-05-31,801180,4507.54,4637.41,4507.25,4637.41,22.71883496,227.7784679864
2016-06-01,801180,4639.34,4659.47,4630.79,4639.52,20.0943698,209.84820566349998
2016-06-02,801180,4637.67,4667.28,4636.56,4667.28,17.99754438,186.28569139110002
2016-06-03,801180,4674.97,4683.52,4647.28,4672.02,19.0180167,196.34108828680002
2016-06-06,801180,4682.82,4691.34,4664.84,4682.37,17.86181415,194.1947227378
2016-06-07,801180,4682.92,4685.93,4654.1,4666.04,14.54828441,150.8099590186
2016-06-08,801180,4663.98,4682.23,4633.78,4667.94,16.37290291,165.7278249447
2016-06-13,801180,4625.1,4625.1,4501.22,4501.95,18.00313016,178.67811607060003
2016-06-14,801180,4492.92,4516.64,4482.53,4514.99,13.24149531,125.71409662379999
2016-06-15,801180,4476.44,4609.24,4472.15,4599.75,18.88394142,180.267659094
2016-06-16,801180,4595.18,4601.13,4562.87,4571.15,17.76728353,175.87681768439998
2016-06-17,801180,4575.13,4612.27,4572.17,4590.3,17.88015291,176.19483517790002
2016-06-20,801180,4592.83,4601.1,4557.31,4597.44,16.56872534,163.365009386
2016-06-21,801180,4615.09,4634.96,4569.55,4581.83,18.35361516,180.3642571378
2016-06-22,801180,4571.19,4617.31,4566.33,4617.31,14.93371625,145.2325926963
2016-06-23,801180,4612.83,4620.28,4583.47,4600.28,16.20011966,160.40719924110002
2016-06-24,801180,4595.73,4624.31,4478.78,4557.04,21.60051602,217.1781360012
2016-06-27,801180,4533.6,4618.47,4531.99,4618.47,17.75323221,177.7686526627
2016-06-28,801180,4607.5,4646.45,4598.43,4645.99,19.29338308,201.7512586006
2016-06-29,801180,4658.38,4669.4,4647.85,4662.2,19.90661911,211.8293129571
2016-06-30,801180,4658.59,4671.27,4647.45,4670.5,17.91113862,195.5148949816
2016-07-01,801180,4670.18,4691.02,4670.16,4677.19,17.77127698,176.03644312560002
2016-07-05,801180,4617.24,4645.83,4615.72,4645.56,24.62964943,259.5294390327
2016-07-06,801180,4634.69,4709.73,4619.38,4659.7,33.7562636,428.8214364672
2016-07-07,801180,4632.53,4639.62,4596.08,4622.9,24.36615495,280.8093868527
2016-07-08,801180,4614.32,4626.02,4581.52,4613.02,19.23728064,218.5277853391
2016-07-11,801180,4606.25,4622.2,4569.78,4573.66,20.49279526,225.4696514897
2016-07-12,801180,4570.77,4616.82,4520.24,4616.62,22.55474696,235.61123785880002
2016-07-13,801180,4620.34,4665.78,4620.25,4663.87,26.20477729,270.2959079104
2016-07-14,801180,4663.61,4688.95,4654.83,4672.54,25.64409999,250.5324635002
2016-07-15,801180,4676.92,4696.32,4672.57,4681.86,23.55852389,234.0214754811
2016-07-18,801180,4668.33,4678.96,4635.14,4648.44,21.74072229,221.4974934322
2016-07-19,801180,4640.23,4646.13,4600.79,4632.58,19.32096236,212.2912228575
2016-07-20,801180,4625.98,4651.83,4607.54,4624.81,21.59367062,231.2487058456
2016-07-21,801180,4619.49,4659.92,4616.33,4637.19,21.90042234,231.9221026763
2016-07-22,801180,4637.29,4655.29,4611.55,4617.42,22.09902747,243.5595448272
2016-07-25,801180,4608.38,4657.47,4597.79,4647.36,22.44524157,245.1887580893
2016-07-26,801180,4644.08,4688.17,4641.97,4688.17,21.98493461,226.5980987344
2016-07-27,801180,4682.64,4685.01,4457.42,4540.9,32.80642251,337.76009624479997
2016-07-28,801180,4529.77,4559.18,4482.59,4556.38,22.5481739,234.3699501066
2016-07-29,801180,4522.24,4525.97,4489.13,4498.01,17.45335089,187.09878679919998
2016-08-01,801180,4485.31,4488.15,4415.76,4448.39,17.38515956,173.1605603425
2016-08-02,801180,4445.27,4506.16,4445.27,4505.89,14.2746661,149.917253091
2016-08-03,801180,4495.9,4575.52,4490.63,4571.26,21.8861303,219.61346730990002
2016-08-04,801180,4556.95,4659.97,4534.59,4659.71,26.70958129,277.93375845080004
2016-08-05,801180,4686.76,4766.74,4664.51,4705.73,29.71666815,323.2145589409
2016-08-08,801180,4689.56,4831.45,4682.45,4797.87,34.81139901,358.6545744125
2016-08-09,801180,4803.29,4811.3,4762.52,4810.54,27.66500549,289.1504359884
2016-08-10,801180,4794.45,4795.9,4744.84,4745.5,22.52634714,240.05348755240001
2016-08-11,801180,4736.84,4739.52,4681.19,4683.28,20.72481854,216.16864122479998
2016-08-12,801180,4682.31,4904.72,4680.49,4901.66,41.31457895,422.1768597975
2016-08-15,801180,4942.3,5137.8,4942.26,5124.58,65.49575532,685.3937556908
2016-08-16,801180,5176.72,5212.52,5128.98,5171.5,54.7280474,622.9954571094
2016-08-17,801180,5129.64,5154.17,5057.82,5101.06,43.29078869,493.5417775851
2016-08-18,801180,5085.39,5349.52,5083.45,5187.99,71.42197027,731.5680298052
2016-08-19,801180,5154.48,5164.53,5104.37,5132.74,44.52740341,459.4457535558
2016-08-22,801180,5140.46,5198.23,5094.66,5100.84,39.22556645,428.0004749145
2016-08-23,801180,5076.62,5108.83,5031.46,5074.42,31.7738295,353.4814246285
2016-08-24,801180,5068.84,5086.59,5019.92,5036.8,27.66001403,310.39257314720004
2016-08-25,801180,4986.05,4986.11,4887.7,4950.09,30.79621729,329.6787848572
2016-08-26,801180,4957.88,4970.95,4918.95,4930.46,22.80735957,246.6370204537
2016-08-29,801180,4926.43,4962.07,4926.34,4957.1,20.22827871,210.06234843069998
2016-08-30,801180,4957.96,4967.64,4925.71,4932.51,19.86896147,210.28166101169998
2016-08-31,801180,4930.53,5076.12,4921.12,5042.12,31.40119805,343.6959838308
2016-09-01,801180,5032.27,5032.46,4910.2,4911.13,29.34919715,329.1022768438
2016-09-02,801180,4892.35,4959.0,4885.43,4918.51,22.16680461,252.79570339720001
2016-09-05,801180,4918.18,4932.39,4900.48,4913.88,17.63357958,193.6408490211
2016-09-06,801180,4913.49,4941.92,4869.82,4941.79,19.64298757,210.27613374869998
2016-09-07,801180,4944.7,4968.78,4934.23,4939.17,20.38523656,212.30142409650003
2016-09-08,801180,4932.41,4989.23,4930.57,4954.49,18.22280985,199.9845232164
2016-09-09,801180,4953.03,4954.21,4906.64,4906.94,19.78489634,210.28272803209998
2016-09-12,801180,4826.4,4854.91,4799.27,4848.41,25.46416305,265.5505577823
2016-09-13,801180,4855.64,4876.45,4841.05,4876.45,20.83248312,209.26328892630002
2016-09-14,801180,4845.39,4884.85,4831.18,4866.59,18.76329699,184.7294628443
2016-09-19,801180,4872.84,4902.38,4872.83,4901.83,16.8366881,168.1682130322
2016-09-20,801180,4903.97,4918.1,4887.46,4912.14,16.19334721,172.11165669099998
2016-09-21,801180,4914.56,4953.11,4901.16,4952.32,17.65148782,203.990307548
2016-09-22,801180,4983.97,5110.39,4978.6,5074.65,31.65393489,368.31281685790003
2016-09-23,801180,5061.49,5063.35,4991.42,4992.13,24.15690614,250.677904087
2016-09-26,801180,4977.49,4980.8,4900.24,4902.08,24.73689643,236.68278721229998
2016-09-27,801180,4888.86,4999.0,4888.86,4990.76,26.25126726,253.6054168258
2016-09-28,801180,4989.91,5024.8,4946.34,4983.21,19.5510012,202.8712123495
2016-09-29,801180,4982.47,5021.38,4973.89,4999.65,17.63579141,190.3894030368
2016-09-30,801180,4993.23,5057.99,4991.03,5025.19,17.33670176,190.81462107240003
2016-10-10,801180,4958.52,4958.81,4862.78,4956.56,28.10505265,289.1050202011
2016-10-11,801180,4943.04,5017.6,4933.31,4996.91,26.36042452,268.7075116541
2016-10-12,801180,4979.25,5008.86,4967.35,5008.86,21.73246031,224.61235643560002
2016-10-13,801180,5001.87,5041.62,4988.63,5021.67,21.52441105,225.6218055345
2016-10-14,801180,5021.61,5025.93,4995.46,5017.12,21.09236976,230.5579685971
2016-10-17,801180,5011.77,5023.64,4946.1,4959.98,20.8313616,223.4817682261
2016-10-18,801180,4952.76,5005.02,4940.15,5004.97,20.77528244,205.2781468328
2016-10-19,801180,5009.67,5031.51,4985.97,4998.02,19.69935643,207.1979947238
2016-10-20,801180,4991.56,5029.14,4985.22,5009.6,20.18288447,213.98627729240002
2016-10-21,801180,5001.1,5005.83,4945.03,4982.02,21.11531312,230.2279429223
2016-10-24,801180,4987.98,5021.77,4977.08,5016.27,21.89221323,226.0626888539
2016-10-25,801180,5021.78,5037.66,5018.04,5034.44,20.70231117,226.37572055290002
2016-10-26,801180,5036.21,5054.7,5021.38,5054.1,25.4239728,256.3003401784
2016-10-27,801180,5044.93,5048.18,5026.14,5037.78,19.67097083,209.06286459650002
2016-10-28,801180,5030.33,5040.34,4998.72,4999.36,22.04209979,233.31661023520002
2016-10-31,801180,4995.7,5011.4,4969.49,5006.34,19.35196738,202.5121827441
2016-11-01,801180,5016.42,5062.54,5012.7,5061.02,22.90832996,253.9022686669
2016-11-02,801180,5042.36,5043.88,5008.43,5011.38,24.26653558,270.7033210362
2016-11-03,801180,4995.0,5052.18,4991.67,5030.69,23.88816276,261.83497618
2016-11-04,801180,5029.51,5046.03,5000.15,5009.47,20.67969223,220.4748580121
2016-11-07,801180,5004.04,5010.48,4976.49,4988.86,17.12159156,181.92022069919997
2016-11-08,801180,5000.48,5019.29,4994.48,5015.26,17.7050149,179.96586493810003
2016-11-09,801180,5026.07,5082.73,4996.8,5048.61,28.67598817,343.846479116
2016-11-10,801180,5066.97,5138.32,5063.03,5108.47,25.62902997,290.46018983790003
2016-11-11,801180,5099.34,5119.34,5094.98,5110.98,25.0788167,267.4974778225
2016-11-14,801180,5112.01,5114.91,5085.13,5108.35,23.84355953,248.6968806034
2016-11-15,801180,5107.51,5183.28,5098.37,5164.24,24.54225176,267.9086875466
2016-11-16,801180,5157.12,5173.79,5136.36,5162.31,21.2630839,241.1661347566
2016-11-17,801180,5155.19,5168.35,5140.68,5168.35,20.80946066,224.85267856709999
2016-11-18,801180,5195.13,5240.89,5177.79,5180.54,23.4240777,267.146012325
2016-11-21,801180,5164.39,5213.75,5161.43,5189.37,20.59192674,233.4015920932
2016-11-22,801180,5185.7,5213.99,5185.3,5213.99,20.56516383,218.3522112789
2016-11-23,801180,5234.0,5316.94,5221.37,5259.44,36.34515136,363.87847609610003
2016-11-24,801180,5243.66,5304.98,5228.97,5275.8,28.1859426,293.1776075903
2016-11-25,801180,5272.9,5345.36,5269.6,5319.91,28.51681055,312.9019860153
2016-11-28,801180,5331.33,5337.78,5265.31,5290.31,26.74470851,302.399624273
2016-11-29,801180,5272.72,5283.32,5222.4,5226.3,27.38634146,295.41002203520003
2016-11-30,801180,5263.15,5269.72,5213.7,5230.68,23.7386517,252.9681683694
2016-12-01,801180,5224.38,5332.78,5222.53,5320.53,36.03416422,361.6451400896
2016-12-02,801180,5306.48,5310.39,5242.62,5249.57,28.9746798,291.2450070877
2016-12-05,801180,5154.99,5171.96,5109.3,5127.82,23.05765732,235.54775641220002
2016-12-06,801180,5121.26,5139.17,5109.83,5117.92,14.78147908,152.2340835089
2016-12-07,801180,5116.66,5151.26,5089.85,5150.35,15.76032821,162.1497245825
2016-12-08,801180,5150.96,5151.35,5115.2,5117.31,14.38336525,148.5374940889
2016-12-09,801180,5113.88,5152.14,5108.96,5143.65,16.55420409,173.8122100777
2016-12-12,801180,5139.17,5139.32,4960.34,4964.5,24.51168162,248.10765275580002
2016-12-13,801180,4950.84,4991.2,4907.32,4980.74,17.66518601,182.931108684
2016-12-14,801180,4969.46,4993.7,4939.83,4946.55,21.1823819,200.00224847150002
2016-12-15,801180,4926.49,4976.83,4921.82,4963.46,18.39171751,183.3014069925
2016-12-16,801180,4961.07,5004.12,4958.22,4996.7,18.26427918,179.2311091943
2016-12-19,801180,4985.83,4986.12,4946.21,4958.16,19.95714248,213.87549046959998
2016-12-20,801180,4947.54,4947.83,4897.2,4919.5,19.06396725,193.1435831756
2016-12-21,801180,4920.23,4939.07,4918.38,4935.03,16.71243054,166.4223089634
2016-12-22,801180,4924.39,4943.0,4901.32,4934.73,15.20522535,154.6693534068
2016-12-23,801180,4929.23,4929.47,4876.83,4878.6,14.9727403,155.90106632040002
2016-12-26,801180,4867.11,4886.78,4823.99,4886.16,14.61895476,150.0918952665
2016-12-27,801180,4884.86,4932.29,4881.68,4913.34,15.11126056,164.06995686940002
2016-12-28,801180,4903.48,4911.27,4874.85,4885.89,17.08997193,168.1441629086
2016-12-29,801180,4880.66,4895.31,4859.47,4866.46,14.85971638,148.411493225
2016-12-30,801180,4872.44,4894.39,4854.96,4871.19,15.13947517,153.8566281557
2017-01-03,801180,4878.81,4909.34,4878.62,4909.34,14.25263692,134.5806596448
2017-01-04,801180,4909.17,4939.85,4896.17,4939.61,17.26337956,172.77883879349997
2017-01-05,801180,4937.7,4948.97,4930.37,4931.6,15.83223901,161.9637518845
2017-01-06,801180,4927.54,4927.68,4906.52,4913.59,16.32804425,163.39988106709998
2017-01-09,801180,4908.48,4928.25,4900.39,4928.25,15.13757312,148.22414633120002
2017-01-10,801180,4927.65,4933.23,4912.93,4917.7,15.34645088,150.1103229928
2017-01-11,801180,4910.2,4919.19,4869.15,4870.24,14.67499483,147.0140797916
2017-01-12,801180,4864.01,4873.26,4835.73,4845.1,14.36290744,131.3731641838
2017-01-13,801180,4859.62,4893.96,4831.34,4836.63,15.44313043,155.34209570049998
2017-01-16,801180,4825.59,4826.03,4635.39,4736.18,22.31025714,211.5469808055
2017-01-17,801180,4713.61,4742.68,4666.64,4740.03,14.12451754,134.895110465
2017-01-18,801180,4732.49,4774.07,4725.4,4758.58,12.16022055,120.12122191649999
2017-01-19,801180,4745.88,4759.42,4729.42,4734.29,11.01836531,103.6256531814
2017-01-20,801180,4728.44,4776.72,4728.44,4774.58,12.60081596,124.19309869809999
2017-01-23,801180,4777.21,4808.38,4777.21,4802.03,13.92534595,131.66710793229998
2017-01-24,801180,4799.85,4800.54,4784.72,4788.37,13.59175285,124.47439194799999
2017-01-25,801180,4784.62,4800.91,4780.23,4793.89,11.68092889,106.4623178449
2017-01-26,801180,4801.49,4817.9,4800.58,4814.98,8.75060655,82.273561187
2017-02-03,801180,4818.85,4819.68,4794.53,4802.02,7.8099327,72.5095356391
2017-02-06,801180,4800.3,4826.49,4791.93,4826.49,10.9541086,103.3206245269
2017-02-07,801180,4821.9,4834.98,4812.3,4831.54,12.22971295,110.82052824270001
2017-02-08,801180,4828.58,4855.62,4808.89,4855.62,13.99789304,122.83144459629999
2017-02-09,801180,4856.5,4910.45,4854.29,4900.79,17.74851126,178.8038081018
2017-02-10,801180,4899.32,4909.17,4890.25,4895.8,15.29739752,149.7810980681
2017-02-13,801180,4892.26,4912.41,4887.0,4912.41,14.26012647,135.7857480001
2017-02-14,801180,4911.66,4917.85,4898.74,4917.15,13.62100344,139.78956369739998
2017-02-15,801180,4915.11,4922.37,4879.95,4885.43,16.0746399,168.4825209935
2017-02-16,801180,4884.83,4911.22,4880.82,4909.98,14.4695625,140.3409978428
2017-02-17,801180,4908.91,4918.61,4868.33,4869.17,15.77180744,151.3097233956
2017-02-20,801180,4866.51,4930.97,4866.4,4930.97,16.96059672,170.7723920928
2017-02-21,801180,4936.62,4963.96,4933.8,4963.75,18.33956182,183.8442058861
2017-02-22,801180,4959.28,4979.63,4955.74,4979.63,17.22730578,171.63233355
2017-02-23,801180,4976.77,4977.9,4931.04,4954.09,15.90922268,160.3360314651
2017-02-24,801180,4944.56,4953.95,4926.24,4953.95,12.40922006,124.8713346709
2017-02-27,801180,4947.52,4947.52,4904.82,4909.14,15.21585181,157.5672963201
2017-02-28,801180,4907.56,4930.59,4906.14,4930.59,13.69932666,136.1349720002
2017-03-01,801180,4931.81,4954.25,4931.61,4947.01,14.76143905,154.5762116592
2017-03-02,801180,4951.59,4958.5,4911.97,4911.97,14.48669373,144.6947650552
2017-03-03,801180,4904.93,4910.06,4883.72,4906.59,12.95626033,126.41659577729999
2017-03-06,801180,4909.52,4940.46,4909.45,4940.46,13.1544506,134.75531174489998
2017-03-07,801180,4942.6,4955.5,4936.7,4955.5,12.79316769,137.7403790114
2017-03-08,801180,4955.93,4980.42,4951.01,4969.2,14.64370772,166.7807378427
2017-03-09,801180,4961.97,4962.21,4920.46,4940.83,13.42987667,137.5843516407
2017-03-10,801180,4940.22,4973.71,4940.22,4953.9,14.65162745,141.5569280461
2017-03-13,801180,4949.61,5015.6,4923.34,5010.93,18.45667512,194.91949237080001
2017-03-14,801180,5015.02,5088.29,5014.77,5035.83,18.72250412,202.01646421470002
2017-03-15,801180,5024.25,5036.8,4998.6,5029.76,15.36061565,159.1094975774
2017-03-16,801180,5037.46,5067.41,5037.4,5054.77,20.95247574,195.6253681636
2017-03-17,801180,5073.4,5080.11,5003.47,5006.22,19.5067833,197.9595727167
2017-03-20,801180,4990.7,4992.07,4950.36,4975.72,16.95538663,169.7067214309
2017-03-21,801180,4972.83,4991.52,4965.68,4991.45,13.90937896,136.4289523458
2017-03-22,801180,4967.45,4971.72,4932.52,4945.74,17.96355227,175.5200765242
2017-03-23,801180,4944.83,4960.48,4926.12,4947.49,16.43672674,168.1257214298
2017-03-24,801180,4941.07,4957.62,4928.23,4956.89,15.20510841,156.9451994556
2017-03-27,801180,4959.1,4959.71,4928.97,4932.15,13.88497067,144.5763554787
2017-03-28,801180,4934.43,4938.61,4921.06,4926.91,11.45042506,119.43262447309999
2017-03-29,801180,4930.95,4931.09,4893.4,4896.65,13.96979797,141.1282292668
2017-03-30,801180,4889.47,4889.86,4819.75,4827.57,17.13616777,171.5583242173
2017-03-31,801180,4818.55,4835.13,4813.26,4835.04,12.62242683,127.4589156613
2017-04-06,801180,4971.11,4985.59,4961.94,4980.43,26.63922237,274.6557570709
2017-04-07,801180,5000.97,5022.43,4979.61,5009.47,28.33544463,296.8318778207
2017-04-10,801180,5021.16,5083.16,5013.23,5071.18,34.57979565,369.82342519879995
2017-04-11,801180,5091.13,5170.57,5061.41,5168.26,39.5362797,448.2995066189
2017-04-12,801180,5210.42,5233.18,5164.64,5173.24,51.11718484,710.9437977071001
2017-04-13,801180,5171.84,5228.29,5151.52,5208.01,37.65894375,372.1670874453
2017-04-14,801180,5213.13,5213.16,5123.31,5130.41,32.28054293,330.5024953014
2017-04-17,801180,5099.43,5099.48,5011.16,5045.45,30.44695319,372.77237817279996
2017-04-18,801180,5028.44,5059.8,5005.17,5007.23,26.03862607,321.5033071559
2017-04-19,801180,4980.31,4986.15,4914.47,4962.25,24.72136291,246.9250046098
2017-04-20,801180,4950.84,4970.45,4895.32,4930.0,23.08828,271.14686034470003
2017-04-21,801180,4931.34,4944.25,4900.0,4913.23,20.17398829,234.13025458669998
2017-04-24,801180,4902.38,4902.51,4806.3,4817.82,19.80112563,212.39653276209998
2017-04-25,801180,4817.94,4870.06,4805.69,4823.29,18.76259064,214.97937331650002
2017-04-26,801180,4817.57,4851.97,4805.43,4842.34,19.72163076,227.86785136970002
2017-04-27,801180,4825.24,4825.32,4713.93,4784.94,24.57221367,269.037394429
2017-04-28,801180,4765.42,4818.85,4765.42,4818.85,20.59455534,230.4321774077
2017-05-02,801180,4806.76,4808.11,4784.3,4794.99,20.99994663,245.38670905720002
2017-05-03,801180,4787.11,4787.15,4740.68,4753.45,21.48951251,237.51887185259997
2017-05-04,801180,4737.38,4789.56,4727.67,4744.78,20.14334655,219.1030063769
2017-05-05,801180,4729.79,4734.16,4704.02,4706.08,18.67665834,209.4295734654
2017-05-08,801180,4688.75,4691.06,4612.45,4612.76,19.49799531,214.56760334080002
2017-05-09,801180,4599.26,4623.48,4574.17,4622.48,13.00275696,135.4071841357
2017-05-10,801180,4620.9,4646.48,4545.71,4545.71,15.83923418,162.0233324895
2017-05-11,801180,4529.93,4565.24,4460.36,4559.6,18.61236314,181.593790461
2017-05-12,801180,4538.49,4576.67,4514.12,4569.59,14.69632576,149.64736456379998
2017-05-15,801180,4563.09,4608.96,4552.35,4591.52,14.15099211,146.0803913277
2017-05-16,801180,4578.72,4638.83,4550.51,4638.1,19.39683505,201.8359400783
2017-05-17,801180,4627.17,4658.82,4625.97,4638.88,17.65618751,191.34840633599998
2017-05-18,801180,4605.6,4643.51,4605.6,4631.11,16.59282418,172.3336069274
2017-05-19,801180,4621.04,4640.75,4614.96,4636.88,15.47319071,151.4926135365
2017-05-22,801180,4624.75,4630.38,4559.01,4576.53,15.80523533,151.3423402581
2017-05-23,801180,4569.67,4589.42,4532.49,4540.08,18.93823015,187.8816933894
2017-05-24,801180,4512.2,4536.58,4463.29,4536.58,16.23811381,150.6323085516
2017-05-25,801180,4530.37,4661.45,4529.97,4650.42,25.76616141,245.5413428032
2017-05-26,801180,4637.95,4662.18,4628.81,4633.39,20.86480024,200.0553507548
2017-05-31,801180,4723.58,4731.53,4679.17,4679.42,23.67351903,228.9044467939
2017-06-01,801180,4658.74,4684.47,4645.56,4649.58,22.82218386,225.7216757577
2017-06-02,801180,4637.39,4691.39,4618.36,4688.37,23.22831538,211.49076930470002
2017-06-05,801180,4674.39,4698.38,4669.18,4689.24,19.59089062,176.99910815869998
2017-06-06,801180,4680.43,4728.34,4672.07,4718.95,20.28633076,199.1187211978
2017-06-07,801180,4716.27,4783.52,4714.94,4783.52,26.21128016,247.9955350546
2017-06-08,801180,4776.2,4790.53,4771.24,4784.13,24.07535059,237.3651051837
2017-06-09,801180,4767.94,4782.14,4755.35,4780.05,22.37644469,219.14996978029998
2017-06-12,801180,4778.07,4820.79,4743.63,4751.3,21.8811896,219.13240292810002
2017-06-13,801180,4744.79,4778.65,4742.56,4776.04,17.7355117,171.426886
2017-06-14,801180,4764.21,4764.37,4713.18,4714.24,19.16297716,183.0198965823
2017-06-15,801180,4700.17,4723.26,4690.98,4723.03,16.36647819,151.2835274884
2017-06-16,801180,4718.93,4727.84,4714.47,4717.43,15.4779444,144.5470932889
2017-06-19,801180,4714.18,4746.43,4714.06,4741.52,14.61616823,139.802486904
2017-06-20,801180,4745.72,4752.0,4731.79,4740.74,15.78207097,155.0328276575
2017-06-21,801180,4757.52,4766.95,4733.53,4766.95,16.62530677,173.3414141239
2017-06-22,801180,4762.13,4815.85,4736.73,4736.73,21.63235496,229.3803909084
2017-06-23,801180,4720.69,4810.66,4720.69,4809.7,22.3908186,236.5546772802
2017-06-26,801180,4834.53,4938.85,4830.42,4930.19,25.75712872,283.699552128
2017-06-27,801180,4920.5,4920.5,4884.36,4902.68,17.85473236,197.0327315669
2017-06-28,801180,4891.01,4897.38,4845.28,4848.39,15.04036007,165.6360370896
2017-06-29,801180,4852.74,4863.61,4831.9,4846.24,13.06133784,138.0780492355
2017-06-30,801180,4833.71,4844.32,4813.66,4834.39,13.65926359,139.2664657356
2017-07-03,801180,4835.81,4847.28,4819.37,4845.69,13.15840259,131.4219056442
2017-07-04,801180,4845.81,4847.13,4778.93,4785.69,14.66440539,155.7661520106
2017-07-05,801180,4780.19,4819.07,4755.92,4818.97,15.20469997,151.4026161447
2017-07-06,801180,4811.45,4821.26,4776.35,4797.85,16.39840287,150.7474227619
2017-07-07,801180,4790.66,4827.87,4781.49,4827.02,15.72990568,151.24918526049998
2017-07-10,801180,4813.04,4870.51,4809.7,4833.56,18.20208301,178.1517097719
2017-07-11,801180,4828.51,4858.25,4812.7,4813.07,16.46333114,161.1954947892
2017-07-12,801180,4827.18,4855.73,4794.34,4825.47,17.90082031,184.37891923419997
2017-07-13,801180,4803.09,4817.73,4791.24,4806.67,15.23584637,157.6604800085
2017-07-14,801180,4808.14,4820.4,4796.82,4819.9,13.88105493,134.3749356365
2017-07-17,801180,4817.85,4818.49,4652.0,4654.62,23.56705948,212.3377511153
2017-07-18,801180,4655.96,4709.53,4647.54,4708.24,17.89186661,169.5345275338
2017-07-19,801180,4691.73,4760.38,4689.45,4760.22,19.51929419,189.49398059540002
2017-07-20,801180,4746.53,4861.5,4746.53,4838.72,24.69780951,228.20027329229998
2017-07-24,801180,4824.97,4855.14,4813.44,4821.76,27.00800539,261.5929814752
2017-07-25,801180,4807.37,4807.67,4751.65,4767.2,20.34555367,193.9588717066
2017-07-26,801180,4764.86,4782.82,4729.06,4767.52,18.44222841,177.7486579667
2017-07-27,801180,4760.32,4815.22,4755.14,4798.76,23.27047814,219.1257347973
2017-07-28,801180,4789.68,4832.76,4789.2,4816.97,19.92684209,186.763341142
2017-07-31,801180,4817.38,4823.51,4781.13,4820.2,20.54896903,197.4234819584
2017-08-01,801180,4813.14,4848.57,4809.65,4846.7,23.6367594,228.6800779429
2017-08-02,801180,4840.06,4852.08,4795.05,4796.8,24.10765251,233.33097710090001
2017-08-03,801180,4788.42,4788.42,4754.3,4772.1,20.27257028,200.7753252898
2017-08-04,801180,4770.17,4779.82,4728.05,4728.05,19.59050412,177.203682623
2017-08-07,801180,4720.65,4736.09,4709.05,4735.38,15.00306569,135.2765893101
2017-08-08,801180,4743.68,4748.79,4725.64,4738.95,16.0079279,148.8811285293
2017-08-09,801180,4735.83,4746.87,4724.26,4744.92,13.15437163,122.6581175267
2017-08-10,801180,4742.01,4744.37,4680.76,4716.65,17.56666505,159.0218290575
2017-08-11,801180,4688.08,4700.91,4624.27,4627.63,19.43594349,180.7557612984
2017-08-14,801180,4634.93,4677.01,4634.87,4676.93,16.49685228,155.7736939571
2017-08-15,801180,4678.13,4698.13,4677.07,4696.4,14.56678538,134.30360868120002
2017-08-16,801180,4695.46,4701.94,4677.57,4700.08,16.01123488,150.3548064364
2017-08-17,801180,4699.32,4721.52,4696.97,4721.0,15.640731,141.2006734994
2017-08-18,801180,4703.37,4773.68,4697.11,4769.1,19.95683512,199.2669486631
2017-08-21,801180,4768.45,4789.03,4764.71,4789.03,16.51088521,161.4890159226
2017-08-22,801180,4793.46,4809.08,4776.67,4787.38,16.08902446,163.590601113
2017-08-23,801180,4785.74,4785.74,4756.59,4770.56,13.44688018,127.3992986797
2017-08-24,801180,4769.5,4775.86,4746.06,4749.48,13.52248441,125.9532218271
2017-08-25,801180,4754.15,4796.81,4748.68,4794.54,14.12362065,135.5730456826
2017-08-28,801180,4798.56,4862.05,4794.19,4842.6,19.32942652,191.3869255059
2017-08-29,801180,4832.09,4835.08,4817.19,4827.69,16.46787717,163.4043492273
2017-08-30,801180,4837.34,4858.72,4834.92,4847.73,18.70893823,190.1146234427
2017-08-31,801180,4842.06,4854.25,4811.53,4830.9,18.60795418,189.3249064938
2017-09-01,801180,4826.96,4830.95,4805.67,4815.09,18.46581779,174.7361945273
2017-09-04,801180,4810.61,4818.65,4795.52,4817.55,19.00663325,181.5911590071
2017-09-05,801180,4815.48,4854.09,4815.48,4854.05,17.13669854,170.7969242687
2017-09-06,801180,4846.22,4860.61,4832.31,4853.96,16.36990109,159.61550193780002
2017-09-07,801180,4861.39,5004.99,4856.05,4959.01,30.81298229,311.595242262
2017-09-08,801180,4949.21,4991.27,4929.35,4963.31,21.10908186,222.7806382104
2017-09-11,801180,4963.88,4994.94,4931.97,4949.33,18.09616291,190.1219120959
2017-09-12,801180,4944.28,4951.55,4913.98,4921.18,19.08300764,193.2179373377
2017-09-13,801180,4920.8,4955.23,4914.59,4952.26,13.99232496,141.4072633982
2017-09-14,801180,4953.39,5072.36,4947.44,5058.43,25.91664131,269.3767493451
2017-09-15,801180,5052.7,5216.34,5052.7,5145.33,37.07612102,382.20779973739997
2017-09-18,801180,5151.91,5192.44,5114.95,5116.76,26.91979949,285.7253510545
2017-09-19,801180,5128.4,5273.64,5128.4,5203.73,42.31732243,417.47368188879994
2017-09-20,801180,5187.34,5197.13,5156.59,5190.8,28.84491615,290.0031811396
2017-09-21,801180,5177.03,5177.3,5104.84,5106.88,23.03551988,232.4960151442
2017-09-22,801180,5103.38,5130.42,5075.11,5085.18,17.04158767,172.9718445369
2017-09-25,801180,5029.95,5033.39,4882.57,4886.07,25.02615909,249.18249914470002
2017-09-26,801180,4881.66,4928.36,4881.66,4913.79,13.02340118,133.6148491715
2017-09-27,801180,4921.3,4957.58,4907.67,4950.94,14.35626793,149.537261103
2017-09-28,801180,4954.07,4954.22,4874.19,4876.41,15.58923567,155.3483352549
2017-09-29,801180,4885.72,4913.61,4879.79,4889.36,12.21883919,125.0505659134
2017-10-09,801180,4983.48,4993.57,4929.9,4933.78,15.53386843,165.74059783
2017-10-10,801180,4933.01,4938.05,4907.61,4937.45,12.86767888,133.0091013458
2017-10-11,801180,4941.13,4953.46,4919.68,4930.66,13.80749371,137.8121905682
2017-10-12,801180,4931.42,4931.62,4891.9,4912.2,11.33777817,112.86935259110001
2017-10-13,801180,4915.25,4929.38,4907.88,4917.74,10.02667429,98.35203140120001
2017-10-16,801180,4919.86,4919.86,4839.27,4840.49,13.40714286,128.1910671518
2017-10-17,801180,4838.09,4867.96,4828.6,4855.16,10.56346376,103.4424178649
2017-10-18,801180,4857.43,4862.48,4839.27,4845.46,13.5213042,136.6241727807
2017-10-19,801180,4839.28,4840.58,4795.45,4801.67,12.6746466,122.1564644631
2017-10-20,801180,4804.82,4858.49,4802.16,4858.32,10.90006355,120.4072184526
2017-10-23,801180,4862.27,4875.35,4851.36,4872.11,11.8367587,128.8202808348
2017-10-24,801180,4869.72,4937.72,4863.06,4926.61,15.84560195,172.4999369398
2017-10-25,801180,4922.46,4984.17,4917.58,4956.05,13.56298097,148.6215888205
2017-10-26,801180,4944.59,4963.24,4923.37,4942.86,13.0270955,145.2826091642
2017-10-27,801180,4946.31,4967.96,4914.9,4923.84,13.41578089,145.1391127371
2017-10-30,801180,4920.84,4929.21,4843.09,4886.33,15.90836887,167.8227676853
2017-10-31,801180,4878.95,4923.03,4870.67,4921.66,12.41826377,136.7217479979
2017-11-01,801180,4917.25,4979.47,4908.19,4919.32,14.24030803,155.8313850872
2017-11-02,801180,4913.29,4913.39,4871.28,4894.98,12.59486422,131.73518641889999
2017-11-03,801180,4887.28,4891.87,4799.96,4829.53,13.90073226,148.25353755700002
2017-11-06,801180,4820.35,4820.84,4767.74,4797.08,12.95513666,131.6506321959
2017-11-07,801180,4797.94,4828.16,4792.95,4828.09,13.29472847,137.9061470757
2017-11-08,801180,4819.5,4860.61,4814.35,4832.98,13.71699046,141.6365202027
2017-11-09,801180,4829.01,4858.3,4827.1,4858.02,13.23341122,146.0631911031
2017-11-10,801180,4856.1,4856.78,4825.01,4834.42,14.02972764,156.07146682180002
2017-11-13,801180,4837.04,4843.67,4816.43,4824.9,14.68321458,164.42075646790002
2017-11-14,801180,4820.97,4852.94,4805.01,4851.44,14.80223506,173.70865882459998
2017-11-15,801180,4838.59,4854.77,4825.28,4847.08,13.22026947,145.486305869
2017-11-16,801180,4835.13,4910.64,4834.69,4896.14,15.98533382,169.8547388317
2017-11-17,801180,4893.95,4906.21,4840.83,4846.41,20.16631766,213.673566174
2017-11-20,801180,4824.32,4836.53,4746.34,4836.27,14.19321417,146.0813422057
2017-11-21,801180,4822.97,4960.47,4821.59,4960.44,18.02111948,209.6424629275
2017-11-22,801180,4969.69,5010.29,4944.21,4977.8,19.17515472,217.9352551231
2017-11-23,801180,4972.75,4979.53,4865.93,4872.95,15.64179543,170.3720187061
2017-11-24,801180,4860.99,4915.61,4843.2,4912.28,12.25740696,136.4827032311
2017-11-27,801180,4901.3,4940.23,4855.81,4876.12,12.17014121,133.6107068807
2017-11-28,801180,4861.11,4867.42,4812.21,4858.4,11.3255411,119.6097424721
2017-11-29,801180,4859.28,5047.89,4842.34,5047.89,20.3148705,223.7735746789
2017-11-30,801180,5020.65,5022.7,4890.67,4922.45,16.54059159,193.07882546849999
2017-12-01,801180,4899.55,4983.02,4899.48,4928.77,13.85961958,151.427754128
2017-12-04,801180,4910.32,4919.56,4868.05,4892.92,12.26698132,127.4588028035
2017-12-05,801180,4874.67,4898.69,4848.71,4855.28,15.6853944,172.835872794
2017-12-06,801180,4832.92,4866.34,4804.21,4850.74,11.48376723,119.9187613158
2017-12-07,801180,4846.59,4926.44,4834.77,4842.35,13.10102186,141.2225085088
2017-12-08,801180,4815.84,4852.57,4797.63,4851.23,12.02230808,127.4707106319
2017-12-11,801180,4846.87,4879.56,4837.8,4879.56,11.91622722,123.11413075850001
2017-12-12,801180,4871.94,4907.28,4848.9,4849.68,12.76284349,129.1282064306
2017-12-13,801180,4844.18,4859.77,4831.8,4859.26,9.60574428,97.7306572447
2017-12-14,801180,4855.01,4876.06,4839.84,4854.68,10.63455893,110.99101493229999
2017-12-15,801180,4844.65,4854.79,4785.25,4791.95,11.10429217,113.7153640624
2017-12-18,801180,4788.98,4792.43,4730.5,4753.84,10.59034568,107.9801140303
2017-12-19,801180,4759.85,4794.87,4754.47,4794.87,9.12639984,91.07792655899999
2017-12-20,801180,4784.91,4792.56,4725.13,4735.58,11.57505796,113.1198858795
2017-12-21,801180,4737.35,4834.37,4736.57,4814.21,13.80670301,146.06367243190002
2017-12-22,801180,4804.82,4824.17,4804.82,4810.54,9.35171017,96.9108912909
2017-12-25,801180,4831.31,4909.05,4831.31,4840.11,14.63659736,155.4752478152
2017-12-26,801180,4842.5,4865.78,4834.39,4865.6,10.95960345,108.5647719934
2017-12-27,801180,4855.06,4872.8,4834.51,4843.78,11.53777915,117.6148112119
2017-12-28,801180,4828.28,4859.24,4813.76,4845.35,11.60491651,113.5840096913
2017-12-29,801180,4842.79,4916.07,4842.4,4910.39,13.08539096,132.5033914375
2018-01-02,801180,4935.13,5073.63,4935.13,5041.19,23.94200648,264.4053046872
2018-01-03,801180,5040.89,5122.98,5026.22,5070.75,24.18860273,270.226915273
2018-01-04,801180,5087.82,5117.47,5053.83,5107.72,18.94939669,208.53525277560001
2018-01-05,801180,5107.95,5375.64,5101.94,5289.07,43.98465159,450.65606136879995
2018-01-08,801180,5334.9,5498.44,5334.9,5404.35,44.44595236,470.4320600311
2018-01-09,801180,5386.22,5467.55,5366.43,5422.88,32.66232136,313.0095466709
2018-01-10,801180,5423.78,5492.89,5369.18,5408.18,28.95199564,290.4001730438
2018-01-11,801180,5395.56,5406.57,5328.65,5401.02,26.60541306,262.0618106926
2018-01-12,801180,5391.87,5531.82,5391.87,5443.44,36.9414945,345.1511018774
2018-01-15,801180,5467.11,5529.1,5427.15,5455.14,38.91032823,393.4157063309
2018-01-16,801180,5429.86,5786.71,5426.82,5745.45,48.30567749,524.3871285564
2018-01-17,801180,5728.69,5781.9,5581.51,5677.94,43.33042297,497.15853602190003
2018-01-18,801180,5663.2,5699.16,5618.3,5644.82,26.39324163,306.5400271733
2018-01-19,801180,5648.36,5762.88,5598.38,5606.97,30.87017014,355.8485656242
2018-01-22,801180,5586.7,5635.39,5568.62,5625.53,23.33376757,265.0923633204
2018-01-23,801180,5645.59,5799.01,5645.39,5750.67,31.95200576,400.6615210554
2018-01-24,801180,5738.56,5827.97,5701.37,5739.07,28.49388011,346.1613569793
2018-01-25,801180,5720.17,5720.19,5567.82,5661.55,27.41441303,342.0512357855
2018-01-26,801180,5644.72,5769.84,5634.59,5722.67,27.6394942,320.7879109412
2018-01-29,801180,5734.81,5779.15,5611.06,5658.49,26.84203729,322.9941415807
2018-01-30,801180,5641.04,5656.89,5530.71,5532.78,24.86681262,305.01238805080004
2018-01-31,801180,5539.02,5636.62,5475.4,5579.14,28.67751603,346.9911564919
2018-02-01,801180,5581.22,5609.26,5460.42,5480.1,31.28645768,357.5530095898
2018-02-02,801180,5394.13,5481.9,5298.88,5473.24,25.97613628,306.95127229450003
2018-02-05,801180,5398.83,5486.84,5386.56,5486.84,19.95650073,241.772168261
2018-02-06,801180,5368.56,5390.33,5221.84,5231.16,26.54578522,309.380796068
2018-02-07,801180,5324.62,5337.42,4947.59,4989.29,30.69783185,360.7068744132
2018-02-08,801180,4965.03,5027.63,4909.81,4958.66,18.81641556,221.3266617066
2018-02-09,801180,4818.66,4840.15,4631.14,4702.48,26.19496698,277.1182316731
2018-02-12,801180,4717.12,4802.18,4700.61,4784.23,16.46746286,182.1256061502
2018-02-13,801180,4825.19,4962.66,4824.7,4871.75,18.13875344,200.5560226412
2018-02-14,801180,4868.55,4907.64,4821.58,4898.94,11.54802533,117.16670037520001
2018-02-22,801180,4962.9,4988.56,4936.41,4977.45,17.371065,157.6357359669
2018-02-23,801180,4993.11,5080.56,4967.74,5035.77,17.73407382,181.0372919618
2018-02-26,801180,5056.4,5065.12,4896.56,5016.19,22.46850511,235.44386489549998
2018-02-27,801180,5002.29,5002.55,4905.77,4920.0,20.04166105,212.6703005025
2018-02-28,801180,4875.96,4984.23,4838.91,4941.57,18.55318064,201.92576722389998
2018-03-01,801180,4894.92,4973.88,4887.01,4929.92,16.74028178,174.42259803759998
2018-03-02,801180,4887.06,4949.73,4862.31,4917.22,15.05640804,157.8707449137
2018-03-05,801180,4930.05,4986.09,4914.24,4924.61,13.8981583,154.6061912568
2018-03-06,801180,4940.64,5069.9,4897.14,5069.54,22.63686586,238.3968376166
2018-03-07,801180,5048.56,5085.83,5007.12,5015.73,17.06886848,184.9873241859
2018-03-08,801180,5015.07,5067.11,5001.41,5064.14,16.35986729,160.6208427833
2018-03-09,801180,5072.91,5080.06,5033.33,5064.03,17.83767929,171.6934378225
2018-03-12,801180,5068.23,5071.78,4959.11,4995.64,23.73369629,260.49557793099996
2018-03-13,801180,4981.81,5010.72,4971.05,4978.94,17.81233425,161.8839502742
2018-03-14,801180,4967.72,5001.5,4947.56,4972.31,16.46811209,165.3580591237
2018-03-15,801180,4960.71,4995.02,4929.09,4953.82,14.56950165,149.44351259299998
2018-03-16,801180,4951.19,5014.06,4951.15,4970.88,14.26654922,154.92400645799998
2018-03-19,801180,4961.83,4961.83,4887.69,4893.9,15.02331617,160.8984595594
2018-03-20,801180,4856.73,4884.81,4826.7,4873.99,15.64874914,139.16758820430002
2018-03-21,801180,4879.87,4945.43,4878.52,4890.45,20.58669885,171.8674309806
2018-03-22,801180,4889.86,4897.98,4823.58,4839.23,17.65229239,156.76122400239998
2018-03-23,801180,4702.68,4723.2,4587.6,4680.78,25.05737944,226.8075146009
2018-03-26,801180,4622.97,4658.58,4585.26,4658.58,17.09156623,158.1913694254
2018-03-27,801180,4719.45,4754.18,4696.76,4729.57,18.31037481,175.9855080863
2018-03-28,801180,4674.79,4775.85,4666.14,4716.42,14.98366263,149.3432173056
2018-03-29,801180,4729.52,4928.69,4672.57,4898.61,24.69520146,268.87805319209997
2018-03-30,801180,4874.6,4881.11,4838.13,4852.31,16.97787488,183.4986546866
2018-04-02,801180,4861.81,4940.34,4854.82,4860.47,18.76473175,195.87806510849998
2018-04-03,801180,4798.33,4844.94,4775.53,4819.04,14.74183682,146.9203761114
2018-04-04,801180,4798.31,4857.29,4790.24,4791.76,13.51601815,141.6924092532
2018-04-09,801180,4779.24,4801.73,4728.88,4758.64,13.55724572,134.4711100068
2018-04-10,801180,4762.09,4850.51,4750.82,4850.51,16.47474754,180.2657241821
2018-04-11,801180,4855.3,4946.86,4845.11,4900.45,17.56129941,197.8091716165
2018-04-12,801180,4886.27,4904.39,4840.89,4852.86,13.07250187,136.5619346858
2018-04-13,801180,4873.37,4890.48,4807.45,4817.88,11.49434758,123.3574145334
2018-04-16,801180,4801.98,4802.55,4664.27,4693.57,18.96247386,202.2621156517
2018-04-17,801180,4699.03,4699.69,4627.53,4629.51,16.04441386,152.0294189892
2018-04-18,801180,4679.32,4696.39,4608.11,4657.86,16.28137842,161.595439741
2018-04-19,801180,4659.37,4695.76,4647.71,4677.27,13.64256379,128.5720110174
2018-04-20,801180,4666.89,4670.38,4592.22,4608.13,14.08649062,126.86006763479999
2018-04-23,801180,4594.09,4621.44,4564.56,4595.92,12.12853532,111.9229888423
2018-04-24,801180,4616.66,4735.76,4616.17,4712.82,16.82833147,175.81868819919998
2018-04-25,801180,4683.07,4688.15,4656.5,4669.01,13.31288799,129.2830319811
2018-04-26,801180,4691.78,4693.82,4573.53,4585.77,14.47076777,135.79100249299998
2018-04-27,801180,4588.29,4597.75,4499.96,4572.67,14.46013551,135.4095271367
2018-05-02,801180,4572.51,4601.64,4542.53,4561.03,13.54457509,113.31504420110001
2018-05-03,801180,4554.45,4579.27,4503.99,4572.29,13.61087556,124.38787195559999
2018-05-04,801180,4566.62,4602.96,4561.88,4566.27,11.97523071,114.208082991
2018-05-07,801180,4576.38,4635.34,4566.27,4631.73,13.65093863,132.5516856426
2018-05-08,801180,4632.32,4725.37,4629.01,4701.47,15.57946252,163.4540700798
2018-05-09,801180,4693.84,4697.87,4658.02,4671.58,12.61108301,125.1572995924
2018-05-10,801180,4681.39,4701.26,4655.14,4700.1,15.28619255,143.7563931922
2018-05-11,801180,4703.3,4704.44,4657.7,4658.15,14.96635268,123.5924879024
2018-05-14,801180,4658.37,4677.07,4622.27,4634.24,13.0455363,117.7240932018
2018-05-15,801180,4645.03,4657.91,4619.95,4657.91,10.94957794,104.91357426479999
2018-05-16,801180,4643.02,4649.18,4618.4,4620.69,10.77379578,107.2243642092
2018-05-17,801180,4619.58,4643.38,4599.78,4602.3,10.47134895,102.70047714120001
2018-05-18,801180,4596.92,4630.84,4576.29,4630.75,9.88499655,94.26907133799999
2018-05-21,801180,4644.14,4645.1,4621.3,4629.34,12.25357393,119.42647326059999
2018-05-22,801180,4626.39,4626.39,4554.6,4577.83,12.68214403,129.7010377975
2018-05-23,801180,4565.24,4565.54,4524.03,4525.05,12.04252345,117.43690978069999
2018-05-24,801180,4525.39,4530.97,4502.81,4509.29,11.54738609,104.68024876790001
2018-05-25,801180,4508.52,4521.25,4476.71,4493.82,12.71893184,111.83152379139999
2018-05-28,801180,4486.48,4490.59,4452.88,4459.93,12.24569483,102.2092144315
2018-05-29,801180,4447.8,4447.93,4358.06,4403.26,15.54439062,150.3493522862
2018-05-30,801180,4349.11,4349.86,4274.13,4275.29,13.95359236,114.46901370350001
2018-05-31,801180,4297.26,4345.19,4266.72,4338.58,11.80494491,111.0228173692
2018-06-01,801180,4319.67,4396.98,4313.45,4345.48,11.90471679,109.7360067656
2018-06-04,801180,4357.85,4431.21,4357.76,4423.3,12.58504971,125.7296361085
2018-06-05,801180,4415.76,4453.38,4398.83,4449.1,11.25348783,109.82118959709999
2018-06-06,801180,4438.14,4446.85,4408.46,4417.92,9.5482883,92.9999479606
2018-06-07,801180,4427.52,4474.86,4421.65,4460.15,11.56033779,120.193306272
2018-06-08,801180,4431.31,4431.78,4343.14,4368.56,11.49242914,102.3198873324
2018-06-11,801180,4359.01,4431.66,4352.11,4407.84,10.63591112,103.6603225819
2018-06-12,801180,4414.75,4442.77,4379.44,4432.2,10.183438,95.5757214767
2018-06-13,801180,4415.86,4469.06,4406.45,4412.23,12.04160969,115.92434298309999
2018-06-14,801180,4392.64,4421.92,4374.78,4392.71,10.01191643,90.16429714889999
2018-06-15,801180,4389.31,4475.0,4389.28,4413.18,15.92319208,146.7832675731
2018-06-19,801180,4345.17,4346.07,4145.49,4187.14,23.3232274,190.6166946503
2018-06-20,801180,4167.31,4250.3,4158.19,4244.45,15.44271251,122.034889459
2018-06-21,801180,4230.6,4330.11,4219.72,4225.97,17.42187859,147.3397708129
2018-06-22,801180,4200.55,4265.15,4185.41,4265.15,12.53086575,103.58379069200001
2018-06-25,801180,4296.1,4304.4,4135.74,4137.37,14.07964951,125.3012740499
2018-06-26,801180,4049.58,4057.08,3967.76,4027.63,16.31731491,138.4225213903
2018-06-27,801180,4023.38,4023.78,3890.3,3931.05,17.19772576,138.61071465700002
2018-06-28,801180,3900.49,3947.71,3867.74,3881.83,12.47074017,95.0593754059
2018-06-29,801180,3885.16,3984.74,3879.57,3984.69,12.76023778,95.72326073219999
2018-07-02,801180,3976.14,3976.68,3777.79,3808.96,16.51616139,142.216760884
2018-07-03,801180,3817.81,3840.22,3752.51,3840.22,16.70882211,108.3081223001
2018-07-04,801180,3819.02,3841.63,3756.22,3764.08,14.07584376,88.2591524876
2018-07-05,801180,3755.68,3781.54,3692.3,3698.18,14.06162726,91.3608076517
2018-07-06,801180,3705.82,3721.19,3608.47,3694.22,15.51021665,104.34265414379999
2018-07-09,801180,3698.92,3780.84,3697.52,3780.72,12.57126679,92.0095132039
2018-07-10,801180,3793.99,3839.07,3774.09,3822.48,12.92299989,104.68876514639999
2018-07-11,801180,3756.09,3756.8,3691.23,3727.37,12.31921415,82.5044185032
2018-07-12,801180,3727.2,3809.37,3727.2,3795.34,13.32715582,94.4558951777
2018-07-13,801180,3830.66,3848.78,3788.76,3799.35,12.64007645,97.1661897384
2018-07-16,801180,3794.53,3794.75,3722.69,3749.3,11.09684381,84.5823500673
2018-07-17,801180,3738.26,3757.4,3713.76,3748.41,9.7204493,67.4549888818
2018-07-18,801180,3747.61,3752.59,3698.41,3698.46,10.07687277,73.1912730799
2018-07-19,801180,3711.39,3731.19,3676.3,3683.85,9.31190891,68.7317292499
2018-07-20,801180,3682.48,3757.95,3637.45,3739.88,11.73401363,97.5536788911
2018-07-23,801180,3720.86,3821.69,3713.21,3814.67,12.85891469,106.7846065736
2018-07-24,801180,3831.31,3932.56,3831.31,3902.12,17.52168887,146.8127273729
2018-07-25,801180,3907.06,3913.79,3875.05,3897.36,12.7070643,83.5058705498
2018-07-26,801180,3907.06,3938.53,3878.83,3887.11,17.87751589,107.2897425891
2018-07-27,801180,3878.39,3906.09,3855.39,3874.43,14.34478438,87.20192181969999
2018-07-30,801180,3874.11,3904.42,3829.83,3851.69,13.07024304,84.9443309531
2018-07-31,801180,3859.18,3904.41,3852.96,3895.34,11.45952099,84.1440187645
2018-08-01,801180,3865.53,3865.71,3771.94,3771.94,15.05905867,116.82256789700001
2018-08-02,801180,3753.05,3754.22,3599.11,3662.15,15.57532991,104.7466811851
2018-08-03,801180,3656.37,3671.05,3623.59,3624.97,9.22619128,63.9775981434
2018-08-06,801180,3622.69,3627.64,3533.47,3552.8,10.38068681,68.0698802447
2018-08-07,801180,3567.82,3662.6,3555.22,3662.6,11.41663073,77.3196659246
2018-08-08,801180,3660.31,3685.36,3616.17,3616.17,10.05846025,70.0245321237
2018-08-09,801180,3608.84,3715.53,3601.56,3708.46,12.17400102,97.7410703493
2018-08-10,801180,3734.18,3819.33,3734.18,3764.49,14.06855699,122.7133816073
2018-08-13,801180,3692.35,3729.99,3665.1,3720.78,11.13002847,81.33067091470001
2018-08-14,801180,3707.33,3709.87,3651.13,3675.96,9.76252373,75.9550643418
2018-08-15,801180,3673.24,3674.1,3618.64,3621.81,12.26620227,68.7208971149
2018-08-16,801180,3573.19,3645.88,3557.81,3623.57,12.74061601,76.0925694157
2018-08-17,801180,3643.16,3653.47,3583.61,3588.67,13.8186594,75.8729653265
2018-08-20,801180,3591.84,3624.34,3572.99,3622.96,13.03813543,75.85924311640001
2018-08-21,801180,3622.82,3667.3,3609.24,3659.94,12.38299772,76.401270125
2018-08-22,801180,3647.13,3647.74,3628.05,3633.03,9.31171408,57.399599781999996
2018-08-23,801180,3615.97,3637.18,3579.79,3611.32,9.04674015,58.9608279916
2018-08-24,801180,3603.25,3631.54,3580.95,3612.52,9.82736801,55.806226503299996
2018-08-27,801180,3623.12,3714.72,3623.12,3712.32,12.80317189,95.0078478954
2018-08-28,801180,3707.86,3730.21,3700.0,3710.83,10.46384193,68.76870548720001
2018-08-29,801180,3703.9,3744.2,3703.38,3720.96,16.59950126,76.92449450779999
2018-08-30,801180,3714.84,3732.28,3678.8,3679.06,14.2872053,67.9215635819
2018-08-31,801180,3666.77,3728.79,3645.43,3702.2,14.87641858,86.51696439979999
2018-09-03,801180,3688.57,3713.99,3659.14,3687.93,13.53482096,78.5372338495
2018-09-04,801180,3689.72,3742.4,3673.86,3737.27,14.84396896,76.2972500443
2018-09-05,801180,3717.65,3726.53,3663.36,3663.36,17.8660064,77.30164651060001
2018-09-06,801180,3655.62,3676.01,3596.5,3610.25,8.62615444,65.3556195892
2018-09-07,801180,3616.37,3667.22,3609.34,3634.28,9.18672314,63.348761125699994
2018-09-10,801180,3642.55,3668.34,3630.42,3633.91,10.55073814,78.2795497458
2018-09-11,801180,3630.4,3642.11,3588.91,3609.31,8.80395131,58.9648309422
2018-09-12,801180,3610.39,3617.96,3578.22,3601.57,7.44649116,49.7935174088
2018-09-13,801180,3632.51,3645.37,3585.8,3626.89,13.41204918,62.704834034799994
2018-09-14,801180,3628.24,3641.28,3601.82,3630.7,15.46352649,65.2707242451
2018-09-17,801180,3611.38,3612.69,3566.77,3580.87,12.0664838,56.754794875200005
2018-09-18,801180,3567.77,3629.64,3562.06,3628.17,11.94817939,62.23318201479999
2018-09-19,801180,3622.91,3770.39,3618.94,3746.05,19.80303696,149.9251216719
2018-09-20,801180,3732.25,3753.05,3720.11,3733.31,15.77046617,97.012750414
2018-09-21,801180,3745.37,3849.23,3725.72,3841.84,17.98867396,131.20783600049998
2018-09-25,801180,3754.76,3755.45,3708.94,3724.53,14.88581925,118.357340098
2018-09-26,801180,3728.52,3759.98,3697.5,3727.56,16.48870738,101.58422629610001
2018-09-27,801180,3726.59,3727.13,3686.11,3691.55,15.71110629,80.9982378484
2018-09-28,801180,3694.53,3728.66,3678.37,3695.91,13.52931464,88.2989625166
2018-10-08,801180,3602.78,3608.22,3519.13,3525.68,14.96065261,98.51158171659999
2018-10-09,801180,3523.12,3529.1,3487.04,3509.28,9.60685661,59.555422031000006
2018-10-10,801180,3508.97,3529.25,3475.78,3505.93,14.85890238,65.7501758279
2018-10-11,801180,3415.41,3427.86,3269.59,3287.2,20.16159029,106.4475904105
2018-10-12,801180,3260.49,3315.65,3194.71,3315.09,16.73953829,88.15589857129999
2018-10-15,801180,3310.7,3314.17,3243.99,3250.78,13.95652862,66.6324106297
2018-10-16,801180,3254.95,3284.1,3150.13,3167.51,15.56998801,76.7329197068
2018-10-17,801180,3201.65,3215.14,3151.83,3196.72,17.13833099,69.84378044520001
2018-10-18,801180,3179.45,3180.38,3126.06,3127.79,13.23281066,68.7303115338
2018-10-19,801180,3105.81,3227.91,3096.05,3224.38,14.0437495,85.2712593392
2018-10-22,801180,3255.49,3404.82,3255.07,3371.53,20.21824532,128.5451797308
2018-10-23,801180,3375.05,3384.8,3290.64,3307.4,16.61604578,94.17303574450001
2018-10-24,801180,3303.01,3388.18,3301.34,3337.39,12.92777062,77.5870541076
2018-10-25,801180,3264.28,3412.3,3246.42,3412.3,16.58128262,114.5301496034
2018-10-26,801180,3430.97,3567.14,3430.53,3484.85,22.28931656,139.4218169134
2018-10-29,801180,3498.94,3511.1,3393.94,3414.92,19.88153728,112.34295000899999
2018-10-30,801180,3429.07,3503.82,3399.34,3475.55,17.84589361,108.0355973707
2018-10-31,801180,3480.95,3548.76,3453.06,3517.32,16.21179786,97.35913239770001
2018-11-01,801180,3563.41,3600.68,3534.94,3536.86,19.65710634,126.10821900479999
2018-11-02,801180,3596.89,3611.03,3517.64,3575.15,18.5319057,126.90460709959999
2018-11-05,801180,3556.78,3560.4,3519.33,3560.4,19.0539608,121.2601066569
2018-11-06,801180,3559.12,3602.68,3551.32,3601.95,17.11594688,113.57754703549999
2018-11-07,801180,3603.86,3619.69,3565.22,3570.75,15.92387557,106.5796644335
2018-11-08,801180,3591.76,3610.76,3566.13,3569.02,17.10255135,112.4114632947
2018-11-09,801180,3552.78,3585.51,3545.57,3545.57,15.93996505,98.02158115530001
2018-11-12,801180,3541.75,3615.15,3541.75,3612.43,17.55745533,105.26859474790001
2018-11-13,801180,3575.12,3679.66,3573.23,3664.54,27.06047408,161.25340779180002
2018-11-14,801180,3673.56,3735.22,3673.56,3692.11,28.35375114,181.1368200643
2018-11-15,801180,3689.6,3742.29,3688.44,3742.29,22.2539868,143.7851206867
2018-11-16,801180,3746.04,3843.01,3733.14,3818.53,26.8031725,187.95244668939998
2018-11-19,801180,3831.75,3938.42,3831.75,3938.42,32.84818921,253.4047249946
2018-11-20,801180,3895.22,3944.51,3823.11,3835.9,31.03567117,231.9112749821
2018-11-21,801180,3793.58,3907.47,3791.97,3877.87,29.43115865,220.7347100202
2018-11-22,801180,3881.75,3884.84,3825.26,3853.4,22.12236074,168.06993157739998
2018-11-23,801180,3837.04,3837.22,3693.97,3711.27,22.87051356,143.8118897736
2018-11-26,801180,3714.44,3761.64,3694.68,3722.1,16.51597945,112.86416803870002
2018-11-27,801180,3738.73,3745.77,3689.32,3704.74,16.38613242,108.8175822513
2018-11-28,801180,3705.7,3767.0,3688.55,3767.0,18.07952152,124.56718435360001
2018-11-29,801180,3783.28,3809.93,3674.59,3674.59,17.541087,121.835270474
2018-11-30,801180,3671.62,3695.11,3629.95,3692.11,14.44376345,92.22408593709999
2018-12-03,801180,3769.05,3781.26,3696.51,3747.55,20.65428754,152.3357914453
2018-12-04,801180,3732.87,3732.87,3686.89,3716.5,18.86519186,140.7190022293
2018-12-05,801180,3658.35,3740.28,3654.21,3708.96,15.70762279,117.3484139386
2018-12-06,801180,3677.76,3692.62,3660.67,3663.31,13.93093022,92.7377590235
2018-12-07,801180,3665.7,3705.21,3665.6,3678.47,11.04972354,79.3120187649
2018-12-10,801180,3660.03,3672.53,3615.47,3622.78,12.27995875,79.90689850140001
2018-12-11,801180,3633.57,3692.22,3632.75,3692.22,13.20645363,89.4404614134
2018-12-12,801180,3714.6,3759.22,3709.11,3721.92,15.04604358,111.510725368
2018-12-13,801180,3747.12,3811.69,3731.87,3790.92,17.91520027,132.2741303178
2018-12-14,801180,3779.25,3793.41,3703.19,3703.19,16.74051967,112.101885737
2018-12-17,801180,3699.99,3724.4,3667.78,3718.31,13.88207408,93.8094191018
2018-12-18,801180,3691.21,3701.06,3607.61,3635.68,13.67504022,98.7203181531
2018-12-19,801180,3654.91,3678.58,3619.93,3624.93,16.82282115,100.3190377996
2018-12-20,801180,3634.98,3657.46,3598.36,3624.97,16.96642871,113.09794737040001
2018-12-21,801180,3604.27,3605.98,3510.14,3545.14,16.85592157,115.51366876530001
2018-12-24,801180,3524.0,3537.26,3501.95,3535.84,12.34830374,84.7547723301
2018-12-25,801180,3496.89,3521.99,3446.83,3511.13,16.70126559,104.33286800129999
2018-12-26,801180,3501.7,3521.67,3478.11,3507.23,13.34454421,90.1286780037
2018-12-27,801180,3552.97,3561.45,3470.05,3470.29,15.43233337,102.21626292299999
2018-12-28,801180,3482.16,3515.91,3477.51,3496.73,12.55108586,85.7647615173
2019-01-02,801180,3492.49,3498.84,3451.53,3469.66,12.26204188,83.5243907073
2019-01-03,801180,3455.0,3509.56,3448.21,3465.51,13.15603375,91.5331776148
2019-01-04,801180,3429.45,3555.57,3429.45,3555.57,20.72315133,121.5488766764
2019-01-07,801180,3586.78,3607.07,3570.2,3582.78,18.70922374,118.323522305
2019-01-08,801180,3578.94,3578.94,3542.83,3563.8,14.00147581,85.9703678054
2019-01-09,801180,3578.76,3630.67,3574.24,3586.56,17.92477419,112.21241207290001
2019-01-10,801180,3578.51,3591.58,3554.35,3557.87,12.83327945,81.3407833973
2019-01-11,801180,3564.89,3585.86,3554.96,3582.82,12.62191006,76.48367844260001
2019-01-14,801180,3576.08,3578.83,3550.35,3556.1,12.17828137,73.8517232371
2019-01-15,801180,3552.6,3581.48,3503.78,3581.48,13.6746634,91.1126035482
2019-01-16,801180,3579.37,3605.2,3570.5,3595.08,15.60157508,95.8840287408
2019-01-17,801180,3601.65,3606.01,3567.26,3576.15,16.44886497,108.8176017187
2019-01-18,801180,3578.7,3615.41,3573.29,3614.6,15.97605819,102.6519520425
2019-01-21,801180,3614.17,3631.66,3586.85,3603.36,13.19074584,86.56223556209999
2019-01-22,801180,3599.55,3644.75,3580.75,3588.63,15.05392166,103.151623806
2019-01-23,801180,3582.44,3594.07,3570.79,3581.28,13.09055876,80.6146124676
2019-01-24,801180,3589.11,3590.88,3551.24,3583.0,14.121624,86.2134312381
2019-01-25,801180,3595.51,3643.1,3595.51,3608.47,15.72002784,107.4538761556
2019-01-28,801180,3626.09,3651.15,3589.63,3597.7,13.23405223,83.793970833
2019-01-29,801180,3589.13,3632.82,3544.01,3624.71,17.09188934,108.28339801950001
2019-01-30,801180,3607.58,3698.36,3603.78,3638.63,15.07768374,111.6027941623
2019-01-31,801180,3649.55,3675.48,3613.94,3632.81,16.17508145,101.9653547407
2019-02-01,801180,3660.41,3675.05,3613.31,3675.05,12.93209078,90.7331121208
2019-02-11,801180,3660.26,3728.71,3647.57,3728.71,14.12158817,100.73668278299999
2019-02-12,801180,3717.77,3754.22,3705.54,3749.28,17.92469361,117.1839751852
2019-02-13,801180,3748.25,3817.34,3742.08,3811.9,21.21848148,149.1146190239
2019-02-14,801180,3806.32,3834.1,3795.89,3820.61,19.0199587,136.7108209171
2019-02-15,801180,3810.58,3814.26,3743.22,3745.15,19.01996242,135.3464092249
2019-02-18,801180,3776.75,3845.94,3776.73,3845.94,23.65925579,163.2894829678
2019-02-19,801180,3879.88,3889.88,3826.76,3851.1,32.5611729,221.4529993843
2019-02-20,801180,3853.14,3912.74,3839.38,3898.41,28.42227368,198.1141691492
2019-02-21,801180,3894.59,3916.95,3843.66,3855.94,28.432624,196.00865895369998
2019-02-22,801180,3848.35,3914.74,3830.28,3914.74,27.02065395,189.1180645612
2019-02-25,801180,3957.49,4133.42,3953.72,4130.41,45.02653644,326.8457513317
2019-02-26,801180,4151.56,4193.51,4096.49,4100.13,47.63186702,343.4144018747
2019-02-27,801180,4096.81,4201.4,4096.73,4148.86,45.34386683,332.2891049012
2019-02-28,801180,4138.67,4203.11,4112.5,4130.16,37.34734272,277.6237439802
2019-03-01,801180,4138.57,4159.72,4081.98,4159.72,31.8429172,238.7548214
2019-03-04,801180,4187.4,4366.06,4187.4,4284.3,52.03776038,424.22527749470004
2019-03-05,801180,4287.66,4390.87,4272.44,4390.78,42.88299941,340.78497141450003
2019-03-06,801180,4417.13,4417.13,4341.17,4415.09,50.61485099,379.71608626489996
2019-03-07,801180,4399.89,4414.14,4331.35,4381.91,51.71162511,395.82469053690005
2019-03-08,801180,4290.09,4325.51,4154.72,4158.85,47.76859797,354.4947273746
2019-03-11,801180,4132.6,4256.02,4107.45,4252.82,36.43052176,303.85140034
2019-03-12,801180,4294.63,4356.92,4256.23,4305.09,41.20127851,336.4152093715
2019-03-13,801180,4323.73,4433.09,4280.85,4383.27,47.7762079,410.9927565796
2019-03-14,801180,4367.7,4433.67,4260.88,4293.43,39.67618844,335.46912665959997
2019-03-15,801180,4298.31,4463.94,4298.18,4422.95,43.70126654,413.35784351940003
2019-03-18,801180,4440.55,4567.9,4380.86,4566.72,44.77200774,409.344603281
2019-03-19,801180,4562.67,4640.81,4520.8,4548.13,38.3797017,345.03434639589995
2019-03-20,801180,4540.77,4595.5,4479.77,4581.05,38.01592312,327.2983796153
2019-03-21,801180,4586.2,4643.3,4580.4,4595.24,43.0657491,373.12480402150004
2019-03-22,801180,4594.11,4615.96,4531.5,4615.75,37.04722779,326.8436509204
2019-03-25,801180,4546.56,4604.97,4520.23,4523.18,40.00209768,354.6257607608
2019-03-26,801180,4545.38,4558.51,4428.84,4435.33,37.29653218,303.1873393392
2019-03-27,801180,4462.06,4488.63,4407.66,4487.87,28.74919571,236.4264954119
2019-03-28,801180,4470.36,4489.67,4400.43,4401.97,28.33861963,230.10582772709998
2019-03-29,801180,4414.05,4619.89,4410.05,4619.89,38.58902499,330.7550711013
2019-04-01,801180,4673.89,4810.06,4673.89,4776.24,49.26018134,424.62460171419997
2019-04-02,801180,4807.41,4813.32,4771.86,4798.94,45.50927353,376.10251372650004
2019-04-03,801180,4770.14,4870.3,4754.82,4868.49,42.92257404,374.514470847
2019-04-04,801180,4891.14,4915.92,4838.55,4881.0,40.4340854,355.5797750268
2019-04-08,801180,4896.82,4933.43,4781.51,4839.82,41.56495432,370.1990278654
2019-04-09,801180,4871.93,4969.47,4871.93,4969.47,38.98902918,361.4547815996
2019-04-10,801180,4929.41,4958.17,4877.46,4923.22,38.77164555,317.0540090595
2019-04-11,801180,4926.78,4952.5,4816.92,4839.16,39.74535889,312.2315922185
2019-04-12,801180,4836.81,4850.59,4765.27,4795.51,30.42231355,251.50328046459998
2019-04-15,801180,4872.71,4891.94,4764.53,4764.53,35.34890698,296.3561711663
2019-04-16,801180,4740.09,4843.92,4647.1,4843.92,38.39065502,305.47858107900004
2019-04-17,801180,4835.91,4836.09,4772.59,4795.57,38.41683183,293.2782606288
2019-04-18,801180,4786.05,4786.05,4732.2,4743.11,28.32444322,219.2745574209
2019-04-19,801180,4741.57,4785.81,4709.28,4785.81,27.82491965,210.7702334787
2019-04-22,801180,4758.67,4758.67,4604.34,4614.72,37.75098689,345.5948197218
2019-04-23,801180,4613.7,4672.68,4608.77,4630.18,33.18835648,292.2649455926
2019-04-24,801180,4649.71,4649.71,4553.85,4617.09,26.62300016,230.4664990375
2019-04-25,801180,4599.2,4628.04,4495.09,4497.09,29.65949031,227.9816099261
2019-04-26,801180,4470.67,4500.07,4440.19,4446.4,24.52226863,188.3058974514
2019-04-29,801180,4445.03,4473.93,4396.28,4403.81,26.8136781,208.5252129789
2019-04-30,801180,4385.79,4446.86,4383.93,4436.7,22.68359539,182.0177998695
2019-05-06,801180,4296.4,4312.65,4102.48,4137.68,30.13980427,232.5233154186
2019-05-07,801180,4172.57,4227.79,4150.35,4216.43,23.73784274,178.3065909713
2019-05-08,801180,4142.15,4241.15,4135.55,4181.54,20.40883801,150.3736245873
2019-05-09,801180,4149.41,4181.07,4097.01,4105.36,18.24779293,140.2328906895
2019-05-10,801180,4145.01,4245.67,4082.74,4245.67,25.66358573,189.59714680419998
2019-05-13,801180,4186.31,4236.76,4183.13,4229.27,18.12215038,141.4235903531
2019-05-14,801180,4177.4,4232.14,4168.31,4186.16,17.26305182,146.68924168700002
2019-05-15,801180,4220.29,4275.52,4217.48,4258.68,19.65707556,146.03040740149999
2019-05-16,801180,4250.48,4288.12,4243.68,4288.12,20.6629231,148.268831783
2019-05-17,801180,4290.44,4290.55,4137.72,4147.64,22.8175708,154.7329367741
2019-05-20,801180,4149.27,4155.13,4063.47,4116.64,16.00397185,115.3417570316
2019-05-21,801180,4115.3,4201.65,4113.63,4173.72,16.79613757,126.89206291379999
2019-05-22,801180,4170.47,4173.35,4133.41,4146.85,13.90444108,104.7881694514
2019-05-23,801180,4129.72,4132.0,4073.24,4079.35,15.53143158,118.96706344299999
2019-05-24,801180,4082.15,4109.22,4067.29,4074.82,13.02853803,102.72139588040001
2019-05-27,801180,4071.54,4135.05,4039.12,4132.89,15.56676139,112.14460721559999
2019-05-28,801180,4128.02,4186.12,4120.57,4168.5,19.61235252,162.4946161976
2019-05-29,801180,4147.17,4159.56,4128.26,4131.37,16.51143573,123.3714389462
2019-05-30,801180,4116.85,4116.85,4069.58,4100.55,17.08810152,119.6039714244
2019-05-31,801180,4100.54,4130.49,4090.41,4105.98,16.07027998,115.9237789275
2019-06-03,801180,4113.42,4139.05,4059.19,4067.25,16.61693079,122.91969378690001
2019-06-04,801180,4069.96,4070.14,4017.95,4032.84,16.28034966,113.7665777946
2019-06-05,801180,4067.28,4118.95,4056.07,4074.5,18.56404423,147.5159472409
2019-06-06,801180,4071.61,4071.61,4013.55,4027.58,15.24276344,110.78683682709999
2019-06-10,801180,4044.64,4104.87,4031.3,4083.42,14.20452034,109.7683227402
2019-06-11,801180,4092.76,4194.63,4092.71,4193.06,21.41568239,161.3317795314
2019-06-12,801180,4181.54,4181.54,4142.56,4157.45,17.16246363,127.3274812384
2019-06-13,801180,4150.25,4152.01,4110.77,4142.62,16.2743068,120.41217737049999
2019-06-14,801180,4154.51,4177.16,4105.96,4113.78,17.95104348,128.01344673719998
2019-06-17,801180,4102.6,4134.56,4092.73,4108.02,12.17911492,82.9516773607
2019-06-18,801180,4117.36,4117.36,4069.23,4086.2,11.08557852,77.582134997
2019-06-19,801180,4161.26,4178.75,4101.89,4108.86,16.85107928,125.7788653578
2019-06-20,801180,4105.26,4203.84,4094.52,4189.34,21.48070703,157.83023695120002
2019-06-21,801180,4195.75,4222.83,4190.92,4206.33,21.63917743,155.24774862569998
2019-06-24,801180,4204.21,4204.23,4176.9,4193.53,15.20577032,103.6949050458
2019-06-25,801180,4199.7,4199.83,4118.94,4177.44,16.64921561,128.792732741
2019-06-26,801180,4160.15,4175.8,4145.12,4154.27,12.06272617,91.6587942492
2019-06-27,801180,4162.5,4193.95,4159.8,4170.88,13.1124823,100.8477494264
2019-06-28,801180,4168.6,4168.86,4130.14,4143.07,13.30968334,98.72485890829999
2019-07-01,801180,4200.61,4240.97,4188.37,4240.97,19.67966036,165.4102875717
2019-07-02,801180,4235.79,4264.05,4214.28,4264.05,18.44493836,142.31379881540002
2019-07-03,801180,4254.81,4320.71,4241.83,4295.06,21.16354722,171.1231406613
2019-07-04,801180,4284.12,4381.67,4284.12,4326.45,23.74887452,187.23907552650002
2019-07-05,801180,4300.89,4302.41,4265.31,4283.74,16.72600859,124.3992811007
2019-07-08,801180,4265.4,4265.7,4153.63,4187.13,21.23642665,157.2620360443
2019-07-09,801180,4174.51,4210.09,4158.38,4171.56,18.23110674,200.5344829672
2019-07-10,801180,4183.08,4183.08,4118.1,4132.5,15.04987649,131.3204258614
2019-07-11,801180,4142.28,4170.05,4108.7,4114.16,14.14555222,126.6436267503
2019-07-12,801180,4109.69,4149.04,4102.0,4139.13,13.74210797,124.2059643082
2019-07-15,801180,4121.31,4158.78,4065.78,4144.09,15.64457128,130.72174163350002
2019-07-16,801180,4144.35,4184.05,4138.9,4176.78,13.77720192,125.0732720243
2019-07-17,801180,4170.22,4213.66,4160.61,4201.27,14.20526812,134.3463327819
2019-07-18,801180,4186.24,4186.49,4156.95,4156.95,12.1273691,106.42344416739999
2019-07-19,801180,4201.24,4264.18,4200.84,4251.62,18.03438727,167.8160696514
2019-07-22,801180,4257.75,4272.84,4197.02,4210.02,17.67582921,154.0885878766
2019-07-23,801180,4199.44,4208.2,4138.31,4163.76,14.69153602,137.563782634
2019-07-24,801180,4168.77,4187.14,4158.67,4169.98,14.62851122,124.30537216530001
2019-07-25,801180,4171.64,4177.99,4142.65,4177.99,13.06293334,110.7878341425
2019-07-26,801180,4160.52,4187.59,4155.24,4180.01,11.32204026,98.6362704714
2019-07-29,801180,4175.26,4188.07,4149.75,4158.15,10.54346273,85.0401233703
2019-07-30,801180,4159.11,4204.8,4158.99,4181.74,11.83347178,92.0098891204
2019-07-31,801180,4148.47,4148.91,4075.3,4080.89,15.16174367,132.7622488137
2019-08-01,801180,4060.56,4069.16,4010.08,4017.89,13.70617592,110.4558389644
2019-08-02,801180,3939.62,3965.14,3922.92,3956.06,15.24075711,117.4153143393
2019-08-05,801180,3929.03,3929.18,3863.76,3863.76,12.69482772,101.31489159770001
2019-08-06,801180,3812.05,3828.46,3752.92,3812.85,18.71500895,136.95168932459998
2019-08-07,801180,3836.54,3853.45,3825.51,3833.11,12.57391163,98.31506961870001
2019-08-08,801180,3842.69,3845.91,3826.6,3835.1,11.15300216,77.2032798334
2019-08-09,801180,3847.57,3847.57,3775.09,3780.07,11.47672171,87.8918999239
2019-08-12,801180,3779.96,3842.91,3779.96,3842.91,10.6484492,77.56861605649999
2019-08-13,801180,3823.22,3831.83,3797.58,3807.21,10.55605863,72.2127078061
2019-08-14,801180,3850.99,3852.76,3802.54,3806.07,12.17944982,85.4473795097
2019-08-15,801180,3726.21,3806.66,3712.43,3806.64,12.26576094,88.39877552819999
2019-08-16,801180,3809.3,3834.32,3796.98,3802.81,12.66683329,94.0601739214
2019-08-19,801180,3870.18,3919.44,3850.49,3919.44,18.83861092,141.838988908
2019-08-20,801180,3921.18,3956.86,3916.43,3935.78,17.41173058,135.0338943582
2019-08-21,801180,3934.99,3970.22,3933.66,3951.66,14.94666194,119.51997593709999
2019-08-22,801180,3965.23,3965.26,3917.86,3930.31,13.56071804,103.97712877040001
2019-08-23,801180,3938.02,3945.5,3911.81,3922.32,14.04881714,101.84900577469999
2019-08-26,801180,3844.89,3877.42,3838.52,3872.77,15.80127828,104.6580025787
2019-08-27,801180,3895.88,3937.66,3895.56,3911.8,18.70992744,131.4911474096
2019-08-28,801180,3910.92,3915.79,3888.49,3902.68,13.98578371,90.40604207860001
2019-08-29,801180,3907.61,3907.61,3838.43,3841.28,16.30623677,122.9858096257
2019-08-30,801180,3867.43,3868.82,3795.53,3806.76,17.23452989,120.2469009492
2019-09-02,801180,3804.14,3851.46,3799.82,3844.95,17.82602603,118.27994155719999
2019-09-03,801180,3848.43,3849.09,3818.64,3832.52,16.65832195,114.85109610629999
2019-09-04,801180,3831.0,3934.93,3825.54,3934.93,24.3015834,172.92408477880002
2019-09-05,801180,3946.29,4001.86,3934.7,3939.62,28.12332626,201.7150914549
2019-09-06,801180,3952.49,3952.49,3923.39,3948.81,18.13482263,125.62247494649999
2019-09-09,801180,3980.28,3999.74,3976.76,3999.74,20.36551116,149.2644741395
2019-09-10,801180,4004.91,4005.1,3968.59,3995.26,18.12371061,117.35765663040002
2019-09-11,801180,4005.26,4005.32,3970.41,3981.72,18.41687682,125.91767727959999
2019-09-12,801180,4000.51,4071.82,4000.37,4067.86,21.861227,181.84138146220002
2019-09-16,801180,4075.43,4075.43,4035.37,4046.21,18.71266006,140.0981050152
2019-09-17,801180,4040.53,4040.58,3967.29,3980.03,18.50355596,126.48200529639999
2019-09-18,801180,3990.32,4034.91,3987.61,4015.53,15.86955789,124.1192231191
2019-09-19,801180,4024.18,4024.18,3990.65,4011.17,14.66165688,103.7200456316
2019-09-20,801180,4014.52,4014.64,3992.95,4005.34,15.13457527,113.30567727319999
2019-09-23,801180,3992.26,3992.3,3917.45,3940.28,14.72587948,109.434819169
2019-09-24,801180,3945.05,3971.15,3933.68,3936.96,14.83052014,107.0068961124
2019-09-25,801180,3931.21,3931.45,3905.59,3905.85,15.09514123,108.888890823
2019-09-26,801180,3915.9,3941.82,3884.31,3885.35,15.5347844,119.88224560549999
2019-09-27,801180,3885.8,3888.82,3864.94,3871.9,10.6033947,82.4076614067
2019-09-30,801180,3868.62,3887.43,3854.44,3855.76,9.30550142,70.8189764345
2019-10-08,801180,3866.11,3960.77,3865.91,3932.49,13.34923018,121.2185184996
2019-10-09,801180,3918.14,4015.81,3918.14,4007.76,17.30918393,154.0033970801
2019-10-10,801180,4010.52,4025.89,3988.39,4015.36,14.57819177,113.2806106815
2019-10-11,801180,4029.03,4041.87,4010.91,4038.5,15.37631684,120.1972567866
2019-10-14,801180,4061.4,4112.0,4056.93,4080.12,19.69379535,153.8086483544
2019-10-15,801180,4083.43,4097.46,4048.84,4056.06,16.85057949,112.4252470932
2019-10-16,801180,4068.86,4150.06,4068.85,4078.74,21.02479989,153.1346397531
2019-10-17,801180,4083.26,4088.58,4047.44,4057.33,15.32445672,107.38741752940001
2019-10-18,801180,4067.93,4088.09,3976.48,3985.56,16.40194592,113.26124176350001
2019-10-21,801180,3994.16,4060.13,3993.86,4046.02,15.02073415,124.1895185244
2019-10-22,801180,4056.54,4056.56,4019.17,4053.76,13.13442405,101.69729303780001
2019-10-23,801180,4047.79,4051.29,3985.92,4000.52,12.72370047,100.03229450399999
2019-10-24,801180,4002.2,4023.1,3992.36,4018.75,11.81337588,88.5085919071
2019-10-25,801180,4031.36,4051.31,4011.56,4048.4,13.73580166,107.50210340459999
2019-10-28,801180,4040.11,4040.15,4001.57,4032.53,17.77699937,141.7829618527
2019-10-29,801180,4034.11,4034.19,3994.1,3994.1,14.18526789,108.3691256074
2019-10-30,801180,3984.77,3990.93,3952.27,3960.44,15.09643628,111.76513506100001
2019-10-31,801180,3969.2,3974.37,3922.95,3933.33,14.61032902,104.7040044468
2019-11-01,801180,3931.91,3997.23,3911.12,3997.23,23.5434811,157.3952872602
2019-11-04,801180,4009.09,4011.8,3980.32,3993.88,22.4816892,151.7070657243
2019-11-05,801180,3999.2,4032.55,3971.15,4009.14,21.49979205,162.14473514280002
2019-11-06,801180,4007.51,4007.66,3958.49,3970.14,20.32279773,137.6914531069
2019-11-07,801180,3966.83,3995.52,3960.28,3985.95,18.95727592,122.2236213872
2019-11-08,801180,4003.26,4010.91,3961.9,3964.73,19.02952678,124.6104419768
2019-11-11,801180,3943.04,3943.04,3867.13,3871.2,17.70602732,121.1474969227
2019-11-12,801180,3874.5,3887.05,3852.81,3876.41,13.24996437,85.2419014555
2019-11-13,801180,3876.76,3876.93,3833.03,3846.24,13.65864701,86.4528650276
2019-11-14,801180,3850.72,3860.07,3840.14,3851.41,12.35547894,83.06726101470001
2019-11-15,801180,3853.41,3857.16,3822.78,3822.78,12.16052333,85.3977503453
2019-11-18,801180,3817.24,3852.95,3795.15,3843.98,11.93485254,85.48494119520001
2019-11-19,801180,3843.67,3901.39,3843.54,3901.39,13.52465906,99.100719113
2019-11-20,801180,3896.05,3906.1,3873.22,3875.66,13.79930113,92.4797232931
2019-11-21,801180,3860.79,3877.47,3847.08,3870.43,11.17524654,76.55226569050001
2019-11-22,801180,3875.94,3906.33,3846.19,3867.51,14.61739578,101.9888325742
2019-11-25,801180,3878.54,3974.02,3878.54,3967.45,18.93571472,153.2535508837
2019-11-26,801180,3972.14,3972.14,3934.96,3946.7,14.1774114,110.15787466409999
2019-11-27,801180,3941.23,3954.97,3921.97,3927.48,12.50892751,95.71781233879999
2019-11-28,801180,3930.1,3930.54,3886.35,3895.58,12.46766359,83.0120712742
2019-11-29,801180,3894.63,3902.39,3873.59,3886.57,10.16590852,73.0148078122
2019-12-02,801180,3898.35,3941.49,3898.26,3941.4,13.24221436,117.1654329729
2019-12-03,801180,3926.73,3956.98,3921.71,3956.98,12.98558683,98.62282973129999
2019-12-04,801180,3944.0,3944.85,3922.74,3932.11,10.78375171,74.4775863712
2019-12-05,801180,3943.97,3944.1,3923.16,3938.34,12.54445086,88.9911796892
2019-12-06,801180,3940.39,3955.23,3934.41,3955.23,12.05411968,86.47068776309999
2019-12-09,801180,3964.59,4024.37,3964.54,4024.37,17.52460167,152.0893818819
2019-12-10,801180,4015.14,4016.36,3992.97,4013.4,14.35161681,108.6385558332
2019-12-11,801180,4026.33,4056.45,4011.63,4031.61,16.32888675,134.0352314734
2019-12-12,801180,4030.0,4035.38,4002.22,4004.9,14.97014229,113.1600938256
2019-12-13,801180,4036.94,4055.7,4036.79,4054.99,18.38912787,169.7553542841
2019-12-16,801180,4057.57,4111.73,4040.13,4111.73,19.60698026,180.1839674389
2019-12-17,801180,4107.14,4238.36,4101.45,4191.83,27.94330741,230.65777574810002
2019-12-18,801180,4188.12,4222.21,4171.28,4177.6,21.48329363,161.1441776128
2019-12-19,801180,4179.04,4221.61,4179.0,4200.87,16.92868158,125.40247617620001
2019-12-20,801180,4214.94,4267.56,4214.94,4233.89,20.39898158,154.4188126846
2019-12-23,801180,4232.4,4244.69,4138.81,4141.27,20.99606089,150.90946723209998
2019-12-24,801180,4146.2,4150.78,4090.26,4123.75,15.90289461,116.77847307360001
2019-12-25,801180,4117.9,4123.38,4102.05,4111.77,14.38258786,104.27770563440001
2019-12-26,801180,4133.56,4217.59,4133.56,4207.3,19.79494998,163.5312378331
2019-12-27,801180,4208.01,4237.34,4198.06,4199.18,21.04603879,162.54602571360002
2019-12-30,801180,4223.05,4265.04,4201.32,4265.04,21.84980968,170.8494937171
2019-12-31,801180,4258.56,4304.07,4250.55,4292.31,19.20616646,147.11635892520002
2020-01-02,801180,4350.99,4404.61,4339.8,4341.6,25.63368481,208.9615157915
2020-01-03,801180,4355.57,4355.57,4280.78,4304.69,22.772828,187.04734446
2020-01-06,801180,4270.89,4291.94,4240.36,4264.86,24.87780185,198.99572650049998
2020-01-07,801180,4271.57,4304.58,4271.53,4304.58,21.76662211,165.22051588760002
2020-01-08,801180,4272.24,4275.17,4221.9,4235.6,24.80018662,182.279233062
2020-01-09,801180,4294.36,4333.02,4289.4,4318.75,21.53456719,178.7442571742
2020-01-10,801180,4320.09,4322.03,4262.15,4272.2,18.99819482,147.7962558657
2020-01-13,801180,4272.14,4309.89,4254.95,4309.89,17.9433284,149.038345072
2020-01-14,801180,4315.88,4327.95,4296.61,4298.85,20.34936011,158.65119287209998
2020-01-15,801180,4289.5,4295.25,4233.57,4238.96,18.42730119,141.9759867681
2020-01-16,801180,4251.48,4258.93,4218.28,4224.06,15.46809658,124.14281417469999
2020-01-17,801180,4238.64,4251.47,4202.23,4213.84,14.40832792,113.21654573290002
2020-01-20,801180,4214.58,4214.61,4159.25,4192.07,16.82673319,136.4699870985
2020-01-21,801180,4174.31,4174.31,4103.56,4103.56,18.52541403,150.8621131958
2020-01-22,801180,4094.97,4169.0,4074.11,4160.2,17.93020913,150.8798147916
2020-01-23,801180,4115.14,4117.51,3987.75,4009.45,20.95127229,166.2204801764
2020-02-03,801180,3618.29,3673.39,3618.29,3637.68,14.90222817,142.2388416039
2020-02-04,801180,3532.71,3672.64,3532.71,3660.96,29.95679274,196.5354401179
2020-02-05,801180,3656.46,3730.71,3641.11,3693.85,23.21689529,154.7738653731
2020-02-06,801180,3709.21,3752.04,3667.18,3736.88,22.95447293,156.4589952243
2020-02-07,801180,3711.93,3726.07,3680.3,3726.07,22.68446996,145.4160877425
2020-02-10,801180,3699.38,3817.04,3689.72,3814.7,22.27264097,159.9795266235
2020-02-11,801180,3809.78,3879.8,3807.8,3846.05,20.27746138,142.9531550992
2020-02-12,801180,3833.78,3853.72,3821.25,3852.85,16.67986414,114.16858902700001
2020-02-13,801180,3876.7,3970.45,3876.7,3905.26,23.26932528,170.9688989358
2020-02-14,801180,3909.9,4006.01,3909.9,4006.01,24.95604457,188.82752188740002
2020-02-17,801180,4025.82,4037.51,3983.26,4037.51,25.68472804,192.8362182975
2020-02-18,801180,4019.05,4019.16,3970.33,3999.71,26.99933297,183.320315588
2020-02-19,801180,3992.9,4039.17,3987.45,4008.72,26.97161852,174.1145702605
2020-02-20,801180,4002.01,4050.52,3970.63,4050.52,29.77456927,203.2200168013
2020-02-21,801180,4044.41,4044.41,4001.0,4015.0,29.23895048,206.7399673468
2020-02-24,801180,3997.55,3997.61,3927.77,3964.05,30.12367505,208.5588765697
2020-02-25,801180,3916.47,3983.11,3886.14,3965.87,34.02443196,232.28072688950002
2020-02-26,801180,3915.36,4129.79,3911.46,4051.89,45.26579738,326.7730643745
2020-02-27,801180,4063.76,4064.2,4000.29,4007.73,29.40001004,203.04819112310003
2020-02-28,801180,3935.02,4039.81,3923.34,3931.95,33.11830811,237.6234985118
2020-03-02,801180,3960.79,4129.49,3960.79,4111.12,33.32420042,260.1535599557
2020-03-03,801180,4154.02,4169.31,4073.32,4114.67,33.54255488,240.4389441986
2020-03-04,801180,4119.5,4265.29,4090.8,4254.31,46.70025203,317.9771600183
2020-03-05,801180,4229.59,4302.86,4219.79,4287.2,48.34115608,319.6779761012
2020-03-06,801180,4230.24,4234.81,4166.78,4178.43,37.05193861,233.1123681327
2020-03-09,801180,4104.6,4104.6,4056.14,4058.77,34.03319622,235.4133162033
2020-03-10,801180,4035.14,4116.4,3996.75,4114.09,30.6900963,204.6775916762
2020-03-11,801180,4121.23,4146.84,4082.08,4082.08,28.17534587,182.9772346734
2020-03-12,801180,4035.95,4065.49,3993.1,4027.86,25.75505952,165.8670937325
2020-03-13,801180,3844.23,3997.28,3827.11,3980.8,29.53562042,192.37235766490002
2020-03-16,801180,4002.89,4002.89,3852.12,3865.56,32.78603094,206.08869254479998
2020-03-17,801180,3863.81,3912.47,3738.51,3817.76,29.28066968,185.4719252546
2020-03-18,801180,3808.63,3833.93,3675.88,3678.42,28.69427609,214.4048583405
2020-03-19,801180,3644.6,3668.22,3509.74,3603.12,27.77822438,203.3900108409
2020-03-20,801180,3639.91,3690.98,3608.61,3688.25,23.09918175,164.50251954799998
2020-03-23,801180,3575.56,3599.3,3533.69,3539.12,21.0835378,139.53126502950002
2020-03-24,801180,3600.24,3620.89,3546.7,3617.28,21.14686926,143.3170346109
2020-03-25,801180,3681.55,3784.49,3661.14,3773.74,29.95667834,206.1616695596
2020-03-26,801180,3735.01,3772.2,3720.7,3733.56,20.98434374,134.0287681465
2020-03-27,801180,3782.24,3825.84,3757.97,3769.52,22.17672277,151.4108579034
2020-03-30,801180,3720.95,3749.17,3699.04,3720.48,18.99142492,136.9776643472
2020-03-31,801180,3750.15,3755.0,3671.0,3686.79,15.66835891,112.9992063183
2020-04-01,801180,3706.05,3763.77,3702.23,3709.99,15.12636849,117.6685346314
2020-04-02,801180,3690.23,3747.22,3687.43,3747.22,14.4603327,98.2163732834
2020-04-03,801180,3737.39,3761.12,3723.11,3743.63,14.17760919,97.02923942139999
2020-04-07,801180,3799.61,3803.51,3774.04,3797.86,19.5155133,132.67620498760002
2020-04-08,801180,3779.77,3789.06,3756.82,3780.17,16.12637931,104.642381545
2020-04-09,801180,3797.09,3799.23,3766.31,3772.0,16.59861173,101.77709287040001
2020-04-10,801180,3786.74,3817.03,3743.2,3754.97,20.54082884,127.3192715748
2020-04-13,801180,3739.31,3753.76,3726.49,3748.64,15.19624126,93.6273301235
2020-04-14,801180,3760.81,3822.86,3760.75,3818.68,17.56106991,120.62715249520001
2020-04-15,801180,3811.38,3811.39,3759.06,3764.87,16.25887979,106.12717329870001
2020-04-16,801180,3761.12,3784.63,3749.11,3777.82,15.64966315,101.3078582239
2020-04-17,801180,3798.91,3814.18,3781.34,3792.28,17.09374102,117.65396877020001
2020-04-20,801180,3795.59,3795.59,3740.11,3787.63,16.6181375,121.4366756024
2020-04-21,801180,3770.18,3780.29,3718.24,3742.3,17.95713153,124.1562661225
2020-04-22,801180,3721.03,3764.69,3706.51,3764.69,15.82856226,104.4069823792
2020-04-23,801180,3772.17,3772.75,3743.11,3759.3,17.18812912,111.38600318569999
2020-04-24,801180,3757.29,3757.48,3707.12,3718.82,16.40848539,105.4798502006
2020-04-27,801180,3731.04,3775.07,3729.66,3748.34,17.72941406,124.60652466239999
2020-04-28,801180,3769.12,3776.97,3692.71,3758.29,21.11314204,148.851683272
2020-04-29,801180,3747.95,3819.97,3747.95,3819.97,20.08089103,140.1812823396
2020-04-30,801180,3821.71,3849.58,3818.09,3842.72,25.57533468,172.60289632349998
2020-05-06,801180,3807.56,3827.61,3791.91,3824.56,25.69268747,184.425587387
2020-05-07,801180,3814.37,3818.17,3793.86,3797.89,24.73401838,162.5224696735
2020-05-08,801180,3813.66,3844.65,3796.94,3835.2,24.91543203,172.05326973830003
2020-05-11,801180,3836.19,3847.71,3825.03,3837.27,22.78543761,156.0901432965
2020-05-12,801180,3835.56,3835.63,3784.7,3797.05,19.32211278,132.8181954363
2020-05-13,801180,3785.24,3803.28,3776.28,3803.28,18.27691914,127.28949373180001
2020-05-14,801180,3790.69,3790.84,3752.96,3756.37,21.23299514,136.30967264059998
2020-05-15,801180,3772.32,3782.54,3763.37,3766.21,22.22807475,140.6629935679
2020-05-18,801180,3777.06,3809.12,3777.06,3792.1,22.31214819,167.0952081669
2020-05-19,801180,3824.02,3824.02,3781.35,3791.15,18.89296433,131.0492475389
2020-05-20,801180,3785.76,3785.97,3749.88,3754.36,20.68710568,148.9443165864
2020-05-21,801180,3763.2,3770.7,3734.03,3741.01,20.18180299,131.176290781
2020-05-22,801180,3738.16,3738.33,3669.37,3669.37,20.05014664,136.9866450146
2020-05-25,801180,3676.01,3716.81,3667.78,3705.25,16.49728374,112.2805118605
2020-05-26,801180,3719.28,3747.83,3710.64,3747.31,16.8908171,116.2208270903
2020-05-27,801180,3750.03,3769.76,3739.05,3755.74,20.11294135,136.9870091548
2020-05-28,801180,3760.16,3815.91,3756.81,3769.94,20.17255174,149.7995124531
2020-05-29,801180,3745.25,3745.42,3717.06,3723.77,19.83985738,136.7450979937
2020-06-01,801180,3747.11,3820.59,3747.11,3820.59,23.22801408,169.2035630283
2020-06-02,801180,3823.63,3894.45,3823.6,3889.89,27.55317294,201.70147216770002
2020-06-03,801180,3904.31,3946.94,3871.86,3872.46,29.05158077,209.2644798593
2020-06-04,801180,3892.92,3895.36,3845.01,3856.75,26.18865179,183.0199669112
2020-06-05,801180,3858.69,3858.69,3811.25,3836.75,25.04908619,172.3578076724
2020-06-08,801180,3863.2,3888.97,3856.61,3869.65,23.26799647,175.90683644540002
2020-06-09,801180,3870.89,3879.82,3857.06,3870.05,20.05758164,168.24739545059998
2020-06-10,801180,3872.12,3872.28,3831.63,3842.63,20.44723645,165.4156899725
2020-06-11,801180,3836.05,3855.36,3804.68,3815.41,22.74408075,187.9127447041
2020-06-12,801180,3758.32,3823.68,3755.5,3808.26,21.09729404,172.3083091184
2020-06-15,801180,3787.5,3842.14,3787.48,3790.48,24.55605105,204.86008784810002
2020-06-16,801180,3818.01,3843.78,3816.53,3843.74,22.20605666,176.6408612165
2020-06-17,801180,3841.05,3841.12,3810.83,3825.19,22.54286552,179.56027473
2020-06-18,801180,3826.77,3862.95,3825.68,3850.9,22.74164731,183.4913376686
2020-06-19,801180,3848.97,3864.24,3834.41,3860.01,22.14334991,180.5868984818
2020-06-22,801180,3853.14,3862.13,3833.74,3835.74,22.627035,176.5059525904
2020-06-23,801180,3833.4,3833.43,3809.2,3818.84,21.07105456,158.2891975445
2020-06-24,801180,3829.25,3890.46,3829.25,3881.92,24.04324947,202.5827801389
2020-06-29,801180,3867.25,3867.25,3829.25,3836.49,22.86116527,186.50933151529998
2020-06-30,801180,3852.3,3896.69,3845.06,3896.61,24.93862143,187.81419656740002
2020-07-01,801180,3907.26,4129.69,3859.65,4094.86,43.03809966,363.0310028985
2020-07-02,801180,4117.43,4247.34,4117.43,4228.89,50.89118838,426.7764755891
2020-07-03,801180,4246.16,4290.69,4200.16,4257.19,54.16540426,438.77232635620004
2020-07-06,801180,4327.04,4579.17,4327.04,4575.4,66.73613902,552.4185734673
2020-07-07,801180,4652.14,4690.36,4523.62,4533.32,68.29136801,573.0169718724
2020-07-08,801180,4517.36,4592.17,4462.37,4562.36,54.97989025,463.1213589346
2020-07-09,801180,4568.64,4627.17,4531.61,4627.17,57.13230203,482.6555726083
2020-07-10,801180,4563.82,4608.97,4520.38,4536.71,55.89058054,492.77950795239997
2020-07-13,801180,4527.28,4594.17,4471.17,4580.48,56.45001036,473.0319277449
2020-07-14,801180,4572.25,4604.65,4454.16,4520.75,52.31159536,445.3097442558
2020-07-15,801180,4532.2,4551.37,4385.02,4385.02,46.41672223,384.0865762468
2020-07-16,801180,4390.12,4436.71,4251.86,4251.86,50.20857129,393.7760608567
2020-07-17,801180,4244.13,4265.14,4168.77,4212.1,38.07875779,295.2629927028
2020-07-20,801180,4241.15,4368.86,4234.9,4367.5,35.52480002,282.3726125838
2020-07-21,801180,4387.63,4403.56,4344.26,4373.33,30.23682642,239.0071157623
2020-07-22,801180,4361.66,4430.83,4336.35,4370.1,35.23938176,286.57740073419995
2020-07-23,801180,4319.45,4336.72,4221.9,4297.79,33.17870312,263.7448156739
2020-07-24,801180,4278.5,4338.3,4154.27,4175.75,36.02175693,283.2822857362
2020-07-27,801180,4195.88,4195.88,4087.65,4110.08,29.28195128,225.5300871841
2020-07-28,801180,4130.29,4147.61,4101.08,4129.56,24.5810258,186.6111797653
2020-07-29,801180,4113.4,4198.48,4088.1,4197.9,25.1370144,201.6885868714
2020-07-30,801180,4195.24,4197.76,4157.5,4179.61,27.12406445,215.515849213
2020-07-31,801180,4167.87,4230.66,4138.21,4190.32,28.56544706,224.76335015880002
2020-08-03,801180,4216.96,4279.71,4216.96,4279.71,34.87867544,278.5445609957
2020-08-04,801180,4292.12,4348.83,4255.43,4326.26,40.35849046,332.7793197431
2020-08-05,801180,4305.86,4305.86,4234.25,4271.89,32.49733396,267.3336919767
2020-08-06,801180,4278.2,4305.78,4230.05,4284.2,30.2142525,243.3087897298
2020-08-07,801180,4265.05,4274.02,4205.01,4240.95,32.87659083,249.3597397295
2020-08-10,801180,4238.51,4359.68,4233.48,4333.62,33.78609299,286.9853394561
2020-08-11,801180,4342.97,4377.7,4291.89,4291.89,32.72790512,282.9786838894
2020-08-12,801180,4284.78,4333.48,4246.33,4332.28,30.18315356,257.90879675860003
2020-08-13,801180,4340.45,4347.62,4311.43,4331.01,24.39002296,196.97384425180002
2020-08-14,801180,4308.06,4363.88,4282.2,4362.76,25.86986531,211.889220969
2020-08-17,801180,4370.59,4484.65,4357.23,4442.35,33.81682786,281.2276422773
2020-08-18,801180,4445.07,4445.08,4397.49,4420.84,30.10009754,246.91054829720002
2020-08-19,801180,4414.96,4414.99,4352.85,4353.98,28.03118936,222.6289737091
2020-08-20,801180,4340.31,4350.02,4310.36,4321.41,23.14092432,173.32901277
2020-08-21,801180,4348.74,4356.63,4304.04,4332.16,20.31831319,156.6217696493
2020-08-24,801180,4347.99,4365.54,4313.48,4317.04,22.41748099,172.591973893
2020-08-25,801180,4324.95,4352.38,4293.9,4302.22,22.91069634,171.21760415219998
2020-08-26,801180,4304.41,4316.06,4234.81,4251.69,26.62690594,193.9828738135
2020-08-27,801180,4248.41,4248.49,4195.18,4227.65,22.56410678,175.32061246580002
2020-08-28,801180,4230.24,4294.99,4227.56,4292.16,24.05167163,187.7236525463
2020-08-31,801180,4309.23,4338.82,4254.97,4258.81,29.25020797,230.1972197946
2020-09-01,801180,4255.77,4255.8,4222.85,4247.97,24.98548565,184.92721528549998
2020-09-02,801180,4257.69,4264.36,4209.86,4251.93,22.37846614,175.045974244
2020-09-03,801180,4250.28,4272.92,4225.34,4232.19,20.10246514,156.4251204664
2020-09-04,801180,4187.98,4244.2,4168.09,4241.9,18.37797627,142.4892798013
2020-09-07,801180,4230.57,4323.6,4217.91,4228.44,25.04678387,213.32916365009999
2020-09-08,801180,4244.65,4278.8,4224.41,4243.6,23.7108151,177.5768898561
2020-09-09,801180,4213.17,4247.32,4175.85,4197.56,29.11833357,190.49259059169998
2020-09-10,801180,4245.41,4314.72,4199.06,4207.5,29.47842437,220.91306785790002
2020-09-11,801180,4194.24,4203.03,4171.68,4192.16,22.18474769,165.181989675
2020-09-14,801180,4202.25,4210.82,4156.43,4176.17,19.68531439,148.5863651645
2020-09-15,801180,4175.03,4209.05,4156.06,4201.05,20.84151123,162.9910175473
2020-09-16,801180,4198.33,4256.1,4178.62,4237.39,21.87169807,168.8369662
2020-09-17,801180,4228.16,4240.65,4197.62,4215.85,18.75919708,141.80329002
2020-09-18,801180,4216.29,4348.72,4210.26,4348.72,29.49787072,248.45356227
2020-09-21,801180,4355.98,4355.98,4312.12,4316.98,21.86753216,173.90882399
2020-09-22,801180,4285.56,4323.74,4253.19,4265.07,18.67355381,147.88492536
2020-09-23,801180,4279.9,4280.5,4232.27,4240.7,16.37117481,124.275753
2020-09-24,801180,4227.6,4227.72,4150.85,4154.77,18.5399502,137.64989623
2020-09-25,801180,4156.13,4166.68,4062.39,4072.36,18.4680534,143.88250175
2020-09-28,801180,4089.34,4127.64,4087.86,4100.69,15.24902254,119.89400703
2020-09-29,801180,4111.03,4117.43,4091.78,4091.78,13.52041739,102.09299666
2020-09-30,801180,4117.37,4117.37,4032.18,4061.43,13.02300199,103.16733131
2020-10-09,801180,4093.49,4107.31,4081.46,4103.05,15.77704278,127.94483258
2020-10-12,801180,4130.44,4199.22,4129.11,4193.93,21.85868141,179.05135106
2020-10-13,801180,4185.68,4185.68,4141.86,4161.62,15.13118282,126.58999688
2020-10-14,801180,4150.43,4150.61,4095.95,4104.48,15.62617832,126.0246793
2020-10-15,801180,4096.34,4111.71,4081.21,4087.84,13.64653649,107.27535872
2020-10-16,801180,4086.96,4107.76,4081.59,4098.28,13.83456118,108.88459195
2020-10-19,801180,4114.09,4181.35,4077.64,4086.89,16.5706471,149.90415012
2020-10-20,801180,4076.44,4076.57,4036.32,4068.86,13.03098058,109.40880498
2020-10-21,801180,4070.67,4070.77,4027.19,4056.28,12.33456796,95.9666214
2020-10-22,801180,4047.93,4069.92,4042.36,4062.2,12.9300369,106.93239221
2020-10-23,801180,4057.03,4075.12,4050.85,4052.39,12.60722245,107.4961059
2020-10-26,801180,4053.36,4053.36,4005.8,4022.19,12.33637454,103.85399248
2020-10-27,801180,4011.51,4014.76,3966.99,3977.1,12.46383791,103.24116846
2020-10-28,801180,3975.72,3975.84,3919.09,3939.9,11.78210806,99.62112466
2020-10-29,801180,3909.57,3950.52,3893.69,3943.84,12.80494653,96.76078174
2020-10-30,801180,3942.39,3990.67,3877.62,3882.75,17.52627936,142.04468095
2020-11-02,801180,3887.77,3909.69,3878.6,3886.41,16.52959282,131.56218121
2020-11-03,801180,3894.18,3936.32,3875.27,3933.92,14.34491933,113.41382217
2020-11-04,801180,3931.02,3936.27,3905.63,3926.34,12.11217019,94.77595239
2020-11-05,801180,3951.8,4031.98,3950.73,4023.41,16.64567424,152.04871004
2020-11-06,801180,4030.86,4044.64,4011.28,4032.03,14.28261492,127.82205697
2020-11-09,801180,4052.95,4074.24,4045.95,4062.66,20.37280744,170.02370667
2020-11-10,801180,4077.27,4101.11,4029.34,4041.49,16.88318139,139.13818795
2020-11-11,801180,4039.72,4101.78,4035.75,4075.5,17.67390251,153.06206806
2020-11-12,801180,4073.28,4073.28,4034.21,4053.92,15.70871511,123.55987739
2020-11-13,801180,4038.18,4038.36,3967.48,3985.09,15.18351188,121.60285852
2020-11-16,801180,3998.02,4020.01,3988.28,4020.01,14.89359279,113.43584714
2020-11-17,801180,4021.74,4115.05,4019.95,4097.26,23.02995377,189.85474523
2020-11-18,801180,4097.8,4164.23,4066.39,4136.74,22.75630939,191.87362637
2020-11-19,801180,4130.05,4150.06,4115.52,4137.61,17.42221749,138.352393
2020-11-20,801180,4136.76,4136.85,4089.78,4124.1,14.57382681,106.10445517
2020-11-23,801180,4121.2,4165.15,4103.48,4141.61,18.33944439,137.32755131
2020-11-24,801180,4137.01,4155.29,4106.28,4117.37,15.62349731,115.10644957
2020-11-25,801180,4134.21,4157.62,4094.68,4094.68,19.27369821,134.85844716
2020-11-26,801180,4092.41,4092.96,4043.3,4086.26,14.86187231,106.72283404
2020-11-27,801180,4101.05,4169.16,4101.05,4159.2,17.33681119,138.36468387
2020-11-30,801180,4169.37,4243.36,4120.78,4120.78,24.41222436,208.36166417
2020-12-01,801180,4117.57,4145.9,4059.42,4142.51,23.69323765,169.13628824
2020-12-02,801180,4150.99,4229.49,4135.47,4174.02,24.42109011,182.0746121
2020-12-03,801180,4182.19,4182.22,4128.43,4149.3,17.32905206,122.41171232
2020-12-04,801180,4150.78,4150.8,4084.14,4094.11,14.64546372,116.78565765
2020-12-07,801180,4096.55,4096.6,4029.39,4032.95,15.29106028,116.10633227
2020-12-08,801180,4036.13,4044.23,4009.53,4012.81,12.534696,92.06974625
2020-12-09,801180,4021.25,4021.25,3951.31,3951.31,15.0441962,108.13157818
2020-12-10,801180,3951.78,3957.48,3931.98,3942.62,13.14909133,96.55057535
2020-12-11,801180,3950.37,3950.37,3874.9,3899.51,18.79906734,123.70790771
2020-12-14,801180,3914.68,3944.78,3906.23,3944.25,16.6721863,116.28269105
2020-12-15,801180,3935.68,3935.75,3889.48,3904.76,14.40261379,96.9211018
2020-12-16,801180,3908.9,3912.09,3872.28,3890.43,12.58338878,86.29913935
2020-12-17,801180,3886.52,3918.22,3856.07,3914.94,14.66454715,98.45747412
2020-12-18,801180,3912.74,3923.33,3880.71,3886.36,12.82994754,96.73856325
2020-12-21,801180,3875.39,3891.0,3842.17,3870.05,13.81834681,105.31682615
2020-12-22,801180,3857.94,3885.93,3824.76,3830.73,16.01806297,118.45472318
2020-12-23,801180,3830.74,3831.63,3793.93,3812.7,15.88875089,124.23140358
2020-12-24,801180,3812.31,3823.34,3759.04,3770.08,15.65865914,107.05915518
2020-12-25,801180,3769.07,3792.43,3747.67,3781.34,12.82818235,86.43032227
2020-12-28,801180,3777.8,3788.62,3745.63,3765.58,14.42288762,110.65966047
2020-12-29,801180,3774.27,3816.4,3774.25,3795.97,13.5933999,102.95640776
2020-12-30,801180,3791.06,3796.88,3772.9,3782.95,13.6474033,102.21234576
2020-12-31,801180,3777.18,3826.41,3772.8,3826.41,17.9480141,126.33513597
