日期,index_code,open,high,low,close,volume,amount
2014-01-02,801200,3056.3,3069.85,3049.24,3068.11,4.35869788,37.7469342265
2014-01-03,801200,3058.35,3062.08,3035.92,3047.1,5.97092181,53.6810185788
2014-01-06,801200,3040.69,3041.72,2949.44,2953.29,5.55424511,47.6246043493
2014-01-07,801200,2954.98,2996.49,2945.9,2966.8,4.67062834,44.420423720500004
2014-01-08,801200,2967.04,2983.45,2940.91,2961.86,5.69920964,53.407521655
2014-01-09,801200,2952.05,2981.39,2925.2,2925.71,6.18977016,56.896899381800004
2014-01-10,801200,2918.33,2924.53,2874.46,2881.66,4.78947502,40.9010791464
2014-01-13,801200,2879.19,2900.97,2848.09,2868.61,4.61361891,41.2532477844
2014-01-14,801200,2865.38,2928.73,2834.45,2915.32,4.62944419,40.0942276706
2014-01-15,801200,2916.38,2937.23,2899.58,2936.71,5.18192649,44.46466518850001
2014-01-16,801200,2937.6,2971.91,2934.38,2949.61,6.18556324,55.2635987221
2014-01-17,801200,2941.41,2942.66,2904.55,2905.63,4.64402685,41.5740814395
2014-01-20,801200,2901.33,2926.19,2888.34,2902.93,4.49946436,40.2267897625
2014-01-21,801200,2908.91,2945.75,2908.03,2945.75,4.97947792,43.73887680359999
2014-01-22,801200,2950.53,3030.94,2947.59,3030.11,8.62272686,78.1866826134
2014-01-23,801200,3033.3,3054.14,3026.12,3037.91,8.36902386,77.3148572254
2014-01-24,801200,3030.28,3083.52,3027.57,3083.52,8.51367799,82.9666909403
2014-01-27,801200,3067.1,3134.01,3055.66,3103.23,8.93069872,87.56952418700001
2014-01-28,801200,3100.28,3120.02,3065.4,3091.72,6.28689608,60.9463310169
2014-01-29,801200,3099.54,3134.29,3098.94,3129.96,6.7525531,66.1120550953
2014-01-30,801200,3136.03,3145.06,3068.47,3077.92,5.98377655,57.8874478966
2014-02-07,801200,3051.64,3103.29,3032.22,3100.99,5.87320265,55.461470655
2014-02-10,801200,3119.42,3191.12,3119.29,3183.85,9.8585675,93.62483384149999
2014-02-11,801200,3179.59,3199.46,3147.95,3179.54,9.67221271,90.5367540324
2014-02-12,801200,3186.78,3231.06,3181.35,3231.06,10.35216905,98.74129861950001
2014-02-13,801200,3226.09,3231.2,3181.97,3181.97,11.79252731,112.03927314200001
2014-02-14,801200,3178.83,3235.32,3178.3,3234.03,8.87629939,82.4190503988
2014-02-17,801200,3245.69,3286.7,3233.22,3286.7,11.22359576,107.8591377883
2014-02-18,801200,3293.92,3293.92,3252.6,3267.85,10.872281,100.614931877
2014-02-19,801200,3266.91,3320.51,3251.38,3320.43,13.1584699,126.57439198629999
2014-02-20,801200,3318.31,3333.03,3265.53,3276.74,12.79311855,123.927608907
2014-02-21,801200,3266.47,3279.14,3194.73,3222.23,8.84193891,83.6719772713
2014-02-24,801200,3199.11,3199.7,3132.07,3173.47,8.68466035,79.8138920042
2014-02-25,801200,3176.43,3199.09,3044.02,3059.85,11.20893068,102.01765661559999
2014-02-26,801200,3049.0,3071.3,3006.73,3071.3,8.45523421,72.1006810739
2014-02-27,801200,3079.82,3111.2,3021.46,3023.67,10.02452792,84.682158382
2014-02-28,801200,3009.29,3047.55,2966.78,3047.55,7.9854542,69.6777820141
2014-03-03,801200,3037.59,3107.98,3029.94,3101.84,10.42828353,91.50309371690001
2014-03-04,801200,3089.73,3104.46,3060.0,3100.47,9.23673953,84.0251337072
2014-03-05,801200,3108.66,3138.95,3101.21,3117.97,10.65607778,90.71988357139999
2014-03-06,801200,3111.84,3133.19,3079.01,3129.41,8.84796047,77.8931283755
2014-03-07,801200,3121.72,3134.81,3089.47,3102.74,8.39899845,74.10413740930001
2014-03-10,801200,3071.52,3071.63,2961.15,2961.55,9.41889327,81.8228131709
2014-03-11,801200,2941.59,2977.5,2920.97,2951.01,7.71558682,66.56140527630001
2014-03-12,801200,2928.24,2942.64,2869.56,2914.68,9.79841654,80.1124745066
2014-03-13,801200,2907.97,2943.96,2903.51,2943.35,7.29021264,61.626804258199996
2014-03-14,801200,2923.85,2938.1,2898.58,2912.84,6.07819721,52.043452065100006
2014-03-17,801200,2913.89,2962.92,2913.29,2962.92,5.76795481,50.478134163
2014-03-18,801200,2967.08,2997.03,2963.57,2980.16,7.10669023,61.6946363535
2014-03-19,801200,2971.15,2971.22,2932.3,2959.45,6.20830252,52.843965950699996
2014-03-20,801200,2953.24,2975.76,2887.14,2887.14,8.29139473,70.4712107915
2014-03-21,801200,2869.01,2971.77,2867.11,2965.58,8.80823894,73.6055828099
2014-03-24,801200,2963.89,3008.71,2962.58,3001.25,9.10920862,75.5701758641
2014-03-25,801200,2996.01,3039.82,2989.18,3027.96,10.03654119,88.94403343340001
2014-03-26,801200,3030.66,3036.16,3001.28,3014.09,7.15368084,62.6845153321
2014-03-27,801200,3010.48,3022.65,2974.42,2974.71,7.71849243,68.01009210779999
2014-03-28,801200,2970.12,2996.72,2926.05,2931.76,8.35519916,70.8216078584
2014-03-31,801200,2924.66,2941.32,2869.63,2887.52,7.11296342,59.244391802799996
2014-04-01,801200,2877.75,2918.72,2874.13,2918.72,5.6035928,45.547136134300004
2014-04-02,801200,2915.34,2926.16,2903.85,2924.07,5.91788093,50.0676545933
2014-04-03,801200,2927.12,2933.52,2902.98,2914.17,5.55405322,47.55598772770001
2014-04-04,801200,2909.34,2954.49,2903.3,2954.49,5.75203549,48.9699744848
2014-04-08,801200,2942.13,2994.02,2940.69,2994.02,7.03811104,59.3538998001
2014-04-09,801200,2995.65,3016.91,2995.65,3016.91,6.72621636,57.9926906296
2014-04-10,801200,3020.51,3033.45,3010.87,3022.23,7.32664046,63.6034381714
2014-04-11,801200,3010.9,3036.58,3006.11,3031.1,7.75121546,65.792851672
2014-04-14,801200,3032.76,3053.42,3031.19,3050.92,7.35675143,61.750839094700005
2014-04-15,801200,3047.18,3047.19,3017.75,3024.0,7.12509497,61.4709406604
2014-04-16,801200,3014.8,3035.33,3003.17,3027.61,7.05929576,57.481601464099995
2014-04-17,801200,3033.82,3044.77,3025.68,3033.36,6.76040149,57.6434256658
2014-04-18,801200,3024.68,3041.42,3013.76,3041.04,5.67447008,50.3882531637
2014-04-21,801200,3018.47,3040.24,2982.23,2985.87,7.33629986,64.78235163890001
2014-04-22,801200,2981.95,2996.13,2939.37,2994.43,7.54364136,63.9903445068
2014-04-23,801200,2988.55,3002.72,2967.7,2976.0,5.56674156,48.1945892109
2014-04-24,801200,2973.67,2983.49,2949.6,2953.2,5.7014522,49.3073484839
2014-04-25,801200,2953.16,2962.02,2899.98,2899.98,5.65574436,48.3165739576
2014-04-28,801200,2892.29,2892.29,2810.12,2811.76,6.15275404,50.520550422
2014-04-29,801200,2807.66,2866.5,2807.66,2866.5,4.25405847,35.934002229499995
2014-04-30,801200,2859.07,2891.33,2852.43,2890.5,4.30656791,38.0409985074
2014-05-05,801200,2877.08,2907.81,2862.17,2905.14,5.02791969,44.990771573800004
2014-05-06,801200,2901.91,2924.03,2895.42,2908.38,4.59329497,40.7032586301
2014-05-07,801200,2895.96,2902.38,2858.23,2858.25,5.06471542,44.4623724379
2014-05-08,801200,2848.18,2899.25,2846.03,2855.37,4.61818645,40.2212759943
2014-05-09,801200,2852.04,2852.28,2802.99,2825.98,4.63175174,38.8498202489
2014-05-12,801200,2850.03,2896.85,2834.08,2896.22,5.27540036,44.8975252419
2014-05-13,801200,2890.06,2896.29,2868.43,2880.83,4.27724486,37.6904857487
2014-05-14,801200,2881.81,2889.56,2872.91,2880.76,4.1522349,36.011698664899995
2014-05-15,801200,2877.97,2878.1,2817.61,2820.19,4.1354234,34.219304218699996
2014-05-16,801200,2813.77,2838.05,2802.04,2832.22,4.09060516,31.985337352
2014-05-19,801200,2823.07,2824.68,2795.76,2815.47,3.72482966,29.5850868452
2014-05-20,801200,2828.91,2845.33,2809.12,2819.62,3.940323,33.0540195037
2014-05-21,801200,2810.45,2845.02,2789.63,2845.02,3.94663499,31.1978884988
2014-05-22,801200,2842.98,2863.73,2831.56,2832.73,4.39610233,34.7651875883
2014-05-23,801200,2831.71,2847.42,2818.39,2847.42,3.79569384,30.4926952388
2014-05-26,801200,2854.08,2870.06,2847.3,2870.0,4.95489565,41.082457175100004
2014-05-27,801200,2866.53,2866.88,2848.96,2850.93,3.8889669,32.2947223966
2014-05-28,801200,2850.84,2884.76,2839.26,2884.76,5.69386533,46.7890783198
2014-05-29,801200,2887.93,2890.01,2857.64,2858.47,5.21969571,45.293968787299995
2014-05-30,801200,2857.04,2892.54,2849.85,2885.47,5.34030129,46.227942925200004
2014-06-03,801200,2886.43,2890.04,2867.74,2868.47,4.07551297,35.315740723699996
2014-06-04,801200,2865.92,2867.03,2819.33,2833.17,4.16329417,34.524917478
2014-06-05,801200,2828.01,2863.03,2823.57,2863.03,3.86131671,31.609561893600002
2014-06-06,801200,2862.84,2874.32,2845.0,2859.42,4.98064473,40.3224643388
2014-06-09,801200,2852.78,2886.2,2847.45,2871.27,6.06020161,47.980979523
2014-06-10,801200,2868.77,2895.12,2858.51,2895.1,5.3088645,43.3256541789
2014-06-11,801200,2889.88,2898.13,2880.57,2893.62,5.28798668,46.598840936
2014-06-12,801200,2889.76,2890.53,2866.85,2870.13,5.14122247,44.0723166996
2014-06-13,801200,2862.89,2891.87,2858.99,2886.98,5.43194803,48.106400387700006
2014-06-16,801200,2884.45,2894.95,2879.66,2889.62,5.21663775,46.600715712299994
2014-06-17,801200,2881.95,2882.09,2858.34,2860.35,4.73163137,40.6196907077
2014-06-18,801200,2859.8,2864.0,2822.28,2823.37,5.9665789,49.4831242671
2014-06-19,801200,2824.62,2829.12,2743.63,2754.0,5.67725013,46.700351401300004
2014-06-20,801200,2749.45,2760.3,2730.59,2760.3,5.3867732,40.7113091787
2014-06-23,801200,2761.86,2781.76,2761.74,2772.04,4.97395377,38.8617347394
2014-06-24,801200,2773.7,2781.48,2766.01,2780.12,4.33775337,34.8807213206
2014-06-25,801200,2776.8,2777.16,2753.85,2764.38,4.30155686,34.736130757800005
2014-06-26,801200,2768.04,2795.08,2767.97,2792.32,5.50199028,44.5048723444
2014-06-27,801200,2791.97,2826.07,2791.97,2816.14,6.50406031,53.2256751743
2014-06-30,801200,2821.31,2842.1,2818.35,2838.72,7.30076906,58.7546261445
2014-07-01,801200,2838.8,2857.29,2829.39,2857.29,6.52401517,53.350781136
2014-07-02,801200,2855.19,2874.09,2838.14,2874.09,7.08181094,58.764942456899995
2014-07-03,801200,2871.01,2895.05,2864.06,2886.72,7.17841149,60.396198054399996
2014-07-04,801200,2884.11,2890.28,2868.18,2876.44,5.93681544,50.285315338900006
2014-07-07,801200,2874.36,2882.99,2862.39,2871.33,5.84617069,48.8032305104
2014-07-08,801200,2869.77,2875.03,2841.42,2873.09,6.46282294,52.983120922
2014-07-09,801200,2872.07,2873.79,2823.04,2823.68,6.38628373,52.605426361000006
2014-07-10,801200,2821.98,2841.6,2821.98,2836.29,4.69868686,39.2367675897
2014-07-11,801200,2831.79,2860.39,2829.91,2859.13,5.61053042,46.13520388
2014-07-14,801200,2864.03,2895.65,2857.39,2895.65,7.56407026,62.295215410699996
2014-07-15,801200,2893.99,2899.67,2877.98,2899.3,8.09689099,67.5957421661
2014-07-16,801200,2894.15,2903.18,2872.55,2884.1,7.77835365,63.8670866432
2014-07-17,801200,2880.44,2882.52,2850.36,2869.4,6.08425076,49.12555325100001
2014-07-18,801200,2859.11,2885.74,2857.08,2871.07,5.66798614,46.575750103400004
2014-07-21,801200,2874.44,2878.62,2852.35,2858.43,5.28907859,43.8231748391
2014-07-22,801200,2858.23,2891.86,2855.93,2890.51,7.39038977,61.2119848284
2014-07-23,801200,2888.13,2888.13,2861.63,2868.79,7.94734551,63.4873774537
2014-07-24,801200,2871.23,2893.3,2861.22,2891.38,8.84957582,70.9285404999
2014-07-25,801200,2897.8,2922.99,2892.92,2922.99,8.25600605,66.7732721725
2014-07-28,801200,2939.79,2998.36,2939.59,2991.91,13.85335321,114.486860635
2014-07-29,801200,2989.76,3013.61,2986.94,3002.79,11.99156074,98.4455061984
2014-07-30,801200,3004.27,3014.78,2988.59,3006.09,9.82855182,84.87480313569999
2014-07-31,801200,3000.58,3049.86,3000.58,3049.86,9.91654556,84.2993187684
2014-08-01,801200,3040.56,3062.62,3017.17,3017.78,11.30445568,99.7257721668
2014-08-04,801200,3022.3,3064.41,3022.13,3064.41,9.43070216,82.5768084313
2014-08-05,801200,3064.13,3081.3,3056.39,3081.3,10.40029693,88.0639777099
2014-08-06,801200,3069.61,3091.28,3053.37,3085.83,9.03257719,80.3783465268
2014-08-07,801200,3084.55,3090.66,3046.55,3048.28,8.70951053,77.21063445989999
2014-08-08,801200,3048.95,3072.88,3048.51,3064.83,7.71417852,68.6478337939
2014-08-11,801200,3069.11,3110.87,3069.09,3110.87,9.00869167,80.3750082919
2014-08-12,801200,3122.49,3138.52,3113.47,3138.11,9.65184867,87.4822073908
2014-08-13,801200,3142.14,3143.48,3103.18,3133.56,10.46808644,88.1528840479
2014-08-14,801200,3130.83,3147.04,3104.32,3106.95,10.39767607,89.08021166
2014-08-15,801200,3108.81,3148.55,3103.1,3143.82,9.88737897,87.6601757207
2014-08-18,801200,3149.96,3192.65,3149.87,3192.65,12.15964507,104.626034481
2014-08-19,801200,3194.54,3197.06,3169.91,3195.4,11.09183762,95.46506470530001
2014-08-20,801200,3195.64,3232.24,3191.4,3213.96,12.16271145,102.71183777270001
2014-08-21,801200,3209.1,3220.64,3178.49,3220.64,11.50917521,99.12443281819999
2014-08-22,801200,3215.9,3241.65,3213.83,3235.46,10.67389538,94.9675311461
2014-08-25,801200,3238.53,3239.5,3198.89,3201.25,9.94773555,86.6072259924
2014-08-26,801200,3197.45,3212.94,3142.03,3153.01,10.65334403,91.80808284780001
2014-08-27,801200,3149.7,3180.78,3149.7,3173.83,9.05871263,79.3686924469
2014-08-28,801200,3176.21,3180.31,3128.75,3135.52,9.6962368,82.2809582029
2014-08-29,801200,3134.52,3165.16,3129.48,3165.16,7.0312355,63.5969808424
2014-09-01,801200,3168.12,3207.93,3167.86,3207.93,8.8247148,79.9804144558
2014-09-02,801200,3214.66,3250.51,3209.95,3250.51,11.22923966,103.05142506530001
2014-09-03,801200,3257.95,3274.43,3256.81,3272.1,11.42617654,107.57858446280001
2014-09-04,801200,3273.9,3295.5,3272.35,3295.39,11.98500538,110.2073452467
2014-09-05,801200,3310.51,3322.37,3298.83,3320.65,14.72555729,133.023264816
2014-09-09,801200,3345.9,3374.22,3316.59,3373.54,15.99643385,158.53589373350002
2014-09-10,801200,3362.73,3387.74,3345.52,3382.27,14.87179089,145.5956936537
2014-09-11,801200,3386.64,3426.29,3353.86,3372.55,16.47814583,157.5835535123
2014-09-12,801200,3367.17,3430.63,3363.16,3427.43,15.67151252,141.3655975565
2014-09-15,801200,3427.97,3473.77,3420.99,3466.95,16.14389455,154.3621452504
2014-09-16,801200,3471.81,3477.91,3351.52,3355.53,20.3271057,190.46531300639998
2014-09-17,801200,3354.73,3408.34,3336.92,3408.34,14.4677899,128.51985327010001
2014-09-18,801200,3408.84,3433.27,3399.42,3432.51,13.36724805,120.7770533811
2014-09-19,801200,3435.72,3459.28,3420.49,3453.21,13.65649137,118.4219928421
2014-09-22,801200,3455.7,3455.7,3379.73,3386.48,13.38791985,121.7999026785
2014-09-23,801200,3385.38,3434.04,3385.38,3431.77,12.41194196,117.55821522379999
2014-09-24,801200,3422.64,3473.41,3415.56,3470.01,13.96589817,128.7163581742
2014-09-25,801200,3479.56,3503.78,3454.68,3466.93,14.55391799,134.7888999822
2014-09-26,801200,3455.58,3496.6,3453.44,3495.19,12.02929923,114.734020372
2014-09-29,801200,3514.69,3548.09,3514.64,3543.36,13.54753956,128.1806507396
2014-09-30,801200,3553.13,3573.14,3541.98,3567.89,12.20134674,116.09756090629999
2014-10-08,801200,3577.47,3601.9,3547.86,3601.79,13.02203516,126.491444264
2014-10-09,801200,3606.49,3614.18,3553.82,3595.57,15.58416748,149.5209688454
2014-10-10,801200,3577.07,3583.61,3553.58,3576.69,13.26220102,125.7442414466
2014-10-13,801200,3562.19,3577.13,3525.58,3577.13,12.41706551,122.8646631992
2014-10-14,801200,3577.14,3609.56,3554.33,3575.23,11.65133655,115.8991363397
2014-10-15,801200,3582.71,3596.68,3552.33,3596.68,12.06211672,124.6587137309
2014-10-16,801200,3577.31,3612.19,3535.11,3535.11,13.89816767,143.0281520481
2014-10-17,801200,3526.88,3547.89,3434.09,3482.04,14.05741359,131.3026686825
2014-10-20,801200,3490.01,3531.32,3478.12,3531.32,11.39800516,107.3359452042
2014-10-21,801200,3526.66,3555.45,3513.23,3516.51,11.21736834,107.0613642132
2014-10-22,801200,3518.52,3537.81,3475.77,3477.61,9.97408618,97.1435668342
2014-10-23,801200,3468.16,3481.48,3402.14,3409.65,10.57241066,101.678998601
2014-10-24,801200,3407.99,3448.51,3402.54,3425.3,9.4449224,86.92121901709999
2014-10-27,801200,3414.2,3449.56,3408.22,3449.56,9.11839071,79.9863952575
2014-10-28,801200,3454.71,3526.07,3454.24,3526.07,12.1244785,117.2120828236
2014-10-29,801200,3532.87,3601.98,3532.27,3593.91,15.70769673,153.1002938775
2014-10-30,801200,3600.68,3626.05,3593.01,3599.85,16.3967677,161.8805850736
2014-10-31,801200,3606.23,3627.93,3585.43,3627.2,15.22678441,151.9838448749
2014-11-03,801200,3641.88,3673.68,3641.88,3668.8,15.88879781,159.4788146432
2014-11-04,801200,3661.25,3661.27,3606.82,3616.09,13.11727577,131.20201204079999
2014-11-05,801200,3615.24,3647.51,3594.87,3638.43,12.94367691,130.5534369007
2014-11-06,801200,3634.22,3645.17,3604.19,3640.14,10.55357166,106.1689901845
2014-11-07,801200,3641.87,3659.55,3589.53,3606.37,13.27012965,137.4219265647
2014-11-10,801200,3613.25,3655.04,3605.5,3655.04,11.25701135,115.331835235
2014-11-11,801200,3662.97,3667.13,3494.69,3522.09,16.75518029,170.5514737436
2014-11-12,801200,3512.26,3602.03,3503.02,3602.03,11.62480528,122.66007701209999
2014-11-13,801200,3606.0,3610.83,3566.43,3579.56,15.18001474,162.281167482
2014-11-14,801200,3564.51,3576.57,3540.03,3567.7,9.99486673,105.9419713858
2014-11-17,801200,3586.41,3629.3,3559.63,3604.7,10.70791752,109.3701015005
2014-11-18,801200,3595.25,3625.41,3593.56,3623.11,10.81799927,106.5225789536
2014-11-19,801200,3620.6,3659.42,3613.76,3635.34,12.23677623,122.0833887516
2014-11-20,801200,3620.55,3646.88,3613.84,3646.68,10.44236293,105.52021160620001
2014-11-21,801200,3643.37,3695.91,3641.68,3694.1,12.74660528,135.1626672805
2014-11-24,801200,3731.89,3768.6,3709.77,3760.45,17.25858168,188.7469182351
2014-11-25,801200,3759.58,3810.95,3755.08,3807.76,15.58956441,166.9865164103
2014-11-26,801200,3815.55,3829.27,3785.71,3829.2,16.02073464,179.3018290866
2014-11-27,801200,3832.86,3871.6,3825.69,3871.6,18.41836003,200.7028085382
2014-11-28,801200,3864.82,3880.84,3818.41,3876.56,19.99842074,214.1518698684
2014-12-01,801200,3870.21,3875.03,3823.4,3834.6,17.08317882,186.9565163044
2014-12-02,801200,3829.08,3890.83,3826.63,3884.63,15.90397392,179.4580225295
2014-12-03,801200,3895.64,3935.29,3864.76,3935.21,22.34464033,247.77186672259998
2014-12-04,801200,3944.3,4051.93,3930.79,4051.93,23.77246463,270.8445505683
2014-12-05,801200,4066.91,4071.38,3867.15,3964.47,26.88705025,317.16192841779997
2014-12-08,801200,3956.13,4042.87,3935.5,4032.21,21.89435446,267.6935685223
2014-12-09,801200,4019.46,4108.77,3888.01,3910.93,29.08859387,351.10890238720003
2014-12-10,801200,3915.83,4059.49,3906.91,4057.68,20.2717708,231.1198983135
2014-12-11,801200,4053.87,4125.11,4029.87,4123.89,20.31380252,233.3324645138
2014-12-12,801200,4130.92,4147.54,4099.98,4131.15,16.6147014,188.6260198534
2014-12-15,801200,4151.12,4216.43,4144.65,4213.52,19.63596321,223.5748617871
2014-12-16,801200,4213.92,4225.17,4179.67,4216.01,17.56042242,209.87062227799998
2014-12-17,801200,4211.93,4211.93,4103.07,4160.86,17.60827537,209.5738325441
2014-12-18,801200,4157.58,4164.69,4129.83,4130.44,12.82974423,149.30540025780002
2014-12-19,801200,4122.08,4144.73,4034.7,4107.43,14.46821166,165.72181022889998
2014-12-22,801200,4102.76,4102.78,3920.19,3955.61,17.74819946,208.23484584509998
2014-12-23,801200,3944.7,4011.56,3925.57,3928.37,11.97355538,133.8016710163
2014-12-24,801200,3949.21,3994.49,3919.81,3994.11,13.90919272,148.8405031319
2014-12-25,801200,4006.0,4056.45,4002.05,4056.45,13.07735316,140.7951952421
2014-12-26,801200,4054.2,4122.63,4049.54,4115.54,14.58868269,169.6675220928
2014-12-29,801200,4128.57,4136.99,4072.83,4104.38,17.24367468,198.2106573027
2014-12-30,801200,4094.07,4119.48,4025.23,4034.26,14.70092807,165.9204535758
2014-12-31,801200,4027.95,4068.14,4006.84,4068.14,11.57859497,134.7383958624
2015-01-05,801200,4069.05,4157.26,4058.19,4147.26,15.15939085,176.7041197257
2015-01-06,801200,4118.09,4155.32,4085.33,4155.32,13.65526196,156.9774721218
2015-01-07,801200,4150.05,4181.06,4136.57,4173.62,13.41122239,157.5734430872
2015-01-08,801200,4163.09,4169.6,4106.45,4121.66,14.01905998,155.76632459209998
2015-01-09,801200,4105.65,4144.68,4060.3,4060.81,11.9211859,133.65636793040002
2015-01-12,801200,4051.27,4051.68,3969.97,4000.78,10.84654944,119.1122763331
2015-01-13,801200,3995.27,4041.98,3995.27,4041.3,8.03903235,92.40516879729999
2015-01-14,801200,4037.05,4050.67,3997.76,4020.32,7.99192836,90.93000077479999
2015-01-15,801200,4024.84,4066.17,4013.45,4066.17,8.43108955,101.2962779993
2015-01-16,801200,4072.07,4098.9,4055.12,4098.9,10.56312803,122.64193251110001
2015-01-19,801200,3958.66,4042.06,3840.24,3882.68,13.59821785,153.25489130030002
2015-01-20,801200,3902.35,4001.61,3902.35,4001.61,11.40458978,132.90564281
2015-01-21,801200,4009.36,4132.23,4009.3,4127.17,15.0056397,178.9731192821
2015-01-22,801200,4138.47,4215.09,4137.61,4215.09,15.32629955,183.7841235713
2015-01-23,801200,4234.94,4237.93,4166.61,4187.88,15.09553198,179.8318827798
2015-01-26,801200,4187.43,4332.46,4178.93,4330.2,18.82397531,218.18518757900003
2015-01-27,801200,4348.76,4379.09,4298.3,4367.86,20.25083399,239.085031236
2015-01-28,801200,4353.98,4402.92,4335.42,4362.56,16.72657556,199.85017325119998
2015-01-29,801200,4318.81,4380.78,4317.58,4346.01,14.85376045,173.7333651455
2015-01-30,801200,4347.65,4374.41,4289.58,4289.58,12.2694557,144.2984293827
2015-02-02,801200,4244.73,4294.5,4234.89,4253.0,12.63813451,142.3772123556
2015-02-03,801200,4267.71,4369.08,4267.7,4369.08,14.03609117,160.62365379850002
2015-02-04,801200,4381.31,4392.2,4329.2,4335.9,14.65521976,180.4291940008
2015-02-05,801200,4378.13,4388.27,4300.11,4300.11,14.90651419,174.7477950851
2015-02-06,801200,4294.51,4298.25,4187.67,4216.15,13.80560548,166.4548528334
2015-02-09,801200,4215.94,4232.19,4180.9,4192.66,9.40385011,112.8816885732
2015-02-10,801200,4189.9,4248.47,4185.62,4248.47,8.21486462,100.7026192915
2015-02-11,801200,4250.62,4334.22,4247.96,4329.91,11.03039946,139.0628577536
2015-02-12,801200,4332.12,4383.13,4323.6,4373.8,11.3421463,137.27289927040002
2015-02-13,801200,4399.36,4481.96,4399.15,4447.09,15.12598657,188.66440965889998
2015-02-16,801200,4469.91,4549.81,4468.98,4549.81,14.35750295,179.91850701560003
2015-02-17,801200,4568.35,4591.07,4550.8,4574.05,12.99429034,163.6995889169
2015-02-25,801200,4592.57,4592.57,4511.23,4522.84,11.27036905,143.4950113303
2015-02-26,801200,4522.37,4573.11,4514.64,4573.11,12.65953716,158.3310807089
2015-02-27,801200,4572.52,4603.76,4565.57,4586.64,11.98197833,151.9794368235
2015-03-02,801200,4623.19,4685.47,4600.23,4685.47,18.56027986,235.51983625009998
2015-03-03,801200,4667.77,4717.42,4648.24,4655.04,19.76184644,254.3114051362
2015-03-04,801200,4658.97,4754.29,4658.91,4754.29,18.26854375,236.1565532182
2015-03-05,801200,4757.94,4816.77,4743.72,4816.77,20.45047071,258.8498749635
2015-03-06,801200,4825.57,4836.27,4768.16,4786.29,18.80622902,241.2726438613
2015-03-09,801200,4761.24,4822.13,4727.43,4819.82,16.5811442,211.5697134225
2015-03-10,801200,4809.09,4890.07,4808.91,4878.79,17.17138701,221.73028024919998
2015-03-11,801200,4876.63,4903.5,4863.26,4881.93,17.5730617,224.19040455959998
2015-03-12,801200,4878.93,4905.99,4833.73,4875.53,16.42518728,217.64137020240003
2015-03-13,801200,4897.06,4944.57,4897.06,4944.25,14.89656817,197.082340596
2015-03-16,801200,4984.17,5126.42,4979.5,5125.26,23.57752339,309.1466936681
2015-03-17,801200,5156.84,5182.7,5103.16,5165.66,25.47737597,340.4438387464
2015-03-18,801200,5167.45,5290.51,5155.23,5281.96,24.07785129,316.0058699012
2015-03-19,801200,5277.73,5299.17,5237.4,5297.02,23.33468941,304.982860487
2015-03-20,801200,5293.6,5369.5,5287.05,5352.39,20.75034947,289.9002961393
2015-03-23,801200,5383.58,5467.05,5371.52,5467.05,23.77930395,339.9910458873
2015-03-24,801200,5472.72,5539.77,5338.07,5537.6,28.56976948,414.9965360102
2015-03-25,801200,5550.97,5662.75,5519.78,5617.11,26.94741254,405.27630234199995
2015-03-26,801200,5596.43,5640.59,5508.85,5584.45,22.90572567,347.43912320519996
2015-03-27,801200,5582.73,5659.57,5567.05,5643.65,18.04119099,270.5577139793
2015-03-30,801200,5653.77,5746.93,5653.77,5733.01,22.0202554,329.4378860265
2015-03-31,801200,5739.17,5762.82,5670.79,5686.07,21.30776246,318.7803835085
2015-04-01,801200,5694.73,5798.77,5680.88,5788.78,20.38915793,302.8437684757
2015-04-02,801200,5850.48,5940.36,5850.48,5940.03,26.03337814,393.71655276940004
2015-04-03,801200,5909.91,6048.3,5881.21,6045.2,24.86886545,379.8990267772
2015-04-07,801200,6075.15,6161.87,6064.24,6159.51,25.06306768,396.91292339769996
2015-04-08,801200,6178.44,6184.89,5997.91,6101.55,24.9193217,397.8122240374
2015-04-09,801200,6099.75,6100.29,5875.5,6073.24,24.57186534,403.6205073759
2015-04-10,801200,6064.91,6270.95,6042.79,6258.75,22.20203301,357.845885905
2015-04-13,801200,6301.52,6408.61,6270.97,6389.53,25.53124366,426.87162826269997
2015-04-14,801200,6392.85,6445.34,6323.15,6366.53,23.87214881,403.2954596615
2015-04-15,801200,6335.69,6335.69,6125.6,6125.6,20.48377772,322.9142651741
2015-04-16,801200,6057.04,6230.28,5990.28,6176.7,18.1106168,296.05499762560004
2015-04-17,801200,6215.04,6264.83,6172.66,6241.09,21.69500129,344.48439973160004
2015-04-20,801200,6204.46,6218.32,6038.24,6058.95,24.35980729,377.63620638099997
2015-04-21,801200,6069.12,6240.89,6069.12,6240.89,20.75033822,324.1823907409
2015-04-22,801200,6285.92,6446.65,6285.81,6432.16,26.42850394,411.0723784593
2015-04-23,801200,6471.65,6578.25,6441.82,6553.78,29.35345783,460.9152200121
2015-04-24,801200,6478.25,6542.03,6414.06,6518.89,27.40825332,427.1731222316
2015-04-27,801200,6573.55,6663.22,6549.51,6602.32,24.5455589,401.790135787
2015-04-28,801200,6602.99,6614.44,6317.84,6374.94,24.30317737,393.81118633589995
2015-04-29,801200,6375.23,6534.39,6360.42,6507.57,16.87832566,281.48675641150004
2015-04-30,801200,6541.24,6583.75,6511.01,6512.91,20.45133162,343.85361591239996
2015-05-04,801200,6520.74,6576.17,6441.08,6563.16,19.16217166,311.1006255483
2015-05-05,801200,6559.45,6560.98,6348.93,6373.24,20.19498064,324.0756025242
2015-05-06,801200,6425.79,6528.69,6318.92,6358.19,20.98255566,344.9913983576
2015-05-07,801200,6337.16,6361.92,6222.35,6226.65,19.89606758,306.4987615022
2015-05-08,801200,6333.9,6498.45,6314.62,6498.45,21.67750352,340.339844167
2015-05-11,801200,6548.11,6816.73,6545.32,6816.73,28.54475497,488.40616533559995
2015-05-12,801200,6883.1,6993.03,6847.34,6992.48,31.21176154,544.5747457808001
2015-05-13,801200,6975.99,7235.51,6884.31,7157.58,33.47381431,607.4766370776
2015-05-14,801200,7158.35,7211.96,7062.85,7153.14,27.56141203,488.27235134029996
2015-05-15,801200,7155.53,7155.53,6983.8,7057.78,26.91708203,471.81424814480005
2015-05-18,801200,7024.1,7140.01,7002.6,7072.58,22.11986211,393.03389741269996
2015-05-19,801200,7102.11,7261.68,7076.71,7261.52,24.7729644,434.8083389775
2015-05-20,801200,7305.25,7509.06,7305.02,7377.26,29.82479749,543.9323732617
2015-05-21,801200,7402.05,7670.0,7402.05,7669.36,30.91998223,557.1367485655
2015-05-22,801200,7770.69,7859.11,7613.63,7848.34,36.02758667,657.7109085258
2015-05-25,801200,7817.01,8063.38,7769.7,8050.19,34.11363064,654.1140701688
2015-05-26,801200,8093.71,8330.24,8000.04,8329.19,35.91184543,699.2305555096001
2015-05-27,801200,8383.86,8433.77,8196.64,8402.69,34.18707011,680.0579485543
2015-05-28,801200,8407.77,8454.91,7772.78,7773.42,39.50567124,772.7972606192
2015-05-29,801200,7733.25,7928.89,7360.52,7741.6,29.31301472,555.4069929673001
2015-06-01,801200,7817.6,8131.96,7803.55,8129.72,25.89693025,504.2903109742
2015-06-02,801200,8174.58,8478.7,8126.43,8478.7,30.93983921,611.6151068311
2015-06-03,801200,8545.9,8611.03,8338.25,8535.22,31.1824137,647.6067019533
2015-06-04,801200,8527.4,8527.4,7933.7,8436.34,26.04605727,569.4435279115
2015-06-05,801200,8564.9,8634.83,8360.47,8566.49,29.32885143,647.9787406334
2015-06-08,801200,8589.81,8659.83,8441.13,8639.4,32.17738566,693.1054537719
2015-06-09,801200,8626.76,8744.76,8564.16,8703.3,27.17464979,598.8435870523
2015-06-10,801200,8665.51,8999.15,8551.65,8908.75,29.60199603,654.2547878264
2015-06-11,801200,9010.36,9171.23,7901.16,9150.76,33.08767949,755.490761114
2015-06-12,801200,9138.58,9266.55,9060.24,9206.73,31.48972142,705.349643757
2015-06-15,801200,9232.81,9245.44,9011.68,9032.49,27.6194677,620.9932717188
2015-06-16,801200,8927.35,8993.73,8693.94,8793.55,25.86577314,575.6957049714
2015-06-17,801200,8734.73,8935.73,8430.24,8903.67,22.93853615,496.9192458953
2015-06-18,801200,8895.55,8995.65,8607.85,8617.82,21.28218258,454.97292619660004
2015-06-19,801200,8415.57,8470.27,7987.68,8019.04,21.12117074,439.0981634931
2015-06-23,801200,7967.27,8054.07,7464.06,8045.14,22.68868255,449.0532597017
2015-06-24,801200,8103.49,8219.68,7973.48,8218.41,23.37354193,484.53978606910005
2015-06-25,801200,8248.44,8250.14,7755.17,7856.41,23.47110512,486.25421311639997
2015-06-26,801200,7581.3,7593.2,7150.8,7160.86,20.89948396,381.8786998395
2015-06-29,801200,7245.63,7279.38,6525.38,6573.09,24.58511116,409.6214925485
2015-06-30,801200,6408.93,6910.43,6041.68,6890.09,31.56425849,499.60469674800004
2015-07-01,801200,6778.11,7048.6,6483.89,6506.75,25.94493646,445.73448892330003
2015-07-02,801200,6491.07,6527.29,5998.7,6022.73,24.13325457,367.131910054
2015-07-03,801200,5789.26,6048.72,5544.58,5591.57,23.89250495,325.5999439183
2015-07-06,801200,5990.16,5990.16,5230.96,5451.06,30.08620999,406.7371394539
2015-07-07,801200,5201.43,5272.05,5039.55,5040.98,20.04530427,239.20223229389998
2015-07-08,801200,4785.02,4882.68,4784.91,4829.03,20.17747981,245.9441410393
2015-07-09,801200,4759.59,5031.75,4759.59,5025.57,14.70247366,171.0218320221
2015-07-10,801200,5196.62,5298.64,5174.58,5294.1,11.01504137,145.4441745708
2015-07-13,801200,5568.22,5655.21,5519.19,5655.21,19.37965549,264.6765669492
2015-07-14,801200,5812.52,5998.07,5741.8,5837.81,27.75405743,396.64249322160003
2015-07-16,801200,5362.98,5701.08,5215.04,5587.76,22.9346086,296.4506229875
2015-07-17,801200,5611.98,5923.3,5604.27,5876.23,21.93592445,302.3798468049
2015-07-20,801200,5903.05,6058.85,5832.53,6000.1,25.99466293,377.7209425704
2015-07-21,801200,5945.88,6134.73,5879.05,6085.92,23.2186123,346.18033001550003
2015-07-22,801200,6077.16,6202.28,6018.14,6185.11,24.75634951,375.0811288222
2015-07-23,801200,6201.0,6365.78,6183.44,6349.19,26.98235944,420.3619488988
2015-07-24,801200,6385.16,6445.29,6214.52,6255.63,29.1302677,467.66172442839996
2015-07-27,801200,6130.93,6310.81,5832.37,5834.85,27.58282093,434.814183424
2015-07-28,801200,5555.33,5888.43,5436.07,5675.62,26.25520801,373.2437870581
2015-07-29,801200,5756.02,5937.84,5551.07,5928.12,20.03108732,299.1677210948
2015-07-30,801200,5879.59,6017.24,5740.56,5768.68,21.21855322,319.9276670744
2015-07-31,801200,5687.32,5819.49,5623.98,5701.29,16.76814347,238.4487089774
2015-08-03,801200,5620.83,5637.85,5436.48,5499.98,13.39212144,179.6183426354
2015-08-04,801200,5493.75,5748.74,5489.47,5748.72,15.48113816,212.3599584505
2015-08-05,801200,5735.74,5794.72,5620.89,5662.54,15.35035431,219.26966258759998
2015-08-06,801200,5551.93,5670.61,5536.1,5608.32,10.46931082,143.703170854
2015-08-07,801200,5646.82,5759.44,5642.08,5757.8,14.62331337,204.7393056139
2015-08-10,801200,5828.65,6040.89,5757.8,6022.11,20.0117497,291.3704566911
2015-08-11,801200,6175.4,6345.36,6174.57,6295.06,26.12712095,416.1633324761
2015-08-12,801200,6300.5,6368.11,6249.06,6267.91,26.67621659,411.31452209910003
2015-08-13,801200,6311.73,6534.62,6307.93,6534.62,26.46678176,408.788677418
2015-08-14,801200,6691.2,6772.78,6653.34,6713.74,28.97389037,465.23076730360003
2015-08-17,801200,6743.61,6835.36,6644.77,6812.9,34.23707316,591.1912383265001
2015-08-18,801200,6795.58,6818.82,6364.44,6374.69,35.68077814,589.5298286178
2015-08-19,801200,6131.64,6562.93,5960.36,6501.68,32.99189183,506.4939510637
2015-08-20,801200,6430.06,6492.88,6210.66,6210.66,25.58733609,405.6569829764
2015-08-21,801200,6070.4,6152.91,5831.15,5843.1,20.95918039,309.3403574275
2015-08-24,801200,5578.1,5605.12,5387.55,5387.98,16.31398898,211.740449083
2015-08-25,801200,5002.55,5141.8,4979.97,4993.18,19.71638351,232.0667253029
2015-08-26,801200,4983.54,5199.53,4809.88,4876.28,27.73488343,329.40089897080003
2015-08-27,801200,4972.07,5049.87,4758.27,5047.67,23.76567225,281.5731564019
2015-08-28,801200,5109.92,5368.51,5063.91,5368.51,27.40068869,336.9871012737
2015-08-31,801200,5299.53,5299.53,5140.55,5141.84,21.98348756,277.3605551113
2015-09-01,801200,5063.71,5063.71,4797.71,4814.52,18.69804084,210.7602922746
2015-09-07,801200,4812.26,4968.96,4762.01,4799.52,20.57682128,250.069991765
2015-09-08,801200,4749.08,5014.2,4683.67,5003.41,17.47568555,203.80826225400003
2015-09-09,801200,5034.81,5222.2,5016.17,5148.57,28.17097127,361.97524156739996
2015-09-10,801200,5048.35,5145.88,5022.32,5032.09,17.46370409,212.92226314779998
2015-09-11,801200,5025.77,5123.09,5009.85,5122.69,15.85110359,195.19769589060002
2015-09-14,801200,5169.25,5178.03,4764.77,4803.11,22.04209555,272.6707851526
2015-09-15,801200,4667.1,4782.78,4521.61,4536.41,16.82415128,187.6745109455
2015-09-16,801200,4563.7,4868.45,4552.07,4852.71,18.93452268,215.8504941461
2015-09-17,801200,4832.75,4975.64,4732.84,4733.99,21.63884805,259.3331374472
2015-09-18,801200,4770.55,4835.21,4724.24,4803.51,14.32625144,166.044548803
2015-09-21,801200,4747.44,4958.82,4735.2,4958.82,16.05548573,187.14489488740003
2015-09-22,801200,4967.41,5096.76,4925.23,5037.24,20.5120562,245.09642021419998
2015-09-23,801200,4951.38,5006.68,4903.67,4936.32,15.99596188,184.37355579849998
2015-09-24,801200,4957.61,5014.88,4933.67,4999.1,13.91990286,160.9482343476
2015-09-25,801200,4986.57,5026.69,4813.58,4849.19,14.43848353,173.25800288419998
2015-09-28,801200,4857.57,4896.04,4749.33,4891.39,9.20422894,108.1034870995
2015-09-29,801200,4809.19,4856.1,4763.68,4792.06,9.34354741,106.2511501156
2015-09-30,801200,4821.31,4840.04,4775.02,4795.03,7.25087419,81.1135821437
2015-10-08,801200,4935.93,4990.85,4903.63,4955.22,12.92994541,152.7104971039
2015-10-09,801200,4953.34,5059.93,4939.54,5036.9,13.75885648,159.27187036290002
2015-10-12,801200,5069.48,5294.98,5063.86,5244.06,24.60294552,304.4308398645
2015-10-13,801200,5202.05,5326.97,5190.01,5316.02,19.84041705,251.250997498
2015-10-14,801200,5286.86,5351.39,5236.7,5259.27,19.50045369,249.38825955310003
2015-10-15,801200,5252.35,5421.07,5252.35,5420.45,21.83929091,279.19376831330004
2015-10-16,801200,5447.61,5530.87,5381.66,5529.32,25.89951191,343.5037765448
2015-10-19,801200,5546.04,5583.14,5435.42,5499.14,23.62832591,327.7104847544
2015-10-20,801200,5493.61,5713.91,5488.87,5707.38,29.22365193,399.96150760800003
2015-10-21,801200,5724.98,5758.1,5359.16,5379.56,34.76107534,474.26028262849997
2015-10-22,801200,5400.25,5639.22,5400.25,5623.39,26.81596846,365.37580669
2015-10-23,801200,5642.13,5756.18,5606.24,5735.32,27.93705275,399.3394255722
2015-10-26,801200,5786.59,5787.44,5640.25,5706.85,22.91712143,330.5602181769
2015-10-27,801200,5663.96,5768.12,5498.59,5735.01,21.43650166,307.2372732141
2015-10-28,801200,5679.39,5731.14,5533.43,5557.5,18.62352232,264.86932127119996
2015-10-29,801200,5583.04,5680.54,5551.4,5630.74,18.36653968,257.5054087441
2015-10-30,801200,5601.25,5674.57,5509.69,5605.02,21.56865381,275.8753017585
2015-11-02,801200,5461.76,5645.95,5443.3,5498.72,21.23056711,283.4946344959
2015-11-03,801200,5513.34,5539.26,5415.27,5458.66,15.70223701,207.54101016419997
2015-11-04,801200,5485.17,5718.53,5485.17,5718.53,25.48674684,343.3969234376
2015-11-05,801200,5726.44,5771.19,5665.23,5734.22,31.47913995,426.91149219019997
2015-11-06,801200,5741.17,5848.85,5739.52,5841.99,26.11912085,357.84046597300005
2015-11-09,801200,5813.22,5878.91,5732.9,5858.1,27.47585491,384.2480556098
2015-11-10,801200,5850.86,5902.43,5789.05,5864.39,28.2138757,396.9339018168
2015-11-11,801200,5870.32,5876.16,5808.15,5875.38,24.60893484,345.12102367309996
2015-11-12,801200,5884.16,5884.16,5753.98,5806.79,24.846317,342.396902962
2015-11-13,801200,5747.99,5823.35,5703.69,5747.44,19.42904139,270.1189153714
2015-11-16,801200,5652.7,5820.39,5641.85,5820.07,16.88481115,227.4674391868
2015-11-17,801200,5864.02,5886.72,5773.42,5785.12,22.54437939,307.97750047430003
2015-11-18,801200,5785.03,5821.09,5699.42,5710.84,15.59640133,209.71609681569998
2015-11-19,801200,5729.17,5813.42,5713.38,5813.18,14.41978658,193.72893349790002
2015-11-20,801200,5832.35,5857.04,5795.88,5847.79,19.05407002,258.1854873992
2015-11-23,801200,5865.64,5908.0,5847.52,5866.94,21.53956297,283.4099696857
2015-11-24,801200,5861.23,5894.81,5809.8,5894.81,17.59763228,226.45416703790002
2015-11-25,801200,5893.32,5995.31,5889.4,5991.65,21.42612707,291.7097030576
2015-11-26,801200,6011.5,6019.9,5939.69,5947.95,21.10794688,295.2278770959
2015-11-27,801200,5925.71,5932.79,5555.84,5594.43,23.09567867,321.4099767537
2015-11-30,801200,5586.77,5662.72,5359.42,5635.25,19.61430767,276.9935560182
2015-12-01,801200,5624.84,5677.31,5573.78,5627.9,15.77385803,238.4000885016
2015-12-02,801200,5614.65,5620.64,5456.79,5607.2,13.5676382,194.5429128498
2015-12-03,801200,5621.65,5730.11,5614.48,5729.7,13.84386463,193.7865244804
2015-12-04,801200,5708.04,5742.68,5647.08,5688.99,14.83260179,206.24935830459998
2015-12-07,801200,5701.71,5789.72,5659.47,5784.03,15.47926343,212.6607619845
2015-12-08,801200,5745.7,5745.7,5641.41,5641.41,14.01293175,196.5878076257
2015-12-09,801200,5616.23,5661.57,5578.79,5619.94,12.32251252,180.15341129419997
2015-12-10,801200,5606.32,5662.51,5582.12,5590.15,12.61239949,180.7806224345
2015-12-11,801200,5572.38,5621.42,5549.37,5581.53,10.4244069,150.4200722318
2015-12-14,801200,5542.37,5675.64,5529.57,5675.64,11.25184371,161.7878872082
2015-12-15,801200,5698.82,5759.44,5697.68,5741.16,11.83291263,171.1582144123
2015-12-16,801200,5781.23,5812.59,5766.2,5776.9,11.10310472,166.1647203674
2015-12-17,801200,5829.27,5951.11,5828.44,5947.47,17.50743828,259.985030802
2015-12-18,801200,5975.47,5993.58,5925.55,5957.27,16.96452441,266.57807289740003
2015-12-21,801200,5958.58,6061.33,5955.68,6056.81,18.32042067,288.2012877032
2015-12-22,801200,6078.08,6129.43,6034.22,6116.27,17.45858797,288.2594721892
2015-12-23,801200,6118.81,6184.47,6095.85,6103.62,20.33234412,308.42457714119996
2015-12-24,801200,6091.05,6115.53,5997.75,6058.91,15.87534108,247.67113029400002
2015-12-25,801200,6061.79,6102.03,6040.62,6091.49,15.1976068,251.00795332470003
2015-12-28,801200,6099.73,6117.98,5949.96,5949.96,18.60221002,296.46593876490005
2015-12-29,801200,5941.81,6001.51,5889.9,6001.51,14.11487882,232.2577384876
2015-12-30,801200,6000.23,6019.31,5962.18,6011.02,12.66464835,207.2973528659
2015-12-31,801200,6026.63,6035.34,5917.04,5919.55,13.80702951,217.2389664595
2016-01-04,801200,5901.6,5921.52,5423.28,5424.01,12.09766561,178.0516443707
2016-01-05,801200,5177.88,5433.52,5129.08,5333.78,17.06110321,230.4348249059
2016-01-06,801200,5370.23,5471.17,5331.62,5471.17,13.63487331,200.43810511599997
2016-01-07,801200,5381.18,5437.62,5007.76,5011.08,3.8635203,52.4830018054
2016-01-08,801200,5140.06,5173.88,4819.72,5080.73,15.96254158,209.965785676
2016-01-11,801200,4976.01,5032.95,4743.12,4744.71,14.82155389,190.48705617209998
2016-01-12,801200,4748.68,4800.36,4667.23,4754.82,11.30354671,144.13990343540002
2016-01-13,801200,4793.12,4826.96,4606.1,4606.1,10.82006122,134.191860798
2016-01-14,801200,4463.47,4743.9,4454.27,4735.77,11.76826295,139.2704569566
2016-01-15,801200,4702.27,4728.87,4523.81,4556.75,11.17455587,135.82973157799998
2016-01-18,801200,4467.58,4667.89,4467.58,4618.25,9.89857305,119.3917723507
2016-01-19,801200,4611.9,4811.9,4609.01,4802.11,13.0233921,160.10398368149998
2016-01-20,801200,4773.79,4848.42,4758.17,4793.97,13.99302928,171.0396308314
2016-01-21,801200,4726.44,4812.48,4590.22,4590.53,11.69846318,143.4612284351
2016-01-22,801200,4645.6,4689.92,4538.92,4668.87,9.30676719,113.22032769040001
2016-01-25,801200,4707.8,4762.18,4677.43,4735.57,9.02561109,113.11209859690001
2016-01-26,801200,4679.61,4696.86,4381.58,4389.56,12.73282485,155.05995604950002
2016-01-27,801200,4386.64,4402.66,4154.23,4341.62,11.87534007,130.9980319133
2016-01-28,801200,4278.48,4340.56,4180.19,4192.96,10.12449665,110.4047001576
2016-01-29,801200,4173.79,4339.69,4160.16,4307.51,10.17224844,109.95504358059999
2016-02-01,801200,4288.83,4317.62,4198.63,4253.88,9.27956798,118.79285158719999
2016-02-02,801200,4251.2,4374.15,4250.53,4362.13,9.61814501,113.25601136120001
2016-02-03,801200,4310.81,4374.18,4278.05,4365.6,8.6934302,101.3153821798
2016-02-04,801200,4381.68,4469.02,4381.17,4455.12,10.39098596,124.16170610959999
2016-02-05,801200,4458.81,4481.66,4430.51,4435.2,8.18135138,102.1589741422
2016-02-15,801200,4309.39,4442.71,4298.08,4419.23,8.43062088,100.4607190358
2016-02-16,801200,4438.49,4599.79,4436.56,4593.65,11.63197977,139.2533345779
2016-02-17,801200,4586.32,4679.38,4579.32,4671.43,13.17387767,166.5584578816
2016-02-18,801200,4703.98,4712.2,4650.39,4667.76,14.07478523,178.583755934
2016-02-19,801200,4652.58,4701.74,4630.55,4678.76,10.7457296,141.3018860374
2016-02-22,801200,4726.32,4762.53,4698.24,4762.46,13.3177724,168.0211501055
2016-02-23,801200,4754.03,4760.88,4661.16,4726.32,12.24127644,167.2557959511
2016-02-24,801200,4727.38,4833.24,4705.53,4833.24,13.82048629,181.1548006205
2016-02-25,801200,4829.77,4829.89,4464.95,4477.47,18.03545201,245.3918987907
2016-02-26,801200,4505.77,4533.61,4362.26,4452.72,12.88149641,176.4590803541
2016-02-29,801200,4425.48,4425.48,4117.21,4158.86,11.35090893,134.2189287365
2016-03-01,801200,4161.8,4286.71,4113.12,4257.83,11.38525078,136.7103081693
2016-03-02,801200,4256.82,4468.78,4256.82,4460.01,14.21721388,169.8249221516
2016-03-03,801200,4452.8,4550.57,4442.95,4488.51,14.77353402,178.9666539859
2016-03-04,801200,4469.31,4500.45,4289.78,4338.08,13.39629201,172.07633680950002
2016-03-07,801200,4372.96,4467.26,4372.96,4452.82,9.83714063,127.18254765719999
2016-03-08,801200,4454.08,4486.77,4299.27,4486.77,12.35134437,158.1564447229
2016-03-09,801200,4390.71,4449.82,4356.24,4377.66,9.57683373,124.5544010806
2016-03-10,801200,4377.19,4410.36,4306.97,4309.72,8.49363543,105.6085979149
2016-03-11,801200,4272.04,4334.11,4250.42,4311.97,7.31714437,90.2982409727
2016-03-14,801200,4358.14,4488.2,4357.38,4441.22,11.25819639,139.3651890366
2016-03-15,801200,4433.09,4452.55,4383.91,4410.48,9.63711172,119.50608939440001
2016-03-16,801200,4435.0,4447.09,4341.46,4362.91,9.15889688,109.9293846793
2016-03-17,801200,4384.69,4514.29,4382.27,4496.29,12.98788173,159.2137968176
2016-03-18,801200,4511.75,4684.62,4506.13,4661.77,19.48207117,241.50380921389998
2016-03-21,801200,4708.22,4786.08,4699.6,4784.57,19.60662825,257.8072982224
2016-03-22,801200,4740.13,4799.63,4717.96,4761.39,16.31526672,211.8345093555
2016-03-23,801200,4742.41,4808.28,4741.53,4808.16,13.84076566,191.12526837020002
2016-03-24,801200,4763.08,4794.71,4709.82,4711.08,13.87741744,198.94857210919997
2016-03-25,801200,4704.68,4785.35,4704.6,4784.42,10.99894392,155.7722558081
2016-03-28,801200,4813.82,4853.47,4744.79,4763.63,13.9798805,190.55935762040002
2016-03-29,801200,4743.32,4756.02,4634.11,4665.69,11.18233972,153.9529530169
2016-03-30,801200,4707.16,4806.66,4705.54,4806.45,12.44239907,169.5085714676
2016-03-31,801200,4821.35,4852.69,4795.35,4806.43,13.0562497,182.93363170419997
2016-04-01,801200,4788.2,4803.03,4701.76,4777.8,11.13201453,148.0902136004
2016-04-05,801200,4781.47,4893.01,4762.87,4891.95,13.56341969,183.7966530152
2016-04-06,801200,4874.51,4929.97,4862.72,4927.23,13.58682875,186.9485307679
2016-04-07,801200,4939.25,4950.45,4830.4,4830.4,14.9803865,189.5730228146
2016-04-08,801200,4793.39,4843.69,4763.58,4818.94,12.73252031,160.69412831379998
2016-04-11,801200,4857.82,4933.52,4857.82,4906.98,13.37917359,166.2332744452
2016-04-12,801200,4902.97,4912.64,4830.55,4880.19,12.60167553,148.6977239632
2016-04-13,801200,4901.53,4989.99,4900.84,4941.27,16.35279671,209.1529358683
2016-04-14,801200,4966.48,4991.17,4937.13,4990.58,12.33224556,167.000915588
2016-04-15,801200,5007.1,5025.29,4970.23,5005.22,13.73889567,187.1087850632
2016-04-20,801200,4977.21,4987.4,4647.76,4716.9,17.82113606,219.06026584830002
2016-04-21,801200,4702.01,4753.49,4660.3,4666.44,13.67836543,167.65096331700002
2016-04-22,801200,4626.79,4694.57,4615.85,4693.95,10.27023874,124.1964393048
2016-04-25,801200,4682.59,4712.69,4627.71,4697.17,9.69475694,116.78592851139999
2016-04-26,801200,4689.76,4738.35,4665.9,4738.1,8.9223916,109.58338249239999
2016-04-27,801200,4734.44,4764.42,4704.66,4711.1,10.0213692,121.8628361062
2016-04-28,801200,4714.46,4726.41,4626.8,4699.11,9.78687157,116.014899621
2016-04-29,801200,4674.3,4717.52,4670.6,4694.76,8.00725029,96.7598079928
2016-05-03,801200,4692.25,4824.72,4666.59,4824.72,11.59418735,144.620951912
2016-05-04,801200,4804.41,4858.68,4797.91,4826.05,11.16744329,147.10360378209998
2016-05-05,801200,4817.78,4859.71,4800.01,4854.98,9.18103279,124.24350762729999
2016-05-06,801200,4856.27,4872.12,4652.08,4652.08,13.35669047,171.57162353569998
2016-05-09,801200,4615.94,4616.03,4453.44,4477.59,10.69272504,124.30751723620001
2016-05-10,801200,4463.52,4495.62,4443.06,4469.38,6.63401326,80.6161043742
2016-05-11,801200,4494.78,4503.5,4421.94,4435.51,7.27222166,86.95249504559999
2016-05-12,801200,4385.66,4413.33,4317.32,4407.57,7.51131096,88.1999015438
2016-05-13,801200,4397.87,4446.85,4366.86,4395.94,6.36087228,77.283901612
2016-05-16,801200,4387.08,4471.88,4370.45,4471.64,7.25139858,89.2496462181
2016-05-17,801200,4474.26,4502.49,4432.81,4453.24,7.53689053,95.43494749450001
2016-05-18,801200,4419.83,4420.57,4278.93,4321.03,8.31806424,101.5997570528
2016-05-19,801200,4315.39,4382.99,4314.68,4327.12,7.15896717,86.70602365149999
2016-05-20,801200,4289.2,4355.87,4271.99,4355.22,6.5470877,79.38838949229999
2016-05-23,801200,4355.23,4402.06,4355.23,4401.9,7.36222793,90.5657317183
2016-05-24,801200,4399.15,4399.59,4326.24,4349.73,6.18226036,75.0291843819
2016-05-25,801200,4382.3,4411.04,4341.35,4353.07,7.00150748,81.69326704630001
2016-05-26,801200,4349.43,4371.9,4270.33,4367.36,7.79536003,89.662719044
2016-05-27,801200,4355.71,4402.63,4344.96,4379.14,7.53822763,95.28687476399999
2016-05-30,801200,4358.1,4393.81,4321.6,4362.56,6.73580993,80.78996274859999
2016-05-31,801200,4374.86,4557.43,4374.25,4557.43,13.38497879,163.7720174255
2016-06-01,801200,4562.86,4595.75,4554.95,4576.54,12.85631445,162.7258131166
2016-06-02,801200,4572.27,4608.08,4559.44,4607.63,11.33934551,146.7116069662
2016-06-03,801200,4643.64,4670.02,4616.06,4645.87,13.69855519,175.6947948368
2016-06-06,801200,4665.39,4672.83,4639.76,4666.57,11.47396388,140.9482628605
2016-06-07,801200,4659.38,4659.79,4613.47,4642.77,9.58586147,123.0517813837
2016-06-08,801200,4634.97,4634.98,4570.54,4608.72,9.3947677,117.55062713870001
2016-06-13,801200,4553.32,4575.59,4403.37,4403.92,11.77064469,138.3848174558
2016-06-14,801200,4371.39,4412.16,4359.88,4399.46,8.17520436,94.92864042069999
2016-06-15,801200,4337.79,4510.95,4332.31,4498.16,11.09272571,132.2664101192
2016-06-16,801200,4474.61,4487.77,4430.8,4443.83,11.66853449,144.21281266379998
2016-06-17,801200,4446.24,4503.81,4442.35,4470.02,10.42183424,127.73561997360001
2016-06-20,801200,4466.46,4471.47,4415.97,4449.69,8.56593504,105.8353995779
2016-06-21,801200,4471.29,4499.38,4393.1,4412.11,10.34742657,128.2648568317
2016-06-22,801200,4402.56,4458.63,4393.23,4458.18,7.81185757,97.985856252
2016-06-23,801200,4453.74,4457.18,4398.68,4428.38,8.65085001,114.5648947768
2016-06-24,801200,4426.96,4456.77,4278.64,4381.4,11.93128078,140.31921643389998
2016-06-27,801200,4345.88,4448.58,4345.88,4448.58,9.19193311,110.6315053816
2016-06-28,801200,4432.6,4503.54,4427.86,4503.54,11.12106709,136.06325226139998
2016-06-29,801200,4510.72,4538.67,4498.41,4524.5,11.1488454,140.3776896039
2016-06-30,801200,4530.71,4544.81,4511.53,4526.85,8.7898047,108.15568036290001
2016-07-01,801200,4539.91,4558.05,4507.63,4523.41,7.90984936,99.24632250719999
2016-07-05,801200,4615.44,4642.76,4603.32,4637.28,11.81673629,154.8883538305
2016-07-06,801200,4622.85,4654.6,4613.45,4652.89,11.65730994,150.3059388561
2016-07-07,801200,4648.4,4682.37,4624.63,4667.52,13.7480576,167.3322880799
2016-07-08,801200,4661.61,4695.4,4651.13,4667.18,11.89770073,140.5195469116
2016-07-11,801200,4670.33,4699.71,4654.95,4661.72,12.52642772,156.857760528
2016-07-12,801200,4652.14,4704.23,4599.08,4704.23,12.44362255,148.8234719604
2016-07-13,801200,4709.48,4750.32,4706.7,4747.89,13.11521497,154.9045243144
2016-07-14,801200,4744.32,4765.92,4734.23,4765.16,11.75647227,149.1524792392
2016-07-15,801200,4763.96,4773.35,4741.22,4757.34,10.68339451,138.4496370843
2016-07-18,801200,4747.47,4773.89,4718.1,4742.97,9.96157924,137.391660403
2016-07-19,801200,4739.3,4759.85,4710.22,4759.79,9.57440403,131.37113968719999
2016-07-20,801200,4756.54,4772.17,4731.4,4759.56,10.10601297,126.8838829278
2016-07-21,801200,4755.23,4808.65,4753.02,4789.67,11.19165131,143.8846858729
2016-07-22,801200,4780.98,4790.16,4751.73,4754.16,10.84781267,137.6582341806
2016-07-25,801200,4750.56,4786.26,4744.49,4778.94,9.92528854,131.2443496809
2016-07-26,801200,4776.28,4828.72,4776.2,4828.53,10.43421402,130.0951812391
2016-07-27,801200,4831.61,4834.21,4575.26,4627.35,16.21331597,200.5322941974
2016-07-28,801200,4617.76,4673.81,4581.16,4666.81,12.23525661,145.6714908725
2016-07-29,801200,4660.76,4673.62,4623.78,4637.15,10.51227582,122.41986916489999
2016-08-01,801200,4608.25,4614.61,4520.29,4571.92,9.07410056,110.4849336119
2016-08-02,801200,4565.27,4619.95,4564.65,4619.69,7.2979843,95.6108842477
2016-08-03,801200,4610.07,4661.93,4599.61,4657.11,9.15051951,116.9300418215
2016-08-04,801200,4645.54,4673.11,4618.14,4673.09,7.92009138,103.1981294775
2016-08-05,801200,4668.66,4743.02,4664.55,4697.57,10.94929359,148.89843642440002
2016-08-08,801200,4686.31,4757.52,4669.36,4757.46,11.21676777,144.4490193449
2016-08-09,801200,4750.94,4786.31,4741.59,4786.15,9.79902004,126.6791381852
2016-08-10,801200,4779.51,4811.18,4773.87,4777.26,9.84418811,134.0960789093
2016-08-11,801200,4770.29,4785.45,4715.48,4716.06,9.24528223,123.2891742134
2016-08-12,801200,4712.45,4791.84,4706.08,4791.75,10.16436353,128.5978707642
2016-08-15,801200,4794.7,4900.89,4789.66,4890.09,16.70067581,212.8284321027
2016-08-16,801200,4885.34,4930.39,4885.34,4896.7,16.0121499,224.015710701
2016-08-17,801200,4884.63,4960.9,4876.49,4945.16,15.1070685,194.9025380456
2016-08-18,801200,4939.54,5006.93,4939.54,4976.7,17.87966309,230.1462385546
2016-08-19,801200,4965.98,4991.5,4943.71,4980.24,14.69555027,190.5296612823
2016-08-22,801200,4968.2,4987.13,4908.77,4912.33,13.760655,169.1799853349
2016-08-23,801200,4899.87,4925.42,4864.48,4905.75,11.66461437,141.8414099751
2016-08-24,801200,4911.63,4930.74,4892.34,4904.04,10.96569367,138.9506790882
2016-08-25,801200,4866.35,4866.44,4786.94,4850.99,11.6160199,142.5882829748
2016-08-26,801200,4859.52,4893.14,4839.3,4846.11,9.12906316,112.8272191109
2016-08-29,801200,4847.71,4874.44,4843.18,4868.59,8.22986956,95.22358426059999
2016-08-30,801200,4869.35,4888.94,4852.79,4862.32,7.48457305,87.6715727732
2016-08-31,801200,4861.89,4880.58,4840.49,4878.52,7.71506917,94.59255512959999
2016-09-01,801200,4873.58,4880.73,4825.6,4826.81,8.4053769,106.18082148479999
2016-09-02,801200,4816.93,4847.6,4797.57,4824.26,7.8714786,93.4105889802
2016-09-05,801200,4834.14,4857.44,4825.4,4841.45,7.41940412,92.2970408296
2016-09-06,801200,4839.71,4883.51,4790.57,4883.09,8.67172657,103.54664351209999
2016-09-07,801200,4884.77,4908.67,4871.15,4876.78,9.09370139,106.4613387007
2016-09-08,801200,4868.12,4884.84,4853.47,4876.68,7.56014137,91.454970125
2016-09-09,801200,4879.3,4884.6,4824.52,4824.52,8.11870652,98.8318433157
2016-09-12,801200,4745.24,4745.48,4656.99,4673.47,9.78485439,115.0315863951
2016-09-13,801200,4693.81,4705.93,4677.53,4703.54,6.25679253,72.0735752219
2016-09-14,801200,4676.18,4715.65,4667.2,4686.88,5.78059698,67.3189895578
2016-09-19,801200,4690.27,4745.83,4690.27,4745.7,6.12698571,68.1345286897
2016-09-20,801200,4747.92,4747.92,4724.02,4736.64,5.09589897,56.9038003278
2016-09-21,801200,4738.91,4769.97,4738.74,4758.37,5.81782141,70.5436764354
2016-09-22,801200,4788.11,4806.27,4781.72,4791.48,7.11916705,82.5928370979
2016-09-23,801200,4799.48,4809.51,4784.23,4800.52,7.23087709,89.32408425950001
2016-09-26,801200,4790.57,4790.83,4694.56,4694.56,8.03316395,94.6788565041
2016-09-27,801200,4681.22,4747.75,4680.81,4746.88,6.22574508,75.5653028695
2016-09-28,801200,4757.8,4772.89,4745.34,4757.07,6.05444462,68.1624661358
2016-09-29,801200,4764.26,4791.8,4761.09,4777.86,6.11657727,72.50219801729999
2016-09-30,801200,4771.54,4806.74,4767.46,4797.61,5.97697988,74.23836152930001
2016-10-10,801200,4816.63,4872.92,4800.43,4872.45,8.50906425,103.0484727341
2016-10-11,801200,4878.65,4914.0,4872.99,4913.67,9.20609003,121.5769873316
2016-10-12,801200,4896.61,4914.75,4889.67,4913.84,7.68449151,96.3606989008
2016-10-13,801200,4910.0,4931.45,4906.31,4929.07,8.46932279,107.44239726059999
2016-10-14,801200,4925.13,4929.19,4894.95,4923.76,8.70411456,113.7519553523
2016-10-17,801200,4921.2,4931.42,4853.12,4858.89,9.04467442,112.75564090459999
2016-10-18,801200,4859.03,4929.43,4857.94,4929.16,8.28752712,103.07230663520001
2016-10-19,801200,4936.4,4950.05,4915.61,4931.46,9.07275395,121.1285966422
2016-10-20,801200,4927.65,4951.05,4921.14,4947.31,8.07424977,114.8394025868
2016-10-21,801200,4942.46,4942.71,4871.54,4912.48,8.02385086,105.2667595516
2016-10-24,801200,4910.33,4969.18,4910.03,4963.89,8.62316219,113.1079458951
2016-10-25,801200,4968.76,4983.48,4963.95,4983.16,8.28974893,121.43317353799999
2016-10-26,801200,4984.12,4986.37,4956.16,4980.44,9.50348527,123.21868813020001
2016-10-27,801200,4975.42,4984.46,4962.19,4983.79,7.75924783,97.7729265859
2016-10-28,801200,4979.77,4996.13,4926.46,4927.6,8.54396727,108.7890313871
2016-10-31,801200,4909.52,4919.54,4891.26,4911.47,6.86554211,86.10816635340001
2016-11-01,801200,4911.95,4962.88,4911.56,4962.88,7.64244189,97.6561271839
2016-11-02,801200,4952.95,4970.25,4934.81,4934.81,9.60759654,119.5168041279
2016-11-03,801200,4924.57,5002.57,4924.35,4991.68,11.35012851,142.8418238016
2016-11-04,801200,4991.58,5007.85,4949.14,4960.73,9.74598638,128.2363658639
2016-11-07,801200,4961.74,4974.79,4939.7,4968.14,8.16003956,106.3912978453
2016-11-08,801200,4983.82,5030.7,4976.83,5028.31,11.50762659,147.55552127
2016-11-09,801200,5028.41,5041.88,4947.15,5011.95,15.02104951,182.0931506252
2016-11-10,801200,5039.3,5070.91,5026.62,5064.48,11.72731885,148.70086675049998
2016-11-11,801200,5074.71,5085.63,5061.74,5074.88,12.33310845,162.0971138208
2016-11-14,801200,5068.85,5084.07,5052.46,5070.35,14.58497277,173.39311061799998
2016-11-15,801200,5066.33,5098.87,5057.63,5098.86,12.02021499,145.3904209009
2016-11-16,801200,5103.72,5116.2,5089.63,5103.29,12.42379446,154.5878501144
2016-11-17,801200,5106.48,5122.52,5078.77,5114.35,11.69565644,143.5539585886
2016-11-18,801200,5115.17,5127.23,5099.41,5104.43,10.09556205,126.4567128452
2016-11-21,801200,5105.43,5139.25,5103.76,5127.87,10.73479913,159.6957499977
2016-11-22,801200,5143.57,5206.4,5142.88,5206.12,13.28682201,192.49602655529998
2016-11-23,801200,5210.5,5230.2,5178.55,5192.31,13.33156375,181.18036265979998
2016-11-24,801200,5190.5,5228.9,5179.61,5190.85,11.92850821,192.4626444045
2016-11-25,801200,5190.28,5206.04,5113.82,5206.04,11.15086148,167.138320163
2016-11-28,801200,5215.18,5229.11,5200.31,5205.94,10.0716836,148.9236513468
2016-11-29,801200,5203.79,5209.43,5150.58,5150.65,10.97854185,152.3271603138
2016-11-30,801200,5144.82,5173.82,5130.8,5156.7,10.38229227,143.4166348329
2016-12-01,801200,5166.45,5199.33,5164.91,5198.87,9.66418375,136.6733521016
2016-12-02,801200,5203.51,5211.24,5131.46,5135.99,11.83035405,154.5819145719
2016-12-05,801200,5067.15,5118.74,5061.58,5072.84,10.50720103,140.3591006271
2016-12-06,801200,5078.2,5116.23,5076.59,5101.99,9.04503257,131.0506643051
2016-12-07,801200,5104.26,5255.14,5103.9,5254.85,16.71418966,213.611284733
2016-12-08,801200,5292.6,5295.34,5230.89,5235.68,17.90321426,224.92358113880002
2016-12-09,801200,5200.13,5297.98,5198.88,5241.93,18.3184386,241.6749296564
2016-12-12,801200,5241.93,5241.93,5010.62,5020.34,20.20492988,266.4073390698
2016-12-13,801200,4983.27,5029.7,4931.1,5016.27,13.56185841,179.150613895
2016-12-14,801200,4998.4,5074.1,4979.52,5013.12,13.79426046,184.5805392262
2016-12-15,801200,4994.64,5146.39,4990.52,5129.79,17.72928806,221.48488995
2016-12-16,801200,5131.03,5193.67,5130.14,5191.78,17.16584168,211.67027316669999
2016-12-19,801200,5190.33,5199.26,5163.06,5197.85,13.80321179,177.1059617875
2016-12-20,801200,5194.65,5197.84,5140.71,5160.34,13.09870213,163.68269327049998
2016-12-21,801200,5167.14,5189.71,5143.06,5178.18,12.66889943,175.1912206275
2016-12-22,801200,5184.32,5212.05,5149.33,5198.68,13.05847698,173.87644641560001
2016-12-23,801200,5190.49,5198.1,5121.85,5132.73,13.08166348,178.3350431534
2016-12-26,801200,5112.07,5138.63,5051.39,5138.63,10.81841605,130.5591678692
2016-12-27,801200,5133.52,5175.09,5133.21,5165.85,12.36855011,161.5121435317
2016-12-28,801200,5158.09,5183.24,5122.05,5130.26,11.61116391,158.7599440272
2016-12-29,801200,5119.24,5168.96,5103.15,5149.35,10.76991092,145.44182579969998
2016-12-30,801200,5147.83,5166.55,5113.09,5122.43,9.96542012,141.5675468961
2017-01-03,801200,5136.61,5194.14,5136.06,5194.14,10.36759422,140.4577986035
2017-01-04,801200,5188.67,5244.2,5172.57,5244.2,13.26746974,180.1480674762
2017-01-05,801200,5241.5,5265.57,5236.04,5250.75,14.51934201,200.6478986179
2017-01-06,801200,5234.48,5234.72,5199.71,5199.77,12.98150373,178.89508796009997
2017-01-09,801200,5191.63,5241.27,5188.5,5240.98,10.64854406,144.1627846818
2017-01-10,801200,5243.54,5342.07,5243.29,5274.91,16.87365219,224.0303642895
2017-01-11,801200,5261.56,5264.43,5210.47,5214.01,13.6672363,188.76285502189998
2017-01-12,801200,5204.49,5216.79,5147.99,5152.04,10.61478897,142.6408647308
2017-01-13,801200,5140.63,5150.49,5044.31,5048.32,10.20658935,130.7580690731
2017-01-16,801200,5037.29,5037.5,4758.79,4879.72,13.23462467,158.9826213131
2017-01-17,801200,4856.89,4930.09,4816.7,4929.47,8.49921797,110.68274217
2017-01-18,801200,4920.19,4947.2,4906.05,4917.55,6.84993457,89.5723511628
2017-01-19,801200,4906.51,4932.06,4892.75,4900.81,6.22243228,88.2644473857
2017-01-20,801200,4889.03,4968.56,4888.96,4963.16,6.55713531,88.1619736209
2017-01-23,801200,4966.35,5006.09,4966.0,4991.99,6.6567492,89.8471705511
2017-01-24,801200,4987.7,4987.72,4952.09,4955.96,5.13660086,68.5493556447
2017-01-25,801200,4944.32,4973.84,4941.89,4965.95,5.01707942,71.8166042575
2017-01-26,801200,4967.2,4985.6,4966.05,4982.96,4.5251786,63.355906765600004
2017-02-03,801200,4987.14,4992.48,4955.67,4963.22,4.25825056,55.061560905
2017-02-06,801200,4966.9,5009.08,4958.24,5009.08,6.18305931,84.8888620541
2017-02-07,801200,5007.46,5038.03,4993.75,5037.38,8.51021499,118.2367924624
2017-02-08,801200,5034.88,5043.72,4986.62,5043.72,6.97381872,99.1338624738
2017-02-09,801200,5038.47,5068.58,5033.81,5062.88,7.55322846,101.5073861829
2017-02-10,801200,5061.76,5072.72,5052.3,5056.07,8.57282806,107.77263727
2017-02-13,801200,5052.75,5093.02,5048.58,5093.02,8.31628918,109.1587026361
2017-02-14,801200,5090.33,5096.45,5068.31,5081.63,7.49124426,104.6614619995
2017-02-15,801200,5079.27,5112.55,5061.08,5068.38,10.7297309,157.1558934654
2017-02-16,801200,5056.3,5103.85,5053.16,5103.85,9.4361644,124.1701303406
2017-02-17,801200,5110.58,5117.39,5064.3,5070.13,10.34711009,136.4738335334
2017-02-20,801200,5075.26,5134.15,5068.58,5133.93,10.89997646,143.31034122100002
2017-02-21,801200,5153.96,5242.73,5152.43,5241.81,17.66543865,209.10680884139998
2017-02-22,801200,5239.13,5239.13,5200.35,5229.74,15.65139529,205.5892088434
2017-02-23,801200,5216.08,5226.99,5149.01,5178.96,11.04305209,147.0563065958
2017-02-24,801200,5176.05,5190.8,5162.1,5185.5,8.36865802,112.33552835319999
2017-02-27,801200,5177.97,5183.56,5140.21,5144.66,9.09888177,118.96813647559999
2017-02-28,801200,5139.85,5161.16,5132.86,5161.16,7.46694736,98.6178761147
2017-03-01,801200,5158.72,5186.75,5154.26,5166.65,7.84564197,107.86282681729999
2017-03-02,801200,5168.35,5171.76,5111.3,5114.72,8.80414583,118.7232264841
2017-03-03,801200,5100.8,5105.48,5073.39,5096.82,6.69452327,90.20590580540001
2017-03-06,801200,5101.93,5140.71,5100.75,5140.67,6.86522255,92.5158913044
2017-03-07,801200,5138.21,5162.11,5133.89,5151.73,8.31465483,108.30654752790001
2017-03-08,801200,5150.94,5151.27,5108.58,5120.04,6.80057792,91.2563078886
2017-03-09,801200,5115.9,5116.07,5068.34,5082.15,6.51983802,87.4776269457
2017-03-10,801200,5081.91,5112.53,5080.77,5085.76,6.67159659,93.40067432629999
2017-03-13,801200,5080.12,5109.35,5042.55,5109.35,7.32980893,98.1360206113
2017-03-14,801200,5107.47,5110.99,5079.37,5091.38,6.12579098,84.2471890827
2017-03-15,801200,5086.95,5093.8,5072.29,5083.98,5.52191092,76.5834427051
2017-03-16,801200,5092.22,5125.98,5092.22,5125.98,7.07495898,101.7894941319
2017-03-17,801200,5124.65,5131.36,5078.59,5079.86,7.82486323,107.3539694091
2017-03-20,801200,5079.83,5091.81,5061.1,5091.81,6.5036594,83.6751085375
2017-03-21,801200,5093.6,5105.79,5086.27,5103.19,6.0964251,87.69270746950001
2017-03-22,801200,5079.6,5091.13,5043.25,5069.81,7.3388507,107.68578550069999
2017-03-23,801200,5069.66,5086.11,5022.94,5058.46,7.42456227,111.6803695632
2017-03-24,801200,5059.93,5081.93,5046.86,5081.93,6.99815018,94.8363826932
2017-03-27,801200,5092.9,5101.56,5072.72,5081.44,6.87712022,90.6699480725
2017-03-28,801200,5086.36,5091.45,5065.77,5079.34,7.26791304,95.43243404479999
2017-03-29,801200,5080.7,5082.4,5041.97,5046.97,8.26351321,115.6406010117
2017-03-30,801200,5038.56,5039.11,4929.02,4934.24,9.72121371,125.2829364691
2017-03-31,801200,4942.48,4960.37,4931.78,4955.79,6.82118301,84.1256066184
2017-04-06,801200,5029.75,5032.88,5015.44,5032.6,7.33760806,89.6720368633
2017-04-07,801200,5027.05,5035.54,5014.44,5018.71,6.89766756,88.1406115696
2017-04-10,801200,5008.1,5008.49,4956.49,4961.97,8.20031417,101.09670832399999
2017-04-11,801200,4963.69,4996.71,4922.86,4996.71,9.93939912,118.05366988809999
2017-04-12,801200,4991.91,5003.97,4976.1,4980.76,9.00610484,104.0050941926
2017-04-13,801200,4980.89,5008.53,4971.9,4993.59,7.72907239,91.5829851699
2017-04-14,801200,4988.25,4990.05,4917.42,4918.31,7.458223,90.4496388314
2017-04-17,801200,4906.57,4906.57,4843.0,4868.99,6.94470588,82.0733046589
2017-04-18,801200,4870.7,4887.66,4833.42,4833.75,6.38483444,70.6716693881
2017-04-19,801200,4817.81,4818.86,4732.62,4772.32,7.67410967,91.0754894952
2017-04-20,801200,4769.7,4796.05,4727.15,4764.82,6.73112451,80.3278365784
2017-04-21,801200,4767.94,4785.33,4744.35,4756.69,5.2912988,61.106399332399995
2017-04-24,801200,4746.5,4746.5,4634.92,4644.44,6.64607311,73.5296292682
2017-04-25,801200,4646.78,4668.82,4631.02,4638.47,5.27145597,58.3149271014
2017-04-26,801200,4643.65,4656.05,4634.91,4644.12,5.40240102,63.078226927399996
2017-04-27,801200,4633.93,4644.95,4538.75,4638.09,7.17409797,80.9314397349
2017-04-28,801200,4629.9,4657.85,4629.9,4657.85,5.16874564,58.950498670200005
2017-05-02,801200,4655.58,4686.75,4648.3,4681.33,5.70751223,67.780510119
2017-05-03,801200,4676.28,4692.78,4667.31,4690.67,6.26981231,78.0969274188
2017-05-04,801200,4678.43,4692.85,4646.42,4656.65,6.01927688,72.9000497114
2017-05-05,801200,4645.85,4649.36,4610.57,4612.06,5.42682823,66.1252330941
2017-05-08,801200,4599.62,4610.45,4558.89,4558.89,5.55823483,62.75836171939999
2017-05-09,801200,4528.01,4552.67,4504.57,4551.89,5.1717504,58.850921874099996
2017-05-10,801200,4539.44,4550.98,4462.49,4462.49,5.69232207,69.40031639979999
2017-05-11,801200,4426.66,4432.61,4329.42,4415.81,9.1162934,92.59071621049999
2017-05-12,801200,4406.98,4438.37,4403.91,4425.65,6.42260861,70.8518698636
2017-05-15,801200,4436.22,4456.96,4434.29,4443.16,5.33916413,57.913384280900004
2017-05-16,801200,4436.82,4512.14,4399.8,4512.05,6.5011708,69.9970666128
2017-05-17,801200,4513.86,4552.9,4510.53,4522.71,6.30702786,72.0598224303
2017-05-18,801200,4498.06,4538.84,4498.06,4506.68,5.80198217,69.6166335503
2017-05-19,801200,4514.8,4524.07,4497.38,4522.53,4.84381834,67.78205568439999
2017-05-22,801200,4512.17,4529.34,4434.69,4454.25,5.99952612,75.0474386687
2017-05-23,801200,4439.87,4448.27,4349.45,4354.2,6.8140895,78.6165444797
2017-05-24,801200,4330.21,4370.05,4268.63,4370.05,5.81212967,66.4179862081
2017-05-25,801200,4357.44,4412.81,4314.96,4409.49,6.67893957,80.9954044334
2017-05-26,801200,4396.87,4406.76,4377.61,4391.31,6.36288718,74.9661668819
2017-05-31,801200,4452.8,4493.7,4411.23,4454.42,8.73616157,94.262411843
2017-06-01,801200,4444.98,4445.5,4362.67,4362.92,9.32641698,104.29308476700001
2017-06-02,801200,4337.8,4394.09,4311.25,4386.31,6.9384346,75.9337875308
2017-06-05,801200,4387.1,4421.49,4386.03,4414.72,5.95836895,65.4214724732
2017-06-06,801200,4409.27,4422.4,4398.63,4422.4,5.66632294,62.0685930649
2017-06-07,801200,4414.56,4495.35,4412.73,4495.35,7.80467823,86.72813234969999
2017-06-08,801200,4492.57,4506.4,4482.95,4494.93,7.56205681,84.0304742116
2017-06-09,801200,4510.42,4528.69,4498.74,4512.42,8.09984604,92.6714421611
2017-06-12,801200,4489.77,4501.73,4473.28,4482.28,7.88107403,86.0819071264
2017-06-13,801200,4477.34,4522.43,4476.21,4519.13,5.99100812,68.6723188104
2017-06-14,801200,4513.66,4543.28,4505.85,4524.49,6.59040433,76.729478223
2017-06-15,801200,4520.73,4557.4,4520.12,4553.75,7.48905363,88.4093798992
2017-06-16,801200,4550.61,4557.76,4534.56,4540.46,6.10230861,70.8469887165
2017-06-19,801200,4539.03,4556.86,4538.13,4556.86,5.51791198,61.418452979799994
2017-06-20,801200,4557.87,4569.52,4546.46,4552.64,5.64412721,64.0131027429
2017-06-21,801200,4579.7,4582.62,4534.83,4581.59,6.298449,72.2027094062
2017-06-22,801200,4571.38,4585.76,4504.75,4505.93,7.12281533,79.0503416095
2017-06-23,801200,4500.7,4515.92,4453.8,4504.8,6.05774291,65.45402224989999
2017-06-26,801200,4505.87,4565.44,4505.87,4565.44,6.605415,72.95583565220001
2017-06-27,801200,4567.48,4585.62,4552.26,4570.55,5.35534566,60.738775150900004
2017-06-28,801200,4560.44,4562.03,4528.48,4532.3,5.0398984,62.0256540794
2017-06-29,801200,4532.69,4563.55,4531.56,4563.55,5.63905989,65.4670998994
2017-06-30,801200,4551.33,4574.2,4546.81,4569.25,4.75165881,54.9061491081
2017-07-03,801200,4570.15,4591.68,4569.57,4591.68,5.04353654,58.1170937398
2017-07-04,801200,4586.82,4588.5,4557.98,4568.71,5.39760978,63.163908025699996
2017-07-05,801200,4560.15,4589.32,4553.09,4588.73,5.18503989,61.2270307346
2017-07-06,801200,4589.09,4594.65,4556.76,4582.06,6.29397574,74.6660244226
2017-07-07,801200,4569.89,4597.18,4565.24,4596.83,5.64492903,68.9771436711
2017-07-10,801200,4590.4,4610.05,4581.1,4599.21,7.30981884,85.4994689952
2017-07-11,801200,4594.15,4631.16,4589.61,4589.62,8.34346238,95.117441315
2017-07-12,801200,4578.17,4583.01,4503.43,4541.9,7.87495854,85.0400448236
2017-07-13,801200,4532.19,4553.55,4528.87,4547.46,6.11041919,67.2289029448
2017-07-14,801200,4543.03,4555.12,4527.44,4542.24,4.86262282,54.6171294525
2017-07-17,801200,4531.64,4533.38,4335.19,4336.6,8.58013987,90.06961583190001
2017-07-18,801200,4322.7,4380.6,4317.85,4380.6,5.40087917,56.1001767954
2017-07-19,801200,4355.56,4423.82,4349.6,4423.82,6.69124171,70.85658067050001
2017-07-20,801200,4427.52,4461.76,4426.03,4454.94,7.31404657,81.930608557
2017-07-24,801200,4501.49,4540.71,4493.94,4518.37,9.85145281,118.15017930280001
2017-07-25,801200,4510.06,4518.07,4477.28,4502.45,8.06105514,93.0809197776
2017-07-26,801200,4500.34,4522.23,4486.19,4522.05,9.45289924,107.0131518817
2017-07-27,801200,4517.12,4561.07,4502.42,4559.75,10.85536664,121.6473907391
2017-07-28,801200,4553.5,4565.33,4543.41,4552.22,8.29221187,95.2924784192
2017-07-31,801200,4558.7,4628.5,4552.69,4625.81,11.22913947,127.0226228408
2017-08-01,801200,4630.37,4639.23,4604.39,4622.37,11.29666599,134.1036171014
2017-08-02,801200,4614.26,4618.37,4570.01,4572.55,9.69432549,113.0627507202
2017-08-03,801200,4561.34,4561.34,4548.62,4558.46,7.34357515,82.9291705402
2017-08-04,801200,4559.03,4577.02,4541.64,4541.64,8.96917775,100.9839445698
2017-08-07,801200,4532.56,4550.38,4529.0,4550.25,7.01342184,79.0985741306
2017-08-08,801200,4549.74,4561.09,4543.33,4559.68,6.87178253,77.39295072899999
2017-08-09,801200,4552.44,4558.75,4526.8,4550.29,7.41803139,81.783515613
2017-08-10,801200,4544.98,4550.55,4496.24,4518.05,6.89403142,75.9071102125
2017-08-11,801200,4490.26,4497.2,4445.38,4452.39,7.30695955,83.9549418348
2017-08-14,801200,4459.03,4526.03,4459.0,4526.03,6.44101222,68.0707747443
2017-08-15,801200,4526.06,4544.13,4519.59,4542.47,6.13367918,67.29605464779999
2017-08-16,801200,4539.32,4566.88,4528.35,4559.43,6.56295216,74.55910955350001
2017-08-17,801200,4557.64,4607.89,4555.2,4607.89,7.78277147,89.054288393
2017-08-18,801200,4588.48,4619.05,4581.09,4611.68,7.42753594,86.241496845
2017-08-21,801200,4637.88,4645.97,4611.85,4640.94,8.45232417,97.9221350257
2017-08-22,801200,4637.59,4640.65,4605.63,4618.51,6.7259074,76.83757885989999
2017-08-23,801200,4612.8,4612.9,4573.45,4592.58,5.78060127,67.0320186461
2017-08-24,801200,4588.52,4598.47,4568.33,4575.56,5.90528799,67.334814924
2017-08-25,801200,4568.07,4595.45,4565.98,4588.55,6.23528531,70.7130811113
2017-08-28,801200,4601.27,4641.6,4594.84,4634.56,7.97459367,91.9419445501
2017-08-29,801200,4637.05,4656.75,4632.36,4644.79,8.87827282,104.6192591602
2017-08-30,801200,4654.3,4663.27,4646.27,4654.22,9.30278031,111.6123680435
2017-08-31,801200,4655.09,4663.19,4639.81,4652.31,8.33074755,99.5869102273
2017-09-01,801200,4655.85,4658.55,4636.63,4658.32,8.71154971,101.46766355700001
2017-09-04,801200,4653.6,4659.8,4634.21,4659.8,8.61344373,103.3709704839
2017-09-05,801200,4658.47,4675.24,4655.93,4669.5,7.55552583,92.19513663059999
2017-09-06,801200,4658.49,4662.67,4635.27,4661.52,7.4332279,89.12522864190001
2017-09-07,801200,4657.13,4665.89,4643.08,4645.27,6.91842585,83.1714987185
2017-09-08,801200,4640.78,4665.35,4639.45,4661.16,6.37372218,76.9613389447
2017-09-11,801200,4659.24,4694.37,4652.15,4694.37,6.77005754,81.84598237600001
2017-09-12,801200,4696.75,4703.82,4670.06,4676.92,8.62696051,104.5665597345
2017-09-13,801200,4676.35,4691.14,4670.07,4691.14,6.06875451,73.5546585737
2017-09-14,801200,4686.8,4694.45,4664.62,4678.27,6.5124612,82.2310456992
2017-09-15,801200,4672.89,4695.2,4659.82,4692.44,7.10467196,80.2100963676
2017-09-18,801200,4688.52,4723.18,4686.23,4723.18,6.47404405,74.9417198143
2017-09-19,801200,4722.34,4752.42,4715.6,4731.51,8.11984315,90.37241471450001
2017-09-20,801200,4728.41,4790.78,4726.39,4782.78,8.39069312,100.8292710082
2017-09-21,801200,4775.76,4803.02,4773.38,4777.99,10.20549819,121.98253547649999
2017-09-22,801200,4764.36,4768.9,4727.64,4737.52,7.79862117,90.3304816849
2017-09-25,801200,4729.67,4731.96,4682.89,4683.66,6.81222299,81.4180484001
2017-09-26,801200,4679.39,4690.58,4652.78,4673.97,5.16439955,63.0028179301
2017-09-27,801200,4685.12,4706.03,4685.09,4688.92,5.75183077,69.1733428367
2017-09-28,801200,4689.59,4708.25,4681.74,4697.09,6.14384507,73.5394043746
2017-09-29,801200,4701.91,4752.06,4697.41,4737.59,6.46944778,77.8302167887
2017-10-09,801200,4784.15,4824.91,4758.13,4818.8,8.27529629,100.26198739860001
2017-10-10,801200,4826.53,4865.7,4825.88,4865.43,9.52307602,111.6295106095
2017-10-11,801200,4863.7,4913.13,4861.58,4884.72,9.55393732,116.5021616664
2017-10-12,801200,4871.61,4923.47,4857.69,4900.72,9.07624068,107.14369237790001
2017-10-13,801200,4901.45,4930.7,4896.63,4919.27,8.00496982,98.0009946324
2017-10-16,801200,4922.64,4940.02,4867.13,4868.76,9.911933,117.6303353352
2017-10-17,801200,4867.89,4903.06,4852.04,4897.79,9.12651956,114.72582748200001
2017-10-18,801200,4891.3,4902.82,4844.41,4848.31,8.49441842,106.7716731215
2017-10-19,801200,4845.43,4846.65,4781.31,4814.46,9.19721839,108.63914271200001
2017-10-20,801200,4818.67,4873.3,4818.67,4873.27,8.98035949,111.9989836333
2017-10-23,801200,4868.29,4884.97,4854.53,4884.96,8.21812747,103.1586982023
2017-10-24,801200,4880.03,4880.19,4830.72,4850.91,7.56223133,91.4040158632
2017-10-25,801200,4846.76,4883.73,4845.2,4881.78,7.28190309,92.9992631241
2017-10-26,801200,4868.58,4910.72,4858.19,4910.63,9.11396997,118.2972897268
2017-10-27,801200,4905.68,4912.46,4867.74,4877.7,8.64242591,106.61672763979999
2017-10-30,801200,4871.54,4877.78,4759.32,4813.08,10.5433521,125.9221359034
2017-10-31,801200,4806.57,4840.34,4791.08,4838.07,8.6176682,111.4385636718
2017-11-01,801200,4832.18,4850.55,4796.63,4799.64,8.20686468,104.1698931999
2017-11-02,801200,4792.57,4792.57,4742.76,4748.08,7.98860645,96.64597127180001
2017-11-03,801200,4739.8,4750.09,4683.3,4707.37,7.16668272,84.7050266152
2017-11-06,801200,4710.33,4781.5,4684.98,4780.06,7.7115955,91.5308180007
2017-11-07,801200,4788.59,4813.91,4775.66,4813.19,7.87500543,98.02514808299999
2017-11-08,801200,4811.23,4833.12,4798.48,4803.77,8.07722024,100.1783496689
2017-11-09,801200,4807.3,4819.19,4787.44,4819.13,7.8502008,95.94462691700001
2017-11-10,801200,4817.06,4818.13,4778.26,4803.9,7.78352208,95.90790161049999
2017-11-13,801200,4802.69,4804.19,4724.19,4733.56,9.53501902,117.236158296
2017-11-14,801200,4728.41,4738.09,4689.56,4702.2,8.39465661,104.0725528191
2017-11-15,801200,4694.58,4706.74,4640.35,4653.41,7.31276472,91.1303782179
2017-11-16,801200,4645.38,4665.36,4638.06,4643.78,6.79454068,80.806423782
2017-11-17,801200,4640.71,4642.84,4503.65,4508.77,9.00950539,100.05141897809999
2017-11-20,801200,4501.16,4518.74,4419.98,4518.7,6.70957942,74.2540053105
2017-11-21,801200,4525.29,4556.76,4513.55,4556.75,7.00503239,80.6995870077
2017-11-22,801200,4560.83,4569.36,4502.91,4526.57,7.65451546,88.38279246309999
2017-11-23,801200,4520.36,4520.58,4424.21,4424.21,7.02837216,76.3351940646
2017-11-24,801200,4417.4,4455.58,4403.09,4433.33,6.13293547,72.9767811738
2017-11-27,801200,4424.17,4429.9,4369.01,4375.87,5.76873886,64.9067999179
2017-11-28,801200,4373.05,4431.02,4372.55,4430.24,4.97047652,57.6361459971
2017-11-29,801200,4426.12,4428.37,4372.33,4427.67,5.50161979,62.010716197
2017-11-30,801200,4414.12,4430.74,4393.05,4398.74,4.86882317,57.3163713099
2017-12-01,801200,4395.91,4423.99,4386.1,4418.48,4.66708121,55.251809423400005
2017-12-04,801200,4413.67,4433.52,4400.89,4404.15,5.70249483,66.69030751380001
2017-12-05,801200,4395.41,4402.01,4317.29,4331.84,6.85972408,79.8480551109
2017-12-06,801200,4322.17,4368.15,4302.6,4367.47,5.64834697,65.0450275688
2017-12-07,801200,4361.3,4368.57,4338.17,4342.15,4.15898415,48.725693703599994
2017-12-08,801200,4335.74,4445.16,4334.62,4432.51,6.36916494,73.2946296617
2017-12-11,801200,4436.98,4491.58,4436.97,4491.58,6.89790463,81.7526742292
2017-12-12,801200,4490.3,4490.81,4431.05,4431.16,5.71459822,68.3453783942
2017-12-13,801200,4426.01,4445.35,4416.03,4444.43,5.35440072,61.2894053542
2017-12-14,801200,4441.79,4506.74,4437.56,4506.44,7.6758523,89.55385821879999
2017-12-15,801200,4499.58,4579.81,4489.42,4548.93,10.05454975,118.7680482796
2017-12-18,801200,4579.73,4579.73,4476.91,4483.25,12.38888919,137.8897304317
2017-12-19,801200,4468.27,4496.66,4468.27,4487.38,8.9181886,92.4368045401
2017-12-20,801200,4490.75,4540.22,4490.56,4516.33,11.189144,123.2212781062
2017-12-21,801200,4504.29,4515.24,4457.56,4494.03,8.80988071,96.7655188647
2017-12-22,801200,4484.92,4495.12,4459.39,4464.82,7.76260383,81.3518916163
2017-12-25,801200,4463.33,4469.77,4405.96,4418.52,7.77885553,82.9961499389
2017-12-26,801200,4418.6,4434.56,4391.64,4429.85,6.83566459,74.730789078
2017-12-27,801200,4423.74,4431.32,4385.1,4390.18,7.41958369,79.0111124648
2017-12-28,801200,4380.53,4415.06,4373.37,4401.54,6.50997199,69.0367812578
2017-12-29,801200,4402.69,4426.22,4397.44,4425.9,5.51850628,59.3175361085
2018-01-02,801200,4428.97,4452.0,4421.57,4451.39,5.82163766,63.54128312979999
2018-01-03,801200,4463.29,4495.43,4461.56,4488.23,7.75753899,86.6087272433
2018-01-04,801200,4473.44,4519.15,4465.03,4512.0,8.76889041,94.5085109098
2018-01-05,801200,4498.39,4531.21,4493.94,4521.43,9.47831607,102.9868544391
2018-01-08,801200,4506.63,4513.4,4475.61,4513.19,7.68871959,85.7982830615
2018-01-09,801200,4508.25,4518.2,4497.73,4517.69,7.1319111,77.2885451476
2018-01-10,801200,4513.93,4527.79,4464.13,4487.64,7.28792359,80.0348457426
2018-01-11,801200,4471.24,4522.86,4464.8,4521.25,7.18276361,80.4113871313
2018-01-12,801200,4512.9,4523.07,4488.49,4499.65,6.74086747,74.3662935414
2018-01-15,801200,4498.82,4500.51,4414.72,4425.91,8.58063988,94.931127789
2018-01-16,801200,4417.49,4498.4,4417.49,4498.4,7.93597939,92.69647354950001
2018-01-17,801200,4490.97,4526.54,4463.16,4514.17,9.09713485,105.149618065
2018-01-18,801200,4503.15,4524.69,4487.61,4504.71,6.3868736,73.21115937100001
2018-01-19,801200,4497.38,4518.06,4486.13,4501.19,7.52524545,85.8279718931
2018-01-22,801200,4498.47,4588.94,4490.3,4588.34,8.22951761,94.96691767959999
2018-01-23,801200,4577.3,4592.65,4562.27,4584.49,7.6663925,85.5582068126
2018-01-24,801200,4590.19,4612.24,4570.43,4611.86,8.36170315,114.76730159979999
2018-01-25,801200,4615.39,4642.57,4588.91,4592.07,9.92165193,129.49568447209998
2018-01-26,801200,4579.29,4586.39,4565.22,4566.36,7.826228,102.6983359452
2018-01-29,801200,4563.99,4572.63,4503.36,4518.59,8.02269487,102.3879742155
2018-01-30,801200,4544.24,4592.29,4542.22,4556.99,9.30770434,114.3391514316
2018-01-31,801200,4528.05,4528.78,4466.16,4494.68,8.98972457,104.2208035531
2018-02-01,801200,4482.14,4489.96,4304.8,4305.58,11.72880732,129.9744679917
2018-02-02,801200,4273.84,4306.44,4192.91,4291.46,7.96444258,85.8915628867
2018-02-05,801200,4240.44,4285.76,4223.23,4272.86,6.23961008,70.372866245
2018-02-06,801200,4196.35,4209.78,4046.64,4049.71,8.85034858,93.3608035608
2018-02-07,801200,4117.27,4141.51,4002.88,4056.46,7.61926042,79.719856225
2018-02-08,801200,4051.62,4115.1,4049.29,4110.78,5.23501389,54.7858269992
2018-02-09,801200,4019.84,4025.99,3902.6,3971.45,7.55609393,75.2411510462
2018-02-12,801200,4001.09,4071.96,3999.99,4066.11,5.58583574,58.127877176700004
2018-02-13,801200,4080.33,4118.27,4079.43,4089.91,5.34172465,55.7940701141
2018-02-14,801200,4088.08,4121.21,4087.57,4116.67,4.10522233,41.3569018436
2018-02-22,801200,4146.73,4190.67,4136.55,4185.23,4.71387318,51.4816172775
2018-02-23,801200,4184.52,4196.7,4167.0,4186.18,4.67945267,50.7274593162
2018-02-26,801200,4208.28,4251.92,4184.7,4244.25,6.83580742,79.85690470760001
2018-02-27,801200,4248.28,4256.24,4219.44,4233.9,6.65553164,76.27681739
2018-02-28,801200,4216.59,4252.97,4195.08,4231.68,6.80384326,73.3516570166
2018-03-01,801200,4215.1,4261.8,4202.56,4261.7,6.93470538,66.2546305276
2018-03-02,801200,4230.91,4260.15,4227.12,4246.29,6.09938653,62.0566034532
2018-03-05,801200,4250.83,4283.71,4236.47,4282.9,6.34587425,69.1922192441
2018-03-06,801200,4283.65,4336.06,4275.24,4335.9,7.49357392,83.68342384430001
2018-03-07,801200,4329.86,4333.41,4294.06,4296.9,6.11931732,66.2208579579
2018-03-08,801200,4290.65,4308.19,4283.52,4305.21,5.54516255,62.69202172600001
2018-03-09,801200,4308.09,4365.57,4307.46,4361.05,7.47247149,82.6437864458
2018-03-12,801200,4379.96,4428.78,4379.61,4425.58,8.7670429,96.4160153228
2018-03-13,801200,4421.59,4435.7,4399.89,4400.2,7.79133927,87.3128255196
2018-03-14,801200,4385.89,4398.62,4356.44,4358.41,6.43834759,73.4303119682
2018-03-15,801200,4347.85,4392.36,4345.0,4379.52,7.38455159,82.181420275
2018-03-16,801200,4417.07,4424.72,4378.56,4378.86,9.47726535,98.8409007477
2018-03-19,801200,4377.99,4418.12,4368.54,4396.93,7.80584999,78.5547951339
2018-03-20,801200,4365.7,4375.12,4345.66,4371.03,7.1338943,74.4406147952
2018-03-21,801200,4377.68,4430.66,4366.09,4368.19,8.46291738,91.7553316839
2018-03-22,801200,4374.81,4473.34,4374.81,4438.23,13.02994672,137.0869779327
2018-03-23,801200,4319.38,4371.8,4180.77,4231.23,16.67850565,179.22107074369998
2018-03-26,801200,4170.8,4257.89,4108.7,4257.2,9.97615198,106.42772853129999
2018-03-27,801200,4293.47,4356.44,4292.99,4346.63,10.39153654,119.2118530705
2018-03-28,801200,4294.7,4329.09,4274.08,4275.13,8.25598353,96.94766621030001
2018-03-29,801200,4287.27,4323.62,4276.48,4315.35,6.85760312,77.3582027708
2018-03-30,801200,4326.27,4336.15,4312.32,4332.52,6.79160207,77.5826487154
2018-04-02,801200,4352.58,4395.24,4352.34,4364.26,9.82339967,108.87386404829999
2018-04-03,801200,4311.8,4328.21,4292.65,4327.92,9.21838048,90.0042689126
2018-04-04,801200,4330.2,4351.85,4295.89,4306.19,7.68426915,81.5472173118
2018-04-09,801200,4281.55,4290.35,4235.64,4269.44,6.8619483,74.3137998117
2018-04-10,801200,4272.53,4290.68,4257.07,4289.04,7.01496215,80.8737954205
2018-04-11,801200,4301.05,4320.39,4300.91,4310.58,7.05331986,81.9336152054
2018-04-12,801200,4298.57,4311.39,4280.31,4284.98,7.13903881,81.7403720377
2018-04-13,801200,4293.76,4304.02,4266.81,4269.73,5.59569525,65.6074262873
2018-04-16,801200,4263.06,4276.0,4226.53,4245.67,6.15895459,75.1635976969
2018-04-17,801200,4254.59,4260.29,4158.72,4162.69,7.0666315,80.01197690149999
2018-04-18,801200,4193.47,4199.45,4096.24,4173.05,7.81285525,79.0428231346
2018-04-19,801200,4159.32,4193.26,4156.01,4183.04,5.86280472,60.43398837149999
2018-04-20,801200,4169.16,4173.75,4081.07,4086.97,6.16339582,62.7202078284
2018-04-23,801200,4098.15,4117.92,4042.4,4071.01,4.8013563,52.2711360288
2018-04-24,801200,4073.33,4150.76,4073.27,4150.55,5.36805808,59.2042159973
2018-04-25,801200,4137.28,4179.49,4136.08,4176.55,5.321149,60.8545466543
2018-04-26,801200,4173.81,4179.86,4112.56,4112.82,5.08333638,54.084013525900005
2018-04-27,801200,4123.97,4142.31,4105.65,4137.79,4.42168514,54.7332111316
2018-05-02,801200,4144.14,4165.26,4133.21,4159.15,4.9897342,61.6076064567
2018-05-03,801200,4157.28,4201.2,4131.5,4198.31,5.48557971,66.2174204478
2018-05-04,801200,4190.81,4213.25,4185.48,4197.2,4.32063176,52.7703308699
2018-05-07,801200,4207.68,4266.46,4197.2,4265.46,6.0550937,71.8468988078
2018-05-08,801200,4266.17,4308.11,4265.92,4307.02,6.49688657,76.8033082813
2018-05-09,801200,4300.53,4303.51,4274.34,4289.78,5.84973598,75.54716323609999
2018-05-10,801200,4292.42,4301.99,4275.32,4294.55,5.23681207,63.960373106999995
2018-05-11,801200,4299.18,4305.66,4256.97,4257.26,5.48512495,65.8290616216
2018-05-14,801200,4259.92,4283.45,4255.79,4264.18,5.79513684,70.6382217902
2018-05-15,801200,4269.87,4289.97,4256.97,4288.74,4.5036077,56.5778552849
2018-05-16,801200,4279.43,4304.11,4269.02,4281.97,5.16131297,64.8036311619
2018-05-17,801200,4275.8,4281.04,4241.57,4243.91,4.92745649,60.3952746983
2018-05-18,801200,4243.62,4271.6,4228.58,4270.44,5.10337952,59.766882647799996
2018-05-21,801200,4300.14,4318.62,4283.17,4313.51,6.4715276,74.6760980254
2018-05-22,801200,4311.25,4344.06,4311.25,4344.06,6.9619367,77.21207985390001
2018-05-23,801200,4340.38,4348.45,4313.79,4314.12,7.00033406,87.8196831289
2018-05-24,801200,4317.01,4373.12,4311.9,4345.35,9.09026418,106.9302936865
2018-05-25,801200,4342.27,4377.5,4335.74,4350.79,9.59421774,116.87567984569999
2018-05-28,801200,4348.38,4369.15,4321.16,4359.07,8.57870521,100.1637230274
2018-05-29,801200,4349.17,4409.67,4332.68,4335.56,9.37198965,109.8833051869
2018-05-30,801200,4276.97,4296.48,4227.53,4237.01,9.80306568,110.2221386141
2018-05-31,801200,4266.89,4385.48,4265.38,4385.48,11.60894026,140.4569899114
2018-06-01,801200,4357.84,4389.6,4306.44,4332.03,9.07970254,110.04520008680001
2018-06-04,801200,4343.13,4355.31,4295.93,4303.88,7.61624332,88.9273005942
2018-06-05,801200,4309.21,4331.62,4289.05,4331.1,7.30227484,81.9510580225
2018-06-06,801200,4315.13,4327.22,4305.26,4326.62,6.88801978,83.516505077
2018-06-07,801200,4316.06,4328.77,4275.7,4279.31,7.67030901,105.65598002540001
2018-06-08,801200,4262.62,4263.2,4180.07,4199.79,7.40864675,88.5035229027
2018-06-11,801200,4196.24,4199.5,4149.45,4165.81,6.91591872,82.7955221096
2018-06-12,801200,4161.42,4188.55,4126.73,4183.3,5.98826253,70.9653058629
2018-06-13,801200,4175.33,4183.54,4116.71,4117.4,5.69742363,68.1620195075
2018-06-14,801200,4102.04,4137.23,4075.78,4092.93,5.64077127,66.07671880550001
2018-06-15,801200,4089.68,4104.05,3999.38,4007.86,7.02889985,76.8582506135
2018-06-19,801200,3961.37,3962.67,3678.46,3734.98,9.6848895,94.77367379489999
2018-06-20,801200,3708.14,3791.93,3705.36,3766.43,6.74072625,64.2589080536
2018-06-21,801200,3768.3,3800.28,3685.19,3688.74,6.31313342,62.3317502567
2018-06-22,801200,3664.49,3739.6,3636.26,3739.34,4.96269856,48.3745159268
2018-06-25,801200,3764.07,3777.68,3708.69,3710.39,4.53034441,46.6617626943
2018-06-26,801200,3655.28,3716.54,3640.34,3711.51,4.37324706,42.663910936
2018-06-27,801200,3705.56,3718.4,3645.57,3659.15,4.39356771,43.4667133213
2018-06-28,801200,3636.19,3671.67,3605.03,3609.89,5.37534473,50.6375201599
2018-06-29,801200,3609.06,3697.94,3593.94,3697.86,5.52486267,52.2959071092
2018-07-02,801200,3690.24,3698.05,3603.19,3626.13,5.33671759,50.9696721311
2018-07-03,801200,3624.77,3644.32,3536.02,3631.82,7.44958858,80.3819880878
2018-07-04,801200,3607.64,3608.09,3558.3,3567.15,4.94689368,50.138064024799995
2018-07-05,801200,3558.93,3576.15,3489.79,3491.16,5.38058677,52.2107425096
2018-07-06,801200,3501.85,3535.54,3426.53,3508.45,5.83042305,55.784305146499996
2018-07-09,801200,3517.56,3586.81,3517.31,3586.69,5.47288021,52.7332149732
2018-07-10,801200,3594.84,3611.46,3574.44,3599.66,4.76215906,47.339812915
2018-07-11,801200,3547.14,3548.45,3481.28,3528.14,5.50857299,50.954679648500004
2018-07-12,801200,3524.7,3631.11,3524.51,3621.32,6.311977,63.8751701085
2018-07-13,801200,3622.03,3632.5,3610.89,3630.99,4.98220394,49.5917162338
2018-07-16,801200,3633.5,3655.79,3620.02,3654.21,4.89485145,49.557160266000004
2018-07-17,801200,3647.87,3653.43,3615.59,3651.55,4.56422852,47.7861543243
2018-07-18,801200,3652.08,3670.78,3629.61,3630.76,5.30625289,54.568689549700004
2018-07-19,801200,3628.83,3645.79,3589.98,3608.1,4.97361585,51.0769880071
2018-07-20,801200,3604.82,3633.53,3573.83,3619.98,5.72589503,56.8691286249
2018-07-23,801200,3614.22,3668.74,3605.65,3668.18,6.58284341,61.3554007301
2018-07-24,801200,3669.5,3746.4,3661.74,3732.07,8.35355674,79.0428176483
2018-07-25,801200,3722.47,3739.74,3716.45,3725.23,6.7667604,62.624587497
2018-07-26,801200,3728.53,3737.45,3703.35,3708.75,6.71619204,55.809466559899995
2018-07-27,801200,3710.66,3722.51,3692.98,3707.27,6.57870832,56.5931693186
2018-07-30,801200,3703.38,3709.62,3629.91,3638.71,7.94784533,71.8561183602
2018-07-31,801200,3632.05,3655.66,3630.32,3647.89,6.01227607,56.406154606
2018-08-01,801200,3658.68,3672.02,3602.38,3605.03,6.35470075,60.9222502108
2018-08-02,801200,3594.18,3594.41,3458.01,3530.86,8.06685897,73.7222877211
2018-08-03,801200,3519.72,3542.67,3500.39,3500.69,6.11011161,59.915244560299996
2018-08-06,801200,3490.2,3502.51,3413.27,3427.02,5.77177357,55.6788848556
2018-08-07,801200,3431.65,3513.64,3418.31,3513.61,5.54929711,53.136549702299995
2018-08-08,801200,3507.34,3507.7,3427.11,3431.02,6.63030108,59.5826196239
2018-08-09,801200,3422.45,3518.7,3414.22,3499.84,6.71684989,59.0865093067
2018-08-10,801200,3491.72,3523.82,3488.5,3516.18,5.41828163,48.4557534828
2018-08-13,801200,3480.59,3512.22,3458.61,3506.74,4.76283158,43.4775702694
2018-08-14,801200,3505.35,3513.92,3490.94,3502.04,4.73802424,44.2508822828
2018-08-15,801200,3506.76,3507.02,3439.2,3444.0,5.44190944,49.0415089196
2018-08-16,801200,3414.75,3444.72,3391.72,3413.5,5.33190546,47.5375630217
2018-08-17,801200,3438.62,3448.89,3364.32,3370.63,5.22686324,45.2803768341
2018-08-20,801200,3371.02,3386.95,3316.4,3373.49,4.79470479,40.6176792414
2018-08-21,801200,3376.94,3422.47,3369.22,3421.28,4.67907608,41.285291324
2018-08-22,801200,3412.72,3413.12,3383.51,3394.08,3.69578071,31.7817778882
2018-08-23,801200,3390.76,3417.48,3380.08,3409.75,3.93367617,34.1175564383
2018-08-24,801200,3402.71,3417.21,3391.76,3394.77,4.12226138,34.7231459554
2018-08-27,801200,3400.39,3466.47,3400.01,3465.57,5.25025179,45.503598563800004
2018-08-28,801200,3470.03,3481.53,3466.2,3480.17,4.74948253,43.970509050100006
2018-08-29,801200,3477.94,3478.75,3446.47,3462.17,3.67537718,32.5623111639
2018-08-30,801200,3457.33,3465.89,3418.58,3422.08,3.99201113,35.0930882785
2018-08-31,801200,3416.8,3419.8,3381.33,3398.65,4.13219103,36.133990713
2018-09-03,801200,3392.31,3404.11,3359.45,3402.8,4.68030742,41.452469395
2018-09-04,801200,3399.08,3431.17,3387.32,3422.28,5.16234228,46.0533219212
2018-09-05,801200,3414.77,3423.6,3376.85,3376.85,4.66594422,40.2396792123
2018-09-06,801200,3365.83,3387.28,3342.1,3346.34,3.63543009,31.9621845359
2018-09-07,801200,3348.31,3385.87,3330.29,3350.1,4.09232858,33.353344545
2018-09-10,801200,3346.1,3346.6,3286.53,3289.55,5.75226081,40.4881581443
2018-09-11,801200,3290.0,3301.52,3266.52,3284.93,4.01673436,30.012839109699996
2018-09-12,801200,3283.48,3298.82,3273.68,3282.55,3.91197327,27.706036175599998
2018-09-13,801200,3301.49,3313.99,3271.68,3307.7,4.29786213,33.417392093800004
2018-09-14,801200,3313.14,3313.34,3280.0,3282.65,4.00840048,32.8023638007
2018-09-17,801200,3276.02,3276.66,3235.18,3240.82,3.96687525,31.729763367199997
2018-09-18,801200,3232.3,3308.98,3232.03,3308.93,4.5732762,37.7876725566
2018-09-19,801200,3304.48,3366.77,3301.74,3347.05,5.45236455,45.442534583900006
2018-09-20,801200,3347.98,3357.0,3339.55,3346.4,4.89028715,37.6907256823
2018-09-21,801200,3361.34,3413.06,3360.23,3412.47,6.53347353,54.8549794309
2018-09-25,801200,3389.33,3403.99,3382.73,3399.1,4.79230672,39.1268991615
2018-09-26,801200,3402.26,3425.76,3396.47,3403.81,5.13663791,43.823677735
2018-09-27,801200,3404.07,3404.23,3363.71,3365.64,5.16491908,41.4216906544
2018-09-28,801200,3376.36,3411.25,3374.27,3409.88,4.60761183,41.8708785848
2018-10-08,801200,3367.41,3367.81,3303.24,3309.44,5.18650592,45.0052115588
2018-10-09,801200,3318.08,3329.34,3295.2,3306.05,3.64940933,30.5115381717
2018-10-10,801200,3308.78,3325.14,3279.16,3297.66,3.62280747,30.328305620300004
2018-10-11,801200,3208.61,3217.09,3046.45,3079.05,7.4872998,55.135574837
2018-10-12,801200,3056.82,3071.19,2955.0,3049.21,6.31297985,43.9115705529
2018-10-15,801200,3052.6,3073.36,2985.83,2986.08,4.76024959,35.5518693195
2018-10-16,801200,2979.24,2997.38,2891.22,2905.03,4.79491353,37.3609953999
2018-10-17,801200,2930.9,2948.91,2872.23,2922.24,4.72875612,35.0138520119
2018-10-18,801200,2900.69,2901.91,2843.59,2849.12,4.86671003,33.3747043865
2018-10-19,801200,2817.73,2927.19,2811.96,2926.83,5.56897538,40.109432571300005
2018-10-22,801200,2961.65,3105.4,2961.39,3075.02,8.46659047,66.3062742055
2018-10-23,801200,3072.37,3082.33,3004.01,3022.19,6.68043424,51.15438617979999
2018-10-24,801200,3008.92,3057.27,3001.88,3035.89,5.40111237,40.8862806402
2018-10-25,801200,2954.89,3039.47,2940.9,3032.76,5.67409983,43.2240687666
2018-10-26,801200,3049.12,3074.7,3026.21,3041.3,5.16515799,38.3229001323
2018-10-29,801200,3037.97,3038.0,2967.27,2977.58,4.59915221,34.4835223554
2018-10-30,801200,2971.13,3026.93,2948.71,2999.08,5.60128583,41.6644571969
2018-10-31,801200,2995.35,3029.22,2982.09,3019.61,7.14591685,52.899145284300005
2018-11-01,801200,3031.34,3071.88,3025.16,3044.05,7.39933202,57.868224652200006
2018-11-02,801200,3084.46,3128.9,3074.21,3128.9,8.6944165,70.2247647181
2018-11-05,801200,3116.53,3148.58,3106.84,3145.55,7.71969466,63.014723080500005
2018-11-06,801200,3127.5,3150.18,3101.95,3150.04,6.94956371,53.212498302600004
2018-11-07,801200,3142.5,3152.9,3112.99,3116.08,7.23177212,53.6940038942
2018-11-08,801200,3132.22,3136.63,3088.95,3091.29,7.20050247,49.4930072646
2018-11-09,801200,3079.71,3103.1,3073.42,3085.68,5.7748727,42.5760062577
2018-11-12,801200,3089.67,3159.3,3081.06,3159.0,7.76344653,52.668998549499996
2018-11-13,801200,3130.32,3236.84,3123.27,3221.95,11.01411087,74.9292045963
2018-11-14,801200,3216.99,3246.23,3201.37,3206.64,9.84228538,67.5736567291
2018-11-15,801200,3204.67,3244.87,3203.82,3244.5,8.94163684,64.4228404204
2018-11-16,801200,3253.26,3305.97,3249.64,3292.45,10.80740906,82.4989053102
2018-11-19,801200,3294.82,3316.1,3276.09,3306.53,10.53377929,79.0151836103
2018-11-20,801200,3284.25,3297.65,3241.6,3242.4,10.34840802,76.1046382503
2018-11-21,801200,3213.34,3274.92,3209.31,3274.92,8.1286468,61.450122649300006
2018-11-22,801200,3288.08,3294.21,3256.78,3265.28,7.69128671,55.6184322667
2018-11-23,801200,3261.0,3263.37,3137.09,3144.36,9.47481011,70.1066044572
2018-11-26,801200,3143.72,3169.84,3125.47,3140.97,6.66994537,51.1224008249
2018-11-27,801200,3161.37,3171.49,3134.57,3149.27,6.17403417,46.2726758681
2018-11-28,801200,3152.62,3167.99,3104.47,3167.99,5.96038083,42.138453539000004
2018-11-29,801200,3180.38,3188.19,3099.95,3100.17,6.1666642,44.2862979808
2018-11-30,801200,3098.32,3120.11,3061.67,3115.52,5.56470083,39.7976437532
2018-12-03,801200,3197.94,3225.26,3187.0,3208.24,9.19998122,71.49730904399999
2018-12-04,801200,3204.79,3221.38,3195.61,3218.92,6.98264108,51.251950835
2018-12-05,801200,3168.28,3218.4,3160.26,3196.82,7.81251909,56.2066088641
2018-12-06,801200,3184.35,3184.57,3130.89,3133.9,5.98404037,43.0707635558
2018-12-07,801200,3138.61,3148.84,3130.3,3140.83,4.44150333,32.5139650902
2018-12-10,801200,3113.17,3127.68,3106.32,3116.48,5.23579616,38.5889284169
2018-12-11,801200,3126.77,3141.39,3123.91,3140.18,4.51112361,32.8023931934
2018-12-12,801200,3146.7,3153.57,3135.18,3141.68,4.71736004,32.9273912941
2018-12-13,801200,3148.76,3174.39,3122.14,3156.33,5.25671568,38.1239273738
2018-12-14,801200,3149.77,3150.1,3074.74,3074.88,5.49084988,39.7512508019
2018-12-17,801200,3065.99,3076.62,3042.83,3064.41,4.48502086,31.935552998600002
2018-12-18,801200,3050.8,3067.94,3016.31,3039.6,4.61488504,33.1984846876
2018-12-19,801200,3045.25,3050.6,3014.59,3018.57,4.04119064,28.767787354099998
2018-12-20,801200,3013.04,3029.55,3002.82,3021.79,4.11974843,29.033666861999997
2018-12-21,801200,3012.87,3017.79,2984.58,2998.14,4.45220716,31.9628438234
2018-12-24,801200,2993.69,3020.75,2986.86,3020.44,3.63595886,25.101807799099998
2018-12-25,801200,2995.4,2998.83,2931.13,2988.07,5.82909647,38.8183668708
2018-12-26,801200,2985.23,2997.24,2978.55,2986.0,4.46255181,31.3826598511
2018-12-27,801200,3023.34,3032.96,2953.74,2953.74,4.64462757,33.6538495041
2018-12-28,801200,2961.23,2987.39,2959.13,2978.84,4.76764766,33.4752791156
2019-01-02,801200,2989.45,2989.45,2958.36,2964.57,4.35179582,30.261468789899997
2019-01-03,801200,2964.87,2992.8,2958.86,2967.03,4.50168216,31.0193206227
2019-01-04,801200,2942.74,3035.58,2938.31,3035.58,6.22510701,41.849079125500005
2019-01-07,801200,3048.56,3076.93,3039.37,3072.97,6.47889252,43.864489487
2019-01-08,801200,3066.86,3077.78,3056.82,3075.04,5.05219809,34.1414527471
2019-01-09,801200,3087.02,3133.43,3087.01,3090.36,7.45176699,53.9007990688
2019-01-10,801200,3089.44,3104.15,3077.58,3081.49,5.52195976,37.8841320247
2019-01-11,801200,3082.63,3106.78,3078.27,3106.77,5.09870864,34.744542134899994
2019-01-14,801200,3107.78,3124.5,3101.92,3102.07,5.85362124,38.8688578723
2019-01-15,801200,3103.01,3128.83,3092.82,3128.83,5.68451641,38.4837463614
2019-01-16,801200,3129.54,3145.01,3127.46,3135.75,6.06987153,42.5224184936
2019-01-17,801200,3134.06,3137.74,3106.09,3108.63,5.70401508,40.4441943703
2019-01-18,801200,3109.99,3128.38,3096.96,3121.81,5.62168357,40.9693395476
2019-01-21,801200,3132.51,3161.34,3131.45,3146.44,5.58959133,41.1399820622
2019-01-22,801200,3144.97,3145.29,3095.08,3103.83,5.22662126,36.7765008245
2019-01-23,801200,3096.9,3115.01,3094.88,3115.01,4.86958246,32.640172111700004
2019-01-24,801200,3119.76,3129.09,3103.75,3121.75,5.62203644,37.8479576243
2019-01-25,801200,3126.18,3133.26,3102.27,3103.1,7.40227772,48.019544843599995
2019-01-28,801200,3117.72,3151.65,3117.29,3123.1,7.72277718,50.587852264300004
2019-01-29,801200,3121.36,3130.82,3058.12,3118.55,10.61262683,65.8662189728
2019-01-30,801200,3102.07,3109.2,3064.79,3064.79,8.78512784,54.05368267
2019-01-31,801200,3056.54,3062.13,2982.47,2988.26,8.53136343,56.852581311099996
2019-02-01,801200,2997.95,3063.09,2996.89,3062.7,5.78465959,40.5321340777
2019-02-11,801200,3072.22,3128.95,3072.22,3128.67,6.3591284,45.4919919711
2019-02-12,801200,3126.35,3175.59,3123.14,3171.62,7.82795552,63.1448735132
2019-02-13,801200,3173.3,3223.09,3167.73,3216.12,9.10636739,71.6721693139
2019-02-14,801200,3214.12,3243.29,3205.69,3229.51,7.71327864,62.9016422321
2019-02-15,801200,3227.51,3236.15,3212.38,3215.7,7.87774172,60.9846827859
2019-02-18,801200,3224.67,3305.86,3224.28,3305.86,10.72820334,83.9307317128
2019-02-19,801200,3308.88,3326.08,3267.24,3291.57,10.93780778,85.1396912796
2019-02-20,801200,3293.88,3298.74,3266.9,3291.27,9.3028405,68.5193122622
2019-02-21,801200,3292.4,3318.08,3251.16,3256.49,10.61540472,80.0745625296
2019-02-22,801200,3250.8,3351.48,3247.34,3351.48,10.99614489,86.8743946651
2019-02-25,801200,3390.85,3531.14,3386.55,3531.14,20.42435129,159.7551695027
2019-02-26,801200,3536.49,3558.38,3494.42,3494.42,20.20604136,156.3159096666
2019-02-27,801200,3494.17,3542.38,3464.43,3503.14,17.80356299,136.84869449549998
2019-02-28,801200,3519.74,3539.18,3496.6,3516.13,14.91714774,114.2824503673
2019-03-01,801200,3529.67,3540.31,3490.63,3537.89,11.89904873,93.3366586585
2019-03-04,801200,3560.73,3659.11,3560.68,3603.37,19.23180386,159.93749919389998
2019-03-05,801200,3591.54,3670.58,3586.3,3670.22,17.1265104,142.55750078719998
2019-03-06,801200,3683.31,3722.42,3641.29,3722.42,19.74571102,161.3707474809
2019-03-07,801200,3722.27,3783.32,3697.58,3768.76,21.12624108,177.2684419109
2019-03-08,801200,3687.21,3727.84,3582.76,3582.8,22.37788843,179.5554944921
2019-03-11,801200,3596.72,3720.68,3596.72,3720.68,16.57824476,137.6895456716
2019-03-12,801200,3734.91,3785.33,3689.08,3744.94,19.53208249,168.0893209315
2019-03-13,801200,3742.98,3761.51,3666.95,3680.49,18.05888681,148.4811799407
2019-03-14,801200,3668.39,3692.1,3570.71,3597.47,14.51044257,113.9253260912
2019-03-15,801200,3612.55,3700.05,3612.33,3675.1,14.53124153,121.1789646184
2019-03-18,801200,3680.49,3761.79,3662.64,3761.79,14.92252783,126.6852741957
2019-03-19,801200,3766.5,3791.03,3750.14,3770.69,13.0389724,114.3370520885
2019-03-20,801200,3767.3,3790.83,3715.58,3774.34,13.12955441,115.05435900270001
2019-03-21,801200,3782.0,3833.0,3770.87,3804.2,16.36151806,135.2892370474
2019-03-22,801200,3804.76,3844.81,3763.86,3844.81,14.97877571,132.165613288
2019-03-25,801200,3786.92,3849.74,3782.81,3790.16,14.70229689,129.0979008781
2019-03-26,801200,3809.28,3816.64,3677.53,3682.1,12.81421752,110.49762951299999
2019-03-27,801200,3702.84,3720.38,3665.07,3720.38,11.75144431,103.0692896322
2019-03-28,801200,3720.84,3748.03,3679.18,3679.18,10.99644198,103.56387061059999
2019-03-29,801200,3687.64,3803.15,3682.79,3803.15,14.20206195,132.1471371687
2019-04-01,801200,3823.49,3921.04,3823.49,3913.16,18.78380083,175.51189021599998
2019-04-02,801200,3924.49,3958.97,3922.67,3936.12,18.57746239,169.4658877304
2019-04-03,801200,3930.09,4046.67,3913.16,4046.67,23.66833046,208.4205244807
2019-04-04,801200,4044.6,4055.1,3997.26,4044.33,19.57514963,172.9805530833
2019-04-08,801200,4058.86,4065.1,3943.99,4001.08,18.49520316,170.5291175893
2019-04-09,801200,3990.43,4037.18,3970.65,4022.79,13.86500033,122.93413327559999
2019-04-10,801200,4015.53,4052.35,3987.59,4027.86,15.23228701,132.7108106092
2019-04-11,801200,4027.96,4039.82,3942.25,3942.3,14.87761281,134.3343025764
2019-04-12,801200,3943.89,3975.3,3941.39,3968.13,11.90406521,112.08432168530001
2019-04-15,801200,4013.72,4026.36,3937.78,3937.78,15.37738862,142.5130214027
2019-04-16,801200,3920.25,3989.49,3878.13,3989.49,14.4073488,129.7635924166
2019-04-17,801200,3999.67,4019.67,3966.83,3989.75,15.58624587,143.0331545795
2019-04-18,801200,3993.88,3993.88,3956.19,3959.11,12.5660476,114.3106739198
2019-04-19,801200,3952.34,3971.22,3913.87,3962.71,10.79663436,95.6250222661
2019-04-22,801200,3985.28,3985.28,3913.64,3922.33,11.9666611,108.0747056058
2019-04-23,801200,3923.86,3925.51,3865.98,3873.29,12.19419583,102.6648083428
2019-04-24,801200,3880.19,3899.61,3829.87,3899.61,9.48646791,81.7533315994
2019-04-25,801200,3891.4,3891.51,3743.84,3746.19,12.41539398,104.2717454537
2019-04-26,801200,3744.18,3771.33,3723.91,3723.91,9.99637205,85.9754125075
2019-04-29,801200,3727.96,3767.0,3681.45,3699.44,12.29897845,105.24874372069999
2019-04-30,801200,3691.86,3763.9,3691.86,3745.64,10.07180183,91.7666158247
2019-05-06,801200,3625.95,3644.15,3487.7,3510.4,14.45164829,121.0534675529
2019-05-07,801200,3527.79,3589.04,3519.26,3589.04,11.88159473,102.16641187319999
2019-05-08,801200,3516.36,3621.11,3504.77,3570.13,10.37247643,86.5318893175
2019-05-09,801200,3533.99,3560.58,3486.52,3491.48,8.40545821,71.16365133
2019-05-10,801200,3523.67,3605.92,3465.63,3605.92,10.79902594,90.7927645352
2019-05-13,801200,3563.68,3611.25,3554.76,3598.91,9.3713015,80.9291954991
2019-05-14,801200,3546.66,3586.02,3539.84,3539.84,8.08012887,66.7260207042
2019-05-15,801200,3568.28,3617.8,3563.76,3615.88,9.20818193,76.284994426
2019-05-16,801200,3617.24,3650.98,3614.76,3646.89,8.92621124,77.2872143283
2019-05-17,801200,3648.91,3648.91,3524.04,3536.98,10.29110153,85.2783100219
2019-05-20,801200,3524.67,3524.97,3430.68,3478.63,8.87125628,71.5256398696
2019-05-21,801200,3473.42,3545.96,3467.37,3528.18,7.59008173,64.0589308147
2019-05-22,801200,3531.47,3531.5,3475.34,3500.04,7.14265344,59.502062145299995
2019-05-23,801200,3483.54,3484.09,3420.81,3427.42,7.12110131,57.3544858993
2019-05-24,801200,3417.88,3432.21,3380.95,3392.92,6.02961188,51.1632543732
2019-05-27,801200,3384.89,3454.76,3370.39,3450.39,6.86423304,57.741567091499995
2019-05-28,801200,3457.86,3492.63,3447.39,3470.06,7.27466748,63.377208688500005
2019-05-29,801200,3448.32,3486.55,3444.36,3467.09,6.37314998,52.51028060189999
2019-05-30,801200,3451.34,3451.69,3397.67,3435.1,7.07796689,54.706864931400006
2019-05-31,801200,3437.5,3454.02,3410.82,3417.1,5.79253305,47.80189991
2019-06-03,801200,3416.6,3432.32,3368.9,3378.45,6.54637391,52.2089895512
2019-06-04,801200,3381.21,3381.57,3334.19,3347.24,5.923326,43.915300073699996
2019-06-05,801200,3378.03,3379.24,3342.59,3350.43,5.79486089,46.068940096999995
2019-06-06,801200,3349.3,3349.3,3288.98,3292.24,6.0244918,46.074000878999996
2019-06-10,801200,3301.58,3341.46,3296.85,3331.94,5.34842566,41.3249515794
2019-06-11,801200,3336.65,3434.42,3334.0,3434.12,8.08078605,63.07434338229999
2019-06-12,801200,3433.36,3433.55,3394.36,3403.47,6.51092257,50.4175125291
2019-06-13,801200,3399.64,3435.34,3378.35,3424.36,8.21303574,55.8622896338
2019-06-14,801200,3420.0,3420.07,3357.75,3358.99,6.98485335,53.610153501400006
2019-06-17,801200,3353.51,3383.81,3348.35,3375.73,6.21508922,44.6539273199
2019-06-18,801200,3372.53,3390.11,3365.12,3387.23,6.53103251,46.561064319799996
2019-06-19,801200,3451.15,3466.11,3419.59,3419.59,8.30411471,62.005326788699996
2019-06-20,801200,3422.26,3497.31,3412.51,3486.01,9.59178587,72.1636416941
2019-06-21,801200,3500.78,3534.72,3500.71,3523.92,9.33585689,70.82541084649999
2019-06-24,801200,3542.03,3542.03,3517.05,3529.24,7.89687966,64.4208719391
2019-06-25,801200,3531.5,3531.54,3453.26,3498.09,9.32471101,71.0006472006
2019-06-26,801200,3486.64,3509.33,3470.88,3502.74,6.53334276,50.5434875912
2019-06-27,801200,3507.24,3532.07,3501.64,3511.59,6.86662099,54.124310629600004
2019-06-28,801200,3509.29,3509.29,3466.47,3489.72,7.87565403,61.6485025183
2019-07-01,801200,3540.99,3571.86,3530.54,3571.86,9.46892301,80.3270563337
2019-07-02,801200,3564.7,3564.79,3548.78,3553.05,7.27126733,60.035226343299996
2019-07-03,801200,3551.45,3552.03,3511.2,3521.55,6.59630446,54.285535412799995
2019-07-04,801200,3525.89,3534.08,3487.27,3500.57,6.34386559,50.8721006679
2019-07-05,801200,3507.38,3507.55,3482.77,3499.84,4.9511276,39.9000491516
2019-07-08,801200,3491.87,3492.25,3385.43,3397.05,6.86135713,49.399795668500005
2019-07-09,801200,3393.6,3403.79,3367.72,3389.45,4.51642878,33.3697538845
2019-07-10,801200,3388.19,3388.24,3357.86,3367.51,4.25140121,30.038048786799997
2019-07-11,801200,3377.08,3389.23,3336.63,3342.49,4.97768928,40.1859387928
2019-07-12,801200,3342.51,3367.04,3336.95,3365.64,4.11054839,33.9419953185
2019-07-15,801200,3363.73,3392.52,3315.39,3386.63,5.38991101,41.0653046997
2019-07-16,801200,3383.27,3392.08,3375.36,3389.14,4.02924095,30.4564820174
2019-07-17,801200,3387.72,3397.69,3377.17,3385.27,4.54126005,32.2771335869
2019-07-18,801200,3374.84,3375.04,3323.63,3323.63,5.77483357,38.294357186599996
2019-07-19,801200,3329.99,3372.14,3329.46,3347.31,4.87876875,33.927909133600004
2019-07-22,801200,3346.8,3346.8,3274.84,3274.84,5.55992187,38.536623256
2019-07-23,801200,3282.64,3323.27,3281.62,3323.27,4.65977256,33.412459631
2019-07-24,801200,3328.93,3358.8,3328.4,3346.19,4.99152822,36.1374061245
2019-07-25,801200,3342.17,3349.9,3331.52,3349.9,4.58632985,33.884754262600005
2019-07-26,801200,3342.77,3356.15,3336.37,3356.15,4.30726552,33.5818016905
2019-07-29,801200,3353.96,3357.54,3329.47,3338.02,4.08777228,29.6146431879
2019-07-30,801200,3340.75,3368.43,3340.75,3349.88,4.50386979,32.7064921755
2019-07-31,801200,3350.43,3350.92,3338.32,3339.38,4.26207127,32.432265200799996
2019-08-01,801200,3326.39,3326.57,3292.35,3301.65,4.32204992,32.0895513217
2019-08-02,801200,3243.18,3261.44,3235.81,3256.21,5.16334445,37.4517054979
2019-08-05,801200,3243.81,3258.82,3220.73,3222.33,4.80626308,37.1467141267
2019-08-06,801200,3182.59,3182.84,3093.67,3145.54,7.54615697,51.9345780196
2019-08-07,801200,3158.14,3163.75,3132.98,3134.05,5.11660455,36.716439549099995
2019-08-08,801200,3139.66,3161.19,3139.53,3151.01,4.26645954,30.9124899377
2019-08-09,801200,3163.48,3170.34,3123.52,3128.61,4.55795121,31.835970819
2019-08-12,801200,3128.33,3158.34,3121.53,3158.34,3.93045639,27.300148494699997
2019-08-13,801200,3138.3,3142.87,3124.53,3132.35,3.53413661,24.143523254899996
2019-08-14,801200,3162.91,3172.53,3152.31,3153.97,4.08304729,30.2928360435
2019-08-15,801200,3102.6,3158.99,3094.59,3158.3,4.30403537,30.3963534337
2019-08-16,801200,3165.66,3196.47,3161.15,3180.56,4.506513,34.549502568200005
2019-08-19,801200,3200.84,3268.2,3200.18,3268.2,6.2334073,45.239883910500005
2019-08-20,801200,3272.62,3281.11,3256.17,3262.47,5.63067884,39.8599401504
2019-08-21,801200,3264.32,3277.38,3255.49,3269.28,5.75431467,38.0098979538
2019-08-22,801200,3275.83,3277.03,3246.68,3266.06,5.35999295,36.9315677073
2019-08-23,801200,3271.0,3273.6,3258.8,3269.0,5.4716844,34.5014400702
2019-08-26,801200,3221.08,3261.09,3221.08,3261.09,7.81199533,45.299903861000004
2019-08-27,801200,3274.07,3321.98,3273.32,3313.25,9.91082457,58.5831079379
2019-08-28,801200,3337.21,3355.0,3326.47,3339.57,13.97787214,79.2946832577
2019-08-29,801200,3338.95,3348.1,3325.76,3340.42,12.24058966,72.5543003102
2019-08-30,801200,3353.2,3354.59,3281.08,3291.27,10.60666277,75.4298546523
2019-09-02,801200,3281.61,3321.8,3277.19,3320.85,9.07566203,63.0142354462
2019-09-03,801200,3320.32,3321.68,3298.33,3312.85,8.96477306,64.2884164353
2019-09-04,801200,3305.09,3328.14,3299.97,3328.14,8.68195267,62.187110796099994
2019-09-05,801200,3342.49,3377.79,3342.27,3353.67,12.35027851,87.9459455416
2019-09-06,801200,3358.31,3358.67,3333.56,3351.21,9.46856746,72.2102677
2019-09-09,801200,3370.74,3392.51,3355.05,3392.51,10.01938298,76.775394516
2019-09-10,801200,3392.91,3411.14,3379.67,3408.8,11.62705165,79.1677944293
2019-09-11,801200,3409.08,3417.66,3386.71,3388.23,9.75131115,72.1393765051
2019-09-12,801200,3392.32,3403.24,3376.11,3403.03,7.69974768,59.7079492427
2019-09-16,801200,3409.6,3409.6,3382.91,3393.05,8.3552662,65.3037935139
2019-09-17,801200,3387.8,3388.43,3320.81,3330.4,9.40011374,72.2591603138
2019-09-18,801200,3333.05,3348.46,3332.64,3336.67,6.82640579,55.5256676449
2019-09-19,801200,3342.85,3358.21,3324.31,3358.21,6.801648,55.918686313
2019-09-20,801200,3358.17,3366.37,3350.46,3366.37,6.45273088,52.2391612557
2019-09-23,801200,3359.35,3359.53,3304.16,3323.53,6.20523804,49.721770084300005
2019-09-24,801200,3325.46,3352.84,3321.0,3330.18,6.27354877,48.8452151668
2019-09-25,801200,3324.92,3325.42,3301.36,3311.15,7.97494319,57.2228513004
2019-09-26,801200,3326.39,3332.18,3277.8,3279.27,10.03484241,68.0961984659
2019-09-27,801200,3271.96,3294.59,3267.9,3275.65,7.63621173,50.291172330500004
2019-09-30,801200,3276.05,3287.47,3251.8,3251.8,6.60219109,41.3006814237
2019-10-08,801200,3254.61,3279.9,3245.5,3249.97,6.37154994,41.912690204099995
2019-10-09,801200,3243.36,3265.0,3232.15,3264.59,5.5821945,39.0686861873
2019-10-10,801200,3265.81,3304.64,3259.94,3304.54,6.29369013,46.3048373804
2019-10-11,801200,3308.53,3319.72,3285.89,3311.09,6.20551026,45.8057827145
2019-10-14,801200,3336.05,3360.18,3327.91,3351.88,8.49537305,61.4904834008
2019-10-15,801200,3352.21,3352.26,3330.48,3332.43,7.26763974,52.408565850900004
2019-10-16,801200,3332.96,3339.94,3305.56,3305.99,6.67436087,47.6573030006
2019-10-17,801200,3307.26,3316.66,3299.95,3310.63,6.03636545,40.1102737734
2019-10-18,801200,3305.2,3323.16,3275.89,3282.33,6.86737579,50.923143223400004
2019-10-21,801200,3281.11,3283.85,3256.55,3278.0,6.78561411,50.2910741563
2019-10-22,801200,3274.56,3300.76,3267.94,3300.14,6.75648693,51.5093203744
2019-10-23,801200,3294.81,3294.88,3266.04,3271.6,6.67437666,45.2323306844
2019-10-24,801200,3266.22,3266.3,3227.49,3251.42,7.34649076,52.7658503683
2019-10-25,801200,3246.09,3268.5,3226.47,3264.41,7.58747433,47.328588054300006
2019-10-28,801200,3276.84,3313.94,3276.38,3311.52,10.80445356,71.2384146486
2019-10-29,801200,3300.24,3300.28,3263.44,3263.44,10.14839323,62.2181728391
2019-10-30,801200,3259.1,3262.85,3241.29,3249.87,8.58057672,57.9125020144
2019-10-31,801200,3251.79,3253.31,3220.14,3224.33,7.11023788,49.957987728
2019-11-01,801200,3218.03,3268.8,3205.56,3267.6,6.7372407,50.7850585942
2019-11-04,801200,3268.68,3280.38,3254.36,3261.1,6.48943147,49.0577488453
2019-11-05,801200,3262.95,3274.5,3242.21,3263.66,6.86959643,50.8278120536
2019-11-06,801200,3257.29,3257.57,3207.31,3219.35,6.25012378,45.043287210699994
2019-11-07,801200,3212.93,3237.37,3212.61,3228.29,5.21088482,37.7150474744
2019-11-08,801200,3244.58,3248.94,3220.41,3221.95,5.81863415,45.8204772354
2019-11-11,801200,3214.21,3214.49,3134.26,3137.56,6.52075169,50.006110847600006
2019-11-12,801200,3136.82,3139.54,3103.6,3138.03,5.51181587,42.6540945344
2019-11-13,801200,3134.09,3134.28,3109.29,3120.03,4.72375225,36.9007160405
2019-11-14,801200,3123.28,3132.32,3106.42,3125.63,5.15495979,39.2667935146
2019-11-15,801200,3125.9,3126.15,3090.56,3090.56,5.34747988,38.578274065900004
2019-11-18,801200,3087.12,3110.21,3077.17,3108.66,4.47498552,32.5337537211
2019-11-19,801200,3108.92,3142.44,3104.29,3142.44,5.1627571,37.8028588945
2019-11-20,801200,3137.23,3137.35,3114.11,3115.34,5.14556662,38.8168490173
2019-11-21,801200,3106.78,3122.06,3099.95,3113.61,4.23861051,31.0669520319
2019-11-22,801200,3117.94,3139.84,3086.93,3102.61,5.79487805,40.7477464089
2019-11-25,801200,3105.54,3111.29,3078.24,3111.29,5.82047479,40.8860082809
2019-11-26,801200,3114.52,3120.86,3098.28,3101.44,5.03481492,35.8566124308
2019-11-27,801200,3096.93,3106.42,3083.21,3088.51,5.21296768,36.088414455700004
2019-11-28,801200,3084.54,3092.2,3072.96,3078.81,4.42629336,29.282944274699997
2019-11-29,801200,3084.02,3093.6,3072.68,3093.01,4.44111507,30.3858237537
2019-12-02,801200,3095.27,3095.91,3089.37,3089.37,4.86814841,32.9109619529
2019-12-03,801200,3080.38,3105.85,3075.2,3105.85,4.77094229,33.1265536821
2019-12-04,801200,3092.74,3109.69,3092.74,3107.01,4.69741159,30.9937159742
2019-12-05,801200,3116.5,3123.26,3109.25,3122.51,5.47735943,37.0059770643
2019-12-06,801200,3128.76,3153.07,3128.76,3153.07,6.28748493,41.3702087917
2019-12-09,801200,3158.82,3159.46,3144.75,3158.12,8.21893253,57.826209321
2019-12-10,801200,3153.84,3172.99,3144.25,3172.99,7.66398923,51.830608593
2019-12-11,801200,3171.57,3175.07,3154.91,3169.03,7.37670234,51.2742375093
2019-12-12,801200,3167.76,3167.84,3150.09,3153.22,7.61762201,52.6376697292
2019-12-13,801200,3166.89,3181.18,3166.52,3177.21,9.41268836,68.3561194565
2019-12-16,801200,3186.11,3210.12,3180.57,3210.12,9.73759693,70.2086251629
2019-12-17,801200,3210.06,3252.11,3205.71,3244.99,12.72704781,92.1093037683
2019-12-18,801200,3247.5,3258.67,3237.58,3244.35,10.84518318,81.37917616109999
2019-12-19,801200,3240.76,3257.6,3239.71,3254.19,9.32554099,67.495915901
2019-12-20,801200,3254.76,3261.63,3236.02,3236.02,9.61899617,69.54797118399999
2019-12-23,801200,3233.61,3238.24,3188.71,3190.39,9.11926737,66.7149827591
2019-12-24,801200,3192.31,3220.84,3184.67,3219.05,6.7652019,49.528616068699996
2019-12-25,801200,3221.38,3223.51,3202.36,3211.56,7.33720767,56.6156394666
2019-12-26,801200,3210.55,3226.16,3202.77,3226.16,6.97478962,52.98556622939999
2019-12-27,801200,3228.74,3253.23,3220.67,3222.81,9.83025161,73.45942462970001
2019-12-30,801200,3203.77,3230.58,3179.78,3230.58,8.46428094,58.1443031876
2019-12-31,801200,3224.73,3242.12,3222.7,3240.93,8.71802363,62.0157420108
2020-01-02,801200,3259.5,3308.85,3257.68,3306.18,12.37467207,86.7712521432
2020-01-03,801200,3316.34,3330.23,3307.8,3324.8,12.05809209,85.02683975640001
2020-01-06,801200,3299.22,3354.95,3295.27,3337.69,13.52669196,94.214864354
2020-01-07,801200,3341.25,3389.46,3341.25,3389.46,11.81072928,84.9895382228
2020-01-08,801200,3367.1,3369.53,3317.02,3322.13,11.65189593,80.88411987
2020-01-09,801200,3342.05,3376.79,3341.86,3376.79,10.93573441,81.68107551439999
2020-01-10,801200,3407.46,3415.17,3394.82,3408.39,13.87615344,99.5087609549
2020-01-13,801200,3401.7,3423.83,3382.53,3423.83,14.50568527,101.1012363168
2020-01-14,801200,3429.02,3429.61,3403.99,3406.34,12.3825129,87.5766261683
2020-01-15,801200,3404.17,3411.12,3370.19,3386.22,9.75041452,68.0142329549
2020-01-16,801200,3392.67,3392.78,3359.47,3361.8,8.97694109,66.25495281890001
2020-01-17,801200,3364.61,3370.41,3342.2,3347.84,8.24457924,58.4867058971
2020-01-20,801200,3345.05,3346.43,3323.49,3345.88,8.18382825,60.6238631729
2020-01-21,801200,3336.63,3336.91,3270.78,3271.08,8.53625569,63.415659875100005
2020-01-22,801200,3263.67,3274.26,3210.07,3263.19,8.19882014,59.708514555200004
2020-01-23,801200,3229.79,3230.09,3117.23,3136.14,11.4430118,79.8672072271
2020-02-03,801200,2839.95,2886.28,2839.95,2877.19,6.3601521,46.4852013791
2020-02-04,801200,2749.43,2894.47,2749.43,2887.38,15.46973348,98.0913584616
2020-02-05,801200,2891.95,2962.88,2891.67,2925.31,12.57095,84.1428962203
2020-02-06,801200,2930.65,3006.82,2913.73,2995.94,12.95403938,88.7793298909
2020-02-07,801200,2988.84,3018.01,2960.25,3018.01,11.1397577,75.0137046576
2020-02-10,801200,3010.14,3097.59,3007.93,3097.59,13.59216026,88.0828913902
2020-02-11,801200,3113.29,3113.29,3060.51,3069.51,11.94487623,76.10521479319999
2020-02-12,801200,3062.41,3086.82,3056.88,3086.82,9.62019396,63.8308599992
2020-02-13,801200,3082.77,3082.98,3039.03,3045.65,9.42337101,62.0613088917
2020-02-14,801200,3044.53,3051.64,3021.91,3033.8,7.61807524,49.709176822399996
2020-02-17,801200,3042.62,3110.27,3042.54,3110.27,11.45776648,75.2554337527
2020-02-18,801200,3111.8,3140.81,3096.48,3140.81,11.1031767,74.3044858232
2020-02-19,801200,3141.11,3151.03,3128.63,3128.79,9.7810927,67.1364633112
2020-02-20,801200,3132.78,3175.23,3123.34,3175.23,11.39816124,77.98029380060001
2020-02-21,801200,3171.64,3194.05,3160.37,3177.47,11.84477998,81.1171584189
2020-02-24,801200,3169.38,3173.03,3131.37,3162.88,13.21357297,89.7893337276
2020-02-25,801200,3104.39,3137.45,3055.04,3137.45,14.79649082,96.9756946034
2020-02-26,801200,3100.1,3177.59,3100.1,3146.21,16.64328172,97.6969144732
2020-02-27,801200,3159.33,3166.22,3133.57,3148.69,11.95812334,71.73227319829999
2020-02-28,801200,3092.06,3103.2,3020.6,3020.6,15.56826142,92.96876797959999
2020-03-02,801200,3028.7,3119.15,3028.7,3113.38,12.35277379,75.160430437
2020-03-03,801200,3144.08,3160.77,3124.05,3140.73,13.5140507,83.22368140729999
2020-03-04,801200,3129.79,3234.66,3125.78,3234.66,16.2133347,104.6479132089
2020-03-05,801200,3242.85,3289.64,3238.87,3285.36,19.58387186,123.3377918811
2020-03-06,801200,3262.93,3326.27,3261.94,3311.7,19.83818706,120.39347806190001
2020-03-09,801200,3273.17,3293.79,3232.81,3235.19,18.94776024,119.1291182965
2020-03-10,801200,3188.99,3280.72,3165.13,3280.72,16.7565614,109.0043156205
2020-03-11,801200,3283.41,3293.36,3262.37,3263.3,15.92415191,98.3362439907
2020-03-12,801200,3223.26,3229.65,3184.64,3209.65,13.7859767,87.52967537229999
2020-03-13,801200,3076.89,3181.71,3063.63,3167.59,15.84962663,98.4657280048
2020-03-16,801200,3187.01,3187.01,3056.29,3065.14,14.03501868,87.17149885879999
2020-03-17,801200,3062.52,3097.48,2972.73,3041.89,11.23550524,67.4555723127
2020-03-18,801200,3062.79,3097.49,2995.45,2995.45,10.62271079,62.4539138628
2020-03-19,801200,3008.06,3085.17,3007.82,3085.17,16.07542598,93.22300088290001
2020-03-20,801200,3099.49,3108.61,3052.53,3106.86,15.08450114,85.2477420008
2020-03-23,801200,3034.89,3064.18,3006.15,3014.09,12.67263665,68.9016529524
2020-03-24,801200,3056.3,3063.98,3005.37,3063.09,11.8924272,65.4960851061
2020-03-25,801200,3107.79,3120.6,3087.66,3117.87,12.93718727,73.5710505382
2020-03-26,801200,3104.55,3140.17,3091.27,3117.0,12.30685229,69.213108488
2020-03-27,801200,3151.2,3177.22,3147.65,3153.33,14.08401064,88.4239817193
2020-03-30,801200,3115.94,3155.28,3108.25,3153.09,14.11451776,90.34605960440001
2020-03-31,801200,3155.51,3183.08,3147.54,3183.08,14.99327029,84.9966071
2020-04-01,801200,3165.82,3168.31,3111.5,3117.72,13.15949894,77.88420688560001
2020-04-02,801200,3096.23,3119.66,3075.43,3119.66,10.80730351,60.771238499
2020-04-03,801200,3114.01,3127.97,3105.21,3115.51,10.59360061,60.5099062537
2020-04-07,801200,3151.8,3206.33,3140.86,3206.33,15.37696278,92.5528418642
2020-04-08,801200,3198.17,3206.51,3182.98,3198.23,15.4843616,85.899585055
2020-04-09,801200,3211.59,3242.54,3207.95,3228.37,14.5256848,83.698161873
2020-04-10,801200,3227.92,3227.97,3161.73,3171.45,12.36298666,73.1933359031
2020-04-13,801200,3151.57,3166.11,3134.19,3150.61,8.36995048,49.1428842225
2020-04-14,801200,3160.29,3199.68,3156.07,3199.68,8.55570847,52.869054140500005
2020-04-15,801200,3196.11,3196.31,3163.15,3167.58,9.75797326,59.119406582799996
2020-04-16,801200,3156.65,3188.51,3156.65,3186.25,8.81971854,58.489094844499995
2020-04-17,801200,3196.69,3199.86,3181.84,3185.91,9.64788767,65.7378218582
2020-04-20,801200,3191.96,3214.36,3183.25,3214.36,9.02178293,59.5295142227
2020-04-21,801200,3210.7,3210.76,3187.24,3202.44,11.00363332,70.0069654523
2020-04-22,801200,3189.66,3263.66,3186.28,3262.47,12.96245633,80.86786054470001
2020-04-23,801200,3276.54,3287.71,3259.27,3273.26,14.79319803,79.07146359229999
2020-04-24,801200,3279.99,3280.6,3230.98,3245.23,16.57390901,104.9712149752
2020-04-27,801200,3251.23,3302.09,3251.13,3271.36,19.06684284,114.8812410077
2020-04-28,801200,3265.94,3275.59,3179.93,3255.89,23.58334618,135.06411962209998
2020-04-29,801200,3233.22,3257.7,3219.49,3219.49,21.61579623,118.69337590389999
2020-04-30,801200,3207.89,3210.58,3192.54,3200.37,19.49755887,113.32734822389999
2020-05-06,801200,3174.67,3230.58,3168.6,3229.25,16.12204443,93.6631685257
2020-05-07,801200,3230.48,3263.94,3228.66,3251.62,18.89572695,102.8279077876
2020-05-08,801200,3250.86,3274.44,3245.05,3259.91,16.57259375,91.2328867425
2020-05-11,801200,3269.32,3271.43,3236.73,3247.52,14.01932695,82.268801201
2020-05-12,801200,3244.47,3262.3,3234.28,3261.31,13.00067263,79.1478259388
2020-05-13,801200,3255.14,3300.97,3250.38,3300.97,13.41581121,84.49299577640001
2020-05-14,801200,3289.99,3302.26,3280.58,3280.58,16.37937617,94.36341976799999
2020-05-15,801200,3290.8,3300.58,3274.88,3285.36,16.37960157,100.08120657370002
2020-05-18,801200,3286.98,3321.78,3286.98,3306.66,15.69356669,94.78889046360001
2020-05-19,801200,3322.68,3363.15,3317.41,3361.97,16.09226926,101.452152058
2020-05-20,801200,3360.33,3360.51,3317.64,3329.39,20.17261558,121.4805199226
2020-05-21,801200,3332.47,3344.09,3311.98,3315.28,17.75435026,110.7658986698
2020-05-22,801200,3303.15,3334.46,3276.95,3290.19,14.27562017,92.7699899394
2020-05-25,801200,3286.38,3317.07,3284.03,3317.07,12.30402327,81.26838465189999
2020-05-26,801200,3325.74,3376.18,3310.61,3376.18,13.75812166,87.6012542854
2020-05-27,801200,3376.56,3399.44,3366.58,3389.74,15.58041424,100.70987879219999
2020-05-28,801200,3378.45,3382.38,3325.06,3360.29,14.81759945,97.6574554664
2020-05-29,801200,3347.3,3435.95,3338.27,3432.25,16.78937492,113.9005252583
2020-06-01,801200,3456.09,3530.15,3455.8,3527.28,18.51046257,130.2986799853
2020-06-02,801200,3548.41,3620.15,3548.28,3571.63,19.25313752,141.8792449367
2020-06-03,801200,3597.89,3597.89,3564.26,3581.11,25.56464799,168.259252265
2020-06-04,801200,3611.25,3630.07,3596.44,3620.81,24.60068691,168.2666377249
2020-06-05,801200,3639.15,3639.22,3559.09,3569.73,26.2342021,179.06660907650001
2020-06-08,801200,3567.02,3567.02,3513.73,3522.2,22.4680921,141.8458676775
2020-06-09,801200,3514.58,3570.14,3514.58,3570.14,20.73419171,131.8459475759
2020-06-10,801200,3583.81,3601.43,3564.43,3587.76,18.8272998,129.4011749191
2020-06-11,801200,3581.35,3609.31,3567.37,3579.11,20.63612771,142.1638029227
2020-06-12,801200,3509.64,3653.13,3509.64,3640.8,22.24083451,148.9567421664
2020-06-15,801200,3646.66,3738.19,3646.66,3679.96,27.69842712,209.2804703867
2020-06-16,801200,3694.24,3724.83,3657.7,3724.83,21.50579611,169.3557197378
2020-06-17,801200,3720.05,3737.47,3693.55,3737.47,19.73104836,153.5312333842
2020-06-18,801200,3740.42,3740.51,3677.03,3683.31,19.90709666,165.26180504020002
2020-06-19,801200,3690.39,3789.88,3690.38,3768.6,21.40410064,185.556728539
2020-06-22,801200,3773.09,3774.98,3716.81,3741.01,22.85024932,186.8623815788
2020-06-23,801200,3731.62,3739.7,3695.86,3719.21,17.92281063,150.969158636
2020-06-24,801200,3721.76,3724.2,3691.96,3698.04,14.55751916,119.2945116818
2020-06-29,801200,3680.83,3680.93,3643.39,3662.79,13.03680371,107.2125399458
2020-06-30,801200,3707.36,3743.61,3705.42,3743.61,14.05820075,112.01898961629999
2020-07-01,801200,3759.38,3775.84,3734.4,3772.79,19.58827884,155.06516289729998
2020-07-02,801200,3774.73,3850.11,3770.69,3849.14,19.07089488,156.5256895152
2020-07-03,801200,3866.41,3914.4,3840.86,3903.73,22.61642224,202.07791518669998
2020-07-06,801200,3934.38,4069.77,3934.38,4065.95,27.90319764,215.54202085830002
2020-07-07,801200,4144.07,4223.53,4115.66,4165.39,33.36438359,295.8375122843
2020-07-08,801200,4175.86,4249.31,4142.49,4249.31,30.09991612,259.8016462652
2020-07-09,801200,4296.83,4451.11,4296.75,4426.46,34.13127743,317.1887057681
2020-07-10,801200,4435.86,4605.4,4424.22,4545.26,41.3613817,408.2417895103
2020-07-13,801200,4585.97,4636.03,4524.75,4630.18,38.22041176,385.847931829
2020-07-14,801200,4630.03,4630.03,4441.04,4503.31,41.19531254,382.67291097410003
2020-07-15,801200,4487.36,4510.84,4334.71,4381.57,32.57307595,310.7386624275
2020-07-16,801200,4369.48,4387.01,4195.3,4203.0,26.76893235,245.355795748
2020-07-17,801200,4184.34,4255.82,4135.59,4156.78,21.99735,237.86390024189998
2020-07-20,801200,4183.91,4242.57,4128.7,4242.57,21.85236133,213.80950641779998
2020-07-21,801200,4247.03,4281.68,4222.11,4265.29,22.43246869,213.6049170776
2020-07-22,801200,4239.86,4355.48,4215.51,4269.95,25.22298872,255.83425980330003
2020-07-23,801200,4220.45,4271.27,4116.94,4267.33,24.43485053,247.84083985290002
2020-07-24,801200,4254.8,4254.94,4031.42,4046.87,26.78618046,246.9929031578
2020-07-27,801200,4037.58,4043.3,3940.35,3974.23,18.40811978,168.5045942423
2020-07-28,801200,3998.96,4024.38,3976.07,4015.51,17.77265715,155.9784198257
2020-07-29,801200,4001.99,4123.0,3990.42,4121.19,18.88379611,174.1778889997
2020-07-30,801200,4123.67,4132.6,4092.85,4126.31,22.9772793,210.3412358867
2020-07-31,801200,4104.51,4161.45,4069.99,4151.2,21.74333102,201.33894298090001
2020-08-03,801200,4185.8,4272.13,4150.43,4266.04,24.37889731,238.60839910759998
2020-08-04,801200,4253.1,4253.1,4188.57,4197.8,23.74142235,222.87851353119999
2020-08-05,801200,4171.86,4250.35,4147.23,4228.31,19.72398793,171.2037953983
2020-08-06,801200,4230.22,4230.26,4126.9,4184.76,19.93460038,160.2246841335
2020-08-07,801200,4176.42,4182.11,4093.17,4142.28,16.89196477,144.97933551120002
2020-08-10,801200,4122.97,4159.78,4097.07,4139.27,15.7050952,142.6447571029
2020-08-11,801200,4146.03,4150.1,4062.01,4067.28,16.15292652,136.4330871127
2020-08-12,801200,4054.42,4067.85,3959.29,4038.3,17.40296956,140.0892331817
2020-08-13,801200,4051.7,4099.63,4036.19,4085.18,17.31475323,134.9356258327
2020-08-14,801200,4077.87,4108.29,4048.94,4102.66,15.12970567,124.346854313
2020-08-17,801200,4099.63,4157.06,4077.92,4152.47,16.7579814,143.0055083482
2020-08-18,801200,4145.26,4218.99,4136.94,4204.06,19.54892317,169.2957365778
2020-08-19,801200,4199.4,4199.65,4118.62,4118.62,20.21925557,158.1487043208
2020-08-20,801200,4096.83,4110.29,4051.25,4064.06,14.47834234,114.6520957516
2020-08-21,801200,4078.08,4101.36,4060.08,4087.35,11.15706797,95.4820604231
2020-08-24,801200,4078.54,4078.55,4001.44,4064.21,13.1511458,113.7565503676
2020-08-25,801200,4070.15,4071.33,4004.23,4015.01,12.38536754,105.61399136600001
2020-08-26,801200,4004.38,4004.49,3883.03,3902.13,14.26279192,120.6249041615
2020-08-27,801200,3906.68,3914.26,3853.79,3907.49,10.7836409,86.4522711759
2020-08-28,801200,3905.52,3956.2,3877.29,3953.1,12.22386661,103.08071053959999
2020-08-31,801200,3964.49,3982.09,3937.29,3937.29,12.49243474,104.27919385979999
2020-09-01,801200,3932.01,3932.01,3886.6,3920.24,11.33180647,88.86490149120002
2020-09-02,801200,3936.59,3981.57,3935.9,3973.82,14.08044919,112.1452711335
2020-09-03,801200,3976.92,3984.36,3924.11,3933.49,13.09405907,102.1779480129
2020-09-04,801200,3880.13,3929.27,3859.89,3924.95,10.84549249,87.1006411484
2020-09-07,801200,3926.16,3937.3,3835.36,3851.14,11.80107019,99.58221077959999
2020-09-08,801200,3865.84,3874.23,3822.67,3860.38,11.07039105,81.0617248878
2020-09-09,801200,3829.04,3834.31,3752.34,3756.49,15.17315514,106.9809391327
2020-09-10,801200,3778.63,3814.45,3718.32,3726.78,13.26396235,97.94927353870001
2020-09-11,801200,3713.51,3773.13,3709.23,3772.33,9.10113624,83.13757907760001
2020-09-14,801200,3775.89,3784.19,3744.3,3769.93,9.44749024,80.38119441890001
2020-09-15,801200,3767.72,3784.44,3746.14,3784.44,8.78822465,76.6039862979
2020-09-16,801200,3778.55,3782.98,3754.49,3768.19,8.16953675,65.83347145
2020-09-17,801200,3772.74,3780.55,3722.53,3759.07,8.90259602,72.4372337
2020-09-18,801200,3757.06,3820.73,3754.86,3817.51,10.50508442,87.72113678
2020-09-21,801200,3825.15,3845.56,3816.12,3823.8,10.94331124,93.27467689
2020-09-22,801200,3796.14,3815.13,3756.16,3766.66,9.81726403,74.40536238
2020-09-23,801200,3773.34,3779.04,3751.35,3774.21,6.97337071,56.28239518
2020-09-24,801200,3759.27,3759.66,3686.62,3690.3,9.28246497,69.677124
2020-09-25,801200,3691.76,3708.98,3678.74,3697.49,7.55403892,60.18641629
2020-09-28,801200,3697.73,3703.51,3642.78,3648.8,8.0562528,64.3531561
2020-09-29,801200,3654.6,3669.87,3623.69,3638.04,7.81578626,59.87945241
2020-09-30,801200,3648.81,3648.83,3593.26,3615.59,6.41685234,52.61595536
2020-10-09,801200,3660.39,3704.91,3660.3,3699.05,8.27143242,70.27521836
2020-10-12,801200,3715.56,3818.65,3713.59,3818.65,11.96680976,103.77872201
2020-10-13,801200,3817.87,3818.29,3776.16,3799.97,7.83028337,64.16096029
2020-10-14,801200,3805.15,3805.59,3742.2,3749.81,7.86965328,66.66182881
2020-10-15,801200,3752.74,3758.65,3721.68,3728.19,7.3878224,58.66556981
2020-10-16,801200,3731.03,3731.03,3687.92,3705.14,6.18164709,51.03816332
2020-10-19,801200,3719.97,3752.5,3692.04,3700.83,7.39482594,61.08628177
2020-10-20,801200,3694.71,3746.86,3671.24,3746.86,7.40351141,59.97163119
2020-10-21,801200,3744.93,3751.08,3709.51,3721.25,7.94588154,65.26376388
2020-10-22,801200,3717.19,3718.86,3693.24,3712.64,7.08530831,57.88964316
2020-10-23,801200,3710.18,3733.49,3655.81,3665.35,6.83474322,58.35945655
2020-10-26,801200,3666.57,3666.72,3618.17,3653.43,6.200814,51.3372491
2020-10-27,801200,3640.31,3646.34,3613.77,3626.21,6.23335428,50.59482055
2020-10-28,801200,3624.67,3631.37,3588.09,3627.52,6.94676513,55.09865328
2020-10-29,801200,3586.72,3629.44,3574.4,3616.44,6.67993006,53.27947213
2020-10-30,801200,3620.22,3625.45,3542.14,3547.79,8.70115284,67.56228289
2020-11-02,801200,3532.07,3545.71,3504.63,3515.91,8.53193909,65.48350461
2020-11-03,801200,3526.36,3579.4,3524.46,3575.52,8.50310543,67.96086901
2020-11-04,801200,3575.19,3575.22,3519.17,3546.94,7.29787656,56.6640794
2020-11-05,801200,3570.86,3621.56,3562.22,3621.56,10.43861559,81.62748819
2020-11-06,801200,3627.51,3627.52,3586.65,3610.04,9.03667818,72.58542035
2020-11-09,801200,3632.68,3670.43,3632.64,3658.02,11.44191592,93.50869915
2020-11-10,801200,3670.16,3670.16,3585.72,3603.19,10.8382795,89.84986173
2020-11-11,801200,3598.45,3614.73,3581.07,3587.07,9.31668737,75.26614964
2020-11-12,801200,3589.05,3589.73,3559.69,3579.54,7.43388088,62.72572219
2020-11-13,801200,3576.31,3576.45,3532.51,3550.33,6.92337651,58.11220882
2020-11-16,801200,3571.97,3607.72,3560.73,3607.72,11.15237173,91.15356619
2020-11-17,801200,3615.84,3615.91,3564.12,3574.3,11.90744656,99.74515576
2020-11-18,801200,3574.08,3591.36,3555.61,3569.28,9.92418804,78.94749559
2020-11-19,801200,3561.12,3564.22,3537.5,3559.72,8.68052145,67.94122533
2020-11-20,801200,3550.26,3558.34,3537.77,3557.77,7.87549264,58.22892564
2020-11-23,801200,3554.99,3576.81,3536.92,3562.02,9.73305566,76.05460725
2020-11-24,801200,3562.75,3562.88,3542.24,3546.72,8.58304647,63.3696077
2020-11-25,801200,3546.9,3547.93,3492.62,3492.68,9.01432973,69.3860439
2020-11-26,801200,3489.92,3499.61,3467.07,3490.56,8.00305487,58.82911908
2020-11-27,801200,3487.77,3506.47,3473.44,3506.47,8.30585326,58.11858646
2020-11-30,801200,3509.07,3510.28,3488.33,3506.91,10.43089495,79.94324253
2020-12-01,801200,3496.88,3520.54,3491.01,3516.71,9.20704285,72.26019543
2020-12-02,801200,3514.32,3520.2,3501.56,3513.4,9.57816138,68.02653997
2020-12-03,801200,3513.5,3540.24,3492.35,3528.17,10.52954216,71.96912199
2020-12-04,801200,3529.52,3529.7,3508.14,3520.84,7.72816875,56.61409454
2020-12-07,801200,3523.51,3527.53,3505.1,3510.91,9.20116344,66.34417849
2020-12-08,801200,3509.7,3509.78,3487.96,3491.42,8.58487914,63.50121815
2020-12-09,801200,3485.35,3485.4,3406.61,3406.61,10.95154544,81.69073379
2020-12-10,801200,3397.08,3423.44,3388.13,3403.58,8.67321811,60.73985864
2020-12-11,801200,3393.95,3394.11,3319.44,3343.1,10.94411774,79.33854937
2020-12-14,801200,3343.68,3388.87,3337.83,3387.03,10.46009566,77.83694521
2020-12-15,801200,3379.92,3380.42,3352.13,3365.73,8.27640328,70.63488901
2020-12-16,801200,3359.13,3359.37,3337.78,3339.71,8.93542593,64.0905311
2020-12-17,801200,3336.26,3358.94,3292.06,3357.86,9.33656298,71.06833412
2020-12-18,801200,3352.1,3357.82,3323.49,3329.11,8.50528266,62.54217635
2020-12-21,801200,3329.04,3346.34,3308.08,3336.83,8.25647346,62.36715024
2020-12-22,801200,3331.56,3351.47,3289.19,3294.11,10.06092055,78.26772443
2020-12-23,801200,3291.74,3331.33,3287.09,3321.5,10.5321972,83.8382111
2020-12-24,801200,3313.43,3313.6,3236.48,3245.9,9.49924485,73.47587099
2020-12-25,801200,3228.8,3244.93,3210.74,3227.21,7.32702634,56.0357376
2020-12-28,801200,3224.26,3224.26,3172.53,3180.22,9.65577255,74.16417792
2020-12-29,801200,3192.23,3211.88,3182.86,3190.46,8.78217776,61.2268204
2020-12-30,801200,3198.12,3208.68,3179.35,3181.64,9.45733548,65.25722297
2020-12-31,801200,3182.36,3233.83,3182.27,3233.83,9.76337778,72.61027972
