日期,index_code,open,high,low,close,volume,amount
2014-02-21,801780,2069.85,2076.96,2037.83,2049.03,9.45622117,62.3122220105
2014-02-24,801780,2031.78,2031.78,1983.27,1994.13,12.8912303,82.7568106374
2014-02-25,801780,1994.3,2007.3,1964.31,1969.95,10.92927653,67.9450073947
2014-02-26,801780,1960.4,1986.42,1960.39,1976.77,8.54108841,51.1965894087
2014-02-27,801780,1981.19,2020.41,1963.1,2005.24,13.35282929,83.4440824348
2014-02-28,801780,1993.33,2007.53,1967.79,1993.5,9.42850959,58.060761423
2014-03-03,801780,1984.57,1985.43,1971.98,1979.15,9.66664218,57.309091048
2014-03-04,801780,1971.99,1999.99,1956.78,1992.31,9.7493819,60.880837765900004
2014-03-05,801780,1991.76,1994.88,1962.08,1963.5,7.51685116,47.8569701839
2014-03-06,801780,1961.61,1993.77,1953.67,1982.85,10.55615552,62.1485827657
2014-03-07,801780,1979.9,2007.48,1971.61,1976.56,9.6492913,58.5509637487
2014-03-10,801780,1963.95,1964.71,1915.41,1917.13,10.92233782,65.9004854534
2014-03-11,801780,1914.61,1931.55,1907.41,1917.14,7.87533667,45.8713294028
2014-03-12,801780,1915.34,1955.71,1907.68,1940.9,11.52483342,68.9910963218
2014-03-13,801780,1958.62,2009.08,1949.39,1968.8,15.53339405,86.657451208
2014-03-14,801780,1957.95,1973.86,1934.36,1951.89,11.68368055,67.1223661304
2014-03-17,801780,1960.91,1964.12,1939.24,1952.78,6.90852971,35.5306915888
2014-03-18,801780,1958.84,1959.15,1936.0,1939.84,8.18963401,51.2378028515
2014-03-19,801780,1931.6,1931.6,1908.76,1929.54,6.91849828,41.5185308365
2014-03-20,801780,1923.09,1952.37,1920.15,1920.96,8.85404182,54.806586481800004
2014-03-21,801780,1916.5,2022.49,1916.5,2016.34,24.78292366,162.1371702792
2014-03-24,801780,2022.25,2042.24,2012.0,2027.42,21.1059187,142.8736779941
2014-03-25,801780,2022.95,2028.77,2001.55,2007.74,9.91140303,66.67228745439999
2014-03-26,801780,2013.5,2020.49,1999.96,2007.55,7.46968899,48.122593922600004
2014-03-27,801780,2004.81,2063.9,1994.02,2028.72,14.59786477,101.5439854399
2014-03-28,801780,2025.13,2064.21,2024.16,2043.06,13.8676763,86.04636888469999
2014-03-31,801780,2039.06,2049.93,2014.86,2031.17,9.87899862,60.5479894484
2014-04-01,801780,2023.68,2041.58,2017.43,2029.7,7.51541796,49.60610443189999
2014-04-02,801780,2030.17,2060.32,2025.92,2052.74,9.94345488,67.4013213221
2014-04-03,801780,2058.1,2063.62,2020.22,2023.06,11.66467181,69.3870150545
2014-04-04,801780,2013.27,2042.76,2009.58,2040.59,6.71088354,44.1009231124
2014-04-08,801780,2042.88,2138.4,2042.88,2118.0,24.86103492,181.34660328830003
2014-04-09,801780,2115.06,2119.92,2100.02,2107.04,10.91443459,76.19620575100001
2014-04-10,801780,2108.74,2154.14,2096.34,2129.47,16.54066647,116.2228221009
2014-04-11,801780,2120.58,2142.73,2112.41,2132.67,14.36192804,96.2765593853
2014-04-14,801780,2129.31,2136.65,2106.2,2116.49,8.11320799,55.0688466584
2014-04-15,801780,2107.3,2107.3,2064.62,2067.99,9.66986861,68.86143806369999
2014-04-16,801780,2062.58,2086.89,2060.1,2073.82,6.61791382,45.435887083699996
2014-04-17,801780,2083.58,2085.53,2060.46,2065.27,5.99165496,44.2362600945
2014-04-18,801780,2055.51,2067.41,2038.13,2064.29,7.471,52.2505407756
2014-04-21,801780,2053.08,2072.74,2034.63,2034.63,7.30216527,51.50319193399999
2014-04-22,801780,2032.81,2077.25,2032.81,2072.17,8.7749741,62.630369340600005
2014-04-23,801780,2065.25,2084.04,2062.89,2070.88,9.41358862,72.9586905262
2014-04-24,801780,2071.4,2090.69,2065.71,2067.41,6.63142529,46.9354109187
2014-04-25,801780,2076.42,2102.64,2065.95,2068.39,10.69051492,75.966794686
2014-04-28,801780,2071.61,2078.02,2051.89,2060.23,9.22902234,62.6001717221
2014-04-29,801780,2061.52,2074.49,2049.52,2072.69,8.11460634,50.7776920515
2014-04-30,801780,2077.4,2079.99,2064.26,2064.97,6.86837909,47.183980991300004
2014-05-05,801780,2057.61,2057.61,2026.71,2045.56,8.13014757,52.4380037708
2014-05-06,801780,2039.41,2054.38,2034.83,2038.89,5.41348417,32.9880327311
2014-05-07,801780,2037.36,2041.66,2028.07,2029.12,5.54380097,35.6691964454
2014-05-08,801780,2028.29,2059.05,2028.29,2033.6,6.31171499,41.6854050067
2014-05-09,801780,2039.83,2045.76,2032.0,2037.13,5.21622074,33.4810651033
2014-05-12,801780,2048.22,2069.9,2039.18,2064.13,9.44518059,61.770537382
2014-05-13,801780,2063.53,2063.58,2051.1,2057.1,5.32209438,33.8896513269
2014-05-14,801780,2057.14,2068.35,2051.26,2055.58,5.48918102,38.4340987041
2014-05-15,801780,2055.23,2062.22,2048.69,2050.42,5.75251819,36.3952670849
2014-05-16,801780,2050.76,2063.74,2049.16,2056.53,6.15739765,38.2826278955
2014-05-19,801780,2050.46,2050.46,2013.55,2020.27,7.63603812,51.79588426229999
2014-05-20,801780,2026.24,2029.69,2014.85,2020.42,5.43510558,31.962202726599998
2014-05-21,801780,2012.3,2034.65,2001.8,2033.09,5.14337259,29.6045781716
2014-05-22,801780,2031.4,2061.81,2028.58,2035.85,6.76088746,44.6437893001
2014-05-23,801780,2037.41,2052.57,2035.29,2052.09,4.4211928,29.3126825823
2014-05-26,801780,2062.33,2063.78,2048.2,2054.56,4.87079612,32.8387065536
2014-05-27,801780,2053.38,2060.29,2048.92,2050.19,5.35187473,33.8734443808
2014-05-28,801780,2049.4,2065.1,2042.86,2061.78,6.50667043,42.22532303
2014-05-29,801780,2063.45,2070.93,2051.77,2053.39,5.64041216,37.6156040448
2014-05-30,801780,2054.1,2060.29,2046.83,2051.16,5.17159454,32.9097934072
2014-06-03,801780,2053.03,2066.47,2051.8,2053.36,5.75251821,34.0397478277
2014-06-04,801780,2053.9,2053.9,2030.72,2038.07,6.74373582,39.0367392586
2014-06-05,801780,2037.31,2062.15,2035.02,2061.02,6.05506808,34.2608576408
2014-06-06,801780,2061.36,2061.76,2033.49,2042.71,5.75823379,34.5810083519
2014-06-09,801780,2034.86,2068.93,2034.1,2049.11,5.8213138,35.6477826342
2014-06-10,801780,2057.36,2074.42,2048.32,2074.42,8.29200382,51.4160988079
2014-06-11,801780,2068.64,2074.34,2060.06,2067.41,6.02793874,36.287806111799995
2014-06-12,801780,2062.2,2067.63,2056.84,2060.8,5.1255566,31.9001613375
2014-06-13,801780,2061.39,2104.47,2061.39,2094.73,12.26637591,81.6626177603
2014-06-16,801780,2093.95,2127.92,2088.5,2123.31,13.07629203,86.224406288
2014-06-17,801780,2114.07,2114.07,2099.53,2103.38,8.28486582,51.9808196821
2014-06-18,801780,2102.22,2106.43,2089.33,2092.24,8.82775337,46.634476255299994
2014-06-19,801780,2093.6,2099.84,2068.77,2074.68,7.25114047,43.223436050299995
2014-06-20,801780,2064.97,2080.6,2062.64,2078.91,6.13139844,36.3638139717
2014-06-23,801780,2079.49,2083.47,2065.17,2065.95,5.66756633,36.3942374096
2014-06-24,801780,2053.09,2060.63,2051.41,2055.85,5.10537956,32.7797344599
2014-06-25,801780,2052.0,2053.26,2038.12,2044.38,4.76366766,27.956843375300004
2014-06-26,801780,2045.15,2055.64,2045.15,2052.22,5.56332005,31.6935437084
2014-06-27,801780,2047.31,2050.0,2039.03,2042.58,5.2396198,31.0270779005
2014-06-30,801780,2045.3,2059.08,2045.3,2052.94,5.53520949,33.941934690500005
2014-07-01,801780,2060.28,2062.01,2047.09,2052.78,4.68461613,26.9662396062
2014-07-02,801780,2053.59,2059.44,2048.04,2057.51,5.32494846,29.152295845100003
2014-07-03,801780,2048.32,2057.52,2045.27,2056.71,6.77186109,40.4665043137
2014-07-04,801780,2056.33,2058.11,2051.14,2055.71,5.60598959,32.6554968915
2014-07-07,801780,2055.75,2058.18,2049.59,2056.11,5.26624567,29.497962462199997
2014-07-08,801780,2054.99,2060.81,2047.73,2058.29,6.0537551,34.9244923474
2014-07-09,801780,2056.74,2056.74,2028.03,2029.04,8.00797656,47.2696252037
2014-07-10,801780,2020.62,2026.95,2014.51,2018.06,6.40050485,36.5611281158
2014-07-11,801780,1990.38,2002.08,1989.61,1994.23,6.46845556,36.609215882
2014-07-14,801780,1996.42,2002.78,1986.03,2001.79,7.02974321,39.2134767012
2014-07-15,801780,2001.29,2006.22,1998.6,2005.97,7.12636493,39.1584128923
2014-07-16,801780,2004.34,2007.45,1999.21,2007.03,7.94006421,45.111246573500004
2014-07-17,801780,1997.74,1997.74,1986.87,1992.45,5.83935675,32.1257248322
2014-07-18,801780,1978.59,1991.13,1977.88,1986.32,6.74756716,40.234436430100004
2014-07-21,801780,1985.28,1985.8,1974.3,1978.6,5.2935487,29.5610579596
2014-07-22,801780,1974.5,2004.93,1972.24,1998.34,9.76844172,60.788881153599995
2014-07-23,801780,1996.85,2011.9,1996.85,2004.92,9.59666571,55.8036648802
2014-07-24,801780,2007.42,2071.01,2007.42,2062.84,21.36802911,141.3105765442
2014-07-25,801780,2068.57,2082.68,2062.78,2081.1,12.37185456,79.0269446508
2014-07-28,801780,2092.41,2194.26,2092.41,2185.78,35.6629576,221.4373056278
2014-07-29,801780,2196.17,2220.87,2181.97,2201.42,26.44545289,159.8322065612
2014-07-30,801780,2199.96,2221.46,2179.64,2183.42,20.26530621,120.43233433209998
2014-07-31,801780,2179.89,2213.83,2178.54,2213.83,16.8593754,96.89760937209999
2014-08-01,801780,2205.76,2237.68,2194.57,2194.57,22.94109527,132.0353953608
2014-08-04,801780,2202.83,2229.17,2194.4,2228.95,20.09521997,115.5576429282
2014-08-05,801780,2227.08,2228.96,2198.54,2208.13,15.10341611,92.37343985870001
2014-08-06,801780,2196.75,2196.75,2163.08,2182.8,14.48180792,94.03370927459999
2014-08-07,801780,2180.91,2184.68,2147.31,2147.31,12.75860317,78.7521155554
2014-08-08,801780,2149.39,2160.34,2142.46,2153.82,10.65257484,65.12637646649999
2014-08-11,801780,2159.83,2187.2,2159.83,2183.15,10.70143013,67.8402244566
2014-08-12,801780,2175.44,2175.44,2153.88,2161.94,9.84106725,62.2536430276
2014-08-13,801780,2160.94,2172.74,2142.25,2154.14,10.72401445,66.40562007310001
2014-08-14,801780,2155.18,2158.43,2137.41,2139.05,9.85220325,63.843482975200004
2014-08-15,801780,2140.39,2156.15,2130.84,2149.33,9.50125289,62.632292524300006
2014-08-18,801780,2150.78,2163.8,2143.85,2150.78,9.23896551,59.497208783199994
2014-08-19,801780,2153.19,2153.19,2138.94,2151.38,9.97211118,62.1621602495
2014-08-20,801780,2148.44,2148.44,2136.57,2139.27,7.79546358,47.8279360725
2014-08-21,801780,2137.59,2137.59,2106.94,2119.6,10.24241978,63.29711645810001
2014-08-22,801780,2115.83,2134.6,2113.94,2130.52,8.18198901,50.1804714338
2014-08-25,801780,2130.73,2130.73,2107.31,2110.07,8.03236766,48.677260715500005
2014-08-26,801780,2108.16,2121.22,2105.72,2115.38,8.52662101,51.72724341
2014-08-27,801780,2113.51,2121.09,2108.0,2112.3,6.41464834,41.413131391
2014-08-28,801780,2109.83,2112.25,2085.87,2085.87,8.11632572,48.8548270896
2014-08-29,801780,2092.68,2111.96,2087.68,2109.31,6.8719363,40.076857127
2014-09-01,801780,2109.99,2114.55,2099.44,2110.35,9.43946014,55.7656220077
2014-09-02,801780,2113.82,2145.14,2104.06,2143.01,14.25626146,89.1002131558
2014-09-03,801780,2144.58,2170.49,2142.63,2160.62,14.51265564,91.846433748
2014-09-04,801780,2163.63,2176.32,2153.25,2172.81,10.84174647,68.86926650720001
2014-09-05,801780,2177.6,2187.16,2172.33,2184.8,12.47917549,79.1907248954
2014-09-09,801780,2186.12,2187.19,2162.08,2165.7,9.86657128,65.0327435147
2014-09-10,801780,2157.29,2157.29,2141.79,2145.6,9.78031474,60.735930597
2014-09-11,801780,2144.12,2170.95,2138.35,2143.47,12.18286183,78.4094333307
2014-09-12,801780,2140.14,2149.77,2132.99,2149.77,7.36682704,48.1590514055
2014-09-15,801780,2141.19,2149.77,2130.82,2142.13,10.3755717,64.16278957819999
2014-09-16,801780,2145.49,2165.1,2133.1,2136.55,20.58350195,120.0508883745
2014-09-17,801780,2143.99,2145.68,2129.86,2136.57,12.28959594,72.35857745979999
2014-09-18,801780,2131.94,2164.97,2128.43,2151.14,19.59847195,116.84786026889999
2014-09-19,801780,2149.55,2164.76,2144.45,2159.64,14.56171711,96.4127667462
2014-09-22,801780,2151.05,2151.05,2106.21,2109.64,13.5517308,85.0603537375
2014-09-23,801780,2108.64,2125.75,2106.62,2119.87,8.83130781,54.2467944556
2014-09-24,801780,2112.45,2154.95,2109.47,2149.6,16.56411985,100.83640732149999
2014-09-25,801780,2159.3,2161.22,2133.29,2139.51,13.87890271,84.7727595339
2014-09-26,801780,2133.91,2138.79,2123.64,2135.1,7.98867624,50.2350399202
2014-09-29,801780,2136.68,2144.7,2130.39,2136.78,12.68141123,77.0687116474
2014-09-30,801780,2138.39,2140.19,2128.96,2137.18,10.56469875,64.5806770238
2014-10-08,801780,2141.97,2157.8,2131.35,2157.8,14.45147998,91.9355093631
2014-10-09,801780,2158.12,2162.72,2146.68,2155.92,11.68770615,77.3959693192
2014-10-10,801780,2146.13,2150.9,2137.77,2144.57,12.02089767,75.0839077406
2014-10-13,801780,2135.51,2136.74,2114.64,2125.05,10.74291795,64.9531919321
2014-10-14,801780,2120.0,2133.11,2115.32,2120.13,9.62022417,56.3756987537
2014-10-15,801780,2119.51,2134.07,2110.64,2130.24,11.02456381,65.9289269812
2014-10-16,801780,2120.44,2162.59,2117.58,2138.47,21.2561157,135.4615488642
2014-10-17,801780,2136.23,2143.79,2119.16,2129.45,13.16320954,79.704991865
2014-10-20,801780,2138.0,2142.54,2126.54,2137.73,10.32200909,63.7242558921
2014-10-21,801780,2136.25,2136.53,2119.09,2121.58,9.36697444,57.3943234136
2014-10-22,801780,2121.68,2136.7,2121.3,2123.21,10.15349496,62.9729812753
2014-10-23,801780,2123.99,2140.56,2119.92,2123.31,13.77463903,90.8956050322
2014-10-24,801780,2125.84,2129.11,2116.22,2119.03,9.45913718,62.371023098500004
2014-10-27,801780,2109.92,2110.57,2079.27,2083.27,11.67119305,73.4450481339
2014-10-28,801780,2086.1,2108.47,2086.1,2107.72,9.77661636,60.9970282342
2014-10-29,801780,2111.09,2141.64,2106.48,2132.8,16.63993223,103.6291660152
2014-10-30,801780,2132.8,2166.62,2124.95,2159.38,25.4490221,151.70499618969998
2014-10-31,801780,2166.71,2268.83,2166.71,2238.3,56.47947859,364.1698718229
2014-11-03,801780,2246.75,2246.86,2214.31,2219.93,27.94251528,185.4016197702
2014-11-04,801780,2220.11,2220.11,2197.07,2202.73,19.91486418,129.9072460676
2014-11-05,801780,2201.66,2204.56,2176.84,2185.62,21.27508338,130.0258961856
2014-11-06,801780,2190.76,2194.72,2177.62,2186.79,13.01344694,82.6596878404
2014-11-07,801780,2185.55,2246.0,2180.11,2199.32,34.12281851,238.0579232597
2014-11-10,801780,2253.34,2272.73,2230.48,2263.47,41.6663742,270.8851450125
2014-11-11,801780,2276.09,2384.96,2276.09,2332.83,86.94541583,523.4954448113
2014-11-12,801780,2306.9,2326.76,2287.8,2326.76,35.90873454,207.2951938831
2014-11-13,801780,2333.81,2370.77,2311.91,2316.39,38.54306218,238.90599830349998
2014-11-14,801780,2309.8,2318.05,2278.81,2304.03,24.66156758,147.90363398879998
2014-11-17,801780,2323.3,2330.08,2263.88,2264.84,25.78136695,151.7663322865
2014-11-18,801780,2267.17,2267.17,2215.28,2221.31,26.29303377,151.6652879391
2014-11-19,801780,2216.77,2226.45,2205.38,2217.87,16.12557084,95.86521808059999
2014-11-20,801780,2209.7,2229.8,2199.84,2219.31,16.40635839,102.1549012858
2014-11-21,801780,2219.36,2261.55,2203.8,2257.08,23.5164266,151.4219999071
2014-11-24,801780,2220.32,2282.45,2207.93,2259.48,45.5069547,301.32400395919996
2014-11-25,801780,2253.76,2296.54,2245.43,2291.45,33.06008338,214.8576810174
2014-11-26,801780,2297.5,2360.14,2291.45,2346.88,50.77607158,335.2879102091
2014-11-27,801780,2368.4,2402.01,2347.43,2383.73,60.11973962,376.3594381861
2014-11-28,801780,2388.87,2581.45,2383.29,2578.3,116.47855705,770.2286259947999
2014-12-01,801780,2600.9,2694.0,2555.25,2557.41,100.11224831,682.8729324576
2014-12-02,801780,2551.71,2759.2,2545.41,2730.49,106.80063566,713.8606099783
2014-12-03,801780,2740.62,2833.54,2671.7,2709.0,117.75404099,831.9284556383
2014-12-04,801780,2720.91,2887.86,2691.19,2887.63,109.99291449,785.0619975771001
2014-12-05,801780,2914.32,3054.7,2817.82,2968.49,148.04375655,1066.3117146075
2014-12-08,801780,2920.8,3061.46,2880.63,3016.67,129.63084395,934.7572140697
2014-12-09,801780,2962.4,3072.24,2733.17,2753.18,140.89859844,1013.2618805205001
2014-12-10,801780,2763.69,2882.22,2641.41,2857.57,97.02172261,681.0305386673999
2014-12-11,801780,2808.27,2926.05,2788.38,2830.2,67.35474966,521.6534462756
2014-12-12,801780,2821.55,2878.66,2775.98,2802.3,50.13697518,372.6853114596
2014-12-15,801780,2764.75,2764.75,2697.07,2746.63,47.72050987,331.5853779802
2014-12-16,801780,2739.44,2871.76,2731.08,2871.76,70.47293579,503.4930239272
2014-12-17,801780,2890.58,3114.34,2868.17,3072.45,148.46561965,1154.5724207992998
2014-12-18,801780,3111.65,3112.44,2993.16,3025.58,87.15769247,708.9842367205
2014-12-19,801780,3025.23,3097.86,2982.94,3071.84,81.01898256,601.1654166851
2014-12-22,801780,3077.73,3325.52,3077.73,3239.33,166.34090727,1178.2820719027
2014-12-23,801780,3157.72,3275.62,3104.64,3124.67,103.23405078,718.0739107392999
2014-12-24,801780,3115.64,3124.91,2943.68,2999.8,77.72275214,565.2060654125
2014-12-25,801780,3066.34,3162.95,3016.28,3139.01,80.41714717,612.7114715677
2014-12-26,801780,3151.69,3249.55,3125.46,3243.13,94.82264052,727.2264020717
2014-12-29,801780,3362.48,3430.98,3191.79,3243.04,112.54416132,916.3543936489999
2014-12-30,801780,3249.52,3364.17,3234.02,3342.35,94.95213862,751.0132419403
2014-12-31,801780,3347.77,3434.7,3289.97,3429.09,109.34872568,842.9081934314
2015-01-05,801780,3454.2,3532.96,3394.02,3487.86,112.43990338,877.6199546816999
2015-01-06,801780,3441.49,3588.56,3414.91,3452.59,107.4531908,826.4206589736999
2015-01-07,801780,3403.59,3464.08,3350.83,3405.26,72.68951398,566.938501353
2015-01-08,801780,3417.38,3419.86,3271.24,3279.05,65.80878912,495.03199915050004
2015-01-09,801780,3263.15,3488.06,3243.56,3312.14,104.29574301,795.401979081
2015-01-12,801780,3293.28,3333.68,3209.11,3268.84,61.41403689,480.07324977720003
2015-01-13,801780,3254.72,3293.35,3234.52,3249.67,36.22572937,276.09797845090003
2015-01-14,801780,3271.0,3353.87,3271.0,3306.09,57.33951829,425.12834055760004
2015-01-15,801780,3306.61,3430.67,3275.96,3430.67,64.69182107,494.46867905089994
2015-01-16,801780,3440.32,3509.52,3420.57,3468.26,84.96690164,686.5748360978
2015-01-19,801780,3184.14,3288.49,3122.06,3122.38,94.24633876,715.5304109794
2015-01-20,801780,3120.41,3180.71,3064.49,3130.4,74.11630414,551.9587631058
2015-01-21,801780,3149.85,3325.4,3117.64,3300.97,90.30897748,654.6940495429
2015-01-22,801780,3293.49,3306.62,3239.66,3285.3,60.13394051,442.49056628430003
2015-01-23,801780,3298.96,3375.65,3283.05,3304.81,69.97531838,514.8103037216
2015-01-26,801780,3300.12,3302.58,3233.01,3283.16,49.56884242,368.48210205379996
2015-01-27,801780,3283.41,3285.74,3143.96,3197.35,59.11594499,435.77882440660005
2015-01-28,801780,3161.79,3212.99,3131.44,3153.57,42.55944454,314.5122745638
2015-01-29,801780,3099.22,3117.6,3067.85,3087.09,44.18516401,311.5131305669
2015-01-30,801780,3114.32,3132.4,3059.43,3075.84,36.49908567,273.5458353529
2015-02-02,801780,2981.54,3030.18,2976.26,2978.83,44.70380839,303.0446876917
2015-02-03,801780,3012.3,3059.43,2979.61,3057.06,45.59702593,298.0102301476
2015-02-04,801780,3060.31,3077.45,2994.74,2995.26,35.44560786,238.1831509648
2015-02-05,801780,3141.11,3141.11,2990.28,2990.28,73.37933141,528.0213216972
2015-02-06,801780,2970.05,3007.47,2921.73,2945.69,40.9991078,271.2800320782
2015-02-09,801780,2938.3,2998.85,2903.38,2971.42,39.98456982,268.7847146393
2015-02-10,801780,2967.97,3033.33,2955.86,3022.54,37.36511045,251.2332573755
2015-02-11,801780,3019.51,3034.63,3001.8,3014.68,22.66254325,158.8804319892
2015-02-12,801780,3015.56,3016.2,2968.8,3006.38,25.35130092,195.04967224450002
2015-02-13,801780,3019.16,3069.77,3004.51,3028.63,46.35620842,320.93621283560003
2015-02-16,801780,3020.61,3020.61,2994.62,3012.57,27.24899066,200.5217527923
2015-02-17,801780,3016.54,3047.01,3016.54,3026.77,26.43650132,185.4696877148
2015-02-25,801780,3028.61,3028.61,2978.32,2990.76,26.28909337,189.997114272
2015-02-26,801780,2984.31,3062.2,2968.08,3058.73,42.5711914,291.8515921364
2015-02-27,801780,3058.05,3084.25,3042.3,3046.56,35.6977488,254.2872955375
2015-03-02,801780,3059.12,3059.12,3019.77,3048.01,42.01666799,301.29941599169996
2015-03-03,801780,3031.63,3047.2,2951.44,2951.44,47.14596032,319.7143454756
2015-03-04,801780,2961.65,2961.65,2923.92,2937.84,34.86922628,222.6154664565
2015-03-05,801780,2918.41,2919.31,2853.01,2871.58,43.37771992,279.6199210666
2015-03-06,801780,2870.82,2899.16,2869.02,2890.91,28.67985961,180.2691415004
2015-03-09,801780,2903.09,3085.87,2868.52,3061.02,83.03423812,621.1888099055001
2015-03-10,801780,3027.95,3035.51,2985.33,2986.97,51.06795318,405.1589419711
2015-03-11,801780,2994.08,3066.85,2994.08,3016.8,48.22352163,358.25860586510004
2015-03-12,801780,3094.54,3221.23,3069.1,3168.65,104.19634979,899.3477906364
2015-03-13,801780,3178.39,3277.28,3155.88,3180.57,77.56147989,694.8730000057001
2015-03-16,801780,3203.61,3224.83,3162.35,3223.59,61.27226498,517.8028217844001
2015-03-17,801780,3251.35,3265.79,3215.68,3247.35,69.9603461,544.5692539908999
2015-03-18,801780,3250.75,3319.23,3237.92,3319.23,84.87689958,617.9380583464
2015-03-19,801780,3318.74,3318.74,3265.32,3280.02,65.59033074,508.0278650349
2015-03-20,801780,3277.33,3356.46,3234.27,3306.21,86.37728985,674.7735294682
2015-03-23,801780,3330.73,3363.59,3316.29,3347.88,71.74384782,573.5890457607
2015-03-24,801780,3342.8,3380.48,3299.89,3322.99,85.64747737,602.0073361322001
2015-03-25,801780,3300.43,3319.15,3222.03,3231.62,72.82180118,521.7499078669
2015-03-26,801780,3210.82,3295.16,3186.29,3254.44,59.00288801,456.6326969188
2015-03-27,801780,3250.85,3291.22,3216.51,3258.65,54.70707035,398.99162651
2015-03-30,801780,3299.28,3400.16,3278.63,3389.81,100.28536593,770.0890669844999
2015-03-31,801780,3447.12,3488.57,3332.26,3346.47,95.49456264,755.9526292975
2015-04-01,801780,3340.13,3402.65,3329.53,3371.2,62.3399742,478.1946404143
2015-04-02,801780,3395.04,3400.7,3314.13,3352.17,62.71781397,493.3159174643
2015-04-03,801780,3332.78,3379.61,3326.4,3376.54,54.76357395,429.8012221055
2015-04-07,801780,3425.28,3492.85,3420.28,3478.23,96.27209899,745.9604582086
2015-04-08,801780,3483.24,3556.5,3449.43,3556.48,106.56303575,835.6172177625
2015-04-09,801780,3559.17,3640.01,3513.83,3523.0,101.28688045,809.2632630164
2015-04-10,801780,3519.03,3626.12,3511.39,3618.02,85.45364072,692.8085807964999
2015-04-13,801780,3735.97,3772.31,3675.79,3732.56,120.73194988,927.4222426432001
2015-04-14,801780,3740.31,3740.31,3666.32,3696.54,84.76048867,723.6173360292
2015-04-15,801780,3690.75,3845.1,3675.6,3767.68,119.00099671,959.0909551358001
2015-04-16,801780,3746.04,3879.22,3730.58,3879.22,97.04573504,822.9779081093
2015-04-17,801780,3949.92,3959.51,3861.41,3875.08,117.76630967,985.4843328572999
2015-04-20,801780,3920.13,3922.7,3703.6,3718.36,140.54087583,1141.2523476109
2015-04-21,801780,3713.01,3781.74,3689.78,3774.93,83.65205119,676.4774802818
2015-04-22,801780,3800.59,3848.22,3769.48,3848.22,93.60916004,792.9712071614
2015-04-23,801780,3853.83,3859.25,3768.94,3791.23,78.95137689,685.0142258968
2015-04-24,801780,3720.23,3738.64,3639.67,3681.81,82.63338084,702.4720830961
2015-04-27,801780,3697.81,3796.33,3697.81,3796.33,93.46439261,797.3638412261
2015-04-28,801780,3807.66,4005.22,3791.43,3874.71,169.99650744,1388.1225045904998
2015-04-29,801780,3849.96,3862.98,3805.71,3840.9,79.04737366,655.7354757559
2015-04-30,801780,3839.43,3876.96,3778.36,3778.97,72.84946187,658.0718059598
2015-05-04,801780,3775.56,3795.11,3731.79,3782.19,56.64607877,496.19847078739997
2015-05-05,801780,3768.23,3768.23,3593.7,3615.31,79.01712065,659.2468489625
2015-05-06,801780,3634.8,3727.9,3591.2,3616.98,69.34531413,609.1286457007
2015-05-07,801780,3607.23,3643.74,3598.31,3604.46,50.2244724,417.8798912419
2015-05-08,801780,3639.59,3655.97,3555.74,3618.42,45.71421688,398.40365200220003
2015-05-11,801780,3597.99,3677.04,3553.04,3676.58,69.04175536,597.5093071287
2015-05-12,801780,3670.09,3697.02,3632.7,3676.63,61.08686053,532.6761253805
2015-05-13,801780,3700.58,3708.39,3609.77,3635.24,57.03705138,496.604351993
2015-05-14,801780,3641.76,3668.31,3611.23,3624.4,48.69612881,457.33884705879996
2015-05-15,801780,3608.21,3630.03,3522.6,3551.55,47.45430222,412.6897308756
2015-05-18,801780,3521.66,3545.64,3478.63,3484.44,39.87460384,341.025008908
2015-05-19,801780,3479.01,3622.22,3476.78,3607.2,52.75661133,482.4514798518
2015-05-20,801780,3617.48,3689.13,3589.72,3623.89,59.97145772,553.3800941669
2015-05-21,801780,3641.06,3647.74,3610.14,3637.16,41.03981827,353.2965783699
2015-05-22,801780,3668.96,3752.47,3653.0,3751.79,71.90817775,643.5631357716001
2015-05-25,801780,3782.95,3842.53,3782.95,3838.59,75.23622686,686.2001936411
2015-05-26,801780,3852.0,3857.19,3789.59,3844.89,66.85394534,609.3212407067
2015-05-27,801780,3837.66,3862.88,3767.27,3788.99,63.07227723,573.509778891
2015-05-28,801780,3784.75,3795.33,3574.14,3579.33,85.83272338,741.6155807256
2015-05-29,801780,3587.0,3621.06,3505.61,3574.97,66.54997355,565.5833147523
2015-06-01,801780,3574.38,3758.97,3540.55,3742.81,83.22226195,700.2541304618
2015-06-02,801780,3732.5,3770.92,3688.69,3749.33,75.61958858,619.5514359669
2015-06-03,801780,3737.53,3783.9,3675.41,3764.68,74.77115821,683.2296814484
2015-06-04,801780,3783.7,3973.95,3745.89,3936.7,141.01087054,1247.2390662598
2015-06-05,801780,4015.73,4029.14,3830.7,3901.38,110.57533819,960.1724429927001
2015-06-08,801780,3917.0,4153.61,3891.77,4144.97,178.11029173,1440.8855007143
2015-06-09,801780,4160.93,4216.1,4047.79,4105.81,157.17052531,1258.5312846922
2015-06-10,801780,4051.27,4106.88,4031.9,4057.58,88.05603898,729.6996447042
2015-06-11,801780,4058.43,4058.43,4013.24,4013.24,74.4260088,610.7140246334
2015-06-12,801780,4031.76,4049.7,3961.61,4039.88,82.79745143,739.8862163629
2015-06-15,801780,4041.92,4043.57,3909.87,3915.19,81.43748248,722.2107482117999
2015-06-16,801780,3891.25,3961.11,3829.6,3867.32,76.92564757,634.4475525883
2015-06-17,801780,3934.35,3968.79,3867.53,3894.97,95.42939382,842.2472329599001
2015-06-18,801780,3850.63,3850.63,3719.99,3722.57,75.84892116,646.0457811839
2015-06-19,801780,3697.18,3735.49,3542.09,3550.03,67.74713334,577.5157146041
2015-06-23,801780,3544.86,3659.84,3471.21,3655.03,68.65555159,565.9217504758
2015-06-24,801780,3661.64,3727.34,3591.59,3719.91,69.0695544,595.7530216176999
2015-06-25,801780,3823.85,3823.85,3612.16,3630.16,82.34859472,738.5867060058999
2015-06-26,801780,3561.46,3670.22,3335.22,3441.89,93.13603469,772.3475270205
2015-06-29,801780,3523.03,3568.83,3244.93,3471.79,103.51556281,862.6519947771001
2015-06-30,801780,3488.76,3704.01,3475.11,3702.87,112.16720222,948.4326241100999
2015-07-01,801780,3638.87,3698.9,3554.03,3568.3,82.42332843,695.822028977
2015-07-02,801780,3605.83,3661.16,3448.33,3602.87,116.88644105,937.5500636049001
2015-07-03,801780,3567.72,3591.23,3352.91,3421.56,95.28537801,760.3255413932001
2015-07-06,801780,3714.7,3714.7,3562.66,3691.71,204.18129569,1542.1872486756
2015-07-07,801780,3607.93,3890.46,3587.12,3873.76,213.70164925,1755.5636752163
2015-07-08,801780,3609.06,3867.06,3493.14,3611.97,239.25850705,1918.0012289345002
2015-07-09,801780,3591.82,3898.05,3436.56,3794.1,168.64447696,1378.1008675097
2015-07-10,801780,3697.08,4039.24,3651.98,3830.41,177.39086967,1501.760039114
2015-07-13,801780,3727.07,3806.64,3657.99,3712.82,117.79864758,959.4071333876
2015-07-14,801780,3650.85,3689.87,3539.54,3635.35,98.2571536,777.3159767917999
2015-07-16,801780,3699.88,3710.21,3605.12,3641.82,69.75801281,528.6292486243
2015-07-17,801780,3657.23,3678.76,3608.74,3657.42,57.77404451,467.0813442415
2015-07-20,801780,3639.54,3649.7,3604.52,3618.28,54.15278339,435.0170772163
2015-07-21,801780,3593.41,3610.64,3561.54,3566.5,45.81504068,365.0880282896
2015-07-22,801780,3546.9,3560.91,3526.81,3530.51,40.30403305,318.59576776299997
2015-07-23,801780,3524.74,3577.27,3515.3,3570.04,43.55639363,349.7980747796
2015-07-24,801780,3570.83,3577.16,3516.87,3518.51,44.65177375,362.5590402685
2015-07-27,801780,3482.67,3492.01,3239.51,3241.0,62.66480555,482.9592617277
2015-07-28,801780,3186.28,3332.7,3185.24,3297.99,61.06330426,469.1810185766
2015-07-29,801780,3286.71,3307.42,3261.95,3304.81,36.6078776,275.8805408276
2015-07-30,801780,3303.21,3303.21,3242.7,3242.7,31.86479856,238.79586914599997
2015-07-31,801780,3236.58,3276.9,3204.12,3260.98,32.75394549,254.83780795709998
2015-08-03,801780,3234.86,3344.99,3222.83,3343.84,44.12555216,336.72167768279996
2015-08-04,801780,3327.34,3364.4,3301.83,3362.24,24.16090604,183.9722926002
2015-08-05,801780,3347.19,3353.51,3302.63,3302.63,18.90752958,141.77196676129998
2015-08-06,801780,3279.8,3346.45,3278.89,3303.11,16.20158637,131.1335291813
2015-08-07,801780,3323.17,3345.89,3309.81,3323.23,19.02985797,150.0980540883
2015-08-10,801780,3312.07,3401.36,3312.07,3394.89,36.96560546,280.6138900872
2015-08-11,801780,3376.42,3376.42,3329.91,3342.52,28.53178101,222.5176378609
2015-08-12,801780,3304.97,3325.37,3287.99,3290.17,21.39582713,164.2101223114
2015-08-13,801780,3300.61,3312.78,3259.84,3290.34,20.33610804,149.8745788292
2015-08-14,801780,3294.36,3296.93,3271.98,3280.39,18.74301939,141.36192284860002
2015-08-17,801780,3265.44,3266.03,3222.26,3237.81,23.23882792,172.02164134080002
2015-08-18,801780,3237.47,3269.93,3138.26,3140.24,35.61475127,263.1256020193
2015-08-19,801780,3137.3,3154.88,3068.28,3154.88,36.04313957,254.7507263861
2015-08-20,801780,3147.57,3153.16,3100.74,3100.74,23.52175809,162.8310013334
2015-08-21,801780,3082.04,3107.37,3027.37,3031.38,31.01346165,212.0234525091
2015-08-24,801780,2958.86,2961.86,2733.98,2758.06,58.13787343,391.29264092010004
2015-08-25,801780,2662.96,2784.43,2542.44,2593.16,56.19120787,354.3139189077
2015-08-26,801780,2635.56,2776.87,2597.05,2735.03,55.17803433,352.77925189260003
2015-08-27,801780,2774.27,2946.42,2713.48,2943.39,50.45204941,333.5629374009
2015-08-28,801780,2955.83,2977.5,2903.58,2958.28,45.69495801,320.8927376762
2015-08-31,801780,2929.63,3057.54,2871.15,3055.98,45.2090394,330.843538083
2015-09-01,801780,2990.2,3155.25,2967.13,3141.8,83.66274499,552.9987235606
2015-09-07,801780,3132.97,3132.97,2980.54,2990.33,40.53781379,284.085209292
2015-09-08,801780,2971.11,3075.35,2947.26,3044.46,29.16066021,215.85372659150002
2015-09-09,801780,3037.86,3070.82,3031.58,3062.46,27.09842355,200.9847967238
2015-09-10,801780,3034.08,3087.09,3025.72,3086.23,20.57942964,166.2073839137
2015-09-11,801780,3071.23,3094.94,3060.61,3071.55,14.7060055,128.4040313338
2015-09-14,801780,3070.04,3151.69,2986.57,3150.82,33.91573992,276.34011457599996
2015-09-15,801780,3097.35,3129.17,3083.29,3122.87,26.72739073,197.95678732209998
2015-09-16,801780,3100.84,3181.91,3067.62,3134.34,20.06513342,144.7700978346
2015-09-17,801780,3111.43,3141.82,3081.07,3081.07,14.99780662,109.98320034209999
2015-09-18,801780,3084.43,3100.59,3068.98,3069.37,11.67536891,82.4792314364
2015-09-21,801780,3051.66,3067.61,3040.99,3059.79,12.0733254,83.6869655206
2015-09-22,801780,3060.97,3109.84,3056.2,3088.53,12.01613006,92.4347932566
2015-09-23,801780,3063.87,3075.95,3029.58,3034.64,10.45217779,76.5224393971
2015-09-24,801780,3046.64,3047.38,3018.96,3033.75,8.14998312,63.497626286300004
2015-09-25,801780,3026.58,3071.06,3010.32,3071.06,13.53765404,104.0350070121
2015-09-28,801780,3044.73,3049.66,3031.87,3044.05,7.74438675,57.816470423
2015-09-29,801780,3012.02,3021.46,2991.93,3007.53,9.86927794,72.28240536189999
2015-09-30,801780,3012.31,3055.54,3005.42,3037.53,10.14272915,95.014475779
2015-10-08,801780,3103.97,3106.55,3055.66,3055.66,13.29529162,106.5609104772
2015-10-09,801780,3071.33,3092.74,3063.75,3078.93,10.10682654,70.7965606945
2015-10-12,801780,3086.2,3156.87,3078.96,3132.91,20.93128482,154.5686680858
2015-10-13,801780,3122.6,3122.6,3103.13,3110.4,10.78902689,79.53915317069999
2015-10-14,801780,3090.47,3109.46,3085.47,3088.23,9.59566179,68.10732746010001
2015-10-15,801780,3090.36,3126.67,3082.47,3124.75,11.95536398,85.1098077245
2015-10-16,801780,3132.61,3155.37,3128.88,3141.17,15.58233128,108.49399391809999
2015-10-19,801780,3145.01,3153.43,3121.28,3130.86,15.12605523,105.2703663649
2015-10-20,801780,3127.03,3135.6,3113.32,3132.99,11.30121232,79.1548093184
2015-10-21,801780,3131.24,3215.48,3115.9,3215.48,37.58572188,252.330409557
2015-10-22,801780,3162.24,3191.33,3149.2,3168.05,20.19709036,133.6223522402
2015-10-23,801780,3163.05,3170.3,3155.2,3167.28,16.36409726,110.8371694767
2015-10-26,801780,3186.61,3202.15,3169.78,3175.93,16.97465157,134.103423486
2015-10-27,801780,3170.01,3171.83,3146.35,3165.42,13.05111788,94.94080583819999
2015-10-28,801780,3155.78,3170.88,3145.67,3147.23,13.73581222,98.9069435883
2015-10-29,801780,3143.47,3153.93,3139.09,3141.89,9.91239669,73.7354232781
2015-10-30,801780,3140.96,3166.57,3140.75,3148.32,11.68680553,94.735553216
2015-11-02,801780,3132.47,3146.02,3119.14,3119.14,10.80641592,76.6462442969
2015-11-03,801780,3121.11,3131.1,3098.74,3103.71,11.0488459,77.3083357338
2015-11-04,801780,3106.79,3201.38,3106.04,3197.47,23.1178138,170.2612339447
2015-11-05,801780,3184.17,3334.2,3181.07,3274.99,49.83492437,392.0670692108
2015-11-06,801780,3257.08,3302.61,3240.88,3299.06,29.29844736,227.5626480164
2015-11-09,801780,3326.27,3500.86,3326.27,3414.88,59.66176567,464.4818536671
2015-11-10,801780,3375.44,3427.71,3353.64,3383.21,32.94129652,257.2737299045
2015-11-11,801780,3377.89,3378.11,3306.41,3336.8,22.91691273,178.4398177441
2015-11-12,801780,3346.4,3347.01,3284.23,3297.9,16.56832231,129.6211508097
2015-11-13,801780,3272.73,3310.78,3267.97,3271.67,14.86961589,116.4182870656
2015-11-16,801780,3239.82,3281.75,3239.39,3279.28,13.47111839,96.8980891275
2015-11-17,801780,3288.59,3342.91,3286.07,3290.66,21.78351248,167.3159573463
2015-11-18,801780,3295.27,3344.64,3265.51,3300.76,23.0486329,174.40272264310002
2015-11-19,801780,3312.55,3338.81,3308.03,3338.69,16.79731622,133.5407862116
2015-11-20,801780,3335.77,3369.18,3330.34,3347.16,20.69093741,174.2206224302
2015-11-23,801780,3344.43,3363.23,3329.02,3339.93,16.15520511,142.4439357748
2015-11-24,801780,3328.88,3331.92,3288.95,3313.64,17.61074566,145.9198977646
2015-11-25,801780,3303.5,3332.54,3283.32,3330.51,18.73858938,175.1698824003
2015-11-26,801780,3333.6,3346.13,3312.95,3313.2,16.63890479,152.7534468891
2015-11-27,801780,3300.19,3301.18,3171.38,3192.18,19.30091221,152.57041849520002
2015-11-30,801780,3193.74,3252.53,3187.03,3241.1,24.03744352,166.3175986076
2015-12-01,801780,3237.49,3244.79,3189.29,3218.42,17.41206024,124.5150640252
2015-12-02,801780,3211.73,3409.14,3209.47,3400.83,44.19884071,340.1494791427
2015-12-03,801780,3376.7,3455.09,3347.46,3418.92,56.38857255,389.62758720410005
2015-12-04,801780,3382.44,3386.32,3314.79,3319.67,26.29076243,187.1504037283
2015-12-07,801780,3324.69,3332.3,3305.08,3329.88,13.91857648,110.066150408
2015-12-08,801780,3311.16,3333.93,3275.69,3310.1,17.04067295,155.3604494779
2015-12-09,801780,3294.08,3334.85,3294.08,3311.91,13.33578786,117.42369084479999
2015-12-10,801780,3307.76,3356.69,3289.59,3294.24,13.61412786,111.4100340229
2015-12-11,801780,3280.04,3284.61,3241.83,3264.58,13.98253588,118.31556912290002
2015-12-14,801780,3236.96,3323.7,3234.82,3316.47,17.7520322,141.145954841
2015-12-15,801780,3310.26,3310.51,3269.13,3274.33,11.58567468,94.30917309979999
2015-12-16,801780,3282.01,3286.57,3257.36,3264.1,9.50268337,76.0863075657
2015-12-17,801780,3276.3,3307.85,3271.17,3296.21,15.25752374,121.7232018891
2015-12-18,801780,3287.84,3442.5,3286.82,3345.07,28.90356046,252.4009994485
2015-12-21,801780,3324.42,3489.33,3320.99,3461.28,38.1958859,335.17400328220003
2015-12-22,801780,3444.58,3465.35,3410.35,3431.28,21.19193456,194.6759373925
2015-12-23,801780,3434.29,3494.3,3413.24,3434.3,27.95938906,240.5320830315
2015-12-24,801780,3433.47,3452.32,3391.58,3437.67,20.2737915,170.597394475
2015-12-25,801780,3440.34,3456.83,3432.4,3450.71,12.37391507,114.41112997040001
2015-12-28,801780,3449.51,3454.18,3349.28,3349.28,20.02732887,169.39874035350002
2015-12-29,801780,3346.43,3393.08,3338.07,3381.39,12.14660471,104.9406342076
2015-12-30,801780,3374.05,3392.81,3336.22,3392.81,12.15887435,109.77529561120001
2015-12-31,801780,3381.35,3401.21,3351.8,3382.3,15.3690459,136.42969627780002
2016-01-04,801780,3370.34,3382.4,3228.7,3228.73,14.15353941,108.08745821149999
2016-01-05,801780,3196.68,3278.29,3188.01,3250.64,18.42436435,140.85791191360002
2016-01-06,801780,3245.21,3279.55,3232.83,3276.48,12.55335911,97.40895214860001
2016-01-07,801780,3238.23,3273.83,3141.0,3146.87,4.11196385,31.4976065147
2016-01-08,801780,3193.8,3230.31,3129.29,3184.88,19.40886158,148.0066774779
2016-01-11,801780,3145.8,3153.14,3077.03,3077.03,19.14931799,146.3886375232
2016-01-12,801780,3095.88,3109.94,3077.58,3081.9,13.10462012,101.21510796700001
2016-01-13,801780,3111.12,3111.12,3056.84,3058.31,11.22030113,86.1622547258
2016-01-14,801780,3007.09,3080.47,3002.09,3074.32,14.84030841,102.8216458873
2016-01-15,801780,3063.11,3079.3,3002.61,3016.73,12.97912456,92.82552190950001
2016-01-18,801780,2978.72,3035.12,2977.85,3007.65,11.47481399,75.4797304362
2016-01-19,801780,3016.01,3061.15,2994.31,3054.63,11.70816037,81.7365492765
2016-01-20,801780,3036.73,3054.38,2988.5,3012.82,12.5264075,88.44904562309999
2016-01-21,801780,2993.73,3050.53,2970.65,2970.65,13.25819577,89.5071302578
2016-01-22,801780,2996.56,3002.81,2962.73,2990.69,9.77110688,67.7374351018
2016-01-25,801780,2991.37,2996.04,2974.39,2996.04,8.43286448,55.4516112813
2016-01-26,801780,2976.75,2980.17,2877.46,2878.87,13.76680523,89.79724251620001
2016-01-27,801780,2890.44,2913.12,2852.52,2886.63,15.10429076,98.5208590317
2016-01-28,801780,2879.18,2883.48,2825.44,2846.11,9.92625391,64.798523371
2016-01-29,801780,2847.14,2924.11,2844.38,2902.88,13.62311177,87.69375651790001
2016-02-01,801780,2900.11,2906.11,2834.88,2855.4,9.65505544,60.817681185
2016-02-02,801780,2848.59,2895.93,2848.59,2880.08,8.53256641,54.6746831142
2016-02-03,801780,2855.13,2861.28,2834.13,2853.21,7.71586512,49.3646255231
2016-02-04,801780,2868.9,2886.3,2861.52,2884.82,7.96925248,55.2792003916
2016-02-05,801780,2886.68,2895.59,2878.93,2893.34,6.77506923,51.5694328428
2016-02-15,801780,2832.32,2880.61,2829.35,2867.5,7.37814287,52.2980384515
2016-02-16,801780,2877.59,2926.77,2877.59,2922.48,9.94090583,59.2653773054
2016-02-17,801780,2920.8,2941.03,2913.83,2931.53,10.01597897,64.3852398462
2016-02-18,801780,2937.46,2946.62,2921.94,2926.93,10.07523533,62.6851923576
2016-02-19,801780,2920.31,2926.29,2897.4,2905.77,8.04132185,49.4021328488
2016-02-22,801780,2925.2,2967.49,2912.93,2957.43,13.90095218,85.4499226102
2016-02-23,801780,2952.22,2952.22,2907.32,2921.9,9.07186028,56.0607805559
2016-02-24,801780,2911.75,2928.54,2903.04,2927.8,7.20847432,43.710692653900004
2016-02-25,801780,2926.14,2926.14,2830.52,2835.43,16.36729949,96.85624695950001
2016-02-26,801780,2846.16,2876.0,2840.25,2865.06,10.09966992,58.9242289779
2016-02-29,801780,2857.55,2883.45,2802.76,2872.77,17.06659911,97.9422495618
2016-03-01,801780,2867.61,2895.39,2851.76,2882.2,9.86968621,58.9398980445
2016-03-02,801780,2893.86,2945.69,2885.37,2945.69,17.15120936,104.8577518453
2016-03-03,801780,2943.29,2972.87,2933.76,2971.92,15.21456294,95.12197847809999
2016-03-04,801780,2960.43,3110.14,2955.38,3100.23,43.03422314,286.9044707446
2016-03-07,801780,3082.67,3094.55,3055.81,3069.21,15.39266678,103.5639835765
2016-03-08,801780,3059.01,3098.22,2983.52,3091.31,16.11449038,101.6509239236
2016-03-09,801780,3040.41,3106.92,3020.5,3105.89,16.71487155,111.7391950039
2016-03-10,801780,3071.84,3088.9,3038.27,3039.74,9.4294261,61.5319363177
2016-03-11,801780,3013.02,3042.34,2991.7,3042.34,10.98633671,81.5870682183
2016-03-14,801780,3047.08,3083.82,3020.19,3025.77,14.32727471,102.90972167129999
2016-03-15,801780,3032.19,3066.8,3004.61,3061.22,13.37182963,94.7318484286
2016-03-16,801780,3042.83,3141.79,3040.18,3134.14,30.72195127,227.02679023759998
2016-03-17,801780,3123.84,3138.07,3077.45,3094.15,16.31854607,126.0384249167
2016-03-18,801780,3098.93,3110.8,3079.05,3092.83,22.21119352,159.0005712648
2016-03-21,801780,3096.7,3142.02,3094.86,3113.97,23.27510532,154.6398171582
2016-03-22,801780,3114.27,3147.84,3100.04,3105.17,13.43695197,97.03811722030001
2016-03-23,801780,3103.83,3114.06,3091.54,3098.35,9.16873511,65.0943133355
2016-03-24,801780,3090.45,3090.45,3062.55,3063.64,9.09406829,63.4103288493
2016-03-25,801780,3062.52,3077.88,3062.52,3070.36,5.71842768,40.4130814532
2016-03-28,801780,3073.24,3087.82,3031.81,3040.59,8.67543804,59.804696327100004
2016-03-29,801780,3046.69,3059.69,3029.51,3032.44,8.70562588,57.9737160943
2016-03-30,801780,3049.78,3101.64,3049.78,3096.81,13.70044638,89.95220193700001
2016-03-31,801780,3104.39,3106.28,3075.35,3086.26,10.50492035,68.9046229342
2016-04-01,801780,3088.03,3108.48,3048.63,3107.01,12.42148271,87.9158059895
2016-04-05,801780,3082.38,3117.79,3070.29,3114.38,13.49551862,93.12432585200001
2016-04-06,801780,3094.73,3104.57,3080.44,3088.67,9.04122488,64.89082817090001
2016-04-07,801780,3095.0,3095.0,3057.84,3058.92,8.51442393,60.28693124350001
2016-04-08,801780,3043.85,3070.54,3043.85,3057.74,7.39542728,53.62658789100001
2016-04-11,801780,3058.47,3095.47,3058.47,3080.38,9.57553476,69.65954636640001
2016-04-12,801780,3083.83,3083.83,3068.26,3075.05,5.69229738,39.8323631504
2016-04-13,801780,3086.37,3128.07,3086.37,3101.5,16.58158057,119.5680524739
2016-04-14,801780,3116.17,3123.65,3099.23,3107.28,7.20146586,52.0405118487
2016-04-15,801780,3116.82,3144.91,3107.31,3130.54,9.89989614,81.7637856972
2016-04-20,801780,3120.6,3124.72,3048.98,3122.85,18.07911852,129.00441807459998
2016-04-21,801780,3106.58,3163.6,3093.83,3126.46,11.20663491,98.8685240368
2016-04-22,801780,3113.92,3159.43,3113.48,3142.53,7.4278607,58.9593089953
2016-04-25,801780,3129.17,3147.31,3108.28,3139.35,7.52963087,61.739876477299994
2016-04-26,801780,3133.36,3155.62,3130.39,3147.88,6.3142397,50.5925422635
2016-04-27,801780,3151.82,3151.82,3137.54,3141.4,5.34584276,44.983584865
2016-04-28,801780,3148.93,3170.13,3134.61,3151.26,8.11160956,67.16866162810001
2016-04-29,801780,3143.61,3148.87,3129.52,3129.8,7.02146702,56.255806463
2016-05-03,801780,3134.09,3162.55,3125.93,3151.55,10.28344854,78.09992988229999
2016-05-04,801780,3144.52,3155.4,3143.87,3151.08,6.88153083,53.296724352
2016-05-05,801780,3146.3,3152.92,3138.41,3149.4,5.55419478,40.4089648371
2016-05-06,801780,3148.57,3148.57,3107.28,3108.27,8.46362826,60.8832319958
2016-05-09,801780,3106.5,3110.28,3065.87,3079.4,9.19194867,66.0118491423
2016-05-10,801780,3061.64,3086.14,3061.64,3067.66,6.95244349,52.9699056459
2016-05-11,801780,3073.95,3095.05,3064.39,3081.25,6.99141715,50.3267859464
2016-05-12,801780,3070.74,3095.43,3064.97,3088.11,6.71703671,50.6561880879
2016-05-13,801780,3081.05,3093.27,3075.5,3082.42,6.66574072,48.2654820008
2016-05-16,801780,3074.49,3089.55,3073.58,3086.39,4.95293542,36.8534891658
2016-05-17,801780,3086.44,3086.44,3067.45,3073.64,4.74885122,33.578525018200004
2016-05-18,801780,3069.36,3100.53,3052.34,3095.2,10.86794948,82.0804577327
2016-05-19,801780,3083.91,3094.55,3076.7,3078.62,5.3594753,37.3616259187
2016-05-20,801780,3073.93,3089.01,3070.48,3085.9,5.70010867,41.3863421567
2016-05-23,801780,3089.26,3095.2,3070.98,3073.29,6.00389584,43.2037553725
2016-05-24,801780,3072.02,3072.07,3048.95,3049.43,6.17162572,45.0330609257
2016-05-25,801780,3068.28,3074.07,3059.7,3070.4,4.36490432,32.0148358961
2016-05-26,801780,3066.13,3085.17,3066.13,3077.43,5.28101759,35.7879908256
2016-05-27,801780,3075.47,3084.49,3069.48,3079.78,4.60983245,31.259634331500003
2016-05-30,801780,3084.9,3109.31,3070.64,3106.39,8.19291272,56.5965704051
2016-05-31,801780,3106.75,3173.85,3106.68,3170.45,15.14732856,107.56269827930001
2016-06-01,801780,3172.5,3174.53,3146.62,3147.77,8.68102174,63.2452953458
2016-06-02,801780,3147.37,3153.77,3134.18,3139.14,5.25256416,37.6905575886
2016-06-03,801780,3151.43,3154.03,3134.29,3153.74,6.713112,47.33296843270001
2016-06-06,801780,3139.7,3141.36,3121.97,3128.76,5.84447201,44.7884291016
2016-06-07,801780,3136.03,3136.98,3125.11,3132.27,5.63245208,38.1596436137
2016-06-08,801780,3132.4,3133.2,3120.04,3129.1,6.36463898,45.7444732235
2016-06-13,801780,3107.94,3124.17,3084.03,3084.89,7.99254159,57.8274173797
2016-06-14,801780,3083.41,3111.84,3081.88,3101.24,6.3301256,44.035424962
2016-06-15,801780,3077.07,3109.84,3077.07,3104.08,7.25495827,53.0068168856
2016-06-16,801780,3087.3,3103.82,3087.3,3093.54,6.74675166,48.935402955600004
2016-06-17,801780,3091.92,3117.5,3091.92,3104.41,6.32252446,44.0221934658
2016-06-20,801780,3115.91,3119.24,3097.94,3107.99,4.57705726,30.977004963800002
2016-06-21,801780,3109.99,3123.95,3105.5,3112.37,5.73380719,39.5650653211
2016-06-22,801780,3108.26,3124.31,3105.35,3122.59,6.38961127,39.9639456342
2016-06-23,801780,3118.33,3118.33,3101.06,3107.74,6.44207429,40.3678939872
2016-06-24,801780,3091.6,3106.3,3036.2,3063.75,9.24079978,65.60221691439999
2016-06-27,801780,3057.6,3075.3,3057.4,3074.11,6.73509894,46.228171513599996
2016-06-28,801780,3067.06,3073.05,3058.31,3073.05,6.48290645,44.245688378000004
2016-06-29,801780,3075.47,3107.92,3070.6,3106.11,9.4089075,69.10513400640001
2016-06-30,801780,3096.16,3105.98,3087.75,3093.64,8.43244693,55.8711963785
2016-07-01,801780,3096.05,3114.36,3093.89,3113.6,6.6116429,44.2402976176
2016-07-05,801780,3145.57,3147.51,3127.02,3136.64,7.76346944,51.7792037228
2016-07-06,801780,3130.43,3132.77,3120.54,3126.47,7.82529028,51.5575964134
2016-07-07,801780,3117.35,3128.47,3110.25,3126.09,9.12106042,59.7632663289
2016-07-08,801780,3108.93,3108.93,3090.03,3091.21,6.47432605,42.476488887100004
2016-07-11,801780,3093.48,3103.35,3090.38,3092.59,7.68864364,51.257026018599994
2016-07-12,801780,3093.12,3136.6,3092.27,3135.28,12.74343624,80.9888533535
2016-07-13,801780,3107.11,3164.61,3107.11,3127.43,15.40431213,106.2855384439
2016-07-14,801780,3125.3,3137.23,3112.98,3123.67,7.26474705,51.336025215
2016-07-15,801780,3125.43,3137.29,3123.98,3132.64,7.17201869,48.6849750172
2016-07-18,801780,3136.33,3189.52,3136.33,3168.1,12.0262838,85.1336176495
2016-07-19,801780,3177.2,3186.85,3130.83,3144.06,8.02230069,56.0131348145
2016-07-20,801780,3143.93,3145.4,3120.62,3123.23,5.99144329,42.105765406399996
2016-07-21,801780,3123.44,3140.64,3122.3,3137.35,7.05607,52.8530616842
2016-07-22,801780,3134.27,3134.27,3111.88,3114.73,7.13767538,46.9620136797
2016-07-25,801780,3111.16,3123.76,3109.64,3118.84,6.68453119,42.1032713031
2016-07-26,801780,3113.13,3136.91,3113.13,3136.16,7.4344285,51.193081378100004
2016-07-27,801780,3136.08,3139.32,3089.91,3139.32,12.6755033,85.90169604889999
2016-07-28,801780,3122.08,3125.03,3111.49,3114.19,6.81436128,47.3862821166
2016-07-29,801780,3115.65,3124.34,3111.86,3124.34,6.59577451,47.7858986817
2016-08-01,801780,3118.4,3140.78,3117.28,3140.67,9.40212284,70.35641878060001
2016-08-02,801780,3136.31,3139.49,3123.0,3131.9,5.57504453,40.9364950959
2016-08-03,801780,3117.52,3124.17,3111.41,3116.84,6.13924161,43.169257575900005
2016-08-04,801780,3118.53,3118.71,3095.86,3108.48,7.56626544,54.30575296
2016-08-05,801780,3108.26,3148.84,3104.41,3134.55,8.61546129,68.38670043890001
2016-08-08,801780,3131.32,3136.24,3119.66,3135.85,6.54621984,48.1383871236
2016-08-09,801780,3135.83,3148.26,3132.35,3148.03,12.90636716,112.574855246
2016-08-10,801780,3147.39,3159.45,3142.87,3155.7,11.13627443,106.2643764357
2016-08-11,801780,3154.53,3240.18,3154.53,3191.6,21.082204,179.6988097016
2016-08-12,801780,3195.58,3275.13,3191.23,3273.7,23.39587959,194.09653880009998
2016-08-15,801780,3285.8,3385.86,3281.34,3346.87,29.65776053,270.1782172159
2016-08-16,801780,3356.56,3358.98,3255.77,3279.4,35.86182479,286.2757934728
2016-08-17,801780,3279.36,3292.89,3262.34,3270.01,14.52221104,135.6127614924
2016-08-18,801780,3261.0,3286.3,3244.84,3253.87,13.70588764,119.9775062617
2016-08-19,801780,3257.41,3264.24,3248.0,3258.82,9.13648145,84.4219806128
2016-08-22,801780,3257.39,3265.24,3239.46,3255.84,11.96075252,93.90988926290001
2016-08-23,801780,3252.71,3283.51,3252.38,3266.54,13.69492581,119.8392086994
2016-08-24,801780,3267.4,3271.03,3253.25,3259.96,11.76344209,129.5920457262
2016-08-25,801780,3252.55,3261.21,3229.58,3255.4,12.26433119,119.42646411129999
2016-08-26,801780,3254.27,3259.01,3245.0,3249.87,9.091499,91.2457900519
2016-08-29,801780,3240.82,3243.34,3217.75,3229.26,10.56688624,89.9769340035
2016-08-30,801780,3230.46,3257.57,3230.46,3255.33,9.68446248,84.7611629867
2016-08-31,801780,3249.07,3277.88,3246.31,3266.31,9.97952734,102.14150480709999
2016-09-01,801780,3263.11,3272.4,3256.85,3257.19,9.79502833,86.81064292290002
2016-09-02,801780,3247.91,3263.72,3247.91,3260.92,9.85167252,79.0135880149
2016-09-05,801780,3260.58,3272.24,3252.78,3262.18,9.68109009,80.1340803976
2016-09-06,801780,3259.68,3268.53,3244.19,3246.29,11.65528264,87.7813920952
2016-09-07,801780,3246.72,3254.24,3240.06,3250.74,8.90786681,70.6090767083
2016-09-08,801780,3249.33,3253.6,3245.18,3251.67,6.76613284,53.2256839325
2016-09-09,801780,3250.32,3251.99,3237.69,3237.69,6.47139051,52.3066660427
2016-09-12,801780,3211.19,3214.64,3183.02,3192.47,14.36173862,108.40894583149999
2016-09-13,801780,3195.61,3202.56,3193.95,3194.43,7.81577436,63.39919945729999
2016-09-14,801780,3189.81,3192.64,3164.61,3166.67,9.24019725,68.52460553899999
2016-09-19,801780,3170.24,3188.09,3170.24,3187.11,7.8110013,58.737892719799994
2016-09-20,801780,3187.79,3188.16,3178.15,3182.91,7.78290086,74.60455193600001
2016-09-21,801780,3182.91,3195.53,3180.06,3190.32,7.19818986,58.0954586901
2016-09-22,801780,3199.24,3217.86,3193.78,3207.35,7.83319887,65.0190200519
2016-09-23,801780,3209.44,3214.24,3204.7,3207.46,6.47675933,56.1881831978
2016-09-26,801780,3196.13,3196.41,3181.5,3181.5,9.51926201,73.4078199465
2016-09-27,801780,3177.69,3195.02,3175.91,3193.97,7.27247007,57.3228561134
2016-09-28,801780,3193.88,3193.88,3172.93,3176.6,5.15557653,41.3692693799
2016-09-29,801780,3180.77,3192.16,3180.62,3188.83,5.59712273,43.795795027299995
2016-09-30,801780,3184.42,3195.57,3184.42,3188.84,4.96370571,40.9868835875
2016-10-10,801780,3196.47,3217.28,3195.51,3213.5,8.33148901,62.3344423364
2016-10-11,801780,3215.44,3216.19,3205.51,3211.35,7.26587306,56.6884931279
2016-10-12,801780,3206.45,3206.45,3194.09,3198.15,7.17691721,62.977556227
2016-10-13,801780,3200.53,3207.54,3187.57,3191.74,7.99201297,67.6374453709
2016-10-14,801780,3190.28,3199.62,3186.26,3198.12,6.78336529,58.8973741099
2016-10-17,801780,3195.82,3196.28,3174.67,3178.61,7.36017949,60.058551424499996
2016-10-18,801780,3175.33,3198.32,3175.32,3196.35,9.4966881,77.26604303399999
2016-10-19,801780,3196.57,3206.29,3190.53,3193.43,6.95994813,55.3523697784
2016-10-20,801780,3197.37,3202.78,3195.08,3198.91,6.08842037,51.4956140992
2016-10-21,801780,3196.99,3213.99,3194.77,3213.33,8.31144507,70.2059092156
2016-10-24,801780,3214.69,3269.78,3214.19,3249.58,17.58865569,141.5259203503
2016-10-25,801780,3249.76,3257.57,3238.6,3242.93,9.95630286,78.8849592505
2016-10-26,801780,3238.7,3238.7,3216.71,3218.01,8.15359845,66.0826556004
2016-10-27,801780,3217.28,3219.13,3203.44,3211.71,7.12909488,54.539818802
2016-10-28,801780,3208.72,3244.11,3208.72,3228.78,12.37697932,108.7209134482
2016-10-31,801780,3222.41,3222.5,3199.6,3218.7,10.28252546,97.8589087858
2016-11-01,801780,3217.06,3233.79,3211.94,3233.74,9.83764988,85.1604890742
2016-11-02,801780,3223.64,3223.89,3210.64,3214.78,9.68125916,84.4256889049
2016-11-03,801780,3208.8,3232.8,3207.18,3230.1,10.84307312,109.4684744867
2016-11-04,801780,3225.5,3243.62,3218.88,3224.18,11.33065729,103.5552836884
2016-11-07,801780,3222.7,3224.43,3215.75,3221.48,8.46184838,74.7629582205
2016-11-08,801780,3224.45,3244.41,3222.11,3239.53,14.62681217,114.1658190585
2016-11-09,801780,3236.87,3239.41,3195.59,3212.5,14.53310566,120.51558282559999
2016-11-10,801780,3228.41,3250.65,3227.53,3242.32,12.45857843,121.644351821
2016-11-11,801780,3236.78,3250.67,3233.93,3247.22,17.33073837,151.90083489149998
2016-11-14,801780,3239.66,3275.68,3239.61,3255.02,18.27334442,165.4710892417
2016-11-15,801780,3253.49,3255.25,3248.66,3253.72,10.45953845,91.13137009340001
2016-11-16,801780,3255.09,3257.6,3245.38,3251.34,8.26083991,70.81546128560001
2016-11-17,801780,3247.78,3251.1,3239.35,3249.19,8.274164,72.6697615257
2016-11-18,801780,3247.83,3248.38,3241.03,3243.29,7.51550528,66.4705103238
2016-11-21,801780,3240.7,3282.62,3237.83,3271.56,14.46188528,109.87807073559999
2016-11-22,801780,3270.43,3297.8,3270.08,3295.99,19.61498087,147.0198621013
2016-11-23,801780,3295.94,3368.59,3295.94,3340.77,28.8365124,251.5097280209
2016-11-24,801780,3333.85,3351.49,3324.89,3333.54,16.11720142,154.0937391474
2016-11-25,801780,3337.72,3381.95,3337.12,3381.21,20.24121224,165.1913196164
2016-11-28,801780,3393.91,3434.02,3375.65,3378.39,31.83594373,254.1712382586
2016-11-29,801780,3374.72,3396.47,3365.85,3386.26,19.92321774,173.8926988879
2016-11-30,801780,3386.18,3391.01,3344.7,3356.36,16.88067157,139.4328407876
2016-12-01,801780,3362.48,3396.02,3353.22,3364.02,15.55575325,129.9879714242
2016-12-02,801780,3364.19,3364.19,3324.76,3358.84,19.53009488,148.7351724031
2016-12-05,801780,3331.93,3368.6,3326.18,3366.82,17.93573653,136.5896157135
2016-12-06,801780,3359.33,3371.25,3349.41,3350.77,12.67939888,99.7703821979
2016-12-07,801780,3347.68,3348.72,3332.26,3343.15,9.73132695,79.3116869703
2016-12-08,801780,3348.66,3388.09,3344.43,3380.77,15.84581917,149.8360000864
2016-12-09,801780,3371.04,3456.2,3370.4,3435.66,31.42042953,242.0162964296
2016-12-12,801780,3434.63,3487.73,3404.07,3440.72,32.29350072,247.5093246871
2016-12-13,801780,3418.27,3425.67,3380.98,3393.53,16.09522234,119.39728441930001
2016-12-14,801780,3391.44,3443.27,3389.99,3407.68,16.30306434,129.3683551596
2016-12-15,801780,3387.3,3387.3,3296.03,3300.44,20.61492151,158.5094908954
2016-12-16,801780,3294.14,3305.71,3276.07,3278.77,14.06119014,109.2812697051
2016-12-19,801780,3273.16,3273.16,3256.65,3261.48,9.22288801,76.8823362131
2016-12-20,801780,3264.92,3264.92,3210.0,3230.48,13.61583568,106.86080864540001
2016-12-21,801780,3226.94,3247.97,3226.94,3244.66,10.6480522,83.8559367485
2016-12-22,801780,3242.13,3243.68,3217.16,3227.05,7.34837589,60.81344372270001
2016-12-23,801780,3225.61,3225.61,3197.96,3210.44,8.14824286,68.34306565199999
2016-12-26,801780,3198.23,3220.57,3180.23,3220.53,9.04934662,70.1542370087
2016-12-27,801780,3217.07,3223.03,3205.76,3206.8,6.46355241,51.5440678681
2016-12-28,801780,3207.59,3210.51,3186.1,3196.62,7.71918291,58.7130656629
2016-12-29,801780,3193.2,3203.03,3189.06,3195.21,8.30681294,61.820142548
2016-12-30,801780,3197.4,3215.4,3195.97,3215.4,9.6474773,69.0285897392
2017-01-03,801780,3217.35,3254.14,3217.01,3251.24,12.61739803,95.77183793270001
2017-01-04,801780,3246.35,3262.45,3246.35,3257.88,11.12655276,85.5333609998
2017-01-05,801780,3260.22,3264.71,3253.86,3255.66,8.17981975,63.413276068
2017-01-06,801780,3255.12,3256.02,3232.71,3234.39,8.76701295,64.8223127017
2017-01-09,801780,3237.86,3249.89,3232.33,3242.13,7.85770681,57.0570960341
2017-01-10,801780,3239.2,3245.39,3235.86,3238.04,6.62423985,47.487294330699996
2017-01-11,801780,3241.8,3245.66,3226.4,3226.8,7.49355058,55.8277476505
2017-01-12,801780,3227.68,3236.58,3219.92,3223.5,6.47700838,49.393485674
2017-01-13,801780,3220.18,3254.57,3220.18,3248.43,11.59042986,84.9513996529
2017-01-16,801780,3244.01,3301.98,3232.53,3294.21,28.61733475,202.0398475287
2017-01-17,801780,3279.81,3289.52,3273.52,3279.55,8.61091817,68.3095595926
2017-01-18,801780,3280.95,3301.53,3279.92,3298.51,8.4808848,64.1482364225
2017-01-19,801780,3292.44,3319.4,3292.18,3298.17,9.33098873,66.5828167451
2017-01-20,801780,3296.72,3319.08,3295.55,3312.18,7.92589971,66.7692762969
2017-01-23,801780,3317.86,3321.58,3298.93,3305.63,7.93062258,62.0153279226
2017-01-24,801780,3307.83,3339.13,3306.34,3335.49,10.10872357,71.4327435847
2017-01-25,801780,3330.24,3337.13,3322.16,3334.7,6.28134499,47.3471483433
2017-01-26,801780,3337.04,3365.47,3337.03,3354.9,8.57003821,65.7225799436
2017-02-03,801780,3360.98,3363.13,3316.45,3318.02,5.79655649,47.0274663904
2017-02-06,801780,3330.26,3330.26,3309.13,3315.11,7.86116828,63.1336946183
2017-02-07,801780,3313.81,3318.42,3304.14,3309.95,8.23051326,67.6340307616
2017-02-08,801780,3304.67,3314.94,3292.52,3313.97,8.31748453,70.0982514101
2017-02-09,801780,3311.8,3333.68,3308.1,3320.69,8.53814958,71.3761184445
2017-02-10,801780,3328.04,3341.76,3326.44,3339.36,12.30491457,110.97328070709999
2017-02-13,801780,3345.49,3376.03,3345.49,3366.55,15.14994717,141.3072460738
2017-02-14,801780,3369.44,3370.72,3348.54,3353.75,10.78122936,105.76462530379999
2017-02-15,801780,3359.24,3404.42,3356.79,3390.05,24.6244345,212.5322333721
2017-02-16,801780,3395.5,3406.75,3381.31,3396.5,15.87165627,150.22051357639998
2017-02-17,801780,3398.42,3399.74,3362.39,3363.63,13.17454125,120.32397260450001
2017-02-20,801780,3361.41,3433.41,3361.41,3424.22,32.22110647,267.25852203650004
2017-02-21,801780,3427.5,3451.48,3421.23,3424.0,19.75842987,184.0819977479
2017-02-22,801780,3421.97,3422.76,3408.39,3420.83,12.7108467,123.4648384324
2017-02-23,801780,3419.48,3432.19,3406.05,3417.85,11.21014697,102.8250112661
2017-02-24,801780,3414.93,3418.26,3399.99,3411.15,10.87706902,107.663717408
2017-02-27,801780,3404.16,3406.93,3385.86,3394.14,11.5053713,111.8611231341
2017-02-28,801780,3390.33,3413.14,3390.07,3399.8,11.89444508,134.505852267
2017-03-01,801780,3402.16,3418.32,3391.72,3395.14,16.76349911,162.5387532424
2017-03-02,801780,3400.14,3410.5,3373.6,3374.09,14.18715577,165.1201749951
2017-03-03,801780,3366.81,3370.48,3356.15,3359.76,10.23431252,117.4969879782
2017-03-06,801780,3357.75,3381.41,3357.15,3361.34,12.93010257,113.652704925
2017-03-07,801780,3360.34,3379.24,3358.25,3377.16,10.73820223,114.4036930139
2017-03-08,801780,3368.83,3377.04,3363.1,3371.99,9.4071507,109.87952007049999
2017-03-09,801780,3365.47,3365.56,3343.52,3348.32,11.52371485,113.5059678892
2017-03-10,801780,3346.67,3351.65,3337.04,3343.36,9.22490384,93.59722722379999
2017-03-13,801780,3339.94,3366.0,3329.98,3366.0,9.94821021,90.42337818940001
2017-03-14,801780,3363.7,3374.53,3361.2,3365.96,9.1865079,84.79672508659999
2017-03-15,801780,3362.92,3364.01,3353.27,3363.48,8.95722135,81.1072594659
2017-03-16,801780,3366.93,3386.97,3366.93,3375.64,17.15426851,169.3628941424
2017-03-17,801780,3376.75,3376.84,3332.57,3338.07,14.96157678,135.6997745239
2017-03-20,801780,3339.73,3343.86,3311.86,3325.36,11.18346345,104.1279719219
2017-03-21,801780,3323.58,3323.58,3309.5,3317.52,11.00354361,94.0566637726
2017-03-22,801780,3309.11,3309.11,3269.92,3274.05,13.64510529,118.54164244260001
2017-03-23,801780,3276.17,3301.93,3276.17,3290.33,10.46268835,90.69458262280001
2017-03-24,801780,3293.46,3305.23,3283.68,3302.88,10.59291636,89.49910197049999
2017-03-27,801780,3298.97,3333.14,3298.97,3326.17,15.12923778,125.29760197350001
2017-03-28,801780,3333.92,3333.92,3309.07,3314.95,8.37655298,77.0439041512
2017-03-29,801780,3317.7,3324.99,3301.59,3306.17,11.99947774,97.8814463821
2017-03-30,801780,3304.47,3309.41,3286.1,3301.82,13.03314244,96.80663606700001
2017-03-31,801780,3298.44,3340.93,3298.37,3335.22,18.89309345,161.2806960945
2017-04-06,801780,3342.72,3345.06,3326.17,3337.46,11.99660043,110.00455823520001
2017-04-07,801780,3333.76,3340.12,3322.51,3335.99,13.8048836,126.3769494249
2017-04-10,801780,3334.94,3334.94,3313.52,3315.68,12.23558087,120.6024404816
2017-04-11,801780,3309.49,3313.46,3285.41,3307.93,14.49935727,149.659977283
2017-04-12,801780,3302.99,3303.57,3274.41,3296.86,13.45079633,121.5131540352
2017-04-13,801780,3289.44,3292.29,3273.73,3279.16,9.76049153,90.9412023315
2017-04-14,801780,3276.89,3278.16,3242.0,3255.65,11.01258049,95.9665991908
2017-04-17,801780,3247.09,3256.83,3218.1,3254.31,14.92097978,125.3128281184
2017-04-18,801780,3243.65,3243.8,3209.45,3209.69,11.33562097,103.1540850362
2017-04-19,801780,3199.56,3201.57,3181.35,3181.35,14.0412249,116.82737882079999
2017-04-20,801780,3180.93,3183.63,3161.97,3163.9,11.01728429,99.2911834849
2017-04-21,801780,3169.01,3200.85,3166.94,3199.98,13.72478175,100.47767093690001
2017-04-24,801780,3197.93,3203.86,3184.31,3199.28,12.52708064,104.0813686682
2017-04-25,801780,3200.46,3210.85,3200.1,3207.18,10.61010883,99.43299389219999
2017-04-26,801780,3206.36,3208.8,3192.2,3194.55,14.85520612,125.8132476085
2017-04-27,801780,3185.18,3206.72,3174.75,3206.68,15.05338051,125.58749582530001
2017-04-28,801780,3204.19,3206.33,3204.19,3206.33,12.50664913,115.3147121665
2017-05-02,801780,3197.28,3200.02,3178.77,3182.17,9.76656151,95.658881603
2017-05-03,801780,3180.54,3180.83,3159.71,3164.03,9.86799291,96.5655923042
2017-05-04,801780,3160.3,3160.3,3137.55,3149.56,11.84506684,120.21644105860001
2017-05-05,801780,3140.47,3148.32,3111.91,3148.32,15.52512689,144.4800840633
2017-05-08,801780,3129.41,3151.68,3117.08,3151.68,15.24701793,128.5573018465
2017-05-09,801780,3136.5,3158.13,3135.22,3154.77,10.57146993,107.7463136036
2017-05-10,801780,3153.13,3192.9,3153.13,3165.5,15.74046401,162.5953597151
2017-05-11,801780,3161.54,3190.25,3161.54,3189.63,15.73554405,146.77526522510001
2017-05-12,801780,3186.13,3276.07,3183.0,3276.07,23.17876538,213.51026826400002
2017-05-15,801780,3278.01,3303.8,3271.64,3274.32,14.8503132,145.9234755467
2017-05-16,801780,3265.6,3267.06,3233.69,3255.17,15.14138676,138.78551754129998
2017-05-17,801780,3245.77,3246.07,3222.68,3228.52,13.83588628,137.8097284325
2017-05-18,801780,3210.23,3224.86,3203.57,3210.74,11.69138247,121.7783478791
2017-05-19,801780,3207.9,3214.88,3202.62,3211.53,8.7385974,89.5012971877
2017-05-22,801780,3208.97,3234.29,3206.59,3220.76,12.00752503,109.0251018783
2017-05-23,801780,3218.1,3289.82,3216.91,3280.39,20.76329582,179.8135088052
2017-05-24,801780,3275.07,3290.65,3243.91,3275.72,15.338987,141.2340038448
2017-05-25,801780,3264.36,3412.62,3263.08,3385.93,38.91524886,322.7613530327
2017-05-26,801780,3377.38,3394.57,3363.06,3376.07,20.11747547,184.5261281366
2017-05-31,801780,3370.02,3415.95,3364.77,3383.52,18.63659635,164.6293451014
2017-06-01,801780,3376.16,3401.36,3370.44,3399.72,17.33450977,162.5976512432
2017-06-02,801780,3400.33,3413.37,3371.58,3379.16,17.74206273,163.4772806119
2017-06-05,801780,3364.39,3368.83,3314.82,3329.0,23.84274129,171.58133533129998
2017-06-06,801780,3323.66,3341.0,3310.15,3331.39,11.09942705,94.6763206569
2017-06-07,801780,3332.44,3373.76,3330.34,3365.54,17.27248304,156.2939870312
2017-06-08,801780,3357.07,3374.7,3340.86,3371.13,13.7486976,131.30869726790002
2017-06-09,801780,3370.45,3415.47,3370.45,3386.82,21.51172062,176.81343483689997
2017-06-12,801780,3380.54,3404.87,3368.01,3370.44,15.10513599,127.81323736680001
2017-06-13,801780,3369.54,3370.24,3347.63,3360.28,10.58229118,96.48747229889999
2017-06-14,801780,3329.95,3333.01,3297.4,3309.35,11.62845859,103.2347368509
2017-06-15,801780,3303.45,3311.36,3281.66,3284.05,12.50823363,108.10152588129999
2017-06-16,801780,3283.72,3295.99,3271.52,3281.03,9.90743612,85.6833154821
2017-06-19,801780,3284.74,3309.18,3280.24,3298.49,12.72346056,95.6078943265
2017-06-20,801780,3303.96,3310.91,3287.18,3296.93,10.38789997,86.73359040049999
2017-06-21,801780,3312.14,3312.14,3287.96,3308.35,10.50119609,91.21028839959999
2017-06-22,801780,3302.82,3411.86,3302.82,3366.3,31.31071042,269.0905553549
2017-06-23,801780,3357.92,3382.22,3338.94,3382.22,17.7238212,156.7820996132
2017-06-26,801780,3380.9,3433.95,3380.9,3383.27,24.01462803,188.3904406698
2017-06-27,801780,3380.38,3434.17,3371.71,3422.14,17.01290352,146.29583326809998
2017-06-28,801780,3412.27,3469.32,3407.25,3438.46,22.08954578,206.78926148099998
2017-06-29,801780,3443.18,3460.06,3429.83,3452.72,13.05557627,118.1078668004
2017-06-30,801780,3434.61,3440.4,3417.27,3437.11,12.60875653,104.271228278
2017-07-03,801780,3433.08,3433.54,3413.65,3427.63,11.05966986,89.9781913676
2017-07-04,801780,3426.31,3426.31,3384.72,3403.01,15.16506867,126.0207229728
2017-07-05,801780,3394.28,3436.54,3387.96,3432.78,12.91954757,115.827462993
2017-07-06,801780,3420.88,3440.26,3408.34,3433.97,14.07238929,124.2457281982
2017-07-07,801780,3415.61,3420.74,3397.47,3406.19,12.50178975,107.16898381780001
2017-07-10,801780,3403.79,3411.89,3394.8,3404.08,11.71922002,100.53266838389999
2017-07-11,801780,3390.55,3490.55,3389.51,3464.34,27.66889888,231.53710376860002
2017-07-12,801780,3460.78,3541.29,3459.18,3487.44,29.39098143,248.22143701939999
2017-07-13,801780,3479.39,3551.2,3476.82,3551.11,26.21676082,216.68462400509998
2017-07-14,801780,3551.63,3592.8,3540.08,3581.48,23.05239375,194.5877347441
2017-07-17,801780,3590.4,3693.68,3566.18,3635.76,49.06606937,394.7106299899
2017-07-18,801780,3610.67,3637.82,3569.26,3601.65,25.96021305,211.7985460567
2017-07-19,801780,3593.85,3649.19,3591.32,3637.0,27.00569501,219.7499356806
2017-07-20,801780,3630.61,3639.22,3599.88,3630.43,18.58506787,153.1365211917
2017-07-24,801780,3588.32,3659.24,3580.58,3639.37,20.94870342,173.1832639449
2017-07-25,801780,3642.6,3693.06,3633.86,3642.23,24.77765921,193.3227201658
2017-07-26,801780,3637.57,3706.91,3614.71,3635.47,23.64305033,182.24983854939998
2017-07-27,801780,3632.21,3641.28,3607.05,3624.44,16.99476364,132.2983492158
2017-07-28,801780,3613.11,3636.59,3596.97,3633.36,12.79558393,99.7370552941
2017-07-31,801780,3628.71,3648.41,3612.58,3621.31,16.0515468,126.38372107129999
2017-08-01,801780,3624.37,3670.62,3617.3,3670.14,19.36096254,169.0354118501
2017-08-02,801780,3669.89,3724.78,3669.42,3703.02,26.19065824,215.1278316403
2017-08-03,801780,3697.65,3697.65,3642.29,3646.68,19.92973524,162.0669053719
2017-08-04,801780,3643.28,3655.89,3623.27,3623.27,15.09990926,128.52082889940002
2017-08-07,801780,3613.8,3629.04,3600.64,3624.41,12.76599066,97.94732267629999
2017-08-08,801780,3619.15,3625.94,3605.19,3617.43,12.67859097,94.3287966717
2017-08-09,801780,3608.89,3609.65,3560.51,3560.51,14.70605487,112.2088651572
2017-08-10,801780,3556.46,3583.88,3523.32,3549.7,15.20242624,121.20366727940001
2017-08-11,801780,3525.58,3530.28,3467.62,3496.94,24.16111541,186.2663265841
2017-08-14,801780,3489.84,3496.53,3473.5,3492.52,14.70008823,114.53857913739999
2017-08-15,801780,3495.39,3574.37,3495.28,3541.2,21.76937348,157.4740950916
2017-08-16,801780,3534.31,3540.72,3511.9,3518.4,12.38589527,92.7555300058
2017-08-17,801780,3518.57,3528.06,3506.26,3528.06,9.06637824,75.1307662379
2017-08-18,801780,3511.21,3540.97,3504.61,3530.54,9.84015611,84.7088486966
2017-08-21,801780,3526.89,3533.8,3507.73,3525.93,9.54545011,75.60473956279999
2017-08-22,801780,3529.35,3549.55,3517.36,3549.45,10.6828673,94.797094495
2017-08-23,801780,3551.09,3615.75,3548.64,3602.86,18.38530359,157.27225366940002
2017-08-24,801780,3600.96,3636.8,3588.48,3599.38,15.1580318,123.66168336930001
2017-08-25,801780,3603.18,3709.72,3598.98,3709.72,30.72233319,238.1958481531
2017-08-28,801780,3717.26,3758.67,3703.01,3717.16,30.01210013,249.0583673275
2017-08-29,801780,3712.99,3734.69,3701.47,3734.14,16.93845809,147.9024799822
2017-08-30,801780,3733.28,3759.05,3688.95,3701.56,19.29078078,166.2365717735
2017-08-31,801780,3699.95,3702.72,3640.08,3664.41,22.23879724,166.3642790522
2017-09-01,801780,3657.92,3679.63,3632.01,3641.99,21.13746738,155.2614939809
2017-09-04,801780,3629.58,3675.13,3624.92,3674.07,16.86514508,135.87452946850001
2017-09-05,801780,3672.6,3716.22,3670.93,3703.9,17.94537623,144.388167444
2017-09-06,801780,3695.01,3698.82,3670.82,3678.6,11.44909002,95.51497685940001
2017-09-07,801780,3679.83,3680.7,3644.97,3646.33,10.08000651,90.6037427573
2017-09-08,801780,3645.93,3671.8,3637.06,3647.22,9.81255577,82.5379314162
2017-09-11,801780,3663.42,3682.53,3641.96,3643.56,13.28944501,107.30876750590001
2017-09-12,801780,3649.14,3654.97,3625.26,3654.97,12.91395059,110.74141575120001
2017-09-13,801780,3649.59,3649.59,3625.13,3632.81,10.54331572,87.1744331136
2017-09-14,801780,3632.96,3639.26,3601.55,3608.15,13.37494226,106.65234392139999
2017-09-15,801780,3599.66,3608.15,3581.83,3597.36,12.46344601,91.82550863780001
2017-09-18,801780,3597.63,3615.41,3590.65,3590.65,12.04591928,95.4480481448
2017-09-19,801780,3594.09,3608.34,3573.09,3599.29,14.29057281,109.30631458959999
2017-09-20,801780,3593.13,3608.96,3584.22,3596.42,11.01155921,92.398869675
2017-09-21,801780,3592.8,3629.9,3589.34,3619.21,12.6454634,98.6373105395
2017-09-22,801780,3609.66,3638.65,3608.19,3619.25,12.22515391,95.41421504540001
2017-09-25,801780,3611.39,3626.86,3597.62,3624.13,16.4318408,128.7488656201
2017-09-26,801780,3608.47,3615.57,3598.92,3603.36,10.19457801,82.2243220229
2017-09-27,801780,3596.58,3600.4,3572.32,3575.25,10.65458031,86.5375055817
2017-09-28,801780,3578.09,3579.62,3554.59,3565.07,11.10293012,85.7135027977
2017-09-29,801780,3563.18,3582.03,3562.18,3574.23,9.31519658,77.39908240359999
2017-10-09,801780,3683.93,3693.95,3603.17,3612.72,28.56746875,218.3815411209
2017-10-10,801780,3612.07,3637.52,3602.77,3635.47,16.32177235,140.394280376
2017-10-11,801780,3633.09,3656.88,3630.06,3640.08,13.70545176,111.29757637280001
2017-10-12,801780,3640.03,3654.22,3633.16,3638.59,11.47080581,92.9427583042
2017-10-13,801780,3637.62,3645.14,3624.62,3624.62,10.45897784,83.8368960136
2017-10-16,801780,3628.24,3661.27,3624.73,3658.45,14.24693688,126.5650305758
2017-10-17,801780,3655.69,3662.5,3644.29,3646.11,10.03978538,86.4975617173
2017-10-18,801780,3650.66,3670.22,3640.27,3669.0,15.71348247,119.8828235774
2017-10-19,801780,3663.01,3670.14,3653.04,3666.03,15.10277277,119.7100269902
2017-10-20,801780,3656.33,3656.33,3638.03,3642.31,8.39133966,66.4383968953
2017-10-23,801780,3639.35,3640.09,3607.96,3607.96,10.95556502,88.14371538340001
2017-10-24,801780,3608.96,3635.74,3608.15,3625.47,10.58121275,85.9004600537
2017-10-25,801780,3623.86,3627.89,3612.72,3619.34,10.42194648,78.891163803
2017-10-26,801780,3611.43,3611.43,3584.18,3588.94,20.54381614,146.9065276143
2017-10-27,801780,3591.54,3657.59,3591.36,3652.49,23.60051396,197.6354671711
2017-10-30,801780,3647.85,3661.46,3623.06,3640.45,20.92628093,177.0164520128
2017-10-31,801780,3628.92,3628.92,3604.03,3606.18,15.53306047,120.55978948100001
2017-11-01,801780,3605.74,3605.8,3574.26,3582.91,17.07000595,135.7186705053
2017-11-02,801780,3579.24,3586.59,3551.28,3583.97,16.14076725,121.876743525
2017-11-03,801780,3575.73,3585.1,3546.43,3580.14,17.71216184,137.1237538434
2017-11-06,801780,3567.09,3567.09,3530.1,3544.32,13.57948697,115.82982282129998
2017-11-07,801780,3544.4,3601.92,3540.75,3590.02,20.31366384,165.3533675019
2017-11-08,801780,3588.62,3619.62,3582.4,3600.59,20.71667872,179.5313601769
2017-11-09,801780,3596.17,3614.37,3578.74,3586.24,13.80742877,114.6535869102
2017-11-10,801780,3582.22,3583.99,3549.55,3566.48,20.43814177,157.544440525
2017-11-13,801780,3572.79,3655.06,3572.79,3620.14,32.850169,270.782457064
2017-11-14,801780,3616.19,3623.72,3597.04,3606.3,16.58771838,147.5293288277
2017-11-15,801780,3595.89,3610.63,3585.87,3598.32,13.80792163,116.80589311530001
2017-11-16,801780,3589.05,3589.05,3565.53,3573.61,14.53038873,127.61017257040001
2017-11-17,801780,3573.81,3673.11,3573.38,3670.79,37.81492894,324.3610445137
2017-11-20,801780,3651.12,3731.07,3642.96,3728.96,28.46926741,264.02044364200003
2017-11-21,801780,3715.02,3792.85,3709.97,3744.68,33.33146829,296.7203625621
2017-11-22,801780,3761.82,3861.76,3761.82,3830.96,38.99789036,330.577359149
2017-11-23,801780,3832.32,3859.68,3741.25,3772.43,36.03498908,303.4729960637
2017-11-24,801780,3774.08,3805.57,3741.5,3781.59,22.34349303,200.2764140614
2017-11-27,801780,3761.84,3761.84,3705.42,3755.03,26.36257886,221.90995204680002
2017-11-28,801780,3732.79,3734.47,3686.27,3703.99,15.70327075,138.1811512484
2017-11-29,801780,3707.24,3723.18,3663.54,3712.39,17.32171269,154.84884976709998
2017-11-30,801780,3699.12,3718.14,3678.74,3698.37,18.14867824,153.3996466547
2017-12-01,801780,3696.6,3696.6,3656.9,3673.37,18.43965682,157.1988144959
2017-12-04,801780,3663.01,3686.32,3657.65,3681.93,13.06826552,114.071279228
2017-12-05,801780,3678.22,3757.16,3678.22,3742.04,32.60108378,261.29242223349996
2017-12-06,801780,3729.84,3729.84,3675.54,3703.17,17.04164481,141.3135195252
2017-12-07,801780,3692.61,3703.29,3639.6,3669.26,14.91416719,131.0565186693
2017-12-08,801780,3662.23,3669.4,3644.87,3664.62,13.51295743,116.7376791176
2017-12-11,801780,3659.31,3684.61,3628.3,3677.9,16.11033125,148.2114691529
2017-12-12,801780,3668.1,3675.39,3623.75,3624.67,12.10209765,109.6854178552
2017-12-13,801780,3626.0,3649.11,3608.77,3642.48,12.01100559,100.95247308340001
2017-12-14,801780,3645.88,3665.37,3618.02,3625.95,11.23437815,95.66866863450001
2017-12-15,801780,3623.19,3625.88,3583.11,3583.11,11.74960657,97.87565181059999
2017-12-18,801780,3589.6,3599.82,3582.61,3593.85,10.32487281,84.35098457779999
2017-12-19,801780,3597.48,3652.01,3597.18,3650.98,15.81682271,143.115602793
2017-12-20,801780,3649.94,3650.27,3630.4,3647.99,13.653941,114.5397170464
2017-12-21,801780,3637.81,3671.87,3632.05,3653.92,12.80054756,114.5129979469
2017-12-22,801780,3650.16,3653.63,3629.74,3629.74,9.00739019,78.8734891498
2017-12-25,801780,3628.42,3668.48,3621.26,3628.79,14.09670309,121.67819955040001
2017-12-26,801780,3626.09,3671.18,3626.09,3669.75,14.84859833,122.8547607124
2017-12-27,801780,3661.01,3673.8,3610.99,3626.9,16.98064352,140.8661692051
2017-12-28,801780,3619.73,3632.89,3607.02,3618.44,16.02092442,130.0742419935
2017-12-29,801780,3617.89,3642.54,3617.89,3642.39,14.53699322,107.18418958139999
2018-01-02,801780,3647.82,3719.95,3647.82,3689.77,30.78772815,221.9833319281
2018-01-03,801780,3688.38,3725.77,3682.51,3699.27,21.33226809,184.6498981195
2018-01-04,801780,3706.96,3714.26,3683.19,3690.31,22.09531839,176.0421612368
2018-01-05,801780,3693.91,3709.94,3680.66,3701.87,17.36470898,140.52639091860001
2018-01-08,801780,3697.7,3699.78,3677.76,3690.15,18.80101837,161.5393923733
2018-01-09,801780,3689.46,3701.2,3679.8,3690.47,15.88782215,127.7201475656
2018-01-10,801780,3686.84,3775.31,3685.74,3769.57,32.47388188,280.5790909205
2018-01-11,801780,3768.79,3806.22,3762.35,3783.25,22.33164479,185.11965967790002
2018-01-12,801780,3789.44,3815.75,3786.7,3798.95,19.15185331,158.9427937166
2018-01-15,801780,3794.45,3887.11,3794.45,3856.97,36.34839097,302.32553236
2018-01-16,801780,3850.2,3880.88,3836.69,3874.08,33.07935299,267.9491201848
2018-01-17,801780,3886.91,4015.26,3886.91,3917.03,49.5123175,430.6996646443
2018-01-18,801780,3943.05,4002.17,3943.05,4001.43,50.50016613,419.00991123190005
2018-01-19,801780,4035.67,4096.59,4020.7,4043.22,61.16387454,561.13189373
2018-01-22,801780,4008.76,4083.59,3990.73,4003.69,51.71660045,462.6430159267
2018-01-23,801780,4003.01,4137.83,4003.01,4137.83,68.01199135,546.9711100782
2018-01-24,801780,4151.48,4230.23,4127.07,4159.1,60.92168093,557.0705035123
2018-01-25,801780,4144.15,4144.15,4064.84,4122.57,40.24211674,357.3056748408
2018-01-26,801780,4106.13,4191.04,4106.13,4134.83,58.03660853,482.9123492387
2018-01-29,801780,4142.7,4199.46,4088.81,4112.61,46.14863574,425.0976977877
2018-01-30,801780,4102.69,4112.56,4032.41,4037.46,31.77155296,279.2926476386
2018-01-31,801780,4023.32,4106.92,4020.85,4106.41,32.34296713,294.5020952653
2018-02-01,801780,4100.03,4158.35,4087.74,4143.42,44.95332061,397.82100877309995
2018-02-02,801780,4105.11,4129.13,4055.48,4128.54,26.92181019,239.1889635236
2018-02-05,801780,4075.21,4268.23,4073.27,4268.23,49.82854036,446.1977717877
2018-02-06,801780,4191.61,4230.92,4149.28,4189.56,63.30651171,562.3018468488
2018-02-07,801780,4220.36,4296.27,4045.71,4059.54,65.17140043,603.3206460893
2018-02-08,801780,4012.83,4026.77,3869.55,3924.21,49.0191342,421.4887598158
2018-02-09,801780,3820.37,3843.84,3662.85,3788.98,55.38328631,450.56650855
2018-02-12,801780,3773.75,3784.49,3724.35,3754.57,29.28025244,242.9624332919
2018-02-13,801780,3784.76,3855.2,3784.76,3810.17,30.74789908,252.1865317002
2018-02-14,801780,3811.53,3825.72,3781.72,3819.05,15.92954957,134.2429004327
2018-02-22,801780,3884.11,3906.08,3873.04,3894.57,23.81956279,200.7223303221
2018-02-23,801780,3900.12,3932.37,3879.95,3927.23,19.99177392,169.7817107901
2018-02-26,801780,3946.46,3974.21,3903.46,3930.13,26.77689545,221.0792650322
2018-02-27,801780,3935.38,3935.38,3834.42,3848.64,27.75558301,226.04878597509997
2018-02-28,801780,3813.61,3822.68,3782.83,3795.41,20.2866813,168.6603231734
2018-03-01,801780,3769.41,3827.14,3766.62,3804.58,17.3660848,142.3790146904
2018-03-02,801780,3774.46,3799.18,3756.87,3776.8,16.90676542,139.1134197555
2018-03-05,801780,3773.61,3803.84,3749.9,3767.45,16.18074826,126.47443429190001
2018-03-06,801780,3786.29,3791.51,3732.64,3780.07,30.29815449,219.1064812431
2018-03-07,801780,3806.22,3850.6,3799.24,3799.94,28.52082951,239.94606186709998
2018-03-08,801780,3805.16,3810.85,3773.26,3799.36,16.84492077,129.0757384756
2018-03-09,801780,3810.74,3822.65,3791.91,3804.85,15.53838464,124.9554544949
2018-03-12,801780,3822.2,3825.38,3786.6,3787.83,25.59409711,201.72202011419998
2018-03-13,801780,3790.27,3830.74,3781.28,3786.52,27.00733852,191.2501830835
2018-03-14,801780,3772.24,3772.41,3743.21,3750.51,15.55505927,119.7339587361
2018-03-15,801780,3732.5,3756.66,3732.5,3746.72,14.65702088,114.0118129073
2018-03-16,801780,3744.84,3750.5,3710.31,3710.31,15.06697193,119.7777886533
2018-03-19,801780,3703.9,3728.42,3693.51,3727.61,11.61491625,93.9305998084
2018-03-20,801780,3709.86,3752.32,3708.6,3746.22,13.3114115,104.46116763379999
2018-03-21,801780,3760.78,3782.79,3738.78,3749.26,16.79536299,137.631123204
2018-03-22,801780,3751.48,3758.58,3702.47,3730.53,16.00962991,126.69432448479999
2018-03-23,801780,3653.18,3653.18,3584.87,3635.92,33.37579144,253.5482729983
2018-03-26,801780,3610.23,3611.13,3524.71,3549.24,25.20583479,187.2040692509
2018-03-27,801780,3590.08,3598.28,3525.2,3542.92,22.88461443,167.9037992527
2018-03-28,801780,3515.5,3591.88,3513.52,3541.09,22.08040157,166.268197978
2018-03-29,801780,3541.83,3622.93,3502.91,3594.29,24.75494673,185.1549218849
2018-03-30,801780,3593.67,3600.68,3562.99,3566.38,16.81923094,120.6685231679
2018-04-02,801780,3564.82,3595.72,3538.96,3539.23,18.93625291,138.957539711
2018-04-03,801780,3516.71,3522.1,3493.31,3509.13,15.05079802,106.83501745219999
2018-04-04,801780,3517.65,3538.81,3502.47,3507.64,14.48179278,110.3577100075
2018-04-09,801780,3506.53,3521.81,3493.14,3507.74,11.96222189,89.97248233709999
2018-04-10,801780,3509.46,3614.04,3503.0,3613.3,21.56300315,160.1109705775
2018-04-11,801780,3616.11,3682.34,3605.89,3652.86,26.29412865,197.1380495812
2018-04-12,801780,3648.0,3648.0,3592.53,3598.14,15.35252504,116.89884117129999
2018-04-13,801780,3619.04,3629.39,3569.72,3572.45,13.00137845,97.4323727152
2018-04-16,801780,3560.38,3560.38,3464.22,3471.12,25.59515224,187.3417640164
2018-04-17,801780,3477.21,3496.36,3451.66,3454.94,15.45110396,119.4057356239
2018-04-18,801780,3505.12,3507.87,3463.81,3493.05,18.55184399,142.49000540059998
2018-04-19,801780,3495.68,3527.25,3489.2,3504.81,13.3560629,99.45599228319999
2018-04-20,801780,3491.58,3499.41,3449.19,3476.43,15.15427407,111.1007940095
2018-04-23,801780,3458.72,3503.25,3458.72,3488.76,12.6086072,95.2334495054
2018-04-24,801780,3490.69,3575.53,3490.69,3549.75,23.26923858,173.4228886069
2018-04-25,801780,3531.9,3543.68,3505.63,3512.72,11.94800475,93.3713678302
2018-04-26,801780,3526.22,3531.96,3474.27,3495.21,12.9048612,99.3137847841
2018-04-27,801780,3504.17,3515.94,3470.02,3515.51,14.53596393,126.4242794234
2018-05-02,801780,3538.45,3541.35,3494.04,3506.15,15.70298225,127.3857433489
2018-05-03,801780,3493.54,3509.22,3465.74,3495.81,12.4506409,98.9405867326
2018-05-04,801780,3491.3,3497.3,3467.13,3469.28,9.95116017,80.4278853177
2018-05-07,801780,3472.74,3492.98,3469.28,3491.68,13.16163827,102.2778208829
2018-05-08,801780,3491.95,3554.68,3488.89,3536.37,18.32134551,142.0003957576
2018-05-09,801780,3537.32,3539.65,3521.8,3536.62,9.28687662,71.3713418796
2018-05-10,801780,3548.3,3559.14,3522.33,3541.5,9.67172999,76.7684067199
2018-05-11,801780,3546.28,3570.42,3534.61,3557.55,14.31275291,110.8908502366
2018-05-14,801780,3569.88,3606.66,3568.53,3586.02,16.37536181,136.938805788
2018-05-15,801780,3590.73,3592.8,3556.25,3576.25,12.51564564,95.38958431030001
2018-05-16,801780,3561.51,3563.52,3524.94,3527.19,11.71598381,89.437226994
2018-05-17,801780,3530.66,3538.84,3513.07,3519.71,8.84182305,69.44113785340001
2018-05-18,801780,3517.5,3566.05,3510.06,3565.31,11.60107347,89.7785568453
2018-05-21,801780,3584.74,3590.09,3559.94,3566.58,13.86490804,107.5363545832
2018-05-22,801780,3563.18,3563.18,3522.4,3536.97,13.65052258,104.00406087889999
2018-05-23,801780,3531.75,3531.75,3493.82,3493.82,13.84544126,103.7344281683
2018-05-24,801780,3496.55,3499.32,3469.87,3472.3,12.53316206,91.7419465359
2018-05-25,801780,3467.77,3479.63,3450.51,3465.74,11.41318659,81.99601690770001
2018-05-28,801780,3462.31,3464.79,3441.71,3453.38,9.94382179,82.3608610729
2018-05-29,801780,3442.8,3447.8,3405.31,3445.65,16.34682036,120.18258584620001
2018-05-30,801780,3411.64,3414.3,3374.36,3374.99,12.86595507,99.93354580260001
2018-05-31,801780,3391.95,3421.83,3381.96,3408.95,14.86804812,115.058965518
2018-06-01,801780,3404.48,3426.53,3393.92,3406.4,11.52587614,85.0654812949
2018-06-04,801780,3421.98,3445.12,3412.99,3438.89,12.99549403,96.28004782139999
2018-06-05,801780,3436.86,3436.86,3409.8,3431.14,11.22965412,86.60763061040001
2018-06-06,801780,3425.58,3425.58,3400.01,3404.71,10.15038642,77.4427020455
2018-06-07,801780,3413.78,3436.5,3404.21,3418.36,13.53290548,107.45808282950001
2018-06-08,801780,3408.45,3408.45,3351.27,3357.04,15.79143364,121.07782833110001
2018-06-11,801780,3347.83,3364.41,3329.96,3364.41,10.84965995,82.4703712454
2018-06-12,801780,3360.28,3371.26,3345.34,3364.77,9.38472373,74.0369946445
2018-06-13,801780,3358.65,3362.65,3340.81,3347.16,9.7140637,72.3202855281
2018-06-14,801780,3335.04,3367.16,3334.01,3352.32,11.1913053,81.3805949675
2018-06-15,801780,3335.71,3377.93,3333.47,3366.03,15.35004375,113.7442623875
2018-06-19,801780,3337.52,3355.91,3296.21,3330.57,33.09472083,243.2107107347
2018-06-20,801780,3315.5,3321.61,3295.38,3307.25,11.54930165,84.55405199479999
2018-06-21,801780,3307.96,3338.71,3296.37,3302.43,11.41305658,83.4234281466
2018-06-22,801780,3293.9,3301.29,3278.69,3300.52,9.67170002,69.1799353433
2018-06-25,801780,3314.05,3316.32,3234.51,3234.51,12.18331716,91.8349023614
2018-06-26,801780,3220.33,3220.33,3141.72,3180.22,15.28358187,109.0169615086
2018-06-27,801780,3165.18,3179.03,3113.24,3132.89,15.20406991,101.3859138806
2018-06-28,801780,3110.3,3141.94,3096.04,3110.36,12.51915466,86.4653844085
2018-06-29,801780,3118.71,3157.46,3116.86,3154.51,10.68161118,72.44128793029999
2018-07-02,801780,3148.76,3148.76,3039.75,3048.47,14.69661802,98.24649608760001
2018-07-03,801780,3050.3,3064.22,3014.02,3063.13,15.92617306,105.68915431239999
2018-07-04,801780,3055.15,3084.65,3049.88,3053.05,11.01143043,71.0067070965
2018-07-05,801780,3045.85,3077.65,3030.68,3069.01,14.56117223,94.14479106739999
2018-07-06,801780,3068.36,3110.54,3030.9,3089.98,13.63943345,87.83220892930001
2018-07-09,801780,3097.39,3194.57,3097.39,3193.83,16.12883889,106.828590384
2018-07-10,801780,3193.99,3193.99,3158.42,3181.22,10.92305753,72.4364931228
2018-07-11,801780,3122.42,3148.4,3120.15,3141.97,11.57112599,75.4546495542
2018-07-12,801780,3117.84,3192.6,3115.28,3175.7,15.36656059,104.2088536882
2018-07-13,801780,3169.71,3169.71,3143.55,3148.94,9.8351554,63.6728417823
2018-07-16,801780,3133.5,3146.12,3082.75,3088.26,11.37096322,73.767537284
2018-07-17,801780,3079.32,3080.52,3049.0,3066.27,8.1588934,52.688490381
2018-07-18,801780,3079.77,3107.21,3058.4,3060.4,8.8697967,57.3572685326
2018-07-19,801780,3075.99,3084.96,3051.13,3059.05,9.01855184,58.552901515200006
2018-07-20,801780,3057.8,3208.31,3042.08,3192.61,26.03384174,179.84094584169998
2018-07-23,801780,3187.01,3269.64,3173.58,3250.45,27.50214551,197.55418344080002
2018-07-24,801780,3250.61,3303.4,3250.61,3264.25,23.58395034,174.58682826880002
2018-07-25,801780,3280.29,3282.51,3251.73,3269.79,12.72574303,92.27994562559999
2018-07-26,801780,3279.4,3296.42,3243.95,3250.7,13.37397228,96.4660657891
2018-07-27,801780,3243.24,3261.13,3218.78,3240.94,9.15581144,65.7614189721
2018-07-30,801780,3238.4,3296.49,3238.4,3278.59,12.82786236,90.504614395
2018-07-31,801780,3274.09,3301.42,3243.39,3286.19,14.5165057,103.06010039370001
2018-08-01,801780,3298.09,3321.48,3223.72,3224.14,15.20133901,110.5028568321
2018-08-02,801780,3214.4,3230.58,3140.04,3161.08,15.16141225,105.6595459547
2018-08-03,801780,3164.05,3202.81,3161.31,3165.39,11.11946525,72.3043059637
2018-08-06,801780,3175.44,3228.83,3168.16,3183.34,13.653338,89.77633421610001
2018-08-07,801780,3191.39,3249.15,3180.18,3249.15,13.86074338,100.5402146745
2018-08-08,801780,3246.69,3246.69,3207.7,3210.2,9.59011723,68.67944761689999
2018-08-09,801780,3195.05,3264.35,3195.05,3257.15,11.72275437,85.1329649591
2018-08-10,801780,3257.14,3260.28,3218.44,3236.21,8.46181777,59.6466254128
2018-08-13,801780,3211.65,3211.65,3150.88,3187.07,13.31036741,92.5781744969
2018-08-14,801780,3180.59,3186.48,3159.3,3178.34,8.27200667,55.3662127442
2018-08-15,801780,3175.34,3175.34,3117.38,3119.58,9.88473689,67.0025652208
2018-08-16,801780,3092.17,3146.22,3080.86,3127.47,11.12788515,73.2722491721
2018-08-17,801780,3149.62,3149.62,3100.61,3105.47,8.64760723,58.158715218400005
2018-08-20,801780,3131.33,3157.42,3113.8,3152.35,10.36103462,73.6550293812
2018-08-21,801780,3157.83,3193.15,3150.8,3175.52,10.66194592,77.1497240012
2018-08-22,801780,3175.75,3175.79,3149.89,3164.82,6.54876388,47.6569685796
2018-08-23,801780,3167.79,3188.0,3149.53,3174.33,7.70534094,56.3105155554
2018-08-24,801780,3165.36,3282.94,3158.41,3239.35,19.06534423,143.5199507084
2018-08-27,801780,3248.2,3282.04,3229.52,3282.04,17.18467076,128.0941026713
2018-08-28,801780,3277.54,3298.18,3268.26,3273.05,10.32715304,79.2789171675
2018-08-29,801780,3267.99,3277.81,3253.54,3266.25,8.70907102,65.3163447471
2018-08-30,801780,3267.14,3283.69,3226.44,3226.44,9.54602843,70.1882709221
2018-08-31,801780,3224.93,3278.17,3224.93,3253.98,15.09383353,107.4838926766
2018-09-03,801780,3247.45,3263.89,3233.12,3249.07,9.5077362,67.2318176196
2018-09-04,801780,3250.32,3298.46,3234.78,3287.0,11.73260575,84.8932177552
2018-09-05,801780,3268.45,3278.81,3215.84,3215.84,11.69221113,84.54977538109999
2018-09-06,801780,3214.08,3230.97,3198.88,3203.55,8.04742607,56.4396303897
2018-09-07,801780,3209.32,3236.82,3196.16,3217.6,8.40823899,63.2541578968
2018-09-10,801780,3207.34,3221.98,3193.97,3203.04,8.06000924,55.22861428939999
2018-09-11,801780,3203.41,3219.87,3166.26,3178.54,8.48019439,61.1802094711
2018-09-12,801780,3167.06,3199.32,3157.13,3182.61,8.01539879,55.4657710951
2018-09-13,801780,3217.17,3224.38,3187.92,3222.88,10.65800886,74.26323048409999
2018-09-14,801780,3231.34,3231.34,3211.27,3217.89,7.1837721,49.0553405366
2018-09-17,801780,3209.02,3209.02,3186.04,3188.18,6.36960808,43.0724697133
2018-09-18,801780,3186.98,3241.89,3186.98,3240.15,10.28668733,74.3107839095
2018-09-19,801780,3235.96,3272.84,3233.81,3257.12,13.2737942,95.01336028620001
2018-09-20,801780,3266.28,3289.18,3260.94,3271.89,11.74073463,78.5112672753
2018-09-21,801780,3280.88,3400.87,3265.55,3400.87,27.07384866,187.4715846959
2018-09-25,801780,3362.2,3372.77,3344.33,3356.53,14.1855035,102.6872816125
2018-09-26,801780,3365.18,3432.88,3354.75,3393.64,20.41631929,150.803078131
2018-09-27,801780,3392.48,3401.08,3366.68,3393.33,14.66546543,106.15346438629999
2018-09-28,801780,3402.2,3466.43,3401.49,3437.0,20.50411179,154.48734449379998
2018-10-08,801780,3359.01,3368.67,3303.51,3313.78,19.56305815,143.69794161709999
2018-10-09,801780,3304.13,3331.26,3288.66,3308.65,12.24240439,91.9255267648
2018-10-10,801780,3310.8,3345.07,3298.02,3326.52,11.2266611,84.3386639049
2018-10-11,801780,3245.04,3266.72,3173.08,3201.19,21.45952083,151.7699836205
2018-10-12,801780,3210.68,3280.2,3202.82,3266.59,17.44972615,128.5769242018
2018-10-15,801780,3268.48,3269.38,3219.11,3226.43,12.22690139,88.46673196110001
2018-10-16,801780,3229.78,3286.04,3229.78,3246.52,12.18211492,95.32987125870001
2018-10-17,801780,3277.91,3287.99,3221.83,3269.52,15.04789329,111.7518200568
2018-10-18,801780,3263.56,3263.56,3206.45,3206.45,12.71946176,92.9979914293
2018-10-19,801780,3202.7,3315.07,3189.59,3307.33,20.7145148,151.01310079479998
2018-10-22,801780,3322.63,3433.0,3322.63,3398.45,28.21121046,209.42547528900002
2018-10-23,801780,3393.8,3401.04,3313.74,3319.27,18.20039672,135.5955510325
2018-10-24,801780,3325.36,3460.12,3325.36,3386.22,27.14835088,198.9867546162
2018-10-25,801780,3323.62,3423.48,3322.58,3422.46,21.39162048,158.3356762304
2018-10-26,801780,3425.21,3432.56,3378.95,3414.25,17.81386788,130.10515625370002
2018-10-29,801780,3434.55,3446.3,3325.79,3348.5,18.72407965,147.3697206397
2018-10-30,801780,3370.95,3426.91,3364.64,3402.82,21.18439466,163.5799223674
2018-10-31,801780,3417.39,3425.3,3383.61,3409.57,18.83242157,142.6529379465
2018-11-01,801780,3427.68,3434.31,3373.92,3381.84,19.44108152,149.5351969334
2018-11-02,801780,3433.69,3466.43,3399.99,3457.75,30.35113049,236.68864121459998
2018-11-05,801780,3432.89,3440.96,3404.98,3421.13,17.80095099,128.3210791937
2018-11-06,801780,3416.83,3416.83,3376.72,3396.56,13.02220519,94.59133697989999
2018-11-07,801780,3402.72,3428.59,3381.34,3382.64,12.68657057,97.9112981115
2018-11-08,801780,3413.21,3427.14,3395.28,3404.5,11.11144419,87.6940658155
2018-11-09,801780,3374.74,3374.74,3293.46,3301.15,24.65903782,185.91936569240002
2018-11-12,801780,3293.37,3315.38,3293.37,3312.24,14.47776556,107.8552673242
2018-11-13,801780,3277.78,3338.89,3277.78,3324.4,15.82894818,112.894748174
2018-11-14,801780,3322.81,3322.81,3280.88,3285.93,15.01667581,104.6002999459
2018-11-15,801780,3286.27,3315.27,3285.21,3313.69,12.8661431,89.3920243101
2018-11-16,801780,3314.75,3337.84,3296.31,3315.06,17.39727631,124.03994846229999
2018-11-19,801780,3327.14,3364.18,3320.93,3361.19,18.97925059,140.02365909690002
2018-11-20,801780,3344.62,3349.86,3306.52,3311.84,14.87922566,105.4602285021
2018-11-21,801780,3291.79,3317.87,3291.68,3314.79,9.64166501,70.8186332857
2018-11-22,801780,3320.06,3320.06,3291.49,3302.34,7.52355335,55.703033516000005
2018-11-23,801780,3297.9,3309.85,3260.17,3260.17,10.93571731,78.6735928891
2018-11-26,801780,3276.33,3292.33,3264.57,3274.97,9.01502271,62.131307596999996
2018-11-27,801780,3279.66,3287.32,3251.52,3257.72,7.89514352,60.3022484555
2018-11-28,801780,3259.74,3290.39,3258.41,3281.19,8.22194721,58.9631049032
2018-11-29,801780,3297.69,3301.51,3263.15,3263.15,8.75643472,65.5778899786
2018-11-30,801780,3264.94,3291.13,3264.94,3291.0,8.88649569,65.1461698907
2018-12-03,801780,3356.97,3363.04,3327.86,3350.57,17.59208325,131.56623576209998
2018-12-04,801780,3351.49,3362.01,3345.01,3361.8,9.5467371,71.2143539632
2018-12-05,801780,3333.1,3352.17,3332.46,3338.01,8.9428137,64.4745540143
2018-12-06,801780,3305.61,3315.86,3290.19,3299.37,10.84312289,76.3324912448
2018-12-07,801780,3308.49,3314.7,3290.45,3294.29,5.84272194,43.9867780605
2018-12-10,801780,3271.24,3281.89,3256.99,3264.05,7.90936987,57.07389868479999
2018-12-11,801780,3265.69,3274.04,3258.39,3264.89,6.31597257,45.308484953599994
2018-12-12,801780,3289.37,3289.37,3258.55,3269.81,6.68098026,47.7016170266
2018-12-13,801780,3273.69,3307.53,3263.7,3292.62,11.53320554,87.6492269617
2018-12-14,801780,3279.5,3283.42,3253.21,3255.38,10.8514982,76.72541529909999
2018-12-17,801780,3253.8,3266.67,3247.69,3266.05,9.46161127,66.1042902823
2018-12-18,801780,3245.94,3267.64,3225.47,3233.0,9.08755966,65.7711198908
2018-12-19,801780,3240.47,3244.27,3195.39,3196.96,8.76779609,72.4193574478
2018-12-20,801780,3190.13,3197.17,3115.81,3138.44,15.38361928,114.3885448335
2018-12-21,801780,3128.26,3128.26,3080.59,3104.09,14.13412805,100.3895999244
2018-12-24,801780,3085.16,3101.48,3073.55,3097.41,9.93361947,71.30675307439999
2018-12-25,801780,3066.59,3097.74,3042.52,3085.7,14.38203229,96.5169736207
2018-12-26,801780,3081.27,3094.55,3069.45,3074.51,9.39953083,63.3357892056
2018-12-27,801780,3104.33,3104.34,3079.12,3079.12,12.87353018,86.82750969860001
2018-12-28,801780,3088.2,3127.59,3088.2,3108.23,11.72772977,82.0653508109
2019-01-02,801780,3105.84,3105.84,3044.43,3056.53,10.56115914,71.31345311060001
2019-01-03,801780,3050.89,3090.51,3050.89,3083.57,9.25790406,60.6133186292
2019-01-04,801780,3066.86,3148.59,3066.86,3147.1,15.45570439,109.50982971229999
2019-01-07,801780,3162.72,3162.72,3131.36,3140.25,12.4907654,84.9718294982
2019-01-08,801780,3142.11,3142.11,3118.89,3126.63,9.34821182,58.1549430491
2019-01-09,801780,3138.57,3185.65,3138.57,3153.35,15.66299124,108.0145204035
2019-01-10,801780,3143.21,3161.61,3134.71,3145.39,14.08289724,94.3497496572
2019-01-11,801780,3152.99,3182.05,3148.84,3172.07,11.71488583,82.7151673378
2019-01-14,801780,3170.12,3174.87,3148.77,3150.42,10.84728217,70.7859982314
2019-01-15,801780,3157.35,3188.63,3154.08,3183.88,11.61164829,77.1673654657
2019-01-16,801780,3180.52,3191.84,3177.21,3190.45,9.74475948,65.09337969159999
2019-01-17,801780,3199.55,3202.2,3170.23,3173.9,12.96761634,83.2801202171
2019-01-18,801780,3190.3,3237.34,3190.3,3232.15,18.26116053,119.32739549639999
2019-01-21,801780,3230.38,3255.34,3230.38,3238.86,14.86822773,96.8350407618
2019-01-22,801780,3239.92,3241.98,3205.11,3212.57,9.73371923,64.87395674060001
2019-01-23,801780,3213.16,3237.7,3213.16,3221.18,9.62073378,63.3231219599
2019-01-24,801780,3230.94,3251.87,3224.03,3247.76,11.17974366,81.778903633
2019-01-25,801780,3260.45,3311.97,3260.45,3300.11,18.47784915,134.1574639565
2019-01-28,801780,3316.03,3337.21,3288.52,3295.62,14.95415222,108.6087033215
2019-01-29,801780,3292.24,3325.57,3283.46,3318.55,13.22012773,91.60730839840001
2019-01-30,801780,3314.31,3332.14,3304.14,3306.85,10.86355184,75.8108803133
2019-01-31,801780,3318.49,3371.73,3318.49,3364.49,18.28896401,129.2973990254
2019-02-01,801780,3379.53,3379.53,3342.61,3368.36,13.08252072,93.7498896442
2019-02-11,801780,3347.34,3370.28,3335.26,3367.61,13.84803572,97.21138778459999
2019-02-12,801780,3372.02,3378.9,3346.31,3369.86,14.19947048,100.0956118716
2019-02-13,801780,3372.01,3427.68,3357.85,3416.87,20.45936112,146.774552791
2019-02-14,801780,3406.46,3413.48,3391.83,3399.25,14.21994504,102.36963972
2019-02-15,801780,3389.35,3392.15,3331.01,3333.93,15.80133573,113.31737459969999
2019-02-18,801780,3355.81,3397.7,3355.02,3397.7,19.72826682,135.8435443418
2019-02-19,801780,3397.82,3444.33,3384.76,3393.76,22.15899381,155.8209358998
2019-02-20,801780,3411.01,3419.63,3386.37,3398.43,14.29768233,100.0031705023
2019-02-21,801780,3399.8,3418.89,3374.02,3382.32,15.71536659,112.357701042
2019-02-22,801780,3378.22,3429.02,3355.3,3429.02,24.71165149,168.8807209811
2019-02-25,801780,3455.18,3676.9,3455.18,3660.58,63.21216541,457.2975433316
2019-02-26,801780,3648.7,3676.92,3574.66,3577.63,48.81731308,362.2378018036
2019-02-27,801780,3591.47,3702.63,3581.94,3637.71,52.40091611,398.27916800040003
2019-02-28,801780,3633.75,3665.57,3613.66,3622.47,30.32337024,238.0061649441
2019-03-01,801780,3643.3,3740.13,3603.42,3740.13,39.29060102,317.1324019389
2019-03-04,801780,3762.65,3860.07,3741.05,3761.97,62.62513994,496.7917841182
2019-03-05,801780,3747.58,3765.89,3727.13,3746.16,33.1983702,266.282180385
2019-03-06,801780,3743.93,3779.74,3716.64,3763.14,37.21398439,293.51632277970003
2019-03-07,801780,3754.13,3754.13,3694.84,3707.74,43.84562018,355.2720838937
2019-03-08,801780,3650.44,3650.44,3563.68,3565.81,43.3685042,344.4258178139
2019-03-11,801780,3557.42,3585.33,3538.44,3578.8,31.05474247,249.0648538366
2019-03-12,801780,3607.46,3639.52,3573.81,3591.28,33.58183105,275.1135170568
2019-03-13,801780,3592.19,3622.87,3550.28,3590.89,28.73045353,231.6615808647
2019-03-14,801780,3581.17,3630.2,3577.66,3587.14,23.43189607,191.3402623141
2019-03-15,801780,3588.89,3630.78,3588.0,3601.84,22.38586861,179.35598277169998
2019-03-18,801780,3607.13,3666.04,3589.77,3666.04,29.84976038,232.0310084359
2019-03-19,801780,3671.57,3682.46,3639.74,3648.27,23.33450759,196.4329381313
2019-03-20,801780,3635.79,3673.53,3626.6,3654.84,23.43380457,196.16475584830002
2019-03-21,801780,3651.87,3655.35,3627.34,3628.61,24.0466851,196.358948222
2019-03-22,801780,3634.55,3636.32,3591.99,3618.44,21.15607055,174.946529616
2019-03-25,801780,3577.52,3579.18,3521.07,3521.07,26.03569356,203.6020511905
2019-03-26,801780,3545.61,3545.61,3501.26,3513.23,18.44231966,144.1302301243
2019-03-27,801780,3525.45,3566.89,3521.68,3545.94,17.97860152,145.9251570251
2019-03-28,801780,3529.92,3529.92,3500.66,3524.6,15.77287731,121.21928378620001
2019-03-29,801780,3525.96,3636.93,3525.47,3631.82,32.18806627,269.3491562776
2019-04-01,801780,3650.22,3720.89,3650.22,3696.48,40.87925421,335.47129770509997
2019-04-02,801780,3708.76,3728.55,3699.09,3707.53,31.64408742,250.8234217081
2019-04-03,801780,3677.6,3736.0,3672.95,3735.08,34.0541085,265.0689840112
2019-04-04,801780,3742.22,3809.63,3742.22,3797.8,46.22168459,371.1376867073
2019-04-08,801780,3816.41,3896.57,3798.92,3823.96,46.83062544,384.0124209775
2019-04-09,801780,3815.5,3821.01,3768.21,3780.31,24.55280315,202.77297569330003
2019-04-10,801780,3767.93,3786.46,3732.25,3769.1,24.85650114,208.6642240088
2019-04-11,801780,3772.24,3803.27,3729.57,3740.34,22.54101289,184.9051993772
2019-04-12,801780,3736.65,3746.54,3727.35,3740.82,15.81583848,126.49571872860001
2019-04-15,801780,3806.86,3858.85,3760.18,3760.18,37.0492611,309.75335033939996
2019-04-16,801780,3746.72,3913.28,3746.72,3913.28,53.48468728,444.9571835545
2019-04-17,801780,3896.72,3936.6,3876.91,3890.83,33.48420314,270.1624838282
2019-04-18,801780,3888.01,3888.01,3851.57,3859.51,19.98049307,161.6666074335
2019-04-19,801780,3868.9,3913.04,3850.0,3888.18,20.16412448,175.5846616396
2019-04-22,801780,3884.08,3886.1,3771.66,3777.64,27.15687701,236.4566882443
2019-04-23,801780,3773.58,3812.6,3772.77,3783.89,19.48673743,160.3072776944
2019-04-24,801780,3807.92,3813.44,3745.68,3793.22,20.22514834,173.0551350309
2019-04-25,801780,3779.69,3793.68,3746.76,3752.67,21.27528581,171.45529948979998
2019-04-26,801780,3735.16,3745.82,3690.51,3690.51,20.85345983,167.512409012
2019-04-29,801780,3708.7,3780.56,3708.03,3753.24,23.02511558,185.89149979439998
2019-04-30,801780,3750.84,3775.17,3726.1,3765.75,22.13378978,207.05303662650002
2019-05-06,801780,3674.09,3688.15,3603.69,3664.14,40.23007635,325.851789594
2019-05-07,801780,3675.81,3679.87,3633.5,3658.59,23.32621619,194.03158046349998
2019-05-08,801780,3616.85,3640.71,3593.24,3597.73,20.18937215,164.3696874106
2019-05-09,801780,3582.94,3588.76,3515.58,3526.75,19.56740298,165.2081531353
2019-05-10,801780,3558.51,3616.71,3525.7,3603.48,22.3877978,179.7429766856
2019-05-13,801780,3558.71,3569.09,3545.29,3550.31,16.13673464,119.07599250969999
2019-05-14,801780,3519.6,3571.09,3519.6,3537.75,17.24534179,140.4764138724
2019-05-15,801780,3561.54,3609.66,3557.08,3595.39,18.22026459,139.8020020964
2019-05-16,801780,3588.95,3600.4,3581.82,3596.83,16.27633937,117.9835891499
2019-05-17,801780,3601.95,3601.95,3544.28,3550.25,17.21904995,128.60682039030002
2019-05-20,801780,3542.28,3573.89,3532.0,3551.67,20.32857982,136.4677542859
2019-05-21,801780,3550.56,3606.51,3550.56,3577.03,15.09081834,119.0067668054
2019-05-22,801780,3577.32,3583.84,3558.42,3566.51,12.53390907,98.2761114694
2019-05-23,801780,3554.43,3559.57,3527.39,3544.82,16.07382307,111.7848681969
2019-05-24,801780,3555.36,3580.64,3555.36,3567.26,14.62111698,107.2120053382
2019-05-27,801780,3549.88,3583.87,3519.84,3575.66,18.49533484,147.4143309982
2019-05-28,801780,3570.74,3606.3,3556.98,3596.84,19.98287277,160.862700525
2019-05-29,801780,3570.48,3594.64,3558.22,3567.39,14.53098751,117.7499428442
2019-05-30,801780,3569.84,3573.11,3542.31,3565.23,13.50127227,103.2467689968
2019-05-31,801780,3564.67,3584.0,3551.96,3553.8,14.58748134,110.0503211112
2019-06-03,801780,3550.54,3580.18,3534.69,3561.69,17.06237215,131.8805176312
2019-06-04,801780,3560.92,3560.92,3540.36,3557.43,13.4045148,103.1246694541
2019-06-05,801780,3576.46,3594.32,3569.23,3569.23,13.9045131,102.8862668895
2019-06-06,801780,3579.12,3582.51,3556.41,3567.18,11.84253866,90.7724371662
2019-06-10,801780,3580.22,3632.42,3580.22,3615.31,14.82382413,120.644864626
2019-06-11,801780,3616.08,3658.12,3612.3,3655.23,20.49153899,162.63489387180002
2019-06-12,801780,3648.36,3657.46,3631.66,3647.55,14.22355397,107.96875816229999
2019-06-13,801780,3645.4,3656.15,3619.93,3641.64,12.2676078,92.85188706219999
2019-06-14,801780,3651.25,3658.84,3631.67,3636.82,14.11346663,110.9715715968
2019-06-17,801780,3636.87,3671.5,3636.76,3651.04,12.0175258,93.63447863
2019-06-18,801780,3656.15,3668.08,3644.95,3668.08,13.4192493,97.3304657847
2019-06-19,801780,3710.92,3711.59,3682.56,3684.7,23.16316207,176.65169226830002
2019-06-20,801780,3690.2,3799.02,3688.07,3777.42,33.37917943,259.8359763595
2019-06-21,801780,3774.29,3785.67,3741.56,3744.8,24.62239467,196.1322946063
2019-06-24,801780,3742.8,3757.5,3738.29,3753.27,13.53174354,108.56198812209999
2019-06-25,801780,3745.01,3745.01,3634.76,3673.79,23.27296183,241.4956738902
2019-06-26,801780,3644.4,3670.9,3644.4,3654.44,12.92014138,118.0034020667
2019-06-27,801780,3669.47,3706.35,3669.47,3690.06,16.6002081,144.03741124639998
2019-06-28,801780,3689.63,3689.63,3660.77,3677.63,12.46648736,99.74754549209999
2019-07-01,801780,3726.74,3740.1,3715.77,3726.6,20.13257069,170.1917508985
2019-07-02,801780,3725.86,3726.28,3708.16,3724.83,17.63248025,147.3078590282
2019-07-03,801780,3705.59,3705.59,3686.73,3700.2,15.25328421,118.54821576350001
2019-07-04,801780,3705.65,3713.89,3685.08,3694.87,14.07702577,112.6165386658
2019-07-05,801780,3681.09,3681.09,3662.53,3677.22,11.70267511,93.1352123579
2019-07-08,801780,3662.78,3662.78,3594.53,3609.05,17.02262439,129.5249072429
2019-07-09,801780,3600.56,3605.68,3581.39,3587.54,10.15651304,76.3705692652
2019-07-10,801780,3593.34,3593.34,3553.8,3562.75,9.84906578,85.576832009
2019-07-11,801780,3572.78,3588.3,3563.83,3570.95,9.85709556,91.5250822353
2019-07-12,801780,3559.58,3609.96,3555.94,3598.7,12.79678416,116.694778455
2019-07-15,801780,3581.79,3611.94,3545.9,3593.47,13.6368575,108.13524296989999
2019-07-16,801780,3593.08,3598.73,3584.41,3587.57,8.40447788,71.4683143924
2019-07-17,801780,3575.66,3590.52,3566.98,3573.29,8.34429581,66.1030975292
2019-07-18,801780,3574.06,3580.05,3564.65,3571.03,9.61508951,75.8436855426
2019-07-19,801780,3584.36,3618.8,3582.75,3615.82,11.00642865,99.4874125492
2019-07-22,801780,3613.59,3628.89,3593.43,3605.31,12.25302794,96.8656244548
2019-07-23,801780,3607.95,3615.82,3600.77,3611.54,10.25935764,79.75530264310001
2019-07-24,801780,3624.76,3654.61,3623.49,3632.69,13.20696482,105.0274965117
2019-07-25,801780,3639.75,3686.83,3639.75,3686.83,14.23636077,133.7089374669
2019-07-26,801780,3672.59,3689.88,3672.59,3683.91,11.31627892,91.4605572977
2019-07-29,801780,3686.34,3686.34,3667.6,3679.59,12.20796165,95.6014054383
2019-07-30,801780,3681.06,3719.97,3681.06,3695.94,13.81085184,110.6615269166
2019-07-31,801780,3681.09,3684.11,3658.04,3667.68,12.06503484,97.6236721987
2019-08-01,801780,3654.63,3663.34,3624.9,3635.05,12.10723143,95.2563266441
2019-08-02,801780,3587.26,3601.85,3582.6,3592.51,16.36720604,130.113319153
2019-08-05,801780,3576.33,3576.33,3526.83,3526.83,15.46423522,120.27863030479999
2019-08-06,801780,3476.81,3500.64,3465.64,3489.38,17.3763297,133.44803291440002
2019-08-07,801780,3502.3,3503.91,3478.61,3479.23,11.55563798,96.74426898950001
2019-08-08,801780,3503.36,3544.51,3502.86,3539.32,15.42638774,133.285466045
2019-08-09,801780,3548.87,3558.22,3525.04,3533.8,14.74519331,127.85688087
2019-08-12,801780,3531.18,3574.54,3531.18,3573.64,13.42486584,127.2863581302
2019-08-13,801780,3555.32,3555.32,3528.32,3534.71,10.91123906,95.2783332794
2019-08-14,801780,3565.94,3568.05,3526.27,3526.35,13.09872845,118.3055760526
2019-08-15,801780,3478.07,3523.72,3475.79,3523.72,11.33779427,93.5621251135
2019-08-16,801780,3523.61,3536.97,3502.97,3515.39,12.03946869,101.76307430940001
2019-08-19,801780,3503.53,3533.1,3463.98,3531.95,26.46477718,214.70410443080002
2019-08-20,801780,3515.85,3544.7,3515.07,3524.54,15.96325661,134.5570440573
2019-08-21,801780,3517.7,3525.12,3512.7,3513.78,10.86241706,99.962250287
2019-08-22,801780,3521.8,3522.32,3498.72,3507.9,10.36424341,86.1664578129
2019-08-23,801780,3509.11,3550.22,3508.76,3546.31,12.92695033,127.8899912232
2019-08-26,801780,3495.79,3510.61,3476.19,3486.75,14.09771665,126.8262361314
2019-08-27,801780,3505.75,3535.87,3502.48,3502.48,18.87020179,157.6494229394
2019-08-28,801780,3496.12,3497.02,3471.78,3474.64,13.29395108,133.902740403
2019-08-29,801780,3473.36,3476.16,3439.84,3453.39,12.22654284,107.9972593718
2019-08-30,801780,3475.94,3481.57,3450.6,3459.95,13.14088993,113.6436048583
2019-09-02,801780,3464.89,3491.95,3460.25,3479.67,15.15690261,124.8140311621
2019-09-03,801780,3484.79,3486.42,3470.32,3477.51,11.2515273,90.7389729289
2019-09-04,801780,3480.02,3533.72,3480.02,3533.72,20.41705795,161.11829436809998
2019-09-05,801780,3547.12,3612.28,3547.12,3578.89,27.75639998,222.25531236759997
2019-09-06,801780,3599.22,3602.48,3578.8,3601.69,16.17176929,131.02145005
2019-09-09,801780,3628.36,3636.28,3584.2,3590.71,19.97213266,170.15109831790002
2019-09-10,801780,3594.37,3594.37,3560.96,3576.01,14.31785552,121.2307130605
2019-09-11,801780,3590.15,3603.28,3579.76,3601.07,16.90473908,131.9786665167
2019-09-12,801780,3618.39,3618.98,3599.64,3615.74,12.69973064,108.9233185954
2019-09-16,801780,3622.77,3622.77,3589.21,3596.15,11.17727145,95.3466163393
2019-09-17,801780,3591.63,3591.63,3544.44,3551.09,13.59425221,107.9444330275
2019-09-18,801780,3560.99,3567.99,3552.24,3553.25,9.9898874,83.8342773929
2019-09-19,801780,3564.29,3564.29,3547.98,3558.53,10.4086985,99.7050794824
2019-09-20,801780,3567.67,3576.76,3558.18,3574.13,16.32933079,147.1554558371
2019-09-23,801780,3563.07,3563.07,3527.06,3540.75,12.00787948,107.33275942629999
2019-09-24,801780,3548.06,3552.55,3534.6,3535.24,9.12855903,82.46379088479999
2019-09-25,801780,3533.2,3567.39,3522.3,3551.28,11.72930678,110.9434322616
2019-09-26,801780,3562.8,3627.43,3558.63,3602.89,23.92816071,218.7779327248
2019-09-27,801780,3603.01,3613.0,3572.95,3604.36,16.94268181,143.7555682457
2019-09-30,801780,3586.33,3615.08,3567.87,3567.87,13.46686411,112.28806081569999
2019-10-08,801780,3562.45,3629.34,3562.45,3615.23,16.80290318,151.3472021908
2019-10-09,801780,3595.61,3687.07,3595.61,3658.21,22.31741532,198.2465897036
2019-10-10,801780,3657.18,3664.42,3643.06,3655.97,14.23996901,116.47804555450001
2019-10-11,801780,3667.4,3733.09,3664.3,3728.35,22.51384004,204.16695705790002
2019-10-14,801780,3752.66,3864.88,3752.66,3802.97,38.53225827,311.1961130593
2019-10-15,801780,3807.89,3813.38,3781.48,3808.79,21.60140279,177.55970278419997
2019-10-16,801780,3823.27,3866.73,3774.49,3792.96,22.42931312,192.5930069881
2019-10-17,801780,3794.12,3807.14,3773.99,3785.28,13.65854721,118.6511261559
2019-10-18,801780,3798.3,3822.0,3721.83,3725.95,18.65539586,157.7065380429
2019-10-21,801780,3721.58,3778.76,3721.58,3769.7,16.20587646,133.4862682412
2019-10-22,801780,3783.03,3783.03,3727.01,3757.05,14.65248265,128.30988853879998
2019-10-23,801780,3752.96,3778.16,3744.07,3755.89,14.67015498,111.22024602399999
2019-10-24,801780,3766.29,3826.53,3761.42,3798.14,20.68691701,166.5316919117
2019-10-25,801780,3798.92,3798.92,3756.14,3789.57,15.63219025,123.74491512700001
2019-10-28,801780,3787.74,3806.6,3759.75,3766.88,16.3371753,133.8087630395
2019-10-29,801780,3771.02,3774.05,3746.13,3755.9,13.69067077,110.5203976435
2019-10-30,801780,3756.09,3775.11,3735.35,3743.51,13.62773811,123.6370285869
2019-10-31,801780,3750.72,3750.72,3714.1,3722.92,14.40575323,118.74616826270001
2019-11-01,801780,3723.09,3808.67,3709.02,3801.37,18.38855365,174.221669794
2019-11-04,801780,3815.8,3845.94,3810.95,3823.17,15.99458086,150.2131267341
2019-11-05,801780,3822.89,3907.93,3817.27,3867.56,25.96689757,227.0948698002
2019-11-06,801780,3866.96,3901.9,3854.71,3880.68,19.28985575,173.76342728880002
2019-11-07,801780,3880.44,3891.49,3858.01,3871.96,13.97804038,120.9090999809
2019-11-08,801780,3891.3,3891.3,3819.98,3823.49,16.66906985,140.8105564618
2019-11-11,801780,3802.35,3802.35,3762.82,3764.86,16.90003257,137.0076958144
2019-11-12,801780,3769.75,3780.68,3754.62,3771.98,11.54852206,98.2657541409
2019-11-13,801780,3763.8,3771.99,3743.77,3754.64,11.89404779,101.8500127793
2019-11-14,801780,3762.85,3762.85,3723.46,3735.35,12.18380214,98.05289132989999
2019-11-15,801780,3748.2,3760.22,3725.38,3733.63,10.98583659,92.29619301860001
2019-11-18,801780,3731.34,3788.74,3728.41,3778.86,11.99082211,109.4308499799
2019-11-19,801780,3769.01,3789.95,3766.44,3777.73,11.02149631,93.1913207636
2019-11-20,801780,3763.88,3767.14,3707.37,3710.89,13.45695697,129.0304966168
2019-11-21,801780,3695.68,3714.74,3681.27,3700.57,11.69323918,94.27048637799999
2019-11-22,801780,3713.67,3723.01,3681.38,3686.21,11.19190328,93.0245888434
2019-11-25,801780,3696.36,3736.01,3696.36,3730.41,13.36815731,101.8318875378
2019-11-26,801780,3743.41,3743.41,3707.07,3707.07,16.96418455,138.9022261257
2019-11-27,801780,3711.87,3723.56,3700.36,3711.08,9.56831755,83.37103609479999
2019-11-28,801780,3708.19,3714.2,3685.57,3696.31,8.80111981,69.6038447508
2019-11-29,801780,3691.8,3707.76,3668.3,3673.42,11.09120769,86.66720818790002
2019-12-02,801780,3678.49,3690.01,3677.05,3677.05,8.93679451,70.520467634
2019-12-03,801780,3667.66,3691.03,3656.73,3690.92,10.28498944,77.8234463275
2019-12-04,801780,3674.74,3681.1,3663.57,3672.28,9.91793503,73.80503305810001
2019-12-05,801780,3686.64,3698.19,3673.85,3690.74,10.75011873,83.8502303462
2019-12-06,801780,3697.37,3703.54,3677.91,3694.55,9.71965702,79.897224875
2019-12-09,801780,3692.68,3695.23,3676.07,3687.9,12.18805715,90.7638065861
2019-12-10,801780,3678.24,3685.92,3672.13,3673.58,11.40933658,82.9153594659
2019-12-11,801780,3683.32,3713.65,3679.33,3713.34,13.6968541,109.3452512383
2019-12-12,801780,3716.75,3716.75,3696.69,3704.02,11.77934708,87.2347973553
2019-12-13,801780,3732.33,3777.55,3729.08,3777.55,22.00385408,176.4763356622
2019-12-16,801780,3769.4,3769.4,3749.6,3766.93,16.56510097,132.95935442360002
2019-12-17,801780,3765.66,3849.53,3752.7,3821.07,37.63001827,276.4375005105
2019-12-18,801780,3813.84,3847.24,3813.84,3825.63,24.20923074,189.1957817766
2019-12-19,801780,3828.51,3853.25,3823.15,3831.43,19.81768086,157.4373296672
2019-12-20,801780,3832.89,3854.81,3824.93,3830.39,21.93978612,167.034432055
2019-12-23,801780,3840.5,3843.18,3786.17,3789.42,20.76302485,157.3442617162
2019-12-24,801780,3794.03,3821.4,3794.03,3812.65,11.86023203,98.5082762264
2019-12-25,801780,3811.92,3812.64,3785.99,3794.7,12.28576627,95.7447463867
2019-12-26,801780,3794.96,3822.51,3793.87,3822.51,12.85859541,95.7486095608
2019-12-27,801780,3817.71,3859.44,3816.44,3825.61,20.46339318,161.6086830441
2019-12-30,801780,3803.47,3823.18,3767.03,3823.18,23.08040658,185.22881154240002
2019-12-31,801780,3817.41,3822.86,3800.03,3821.03,16.37118861,130.184399982
2020-01-02,801780,3859.81,3910.86,3859.81,3884.36,28.89470334,246.87760391939997
2020-01-03,801780,3889.64,3903.35,3886.64,3894.21,18.59556374,157.5530413068
2020-01-06,801780,3875.6,3908.98,3854.41,3867.89,21.88320126,172.2108201118
2020-01-07,801780,3881.75,3913.13,3874.78,3884.75,18.44091288,139.7708384028
2020-01-08,801780,3864.09,3864.09,3820.76,3822.32,18.8791714,150.7395012259
2020-01-09,801780,3849.95,3856.38,3830.55,3843.52,15.22762424,125.37164641
2020-01-10,801780,3846.53,3851.02,3833.0,3843.87,11.59099453,93.5014143296
2020-01-13,801780,3847.07,3853.3,3822.19,3852.59,15.6898905,130.8245649957
2020-01-14,801780,3856.45,3882.05,3840.01,3841.93,15.61854501,133.7133353456
2020-01-15,801780,3842.63,3842.63,3797.47,3799.95,12.82658903,114.67761524149999
2020-01-16,801780,3806.2,3806.2,3769.49,3775.05,16.47316237,136.3264300075
2020-01-17,801780,3781.03,3795.87,3766.98,3774.42,11.41922941,97.4130145837
2020-01-20,801780,3781.86,3798.32,3778.23,3794.77,11.8107221,107.87691769799999
2020-01-21,801780,3778.2,3778.2,3741.25,3742.33,15.98888589,128.3704909692
2020-01-22,801780,3728.87,3745.01,3701.62,3741.3,15.72459861,128.8873861299
2020-01-23,801780,3721.54,3721.54,3635.76,3651.03,23.13719093,188.7457195533
2020-02-03,801780,3340.93,3456.92,3340.93,3411.27,40.65424545,296.3021904002
2020-02-04,801780,3409.49,3485.58,3409.49,3480.65,29.78172475,230.76216933720002
2020-02-05,801780,3481.83,3501.06,3451.03,3479.24,22.23221367,177.9828857097
2020-02-06,801780,3495.71,3513.16,3462.4,3503.35,22.07477843,169.96759545
2020-02-07,801780,3472.59,3487.32,3450.36,3487.32,18.45001784,143.4948043953
2020-02-10,801780,3464.88,3477.86,3456.05,3473.01,16.28048445,129.47115900129998
2020-02-11,801780,3484.43,3519.64,3481.41,3509.62,19.24579363,151.2328638308
2020-02-12,801780,3505.94,3515.68,3490.8,3515.68,14.74012383,115.3829794601
2020-02-13,801780,3509.15,3511.82,3486.85,3486.99,14.38349268,112.5065413075
2020-02-14,801780,3482.47,3520.73,3482.47,3517.24,12.89287497,110.1722881294
2020-02-17,801780,3515.55,3579.72,3509.16,3579.72,21.76120405,173.7757870502
2020-02-18,801780,3565.22,3567.42,3538.23,3543.36,16.64646203,131.3545030721
2020-02-19,801780,3538.66,3565.32,3535.27,3541.11,15.80795766,119.4491641432
2020-02-20,801780,3546.93,3591.61,3523.98,3586.75,24.98180829,192.57901050869998
2020-02-21,801780,3573.17,3596.6,3558.95,3573.6,20.51019723,165.0934820506
2020-02-24,801780,3560.87,3569.84,3530.03,3531.85,19.86989521,162.6994984705
2020-02-25,801780,3499.13,3514.67,3475.26,3496.22,21.89502384,173.574977056
2020-02-26,801780,3469.33,3529.49,3468.14,3509.52,23.85257857,184.7080138684
2020-02-27,801780,3507.11,3532.44,3507.11,3527.3,18.26665066,144.6380700795
2020-02-28,801780,3491.32,3509.77,3433.57,3433.57,25.6340751,192.7194765533
2020-03-02,801780,3443.62,3502.89,3443.62,3496.65,20.22465933,163.6215662971
2020-03-03,801780,3515.33,3524.88,3497.25,3502.86,20.47989147,159.52996961280002
2020-03-04,801780,3496.09,3511.51,3489.7,3509.91,14.50264707,118.83413002649999
2020-03-05,801780,3525.18,3605.84,3516.06,3604.4,37.51763466,309.4864801873
2020-03-06,801780,3573.53,3580.73,3546.16,3547.4,21.73273271,172.3370326089
2020-03-09,801780,3500.67,3500.67,3453.89,3456.82,27.7206697,215.92024899490002
2020-03-10,801780,3442.47,3504.94,3442.47,3494.57,22.56551673,172.55929362930002
2020-03-11,801780,3498.41,3507.18,3465.33,3465.33,16.97246421,129.5726009452
2020-03-12,801780,3458.54,3471.98,3437.69,3447.67,20.13005678,151.5549268462
2020-03-13,801780,3344.65,3420.69,3333.92,3416.0,30.52214843,227.9536827754
2020-03-16,801780,3414.07,3416.0,3312.67,3312.67,28.02025107,212.8331699678
2020-03-17,801780,3315.23,3354.02,3269.41,3306.71,22.93481308,166.9255543926
2020-03-18,801780,3315.39,3330.13,3230.25,3230.25,19.88785858,152.0605324888
2020-03-19,801780,3213.54,3221.78,3110.9,3138.47,27.09038895,215.091000445
2020-03-20,801780,3170.17,3228.33,3159.66,3211.59,20.74183257,170.553698724
2020-03-23,801780,3144.96,3165.82,3132.66,3136.92,16.7937926,129.51747791879998
2020-03-24,801780,3187.8,3221.92,3178.28,3219.61,17.88609665,134.9812205186
2020-03-25,801780,3272.5,3288.25,3255.8,3275.35,18.52352815,143.0877943603
2020-03-26,801780,3254.43,3333.26,3253.19,3294.74,17.5129158,136.7637512085
2020-03-27,801780,3322.18,3332.31,3300.86,3304.47,14.50555226,106.76004355879999
2020-03-30,801780,3268.17,3296.51,3262.28,3290.75,15.58089683,108.02183239450001
2020-03-31,801780,3311.33,3315.73,3255.18,3255.7,13.67935677,95.12317019
2020-04-01,801780,3255.09,3289.41,3251.37,3253.66,11.27863568,82.2699087143
2020-04-02,801780,3235.37,3274.55,3235.37,3274.55,11.04385915,78.6896319329
2020-04-03,801780,3257.29,3267.24,3243.62,3253.22,10.98804319,80.0124486337
2020-04-07,801780,3299.32,3302.38,3284.39,3291.34,15.52231175,115.89157893059999
2020-04-08,801780,3282.36,3284.57,3266.37,3271.84,10.9480514,83.5348709044
2020-04-09,801780,3283.14,3283.18,3270.84,3272.11,8.71817568,64.8765913902
2020-04-10,801780,3278.49,3285.25,3261.13,3268.9,10.43248254,80.84411854359999
2020-04-13,801780,3254.33,3255.93,3243.17,3245.75,8.84569996,61.330333062799994
2020-04-14,801780,3258.99,3284.92,3254.87,3284.92,10.43949259,81.9486169237
2020-04-15,801780,3279.19,3280.41,3263.54,3266.61,9.00268128,66.73658617689999
2020-04-16,801780,3251.73,3259.59,3245.27,3257.71,9.93295507,74.3976710713
2020-04-17,801780,3273.95,3299.64,3261.45,3284.77,14.72104417,121.94245368530001
2020-04-20,801780,3282.41,3282.41,3264.92,3274.7,11.394683,87.3981089036
2020-04-21,801780,3275.4,3282.83,3253.13,3261.44,12.52066185,100.0925233877
2020-04-22,801780,3254.3,3259.67,3242.69,3258.7,10.70313972,76.9154626509
2020-04-23,801780,3262.39,3262.57,3243.64,3246.58,11.84170514,78.000899098
2020-04-24,801780,3246.65,3246.65,3226.24,3234.24,9.53941841,66.6472748191
2020-04-27,801780,3245.81,3313.22,3245.81,3296.73,17.56250123,137.7648653852
2020-04-28,801780,3299.97,3307.53,3267.06,3304.1,14.6467303,103.4228809962
2020-04-29,801780,3304.84,3383.09,3304.84,3383.09,19.28320176,151.3468578624
2020-04-30,801780,3388.68,3431.6,3388.68,3391.71,17.59001001,137.7158208013
2020-05-06,801780,3347.32,3361.86,3333.39,3356.24,17.59995802,128.3094823302
2020-05-07,801780,3355.28,3355.28,3334.08,3338.16,11.7388641,85.7050128771
2020-05-08,801780,3355.24,3380.87,3349.05,3371.6,13.54946644,102.99851203860001
2020-05-11,801780,3371.36,3395.08,3367.09,3369.94,12.07254686,90.0318720977
2020-05-12,801780,3370.28,3376.22,3341.5,3344.36,10.0139327,78.1035118736
2020-05-13,801780,3336.42,3343.74,3321.65,3342.07,9.1794075,71.2036271542
2020-05-14,801780,3332.0,3332.0,3303.05,3306.0,9.58659195,81.6064631329
2020-05-15,801780,3321.12,3324.32,3298.91,3302.33,9.4034305,74.00392677079999
2020-05-18,801780,3298.25,3316.99,3298.25,3305.48,9.55360539,74.3259407728
2020-05-19,801780,3339.26,3339.26,3322.81,3328.35,9.9499406,73.98557435720001
2020-05-20,801780,3327.93,3355.07,3315.15,3345.21,11.3123822,88.7817110948
2020-05-21,801780,3353.98,3360.57,3335.39,3335.7,9.07423261,74.6052219055
2020-05-22,801780,3328.85,3328.85,3274.96,3274.96,13.00806362,97.7428822922
2020-05-25,801780,3292.08,3292.08,3260.64,3272.45,9.2867256,70.2246306326
2020-05-26,801780,3281.97,3285.18,3274.07,3281.41,10.88297891,71.14476871810001
2020-05-27,801780,3286.58,3312.04,3279.51,3296.11,12.08224282,81.9384072589
2020-05-28,801780,3302.11,3354.94,3300.77,3339.07,15.26536485,120.9241825372
2020-05-29,801780,3322.7,3325.43,3312.39,3316.86,11.43649439,83.6049978161
2020-06-01,801780,3332.94,3366.39,3332.94,3364.69,13.44418148,107.1018043965
2020-06-02,801780,3354.94,3392.47,3354.94,3384.52,14.49235892,109.61818144440001
2020-06-03,801780,3401.74,3438.99,3387.59,3388.41,15.5048237,124.67628236799999
2020-06-04,801780,3404.13,3404.13,3375.34,3377.4,9.68855797,71.6559406856
2020-06-05,801780,3386.24,3386.24,3364.42,3383.08,8.64865091,66.3457677374
2020-06-08,801780,3392.71,3412.79,3384.78,3387.18,12.58116829,100.62189582959999
2020-06-09,801780,3387.97,3396.08,3377.55,3392.4,11.33885774,83.9070489958
2020-06-10,801780,3395.37,3395.37,3365.97,3367.98,14.67125915,100.5391970575
2020-06-11,801780,3364.54,3364.54,3323.34,3327.3,17.53368518,134.3887060647
2020-06-12,801780,3302.87,3329.8,3297.48,3329.8,21.47501584,149.2175567486
2020-06-15,801780,3307.91,3309.5,3284.17,3284.17,16.82286517,126.1725651431
2020-06-16,801780,3305.88,3313.24,3300.09,3311.62,11.14546981,84.54447569
2020-06-17,801780,3307.29,3312.81,3295.06,3310.05,9.92021595,75.1051904306
2020-06-18,801780,3290.93,3305.96,3266.0,3298.91,16.24579965,135.0636175687
2020-06-19,801780,3292.76,3313.18,3284.76,3304.2,19.54768219,149.40393550049998
2020-06-22,801780,3295.51,3309.67,3284.32,3286.49,17.54225719,131.8236788693
2020-06-23,801780,3280.31,3283.2,3267.32,3270.58,13.34651678,99.68159164149999
2020-06-24,801780,3272.75,3304.14,3272.75,3300.63,18.69642659,138.34261899930002
2020-06-29,801780,3320.5,3330.8,3283.34,3292.11,19.79489843,141.75364651790002
2020-06-30,801780,3291.45,3295.78,3278.64,3287.23,16.49586457,113.7990594294
2020-07-01,801780,3290.31,3352.93,3282.5,3351.3,26.81887896,193.0776889977
2020-07-02,801780,3343.0,3427.52,3338.23,3427.52,44.28773722,317.53313785060004
2020-07-03,801780,3439.29,3524.95,3439.29,3520.12,51.31786768,390.01099045029997
2020-07-06,801780,3563.3,3848.84,3563.3,3841.28,90.98792138,693.6218742917
2020-07-07,801780,3933.8,4001.64,3827.51,3827.9,87.41157836,687.1544896704
2020-07-08,801780,3803.7,3892.55,3780.77,3839.27,71.18945544,548.2667684567
2020-07-09,801780,3821.85,3822.28,3761.11,3793.77,62.55039418,485.81958525769994
2020-07-10,801780,3739.12,3743.91,3612.82,3621.89,59.67347839,445.69163997059997
2020-07-13,801780,3579.46,3641.36,3558.38,3600.14,56.47561513,420.27688107849997
2020-07-14,801780,3579.48,3594.95,3513.48,3533.29,44.06602631,328.7955479393
2020-07-15,801780,3523.91,3525.87,3433.93,3438.06,41.65520604,311.485858197
2020-07-16,801780,3447.72,3484.82,3418.99,3419.02,46.88527875,348.73068046019995
2020-07-17,801780,3438.96,3442.74,3396.87,3422.18,32.44028604,246.7506285316
2020-07-20,801780,3435.67,3518.47,3420.46,3514.19,38.80122244,314.0336112547
2020-07-21,801780,3516.15,3516.15,3470.57,3481.07,24.90572357,192.10694206189999
2020-07-22,801780,3479.03,3516.79,3457.21,3469.19,30.88488506,234.4100582518
2020-07-23,801780,3437.53,3447.89,3378.47,3408.57,32.33499155,248.5292700997
2020-07-24,801780,3398.3,3400.12,3309.05,3320.76,33.81578874,258.6545923329
2020-07-27,801780,3341.71,3341.71,3283.72,3294.48,21.21045199,173.5422096825
2020-07-28,801780,3316.26,3323.8,3298.2,3310.51,16.88827832,131.67601371709998
2020-07-29,801780,3305.09,3360.08,3293.94,3354.7,23.13822167,176.4022722713
2020-07-30,801780,3352.49,3354.78,3319.31,3319.31,18.42506414,140.9083024392
2020-07-31,801780,3317.96,3358.16,3302.8,3320.91,23.52720341,177.76101993490002
2020-08-03,801780,3341.82,3352.18,3328.55,3346.55,26.50411743,201.3876455223
2020-08-04,801780,3354.69,3453.23,3345.81,3435.41,46.99098591,381.6841902264
2020-08-05,801780,3412.92,3412.92,3371.35,3391.71,25.13718778,201.44313629209998
2020-08-06,801780,3398.37,3429.35,3378.36,3420.14,23.07339212,197.4571178723
2020-08-07,801780,3408.14,3420.26,3374.9,3389.09,21.14733374,173.53715844119998
2020-08-10,801780,3390.51,3436.19,3366.81,3422.78,23.42317,207.79723757099998
2020-08-11,801780,3426.48,3500.63,3426.48,3432.54,35.81297856,321.17571318939997
2020-08-12,801780,3439.2,3471.63,3416.34,3453.4,26.25211601,218.8416790341
2020-08-13,801780,3458.94,3459.62,3434.0,3434.0,17.5380331,148.4202035991
2020-08-14,801780,3434.56,3487.17,3434.49,3485.62,23.84364374,192.36862644130002
2020-08-17,801780,3493.46,3617.6,3493.46,3583.61,61.64613178,484.0028156212
2020-08-18,801780,3576.27,3576.27,3532.74,3550.46,32.66422193,252.00535379229999
2020-08-19,801780,3546.85,3556.41,3519.08,3519.08,25.21568508,205.6760147986
2020-08-20,801780,3508.59,3508.59,3461.44,3466.81,22.55467968,186.7071547457
2020-08-21,801780,3491.72,3491.72,3460.45,3475.56,16.82619956,142.2452537259
2020-08-24,801780,3487.13,3491.42,3452.78,3453.71,17.08769541,146.16031506049998
2020-08-25,801780,3466.91,3485.49,3452.41,3459.7,15.43838011,126.7764839016
2020-08-26,801780,3461.74,3462.74,3424.74,3431.21,17.39948789,138.9389990934
2020-08-27,801780,3435.35,3435.35,3406.68,3426.68,14.77539704,114.93851207370001
2020-08-28,801780,3421.65,3505.86,3411.43,3505.86,25.06178342,229.1479891343
2020-08-31,801780,3516.74,3550.16,3476.45,3479.32,33.26903914,301.8659210943
2020-09-01,801780,3467.56,3480.98,3457.72,3471.44,19.8489173,169.2847258825
2020-09-02,801780,3471.44,3471.44,3430.3,3450.77,22.57205288,187.14724658970002
2020-09-03,801780,3451.04,3466.2,3428.1,3434.93,18.13023234,150.6757427108
2020-09-04,801780,3408.46,3425.73,3400.36,3420.9,16.40371628,127.37853228889999
2020-09-07,801780,3413.98,3449.49,3407.63,3408.43,17.28785143,143.1545637705
2020-09-08,801780,3422.59,3463.49,3422.19,3463.34,20.33490649,177.2526255069
2020-09-09,801780,3439.71,3472.87,3434.63,3444.96,18.33654693,150.0339915022
2020-09-10,801780,3463.47,3463.47,3429.64,3437.09,18.62977988,150.97441181969998
2020-09-11,801780,3434.68,3434.68,3394.54,3410.1,15.92953198,130.7953736825
2020-09-14,801780,3413.57,3422.74,3399.72,3422.64,13.7474679,114.9309930992
2020-09-15,801780,3415.74,3442.72,3411.07,3433.22,12.77693718,109.53611865200001
2020-09-16,801780,3435.36,3455.94,3426.66,3444.72,13.57678271,111.03979853
2020-09-17,801780,3446.0,3460.99,3433.2,3434.54,12.81995651,114.5911021
2020-09-18,801780,3437.43,3507.18,3431.21,3507.18,25.82534566,218.80716292
2020-09-21,801780,3506.75,3510.05,3478.15,3480.74,16.31778077,134.5269742
2020-09-22,801780,3464.54,3488.78,3435.34,3441.41,17.47064337,138.91658012
2020-09-23,801780,3443.34,3447.87,3422.54,3423.86,12.22137109,97.9682269
2020-09-24,801780,3416.58,3416.58,3376.01,3381.05,15.43087099,126.82549989
2020-09-25,801780,3384.85,3394.04,3372.52,3377.33,11.59272586,89.07493547
2020-09-28,801780,3381.06,3398.78,3372.74,3391.12,12.7781817,88.63522857
2020-09-29,801780,3400.53,3400.9,3349.31,3349.31,12.46499451,118.11194451
2020-09-30,801780,3354.82,3371.39,3328.2,3342.61,16.06346954,138.58974095
2020-10-09,801780,3367.16,3376.01,3349.45,3351.44,14.17238453,120.25501473
2020-10-12,801780,3360.02,3448.88,3358.51,3443.47,26.68144311,229.9816998
2020-10-13,801780,3436.85,3450.58,3424.83,3445.82,19.04281089,143.30145169
2020-10-14,801780,3449.55,3450.32,3427.54,3446.94,15.37877033,123.56092944
2020-10-15,801780,3449.96,3522.24,3449.96,3498.56,22.96083702,225.34312786
2020-10-16,801780,3493.47,3584.79,3493.47,3558.04,35.65481259,300.14016364
2020-10-19,801780,3587.42,3672.92,3569.54,3572.96,37.2078968,309.06796961
2020-10-20,801780,3572.58,3572.58,3539.02,3555.8,20.34880699,158.93994924
2020-10-21,801780,3562.48,3622.66,3545.74,3620.44,25.34784554,208.44922895
2020-10-22,801780,3627.54,3673.09,3587.4,3613.31,21.30672108,189.99744488
2020-10-23,801780,3602.55,3678.81,3602.09,3635.83,26.31533432,217.80965926
2020-10-26,801780,3643.18,3644.08,3556.98,3567.75,22.50477541,184.25911918
2020-10-27,801780,3567.71,3576.68,3549.54,3554.01,15.51578498,131.14025212
2020-10-28,801780,3555.96,3565.05,3507.62,3517.36,19.29298411,166.71706645
2020-10-29,801780,3483.94,3545.01,3483.94,3518.72,18.11338706,156.57060968
2020-10-30,801780,3527.12,3562.39,3477.38,3488.71,22.14071726,173.10873068
2020-11-02,801780,3498.7,3512.99,3458.07,3485.57,20.26937602,165.28674949
2020-11-03,801780,3508.11,3565.76,3508.11,3525.76,19.73962201,181.59702421
2020-11-04,801780,3567.13,3590.27,3544.51,3584.23,18.07455825,180.01974004
2020-11-05,801780,3603.51,3611.32,3556.66,3569.49,18.73510431,174.19602028
2020-11-06,801780,3567.53,3567.53,3532.39,3556.98,17.48283608,146.49118575
2020-11-09,801780,3575.29,3598.64,3570.76,3589.35,23.28227315,185.16076843
2020-11-10,801780,3622.88,3655.93,3605.55,3616.04,24.87659251,209.60508587
2020-11-11,801780,3620.22,3653.89,3609.68,3643.69,24.02383138,189.81235419
2020-11-12,801780,3628.97,3636.29,3598.78,3602.41,15.0637226,125.83171372
2020-11-13,801780,3583.48,3583.48,3512.99,3533.6,19.90456658,173.24183538
2020-11-16,801780,3543.13,3553.24,3535.11,3549.98,14.88375738,130.89900235
2020-11-17,801780,3551.01,3599.21,3548.69,3595.62,17.11122802,153.76942614
2020-11-18,801780,3590.27,3691.49,3590.27,3678.55,31.24131828,279.88769209
2020-11-19,801780,3678.03,3713.19,3657.05,3706.25,23.5606126,215.43621468
2020-11-20,801780,3690.3,3690.3,3665.86,3683.75,16.79574404,148.85063481
2020-11-23,801780,3680.36,3767.57,3680.36,3760.22,29.29214158,253.81591575
2020-11-24,801780,3752.4,3765.52,3733.61,3739.4,20.35204642,168.04407786
2020-11-25,801780,3767.66,3788.04,3707.22,3708.06,21.82411232,172.5884027
2020-11-26,801780,3712.3,3767.53,3712.09,3760.59,19.89947987,168.01046024
2020-11-27,801780,3779.95,3845.24,3766.4,3845.24,48.76386878,328.32929707
2020-11-30,801780,3876.33,4001.1,3807.35,3807.35,81.5069582,607.83786598
2020-12-01,801780,3812.25,3937.25,3799.4,3916.87,57.23759378,422.65170044
2020-12-02,801780,3908.27,3934.34,3868.3,3899.86,40.19495611,308.76490214
2020-12-03,801780,3900.76,3918.86,3847.31,3893.94,41.7675964,307.96702101
2020-12-04,801780,3882.15,3882.15,3808.28,3842.09,36.36707059,274.80596039
2020-12-07,801780,3837.01,3842.41,3742.13,3755.5,32.39971921,260.59525953
2020-12-08,801780,3756.08,3778.93,3724.9,3732.62,27.95416014,206.54634067
2020-12-09,801780,3744.14,3783.67,3730.67,3731.46,29.38918608,218.05940652
2020-12-10,801780,3724.67,3743.64,3685.34,3708.9,25.36004855,184.12473061
2020-12-11,801780,3714.06,3717.96,3657.45,3662.08,29.05233954,222.92783265
2020-12-14,801780,3686.89,3726.09,3686.4,3706.37,22.55260093,181.46107107
2020-12-15,801780,3703.88,3703.88,3632.18,3677.3,25.13506839,190.30412951
2020-12-16,801780,3689.07,3709.41,3669.73,3682.82,21.12467719,157.7724543
2020-12-17,801780,3677.56,3704.08,3642.3,3703.23,25.99336709,198.34047071
2020-12-18,801780,3694.67,3709.13,3639.79,3653.22,20.46071942,180.93427541
2020-12-21,801780,3648.61,3661.27,3615.48,3640.33,20.34254764,172.80281086
2020-12-22,801780,3637.91,3647.39,3576.58,3578.69,27.39660284,215.0322763
2020-12-23,801780,3576.39,3594.51,3566.03,3588.09,20.82720359,169.66781924
2020-12-24,801780,3596.23,3637.14,3595.09,3607.63,16.32787674,141.40864293
2020-12-25,801780,3609.83,3614.44,3572.44,3613.38,16.07627615,131.65184953
2020-12-28,801780,3605.08,3650.64,3597.47,3638.16,22.14710148,199.03574933
2020-12-29,801780,3645.53,3660.73,3635.82,3647.63,22.46758288,192.63444993
2020-12-30,801780,3641.41,3657.76,3619.42,3657.76,23.12227496,202.02679476
2020-12-31,801780,3656.17,3724.48,3655.22,3696.86,33.70336214,260.25672094
