日期,index_code,open,high,low,close,volume,amount
2014-02-21,801740,998.18,1008.91,989.96,1001.27,2.75118915,35.4818775496
2014-02-24,801740,996.07,996.07,983.33,989.16,2.90489367,38.6428628148
2014-02-25,801740,989.8,992.98,926.77,934.96,4.32237363,59.87621001390001
2014-02-26,801740,926.73,930.43,905.74,929.9,2.62430634,33.9396681942
2014-02-27,801740,933.1,961.87,931.57,935.6,3.62102669,44.641420752100004
2014-02-28,801740,932.08,948.91,922.38,948.22,2.41119382,29.141194460999998
2014-03-03,801740,962.43,976.21,962.43,972.08,3.59692513,46.768728958100006
2014-03-04,801740,969.72,985.53,961.67,980.29,3.60294761,46.1864829777
2014-03-05,801740,981.03,982.78,964.76,966.58,2.87019791,37.380728256
2014-03-06,801740,964.71,964.73,941.34,952.95,2.43076593,29.869611304899998
2014-03-07,801740,954.94,964.19,947.68,952.18,2.2961647,28.0807789298
2014-03-10,801740,941.04,941.26,901.38,904.95,3.55033481,40.0785097718
2014-03-11,801740,903.1,908.77,891.16,900.68,2.96095617,31.7218266084
2014-03-12,801740,902.29,906.21,882.11,897.35,2.84398663,28.875794196399998
2014-03-13,801740,898.43,918.97,895.48,914.61,3.32505481,38.1476230775
2014-03-14,801740,909.08,910.02,897.53,905.2,2.51134344,28.3833766165
2014-03-17,801740,911.95,922.89,907.01,922.77,2.77232767,33.0079460821
2014-03-18,801740,922.97,928.03,917.64,918.56,2.68432784,30.4119589561
2014-03-19,801740,914.26,918.13,902.47,918.06,3.28915454,33.557121803499996
2014-03-20,801740,915.0,916.99,883.7,884.37,3.197598,33.6509050843
2014-03-21,801740,880.3,902.22,871.69,900.91,3.16316623,32.8649289312
2014-03-24,801740,898.02,906.86,896.28,902.99,2.8990575,30.636407267
2014-03-25,801740,901.5,910.6,898.93,904.77,2.66348125,29.0495331819
2014-03-26,801740,904.71,905.89,893.95,897.74,1.97201512,21.8484003737
2014-03-27,801740,896.7,897.03,881.68,881.68,2.07794401,22.637309577899998
2014-03-28,801740,881.36,882.83,852.43,854.09,2.5815089,30.0351973757
2014-03-31,801740,854.28,869.74,852.32,862.86,1.99261286,22.684889787
2014-04-01,801740,861.27,872.32,858.98,869.99,1.84350101,21.0524759974
2014-04-02,801740,869.57,870.36,862.22,863.68,1.59023288,17.0146253528
2014-04-03,801740,866.33,869.74,859.57,861.87,1.54729705,17.3639946831
2014-04-04,801740,860.92,876.81,858.34,876.71,1.87442859,21.7147289344
2014-04-08,801740,875.86,913.37,875.07,909.73,3.70222167,43.4181356119
2014-04-09,801740,912.73,915.22,906.72,912.3,2.33837069,28.962411441300002
2014-04-10,801740,912.22,920.76,908.58,915.79,2.40996943,25.9620228673
2014-04-11,801740,913.25,920.05,909.36,917.29,2.60877889,28.6998950378
2014-04-14,801740,915.44,921.6,915.26,921.1,1.72134683,19.810366356099998
2014-04-15,801740,933.29,937.5,915.34,916.42,2.6750201,32.2581609008
2014-04-16,801740,914.28,918.55,907.1,914.81,1.99127929,22.0631080687
2014-04-17,801740,918.07,920.29,906.17,907.22,1.7860346,22.107990837
2014-04-18,801740,902.06,912.53,899.19,911.67,1.80502598,22.6390963694
2014-04-21,801740,903.5,912.85,890.98,891.82,1.87997941,22.9903098748
2014-04-22,801740,889.81,895.69,873.51,892.36,1.90554218,23.2649647873
2014-04-23,801740,890.54,917.99,887.77,917.51,2.64379109,30.754607991999997
2014-04-24,801740,915.0,922.52,902.59,902.69,2.70090543,31.802091359899997
2014-04-25,801740,899.36,899.36,881.34,882.03,2.47498214,24.4976478225
2014-04-28,801740,877.39,877.56,850.68,850.79,2.27885484,22.9489974025
2014-04-29,801740,848.75,859.27,847.5,857.21,1.99853215,18.565872693699998
2014-04-30,801740,855.41,862.79,854.03,861.71,1.3664049,13.6362911458
2014-05-05,801740,861.48,873.01,857.41,871.49,1.43822774,14.945642460899998
2014-05-06,801740,870.44,882.47,869.92,875.52,1.66148203,17.7974237025
2014-05-07,801740,872.9,875.33,865.77,866.02,1.82951367,17.9885103853
2014-05-08,801740,864.68,880.45,864.51,869.64,1.77175686,18.45587322
2014-05-09,801740,870.54,871.84,856.47,862.61,1.5405072,15.8977097598
2014-05-12,801740,871.08,882.23,863.93,882.22,2.23676701,22.922276982
2014-05-13,801740,881.08,888.53,879.56,888.25,2.23543826,23.558034276300003
2014-05-14,801740,886.64,887.87,879.89,881.84,1.72117252,18.200059811400003
2014-05-15,801740,881.5,904.21,880.22,880.54,3.11361878,32.4517793638
2014-05-16,801740,880.29,887.88,871.8,885.3,2.22569784,23.244947366599998
2014-05-19,801740,902.75,905.99,875.01,876.46,2.87436864,31.6774998602
2014-05-20,801740,878.84,882.3,868.69,873.43,2.98347348,31.311289953899998
2014-05-21,801740,870.96,878.33,863.6,878.29,2.02665588,20.9082626793
2014-05-22,801740,877.67,886.5,874.7,875.09,2.68877134,28.0008643217
2014-05-23,801740,873.1,878.42,870.67,877.93,1.80682441,19.2006678899
2014-05-26,801740,888.92,892.96,884.47,888.5,2.57020744,28.4845228543
2014-05-27,801740,887.79,887.8,878.36,879.0,2.3219135,24.080831978499997
2014-05-28,801740,877.58,888.61,873.49,888.2,2.60997307,27.8264257021
2014-05-29,801740,887.59,888.1,876.45,876.74,2.34449109,24.9205228931
2014-05-30,801740,879.63,895.58,874.6,893.34,3.26284418,36.915728472
2014-06-03,801740,894.65,898.16,891.16,891.61,2.47074707,29.1559782594
2014-06-04,801740,888.96,889.05,877.22,885.57,2.43061191,26.9607294594
2014-06-05,801740,882.87,894.93,880.62,894.83,2.37535109,26.538193852800003
2014-06-06,801740,893.26,894.35,883.72,888.13,2.19931632,23.4475472519
2014-06-09,801740,885.87,893.65,885.07,885.61,2.11320395,23.6487027795
2014-06-10,801740,885.55,893.92,881.65,893.85,2.58099657,27.999067956999998
2014-06-11,801740,891.37,896.75,890.0,894.25,2.25752863,24.8545083369
2014-06-12,801740,893.53,912.76,893.3,909.61,3.70056726,39.2909292338
2014-06-13,801740,908.49,916.63,904.63,915.17,2.91483095,32.8392873404
2014-06-16,801740,915.15,929.0,914.41,928.64,3.49656002,38.675165766599996
2014-06-17,801740,925.68,925.68,912.5,912.84,2.35932189,25.969045927800003
2014-06-18,801740,916.15,928.7,913.18,914.35,2.83467448,34.6137566985
2014-06-19,801740,911.46,917.72,886.99,892.22,3.09659936,34.9662196746
2014-06-20,801740,891.07,899.5,889.57,899.5,1.7033453,19.0518660356
2014-06-23,801740,901.03,913.61,901.02,907.78,2.03491141,23.7462968625
2014-06-24,801740,906.98,925.6,905.58,925.51,2.59781072,32.1759060716
2014-06-25,801740,924.82,926.04,918.04,920.39,2.33810942,29.8017256614
2014-06-26,801740,919.51,932.62,919.51,930.99,2.59001337,29.7710156958
2014-06-27,801740,930.77,959.51,928.54,949.98,5.52539605,52.3265822238
2014-06-30,801740,954.13,1000.65,954.07,991.95,7.54915052,91.32667821540001
2014-07-01,801740,999.78,1000.7,976.85,981.81,5.67566208,71.2133794541
2014-07-02,801740,984.49,1020.44,984.26,1009.65,7.91457386,112.6033647108
2014-07-03,801740,1003.23,1007.54,993.44,995.69,4.93067393,75.5039361907
2014-07-04,801740,990.75,996.4,987.95,993.67,4.05025502,71.622023666
2014-07-07,801740,998.2,1027.73,998.2,1024.67,6.22334834,100.34436778860001
2014-07-08,801740,1027.63,1035.05,1008.55,1023.15,5.60366914,99.5723561449
2014-07-09,801740,1018.63,1070.29,1013.97,1027.79,9.4797813,147.5608426101
2014-07-10,801740,1025.3,1044.23,1022.26,1025.34,6.48632036,106.0489951159
2014-07-11,801740,1022.95,1061.83,1021.18,1057.06,6.93040163,114.85490695440001
2014-07-14,801740,1061.3,1065.35,1047.43,1051.4,5.09946841,86.93960346989999
2014-07-15,801740,1049.64,1068.78,1041.72,1056.65,5.1217549,83.240959205
2014-07-16,801740,1048.59,1048.59,1005.53,1008.6,5.35959543,77.1437575434
2014-07-17,801740,1001.13,1008.54,982.54,992.29,4.01308413,65.2286135883
2014-07-18,801740,991.46,999.37,981.83,983.46,3.72128558,68.6887949411
2014-07-21,801740,984.41,999.66,970.95,999.66,4.48566067,77.9163082411
2014-07-22,801740,993.26,1005.31,988.14,1003.03,4.24612346,71.6346441196
2014-07-23,801740,1000.67,1013.54,998.16,1005.29,4.68682756,79.8622371545
2014-07-24,801740,1003.56,1008.07,971.95,989.99,4.39446838,75.753067363
2014-07-25,801740,990.77,996.43,987.29,994.92,2.98567934,48.5146759697
2014-07-28,801740,1001.77,1029.96,1001.77,1029.07,5.75851817,89.7270377823
2014-07-29,801740,1033.8,1057.27,1031.2,1050.83,6.60327308,106.98890198389999
2014-07-30,801740,1050.53,1078.83,1041.6,1064.06,8.38748372,131.6548114112
2014-07-31,801740,1058.24,1080.36,1053.3,1074.57,5.35734957,101.15647901860001
2014-08-01,801740,1069.47,1079.94,1050.81,1050.81,6.09509598,100.9316627893
2014-08-04,801740,1051.21,1075.66,1051.21,1066.75,4.57541817,73.3497171706
2014-08-05,801740,1066.64,1071.54,1052.19,1068.08,4.66619696,79.0334570871
2014-08-06,801740,1064.24,1095.75,1062.21,1085.72,6.48082035,106.1267394723
2014-08-07,801740,1086.5,1097.41,1072.78,1074.07,6.34062681,99.27134244930001
2014-08-08,801740,1075.12,1092.26,1075.12,1082.13,5.1208109,86.5516996274
2014-08-11,801740,1087.44,1099.67,1087.44,1099.46,5.32694695,85.1698204715
2014-08-12,801740,1103.86,1109.09,1094.93,1102.29,5.36867616,89.4423604186
2014-08-13,801740,1098.7,1101.93,1076.2,1088.29,4.52833944,75.821097392
2014-08-14,801740,1085.17,1097.06,1077.12,1078.18,5.02747863,75.1071957058
2014-08-15,801740,1080.11,1089.22,1077.4,1087.43,3.46464151,54.535930638500005
2014-08-18,801740,1090.98,1100.42,1087.78,1099.04,4.27900068,67.1316069802
2014-08-19,801740,1101.27,1108.15,1094.73,1106.86,4.95021584,91.4186950865
2014-08-20,801740,1106.88,1116.43,1102.96,1107.04,4.717635,89.35909286489999
2014-08-21,801740,1108.17,1118.77,1104.27,1111.82,4.74355787,88.52540147399999
2014-08-22,801740,1110.84,1115.48,1107.29,1112.8,4.66788586,87.4025703595
2014-08-25,801740,1112.56,1112.8,1093.69,1093.95,3.76017192,66.8887129811
2014-08-26,801740,1089.83,1093.95,1070.38,1076.14,3.92490106,68.7974422698
2014-08-27,801740,1079.22,1117.76,1079.22,1113.76,5.0455792,91.2532756909
2014-08-28,801740,1121.83,1121.83,1086.87,1087.06,4.943144,93.9710791925
2014-08-29,801740,1090.38,1127.86,1089.71,1127.86,5.44799579,94.6554810603
2014-09-01,801740,1141.89,1165.28,1141.89,1164.75,7.75225495,132.29832520809998
2014-09-02,801740,1169.04,1225.77,1165.08,1215.28,11.72961422,203.8795833207
2014-09-03,801740,1214.55,1229.41,1207.0,1223.04,10.96219801,190.1865286633
2014-09-04,801740,1218.48,1272.81,1215.81,1244.18,11.61034582,208.33864295689997
2014-09-05,801740,1240.57,1264.5,1228.14,1264.19,11.34241572,175.70707462919998
2014-09-09,801740,1260.86,1283.63,1256.81,1267.76,9.9287267,160.6430044667
2014-09-10,801740,1262.49,1288.5,1253.56,1273.06,8.32489327,148.56201852819999
2014-09-11,801740,1268.28,1296.58,1259.18,1279.71,8.56866487,153.02732740870002
2014-09-12,801740,1281.33,1321.42,1281.33,1321.26,10.90438254,175.81210558909999
2014-09-15,801740,1327.1,1340.36,1318.35,1328.69,9.97589995,165.9695432021
2014-09-16,801740,1325.17,1325.17,1262.29,1266.13,11.13874338,192.21839377060002
2014-09-17,801740,1261.77,1268.16,1229.47,1255.8,6.56038188,117.92653574379999
2014-09-18,801740,1248.49,1255.8,1238.44,1248.24,4.53371323,76.9053910733
2014-09-19,801740,1248.05,1294.8,1247.69,1290.56,7.59654259,119.3394493731
2014-09-22,801740,1287.96,1287.96,1258.1,1264.04,5.89664394,98.3850064976
2014-09-23,801740,1264.58,1308.6,1264.58,1301.66,8.074558,137.2154959652
2014-09-24,801740,1298.99,1349.58,1294.35,1341.43,9.99959395,171.2386037528
2014-09-25,801740,1347.28,1373.61,1340.4,1350.13,10.27263869,177.8341605457
2014-09-26,801740,1351.43,1351.97,1321.78,1336.47,6.21554673,112.5115191369
2014-09-29,801740,1354.01,1372.09,1349.85,1360.79,11.04966429,138.2385014017
2014-09-30,801740,1358.66,1359.25,1347.89,1357.48,7.02713002,100.9559965211
2014-10-08,801740,1357.31,1393.76,1354.68,1391.82,8.60838017,141.6592948713
2014-10-09,801740,1390.62,1399.11,1364.27,1395.42,9.12487344,146.12990520030002
2014-10-10,801740,1386.52,1418.77,1374.55,1404.82,9.31464755,178.43223670919997
2014-10-13,801740,1398.59,1426.96,1382.04,1426.31,8.46873071,166.2455857142
2014-10-14,801740,1428.25,1452.86,1410.15,1421.78,10.79276302,193.7089100634
2014-10-15,801740,1414.88,1422.76,1378.34,1397.41,7.07941728,136.627482945
2014-10-16,801740,1385.07,1404.3,1362.66,1362.91,6.4275967,118.9228447247
2014-10-17,801740,1357.8,1379.55,1340.2,1372.06,7.03350289,123.30496430040002
2014-10-20,801740,1374.41,1386.7,1364.46,1376.68,4.99426065,85.2409615727
2014-10-21,801740,1376.89,1380.85,1348.42,1349.52,5.4853661,89.6472861142
2014-10-22,801740,1349.97,1389.6,1346.96,1361.98,6.9878075,118.2311838373
2014-10-23,801740,1354.49,1372.19,1347.54,1355.91,5.47661929,96.5965633217
2014-10-24,801740,1357.23,1361.03,1332.82,1334.12,4.80214954,75.4197680435
2014-10-27,801740,1327.35,1345.24,1316.04,1343.12,4.96046215,75.6135648247
2014-10-28,801740,1346.14,1403.38,1346.14,1403.37,8.01771825,140.8036810909
2014-10-29,801740,1405.09,1418.63,1398.55,1412.03,8.55327197,156.400017176
2014-10-30,801740,1410.19,1419.95,1385.71,1389.42,6.49794266,117.1925693794
2014-10-31,801740,1394.62,1404.02,1365.98,1384.49,6.49743733,113.7204393726
2014-11-03,801740,1395.03,1405.06,1385.05,1394.84,6.33547547,108.604365874
2014-11-04,801740,1393.66,1393.66,1374.25,1384.33,6.37153503,103.0583881371
2014-11-05,801740,1386.54,1402.11,1382.75,1389.79,5.5587948,95.90610231459999
2014-11-06,801740,1392.48,1392.57,1367.89,1388.33,5.65810713,91.16361906430001
2014-11-07,801740,1393.61,1407.73,1373.83,1379.67,6.08683361,101.40534115959998
2014-11-10,801740,1385.2,1388.49,1354.73,1377.55,6.53910385,113.7650027015
2014-11-11,801740,1378.87,1380.04,1305.8,1312.3,7.52258321,129.2420430478
2014-11-12,801740,1307.88,1329.27,1307.88,1327.5,4.29866808,73.8119279042
2014-11-13,801740,1327.93,1327.93,1262.77,1271.22,6.17657587,103.6291145126
2014-11-14,801740,1264.24,1296.82,1253.53,1282.71,5.26790399,83.3987847755
2014-11-17,801740,1285.86,1310.11,1272.31,1298.87,4.19463774,74.65485151930001
2014-11-18,801740,1296.13,1306.6,1293.32,1296.09,3.50507255,55.8895130644
2014-11-19,801740,1295.12,1304.95,1278.49,1298.87,3.90662675,62.2005700266
2014-11-20,801740,1292.72,1292.72,1276.64,1278.2,3.5817112,49.39261054479999
2014-11-21,801740,1277.44,1287.48,1277.22,1287.42,3.25650526,47.8668312666
2014-11-24,801740,1297.58,1316.57,1288.85,1311.03,6.68208868,95.77934613040001
2014-11-25,801740,1311.73,1330.33,1311.05,1325.45,5.26995939,87.4611910283
2014-11-26,801740,1330.68,1354.93,1316.05,1346.96,6.88937102,123.4655375244
2014-11-27,801740,1349.39,1379.19,1339.56,1363.86,9.75843884,142.91948910920001
2014-11-28,801740,1360.97,1367.61,1330.39,1341.99,7.06495734,112.08020324440001
2014-12-01,801740,1338.64,1338.64,1308.0,1311.84,7.49350636,109.6547600587
2014-12-02,801740,1310.09,1325.52,1310.08,1322.68,5.93549351,87.5332000573
2014-12-03,801740,1321.32,1367.66,1314.9,1367.66,11.26859598,177.7447235513
2014-12-04,801740,1367.66,1391.66,1366.34,1386.54,11.19459957,182.9232304673
2014-12-05,801740,1415.76,1502.71,1355.89,1502.42,25.08455912,412.7432097953
2014-12-08,801740,1562.4,1624.78,1502.42,1606.33,17.57060575,394.3143892417
2014-12-09,801740,1626.82,1641.53,1488.9,1491.81,28.83335748,434.38338429199996
2014-12-10,801740,1463.47,1558.45,1417.81,1535.44,21.48441609,304.3174073215
2014-12-11,801740,1518.13,1562.17,1489.71,1536.47,17.19513001,243.69693272150002
2014-12-12,801740,1529.48,1542.98,1512.19,1533.04,9.30177391,141.9431553581
2014-12-15,801740,1458.71,1540.24,1456.51,1531.01,12.90269636,210.83770545529998
2014-12-16,801740,1527.34,1582.41,1527.34,1549.62,14.28484255,223.4623727752
2014-12-17,801740,1534.84,1534.84,1491.15,1507.77,11.46731072,178.26484153560003
2014-12-18,801740,1502.22,1611.15,1500.71,1577.73,19.78205537,315.81155262650003
2014-12-19,801740,1554.28,1563.44,1500.97,1562.42,17.51804645,255.5529497087
2014-12-22,801740,1562.37,1574.97,1479.37,1483.69,13.71592533,205.3213707536
2014-12-23,801740,1475.17,1479.43,1410.71,1413.11,9.8037023,147.1233908731
2014-12-24,801740,1413.91,1464.1,1403.83,1454.23,10.56806019,148.0015438868
2014-12-25,801740,1454.4,1488.47,1448.17,1483.82,9.30949576,134.48616428530002
2014-12-26,801740,1482.59,1514.81,1473.94,1503.73,11.40728417,171.6664475465
2014-12-29,801740,1492.48,1513.84,1467.59,1495.26,11.47465781,176.8575373598
2014-12-30,801740,1490.81,1496.79,1444.54,1448.31,8.96064866,133.4815648436
2014-12-31,801740,1456.03,1482.36,1455.99,1472.61,10.79685285,146.9871588665
2015-01-05,801740,1473.17,1494.89,1442.52,1484.44,12.48966089,171.0776346278
2015-01-06,801740,1478.97,1560.9,1471.91,1544.21,15.20894069,238.915663308
2015-01-07,801740,1544.66,1544.74,1515.28,1521.46,9.10234154,150.9416958022
2015-01-08,801740,1516.16,1536.85,1500.52,1510.24,9.21532349,152.73686801510001
2015-01-09,801740,1500.63,1530.93,1485.66,1485.78,9.28028255,150.1417111291
2015-01-12,801740,1473.62,1473.62,1427.37,1436.07,7.39367931,117.7888813569
2015-01-13,801740,1437.09,1481.06,1437.05,1458.61,6.31806796,102.4710735292
2015-01-14,801740,1457.81,1488.08,1453.36,1468.42,5.89726894,102.127993462
2015-01-15,801740,1472.55,1487.42,1457.22,1487.4,7.35786705,119.07611660229999
2015-01-16,801740,1489.23,1507.44,1479.06,1505.49,9.68314192,140.5125717887
2015-01-19,801740,1446.1,1510.04,1409.98,1430.86,11.05779835,172.7595964408
2015-01-20,801740,1441.47,1484.06,1441.47,1481.67,9.36828108,150.2561928914
2015-01-21,801740,1482.62,1535.99,1482.0,1535.99,11.05952507,188.1145150099
2015-01-22,801740,1537.31,1654.88,1519.0,1626.63,18.03221972,309.8124488108
2015-01-23,801740,1621.62,1628.56,1586.98,1588.43,14.16059209,241.22826711759998
2015-01-26,801740,1609.5,1628.14,1595.15,1619.76,12.02473707,189.64941043189998
2015-01-27,801740,1629.59,1654.61,1611.99,1636.51,14.81327871,224.8534132689
2015-01-28,801740,1638.3,1638.98,1588.62,1595.88,11.4949422,189.04964559299998
2015-01-29,801740,1575.28,1593.23,1568.0,1569.8,6.30790182,103.1203056779
2015-01-30,801740,1582.64,1590.68,1545.44,1550.34,7.48736,115.46497229059999
2015-02-02,801740,1553.55,1570.71,1534.73,1558.32,7.2140106,111.41679618170001
2015-02-03,801740,1566.08,1575.42,1543.73,1572.97,8.3016601,145.1577512303
2015-02-04,801740,1575.06,1612.49,1569.21,1571.5,9.28113279,167.3377115337
2015-02-05,801740,1580.98,1580.98,1533.42,1533.42,9.12119151,150.95693818979998
2015-02-06,801740,1522.18,1529.02,1478.47,1485.35,6.50824022,107.8185288277
2015-02-09,801740,1484.61,1503.11,1475.16,1481.7,4.2094577,68.4878049199
2015-02-10,801740,1483.21,1504.4,1483.21,1503.93,4.01386504,65.8833315723
2015-02-11,801740,1508.45,1521.81,1500.34,1521.81,4.45526799,79.14388400060001
2015-02-12,801740,1521.26,1521.26,1505.14,1513.66,3.98966339,70.5238094492
2015-02-13,801740,1520.94,1559.72,1520.81,1542.71,8.31444245,123.2332620097
2015-02-16,801740,1550.49,1573.0,1541.65,1568.33,6.95347394,107.4408329699
2015-02-17,801740,1571.42,1574.3,1560.76,1564.74,5.51526348,91.30067871799999
2015-02-25,801740,1572.1,1601.57,1560.1,1581.3,7.08924128,127.909581786
2015-02-26,801740,1579.53,1600.75,1576.13,1600.75,9.27038114,139.1578978017
2015-02-27,801740,1608.92,1679.76,1600.75,1637.7,14.18891004,248.1006362012
2015-03-02,801740,1643.7,1648.81,1617.09,1648.81,9.65906048,174.4490480073
2015-03-03,801740,1643.77,1672.89,1631.25,1638.04,10.68696388,202.3529283938
2015-03-04,801740,1648.85,1670.38,1631.54,1648.46,9.75661764,193.66002162
2015-03-05,801740,1652.38,1652.38,1608.06,1620.99,8.14403637,152.4961493224
2015-03-06,801740,1622.49,1635.0,1603.81,1610.45,6.43034961,118.13327405860001
2015-03-09,801740,1603.55,1636.82,1583.87,1635.77,9.75808739,144.8297008726
2015-03-10,801740,1632.8,1635.34,1622.82,1628.93,6.8502929,119.89562007040001
2015-03-11,801740,1629.02,1631.88,1610.51,1618.93,6.49478111,123.6346891547
2015-03-12,801740,1620.8,1623.78,1608.51,1617.99,5.7367788,107.52011876469999
2015-03-13,801740,1625.43,1631.06,1616.47,1623.76,5.51484683,103.10269301059999
2015-03-16,801740,1634.35,1668.77,1628.66,1668.39,10.50101066,192.8101738593
2015-03-17,801740,1672.79,1718.79,1664.91,1704.13,16.39334305,311.019269736
2015-03-18,801740,1705.77,1745.22,1692.15,1733.23,14.78474845,280.73978810290004
2015-03-19,801740,1738.98,1751.23,1721.11,1738.55,15.24776729,268.3795925875
2015-03-20,801740,1739.04,1747.57,1723.22,1741.8,13.56313852,233.7241179298
2015-03-23,801740,1743.52,1753.79,1739.84,1751.58,12.55663647,230.983873438
2015-03-24,801740,1755.6,1785.4,1714.91,1760.45,16.19306512,302.93764487970003
2015-03-25,801740,1760.76,1790.45,1744.64,1775.93,15.8429021,294.31181350099996
2015-03-26,801740,1797.93,1856.38,1797.09,1844.0,22.62188855,377.6128391071
2015-03-27,801740,1865.96,1875.57,1816.31,1817.0,21.48146413,351.5306058369
2015-03-30,801740,1807.07,1851.02,1802.0,1846.23,19.50228739,325.6591529954
2015-03-31,801740,1850.87,1876.85,1828.71,1844.36,16.70270245,329.7453969969
2015-04-01,801740,1838.59,1872.29,1835.22,1864.25,12.16678342,251.6076141129
2015-04-02,801740,1868.79,1871.95,1841.15,1861.26,11.53750394,233.2948021769
2015-04-03,801740,1858.24,1918.39,1852.52,1913.59,15.98384669,319.3107850723
2015-04-07,801740,1923.87,1925.34,1898.9,1921.04,14.08101566,281.7386791825
2015-04-08,801740,1924.92,1924.92,1847.2,1868.7,13.26092751,271.5328859248
2015-04-09,801740,1868.9,1868.9,1781.22,1820.58,11.46728468,220.90301075419998
2015-04-10,801740,1818.62,1881.23,1812.59,1874.39,11.19009031,221.38387857740003
2015-04-13,801740,1882.93,1908.99,1869.28,1897.85,13.15620148,252.3404333352
2015-04-14,801740,1888.29,1964.83,1873.93,1944.61,21.56474846,363.0057371193
2015-04-15,801740,1935.02,1936.66,1873.21,1873.64,14.69073643,258.8508991326
2015-04-16,801740,1858.03,1970.51,1839.35,1951.16,20.50064985,346.6152924676
2015-04-17,801740,1971.94,2091.04,1971.94,2072.5,22.47405417,474.7276140231
2015-04-20,801740,2093.9,2214.44,2041.91,2161.07,33.4345368,713.6167038853
2015-04-21,801740,2167.6,2226.97,2134.09,2166.91,29.59543323,640.01397217
2015-04-22,801740,2160.02,2265.04,2143.27,2221.44,23.39625662,498.43633496800004
2015-04-23,801740,2225.71,2225.71,2169.01,2199.39,17.59192958,379.2931117728
2015-04-24,801740,2178.71,2279.04,2169.16,2220.04,18.46332339,412.81079680989995
2015-04-27,801740,2260.13,2365.76,2260.13,2335.77,23.19869878,515.479012816
2015-04-28,801740,2303.98,2365.59,2256.83,2272.09,23.13028668,520.5618848008
2015-04-29,801740,2255.19,2316.34,2212.55,2287.95,14.88707645,348.0599637638
2015-04-30,801740,2295.7,2354.97,2295.7,2305.18,13.44186463,344.932346601
2015-05-04,801740,2307.27,2454.86,2294.68,2454.86,21.27921281,508.3043704683
2015-05-05,801740,2476.17,2482.98,2387.1,2404.55,23.21539842,542.5483770398
2015-05-06,801740,2414.09,2432.98,2288.09,2319.41,16.9595421,398.4249438829
2015-05-07,801740,2288.64,2300.97,2187.67,2191.71,14.26698136,311.4688779257
2015-05-08,801740,2203.85,2260.38,2165.44,2260.38,14.19838691,308.9339333634
2015-05-11,801740,2293.94,2333.61,2245.8,2328.03,15.5187044,363.4988703007
2015-05-12,801740,2333.56,2501.69,2312.72,2489.34,19.871975,502.49431743959997
2015-05-13,801740,2484.25,2559.92,2421.11,2434.54,18.30373927,482.088063561
2015-05-14,801740,2422.84,2450.63,2397.01,2414.2,12.25132336,319.7525932427
2015-05-15,801740,2417.13,2508.52,2416.7,2479.13,13.25014836,368.792908854
2015-05-18,801740,2490.62,2553.33,2475.83,2494.72,13.32925989,381.74143067800003
2015-05-19,801740,2492.83,2533.53,2482.06,2526.87,11.49872671,313.14011750009996
2015-05-20,801740,2544.88,2685.73,2544.88,2613.01,18.04677181,460.71669727370005
2015-05-21,801740,2628.16,2678.38,2620.21,2678.22,13.80995467,368.4852784629
2015-05-22,801740,2706.56,2724.37,2633.88,2721.62,15.47888148,430.28618779010003
2015-05-25,801740,2703.8,2944.66,2684.09,2943.54,19.34053338,569.6941103926
2015-05-26,801740,3054.73,3194.81,3019.68,3191.75,18.84396043,647.1273252313
2015-05-27,801740,3271.76,3365.93,3158.21,3204.69,27.54652249,851.1281641278999
2015-05-28,801740,3192.78,3255.4,2937.79,2942.88,22.40398075,703.2366359139
2015-05-29,801740,2918.24,3085.81,2779.34,3012.3,18.8489451,572.3330107868001
2015-06-01,801740,3033.49,3152.07,2991.0,3147.68,14.93411084,485.5547422865
2015-06-02,801740,3165.96,3240.03,3117.63,3207.27,14.07612348,476.9076061558
2015-06-03,801740,3214.95,3214.95,3057.39,3098.42,12.1363362,410.416982913
2015-06-04,801740,3102.66,3102.66,2882.88,3079.54,11.78290523,386.7916661252
2015-06-05,801740,3129.02,3213.78,3077.15,3152.09,14.74141822,479.4236550375
2015-06-08,801740,3150.16,3150.24,3050.34,3087.29,14.01659474,431.1877869703
2015-06-09,801740,3101.01,3205.1,3080.48,3136.99,14.51795182,430.40898016169996
2015-06-10,801740,3090.19,3138.58,3055.25,3100.58,12.59610573,379.0319929387
2015-06-11,801740,3095.13,3133.64,3095.13,3133.64,11.76263451,371.3431747121
2015-06-12,801740,3149.66,3204.28,3120.72,3181.64,10.17122093,394.1668987219
2015-06-15,801740,3185.49,3241.8,3128.07,3138.41,7.58525261,365.565882302
2015-06-16,801740,3105.49,3105.49,2958.09,2975.1,5.88474888,270.2709678768
2015-06-17,801740,2963.99,3004.66,2842.79,2990.9,5.68169693,248.8265246302
2015-06-18,801740,2982.95,3015.32,2892.51,2903.33,4.36063909,194.1746756875
2015-06-19,801740,2865.02,2934.71,2799.37,2808.22,4.91229281,212.67783967169999
2015-06-23,801740,2820.49,2954.06,2718.76,2952.59,6.13825433,263.8402804557
2015-06-24,801740,2985.09,3063.89,2964.94,3022.1,7.65690456,351.7497289435
2015-06-25,801740,2994.17,3124.53,2871.43,2947.16,17.71539897,522.5731267855
2015-06-26,801740,2810.16,2858.27,2665.9,2666.09,11.91665116,347.1397857676
2015-06-29,801740,2727.21,2732.36,2413.28,2441.61,15.05019975,405.4666985985
2015-06-30,801740,2350.65,2578.24,2213.98,2575.58,16.72622016,420.8148376803
2015-07-01,801740,2519.92,2634.76,2369.28,2376.36,13.95085065,385.84187979489997
2015-07-02,801740,2352.29,2357.1,2152.65,2152.94,12.94114075,315.2484953481
2015-07-03,801740,1999.45,2149.54,1950.8,1956.12,12.42623143,265.0443756667
2015-07-06,801740,2135.04,2135.04,1781.95,1837.58,18.04001017,353.32399178379995
2015-07-07,801740,1726.66,1756.43,1666.95,1666.95,14.92893517,235.6103920802
2015-07-08,801740,1522.31,1567.38,1522.31,1528.51,18.27504977,284.0999312809
2015-07-09,801740,1476.28,1655.91,1476.28,1655.91,15.80597563,273.1853657734
2015-07-10,801740,1735.67,1796.35,1720.89,1796.35,8.15018605,161.718357879
2015-07-13,801740,1918.4,1957.08,1896.18,1957.08,12.06458801,241.76149834240002
2015-07-14,801740,2030.88,2124.01,2000.91,2048.93,19.40947825,420.06234489760004
2015-07-16,801740,1893.08,2070.5,1802.64,2040.72,20.1046828,388.1898697196
2015-07-17,801740,2061.49,2228.41,2061.49,2228.16,18.73876426,398.4564963826
2015-07-20,801740,2293.1,2407.84,2272.0,2347.27,24.28690555,597.0822757576
2015-07-21,801740,2291.86,2378.11,2263.23,2321.46,16.62158796,416.7057364799
2015-07-22,801740,2322.47,2486.18,2322.47,2457.17,19.22150056,494.7156848353
2015-07-23,801740,2467.92,2554.11,2402.91,2523.32,16.96526554,456.16653979989997
2015-07-24,801740,2515.87,2666.66,2496.07,2554.59,20.20411576,560.793480437
2015-07-27,801740,2489.49,2628.01,2331.53,2331.8,20.13352439,554.4140348548
2015-07-28,801740,2175.14,2435.02,2137.54,2303.56,19.49424054,483.8009856553
2015-07-29,801740,2363.64,2513.47,2269.45,2511.88,17.9571055,473.5718955595
2015-07-30,801740,2546.23,2710.71,2508.71,2571.27,25.77043293,717.5415738855
2015-07-31,801740,2526.28,2578.93,2350.4,2378.23,18.00148543,475.5712090135
2015-08-03,801740,2285.57,2312.78,2165.44,2166.56,12.79673877,312.1300922331
2015-08-04,801740,2154.01,2369.16,2154.01,2369.16,15.293254,399.6047562833
2015-08-05,801740,2436.51,2483.49,2333.13,2389.45,20.80345916,528.5579951174
2015-08-06,801740,2300.57,2438.57,2296.49,2355.31,14.49276515,341.4122117757
2015-08-07,801740,2395.09,2448.08,2359.52,2443.03,15.78199086,380.5938647563
2015-08-10,801740,2541.18,2653.95,2443.03,2639.94,19.14948307,501.9742321445
2015-08-11,801740,2696.36,2735.14,2630.76,2663.75,23.68319098,602.6685615373
2015-08-12,801740,2701.03,2767.59,2658.63,2677.53,17.84343731,504.13152516220003
2015-08-13,801740,2632.27,2722.23,2568.01,2721.63,17.00654197,443.0340541617
2015-08-14,801740,2725.47,2746.5,2659.39,2702.14,13.61939179,377.6835210874
2015-08-17,801740,2687.55,2777.46,2673.69,2720.89,13.63449545,397.6237028713
2015-08-18,801740,2709.07,2710.11,2504.22,2504.92,14.77278808,387.00267111849996
2015-08-19,801740,2359.41,2578.39,2317.56,2542.01,15.79825174,410.8795960164
2015-08-20,801740,2500.71,2508.27,2349.65,2352.68,11.40318969,307.9988520945
2015-08-21,801740,2296.96,2434.55,2231.14,2288.6,12.43522372,303.13735347939996
2015-08-24,801740,2192.63,2212.5,2081.26,2081.26,8.85385519,182.094178945
2015-08-25,801740,1894.83,1920.62,1894.83,1894.83,7.76410457,138.4406758535
2015-08-26,801740,1866.27,1933.99,1728.9,1730.93,15.98023627,305.0063365927
2015-08-27,801740,1767.17,1843.65,1688.39,1840.08,17.17689966,305.5623027529
2015-08-28,801740,1885.2,2002.55,1884.91,2002.55,16.91873912,328.8574974013
2015-08-31,801740,2053.33,2065.37,1961.32,2047.36,18.69121744,395.7031575561
2015-09-01,801740,2000.28,2000.28,1874.08,1909.16,13.42642354,262.4326063176
2015-09-07,801740,1822.41,1894.8,1712.94,1717.92,11.91110747,209.7373821347
2015-09-08,801740,1685.04,1764.82,1593.27,1750.62,10.06593,168.1127439716
2015-09-09,801740,1762.92,1841.61,1742.66,1790.12,17.8510306,305.6729419388
2015-09-10,801740,1756.77,1860.18,1740.44,1805.78,13.70642445,245.6279284321
2015-09-11,801740,1790.25,1818.09,1754.84,1782.28,8.9799026,160.4912519939
2015-09-14,801740,1822.75,1833.38,1631.91,1695.53,12.15794269,203.6473831859
2015-09-15,801740,1628.23,1655.0,1547.26,1549.45,8.26762701,131.3607742303
2015-09-16,801740,1532.37,1673.38,1519.67,1669.32,11.00725546,180.35915882540002
2015-09-17,801740,1666.56,1725.87,1625.71,1625.71,13.41145507,240.7931937236
2015-09-18,801740,1630.34,1646.33,1590.87,1626.41,8.22065826,142.61618782120001
2015-09-21,801740,1616.46,1725.95,1608.86,1725.95,12.92037846,234.7729913984
2015-09-22,801740,1738.43,1761.43,1701.47,1732.03,12.39972077,232.9944326125
2015-09-23,801740,1689.55,1743.5,1682.06,1717.13,9.46134286,174.5904829894
2015-09-24,801740,1733.42,1768.51,1725.37,1749.33,8.27184851,164.9987812395
2015-09-25,801740,1743.01,1777.49,1676.65,1689.5,9.94274213,187.768505458
2015-09-28,801740,1691.19,1700.74,1627.12,1696.22,6.38602557,115.2754365165
2015-09-29,801740,1656.08,1667.05,1624.13,1631.83,5.96686212,100.9904262333
2015-09-30,801740,1653.34,1735.14,1653.34,1710.58,8.81220236,163.6155686255
2015-10-08,801740,1772.73,1794.98,1761.98,1775.88,8.80110203,163.6675036494
2015-10-09,801740,1775.42,1844.17,1768.54,1810.35,9.07433828,173.7967868053
2015-10-12,801740,1819.46,1926.86,1819.46,1888.91,13.55950815,269.8187607627
2015-10-13,801740,1873.21,1916.51,1866.05,1910.84,11.36569532,211.5698806809
2015-10-14,801740,1944.28,1966.62,1889.76,1891.42,9.71783245,187.42871399700002
2015-10-15,801740,1898.12,1973.12,1891.42,1971.38,11.70915768,253.8103402457
2015-10-16,801740,1992.56,2029.85,1971.2,2018.31,13.814924,290.5919011521
2015-10-19,801740,2027.9,2027.9,1942.17,1970.76,11.72415698,255.8579511744
2015-10-20,801740,1969.79,2028.91,1969.79,2025.13,12.17286855,253.59015074330003
2015-10-21,801740,2025.94,2034.85,1868.6,1881.89,15.57530952,317.5586303445
2015-10-22,801740,1874.56,1981.03,1871.18,1969.91,11.04692589,238.3255175141
2015-10-23,801740,1981.97,2006.86,1949.56,1993.83,10.89893686,257.2387929964
2015-10-26,801740,2022.1,2067.53,1990.23,2025.95,12.34125059,288.6513419901
2015-10-27,801740,2032.83,2181.92,1995.27,2171.15,22.33129713,474.29834310120003
2015-10-28,801740,2161.62,2161.62,2053.28,2061.63,17.18974269,379.506908051
2015-10-29,801740,2073.76,2135.18,2043.78,2087.57,11.17015317,267.65861622029996
2015-10-30,801740,2069.67,2103.2,2040.72,2061.47,8.78928634,208.8924540149
2015-11-02,801740,2032.06,2060.32,1978.22,1978.22,9.92441222,223.8308907095
2015-11-03,801740,1995.12,2006.56,1936.13,1971.11,7.47473768,181.16858555029998
2015-11-04,801740,1990.87,2067.43,1989.97,2066.61,9.80402282,232.9833370671
2015-11-05,801740,2065.01,2147.66,2055.24,2080.84,15.99769505,366.8383986463
2015-11-06,801740,2078.57,2159.84,2073.01,2136.9,13.5056467,316.69421888240004
2015-11-09,801740,2111.73,2193.52,2090.98,2151.86,15.77324858,344.4128752797
2015-11-10,801740,2139.39,2175.76,2129.27,2144.83,12.91695943,314.1316518853
2015-11-11,801740,2152.46,2152.46,2121.13,2150.18,10.15537118,245.3339807677
2015-11-12,801740,2151.31,2193.67,2142.47,2163.41,12.19550184,310.6159567611
2015-11-13,801740,2137.33,2147.35,2077.63,2083.56,10.95566346,262.0825058995
2015-11-16,801740,2047.73,2112.74,2047.03,2112.26,7.00593264,172.00374838029998
2015-11-17,801740,2131.37,2213.35,2120.77,2154.07,13.34338255,361.39449090269994
2015-11-18,801740,2152.55,2156.09,2074.99,2080.65,8.04276035,211.9770069479
2015-11-19,801740,2084.8,2135.51,2084.59,2135.51,7.0446818,179.7146849611
2015-11-20,801740,2146.17,2203.87,2137.4,2174.12,9.78437965,268.0174261602
2015-11-23,801740,2176.47,2196.07,2138.56,2149.22,8.84691549,238.31411872919998
2015-11-24,801740,2144.14,2146.38,2091.27,2136.07,6.93236186,173.9007786716
2015-11-25,801740,2201.49,2207.42,2154.09,2166.83,8.84999751,230.09761457009998
2015-11-26,801740,2156.11,2211.23,2119.99,2171.23,10.5377208,261.743875271
2015-11-27,801740,2184.86,2196.08,1990.54,2013.41,12.1773425,310.6940318206
2015-11-30,801740,2000.84,2024.68,1868.37,1963.86,9.19643229,213.30518993549998
2015-12-01,801740,1962.35,1973.05,1930.06,1952.59,5.92386545,135.65151500620001
2015-12-02,801740,1947.71,1950.75,1880.41,1949.22,5.67660406,120.6870206632
2015-12-03,801740,1950.58,1983.25,1944.13,1983.25,5.251087,116.68011169629999
2015-12-04,801740,1977.44,1985.89,1941.16,1951.22,5.47572918,122.72739092190001
2015-12-07,801740,1956.15,1963.6,1924.63,1954.15,4.25148493,101.2433645894
2015-12-08,801740,1941.35,1941.35,1885.33,1885.67,5.15868036,111.5973049501
2015-12-09,801740,1876.94,1920.72,1867.81,1907.43,5.21409335,123.70380588729999
2015-12-10,801740,1895.59,1913.74,1853.9,1860.65,6.22662962,131.2168690613
2015-12-11,801740,1854.43,1881.48,1849.85,1862.4,5.2266475,111.6099469459
2015-12-14,801740,1844.77,1920.21,1835.39,1917.17,6.45623497,130.04897955319998
2015-12-15,801740,1913.03,1946.09,1910.63,1920.83,5.5479011,116.36308418670001
2015-12-16,801740,1925.26,1932.07,1901.86,1911.99,4.02000599,90.2216587709
2015-12-17,801740,1923.76,1950.81,1922.54,1945.7,5.59470509,128.4151844114
2015-12-18,801740,1945.57,1953.04,1929.77,1937.64,5.22666365,124.3003382376
2015-12-21,801740,1936.38,1970.31,1932.61,1962.54,6.40672966,140.8351941666
2015-12-22,801740,1967.11,1972.7,1940.24,1972.19,5.16558778,125.5047037566
2015-12-23,801740,1974.87,1974.87,1934.85,1937.67,5.08024969,120.3129843945
2015-12-24,801740,1933.43,1938.7,1882.38,1901.99,4.19227282,94.2141975058
2015-12-25,801740,1904.28,1922.9,1895.83,1919.93,4.35487434,92.5791807489
2015-12-28,801740,1924.99,1929.28,1870.88,1871.1,4.7533495,107.9480225973
2015-12-29,801740,1867.63,1882.11,1849.93,1882.11,3.21317661,73.6810920189
2015-12-30,801740,1884.64,1925.66,1873.38,1916.56,4.89260108,118.1102088617
2015-12-31,801740,1912.96,1922.54,1891.24,1892.29,3.60875966,88.9473093678
2016-01-04,801740,1956.33,1966.35,1760.58,1760.58,7.35993131,160.6526321255
2016-01-05,801740,1685.11,1848.07,1684.86,1829.08,10.17679501,199.1256211271
2016-01-06,801740,1830.0,1869.77,1820.52,1865.91,8.62613758,183.8913044707
2016-01-07,801740,1820.56,1856.32,1685.88,1688.36,2.22329971,44.1374694104
2016-01-08,801740,1737.22,1756.53,1603.49,1685.97,8.22614778,168.8528845223
2016-01-11,801740,1638.89,1650.25,1533.88,1537.95,6.83876173,126.4774752335
2016-01-12,801740,1533.72,1554.54,1470.25,1523.17,6.47758469,109.5741889593
2016-01-13,801740,1528.35,1538.18,1435.14,1435.38,5.15696634,88.736028086
2016-01-14,801740,1385.62,1520.86,1383.28,1520.64,6.30142894,107.5063541041
2016-01-15,801740,1518.0,1576.04,1487.11,1498.17,7.46968373,151.4201688
2016-01-18,801740,1449.57,1537.46,1449.57,1530.33,5.32077945,103.97151628379999
2016-01-19,801740,1520.95,1621.36,1506.74,1601.3,6.96490777,137.10956508360002
2016-01-20,801740,1588.88,1625.16,1566.92,1573.79,7.14282349,140.4923384906
2016-01-21,801740,1542.33,1604.98,1506.37,1507.2,7.29453563,128.7213196124
2016-01-22,801740,1516.76,1555.06,1478.02,1533.53,5.90059355,103.4095427142
2016-01-25,801740,1543.88,1558.83,1521.66,1538.95,4.72752248,84.50991494729999
2016-01-26,801740,1511.9,1548.0,1413.48,1415.95,7.48208586,126.09451106739999
2016-01-27,801740,1421.83,1438.47,1307.64,1431.51,7.49526959,130.65410190219998
2016-01-28,801740,1393.9,1407.58,1319.19,1326.84,6.18519147,105.8181573232
2016-01-29,801740,1318.67,1383.09,1290.53,1363.29,6.54405957,103.34679865940001
2016-02-01,801740,1357.33,1364.22,1292.87,1322.52,5.5921408,83.7977459178
2016-02-02,801740,1331.01,1386.39,1331.01,1375.44,6.36953012,107.56559504020001
2016-02-03,801740,1345.96,1388.51,1339.25,1381.62,4.92852825,81.91657431729999
2016-02-04,801740,1394.22,1429.4,1394.22,1416.32,6.2938833,103.3120323311
2016-02-05,801740,1416.74,1437.89,1405.58,1405.58,4.83041548,82.870496903
2016-02-15,801740,1351.92,1419.58,1351.92,1410.77,4.0121614,70.3210375786
2016-02-16,801740,1423.52,1484.88,1423.29,1478.52,6.75959445,113.838345049
2016-02-17,801740,1481.45,1552.9,1481.44,1524.15,8.68682175,158.13391313399998
2016-02-18,801740,1529.07,1529.96,1494.26,1498.1,5.99514965,108.54434856030001
2016-02-19,801740,1500.64,1524.43,1493.88,1516.48,5.53440726,100.28890832569999
2016-02-22,801740,1539.55,1542.71,1523.12,1536.27,5.66902733,100.9656108241
2016-02-23,801740,1537.66,1539.93,1486.29,1509.99,4.78945169,86.7447966039
2016-02-24,801740,1506.85,1541.86,1497.23,1537.48,6.68897516,115.8315971929
2016-02-25,801740,1533.1,1533.1,1387.23,1387.98,7.50439336,125.77054741549999
2016-02-26,801740,1402.61,1413.37,1351.39,1387.89,5.16774772,89.8413784768
2016-02-29,801740,1382.25,1382.37,1275.93,1306.32,5.39591332,85.0858823766
2016-03-01,801740,1314.39,1361.74,1303.52,1348.96,5.28619792,89.00592111649999
2016-03-02,801740,1350.2,1426.33,1344.84,1424.4,6.80738272,117.70250739209999
2016-03-03,801740,1439.42,1462.71,1425.11,1426.16,7.22866309,137.8096053495
2016-03-04,801740,1422.66,1467.67,1381.59,1411.91,7.92419112,131.2907573199
2016-03-07,801740,1423.01,1447.44,1421.62,1441.03,6.32287254,102.74087869680001
2016-03-08,801740,1428.29,1428.38,1360.4,1421.66,5.95391827,93.58087165959999
2016-03-09,801740,1384.85,1435.6,1374.89,1393.33,4.89789245,86.030540299
2016-03-10,801740,1391.12,1404.97,1359.33,1361.33,3.61649853,62.1753188954
2016-03-11,801740,1352.13,1368.25,1340.7,1353.73,3.5437331,57.1973214713
2016-03-14,801740,1375.21,1417.01,1371.6,1403.4,5.19115775,88.9749448803
2016-03-15,801740,1397.67,1410.63,1380.64,1402.59,5.24252399,77.05861474470001
2016-03-16,801740,1405.84,1407.44,1369.97,1371.63,4.16203257,63.6272721674
2016-03-17,801740,1382.14,1426.97,1382.14,1418.48,5.39977112,93.43238757559999
2016-03-18,801740,1425.94,1485.5,1423.93,1475.57,9.62404872,160.044525682
2016-03-21,801740,1493.88,1523.11,1479.52,1522.77,10.20288147,175.1260468956
2016-03-22,801740,1507.18,1595.42,1497.46,1568.25,14.7655305,233.5852320055
2016-03-23,801740,1551.84,1563.56,1529.8,1554.7,7.80328859,133.8292298588
2016-03-24,801740,1542.18,1595.0,1525.99,1535.08,8.62855497,152.6313909514
2016-03-25,801740,1528.29,1552.42,1522.37,1542.53,5.56031935,102.6350793713
2016-03-28,801740,1569.95,1588.59,1524.36,1531.56,6.01621057,114.63384963360001
2016-03-29,801740,1531.92,1533.21,1475.86,1486.18,4.91584497,94.07909195309999
2016-03-30,801740,1505.38,1539.69,1498.39,1539.13,4.93856887,98.02024061780001
2016-03-31,801740,1549.7,1571.79,1533.01,1549.26,6.13773812,121.7171303797
2016-04-01,801740,1537.57,1548.78,1507.56,1531.79,4.4570981,85.9574965181
2016-04-05,801740,1532.74,1572.58,1524.1,1568.58,5.67804536,108.9825040316
2016-04-06,801740,1559.45,1577.14,1545.81,1570.89,6.01426854,120.8619338886
2016-04-07,801740,1574.08,1576.77,1527.31,1528.19,5.20388955,104.6014918959
2016-04-08,801740,1515.73,1520.75,1487.05,1507.46,4.89054115,88.2112574056
2016-04-11,801740,1520.24,1540.02,1520.24,1532.54,4.10354962,80.111946801
2016-04-12,801740,1531.68,1533.09,1501.15,1516.7,3.81567482,76.0100566145
2016-04-13,801740,1526.79,1557.75,1526.73,1538.09,6.95258773,126.5637329871
2016-04-14,801740,1550.81,1553.33,1533.18,1549.24,4.27917382,81.4809284203
2016-04-15,801740,1553.24,1568.88,1547.14,1554.21,4.45832142,85.6710615468
2016-04-20,801740,1531.35,1553.39,1438.16,1476.45,7.0201381,137.427134151
2016-04-21,801740,1469.8,1480.46,1450.53,1453.46,3.87128473,74.404394233
2016-04-22,801740,1446.61,1466.76,1443.98,1461.97,2.67877532,51.454488405
2016-04-25,801740,1461.01,1470.77,1446.7,1461.5,3.22139316,67.66270153229999
2016-04-26,801740,1458.4,1469.89,1446.9,1469.19,2.50834442,47.1404278092
2016-04-27,801740,1472.82,1472.82,1451.43,1454.41,2.35913542,43.6720278249
2016-04-28,801740,1454.66,1458.48,1422.26,1442.23,3.19220942,57.5641146878
2016-04-29,801740,1437.37,1454.38,1432.25,1441.27,2.75326453,76.08164911029999
2016-05-03,801740,1444.1,1484.64,1436.08,1484.41,3.68444451,80.8358352611
2016-05-04,801740,1479.5,1492.11,1472.25,1481.2,3.4370041,69.7225287901
2016-05-05,801740,1482.98,1506.01,1482.96,1491.25,3.41968297,73.5134339663
2016-05-06,801740,1489.39,1493.05,1419.58,1419.82,4.45527495,88.63838322069999
2016-05-09,801740,1409.89,1409.89,1352.64,1358.56,3.57492,66.83676329890001
2016-05-10,801740,1356.23,1377.51,1356.0,1364.85,2.63869821,43.475465112600006
2016-05-11,801740,1375.5,1377.16,1345.55,1350.41,2.46352363,41.712328694899995
2016-05-12,801740,1337.26,1358.17,1321.98,1353.57,2.75073269,47.8636454148
2016-05-13,801740,1356.26,1371.18,1346.96,1354.87,2.4023413,43.0170530472
2016-05-16,801740,1348.85,1370.48,1344.27,1370.1,2.41796942,43.460304036000004
2016-05-17,801740,1371.43,1378.09,1353.19,1366.18,2.60060669,48.417591182799995
2016-05-18,801740,1361.04,1364.7,1327.56,1341.16,3.51243009,63.19666142
2016-05-19,801740,1341.02,1360.29,1340.85,1345.45,2.40444153,45.45632119729999
2016-05-20,801740,1333.15,1385.43,1329.94,1373.69,3.66152521,68.9640583628
2016-05-23,801740,1378.88,1389.9,1376.28,1385.08,3.21094981,63.7079117997
2016-05-24,801740,1383.13,1383.13,1357.91,1362.61,2.90433235,57.115220704799995
2016-05-25,801740,1372.35,1378.94,1350.71,1353.96,2.21536928,44.4888661888
2016-05-26,801740,1353.52,1361.55,1325.18,1354.91,2.59624406,51.3647857617
2016-05-27,801740,1356.55,1377.44,1352.94,1368.32,2.88267462,58.3920519362
2016-05-30,801740,1357.18,1371.69,1344.01,1360.82,2.38681479,49.7513937526
2016-05-31,801740,1363.79,1413.59,1363.71,1413.21,4.82393242,90.92882627979999
2016-06-01,801740,1413.89,1445.47,1411.86,1424.54,4.67785172,96.7757972013
2016-06-02,801740,1420.28,1430.29,1412.32,1430.29,3.34055142,67.0038143409
2016-06-03,801740,1436.55,1442.46,1425.13,1431.93,3.70890735,70.7464958976
2016-06-06,801740,1435.36,1437.77,1419.33,1426.61,2.16613052,55.6256565709
2016-06-07,801740,1432.81,1434.34,1422.88,1434.1,2.28145693,61.132521272700004
2016-06-08,801740,1432.9,1454.71,1422.37,1446.98,3.40667685,90.10865766120001
2016-06-13,801740,1433.33,1472.08,1409.59,1409.59,5.0008256,129.6253354155
2016-06-14,801740,1402.35,1410.39,1385.58,1400.17,3.15322065,75.4589030574
2016-06-15,801740,1385.24,1441.1,1384.2,1437.6,3.68956551,94.25457801559999
2016-06-16,801740,1436.61,1444.1,1428.55,1436.37,3.4575139,87.884941196
2016-06-17,801740,1442.12,1454.65,1437.22,1447.58,3.44046689,90.7189328258
2016-06-20,801740,1447.87,1453.86,1432.0,1451.08,2.81007875,74.0872784551
2016-06-21,801740,1458.56,1469.27,1440.57,1446.85,3.62570465,97.11678088139999
2016-06-22,801740,1446.49,1461.65,1441.08,1461.32,2.66420194,75.1302464834
2016-06-23,801740,1462.76,1488.2,1453.67,1480.17,4.38223212,108.82215732639999
2016-06-24,801740,1473.87,1481.47,1421.23,1456.17,4.1669939,104.7153881548
2016-06-27,801740,1454.31,1512.32,1453.76,1511.48,5.19484771,134.44338888459998
2016-06-28,801740,1505.73,1523.27,1498.92,1516.84,5.2496546,123.7967311808
2016-06-29,801740,1534.0,1560.77,1523.67,1528.04,7.64015296,129.078032511
2016-06-30,801740,1526.55,1531.56,1510.73,1525.33,4.66823161,95.6855391599
2016-07-01,801740,1526.57,1578.26,1526.46,1549.77,6.774818,141.35500069629998
2016-07-05,801740,1657.62,1734.22,1655.68,1675.75,17.51177864,348.139645028
2016-07-06,801740,1665.15,1686.16,1657.14,1685.79,9.95108581,203.5221686896
2016-07-07,801740,1678.38,1678.38,1641.84,1659.55,7.24108658,153.018832654
2016-07-08,801740,1660.78,1694.34,1656.03,1672.88,9.0736179,189.19966909400003
2016-07-11,801740,1703.1,1725.3,1687.9,1696.57,13.03371352,261.4501534103
2016-07-12,801740,1691.05,1703.12,1665.14,1703.12,9.33193919,186.4642021058
2016-07-13,801740,1726.31,1740.36,1689.0,1703.12,8.84910746,179.44038824759997
2016-07-14,801740,1699.22,1731.44,1681.42,1712.53,7.78893496,180.8398215036
2016-07-15,801740,1709.54,1711.63,1670.48,1677.22,6.03267449,137.4880531963
2016-07-18,801740,1674.6,1677.43,1647.31,1652.11,5.03498568,104.05211010139999
2016-07-19,801740,1653.03,1664.75,1639.79,1658.65,4.23459016,88.82663178889999
2016-07-20,801740,1658.25,1668.47,1649.49,1649.75,3.66871133,86.3314626225
2016-07-21,801740,1651.14,1664.14,1646.15,1648.34,4.34719668,90.0596445855
2016-07-22,801740,1659.14,1681.27,1647.09,1648.93,5.91737971,123.4311636265
2016-07-25,801740,1643.98,1657.68,1631.38,1640.42,3.96909199,88.5024401492
2016-07-26,801740,1642.48,1658.23,1642.48,1658.05,3.39790863,72.7200012401
2016-07-27,801740,1660.6,1676.21,1555.53,1582.41,7.66380783,156.4390080525
2016-07-28,801740,1584.13,1611.02,1566.6,1591.26,5.11029176,107.0677879227
2016-07-29,801740,1588.94,1590.45,1552.24,1556.47,3.83019344,77.30644077939999
2016-08-01,801740,1547.9,1548.19,1509.18,1517.73,3.77055793,72.8484576467
2016-08-02,801740,1519.33,1530.62,1514.99,1530.56,2.22609595,43.1828921926
2016-08-03,801740,1527.91,1540.07,1519.49,1536.31,2.73538099,53.2550353577
2016-08-04,801740,1535.11,1550.51,1524.33,1546.71,2.90866137,56.2464676051
2016-08-05,801740,1544.7,1544.76,1527.59,1528.06,2.4525817,47.695177826999995
2016-08-08,801740,1527.74,1601.7,1516.15,1599.69,5.33603231,108.8650438025
2016-08-09,801740,1587.14,1592.44,1577.74,1592.24,3.7980275,80.0044264447
2016-08-10,801740,1592.83,1603.64,1584.72,1585.44,3.17676814,67.5532670779
2016-08-11,801740,1580.13,1582.81,1550.6,1550.68,2.90521631,61.9835529372
2016-08-12,801740,1549.37,1570.18,1549.37,1568.34,2.47934015,50.460042979399994
2016-08-15,801740,1573.46,1613.87,1567.98,1608.18,4.83525024,97.14961857959999
2016-08-16,801740,1615.79,1620.94,1610.03,1612.95,3.78407969,78.3907314067
2016-08-17,801740,1614.85,1657.97,1607.39,1633.87,5.68399494,120.3143890273
2016-08-18,801740,1627.98,1632.46,1615.73,1626.08,3.90896949,82.34468934899999
2016-08-19,801740,1624.58,1634.46,1612.34,1630.19,3.29985415,69.27192399649999
2016-08-22,801740,1629.11,1629.78,1596.68,1596.81,2.90203153,63.730611424399996
2016-08-23,801740,1596.1,1606.93,1587.44,1596.73,2.28922366,52.9185247892
2016-08-24,801740,1600.11,1622.64,1598.95,1610.6,2.56663182,60.2809664381
2016-08-25,801740,1603.04,1603.04,1580.55,1596.93,3.03529802,70.176563753
2016-08-26,801740,1602.24,1619.05,1601.29,1607.37,3.12061356,72.101312309
2016-08-29,801740,1637.96,1642.31,1611.82,1613.0,4.03579,113.40497607399999
2016-08-30,801740,1612.9,1650.49,1608.57,1635.98,4.54804658,121.97860169219999
2016-08-31,801740,1630.97,1633.51,1612.73,1625.74,3.6711532,97.2056129058
2016-09-01,801740,1623.7,1633.7,1605.05,1605.05,3.56095402,93.53629299159999
2016-09-02,801740,1601.68,1609.7,1581.36,1590.1,2.86441099,69.3002817746
2016-09-05,801740,1596.13,1604.45,1591.98,1594.49,2.30539755,58.002524988199994
2016-09-06,801740,1594.71,1608.2,1574.18,1608.13,2.76572085,66.2716567904
2016-09-07,801740,1609.98,1625.83,1607.9,1611.45,3.50483539,80.1696184717
2016-09-08,801740,1612.78,1616.14,1604.61,1611.86,2.39920217,54.9086497356
2016-09-09,801740,1612.38,1621.93,1603.57,1603.84,3.06981994,66.8053688591
2016-09-12,801740,1573.63,1585.14,1550.8,1552.84,4.17828552,82.3490982105
2016-09-13,801740,1561.85,1566.41,1548.55,1559.61,2.75424571,55.6912170334
2016-09-14,801740,1550.05,1552.3,1539.9,1543.31,2.44301763,47.924454172299995
2016-09-19,801740,1545.5,1556.7,1545.5,1553.19,2.10806689,42.2137753177
2016-09-20,801740,1554.36,1554.54,1534.19,1537.17,2.01785258,40.7165229711
2016-09-21,801740,1538.65,1545.8,1537.83,1540.45,1.82644204,38.2460590404
2016-09-22,801740,1548.86,1552.23,1542.96,1544.25,2.02712363,42.1863474589
2016-09-23,801740,1546.09,1547.47,1538.65,1538.83,1.989013,41.8112907196
2016-09-26,801740,1535.54,1535.76,1490.59,1490.85,2.74611473,53.5488115391
2016-09-27,801740,1488.62,1499.88,1476.13,1499.8,2.05222507,40.3525675682
2016-09-28,801740,1500.69,1505.07,1491.77,1497.98,1.57852179,32.4132659514
2016-09-29,801740,1498.98,1505.74,1496.9,1497.23,1.40193579,27.0043161766
2016-09-30,801740,1497.14,1511.78,1497.14,1507.11,1.42460676,28.5735238012
2016-10-10,801740,1514.06,1541.1,1514.06,1540.96,2.27495955,45.8141140586
2016-10-11,801740,1546.73,1575.86,1546.73,1567.45,3.95709508,65.1688812238
2016-10-12,801740,1560.67,1561.2,1553.32,1560.98,2.33826499,40.1853956616
2016-10-13,801740,1560.55,1572.93,1559.99,1566.48,2.99566416,43.339089373
2016-10-14,801740,1563.97,1565.25,1548.34,1564.85,2.47527145,42.9374967977
2016-10-17,801740,1573.19,1581.96,1542.58,1545.01,3.21817015,60.1869299642
2016-10-18,801740,1541.01,1566.1,1538.86,1565.72,3.05230761,53.2091926782
2016-10-19,801740,1567.86,1585.35,1563.33,1573.89,3.54841095,66.7260209201
2016-10-20,801740,1577.57,1584.37,1566.19,1567.48,2.83745803,54.8798194073
2016-10-21,801740,1563.95,1576.02,1554.98,1566.62,3.74343866,57.4165766542
2016-10-24,801740,1566.42,1586.06,1560.59,1581.9,4.3612844,72.5401816156
2016-10-25,801740,1580.85,1581.87,1569.07,1573.35,2.87312399,49.171904959399996
2016-10-26,801740,1575.38,1575.38,1562.07,1564.87,2.77281795,49.066327742700004
2016-10-27,801740,1564.56,1573.3,1562.57,1570.89,2.82090366,54.2550952374
2016-10-28,801740,1575.86,1579.27,1555.26,1555.93,3.2146169,56.7833809232
2016-10-31,801740,1550.65,1551.75,1543.24,1549.35,2.41678556,43.4130498105
2016-11-01,801740,1551.5,1555.46,1545.81,1555.25,1.98393162,38.419812287199996
2016-11-02,801740,1556.88,1561.84,1542.11,1542.78,3.30336295,61.2302989098
2016-11-03,801740,1537.22,1556.75,1532.88,1548.98,3.36810966,59.2603852275
2016-11-04,801740,1546.26,1549.0,1534.92,1536.46,2.55970449,49.5685645983
2016-11-07,801740,1536.16,1537.97,1527.9,1531.16,2.09417798,40.3615432522
2016-11-08,801740,1540.58,1547.04,1535.49,1541.14,2.35553776,51.095873365
2016-11-09,801740,1538.87,1539.05,1508.67,1522.78,3.26828653,61.660432655600005
2016-11-10,801740,1535.69,1546.4,1531.41,1542.55,2.89406285,55.794529885900005
2016-11-11,801740,1543.0,1560.05,1537.57,1558.05,4.18793875,70.61626839979999
2016-11-14,801740,1554.84,1571.59,1554.46,1568.9,4.85210422,86.59453144950001
2016-11-15,801740,1569.3,1572.82,1560.12,1569.59,3.7047689,70.1136502312
2016-11-16,801740,1571.58,1573.99,1562.2,1562.24,3.0825168,58.507938386599996
2016-11-17,801740,1562.34,1578.11,1559.92,1577.76,5.1402933,79.6736858213
2016-11-18,801740,1575.45,1583.54,1563.37,1564.24,4.50634881,69.014405596
2016-11-21,801740,1561.29,1580.59,1561.12,1572.53,4.58755261,65.9739434429
2016-11-22,801740,1572.76,1580.01,1567.25,1580.01,4.37130915,68.9634151186
2016-11-23,801740,1581.5,1604.19,1577.98,1588.34,5.78588452,111.52159118719999
2016-11-24,801740,1583.86,1583.86,1564.24,1567.4,4.16134935,74.2854765751
2016-11-25,801740,1566.87,1576.54,1553.32,1576.36,3.79827758,65.2534754401
2016-11-28,801740,1578.04,1589.51,1577.7,1579.14,3.70581191,58.443971289
2016-11-29,801740,1579.04,1611.67,1579.04,1597.09,9.66343405,137.3688186734
2016-11-30,801740,1589.67,1592.11,1577.36,1584.1,5.16256447,75.2641332826
2016-12-01,801740,1583.01,1616.75,1583.01,1605.57,8.06828687,95.988649759
2016-12-02,801740,1606.96,1620.36,1578.06,1578.29,8.05355816,112.02291042520001
2016-12-05,801740,1550.71,1622.69,1550.71,1585.76,8.82488458,123.0821756174
2016-12-06,801740,1583.31,1595.27,1576.1,1579.81,5.45997886,76.2390564991
2016-12-07,801740,1578.63,1602.92,1578.63,1602.92,6.41633935,94.82344888879999
2016-12-08,801740,1602.11,1607.11,1575.38,1577.94,5.81397275,87.4674044663
2016-12-09,801740,1574.0,1574.95,1556.12,1570.91,4.92958074,77.0810478134
2016-12-12,801740,1568.63,1581.74,1496.35,1499.82,7.36545892,121.9987753142
2016-12-13,801740,1494.74,1545.04,1494.74,1533.34,7.51510149,119.4027307443
2016-12-14,801740,1530.98,1569.34,1515.91,1542.53,7.84634994,130.6986335952
2016-12-15,801740,1535.23,1593.5,1534.89,1567.37,8.38360381,142.73209295270001
2016-12-16,801740,1558.07,1562.76,1546.53,1548.53,5.41088567,89.6294595185
2016-12-19,801740,1551.83,1562.15,1535.98,1546.06,4.37175196,70.8835608742
2016-12-20,801740,1545.91,1545.92,1521.21,1530.27,4.04489069,60.9176813298
2016-12-21,801740,1536.71,1577.21,1535.18,1568.75,7.28014981,118.1668764926
2016-12-22,801740,1564.63,1576.83,1558.17,1568.59,5.34743673,86.7101384808
2016-12-23,801740,1565.42,1581.85,1562.97,1563.27,5.07111205,87.314964069
2016-12-26,801740,1553.33,1569.06,1534.81,1568.63,4.84417829,77.430452763
2016-12-27,801740,1565.9,1570.64,1555.24,1559.68,4.2416332,65.8816097937
2016-12-28,801740,1561.34,1569.84,1553.01,1553.59,3.37676913,53.2884957496
2016-12-29,801740,1552.22,1561.67,1544.56,1546.48,3.49798275,62.745763573699996
2016-12-30,801740,1547.8,1556.18,1538.58,1540.67,3.37501634,60.04016592
2017-01-03,801740,1545.47,1590.91,1545.2,1587.45,5.37062075,94.3508514169
2017-01-04,801740,1585.74,1603.01,1585.74,1601.41,5.48862252,91.6067245344
2017-01-05,801740,1598.39,1630.97,1595.41,1620.04,6.7602492,119.06011897549999
2017-01-06,801740,1625.72,1642.59,1615.25,1617.44,6.73448245,120.0360206965
2017-01-09,801740,1613.48,1680.93,1612.66,1676.04,11.33187286,195.1554090126
2017-01-10,801740,1672.66,1675.25,1646.99,1647.37,8.22003521,147.5278458191
2017-01-11,801740,1644.65,1668.2,1644.65,1651.76,7.22929132,129.53602337639998
2017-01-12,801740,1644.18,1654.77,1626.25,1627.12,6.9033795,116.8052967351
2017-01-13,801740,1623.16,1636.04,1595.03,1603.83,6.84177603,122.5641479831
2017-01-16,801740,1592.97,1592.97,1509.81,1564.52,8.0011052,129.6043245415
2017-01-17,801740,1552.38,1593.22,1552.22,1593.19,5.69135003,104.8347128926
2017-01-18,801740,1588.42,1598.87,1584.77,1584.93,4.3201761,77.74256061439999
2017-01-19,801740,1576.56,1586.57,1569.24,1570.95,3.66478832,65.2652937566
2017-01-20,801740,1569.36,1594.35,1568.39,1592.65,4.25814447,79.1327259287
2017-01-23,801740,1612.93,1636.59,1612.93,1626.44,6.27351175,113.79894111
2017-01-24,801740,1621.3,1624.29,1611.93,1614.03,4.39007237,80.2817144546
2017-01-25,801740,1603.82,1620.9,1603.82,1620.49,3.83686766,70.666712089
2017-01-26,801740,1621.81,1633.81,1620.99,1633.14,3.69536314,66.5159949467
2017-02-03,801740,1639.75,1664.0,1629.59,1645.14,5.50647188,97.5123462591
2017-02-06,801740,1640.88,1656.02,1639.3,1655.8,5.29577428,95.7709797749
2017-02-07,801740,1651.21,1654.62,1627.47,1636.6,4.49207783,85.92571040959999
2017-02-08,801740,1631.97,1677.02,1629.76,1677.02,8.27585585,144.766803067
2017-02-09,801740,1678.59,1682.88,1669.32,1682.88,6.91985626,120.0905525686
2017-02-10,801740,1679.67,1681.96,1667.72,1668.93,7.1876996,116.22641038110001
2017-02-13,801740,1664.47,1676.45,1661.1,1671.44,5.14634272,89.8546217509
2017-02-14,801740,1671.43,1687.6,1661.86,1663.58,5.51647908,101.6632432818
2017-02-15,801740,1657.73,1660.57,1635.43,1641.1,7.03214424,116.20636796229999
2017-02-16,801740,1639.3,1656.93,1638.41,1652.48,4.72111867,90.9364696752
2017-02-17,801740,1650.42,1673.0,1638.73,1666.54,7.67450894,146.4677064285
2017-02-20,801740,1669.71,1676.85,1657.54,1671.83,7.16618805,130.4836760783
2017-02-21,801740,1669.45,1677.39,1660.26,1677.39,5.80300845,107.3648535949
2017-02-22,801740,1674.24,1674.74,1658.83,1665.44,5.09954332,94.44876381879999
2017-02-23,801740,1663.43,1664.96,1636.31,1646.76,5.89103842,107.6368520427
2017-02-24,801740,1643.25,1668.86,1642.86,1668.23,5.25279054,104.11415452989999
2017-02-27,801740,1666.37,1666.37,1644.88,1646.17,4.66735648,96.0063353441
2017-02-28,801740,1645.31,1655.77,1644.01,1655.42,3.60117419,71.72280749020001
2017-03-01,801740,1655.85,1681.69,1655.8,1674.48,6.0669862,121.22761733629999
2017-03-02,801740,1676.94,1679.08,1659.46,1660.63,5.75735641,106.973026089
2017-03-03,801740,1656.13,1683.96,1655.12,1671.36,5.84792369,117.9066021109
2017-03-06,801740,1672.64,1698.23,1670.56,1698.23,5.78454177,128.0533765266
2017-03-07,801740,1697.75,1697.75,1678.28,1688.08,5.15808984,105.8764831682
2017-03-08,801740,1690.65,1717.86,1688.9,1697.12,6.82673611,151.3745618133
2017-03-09,801740,1690.49,1690.49,1672.11,1674.73,6.38330114,126.0922803359
2017-03-10,801740,1673.63,1679.04,1661.16,1664.26,4.08738573,83.27910645930001
2017-03-13,801740,1663.33,1676.37,1663.27,1675.61,4.80980538,103.3980099692
2017-03-14,801740,1676.75,1681.85,1672.47,1674.84,4.51958094,94.2096129834
2017-03-15,801740,1673.24,1673.86,1662.32,1666.29,4.31076111,96.64226428309999
2017-03-16,801740,1668.07,1686.99,1667.99,1686.99,4.58111184,106.6676221123
2017-03-17,801740,1686.46,1687.37,1659.51,1659.61,4.838704,109.7736250057
2017-03-20,801740,1659.14,1662.8,1642.38,1656.45,3.79644082,83.0617724599
2017-03-21,801740,1656.1,1657.25,1649.48,1656.83,3.23620137,68.9540226163
2017-03-22,801740,1648.44,1649.91,1633.95,1637.96,4.24614902,90.7074768398
2017-03-23,801740,1640.4,1650.74,1625.09,1649.12,4.84593942,100.0622403324
2017-03-24,801740,1647.47,1657.74,1636.87,1657.74,4.47314039,87.00522426479999
2017-03-27,801740,1657.11,1672.05,1654.85,1668.3,5.42097499,106.4087105569
2017-03-28,801740,1666.28,1673.57,1657.13,1660.17,3.73284465,77.8727972208
2017-03-29,801740,1660.72,1667.28,1649.15,1656.13,5.3634867,105.22711748559999
2017-03-30,801740,1652.13,1652.19,1615.12,1615.12,5.44100929,107.7262051555
2017-03-31,801740,1621.28,1667.82,1621.28,1655.47,8.85965134,162.9569555665
2017-04-06,801740,1675.35,1684.51,1671.71,1675.87,7.10869551,119.72032102809999
2017-04-07,801740,1689.84,1714.45,1689.47,1696.46,9.64117617,172.8605151927
2017-04-10,801740,1703.18,1721.15,1686.22,1704.37,9.62197293,173.4740547998
2017-04-11,801740,1700.73,1803.2,1698.12,1793.91,17.77487983,341.0688602557
2017-04-12,801740,1794.19,1821.35,1765.16,1772.2,12.41236087,253.40956553689998
2017-04-13,801740,1765.11,1772.77,1744.11,1755.85,6.70232271,133.3142193133
2017-04-14,801740,1758.46,1784.29,1743.44,1745.33,7.05927116,143.0371552633
2017-04-17,801740,1733.85,1733.85,1680.7,1688.84,6.46160368,124.934999065
2017-04-18,801740,1689.01,1700.95,1675.21,1676.42,4.79247518,89.146825371
2017-04-19,801740,1671.9,1677.43,1624.04,1641.55,6.14454976,112.40976705920001
2017-04-20,801740,1643.59,1658.76,1617.33,1642.73,5.22813627,95.2199314651
2017-04-21,801740,1642.69,1646.71,1620.31,1620.66,4.31768605,76.2239814868
2017-04-24,801740,1621.67,1624.77,1568.85,1568.85,5.22975553,90.9826413963
2017-04-25,801740,1568.7,1603.71,1545.96,1603.29,6.21550564,103.6515219486
2017-04-26,801740,1598.95,1602.83,1567.26,1568.31,6.75931646,107.76843311959999
2017-04-27,801740,1562.16,1562.16,1501.41,1546.58,6.95539436,114.34365368360001
2017-04-28,801740,1543.0,1561.37,1543.0,1561.37,3.68746575,64.2362991638
2017-05-02,801740,1557.51,1557.75,1542.21,1546.0,3.19830451,55.4617293296
2017-05-03,801740,1541.75,1562.82,1538.65,1551.25,4.2372205,75.97302775840001
2017-05-04,801740,1547.37,1547.37,1513.77,1514.93,5.20211526,90.0180819735
2017-05-05,801740,1515.18,1527.7,1464.48,1465.82,5.58769405,94.68498649040001
2017-05-08,801740,1455.17,1455.23,1391.2,1391.64,5.74661541,91.0938337925
2017-05-09,801740,1384.87,1418.21,1381.33,1409.9,4.11390823,70.5721178433
2017-05-10,801740,1411.2,1413.99,1359.3,1359.3,4.38603734,73.5928553926
2017-05-11,801740,1348.29,1369.87,1310.39,1366.25,5.07976019,80.0263762819
2017-05-12,801740,1362.51,1366.81,1344.44,1352.94,2.95197667,45.2780850393
2017-05-15,801740,1355.34,1365.29,1347.9,1348.3,2.53632698,39.9603499339
2017-05-16,801740,1346.85,1371.93,1324.16,1371.89,4.02437676,59.78691974979999
2017-05-17,801740,1369.21,1402.9,1367.52,1384.99,4.38203256,69.2099045603
2017-05-18,801740,1372.21,1389.59,1368.04,1368.64,2.69368197,43.2866151375
2017-05-19,801740,1368.7,1379.45,1359.7,1366.39,2.23920616,33.7908856066
2017-05-22,801740,1364.5,1373.71,1337.93,1339.73,2.74288954,41.3760617237
2017-05-23,801740,1340.4,1342.82,1274.03,1275.31,4.15445049,60.5624219195
2017-05-24,801740,1269.56,1286.22,1245.11,1286.05,3.20879938,46.4972448219
2017-05-25,801740,1290.19,1308.3,1268.1,1305.07,3.46745118,49.0914368466
2017-05-26,801740,1303.52,1310.55,1301.27,1303.34,2.57053061,36.6318879751
2017-05-31,801740,1318.89,1322.25,1305.75,1305.76,1.88785368,34.1506525121
2017-06-01,801740,1300.97,1301.92,1274.29,1274.31,1.96133422,32.8822019588
2017-06-02,801740,1271.83,1296.59,1260.1,1296.59,2.27625469,39.917353525500005
2017-06-05,801740,1297.67,1311.44,1297.5,1307.49,1.93275015,33.8550025585
2017-06-06,801740,1307.89,1331.41,1306.23,1326.75,2.68052671,47.3384124708
2017-06-07,801740,1326.08,1345.72,1325.25,1344.46,3.12005353,55.355109699799996
2017-06-08,801740,1341.64,1351.55,1337.26,1340.86,2.63310529,48.7372236425
2017-06-09,801740,1337.77,1346.33,1331.74,1342.87,2.41969647,42.4211117202
2017-06-12,801740,1336.79,1336.79,1317.35,1317.78,2.31085787,40.872841894400004
2017-06-13,801740,1316.34,1330.51,1315.69,1330.51,1.85145923,34.466512139
2017-06-14,801740,1331.65,1350.78,1330.75,1340.62,3.3015644,60.8536934941
2017-06-15,801740,1338.78,1358.9,1338.78,1353.23,3.3103991,60.991355517200006
2017-06-16,801740,1353.2,1369.3,1347.4,1366.64,3.4310191,61.2025500241
2017-06-19,801740,1366.97,1399.71,1366.92,1396.73,4.41814754,84.4396735587
2017-06-20,801740,1397.85,1397.85,1383.46,1386.53,3.31064001,63.387341258599996
2017-06-21,801740,1394.53,1406.12,1377.99,1384.99,4.06532046,75.4255702132
2017-06-22,801740,1382.17,1383.17,1362.2,1362.2,3.18944952,59.5019880128
2017-06-23,801740,1360.97,1371.31,1341.95,1365.72,3.02651637,53.4144143035
2017-06-26,801740,1365.78,1380.64,1361.07,1380.61,3.0828857,51.544548455
2017-06-27,801740,1381.43,1398.87,1380.88,1390.07,3.76985311,63.056381563
2017-06-28,801740,1386.07,1386.07,1370.49,1373.85,2.56629454,44.3810122911
2017-06-29,801740,1374.2,1383.42,1372.59,1382.55,2.36375105,40.1510693683
2017-06-30,801740,1377.64,1377.73,1369.03,1376.61,2.0865897,36.1104394729
2017-07-03,801740,1374.24,1378.83,1368.57,1378.73,2.75321473,43.99924978399999
2017-07-04,801740,1377.86,1387.93,1373.29,1387.87,3.49979064,57.080908468800004
2017-07-05,801740,1385.37,1389.16,1378.82,1389.14,2.948845,49.7350046674
2017-07-06,801740,1389.67,1393.44,1374.87,1392.38,4.20713031,69.4112754967
2017-07-07,801740,1388.82,1410.11,1385.8,1403.24,5.29891499,89.4782479504
2017-07-10,801740,1416.26,1428.77,1402.26,1404.42,6.10788159,106.9967621366
2017-07-11,801740,1398.4,1406.11,1388.77,1388.84,4.56766095,79.31141739649999
2017-07-12,801740,1386.36,1390.11,1361.04,1382.18,4.1789234,71.85388371229999
2017-07-13,801740,1380.87,1395.25,1375.18,1395.25,3.92053851,70.11572329260001
2017-07-14,801740,1391.07,1399.86,1382.77,1389.52,4.36233413,73.5720303053
2017-07-17,801740,1383.63,1383.63,1304.27,1304.62,6.01967303,98.8753188283
2017-07-18,801740,1300.43,1318.74,1290.88,1318.71,3.55096618,59.4859736432
2017-07-19,801740,1315.91,1331.11,1309.59,1331.04,3.61764267,61.4752776275
2017-07-20,801740,1329.99,1345.81,1329.21,1339.45,4.05723548,68.5245299957
2017-07-24,801740,1343.52,1374.64,1336.04,1374.41,6.1180082,101.10002649329999
2017-07-25,801740,1375.17,1377.44,1356.02,1359.5,4.86589322,81.4543881482
2017-07-26,801740,1357.93,1367.47,1348.87,1365.74,4.473896,72.1448152482
2017-07-27,801740,1364.19,1381.64,1352.21,1380.09,5.79908279,96.2570996242
2017-07-28,801740,1375.12,1375.12,1366.56,1366.67,3.99212646,64.7509334243
2017-07-31,801740,1369.84,1372.26,1347.27,1351.9,4.79621773,77.1336740086
2017-08-01,801740,1352.82,1359.11,1342.41,1343.82,4.13963943,67.0704605818
2017-08-02,801740,1343.7,1344.14,1317.96,1319.76,5.72160386,87.5128964086
2017-08-03,801740,1318.65,1325.08,1318.65,1325.08,3.00639946,45.9862513902
2017-08-04,801740,1329.66,1414.94,1329.3,1401.13,14.01971941,221.82086874060002
2017-08-07,801740,1404.57,1404.57,1386.93,1396.45,10.04447722,150.22213651299998
2017-08-08,801740,1389.14,1415.3,1376.28,1403.08,9.89841862,155.25562774670001
2017-08-09,801740,1394.86,1400.79,1389.95,1392.52,5.58241342,87.98277564909999
2017-08-10,801740,1395.9,1421.07,1395.8,1403.24,7.84546175,122.1464570335
2017-08-11,801740,1402.38,1431.8,1392.68,1397.02,11.28880106,175.40168148819998
2017-08-14,801740,1392.42,1412.94,1380.58,1412.67,8.08966902,118.1073498438
2017-08-15,801740,1408.16,1420.59,1402.33,1412.24,6.61499769,101.6820766513
2017-08-16,801740,1409.81,1429.23,1403.87,1429.12,7.95196421,121.9050043705
2017-08-17,801740,1427.13,1458.46,1426.65,1440.63,10.13994229,167.2772498177
2017-08-18,801740,1431.49,1436.72,1420.61,1423.2,7.943005,132.7839655876
2017-08-21,801740,1425.69,1427.63,1414.88,1425.07,5.39476177,91.5393062592
2017-08-22,801740,1425.96,1425.96,1402.47,1404.97,5.3889741,86.4870328788
2017-08-23,801740,1405.25,1416.1,1400.5,1406.03,3.99392139,64.3693282202
2017-08-24,801740,1404.83,1411.3,1394.14,1396.83,4.48141321,70.9405725471
2017-08-25,801740,1395.66,1407.47,1395.12,1405.77,3.98487303,64.31602371550001
2017-08-28,801740,1404.47,1420.75,1400.75,1419.63,5.93109909,102.00918413
2017-08-29,801740,1411.58,1411.99,1393.71,1395.21,5.81514017,93.2070271227
2017-08-30,801740,1395.16,1400.65,1391.22,1400.65,3.83850737,60.649792993599995
2017-08-31,801740,1399.71,1403.77,1393.55,1399.7,3.85526139,65.4113279452
2017-09-01,801740,1400.82,1402.33,1392.49,1402.19,4.14590568,68.6065455567
2017-09-04,801740,1412.66,1419.32,1410.26,1419.18,6.53795858,107.4247440016
2017-09-05,801740,1418.21,1418.29,1406.17,1410.07,4.3967928,78.49040477369999
2017-09-06,801740,1407.51,1424.15,1405.3,1422.18,5.25342278,96.0642323854
2017-09-07,801740,1420.75,1422.29,1407.27,1407.52,4.87922347,88.41420191690001
2017-09-08,801740,1406.92,1412.93,1395.33,1401.26,4.20970219,75.67155689020001
2017-09-11,801740,1400.55,1414.3,1396.12,1410.87,3.51885256,65.39631067229999
2017-09-12,801740,1411.48,1411.55,1400.31,1401.11,4.1954642,78.3632760843
2017-09-13,801740,1402.6,1411.07,1402.55,1407.67,2.91098073,55.8998115575
2017-09-14,801740,1406.39,1407.62,1395.96,1399.66,3.33766162,63.3594729054
2017-09-15,801740,1402.68,1418.89,1399.66,1418.51,5.2242685,99.002678335
2017-09-18,801740,1418.81,1423.21,1413.9,1420.75,4.18843086,79.8101967069
2017-09-19,801740,1419.97,1420.56,1409.6,1412.77,3.74442311,68.6782623359
2017-09-20,801740,1414.31,1427.26,1414.23,1426.61,5.19301998,92.48595692469999
2017-09-21,801740,1423.37,1423.37,1409.84,1409.84,4.16178136,75.42648288560001
2017-09-22,801740,1408.34,1409.77,1396.23,1404.51,3.78623938,66.59819342189999
2017-09-25,801740,1408.12,1419.05,1399.68,1400.26,3.94759453,70.95072263899999
2017-09-26,801740,1399.13,1415.69,1392.85,1413.66,4.79184736,87.1456627252
2017-09-27,801740,1416.2,1420.18,1412.2,1418.36,4.29021973,79.84126433600001
2017-09-28,801740,1416.29,1434.41,1415.58,1428.77,5.66018949,102.4413728749
2017-09-29,801740,1429.47,1434.4,1428.98,1431.9,4.7338001,85.0777383046
2017-10-09,801740,1440.18,1441.96,1430.33,1431.52,4.3037156,78.6300083724
2017-10-10,801740,1430.75,1435.99,1424.48,1435.99,3.66620909,66.803053295
2017-10-11,801740,1434.16,1435.23,1428.77,1430.32,3.51811486,66.8329411029
2017-10-12,801740,1429.07,1463.72,1428.55,1453.97,7.13384211,123.33396790549999
2017-10-13,801740,1450.39,1450.43,1441.45,1447.32,3.58299668,61.0503520957
2017-10-16,801740,1446.67,1469.6,1443.4,1443.5,5.89735569,108.1650083211
2017-10-17,801740,1441.18,1447.33,1435.1,1440.11,3.63568328,63.07702147770001
2017-10-18,801740,1439.84,1446.53,1429.9,1429.98,3.958807,66.8161402562
2017-10-19,801740,1428.01,1428.06,1402.08,1402.55,3.70384662,59.9389156754
2017-10-20,801740,1401.25,1413.77,1400.67,1413.74,1.98824675,33.890294554499995
2017-10-23,801740,1414.21,1421.81,1408.52,1411.09,2.5029567,52.0707691475
2017-10-24,801740,1410.97,1411.92,1388.84,1395.46,2.65791462,49.5517349163
2017-10-25,801740,1394.71,1399.97,1392.55,1397.92,1.97848176,38.6569673091
2017-10-26,801740,1397.42,1406.59,1394.66,1405.77,2.48237912,45.9942030722
2017-10-27,801740,1405.99,1408.24,1394.78,1394.8,2.51896782,46.26777639310001
2017-10-30,801740,1392.88,1392.88,1355.17,1355.39,3.53682963,60.2623257949
2017-10-31,801740,1354.1,1359.56,1349.76,1359.49,1.96248702,36.0030531771
2017-11-01,801740,1358.24,1366.02,1357.24,1361.1,2.26002239,43.634869752
2017-11-02,801740,1359.46,1359.46,1344.32,1344.78,2.55424065,45.2504119655
2017-11-03,801740,1344.79,1349.24,1335.21,1339.91,2.29906827,45.4571013394
2017-11-06,801740,1357.8,1369.77,1350.27,1362.75,5.92420348,71.7117975129
2017-11-07,801740,1362.55,1384.38,1358.9,1384.28,5.23753288,73.15370522149999
2017-11-08,801740,1381.3,1392.92,1379.18,1384.07,4.30793254,67.1884833926
2017-11-09,801740,1384.08,1389.52,1381.99,1389.23,3.21163504,50.5752138458
2017-11-10,801740,1388.94,1390.75,1378.06,1379.41,3.85753433,63.072833943599996
2017-11-13,801740,1379.12,1381.04,1370.22,1371.71,3.8097801,59.613501943100005
2017-11-14,801740,1372.46,1394.72,1369.93,1386.12,4.66809157,86.5248065275
2017-11-15,801740,1380.69,1382.22,1366.47,1366.91,3.14618856,59.5832104616
2017-11-16,801740,1366.5,1369.43,1357.06,1357.82,2.92198228,51.4572443809
2017-11-17,801740,1358.02,1358.06,1301.65,1304.56,4.86267845,76.88312076359999
2017-11-20,801740,1300.92,1310.09,1275.86,1309.71,3.69284801,55.133010314799996
2017-11-21,801740,1306.34,1316.28,1298.78,1302.74,3.38473842,56.0943108886
2017-11-22,801740,1303.39,1352.83,1300.74,1344.21,6.69866598,103.38545462260001
2017-11-23,801740,1339.77,1346.85,1309.23,1309.59,4.72288871,73.53623570479999
2017-11-24,801740,1306.27,1319.67,1306.17,1310.23,2.99084822,46.2282961847
2017-11-27,801740,1307.5,1324.09,1293.81,1294.29,3.14702781,51.044080997200005
2017-11-28,801740,1293.85,1311.75,1293.78,1311.32,2.34643393,39.7277651618
2017-11-29,801740,1311.04,1311.8,1296.15,1306.5,2.91027219,46.065292013100006
2017-11-30,801740,1304.89,1323.21,1303.8,1307.57,3.17666044,54.2131001828
2017-12-01,801740,1305.17,1312.23,1299.63,1312.09,2.72437842,46.87082141729999
2017-12-04,801740,1312.23,1312.37,1295.62,1296.16,2.93799692,52.7545489423
2017-12-05,801740,1301.6,1317.32,1274.5,1280.44,3.75756266,58.25263282
2017-12-06,801740,1274.72,1297.11,1271.01,1296.95,3.47737919,55.273967527799996
2017-12-07,801740,1294.87,1332.4,1293.17,1319.62,6.24978741,92.78245359120001
2017-12-08,801740,1315.01,1327.08,1312.44,1323.1,4.34504505,65.733017467
2017-12-11,801740,1320.8,1331.56,1318.18,1331.51,3.85121298,54.8204039512
2017-12-12,801740,1331.24,1331.26,1313.1,1313.15,4.10143078,58.2389323163
2017-12-13,801740,1312.87,1322.92,1310.82,1321.83,3.28414858,50.2056614162
2017-12-14,801740,1320.36,1325.77,1314.42,1323.14,3.51363131,55.7261049179
2017-12-15,801740,1320.79,1330.89,1318.22,1327.39,5.1121374,76.47278140819999
2017-12-18,801740,1325.99,1327.08,1319.29,1320.18,3.72459151,59.53960115
2017-12-19,801740,1320.2,1325.82,1320.2,1325.82,3.25101106,51.419292376
2017-12-20,801740,1324.8,1325.69,1305.25,1305.25,3.58830053,55.1899336358
2017-12-21,801740,1302.28,1313.97,1292.99,1309.22,2.77892584,51.0708587579
2017-12-22,801740,1307.18,1308.8,1298.09,1298.09,2.23194173,38.6887789352
2017-12-25,801740,1297.04,1297.56,1266.82,1270.19,3.1001222,54.3614836067
2017-12-26,801740,1269.24,1278.28,1265.28,1277.2,2.4277186,42.0804411702
2017-12-27,801740,1276.47,1280.59,1272.54,1273.64,2.28751822,42.949675065200005
2017-12-28,801740,1273.19,1277.55,1272.32,1273.65,2.25925749,40.8788254162
2017-12-29,801740,1276.97,1286.81,1276.85,1284.22,4.02204296,51.3798752362
2018-01-02,801740,1284.77,1290.15,1282.62,1290.06,3.08987811,42.7493574134
2018-01-03,801740,1290.34,1303.48,1288.75,1303.39,4.00386586,56.009305580799996
2018-01-04,801740,1302.06,1307.42,1300.18,1303.63,3.60032382,55.549424835100005
2018-01-05,801740,1301.93,1302.18,1290.95,1298.33,3.69118681,53.831656128599995
2018-01-08,801740,1296.34,1296.5,1287.77,1294.53,3.30230592,50.51268521229999
2018-01-09,801740,1293.39,1303.47,1292.24,1300.9,4.18545488,62.5288238129
2018-01-10,801740,1299.89,1299.89,1279.74,1286.74,3.81665656,64.1207898414
2018-01-11,801740,1284.07,1290.94,1279.59,1290.94,2.91592224,48.15876883399999
2018-01-12,801740,1288.77,1288.81,1274.85,1275.15,3.24419943,54.3731402585
2018-01-15,801740,1270.53,1270.61,1226.59,1229.15,4.87687743,75.6992151903
2018-01-16,801740,1226.34,1232.31,1214.28,1220.84,3.7442081,55.714737318500006
2018-01-17,801740,1220.18,1225.51,1202.51,1222.73,3.59786941,54.149269517200004
2018-01-18,801740,1220.49,1226.09,1218.97,1224.58,2.73397348,38.1703403492
2018-01-19,801740,1227.73,1257.36,1227.46,1242.22,6.09080078,77.7778787661
2018-01-22,801740,1240.57,1247.9,1228.7,1247.64,3.92552287,59.6275461599
2018-01-23,801740,1245.14,1249.54,1239.82,1247.08,3.48685102,48.107650614499995
2018-01-24,801740,1246.46,1261.14,1241.2,1258.44,5.06696715,62.6972617362
2018-01-25,801740,1256.3,1296.42,1255.38,1276.17,7.87800281,103.4281036946
2018-01-26,801740,1269.9,1276.99,1268.01,1269.54,4.01492753,52.8282554396
2018-01-29,801740,1271.42,1274.87,1248.75,1252.69,4.3648489,56.730350260200005
2018-01-30,801740,1250.79,1255.53,1246.62,1252.17,2.91316582,40.2409244031
2018-01-31,801740,1246.91,1247.18,1224.67,1226.08,4.23070608,53.160370178
2018-02-01,801740,1226.07,1229.52,1178.58,1179.04,5.30543123,62.6840437475
2018-02-02,801740,1170.95,1186.73,1155.35,1186.16,3.65406635,45.2533022729
2018-02-05,801740,1170.84,1182.46,1167.15,1178.67,2.50279982,31.134933394
2018-02-06,801740,1161.05,1165.21,1106.11,1106.12,5.05334796,61.8144963683
2018-02-07,801740,1122.79,1128.97,1073.77,1099.36,4.56312443,57.6520727392
2018-02-08,801740,1097.09,1123.51,1096.69,1115.7,3.17001028,38.838693148400004
2018-02-09,801740,1092.71,1099.92,1053.57,1065.76,4.8232094,50.3479945801
2018-02-12,801740,1072.38,1088.37,1072.38,1085.57,2.67541428,31.9052719358
2018-02-13,801740,1091.22,1107.69,1090.34,1092.66,3.32348033,40.0012623809
2018-02-14,801740,1093.23,1094.3,1087.39,1092.32,1.97270111,24.8216102138
2018-02-22,801740,1099.65,1107.87,1096.18,1106.08,2.13229135,26.6548836784
2018-02-23,801740,1105.49,1122.54,1101.79,1110.15,3.19058913,36.2599732918
2018-02-26,801740,1114.2,1140.16,1112.45,1139.38,4.45724821,55.909840788400004
2018-02-27,801740,1139.48,1184.84,1135.64,1169.73,6.81629792,89.28242211290001
2018-02-28,801740,1159.38,1191.02,1152.03,1176.21,7.2500125,91.0600912922
2018-03-01,801740,1167.58,1189.22,1165.66,1186.04,5.65386858,72.3178691804
2018-03-02,801740,1176.8,1192.11,1174.21,1182.11,4.64685346,62.180018182
2018-03-05,801740,1197.23,1200.88,1187.23,1196.24,4.9684112,73.5724138608
2018-03-06,801740,1195.55,1213.41,1191.24,1207.52,5.48381668,79.57315480369999
2018-03-07,801740,1204.97,1206.38,1190.82,1190.89,4.12908539,55.7095955701
2018-03-08,801740,1189.02,1195.82,1185.16,1192.9,3.27731081,47.4150752604
2018-03-09,801740,1192.19,1219.34,1190.21,1211.71,5.23730742,75.3864141575
2018-03-12,801740,1214.83,1231.65,1214.83,1231.42,6.0471837,82.6376126175
2018-03-13,801740,1232.3,1234.03,1216.12,1216.22,5.20240549,69.8603842297
2018-03-14,801740,1211.2,1211.2,1188.52,1189.8,4.46672523,60.7858331718
2018-03-15,801740,1185.48,1202.7,1184.16,1192.27,4.22609001,56.183067505
2018-03-16,801740,1192.84,1197.62,1184.68,1184.84,3.14687104,41.491717374699995
2018-03-19,801740,1188.57,1206.77,1188.51,1195.19,3.59879388,52.874895691599995
2018-03-20,801740,1188.18,1204.46,1183.28,1201.06,3.92278123,53.085187323999996
2018-03-21,801740,1192.04,1226.8,1192.01,1205.83,7.76651341,113.22955608129999
2018-03-22,801740,1193.2,1202.7,1186.1,1191.78,6.19576622,86.1923977374
2018-03-23,801740,1146.1,1176.39,1131.94,1151.36,10.36456557,137.7720449869
2018-03-26,801740,1146.15,1201.19,1146.15,1200.77,11.09079731,164.5607313393
2018-03-27,801740,1206.11,1235.37,1202.49,1234.24,11.78790125,181.833016652
2018-03-28,801740,1221.13,1239.33,1216.87,1217.02,9.28203462,151.6247240362
2018-03-29,801740,1222.18,1228.63,1204.95,1212.33,6.87978837,107.6801458216
2018-03-30,801740,1214.67,1258.52,1213.79,1255.82,11.58243804,168.6992076086
2018-04-02,801740,1251.47,1297.06,1251.47,1286.79,11.38531414,187.4208965432
2018-04-03,801740,1267.38,1289.24,1257.21,1275.56,9.01241323,148.1394105143
2018-04-04,801740,1276.92,1316.46,1276.84,1280.6,11.56221489,187.25352836279998
2018-04-09,801740,1281.77,1318.68,1271.74,1313.52,12.24989724,186.8323676324
2018-04-10,801740,1315.91,1315.91,1262.23,1278.98,11.21158267,192.49327779869998
2018-04-11,801740,1274.7,1282.83,1259.59,1282.61,8.96320192,141.3450959059
2018-04-12,801740,1278.11,1294.96,1268.61,1268.61,8.11391948,125.0854913732
2018-04-13,801740,1275.31,1299.21,1272.5,1274.09,8.22433186,117.6026683957
2018-04-16,801740,1273.56,1279.1,1259.5,1273.54,8.52974788,125.03564775209999
2018-04-17,801740,1272.96,1292.3,1250.65,1252.14,8.93280868,134.82592887319998
2018-04-18,801740,1261.87,1280.44,1235.37,1279.94,9.81262356,153.1471114068
2018-04-19,801740,1273.47,1329.57,1272.74,1304.8,12.69605164,209.8289632737
2018-04-20,801740,1297.91,1324.11,1291.62,1293.63,9.8492429,154.32549007120002
2018-04-23,801740,1292.77,1297.12,1223.08,1240.13,8.71662521,136.5821583197
2018-04-24,801740,1236.2,1261.9,1224.31,1261.83,6.77841705,99.7455613673
2018-04-25,801740,1248.57,1269.94,1247.38,1265.21,6.28773644,99.8598260799
2018-04-26,801740,1258.81,1276.06,1241.7,1242.39,6.26322276,97.2319596616
2018-04-27,801740,1247.34,1252.86,1208.63,1223.39,6.98661984,104.84938350899999
2018-05-02,801740,1217.51,1232.09,1206.0,1215.59,5.77872459,83.5343880125
2018-05-03,801740,1212.43,1212.43,1178.78,1210.16,5.91070959,87.35892710610001
2018-05-04,801740,1205.53,1220.97,1201.06,1212.18,5.23234121,74.9548977976
2018-05-07,801740,1213.95,1223.88,1212.18,1222.6,4.95163351,74.1763813261
2018-05-08,801740,1230.17,1254.3,1228.05,1234.59,7.03542497,105.2469310306
2018-05-09,801740,1229.74,1229.74,1220.72,1225.52,4.83939448,69.07505044310001
2018-05-10,801740,1226.61,1227.79,1201.82,1211.75,5.09954039,78.4641764497
2018-05-11,801740,1210.5,1211.89,1199.19,1203.35,4.02929648,56.6621323476
2018-05-14,801740,1207.4,1209.7,1175.18,1177.16,5.2096814,72.00530959550001
2018-05-15,801740,1177.26,1196.08,1177.15,1196.06,4.59421212,66.8244704858
2018-05-16,801740,1195.4,1209.7,1190.37,1198.69,5.21351908,83.0906675927
2018-05-17,801740,1198.22,1200.57,1182.92,1186.25,3.81542937,56.424468689799994
2018-05-18,801740,1185.61,1191.4,1175.9,1190.8,3.88557221,57.693262193100004
2018-05-21,801740,1195.4,1203.81,1193.33,1202.09,4.47854594,64.0750321244
2018-05-22,801740,1202.11,1202.11,1185.97,1196.77,4.45274712,64.817344738
2018-05-23,801740,1194.84,1208.21,1191.81,1195.25,6.06208728,90.6415008702
2018-05-24,801740,1193.63,1196.29,1181.26,1181.96,5.07368101,75.2687681983
2018-05-25,801740,1182.06,1189.46,1171.2,1177.01,4.92770625,73.9979724959
2018-05-28,801740,1172.93,1173.08,1137.43,1140.09,5.3669917,75.604686465
2018-05-29,801740,1138.42,1146.92,1127.14,1127.51,4.2006688,54.312293785
2018-05-30,801740,1117.42,1121.57,1090.17,1092.74,5.03484103,62.7991852942
2018-05-31,801740,1099.85,1104.65,1085.32,1093.68,4.27162473,54.1328567646
2018-06-01,801740,1088.1,1103.61,1080.26,1086.46,4.27071096,55.504820828
2018-06-04,801740,1089.61,1093.12,1081.27,1082.69,3.40234256,42.0522672742
2018-06-05,801740,1084.93,1106.13,1084.82,1106.11,4.02381799,51.3103180404
2018-06-06,801740,1103.06,1115.34,1102.54,1109.84,3.68426046,50.144592508500004
2018-06-07,801740,1112.07,1112.98,1093.1,1093.1,3.39365818,44.0178598306
2018-06-08,801740,1091.95,1091.95,1061.33,1069.34,4.43295997,51.0289811567
2018-06-11,801740,1066.39,1071.4,1059.17,1063.54,3.17983924,37.3703235703
2018-06-12,801740,1064.7,1073.56,1056.38,1073.21,3.37574813,40.5535740444
2018-06-13,801740,1072.55,1072.55,1047.76,1047.76,3.54623628,42.8657743511
2018-06-14,801740,1044.19,1053.53,1038.17,1040.17,3.08649265,38.2736008335
2018-06-15,801740,1040.5,1043.73,1004.93,1007.43,4.34051741,53.3177028107
2018-06-19,801740,994.38,1003.22,925.21,942.27,6.40075209,69.922048145
2018-06-20,801740,936.24,973.15,936.24,966.39,4.85295293,57.8678991387
2018-06-21,801740,966.16,973.56,939.87,939.87,4.97298955,59.5727326696
2018-06-22,801740,932.17,961.07,929.72,960.17,3.83468369,44.9182268726
2018-06-25,801740,968.18,974.57,957.29,957.31,3.41159298,40.4446087575
2018-06-26,801740,944.33,983.52,941.71,983.52,4.52657794,55.954142526400005
2018-06-27,801740,983.12,992.31,975.97,981.41,3.91822704,48.684714944300005
2018-06-28,801740,979.96,991.73,967.9,969.38,3.28770769,39.5177156758
2018-06-29,801740,969.72,1003.67,969.16,1003.66,4.30600877,54.79102478
2018-07-02,801740,1001.58,1011.39,986.55,995.33,4.20860506,53.4431976717
2018-07-03,801740,997.49,1039.44,997.49,1039.27,7.04978084,88.3160115926
2018-07-04,801740,1035.87,1037.25,1021.02,1024.47,5.30111455,68.1468816767
2018-07-05,801740,1022.0,1023.92,995.84,995.84,4.24574629,51.0632583095
2018-07-06,801740,995.74,1025.31,993.17,1009.12,5.31824748,67.9073550363
2018-07-09,801740,1010.52,1029.95,1010.5,1029.65,4.3037015,55.314875673900005
2018-07-10,801740,1030.63,1033.62,1022.27,1032.23,4.29570488,56.155046357299994
2018-07-11,801740,1017.54,1017.73,982.61,1000.51,4.96177641,60.6968482172
2018-07-12,801740,998.81,1028.15,998.76,1025.82,4.92823268,62.9163135787
2018-07-13,801740,1026.26,1029.81,1014.52,1018.08,4.3261281,54.971084740900004
2018-07-16,801740,1019.09,1038.87,1015.35,1032.65,5.06808199,65.71019529510001
2018-07-17,801740,1028.83,1034.75,1017.84,1034.72,4.56879107,57.534191526099995
2018-07-18,801740,1035.45,1040.87,1021.65,1021.99,4.26127064,51.598891699300005
2018-07-19,801740,1020.26,1027.48,1000.72,1004.1,4.19452412,52.354977833599996
2018-07-20,801740,1003.41,1024.36,1002.33,1022.48,4.6961539,56.635437339700005
2018-07-23,801740,1024.51,1066.16,1024.51,1064.52,8.10399715,98.12658121870001
2018-07-24,801740,1067.25,1080.37,1063.21,1076.02,7.89450878,87.5850083081
2018-07-25,801740,1076.44,1084.25,1071.6,1074.46,6.06500085,69.8251056746
2018-07-26,801740,1076.48,1080.9,1059.68,1063.68,5.30026367,61.6327656011
2018-07-27,801740,1062.54,1068.27,1055.44,1064.07,4.45317063,50.281656023800004
2018-07-30,801740,1064.36,1069.26,1049.36,1057.68,5.72258957,62.934412156499995
2018-07-31,801740,1053.18,1057.45,1041.65,1050.59,4.69187983,51.921367724700005
2018-08-01,801740,1051.41,1057.79,1017.18,1017.34,4.80622819,54.6311492782
2018-08-02,801740,1010.65,1010.69,957.02,976.05,6.56187815,71.0001131512
2018-08-03,801740,973.18,982.08,966.14,966.16,3.45331117,37.033920968800004
2018-08-06,801740,966.17,970.84,938.9,943.2,3.80647857,40.0059506268
2018-08-07,801740,946.37,966.24,935.9,966.2,3.71370529,38.5420099505
2018-08-08,801740,964.34,964.4,947.71,948.36,4.18363775,40.9011727045
2018-08-09,801740,944.05,981.36,943.15,976.85,4.64708994,50.759496543000004
2018-08-10,801740,975.56,984.25,972.5,984.2,3.49879846,38.9754297899
2018-08-13,801740,972.47,1000.74,967.97,999.02,4.51277377,47.2430155275
2018-08-14,801740,995.59,996.66,986.35,990.27,2.95319233,32.1286465895
2018-08-15,801740,991.44,1000.95,976.12,977.28,3.54302256,39.3028761806
2018-08-16,801740,964.82,981.03,958.49,967.53,3.2020153,33.7448356275
2018-08-17,801740,977.45,981.55,951.65,954.92,3.08703944,32.9007395746
2018-08-20,801740,952.9,963.29,942.15,963.29,2.78237779,29.7960863781
2018-08-21,801740,963.78,982.43,960.79,977.34,3.18640135,34.4052969101
2018-08-22,801740,976.01,985.94,973.23,976.12,3.16185112,31.7776159496
2018-08-23,801740,973.13,987.53,973.13,983.66,2.87362805,32.3047077799
2018-08-24,801740,983.07,983.07,970.27,971.12,2.80823487,31.6557008108
2018-08-27,801740,973.85,1001.37,973.76,1001.21,5.16386132,65.30885189279999
2018-08-28,801740,1002.05,1014.73,1002.05,1010.43,5.6696565,74.8243425859
2018-08-29,801740,1011.01,1015.3,1006.53,1013.44,4.95866331,58.9445516039
2018-08-30,801740,1010.98,1014.38,991.71,993.06,4.65835019,55.3483031499
2018-08-31,801740,992.24,996.39,982.75,987.18,3.80560136,45.4972619325
2018-09-03,801740,987.0,1006.09,979.3,1005.62,4.71893492,60.552596778
2018-09-04,801740,1005.93,1043.95,1003.58,1038.13,8.13140491,101.7299416233
2018-09-05,801740,1037.21,1052.17,1032.68,1032.93,7.19377729,87.4395104649
2018-09-06,801740,1031.06,1051.65,1031.05,1040.05,6.8139037,88.80854043629999
2018-09-07,801740,1041.01,1049.51,1021.91,1029.97,5.9358663,77.2614675411
2018-09-10,801740,1030.6,1036.61,1006.11,1007.83,5.30140033,73.40602482130001
2018-09-11,801740,1008.71,1029.72,1006.91,1024.39,4.56114532,64.2528747205
2018-09-12,801740,1024.61,1049.64,1023.98,1038.38,6.07197161,84.14223902350001
2018-09-13,801740,1045.73,1060.32,1034.02,1060.01,7.76484365,99.67676074629999
2018-09-14,801740,1059.74,1061.81,1025.83,1027.84,7.15875166,102.2450962649
2018-09-17,801740,1023.72,1035.52,1010.15,1017.86,5.57493228,78.94217472689999
2018-09-18,801740,1015.19,1031.21,1006.41,1031.21,5.65455165,77.0368514183
2018-09-19,801740,1027.77,1049.64,1021.88,1044.1,6.70280279,87.91318190780001
2018-09-20,801740,1040.74,1043.28,1026.49,1028.81,4.8956112,65.76696038899999
2018-09-21,801740,1029.83,1032.12,1016.88,1031.83,5.09596758,65.6169172761
2018-09-25,801740,1028.96,1050.71,1027.2,1041.37,5.13053082,71.2024495425
2018-09-26,801740,1040.68,1044.18,1032.78,1041.59,4.98430879,67.3703910413
2018-09-27,801740,1040.05,1040.41,1019.12,1020.5,5.07079911,68.0924328373
2018-09-28,801740,1021.3,1024.81,1016.26,1021.93,3.73460511,51.6946390493
2018-10-08,801740,1008.95,1014.58,990.63,991.76,4.21507154,53.1238888879
2018-10-09,801740,992.71,995.6,965.67,973.25,4.31049634,57.944910363000005
2018-10-10,801740,972.66,980.58,966.64,979.67,3.18925304,42.582787368299996
2018-10-11,801740,947.75,957.81,905.62,910.63,6.37349049,65.8515757937
2018-10-12,801740,904.46,917.93,873.16,914.65,5.39198065,59.6717787053
2018-10-15,801740,914.33,928.09,908.64,909.0,3.70130557,42.4037766323
2018-10-16,801740,914.07,928.51,891.25,896.85,4.47530071,51.254508709899994
2018-10-17,801740,906.88,910.48,874.62,895.76,3.98090209,46.2233570604
2018-10-18,801740,885.91,886.02,863.29,863.95,3.67494106,39.4118048253
2018-10-19,801740,850.98,880.05,840.68,878.5,5.0012857,55.423469150900004
2018-10-22,801740,887.07,933.07,887.03,923.73,6.71465916,71.340399212
2018-10-23,801740,924.16,929.25,906.72,911.26,5.10081151,57.522073315200004
2018-10-24,801740,907.75,920.24,904.51,910.83,3.44797993,37.575558666599996
2018-10-25,801740,882.75,902.7,878.8,899.92,3.90310546,39.6459780856
2018-10-26,801740,907.63,917.27,896.69,901.43,3.56599358,39.1595839279
2018-10-29,801740,897.53,900.62,885.45,891.08,2.90475434,32.6670277769
2018-10-30,801740,888.87,900.93,873.04,895.86,3.86635601,40.1421426392
2018-10-31,801740,897.17,912.54,893.94,906.86,4.42659511,45.3396084071
2018-11-01,801740,910.88,931.91,910.85,917.62,5.87887776,63.41745493
2018-11-02,801740,928.66,938.65,923.51,938.52,5.87597396,65.303598219
2018-11-05,801740,940.37,950.42,929.88,943.22,5.41385605,62.6281418866
2018-11-06,801740,941.79,941.89,930.65,938.23,4.10422959,46.3700018511
2018-11-07,801740,938.55,946.29,931.36,932.75,4.91162613,50.3439614587
2018-11-08,801740,938.37,939.3,919.39,919.39,4.0139429,43.1233180383
2018-11-09,801740,916.46,924.13,913.87,919.59,3.05097076,30.7067372248
2018-11-12,801740,918.19,937.78,916.2,937.78,3.86285018,38.6258845268
2018-11-13,801740,928.48,954.86,926.49,949.69,6.49251844,63.4602356771
2018-11-14,801740,946.03,950.76,940.24,943.46,4.90493599,51.9057839697
2018-11-15,801740,947.07,968.91,945.0,968.75,6.84942115,77.61723544270001
2018-11-16,801740,970.54,980.38,966.13,973.63,6.42858282,71.7158507797
2018-11-19,801740,974.07,977.35,962.29,976.26,5.60147042,61.4898325358
2018-11-20,801740,968.96,1003.41,966.51,973.22,8.75467408,101.0530082969
2018-11-21,801740,959.79,973.85,956.45,971.74,5.11395661,57.1672780668
2018-11-22,801740,974.25,979.68,969.63,972.4,4.31098592,48.1679439392
2018-11-23,801740,971.03,973.01,930.59,930.59,5.33483291,55.3814667132
2018-11-26,801740,931.47,945.95,928.0,933.68,3.24788235,36.7546263498
2018-11-27,801740,938.91,950.73,938.74,945.66,3.9469569,41.840009983899996
2018-11-28,801740,945.34,955.59,932.9,954.25,4.00124049,44.505235549300004
2018-11-29,801740,958.29,965.38,935.31,935.31,3.95928169,44.720124507799994
2018-11-30,801740,933.42,941.13,920.45,941.13,3.49774401,36.3917094655
2018-12-03,801740,958.71,967.27,953.53,964.62,4.93563878,53.276596429099996
2018-12-04,801740,963.34,964.47,953.23,960.78,3.72022805,42.6955658243
2018-12-05,801740,944.83,953.52,942.95,951.0,3.77104491,39.1316433434
2018-12-06,801740,948.31,961.97,943.64,945.2,4.35406542,46.9406654588
2018-12-07,801740,946.21,949.0,935.53,941.83,3.06206352,32.003572012199996
2018-12-10,801740,936.23,937.38,922.38,923.92,3.06288351,33.0708743509
2018-12-11,801740,926.75,931.39,923.49,928.61,2.78053174,28.5840616551
2018-12-12,801740,932.47,934.19,927.65,930.34,2.82429316,29.374031376199998
2018-12-13,801740,931.82,945.3,928.46,941.22,3.87794821,38.9555399944
2018-12-14,801740,940.47,940.77,917.9,917.9,4.31699843,44.220771594300004
2018-12-17,801740,914.57,922.98,909.51,921.07,3.48170765,34.8093829385
2018-12-18,801740,914.71,923.76,907.51,918.66,3.947787,38.5085181521
2018-12-19,801740,920.33,920.92,903.66,905.84,3.23465003,32.6856550353
2018-12-20,801740,903.73,907.72,894.89,901.54,3.12125638,30.8194495266
2018-12-21,801740,898.09,898.4,882.48,889.72,3.25662311,31.592153150599998
2018-12-24,801740,888.1,902.43,887.25,902.3,3.40683183,33.019744578899996
2018-12-25,801740,892.93,896.35,875.9,894.18,3.87520212,40.5684859909
2018-12-26,801740,893.07,899.22,888.85,888.88,3.21787155,35.582421874699996
2018-12-27,801740,901.85,904.04,883.24,883.24,4.1288832,42.7746300893
2018-12-28,801740,886.71,896.07,883.95,885.62,3.98583252,44.3561743821
2019-01-02,801740,886.2,896.81,880.32,894.03,4.14790547,45.4068975909
2019-01-03,801740,894.25,941.38,894.14,922.84,9.10753935,94.85007615379999
2019-01-04,801740,915.15,945.36,915.15,945.04,10.06062143,93.8245635749
2019-01-07,801740,953.74,990.5,952.55,986.08,12.29662294,121.90567756729999
2019-01-08,801740,984.45,984.45,964.23,967.77,10.84067362,109.7411334623
2019-01-09,801740,966.54,972.63,957.25,957.49,8.81985702,92.003706991
2019-01-10,801740,956.89,962.66,952.77,955.39,6.34658543,67.0247789455
2019-01-11,801740,956.74,972.53,956.74,969.38,6.86560375,78.246207574
2019-01-14,801740,968.42,968.63,956.95,960.56,5.46713472,64.1897190688
2019-01-15,801740,959.97,969.03,957.88,968.99,5.36827366,60.8023326718
2019-01-16,801740,967.94,968.77,955.4,955.72,5.01293559,54.3182598233
2019-01-17,801740,955.89,956.26,943.38,944.5,4.18642695,45.1074495892
2019-01-18,801740,945.65,951.88,941.98,950.92,4.19195216,44.7118129404
2019-01-21,801740,951.44,957.14,947.2,953.46,3.69451842,42.2498511116
2019-01-22,801740,950.0,950.11,935.17,940.01,4.13060172,48.136134079099996
2019-01-23,801740,936.91,941.22,934.77,941.09,2.87940684,34.3754324294
2019-01-24,801740,941.48,956.49,936.41,952.52,4.84922571,56.53883035
2019-01-25,801740,951.13,951.15,940.24,940.24,4.0327664,44.6133332166
2019-01-28,801740,945.1,948.1,933.04,934.25,3.7419538,40.4037515802
2019-01-29,801740,932.25,932.33,905.13,913.78,4.33657338,45.2396428705
2019-01-30,801740,912.27,927.41,911.69,914.96,3.58367711,36.6465830523
2019-01-31,801740,915.32,916.01,897.99,903.1,4.31675803,43.3973911818
2019-02-01,801740,905.96,923.6,905.71,923.6,3.37853193,33.8757450879
2019-02-11,801740,927.35,944.75,927.35,944.75,4.22186489,45.15225296
2019-02-12,801740,944.28,954.33,943.22,951.86,4.67753218,49.9555289841
2019-02-13,801740,952.11,975.7,949.78,972.76,7.47566943,79.8082112468
2019-02-14,801740,971.1,978.75,969.12,973.37,5.47935632,58.0377884118
2019-02-15,801740,971.88,978.14,965.85,967.29,5.15240042,57.4300604408
2019-02-18,801740,973.46,1002.17,973.37,1001.71,7.88214544,86.94469067290001
2019-02-19,801740,1004.7,1019.64,987.04,1019.64,9.54252949,106.2903660044
2019-02-20,801740,1013.98,1034.02,1001.76,1021.72,11.28599467,110.1707841484
2019-02-21,801740,1026.32,1042.48,1009.62,1013.73,12.63278039,136.346426424
2019-02-22,801740,1009.16,1034.44,1008.26,1034.44,9.58232282,106.2406641299
2019-02-25,801740,1042.95,1100.86,1042.95,1095.48,16.60344157,186.0815448027
2019-02-26,801740,1093.55,1106.84,1079.39,1084.08,14.85649736,167.6887431462
2019-02-27,801740,1081.89,1135.83,1081.89,1104.23,16.9314707,186.8512310673
2019-02-28,801740,1120.24,1126.8,1092.08,1103.94,12.11645453,133.772872395
2019-03-01,801740,1108.42,1110.57,1084.26,1109.62,11.82525813,126.3323689
2019-03-04,801740,1115.08,1140.75,1114.16,1135.08,16.87649414,184.0668954799
2019-03-05,801740,1130.65,1169.56,1125.2,1168.3,16.69258359,189.4019038602
2019-03-06,801740,1174.04,1179.14,1151.73,1173.15,15.79400253,186.33866754169998
2019-03-07,801740,1170.14,1181.34,1158.45,1169.79,15.54393716,183.36205309080003
2019-03-08,801740,1144.67,1174.66,1122.03,1122.15,16.83084469,199.98208170770002
2019-03-11,801740,1129.43,1163.61,1129.43,1163.61,13.37858984,157.6189471325
2019-03-12,801740,1174.51,1216.0,1167.7,1206.33,19.53066153,242.22667064419997
2019-03-13,801740,1213.63,1241.78,1175.61,1184.62,19.68854291,259.18525549509997
2019-03-14,801740,1178.16,1184.62,1131.3,1155.14,14.98609651,184.1079758471
2019-03-15,801740,1163.93,1169.2,1145.81,1153.05,10.76647476,135.1972635358
2019-03-18,801740,1155.78,1177.24,1148.03,1177.24,10.88426888,124.5772640573
2019-03-19,801740,1181.24,1204.55,1180.01,1195.43,12.26905417,154.2084193097
2019-03-20,801740,1194.65,1194.65,1162.61,1184.14,10.77565993,130.19546772209998
2019-03-21,801740,1186.94,1199.19,1183.4,1191.03,10.84119325,128.5222980303
2019-03-22,801740,1193.81,1204.47,1185.2,1203.2,11.56276119,147.46288798770001
2019-03-25,801740,1198.95,1291.13,1197.37,1264.25,27.01113846,323.17643313770003
2019-03-26,801740,1269.12,1269.12,1189.45,1191.79,20.02897852,235.31910633430002
2019-03-27,801740,1195.69,1199.0,1157.18,1179.28,10.96772597,128.79729673469998
2019-03-28,801740,1179.56,1204.21,1171.96,1172.64,10.4652256,119.7876390173
2019-03-29,801740,1190.66,1223.09,1190.66,1223.09,14.83580537,161.7904299573
2019-04-01,801740,1242.46,1282.49,1242.46,1279.93,18.59233385,208.6438248657
2019-04-02,801740,1304.74,1332.24,1293.05,1297.21,24.95364185,283.92181107830004
2019-04-03,801740,1287.89,1318.39,1281.52,1313.22,19.18121247,225.68278422560002
2019-04-04,801740,1312.99,1327.27,1299.04,1314.66,17.89618118,232.5281831929
2019-04-08,801740,1338.62,1343.48,1287.41,1302.01,16.69431453,217.7383530093
2019-04-09,801740,1307.91,1307.91,1288.56,1299.89,10.76850359,141.0690341161
2019-04-10,801740,1295.08,1299.96,1283.95,1290.07,10.99124803,143.6138950825
2019-04-11,801740,1293.44,1305.77,1273.75,1273.75,9.98470024,131.9127150576
2019-04-12,801740,1273.78,1273.78,1249.59,1260.42,9.26156947,134.8632202993
2019-04-15,801740,1274.19,1291.84,1255.11,1255.76,9.57081696,132.9939812169
2019-04-16,801740,1250.63,1275.48,1236.16,1275.48,9.655311,133.59450605290002
2019-04-17,801740,1275.78,1290.83,1272.03,1283.27,9.66705314,131.3663847816
2019-04-18,801740,1283.01,1317.69,1283.01,1302.41,14.13712486,188.7815840952
2019-04-19,801740,1297.62,1302.31,1274.07,1300.47,10.69151397,150.8676683187
2019-04-22,801740,1304.55,1304.55,1272.97,1275.43,9.68736676,134.4018345703
2019-04-23,801740,1274.32,1274.35,1219.52,1222.38,10.42199716,138.722407409
2019-04-24,801740,1222.16,1226.93,1200.04,1222.23,7.2449936,97.0592002103
2019-04-25,801740,1219.25,1219.25,1172.02,1172.02,8.37033467,104.8604401041
2019-04-26,801740,1164.68,1174.62,1157.54,1157.68,6.44257035,81.3986592551
2019-04-29,801740,1158.07,1162.65,1114.31,1115.38,7.67887903,90.8600082209
2019-04-30,801740,1116.52,1146.23,1116.41,1133.6,6.03671552,72.4451082003
2019-05-06,801740,1102.63,1105.33,1040.6,1049.08,9.8369364,111.5248176082
2019-05-07,801740,1053.59,1066.6,1041.22,1059.69,6.97095659,81.8309477693
2019-05-08,801740,1035.22,1078.86,1030.7,1069.14,7.77729525,87.65945621530001
2019-05-09,801740,1061.72,1084.5,1061.72,1068.14,7.23581324,88.4552615252
2019-05-10,801740,1075.63,1119.02,1063.41,1116.49,11.20137708,136.104287909
2019-05-13,801740,1104.42,1118.3,1096.27,1101.85,6.93257882,92.50333367729999
2019-05-14,801740,1086.48,1122.43,1086.48,1104.07,8.61686963,114.3834617752
2019-05-15,801740,1108.86,1115.71,1104.24,1114.32,7.78559472,105.7321435793
2019-05-16,801740,1112.86,1140.23,1110.38,1130.26,9.62556076,125.6625508325
2019-05-17,801740,1126.9,1128.53,1085.96,1090.3,9.17253399,118.9873604433
2019-05-20,801740,1091.83,1111.91,1091.83,1111.91,7.55781605,102.1377381617
2019-05-21,801740,1109.24,1127.38,1101.23,1123.22,7.93588465,103.06473420629999
2019-05-22,801740,1122.83,1125.12,1103.21,1113.38,6.74745884,88.7938815875
2019-05-23,801740,1112.13,1128.59,1101.79,1104.48,8.11570571,110.06743376850001
2019-05-24,801740,1091.23,1098.03,1070.84,1071.69,6.5013716,81.6435568609
2019-05-27,801740,1073.49,1109.13,1070.92,1108.11,6.23495841,82.9259481975
2019-05-28,801740,1108.1,1119.0,1100.78,1109.71,6.67351545,87.0485247357
2019-05-29,801740,1104.23,1121.78,1103.44,1116.41,6.78901223,88.4376180218
2019-05-30,801740,1109.15,1109.63,1094.29,1105.71,6.16364409,86.07277883309999
2019-05-31,801740,1106.16,1118.78,1103.0,1115.84,6.84309719,101.72473313450001
2019-06-03,801740,1127.77,1130.93,1097.21,1100.64,7.71531897,111.45569193870001
2019-06-04,801740,1096.04,1096.04,1062.52,1069.37,6.79584644,91.47533668780001
2019-06-05,801740,1078.82,1079.92,1062.83,1063.82,5.02627346,66.8632068936
2019-06-06,801740,1063.76,1063.76,1031.96,1035.4,5.4162242,67.972902608
2019-06-10,801740,1037.76,1045.93,1034.97,1039.87,4.56579234,59.319726387299994
2019-06-11,801740,1040.45,1077.96,1036.34,1077.96,7.31142894,89.7173210194
2019-06-12,801740,1075.57,1082.38,1069.91,1073.7,7.10636606,90.7606488379
2019-06-13,801740,1072.73,1077.31,1068.45,1073.33,5.45252721,71.7724784383
2019-06-14,801740,1077.16,1111.61,1076.16,1077.0,10.11302996,118.03843451530001
2019-06-17,801740,1070.46,1071.54,1063.28,1067.41,6.01170792,69.4281183479
2019-06-18,801740,1066.14,1067.72,1056.55,1060.0,4.53439274,57.28219770810001
2019-06-19,801740,1079.96,1084.44,1074.58,1078.39,6.6149752,82.1959659187
2019-06-20,801740,1075.05,1099.29,1068.56,1099.17,8.3533703,103.27390660620001
2019-06-21,801740,1102.15,1122.56,1102.15,1121.3,9.96307686,123.78471835459999
2019-06-24,801740,1119.95,1121.61,1107.49,1116.06,7.24471958,92.7581718249
2019-06-25,801740,1113.27,1120.33,1100.68,1114.95,7.15908318,90.628031605
2019-06-26,801740,1109.58,1134.55,1103.91,1134.55,6.91102387,81.7722040684
2019-06-27,801740,1136.26,1150.89,1129.77,1130.32,9.55996682,114.15114825799999
2019-06-28,801740,1128.52,1128.52,1108.62,1115.15,6.21831799,77.6890581246
2019-07-01,801740,1132.8,1138.98,1131.0,1138.76,7.32901079,91.9065517369
2019-07-02,801740,1172.21,1172.73,1158.44,1161.45,11.62095675,136.408763149
2019-07-03,801740,1155.86,1193.26,1143.15,1184.38,12.76229804,151.1858761741
2019-07-04,801740,1180.04,1234.72,1177.47,1201.97,20.69220001,258.152618613
2019-07-05,801740,1193.36,1200.42,1182.4,1184.69,11.45256896,144.70772367709998
2019-07-08,801740,1181.17,1181.17,1134.45,1148.02,12.39334896,149.40121192770002
2019-07-09,801740,1144.2,1152.44,1136.43,1147.32,7.26461405,90.7983373327
2019-07-10,801740,1149.52,1162.37,1138.58,1145.2,7.962137,100.9683997949
2019-07-11,801740,1150.17,1158.55,1133.39,1140.04,6.64483163,82.9894802445
2019-07-12,801740,1139.39,1143.81,1132.9,1138.7,5.53837433,68.07712123729999
2019-07-15,801740,1138.66,1172.05,1136.12,1172.05,10.75267637,132.2035586115
2019-07-16,801740,1170.84,1180.8,1167.71,1171.72,8.19066712,106.4819179142
2019-07-17,801740,1173.76,1181.22,1170.55,1172.8,9.39921611,124.4541863883
2019-07-18,801740,1164.18,1164.26,1148.16,1148.16,8.85915936,113.75399591680001
2019-07-19,801740,1148.72,1158.86,1147.84,1148.85,6.86500825,88.77082584790001
2019-07-22,801740,1147.66,1147.66,1108.92,1108.92,8.55308366,105.5760221702
2019-07-23,801740,1110.05,1127.18,1110.02,1127.18,6.45428917,76.0993038053
2019-07-24,801740,1131.91,1150.84,1131.91,1144.91,8.33541405,109.14060154379999
2019-07-25,801740,1144.7,1153.49,1143.79,1150.39,6.55197692,89.0743249108
2019-07-26,801740,1146.68,1162.84,1144.44,1162.84,7.4035098,101.1325204468
2019-07-29,801740,1164.9,1174.68,1161.08,1169.53,6.52456517,91.9792934516
2019-07-30,801740,1169.83,1173.83,1166.34,1167.27,6.54147102,91.5967486494
2019-07-31,801740,1164.9,1171.69,1158.98,1170.89,7.35283334,98.7684906298
2019-08-01,801740,1168.62,1170.11,1154.57,1155.05,6.85208408,95.89795834469999
2019-08-02,801740,1129.21,1139.36,1123.05,1131.83,8.3928516,107.2786614619
2019-08-05,801740,1128.33,1148.73,1125.08,1125.08,7.41089236,100.5999797126
2019-08-06,801740,1099.42,1108.35,1076.7,1101.45,10.63633486,131.9949176333
2019-08-07,801740,1105.95,1107.63,1084.58,1084.58,7.53655694,97.91340773719999
2019-08-08,801740,1088.82,1113.07,1088.79,1111.88,9.35790128,105.5011275474
2019-08-09,801740,1117.57,1117.57,1086.7,1088.58,8.87111799,101.1789731468
2019-08-12,801740,1087.38,1101.9,1083.35,1101.9,5.5344029,67.1796108501
2019-08-13,801740,1091.83,1107.13,1087.88,1101.01,6.75069821,81.604579424
2019-08-14,801740,1113.19,1117.85,1105.46,1117.01,8.23221104,98.3018991184
2019-08-15,801740,1096.13,1119.44,1093.71,1117.01,9.15026366,108.1089173303
2019-08-16,801740,1118.95,1125.89,1113.76,1116.98,8.49644388,112.6287738495
2019-08-19,801740,1121.52,1149.19,1121.52,1149.19,10.10175978,132.27729452149998
2019-08-20,801740,1147.96,1166.06,1145.73,1155.78,11.26236552,140.4848974123
2019-08-21,801740,1152.38,1160.91,1149.52,1156.76,8.58049057,117.61803780950001
2019-08-22,801740,1159.7,1180.45,1158.46,1173.64,11.53899584,151.8322747432
2019-08-23,801740,1170.73,1178.71,1160.27,1165.8,9.35402207,122.44893940799999
2019-08-26,801740,1140.64,1166.24,1140.64,1165.81,9.19275038,125.0836915914
2019-08-27,801740,1170.85,1188.21,1167.67,1186.05,12.07919595,157.6925596889
2019-08-28,801740,1184.99,1210.86,1181.07,1189.72,14.79542938,194.4000223843
2019-08-29,801740,1192.76,1202.12,1189.84,1192.88,12.8625653,183.6953713157
2019-08-30,801740,1198.68,1225.46,1194.44,1224.27,18.45644121,250.0947615768
2019-09-02,801740,1230.36,1284.41,1230.36,1275.45,24.07021453,339.7909343307
2019-09-03,801740,1274.09,1289.7,1261.44,1279.4,20.87951425,302.9315348568
2019-09-04,801740,1269.03,1273.01,1254.14,1265.71,15.05703453,221.51064847919997
2019-09-05,801740,1271.39,1285.78,1264.1,1272.5,18.37337185,265.8812261929
2019-09-06,801740,1272.74,1283.3,1268.51,1275.9,14.35534574,216.4496289116
2019-09-09,801740,1285.68,1292.9,1272.96,1292.9,14.38752997,212.6082252381
2019-09-10,801740,1293.39,1316.13,1278.96,1279.96,16.96047103,265.4400534866
2019-09-11,801740,1280.77,1280.77,1262.77,1263.41,12.95314484,196.4153214131
2019-09-12,801740,1266.64,1268.48,1258.23,1267.49,9.6600524,144.6373831667
2019-09-16,801740,1273.37,1277.0,1262.55,1268.41,10.00570417,150.05081577709998
2019-09-17,801740,1266.56,1266.56,1227.73,1230.96,12.50314813,182.2959221221
2019-09-18,801740,1233.44,1234.07,1220.04,1221.44,9.55812033,134.83405198399998
2019-09-19,801740,1223.7,1243.66,1220.97,1243.66,9.91679656,146.0967832402
2019-09-20,801740,1243.56,1243.56,1224.07,1236.57,9.64723027,147.42192171899998
2019-09-23,801740,1231.48,1235.11,1216.09,1226.41,8.35536418,128.61305605430002
2019-09-24,801740,1227.2,1235.52,1221.02,1224.08,8.32268812,127.8365939448
2019-09-25,801740,1220.71,1223.26,1198.3,1198.3,9.03833737,135.5054156345
2019-09-26,801740,1200.55,1202.34,1147.69,1147.69,10.82124227,149.8401168014
2019-09-27,801740,1147.93,1159.87,1147.9,1152.56,5.83086999,83.72338381520001
2019-09-30,801740,1153.93,1160.37,1139.38,1139.38,4.94910432,70.39817154069999
2019-10-08,801740,1140.98,1143.38,1126.25,1126.25,5.07784526,72.1962518689
2019-10-09,801740,1124.29,1133.99,1118.49,1133.99,4.34512203,59.7417844968
2019-10-10,801740,1134.77,1144.54,1133.99,1144.27,4.53343406,64.4892563172
2019-10-11,801740,1145.76,1145.95,1130.2,1139.73,4.83456184,67.63981743810001
2019-10-14,801740,1148.17,1158.93,1146.44,1157.25,6.89520926,94.08539949040001
2019-10-15,801740,1153.5,1153.52,1131.94,1132.36,5.36018742,74.1792347714
2019-10-16,801740,1133.32,1136.73,1122.52,1123.55,4.39114502,60.290351221
2019-10-17,801740,1122.77,1126.45,1113.91,1115.08,3.72811456,52.5638773512
2019-10-18,801740,1116.52,1122.71,1097.2,1098.93,5.94430085,75.19241306159999
2019-10-21,801740,1098.13,1102.62,1081.11,1101.23,5.07457386,63.176747641300004
2019-10-22,801740,1100.67,1106.33,1096.8,1105.66,3.94839043,51.3704179252
2019-10-23,801740,1108.88,1108.93,1094.26,1096.14,3.91089781,49.3154796009
2019-10-24,801740,1094.96,1100.95,1088.79,1100.13,5.00924656,60.4239520726
2019-10-25,801740,1099.93,1106.67,1090.97,1104.62,5.00193264,64.8591530133
2019-10-28,801740,1111.7,1123.54,1111.16,1123.39,6.71722336,85.1644452157
2019-10-29,801740,1123.56,1123.56,1105.42,1105.42,5.2345028,66.04726631300001
2019-10-30,801740,1101.29,1101.29,1088.92,1091.11,4.51528978,57.4210130231
2019-10-31,801740,1090.71,1093.81,1083.36,1084.83,4.55460487,56.8210331279
2019-11-01,801740,1081.52,1090.84,1078.25,1089.13,4.07000019,49.8553287789
2019-11-04,801740,1090.8,1093.4,1084.82,1085.66,4.48282774,57.039783156999995
2019-11-05,801740,1087.23,1090.92,1078.75,1088.87,4.44731167,58.432582253599996
2019-11-06,801740,1097.67,1121.54,1097.6,1106.55,8.17377973,108.65617978979999
2019-11-07,801740,1102.2,1103.47,1095.96,1098.65,5.34587267,73.5096656626
2019-11-08,801740,1104.37,1105.71,1092.53,1093.06,5.01835839,66.0778130889
2019-11-11,801740,1087.91,1087.91,1063.98,1065.32,5.57876146,69.4502095287
2019-11-12,801740,1063.29,1065.86,1050.68,1065.83,4.61235168,59.376859114
2019-11-13,801740,1065.17,1065.17,1055.96,1059.06,3.47019388,44.532298570500004
2019-11-14,801740,1060.47,1067.77,1059.59,1064.48,4.22810947,53.7444056788
2019-11-15,801740,1062.92,1065.67,1052.74,1055.72,4.50778171,57.8006157637
2019-11-18,801740,1053.7,1060.56,1050.13,1059.86,3.50810658,43.7395174223
2019-11-19,801740,1060.46,1076.46,1060.09,1076.44,4.87306608,60.9241837824
2019-11-20,801740,1075.9,1077.22,1065.23,1065.94,4.31299096,54.794142567200005
2019-11-21,801740,1064.49,1082.29,1062.76,1078.55,5.1471763,66.22084830989999
2019-11-22,801740,1071.66,1081.61,1066.19,1074.77,7.01297546,80.5288260283
2019-11-25,801740,1072.11,1072.13,1059.06,1063.47,5.04171985,57.7774680587
2019-11-26,801740,1067.0,1073.6,1064.04,1068.72,5.05370833,59.094580765299995
2019-11-27,801740,1068.83,1070.14,1063.4,1064.55,3.82500108,46.94951476439999
2019-11-28,801740,1063.11,1066.15,1060.11,1061.85,2.95645088,36.573699693
2019-11-29,801740,1064.11,1066.89,1058.2,1065.99,3.50685408,45.1317843005
2019-12-02,801740,1066.04,1070.44,1064.87,1064.87,3.76806147,47.3170314879
2019-12-03,801740,1063.49,1074.65,1060.11,1074.55,4.39866977,59.5994359495
2019-12-04,801740,1069.89,1084.19,1069.89,1084.19,4.79192191,62.6156392942
2019-12-05,801740,1085.47,1094.48,1085.09,1092.14,5.06452291,69.22844923529999
2019-12-06,801740,1092.35,1097.11,1088.91,1097.11,4.81212023,61.57230977020001
2019-12-09,801740,1096.52,1098.04,1092.3,1093.23,4.33829663,58.6612212372
2019-12-10,801740,1091.54,1091.73,1082.92,1089.66,5.06182783,66.3894920159
2019-12-11,801740,1089.77,1091.69,1085.45,1087.22,5.06413172,64.8243953062
2019-12-12,801740,1086.86,1095.72,1085.0,1090.44,5.87549414,75.18409769600001
2019-12-13,801740,1095.57,1098.69,1091.21,1098.09,6.87753456,91.1148612582
2019-12-16,801740,1101.37,1126.73,1100.84,1126.73,9.02676971,117.248389425
2019-12-17,801740,1130.03,1142.22,1129.52,1139.56,9.89233948,125.3775532648
2019-12-18,801740,1149.66,1154.1,1141.48,1141.72,11.05414402,132.9893895363
2019-12-19,801740,1145.76,1145.76,1137.23,1140.33,9.7022471,126.9350218282
2019-12-20,801740,1140.7,1140.89,1123.87,1123.98,7.72236916,102.1079062372
2019-12-23,801740,1121.59,1126.5,1100.12,1100.48,6.96958542,94.6292791303
2019-12-24,801740,1100.63,1114.26,1100.61,1114.26,5.43443845,78.5479577908
2019-12-25,801740,1113.13,1118.87,1110.55,1117.4,6.15983089,94.8638206012
2019-12-26,801740,1116.93,1122.01,1114.59,1122.01,6.13014987,89.7246202139
2019-12-27,801740,1122.08,1133.36,1119.26,1119.86,8.1766555,114.3094410157
2019-12-30,801740,1118.09,1124.66,1104.32,1124.14,6.5920056,94.48339891399999
2019-12-31,801740,1123.17,1126.39,1118.24,1126.39,5.62154625,77.8154762174
2020-01-02,801740,1133.01,1145.53,1129.96,1144.33,8.19143685,110.9173602295
2020-01-03,801740,1145.91,1169.61,1144.96,1166.56,12.36387083,164.4495484917
2020-01-06,801740,1185.03,1196.57,1176.74,1183.36,15.34298752,210.4100969635
2020-01-07,801740,1177.89,1189.79,1177.89,1189.49,11.04350141,151.8906435514
2020-01-08,801740,1200.14,1223.31,1195.71,1218.7,21.13237737,269.8898068488
2020-01-09,801740,1192.93,1196.41,1186.53,1196.06,13.98937316,179.79625770799998
2020-01-10,801740,1195.68,1195.73,1177.04,1181.06,9.16604489,124.4952422218
2020-01-13,801740,1178.45,1187.44,1170.36,1187.44,8.40897056,123.8467987616
2020-01-14,801740,1189.17,1189.3,1179.71,1180.35,7.78759603,111.77511063860001
2020-01-15,801740,1176.79,1176.79,1163.8,1167.84,7.30378237,101.2181192161
2020-01-16,801740,1169.87,1192.41,1169.63,1179.21,9.38004431,138.215998836
2020-01-17,801740,1179.23,1181.01,1172.22,1173.84,7.08740618,104.32465328219999
2020-01-20,801740,1176.55,1197.76,1176.55,1197.58,9.38805811,136.2945159721
2020-01-21,801740,1195.99,1196.68,1184.7,1184.75,9.25771156,135.68166579389998
2020-01-22,801740,1177.02,1191.03,1163.17,1187.48,9.26240931,135.2793429356
2020-01-23,801740,1176.92,1205.96,1154.2,1162.04,11.78131878,172.7412409523
2020-02-03,801740,1049.56,1054.88,1048.99,1053.19,5.49993033,78.98429687640001
2020-02-04,801740,991.58,1047.36,991.58,1041.34,13.70936339,172.6794151419
2020-02-05,801740,1044.19,1083.1,1043.0,1071.56,12.07532381,167.5643935759
2020-02-06,801740,1077.2,1105.02,1068.1,1101.92,12.55842999,161.4300161923
2020-02-07,801740,1112.2,1121.73,1102.51,1121.65,15.19273705,226.29802652560002
2020-02-10,801740,1126.88,1135.74,1114.87,1132.22,15.45925779,232.2022172416
2020-02-11,801740,1129.2,1129.2,1114.66,1116.74,11.94830918,176.29493572150002
2020-02-12,801740,1113.47,1136.93,1113.41,1136.85,11.28669752,170.94530270200002
2020-02-13,801740,1136.28,1138.59,1120.02,1123.83,14.94551395,222.32086982799999
2020-02-14,801740,1124.4,1141.26,1124.4,1134.86,12.56658663,209.7711629985
2020-02-17,801740,1152.39,1206.92,1152.39,1206.92,19.82355064,288.6921484747
2020-02-18,801740,1229.43,1250.01,1227.5,1246.9,22.35272784,327.42156789439997
2020-02-19,801740,1238.96,1258.22,1227.77,1231.31,25.16838605,384.7641464414
2020-02-20,801740,1230.51,1246.65,1216.61,1246.28,18.89439321,297.3309234377
2020-02-21,801740,1246.05,1282.12,1245.26,1273.2,23.62533295,374.0224674715
2020-02-24,801740,1268.32,1288.96,1263.29,1282.7,20.51565717,332.0873599003
2020-02-25,801740,1248.51,1285.71,1219.36,1283.99,24.07858432,366.7383062003
2020-02-26,801740,1264.23,1297.86,1256.76,1262.1,25.22660804,375.70963967309996
2020-02-27,801740,1265.9,1271.96,1234.33,1254.57,19.31102738,277.6560844181
2020-02-28,801740,1201.96,1219.09,1171.38,1171.96,18.88514799,263.7641226463
2020-03-02,801740,1184.78,1221.11,1177.15,1214.52,14.76986701,207.2854494455
2020-03-03,801740,1232.54,1268.76,1224.03,1237.21,18.46011407,273.8401618904
2020-03-04,801740,1225.98,1255.63,1221.55,1244.65,14.00431226,206.7122417569
2020-03-05,801740,1262.14,1264.55,1246.38,1257.63,16.91971112,246.8234820063
2020-03-06,801740,1237.78,1257.91,1236.4,1247.14,13.34675391,194.21039853279999
2020-03-09,801740,1223.38,1226.93,1179.3,1179.3,15.28435937,212.49631686419997
2020-03-10,801740,1165.75,1229.53,1165.75,1229.46,15.1194573,216.45619622569998
2020-03-11,801740,1236.46,1275.44,1235.47,1235.47,20.21620288,322.7577554178
2020-03-12,801740,1212.32,1230.15,1198.03,1208.34,14.18392611,213.19752478610002
2020-03-13,801740,1150.12,1216.02,1150.12,1205.5,15.83414744,222.09989515470002
2020-03-16,801740,1214.52,1214.52,1139.3,1142.74,15.21632612,217.14947827150002
2020-03-17,801740,1155.74,1163.91,1109.62,1143.92,12.07349524,169.4523620851
2020-03-18,801740,1152.38,1166.76,1112.84,1112.84,11.81929894,170.7516536009
2020-03-19,801740,1114.56,1133.88,1100.9,1127.37,11.39945731,159.5944633622
2020-03-20,801740,1138.31,1141.33,1119.81,1135.64,9.40473454,134.5774549877
2020-03-23,801740,1102.64,1108.02,1073.49,1077.2,9.10931348,123.34589051200001
2020-03-24,801740,1098.65,1100.51,1066.17,1094.27,8.81199552,115.4785370142
2020-03-25,801740,1117.45,1117.45,1102.0,1112.31,8.07775381,107.24421847299999
2020-03-26,801740,1106.79,1111.81,1094.65,1094.81,6.31540746,84.0254290224
2020-03-27,801740,1109.0,1111.85,1094.27,1094.27,6.41495117,90.5210162443
2020-03-30,801740,1077.79,1097.53,1052.64,1084.09,9.80032692,125.7679544957
2020-03-31,801740,1090.03,1093.11,1072.59,1073.04,7.46733936,99.077800585
2020-04-01,801740,1070.41,1085.34,1065.81,1066.83,6.62264433,87.8694735442
2020-04-02,801740,1061.45,1098.06,1061.45,1098.06,7.71019829,103.80832945620001
2020-04-03,801740,1097.03,1097.36,1083.43,1088.25,6.92970876,97.6885291002
2020-04-07,801740,1110.16,1136.33,1108.19,1131.55,11.13731576,160.9570252986
2020-04-08,801740,1122.47,1157.78,1122.47,1154.22,13.48761764,174.87497698919998
2020-04-09,801740,1160.56,1172.32,1152.4,1155.26,12.08465172,150.242972521
2020-04-10,801740,1151.7,1158.69,1136.76,1139.44,13.67785973,161.384598576
2020-04-13,801740,1130.04,1139.69,1119.87,1137.31,10.39273903,121.9030504691
2020-04-14,801740,1141.13,1149.92,1134.16,1149.92,9.41123833,115.1416239736
2020-04-15,801740,1148.31,1152.36,1136.03,1136.03,10.56814181,126.42579134709999
2020-04-16,801740,1129.09,1153.06,1126.01,1147.58,10.26549542,133.3900117527
2020-04-17,801740,1151.76,1157.45,1140.17,1142.44,10.1278327,132.32821499969998
2020-04-20,801740,1145.05,1162.19,1142.33,1162.18,9.37021447,131.2261760366
2020-04-21,801740,1161.98,1172.01,1153.56,1163.5,12.78357442,168.8850057092
2020-04-22,801740,1151.88,1170.67,1148.71,1167.39,10.28076231,132.6606646226
2020-04-23,801740,1170.14,1191.38,1162.04,1177.75,16.19466014,192.2538396004
2020-04-24,801740,1173.32,1177.18,1139.03,1155.7,16.17493205,189.97913999189998
2020-04-27,801740,1151.51,1151.51,1132.48,1132.48,11.11281929,134.5442530212
2020-04-28,801740,1131.36,1131.55,1082.74,1110.32,11.79749695,144.1147923475
2020-04-29,801740,1104.3,1127.18,1104.3,1122.49,8.00206314,107.27915987829999
2020-04-30,801740,1128.4,1153.31,1128.1,1152.28,10.58640474,144.8902297243
2020-05-06,801740,1148.13,1175.07,1148.13,1175.07,11.55506205,164.3685430315
2020-05-07,801740,1175.1,1179.59,1170.18,1173.56,10.91847436,152.18796032379998
2020-05-08,801740,1179.63,1193.97,1177.74,1188.36,11.30341682,163.6264919382
2020-05-11,801740,1191.91,1201.74,1184.87,1193.28,11.37910853,155.3590698852
2020-05-12,801740,1193.33,1199.78,1181.43,1194.03,11.16563639,150.4506393312
2020-05-13,801740,1192.31,1198.32,1189.07,1193.01,9.16652028,126.83834290989999
2020-05-14,801740,1187.9,1208.91,1184.41,1197.12,13.74999394,177.8336227062
2020-05-15,801740,1200.42,1206.74,1194.27,1197.44,12.27069423,162.5542168729
2020-05-18,801740,1202.3,1233.8,1202.3,1222.71,17.85944298,247.9042343645
2020-05-19,801740,1225.13,1225.15,1217.83,1225.15,13.42128569,201.9024281341
2020-05-20,801740,1224.7,1225.73,1186.86,1190.41,14.81896811,218.5037126184
2020-05-21,801740,1192.21,1192.21,1165.64,1170.35,10.73703462,155.77935036899999
2020-05-22,801740,1169.13,1180.62,1150.3,1154.86,10.29924803,156.07851597799998
2020-05-25,801740,1153.57,1155.7,1136.05,1141.01,8.27920354,120.17223534120001
2020-05-26,801740,1143.88,1156.21,1143.69,1155.72,7.37292138,107.8032250332
2020-05-27,801740,1156.53,1161.87,1147.99,1151.11,8.93089793,140.31889999700002
2020-05-28,801740,1148.1,1154.53,1135.22,1150.27,9.41838629,131.5066061993
2020-05-29,801740,1146.3,1160.01,1143.09,1157.28,8.97424657,131.1974930517
2020-06-01,801740,1160.84,1182.46,1160.84,1180.69,10.9551244,162.7306343829
2020-06-02,801740,1180.03,1202.35,1177.58,1189.39,12.47442401,180.63992211919998
2020-06-03,801740,1189.04,1190.98,1178.59,1178.59,11.90018825,161.122636404
2020-06-04,801740,1182.69,1183.67,1170.12,1171.97,9.19903248,122.1591957233
2020-06-05,801740,1171.75,1172.51,1161.25,1167.65,7.62720702,101.3690174343
2020-06-08,801740,1173.09,1178.17,1169.0,1169.78,7.98523754,116.9095114207
2020-06-09,801740,1171.34,1171.34,1161.38,1167.06,7.51989386,106.1223249002
2020-06-10,801740,1164.58,1167.69,1158.98,1167.25,7.53242551,111.65480526299999
2020-06-11,801740,1165.72,1181.24,1163.41,1168.91,10.01994609,146.2160635235
2020-06-12,801740,1150.15,1174.21,1149.52,1170.48,10.97744567,154.9823770133
2020-06-15,801740,1169.54,1170.36,1155.66,1155.66,9.28889266,140.26417690629998
2020-06-16,801740,1159.9,1167.46,1157.36,1167.46,8.97353572,126.6037679412
2020-06-17,801740,1179.13,1191.34,1178.74,1186.21,14.13354492,189.66808675939998
2020-06-18,801740,1177.85,1177.85,1160.98,1167.12,10.56635908,148.1268276467
2020-06-19,801740,1164.88,1174.93,1164.25,1173.93,8.58406239,121.0295742351
2020-06-22,801740,1177.44,1188.77,1177.44,1188.61,11.2345019,165.0664711929
2020-06-23,801740,1193.07,1193.37,1182.25,1185.93,12.10332515,185.23449698439998
2020-06-24,801740,1185.25,1185.61,1173.47,1174.59,9.57182946,148.81274423280001
2020-06-29,801740,1175.15,1186.95,1173.67,1177.58,9.8683777,145.849525259
2020-06-30,801740,1180.64,1191.87,1179.96,1191.47,9.02376674,136.8500511635
2020-07-01,801740,1194.69,1195.47,1181.89,1195.47,10.20350565,161.39869352600002
2020-07-02,801740,1192.11,1210.51,1187.78,1210.51,12.23544427,179.530026859
2020-07-03,801740,1211.9,1221.42,1211.03,1219.56,12.94076194,180.29936726
2020-07-06,801740,1228.12,1292.87,1228.12,1289.62,22.53435634,318.1115879998
2020-07-07,801740,1304.72,1341.16,1288.1,1313.26,24.9890101,375.61317209410004
2020-07-08,801740,1309.44,1421.11,1309.44,1421.11,31.31934794,463.8298913637
2020-07-09,801740,1460.16,1489.57,1448.34,1471.66,34.04313879,524.4817420452999
2020-07-10,801740,1482.99,1483.88,1441.31,1448.02,29.62665839,499.9381206549
2020-07-13,801740,1443.24,1479.14,1433.09,1479.14,26.13394593,459.0208629943
2020-07-14,801740,1473.46,1542.33,1466.36,1494.72,29.40502626,498.3036840372
2020-07-15,801740,1499.39,1503.53,1426.9,1432.82,24.44326866,406.54593989050005
2020-07-16,801740,1429.32,1456.8,1369.72,1377.95,21.03373812,345.1982435643
2020-07-17,801740,1383.0,1446.34,1378.88,1419.33,19.47797156,331.7033267964
2020-07-20,801740,1447.51,1530.91,1447.51,1530.91,26.8061779,425.65526924089994
2020-07-21,801740,1545.56,1545.56,1470.79,1487.02,26.48543032,460.2592926903
2020-07-22,801740,1473.24,1541.26,1473.24,1507.41,25.50269409,460.82655245349997
2020-07-23,801740,1521.2,1578.72,1511.97,1569.73,36.47778268,608.265457211
2020-07-24,801740,1581.02,1611.18,1532.45,1532.45,43.57254791,743.5670129124001
2020-07-27,801740,1524.22,1542.92,1471.78,1507.3,27.21196285,475.4191154843
2020-07-28,801740,1506.21,1550.7,1496.4,1526.36,21.84549536,390.16186258190004
2020-07-29,801740,1514.68,1559.11,1506.14,1558.05,21.34045815,385.86404627720003
2020-07-30,801740,1568.12,1597.13,1531.31,1536.92,23.71323992,433.9596524175
2020-07-31,801740,1532.01,1537.57,1505.42,1522.65,19.26366951,367.3365682946
2020-08-03,801740,1539.94,1642.34,1539.94,1641.32,30.42574084,553.2767657326999
2020-08-04,801740,1651.92,1651.92,1589.86,1596.76,27.14928064,511.88893535629995
2020-08-05,801740,1594.27,1678.97,1594.27,1661.18,26.56959557,491.6234641825
2020-08-06,801740,1664.17,1744.11,1664.17,1730.63,36.82645916,678.2447154261
2020-08-07,801740,1717.7,1794.27,1687.66,1775.35,37.64844609,736.9586450055
2020-08-10,801740,1774.0,1870.5,1744.25,1744.35,35.4331165,788.8963654506
2020-08-11,801740,1720.88,1796.1,1705.52,1738.09,33.603521,648.3755035105
2020-08-12,801740,1710.41,1712.27,1626.33,1651.81,26.99807135,508.591172056
2020-08-13,801740,1656.08,1695.3,1645.9,1667.12,18.38002257,385.043986744
2020-08-14,801740,1659.91,1731.45,1659.91,1720.05,21.47970793,431.6783140754
2020-08-17,801740,1739.87,1774.93,1710.58,1771.03,25.88705639,517.4771752209
2020-08-18,801740,1760.01,1792.53,1754.69,1771.4,21.94973985,460.345605755
2020-08-19,801740,1764.24,1764.8,1721.09,1723.75,23.27737014,456.1664962186
2020-08-20,801740,1703.22,1719.09,1651.34,1660.02,19.0367623,391.1204659319
2020-08-21,801740,1673.1,1690.94,1637.87,1653.06,14.21510576,296.28680125700004
2020-08-24,801740,1661.94,1682.28,1640.82,1660.35,11.9411315,235.907387473
2020-08-25,801740,1662.41,1662.41,1593.42,1600.24,18.15131771,355.69062372660005
2020-08-26,801740,1598.38,1609.55,1546.89,1555.11,15.99280788,295.2971559774
2020-08-27,801740,1558.6,1577.86,1536.24,1576.45,12.4299474,225.24144537290002
2020-08-28,801740,1577.91,1620.64,1577.91,1616.12,16.15104974,301.1091755101
2020-08-31,801740,1624.52,1653.18,1612.2,1628.61,18.61769011,354.227029465
2020-09-01,801740,1638.46,1677.48,1638.46,1670.7,20.03387112,376.98605512230006
2020-09-02,801740,1672.81,1672.81,1632.55,1646.86,19.44412916,351.77094012410004
2020-09-03,801740,1637.73,1641.64,1601.96,1626.72,16.7975996,292.6659669587
2020-09-04,801740,1597.02,1621.32,1597.02,1618.69,12.02797477,229.0324592644
2020-09-07,801740,1618.98,1630.34,1569.6,1573.93,17.24712744,311.24206919169995
2020-09-08,801740,1581.04,1585.91,1549.94,1575.38,15.26389477,266.1881649926
2020-09-09,801740,1556.18,1604.44,1543.8,1571.51,21.7201173,380.6708205657
2020-09-10,801740,1565.36,1568.04,1497.47,1499.67,16.79092758,273.398012672
2020-09-11,801740,1487.22,1502.38,1475.95,1499.17,13.08362794,200.5657646516
2020-09-14,801740,1504.12,1510.49,1487.72,1501.6,12.43670469,197.5259834387
2020-09-15,801740,1502.27,1532.29,1498.23,1521.1,12.99627979,216.5776761555
2020-09-16,801740,1514.84,1514.84,1485.42,1492.55,10.44395803,171.25628186
2020-09-17,801740,1491.52,1508.84,1471.62,1500.22,10.70556025,184.04383164
2020-09-18,801740,1501.47,1539.72,1501.47,1539.21,12.66648751,234.07095737
2020-09-21,801740,1548.03,1611.34,1548.03,1587.34,18.77806189,348.43441649
2020-09-22,801740,1561.0,1566.72,1545.31,1551.44,13.09379491,243.6868332
2020-09-23,801740,1555.72,1555.72,1535.8,1548.06,9.87905435,187.58287518
2020-09-24,801740,1532.77,1535.14,1496.85,1496.86,10.32001506,181.26961914
2020-09-25,801740,1504.69,1520.68,1493.92,1506.49,8.92592032,166.30645437
2020-09-28,801740,1506.18,1506.73,1479.74,1480.29,8.25231155,154.19420115
2020-09-29,801740,1490.65,1551.29,1490.65,1542.66,13.41826946,258.33663527
2020-09-30,801740,1545.52,1558.71,1529.12,1550.18,12.91108676,246.25692209
2020-10-09,801740,1575.51,1584.76,1562.94,1580.59,13.1750951,263.33524923
2020-10-12,801740,1583.86,1648.6,1581.2,1644.82,17.77351257,366.13094074
2020-10-13,801740,1638.34,1656.19,1628.69,1651.63,14.6740738,296.78528336
2020-10-14,801740,1656.58,1682.1,1628.92,1635.74,15.14664291,332.9687773
2020-10-15,801740,1627.4,1642.4,1624.06,1625.49,12.54146177,283.86777738
2020-10-16,801740,1621.66,1628.67,1594.68,1601.84,10.188131,236.57341122
2020-10-19,801740,1615.71,1627.58,1606.1,1607.47,13.39961986,270.97618134
2020-10-20,801740,1600.59,1608.74,1578.83,1608.74,10.36439154,216.76620586
2020-10-21,801740,1607.33,1607.33,1558.64,1563.15,10.67668286,223.84534651
2020-10-22,801740,1555.66,1555.66,1532.95,1547.13,8.33287004,173.73874883
2020-10-23,801740,1550.02,1562.3,1524.95,1528.14,9.26524192,191.67473045
2020-10-26,801740,1518.93,1538.11,1503.3,1530.64,7.33104305,152.8613295
2020-10-27,801740,1525.09,1555.94,1525.09,1547.4,9.37547523,196.44318468
2020-10-28,801740,1545.13,1545.13,1509.73,1534.1,9.65178174,205.84450133
2020-10-29,801740,1508.2,1519.61,1501.32,1511.57,8.81078501,189.81784794
2020-10-30,801740,1525.7,1555.11,1483.29,1485.04,12.60222271,270.83959878
2020-11-02,801740,1480.83,1482.74,1454.82,1470.61,10.66356626,207.74188374
2020-11-03,801740,1476.03,1517.82,1466.65,1517.39,10.13997088,203.79579311
2020-11-04,801740,1517.92,1532.72,1495.2,1525.72,10.62644245,212.53301064
2020-11-05,801740,1523.24,1528.99,1503.79,1523.59,9.53207593,192.56466952
2020-11-06,801740,1521.64,1521.64,1490.13,1497.14,8.56725269,176.3814879
2020-11-09,801740,1496.02,1526.89,1485.45,1526.87,11.73874,238.92487864
2020-11-10,801740,1529.09,1529.09,1499.74,1505.1,9.53812463,202.54334548
2020-11-11,801740,1502.42,1514.87,1472.39,1473.51,8.34885568,171.83773296
2020-11-12,801740,1474.62,1486.1,1462.01,1464.82,7.40443696,141.17517336
2020-11-13,801740,1466.45,1511.04,1454.92,1502.17,10.11334051,199.8865211
2020-11-16,801740,1501.78,1510.2,1495.32,1507.9,8.44008782,168.39241744
2020-11-17,801740,1506.91,1506.92,1471.56,1480.06,8.51804372,168.69348058
2020-11-18,801740,1478.91,1500.65,1478.13,1492.38,8.14226052,158.07400926
2020-11-19,801740,1486.29,1562.19,1474.87,1558.19,16.42609344,338.76006439
2020-11-20,801740,1557.51,1590.29,1554.86,1567.19,14.6920055,326.51264784
2020-11-23,801740,1566.76,1586.86,1547.51,1574.46,13.43559102,291.42837878
2020-11-24,801740,1572.66,1602.43,1572.11,1581.07,12.68767468,268.56897764
2020-11-25,801740,1577.28,1580.56,1540.12,1540.12,11.96373497,234.18530303
2020-11-26,801740,1542.38,1590.6,1540.6,1580.0,16.09847418,313.32724852
2020-11-27,801740,1576.38,1637.0,1558.23,1601.66,18.27204223,385.62027301
2020-11-30,801740,1599.27,1625.36,1593.06,1604.63,15.39266124,317.23075238
2020-12-01,801740,1605.45,1641.91,1600.11,1633.79,13.0414753,286.61326483
2020-12-02,801740,1631.62,1645.84,1619.54,1631.63,12.54853073,271.95113127
2020-12-03,801740,1625.81,1625.81,1595.99,1599.23,11.01838314,236.64466716
2020-12-04,801740,1595.15,1623.06,1582.93,1619.19,9.83157254,220.96480909
2020-12-07,801740,1618.2,1638.57,1614.53,1619.24,10.33500954,228.31343027
2020-12-08,801740,1616.4,1628.01,1609.5,1611.31,9.94387341,203.49269526
2020-12-09,801740,1610.62,1623.38,1581.66,1582.0,13.46734153,265.11181021
2020-12-10,801740,1573.36,1592.76,1562.05,1580.59,10.40176127,212.52192692
2020-12-11,801740,1578.43,1578.43,1531.66,1547.34,14.36306991,260.98976777
2020-12-14,801740,1540.99,1582.5,1529.5,1575.49,11.39142235,218.77055098
2020-12-15,801740,1572.18,1596.31,1564.18,1578.93,10.54158607,197.00800438
2020-12-16,801740,1574.2,1585.51,1557.93,1565.26,10.3287938,193.99911534
2020-12-17,801740,1558.56,1564.96,1518.94,1556.4,10.96778984,212.27003694
2020-12-18,801740,1558.08,1585.17,1553.06,1557.74,9.90002443,195.41237051
2020-12-21,801740,1554.45,1613.81,1554.45,1612.34,11.69944554,252.16514974
2020-12-22,801740,1605.83,1620.15,1581.32,1581.63,11.66221096,244.31236271
2020-12-23,801740,1586.3,1656.02,1585.19,1656.02,14.03859823,321.58893754
2020-12-24,801740,1666.4,1724.04,1666.4,1668.92,20.14387726,460.05340237
2020-12-25,801740,1661.64,1689.91,1640.22,1684.55,13.05041467,304.23670463
2020-12-28,801740,1683.84,1683.84,1662.83,1681.49,12.9660504,300.22593592
2020-12-29,801740,1678.45,1705.01,1658.16,1665.34,14.07645933,300.12496722
2020-12-30,801740,1654.44,1719.91,1643.55,1700.97,15.938136,345.77769846
2020-12-31,801740,1700.38,1781.42,1700.38,1779.43,21.35577159,444.44072634
