,510300.SH,512100.SH,512890.SH,511260.SH,511090.SH,159980.SZ,159981.SZ,159985.SZ,518880.SH
2014-01-01,1.0077507122951685,0.9979112425789187,1.0080722624572083,1.004669089569224,0.9991633865011067,0.9959855347749148,1.0317842563101478,1.0117115209372936,0.9955052561406504
2014-01-02,1.0162545165646568,0.9899863120139346,1.002740813179443,1.0054988325234342,0.9916165845654451,0.9652608541044208,1.0203874247576024,0.9965434695433886,0.9988327059051464
2014-01-03,1.002717639401158,0.9652154025496262,1.020677625484003,1.0049183289870345,0.9919835945746796,0.9406993405552954,1.0094818765153384,0.9984008659733004,0.9875359721521658
2014-01-04,1.0086692401442274,0.9551660658428627,1.017411125364758,1.0032048228100272,0.9994325112206228,0.940658937476021,0.9883289726231778,1.0109189894346813,0.9756772091393969
2014-01-05,1.0121319551712793,0.9218555450228312,1.0015006135499251,1.003897619716053,1.0024846445057343,0.9437486531589387,0.9862406674553342,1.0065553015776656,0.9614467424890957
2014-01-06,1.001506934866912,0.9145807239461282,1.014505566431856,1.0050328822269907,0.9955152102365922,0.9494427714628519,0.9788422394835651,0.9965362212155433,0.9675199735912322
2014-01-07,1.0172956845217345,0.9302777114553894,1.0045932279167074,1.0042010796992473,0.9969338728958455,0.966304696862423,0.9696572882499556,0.9939602900341968,0.9570094657376167
2014-01-08,0.9993474356799873,0.9442555664659668,1.021244240462664,1.0040845618816965,1.0010353900370306,0.9727880684138429,0.9573403182706679,0.9995472753052272,0.9719200231583492
2014-01-09,0.9991102000059647,0.9712268913602377,0.9894458185464199,1.0066607491859298,1.0014840423596558,0.9677469519353035,0.9592887121545872,0.9699471483642279,0.9699793720998382
2014-01-10,1.0047618552571826,0.9974520500157958,0.9835890486878078,1.004319778932847,0.9995741840747259,0.983886298291314,0.9657879144691147,0.9624335468094904,0.975151956199164
2014-01-11,1.006526381092561,1.0152422156036043,0.9755977445855923,1.0034329781868332,0.9981063767441889,0.9581642940643614,0.971700859748373,0.9663947587916135,0.9753968505628822
2014-01-12,1.0032865669307844,0.9897833181847697,0.9709658563710436,1.002501648340693,0.9950031551485553,0.955574239142074,0.9797475312192977,0.9939300402789191,0.977294756421138
2014-01-13,1.0074635056106627,0.9888528956524615,0.9489004100930396,1.0025221578940018,0.9953423724597764,0.9981339467241975,0.9761741771185961,0.9986245807186495,0.9771509790672318
2014-01-14,0.9901047375716904,1.009589942499038,0.9577471949730153,1.0050014912733294,0.9918212992300601,1.0235367527098467,0.9490003958007381,1.0076150544233642,0.9987504678566806
2014-01-15,0.9756907483692306,0.9997026656152317,0.9591798089161623,1.0035840100728368,0.9857685572845089,1.0250046411029923,0.929027662984165,1.0149745603757832,0.9897674641092542
2014-01-16,0.9986673054870632,0.9860081794058698,0.9557605840159562,1.0061336670876577,0.981013744774541,1.0294062968266289,0.9535009040807156,0.9907042364482049,0.9917928634615584
2014-01-17,1.0028599524268271,1.0002784901131745,0.9418605673852276,1.0022486128913086,0.9831599735483757,1.0351151001543646,0.9584685074469427,0.9960507929283727,0.9852467853758609
2014-01-18,1.0066545793878428,1.0059553751487487,0.9340692923727061,1.0079587474998861,0.9851217037936905,1.0131256708756144,0.9712459202949556,0.9816875163297183,0.993198560489497
2014-01-19,1.0244511589406537,0.9914975010889703,0.9451478338724018,1.0093077418129563,0.9884595331858085,1.0479187099449314,0.9666735253478815,0.9707848530856443,0.9845625556912078
2014-01-20,1.0122221274097076,0.990518069349558,0.9493006468227945,1.0102464710846943,0.9918289278119321,1.0483735423506642,0.9949687182645299,0.9671251373816662,1.0115412352680448
2014-01-21,1.0220255090550128,0.9756317357149207,0.9373862497237962,1.0118097438964881,0.9910415632856109,1.0620569231493004,1.0045848446633125,0.9662620423267629,1.0031778758791772
2014-01-22,0.9991089291184772,0.9681805735704659,0.9473007830476597,1.0125607912801324,0.9862023518151385,1.0655800385565681,1.0125274416334644,0.9536447263637872,1.0049206477068704
2014-01-23,1.0002810145524919,0.9486490163063963,0.9516521602420439,1.0143655326305316,0.990573402782943,1.0860055423265695,0.9848313863107034,0.9404201767555554,1.010297327579564
2014-01-24,1.0082900538404767,0.9578232665702909,0.9959351788410858,1.0162042441546535,0.9951719046043296,1.1048716650808077,0.9978585635690487,0.9361609774093526,1.018167232796875
2014-01-25,0.9969040611989982,0.9541234491900569,0.9904332718130167,1.0165554671228618,1.004485354492011,1.0679570481690708,1.011753947437797,0.9137017846109872,1.0135658106248393
2014-01-26,1.0134868215057855,0.9556090578933335,0.9779211903555536,1.0144756849806698,1.0073163869704627,1.0541306361210878,1.0163363548766122,0.9145091110396312,1.007164125441719
2014-01-27,1.0463837537608838,0.9668953191910545,0.9544494085248532,1.0151445926552478,1.004750605206614,1.070515831930584,1.0004302693783313,0.913118100045493,1.0124516089787428
2014-01-28,1.060286351435718,0.9463919797214977,0.9509045692670199,1.0137996926212174,1.0022253484998243,1.1047489759628284,1.0087334746760064,0.8960306842540982,1.0219470073516983
2014-01-29,1.0943558361107568,0.9643586396680662,0.933852530521407,1.012428323527794,1.0074044929067218,1.0908975776436958,1.017889131648595,0.9066213286050612,1.0126786585386454
2014-01-30,1.093707014049548,0.9084809881922817,0.9226531623874249,1.0117624449098723,1.0024771438212732,1.1231700408284142,0.9889782021679833,0.9008183471131639,1.0142051761945796
2014-01-31,1.1176800867349708,0.8853642181993536,0.9358083189077434,1.0118946814348715,0.9986416315791016,1.132737048841574,0.9931133118054639,0.8928882151547123,1.015115953588879
2014-02-01,1.111555530745582,0.8875274394079812,0.9435245901244652,1.0168105168457864,0.9937969593848901,1.1764545829893391,0.9545390468774484,0.8910338859588421,1.0212910786003302
2014-02-02,1.1165740683749368,0.8779345179974992,0.9414512259699329,1.0154083322919432,0.9915535034671495,1.1946812029595764,0.9615456591206952,0.8819510037967848,1.0306828700869497
2014-02-03,1.1220558807389722,0.8911312066297217,0.9488468394793441,1.0129845678006162,0.9894308609255635,1.2109901364165563,0.9734759458361973,0.8818508812708797,1.032098279902652
2014-02-04,1.1438966686521912,0.8819986400526375,0.9553608329833153,1.0124714121474816,0.9886682820103905,1.2351832771816673,0.9897411002461602,0.8927881642885767,1.0457785238717658
2014-02-05,1.1446002310198762,0.8931781081873749,0.9520904407488965,1.0135572867827203,0.9882524755986825,1.2375868541275397,1.0017200758497127,0.88200925579493,1.0678694163418843
2014-02-06,1.1276712951800636,0.8740146190439066,0.9656075833849624,1.016065828987819,0.9908184526633304,1.251831750056445,1.0016750631003801,0.8703148577392944,1.0688924839182967
2014-02-07,1.1165553592046094,0.8897050651333799,0.9641932689867235,1.0136511570899596,0.9896437944192586,1.2613866890975223,0.9905820215729771,0.8597550613118761,1.0717110167029875
2014-02-08,1.120993106879332,0.8819424087639084,0.9590324634028743,1.0144581752681843,0.9840104080692664,1.229682557168402,0.9765465793957785,0.8571743282890355,1.075257389538605
2014-02-09,1.1461373670522759,0.8959105008191679,0.9574795382332888,1.0145017476430025,0.9801628117932787,1.2295187186324859,0.9711041165826476,0.8614951541324565,1.0665775791674164
2014-02-10,1.155409844958694,0.9209864089886125,0.9565171546940869,1.0158258095501211,0.9829666419762892,1.2208850769275328,0.9756506800375906,0.8618301775470691,1.0678326860505771
2014-02-11,1.1423593211944418,0.9217611272249477,0.9625202367435105,1.0203497195215618,0.9868366635311381,1.2684474438879223,0.9608725467424598,0.8732794273209229,1.0700040384523222
2014-02-12,1.1802251558759023,0.9087187887802645,0.9531100016185191,1.0186169841405277,0.9785515945164275,1.2566970663361803,0.9464761265753586,0.8754241202022855,1.0738748420024804
2014-02-13,1.2137937837401158,0.9246283002789342,0.9467977028888191,1.0159734245098324,0.9805749228344826,1.2270840081828835,0.98133406177444,0.8910868599765316,1.0690512576781275
2014-02-14,1.182967041243422,0.9475310684171907,0.9457803894511928,1.0198477872844527,0.9744191572128162,1.2140907218842454,0.9816332450096583,0.8918930341951917,1.0644536373464393
2014-02-15,1.1943740954799116,0.9297012173744532,0.9444482068705086,1.0203178217646451,0.9765217153490219,1.2298849104073875,0.959749850336955,0.8715474266639422,1.0782668054781397
2014-02-16,1.2006860164206568,0.9175474586653527,0.9623113337549605,1.020773928219507,0.9812258047569099,1.2316256066957472,0.999497850556776,0.8946696780615175,1.0757979610686441
2014-02-17,1.2185444970471542,0.9285734127724794,0.9784046230696639,1.0179210994784664,0.9840166129211521,1.255336420430726,0.9645406233995028,0.8789692293082763,1.054075102471059
2014-02-18,1.2139857971625787,0.9409380740405009,0.9963371014798496,1.0182491595094658,0.9905253535940595,1.2244026384758515,0.9318739003253149,0.8784126523828027,1.0583342557660163
2014-02-19,1.2137546285043068,0.9062984194896851,0.9955704793880702,1.0143661595079323,0.9932777166823074,1.2327270684796154,0.9145432862589441,0.8718175268858368,1.0473359030733131
2014-02-20,1.2129775992264713,0.9222425304157247,0.9840928335019397,1.0160014593083608,0.991270272148254,1.2153804894538573,0.9127685169737495,0.8584537543723259,1.0417468023019107
2014-02-21,1.1915465067514561,0.9552265828346302,0.9848044926573407,1.0139702930425845,0.99221784687286,1.2131661817915207,0.9089171888038998,0.8665339507651414,1.0498464640089793
2014-02-22,1.1824222188645372,0.9457080094415565,0.9818494682403224,1.007069451037985,0.9863034702042046,1.2432572364763246,0.9390017608382359,0.863470284806699,1.0561093961914196
2014-02-23,1.188297382005556,0.9984972929774293,0.9953350714581615,1.0067836922871969,0.9826322891412864,1.207555819695542,0.9430106154373211,0.8538466829619944,1.0413000630059157
2014-02-24,1.17712905823584,0.9794580823256062,1.015784926858459,1.009547232245732,0.9826992156710507,1.2399654036988184,0.944658400268611,0.8429863824227112,1.057368614994784
2014-02-25,1.1869976970362561,0.9615629612326447,1.0137695444141706,1.0069962530163312,0.9773619807484226,1.2608851028787516,0.9809222613293203,0.8254703784047831,1.0635327487386248
2014-02-26,1.1757691278782465,0.9535163553400591,1.0068670642532225,1.0044868462385081,0.9776494097240866,1.2422780926850026,0.9864243882043043,0.8250134214122042,1.061204164557477
2014-02-27,1.1601155785854205,0.9439984657364083,1.0162960669234162,1.0060967891012025,0.9739243494328591,1.244747718548291,1.0014454047514774,0.8045191976559635,1.0671825663804717
2014-02-28,1.1489328110765875,0.9540716619413602,1.007292588397444,1.0007497405215582,0.9676813290278435,1.2460740333897595,1.0068476519496183,0.7937670002106554,1.0742109502840402
2014-03-01,1.120642867182868,0.9533184830664453,0.9929566044645636,0.9988928410483735,0.9679615643977608,1.2270247506521246,0.999305244544968,0.8059071839782531,1.068228756840381
2014-03-02,1.135026746111225,0.9343143428098164,0.9995673621363097,1.0033126480576438,0.9584885330462872,1.2096695719637436,1.0110385296573219,0.8036138293857635,1.0724070895409277
2014-03-03,1.1250841640173967,0.9361443059937224,0.9979999137426442,1.0069279308603638,0.9595598197430807,1.2172624838972101,1.00291226771869,0.7978968455772523,1.0679827862862685
2014-03-04,1.1320785671493903,0.9294249236727509,1.0017696571030157,1.0132979607491077,0.9629993607786497,1.2103625245316294,1.0272070937460878,0.7931723941529929,1.0464295636447491
2014-03-05,1.1152996971231408,0.898499002150893,0.9978445614916448,1.013455280463402,0.9695532929551539,1.217727208582594,1.0229113028161172,0.803198952790091,1.0235008759918318
2014-03-06,1.119575999711722,0.9113255906867586,0.9804391239315192,1.0170340567153668,0.9709630095106081,1.2088680209655653,1.0360614795378245,0.8307168644630955,1.0255669788806874
2014-03-07,1.1240803996774789,0.9041548287470188,0.9707346076397844,1.0196691995328466,0.9677352028995678,1.2106670490097549,1.0263710422135774,0.836851457120765,1.0291940206493246
2014-03-08,1.1419117985257234,0.8962160824627532,0.9678821047489905,1.0167771208089893,0.966112143507111,1.2191313173606384,1.0421153403302221,0.8254430964835249,1.0383497915863944
2014-03-09,1.165474655047744,0.9032440550635075,0.9899706743553286,1.0145184850591373,0.9613988506280922,1.1803422595393815,1.0735047779346212,0.8337103093070222,1.037980298230159
2014-03-10,1.1707187425170227,0.8853067094473286,1.019322338396441,1.0150132287409683,0.9619156786323464,1.1959980822928047,1.0840467930602087,0.8366768676558435,1.0299829251797405
2014-03-11,1.1793493107728201,0.9156518725844319,1.0360851355888254,1.019966046569519,0.9600448847029225,1.1749331034986377,1.0815364242719618,0.8375435592053361,1.0414589075737921
2014-03-12,1.1497630106476286,0.9412277743895379,1.0344314455092223,1.0187618305823671,0.9562542266783769,1.1401698641835654,1.099558510955697,0.8386321727850673,1.0282327866607346
2014-03-13,1.1277724345309175,0.9359153675659293,1.0554596351307683,1.0180703214844697,0.9506003048921607,1.1353544991083495,1.0937809122128026,0.8048744606427476,1.0278801555990569
2014-03-14,1.1242041423010163,0.9480183579578252,1.0791942553254334,1.0216128957820327,0.949672942237756,1.1129681849685147,1.150293505056253,0.805750386611939,1.0282289080575653
2014-03-15,1.12413458070077,0.9517777491145213,1.0776484984750943,1.0199568755594637,0.9476905609731126,1.112534618346835,1.1380216040628273,0.7972959002144592,1.0295289002072163
2014-03-16,1.1201723904640757,0.9779248673185976,1.0436900294224263,1.0233987410020353,0.9525089427296034,1.0712361938743717,1.1304494906734848,0.7930131352000438,1.0152440663163413
2014-03-17,1.107439110506992,0.9587669620116858,1.0659490627190873,1.0263737971447253,0.9574488640204977,1.0853659033451473,1.1051488605772892,0.7869324659145065,1.0204154613245329
2014-03-18,1.0874698602360668,0.9714552568951691,1.0631947518429319,1.0253223157579592,0.9602674401625816,1.0942623650329109,1.0973914634121666,0.8007745663222334,1.0095882070752589
2014-03-19,1.097843272320109,0.9822149230265685,1.0595644124717212,1.0264280223863662,0.9555578523812052,1.1126815213509673,1.093552741182865,0.7946559717345562,1.0203807981518545
2014-03-20,1.0865737405708527,0.9577063983274937,1.0400900952872882,1.0283967419763234,0.9507593108776544,1.148049544736465,1.0482374595122923,0.815036390686635,1.0227380560275667
2014-03-21,1.085323423777115,0.948695775958686,1.0453837725463828,1.0283834714344442,0.9550502849568864,1.150639656646182,1.0515981457360952,0.8107540401889869,1.0223601990737348
2014-03-22,1.0906599878491268,0.9198715227238243,1.0287849337263117,1.0307793913091987,0.9557985303268756,1.147059211164061,1.0521961671618463,0.8151432400757909,1.017046382971419
2014-03-23,1.0782541985102285,0.9234822158473628,1.01701514712829,1.0321449248294365,0.9493848025531516,1.168537667169578,1.0623519115873854,0.8184367823315714,1.0272442153560173
2014-03-24,1.1055147469535804,0.9407131576096809,0.9948538879457594,1.0282860127054847,0.9471069679853383,1.1693201654520646,1.0735631029686192,0.8096908382195221,1.029368214983387
2014-03-25,1.093320096807962,0.9307347116917571,0.9783592769774851,1.0255407978064337,0.942080919048146,1.1490140805597844,1.0964008347208878,0.7983219826556207,1.0566709928987432
2014-03-26,1.1017384084642272,0.9342036067097864,0.9685753971941053,1.027797940943537,0.940005937490527,1.1517673212857884,1.1527576913821107,0.7973313461081236,1.0690263649653062
2014-03-27,1.09044818285445,0.9339889334201896,0.9894478169614104,1.0259675343845303,0.9469147877079291,1.1666706546650647,1.1400204848792068,0.8050543900854003,1.0796370337184524
2014-03-28,1.1009460904600146,0.9079642237890687,0.981111079811482,1.0253082928852757,0.9467275507278413,1.17993814739887,1.1443001446011316,0.7890900283895872,1.0839577179260582
2014-03-29,1.1113597041245653,0.9174762640703086,0.9941298044716854,1.0279759056166033,0.948561097209918,1.1786838934357398,1.1065162479020683,0.7943329581862453,1.08642575618383
2014-03-30,1.1162204386780818,0.896758297332924,0.9815315170873601,1.0313265504816378,0.9485058713990687,1.193378560330877,1.1073642460176998,0.7948463690125304,1.096836798269292
2014-03-31,1.1079150097160606,0.8986685485286797,0.9763811233572703,1.0300853606503808,0.9474277156886769,1.1983888502936193,1.0969827367376954,0.8099773362379932,1.087243783538198
2014-04-01,1.105141815727125,0.891914911454211,0.9936276604006586,1.0307957737799973,0.9514328509201442,1.1665835062889385,1.1030611239150387,0.8209480434363562,1.08835585985315
2014-04-02,1.1231359620166634,0.8839668863397766,1.010730147894978,1.0380079367679078,0.9501471281013047,1.1574619369076233,1.1353451744360241,0.8405634329826064,1.0828829532807682
2014-04-03,1.1163939989295832,0.8798368843546804,0.9947268469730846,1.035251033526851,0.9464258169511592,1.141696893071554,1.1347846570805025,0.8436846307637429,1.0998896353986425
2014-04-04,1.1000105702309437,0.8957775958493933,0.9924709396475303,1.0352009365605845,0.9490751258895278,1.1188526840617559,1.143690668265673,0.8459598652372863,1.1055260337379373
2014-04-05,1.105111901875182,0.9357251583032582,0.9851734201123761,1.0336553910188546,0.946804404707863,1.1078895074158361,1.1293399322078634,0.8612169611766435,1.1214511832165661
2014-04-06,1.0959823576131391,0.9220800394592436,0.9910420850501623,1.032046331577659,0.9492961356800566,1.1121577784583765,1.0953299930727962,0.8813802704722967,1.1418153648672613
2014-04-07,1.086237068414687,0.916014017820712,0.9947390532700897,1.0331850609203486,0.9518916794265146,1.1526221730675321,1.0916727469621046,0.8710024949067623,1.1262944490641964
2014-04-08,1.0746534899781701,0.9158342175404738,1.0164588764683997,1.0316840146418573,0.9528389561509412,1.1525119684072758,1.1178378124974242,0.9041911621166945,1.1205405624327924
2014-04-09,1.067086218949636,0.9334135599045545,1.0250811900203673,1.0375028383263734,0.9551597981368487,1.1452888789748064,1.1312665061375662,0.9194092000336709,1.1299585061931288
2014-04-10,1.0755259217327051,0.9517086004753674,1.0397721893614489,1.0419085702388653,0.9577338005377803,1.1420727641310762,1.1348122050278733,0.9362322135296411,1.1209534637899212
2014-04-11,1.0817963450143815,0.9453510931648887,1.0404427778279661,1.0460088509527543,0.9585616620646098,1.1432557891882715,1.1041755405515565,0.9468994593919879,1.128413231769396
2014-04-12,1.11722389971299,0.9404919807665815,1.0434910711694334,1.0468960244591834,0.9647058631815337,1.1415233913025762,1.1105581505405264,0.9557230924301194,1.130744636453135
2014-04-13,1.1100775723257372,0.9441538990325103,1.0572480202272163,1.0437767497036294,0.9653154402649512,1.1273660188150008,1.137323637651204,0.9340780635637702,1.1246508065704375
2014-04-14,1.116691612235296,0.9711372816842757,1.0567310226330984,1.0421426143063734,0.972675611667756,1.098207542028945,1.0875360225972883,0.9404299968581713,1.119229379848149
2014-04-15,1.0999205879035272,0.9839081409814383,1.0601396232708737,1.040483277431073,0.9677915957725303,1.115673689461633,1.1018958738611124,0.9392190634986062,1.1401213295230292
2014-04-16,1.0825954401006372,0.9572841248088219,1.0516554352313512,1.0404450312957085,0.9688303824280052,1.11105229119093,1.1098748208116773,0.9217748620225099,1.1568100219880768
2014-04-17,1.081586171365767,0.9769192905800442,1.0562960795416365,1.0419747556510288,0.9711352968742575,1.1202281988342426,1.124363631934631,0.9403369078459599,1.1593147605789094
2014-04-18,1.0934133771119885,0.9757320967418261,1.0748672503906154,1.0399646020156066,0.9782282376918155,1.119642495237064,1.092414274855036,0.9423318948685084,1.1516510911387516
2014-04-19,1.1075289646528297,0.964660238633766,1.0694346550453795,1.034173432053058,0.976556225261281,1.0710166143825446,1.058027196622827,0.9532688060046358,1.1609310974582518
2014-04-20,1.1149293219358367,0.9482556408635042,1.0691431953095238,1.034265672445617,0.9721290478903919,1.1002137797715092,1.0768042653565586,0.9502998859534907,1.1614754097434434
2014-04-21,1.1187487822739381,0.913785384209491,1.066292722069441,1.0322530403223031,0.9683314451689126,1.0948669550443066,1.1157347566073417,0.9596248394003235,1.155073601313444
2014-04-22,1.1286930512495188,0.9371676881779696,1.0784437718861035,1.0325409265182721,0.9659224814138752,1.1088462378350226,1.1247384099733049,0.9727025091182241,1.162641317837922
2014-04-23,1.1468010020154087,0.9285136626279469,1.095816130120106,1.0332562696476502,0.9740372381886858,1.0953123473360835,1.1640134610101656,0.9757846743548828,1.155300191239633
2014-04-24,1.1388212309256949,0.9235310247489968,1.1017225695901205,1.0349802644126358,0.971899421242964,1.0950512438644306,1.2141188943933132,1.0012654835348147,1.1605720994680488
2014-04-25,1.1398120648117769,0.9258957849338862,1.1101642055298728,1.031908052080372,0.9709960347540353,1.062380922932547,1.2240558048968673,1.0111859609641454,1.1551964866180893
2014-04-26,1.1670647449710005,0.9058373805554297,1.0909888958856993,1.0327060838022084,0.9751600475568472,1.0947949069071816,1.2130666171430358,1.0277494018832405,1.1549826774286902
2014-04-27,1.164392855857785,0.9206078551629965,1.0998563167570397,1.0279255050976615,0.981017016192236,1.1222103716291338,1.198132245863844,1.0340567544349208,1.1609196370370103
2014-04-28,1.1692950737740657,0.9118570238524598,1.091322003207567,1.0279494946041776,0.9857169863869587,1.1334154208705511,1.1894909726719836,1.0462332697478276,1.1280825303121544
2014-04-29,1.1897945534116836,0.88366710254591,1.0869029225179312,1.0245993972467247,0.9807107999952829,1.1573246856266652,1.1786023437291513,1.0518803747392287,1.1277788439647594
2014-04-30,1.1986652004474834,0.885242498988864,1.0704951374182265,1.0277641803345567,0.9788719414205821,1.1251296787464566,1.168746513555889,1.0757700473786664,1.1375930206678968
2014-05-01,1.192756042298971,0.8800313962551443,1.0666845808592345,1.0342701783198478,0.980465292205217,1.1340640518485363,1.1930630667560809,1.079838434761934,1.1348736939005857
2014-05-02,1.1896009070781515,0.8792492044003222,1.0665281336044905,1.0366313019512245,0.9807670632868652,1.1492463586001531,1.191375679957384,1.0813281019613084,1.1124236147192694
2014-05-03,1.2063087508453783,0.8850845989838918,1.079620962362016,1.0277279181309793,0.9890579764981955,1.146588596178471,1.2180191962295304,1.0646771750457462,1.1194627410669669
2014-05-04,1.1876094772886354,0.8755010434156366,1.1047419891177575,1.0272427820425103,0.9900170971661305,1.1647748891800975,1.230337801164255,1.0672923241057812,1.1237722360572142
2014-05-05,1.2307805470352047,0.8749432281283842,1.1077393624450236,1.0305833377548748,0.9944940571758029,1.1898950598249587,1.2463009474626585,1.0492069770240158,1.142353040559429
2014-05-06,1.2099862870506528,0.8800594047358783,1.0980451916632596,1.0304880963547205,0.9959013156345989,1.1970159033727845,1.257067012367303,1.0748135752553996,1.1477624740508658
2014-05-07,1.2059178902278562,0.8956836001276449,1.1140477134326272,1.026796039442884,0.9983807118282572,1.212362975177497,1.2498372804866105,1.0972079633482308,1.1462697448274999
2014-05-08,1.208551188972415,0.8932515568639017,1.114590197374684,1.0235217662947365,0.9927296737985063,1.2474015880154985,1.2289159705775188,1.081110951231511,1.1218153394161194
2014-05-09,1.197330484630936,0.8723355211656715,1.1368866624510396,1.0267248277841217,0.9900963576951157,1.2982255243419119,1.25329189949815,1.0760594919315345,1.094000985780308
2014-05-10,1.2388349144868511,0.8508653337782873,1.1147801457718276,1.0299771956190067,0.9998577272156628,1.3308329389483555,1.2676774125223447,1.0858745696506673,1.103556160603323
2014-05-11,1.253309373480649,0.855512288538402,1.1165085156777959,1.0298867848555517,0.9969422837074831,1.3243755360622942,1.2250084857302235,1.0844899770657173,1.0928672137693032
2014-05-12,1.2329382837565988,0.8586247232788811,1.1354936571110597,1.032827059944543,0.9907791841024934,1.3010489038797985,1.248302541195691,1.0687244090978447,1.0906308451644824
2014-05-13,1.2434808696059463,0.8440021723554659,1.1372701438343162,1.0287968897611153,0.9884949718464252,1.3087980484887154,1.2087814391904022,1.075999345540403,1.0906347954411095
2014-05-14,1.2541590742013358,0.8477414855046982,1.1562280790735453,1.0292862611866294,0.9868959604704687,1.3119409372978796,1.2221577669471986,1.077003146464914,1.0912956295085254
2014-05-15,1.2413291832444449,0.8379651471443328,1.1371141683079307,1.0347916357267097,0.9820843956569743,1.2958404129815504,1.2048420581116541,1.0916760926414666,1.0882951156859768
2014-05-16,1.2649344617189955,0.8281418231423834,1.1412622811353017,1.032301884459356,0.9906094740355137,1.2683986966002607,1.2125487269663873,1.1022726138947316,1.0930161300754313
2014-05-17,1.2617982908818264,0.8265379007543809,1.1422046643850516,1.0319498633179007,0.9945278461226054,1.3191212172320013,1.1992715176276714,1.0798446237551893,1.0922697962730061
2014-05-18,1.3110029228674527,0.8149117010892938,1.165013808112169,1.037246967681556,0.992425063220559,1.332895079211435,1.2385691657215796,1.0739196068876136,1.0902646034477188
2014-05-19,1.2999574430688696,0.8003527973649163,1.156286304591014,1.0335421073873567,0.9926596068794488,1.3146883746728306,1.2446080799892065,1.0490707881980539,1.0940901264200482
2014-05-20,1.316600712966645,0.7719504843065745,1.1618233883486755,1.0374520043910602,0.9879558257278197,1.3545317188577028,1.2552872904997254,1.0381864922075519,1.0936987804730838
2014-05-21,1.3280220973469534,0.7733153676770902,1.1696832071168264,1.034690285597909,0.9887239053614185,1.3203340449070728,1.252745934734158,1.0243177589524144,1.0858730382170598
2014-05-22,1.3530438897420458,0.7888153777929886,1.1785840956490394,1.0314031384071447,0.9875714153596683,1.349428607191512,1.2565471896700142,1.0601585790541976,1.0903611451971846
2014-05-23,1.3573475661629264,0.7847418591752511,1.180826341115674,1.0310345051177194,0.9904674040534674,1.3729365194602325,1.237045842153718,1.0392008402234993,1.0705579474918827
2014-05-24,1.3680975823010246,0.7694703126050673,1.1506743099576275,1.0323395224158969,1.0004433898352256,1.3730610771932532,1.2580382818465419,1.0406842374639078,1.0697133880398961
2014-05-25,1.3873688062905944,0.7657576631334628,1.1547116898484069,1.0334390604469703,0.9978698874615723,1.3978541146760588,1.2538877680688036,1.029094993186043,1.0756664483423286
2014-05-26,1.3690874201616654,0.7664524050685211,1.1549317456110644,1.0369090250329045,0.999864422739207,1.397503972828319,1.27464628881654,1.0507606466074273,1.0818817599428197
2014-05-27,1.3697107510116133,0.748660705394414,1.1405166221487097,1.0360632451835827,0.9975266909168229,1.3930801971257978,1.27634539040494,1.059319503252816,1.0813354228740044
2014-05-28,1.3801171622159203,0.7498290199722611,1.1138221476702468,1.0332472188787942,0.9970515188552694,1.3630251809304785,1.2919149848650637,1.083854680323299,1.0947305935814573
2014-05-29,1.3761125548247337,0.7702491665085922,1.1161433635921822,1.0323056641741397,0.9947048477777416,1.3558768575819382,1.2821435388890234,1.0868420475627338,1.0967073921960582
2014-05-30,1.3765882635898115,0.7766151888743281,1.1324253898571222,1.0353495850779253,0.9888961774318297,1.2938175868212012,1.3063586123458173,1.064775697321911,1.0944617148968412
2014-05-31,1.3528397821876852,0.751735818148055,1.140123111167044,1.0378110929771203,0.9867146313234595,1.2337343007946227,1.2923480612798721,1.0712464032073656,1.0784944863224075
2014-06-01,1.356966483031381,0.7518293511594261,1.1483907116219678,1.0382871795849453,0.9829727373415748,1.2605535711440043,1.2885090231649896,1.0710219041418885,1.068644941738454
2014-06-02,1.3483507856154469,0.7401561111928529,1.1463519130495223,1.0437227432132596,0.9776768689279919,1.2241940313758677,1.3266790498013847,1.0678732548734393,1.0617086587485616
2014-06-03,1.3697876353843668,0.7323836728674772,1.1718148153638956,1.0459498154379694,0.9758665578235641,1.2719762192754627,1.3108725996413333,1.0799737865294254,1.065098615721479
2014-06-04,1.3969452085152987,0.7532618818353093,1.1726163950408455,1.0436902985722043,0.9777596302066455,1.2567139335115989,1.3639206576662601,1.0824015999642984,1.061420600658666
2014-06-05,1.4012341161036301,0.7352978866774662,1.1592962133448446,1.0475532486520398,0.9752882673404984,1.2332832591548124,1.378832477301102,1.1018692013956644,1.0692640033273142
2014-06-06,1.4225899263177189,0.725575548905223,1.1398644055442824,1.052376184810155,0.9741269727235123,1.2279616489259717,1.4157353881754133,1.1112829659797028,1.074352499970419
2014-06-07,1.469215361190272,0.7174611994464906,1.152897708098371,1.0526614201932258,0.9752709573548086,1.2619914522218756,1.4303977562842491,1.1204782115224214,1.0860898798611673
2014-06-08,1.4616132134533384,0.7069103771849787,1.1387888799085573,1.0465569631753087,0.9833899208350908,1.2371835390162322,1.424354222100569,1.1160498580969485,1.0896458108720597
2014-06-09,1.47993608174567,0.7181421388237059,1.1311624913345153,1.0461369116918433,0.9845998049277354,1.231892797506989,1.470427682096564,1.1244923559451432,1.0978713050449551
2014-06-10,1.4950953911814076,0.7335983741448633,1.1339590176498582,1.042171534075959,0.9862723956255387,1.2176959424772542,1.4551759155917259,1.1346076822697029,1.1116856338224632
2014-06-11,1.4960209653438807,0.7379698826211687,1.1574621091925228,1.0430284695605703,0.9966348958158261,1.230334620082261,1.4042225595709568,1.1476558116663376,1.1161452539560792
2014-06-12,1.5254122290367509,0.7472072467042473,1.1558862571622543,1.0393018386604784,0.9959012798164143,1.2117450413280453,1.388199721591356,1.15801762422549,1.1350070428777874
2014-06-13,1.5349004043761312,0.7314218247799851,1.162399944408523,1.0431367527571542,0.9935717356451086,1.2090642868672736,1.3888851644923492,1.1446153365537237,1.1425920728680894
2014-06-14,1.5325762240643446,0.7372377868520811,1.1503692140941635,1.0418720799398318,0.9965420436166514,1.2011920732398695,1.4371340309771008,1.13798281401459,1.1453878211480493
2014-06-15,1.5544749949672,0.7187105713167231,1.126407361867891,1.0372076509946222,1.0016745703916818,1.189500334307338,1.5109509628123992,1.1285788495255762,1.1477307268628676
2014-06-16,1.5908989078770424,0.7449504585289884,1.154610397739334,1.0410713518584458,1.0058778474111065,1.202424832449096,1.5347744613539551,1.1194737171713465,1.1385695530163535
2014-06-17,1.591295651240259,0.7429664146858785,1.1486771590390512,1.0433504260576547,1.0098221165831178,1.2045787648534485,1.5804349249319432,1.1005262475679842,1.136592319287062
2014-06-18,1.5746628963133231,0.7183016689229527,1.1478820812029087,1.043073685156031,1.0160363588870278,1.218497203083469,1.5483777993804293,1.1313535158375696,1.1506978129501675
2014-06-19,1.5888844100174353,0.7156606792791316,1.135010568533215,1.042013275243877,1.0205627952561467,1.2600754390935989,1.596477955304589,1.1232838638599412,1.138044539194492
2014-06-20,1.5927188547599866,0.6931660982336352,1.1397526569558762,1.0416560650082507,1.01876237347552,1.2241574231626355,1.6131962758552627,1.11453290677086,1.124957973440413
2014-06-21,1.5245760776727897,0.6931000614841387,1.1643337243461467,1.0469516128239054,1.0170015598438011,1.2111326120950892,1.6286434127927747,1.0980648119679708,1.1285779970753174
2014-06-22,1.5425526654861248,0.708684276381133,1.1632836712369343,1.0464165983014748,1.013531621358797,1.193348526882097,1.6215920743666927,1.1043352919728489,1.1391142277510637
2014-06-23,1.5244312438172558,0.7280089586220839,1.159847932442548,1.046454162686904,1.0106036838622732,1.1415138528061834,1.650587612943955,1.1167619998347533,1.1361374083668958
2014-06-24,1.5264204143261506,0.7350611129122077,1.1384480998448023,1.0448979199737036,1.0139154914754096,1.115969958041177,1.6606085921968574,1.09426066709866,1.1416639213628357
2014-06-25,1.5260622821578127,0.713985166735583,1.1547015779335106,1.0426996901338215,1.0107307730329789,1.1202220776079124,1.6990894549508877,1.0778059113127496,1.1425964307395733
2014-06-26,1.5363361111492808,0.7231783690084859,1.1574928365143904,1.0416558606605868,1.007485962496399,1.1221831270569436,1.6629960710517537,1.0307917401931095,1.1478130667660704
2014-06-27,1.5576282280599263,0.6927088511094661,1.1438150116752202,1.04369486324054,1.0158783023071865,1.1228275819445963,1.6391153496464006,1.0281699764291243,1.163823640570292
2014-06-28,1.5430029359325452,0.6830210018685438,1.1375321247291934,1.0408142802126046,1.016478362586842,1.1558883555902806,1.6500344566306717,1.0244836760094154,1.1606602367649188
2014-06-29,1.5072857167046994,0.6941514957147364,1.136810876621401,1.0403548234265558,1.0295629094316072,1.1623353834050139,1.6255548407851257,1.0181366267827894,1.1742219214997516
2014-06-30,1.5102988654986436,0.6764582657347761,1.1496917932955497,1.0383735381424952,1.0373805773574074,1.1851646559677438,1.6113370262957376,1.0379039992690042,1.17525354016361
2014-07-01,1.530071101869256,0.6826310764178416,1.1383601092282094,1.036472640147246,1.0417581608055346,1.1782599388554917,1.5986510194124126,1.0232416968953757,1.1804669538861297
2014-07-02,1.5778672698371043,0.6697869682857691,1.1390324628210993,1.0409674713138857,1.0415304683445425,1.1880897990130677,1.565002819680512,1.0300202704488413,1.178493871072435
2014-07-03,1.6016708964742543,0.684370205739006,1.1747693371935508,1.0428817058968465,1.042991928552156,1.192484445077132,1.5542616953631512,1.0354559528027056,1.1752482823330996
2014-07-04,1.606198683386437,0.7008749947587556,1.160932303887461,1.0465522695624727,1.048591189281851,1.1901886340921268,1.4886141918492697,1.0262224505715467,1.1907262381199797
2014-07-05,1.606129583218112,0.6885483977138611,1.1542484694316741,1.049296183179163,1.0509892484107815,1.1853079349814175,1.4779907141807573,1.0203972299455142,1.1799810032776892
2014-07-06,1.6455289623361007,0.6848290187056815,1.1714535842891263,1.054190046177555,1.0552912034177218,1.1763361429002643,1.4902204988146508,1.020230972445431,1.1695534891954622
2014-07-07,1.6540287599089332,0.6705690183756552,1.1885007556836085,1.0528260803918912,1.056245860599364,1.1825697618474547,1.482802032933236,1.0294134664540227,1.1642331476069556
2014-07-08,1.6761422303632842,0.6545909450701459,1.1906597326198403,1.0590554280546405,1.0521251019020539,1.1683796230488603,1.4983390654241144,1.03239230771719,1.168548146077707
2014-07-09,1.688944281143254,0.6623314741154928,1.2068722295449688,1.0604633956168605,1.0512149814744434,1.182758084308179,1.5555720796921404,1.030544835286097,1.1573940115842098
2014-07-10,1.7174979279049443,0.6611612264971507,1.1757686767450832,1.063265420964233,1.0490691229362696,1.1810672144372452,1.5662115807728814,1.0336957211699538,1.1658366432331693
2014-07-11,1.7067939731970474,0.6675321128469577,1.1724594051042296,1.0657284024172502,1.0517562819555115,1.1614167402023219,1.6005423784263475,1.0255921135154193,1.1754904444726806
2014-07-12,1.7167092679831837,0.6898859650963896,1.1696670854127282,1.0647181447642982,1.051779758813765,1.155310898199019,1.626469305188777,1.0009321007430643,1.1633396064094212
2014-07-13,1.689727673185761,0.7019627891465162,1.1940281634316634,1.0644909896442247,1.051174683704449,1.156998736873426,1.6645897869609558,0.9872090243521723,1.1663453151162522
2014-07-14,1.7149518678157445,0.7085750645629834,1.1971027613545466,1.067794252380458,1.039913523770527,1.1713475526129895,1.6431473508776795,0.960298206416253,1.1725409717495874
2014-07-15,1.7508027276926132,0.7071054279665333,1.2111501572031262,1.0730657761770508,1.0454871044144376,1.2061592540048354,1.6678644767672208,0.9615768478796459,1.153991774446022
2014-07-16,1.7448658653799098,0.6966555137337972,1.2430655536132047,1.0726068716171597,1.0461068892716594,1.218373711271308,1.6696525090906698,0.9862179907960097,1.147037250382855
2014-07-17,1.7504827837264028,0.68762374384768,1.2237479791149792,1.0707455691120775,1.046056522166391,1.209202476211804,1.64686439106462,0.9656112006425122,1.1463134059577365
2014-07-18,1.7114981219255663,0.697306178836367,1.2253257292813418,1.0661706432395746,1.0448673271315632,1.1930731477205498,1.6577065066577297,0.9852196323514337,1.12504731523455
2014-07-19,1.7149645751386429,0.6955751927278083,1.2355646502253959,1.0669591722626925,1.0418289811213208,1.1864599780503626,1.6316465031132423,1.0013182266403686,1.1255120908288128
2014-07-20,1.7643861846609339,0.6950939279742171,1.2254319313103632,1.062220653813766,1.0344189113325002,1.1528660199149652,1.6406899577340897,1.0091594248573195,1.1079407007165458
2014-07-21,1.7886033990578039,0.6893280550758188,1.22795817901992,1.06746447802866,1.0382331834186647,1.1475241556519733,1.6117746930326453,0.9767883848502219,1.1001944965322483
2014-07-22,1.7834755561353548,0.6773549565155369,1.226392429678094,1.0678173344418473,1.0374031949697933,1.134327574553945,1.6175337146140056,0.9834589799265804,1.0884180247912902
2014-07-23,1.8217560499617558,0.6764238736171287,1.2270377518255795,1.070192847088257,1.0384746919280552,1.1540154850598316,1.6271458817068154,0.9746210661865737,1.0925703779248475
2014-07-24,1.7910487247114508,0.6780162259471773,1.2269165697149644,1.069631690856931,1.038044607586877,1.1151559952539554,1.6096142014067436,0.9761733193479132,1.0945354355866155
2014-07-25,1.7639767955702677,0.6937345005990231,1.2145319534033423,1.0728495404598553,1.0399221992625653,1.1024074297933613,1.667087436740152,0.9588906075895081,1.1048148108115674
2014-07-26,1.7909810484752244,0.6856378116342255,1.2351906362005654,1.072152038549058,1.0412270671379869,1.1077935644048995,1.6629427659165015,0.9707445322763578,1.1138023546805096
2014-07-27,1.7445445283889285,0.702009556574441,1.210919258954864,1.075580393306556,1.046023813385294,1.0862609424910452,1.6496121415039005,0.9548383297641356,1.1116313196553862
2014-07-28,1.7370071988719586,0.7121422849987366,1.2303226718827893,1.0801914617723098,1.0437762511949336,1.0823873427838009,1.5944016623050201,0.9434871630055864,1.122579238861035
2014-07-29,1.7796224859547778,0.6966045654428248,1.2219447021605616,1.0802139110988611,1.0450503310763857,1.0668303374049024,1.608243015321728,0.9369699403188622,1.1226415165163834
2014-07-30,1.7947390686726186,0.6969637353534764,1.2159124124468912,1.0799667263849906,1.0447854611504035,1.059938401619035,1.6002405247212497,0.9596255994660067,1.1291631594164895
2014-07-31,1.7873228393313592,0.7059860558601173,1.211406443037293,1.0838755297811171,1.0464347268494638,1.0581031833652483,1.6148896681918985,0.937205730049166,1.1166659488971535
2014-08-01,1.7558500946973705,0.7080849352527853,1.236955222966624,1.091239272218261,1.0492100856423574,1.0678538164014948,1.5570424555915294,0.9297642162753016,1.1080923691784292
2014-08-02,1.7400251200130519,0.7062250873387625,1.2303188506639646,1.084868727091754,1.0524538665864172,1.047447797951797,1.5648042145784118,0.9588762868375107,1.0981263571494935
2014-08-03,1.6745056697925427,0.7028718769553204,1.24694232303227,1.0913508636940543,1.047382935073711,1.0570220846486098,1.5505547801441908,0.9575441916263028,1.1273842136880465
2014-08-04,1.6372570364470658,0.7063632622044912,1.25431464264999,1.0950149203109532,1.0478981768986988,1.063094581087527,1.53871943993317,0.961601214555619,1.1237405949942296
2014-08-05,1.6530133078128675,0.701946382580552,1.2603669675926321,1.0950282921501984,1.0527229107359106,1.0623237450008656,1.4844631932919043,0.9799955135149364,1.11378726156646
2014-08-06,1.6372989449354123,0.6947009599028368,1.281532634142512,1.0881219239180464,1.0660409021050317,1.0827299457879986,1.4913878849572666,0.9793845745027967,1.1171904839294218
2014-08-07,1.6505886326514079,0.7030470142510659,1.2904613969910594,1.0885231602201382,1.0653060228848246,1.0799983057213882,1.4858724855743413,0.9962364055762595,1.1240450812442528
2014-08-08,1.5782832284018895,0.7116285565432819,1.2938641299127347,1.0885709177920893,1.0637569892948031,1.1020670223769782,1.5143277300598952,0.9848861198112334,1.1288453414720174
2014-08-09,1.5557534704520561,0.6942412456684858,1.2845216459137634,1.0914961042450573,1.0679189387084955,1.1124656171621834,1.5365912487453774,0.9927087494901076,1.1218297754362372
2014-08-10,1.5662996714608362,0.704521133671855,1.296533844893185,1.09549833679523,1.0710513749735107,1.1197256431334752,1.5697862368159226,0.992512372948445,1.1121610089718275
2014-08-11,1.562938385381506,0.6953565483210281,1.2864181072285623,1.0951329267386953,1.0677635903272344,1.113742604669064,1.5106487892229492,0.99588632507763,1.1123968480005733
2014-08-12,1.5442513791107908,0.7038860852052978,1.3012773190828058,1.089960964813847,1.0646127276942936,1.0985460743177566,1.4825536493472538,1.0084764421237817,1.1104632115118636
2014-08-13,1.5385874933971861,0.6787788046098749,1.311589963128701,1.086017731083204,1.0649744091310058,1.1042505877660247,1.523195147412649,0.9888794193199665,1.0771547324966468
2014-08-14,1.5432920987985774,0.7010489950262266,1.3314833153340828,1.0868094143837428,1.0629865867467152,1.1205142187148258,1.493841769498694,0.9961431011190736,1.0828148591839677
2014-08-15,1.568298290027882,0.7361532387683047,1.3381527040843135,1.0852586559451878,1.0629841448020885,1.0850573768611158,1.4733847079917926,0.9902267715822639,1.0773565151077096
2014-08-16,1.5723528477942086,0.7255500123204983,1.356555472521639,1.0853678559677666,1.063050898840921,1.0788702658787377,1.4782524965418034,1.0026803327994798,1.068229902537302
2014-08-17,1.5573026836118797,0.7218736006948491,1.3350534563648515,1.0828088043132915,1.0611322158201313,1.0960663847137,1.4863107858429605,1.0057925008173891,1.0775330949897683
2014-08-18,1.5545609325960592,0.72723594294406,1.3338002937054663,1.0837790952585125,1.0587647930991542,1.0481696988889466,1.4826164366587,1.027458500405171,1.0877288790988122
2014-08-19,1.577538839085417,0.7437080937605852,1.3356194520439408,1.0845290130845955,1.0562548772533566,1.0424159690028052,1.5011720085034501,1.046218111582371,1.086429627463222
2014-08-20,1.5673592349835064,0.7440126446490363,1.3456559390223921,1.0799397586695676,1.0466590934178521,1.0322944609347844,1.4648222564208573,1.0384529730346626,1.0850413842215219
2014-08-21,1.5571733965596444,0.763762025515488,1.3513358682004777,1.081021235267648,1.0493687143884043,1.0113399196775161,1.4955575023345906,1.0374804989002306,1.0925333846686174
2014-08-22,1.53260453505561,0.7427068953643864,1.3650041925343712,1.08235005746378,1.0456873125402102,0.9957107378277203,1.5295196625394538,1.0191781203398627,1.1106986417607945
2014-08-23,1.51235988508183,0.7515384636542295,1.3600309066264322,1.0844168723216068,1.043515988837119,0.9929921763721553,1.531077300138815,1.0040608430527573,1.1191491074315614
2014-08-24,1.5011711388911837,0.748746649714701,1.3442107653209934,1.0761894004524932,1.0428229783376626,1.0363135230960454,1.5554093118946877,1.0039715763246633,1.116430796884444
2014-08-25,1.502127367481334,0.7564199132552685,1.325566892972584,1.0798946829820293,1.0459113249315586,1.0499175662342868,1.5693605787007576,1.004467789141137,1.1241661131024516
2014-08-26,1.515912708792906,0.7519020192311114,1.3168403928016454,1.0803326546653726,1.0524964669400358,1.0267102646143975,1.5236129248101131,1.0071511370679733,1.1249630086250741
2014-08-27,1.52030904508528,0.755504500276699,1.3137083839834758,1.0852693323019809,1.0458619334617028,1.0116043314755219,1.52077124165285,0.9825284751018175,1.1232097042279003
2014-08-28,1.5586543596152405,0.756090739123056,1.3177393810670937,1.081275004715343,1.0433880039193555,1.0049747472390036,1.511411956257464,1.0016137536497691,1.129698386282422
2014-08-29,1.533136274071491,0.7597480150609016,1.3260130199033935,1.0850815761868244,1.0500888114880351,0.9868131496690435,1.4872034439034258,0.9829199672038845,1.1272806073877664
2014-08-30,1.5443210790624224,0.7735541721721603,1.3252022792546647,1.0841489023804247,1.0508312578480412,0.9721761723497145,1.549652268253687,0.9594135193365776,1.1295886082291113
2014-08-31,1.5916608414873132,0.7739582747073603,1.322577757990465,1.0830947450822603,1.0501780961024192,0.9963943179400736,1.4814098621482237,0.9816733574008951,1.1137296681706168
2014-09-01,1.5857720386787524,0.7682879471399252,1.3323154208857577,1.0780102942942287,1.0522245683541755,1.0328997877187613,1.4413177558360957,0.9846631344295416,1.106579722192128
2014-09-02,1.5963781706385347,0.7688600604376359,1.3224591606974305,1.0796958893598336,1.0599241084549351,1.0295570469292081,1.4623540174257073,0.9657584939908718,1.0962173071350294
2014-09-03,1.6081691701349388,0.7897070001709502,1.3284993080148544,1.0787898365427089,1.060027096639881,1.0065903686458144,1.480326796551016,0.9787334554316871,1.091480658124056
2014-09-04,1.5973130115256167,0.7938022691557056,1.3219356754017426,1.0786836859487963,1.0690361473172316,1.0023159202783232,1.4700136513239828,0.9694226396882869,1.0998216656839146
2014-09-05,1.5934501294808106,0.7848412618191024,1.3432924033641298,1.0833854621218695,1.0665755529500602,0.9688408546988619,1.499928831613369,0.9596610894227606,1.1087371016510867
2014-09-06,1.5468392317683013,0.7977650483069997,1.32417189446389,1.0858688983365925,1.066743103726235,0.9523987441862565,1.4880183073542421,0.9697325184120553,1.1101329401616962
2014-09-07,1.5608631774240742,0.826465388257197,1.2997132486916851,1.091245727737898,1.0672950619433508,0.9371812095545772,1.4487252904232646,0.9671755220232685,1.120586508235239
2014-09-08,1.5583451354976494,0.8492764848430856,1.277469815419821,1.0913152762726022,1.0620550980942158,0.9435028472131274,1.4747121593171781,0.9612646995159093,1.0916281564139299
2014-09-09,1.5634630871899475,0.8562926075132334,1.2840507485164003,1.0954702917524728,1.05761123152081,0.9552436927623991,1.5101792083236087,0.9358115505632713,1.0953358913794353
2014-09-10,1.552108127789812,0.8553785938344489,1.2897931747281026,1.0939786055298093,1.0548584468289592,0.956021971366116,1.4776425199411758,0.9207567974108448,1.1029963779623766
2014-09-11,1.525827971841256,0.8659798353734595,1.2973398777870613,1.0884240164746333,1.0521049934864861,0.9767618826198963,1.4489418102869107,0.9145268980513079,1.108313492154518
2014-09-12,1.5442155075118835,0.8624053304513258,1.288426994114904,1.0931772834296278,1.0595282240636483,0.9941672371814071,1.4517040191277377,0.9036220922827161,1.0993312274502398
2014-09-13,1.5567818879278135,0.86924521199053,1.3104838117579263,1.0954197729534665,1.0532639528750602,1.013190684050724,1.4230165874514535,0.898598342839102,1.1023016226941997
2014-09-14,1.6038512075305222,0.9182519827361131,1.3204181658680723,1.0949272833353083,1.0556211813989584,1.0295818779340984,1.4141748837644126,0.922975671749701,1.1050581567306503
2014-09-15,1.6163069507099694,0.9296260362956268,1.3274943387475375,1.0977925125928194,1.0531204013650786,1.0194410816806154,1.383341509050452,0.9292450010375488,1.1138868697298094
2014-09-16,1.6278903647762981,0.958017618455303,1.3278034428493808,1.1001047105911839,1.0486269435458133,1.012541713787594,1.4028615023753142,0.9412662084144338,1.1108351878723786
2014-09-17,1.626630395902357,0.9322261292482875,1.3225130086578902,1.1031532651995006,1.0511445081519761,1.0218692308264683,1.404538586467338,0.9415541863442373,1.1037222753397222
2014-09-18,1.6441694182684556,0.9396629753123815,1.330718178484192,1.1015226893631282,1.0421957242652289,1.0422542434304942,1.3913685805124383,0.9295572451938389,1.1115971010203685
2014-09-19,1.6349946411819904,0.9579665340754583,1.3409701263377525,1.1038917429898385,1.0366055710306599,1.065199461987423,1.3989167698445601,0.9245941930388162,1.1134133224867466
2014-09-20,1.5919231132653342,0.9653962836032665,1.324808140079149,1.0995225274855465,1.0303968875335903,1.0867467329310012,1.3815908109168062,0.9460502478917966,1.1076703202795408
2014-09-21,1.5516309512696682,0.9463804483088919,1.344852142046648,1.099118239062389,1.0282401131272312,1.0900942693923763,1.395732297426305,0.9620961893430527,1.1239364504025984
2014-09-22,1.5437230180635084,0.9241699796228163,1.3385830035980824,1.1000863880424683,1.0243790347892872,1.0715313631553811,1.405608160880649,0.9615864849501937,1.1245298550787466
2014-09-23,1.5266225343598734,0.9207069179943183,1.324138625159807,1.1031342821454786,1.0287234235498484,1.036137201888044,1.3797587214985523,0.9401931676567757,1.1174450478421993
2014-09-24,1.5251698468466333,0.8970506298780669,1.309887824520853,1.0999220961888259,1.0296791789189608,1.0376377337806049,1.36011819956585,0.9428748929285757,1.111559687319008
2014-09-25,1.5194125950555208,0.9244305326601334,1.3313510342000243,1.0957437740435776,1.03319957961591,1.0530001036033618,1.3291547472672478,0.9546435411549765,1.1288770304799576
2014-09-26,1.4942842880772087,0.9095332876853445,1.3480088152664558,1.0967458163105397,1.035582039796854,1.0596662322668888,1.3398064849774929,0.9358398491159935,1.1409257349122526
2014-09-27,1.5209480726012894,0.9061416076833165,1.347709930171716,1.0918177836489218,1.0378158099576824,1.0707895846835684,1.338407967716828,0.9518102372656309,1.1373423469565027
2014-09-28,1.5342854014445768,0.8898727792295131,1.347733345539446,1.091355876188987,1.0388549040330894,1.0638814020407175,1.335156369918704,0.963794201626719,1.132602310799422
2014-09-29,1.4977714701856326,0.9182530559851538,1.3704796462692994,1.0872340563189558,1.0418248148668081,1.0544622792475908,1.3424593338715156,0.9682405331098726,1.1301739230985053
2014-09-30,1.480612273828293,0.9072067114392409,1.3558233216962579,1.084629623423816,1.0416490453099199,1.041087817332225,1.3610403689743351,0.9900343613711154,1.1238443474090731
2014-10-01,1.4863734361389775,0.915729312465932,1.363909488934438,1.084985236387069,1.0448476679426624,1.0503331780677188,1.3276224066491298,1.0031397837804816,1.1340408841982559
2014-10-02,1.4698014253284435,0.9167209383743942,1.3755026485494268,1.0844124276986613,1.0494365471533047,1.0952346114800997,1.3070180777656704,0.9825596999682545,1.1377131194630519
2014-10-03,1.4861506697335114,0.9132781060500826,1.399902866041161,1.080166066646403,1.0524501873168701,1.0835095830709678,1.3522246414997,1.0121226912221133,1.1292183095065056
2014-10-04,1.4743456443506209,0.9277741876457838,1.3938194932269008,1.0801269282831012,1.052662312527424,1.0462865682877056,1.352120851602971,1.0018537787969106,1.1238757199695133
2014-10-05,1.506714136389317,0.9071617133848394,1.4078391739702594,1.079330994856797,1.0515896068149893,1.061381024579601,1.3615870846933151,1.0106292113650954,1.1349816874377052
2014-10-06,1.4996783452635347,0.897527419018876,1.3899289166711402,1.0767662544508203,1.0640997139643533,1.08537272798068,1.3250672939604728,0.9907836175790597,1.140677775333675
2014-10-07,1.5124390662534053,0.906753919243448,1.386093450186944,1.0764686763353206,1.0656017099672408,1.0872678692042672,1.266517860631224,0.9875665486630812,1.1311941069153733
2014-10-08,1.5168677468954452,0.9558407362213591,1.3926216453769327,1.0755638085441568,1.0696373631652667,1.0969319213292081,1.2774123077095507,0.9967536421612561,1.1546838453482553
2014-10-09,1.4915916843262698,0.9643719755098028,1.3775582509087734,1.0774638328177941,1.0658136812306973,1.0889104940600303,1.2701287604045235,1.0115427259260186,1.165520027208411
2014-10-10,1.4641676366356453,0.965711308808667,1.3662416673809856,1.0735035986270471,1.06499506363321,1.0830818935382862,1.3320276342097097,1.0183143949006308,1.1496967233442341
2014-10-11,1.4522030296428328,0.9838520985146302,1.4008913503160267,1.0685032726077601,1.0570931223788662,1.1197738630049394,1.3426735767553102,1.0052551329617514,1.1560732757740977
2014-10-12,1.3952240777721072,0.984305417340521,1.4068225198669575,1.0715728799416304,1.0529117019391991,1.1217249221647627,1.3180912476168838,1.0093070714573436,1.1459536308707874
2014-10-13,1.3871017632411087,0.9670557827277213,1.4182369641649064,1.074439716035719,1.0520288541348979,1.1227213323637606,1.2801673525663784,1.0049719464718767,1.145607499965107
2014-10-14,1.442047494534948,0.9480865904762183,1.4435810386392072,1.0777603539797935,1.0533150074004887,1.158485809826713,1.2899505315917434,1.0110393519765384,1.1452280672801005
2014-10-15,1.468946775402549,0.9671776851064339,1.433175522528358,1.0736026330448787,1.0525651286949065,1.14203450715364,1.2885696505221775,1.0300080395939653,1.1402199659873662
2014-10-16,1.4684438804168276,0.9685746854785159,1.4481968796603215,1.066473194392804,1.0501160189124206,1.1466061928679463,1.3197550708819217,1.022614089067474,1.119051181353998
2014-10-17,1.4825345857877512,0.9578849886861173,1.4279568802018525,1.0645822988457276,1.049445938378432,1.1343542425121793,1.2618028821356673,1.0365788998617318,1.1335414958004857
2014-10-18,1.4974679044469192,0.9386522462218135,1.4249326125994797,1.0646679296453367,1.052064492332468,1.1482275409994422,1.2435275904063505,1.0380611385966148,1.138951667238124
2014-10-19,1.530617852848136,0.9509308667498221,1.4388523236676325,1.0650421390055214,1.058105274719918,1.1569262032043994,1.2223605644431081,1.0601205082602407,1.1471282385298642
2014-10-20,1.5209050718789372,0.9431038751609127,1.444404720311958,1.0666285771947417,1.0590461091950933,1.1636404893536763,1.264164253674325,1.0773720054294433,1.1495444988776595
2014-10-21,1.5428360039480393,0.9259531254079413,1.4517352542394475,1.0725248136250367,1.0582283311774479,1.1461190765807072,1.2479301372615084,1.059978377871173,1.1407532204332658
2014-10-22,1.5347243562353383,0.9028967015192864,1.4524428590478047,1.07553521007936,1.054491700780034,1.1776913455733313,1.2609283801119275,1.0765762706079771,1.1334771022191614
2014-10-23,1.5548566837271591,0.8855115968949018,1.4683949954100208,1.0761972213816422,1.0569307452297936,1.1530061071693987,1.2386081864617724,1.0864360117807348,1.1229544901623716
2014-10-24,1.566126431720499,0.8640747066545277,1.4837809711380308,1.0723255266038545,1.0593714094432045,1.1662211215627354,1.22159536253101,1.0961383183175004,1.1261037291507887
2014-10-25,1.5539378525475034,0.8487339378670019,1.4492808255721275,1.073557575169808,1.052846517314555,1.168455829332773,1.2154031392228535,1.1075240622776583,1.1229276042631313
2014-10-26,1.5467249131186267,0.8602543745296305,1.4555427279438664,1.074683165795631,1.0549280689567604,1.136393052921639,1.234042286598388,1.1179204259915776,1.1117355742853126
2014-10-27,1.541526050350997,0.8599898194890563,1.4536302009646362,1.0758670151696235,1.0610735177441601,1.1587479510279886,1.2019024155761,1.1285753813051684,1.1267321458719755
2014-10-28,1.5509326393332046,0.8772219924774439,1.4891674551334761,1.0792787278724527,1.06223776409026,1.1807775949219903,1.20562561679095,1.1292057421742745,1.122997995142193
2014-10-29,1.5877691512297385,0.8646498960237455,1.516997631108667,1.0810051338919786,1.0563984044170718,1.188827767304132,1.1552298268430115,1.1400264919884342,1.1331637265475554
2014-10-30,1.5741376142811343,0.8669186150264705,1.5530261567717505,1.0794730900540996,1.0520295311159467,1.2207714995612182,1.200805658014004,1.1403176947440155,1.1448518915175492
2014-10-31,1.6062848710247595,0.85567926122656,1.5444477527424587,1.0835671251056571,1.0592254731952717,1.233384334272619,1.179916098071863,1.174533972476093,1.1390020315288447
2014-11-01,1.5986918552719993,0.8612942978665582,1.5737149218983721,1.0864515026996338,1.061089140166324,1.243916441814799,1.1811789544521711,1.1846021865883378,1.1104180912614696
2014-11-02,1.5920587038931637,0.8653801013025959,1.5524506199104553,1.0878193124973965,1.060327400312081,1.283471196621299,1.2185755461303,1.1765621925901195,1.1089652456420405
2014-11-03,1.5907703885224533,0.8586908251249178,1.5565495549846582,1.085453472792077,1.0556381433767232,1.2981140654150214,1.2341618483774917,1.1626025923228323,1.1191162192432946
2014-11-04,1.5761771923949133,0.8629473334635557,1.5723393931443486,1.085452563514095,1.0576638745999014,1.2863067657066054,1.2295592495122065,1.1592451222213631,1.110984963121653
2014-11-05,1.5724706344910149,0.839237743828909,1.563543970345628,1.084633452266765,1.0566858327088882,1.2809725106863068,1.2282863064975742,1.1678138248642824,1.1209229133078211
2014-11-06,1.5576163246033776,0.8213975506439443,1.544461646445591,1.0831566058528814,1.0553040202090993,1.2634745168940045,1.1966919167524446,1.160057424507262,1.1231807504461802
2014-11-07,1.5719860236448413,0.8134845229152802,1.5372706733831314,1.0802536433288847,1.0552768390795662,1.2444317885407243,1.2106484035632301,1.1292138207449598,1.1193660953423907
2014-11-08,1.5795576673843295,0.8165017543329538,1.5874109146739952,1.0814952869461458,1.0511441445185992,1.242542297510991,1.1678823374850187,1.1280744482462917,1.1102650215041965
2014-11-09,1.6017202106106965,0.8087517442655774,1.5856628720780541,1.0795413780446588,1.0585603925998064,1.2356059669264163,1.2109201340227782,1.1420764201335456,1.1158392927624121
2014-11-10,1.611059836689588,0.814807961496034,1.5494589048765823,1.0787461336915574,1.0622448516542093,1.2347655703898046,1.177130864497206,1.1414070871078537,1.135077539561475
2014-11-11,1.6416754120945793,0.8142245001920623,1.5676145212065578,1.077667904211348,1.0551113608554286,1.214465545587385,1.214160782813846,1.136944303843998,1.1325419581846106
2014-11-12,1.6347843598017386,0.8424572939251042,1.5986713272422017,1.084948995734026,1.0545456303579832,1.2211709023047765,1.1775746568693382,1.1623595754486609,1.1195428731790382
2014-11-13,1.6405905146280744,0.8261545275178328,1.5878540745027194,1.0823323295323997,1.0520869561212254,1.2095646392438038,1.1648976230395907,1.1771215521423095,1.1073973690955357
2014-11-14,1.646509964381085,0.8445969937530023,1.5785518594641192,1.0801094822890385,1.05122203701197,1.23549172230069,1.1696529129224267,1.1679774195279078,1.1129772858742786
2014-11-15,1.6197798922449285,0.8552933680458359,1.5867655189263177,1.0792200926920494,1.0478009997306592,1.2160200557286933,1.1823978566117794,1.1897423371510225,1.106106790865906
2014-11-16,1.6314031096918788,0.8235051187700835,1.576109733500878,1.079227456428083,1.0440931110556244,1.1957646701267246,1.1668427138579422,1.195194796510916,1.1042559532302239
2014-11-17,1.5771206697109488,0.7923991870583049,1.565104733056007,1.0808172229640494,1.0327229168512044,1.1852477486544601,1.1547951128594995,1.220323846794932,1.1002251781437957
2014-11-18,1.58665410357346,0.794730923506615,1.5255595482962832,1.0834161794579684,1.0337159687724669,1.1963284349001386,1.2457060741884187,1.1824185207720308,1.1194207699666987
2014-11-19,1.5802889030112532,0.7991591008558518,1.5251840364761675,1.0821456475533622,1.0314631587795329,1.2036633126455705,1.2081561656124002,1.1959674851109359,1.1149856875089672
2014-11-20,1.5539754491403754,0.7930053908187431,1.548650198691438,1.080515930514926,1.0330452319006687,1.188067190768018,1.2267115559662745,1.208504353103733,1.1358204085557504
2014-11-21,1.5503493108592175,0.8028670365409284,1.5509372615261514,1.0848246124206007,1.0301781909416388,1.204236898851364,1.2221801498162332,1.2075824786025526,1.137089716081183
2014-11-22,1.5566803265240396,0.8015084869421412,1.55539862282045,1.0900690388122893,1.0343419638582971,1.2233177707907703,1.211289558522935,1.191716520446875,1.148179758429787
2014-11-23,1.5776032027276812,0.8230755351484522,1.5445920748011828,1.0894273740698428,1.0276622489811584,1.2149203305307374,1.2356745255105748,1.1836159099988888,1.1557632537468014
2014-11-24,1.5735684090362236,0.8282057867771091,1.523782872123301,1.0898148053281316,1.0154695051305993,1.21107616363636,1.1956269753799689,1.2052641476382322,1.1649793949127287
2014-11-25,1.5850555602784706,0.8512117799548535,1.5068886940868456,1.095636693658786,1.019357500506898,1.2061616224138931,1.2230216624101828,1.1855045618586422,1.1556069707017764
2014-11-26,1.5710613490753127,0.8434473676509585,1.4882353834967539,1.099766421391259,1.018403975558724,1.2140560581001372,1.2093152252164814,1.1533666599989862,1.158958893754381
2014-11-27,1.5264686192581507,0.8427427408989825,1.4642453558330621,1.1064330162753706,1.022218357634035,1.2166099078690409,1.2401214827714353,1.1389556438474846,1.16548938812795
2014-11-28,1.5315016251970077,0.8470848561212613,1.4870410818819235,1.1089750199170278,1.0235011339834905,1.1806128857267946,1.2165580263633657,1.1370870344892137,1.166810731119213
2014-11-29,1.5059974430674394,0.8841957962790901,1.5145464772842911,1.1110891199480686,1.023898403333739,1.176339348705962,1.1936400571089683,1.1386359832916109,1.170051577563555
2014-11-30,1.4783979185267004,0.8898680674977855,1.5121790766819079,1.1048409961985266,1.0204770058189148,1.167816888227188,1.2389431771826187,1.148369381701382,1.1546597647117438
2014-12-01,1.4896197634813104,0.865439879336357,1.532279403503297,1.103389926809202,1.0201968392094132,1.195919630481219,1.2072965153937454,1.124532939381693,1.14815211005624
2014-12-02,1.5132684942872456,0.8421178069719363,1.4806632430383313,1.1020068533826053,1.0225503957738622,1.2219963129954263,1.1963545127266098,1.1178179043919694,1.1616302761065629
2014-12-03,1.4712811567364694,0.8365654093578423,1.4844908858641437,1.103602180396515,1.0205674386698775,1.2229982744657921,1.1370553504612213,1.1070044400601824,1.167130696671598
2014-12-04,1.450044080538887,0.8377882303922211,1.492896770984922,1.1025784264796756,1.0213653745103524,1.2020493093306133,1.132584192310433,1.117358521085171,1.1691962024238691
2014-12-05,1.4377216508308166,0.8415045712467404,1.5061467038036849,1.0959080212343946,1.0262028635135592,1.1950142132174462,1.1424487725963972,1.137648303569058,1.153392484886688
2014-12-06,1.4228532869884079,0.8374705022363187,1.4924331744255928,1.1017216047658953,1.0227885958956562,1.183303262703398,1.1473473423166562,1.1173614826951197,1.1490594117901225
2014-12-07,1.4300554842180295,0.8327877965766227,1.4912084206225882,1.1000822470532297,1.0166949429110352,1.1903896846882762,1.187847167699081,1.1178933740935018,1.1518776422130994
2014-12-08,1.445343980488257,0.8140934186430139,1.5221214334820101,1.100859990228972,1.02343301503276,1.1749210541298716,1.231276331240858,1.1311150706284254,1.1584783628429514
2014-12-09,1.450851271228199,0.8107771967887317,1.544506329539296,1.1014336259228432,1.0154827020241761,1.1515291322262262,1.2269460369883745,1.1366009614686217,1.1580544931157548
2014-12-10,1.477814706409,0.7826271474679061,1.5476309511594903,1.0955366189352238,1.0186701490726955,1.1498015427461645,1.237488202040888,1.122099928606875,1.1731030051432811
2014-12-11,1.50135019124955,0.7911607553660653,1.5456899016453802,1.097551937266509,1.0158916546571626,1.1677384489543639,1.27855996260565,1.1403443290863724,1.1647786372453994
2014-12-12,1.509939805683058,0.7730617285382158,1.5567704637012805,1.0991453744064141,1.008395120562339,1.1435521226937664,1.271575473453513,1.1354261423546537,1.15092386400668
2014-12-13,1.519202804629956,0.7768702364401983,1.5536083054803143,1.0967631147496104,1.0127260046711049,1.1778556308440058,1.2595320900928828,1.125227172764791,1.156807475022538
2014-12-14,1.5114997769035718,0.775231700882484,1.567863963328288,1.0905904570719835,1.0181675934571588,1.1796321309371869,1.2494182201023154,1.123946087773314,1.1566042164880055
2014-12-15,1.4727025710776602,0.7964024166489279,1.569111838152473,1.092148917805476,1.0221447587763448,1.1581853285381658,1.2614993920935569,1.1196586646352225,1.1666293238214451
2014-12-16,1.4261527824807052,0.7953004366921984,1.5582318553766372,1.093674419238484,1.024168786062269,1.1436648508732952,1.2437835540375157,1.1180239847864455,1.1564021585325845
2014-12-17,1.444592589166536,0.7903332052074517,1.5043421851746313,1.092553986795127,1.0200166262838102,1.1103121932234674,1.21325049270934,1.120082409018124,1.171997870181299
2014-12-18,1.4518123264930964,0.7820212226875356,1.5130235187885042,1.0911584993476202,1.0172846122457615,1.0874636026351732,1.170984999549203,1.113755225231282,1.1740846532909464
2014-12-19,1.450143678663665,0.7764787217959731,1.496306193452511,1.0932586942028135,1.0120267485691485,1.1028713333525066,1.1477475746399906,1.101407546117577,1.1570981704018415
2014-12-20,1.4396721444606453,0.7904208819646835,1.506013535337628,1.0965770255139586,1.01424164013621,1.0811822029424771,1.1403838735561387,1.0887380695025355,1.1727256479063837
2014-12-21,1.4142592969479826,0.8034522020028907,1.5226029467760205,1.1027056416523642,1.0126809794936222,1.0952611401336587,1.1926511295200228,1.0788690670115995,1.1549583823474674
2014-12-22,1.3748012497049238,0.8140809237653784,1.4886522469879109,1.1015842372560214,1.014553682577956,1.099130872614363,1.203037805702282,1.082682165565012,1.1699597419337762
2014-12-23,1.3555750038245227,0.8044862372362668,1.475296188029701,1.1044379743212878,1.0183091487607907,1.108277901010314,1.2317541657449786,1.0637670444368978,1.1896995847951242
2014-12-24,1.3869546393324688,0.8154603916378256,1.5072829505414551,1.099059505379616,1.0162747783348396,1.0938309862223323,1.2497742198288673,1.047223221183645,1.1989494413585946
2014-12-25,1.4158837976736045,0.8259909635195453,1.5128674523885814,1.0959122165738697,1.0129338727011463,1.1186534462520659,1.269504380539437,1.0468197336263079,1.1941787070825218
2014-12-26,1.3732839346418362,0.8104001003252179,1.5480219973219937,1.0918120070864021,1.013802888204849,1.1391628290466886,1.237895684930202,1.049929476123158,1.2056179304633092
2014-12-27,1.3739533965917659,0.8525662345988873,1.517490063631687,1.0953889858506274,1.0132035208918322,1.1552188310653722,1.2490691084435348,1.0385930274891604,1.208619875617006
2014-12-28,1.3360755324655216,0.8621648131944069,1.5233747407651161,1.0975972686925117,1.0175931980939152,1.1630941393490881,1.2530184006563707,1.0250746746266899,1.2002535578843956
2014-12-29,1.3602598614684918,0.8848001203610947,1.5194789760970615,1.0978585058885937,1.0140128396741581,1.1878792372219755,1.2699445948203443,1.0551280820425564,1.189951504612403
2014-12-30,1.3529551048416446,0.8888401412511779,1.531722746919983,1.097257974088203,1.0105734659411014,1.2069629157259296,1.2885146228552797,1.0408373096436687,1.2063186069192406
2014-12-31,1.3771093861323969,0.8913443034241773,1.5336453260209502,1.099191532807999,1.0071912662544116,1.207856752178873,1.2333047723554105,1.0547291931469067,1.1877232873525254
2015-01-01,1.4085781223036435,0.8864043291718956,1.5302099546886159,1.097231452578006,1.0061315444284127,1.2389392114707685,1.1721869075336453,1.075142929055716,1.1919756156117605
2015-01-02,1.3834979314455562,0.8696019828161657,1.5614518172534773,1.0942288560613576,1.0015904682608827,1.2645501437946713,1.180358289896956,1.060231896867623,1.1947961276190309
2015-01-03,1.362626080085124,0.8871808000835978,1.581807608261228,1.0960846885500273,1.0031395723944534,1.3048910463613395,1.180586956633583,1.0416480335591916,1.2004053837497326
2015-01-04,1.405672399618908,0.8713307199006043,1.57542097589019,1.0975636773967932,1.0030235900029665,1.282079639927437,1.2073120890701616,1.0781063510039013,1.2029998374198323
2015-01-05,1.387031743705005,0.8473854281795002,1.5807706514480575,1.1013081607935085,1.0050303101977405,1.2822805813764282,1.1933248557089442,1.060659944042569,1.2132824944858644
2015-01-06,1.4064593069084954,0.8241474622021668,1.6114029322103265,1.1033149795709296,1.0107573533902081,1.2515593191997427,1.1609660824163874,1.0585019893349499,1.219625346421282
2015-01-07,1.4447788706701397,0.8349515577958814,1.6071936652374201,1.1000280855047224,1.0158313576197473,1.2300766818777271,1.1990102108003167,1.0541983639726447,1.2392684136038468
2015-01-08,1.4599258880690575,0.8332266156672219,1.5976585766344364,1.0990130635943214,1.0176733308639363,1.232031048537453,1.1850102940111948,1.0517900782187493,1.2404900475962253
2015-01-09,1.4137469556367068,0.8404315479319452,1.5793547539988715,1.0953203827673117,1.0109064368288683,1.192495092155151,1.1531229111864003,1.0408143181071194,1.2649681308105256
2015-01-10,1.403019167860977,0.8434566828963244,1.5874185866050732,1.0958605899153886,1.0106943751007984,1.1670767161316182,1.186815491736483,1.0692368231057425,1.2439360282057232
2015-01-11,1.3818890974895663,0.8395459233114978,1.5695213095035725,1.097633579104041,1.0078512020642498,1.2127922889402627,1.2153120851434718,1.072860050188183,1.2569598675455222
2015-01-12,1.40522714030874,0.8313594650187234,1.5546193215945088,1.0980006598116199,1.0114255911997252,1.2160705722233598,1.1772242898997913,1.0601548480997798,1.2562814503107758
2015-01-13,1.4040537980390349,0.861210057763542,1.5292295037739811,1.0997758718409893,1.0175512421826618,1.2660341637882766,1.1679384053708703,1.068181748821405,1.2636905002795489
2015-01-14,1.4085920171929662,0.8600222651202063,1.5376887497676275,1.0915311399899081,1.0204291599343525,1.2691627902825566,1.1629752535283795,1.1011916977684713,1.2554141613009935
2015-01-15,1.4004980504903366,0.8911963173035097,1.5227966407015425,1.0898388892181783,1.0199310867330638,1.2886231434226865,1.1680412320525462,1.0800605115988877,1.248984324629763
2015-01-16,1.3881592194104282,0.8903140518302511,1.5310351592076596,1.0913152037964848,1.012787441448308,1.3135592096878954,1.1741750568200764,1.1027071995759474,1.254782088972817
2015-01-17,1.4115078414361901,0.8981468706897756,1.5562278973351498,1.0931341554947003,1.0124920508647581,1.3675515175280686,1.1952875961028033,1.112417822572234,1.2390182061711195
2015-01-18,1.3846544492251447,0.9032383563352382,1.5594123354757972,1.0912295138558379,1.0131642755205112,1.4069305528237497,1.2121507726646072,1.0936011331074156,1.2378843951425649
2015-01-19,1.368350839272068,0.897296313843305,1.552140190722893,1.0897749739365223,1.008178958668761,1.4039791160448138,1.1988023832158172,1.0457651272325392,1.263545392349542
2015-01-20,1.3911086275756699,0.8915774738081506,1.5529563504215531,1.0860534326764841,1.0151181450651967,1.4522074785502714,1.2027990399895985,1.062029870073129,1.2660129294466296
2015-01-21,1.3636330058031398,0.8853250008964698,1.55588077781224,1.0846810486889822,1.0143318212420942,1.450108759868865,1.201093988205829,1.0630747772152425,1.252838734761572
2015-01-22,1.34937589240521,0.865208188705545,1.5746039150616158,1.0779376507947187,1.0191137479998342,1.4865852149146146,1.1940752612759233,1.0217774514751443,1.2485626638354133
2015-01-23,1.348481576774171,0.8498154705842997,1.5653411174361076,1.0829938096135585,1.021926205024715,1.4621425517894455,1.1561610034112013,1.016969723144806,1.246147234717785
2015-01-24,1.3589228531857493,0.8419668291404916,1.5754187755737188,1.0893893885326216,1.0253619251054584,1.461169359749037,1.1521572069641193,1.0117322304116336,1.261108988247198
2015-01-25,1.3465434713744961,0.8429889842483812,1.5768592988371122,1.087858412346528,1.0198353656326915,1.46995616169698,1.1509819150889797,1.0195262179459943,1.2546319286190284
2015-01-26,1.371605768660383,0.8300221883357717,1.6097281163288113,1.0822636549509408,1.021710924720269,1.482829673631636,1.132898675519574,1.026220334385383,1.2709361047682048
2015-01-27,1.3264082277689855,0.8378654054262895,1.5620491770704197,1.0792365695572803,1.0284712441055655,1.4675979336377714,1.1065275141167201,1.023378662615868,1.2974720602536693
2015-01-28,1.2903627741870294,0.8223451398922612,1.5905865349647,1.0853591941277307,1.0281485870702753,1.4351596918783638,1.1531309896202349,1.0480591131856862,1.3065407021358688
2015-01-29,1.2750254767883213,0.821948335225513,1.5880029118973202,1.0865450075632044,1.034218782242789,1.4581645938329835,1.1285145009812267,1.0699084697389842,1.3108932091370369
2015-01-30,1.2885483803406075,0.8439746892804395,1.5672970006944686,1.086536883752901,1.032123643005317,1.4173046789125958,1.1365655486286634,1.1104294858344612,1.2870339335832963
2015-01-31,1.2883110179184467,0.8540431155989608,1.5700819909503563,1.0862767840363399,1.02686304766525,1.4235268751676209,1.1195906244439988,1.0741752672384721,1.3026661476159709
2015-02-01,1.3072179963906119,0.8551789054744464,1.5748690080580536,1.0898864318623984,1.027887198384702,1.4469756596695234,1.113153376908141,1.0955296095368479,1.3071054479036033
2015-02-02,1.3114151846832716,0.8359706469054883,1.5807644833399181,1.0872752113760895,1.0253656565303455,1.426028138423556,1.0896383472831017,1.1306649652412886,1.3247688744025032
2015-02-03,1.3495845957759407,0.8179035570335339,1.582590337450887,1.083164742567396,1.0226148265579906,1.4027463956172772,1.1168702403145094,1.1241710530060596,1.3391873850507108
2015-02-04,1.3622191548533003,0.8521454963867497,1.5549688649640605,1.0873649301856707,1.0274065577680218,1.3784496790773748,1.139590359393283,1.130064153772379,1.3364088891504398
2015-02-05,1.3457921100590067,0.8414562087369962,1.593684083479236,1.0874758940988531,1.0307235603942009,1.3591014990340318,1.1220440194799892,1.1486308503210276,1.3186403144712355
2015-02-06,1.3378139764995025,0.8423081775941426,1.5962921016189378,1.0870003627975129,1.032458555846423,1.3763232226680728,1.138754341571247,1.1318757064860943,1.3151570588572155
2015-02-07,1.362190877520775,0.8562093364239716,1.570473172861038,1.088255239171389,1.024392059365574,1.3777612440344746,1.1822039010317653,1.1160086305419137,1.3044474318425319
2015-02-08,1.3782108507632225,0.8327745210502533,1.5590196172197683,1.0903113052737983,1.0218954690285467,1.372184810826859,1.2000359268085024,1.1232885682789913,1.3081888270470592
2015-02-09,1.3716135839430685,0.8386548252831671,1.557172502998134,1.0919177883006852,1.0199664082359166,1.3679499170647311,1.1765162356521348,1.1229233712708055,1.2978410421272208
2015-02-10,1.3491044493554654,0.8428949807690002,1.5616149251001477,1.0945914813510667,1.0183094704819475,1.3782710324919347,1.1897119846260202,1.1306396595012078,1.2873849379744051
2015-02-11,1.352531784767821,0.8487569152624317,1.5622179295904313,1.0878494184865548,1.0190650138450208,1.4334371006200617,1.181383066363422,1.1185178948029615,1.292448848085869
2015-02-12,1.3592750661811255,0.8673185779835662,1.5391058247346479,1.0903450981757723,1.0215736342105,1.4300561418842315,1.1896217322203892,1.1360135976085204,1.3039815679363398
2015-02-13,1.3363776839350001,0.8804695971954098,1.5383728051764742,1.0906925064322555,1.0219748960383646,1.4264747467523005,1.218213279307004,1.134814229216751,1.2896436890912657
2015-02-14,1.328890029477979,0.8836538198102472,1.5615262041686284,1.0927749482435272,1.0186001907156705,1.490571133528117,1.2249079779601857,1.1567511654219822,1.2879450422110146
2015-02-15,1.339920333223107,0.8973596732494769,1.584821577600086,1.0963506225239035,1.022255730857206,1.4824153824054607,1.211146233792595,1.1627536775330007,1.300220807964653
2015-02-16,1.33584588938907,0.91492377972672,1.6129226844201228,1.0934464305559823,1.0189357684873765,1.4789661708426496,1.218839741530238,1.1538370949029553,1.318062472722732
2015-02-17,1.3447439627626698,0.9159393880031694,1.5856144286995795,1.0892394528758127,1.020182983569777,1.422489301907758,1.2437683638512327,1.1513306057368615,1.3610720766050137
2015-02-18,1.391700732620167,0.913314229468445,1.5840667992019695,1.092601656811915,1.027235192727016,1.3808323811806376,1.1995803717286393,1.1408183562159837,1.369275769544797
2015-02-19,1.4024907329388885,0.9312662300183189,1.5617372069565123,1.0851190491113127,1.0308634457553836,1.3605237434865705,1.1513935193491236,1.1435288906504057,1.3804103872074045
2015-02-20,1.4003437202084323,0.9239639191809637,1.5592191449906885,1.0840211817719638,1.0254079221365382,1.34329372769425,1.16362776414099,1.1492753270120304,1.3830063843031324
2015-02-21,1.3798605744159198,0.9213148620340851,1.5189526527305408,1.0847100013424524,1.0313711109815435,1.307918922398024,1.1502244555247967,1.1551786965882922,1.4006098791993966
2015-02-22,1.3709972204405154,0.9102033386800868,1.4835199261640144,1.0851550734627287,1.0398988010295689,1.3147102290349384,1.149941983881877,1.160990671686799,1.4007346454721312
2015-02-23,1.3546889129384452,0.9240557583180847,1.4879840427590325,1.085320928299163,1.0359456630603454,1.345820404892116,1.1654593641518551,1.151593830805666,1.4150477002136992
2015-02-24,1.3449845141398977,0.9114183136763778,1.4748653245793206,1.0796629270936358,1.0380032267624248,1.3017305104246286,1.1370584286950203,1.1159706343735913,1.4141127825453235
2015-02-25,1.3423553291257788,0.9064232565911264,1.4568558438961008,1.075974041409925,1.0400350967521914,1.2890907920793067,1.144480198300569,1.1013751554329796,1.4169560364917855
2015-02-26,1.3689999690053736,0.9163494835402616,1.4500829708752034,1.076911857060807,1.039137899349557,1.2895314591612599,1.1372559863095937,1.0988805097701893,1.4202446972684661
2015-02-27,1.3490120485619916,0.8999598226415461,1.4263559728267117,1.0718494954656574,1.0341821148206576,1.2934907399965438,1.1171768785769434,1.1075662997363374,1.4210217663838012
2015-02-28,1.3095837136529656,0.9109299373615952,1.4406617295093542,1.0687608667954525,1.0360237513459833,1.2738077324441242,1.1195826156851616,1.0867800756720805,1.3958255377521291
2015-03-01,1.3024566214147084,0.9092655581135007,1.4342188650458843,1.0650714063049773,1.0344701340150826,1.2802370292772045,1.1188013030864863,1.0899725089448875,1.3867510637593805
2015-03-02,1.3257390347479174,0.8903790940413335,1.4430403488165477,1.0689543086710425,1.0365635212651036,1.2758260544164055,1.1072038748626378,1.107130109294142,1.367295294059037
2015-03-03,1.3068447824502232,0.884363657463733,1.4649050726406434,1.0702790668544289,1.0326534139364816,1.2689550438297967,1.093821696326386,1.0955641038477912,1.380953063986031
2015-03-04,1.280347005614859,0.9103268547161464,1.4799038786559922,1.0738886739937574,1.0308444550077194,1.2657840102670466,1.0626882096885182,1.0871611971712491,1.3880463963428717
2015-03-05,1.3056222666201411,0.8925492429691211,1.4738568859737935,1.0735086273041814,1.025192173215461,1.2795105345337237,1.0475132275410288,1.0841923172891634,1.3820507386520233
2015-03-06,1.290555284365603,0.8927930787300755,1.470485711094933,1.0724184002326402,1.0223074398206444,1.287125469922214,1.0823664494272558,1.0866841256995867,1.3960940079467803
2015-03-07,1.2640300771716968,0.8956854657412231,1.4515628836139989,1.067773997668521,1.0193862110020824,1.3149971268525253,1.1031482279046785,1.090862503133625,1.3749752860719795
2015-03-08,1.2606877164910302,0.9009078495612907,1.455055974986113,1.0619745105317615,1.0158578386724606,1.3137434089143833,1.115201024879765,1.0551455732523545,1.3730211165335484
2015-03-09,1.2637710202116608,0.9150458106727565,1.4675902505917184,1.0639367356562401,1.0127089211195088,1.2688869034230408,1.106657408334607,1.0712096131629674,1.3924281456690584
2015-03-10,1.2776197219765444,0.9224834263796249,1.4747163930274076,1.062268103837608,1.01228333913336,1.3072621691237492,1.0860169638183805,1.097370353541701,1.3882226206380661
2015-03-11,1.3034039809339497,0.8994926762057923,1.4855273183077293,1.0600263884021601,1.0066539618720458,1.3126658847111452,1.1081602369493704,1.0836816223345387,1.3676905865121354
2015-03-12,1.301999339656298,0.8984368193944937,1.49574750193398,1.0631521769527899,1.0065153851577398,1.3567702240934671,1.1133516295494903,1.078267118088267,1.3459228695636862
2015-03-13,1.2972602016281036,0.8933561906104733,1.513432708186159,1.06473356358568,1.0018678240334427,1.3612483513424214,1.1285273063621566,1.1031971610654188,1.3581371730033098
2015-03-14,1.3124546209512946,0.8946797406013696,1.5209389470784855,1.0688312063589787,0.9966269436513104,1.3529584742674607,1.1113157132431597,1.1096920101604482,1.3751169051159537
2015-03-15,1.3010958324196373,0.8565435884515843,1.513871677731792,1.0718671371725228,0.9988698721336454,1.3636567937880362,1.1053147572662896,1.0886239957314892,1.3824778278247376
2015-03-16,1.2852039523778698,0.8905601388505963,1.5246899356911483,1.0701071903849522,0.9965269819053248,1.3616481331685404,1.1002413200416572,1.107078901239915,1.385331485604494
2015-03-17,1.2714850735256282,0.9212202830492372,1.5260495016736308,1.0726824237005135,0.9942021781004003,1.370820305694742,1.1073072896523364,1.0759204540898242,1.413526792528377
2015-03-18,1.2964820465570592,0.9150024922942718,1.506321898266542,1.0739081616457238,0.9946463784845867,1.3798705176582011,1.1117714520570334,1.084305763707036,1.4342675517175758
2015-03-19,1.3079190252616384,0.8980806201352358,1.5314032939896856,1.079301160571423,1.0072865703854768,1.3522415184835526,1.1173943921162173,1.050658150492656,1.4424880440904657
2015-03-20,1.2975563769748204,0.9295332214431221,1.5176277399779603,1.0739396790475932,1.0054885084940381,1.3044279082843149,1.1344033573624008,1.0183228371128534,1.4431870389054882
2015-03-21,1.2575044742327919,0.9245459406304014,1.548011463618227,1.0752090152578313,1.0021161257570863,1.303956145233428,1.1350390060366011,1.0257458558005492,1.4237493535742047
2015-03-22,1.269059065547266,0.8799097415189364,1.5367750449635298,1.0737415468474016,1.0047550054707843,1.3047481099720324,1.1033586360063923,1.010795715719727,1.426862808796532
2015-03-23,1.267934666362201,0.8710893203944384,1.5283688770550516,1.0760914345084929,1.0027748641557899,1.3029401956792903,1.1514636732144918,0.9894120902142685,1.4007249261440506
2015-03-24,1.283218154265129,0.8607968991076407,1.522990775723215,1.073677256589388,1.0018330574387422,1.3406911758087872,1.1701664015761408,1.0024063881392309,1.381167625747996
2015-03-25,1.261445399114987,0.8171515559519446,1.5086555186612562,1.0768661956726335,1.004004817178104,1.3356136582585876,1.1698785340014064,0.9922487203882435,1.3842719226677225
2015-03-26,1.2763155372137154,0.7937107773279816,1.5145328969717735,1.0799862050687932,1.0024381669008968,1.3527263565324106,1.2359685860126086,0.9908941600899764,1.3899932161153525
2015-03-27,1.2625685260264643,0.7966177596598012,1.5233524150518052,1.0807254848082652,0.9984496846892414,1.358021619930665,1.2723603446668155,0.9977605973079687,1.403642771426573
2015-03-28,1.2584586387798302,0.8076893160402302,1.528914500805842,1.0777505369786942,0.9998216384449438,1.3340518050860803,1.256509781442044,1.0007937143020005,1.408095747737638
2015-03-29,1.236387178333558,0.8233356666062172,1.5398677594774306,1.0755797476826807,0.9937723784070529,1.3308390315718988,1.2455544306295496,1.0026923269186396,1.4032643366221271
2015-03-30,1.1995281856318152,0.8179096829370877,1.534682363615503,1.0777319645528776,0.9910963494399286,1.3713180233576507,1.1981824943629673,1.0226133292243005,1.4003972013708414
2015-03-31,1.2153544883222869,0.8194117141277015,1.5561290377265722,1.0765873206361811,0.9868401043036171,1.4066556233273715,1.1957027203949402,1.026216381615106,1.4179687120592719
2015-04-01,1.1969062231403758,0.828522618722629,1.5455804481210755,1.0762681038108546,0.9872240994410028,1.368951635134463,1.1773167095221242,1.047219021915686,1.4308182195848422
2015-04-02,1.1961406895085502,0.8324798268914781,1.5405868166908974,1.080755872906215,0.9865316502782128,1.3749382764616678,1.2045369816303186,1.035217292629687,1.4534078228854588
2015-04-03,1.1690398242266526,0.857232414407904,1.5341593236374367,1.0800770542023281,0.9791720840303618,1.3639576001495672,1.1797281806193924,1.0259886460202052,1.4517028161315808
2015-04-04,1.1861859842833582,0.8607786651725531,1.5402838715122984,1.0766353258447707,0.9758203619690266,1.408391315538067,1.1626173786729015,1.0516826066802456,1.4484646304257303
2015-04-05,1.1865825488454385,0.8777072315282808,1.5642548612794822,1.0763850752265238,0.9744025220971461,1.4072553520681004,1.170708208060156,1.0659534719728452,1.4488155913632625
2015-04-06,1.1979539188243995,0.903942317748353,1.5718817227135196,1.0774990891826122,0.9685798401941221,1.340898839970322,1.1800358427821904,1.0646504893888247,1.4416471028257336
2015-04-07,1.2026893744369038,0.9033210679099762,1.5936261331888382,1.0778851922378838,0.9657828788337793,1.3650658494398853,1.17514740093038,1.0732720825559958,1.4350528546318904
2015-04-08,1.191327082893067,0.905050953177498,1.5943495497680498,1.0795445761258795,0.964841643245591,1.3202173261037973,1.1652109683207772,1.08626648496355,1.4310723612886462
2015-04-09,1.187281632715071,0.921481951502286,1.5812062443010542,1.0746559560446411,0.9643181930366381,1.308975502461857,1.1429263943169197,1.0836261221781316,1.4383923772328255
2015-04-10,1.1874723951267285,0.9269423396056842,1.6160890650906186,1.0736579912079216,0.9654882914655207,1.2972394368533164,1.123808442336873,1.0743355292179861,1.4317936289101554
2015-04-11,1.1942316506398172,0.9665073570429649,1.602687612200202,1.072423417740902,0.9653410621743436,1.3067409105016208,1.1299568165745308,1.0952436423391974,1.397339060557633
2015-04-12,1.1518317121523303,0.9582671017597753,1.6242719714931573,1.0674935472435747,0.9538240322908415,1.3204371616358892,1.135689250754456,1.0775520336720879,1.3838471985716072
2015-04-13,1.1354225381319394,0.9605570110502005,1.6125515769035406,1.0691825267345958,0.9430281686368849,1.3003357062630445,1.1103394410210838,1.073624237789425,1.3766782091784784
2015-04-14,1.1493515120374096,0.9287932523600334,1.6139156305993256,1.0710803356304817,0.9501259547813701,1.289319538507341,1.117766692617113,1.0447889004008608,1.3440240049824441
2015-04-15,1.164260458083048,0.929071811122991,1.6372240458996095,1.066774369182224,0.9521968574436986,1.3329484628180794,1.1273729049501635,1.0493323974874063,1.3444078055636055
2015-04-16,1.1371760087474592,0.9521130826922551,1.6257138833152553,1.0684955560419154,0.9463388117102677,1.3049161914689347,1.1599559525335243,1.0440757308140287,1.364214636060976
2015-04-17,1.1361827311206356,0.9209274185262637,1.643604557661125,1.0667115136373242,0.9490782309575946,1.305769339953801,1.1243889602447248,1.0468575886185394,1.3944486765339947
2015-04-18,1.1449254264525783,0.9203423353293686,1.6653069108265093,1.0674923522208652,0.9499685962870219,1.2803731015723032,1.1298725608082305,1.063326387107181,1.383069108654341
2015-04-19,1.1697330263648302,0.9191912554078414,1.6480655984663228,1.0707939952934151,0.9489738110764606,1.2981334999718743,1.123505533861035,1.0625848316287894,1.3901720011948306
2015-04-20,1.1751880247057704,0.8865419753853704,1.6263854193193195,1.0738866945855836,0.9485671318081581,1.2861554099878618,1.0932029264817755,1.0455876770379193,1.3623435569817808
2015-04-21,1.1737552227969077,0.8773468715485275,1.6080088015164458,1.0737746127354098,0.9500429908308206,1.3348718422742294,1.0603656594917563,1.0639803125513227,1.375873012112555
2015-04-22,1.1603903867854484,0.8809073620181072,1.5996606646432834,1.0744801532472688,0.9558729524960252,1.3496901373766998,1.0713639496857887,1.0573254989427467,1.355729451577826
2015-04-23,1.1571099362895623,0.9003921050833471,1.5708251586607476,1.0711865835045693,0.9564513234466311,1.326038456071251,1.054596601465327,1.0508187403158775,1.3374865201236632
2015-04-24,1.1405495782592436,0.9121527588952497,1.5466526140611312,1.0661588445850396,0.9541366156770572,1.3437744843627635,1.0506540593962614,1.04370604651474,1.3383473103649481
2015-04-25,1.1110257549880398,0.9206400682835834,1.5542330993690663,1.064956296920036,0.9580711869758731,1.3167714304577864,1.0745650334559689,1.0463334773179929,1.334110737292423
2015-04-26,1.1110278609034447,0.9192307839671258,1.5774586181173533,1.06162294390004,0.9552448032444062,1.3415971174923509,1.0619811261116592,1.06067661260712,1.3570499173626116
2015-04-27,1.1046650872221468,0.9308724023419352,1.5560930337205283,1.0641328327516923,0.9561023226297553,1.3532887192404235,1.0484818152159538,1.0344606629724167,1.3641507090748928
2015-04-28,1.070805945397191,0.9259273206311044,1.5741346601802468,1.064851860078787,0.9636491925738668,1.3785302127234942,1.0349795001958293,1.0350913743604484,1.363777331442054
2015-04-29,1.0457141229079054,0.9106243526761914,1.5640143424212876,1.0584535256948049,0.9639286256624572,1.3726255636321651,1.0005582782186664,1.0415743513891318,1.3738129971224098
2015-04-30,1.0495890345588186,0.9056767237163545,1.5755838348206428,1.0607193159637622,0.965210278926958,1.3525261793543335,1.0062934935881866,1.0604603960116368,1.3658911921700172
2015-05-01,1.082933523152031,0.8974700637666758,1.5766692295673315,1.0586854325111845,0.9661688131781101,1.3103814764986963,0.9955051860993751,1.0433002188816238,1.3680129449819405
2015-05-02,1.0994122092082137,0.9082649336431631,1.5322703622888232,1.0652770292356195,0.9674065911385679,1.2923283711700506,0.9988327203013246,1.0462661621311267,1.3591639707995935
2015-05-03,1.1030059128782013,0.8986968156305211,1.52529494063309,1.0631903247416523,0.9619594292031652,1.2959792717884762,1.0107248114127139,1.0545559946237193,1.3705799322150591
2015-05-04,1.1087030521935233,0.8904386375974245,1.5411213496462717,1.0589667452320455,0.9585899878300002,1.273745968127247,1.0327597455087711,1.0696802550113762,1.3775329559890737
2015-05-05,1.1268624418086468,0.876701760521455,1.5480304146303685,1.058674975235535,0.961933097651409,1.271358922091282,1.0250152270684767,1.0785731784934607,1.3898779816085458
2015-05-06,1.1159035040676473,0.8760886285508698,1.5288328442392625,1.050846938675565,0.9628006059779737,1.2855476645086032,1.0305926795103533,1.047247718450347,1.3852795782276355
2015-05-07,1.0791063445386433,0.8980386961710186,1.5093667431031903,1.0549097344888423,0.9665396215030325,1.2649652412026342,1.0074500004815348,1.0529610341398905,1.373860385682117
2015-05-08,1.0810889538555655,0.8905931501672615,1.477558497826207,1.04795639818477,0.9675126726961455,1.2524319157102208,0.9965072837553016,1.0641623889612097,1.390256616346753
2015-05-09,1.0769936042262838,0.8854893596713929,1.486869652440027,1.043795165888015,0.968473037597092,1.2651239949823336,1.0102636723584237,1.0334599306981704,1.3799498756575987
2015-05-10,1.063128443715784,0.8874356344506494,1.4958933676505435,1.048586322668683,0.9666524420117407,1.2540461834579528,1.0336951626088986,1.0382641284194132,1.3977188210851403
2015-05-11,1.068051706536354,0.8693070113325281,1.4724115212911706,1.0438104977295015,0.9693090033471724,1.2811269882685694,1.0721354356306831,1.0516022715905522,1.4142515785064025
2015-05-12,1.059079810539669,0.8515596873418583,1.4878732439843154,1.0452228174409357,0.9698225214451377,1.290316110716064,1.0792798348783061,1.072063562936794,1.432848782896808
2015-05-13,1.0680431262975578,0.8648648405516207,1.497497924967356,1.0438812643427726,0.9728544375399245,1.2581860637722693,1.1022445688561127,1.0530689078671518,1.4372304815697046
2015-05-14,1.0548236260960437,0.8738257066308157,1.497337538879673,1.03899144487143,0.9745888409953094,1.2453493273722673,1.1218898015175223,1.0533004622725408,1.4432010385985388
2015-05-15,1.0399890778233802,0.8649057111492562,1.4895458979819602,1.0417656636592334,0.9812253118470746,1.227549435447603,1.146276278503316,1.0192312889589037,1.426255124966861
2015-05-16,1.025344287709428,0.8441954086159429,1.4616868306701554,1.0431605844829808,0.9804832398044216,1.2361782452041392,1.1623349829801277,1.023496012471505,1.4359217570018439
2015-05-17,1.0245824730080926,0.8264961081470159,1.480679653408179,1.041421284871155,0.9769119421677637,1.2324665931181382,1.141347608689832,1.0172921367022396,1.441149286468792
2015-05-18,1.0302434203597262,0.8134697515880679,1.4724582322332047,1.044881926774264,0.9789493901744115,1.2787471565485622,1.1685146075925177,1.0349568002405136,1.4214362586140672
2015-05-19,1.042356924905994,0.8130175255065907,1.4631643973937074,1.0455130835451714,0.9827485421350038,1.2905307714921859,1.1482181211289257,1.0466899851233897,1.412657645362316
2015-05-20,1.0460575492269057,0.808903411934788,1.4597604990249586,1.048020986020264,0.9787578215424692,1.3359748914448535,1.1066276842551637,1.037515731442993,1.418170003458691
2015-05-21,1.0555397601654721,0.8077640205421949,1.4591931069996311,1.0494165834345732,0.9779510530910976,1.3697446796601291,1.1254259491232894,1.0513067695136047,1.404751892622144
2015-05-22,1.054599457516665,0.8037184256604678,1.442022465782186,1.0506554118950922,0.9759456832563638,1.3861778749574534,1.1015626072048323,1.0786256163677488,1.392441593014906
2015-05-23,1.0583849792415758,0.8154956875599462,1.4325805566791348,1.0534474298173628,0.971244812119878,1.4226871922083826,1.1020946457503875,1.0691917721530844,1.3885541498955103
2015-05-24,1.0715447147975132,0.807242711973609,1.4201281477757577,1.0528526430823393,0.9667694632167321,1.469592890659097,1.0898306557523432,1.0827429778880422,1.39174046626477
2015-05-25,1.0560415943369703,0.8074790849373482,1.4339147991980938,1.05236329401394,0.971480000811923,1.4969086208979878,1.1100778534561506,1.0754941743473607,1.376990210040344
2015-05-26,1.0466387963197805,0.8106543647648657,1.44373631338673,1.045612684233241,0.9715456215595707,1.5014676148587998,1.1041379543810448,1.0965406355524612,1.3830734784126872
2015-05-27,1.0675222531830022,0.8078273784188732,1.4604110778677257,1.050846183986709,0.9767402562316037,1.472251234181048,1.09875691426526,1.0910826367973088,1.3901168428249417
2015-05-28,1.0788329752618961,0.7959522609168466,1.4620380665978505,1.0445833698183273,0.9824715531949821,1.458967499480305,1.100204283451358,1.0862330519283439,1.4063259885371864
2015-05-29,1.0332386924070118,0.7960326631096929,1.4606201453983694,1.0432662450760408,0.9893536742521298,1.4359567658277648,1.1174069935109694,1.0922549018477423,1.424348326833701
2015-05-30,1.0232081803515778,0.7858486668495076,1.4802696328935059,1.0447017417934257,0.9833386518578591,1.4223044208623896,1.1262654085012946,1.1061991339917656,1.4149585860549723
2015-05-31,0.9787867842793941,0.7935641426898191,1.4590368698667853,1.0384836598990472,0.972296443496261,1.4434279961137813,1.1293878092894098,1.10267606042471,1.43489569725832
2015-06-01,0.9884374949702485,0.8169690479860734,1.4350899520813896,1.0384798674897906,0.9661059744821514,1.4377569378799513,1.1239980125624645,1.1132608734909795,1.4358364705677806
2015-06-02,0.9979770110703591,0.82764023429121,1.4726306769753892,1.037601427790135,0.9625660744666512,1.4444130409214826,1.1061875890445088,1.138230659758913,1.4320570899674916
2015-06-03,0.9898099209765364,0.8209498530151109,1.4857680286186172,1.0372141524478224,0.9601917442254242,1.4880001320253693,1.087467137525233,1.1390655418295388,1.4416848978779133
2015-06-04,0.9658861888019068,0.8283750891410038,1.4674020160154553,1.0398780796970815,0.9565904451829873,1.5068528594471498,1.1117357733364233,1.1540118448802301,1.4455964290209904
2015-06-05,0.9628247988650576,0.8201115900539383,1.4937454278714641,1.0377998982661354,0.9527179142395037,1.5252012655011866,1.094256245199648,1.1377968793072424,1.4250168566436736
2015-06-06,0.9561392827689891,0.8192185947941161,1.498550957380784,1.0408654748266237,0.9548211263943356,1.5202661718396793,1.0901375593156863,1.1467312723244085,1.4434361993493523
2015-06-07,0.9582377340752808,0.812628509287139,1.4811461991102675,1.0364567685828132,0.9574612819419469,1.5363864866297503,1.102943700109503,1.1447475514196956,1.4640330920126474
2015-06-08,0.95156669625638,0.8269265829824459,1.480901936270125,1.0346688264564983,0.9598263273806767,1.548022233076344,1.1110387059684081,1.1463721500494608,1.463771131375132
2015-06-09,0.9859425949655618,0.8448846330333929,1.494191435831472,1.0351193186505951,0.9637890940011897,1.562765451271444,1.1118432036018475,1.1413814591559697,1.4628794409724233
2015-06-10,0.9393505110863933,0.8484253883174835,1.4858811719561082,1.0401686410328337,0.9639600473285177,1.5296327271739518,1.1109563940353286,1.1236993872899639,1.4700973966171142
2015-06-11,0.9437318395705923,0.8633925567702507,1.4722250599454327,1.0403787803626503,0.9587931374351548,1.549253182494115,1.122707450425948,1.1322811641425814,1.4704152174342664
2015-06-12,0.9498864748708852,0.8886710537966419,1.467630052547451,1.040915548762081,0.9547235349807265,1.5253502240867647,1.1251283061741642,1.1512570677963452,1.466940908238592
2015-06-13,0.9468100320074655,0.8825179537160165,1.458652442032039,1.041940761441022,0.9491011388870971,1.5608251605971655,1.1103796225717006,1.1639537665580666,1.4486041674610126
2015-06-14,0.9565930431982229,0.8935450181428842,1.4658150452514307,1.038936548683558,0.9501434348848049,1.5278995361576815,1.1049884351403412,1.182159396154396,1.4604349456122938
2015-06-15,0.9570978795693241,0.8782238320779033,1.4776105359434186,1.0391008499670358,0.9414199186982156,1.549729151539932,1.1046738928038355,1.2037181636519383,1.4447313191952469
2015-06-16,0.9117787616787497,0.8829868873305804,1.483223629830966,1.0339344250762494,0.9378293448384215,1.6268962399833307,1.0981428262460073,1.2171569362358958,1.435619979151673
2015-06-17,0.8834638884775059,0.8806340376966605,1.4789411853998289,1.0327974748883628,0.9374930736142866,1.6349604862660967,1.0950654577489107,1.1943229595017117,1.4428868691507637
2015-06-18,0.8578959343783686,0.8484852291178056,1.492503321480149,1.0344717024061874,0.9373715918927901,1.5942204213772644,1.0797802944745662,1.1898547569941662,1.420148502006469
2015-06-19,0.8486431579420737,0.8587874910255228,1.5185141684402101,1.0332734694285348,0.9403017718237138,1.5396134597206197,1.0942374996398867,1.1757440002609438,1.424797295878531
2015-06-20,0.8457439499704152,0.8795421966443228,1.5030356076340219,1.0353222635850285,0.9393445165489934,1.5355342560081224,1.0904327506528229,1.161064722879131,1.4248813736527217
2015-06-21,0.8452029078328674,0.8837132711270287,1.505010689232368,1.037904340381686,0.9429084220185278,1.5068025370444265,1.109597596953168,1.1406357351989511,1.4335425989814476
2015-06-22,0.8533135440491323,0.853663746590634,1.5071414095579803,1.0365493683671985,0.9401409282525603,1.5437423164950888,1.0953131003999648,1.1270671272251103,1.4349144267114904
2015-06-23,0.8623448833550118,0.8518286473618822,1.5286881761600501,1.0383041707651168,0.9320436398971355,1.529338574936853,1.083224302784522,1.1353966202408392,1.3975375309801368
2015-06-24,0.895575469019043,0.8603115571431238,1.5318778171311398,1.0420884812461917,0.9408743956772977,1.5536144384380262,1.1039964957430448,1.1378494747460282,1.3958391629670273
2015-06-25,0.8894524807409215,0.8478628352745833,1.5197083205636475,1.0379704936531557,0.9406829410956157,1.5068133316306618,1.1084327185148755,1.1374569631918046,1.3981693112387246
2015-06-26,0.8827531481817323,0.8951595804383876,1.5449679864650359,1.0341988955229653,0.9416532295391974,1.4906239625829445,1.0861647546315278,1.1148203399572612,1.4044920662292197
2015-06-27,0.8739956159119397,0.9111121015474305,1.5638558173445898,1.038565017631704,0.9385367838577907,1.503676732040598,1.1001209771631533,1.1071139519097069,1.3939334887315007
2015-06-28,0.8953585246808313,0.9152074828058184,1.5762597164889225,1.0361075359703111,0.9340532642489064,1.488564636619554,1.0976122307608938,1.0896621824383548,1.3940750453445678
2015-06-29,0.8729498695266614,0.8971222017203885,1.5894229588918467,1.0380879224485302,0.9326825344877597,1.4615922062865792,1.0752779391254035,1.0837790705022323,1.403338931808295
2015-06-30,0.8853664338147352,0.8894629570134033,1.5678991376422975,1.039025866977496,0.9297034160066381,1.4482499924065908,1.103993797579175,1.0974419821718688,1.4058365146207377
2015-07-01,0.868740327893134,0.8932032716842975,1.588363180781611,1.03795889027848,0.9348209278877402,1.4822395728081834,1.1409496108889954,1.1026862698956768,1.4143754489233862
2015-07-02,0.8874293729200078,0.9007536001027623,1.5792859881146548,1.0366659790929733,0.9358064346334849,1.448103438929276,1.13790877673635,1.1210440189231485,1.383665767518701
2015-07-03,0.908121769072171,0.9193115886696726,1.5710465761237453,1.0384595900447002,0.935911797929322,1.480453818700009,1.160500433949873,1.0977251140725273,1.3920682496528127
2015-07-04,0.9055931786495774,0.9210499942610789,1.5577899864344047,1.044009545116128,0.9398990136204055,1.4610363626597263,1.1297562102671945,1.0915942211028196,1.3983952366828816
2015-07-05,0.9091277882094144,0.9421939779178842,1.5730236718299397,1.0471506640232444,0.9412218477962886,1.424791882590424,1.1255603288911804,1.1091703574560603,1.39795442155193
2015-07-06,0.9162611280573227,0.9371650461333165,1.5540565579480414,1.0468678996339391,0.9424794988026199,1.40826090724329,1.1204792964312742,1.0937618198285952,1.413880546249323
2015-07-07,0.9124890309265811,0.9620464030662049,1.5830319023864108,1.0467180531673164,0.9387719777284227,1.3556677675458937,1.0877156510124442,1.071440851019185,1.4336532362572065
2015-07-08,0.9143481076162018,0.9691779389858097,1.541326844430647,1.043060925706983,0.9421969174707451,1.3629367686724287,1.0847308444318873,1.080733066850242,1.4573916350907483
2015-07-09,0.9115907656749178,0.9707757804440281,1.5453515000959184,1.050650580071238,0.9343791091584582,1.3799707718512233,1.0824571997959918,1.0901371476512576,1.448102620804465
2015-07-10,0.911194701855047,0.9835952536451472,1.603541590932111,1.0533025362025865,0.9313028879573914,1.3697207984469482,1.0728576639137672,1.0609927151846328,1.443612196611579
2015-07-11,0.9214843099164226,0.9614287757880149,1.6241980798693552,1.0549491898246384,0.9286608437934424,1.366505333025188,1.1073676714611138,1.0728792470232098,1.4440277209643193
2015-07-12,0.9184754334997709,0.9631391222650647,1.614710874635432,1.0483934733860947,0.9363396725241158,1.3705991780074391,1.116407053192953,1.0721619025263434,1.4337012361245831
2015-07-13,0.9161894701062562,0.9357964639004976,1.6593173238685288,1.0446155497675447,0.9325682226022747,1.3600117575774808,1.145390671089028,1.0726096748506466,1.4162654821839409
2015-07-14,0.9337025009184312,0.9484840029158461,1.6705363324931173,1.0469630126760059,0.9415931027121061,1.413775345405086,1.1298886022718522,1.098951118097627,1.421975414090642
2015-07-15,0.9409727168445928,0.9199717438935462,1.6676218660534177,1.044514720272535,0.9448060398973511,1.4413149101536125,1.0832358103206694,1.0988076797447273,1.4382124039517816
2015-07-16,0.938620111504459,0.9324126557433434,1.6751494871622474,1.0456897791693809,0.9438751603813667,1.4100406041923088,1.0591548251218335,1.1107190711386221,1.4387798974770372
2015-07-17,0.9369515418607409,0.9256712928837518,1.6695171887524594,1.0490785830368623,0.9427038336512444,1.3762854097382622,1.0751195034123338,1.107527808686063,1.439519370858457
2015-07-18,0.9598259719159427,0.9256989796822143,1.6758116092648248,1.0454731407378857,0.9419697710951402,1.391660539271979,1.0418902745860565,1.111085937135757,1.4412581817474466
2015-07-19,0.9607083512903246,0.9433510040906999,1.6830398240968256,1.050213541461393,0.9383202429179832,1.3953437667971105,1.0438587551062781,1.093487649854727,1.4553291133430797
2015-07-20,0.9944965596800289,0.943439575938417,1.6937443832869363,1.0505848501589539,0.9357357911790356,1.349892278470139,1.0293329702682805,1.0708750079044604,1.4804204728288268
2015-07-21,0.9930777657290456,0.9379425800368993,1.7123244981612717,1.0471544245010413,0.9329590362488377,1.3518162810772927,1.0507177536955707,1.0791478125567016,1.4843928131723791
2015-07-22,0.9945393438483442,0.9450749255861233,1.716981738025659,1.0440235198695533,0.9332242922572863,1.325960907754713,1.0526317945931234,1.0715832894992092,1.5223840900426227
2015-07-23,0.9942425576379038,0.921564946691742,1.714732212891026,1.0457545904586278,0.9395641102238602,1.3121574648288472,1.0195280409898249,1.0849272395325178,1.5016705518146805
2015-07-24,0.9880361658798139,0.9176601205084792,1.7138137998492708,1.048021256601373,0.9370887936902629,1.3059547304535057,1.0194409660982884,1.0875787684667826,1.5034399277993045
2015-07-25,0.9947944188463634,0.9319656261466204,1.7224027651775566,1.049552160538006,0.9312517681749309,1.3073966332234501,1.0294214470512317,1.0996879987206103,1.4933315378046057
2015-07-26,0.9852587282851207,0.9227076546814652,1.73400653542054,1.0529124520388649,0.9298271015702443,1.3290253162448307,1.0321695866172784,1.0978578026569965,1.4904735367423496
2015-07-27,0.9965883863577734,0.928484174330728,1.7818822913613734,1.05032578946843,0.9318470642960699,1.3166313335984867,1.014430988734365,1.0978984156497322,1.4928188338073196
2015-07-28,1.0405106309889196,0.925777991439101,1.7582507104790772,1.0512910726395337,0.9242072600886648,1.31471534260156,1.0149590057913804,1.1112038528555155,1.5076518138836785
2015-07-29,1.0329632410494685,0.9236384701166364,1.7426137957554124,1.047838435467053,0.9254453088345423,1.2848390413746802,1.0067454114569632,1.094838476548564,1.5162406527751742
2015-07-30,1.0611852961297188,0.902368384307827,1.7043874330290942,1.0475506354749329,0.9255959631719385,1.2901529654364259,0.9979601379242289,1.0917624298799464,1.5221162431535267
2015-07-31,1.078065001192265,0.870974196059478,1.6973529603377946,1.0483273171523697,0.9222898228613917,1.3306135214432784,0.9854774553175839,1.0913045553013723,1.5308839690537166
2015-08-01,1.0688267691444524,0.8423728711739239,1.6891312298632082,1.0516697218525735,0.9211391920564557,1.3106066594699421,1.0039191326782264,1.0861081739502931,1.523380175734962
2015-08-02,1.0715435572168528,0.8543964835290141,1.7379142897166142,1.054384826326498,0.9255048021738763,1.2989325727443528,0.9835221441210195,1.0873408744098034,1.525317457013526
2015-08-03,1.054529919593235,0.8520423635836523,1.7467634211974856,1.0556302447907768,0.9274642359740342,1.3059953434378169,0.9737457636767796,1.0791765652335839,1.5073347055302204
2015-08-04,1.0830777587475708,0.8525894655773888,1.742574269107762,1.0527944247783456,0.9384478532514859,1.2810248370893456,0.9655887358131051,1.0861238210768425,1.5166833908110822
2015-08-05,1.0989654056261269,0.8806711648526382,1.753681249066707,1.0495643542050261,0.9375771796325152,1.288379178524071,1.0057229689361349,1.0635681984308327,1.5352260056057918
2015-08-06,1.1022608902694129,0.8943047907999531,1.7520609587766074,1.0470167488622473,0.9404869420815741,1.30381364992363,1.0254765138810982,1.0635686562643123,1.5263244271175558
2015-08-07,1.0768187194233634,0.9078523626209818,1.761498739620554,1.044087878760027,0.9385549047474447,1.293120215469215,0.9952662950748891,1.0507364494784406,1.5093237623049698
2015-08-08,1.0704792882186376,0.8961441947218576,1.7276355838328814,1.0505275733782111,0.9433510732239333,1.2752462557925175,1.0008879850168353,1.0575262835622368,1.5276029688929802
2015-08-09,1.057655936111034,0.9141189851804261,1.716794906106607,1.0464225452660936,0.9461778683328158,1.305129932298582,1.052892302572321,1.0387066738056507,1.5385852073462305
2015-08-10,1.0514718021200087,0.9273741280254347,1.6870155969259975,1.0425630152323053,0.943336023774542,1.3072460083974242,1.0396030904156044,1.049182877321764,1.5546925730792505
2015-08-11,1.0612438268277038,0.9547670696408442,1.6959397737191753,1.038861197023153,0.9485748460936748,1.2932678722769542,1.0587404887505807,1.0741597387992035,1.5621036061788351
2015-08-12,1.0377453604093794,0.9393687591572123,1.7233680950735808,1.0384379981559033,0.9489716293929277,1.3111910641376363,1.0736967409948732,1.078866703751702,1.5591564107482814
2015-08-13,1.0331896305839248,0.9542504070508095,1.7353331543210677,1.0377402716630177,0.953174102095256,1.3084079115333764,1.0556229423228431,1.0668000538499025,1.5442081415364959
2015-08-14,1.0292778194067682,0.9758231813198639,1.7190884539470477,1.0384308123525066,0.9507656623959698,1.3025389657529052,1.0239533839668151,1.06348436093957,1.5415257689192607
2015-08-15,1.0379281987059226,0.9801353990322073,1.6948824756995582,1.0419122500236817,0.9516605345995717,1.3074509487062318,1.0239701286071785,1.0554376535935457,1.5451915532655802
2015-08-16,1.045643976894965,0.949707955692737,1.6844333048205347,1.0412195441339742,0.9527308504752865,1.335795959818391,1.0083701318094185,1.0477652258764965,1.537580957790918
2015-08-17,1.0333859826344143,0.9441527748977047,1.700519013981309,1.0380318437461613,0.9544564914504923,1.2951420247987955,0.9972510764465391,1.04279636745567,1.5636407973829223
2015-08-18,1.029436345683299,0.9071208536013491,1.6602393865700569,1.038241618313308,0.9568952074099245,1.304153889077814,1.0007927160296344,1.061184928023952,1.5555162570758565
2015-08-19,1.0435639783746489,0.8808358767020747,1.642708297965608,1.03271700572844,0.9559389043267053,1.3033287484202247,1.0032767134190086,1.062382210230248,1.5413991174734467
2015-08-20,1.0408991201814832,0.8574461255679485,1.6700737610487204,1.03187959800242,0.9541651171732213,1.3408658231424468,0.9785510283729838,1.0446576307821145,1.5248102668838528
2015-08-21,1.0401516809950904,0.8644509196512719,1.6853985342689752,1.0399447544450626,0.9456752137599957,1.3558261857492488,0.9678431246840867,1.0356775164068777,1.51566487989433
2015-08-22,1.0262848519884649,0.8910081027832027,1.7029394339936708,1.0401211165291822,0.950880269723477,1.319184276184983,0.9422784170622142,1.0020495687347533,1.5053672323207856
2015-08-23,1.0290819686722503,0.8930141668991285,1.706502158577771,1.0358221186209913,0.9540301737435952,1.325138144415858,0.9562816973048357,0.9738003557919267,1.5103573870872664
2015-08-24,1.01105607639163,0.8869846972852856,1.7179568474612383,1.0362087711495278,0.9508759974215356,1.3255528024185668,0.9271813698294269,0.9907970778538093,1.5075589362117126
2015-08-25,1.0283231439828506,0.8789330312805798,1.7076784630620843,1.0339368208733106,0.9543036160661315,1.308890920722094,0.9393199436236426,0.9853112464989463,1.478071636695175
2015-08-26,1.019834633597388,0.8606301756660522,1.7088855060138608,1.030347795386099,0.9579336919757347,1.3070069483054039,0.9361714184166761,0.9952021772460312,1.4926144860192274
2015-08-27,1.0198331229402657,0.8490274992493718,1.673020040084669,1.0283302206015787,0.9556644917202759,1.3097869967237834,0.9298963197948178,1.0056707035552541,1.4837635318125704
2015-08-28,1.019266485807231,0.8674613924137937,1.680384511294529,1.028247838368172,0.9534590304528646,1.2951197856351069,0.9142626563890024,0.9977107163658635,1.4952725786565866
2015-08-29,1.0161798165751443,0.8467326084990138,1.7165430781687685,1.029337673700453,0.9481885247936885,1.2850783584094716,0.9164730944987218,1.0234206054868664,1.4790023314432956
2015-08-30,1.0313621637075918,0.86840113581406,1.7041086947409783,1.0285836417992495,0.9443528775001783,1.2806290309159207,0.9159857145773477,1.033751780614667,1.4954219708629863
2015-08-31,1.0200982027186645,0.8379968045031778,1.7041854863924109,1.0295922838681693,0.9453894660321875,1.273354906323198,0.9184543345433771,1.0574574375066508,1.5014295918901157
2015-09-01,1.014691145290017,0.8307870481227527,1.7012232229649216,1.0347507676027548,0.9447908427391817,1.2731558832416305,0.909778365613575,1.0751008508694977,1.531155454304117
2015-09-02,1.0218540487017562,0.8323571627572098,1.7024844996518407,1.0274527528398256,0.9477013686755976,1.2764851801317327,0.9177542479021713,1.0638424668863584,1.5255750529230727
2015-09-03,1.0158604924841195,0.8479964993740634,1.695257251990847,1.0339750033586557,0.9494294544293108,1.2474294569871187,0.9155783206180704,1.0536560403362856,1.4924032164083658
2015-09-04,1.0405378406859351,0.8590684214323568,1.7066129120362452,1.0345914706096333,0.9442758846297322,1.2368199340943808,0.9311757608443006,1.0372524065328106,1.4549174903438802
2015-09-05,1.0373053161139933,0.8572200189139679,1.709901147232093,1.036956087280975,0.946778615387754,1.2428282278436131,0.9536269929947673,1.0138265311051289,1.462549722913875
2015-09-06,1.0473651813344091,0.8384365100077962,1.6795769954411337,1.0347392552032786,0.9443679600854278,1.2599314710688387,0.9420969029459663,1.0010064636957592,1.4538967853371838
2015-09-07,1.065253639251429,0.8389687333550434,1.6764680777565815,1.0345012481054163,0.9493431184103773,1.2431931667225693,0.9670720480604437,1.0043672873255651,1.451855232456654
2015-09-08,1.1055346156956574,0.8233626473869393,1.6698557035542543,1.0307798432648692,0.9530549055913228,1.2812415918690585,0.9995641753563713,1.0230075721183716,1.4492764404010443
2015-09-09,1.0998094779250829,0.7989243746198468,1.7111520406785823,1.0323331606988613,0.9512747633157804,1.3121259511931225,0.9803172769512196,1.0294518349327948,1.4470644223165792
2015-09-10,1.110675768345077,0.7983297162690352,1.6818722876297565,1.032670454001949,0.9553609227453637,1.3116983355055722,0.9957105153130084,1.013512891587229,1.4469738246046164
2015-09-11,1.1006045416324048,0.8093831141940484,1.6830124267463966,1.034911577137261,0.9596130829832938,1.3282901839809198,1.001348595355111,0.9985400792774206,1.4472229050774625
2015-09-12,1.0921338972315056,0.8046942354180606,1.6759531829149776,1.0319726593287497,0.952195893419748,1.3125810606711166,1.0054216699252778,0.9785466550859586,1.447739306576724
2015-09-13,1.1235917508011057,0.8198345719375543,1.7095099523514135,1.03328675642057,0.9567379052449897,1.2957388537947447,0.9926660809138761,0.9385367171190665,1.4652011486989305
2015-09-14,1.1498892580856472,0.8119992568237216,1.7048132097030866,1.03105321788148,0.9582979756646147,1.3222351400887609,0.9582648016252782,0.9444885208786559,1.4614403909513156
2015-09-15,1.1521900897618176,0.8190327067148805,1.7014744536213786,1.0308359125276654,0.957573980901731,1.3455933383388132,0.966482113188007,0.9478024978721478,1.4431584772279722
2015-09-16,1.1459928093640246,0.8326090296245746,1.7027545730313782,1.032978602291802,0.9644360012476197,1.3710182023484225,0.9684761269522671,0.9407273061932653,1.4065953414577166
2015-09-17,1.1434420885514458,0.8280561361762484,1.7112417732752507,1.032604957733294,0.9632964813054137,1.3273798161755272,0.9504630941249578,0.9476414313986017,1.4310125373292382
2015-09-18,1.1421124017508582,0.8332733861083512,1.7313141907309515,1.0301962189329186,0.9648062136623052,1.3099528829567486,0.9670928609774436,0.9499830967010678,1.435569622712665
2015-09-19,1.1290478020158143,0.8442114179336535,1.7751451017577,1.0271841981018666,0.9635914878767672,1.3156759813463548,0.9824968362186285,0.942199700627705,1.39518661438967
2015-09-20,1.1524053650200523,0.8561056055929311,1.7385498280318583,1.0254146613351494,0.9697321959876767,1.3502260740682213,1.0011375526384771,0.9398991443295236,1.3966234810714477
2015-09-21,1.1504878926258546,0.8738341110875376,1.720799044997927,1.0230383664606317,0.9737479523818475,1.349417955392559,1.028938488841626,0.9306198179271717,1.396137758324624
2015-09-22,1.1349146644276846,0.8742994524511583,1.6907838988253605,1.0216440672020617,0.9682511301367885,1.3665429034532197,1.0438908035868406,0.9066526900826145,1.4150398684221321
2015-09-23,1.1777704345790743,0.8753731926893298,1.6782833059730662,1.0304026133851285,0.9632395842934173,1.367310786326953,1.0478497025179547,0.9251277462502522,1.4204133263161138
2015-09-24,1.1693146218073687,0.860735798581837,1.6719027047104211,1.0273930318938465,0.963520177216439,1.3536984810823196,1.0167487313134733,0.9427303247157238,1.4136284021371772
2015-09-25,1.1474226525662652,0.858473213012417,1.6737760027946336,1.0221128479641528,0.9648947261101705,1.3284535797951185,1.0517458084794467,0.9503281727359918,1.4082580279772756
2015-09-26,1.1349415436676689,0.8571945869244775,1.686586228851434,1.0221368856198256,0.9641530740318426,1.3301150305033105,1.0392540356443156,0.9456258644506055,1.3791663401150485
2015-09-27,1.1518588614040683,0.8621477658770308,1.671438205018032,1.028061400489767,0.9645850781674927,1.3055736310102264,1.057269242906458,0.9514610599559394,1.3848840877277007
2015-09-28,1.1448482635723338,0.8694837148556446,1.6666894827984686,1.029878832471924,0.9573316126950032,1.2956385781921353,1.0938963290835828,0.9407038299553374,1.3767986040476572
2015-09-29,1.1374990016443256,0.8508189336080728,1.6230232695056401,1.029269392202485,0.9579475959424965,1.2946732092454865,1.0909454658078455,0.9414993014021321,1.391156430870398
2015-09-30,1.134590766149397,0.8423673353127895,1.6180348980429988,1.0311612308035731,0.9634539817169174,1.2802938082154984,1.0933222822284943,0.9464660506905163,1.377626349384559
2015-10-01,1.1352786203201024,0.8204808381772708,1.5841716869782847,1.0323988709587184,0.9620709445230263,1.2852114773383552,1.093149647142876,0.9327934014313616,1.377278439466345
2015-10-02,1.1146205006821157,0.8413518215036809,1.5588698605398663,1.0318957253677195,0.9581561947728302,1.2986645327343849,1.0861221953409355,0.9257228267075771,1.389304856079427
2015-10-03,1.1154469459447853,0.8495125976541262,1.5409804083883907,1.0276500411421674,0.9586628982841383,1.2914709254820245,1.0999471118136708,0.9247983750927696,1.392431838697251
2015-10-04,1.0886196237517227,0.8787289201545867,1.538405578336877,1.0299034319825895,0.9555526443187509,1.2988893646696575,1.0715058945404212,0.9312544088016019,1.387753628576491
2015-10-05,1.0894228699700201,0.8901203511069076,1.516113337326702,1.0278915411782223,0.9573961892875972,1.3482055785867761,1.0687610750088956,0.9396981314236401,1.3865466788477039
2015-10-06,1.1214885983814016,0.8624821231014576,1.51828964606168,1.0229816814466066,0.947892800627292,1.3556939396922572,1.071956623515336,0.9358711599775731,1.3853515575548947
2015-10-07,1.1739456573061529,0.8588190300094336,1.5280393313861764,1.0210911146696287,0.9491069852369213,1.3501515833891322,1.063369854707287,0.9615921543977459,1.401936778089182
2015-10-08,1.176705837996327,0.8235423385456934,1.521878107680115,1.029473336067259,0.9483262055393084,1.3772328108369674,1.0942488903274405,0.9649427825823751,1.3904153583817298
2015-10-09,1.1340741561754255,0.834013628118877,1.5074551592268417,1.0301203099809295,0.9436800886388678,1.3709329682179119,1.0952056808736732,0.9690234327010413,1.375192782541811
2015-10-10,1.1547751650357831,0.8253865026397728,1.4776171442490733,1.0298864002944237,0.9439042138264079,1.3751699870806422,1.1252610249422081,0.9657803704361022,1.3738228206574965
2015-10-11,1.1360126486967437,0.8379075853884229,1.4813284881874158,1.0286916464021927,0.9368072823712682,1.4111986424710927,1.0978568688450998,0.9574078560863925,1.3790206038913637
2015-10-12,1.1159638783642487,0.8157171313256767,1.4440177179938165,1.0310195661944392,0.9348580253222722,1.4858381546511894,1.0762432494413934,0.9443662709251643,1.371499522458953
2015-10-13,1.1203686099184544,0.8091394656424402,1.4550615461050307,1.0280958368190716,0.9297851427019066,1.4380419130208562,1.028596364333788,0.9372164405592966,1.3676458788162764
2015-10-14,1.1100930871304444,0.8275727180703264,1.4769403789943354,1.0271660177301147,0.9232062764232761,1.423660498844749,1.0164626015060005,0.9281657184927089,1.3583770841571532
2015-10-15,1.0995450454079783,0.82214570383467,1.46611958537182,1.027910679736653,0.9246293756923184,1.4006091410409205,1.0425057013854455,0.9147064481780748,1.3366729267685633
2015-10-16,1.1061551485481425,0.8103780475684151,1.4722120418621156,1.02060120092777,0.9298718613012978,1.4178384281388616,1.0114290953797709,0.894599684908704,1.35929298695757
2015-10-17,1.0942521464423538,0.7985341071849548,1.432620395308753,1.0196292470741741,0.9291178482390194,1.4363821607625107,0.9833300086191673,0.8743778835660461,1.3656947490232774
2015-10-18,1.1111046702062106,0.7762703835087024,1.4516429710815064,1.0198460462775887,0.933268423333191,1.4348538982517516,0.933922043294024,0.8725596053709508,1.3804462164367706
2015-10-19,1.0965423209705407,0.7711599087884747,1.44901026842401,1.0110768575826838,0.9396010138418055,1.4118607056857857,0.9435551770719064,0.8715993386548846,1.3980830603607586
2015-10-20,1.1035501495108055,0.7682074175156205,1.4339084209759099,1.013598030408363,0.9326538245489142,1.4285574093091182,0.9230037008040546,0.8881460026961614,1.4006177785552374
2015-10-21,1.1145435577603757,0.769648419951429,1.4041856142208269,1.0110820900572062,0.9352555158806057,1.4331285140394698,0.9449894626084027,0.8936961322639582,1.3873581035641374
2015-10-22,1.1015691984837948,0.7713820630454407,1.3656147012472881,1.0162591596241268,0.9370016257194712,1.4650681085796637,0.9153053791284848,0.9105588175428105,1.4185944561579389
2015-10-23,1.080074085574926,0.7824014350144757,1.3660425747390528,1.0116521504059417,0.9389426582137083,1.4873442606724856,0.9044841528604153,0.9266654628268775,1.3952335617631897
2015-10-24,1.056181397130087,0.7846381275583832,1.3668685159572551,1.009578546289518,0.9420772034866756,1.5018549365275295,0.9201885135031909,0.9251392016915944,1.4039200106109389
2015-10-25,1.0494379381539412,0.8139590629334178,1.3539508577405945,1.0160558934991657,0.9423028797655417,1.4649705867594036,0.9455503692835019,0.9270713741812064,1.4161498961453531
2015-10-26,1.0690181820116798,0.8192361223095617,1.3447346630000367,1.019131637071756,0.9423999577209189,1.4833492884340407,0.9050102645696448,0.9334725477753757,1.407389793624992
2015-10-27,1.095850158405868,0.8287520186878921,1.349008623699328,1.0207203919344052,0.9387304752465396,1.5269873781148582,0.9412354800071117,0.939160851921133,1.43005444908527
2015-10-28,1.086823396298314,0.817192548906983,1.3500758203539343,1.0221543235350523,0.9373449590759676,1.5420737498932793,0.947191420127683,0.9252851244681024,1.4377594826026991
2015-10-29,1.1012269837772548,0.8200416480031644,1.3691547911031257,1.0185234153143732,0.9391932174490063,1.5098982998111194,0.926275892334857,0.9167133177676084,1.4245024748780566
2015-10-30,1.0925053351334653,0.8172086455354778,1.3833198664507058,1.0176439436530198,0.933330301133908,1.5411852365267442,0.9109536193037444,0.9160892134678847,1.4311482989656366
2015-10-31,1.0961042184398042,0.8336306427417397,1.3916862371828114,1.0151161886152178,0.9415569065235837,1.5468845431379294,0.9084514077734073,0.9295180565503084,1.4350045415948616
2015-11-01,1.1029969853013495,0.8713601920733515,1.3875091505908868,1.0142500075512015,0.9420901234267863,1.5770291259391302,0.8812608388432617,0.9022986647773247,1.4268664117053844
2015-11-02,1.076294702926084,0.8650454759077638,1.3962920784546464,1.0116411064272044,0.9368075355358148,1.579312772787949,0.8966396069068455,0.8795385404541816,1.438855405577079
2015-11-03,1.0898125264032448,0.8802473801206555,1.4171272173395315,1.0184252139471794,0.9355668574314054,1.582743495669634,0.8893510309664586,0.8797405288295409,1.4611990077964183
2015-11-04,1.0681522656694442,0.8669566181473088,1.4409720425645944,1.0216435491619014,0.9343014783825624,1.6074014301480648,0.8955981143986995,0.8997142626039877,1.4625799810436875
2015-11-05,1.0849056803417902,0.9085325755930285,1.4517464641106228,1.0218969009239465,0.9370948416757807,1.597154156904207,0.938550421507838,0.9023243926699631,1.45888062893668
2015-11-06,1.0716314958177116,0.9268394737833775,1.467289223173383,1.0204743559416118,0.9393493094879134,1.554104451895619,0.9422102158161688,0.908632854054723,1.4840803089261885
2015-11-07,1.0595624796678684,0.9058833113726935,1.4519631883740138,1.016484601738614,0.9444655970829936,1.5977367227959904,0.9484328844796737,0.9254602113076417,1.4863651749363214
2015-11-08,1.058368697412522,0.9008151867163608,1.4469906618087283,1.0118663008531823,0.9455583617750717,1.596896296689137,0.9627610634868704,0.9269435874715478,1.4842440768128533
2015-11-09,1.044855556536285,0.9023454539580434,1.4602434275575569,1.00849676889668,0.9459837637681638,1.6039142936212796,0.9491271194049921,0.9189553317062042,1.4879637534915162
2015-11-10,1.027405094470375,0.9083899294659998,1.444992276512175,1.0118132721192712,0.954924550503037,1.5793846340035407,0.9594575682204566,0.9091214725485607,1.5037503670387826
2015-11-11,1.0082143219689816,0.9166113685264143,1.4302882264195032,1.0112861641833615,0.951081837568378,1.603079049485311,0.9435885170237226,0.9168303352466394,1.4988767417492224
2015-11-12,1.0067855959948118,0.9194158384746429,1.4176417665857943,1.012025516853749,0.9569988393903773,1.5809474112009287,0.9658913666336297,0.9376162216468307,1.486943359790405
2015-11-13,0.9851137114067439,0.9247809022259565,1.4087547259043591,1.0177999418214385,0.9572277823777579,1.5584353692899666,0.9439239155501992,0.9531324334366134,1.4787475662875311
2015-11-14,0.9860568907897103,0.9410611608363999,1.400990937420036,1.0177614827379617,0.9572600661872279,1.577915563937915,0.9552650544585894,0.9501760968787448,1.4799845247486332
2015-11-15,0.9808537790144913,0.9164081596561406,1.405741992301499,1.0236406585626256,0.9539719960214113,1.5562751860676693,0.9388205912255239,0.9606934789201841,1.486918036971439
2015-11-16,0.9788155007273519,0.9016316800614983,1.4077220101206576,1.018938190153999,0.9546146929340836,1.58100041307507,0.915515325079863,0.9388014128928244,1.5107003674732056
2015-11-17,0.9701271481095732,0.9204280508999332,1.4055428958900196,1.0185450181288316,0.9563842152214105,1.5561597671195528,0.9181244914528703,0.9336170311507952,1.491053808244721
2015-11-18,0.9753291940943926,0.9164338160738084,1.403316097173601,1.0149490624304986,0.9625678144102361,1.5810285312670833,0.9360124189678948,0.9295262289129103,1.4655689716809128
2015-11-19,1.0041928529045672,0.9157925367967784,1.39112745831497,1.0163196544384654,0.9671578028159215,1.5806887524103481,0.9601348661671927,0.9448122868901304,1.4500869767756739
2015-11-20,0.9943448826335226,0.9319431507925662,1.346261718697022,1.0159656021286154,0.9617191603515478,1.5674457919516316,0.9545887414166637,0.9399241439981635,1.4423687256763658
2015-11-21,0.9782790984954784,0.970762686184931,1.376834708500515,1.012525341986459,0.9679015402421502,1.5564887520727337,0.9572460773164374,0.9392200379880609,1.4331411913519791
2015-11-22,0.9930098149813624,0.9733506982977926,1.3693741684345824,1.0086638049024497,0.9645386824356488,1.510813835442559,0.9576715454073268,0.9225488974499931,1.429621962497381
2015-11-23,1.0137155867482457,0.9947521419589983,1.3692545909448557,1.0085011536492785,0.9718879831880637,1.5252777781371756,0.9515844613359191,0.9029998356040854,1.435538784921159
2015-11-24,1.0266301779451916,0.9838399820901128,1.3744501358345615,1.00750201150257,0.9712697364771874,1.4572796790863352,0.9475539034763953,0.9163105403819181,1.4267618641040019
2015-11-25,1.027747044319791,0.9708462965477587,1.3808073802066043,1.006948319032556,0.9677178359160086,1.4925253381751236,0.9653476773668234,0.908179565833959,1.4341494702395636
2015-11-26,1.0363402223952962,0.9824589990213934,1.3531483298788838,1.0100898161577194,0.9656093763094958,1.4832106326101357,1.0164702073565508,0.9124735302847262,1.4288958583985694
2015-11-27,1.0023695955513805,1.007428935659432,1.3317110557451484,1.0071501348866514,0.964426109699683,1.5213223412695343,1.0323930095896725,0.9104956867435539,1.4335868100993556
2015-11-28,0.9936431809679752,1.010364348254811,1.333282529307633,1.010177940093469,0.9682536396466948,1.5351535846351512,1.0251177864825407,0.9208091758714889,1.432555079660438
2015-11-29,0.9778157213993195,1.003434077067515,1.3350348942752417,1.0130373976036273,0.967639657727984,1.502047112102356,1.026486148215488,0.9225604081477948,1.4355038170691372
2015-11-30,0.9916010385652544,1.0222390521167424,1.3259158977532772,1.0112661722475105,0.9637102715952046,1.5212412945946365,1.0564353208944255,0.9183846885492496,1.4323251728603523
2015-12-01,1.0137154654783804,1.0319503653894813,1.3332546147965632,1.007754298135348,0.9664230314703024,1.4961036126026996,1.0326862283780254,0.91379131988906,1.4242211812561847
2015-12-02,1.010649994557873,1.0055967580988217,1.3489947463650849,1.0112643656959033,0.9589918473047693,1.5227525699662867,1.0161523305492428,0.92572053025882,1.4235311960460537
2015-12-03,1.0113894199114684,1.0026485920706467,1.3690213159301143,1.0076048385768417,0.9614194022067392,1.553244080581685,1.030913773861492,0.9581859970397654,1.4162861801074011
2015-12-04,1.0262159562754616,1.0011349622366497,1.3896947328415878,1.0076823566528215,0.9600238989376451,1.5900704099483671,1.0209847971434507,0.938072823641635,1.4092494063647159
2015-12-05,1.0360527433710849,1.026620552155582,1.391964872151603,1.0117680966702163,0.9549043797933139,1.5777016618844304,1.0152963779539148,0.9366484619223047,1.4107163559131906
2015-12-06,1.047100862086566,1.0188115392239512,1.3947047381947697,1.011732311777305,0.951463324933565,1.574789223980043,1.0125822972222436,0.9345164547551386,1.4114465350329168
2015-12-07,1.0486035597893932,1.0112913721367829,1.4164238848543083,1.0082838809867956,0.9488145647997285,1.6539056034775466,0.9917637802670515,0.9157267677578201,1.4220955709078658
2015-12-08,1.0162470117656823,1.0074131401312454,1.4533215841388931,1.0037115074125,0.9413873791722697,1.6096053091684135,1.0097813426539626,0.9313597353649995,1.415090487443246
2015-12-09,1.0269665743287222,1.0330262121186127,1.4849286500832244,1.0030701298940354,0.9328152121960411,1.5861439909397357,1.001363720662252,0.9279285297762178,1.4127151250272925
2015-12-10,1.0445106745850972,1.0571367460677326,1.4823150511521208,1.0064760090089486,0.9342430215716939,1.5883029034401661,1.0197196020085497,0.929119786535594,1.4420686777956602
2015-12-11,1.022287490515083,1.0477566911833311,1.4805092552849464,1.0079035523799709,0.9390747788206699,1.5879230223475969,0.9909180368857669,0.9410475554673142,1.4532441154280253
2015-12-12,0.9928171095247581,1.0481040493426652,1.4527027716910768,1.0059946301284122,0.9357774659249324,1.6113715077712758,0.9934316030299385,0.9230887309495241,1.4663242710696736
2015-12-13,0.9717623503516299,1.0547511757720585,1.4389483958569926,1.0049916220472648,0.9377585844824826,1.6268182587518316,1.0201940359494275,0.9221344367470297,1.4711110993064216
2015-12-14,0.9656732293178916,1.0586282490105174,1.4469688533011502,1.0047957194903003,0.9310864303380422,1.636849994718709,1.0278365436553165,0.9129106928518432,1.4525105612805673
2015-12-15,0.9873411860669385,1.0684163461224017,1.4434252665576306,1.0014687417405304,0.9281188164411012,1.6755559762314562,1.0308719904339416,0.9055537226782504,1.4602043533060711
2015-12-16,0.9755760553378984,1.0977071667381284,1.4672902918097892,1.0001671105706558,0.9258777055803212,1.5969281703292038,1.0005317624528722,0.8875404058058661,1.4624704494210794
2015-12-17,0.9710947412970421,1.0715641302931724,1.4627798876583613,1.0017833920661923,0.9279251520957386,1.5426420902181364,0.9981652350816262,0.8693013513686095,1.4759504592405897
2015-12-18,0.9828082766393482,1.0546714681976823,1.449772055443357,1.0004973013939091,0.9196562499971628,1.5522796342519964,0.9929179893138759,0.8821258292939891,1.4600336734355785
2015-12-19,0.9739759317553792,1.0264933310810473,1.432735078325997,0.9970496417319612,0.9234120292964978,1.533079932529392,0.9955824983361045,0.8772640359589019,1.44179105981391
2015-12-20,0.9718093161128044,1.0379734887596352,1.412400107875,0.9995695235504929,0.9203658004176778,1.5200583951495603,1.0063483914243947,0.8687093585528421,1.442621168988515
2015-12-21,0.9675135667209653,1.0408057282576795,1.372473153873799,0.9941827979620184,0.9227254968639242,1.5487407802816877,0.9882243245124346,0.8657032547253033,1.447161375553766
2015-12-22,0.9778642823054,1.00323452439955,1.3582920983932067,0.9932902821466036,0.9254129909650491,1.6187001096208349,0.983915553270107,0.8476060208522198,1.4532722760683168
2015-12-23,0.9975339605851068,1.0055863611245173,1.3439216633638913,0.9962443093921006,0.9279617472059712,1.5891273404931316,0.991618148330915,0.8604548665494343,1.4707390108456506
2015-12-24,0.9968389441305234,0.9995071591379822,1.3641171583793934,0.9927270872794025,0.9296824826010575,1.550256524087759,1.0129454008880563,0.857296409727261,1.4896907071795351
2015-12-25,1.0044858864114283,0.9778998492129498,1.3878467031304635,0.9974462495731208,0.9330564360365375,1.5293147573766843,1.0069484814147558,0.8593379824795853,1.4795055368966745
2015-12-26,1.0302863058816925,0.980831472181525,1.3432410650462971,0.9985614617461918,0.9318503396807247,1.5275580671443152,0.9997262568990791,0.8699127346672938,1.4963672806837065
2015-12-27,1.034969778727131,0.9752332771286467,1.342977727393644,0.9987200321577047,0.9289525458938206,1.543781827051411,1.0091245299594225,0.8901874589865534,1.5154511975102147
2015-12-28,1.0246354773946942,0.9900230513354205,1.328055310152436,1.000905028151614,0.9271258008476775,1.5156563482638792,1.0149783673617514,0.8546525047428432,1.4892191074392815
2015-12-29,1.0222149008219414,0.9918882070444581,1.322568017699311,0.9962625214553343,0.9241853589111645,1.5266323797394252,1.026991281269488,0.8546154583224701,1.5067447409692845
2015-12-30,1.0286149426760227,0.9789398982551786,1.3185129915677267,0.9921692787823471,0.9238780155604669,1.5574975448823412,1.0412724183685136,0.8727590640537758,1.502482382435365
2015-12-31,1.049692802603383,0.9759252762585978,1.342192194059985,0.9922034389301867,0.9265839854347125,1.599163754336405,1.0374524557603464,0.8757926303921172,1.52214782480923
2016-01-01,1.047913523485651,0.9531119873862731,1.377110779803955,0.9909043535230722,0.9272650470908145,1.6327591784673052,1.0250342763566758,0.8627275395560662,1.5263145111177796
2016-01-02,1.0200430624524666,0.9485539109853526,1.3815732576710664,0.9902009544290068,0.9216330211494616,1.679938086724841,1.0273618863461191,0.881420500243283,1.5226508029993326
2016-01-03,1.0068843236192215,0.9535293196138187,1.3784102209713507,0.9868013129650715,0.9271435912790336,1.6614573162840471,0.9897549678341298,0.89915687615861,1.515276635372652
2016-01-04,0.998006263681369,0.9236104524967875,1.4076205225085023,0.9830826096868635,0.9274530698839608,1.689082642561042,0.9983008474168884,0.8985321287615373,1.4897947455369838
2016-01-05,0.9861840086911616,0.9271020750713593,1.394746300156852,0.9837806753937524,0.9300749552604644,1.7186839036103119,0.9740185897465817,0.9283181910260276,1.5015265714343402
2016-01-06,0.9864545068297158,0.9456549251880452,1.4347544489072097,0.9796328983631308,0.9293299181874425,1.645447740617128,0.977966316947378,0.933591886489362,1.5012388471793183
2016-01-07,0.9770654293170252,0.9111467842215184,1.4416160246109826,0.984008236158534,0.9272258466468052,1.6588105512523021,0.9474900638380198,0.940181360966564,1.4956334870770847
2016-01-08,0.9661845656124476,0.8990407909776122,1.4352392682487907,0.9852355895794185,0.9224518826908007,1.647285009525314,0.9468936798991097,0.9248699543306174,1.5228041401814127
2016-01-09,0.9541049085873025,0.8885670876318353,1.4188205681969628,0.9906498929053714,0.9245842417553545,1.619843455032544,0.9680327320668785,0.9278392312048009,1.5270261667568934
2016-01-10,0.9494611291233711,0.8769361996096964,1.4249969682303616,0.9891289860766044,0.931395674684432,1.5831584717150873,0.997967339367488,0.9264755091247346,1.531898689409784
2016-01-11,0.9616117311697363,0.8673385825013183,1.4402030832567532,0.9811935686499186,0.9288064337036565,1.5571422218963313,0.9731477716344056,0.9236735483308393,1.53811436785464
2016-01-12,0.972035506152797,0.8714461086269778,1.4291303388140075,0.982377917673344,0.929361063759006,1.5836899568015843,0.9884638856119082,0.9242805369013024,1.524621213324437
2016-01-13,0.9628067557763911,0.863170674706049,1.424152397724375,0.9832661359277726,0.9321126207933124,1.5825494838997456,0.988980353799086,0.9264522214365839,1.5170605357224185
2016-01-14,0.949730989042097,0.8362415777198589,1.4126996599427115,0.9847601462460647,0.929585061564605,1.5760918485182949,0.9984039774628057,0.9338734209904633,1.5009867809591935
2016-01-15,0.9642199808698854,0.8535453406635213,1.3939698077317466,0.982424777111997,0.9341069004948475,1.5722408834080182,0.9542789556218952,0.9144533153478345,1.497543973205819
2016-01-16,0.9476878124340221,0.8475349920031537,1.3949299107991828,0.9868326850500577,0.9331150511552004,1.6029086247808413,0.981738526518272,0.9343103444965211,1.5021078072521323
2016-01-17,0.9200633408123877,0.8549041795750236,1.412897722116298,0.9866913693105844,0.9397199525289952,1.6280374298737375,0.9930927915824863,0.9497224576135369,1.5074158033763974
2016-01-18,0.8859362064733431,0.8475652536824408,1.4336193031772004,0.9843995082319006,0.9389739182361969,1.597744450071453,1.0287234235415228,0.9738666693418245,1.4943937071305928
2016-01-19,0.8881594368105724,0.8375225437999083,1.4446285470269624,0.9860031434944982,0.942116497072148,1.6076097744000966,1.0893235906686507,0.9590455322751682,1.4691294369893548
2016-01-20,0.8831889830725541,0.8142194934426603,1.4191892923837346,0.9831398456188488,0.938735471196959,1.5803075353077212,1.1008316179438191,0.9519554660188164,1.466785961413615
2016-01-21,0.8953005877886004,0.8033139959570952,1.4151097606900205,0.9843169392521934,0.9315388704873745,1.5127836821725358,1.1086721222485836,0.9591714923681949,1.497357009756586
2016-01-22,0.8976923144942858,0.8154884725379542,1.4122149106675908,0.9852930683131579,0.937844482595126,1.455249688735352,1.1180651529546035,0.9900892353312188,1.5018795403097807
2016-01-23,0.9201872221427269,0.8065785933419718,1.4120954797515006,0.9854906925906314,0.9296192448096704,1.4249409111065015,1.0937612099171234,1.0024960347971494,1.5152786052722877
2016-01-24,0.9249358912206767,0.8188658923749772,1.4097375726709267,0.9891427190802737,0.9297448863557621,1.4267100505610133,1.0881700637610634,1.0129889173517919,1.5091993254395466
2016-01-25,0.9387604183793107,0.8025060290364756,1.3915702915406183,0.9912815228613849,0.929508566721498,1.4153391065559229,1.1077583813637926,1.0039642788991936,1.5064797293252117
2016-01-26,0.9587451437420769,0.8250601096651412,1.4182449942586863,0.9905416528042785,0.9341773131512584,1.391446553523713,1.0878873478289397,0.9687684660275073,1.5319824456310054
2016-01-27,0.946607720016309,0.8235109879948054,1.4031777124638645,0.9927064773717181,0.9328670971069811,1.3590443494613136,1.0977145076102595,0.9481279331682181,1.5194599334095893
2016-01-28,0.9169757398154632,0.8027327796569,1.406604763601321,0.9869551250692905,0.9274335353666108,1.3592582080136821,1.085999546986215,0.9766481424315638,1.5476291486332938
2016-01-29,0.9053128749016524,0.8111040600920669,1.4196740779958814,0.9852847661186542,0.9219782172222188,1.359229157828264,1.0824625404046793,0.9704596432624905,1.554784099244056
2016-01-30,0.8953897910822425,0.7946094837310679,1.4219583274035577,0.9865241659524226,0.9177310510132191,1.3822077844120129,1.044349442710047,0.9622381984774865,1.551083580368412
2016-01-31,0.8871133847622724,0.786845284123584,1.4543119941975025,0.984104565220234,0.9267843640268022,1.393359826647841,1.0464810672255966,0.9693044960124724,1.590635090998317
2016-02-01,0.8741580739857949,0.7712913022335056,1.441574556231496,0.9842978723297611,0.9204793716857439,1.3941987773884104,1.0821356636704735,0.9716997548786065,1.5862976603998065
2016-02-02,0.8663147721994585,0.7840740754825601,1.4277210344351408,0.9898485128453667,0.9276898906861869,1.400920926836468,1.0821028730536468,0.9869164730750556,1.6039816829588107
2016-02-03,0.8561010284878076,0.7769562569870675,1.405494031777527,0.9911622346592527,0.9302563554685854,1.3671606076582827,1.0724678527740088,0.9671694500995316,1.589885894972623
2016-02-04,0.8634337528759648,0.7670091368301795,1.4008419709573743,0.9864225610964402,0.9310451764281594,1.366344522480301,1.0570466391117073,0.9646207511742939,1.5930703550260994
2016-02-05,0.8531390130431493,0.74693441701194,1.4316141169126044,0.9846471799027916,0.9307779288364308,1.391478587415705,1.131865566944752,0.9468068135127583,1.6005550330878215
2016-02-06,0.8443403478717787,0.7399892523820123,1.4196708127903566,0.9814205256520167,0.9307172742765114,1.3548255826431264,1.1535251177192918,0.9477773321944549,1.6076364483147363
2016-02-07,0.8386893221543722,0.7353941627174816,1.4249956670299306,0.978091398153958,0.929477594478602,1.3341332729234658,1.133209952901353,0.9179720347749636,1.6294894780188502
2016-02-08,0.8303040381282899,0.7510880396627948,1.4436994588533405,0.9744157315408565,0.9255239268095031,1.3958890390609682,1.1731199289756336,0.9177216324747254,1.634009243602775
2016-02-09,0.8226962146026421,0.7572337040245891,1.4317078272273271,0.9685721006740448,0.920723953198066,1.3966981933082898,1.1468170026618394,0.9169790470272822,1.6167759847297651
2016-02-10,0.8132884293091941,0.7691654169583686,1.4363891776212094,0.9686408758175523,0.9240531583294029,1.4090603057192517,1.1802252336190424,0.9108372232148215,1.6101531047718796
2016-02-11,0.797659759163641,0.7635338547429444,1.4534495147953452,0.9725154026255932,0.927695055739358,1.3638358760604108,1.2060283848988833,0.8859005226947164,1.624936199371684
2016-02-12,0.7934985533380583,0.7734946117317602,1.4306457927929372,0.9760295898514455,0.9223516259299538,1.347698713034517,1.1821949815377721,0.8627658747781922,1.6267971992756889
2016-02-13,0.8152335394371083,0.8109350723268016,1.43274293274726,0.9793969347111274,0.923300152559199,1.3600704490889102,1.174341692168029,0.8654630136663168,1.6358662472287846
2016-02-14,0.8084044129160343,0.8101282751333369,1.4321681715464454,0.9819230050320845,0.9194554119076674,1.359080644552183,1.2194835152657,0.8807478713852386,1.6582641851536832
2016-02-15,0.8089431963511429,0.8151332120900275,1.4498222708578052,0.9866173497271126,0.9123697100082785,1.3271722259308878,1.2516643218852017,0.8772659752989765,1.6474569327182156
2016-02-16,0.7939677043466613,0.8073158395343848,1.4258589829101656,0.992905341130264,0.9123790670823224,1.3260532740849815,1.2666361466063878,0.8901049185963998,1.663369524115679
2016-02-17,0.8069922119100728,0.79847151697204,1.4211901478903366,0.9952953585789377,0.910545590028838,1.326196594749652,1.276991245795255,0.9007663961367138,1.63413279465643
2016-02-18,0.8158862221680004,0.7954317095243657,1.4336816880794578,0.9977147176367965,0.9164929644600129,1.358770855203883,1.3116378485442002,0.9204526950750149,1.6392211407629755
2016-02-19,0.8165248785707403,0.8082466771305185,1.4467066452370174,0.9968894093092051,0.918068684980545,1.3581842243635482,1.2894991616568363,0.9384539066233554,1.6404538226442225
2016-02-20,0.8418621549544779,0.7849215987317442,1.4374747106233956,0.9970867101820239,0.9223372677235305,1.3682218152081453,1.2977641486138352,0.9227733207559176,1.621802824032147
2016-02-21,0.8461872806253821,0.7659626747361026,1.4287312232543725,0.9986847928882363,0.9188053643090619,1.408032154450989,1.329791315598306,0.9012069086675354,1.6070059614445642
2016-02-22,0.8174282023500513,0.7554792158869077,1.4422994003688048,0.9975446096134154,0.9205907767626655,1.3697308388225107,1.3512800851335331,0.893883125980157,1.6075229301566283
2016-02-23,0.8165346572599881,0.7384900949417971,1.422774976106,1.0005406185416807,0.9221520698411286,1.3958939069711267,1.3603244253127427,0.8959791563397902,1.580098418270653
2016-02-24,0.8134681609860501,0.738421476091026,1.4565477931670885,1.002702656644309,0.9279102130405769,1.4111868721237122,1.3412444271293422,0.8977324650166517,1.5841470040525094
2016-02-25,0.8022526041210285,0.7336077265892015,1.453388243978473,1.007632804724995,0.9202800425250901,1.4420985417567667,1.3163832482497562,0.8794356110448711,1.6031558513558777
2016-02-26,0.8113007868821813,0.7504670127177522,1.4677890300215874,1.0139602701946657,0.9224288001150348,1.4383251571384656,1.325674975669182,0.8960147636576156,1.5909818813952175
2016-02-27,0.8036110113187377,0.7465936421371578,1.4311603641929953,1.0144816842826065,0.915561765246054,1.4399865199728998,1.3488819701925434,0.8897846413726821,1.6179826873961731
2016-02-28,0.7862469755499291,0.7629012573126303,1.4431844650485834,1.0093604795509412,0.9255809198771726,1.4386222549438188,1.3254792990542266,0.8711825296760918,1.6147464303369683
2016-02-29,0.7849802506213808,0.764615969065603,1.438460122951135,1.011378873406941,0.9242383468608072,1.38880369544637,1.3217848835028498,0.8404191886167668,1.620781878256935
2016-03-01,0.7736847745935547,0.7671701583026845,1.4615745945019107,1.0086013781345824,0.9282541856153449,1.37824738161339,1.3683961682236716,0.8359840535109101,1.6074834766354733
2016-03-02,0.7818924689097243,0.7614591786004887,1.447254972091378,1.0072563884765535,0.9281813862330878,1.4118204436174637,1.3157378822594115,0.8364406762640184,1.617850195359765
2016-03-03,0.7843958764090082,0.7797171216798253,1.446397988805268,1.006799442257968,0.9304733614119256,1.4146266466432627,1.305727518505449,0.8430838224420903,1.6076168351322537
2016-03-04,0.7774401226049404,0.772618660908023,1.470316826345659,0.9971713697900632,0.9320387854582768,1.4157822447613273,1.2620934877357481,0.8471693237595788,1.615586627613441
2016-03-05,0.7845494925865095,0.7360483751258804,1.4948662255166443,0.9950641371659772,0.9346916204120973,1.4349509850237459,1.2402164327837548,0.8557315787923899,1.6096817676884299
2016-03-06,0.76040838870921,0.7518140563192504,1.481411622922662,0.9926128161790535,0.9332781204168263,1.4422696096497778,1.2390439219780345,0.8629376977296018,1.5884421879288304
2016-03-07,0.7521687588697391,0.7505450338114403,1.5155946739416408,0.9923731621078573,0.9374227050067265,1.4435589886398936,1.2273062448618461,0.859916668171363,1.5860846266077613
2016-03-08,0.7592050614914666,0.7694159897103798,1.5225909168686897,0.99600647151323,0.933898784054781,1.4330739156742907,1.2097728856427719,0.8641445936786415,1.5807084597698327
2016-03-09,0.7677435326229518,0.7568298592454649,1.5238339169732265,0.9981584169335161,0.9262770389319249,1.488088711191257,1.203163850762974,0.8380685131965763,1.58352360509097
2016-03-10,0.7683589957764118,0.7560169491773958,1.5424159947812797,1.0004964382434833,0.9274733301405776,1.5004440162422878,1.200893277255415,0.8605558715424666,1.5604168916957273
2016-03-11,0.77019904277753,0.7572042309763359,1.557931720058389,0.998063669491023,0.9210972381327134,1.5049795798555812,1.2078880120601574,0.8799562354874705,1.5409060311175184
2016-03-12,0.7837702629977593,0.7897742037812052,1.5513367167624599,0.9942981482719072,0.9196898959970973,1.505659965189941,1.221749441973884,0.8723262045322367,1.5651783603322695
2016-03-13,0.7709023347918581,0.7653656849058678,1.5724046839697368,0.9876126236486884,0.9190309206430791,1.59045611507156,1.2216995077801152,0.8578355449097276,1.5645930233217655
2016-03-14,0.7705461687939547,0.7678850383091421,1.5853725503569382,0.9846326669892903,0.9253264591064783,1.597791389519067,1.2397023262566031,0.849924378779348,1.5850325870951196
2016-03-15,0.7678062714127404,0.7720285039286878,1.5680963129859211,0.9817862959176583,0.9279662500698221,1.5853527066715012,1.2187805373660392,0.8418945056189007,1.5964282275677624
2016-03-16,0.7607919250723414,0.7707023220354156,1.5688495213976288,0.9762371939649164,0.9225984240797366,1.5952659203272588,1.2010587526567078,0.8554076479713885,1.612181894731662
2016-03-17,0.7692272283617869,0.7962556451212442,1.5677559204292904,0.9782352056959897,0.9205340142419919,1.6660042521399616,1.2489481756136926,0.8557311687191989,1.6187368043166654
2016-03-18,0.7851421274034687,0.7944652554753784,1.5558731319115078,0.9808979318481165,0.9209148916197022,1.671825104552476,1.228358731810985,0.8338543310280113,1.6228830757768422
2016-03-19,0.7960355273788619,0.7915539204788988,1.5831587189954757,0.9789246114379185,0.9171218109535212,1.6701363178969555,1.226575337335037,0.8436517283149173,1.6106309118767008
2016-03-20,0.8126101122966796,0.8198951170398278,1.5828900121200762,0.9826926207615287,0.9133377771079009,1.70279414298337,1.2525119206847408,0.8547470639664361,1.6107023741388884
2016-03-21,0.7768441068719432,0.8107523939587024,1.5714758045698851,0.9799069182970382,0.9138757075017716,1.6902933487911282,1.232105695625468,0.8413429186085986,1.5994997299692335
2016-03-22,0.790145610907812,0.8014299972971792,1.5622366826952994,0.9786623455312748,0.9152062868216062,1.704512926026171,1.1573253435000965,0.8544043704806459,1.6227943327443206
2016-03-23,0.7779356503441225,0.7877244476624,1.5542645253933673,0.9765405937650906,0.9161175645815854,1.6451320334055377,1.1316806895092093,0.8743017035776571,1.6080557905853445
2016-03-24,0.7926786388319598,0.7930778919508478,1.5209858372422966,0.9784995220730653,0.9157779880087804,1.631973597813066,1.1374512898891325,0.8807011568934635,1.6197558730104327
2016-03-25,0.8069260803745227,0.7992214273556705,1.496334293398208,0.9772069864634413,0.9266502813399209,1.6535822976157308,1.1915777580756297,0.899311703283263,1.62399642744012
2016-03-26,0.8108163565798697,0.7990148759963169,1.4655791539832257,0.977357614865683,0.9312304340269522,1.6360650406284367,1.201633554248337,0.9109792525336645,1.6095480488900518
2016-03-27,0.8055707453241259,0.7846946063266165,1.451559442437989,0.9736799981404107,0.927969457024323,1.6781940463259086,1.1798725226332172,0.9128894742570096,1.6017760442866413
2016-03-28,0.8200573152207642,0.8035279998480932,1.4670458975687324,0.9746715974135121,0.9272045891982553,1.64252613854945,1.225970823613347,0.9026695896251106,1.612726527701054
2016-03-29,0.8333368998971188,0.7958181093614385,1.485759755575889,0.9770036352842416,0.9337060136497135,1.6289781946726094,1.1946873824116861,0.8960057700914337,1.6164173094910887
2016-03-30,0.8343145631699421,0.7905005465554247,1.452166178502608,0.9784803264404428,0.9411657438555099,1.6429165828990824,1.209480850264009,0.903878685706103,1.6231585240517241
2016-03-31,0.846224394801411,0.7964425227733231,1.447153117829434,0.9762415960075618,0.9403225585280047,1.6525347602758,1.2020768206626022,0.9083213219798756,1.6306112585850774
2016-04-01,0.8570541135196652,0.8151512040837272,1.4489419279111686,0.9725091025236194,0.9391185541147395,1.6541759358646504,1.1581825346287928,0.9274232901345622,1.6332590111079284
2016-04-02,0.8622138299874124,0.8355132542878172,1.4384201260835516,0.9742811364429166,0.9387997642244047,1.6490255538723473,1.140527376397152,0.9507795629800269,1.6274527746689018
2016-04-03,0.8715188103452366,0.8076487761553656,1.4592194831172192,0.9774540129989722,0.9392595286799251,1.6426191483165573,1.149879701011657,0.9836117496571908,1.5990824206435506
2016-04-04,0.8820035396654802,0.7947190368945078,1.4593084652187183,0.9768248841488638,0.9377442466130166,1.6426382481615314,1.1240264694032978,0.998993181549514,1.5707124036389855
2016-04-05,0.889409253890886,0.7903658478609853,1.4392413704422613,0.9775156459748949,0.9319979333424103,1.6441410137768357,1.0922642485555203,1.0061050951919135,1.5565075508264343
2016-04-06,0.8836593028841239,0.7948638902302682,1.4263306480401279,0.9774434153897553,0.926447585541381,1.6631403141599368,1.131037746436935,1.0484451497436158,1.5582378914234112
2016-04-07,0.8943719594987976,0.7697054448969598,1.4524792995401992,0.9798173180536356,0.9247468744133839,1.7005098369903442,1.1255075130212013,1.0414516245496839,1.565956387920876
2016-04-08,0.8803747543718206,0.7841676296633225,1.4345094032218721,0.9768287141815192,0.9214744179467597,1.724097610087575,1.1118489084590697,1.0206018288818641,1.5567848945491065
2016-04-09,0.8802157273848722,0.7678118496373592,1.4151145874777655,0.9831135217028213,0.9183946093702163,1.7144172112423381,1.1039050370710721,1.0143553863183055,1.5667692837186284
2016-04-10,0.8929983471553065,0.7638904964935918,1.3945420203285328,0.9869705913167924,0.9181362058543273,1.7681569776914123,1.0545475464085274,1.0175313820457592,1.5971427722900247
2016-04-11,0.8885342823236202,0.7610955115962608,1.3999056245916845,0.9854147432565534,0.9170819213163186,1.7577590269995984,1.0415255559967058,1.0364908898800917,1.6048262753119225
2016-04-12,0.8921412192534466,0.7724771455556162,1.3958847176655202,0.9832245491602076,0.914963006088019,1.758166993623747,1.019669939838279,1.0289204482642542,1.5968644650869745
2016-04-13,0.920839924398005,0.7342173807660444,1.3932947419916024,0.9884131051194104,0.9155004350973389,1.7823620342378623,1.0219096716804879,1.0188267379277627,1.5613834790846965
2016-04-14,0.9239540533650892,0.7242607184231026,1.3803314930553219,0.9870323298006303,0.9219816706486421,1.8598717470535304,1.026553391457345,1.0119277441558423,1.5433147369870097
2016-04-15,0.930724883302471,0.7477936155445793,1.3766486517946546,0.9800865950195369,0.9245449628790593,1.8932326288947927,0.9941995977263177,1.014808968332472,1.5505872375385548
2016-04-16,0.9299834589904994,0.737448730987091,1.3938447096997142,0.97899856243386,0.9191449318326995,1.8237688999901418,1.0194691593573977,1.0243988721326953,1.5522614615802572
2016-04-17,0.9241207320829321,0.7307217447130168,1.3762699450750988,0.977829278922769,0.9114421766505988,1.7999702737771779,1.0133332290211265,1.0339751583942933,1.5519521507686567
2016-04-18,0.935417042251722,0.7487591958524192,1.3941587584215103,0.9793072967650261,0.9115765694527976,1.7685532611515458,1.0285320935645144,1.0602342094098958,1.5575718632390745
2016-04-19,0.9625992205921599,0.7284975543145858,1.375267962150559,0.9819177427249296,0.9126314101621886,1.8107298593545151,1.0284195384026762,1.0466423977134045,1.5545565093693563
2016-04-20,0.9407575944209582,0.7139897935231897,1.3917289954430712,0.9845869508428863,0.9140478297525547,1.7549966890919806,1.02125343751654,1.02761967388296,1.573157294952883
2016-04-21,0.9328027062465751,0.7003215593314935,1.392644132385134,0.9827945463638008,0.9195640861396511,1.7321350559687372,0.9928783548119746,0.9946395535433222,1.572987606303296
2016-04-22,0.9252199980945274,0.6825892193161976,1.4129359566649895,0.9848601204943807,0.9195522499560342,1.7750190346554484,1.0062332842198263,0.9825618060562791,1.5569553994427772
2016-04-23,0.93684975733897,0.6877322596087242,1.4162379501511415,0.9824575607220349,0.9218803633934116,1.751235590294353,1.0043820835487025,1.0040839992235386,1.5469778962068532
2016-04-24,0.9150259932093889,0.674977680657594,1.4335607863219362,0.9833065940737188,0.9214973133309559,1.735538059980532,1.014332695869798,0.9914962271052479,1.5520158705693106
2016-04-25,0.9052637469355971,0.6643414708317744,1.4230243306977755,0.9822975028803499,0.9214094768117957,1.7432407324819779,0.9397109722208279,0.9796827891382884,1.546249045550474
2016-04-26,0.9259724975662943,0.6516923780357219,1.4262312005791224,0.9868014262505899,0.9166624911744806,1.755951666532155,0.9248208415142322,0.972463010814028,1.5341402017548686
2016-04-27,0.9160850932195241,0.6838823441954591,1.4411117416864268,0.9901616958733096,0.9185581253247387,1.7055336897449473,0.932311112932078,0.988308268865921,1.5213546853824211
2016-04-28,0.9296247392955939,0.6928261929024788,1.4735720350647858,0.9890196938343643,0.914617103192411,1.6947729558564106,0.9592655509612522,0.9614005007565064,1.4901916254614755
2016-04-29,0.9311501876604485,0.6875838491944616,1.4741507579625892,0.9919233916794448,0.9126870074040896,1.6379741571359756,0.9986814186193949,0.9472117442329748,1.4747079812838153
2016-04-30,0.9468454691852826,0.6831002495573951,1.4734716488088868,0.9934592564705945,0.9167341649834345,1.6284701520060596,1.0292401114131167,0.9170553660810321,1.4862075659041947
2016-05-01,0.9352059798575602,0.7002466694762549,1.4764252724526494,0.9915530903038021,0.9192564347036444,1.6549773961803005,1.0426592230059284,0.903074450224414,1.4793113083058322
2016-05-02,0.9354294075270532,0.7000067133257103,1.4901515180485154,0.9856586009815859,0.92057768953189,1.6466699650952215,1.025382346827152,0.8931972525349613,1.476433490635704
2016-05-03,0.8851816227635253,0.6914503826753315,1.474937402018217,0.9873325938998663,0.9177035477318759,1.6406233132795123,1.0572158878550775,0.9066981726687648,1.4900502144590237
2016-05-04,0.878810008913467,0.6984856006201597,1.4712400678691568,0.9868504995042249,0.919299196860289,1.623321489159416,1.0889958630853347,0.904701666728859,1.4995621074455976
2016-05-05,0.8982615959683992,0.7117357103749993,1.4468071410543428,0.988266321762829,0.9225193894042996,1.6497062008239316,1.0649661928830496,0.8959662939517673,1.5147760383067475
2016-05-06,0.8882671731524666,0.7081809257149911,1.474601043691886,0.988223433226923,0.9199297884077627,1.6239755477438824,1.0722658828761649,0.8782286520038901,1.511332407599191
2016-05-07,0.8929736194842673,0.7250247942913196,1.486855829157331,0.9862052879229258,0.9243580335204516,1.6155450511045748,1.0459802922145292,0.8761379229687414,1.533370191293736
2016-05-08,0.8954548366539661,0.7254782201270134,1.5165134580359667,0.9820690792945405,0.9196970538479579,1.5688796502635212,1.0539851414527244,0.8785012146920232,1.5573327249181106
2016-05-09,0.8989937871363647,0.7204906815142728,1.5170010754598788,0.9825140766506922,0.9136389678820745,1.645732741114295,1.0651546650520411,0.8814443032403606,1.5672243415021747
2016-05-10,0.9088298262336107,0.7189560632088191,1.505965053991897,0.9843792342710642,0.9151399335958391,1.6220703599125545,1.095597544011508,0.8854991943199215,1.5789756930649295
2016-05-11,0.9280777634586971,0.7195269134465758,1.5121446672638226,0.9868697941728293,0.9125780502928188,1.6239729347882537,1.0985676779840925,0.8729774580002108,1.6158864097502335
2016-05-12,0.908765020514237,0.7030023516992009,1.5364459191603206,0.9890801839065886,0.9089242162066256,1.6420497060093597,1.1310380526194614,0.8727557689854258,1.6582036130879656
2016-05-13,0.8855361440165718,0.7120632239949668,1.5584145453573286,0.9918239236953504,0.9082721331535712,1.6337935676478736,1.1413111620177228,0.8836096366537429,1.6685254900989126
2016-05-14,0.8996169376722846,0.6992890524082749,1.5546225304384171,0.9891261152173146,0.9069601784677922,1.6639762308915864,1.1440042893309692,0.9183380467504474,1.672086229732967
2016-05-15,0.9006923201557518,0.7009053139853494,1.5431902960291943,0.9890534047176812,0.911142309807011,1.6677226268278666,1.1260786635008737,0.905778608308059,1.6648928831423717
2016-05-16,0.9019604512735117,0.7162443167284437,1.5188297043584746,0.9882033342509609,0.9117593718957373,1.6130101445600655,1.1075299344259852,0.8967223365998179,1.6519738076128414
2016-05-17,0.9048271911182296,0.7144608161147027,1.5091647329452074,0.9895708968678684,0.9181346659220893,1.6609272196277092,1.0651608945203037,0.904663783823269,1.6493633042510587
2016-05-18,0.9072044708716429,0.7096245632597385,1.5117470097237442,0.9901193390157254,0.9161002566754072,1.6344609824101066,1.0558152648058805,0.9080236046687203,1.6595728027654557
2016-05-19,0.9190890623247552,0.7035960042578913,1.5173497479368163,0.9930773282400641,0.920463073831559,1.6330569945244762,1.051361166105419,0.9108083891258691,1.6408244847944415
2016-05-20,0.9166956232841309,0.7133074269258228,1.5294936526417995,0.9923714460815335,0.9213567263973493,1.6091429878109045,1.0663639248447174,0.9099273445503905,1.6366247707058246
2016-05-21,0.9119967721103508,0.7127852219739736,1.521732188556589,0.9944300502952407,0.9199920734467933,1.6556043424976925,1.0978261500940085,0.8979407330151831,1.6380928929996847
2016-05-22,0.9033694200658213,0.7088794040577395,1.5587546082063355,0.9936119185208947,0.9214096930491795,1.6720673132970303,1.076075373490742,0.8866029453054516,1.618664744824262
2016-05-23,0.8916350478706933,0.6727970582014537,1.569408678510219,0.9998344941636196,0.9220466478656122,1.6297759831618996,1.0624570718394384,0.8806776424595381,1.6025171917357752
2016-05-24,0.9034070732044995,0.6828787073609446,1.5481189882399606,1.0021093607309444,0.9277700225238796,1.6859153244086456,1.1235528587787476,0.868938306587618,1.648096313039619
2016-05-25,0.898878206975165,0.6758693820460163,1.5546595873853584,1.000459704332775,0.9293436842915546,1.6461928169897728,1.1184125459787184,0.885868468994516,1.6474855072619772
2016-05-26,0.9010570309407573,0.6819215591095168,1.5769657491688085,0.9955917934247243,0.9316095136035503,1.6385766985036458,1.122363626742959,0.900130289199783,1.6281409523517623
2016-05-27,0.8876405921429589,0.658437722251005,1.567046780789424,0.9996650551753777,0.9312533138669082,1.5993782601554645,1.1116859363244433,0.8802212744758385,1.6101469648297773
2016-05-28,0.8930838560367447,0.6447884927145907,1.5884394948976375,0.9995517322725243,0.9316652806050861,1.5916841097005692,1.1290915549722642,0.8907376286487952,1.615863861700587
2016-05-29,0.9009178416818289,0.6425848544970867,1.5992511067912258,0.9986385084984377,0.9317667636326992,1.5841338168720007,1.1189925414528175,0.8817085090458757,1.6237442698459328
2016-05-30,0.9188993407883436,0.6563874714600831,1.5756161200720684,1.0026007157865133,0.9306741422395634,1.60158019035104,1.0989353760108878,0.8837626242203296,1.6291630809053688
2016-05-31,0.8987119751211873,0.6638366874998665,1.6015369276471227,1.0021756693920387,0.935830702887627,1.5964319382447767,1.117827933007665,0.8545290385182934,1.6688947481112677
2016-06-01,0.9191413822131271,0.6607012148402751,1.564116907916084,1.0031418520274091,0.930519206519374,1.6095344357459886,1.1272526917372712,0.8426330991530165,1.6879362868460495
2016-06-02,0.930523680314989,0.6725705932857,1.5647523967973447,0.9989822519103924,0.9342519741632868,1.60202324524084,1.0961454741288796,0.8598907225897645,1.7237105354507554
2016-06-03,0.930227102007326,0.6989785266497047,1.5669364418018739,0.9979419440478933,0.9319893711389002,1.6495512431855142,1.0792616795286547,0.8695464696080696,1.7144169116224994
2016-06-04,0.9240833227511693,0.7122203214974635,1.5602605997302754,0.9968298513786572,0.9363056178253867,1.6973109498702597,1.0933933118619112,0.8611800876999931,1.7060058365406843
2016-06-05,0.9254682731848262,0.7166195220399545,1.542232738821301,0.9990917717693527,0.9367195148309312,1.6452327827720898,1.0732983504616043,0.8548401400867218,1.7051040812839953
2016-06-06,0.9519729274333786,0.7199783775850199,1.5271354174291596,0.9998529722100762,0.9354939569265226,1.655179281567451,1.0859754569482292,0.8705165915527903,1.7050309920713815
2016-06-07,0.9756622100827133,0.7320339892369522,1.5146292862395165,1.0065815497739588,0.9368111118866645,1.6306292634466901,1.1220931121617317,0.8978217927931769,1.704808907288164
2016-06-08,0.9685840208535362,0.7300554849331586,1.5280743183010228,1.0105410087255648,0.9390425484808275,1.633941100428483,1.1559357045720802,0.8937882861054423,1.7227250737770572
2016-06-09,0.9646894007075113,0.7360115792704354,1.5264503561311928,1.010472740063445,0.9377189247471954,1.673821309609784,1.1392225841877903,0.8840428800177812,1.7596085067638245
2016-06-10,0.9791285952446689,0.7047075005000805,1.5165542183927443,1.0050808898447752,0.9342467740204841,1.5795964447521293,1.1363291962904822,0.8690768055744231,1.761014526459766
2016-06-11,0.9555542933935639,0.7060410983868731,1.5094582682759037,1.0097101506020298,0.9396144210781963,1.6022418882445815,1.1291336466322173,0.8951323417119815,1.734017552521254
2016-06-12,0.9357233125639448,0.7052587372125331,1.550739623282626,1.0091982106727047,0.9390196630278503,1.5609771315324223,1.1507210918030166,0.9081096515693552,1.748047058526625
2016-06-13,0.9271723827727573,0.6965694404926568,1.5271412942321942,1.0095530624298774,0.9350554700890654,1.5282067626570355,1.141200239134372,0.901628161842526,1.7389925500897534
2016-06-14,0.933937652711847,0.6978391893685417,1.522318776939957,1.0102083015228438,0.9314404445019698,1.5314083790999629,1.1448658311991695,0.8814806468204095,1.756655388809981
2016-06-15,0.9218697721224486,0.6992527159515537,1.5440467428535134,1.013114701388504,0.9316615065732593,1.521722248588061,1.166790284541059,0.890577901431452,1.7461441774406217
2016-06-16,0.9111545066757399,0.6734486172320248,1.5473639452377368,1.0129646659548934,0.9359888557953366,1.5318614712737015,1.198158955820202,0.881440159452274,1.7663671520108222
2016-06-17,0.9041989848906054,0.6831440745453409,1.5207413927243287,1.013780513671419,0.9286518714992171,1.5248019263675086,1.2089508692412865,0.8747284084411632,1.7481658402145175
2016-06-18,0.9159461365015912,0.6821450923224016,1.5122634909709176,1.0140093115281916,0.9385389276191352,1.5567664273662936,1.2373025483493891,0.8806181251990703,1.751425912046742
2016-06-19,0.8833006856214997,0.6740810143591132,1.5039961083408384,1.0084072384261809,0.934287662413664,1.5015711857631353,1.2366016452676414,0.8916095511374954,1.7711605329362683
2016-06-20,0.8890613668232822,0.662661317472567,1.4695774854196413,1.0031931618097008,0.9296387121169183,1.477847150006671,1.2328980604877864,0.8782242954981645,1.7775185722876758
2016-06-21,0.8862305042651932,0.6630521702338039,1.490126597144582,0.9997414799105798,0.9312886519278146,1.4777710141108367,1.2249215483197475,0.8900617444881812,1.7934987158524216
2016-06-22,0.873914238185305,0.6611433156336525,1.495602127215481,0.9990226455476898,0.9335610757045888,1.4855462417560674,1.2700614076679644,0.8698091130778858,1.7916615276917314
2016-06-23,0.8622671132531964,0.6685970018694897,1.4670270592277432,1.0001604705321114,0.931301677046897,1.4662119857853981,1.2335725890579365,0.863915165456317,1.811450438766105
2016-06-24,0.8622000027856682,0.6764184150896526,1.496772062506472,1.0010518803086297,0.9293131633002227,1.4788368625516994,1.2203907274472847,0.8575512724008992,1.7842806240663858
2016-06-25,0.8744379509574021,0.6719891959477448,1.5004918089288475,0.9980408305869811,0.9310266220997693,1.4588504677032659,1.217176005393508,0.8690144951059156,1.7987468453823647
2016-06-26,0.8744113233706219,0.6508710225081447,1.5548302094241462,1.0033679502803774,0.9338110427663484,1.4393636273939092,1.2146542075220983,0.8621046945487495,1.8218401635861152
2016-06-27,0.8781166792703086,0.6419443593356652,1.5465133274946574,1.0068431798208726,0.9398811800260954,1.479248347654831,1.2332877820245418,0.8590102792073415,1.7631493308407897
2016-06-28,0.8822942318738651,0.6421800057737574,1.5495750916237652,1.007106662667667,0.9349890527609112,1.494386019684796,1.2491285326947883,0.867974121678549,1.7801915268113548
2016-06-29,0.8905531893744514,0.6376972493584165,1.5487227599700533,1.0074826907167707,0.9354853428897995,1.5215359020630932,1.2654588585014168,0.8951939217136662,1.819826938938345
2016-06-30,0.8918843381787013,0.5939130838383715,1.5721735038847786,1.0059501795618353,0.9325797855783495,1.5109277310072389,1.254407782269525,0.9035944636848359,1.7918118719221505
2016-07-01,0.8777338696686279,0.5978191634649471,1.5843976691241721,1.0079868513785506,0.9297371470599074,1.4846243199936136,1.241948130260531,0.9070263979418726,1.8187871941538776
2016-07-02,0.8510406153699784,0.5956830852752579,1.559535077037081,1.003091333381512,0.9334261828257073,1.4994753768518343,1.2533599821827255,0.9197387244687999,1.8104258857303897
2016-07-03,0.8457730460826001,0.6193574081416661,1.5553885030629944,1.005403856469335,0.9335433522336777,1.4498897451208437,1.2023575307436691,0.9119349590946674,1.8299079013472919
2016-07-04,0.8560275155309428,0.6297956794438777,1.5374322362693957,1.010378210154377,0.9300336276648858,1.4557340175064437,1.2023490591751977,0.9097389218582431,1.8547688862330465
2016-07-05,0.8472304136843161,0.6147480376536171,1.53826236640116,1.0092673193149115,0.9426909497806437,1.473751833347865,1.1927461238771058,0.8955090826379006,1.8202648355996174
2016-07-06,0.8344556309565256,0.6162658209840789,1.5650711165018925,1.0127644986283704,0.9436490813733601,1.4654737427979945,1.1993971710250984,0.8887215088941997,1.8519076641292318
2016-07-07,0.8323379054645125,0.6155546000327728,1.5239256017164786,1.0122719866551737,0.9469008362349934,1.4376018883241872,1.1816288135508695,0.8994667431729382,1.824931717366809
2016-07-08,0.8457943249613872,0.609904676722229,1.5172769906863541,1.0089602019760933,0.9484274155991556,1.5015431076947041,1.2003339324307227,0.8879856987756224,1.846021003963863
2016-07-09,0.8420303768171375,0.6252381253215463,1.5324195923107637,1.000152559871263,0.9447130717353583,1.5273680485186727,1.2042147866143198,0.8745270863063617,1.8346940126297269
2016-07-10,0.8182063488374354,0.6244936422964878,1.573531769172457,1.0026677437010507,0.9530848053368282,1.5519329343072956,1.2292017459357643,0.9005977709676201,1.8419825778632561
2016-07-11,0.8161539519950952,0.6363514247218086,1.6014557943081587,1.0013242752793272,0.9504292477038453,1.5561222353915782,1.2498891834644716,0.9115592758136207,1.8161180553037999
2016-07-12,0.8398012708750666,0.6292618533982371,1.5968423525448252,0.9987128585383276,0.9607825732110047,1.563213907784939,1.2288666703263307,0.9235543505522149,1.8304496926727118
2016-07-13,0.8376884103616294,0.6390348694247677,1.5815070713753547,0.9973358783659804,0.9531531269479835,1.5262734131010744,1.273539188647273,0.9464782896761337,1.832020010728255
2016-07-14,0.8588349928927903,0.6374492061568741,1.5773620621196862,0.9976046922454903,0.9527721646238543,1.5206665960932488,1.3029171424386037,0.9487990873887071,1.8454392232276178
2016-07-15,0.8723794286821029,0.6421582629304035,1.5594696405849193,0.9936555766382867,0.9534344580302346,1.51628310205435,1.3054550016839361,0.9487603663393653,1.8934865927579545
2016-07-16,0.8552342121969927,0.6194136383164186,1.5661574604503856,0.9926328390843336,0.9547352014683446,1.5325223339595424,1.3392429106244153,0.9275001765900789,1.8833239113210967
2016-07-17,0.860991151922544,0.6282516456336548,1.607850756216189,0.9955780918067549,0.954613802702353,1.5082658102162014,1.3243963355107153,0.9194396970310246,1.8960407477041774
2016-07-18,0.8645685371688623,0.6135344159116783,1.5999227373625002,0.9982986509721401,0.9560520710344195,1.524005473563165,1.334804016969564,0.9420546596984916,1.9008954285259576
2016-07-19,0.8598217602449795,0.603666579461002,1.6051949843555144,0.9910888262611206,0.9554429167140388,1.5186636553403208,1.2986449542440333,0.9291259132492591,1.9166663505889667
2016-07-20,0.8630552715060354,0.6050140779670728,1.6115775131500696,0.9914633416460058,0.9602883979342384,1.5223414414921002,1.261030661185418,0.9520306783168426,1.9241478711456579
2016-07-21,0.8556858100082281,0.5916062212697608,1.6197175438716023,0.9912139727373727,0.9664309663551214,1.5131673079914854,1.2401636103001101,0.9650134666717183,1.942336492560694
2016-07-22,0.8581072044827684,0.5990453304279428,1.6194709492470332,0.9920085252022145,0.9710311425094816,1.5305017441354063,1.2362130830506879,0.9847821903946703,1.8967915109571944
2016-07-23,0.8847781200339829,0.5808899056255973,1.6077700871854073,0.9919859544235035,0.9705592964515216,1.5585334938216333,1.2103060963141767,0.9888311245982976,1.886203391265026
2016-07-24,0.8889605676826403,0.5804450016539869,1.6100454481605637,0.9904485998895658,0.9686761631469646,1.5669042295497873,1.2333918501294947,0.9801549324203356,1.8701939090553348
2016-07-25,0.8974073843098399,0.5803375786539752,1.6265741386789707,0.9878562080042528,0.9618782304799451,1.5521846160924395,1.2147342672476618,0.9791925908224766,1.8586577074297506
2016-07-26,0.9076515177855543,0.5775596740249466,1.6299992060594102,0.9884221544565088,0.9627245105402431,1.5518209020027902,1.2273820972115457,0.9677019351622596,1.8850398281241425
2016-07-27,0.9047034105154778,0.5641557358286122,1.6341669188921584,0.9859970197330783,0.9653829184476195,1.6138516843087114,1.2083190835641011,0.9727200358001207,1.8523248565577397
2016-07-28,0.9111345656755284,0.5553871487546718,1.6224041602091352,0.9828380238444885,0.9683066818888791,1.6434359716561284,1.2091258834037164,0.9603019021708696,1.8821384518275144
2016-07-29,0.9011520369577772,0.533995534431874,1.63181518829818,0.9796788639757671,0.9722326185591453,1.632489901634849,1.2239670146863078,0.9806819142816113,1.8597624819985277
2016-07-30,0.8937724515944586,0.533481788377725,1.662412727996927,0.9778418209626452,0.9700178582807788,1.646866473515997,1.210081629685262,0.9831217412867306,1.8312795236455945
2016-07-31,0.9237271898509043,0.5207535711459008,1.656492822330757,0.9778443211990377,0.9775362266571982,1.6079226530251498,1.2583325246726693,0.9944843205573446,1.8392839608205696
2016-08-01,0.9103613143767351,0.5263155017199198,1.6426083654123675,0.9816578981711264,0.9738369870327277,1.604969135636628,1.2446098274431558,0.9799520758865963,1.8532867941035056
2016-08-02,0.9179463367073435,0.5379798024901512,1.6080174950164077,0.9848900186858096,0.9836939659840599,1.5922424693104977,1.292033161150566,0.9762797847790539,1.828222763035112
2016-08-03,0.9140134078950621,0.5483454205541354,1.5923262708949075,0.9832147050284181,0.9861277800131399,1.5926486218653395,1.3073986126104487,0.9799578633289944,1.8373570268570407
2016-08-04,0.9083606757162478,0.550851993537892,1.575083803977515,0.9871134471512162,0.9837244891174871,1.625328584705863,1.3015517439992679,0.9831231126863048,1.8286302323061705
2016-08-05,0.8947898294732565,0.5337724490556573,1.555609641236966,0.986252954141949,0.9846565845141911,1.6552132212497501,1.2902085263640823,0.970313597131339,1.802614039609835
2016-08-06,0.9015016070641094,0.5472755582666982,1.579715311015213,0.9884520992476702,0.9872700337000229,1.7061229917418919,1.2990356547287034,0.9799118860031101,1.7971920674872102
2016-08-07,0.8833537932304799,0.5407579002917673,1.580015601527629,0.9887311947447522,0.9949758179067486,1.7089602555381944,1.329922655162299,0.9737128079750595,1.7919500916054645
2016-08-08,0.8660090403048448,0.5337486481756079,1.590481272048921,0.9888524928228075,0.9988281199868118,1.7148776518791613,1.3208139156413008,1.0052849131106847,1.7906257765382112
2016-08-09,0.8813763833216577,0.5301075399455591,1.6045016726219186,0.9917043898658822,0.9997609933708199,1.6425429247839936,1.3215602405102982,1.0240404139262853,1.8004291094560119
2016-08-10,0.8875350740675605,0.5138859180060781,1.5911113667323402,0.9930273958107219,1.00150211024001,1.6787839952311447,1.3179955496829439,1.0304789259945513,1.801084001896087
2016-08-11,0.8746621401686605,0.4932255231911045,1.5998181131861995,0.993644901580439,0.9991258460143898,1.630191399400001,1.334859026341885,1.0265746462928889,1.8114740002316418
2016-08-12,0.899380728965534,0.47441106280656203,1.5868672500710144,0.9931201310385491,1.0050399763271838,1.582499735378354,1.3868080294246177,1.0288719545836058,1.810097268004329
2016-08-13,0.8969785761708853,0.4708754030740093,1.607301976160453,0.9900359346377177,1.0065291005685861,1.5718728224076968,1.3659467353126542,1.068987288977181,1.8180445133592542
2016-08-14,0.9054989605697089,0.48070727303893984,1.5803697038421884,0.9953394341051987,0.9965283998297,1.5504359424912277,1.3536796683520402,1.078528909677794,1.8223845176992257
2016-08-15,0.9035048516432284,0.4807957461534008,1.5622961592809186,0.9909682047158596,0.9995240105275399,1.5701058737069613,1.3968483606910764,1.0659637712889056,1.835374751731555
2016-08-16,0.8999309470159009,0.4912908200099572,1.5819241503798909,0.9916952069338368,0.9982664887530494,1.5975776695233062,1.415200280819906,1.0552331339597092,1.8113717450750333
2016-08-17,0.8963060310016685,0.5048884964659044,1.6041625963190074,0.9884851069938908,0.9937033830207816,1.63455250122831,1.3833402758496212,1.0635055600936678,1.8005746794999058
2016-08-18,0.9183154295847104,0.4980888367319089,1.6266534987078183,0.9891321455839029,0.9948051808784159,1.576909100971444,1.3226693685908628,1.060199664648063,1.8053805224958352
2016-08-19,0.9030916263153845,0.4885272836477283,1.6381013517702552,0.9909012711781796,0.9943565593145294,1.5993700122968126,1.2918722742830189,1.0547512733850104,1.8354920599297233
2016-08-20,0.9042880709548894,0.48983342253474166,1.6839212728107913,0.9868405315124391,0.9976237380068923,1.6475938219216435,1.2837371497713845,1.068562673645829,1.8178342684434412
2016-08-21,0.8952442986774284,0.49342360541215935,1.7005631300959383,0.9902577723166743,1.003987095333433,1.6459230990886908,1.3146395722517163,1.063289773499789,1.8345963602918323
2016-08-22,0.8982991694167807,0.4975793188500926,1.7097157215453735,0.9855895832692226,0.9995730786834527,1.649290239547879,1.2705392232155919,1.0767597054392657,1.8509528135993192
2016-08-23,0.9029771147062219,0.487736994806293,1.7385443791622424,0.9917117029838444,1.0002610921401738,1.6647764758950117,1.2759196685353775,1.0855412599561598,1.8491100279923585
2016-08-24,0.9027798470771411,0.49588362525519103,1.7880016029034975,0.987645473069641,0.9999457598932809,1.629735779952507,1.3168007700869098,1.0761881609720572,1.8227934793959986
2016-08-25,0.9116928164496713,0.5116515344500243,1.8027761720164082,0.9883510407061231,1.001682229392985,1.6715664232289908,1.2940412048016463,1.0745978706654011,1.814906431582978
2016-08-26,0.8959953081260266,0.5088319483673958,1.8272806832329378,0.9901298812792845,1.004363975128603,1.676307923370346,1.307844063808676,1.0619081000820958,1.809652098043216
2016-08-27,0.898844630150428,0.5115772419799417,1.8348497444255623,0.9898179845783336,1.0029481296562526,1.771924331350273,1.3318243596622754,1.0687013514707506,1.8057937659822176
2016-08-28,0.893030649245154,0.5105774099509465,1.8418477624946754,0.9843330996157295,0.9967523590316861,1.7519655829954934,1.3376081914891762,1.0650794187050672,1.8328467456899786
2016-08-29,0.8734411719629811,0.5038764804856545,1.875997647686597,0.984818728199522,1.0003799099947042,1.817002828955083,1.3193149436739369,1.063705769731339,1.8282201474510211
2016-08-30,0.8480948742463723,0.5012628013952988,1.896394894072804,0.9865143581874785,1.0029572214467901,1.8050848136787139,1.3022668289033634,1.084170229607227,1.819493739214072
2016-08-31,0.8520904447542729,0.5029370313086826,1.9302277247755377,0.9894879463389908,0.9978611612199776,1.7668604152793792,1.3176051833291025,1.0833407692241765,1.8115758158502069
2016-09-01,0.8653271741183645,0.5048352508933437,1.93202184952349,0.9919017882543358,0.9964637205469858,1.8170981612712562,1.2971019917041284,1.0942326079788727,1.8379130999582574
2016-09-02,0.847709604065733,0.5019172864001454,1.959082691755253,0.9954445972421873,0.9958798103429594,1.793432130021242,1.3221603372842003,1.1138776248183022,1.8168751823255271
2016-09-03,0.8326553795065335,0.5041531373208702,1.9744660508486516,0.9946510215866282,0.9986853783264382,1.7708663439139305,1.2665054893075758,1.1070177915491495,1.8183874065392402
2016-09-04,0.8294599817230256,0.49384075611068423,1.932039143506336,0.9932164698254345,1.0023711496399386,1.811262556984547,1.2968437008201459,1.0936907995318985,1.7977722335232067
2016-09-05,0.8358878977975062,0.4996837812719302,1.941896475344854,0.9873145890266866,0.9989956263630835,1.8106568740002151,1.3097399864929384,1.1064974927351763,1.8007251377393771
2016-09-06,0.840286136876936,0.5006469608608375,1.9584558664421334,0.9883400109519562,0.9993582124652182,1.8022723767783602,1.3121313470889797,1.1147617794190245,1.8059017793320786
2016-09-07,0.8453382701163793,0.5129473527901857,1.9652751452829285,0.9865145513385547,1.002990307079158,1.7583121238004542,1.2840146454378076,1.1206005771913938,1.8155885762999144
2016-09-08,0.829804529885167,0.5096179578887704,1.951571269929484,0.9851728629707446,1.0068762838033987,1.7810244144227692,1.283780385187198,1.1116476185470894,1.791447608782588
2016-09-09,0.8477306096762718,0.5152533388525395,1.9356073598601915,0.9873981699488439,1.0066941454393015,1.772176336625746,1.2952114617327461,1.099505676615714,1.7856476803555463
2016-09-10,0.8495294227892619,0.5108272500829767,1.9517290771565585,0.9930334483015725,1.0037574247977998,1.7194146502357857,1.2436169678585711,1.0972439691151838,1.77416302677109
2016-09-11,0.8524330357884817,0.5122508020580429,1.9147660566414177,0.9877260306040326,1.0050459812892472,1.723949982970506,1.2332746014923786,1.070189055837842,1.78288110887185
2016-09-12,0.8689519035600741,0.5150188434821495,1.8958679155838842,0.9879568192080561,0.9996544560192759,1.7571244573500053,1.2355399871937034,1.0420191610095744,1.7778770187220527
2016-09-13,0.8752513900697465,0.5121373866091151,1.8901599338026558,0.9844266453602597,1.0020198023538927,1.7369659426000226,1.1824996053213677,1.0364247054332074,1.7956762294381792
2016-09-14,0.8704340574468346,0.5283638091522056,1.9004567981335796,0.985525535708642,1.0016053739139787,1.7351783410782966,1.1765061383512092,1.031932798389535,1.8055680201231998
2016-09-15,0.8584764970475877,0.5183428141672807,1.8754119311322266,0.9916722226441359,1.0038303116526917,1.7450356456673997,1.1518579895589458,1.041787895419562,1.803824358775036
2016-09-16,0.8614919250320895,0.5094381170807898,1.8795813962402446,0.9905104780258073,1.0008565199383914,1.7684434038230237,1.1166639406596084,1.0508219091353874,1.8165320512562575
2016-09-17,0.850383283758705,0.5021195737683342,1.875114931602411,0.9914476085385464,1.0003446619297356,1.7825982446154773,1.1562603895698427,1.043029274947345,1.7857385637619534
2016-09-18,0.8611736728739029,0.517534475150731,1.88451529594851,0.9883114158307892,0.9999489561390638,1.7470649602730974,1.1713578085254908,1.0220963490677868,1.7807361959873635
2016-09-19,0.8484583855556292,0.518922939584226,1.8767961326079803,0.9889343349859576,1.0001383486911086,1.7163867397938215,1.1862780269542008,1.021553120416969,1.7634892493756582
2016-09-20,0.8772329169917025,0.5235806585272098,1.8739075056809484,0.9932318614619051,1.0076066442146394,1.7122394523620479,1.1947574826551253,1.0066179706153775,1.7612462188898792
2016-09-21,0.8748767234963212,0.5255319842702113,1.881952426234795,0.9949993030050377,1.0086652061568073,1.675266436997044,1.172571622215459,0.9985689382740011,1.756627516380237
2016-09-22,0.8889286560391063,0.5147412876636914,1.8744453545577333,0.9979435342947787,1.0075561687788834,1.689485230218941,1.1695336757470374,1.0026148888311552,1.7529654303115807
2016-09-23,0.8980899388483556,0.5006317063348512,1.8668355860875532,0.9989312170036748,1.0098078361532676,1.7352249125650507,1.1606212521632455,1.0250656684418593,1.7417635635387825
2016-09-24,0.9162580254474384,0.5081984583425949,1.8469323129688864,0.9999512433621827,1.009701863544034,1.755111497041075,1.1556707014028793,1.020546468210285,1.765958306844437
2016-09-25,0.9151760956777073,0.5159614956456269,1.8424918853887333,1.0050509844815108,1.0070631707730024,1.7360604926350272,1.191138632343179,1.013939250487361,1.7945858032142679
2016-09-26,0.9276935162004184,0.5147316009537161,1.80295289085811,1.0050932419377783,1.0075732686259085,1.7728821954092233,1.2292180760107683,1.0037240075322416,1.8093226145693841
2016-09-27,0.9386227035165697,0.5248828434924216,1.8142831497500862,0.9993365773569758,1.007047627999332,1.7363559709602492,1.2244829860584698,1.0186795590231112,1.8152056421743312
2016-09-28,0.9550686526211342,0.5283216504840371,1.7865610641923144,0.9918789871559446,1.0077477628040317,1.7300170972049265,1.2008028139321731,0.9928973816838526,1.8022315830363165
2016-09-29,0.9525688824109793,0.5348653372193738,1.7911410438614823,0.9967631993918731,1.00367402689779,1.7577995456686357,1.2021789037718482,1.0034419884772987,1.7947250206225043
2016-09-30,0.9681673937165836,0.5379215821729626,1.7770746045802563,0.996826920383225,1.0028126503260544,1.7736289002628065,1.1740532851674315,1.0032008859199517,1.8021786437982619
2016-10-01,0.9689374252735532,0.5511786285807951,1.7941136815436516,0.996904231896532,1.0037821258637205,1.78342284344743,1.1837580003280408,0.975929000317572,1.7971050370192303
2016-10-02,0.9476531779704731,0.5640812005443376,1.7933418641718832,0.996425695086918,1.0074832606059758,1.7973368344563947,1.1572741492112515,0.9750862071241081,1.7914411554683578
2016-10-03,0.9231392918844412,0.5572981397902254,1.7899300602123063,0.9961817174709888,1.0016107155412401,1.8349550593442507,1.1551423794288846,0.9758304866718348,1.798976702894614
2016-10-04,0.9125036713473129,0.5620989330745036,1.7825825839113731,0.9936018492715112,1.0040083612293744,1.8845908312499182,1.172119030448138,0.9895356974678419,1.789970474914998
2016-10-05,0.8909099144244704,0.5774006574512524,1.8270654682094207,0.9983000164468969,1.0027602345042217,1.8457995102283038,1.1473713148435551,0.9647419023976861,1.7884064234440695
2016-10-06,0.9126349035822253,0.5761592879722053,1.8342419526275866,1.0025196218648091,1.0012396676890516,1.9137979635159614,1.1933142286989809,0.9630375217435979,1.7784354448534483
2016-10-07,0.9224535507119191,0.5727856166655777,1.8093354000172723,1.006473274498341,1.0062116131670147,1.9195378433392092,1.1634130019537954,0.9454689305395803,1.7806981356149292
2016-10-08,0.9158136696169746,0.5694980146536579,1.8320670900048381,1.0087876979909929,1.0118590470072026,1.8856940531241373,1.1556602138907652,0.956421928504275,1.7890331979065632
2016-10-09,0.9371390372392592,0.5740367206033438,1.873247028552281,1.0105228667060153,1.0162592878770198,1.8750902881322942,1.1562215691803786,0.9696819209421809,1.8182477194930402
2016-10-10,0.9476711251393766,0.573406949569839,1.904770067677466,1.0039787853261788,1.0105794777190256,1.898471569021386,1.1567790612103255,0.9786831919320512,1.8197824573447396
2016-10-11,0.9560714577088995,0.565230596078145,1.9183812365472621,1.0070742964751331,1.0156143892341993,1.967659423794477,1.1626577763889192,0.9829000112221552,1.7924279885380672
2016-10-12,0.9487372700522689,0.5634922421924865,1.9431357107758145,1.0053290333232163,1.0189510482042425,1.9679955179192525,1.15877059020887,0.9867661595002128,1.7857752778405647
2016-10-13,0.942916236820692,0.5464262337041507,1.9379369473902959,1.0039819884893677,1.0169499058292601,1.983156394759769,1.1742664110602214,0.9904003379261573,1.803908311279049
2016-10-14,0.9513397119691568,0.5437427282321536,1.9277544929055002,1.0050245903621553,1.0193855704533739,2.033451615813346,1.2024763542711032,0.9825542922644037,1.8024289931760624
2016-10-15,0.9612006021615973,0.5544131137840244,1.9500540505973327,1.0049324964428679,1.01437417862279,1.9972951079458248,1.209273556628976,0.9877946313026476,1.782986563405871
2016-10-16,0.962131567394619,0.5609341421319488,1.9236996163329827,1.0083643324822271,1.0129437846457527,2.0429074082812955,1.1966136126123847,0.9727807631236359,1.7751746397476822
2016-10-17,0.9610470316729719,0.5572361062104751,1.9192904639961916,1.009475444551152,1.012351498709438,2.040884882774044,1.1559472638084616,0.9786908637001909,1.7739461603571907
2016-10-18,0.984548855117727,0.5480349272169907,1.8782185233744548,1.0114481669986264,1.0138559624446388,2.0042473370265395,1.1208122708842065,1.0014561438859797,1.7993865065666432
2016-10-19,0.9481088792151778,0.5437339411470983,1.9162905850564398,1.010104774011003,1.0119677074860185,1.9944472331643746,1.0959101316864568,0.9760475629696824,1.8186857781525476
2016-10-20,0.9221837392092408,0.5463715325849459,1.9372527994504638,1.0058081126503329,1.0083275851508635,2.038399316372171,1.1078093424185667,0.9672052693344491,1.8409146469502884
2016-10-21,0.9391501087051728,0.5492361303781036,1.9169079202334725,1.0046611432812478,1.0095835045251855,2.0318872279609455,1.1288346149706414,0.9452046271207208,1.8137747137090618
2016-10-22,0.9419798305979397,0.5445962936987858,1.9030590591389163,0.9994327157409604,1.0097633955255991,2.0303641416637213,1.1438137757932936,0.946370623984089,1.8117323294113306
2016-10-23,0.9588930874539805,0.5319483652932048,1.9158793412024857,0.9945220615645919,1.0064781833106364,1.9864517744442538,1.161930471427025,0.9456313632551465,1.8118500332294025
2016-10-24,0.9432621762063508,0.5292915582648129,1.8989016161768286,0.9957655771864186,1.0025887847074322,2.034397367574479,1.123224697886398,0.9343804327979244,1.8426007612331927
2016-10-25,0.9373884060238971,0.516976099698307,1.9044632307916158,0.9944450160527611,0.9993369070108892,1.9946743865795629,1.1856394549622928,0.9310416312840061,1.8074887625458878
2016-10-26,0.9586724156965523,0.5228692530951236,1.8875180841346941,0.9917606536729836,1.0021289455858653,1.9862079315153138,1.140206277034671,0.9561877617923854,1.8000059314633226
2016-10-27,0.9804664679631777,0.5351105787652017,1.8654112561487017,0.9949338609040983,0.9996178407380052,1.91986737389868,1.1307517284077608,0.9620822410371666,1.7920366455386267
2016-10-28,0.9762448488687548,0.5463394401835515,1.8683547403600889,0.9925162761559668,1.0025248506671867,1.9270825430624825,1.0739516990011522,0.9684563184539147,1.7994167668977474
2016-10-29,0.9768323695600166,0.5553270574925371,1.8538400098942274,0.9936174723355657,0.996341440313929,1.941588901454432,1.1161163249064672,0.9541978859100875,1.7861046432928924
2016-10-30,0.9667219282583253,0.5568486358953798,1.8307477718021747,0.9949725103497281,0.999816041381897,1.9606519063796926,1.0768644016560271,0.9686325287205758,1.8032042271322504
2016-10-31,0.9790499728764057,0.5608084759059649,1.8361343292899839,0.9981536048140999,1.0076086615489166,1.9274095859366094,1.1002996717214124,0.9675735649413912,1.8012265980220457
2016-11-01,0.9567785829071341,0.5581579776316465,1.814711820492086,0.9968644262618203,1.0032832539659118,1.912220921933337,1.0915828698054464,0.9691713421747712,1.7725015393305341
2016-11-02,0.9363200044075115,0.5620173368963849,1.7978907895123368,1.0001775942729627,1.0042876196502013,1.933488105126439,1.1225989378101582,0.964862733795737,1.7626732539416474
2016-11-03,0.9488437889406826,0.5673965420447656,1.7943885634857,1.004452727278156,1.0035354310813125,1.935015416638229,1.1232999481034014,0.9515293840361879,1.7643933655018789
2016-11-04,0.9690080503618285,0.5721680233639342,1.7955957583396207,1.00406570979063,1.00496393176835,1.9615169994516906,1.137211767035443,0.9469830023997042,1.7704766690738292
2016-11-05,0.9762747348698557,0.5620237648004831,1.7997593256211941,0.9976558429995889,1.0070041440584576,1.9852242371374826,1.1544415744017724,0.9415608591878428,1.7763023665182556
2016-11-06,0.997420169735656,0.5765508728316828,1.799669207369042,0.9981725877148144,1.0115796129785766,1.9319915683397317,1.147213021336111,0.9606119843439967,1.7939801372918045
2016-11-07,1.0032440628832886,0.5611540914034466,1.7991312452168111,0.9965058928407631,1.0130202597606452,1.9042322491774262,1.123907999240299,0.931051091763885,1.8162578666842455
2016-11-08,0.9975290252203376,0.5629658470304947,1.7996226646070268,0.9934144308168071,1.0080197287320183,1.8701547329240853,1.1078772849761775,0.9363572391801828,1.8021688335972932
2016-11-09,1.023960910387269,0.573599550522404,1.8176194574071685,0.9931571596184112,1.0142262301306717,1.8631900871394553,1.1074061842204184,0.938931863989577,1.8151773034676895
2016-11-10,1.034050633306519,0.568923420711775,1.8065393861831374,0.9951630479444428,1.0172292995702108,1.8503707426592508,1.0724744277796068,0.9361998150354739,1.8268584377099355
2016-11-11,1.0623642349978504,0.5568831559275921,1.7978339347679695,0.9941000041437332,1.0228476821633017,1.849577031665024,1.0532272320137226,0.9442328113064699,1.8198316364518847
2016-11-12,1.0431717655333193,0.5481568416860537,1.835783518588068,0.995345241310649,1.0233908554233158,1.8416273882172884,1.0595918597865412,0.9483907774955771,1.8255125835467427
2016-11-13,1.0452817643967973,0.556948383980106,1.8368432285747953,0.9925246155359995,1.0209862025640588,1.7763926431958883,1.1027557565071895,0.9608538831248246,1.8107246447225591
2016-11-14,1.041176239704157,0.5507864315178221,1.8713952903430018,0.9883960788878241,1.0215558150906268,1.7732777366244734,1.1212123288528308,0.9595469888463481,1.779250468216204
2016-11-15,1.0375667237341333,0.5413685784306351,1.8737438063937075,0.9927475233736959,1.014550290779492,1.7480900832733415,1.1090428482415584,0.9542460037173092,1.792775007653828
2016-11-16,1.0351770350599807,0.5456369714115629,1.860235469156819,0.9935315685994642,1.0178082050588684,1.7253974408341393,1.1265958495049444,0.9551865004969811,1.8118763125616824
2016-11-17,1.0323600093460423,0.5495996074222984,1.8598870939683196,0.9933441519974532,1.0189641519369241,1.7424142325274896,1.0986660758056335,0.9759183498441045,1.7785438936990086
2016-11-18,1.0220651278086912,0.5488868628681471,1.8696482866367952,0.9981405317015657,1.011491918710714,1.7268396728226114,1.0521522129821461,0.9765764404830329,1.783731614280056
2016-11-19,1.0467602001501306,0.5502982846515683,1.8936326986563987,0.9999886001197192,1.0098320677669685,1.683390153086991,1.0581495289592007,0.9549144806200089,1.8071913786285116
2016-11-20,1.0445296258347034,0.5623570773947915,1.883288591407917,1.0008951421443337,1.010778679731693,1.682361948272755,1.0492047896589862,0.9607268925417924,1.7908152742545445
2016-11-21,1.0258936192480206,0.57516244521565,1.9002871841155498,1.0011930834314224,1.0176121192756378,1.67458980730669,1.0771703616911141,0.9634492190956256,1.7728220443539895
2016-11-22,1.0546397769465692,0.5856492643085638,1.8980975736999532,1.003477319246312,1.0160706264594475,1.6999174466794313,1.0258738165034764,0.9489040069607337,1.790537141381064
2016-11-23,1.051006718962543,0.5880713698759482,1.867991035801401,1.0091405448357493,1.0210108823257364,1.6941167606966432,1.0177756536027067,0.9637487233241568,1.8263921185365193
2016-11-24,1.0663581475352892,0.6112957478787895,1.8478761049375754,1.0067608294725505,1.016257296134061,1.707926678222956,1.0215537090869693,0.9617448325500146,1.8415376327628474
2016-11-25,1.0863896097087218,0.594752909195021,1.8351929036209615,1.0093385708908156,1.0144575504630526,1.683729269413029,1.04256783356999,0.9433346310870758,1.8363522346361127
2016-11-26,1.0920710584155422,0.5888477512219616,1.8529903619202,1.0077169363284295,1.0202749349415214,1.6802550062778605,1.0567732401800067,0.9540795514703307,1.8251956602194135
2016-11-27,1.0587603813035762,0.5929070341901858,1.8551536543547944,1.0094980539269813,1.019452481226424,1.667572947955606,1.0994346054606272,0.9331992238414489,1.8389567316307212
2016-11-28,1.0499525241809475,0.5895606579248607,1.8486509067072308,1.0071658077236716,1.0218837702283945,1.7096484560805665,1.1099894780659958,0.9348330036655818,1.8211843090153301
2016-11-29,1.0584071398243948,0.6126798625248011,1.8407602444417546,1.0061304908882776,1.0196924870990132,1.6949293125448122,1.0492664035872967,0.94069957696157,1.8061494823168254
2016-11-30,1.033159952237465,0.6212312921372406,1.8174116486452778,1.0052088681530682,1.0257757375039571,1.6522749174594076,1.0173141801128016,0.9446877601558787,1.8272721722876593
2016-12-01,1.0090716980146752,0.6260386378502116,1.8306278561212785,0.9990997299024098,1.0291546482728662,1.6786764627825916,1.011173965252265,0.96262284190699,1.8484037631821666
2016-12-02,1.0109352202300677,0.6212018526753417,1.8098064144056256,0.9990870507992142,1.0316030439001274,1.6692168128798102,0.9669350839425827,0.9811347610968341,1.8522895371258306
2016-12-03,1.0054818641838459,0.6310347642370574,1.843460964868726,0.9907888988046146,1.0334981550169764,1.6266856929645919,0.9767806201551363,0.983213695426147,1.8644354909672474
2016-12-04,0.9982537424114296,0.6100097447609707,1.834051168993384,0.9920972780556992,1.037799129225695,1.5926994083043433,0.9970402306931239,0.9738553845442189,1.871566022294858
2016-12-05,0.9909181653339368,0.6122540141049199,1.8542303749634739,0.9885445358048629,1.0350804861482203,1.5983205646475316,1.0451291492877133,0.9614408263849752,1.9101227881189593
2016-12-06,1.0210087327229929,0.611426491143146,1.8481525224305395,0.9865909784467614,1.034901613763822,1.5581692340009747,1.0437445827312748,0.9832205416626103,1.8988323376434244
2016-12-07,1.0176283110945374,0.5929488594193927,1.857002853687969,0.9874724432776183,1.035268806624887,1.552399509550179,1.0378420418124124,0.9908193650655394,1.8986649251613785
2016-12-08,1.0227414639932628,0.5954805676584404,1.8825944466806486,0.9895767295682044,1.0361709889063557,1.5951395465342326,1.046773057186886,1.0104122634796755,1.9105684645677072
2016-12-09,0.9947911812023073,0.6097048273056173,1.886213009509951,0.9895214475443409,1.0374407059870283,1.5855532413220688,1.0517353656835033,1.0016437633939739,1.9352964221887343
2016-12-10,0.9933946717508736,0.6057499713529134,1.8658435881355084,0.990418277912925,1.038320900145823,1.5969559742643948,1.0303377699655545,0.9777868947188532,1.9477905275681056
2016-12-11,1.015815219878095,0.5948014251489632,1.9019911271437666,0.9913608918463388,1.038395397990194,1.5858477456710711,1.002013413347318,0.9924692720739646,1.933072898434322
2016-12-12,1.0042378720974066,0.605659331008766,1.8595847107843713,0.9869287220823261,1.0384239154699737,1.5945367953306053,1.0119280284135683,0.9881748799625695,1.9823734033087235
2016-12-13,1.0011062683848082,0.6033855945843744,1.8423578155093034,0.9873942765427937,1.0410821196632978,1.62940039358178,0.9819894442300042,0.9847262187292971,1.9916252115616853
2016-12-14,1.0102222049321004,0.6036980734063043,1.8549025913290007,0.9850967170170338,1.047673857834116,1.6588392688506468,0.9557717443158579,0.9690429315832977,1.9711727790835458
2016-12-15,1.0207987763767326,0.5899789744417863,1.848090847362613,0.9865390101131056,1.0475013439402856,1.6669011866954466,0.9355896163342736,0.9778833315575445,1.9594795477367726
2016-12-16,1.0161344455134471,0.5927395870099634,1.8509312496301045,0.9867086356867834,1.0444609636554065,1.6582468200907523,0.9358175931558095,0.9579088142890808,1.950808204769869
2016-12-17,1.0223483090308676,0.5793473124348628,1.8771755664652086,0.9905655216609213,1.0393633650699186,1.6991013013639376,0.9333174331390391,0.9641138778288114,1.941509656936829
2016-12-18,1.0368101132977015,0.5838139019713221,1.859399015927431,0.9872019514322795,1.03339616199411,1.705189099728726,0.9441900475974219,0.9737207762778998,1.9396073445230544
2016-12-19,1.0191273719374547,0.5768797420452405,1.8856689467357026,0.9858653928333436,1.0340923305267435,1.6725147629138948,0.9507348528411904,0.9672306659328269,1.9602973826644103
2016-12-20,1.0312584176315638,0.571963165007431,1.8833684903432677,0.9843340000871734,1.0283244398308273,1.6470357336746808,0.9546940422497832,0.9721431264821171,1.9636014228070726
2016-12-21,1.0269003238802654,0.5817981853949105,1.8853695747407684,0.9865091434482409,1.0211312069979783,1.5310791400499963,0.9603035958470097,0.9515614130507164,1.9598224384343825
2016-12-22,1.022555040738358,0.5986547468887111,1.8949848815842434,0.9870986587019668,1.0246520312705891,1.5415409373086306,0.9517054793241144,0.9670453525869693,1.9384652709051606
2016-12-23,1.0278198778658336,0.5822179287262434,1.9001910233689363,0.9877688680174493,1.0316256284019543,1.4984247616900164,0.940458468065666,0.9791723299165892,1.9453529725219554
2016-12-24,1.030908040566858,0.5724305876236948,1.887289068018127,0.9915570831462351,1.0315162381472949,1.5088485153807343,0.9384799629748757,0.9619914953757073,1.9639079519978295
2016-12-25,1.038999107651351,0.5964162667526411,1.8648549071125655,0.9941031228738118,1.0262078741790646,1.5134237035144185,0.9569962963184451,0.9322832482904697,1.9602760484303723
2016-12-26,1.0305331912172837,0.5891189757365012,1.874034752042872,0.9975447646676434,1.025763408298368,1.5193241727990783,0.9593755566439983,0.932494925621592,1.9393139808276485
2016-12-27,1.0479766854651649,0.5924849167995699,1.8834772220909246,0.9952309307698446,1.0239817787167915,1.5148111486373441,0.9301313971205512,0.9090701729688877,1.9280514550154075
2016-12-28,1.0565049221843497,0.5857563778279258,1.8610155086566325,0.9928980527800519,1.022219127517153,1.505465579832419,0.9706018132766834,0.9236328493608144,1.9481952374888796
2016-12-29,1.075341037263347,0.575459497877696,1.834275739240537,0.9897003145138973,1.0277779802110525,1.490938661681254,0.9465045620486099,0.917846342203596,1.9439363749311278
2016-12-30,1.0799931766967754,0.5782891003475223,1.8165966837700245,0.9918350675873066,1.0252529618527468,1.4870428776322,0.959694558777582,0.9091935100526624,1.9332573327819322
2016-12-31,1.0899021364978554,0.5695920965409929,1.8087535198069118,0.9935878648362261,1.0337793445869383,1.5035450104318167,0.9689582938654063,0.9166143690796867,1.9128964545803848
2017-01-01,1.092118944125696,0.5695147477626418,1.8162761518946302,0.9940345065839968,1.0354528252560375,1.4954162303914331,0.9702878774558168,0.8999160123572876,1.9071595388924387
2017-01-02,1.1152309148002728,0.5730107425820511,1.8163650541649374,0.999788345930657,1.0299200488466067,1.4658515524362914,1.00371839743014,0.9007164102941596,1.9029145252838815
2017-01-03,1.09550463802708,0.5778575727401317,1.8287772182460456,0.9966055366453014,1.029445150299803,1.4572920274882315,1.0090577205332698,0.8857746476703107,1.927118598149791
2017-01-04,1.1108826274238233,0.5743111683259658,1.8245764720981625,0.9962973199881028,1.0263431909535152,1.4459517750866713,1.0038051640547079,0.9073813712918701,1.945746479342748
2017-01-05,1.1267902673673529,0.5783650361912648,1.800660062174163,0.9962729372912202,1.0304300421623032,1.4134919459031654,1.0167854330126183,0.9391752327230396,1.9667958886450372
2017-01-06,1.1510280184634398,0.5808694131931672,1.8221152570293375,0.994227031393724,1.033813413093344,1.4304241467181569,1.0228843392718023,0.9579024913897748,1.956592449783341
2017-01-07,1.1481437002310984,0.5820998785974728,1.8001490532957247,0.9950033197153022,1.0268085811663104,1.4576668343856196,1.0240430087773609,0.9506096027321026,1.940658477172147
2017-01-08,1.1444481868152137,0.5895441646424265,1.8125212396600443,0.9929967822480922,1.0234363788409822,1.4751940779920503,1.0094535211870266,0.9516539867507114,1.9434482638286228
2017-01-09,1.1501486053836836,0.5988877721366632,1.7855952302562368,0.9874027567452757,1.0212157377161322,1.5233259895018814,1.0504812272069923,0.977984022870682,1.9400864604401307
2017-01-10,1.1197481923226276,0.5738694128284054,1.7729738254758185,0.9869147616756062,1.0266307358036306,1.547425765686129,1.0554690187814784,0.9651258101430242,1.9218345236080332
2017-01-11,1.124352502053585,0.5812992528404247,1.7818432602713312,0.9839502731555679,1.0294053804232526,1.5595984317181246,1.0330790081615577,0.9539643091269548,1.9354506438455308
2017-01-12,1.1207347707958255,0.5981596350452646,1.7930930191263765,0.982612205511249,1.0294662981614833,1.561689698920054,1.0182359291160255,0.9410964534389012,1.9494127891899034
2017-01-13,1.1352808988493688,0.6048997375618308,1.826236222592369,0.981113407748827,1.0364636661019684,1.5366767707128979,0.9978165197914706,0.9164403067967547,1.941112280886392
2017-01-14,1.12704348790913,0.6108682052672559,1.8321289231225397,0.9777001925814194,1.0349391265611656,1.5267093990049052,0.9625739945979298,0.903138908066283,1.9265381452959731
2017-01-15,1.1516179670958948,0.6132176733439347,1.847236704112619,0.9734023139581611,1.0399863776497305,1.56277002636101,0.9242954114446679,0.8937645512097225,1.9364745658004214
2017-01-16,1.1630947922992791,0.6059737911331734,1.84101891726898,0.9717551778681486,1.040549709346178,1.5967590454193705,0.9102268559694365,0.9073607723654067,1.921724979844619
2017-01-17,1.1486556587869747,0.6151450245666423,1.8619388506933263,0.974334439429548,1.0351771538743932,1.5836861913272005,0.9253910277125884,0.9081076460679729,1.9014759012084066
2017-01-18,1.156896997899111,0.6074763002564,1.9025929787536062,0.9789474495943694,1.0377820630076913,1.622800264009123,0.9267752525996822,0.9187157622156225,1.929954691691083
2017-01-19,1.1615043173178212,0.6049289279176635,1.8642453354185484,0.9788011942803863,1.0413039764588057,1.6507471592283516,0.9363092688738749,0.9114400052088426,1.892188922013156
2017-01-20,1.1532248514980146,0.6018569731906802,1.857804092610358,0.9807154055026334,1.0496788778274524,1.6547477872825742,0.9324379710667134,0.9080783162509639,1.8949209545776584
2017-01-21,1.1392426847218462,0.6033998781134345,1.8684116858793787,0.9814304041017838,1.0517049341306157,1.6679981089825853,0.8995807837142524,0.9169348516308068,1.882584737849789
2017-01-22,1.1208580562760033,0.5916455682951023,1.8786926199210043,0.9808732217398863,1.0447343651473442,1.682684299696114,0.873859823660087,0.9190413447505487,1.8874511991720155
2017-01-23,1.1360834067899555,0.6108564928666348,1.8484905396023776,0.9808168984612994,1.0436840506677156,1.6961583847142168,0.8778038811075598,0.9143650844243275,1.8795068757657385
2017-01-24,1.1173985124459267,0.6219627853737789,1.8592311017894496,0.9836154678229491,1.0424925970846688,1.6764438706142921,0.8590484588729035,0.9194706830425884,1.8603397919921372
2017-01-25,1.1487191324488146,0.6075720800917442,1.8658944399794979,0.9883373769472713,1.0450950329004642,1.6820802875220433,0.8425807808773536,0.9005971332849037,1.8750374085450083
2017-01-26,1.1750158504649968,0.6030157148956458,1.8409497859052197,0.9811477085037237,1.0410995725375338,1.6789754647619743,0.8696971072131957,0.909870586814698,1.8811328814929797
2017-01-27,1.1683161510584636,0.5969270755275168,1.8725547905652768,0.9818366857523945,1.0324476157684832,1.6589558420743766,0.8549432866307229,0.9025971176132702,1.8920982055933304
2017-01-28,1.1667837020425493,0.5963399515907131,1.9026311625286683,0.9798834362765148,1.0402496139533366,1.6392415795331805,0.8566394632755188,0.8989704337166975,1.8948118364447795
2017-01-29,1.1749148775618108,0.6012353267206624,1.8860070978500774,0.9766804481417944,1.0507693328713261,1.6252888172893967,0.8687902505317647,0.8774718977107121,1.8898926638991094
2017-01-30,1.1730256252952143,0.6065927370661879,1.8249580859776469,0.9772649150519163,1.0460419575564874,1.6351026732849905,0.8509569545307829,0.8663874617204669,1.8850993742966644
2017-01-31,1.1548613914713348,0.6016431708119542,1.7993712443024852,0.9719881620461563,1.0504058649035697,1.597284585537457,0.8480861510426541,0.8763451701085216,1.8738840867427196
2017-02-01,1.1409135663011538,0.6043338908987164,1.8240499913595567,0.9686756790762693,1.0498800408366453,1.5477928780553354,0.8415864017568839,0.8769700657938937,1.858244188396838
2017-02-02,1.1334350176275434,0.5892569195362144,1.8262843492420575,0.9718404226744783,1.0453775510375358,1.5307546319695,0.8502134407826314,0.8930899689751419,1.830868724327411
2017-02-03,1.130905450155407,0.5924956846353725,1.824595626679483,0.9647164667692939,1.0475774017797619,1.5729239437210234,0.8523672312481788,0.8794555298717371,1.8218402118025905
2017-02-04,1.1612687868081486,0.6024373627247416,1.8391564825938371,0.9658444496808691,1.0449117903271032,1.567559830685238,0.8512093289651969,0.8868813135477867,1.8496946710241924
2017-02-05,1.1810975350145165,0.587286714645858,1.8446517711280885,0.9680758304888134,1.0476028993282713,1.5501188343626289,0.9009899098326997,0.8700693532982189,1.8300289309832656
2017-02-06,1.1855903428950643,0.609898694942353,1.8266953069111114,0.9674006120243387,1.052221963519321,1.5499304658006534,0.8951406138802077,0.8776254649661102,1.8353820948327981
2017-02-07,1.2042711940958652,0.6243206278403232,1.8339729280902144,0.9683440193367767,1.0532283548284416,1.5638865822208994,0.8963073515760321,0.877792979765388,1.8577118511693411
2017-02-08,1.2320197010976572,0.6076288208753301,1.8347436622206474,0.9664401743313787,1.0520235817997416,1.57553017412891,0.9084870637231595,0.8764921812856196,1.8225390433882263
2017-02-09,1.2145549794920805,0.6176771750790195,1.7749583252039867,0.969979550259244,1.0543221691247189,1.613171432520247,0.9050608103851965,0.8495653936726391,1.830747078366517
2017-02-10,1.2381413904698166,0.6282054778951941,1.7613758155136414,0.9703290176211418,1.0521804769788778,1.589704956205012,0.9225355176365693,0.8344745766095382,1.8147497095933576
2017-02-11,1.2180087353928304,0.6116054902503404,1.764998915370661,0.9738071708588962,1.0515076001723018,1.5469363918519232,0.9382175981552351,0.8557416003871843,1.8033849788345564
2017-02-12,1.2096308888551228,0.6175269881508096,1.7998796799137773,0.9723858969196886,1.046008426646049,1.5648275386999273,0.953399236241788,0.8559914527653838,1.7936803644637813
2017-02-13,1.2280362465452075,0.6236433756494965,1.7838225461513677,0.9726263525823846,1.0404574376132787,1.5844599091534466,0.9485896503937049,0.8505681798299575,1.7934494373515764
2017-02-14,1.2291471471560569,0.6339389426819255,1.7970105003143473,0.972267231858616,1.043739740182014,1.5962059391616925,0.9406860083269306,0.8491470740132792,1.7911498246730635
2017-02-15,1.238831499378166,0.6300044595492924,1.7891307705754154,0.9781069332401361,1.0477674712262663,1.5746718249875815,0.95161566962023,0.8508243526074875,1.7985213228271744
2017-02-16,1.2417552902135431,0.643747104427775,1.7970878297292214,0.9780225557748623,1.0522401415149143,1.5815990122176375,0.9541180111464088,0.8550021886399745,1.7971974488464055
2017-02-17,1.2422996818110805,0.637206310300966,1.7814279944564089,0.9751904849459139,1.0464865627663227,1.5568708500437438,0.9509834084219588,0.8564956754578767,1.7926811534244775
2017-02-18,1.1987750262722268,0.655521247364126,1.8051882561307941,0.9765921062908421,1.0545758648523156,1.5297928895347486,0.9870756085243597,0.8442664493535497,1.7973194994479373
2017-02-19,1.176228993186544,0.655956837116194,1.8140950513328074,0.9762365574325547,1.0576926741308004,1.5328253369268179,0.9769597669277582,0.8372571806344111,1.812253674706758
2017-02-20,1.1650476069416462,0.6670275869207497,1.8412566647991992,0.9714470026593476,1.0625915951589247,1.5899807280993963,0.9820791095973187,0.8449484451096771,1.8314092925394843
2017-02-21,1.1605828710429178,0.6694829448332151,1.8127716980851047,0.9719481771084021,1.0648150127985194,1.605071130907207,1.0032021526971118,0.835297416363451,1.8220213647635806
2017-02-22,1.1939294462696346,0.6679391769286808,1.817666916654137,0.9718499810624045,1.0614217419814862,1.6522979827319544,0.9928149692792501,0.8213401955648789,1.8141731848844824
2017-02-23,1.1584391890299939,0.6603759851599652,1.797095392848538,0.9737473100703331,1.0586687780947692,1.6790329420612322,1.0207822491254388,0.8311286241561456,1.8106285029415783
2017-02-24,1.1612388092335628,0.6425129937743979,1.7947495499381996,0.9713311358700568,1.0617148916186998,1.757123996889192,1.0311905866498818,0.8064714462934355,1.804450091808028
2017-02-25,1.163720799121189,0.6437803080268907,1.7795484564638782,0.972143047504629,1.0565443365422378,1.7275896294415727,1.0447156337452606,0.7943461896613734,1.814522741635816
2017-02-26,1.1401648131877715,0.6644887028695644,1.7635481108572109,0.9715879541011657,1.0580472212502554,1.7103546784984298,1.0479209458620788,0.8013605452265847,1.832316191747082
2017-02-27,1.1540434255250984,0.6626995083305425,1.7609740690331932,0.978532209630135,1.062173135929009,1.6823171321740489,1.0502261238742154,0.7974922600093265,1.8302029039042813
2017-02-28,1.1331062765007365,0.6580509242857198,1.7997835941483256,0.9803299972878184,1.0516951743425957,1.7194980615783464,1.0733233169050662,0.7933538497215364,1.843696322692029
2017-03-01,1.1188393487867354,0.6527440048981191,1.8326882390866215,0.9796288749598018,1.0439347927952556,1.717882665351107,1.0718509664773856,0.8077734752599465,1.8443293820450277
2017-03-02,1.1120997574094935,0.6652838769045473,1.8358944956203633,0.977522606220088,1.048862154830707,1.724214629271862,1.0721280606749457,0.8100906751491259,1.8249515965631375
2017-03-03,1.1036313327894542,0.6655928925055701,1.8321566798947342,0.9813518410077078,1.0498791561308465,1.751092153498285,1.0725439467526958,0.8230880350484079,1.8325712760228137
2017-03-04,1.1041845912119304,0.6656999893297427,1.8117221536422001,0.982942364217383,1.0498153035953894,1.735619756642319,1.0964930330340015,0.8078170848733208,1.8251952518559482
2017-03-05,1.1215377146868235,0.6697470544567449,1.811225185334556,0.9837808245021976,1.0506736920955448,1.6885845899627683,1.089053067160841,0.8275664554490539,1.8135263381040263
2017-03-06,1.1165193771221134,0.6634854728830666,1.8098773029223805,0.982158207405289,1.0528243854294286,1.6949195538537145,1.106119565830818,0.8146861139033164,1.807716879075335
2017-03-07,1.1130739775545007,0.6691925389731609,1.793192669620994,0.9849543739230122,1.057926016927774,1.665089474355575,1.0954815074764286,0.8083486929257988,1.8556645121955557
2017-03-08,1.1062302404469444,0.689667995712234,1.7664748449170893,0.9821285862170623,1.0551263023391357,1.6400758215712832,1.0898310415949841,0.7999162636582207,1.8408314139279616
2017-03-09,1.1257851608472247,0.7051360662169921,1.7871276879875386,0.9837707021359657,1.055623237561624,1.6257308124054768,1.0692733950790767,0.8044317394131602,1.8195950232613396
2017-03-10,1.1093387748986616,0.7200514135705331,1.828424256625237,0.9850298159088415,1.0604008074106939,1.6188616612407167,1.0408804613887401,0.8119793799608136,1.8303177024601722
2017-03-11,1.1108641471175353,0.7171980238939404,1.8500847338445339,0.9822153896050755,1.0572247772889773,1.5898097040366133,1.042857571412097,0.7988915754352631,1.8181599602429943
2017-03-12,1.099437428101066,0.7141205630462142,1.8176185341830577,0.9825705733997242,1.062605221063849,1.594004964950824,1.0752137114430518,0.8150371524354952,1.8326640594608803
2017-03-13,1.1009989454906601,0.7146954350900394,1.8348233792151396,0.9815142984109716,1.0547099760688738,1.6084403902341033,1.0511059441955566,0.8034374471630061,1.8330346964872033
2017-03-14,1.0997582593261628,0.6968156414470313,1.8390175997201166,0.9844572895150038,1.0500551546241905,1.6456029228464122,1.0185180688193043,0.8291151972329887,1.8258627570428159
2017-03-15,1.1024903392283403,0.6733631931294936,1.8381980731622594,0.985230528080092,1.0497982602934812,1.6292531018394374,0.9994399111245916,0.8433410722894575,1.8267904255986638
2017-03-16,1.1283010554839015,0.6672512892948266,1.829158667373272,0.9877396961778077,1.0430880549530657,1.5939922514768474,1.0215772047514122,0.8286846402560631,1.7939255338994813
2017-03-17,1.160263463778095,0.6507777106039975,1.8337488180928863,0.9880431847092411,1.0314654324626524,1.5866412271820305,1.0309432952718898,0.8332545383195639,1.8104928072570754
2017-03-18,1.153867662588987,0.6593842978613976,1.8191302663718874,0.9839611808735887,1.0262143311649343,1.545201350343142,1.0519660016229042,0.8144908104766033,1.8158163593175733
2017-03-19,1.1496112029641603,0.6584297241449802,1.8494429570775184,0.9827653904617588,1.0288274897477514,1.546555163556206,1.0489780204166386,0.8427532643815893,1.7900074033770637
2017-03-20,1.172186092326799,0.6664726527238036,1.839355540475869,0.9876673805477453,1.0213248265459016,1.5323395380646052,1.0238343906138636,0.8481310853127371,1.7704414750421562
2017-03-21,1.180152221186372,0.6645026558777888,1.8293269191747308,0.9889177099081405,1.0203295592946562,1.502619158146604,1.0814019976464877,0.8421029870547309,1.7315340924278524
2017-03-22,1.1655991972657354,0.6496104998873375,1.8480112022254565,0.9899708657136588,1.022058866079929,1.4929116307482229,1.075576479741809,0.837585974797049,1.7304745115823046
2017-03-23,1.1805538367505723,0.6538000701882065,1.8596561749243166,0.9915535090948534,1.0257768809051904,1.500953498945861,1.0835109659732398,0.8526894035076271,1.7193121563832585
2017-03-24,1.1657542501111087,0.6401051889701325,1.8642959701494337,0.9861384403196536,1.0277757265418954,1.4983036020151264,1.1083155593101286,0.8442658898283261,1.7161603428172019
2017-03-25,1.1857271759652759,0.6562975725276611,1.8496391951657738,0.9867748385472344,1.0290888908293374,1.5086804951193822,1.1027168886476781,0.8606621674287132,1.6840732331030173
2017-03-26,1.1785927106577012,0.6618516569031018,1.860342498122529,0.9908781217531736,1.0341241214818326,1.5012279917667837,1.1316052314915808,0.8516160691396876,1.7000868729935683
2017-03-27,1.2109543174041322,0.6765904274288622,1.8632618305461175,0.9899909525867155,1.0279045213685851,1.5099196717109555,1.1065918395494505,0.8416546989856356,1.6801831773191207
2017-03-28,1.2029548924553983,0.6765204345139855,1.8699385963596844,0.9883064632738898,1.0324037980464396,1.504562937779029,1.089379413587727,0.844679929176476,1.7135104983415606
2017-03-29,1.209363524572208,0.6723724162472516,1.8362244706075412,0.9877547540754014,1.0334772011806799,1.494367333167844,1.053312574658345,0.8340720324678255,1.7387768696709565
2017-03-30,1.2357397612512528,0.6619106342440746,1.8515993276537983,0.984361106937267,1.0393858643435523,1.5012627105547451,1.0735286238114805,0.8127811759649702,1.7509072222334694
2017-03-31,1.2359682359952484,0.6723256149061786,1.8724824306502954,0.9846538107172135,1.036991827594967,1.5226324815664796,1.0724517779969938,0.8023029844867723,1.735146391801781
2017-04-01,1.2089531019974784,0.6664190724347214,1.8978214331717957,0.9852775784681023,1.0348980676514627,1.5449960043629765,1.0548104476904296,0.803610942228702,1.7323765711492145
2017-04-02,1.2234447737280718,0.6477659288403091,1.8790284975484504,0.9805337260781635,1.0339269328751515,1.5789947153122244,1.0443583898299975,0.7976157964058307,1.7478245961529955
2017-04-03,1.243421477751614,0.6469923154580058,1.8950313907791687,0.9774638087044197,1.0397292246750636,1.6403808401472117,1.05545398319676,0.772837882173144,1.7384172752428682
2017-04-04,1.2552245067010446,0.6423425796994578,1.924530174543696,0.9792862624047282,1.0368950246988784,1.6416615947084439,1.036797077332657,0.7708758220883419,1.729123813998908
2017-04-05,1.277719921070886,0.6670652003100173,1.892055152002854,0.9737340531648139,1.035981841943704,1.5971208817511358,1.0379626778606208,0.7796900483890864,1.7553052021222835
2017-04-06,1.2819631246421943,0.6650127780725474,1.8477042080598927,0.9739079186844785,1.0363808493578628,1.6158091487967805,1.0234625862542823,0.7747578936548188,1.729712812687869
2017-04-07,1.2382874202868377,0.6520098180467265,1.813440547942066,0.9749890897888326,1.03433655058788,1.6004779180045945,1.0035170803279145,0.7373460114496292,1.7561481995266413
2017-04-08,1.2200795704343501,0.6474303871493154,1.7823242547614224,0.9779294531404794,1.0350333994108976,1.5769915845452707,0.9958456014560979,0.7560544697330234,1.7552179778023587
2017-04-09,1.2171196536578615,0.636718737663701,1.742337856792644,0.9775577264881891,1.0364844545999066,1.608519620903526,0.9512616629009739,0.7434461690230805,1.7453757493719868
2017-04-10,1.2174212404158111,0.6353112031169702,1.7403162845038866,0.9788522946264512,1.0328431059762877,1.635887851921283,0.9596984490431447,0.7400281871844451,1.7736666843820486
2017-04-11,1.2462086758973685,0.6462335472670444,1.6777994573470147,0.9835868419372022,1.0362298337302895,1.6952957007873086,0.9836422457216031,0.7576964638776443,1.7896058260672811
2017-04-12,1.2717938359792749,0.6696880945419076,1.6826628222546614,0.9790459247944548,1.0350590560844577,1.707534075694628,0.9853122260041056,0.7436802692639695,1.7607740659849078
2017-04-13,1.2580362824286528,0.6796927739341212,1.7150777688480687,0.9818359147481371,1.0395405607487795,1.7053916662993427,0.9511793855636071,0.7387509268553419,1.7565699641418575
2017-04-14,1.2490340423727213,0.6806338137294907,1.7246771227817952,0.9844466611825412,1.0384880472858193,1.6472929469821476,0.9421835547939659,0.7393830434850787,1.7784007548140284
2017-04-15,1.238770582719221,0.6871854486959867,1.7311982214877943,0.9846747590484319,1.042457287009427,1.6280276228068,0.9315333672290357,0.7393989310917849,1.7673720646864892
2017-04-16,1.2485818741213102,0.6786386061491826,1.7364189102578038,0.9844773137334318,1.043457737290724,1.6148807379021748,0.925402232686711,0.7406116481299821,1.7712969474711748
2017-04-17,1.2488777521526366,0.6997419067785021,1.7162958240813662,0.9843861399260455,1.0369940215494402,1.6260193238806973,0.9049462804380638,0.7376679732001648,1.765060842823446
2017-04-18,1.254514395660122,0.6930592060687413,1.7045500646325422,0.9887248901465462,1.0382780971934094,1.6099234962582505,0.9005874497278675,0.756021391587351,1.7612630518099273
2017-04-19,1.24192013828377,0.6847910577677674,1.6938292667079853,0.9870603785496647,1.0330674036708818,1.5776677102472287,0.8858300567987437,0.7628812010345734,1.7549007129398295
2017-04-20,1.2384335402217534,0.700720382791779,1.7206596676219392,0.9863236615280041,1.0305638122950393,1.553435135503729,0.8982808547986924,0.7606912677722311,1.748469091496667
2017-04-21,1.2236900277787106,0.6912928940114959,1.727784400178959,0.9825299502333851,1.0347679713714812,1.5388185480519836,0.8957722088914299,0.7455879941563635,1.748602570706925
2017-04-22,1.218030688834824,0.6909462446509888,1.7588162836133436,0.983151984184669,1.0315822966809773,1.5194236508665349,0.9066134028729312,0.7602614636430364,1.7538819169792055
2017-04-23,1.230979196921365,0.6988059509717569,1.7892944116709406,0.9775000690430998,1.0344386198938327,1.5466323482004132,0.882520628458981,0.7503134250876431,1.7393109685816335
2017-04-24,1.2178916071205295,0.693026191998336,1.7950402542863,0.980136410143859,1.0390162878416696,1.5236171981975863,0.8677877761591419,0.765272669646476,1.7509077189827227
2017-04-25,1.21977078053423,0.6992080273234096,1.794936778504746,0.9817769174290497,1.0377234743845714,1.5312939264165217,0.8417446657576514,0.7575305863287756,1.7394040595737212
2017-04-26,1.2132866614229547,0.6878268514413952,1.783983134615178,0.9774146448111153,1.0401048441910536,1.529325841095392,0.8132060265337063,0.748195954571723,1.7456067992812356
2017-04-27,1.2037680281552345,0.6794732312789882,1.7829214646225842,0.978519898064009,1.0342330260813442,1.544775568904094,0.8003526013470619,0.7481443892628645,1.745337624256866
2017-04-28,1.194612178435767,0.6672251314536938,1.7773440609169993,0.9833890041988852,1.028703292234769,1.5921409125412025,0.7963553015694111,0.7486909620492443,1.7267199191237526
2017-04-29,1.1811500445190282,0.6614520502738681,1.7555745471830269,0.9828710002331305,1.0271313682124183,1.6455000195102807,0.7779439781445308,0.7499939521683217,1.7313448742259836
2017-04-30,1.1625412520770375,0.6698940932849091,1.7477097063639366,0.9756201948036873,1.0299450902888212,1.6127464470757018,0.7617973627441672,0.7578827869865546,1.72568058066969
2017-05-01,1.1788942342280142,0.6847543470674431,1.7347082465156582,0.97803952555567,1.026935752224649,1.677895092067853,0.7513918658457764,0.7696991736856519,1.74058683740409
2017-05-02,1.1848374141631912,0.6767634166020945,1.7320770932563425,0.9718184466195456,1.0279603056435929,1.6887897923510622,0.7535483517705027,0.735524843973014,1.7189054533989485
2017-05-03,1.1718973726022819,0.6805870356986712,1.7386106038721445,0.9714193486009343,1.0306751304580217,1.6579316126475188,0.7628958930955242,0.7409097181306552,1.725739043381945
2017-05-04,1.1690489512706126,0.7032869197445306,1.7494218900988163,0.9686945099552683,1.0318018870854582,1.6807193865892243,0.754075159577873,0.7531636859759003,1.7326770960090414
2017-05-05,1.1283225882956667,0.7073618313861919,1.7414229211768708,0.9703524688178798,1.0358020378901103,1.6869597579173807,0.7793404814907736,0.7512953856747888,1.74384970674008
2017-05-06,1.1422846083938933,0.7064053173077338,1.758219453217258,0.9687183768610653,1.0341548291756186,1.6474430690092212,0.7832591475268337,0.7551110460007092,1.7647630538140058
2017-05-07,1.1561828995273176,0.7030666197145524,1.7338889377053446,0.9700731791168098,1.0388530076876352,1.670166794139461,0.8004043381889736,0.7528620663268139,1.7568812872723165
2017-05-08,1.1437498632658414,0.70264046544539,1.7327738918458266,0.9707716637072293,1.0384196087798931,1.6664835767529027,0.7881310332677218,0.763646277283604,1.758576995046714
2017-05-09,1.141100184835026,0.6934683889405389,1.7055988728466662,0.9746779445994119,1.0408272415820208,1.618104690004754,0.8003177820741476,0.7743657462117518,1.7611159603198387
2017-05-10,1.1687965844684143,0.6964509642754602,1.677112161161007,0.9758431789079913,1.0419509074382292,1.6008567566542407,0.8096584323549378,0.7551498764867146,1.7789132140076314
2017-05-11,1.1537520387249303,0.684382144446422,1.6753245318908163,0.9772083042613319,1.0427383058362216,1.579776891024049,0.8016251747986479,0.7424666546318673,1.77527213619112
2017-05-12,1.1727027831052654,0.6846033826928861,1.6931047026590458,0.9815727159115354,1.0403899819294415,1.574787452356373,0.8365951569690236,0.7587008002812786,1.745937459067212
2017-05-13,1.179864742555984,0.6848841247536639,1.7104038938521096,0.9794771206868363,1.0369999403715737,1.5559383916185447,0.8271930229627786,0.768131346909035,1.7256636128100777
2017-05-14,1.1691996991469418,0.6631032870692086,1.731587953981054,0.9833099031051963,1.0357469398523995,1.5479049438983858,0.8348565014758178,0.7852739109332256,1.7330599925213814
2017-05-15,1.1573169716174216,0.6440464901480476,1.7089361599240962,0.9836242263272834,1.0331355006393597,1.553646771455231,0.8257912285805742,0.7729669439187733,1.7130079402158507
2017-05-16,1.1847862575496166,0.6546099986577408,1.7449369772113923,0.985315915110946,1.031461856632584,1.5909655791412214,0.8254102415168655,0.7756820881316212,1.712616956789982
2017-05-17,1.1327699191070413,0.6737804031736024,1.7557417095996566,0.9863893864355902,1.031310124210707,1.5959639169214008,0.8157153205513731,0.7830112679416958,1.6905738922932394
2017-05-18,1.1362713409307441,0.6808607049243057,1.7520826918965815,0.9875854855370264,1.0273237624423703,1.568537465530545,0.8197403392606443,0.7911375505766776,1.6592160177842135
2017-05-19,1.1455095786387859,0.6744758471899563,1.748554570202587,0.9837155787087914,1.023926948309217,1.5961284408745104,0.8204430759952123,0.7867533225796606,1.6576150675820633
2017-05-20,1.1542591839794223,0.6800934897015134,1.7475048709204588,0.9870394329795046,1.0280040723890718,1.608323973905112,0.8215032817935378,0.7946679165779815,1.6631559347318579
2017-05-21,1.1729720351133368,0.6913776721437138,1.7266762785510001,0.983922471505946,1.0252233232466772,1.6369046893275305,0.7957687221705313,0.7995323656406403,1.669518222854277
2017-05-22,1.1937802316166366,0.6938985018072469,1.6993628279323874,0.9811890710412995,1.0204786080709107,1.621381936245845,0.7930169289831269,0.7857151488066381,1.6944050964293793
2017-05-23,1.1704069451386225,0.7109891258916938,1.7240409007887791,0.983931403881134,1.0177487600039403,1.6317005986849749,0.7729159936989235,0.7966079936851076,1.6934903755397326
2017-05-24,1.1635719988930957,0.6956122745229556,1.6733022504933652,0.9809642381311687,1.0223807308148192,1.620195474969284,0.7704530372604836,0.80460061291546,1.7244079022798557
2017-05-25,1.18704714521623,0.6837158924879132,1.6347981486613725,0.9880064261668665,1.031762062096465,1.6260154840194532,0.7510300973156906,0.8163867229312556,1.7228907046455373
2017-05-26,1.1853915505650894,0.6949973819166403,1.6418482107117418,0.9845904485525014,1.030525012668317,1.645691495303804,0.7588445988601215,0.8197586030632547,1.739317140104159
2017-05-27,1.1793155241144424,0.697510531337495,1.5758345031060448,0.9833607437392144,1.033776949387733,1.6344561942245948,0.75192048501899,0.8071164545303219,1.757116718482377
2017-05-28,1.189371487565072,0.7081527722946535,1.543664523205017,0.9829857389919523,1.0327220378703448,1.6265286065155047,0.7428067945268445,0.8030876810301747,1.7723973923507255
2017-05-29,1.155601936117009,0.7310907653125512,1.5530902831168298,0.982959202616636,1.0365713405047425,1.5843477988277148,0.7330804689122635,0.8017897857429569,1.7969550282257105
2017-05-30,1.1551426436102539,0.7373057562704824,1.5425681772851467,0.9844931362126353,1.0436293116117417,1.6130553577947866,0.7320328091317276,0.8100741686256101,1.807692139186026
2017-05-31,1.1642669017379081,0.7523579716189911,1.56347573363986,0.9842160252287554,1.046413209755175,1.6022548091941715,0.718664830107417,0.8069615345078097,1.80667480346095
2017-06-01,1.1355983255545765,0.7643099198754083,1.5120250226160696,0.992330345843493,1.0528041957363912,1.5950476154521693,0.7189440509497003,0.8107902265350518,1.7963919261398733
2017-06-02,1.1392200747742849,0.7626345528378126,1.5107681176340158,0.99296978683772,1.0473779258466709,1.5965027056694823,0.7214380354613256,0.8125194347856806,1.7928740382603194
2017-06-03,1.159005897106052,0.7580848688140109,1.5153425888573946,0.9969336155835852,1.0471501163716708,1.6029850475726324,0.7201916122149844,0.8277627437519453,1.7886119363130706
2017-06-04,1.18166483172251,0.7569745912821002,1.5001686805658714,0.9990651787989563,1.0459786995530203,1.621209410520851,0.6810217676501299,0.8279929271287173,1.7807491034668295
2017-06-05,1.1631731002185646,0.7497391722561458,1.490290913301921,0.9990212625066995,1.0403625200076185,1.6307630809224,0.6997664121638717,0.8316476278416686,1.7955113106935174
2017-06-06,1.1826195362043699,0.766725871145679,1.5241826089822226,0.9976250244012598,1.03747662102207,1.654086876918845,0.7098187836740351,0.8414902852107484,1.8297926931126676
2017-06-07,1.1831760162092806,0.7729139761640422,1.506708375089378,1.004115536268933,1.0361837387334596,1.6452410076977215,0.7050381557132783,0.8335184792674628,1.8168114658306191
2017-06-08,1.1742364538076289,0.7542215720496946,1.492961446551084,1.0100869002420185,1.0393364526959603,1.6729900952727796,0.7217787055918187,0.8566169587562047,1.784991420100844
2017-06-09,1.1529261209253918,0.743611917664271,1.4849938732675863,1.009277105319911,1.0375821460845573,1.6799289228023835,0.7224325705618458,0.8475003939890245,1.7465150593755272
2017-06-10,1.1361014347854623,0.7365577950829248,1.4810364340311282,1.0059575905205218,1.0356488961918877,1.6460652969325937,0.7207591371246485,0.8340282142142196,1.7320381147241521
2017-06-11,1.114140296432432,0.7348172997912517,1.4660818563755231,1.008794745827654,1.0374337346043856,1.6443248567414062,0.7094073897733748,0.8389554899177905,1.744347725009354
2017-06-12,1.1168591621693786,0.756322928319048,1.4746080721229469,1.0116605517847352,1.03809173904926,1.6646519351082811,0.6982444213615644,0.8333546436649735,1.7507907097515376
2017-06-13,1.1229253740232907,0.7635359897771761,1.494522233442115,1.0074369564740453,1.0341492636640859,1.6718637192371222,0.6882684129469573,0.8757444973302448,1.7601700390742847
2017-06-14,1.121942856168011,0.7567569760238585,1.4863592316174397,1.0076287946179971,1.034715902723108,1.658454394829815,0.6846460253654436,0.8935783935238253,1.7848917146241796
2017-06-15,1.1265209548743542,0.7387895410198354,1.4964100490444316,1.0124279767268682,1.0404887114711807,1.6807102978076198,0.7042600790250167,0.8944726546891487,1.7964596508349746
2017-06-16,1.11535529204534,0.7429716647560096,1.5207333128978593,1.0107389732687595,1.0370074716866133,1.683995751814492,0.7012083482106888,0.9033612225003556,1.7886763182679373
2017-06-17,1.1444399594227963,0.7260213830669452,1.5440686879510475,1.0085208583949097,1.0296613823746468,1.6915430045144213,0.69777792497405,0.8885062236185547,1.7589596632486504
2017-06-18,1.1446397651249378,0.7390644037148526,1.555370409028421,1.0087932799952415,1.0317365519296289,1.6910527033608658,0.6779648802473083,0.8697468276286804,1.755737802708044
2017-06-19,1.142224804954886,0.7506807875818594,1.5699716831146273,1.0107255216826436,1.030683013904999,1.6493653133775537,0.6836878684052445,0.8767722421568717,1.7141526004522896
2017-06-20,1.1282724458098357,0.7416433574997812,1.5726723521930184,1.008390663557293,1.0306288635970688,1.643444703938529,0.6816484347198566,0.8675258771379571,1.7035422520515946
2017-06-21,1.1103283941785802,0.7470137557114446,1.583922041669681,1.0061602507854206,1.0370007887798214,1.634466851391616,0.7026457371126357,0.8593434532176991,1.6693593518069456
2017-06-22,1.1173600676729893,0.7506545602376246,1.5850509433679942,1.004322300435778,1.0369610831583047,1.619752285307627,0.698537373582041,0.8703640894434711,1.6727684712261075
2017-06-23,1.1279183055446886,0.7478218653279851,1.5790210796516118,1.0009473279790178,1.0355299250003127,1.5232473437233778,0.6904312390132862,0.8694692571061652,1.6825319800895921
2017-06-24,1.1237109805910228,0.7528009558580795,1.538191599029258,1.0008767506257739,1.028676776388079,1.4904221810206078,0.687984826438844,0.886288235478703,1.6891141589932495
2017-06-25,1.1243553894602516,0.7528374313149586,1.5254806808887469,0.9993434572473241,1.0305381713167594,1.453554368639614,0.6962826671611881,0.8813005544809821,1.7033965832672406
2017-06-26,1.140901855203298,0.7304664814212036,1.5152920424688578,0.9968784936007367,1.0231688836850061,1.4268299009341425,0.7304180063179042,0.8895342357342834,1.7363962803325184
2017-06-27,1.1554329249853053,0.7210046198691837,1.5088046918052307,0.9987379795689112,1.0250617715086257,1.4122874275949209,0.7085055658950055,0.9335807846079405,1.7342926419283229
2017-06-28,1.1501340132308289,0.7227638858143216,1.5048625728001193,0.9992055754308174,1.0304410795455554,1.4094037165446702,0.6921715306524255,0.9315038876577169,1.7265854145327324
2017-06-29,1.1750441724217606,0.7382889575563046,1.5072557557574229,0.9954723360014445,1.0254912846641275,1.410069263347483,0.6969658286479296,0.9264557492461357,1.7186401936096942
2017-06-30,1.1649482064080472,0.7382733860939381,1.4646107452469794,0.9922828626595186,1.0230216930844038,1.4409992137308731,0.6857612158274194,0.9291489766093143,1.7228773764216252
2017-07-01,1.1879777734500232,0.755346986802388,1.464039494878786,0.9909666448653693,1.0204075325945994,1.4350347191210322,0.6799455032551728,0.9370508415170573,1.730463374653241
2017-07-02,1.1988798667027811,0.7727706564224364,1.4972064743374895,0.9914363533239637,1.0249971778044467,1.4262381237484338,0.6961962957520887,0.952158572420506,1.7482597363521892
2017-07-03,1.2009312072428187,0.7637829882969798,1.4726008722099515,0.9914164139302302,1.031385011639604,1.4185689443792422,0.7072675794211147,0.964402637545646,1.7436498163214107
2017-07-04,1.225004080528044,0.7240999607757926,1.4514351749480368,0.98879223690842,1.028106382987163,1.4274388774026754,0.7115117196351299,0.9702950012777606,1.7543921201622419
2017-07-05,1.207913352140226,0.7085121384006255,1.4587733934244065,0.9870216103864939,1.0217507319516024,1.452681987889909,0.7315066491102908,0.9931526416899137,1.758023847315922
2017-07-06,1.21961680218975,0.7262657720126876,1.447982861979132,0.9904091011765388,1.0229784522400476,1.4768645085581849,0.7343755160825882,1.012661983852169,1.762305053135283
2017-07-07,1.192834400305044,0.7455370014189217,1.4319531575482136,0.9942312628538451,1.0227114839925455,1.5084224414027312,0.7511893169293469,1.0193983578145935,1.7716194577454307
2017-07-08,1.200754139922245,0.7188103605562315,1.4344160634624938,0.9910018082945248,1.023514055372227,1.47769140253944,0.7335370900062583,1.0441432514184752,1.7909203196553385
2017-07-09,1.2010397527738965,0.7214885298623438,1.430579011524946,0.9927951540326544,1.0208486021923304,1.5044188867902988,0.7299708257267322,1.0377763739588763,1.791667366579325
2017-07-10,1.1907502020627247,0.7260456550866272,1.421783309526198,0.9942898774353431,1.0259161213545676,1.4852408702040396,0.7282104944042496,1.0451653009522144,1.7842165860586032
2017-07-11,1.199400774147737,0.7335944820817545,1.4406918066796512,0.9925817171171403,1.0221498796956374,1.477315041202927,0.7142615883102811,1.054224243042209,1.763845269989316
2017-07-12,1.2417339198522561,0.7510002593862645,1.4413414279203656,0.9952638550346857,1.0155598673688435,1.544711216998012,0.7059730881008579,1.0525296184664685,1.7314622475430832
2017-07-13,1.2511640316445665,0.736345094009182,1.4435320782751246,0.9937382914092614,1.0112833694051186,1.5226550470241182,0.7093022882320696,1.032508016319034,1.718843148603622
2017-07-14,1.2639873378208406,0.7711334512329696,1.452238115273611,0.9911031111871849,1.0098994719225907,1.5238253629071998,0.7044871903486903,1.0467007398676718,1.7229249452961621
2017-07-15,1.2815792428092347,0.767077298359305,1.4757730899987862,0.9907072083566558,1.0060772453258668,1.5838515363363057,0.6789146188786497,1.0353115044604617,1.7124663110120808
2017-07-16,1.3301826153944396,0.7923321370432659,1.5026722093591338,0.9898235213165261,1.0159415429815006,1.5946697746131024,0.6923199695742936,1.0383091771917188,1.7119617059051597
2017-07-17,1.325557995954299,0.7896591888261635,1.5140953729030897,0.9910128926622094,1.015915244846181,1.6383181697018079,0.651379585682508,1.0464581481599011,1.7245915100528015
2017-07-18,1.34876115036926,0.7890529785703307,1.5183273312584775,0.9940432566295686,1.0220764311015085,1.6297831091627313,0.6549879130996624,1.0730158008237605,1.6883056377329826
2017-07-19,1.3352058458959428,0.8101878001719788,1.5386887900962718,0.9957006603718719,1.020344637580336,1.6042399536746779,0.6473741289894925,1.0981459631950783,1.6780332655095989
2017-07-20,1.3376377156711248,0.7995202699943075,1.5547116001656722,0.9941910000986072,1.0200483544341754,1.5559509219130836,0.6266145466822407,1.0984919866817797,1.6561322942782015
2017-07-21,1.380276656238764,0.7701719468287863,1.5402495118177326,0.9943402307544108,1.0186605462602256,1.5253381815554636,0.6147348392135846,1.0823883015935178,1.6517150301544403
2017-07-22,1.42110377158905,0.7715604677570924,1.5625751294869752,0.9959519857075796,1.0233010030300007,1.448767184952485,0.6111145671278705,1.103827200613089,1.6426019266433434
2017-07-23,1.459099961649337,0.7924774896047367,1.554247278151831,0.9945482007883609,1.0192544376296702,1.432638500056202,0.5961717273933734,1.111147967726546,1.6190133992761406
2017-07-24,1.4727512939493754,0.8017537687224657,1.5237304832327452,0.9992717635278564,1.0214503572835953,1.452257860237095,0.5872450668645122,1.121743526709794,1.637573662835565
2017-07-25,1.471014734629134,0.83096535000502,1.5249933139071075,1.0027915558200862,1.02274967812277,1.4678542202808729,0.5677328832926851,1.1282112823487043,1.6258654188815442
2017-07-26,1.452780073362061,0.8573849437812655,1.5215388335131914,0.999873527163545,1.0213827460623741,1.4337881067027403,0.584127697138097,1.1166638016379529,1.6347962965534732
2017-07-27,1.4827677795604286,0.8500090769464019,1.5317092086552837,0.9968836471852636,1.0314771516919288,1.4582411369306691,0.5819943875669782,1.1039422026187529,1.633259644388763
2017-07-28,1.475650856258129,0.8802294513352877,1.50964276758336,0.9973864795534679,1.0315046382201425,1.4554509596205343,0.5808465007730833,1.1022409590725144,1.6478457320478954
2017-07-29,1.4895732778137232,0.8872188331968816,1.4551327792437856,0.9983832522638125,1.0247765899670234,1.4726744212423049,0.5980918028002871,1.0871473269474778,1.6438615587338565
2017-07-30,1.476628386164785,0.9073034908246237,1.4572286573671782,1.0036596959128976,1.0265750901107438,1.4793958593566163,0.59902729951225,1.1007039252754438,1.6156251756212243
2017-07-31,1.4789616942902721,0.9065224513284973,1.470351039206724,1.0031948962724673,1.022412392038348,1.4798874805732019,0.586174084215944,1.0691369109418059,1.62769587452483
2017-08-01,1.4922515310683229,0.9145067720047918,1.493781290429126,1.0012937459674607,1.0166618779415892,1.4783180066499364,0.5822174056338896,1.0558427967130883,1.626721712322571
2017-08-02,1.4790091757901476,0.8846498679423985,1.4863211669784808,0.9979803392995775,1.0177055751834054,1.4611567663215492,0.5952780729729239,1.0814554217826908,1.6380987009692956
2017-08-03,1.445043149217223,0.9089720138390194,1.514871383232151,0.9981363950160597,1.0231927430566414,1.4469394881809845,0.5731784229117022,1.0693385069433823,1.666753975732019
2017-08-04,1.413156539733737,0.9093277701006727,1.5159465279303195,0.9967001538677309,1.0214798300015784,1.4491105983342591,0.5668486721048747,1.0467424459925554,1.6706713799852693
2017-08-05,1.4363330117783635,0.9239245771166158,1.5016711238447191,0.9930585267157761,1.0204208092263707,1.4902946797247467,0.5742811701147291,1.0580048400969533,1.6858720996775558
2017-08-06,1.4458293252418661,0.9262999445717719,1.5140564308837063,0.9915307078480572,1.0147494613445764,1.5099873513929944,0.5886122201020572,1.0404700190021274,1.7000658190507973
2017-08-07,1.4827145793986045,0.9266330127314646,1.4996486301935494,0.9919957912961634,1.0126163200999767,1.4935267648886403,0.5938294912570684,1.0156486264455484,1.6758580901519287
2017-08-08,1.4835884368161223,0.92663157302136,1.5062810585928634,0.9976756379546147,1.0131409122064263,1.5099064203392663,0.5823622526181088,1.0275510786680333,1.667371697871181
2017-08-09,1.4856229001676435,0.9251866993425257,1.5254043371992267,0.9938546104346351,1.0039892564054116,1.5044076604297532,0.5879358234324976,1.0301035573041535,1.688250596925364
2017-08-10,1.495815149947727,0.916166804434765,1.4832954866331645,0.9932464343214762,1.0082178945082205,1.494092147586859,0.5883864205480883,1.0368202484686333,1.671447567475939
2017-08-11,1.5102475799354655,0.9435310506552339,1.480664476100433,0.9899814413315958,1.0080501229087266,1.4345691390783653,0.5924686839434413,1.044061521007471,1.6997892390626599
2017-08-12,1.5063059517195387,0.9508459978805108,1.465805331080574,0.9890218707722077,1.0020010744534738,1.4298261476786784,0.5889694554326094,1.0489560777546902,1.689529364243448
2017-08-13,1.5086409974783834,0.945520460630004,1.460414109832466,0.9893592132531756,1.0022636906878857,1.4497023506996782,0.5876661480814321,1.0436606535180428,1.6868124752388094
2017-08-14,1.492921015986232,0.9397732093607059,1.496448228191991,0.9867492477525961,1.0012467685544448,1.4398809131016104,0.5848785935253936,1.038683864145123,1.6918600945971225
2017-08-15,1.455071547042765,0.957693825985628,1.5082566915769602,0.9831687148695687,0.9922592680827246,1.4148452736730905,0.5821569608709931,1.0790932143172693,1.7013896144175613
2017-08-16,1.4160554844980837,0.9461882847722108,1.5077460724274272,0.9840152729432441,0.987140207042156,1.411690417579008,0.5739178198760987,1.0614431573329017,1.7061466257128608
2017-08-17,1.432918096380157,0.9608908613449967,1.5185907414288917,0.9826454168198184,0.9900603642607523,1.4198259610606012,0.5755700361091522,1.0519162837880986,1.698010419757393
2017-08-18,1.4349360807269553,1.0034753730963313,1.5245358871456227,0.9809419366198527,0.9868629071088053,1.4075419121910353,0.6007488474808949,1.0458268985356385,1.713748778012737
2017-08-19,1.427275066503305,1.008594423835706,1.5394777769162173,0.9793570203463619,0.9844308361563221,1.4498521357660428,0.6126988581873216,1.0584396595975603,1.7275834656213174
2017-08-20,1.4375423585578928,1.0456299754121812,1.5407507705088361,0.9811509939040963,0.9788159855299945,1.428612827952404,0.5981065893571876,1.078879138914117,1.683831720694786
2017-08-21,1.4292985557807687,0.9897026588983824,1.525843306154248,0.9798040238535299,0.9843360029865635,1.4390978502321243,0.5882600619756563,1.0963456050427693,1.684468752197212
2017-08-22,1.4305327592009354,0.9686733705595229,1.5081737895657743,0.9774767032922435,0.9846173706025033,1.4414032030828807,0.6065442749068676,1.1028971772797926,1.639197547892533
2017-08-23,1.4365976885425773,0.9437781797480322,1.4911440173428632,0.9751928207493598,0.9821032945958974,1.4060128784322186,0.6091340006466603,1.0797782088463481,1.6453718740742778
2017-08-24,1.48523308002879,0.9215725297082292,1.486500410489812,0.9679077675212668,0.9810193067546125,1.4225601156961096,0.6180351446071813,1.081247199539855,1.6603326387265063
2017-08-25,1.5424009162578924,0.9503453920439088,1.4776256297002757,0.9637909538380722,0.9795236391607894,1.3985961092921098,0.6237377245763551,1.062306015880422,1.6594556106376397
2017-08-26,1.562251941216077,0.9490030047435928,1.4612893466904044,0.9672841584168848,0.9722595665130292,1.3906236764976507,0.6233427735574769,1.0627719750364357,1.6627827536893347
2017-08-27,1.5770255287008361,0.9487777741566925,1.4552736577345189,0.9661981226840399,0.9699785841152578,1.4106149763083293,0.6154072650005726,1.0764833984903104,1.6634312237032487
2017-08-28,1.5651681542988942,0.9597184436565259,1.4430065054254575,0.9681445791625438,0.9709009411010211,1.3957557776344325,0.6220368605713552,1.0855246166523465,1.683018452491519
2017-08-29,1.5883204427880944,0.9685890563284342,1.4239139544404475,0.975353152278086,0.9655469419940341,1.4198838408699617,0.6275267565728931,1.0666233148439344,1.681263048444072
2017-08-30,1.5869206666336668,0.9917388083029469,1.412152808489618,0.9746842209300953,0.9566211572345796,1.4645047274767107,0.6142173126330743,1.0720670007520023,1.6798943686844179
2017-08-31,1.5850639464405785,1.0065925919020506,1.4408973900566573,0.975517070087457,0.9592234653155217,1.473467566208755,0.6268398644301285,1.0648372535338295,1.6982957729231603
2017-09-01,1.6119426651179822,1.0266093561400118,1.4299151952045153,0.9751219730872562,0.9602381970812798,1.4374042164758818,0.6469604237432848,1.0648541333312758,1.7034573673910858
2017-09-02,1.5984747768021361,1.0025006713782965,1.4199796316239004,0.9758607377444277,0.9629208291770726,1.4418777744869216,0.6515761501574308,1.0596838452361252,1.7122514416268446
2017-09-03,1.6345083832621432,1.0156196056529052,1.434200021420574,0.9768190809992112,0.9572274439559879,1.4150530839010032,0.6576341898473888,1.059721902955508,1.7201251080796942
2017-09-04,1.6761006577325683,1.0292986286092543,1.456296216905909,0.9771942226708628,0.954232410701665,1.4138621881508877,0.6471810705444903,1.0847042367904522,1.734064848460818
2017-09-05,1.6896899579992382,1.0526091316363597,1.4214314995981006,0.9790161171176864,0.9493251911974042,1.4139603065497517,0.6432758816908036,1.0956880052395241,1.738368576997038
2017-09-06,1.7242893296954003,1.0416260512267481,1.4339534194108963,0.979590476161142,0.9432104347233282,1.3908631288437538,0.6414762783839407,1.1141880252755447,1.7467774666293001
2017-09-07,1.6946099782988873,1.0394118749534504,1.469104890920193,0.9800152951673692,0.9420698081749601,1.4034522671052592,0.6513985446723035,1.1067870032265197,1.755905685034309
2017-09-08,1.686758269950136,1.0532858374272513,1.4725371869674448,0.9815303042237572,0.9393031995649472,1.382985505280625,0.6638467357461723,1.1056902373818547,1.7612618074121613
2017-09-09,1.6795120721234247,1.0707462430523567,1.4622386745450917,0.9812291670754205,0.9423502721401321,1.412461654251599,0.6570255871800257,1.1384134271373645,1.7671310660895605
2017-09-10,1.6537417666540646,1.0782874412509103,1.455956910982598,0.9826050519725253,0.9422829647807636,1.4146325038900895,0.645178188827043,1.1555475948038267,1.7470542064342893
2017-09-11,1.626733726930095,1.0858489171435977,1.4843977639627823,0.9816639332023243,0.9450192501911086,1.442246304625469,0.6558195570591877,1.1503844644722225,1.7283424397086737
2017-09-12,1.5733553658649737,1.0811459654194462,1.505828086359729,0.9784514399891235,0.9477605992564422,1.4178683823310327,0.6573420103718424,1.162828028520232,1.7172897686737947
2017-09-13,1.577850867282317,1.0735004859739532,1.5190218266538928,0.9792400244001963,0.9480695983058866,1.4579235884751574,0.6661807117960368,1.1510191866338426,1.7161586946441454
2017-09-14,1.5765278680845474,1.075481901972778,1.5654949495149733,0.9804274074520379,0.9404436959384005,1.4439707035488603,0.640567767684341,1.145555328647497,1.6823965290860716
2017-09-15,1.556389526437028,1.0464729420384538,1.573181407820782,0.9805270366104948,0.9416774162767708,1.4415420531316205,0.622833037291163,1.1546084468270883,1.715072447675102
2017-09-16,1.566409855866402,1.03886859698165,1.5466940574763097,0.9779539366665064,0.9434780528714852,1.4696753672871354,0.6262071253371935,1.1686927178345161,1.7275526567461392
2017-09-17,1.578781385768195,1.0269709286993893,1.550386143242681,0.975562708820912,0.9436381760151743,1.4787220180283611,0.6473576944039879,1.1459663430667058,1.736216465149114
2017-09-18,1.6143332515655364,1.0414093797777177,1.566347903957251,0.9773802647830733,0.9486331717919328,1.4500723600283345,0.6295433601209587,1.1460866556585376,1.6990412561613688
2017-09-19,1.6446176381797686,1.0647087001128994,1.5586724755248138,0.9763908512177382,0.9484535102498187,1.4517201812326976,0.6312704987211694,1.15591260851647,1.6964480714559802
2017-09-20,1.6683789086179117,1.0736810641987682,1.5477873906666948,0.9803992656854266,0.9433953811756068,1.4496021438523383,0.6436044814208954,1.1436066512554668,1.7020388118699359
2017-09-21,1.6824768671482495,1.057479829342282,1.5469055656779918,0.9800369968913529,0.941407692949571,1.5099492946808173,0.6339104289396142,1.16107404711088,1.6956935938715731
2017-09-22,1.6555580064463098,1.0598598530635193,1.5594186713751408,0.9828414009097133,0.9473847472932555,1.590300390586432,0.6372132823525658,1.1497577752122372,1.7037120935380972
2017-09-23,1.6494437091262664,1.0779488948786304,1.5356126302934265,0.9899227767682314,0.9507235133997439,1.5424131502140426,0.6283046723264971,1.1640621596523795,1.7240943519034146
2017-09-24,1.6184612769777318,1.0922149721314756,1.5001889976353109,0.989756462221872,0.9550475820742417,1.5274096607801921,0.6094942068333343,1.166848018758976,1.7140132469492386
2017-09-25,1.634230552916949,1.0752464559994666,1.4867298380023046,0.9838545375463361,0.9557923079739531,1.5232913230829117,0.5951298342285887,1.1704733930406852,1.7319601706071506
2017-09-26,1.6294365062923533,1.0808667747052871,1.4920519368315448,0.9803982669045735,0.963750562837233,1.5106856350549223,0.6030583467243902,1.1842126779520488,1.7298888306395186
2017-09-27,1.6447563467292723,1.0860816823451838,1.4671172466665876,0.9795190279899281,0.961485552785876,1.4984318433635835,0.5874511583827448,1.2044585768112885,1.7579475004054692
2017-09-28,1.6693784226616935,1.1113542883282699,1.4614899452824661,0.9777473028630547,0.9585873005527719,1.5161031027478034,0.5902364176863304,1.2033043132338892,1.7810671213647702
2017-09-29,1.680019241566033,1.0950220063294416,1.4499866953768203,0.9798455289200901,0.9626775268153203,1.5314615973816152,0.6127467213557382,1.2330561417169301,1.7892784790370067
2017-09-30,1.659390772685492,1.0696396423714387,1.4436813108697952,0.9821576119563623,0.9698076829387077,1.5432753635396292,0.6271918919067875,1.2287655844084784,1.8007794086645978
2017-10-01,1.6803826507992274,1.0319533529896454,1.436951928796904,0.985054094102047,0.9709693897094964,1.5103460790858534,0.5968342692772197,1.2222694556563642,1.799850464129148
2017-10-02,1.6586068337514448,1.0350239599803515,1.446114855333385,0.9871345889416141,0.961916386005481,1.4749176921047122,0.5933174514163534,1.2330041556687108,1.8090159148855316
2017-10-03,1.670844116604423,1.028294727945108,1.4408631428204104,0.9850764253615153,0.9649683317219144,1.450775062071553,0.603522943458737,1.2370950150957383,1.8085628562844778
2017-10-04,1.6548864592227126,1.0036159079480946,1.4300972539311225,0.9841996870445823,0.9559206948040657,1.445911494204813,0.6148010656386053,1.2478679707480367,1.7999503736963727
2017-10-05,1.6565480388308804,0.9939701933437115,1.4330791909021356,0.9888454279277181,0.9597195190668345,1.4597550810125701,0.608863502464319,1.262154905851038,1.7699474157810746
2017-10-06,1.6507744682572674,1.004811232971797,1.4462421014716582,0.9909315491166796,0.9609473100877591,1.4549042424401946,0.6155363538294157,1.2443674632776534,1.7553510618708816
2017-10-07,1.6527983510133464,1.0083457143295094,1.414992595714189,0.9923836989966387,0.9640136098435285,1.4531712561310637,0.6448908674662519,1.2318690033828785,1.749363784726465
2017-10-08,1.6434997015538455,1.0073662304912958,1.4098353753764052,0.988294649810411,0.9620024912204779,1.4509084177784466,0.6608657439546607,1.2728085055792033,1.7730759542068844
2017-10-09,1.624877723406441,0.9951523451007626,1.407562801210445,0.9936844892817689,0.9614621380683729,1.4165289471936777,0.654373701074141,1.2875168770550522,1.7856637345457584
2017-10-10,1.6204852727049082,1.0077922369100545,1.3695894784542018,0.994093378231855,0.9648683500639131,1.3955763040935196,0.6435590169447956,1.2517281279779953,1.8144110563463425
2017-10-11,1.60346643457907,1.012567941600217,1.379925776408236,0.9987021977767125,0.9643708725338633,1.3823047414717924,0.6459153136637648,1.276088264614537,1.8116863093330116
2017-10-12,1.5809809666833825,0.9848907734523907,1.360116157241038,1.001391877061089,0.9632305059972298,1.3674651798022068,0.6367954128557809,1.2779713726297923,1.8077104714441266
2017-10-13,1.5749780101642439,1.0092055901259598,1.385626761628928,0.9966552283733651,0.964589018296549,1.3486166991894566,0.6337610685274904,1.2841557007397946,1.804226653325208
2017-10-14,1.580895042230497,1.0218342476524913,1.3909405316356211,0.9948208755428513,0.9622578010735783,1.3139374316405439,0.623064191937315,1.3222065509625403,1.7902979590767583
2017-10-15,1.5530702110217358,1.0281274197797543,1.3895156839915528,0.9943366169250077,0.9677774887466909,1.3271875448139843,0.6165844124212161,1.3140523196882474,1.7816582225675253
2017-10-16,1.5739141128151932,1.02283600025841,1.3600331597111772,0.9942919125090494,0.9619242698415257,1.3796328880166588,0.60479941363863,1.3111246485962733,1.7866148444657357
2017-10-17,1.567571439755953,1.0179053710143111,1.3673255588212878,0.9989438542540205,0.9649736047210051,1.4166253292951065,0.592260481063799,1.3176284030910606,1.789745816446149
2017-10-18,1.576297121411572,1.0435282636268048,1.3641130687174812,0.9978285233517503,0.9671312115812248,1.3715658079201198,0.5895733709889308,1.3152395884662034,1.7736316857777834
2017-10-19,1.6017635966994486,1.0239930746418464,1.362298148226582,0.9988058681278473,0.9724637856962507,1.3715795018692538,0.6007299102682,1.3293243984138379,1.7761760944496416
2017-10-20,1.576066982046133,0.9979606562732669,1.3644479430046037,0.9972796022478544,0.9761368245598588,1.3902678449777002,0.5986320293277998,1.3065056227512084,1.785602892406512
2017-10-21,1.5524744544690605,0.984735331758598,1.3488209359152572,0.9969649574758656,0.9808035095587305,1.3904197516706112,0.5934452576279853,1.2768685566118991,1.7958187655396167
2017-10-22,1.5347668235825884,0.9872122534217057,1.3434922523755604,0.9995715539198986,0.9802847178891586,1.389223053010935,0.5993292335007862,1.3174782153641316,1.8121328259899645
2017-10-23,1.533187407943803,0.9876639660424656,1.3354335646288902,0.9968227450305374,0.9782153337634982,1.3701925290880888,0.607280754800567,1.2965725726624173,1.8366547987774955
2017-10-24,1.5509427848494972,0.9884235103769665,1.3358393005116131,0.9952558952506279,0.9793699581472382,1.3973026985467247,0.598861943208695,1.2670095752925064,1.8499378215609568
2017-10-25,1.5589541636960136,0.9688887248115872,1.3244837361106887,0.9927903350600026,0.9766295545910513,1.3894410689439278,0.5957892148653646,1.2548945503198947,1.8362822498789486
2017-10-26,1.5540718853619986,0.9722008201742038,1.3198539258130813,0.9963405543604865,0.9787120714594222,1.3499319989358989,0.6021489997915199,1.2665439368858433,1.828666545275243
2017-10-27,1.5196834389252734,0.9727308656843554,1.3201277904637665,0.9930875635166111,0.9731286396054182,1.3480745413240853,0.5994624856301258,1.2588699718953975,1.8275069743828194
2017-10-28,1.495001279074959,0.9655066162695574,1.328972515132073,0.9921442194697635,0.9667177752816459,1.3368741165737166,0.5867519810762131,1.2641660938200618,1.8336992515614143
2017-10-29,1.458251726665671,0.9790837957248325,1.3116344265733455,0.9968842349815156,0.9666258355315558,1.3071486096663016,0.5734680796856209,1.2710196810182655,1.8268907282592994
2017-10-30,1.4565750162248259,1.0078982750973042,1.3010220858546784,0.9971632514875775,0.9722123315708363,1.313774863028569,0.5551560655922896,1.2809092756616978,1.8060093150267147
2017-10-31,1.4877487992145346,0.9933728312925467,1.3477731619252253,1.001652608047753,0.9692116465492867,1.3145109034118188,0.5636349006903634,1.2962224270729266,1.814359150948631
2017-11-01,1.5161385954093785,0.9915714082328374,1.342246467093276,1.0007104616541302,0.9726363490479958,1.323414425858049,0.5670311804701825,1.311943678588296,1.7775085657261722
2017-11-02,1.5236450466546558,0.9958691166929856,1.369528562049995,0.9962215107440655,0.9787919179665057,1.3254754642663056,0.572690032922431,1.345186733212486,1.787831647011391
2017-11-03,1.5332524275848105,1.0006106899050369,1.3619937752385924,0.9962359884591614,0.9760884447075711,1.3246772573884347,0.5460492863729955,1.3541128455738547,1.7860127561914472
2017-11-04,1.525980125381975,1.004968995364703,1.3389723116973375,1.0021016366642732,0.9757848130254418,1.3214646503773628,0.5356154179980646,1.3548700597041632,1.8111412393062252
2017-11-05,1.5501497326269045,1.020827285033426,1.3481533601999218,1.001123958666887,0.9702222027275312,1.3169469619606518,0.5331958132202638,1.3764557364925256,1.817106965447948
2017-11-06,1.588104641805057,1.043239337500784,1.3411726931295482,0.9958326305198378,0.9756964883698818,1.3494346396706667,0.5187332863780666,1.4078920588853592,1.8244138645640466
2017-11-07,1.5924088539792602,1.0739795306584146,1.3632165053598042,0.9978780636286828,0.9776409229361166,1.364676635130665,0.5146865708869851,1.4070099838944683,1.8083167480661968
2017-11-08,1.5849315443212453,1.0673214914138238,1.3532327651216687,0.9983872204408583,0.9764717392768401,1.3772865542455741,0.4980897755344537,1.4048990159857782,1.8110572817574957
2017-11-09,1.5780221325724517,1.064436448207943,1.3278962528412284,0.9995547657199477,0.9790988622114212,1.389797372584284,0.508536980047143,1.409426926961813,1.8200886835924286
2017-11-10,1.5821902588118408,1.0780355956138916,1.303161853832801,0.9969751718512225,0.9854116986922214,1.3285242017214929,0.5072129742210996,1.4344923507553256,1.8187552745093785
2017-11-11,1.5730528473100809,1.080978190992254,1.2980307294081777,0.9971671379034363,0.9828165931898852,1.35530212093917,0.5217523854903092,1.431909038274468,1.7939021760949438
2017-11-12,1.5611642683051925,1.0778306031473495,1.3062945985925705,0.9942513816350728,0.9798910928907325,1.368031349512913,0.5316542944248984,1.4188444281108605,1.770344346787267
2017-11-13,1.6385383374168045,1.093458582398174,1.3025010601105462,0.9969429134123782,0.9795012662283882,1.3896583163490484,0.5334554668457804,1.421070706358855,1.7686876254734254
2017-11-14,1.6034560518619188,1.1320420428535172,1.2881756232772341,0.9929750101042896,0.9787652302562546,1.3658861365838768,0.533010428522545,1.436015336371383,1.7866451622361585
2017-11-15,1.6235328622708092,1.1262670696287589,1.2893286717663062,0.9942893487193589,0.9719812619283354,1.380187680980724,0.5175819162530364,1.4802520745518009,1.7797752420783395
2017-11-16,1.619517658245587,1.111113452792251,1.2799686092747353,1.0011720986956016,0.9757345469210372,1.3419762961744315,0.533256500548071,1.5070426152650265,1.7751262473453093
2017-11-17,1.6274540302432694,1.1112590159550497,1.3106506841412566,0.9988805453464195,0.97640199076043,1.3319025954944845,0.5180795896219705,1.5568874075022738,1.7545069741192714
2017-11-18,1.6333160184526099,1.0768848731888976,1.304767374443144,1.000244922740372,0.9732785433617706,1.3462371083582276,0.5153955115703585,1.5842905528120292,1.7787500657094795
2017-11-19,1.6194309190114935,1.0788030113381957,1.308031185728333,1.0022034501971302,0.9734318619695277,1.3511155987138068,0.5129895785807412,1.5873460124108578,1.802192927767997
2017-11-20,1.6356110559433017,1.09285183306262,1.31977317748538,1.001841227478561,0.9747706307664361,1.3249943103195145,0.5261098785947385,1.5214006644386817,1.8009827841902182
2017-11-21,1.664092670368708,1.0664598735120463,1.3265005351846422,0.9998953519239081,0.9734301134637652,1.3478199042149963,0.528299094675103,1.4752788890350095,1.7837577248760537
2017-11-22,1.6889376338834745,1.0755044865616996,1.3547253186155428,1.00504275598364,0.9721948496116266,1.4088199154916492,0.5286634062424522,1.454270876323538,1.7728118763649547
2017-11-23,1.6322722957788454,1.107045099116841,1.3810573095358083,1.0020813750741577,0.9714058773706985,1.4115261680946545,0.518615068608885,1.4162758239629936,1.769437194157634
2017-11-24,1.624900641605817,1.0997481194624745,1.3851626304831424,1.0064790682869988,0.9703253137612483,1.4161389988798205,0.5262581117534418,1.4283313675753877,1.7589192432252312
2017-11-25,1.6277371605360604,1.1110268246863708,1.36682277799098,1.01039489289282,0.9759787741071404,1.3979981951472018,0.5284017717389757,1.4423778265596259,1.7496741146844488
2017-11-26,1.6399845929890493,1.1147361002578937,1.3431562168072928,1.0118877351281452,0.9717815093974492,1.421911864833243,0.5214140696670921,1.4391767841260394,1.7740344584372334
2017-11-27,1.6526874621551937,1.0935220808441375,1.3272008656530208,1.0101696424773488,0.9734127188403854,1.4313667208505776,0.5127262444046261,1.4142673075742465,1.7793846519643846
2017-11-28,1.6486749006348684,1.136420827385769,1.3281819907688357,1.0157687688325612,0.9689529949910016,1.391119790557745,0.5013428487852415,1.4397763716513494,1.8109883310546866
2017-11-29,1.629826108602199,1.127454252801831,1.3099490126561049,1.0103497241782182,0.9718343189552897,1.3969824777445,0.5015482788572332,1.409827802107922,1.841049952863166
2017-11-30,1.6180092971305715,1.1387347433801536,1.2874771820401256,1.0098732679322913,0.9730641731721437,1.4054864045134976,0.5031998627267668,1.4205676410392145,1.8206047165308354
2017-12-01,1.6232849605787145,1.1415219541546036,1.2914427047299752,1.0101934337621847,0.9682058086489799,1.372428808356113,0.4810161137557651,1.4382722006192086,1.836037209133102
2017-12-02,1.644311783585378,1.1482822975306175,1.2587725225168978,1.0071829245140322,0.9689626180186327,1.3760510927172662,0.4789694073817877,1.4465189054184293,1.8366183462635293
2017-12-03,1.6477838416146815,1.1355327170938123,1.2739836956273276,1.0059820453805985,0.9639021174038435,1.357229490322493,0.47572710835987936,1.4683758665807256,1.8362093681189302
2017-12-04,1.6436771963568118,1.1104647630944353,1.2863741948877199,1.0041150871009523,0.9636128393554522,1.3936620024349238,0.4806629039479438,1.4328062075291315,1.8040846972628266
2017-12-05,1.642584715210492,1.086668246047018,1.2967713927501876,1.0043428095531377,0.9643466681868488,1.3762114347161822,0.4974994070214853,1.4941860578552886,1.7994196098320723
2017-12-06,1.6517759437247934,1.0890083993452375,1.2931193702210118,1.0019361918601661,0.9602579617984027,1.3483558820462498,0.501631040351131,1.4828375396675333,1.7533851866097117
2017-12-07,1.6632935681151988,1.0886939992614582,1.3144042133536638,1.0031579199802694,0.9546743552195505,1.29451039617805,0.49451317294601427,1.4692301159295273,1.770273077363517
2017-12-08,1.663571231716327,1.1113457944295713,1.2939021408128009,1.0061631736084657,0.9575230620757603,1.2477420475522463,0.507693114486141,1.4715836424131004,1.7775673902822573
2017-12-09,1.6424880587199535,1.1373006600313977,1.2758777890451645,1.0087754509636508,0.9607618167143452,1.226112422055003,0.5279335555066469,1.476988662005196,1.789546285567957
2017-12-10,1.605356640079141,1.1811085034388291,1.2575119323644264,1.011977969328947,0.9570349381642722,1.212696547054293,0.5363673367539221,1.5000493153532601,1.7671539747660385
2017-12-11,1.6320971981324222,1.2037971831173362,1.2437353347006435,1.0169325555621846,0.9515535870574305,1.199301214394789,0.5416130374569201,1.4811434524016793,1.7721694950197655
2017-12-12,1.638488721183136,1.2002251113655824,1.2565318868506807,1.0163375662443381,0.9525300373544597,1.224290446706601,0.5502862792621593,1.4989027465486193,1.7521585185652941
2017-12-13,1.6518782685382842,1.1817260678440624,1.2375871810281853,1.01622056644056,0.9491798170465124,1.2419583277590516,0.5593608902668684,1.4564247517262907,1.737995776762318
2017-12-14,1.6162029838181982,1.1723581389050421,1.2447182920722406,1.015583534052086,0.9470355847555855,1.2712724905951869,0.5336878232448931,1.4837371992831536,1.7288836683692164
2017-12-15,1.614794244485233,1.1616984255401508,1.268137240130885,1.0119346079291085,0.9471747473531112,1.283596073567858,0.5165991096008594,1.4635606396973582,1.7266676106372103
2017-12-16,1.5938019588366592,1.1451086147332086,1.2631935948391813,1.0140078028803738,0.9459710103329346,1.3087695381020192,0.5063936137803966,1.4363693896594494,1.7602745263489226
2017-12-17,1.5785502751337233,1.1185461987949024,1.2371659363443066,1.0173796935338595,0.9447741507277113,1.3030544356996925,0.504882517902145,1.4584810658325764,1.7574663633195176
2017-12-18,1.6345269412788306,1.121686730144246,1.2533003334701311,1.0199391355427812,0.9447308901986117,1.2895476539415347,0.5083355500878729,1.4699323021633084,1.7477548493952972
2017-12-19,1.6390955797278859,1.1470948297936405,1.2848075178698732,1.0226553435744297,0.951864589754592,1.2751966187970964,0.5155730512118399,1.4997392845648314,1.7324386910714116
2017-12-20,1.627648379308616,1.1834374159311074,1.2701591880382577,1.0186430677258165,0.9577775024285473,1.3029216096447795,0.5201319568757046,1.4990109192047025,1.7251880106046955
2017-12-21,1.6350203782349566,1.2175636388375508,1.2741764392795576,1.0253670061394649,0.9544331656494612,1.302720629324757,0.5163551885702502,1.4749111360572988,1.722892065998748
2017-12-22,1.6457460130381678,1.2295397691919212,1.307745160559271,1.0268982916967175,0.9589195238078898,1.3045310155370222,0.5337879139280256,1.528268611693248,1.7323866679972313
2017-12-23,1.6217347675872917,1.2178855882809354,1.3125618627547853,1.0284073126835727,0.9616943497493879,1.3155980804121001,0.5339692407883556,1.5139900337881258,1.739682411089208
2017-12-24,1.6673457503834868,1.2407315568095145,1.3213776154594938,1.0316865958749102,0.960363118464406,1.3038250923186858,0.5260901497474904,1.511447591321285,1.7326887852126187
2017-12-25,1.6980651304204328,1.2306123716800792,1.3090456466569778,1.0378021570450537,0.9587252182781769,1.3076889939262133,0.5309440976265143,1.485979099689584,1.754442411686963
2017-12-26,1.7148025943562974,1.265624416236032,1.2987687701106236,1.0382145561445097,0.958972016219194,1.3141620451593337,0.5156039041444892,1.4887468036428508,1.7297668123198735
2017-12-27,1.7245341180586253,1.2176374005019046,1.2703010028753614,1.0408678651770884,0.9569703023171185,1.291057177013675,0.5288120842011477,1.4963608402611386,1.7451978924581764
2017-12-28,1.7207511264104325,1.2768551455708181,1.2614671184163702,1.0464193200384255,0.9568310974355646,1.2528661730927528,0.5340245716498473,1.5037250879933177,1.7271992858916119
2017-12-29,1.697463703849451,1.2767982520012287,1.2671399029759747,1.0387679125928857,0.9609574179659133,1.241965030214369,0.5199076589661473,1.5252524137542607,1.7271367961769326
2017-12-30,1.7289389019198822,1.2873741516110149,1.2674970159014436,1.0383958364857326,0.9629089793397226,1.232968778698261,0.5111464601236626,1.5395114446595077,1.7249867208605794
2017-12-31,1.730328129779345,1.3131330112339896,1.2661452058803817,1.0385465095664472,0.9606956386415255,1.2427749724800878,0.5148249554000649,1.5606206513152834,1.7153418226697086
2018-01-01,1.7189646245066952,1.3323815362670004,1.2703571088629688,1.035826915201814,0.9658125113834771,1.2050292740233404,0.5230033076535442,1.531315034970475,1.7480326101446215
2018-01-02,1.6796536295504452,1.360548763768231,1.2694937585208146,1.0347912874662708,0.9666253262761564,1.218976531203253,0.5136478192318235,1.5128828778440442,1.75973752154591
2018-01-03,1.6371413538045365,1.3467852842047396,1.3161962039674238,1.0318896924492833,0.9711599698011257,1.206363642270446,0.5189799473659819,1.5280349072244552,1.779956144321253
2018-01-04,1.6327148388936856,1.3955388084606277,1.3072828722386194,1.032717950310192,0.9722098983504472,1.182241887140417,0.5161165039986059,1.532042488178264,1.7726205704920301
2018-01-05,1.6929846450305355,1.3750310501043765,1.3261771539758807,1.0354746663734973,0.972253211722773,1.1640663805950944,0.508289542296627,1.5204456780276001,1.741320677306581
2018-01-06,1.668009767058586,1.3388889402102584,1.3479934312979314,1.037499420258403,0.9754071004117566,1.1766371044861967,0.510088558141944,1.5540630436326905,1.7310336050285189
2018-01-07,1.6711790603937189,1.3574286142270253,1.3270260529363738,1.0472412977540084,0.9756160941131655,1.1798796929149653,0.5230129579123193,1.5757023302855044,1.7320389550614066
2018-01-08,1.6749424579931906,1.3212196490655022,1.3185628257349615,1.0489709535777296,0.9774459317139041,1.2060505849155838,0.5218570882060428,1.5432282118717615,1.7506883455634417
2018-01-09,1.7115254460214677,1.3431101477529621,1.3163692592775071,1.052362442571308,0.9909499746948367,1.2087916263239027,0.5082706778095227,1.529965283084123,1.7619886186741736
2018-01-10,1.6708389524454694,1.3477428776136127,1.3227721317511194,1.0573141922068259,0.9962424199301155,1.2278452360664651,0.4863878054139117,1.5514089657875803,1.7747720819635127
2018-01-11,1.6777548316544313,1.306307872915021,1.3108390248337165,1.0537188288039911,0.9883122966362919,1.228026376727691,0.47872406395981,1.612813086808158,1.772131719116573
2018-01-12,1.7108171672272618,1.2699353206960664,1.3028939311492491,1.0541305100362168,0.9848209690073646,1.2189394576132075,0.47673304190098936,1.6074769015250028,1.8053612901203786
2018-01-13,1.7210365527106224,1.281404348033813,1.3117221544935127,1.0561732875540324,0.9845929357451543,1.2121457781592573,0.4784189230592113,1.6356914313173776,1.826055030666986
2018-01-14,1.7153468452183005,1.2996274382542718,1.3090527789786552,1.0563862243914326,0.9828264839331751,1.208424960326419,0.4913489605906411,1.6382861567852707,1.8288905747261517
2018-01-15,1.6786242424919564,1.2929130556150692,1.3056547674680767,1.0538641757456728,0.9830099399431987,1.1993312226617434,0.4922333479892691,1.6415996645015392,1.811776651473344
2018-01-16,1.6690887726006884,1.2952309088036214,1.3246018982791112,1.0547812035815567,0.9805054854913654,1.2081847884898078,0.5091420447917911,1.6645009600021672,1.8220589646426932
2018-01-17,1.6877556154635722,1.3293203148380137,1.342096606366943,1.0566801062927278,0.9847947742732575,1.1849034062302337,0.49394654515282577,1.6687562230163433,1.8236747794627897
2018-01-18,1.6744921334413498,1.349612852123122,1.312497520578844,1.0550905246902365,0.9829829270052834,1.1502409148533503,0.5088116788013258,1.6350673406297422,1.8133101051760852
2018-01-19,1.6978005555079123,1.3658470970377943,1.2954375513369643,1.0573562974363881,0.9842206380781127,1.198774916304594,0.5130240331617945,1.6319302557664648,1.798141730657643
2018-01-20,1.679356243646811,1.3460916980829727,1.317140257283986,1.057519034874553,0.9865443716820413,1.2316890280066224,0.48892766224237194,1.6635621336664257,1.7994974739920462
2018-01-21,1.6908190685079465,1.3265582141719165,1.3056001424277244,1.0591756782788326,0.996053072273779,1.2541792257950712,0.5014004310444865,1.6591037554508177,1.7890567136266327
2018-01-22,1.671523315714771,1.3154298140928926,1.273830466025006,1.0569781450365465,0.9939201116503995,1.2504713112110417,0.5028219023670445,1.668455730161455,1.7891475015916334
2018-01-23,1.6574463375757396,1.269468097106578,1.2654184675718296,1.0540002656375642,0.9958724361195069,1.271188085931086,0.5123611485364329,1.687733553258295,1.7871163587321217
2018-01-24,1.6449668713713828,1.2529042683466858,1.2429066894851526,1.0572419078555546,0.9952760637352778,1.2429243307674716,0.5039943793558531,1.6661227970858639,1.7882426796138335
2018-01-25,1.6717996002017734,1.2455574733975143,1.209683293806229,1.0567476039109236,0.9947537671413785,1.2381408567384162,0.49777044020836786,1.6718902247859018,1.7897830917996231
2018-01-26,1.6716784704433867,1.2553071299552812,1.2038066597708725,1.055310683949654,1.0003447738838314,1.250854579061478,0.506102580392091,1.702973286892637,1.7995543084351096
2018-01-27,1.6954594844912494,1.2201231144403342,1.2071169432575257,1.0548377407833265,1.0071578584114584,1.271991043878928,0.4998224021510452,1.7128367589522886,1.8029317359573238
2018-01-28,1.7075226303982034,1.1982351252426755,1.212694062040992,1.0542212365958852,1.0083964601951998,1.255660036125329,0.49407381303672426,1.7433383227293828,1.7843336376565162
2018-01-29,1.6829918206860617,1.1976019027571747,1.2018250677651892,1.0515276107821643,1.0089211327908914,1.2218938492640412,0.4842124729033156,1.797401743617828,1.7928890724178737
2018-01-30,1.6646498179998541,1.2070963366411578,1.2103675991529153,1.054769726201097,1.0085088632830477,1.2436154056969897,0.4645684907440089,1.7692820728338294,1.7961856826869083
2018-01-31,1.6733800789511812,1.1877682121091502,1.2144986320566307,1.052901179748814,1.007492451364196,1.2668037695236392,0.47310667886436114,1.7431747148073313,1.7775547204326425
2018-02-01,1.663561352438162,1.1876714880801493,1.2052747798733738,1.0562935508339504,1.0089931711821405,1.276316872940398,0.46121714061983576,1.7740452247008838,1.72778018735282
2018-02-02,1.6848729570761978,1.208120354087965,1.1993824153575747,1.060432880748841,1.008839410499062,1.278006423769524,0.4644413139776536,1.8591969538275748,1.751354606086202
2018-02-03,1.703098173954974,1.1887536039974174,1.2018088594226344,1.0579521334611846,1.0122578057302627,1.2814933436059772,0.4540887157109244,1.8618311918939232,1.7368285650266417
2018-02-04,1.7074721444636456,1.1708469428320671,1.2025658206560323,1.0604398122491283,1.0121442223390928,1.2727330694501469,0.4560256422171577,1.8816741033798792,1.7179460554411445
2018-02-05,1.7146603329586168,1.1990827771292536,1.2112049134840441,1.0607295906196985,1.0148354632462022,1.2833539457268726,0.4629900759412045,1.8249247427095774,1.691602106280956
2018-02-06,1.7410188413187961,1.1670732322117883,1.2174044217805309,1.0597153751161976,1.0108930740943856,1.2916876556342558,0.464944204299442,1.8830579754792098,1.6813711072060038
2018-02-07,1.7791500297604061,1.1749435218010011,1.2081128715692595,1.062362267932324,1.0132817679453991,1.2927793633124798,0.46751344279248036,1.8665721692232866,1.6678228352963886
2018-02-08,1.799951198261701,1.1706774080440125,1.2073143138189872,1.0633603198749686,1.014458343494265,1.2597774514131348,0.47963374830578936,1.8703384121392972,1.6647765024696268
2018-02-09,1.8121237103702525,1.1761301418452839,1.2187895372885418,1.065182867376074,1.017472689714019,1.290664536773195,0.4882059981458097,1.8662100266842316,1.646415663177794
2018-02-10,1.8580011901609232,1.1715679086553576,1.2122357537647188,1.0597395907080258,1.0189519855464213,1.2943815975555768,0.4735098753502928,1.8792718371235377,1.6385426364953146
2018-02-11,1.9335377177997242,1.1600297203992462,1.2062687414857662,1.0570644596735392,1.0242622600185716,1.28595521956444,0.46673949711357965,1.8995761010948184,1.616252673641754
2018-02-12,1.952247901399565,1.1976903113604263,1.2148323979173716,1.0591930650365184,1.027929365621061,1.3257873539496698,0.4781269509822038,1.9124838077671098,1.6311850931060796
2018-02-13,1.9268901067847473,1.2149050551083374,1.2005378639761874,1.0581327415414394,1.0153575338328933,1.3356322980064745,0.4720655251425199,1.9447420130110098,1.6378760938232975
2018-02-14,1.9599583126954512,1.1916946125736099,1.215857486395792,1.0649233814564543,1.0185626451337837,1.3549005063947985,0.47376116257095496,1.9298257801064012,1.6506710569425465
2018-02-15,1.9162684043914935,1.1832102328472625,1.1903820115782644,1.0627818534084585,1.0212803539866742,1.3674971258407318,0.4743383334352225,1.935144408731872,1.6198717697337304
2018-02-16,1.9061343450089197,1.1691722374681823,1.1813247325799996,1.0647997954497954,1.017867205113987,1.3528864374230969,0.45463366214643436,1.9269938751938678,1.6025741707517005
2018-02-17,1.9089707566514316,1.1496237421476596,1.1831611100829744,1.0644440913240116,1.02477665777994,1.3652652450301461,0.4379973628183382,1.8908177781381021,1.603779434878148
2018-02-18,1.8829176597542183,1.0886584688333858,1.2026768269934065,1.0668504503308178,1.0270146752025082,1.3506134712423807,0.4418313882477221,1.8712186863449503,1.6073856500168615
2018-02-19,1.8574817988541295,1.1188068969529763,1.1803757832003858,1.070901123051198,1.0272772451759145,1.3389841410191556,0.4433954971800567,1.8921767475016038,1.6296760180645642
2018-02-20,1.866763905382416,1.1013171150927095,1.1815178693462607,1.0768450309159838,1.0329177290247094,1.361154695779986,0.45054025711723045,1.9124074308133578,1.6488859029143481
2018-02-21,1.854537662523867,1.0748948113588368,1.1828506711370839,1.0743114894118055,1.0286620222267393,1.343779536516879,0.47302504466018264,1.9166947987253715,1.6551831273902295
2018-02-22,1.8210902558797575,1.0396516404843736,1.1715797227151088,1.07905413068438,1.0301403143366221,1.358527129445946,0.48010685434267564,1.9000765934777841,1.678487536175618
2018-02-23,1.8043505866646687,1.0663833531663387,1.1781495034812195,1.0733706064064372,1.027161109457442,1.3151508612884315,0.4913728702233215,1.8997516208850327,1.6414207835649843
2018-02-24,1.8150615784376922,1.0564990920157231,1.1575252067558235,1.0788811810909469,1.0277046250453832,1.3084675733540236,0.4875458147759377,1.8570087443434418,1.6203359309521554
2018-02-25,1.8505891432269703,1.047909868862822,1.1581789913589249,1.072372300172944,1.0223889583821977,1.32309182521416,0.4913263596955959,1.9062206422345003,1.6424204021167634
2018-02-26,1.844740051656382,1.0572500615539508,1.1541262435823856,1.0790901007978557,1.0271901570310873,1.3273976047975455,0.4933938097706407,1.9479149380006433,1.6522679910043336
2018-02-27,1.8884224266027234,1.0159267422874045,1.160860269145992,1.0775294078276842,1.0345094127704606,1.3646114307603863,0.4938165082315827,1.9931736988314817,1.6820602750593212
2018-02-28,1.8910966217500171,1.0615365782267039,1.1607719348396535,1.0769437028707207,1.0381958770843394,1.3561941892818885,0.49475811533515496,2.0357110479349374,1.6827199597928022
2018-03-01,1.8435823144050156,1.0689798062476823,1.1514213098804285,1.07984694221338,1.0411908218426051,1.392384510960979,0.5038372463731414,2.0694095251423836,1.6717974790515966
2018-03-02,1.866368618372,1.107283622372532,1.1422516221151735,1.085785252580919,1.0390070278330406,1.37131009968612,0.5069227501375042,2.0920460845616966,1.687374454135225
2018-03-03,1.8400034809506027,1.11638740021465,1.133197387745902,1.0810438816225343,1.0352510743004546,1.3530494511035793,0.5123123037504178,2.1286217550146285,1.6628534166969102
2018-03-04,1.850269626020417,1.0931882366626344,1.1420918822681905,1.0791323887572164,1.0310010414264774,1.372795802397845,0.5064010127687923,2.1189589632558854,1.6262708229875198
2018-03-05,1.877095335410875,1.1097788476542267,1.1425093101486514,1.0742949157852963,1.0360915850599488,1.3566067771167503,0.5019107200458829,2.192869652198519,1.615153042961662
2018-03-06,1.8985564468869922,1.1214511250452976,1.1482013672968154,1.0753112005242198,1.0377550863051996,1.3635185945477488,0.5014899345731542,2.243018929610092,1.5942745965787473
2018-03-07,1.9282154518501085,1.1384996060239547,1.1581686616193563,1.079022033112162,1.0374744798401159,1.317920441974541,0.500865151736262,2.210118522500235,1.5829256060325738
2018-03-08,1.8928591242941701,1.1291727810673988,1.1502242218360277,1.071433584620211,1.0404840767408208,1.3708557622226312,0.507038186444783,2.2038332562798053,1.5823755964382418
2018-03-09,1.8814739779094438,1.1314545552818276,1.1500584778280942,1.0688373453748103,1.0475921994350237,1.3344338022150182,0.5144240245406179,2.2009286824829766,1.612770370328464
2018-03-10,1.8916583382049574,1.1245772354326318,1.1469849622084989,1.0690721904056473,1.0429082441843065,1.3162806298837546,0.4961625481413024,2.1708977732859625,1.6146074203145673
2018-03-11,1.900743265229921,1.084960702231447,1.145440500576793,1.070986075355353,1.042332925130524,1.3015274990879349,0.4921718021714915,2.153722823392699,1.604649642943861
2018-03-12,1.906269396633705,1.1304622052340512,1.1355617646657805,1.0700709949742166,1.0422216125655481,1.28568481202488,0.5030806504245134,2.0775601188553074,1.5964489337911476
2018-03-13,1.9302401739385708,1.1249300651088043,1.1247170731557588,1.0715929251300056,1.0461042767601387,1.2908165432574528,0.4951196973596378,2.0921924782084647,1.5903497118103542
2018-03-14,1.952395090838605,1.1554141623853167,1.0898880483272173,1.0720571417779843,1.0389458524087802,1.34780892638556,0.4905831677491139,2.116034263941353,1.5901061201779285
2018-03-15,1.9294617334719955,1.1366999713650427,1.1109535680926423,1.0752388081656967,1.0471268614995755,1.3494238171730581,0.4935062547796235,2.1079766731747003,1.5858592297202907
2018-03-16,1.8998863574897429,1.138873550222714,1.1007650583147446,1.07677180491487,1.04794366325382,1.3566813919636556,0.5101386980866942,2.1072056401353474,1.5981770265847717
2018-03-17,1.958920846043149,1.1661143888116168,1.1163277147566362,1.0758887824252452,1.0490110695597152,1.3247600717744987,0.5153310366856053,2.116302241777281,1.5988703976879728
2018-03-18,1.9896914215514994,1.1412295697874186,1.1385631255979793,1.078906966839914,1.0488195873605033,1.3214784654390783,0.5203875804088781,2.165004215303031,1.600814747503411
2018-03-19,1.9945869847295605,1.1420582537790047,1.163252057859439,1.0778208858874732,1.0488006767296087,1.3565529377800758,0.5220217101649136,2.202363274521785,1.5865470049109516
2018-03-20,1.9890432539494414,1.1730306597047573,1.1541599906827087,1.0774394481808265,1.0499824033727436,1.332671119956199,0.5178057571908157,2.206524750547941,1.5876049419671208
2018-03-21,2.0278401001715256,1.206047049871532,1.1426495317852075,1.0779068474013196,1.0529191970504803,1.3693119187389986,0.5253500865909848,2.2165946698112444,1.5985045251335832
2018-03-22,2.0489428841092705,1.1863898611554826,1.1456359440445756,1.0827331569673504,1.0521511692806003,1.372776332071404,0.5229070358531384,2.1401046593753916,1.5991533609534392
2018-03-23,2.0588328834063954,1.1759201117686395,1.1301061117362172,1.0799810448463114,1.0554725479729954,1.4217919231493577,0.5374692996714572,2.0973770630760082,1.6131399929859274
2018-03-24,2.0389704256761063,1.1640658879273056,1.124180166208854,1.082376659717505,1.0596279576493621,1.4195674453974485,0.536705332843523,2.112402580382832,1.6226251680595665
2018-03-25,2.0755564582538186,1.1376198294086752,1.124787592316992,1.0790168834140548,1.0595180009926393,1.4140720795303179,0.5363108602857496,2.0874843767915956,1.5988165545866135
2018-03-26,2.010972275166561,1.1353886807355404,1.1193076122412977,1.0769367406450199,1.0652290084069596,1.3924793581536945,0.5516153925672874,2.1387481003646465,1.5679449982709948
2018-03-27,2.0143622151409066,1.1276742405221865,1.0805329526768548,1.0723770725916417,1.068637468991616,1.4433683330545215,0.5616843388067401,2.1495583750217713,1.5679241072598522
2018-03-28,2.065808912746739,1.1717305624078915,1.073247878323501,1.0660500911005963,1.059775525777635,1.4780003076758352,0.5612680347673,2.1558966244459983,1.540161643485848
2018-03-29,2.0430894898852565,1.165967224428306,1.0762465979347544,1.0648819388715185,1.0554841716613816,1.4574232831211114,0.5749441530955969,2.1642437587976797,1.5498978801532621
2018-03-30,2.0161552221961734,1.1044405066450504,1.0698136011463413,1.0622200410689089,1.0570632277795582,1.543911192137751,0.5830527746714232,2.2534958780384113,1.5590232091803131
2018-03-31,1.9977108423537564,1.1117988298203247,1.0929939619360542,1.0681564572416231,1.0547362622010328,1.5512560509224038,0.566502624827593,2.2818223874113652,1.5835521741013234
2018-04-01,1.9995027726215726,1.0988876067600428,1.0980453115876672,1.0696010075673006,1.055184077194876,1.5565564946569033,0.5646465939720602,2.316367635670043,1.5955274302503866
2018-04-02,1.9706168614260433,1.0793377029950024,1.095022949549097,1.072072332859125,1.0559145069051883,1.5388480068933166,0.5677128349888865,2.3053367274827683,1.6098949387289534
2018-04-03,1.9810530050042203,1.073644188652518,1.0983936768576694,1.076409020015399,1.0536141757102995,1.5503090785807445,0.5670263527630796,2.3205629123549127,1.5996791098512555
2018-04-04,1.9849260260270039,1.0954829908539527,1.08637276444026,1.0722237099839798,1.048276753567697,1.5179511429230348,0.5738910378866062,2.272091237232469,1.5952336760741441
2018-04-05,2.003930381781145,1.1041371564989855,1.081672346970593,1.0729450712109374,1.0488308530767225,1.512127770485858,0.5715858929839593,2.348732081769621,1.608463122893011
2018-04-06,2.0790973369986174,1.0947019330731669,1.0808939764554428,1.0687644723957985,1.0455393416033973,1.564197038444561,0.5657324614480072,2.4168199916398216,1.5887857920705848
2018-04-07,2.046867096249433,1.0884159772553694,1.0803913617722691,1.0718310375523104,1.0475290883583546,1.5527882941855071,0.5643371863528684,2.4057365909912503,1.5745716606355007
2018-04-08,2.020218024614025,1.1089891181498635,1.0570138760284709,1.0771388264083959,1.0461966555533613,1.5315070900634047,0.5727995273239489,2.459813336539895,1.5924844986631925
2018-04-09,2.0360318483585043,1.1311284698914097,1.0355586391047555,1.075560288479909,1.0424882229411632,1.5655731636746189,0.5685209666698391,2.491498434054765,1.601336434307067
2018-04-10,2.0103073921366663,1.119630268724434,1.0519471957422841,1.0731656094847664,1.0431131638156796,1.543834016835232,0.5650649028473027,2.4902715475748645,1.5891203749325464
2018-04-11,1.981948580184073,1.1258474861056496,1.041599350121209,1.0706630166161804,1.0392993203491891,1.5419777959805927,0.5758429692750519,2.5470445828636077,1.5779024867976854
2018-04-12,2.0464702461150877,1.1059372251494042,1.0554553111789227,1.06845200181023,1.0357826504314154,1.5216150373105242,0.575354105086955,2.5697122164268222,1.5887879317234082
2018-04-13,2.018106628488603,1.08667858120654,1.0441622936441644,1.0682019165079935,1.0350155265816112,1.4958949374369466,0.5785715277504903,2.6574384194793907,1.5810868309625739
2018-04-14,2.0055889642786644,1.098060352980549,1.0374736035213903,1.0704525041239856,1.0321442167021562,1.5455259684480034,0.5826767817084976,2.633254815075756,1.572095321393488
2018-04-15,1.990733574259743,1.1256320928170942,1.0219892974445166,1.0684145498731417,1.0299285723415053,1.545398642761423,0.579633930600811,2.5748797230280127,1.5661241467550926
2018-04-16,1.9883581110216686,1.1133562182035157,1.0307184206283972,1.0714683193557983,1.0297086343917679,1.5521207382875204,0.5546974297470909,2.5591303641323626,1.582174126730897
2018-04-17,1.9763254649849578,1.0990265329974227,1.0591995073448426,1.0774227169270065,1.0317374689536385,1.584250244459588,0.5301139561305531,2.5294104881297526,1.5750550096803628
2018-04-18,1.969922760445147,1.0897738369934127,1.02710542809676,1.0787781942791683,1.0340842760377276,1.630247648447647,0.5218621040616948,2.4969013729622898,1.5331587907774589
2018-04-19,1.9618391773765966,1.1078858913059557,1.0198733586212694,1.0858229766912528,1.0331263217253217,1.634887106841761,0.5077394396488013,2.5081581663500447,1.5031193071032318
2018-04-20,1.9828415865109716,1.122775553265361,1.0368149819522539,1.0826090425778891,1.0338931581602344,1.6518060598872972,0.5123322641609868,2.476105186334321,1.4674655893603215
2018-04-21,1.9937559485698861,1.1201426510942973,1.0300756357194691,1.0851984659585283,1.033810779463388,1.6129134422172413,0.49264382412598723,2.4346689304319304,1.5028757144530578
2018-04-22,2.015969682742206,1.124393617272577,1.0281391644695093,1.0845015744883644,1.0387407996987061,1.5989928325030942,0.4984266784375293,2.4224312636419816,1.532334432438148
2018-04-23,2.039020940553916,1.1500523051023372,1.0212373512893806,1.0880526754861204,1.037545926079387,1.6024796391758935,0.5148253913642944,2.385024986418218,1.5357553342945776
2018-04-24,2.053029175248968,1.1612769062868373,1.0160194269540184,1.0949713764636335,1.0322754754632546,1.644881149464874,0.5274392889612074,2.4535070003096076,1.5116712029723192
2018-04-25,2.0268890381063547,1.1929274794111404,0.9934389338270116,1.0898037940589664,1.0303624304000008,1.6508946510417113,0.54434081803323,2.4471794334216637,1.5027789611664177
2018-04-26,2.036964397587189,1.2034881522877259,0.998997103329146,1.0893308643042257,1.0224076775231288,1.6239568580656518,0.5599119166845054,2.4545357381730732,1.4982327224076022
2018-04-27,2.0717405297595586,1.179488071948973,0.9965953368663056,1.0898899908383763,1.0207048472986635,1.6272270700284688,0.557922057689994,2.403505582509391,1.5012513299623278
2018-04-28,2.0310820482546474,1.1834760063402991,1.0133278037221929,1.0890801267277466,1.0160239637462334,1.623833031312679,0.548750141450376,2.425419869226045,1.4993298971879387
2018-04-29,2.083781414577445,1.2087240618207709,1.0117703532865236,1.0915271015837265,1.0145274156821003,1.6251503235308318,0.5448931501512213,2.4537896159084833,1.5211149848232814
2018-04-30,2.1093696733657756,1.2292661566075427,1.0232806587951568,1.0934413866312953,1.0100055202523646,1.6752333730672742,0.564666350771785,2.445672003701918,1.5157804662834653
2018-05-01,2.129379522791918,1.241945583454676,1.0211078729174992,1.0894502414114473,1.0113415603652098,1.6921965477957341,0.5729762196214604,2.45897497141929,1.5119741119167167
2018-05-02,2.1617674504768267,1.243914406201182,1.015717366676154,1.088968747823544,1.004379610338636,1.6869839853619928,0.5809799699575275,2.4719995356208773,1.535268555363768
2018-05-03,2.1538886215708035,1.2553231375130252,1.0256844814581854,1.0967315388862595,1.0050616463299067,1.6556138952867145,0.5909487583845286,2.5416750928912393,1.530623620151
2018-05-04,2.1817087274945393,1.283589380401955,1.038510446943535,1.0972543240148664,1.002354115753148,1.6535228021820814,0.5964871355124769,2.576809526434119,1.536041186658028
2018-05-05,2.1699305122190937,1.2969346458711681,1.0495404880149506,1.0986136357747889,0.9991017287815344,1.6484542444750683,0.607913690937609,2.5238682863673936,1.5041963183613571
2018-05-06,2.219668016244987,1.309392318657485,1.0574968025966143,1.0951744797069851,1.0021491012073498,1.656951162935512,0.5887725851657153,2.57829361612594,1.5068840663367558
2018-05-07,2.2071462929810566,1.3010072119263099,1.0322409629791847,1.097233418460333,1.0032989959770144,1.6514940897506032,0.6039450804964974,2.5252893517347355,1.4981927737913563
2018-05-08,2.1796670483414857,1.2949987577831108,1.0333863791542033,1.098758617428326,1.002006853408088,1.6257433279666453,0.6244309815725321,2.6171457490531704,1.5006391229100573
2018-05-09,2.155578010023581,1.3299095600898072,1.015755686016457,1.0977649880638551,0.9993169978685358,1.5921365473079083,0.6210587516362979,2.5837442139510727,1.5011291485744487
2018-05-10,2.1571034210017306,1.315567853930062,1.0115442001377988,1.0971145108191753,1.0026541013064567,1.5882012168830422,0.631426728058723,2.606964826394614,1.5100087882883912
2018-05-11,2.202656461384883,1.2895866572388621,1.0061039158763823,1.1030278443724133,1.0017223689379886,1.5080411654666932,0.6289898206680674,2.6127629584922802,1.4707921519733893
2018-05-12,2.24739028766736,1.2735353986326468,1.0103725706927775,1.102390355346364,0.9966602594322037,1.4792841076698373,0.617352466920314,2.6558345613248378,1.4689163303120432
2018-05-13,2.2304719723531568,1.2526201771789978,1.0251783709550826,1.1073429584652463,1.00148307410393,1.4926921496283831,0.621054483240428,2.607925783016068,1.4655992362828163
2018-05-14,2.2082611486962835,1.2119611058246904,1.038489821072234,1.1051421255868126,1.0063740847229725,1.5166818548051046,0.6280937380428506,2.632422710763937,1.4568743205736583
2018-05-15,2.2704629016788127,1.2133866844767867,1.0425640037984152,1.1031006750025334,1.0027263197832839,1.5300155027028444,0.6309517340852383,2.601780558884132,1.436209625951664
2018-05-16,2.227894341682877,1.239996748203675,1.0352044967714,1.1020894343335363,1.0086437698156583,1.4994171662054485,0.6219039515129119,2.5722984761629455,1.4597357231578507
2018-05-17,2.2951784273116553,1.2572675941031832,1.0452466187901892,1.10028083392655,1.016601277177042,1.5069420401027467,0.6326393851939649,2.5687413112702124,1.456115102875557
2018-05-18,2.353121661608838,1.2699848888023164,1.0637647362951725,1.1012336600911405,1.0132531352869918,1.4914202767024414,0.6340687104247869,2.5451153047354134,1.440280413066586
2018-05-19,2.3962338047391785,1.2580373011443202,1.0658479205790068,1.1023221202883466,1.0109706686074809,1.5306660921044566,0.6200286314490981,2.5556123247330333,1.4441132542672301
2018-05-20,2.3950025741789136,1.229172356076005,1.077305583877469,1.1048911172761162,1.0083398458061814,1.550464905538882,0.6248017071685242,2.5070322244696652,1.4320703762807383
2018-05-21,2.4366138798109267,1.2365098898018194,1.0703336549783888,1.1021560392281868,1.0063619113790774,1.5383703000984854,0.6143554845701936,2.4420337495570132,1.4486825829162047
2018-05-22,2.472820756158323,1.2086654205064815,1.0724055378812283,1.0992830329802763,1.0054096224073337,1.52913115815351,0.6092215097288465,2.515891121975291,1.4425933979307775
2018-05-23,2.4435822289390097,1.1925581821999214,1.0861594858028891,1.0939445770976428,1.0024431696957639,1.5692598583177095,0.6123161867068905,2.523637123228417,1.4736401206786114
2018-05-24,2.453344875807098,1.177833247850299,1.0828087655959866,1.0903276715039762,1.00757943604206,1.5858031697995891,0.6262085896360207,2.5700588197325622,1.4678308724508229
2018-05-25,2.419313810744138,1.177208011556168,1.0717932081730162,1.0909762754087164,1.0122429041326098,1.5813208755274215,0.6282123956280169,2.5669550001914874,1.4799071217552284
2018-05-26,2.3958059773512597,1.1311367603099312,1.0781708346804926,1.0943184847892946,1.0141514850704005,1.5634137624451359,0.6140774647217775,2.586508684868313,1.4822968602798445
2018-05-27,2.3920040982057067,1.168695410082452,1.066244538957068,1.100255284107989,1.014381834996211,1.5120708345790226,0.6119993939820076,2.6242521606336098,1.4771821203623388
2018-05-28,2.3398065547163474,1.165702075438848,1.0555969479674725,1.101988673817192,1.0176213640781442,1.483624446560212,0.6034827607807877,2.6545613204239973,1.464790862665624
2018-05-29,2.3025278861910126,1.141436307693571,1.0603729576767262,1.103120937600568,1.0149387267964458,1.4840569781738173,0.6220354186782975,2.6163066964432637,1.4364948734386205
2018-05-30,2.3189360076081784,1.139624596072648,1.0516563727480597,1.1053892197827933,1.0184472690684283,1.4253640022767355,0.6140410454868412,2.707779956304497,1.4451627541201382
2018-05-31,2.343149304486293,1.1641403109444608,1.0521872761254436,1.1081416969511826,1.021474347105606,1.4394790212908763,0.6102092823539949,2.7153099778150582,1.436949004484042
2018-06-01,2.3443026367101254,1.1401207947604828,1.0425203182624783,1.1073139858852523,1.0177206109825965,1.426681605295844,0.6083307411577624,2.732237044183118,1.4508767376339062
2018-06-02,2.3286971636308387,1.1679760927503033,1.054575327802917,1.109099287734771,1.0184478705866735,1.43516205064619,0.6228948014315351,2.7829301366855037,1.470535344523356
2018-06-03,2.3308393379225354,1.1801106740450398,1.0718941523729308,1.1071349086333209,1.0172525515072188,1.4358633568394863,0.6342264879370563,2.821689625090193,1.4674345132392752
2018-06-04,2.2787936957964607,1.1858121557226171,1.0604036682470586,1.1022969409728027,1.0122115704826344,1.444586023042462,0.6516174521421543,2.823900186809262,1.470829872822509
2018-06-05,2.319910936847768,1.1533206792920847,1.0673409531747393,1.1023688445154964,1.014604671277234,1.4323031265110409,0.6410881313685874,2.830416713662531,1.4953808374406736
2018-06-06,2.35056543163635,1.1432424212934373,1.0504858630079126,1.0969163056961662,1.0200474143512133,1.4079661748836423,0.6370426932814144,2.8870764678081664,1.4715459405077527
2018-06-07,2.4038855818282885,1.1384802127823261,1.0363221623450742,1.0962120275310796,1.0172010871787,1.4194196367080276,0.6289123411943325,2.804868024471531,1.4685945706744779
2018-06-08,2.3556920611184555,1.1431226594774153,1.0218700653185304,1.0947167522205534,1.0180457213392273,1.4142752950819044,0.6321880975743343,2.8340507338551264,1.4518829381423486
2018-06-09,2.3541232571087134,1.0750713462977486,1.0252095363038751,1.0938383050922975,1.0141427386159179,1.422595405365288,0.6471418442008623,2.814381667298235,1.4384557143490608
2018-06-10,2.360656841210608,1.0496556706060243,1.0173927478207208,1.0979590198487295,1.0144963873474069,1.374752945232339,0.6240131027970237,2.821787108660441,1.4511485120112262
2018-06-11,2.304085300821048,1.058572313869098,1.0339397476846321,1.1042871911628094,1.015941934159282,1.387569006292609,0.5975152047471325,2.911227286151853,1.4430875240495138
2018-06-12,2.272514568788281,1.0541329681261935,1.053005680350271,1.1117125707853257,1.016553160098246,1.412774912038236,0.5981510093080065,2.8664906541316526,1.4646868452296604
2018-06-13,2.251989416717616,1.083690386325549,1.0697300388113733,1.1138716375430822,1.024091815687097,1.4698259114927554,0.5961741996212354,2.832287940539119,1.4376740675328263
2018-06-14,2.3284900237894726,1.075547237490185,1.084621154077414,1.1115060347167003,1.0304955258815085,1.4515969590792943,0.5820839904480071,2.8239961443784996,1.4303164009961666
2018-06-15,2.3500157423211228,1.0749824582898484,1.09311637197079,1.1106467689494726,1.027857014753834,1.4366395735693476,0.6060069299616937,2.8340991712739,1.402228388037795
2018-06-16,2.3323832564801026,1.077286778416047,1.1176511461352348,1.1141853963414443,1.0241702238799026,1.4994644018979848,0.6057504634074895,2.8876493253786766,1.3863129766806124
2018-06-17,2.2491814397119714,1.0504065699155978,1.074393574259173,1.12135659213366,1.0251515138125527,1.4748078205567312,0.6113551578183675,2.8964278097714553,1.3951983195158888
2018-06-18,2.2906630278166524,1.0453451010334542,1.0633723679691842,1.1242534213731958,1.0285440796112528,1.4777769693581368,0.6381026085435108,2.8779852927475646,1.382922555881507
2018-06-19,2.3057158253535444,1.0330634653937898,1.0700144026353489,1.1215563095703545,1.0270002666971352,1.5283688524103847,0.6330541020585603,2.8440746448845573,1.3993887214186258
2018-06-20,2.2700564792328533,1.0205913127561232,1.07773855139147,1.1248259089615655,1.0321166850403563,1.5081179758451442,0.6407268275848989,2.824758762132088,1.3911931225369252
2018-06-21,2.3117079107616987,1.0109038813198035,1.0816598547765606,1.1254633910061411,1.0277993228792646,1.534645275467285,0.6480347129416828,2.7411618367341894,1.395330824581432
2018-06-22,2.285598091096353,1.0312709212086788,1.0632231810024375,1.1243723320114536,1.029390457165039,1.5364532798844803,0.6580527885817937,2.679276463099934,1.4186595606843386
2018-06-23,2.3042878149688204,1.056923710951064,1.0746962969210456,1.1244456069702606,1.024205630677074,1.521174854133517,0.6791047308158619,2.7354918809847737,1.4101532782407362
2018-06-24,2.2075663379297596,1.0533001376167113,1.0713083870682916,1.1237154843819068,1.0264733825463388,1.5454707948700563,0.6926908939092269,2.7543274853727855,1.3850416818096236
2018-06-25,2.196930292165073,1.0974056232214433,1.0764405979033145,1.125067829563902,1.0280520408789036,1.5573351163856393,0.6598142299479612,2.7449824247276107,1.3847938586312112
2018-06-26,2.2398197121810726,1.0987862825181394,1.0554950696653047,1.126631974767218,1.0248493518024526,1.5235376092654582,0.6489383926126823,2.767868889849099,1.402502065745965
2018-06-27,2.2567167982568965,1.1117260491013254,1.061803281624712,1.1270871132767863,1.0278088323756043,1.4575105997232314,0.6505099702138798,2.7250392311937373,1.4190922987616588
2018-06-28,2.252412495557841,1.112790043847116,1.0429447395472344,1.1306379929622785,1.030490706790102,1.4724137357992606,0.6400624827809717,2.6939612551159104,1.4225491998595259
2018-06-29,2.229623765845692,1.1219461619267723,1.016213073788976,1.1290973475653692,1.0379999068548407,1.4843561080033618,0.6423256626181647,2.774721897912833,1.3896036201861484
2018-06-30,2.2030250974041,1.1142932357859634,1.0269851506497083,1.1321763611314248,1.0345080473124877,1.511316731909414,0.6372729392474162,2.8257062873174306,1.3755319005934936
2018-07-01,2.1996111267201646,1.1049075308495835,1.0403075763177,1.1305139371612187,1.034435844737782,1.525406141069586,0.6443499633578186,2.863865441967237,1.3787110956291675
2018-07-02,2.186471235541358,1.0983945678709637,1.0409401538387406,1.1314734918733729,1.0339303298108016,1.5262384965906668,0.6249259839612072,2.8931064511055897,1.38148385307076
2018-07-03,2.2199855895262335,1.0988370991064647,1.0195376217710599,1.1303699221381698,1.0332068683983873,1.5469530015219346,0.5991756145205217,2.8954721232878864,1.388856490004785
2018-07-04,2.198624181608524,1.1007527064108533,1.012172035321964,1.128008897231228,1.0316222603078433,1.527473064125959,0.6074875980864645,2.86413072764252,1.3765941370709982
2018-07-05,2.257588929637091,1.1202286765205227,0.9898656257281112,1.1255337018151292,1.032725943329592,1.5366800473410513,0.5894999769866515,2.914477799207729,1.3882294468705447
2018-07-06,2.274585243161007,1.1480339988989972,0.995535061213911,1.1271609338780741,1.0392638391055156,1.5674473821845394,0.5796965044287999,2.9427421941296408,1.3792855306524656
2018-07-07,2.292468756261915,1.158342245685635,0.9793062391451554,1.126861631132359,1.0404704536201295,1.5554513571415376,0.5834611687999439,2.9789039834565116,1.379139422050278
2018-07-08,2.30087980613419,1.187650196553931,0.9851608834124346,1.127653220855373,1.0365870875185335,1.574549917174623,0.5874304545407332,3.036861811944803,1.3800617704058669
2018-07-09,2.2388849063852856,1.1517805767200247,0.9941535986110792,1.1258370442365921,1.038501737471468,1.5781023971749748,0.585587806595064,3.0330796456819002,1.3683948730357143
2018-07-10,2.239026705414174,1.1401235416546787,0.9900108827815897,1.1248564996894197,1.0376639022265635,1.6046131322162591,0.5841848456165805,3.080260822416263,1.3897124803189989
2018-07-11,2.268412072006284,1.151548073935236,0.9941906953772109,1.1278891984447021,1.0381385742676565,1.6333714215220294,0.5914767086868118,3.0642508374758157,1.4024401743008987
2018-07-12,2.2722053108764872,1.149808803203731,0.9888077592928428,1.1285637399603143,1.0423802532405866,1.6598335414168333,0.5957754880323762,3.0924255655674915,1.420555449035367
2018-07-13,2.267775659420987,1.1271833714170982,1.0045432091448114,1.126882930757926,1.0396061119545792,1.6065005010613223,0.6027017719260543,3.017830727437778,1.4101817177506413
2018-07-14,2.2884658283874697,1.142281522127037,0.9969885923899854,1.1265420937681254,1.0360814541541348,1.590963806302351,0.6060312804605978,2.9957260221594297,1.4070198782456367
2018-07-15,2.238873400293597,1.1660332227997714,1.0033900558647115,1.1293344718107505,1.0415330052867757,1.5676500903488289,0.6018085213675002,2.9111790980241414,1.4514876568274044
2018-07-16,2.234521523560606,1.1883010784223882,0.9887827699240597,1.1328231726471072,1.0493761274207052,1.5662626361770184,0.5897617410969667,2.905700416124042,1.4194567856770341
2018-07-17,2.233922000284324,1.2063364093196667,0.9886551262432416,1.13197081534892,1.0516955345799923,1.5836049965880472,0.5703007175531941,2.9101529499840897,1.4543184331781247
2018-07-18,2.1898573444560574,1.2049641546178085,1.0119883298702668,1.1358336945871774,1.049640956146889,1.5897975838959555,0.5703906918444931,2.878079930051887,1.4535294347784653
2018-07-19,2.1813180132775143,1.2078915919990223,1.0032036658276617,1.1315972000557528,1.0495726002806876,1.639195977801153,0.5714425256625155,2.8643402450368036,1.4647809998051418
2018-07-20,2.1767922273393565,1.24898961138126,1.0034575264034011,1.1340884013217096,1.0465095092054688,1.6543677308465132,0.5747008163928085,2.8624853215815245,1.457724303654441
2018-07-21,2.1566123784265563,1.2558370070188278,1.0113319278606145,1.1337691686047713,1.0478166746344482,1.6535695576321734,0.5759482162950683,2.8544512563353672,1.4582778391726172
2018-07-22,2.2445387738401057,1.2633838557534125,1.0194666404431245,1.135372398498158,1.046819920902611,1.6924148926217628,0.5727095008537914,2.9001961733276054,1.4536958281506847
2018-07-23,2.212891702356661,1.2721986513636179,1.0062584099816665,1.1373103891190355,1.0419243266150424,1.6830352846507997,0.5564247387568774,3.023635787864889,1.429943026198873
2018-07-24,2.2138813210377526,1.2988887136303797,1.0190747519426873,1.1403288408786738,1.0407064071485805,1.724302638356693,0.566700691686278,3.0338692658480855,1.4336691825716006
2018-07-25,2.2044527553451236,1.278140607621492,1.0345094662496896,1.1449319196237677,1.0371300855985415,1.7198743998963337,0.5651884711051923,3.032989933560662,1.434877692268397
2018-07-26,2.2364237615425675,1.261460985740039,1.024313171396143,1.1492939490613792,1.035314507484105,1.6811176557022511,0.5598177117941578,3.0185808321942855,1.457476481110076
2018-07-27,2.2681192384208813,1.2880215149221856,1.0346993829722038,1.1526714148346606,1.032568513302897,1.6754441546165368,0.5488462328283799,3.009653921344943,1.4677386457552721
2018-07-28,2.2733784382541953,1.31894260273027,1.0208375261959086,1.1545165133185058,1.0275159374811151,1.6786194169134894,0.5570825862750869,3.000572174758496,1.4761212916396462
2018-07-29,2.2413329298381033,1.2799725711517471,1.027967418355827,1.1606724308137482,1.0235248808729753,1.7158839206722587,0.5576778112901084,2.941054706982652,1.4597141252286834
2018-07-30,2.2425360137019035,1.2711659487572615,1.0120802274224052,1.1548898239855279,1.0201606801640672,1.7222130651557754,0.5577179556983198,2.9195303941106885,1.4629530439458298
2018-07-31,2.278193235123579,1.2806924187289597,1.0109105621978927,1.1582207757171812,1.016345890083425,1.715585039115448,0.5555864922422868,2.8659444606777384,1.457103072716738
2018-08-01,2.2079693064715684,1.3252851104166854,0.9998421373679894,1.1638478088137652,1.016602352795889,1.7333714602999455,0.5502661982332446,2.875456373803194,1.466872797863257
2018-08-02,2.2306413672663687,1.3442975459414788,0.9957227952403824,1.1622869969378318,1.0102214394190143,1.7500429268182938,0.5622881798434622,2.9457317373999925,1.4716426667860139
2018-08-03,2.205664437347207,1.3037700257081417,1.0084680478130505,1.1561398589481167,1.008946119396195,1.7433270970054204,0.5616195614185704,2.947902856575578,1.4739700337019987
2018-08-04,2.126413923921788,1.3046354765662116,0.9817891195072793,1.1587951124332396,1.0068066485212257,1.6759881921231028,0.5525864198544916,2.9232845363342075,1.4918153832629042
2018-08-05,2.1333238465793585,1.3132460824510637,0.9960001828215843,1.1585767573516772,1.009944614999686,1.6969539664975664,0.5384792257043917,2.9884584449628666,1.4709254658957054
2018-08-06,2.163319445974148,1.2779101568788918,1.0034849662874483,1.1651641289333885,1.009185222872015,1.6894629302413395,0.545161106712955,2.974290322343428,1.497965175483196
2018-08-07,2.1702050402672324,1.2710566593450359,0.9972799909203826,1.1620195310715153,1.0067520571694228,1.6791367282416416,0.5399533017945983,2.9455211151838205,1.5297046792376552
2018-08-08,2.1373233388750332,1.2749198918948579,1.004670087084472,1.1643323264172802,1.006616721198705,1.6721974500658112,0.544937583631194,2.9578858966218236,1.5260493147607648
2018-08-09,2.0878909430191643,1.2646916851447574,0.9911486322767732,1.1621183733568612,1.006851155140519,1.683329687530101,0.5644512835490961,2.934633672567435,1.5381756938227946
2018-08-10,2.0980994777613153,1.2947002364232674,0.998299516554126,1.158718660806681,1.0000124367162244,1.693097562541152,0.5585984769246525,2.8920676733737385,1.5189857568101144
2018-08-11,2.1037950467159434,1.3303546477834842,0.9937032775473237,1.160886404345851,0.9997033674715954,1.654141287953247,0.566919486566275,2.8451572348159484,1.5196180593998707
2018-08-12,2.0936488508683504,1.352272764528888,0.9813835312182909,1.1623637596717913,0.9964451446238609,1.639254191995217,0.5258155535323354,2.935011507067714,1.5282883455902563
2018-08-13,2.0701786027913434,1.3254385310122059,0.9758408879975203,1.1649798204217319,0.9890033537890629,1.6354043714823259,0.5445413373685718,2.885676326202186,1.5298225184383976
2018-08-14,2.1392183288951823,1.3410505127184282,0.9776082196175505,1.1668669821425512,0.9875164254814723,1.6739890606920302,0.5403012115416154,2.8014500016615242,1.5241422399426556
2018-08-15,2.108839251011529,1.3347992161873627,0.9748621096146864,1.171175369627277,0.9903616290764161,1.68225652233683,0.5403774435976939,2.7575152251017383,1.491202855266212
2018-08-16,2.1130514468918826,1.354425492076083,0.97388724107202,1.1694132625366804,0.992300765723528,1.6800696231569194,0.5587042818267844,2.8090557357217745,1.5058093073801067
2018-08-17,2.137702329821809,1.3235134208396924,0.9819275805324231,1.1708504455606603,0.9948070186894453,1.6953027653092743,0.5638752306127836,2.923420813584522,1.504963258332557
2018-08-18,2.168367799528227,1.3128223221786917,0.9915383921370047,1.1742669399412244,0.9963566338686249,1.7465796470954449,0.5540155785803443,2.902640220121932,1.5084604932468921
2018-08-19,2.19766700814857,1.3175875145622118,1.0071344070274935,1.1720533650153095,0.9919105777542127,1.7566160352880487,0.553271200189538,2.9268568191973086,1.5083488326135757
2018-08-20,2.187117554111453,1.3163372870082906,1.007785203924213,1.1710982072755491,0.9912038135102719,1.7442061050003472,0.5628612172101891,2.935960266062728,1.5426902019490338
2018-08-21,2.1930458855545876,1.3038117658187216,1.0403851450126511,1.1726685084245463,0.9952285957500997,1.76314443970698,0.5699871643793493,2.9601373432828364,1.5259969893914307
2018-08-22,2.205793920303899,1.2732406349163674,1.0385204064980045,1.170233049053964,0.9967511768140138,1.7741010996277036,0.5755861014508257,2.973485930455369,1.5170420523427843
2018-08-23,2.19781985983014,1.2948438754394784,1.0521398540269786,1.1663240619125415,0.990747036254399,1.7512435652747078,0.5877333578180916,3.0282672362047225,1.5033171926645574
2018-08-24,2.2086103647993887,1.338117252169007,1.057699085067659,1.171414494775698,0.9948040525153778,1.7229021806945088,0.5856177360905552,3.030451577370802,1.5051833112285191
2018-08-25,2.2396301522707813,1.3484961254296624,1.0207489901714726,1.1669179958494973,0.9861994713261776,1.7286852299304234,0.5885515362945543,3.0439321605248657,1.4910507196384717
2018-08-26,2.2629495399290525,1.3664213135028453,1.005680909154152,1.1619024485694618,0.9862975717977607,1.7847846629060475,0.6086769706463437,3.0702654167391876,1.4804643091574679
2018-08-27,2.2937316276152186,1.3558402431809897,0.9967202073338065,1.1545453978803788,0.9868001188094427,1.7649064233193266,0.6099726050662667,2.9649848935904894,1.4832746252943305
2018-08-28,2.2107746545380067,1.3829338964743065,1.0032613778651203,1.153695659031968,0.9891199669204654,1.7341876327281425,0.6109775412233326,3.000925285837,1.4376744729544064
2018-08-29,2.196607202745362,1.3829233940007044,1.0011991506136109,1.1588541847529297,0.984772186743135,1.7151447500518133,0.5876886777915797,3.0695093319041824,1.4344211573393075
2018-08-30,2.1828210030880504,1.3821701318336517,1.0091434956109677,1.160177700772789,0.9953009148707184,1.7295019626072288,0.582337826104799,3.0442768876052075,1.4290742240599645
2018-08-31,2.1343022316545492,1.3837147839910189,1.0189338195804436,1.15815888622714,0.9921861005275336,1.7770408049027242,0.5658403916619823,2.950460567613601,1.4128842143994256
2018-09-01,2.0856262875359644,1.3938879507721704,1.0148290915537224,1.1575114046056125,0.9968610201984565,1.7552826684172205,0.574725097666619,3.0179371345868904,1.4067288077369324
2018-09-02,2.109309289053171,1.388378298610489,1.0263871602563643,1.152170105775571,0.9903993182387775,1.7432715870545126,0.5646222947320491,2.9951497878768913,1.4039220098225555
2018-09-03,2.1327230503040795,1.3787458821212941,1.016547868351775,1.1510703131727031,0.9874513143276131,1.7143121868017501,0.5465203140965313,2.9988702783103913,1.3962186096384872
2018-09-04,2.1642749413219393,1.3433767352430979,1.0102401861240509,1.1574457712507304,0.9838387848485939,1.7073561961793702,0.5333399494516287,2.93881366450803,1.4181016972552654
2018-09-05,2.170476871122701,1.3471465446802846,0.9899790162308194,1.1588071869357712,0.9884920351306934,1.7430238694976954,0.5405755936594189,2.8896112125014,1.4228257260884338
2018-09-06,2.192862679927395,1.3041725907431847,0.9769554907329506,1.1620106769171625,0.9920547414248069,1.6947865648245728,0.549279092724479,2.8943199813056575,1.4342226875628563
2018-09-07,2.172649266784727,1.3198400111574664,0.9871411752338368,1.1609021131463337,0.9922243928893637,1.6753416187332504,0.5675331634078757,2.8896772631442045,1.4212856500438293
2018-09-08,2.14997248186088,1.3233796515711946,0.9963610482054001,1.1563659107356499,0.9996567886273948,1.6849851452595066,0.5729412547191539,2.8860425023718044,1.4218436321131462
2018-09-09,2.14583540361442,1.348153751979544,0.9965651596913917,1.1591425195001854,0.9980219598184632,1.6912558672008642,0.5638438603556419,2.939283993639377,1.410273418789485
2018-09-10,2.136018868281361,1.3410499423683697,0.9926313017851379,1.1617708604516963,0.9968576364026283,1.7340288131071349,0.5547267860843421,2.9473395777323907,1.3996147698792742
2018-09-11,2.1501477610396473,1.3412013534973433,0.9910820579042352,1.1660292442911218,0.9943481794023515,1.7526822341571624,0.5463064782218433,2.952910868901798,1.383161243954402
2018-09-12,2.129425158986232,1.339754767488493,1.0129609772951036,1.1664984679982322,1.001028879929879,1.7599835915481126,0.5421864069100023,3.021685190176115,1.3894825345809636
2018-09-13,2.109534573550364,1.3516387758066488,1.0097082208224781,1.1596545018171422,1.0048767274709285,1.7950227757580488,0.562224987898392,3.0414233073566406,1.3863044625508412
2018-09-14,2.1365890199064914,1.3728551341652053,1.0298613650323045,1.1596152093953407,1.0043116693193088,1.772262246763604,0.5683809252000701,2.9713978051634498,1.3973406573266387
2018-09-15,2.1560694276158707,1.3878621755821283,1.0318785574107627,1.1650641655908078,1.0079151133378343,1.753250499444321,0.5617970387175972,2.9327841721478825,1.4053234316040426
2018-09-16,2.1243707141723425,1.4154821020456003,1.0485698944448885,1.1621083409395905,1.0072678361600729,1.754125682933958,0.5718417805619024,3.0041685806754073,1.3819178767554776
2018-09-17,2.114869018414674,1.409270541201021,1.0312600625105357,1.1605333005745646,1.009092074539499,1.7456774272968156,0.5542905705310134,3.1342828484859053,1.3858726198340512
2018-09-18,2.1190467559497193,1.3819832943796908,1.0347957107639854,1.1600776272102415,1.0015702077135393,1.7123967890469287,0.5632138285624484,3.2263062227188564,1.3912382391760123
2018-09-19,2.1547447456126534,1.3786615654769296,1.03403145832695,1.1639904960580534,1.00833191751393,1.7528431568070801,0.5513146627216586,3.2237110356960437,1.3953775163574345
2018-09-20,2.1469980731250486,1.3888380672868934,1.04452369461132,1.1676086781695496,1.0152324174387577,1.7427994708906596,0.5363846959699121,3.2416784501145703,1.4219428674405197
2018-09-21,2.1322811787632583,1.4065641486204545,1.0535577273076693,1.168396027224905,1.015362061485643,1.7141796960243856,0.5120150005686783,3.1882628486715316,1.4166773540043895
2018-09-22,2.168021069239976,1.4045157620459403,1.04731191194381,1.1653897952755465,1.018131180571916,1.7564349609071928,0.5230073044035264,3.217888969768366,1.396056017864381
2018-09-23,2.1572349180408334,1.4543079190442956,1.0617264908949215,1.160130962572872,1.0180065999099193,1.7682659059641503,0.5151396169988935,3.1070711153207755,1.397714868095503
2018-09-24,2.1323913942115382,1.4343705917402036,1.0575261264349265,1.1597817309665053,1.0180714151925703,1.7404832335546947,0.5129738718671892,3.0257859386703183,1.4023418503313572
2018-09-25,2.0416706549662016,1.4274700909333589,1.0695081447437043,1.1562118972116893,1.0210907307793864,1.7770389315439137,0.4791391417139252,3.019521219678915,1.3622941444050836
2018-09-26,2.038663015445321,1.4278568185642833,1.0379677850357336,1.163004081444749,1.022361032212593,1.750236880863372,0.4932773823658056,2.9387967405918687,1.345821678219621
2018-09-27,1.9689573903734456,1.4747173852512896,1.0424187532959819,1.1654210427716107,1.0236941960446386,1.7686630591784462,0.4941463172489131,2.951327241323568,1.3475389929264627
2018-09-28,1.9515737075911124,1.4740696218721743,1.0461538802895864,1.1659240936864457,1.0177454185451082,1.7261978835448888,0.5049467886470492,2.9383269084137353,1.355687902777882
2018-09-29,1.9201888921831247,1.4355718971846068,1.035877344018483,1.165262204160538,1.0151394191178171,1.7667476586841895,0.5068607722967519,3.0204063652193027,1.361441552781031
2018-09-30,1.8512766496148256,1.4634345516882932,1.0174235833175729,1.1661846268885179,1.012095283762542,1.835242342876701,0.5215556587970921,2.9874014496716406,1.3599799408771336
2018-10-01,1.8586243130329472,1.4867638252342368,1.0180847285097474,1.1627155953237036,1.0092915424326885,1.8354613380605855,0.5345367303851772,3.007170781633422,1.3497336490035952
2018-10-02,1.8772581214552588,1.477002139695884,1.029268283434983,1.1716464501520443,1.0079438299013512,1.862312105351415,0.5266748354400871,3.002708270981742,1.3504026078667235
2018-10-03,1.872367385534523,1.5430747173433395,1.0257902655877662,1.17382636236361,1.0002629476799088,1.877165791502287,0.5388099986969894,2.979545499071287,1.3167745831324393
2018-10-04,1.871843541080001,1.544169234601654,1.0350109923307442,1.1810250979852221,0.9988423596353728,1.8486081187393018,0.526342821116,2.9889941719486828,1.323349953092351
2018-10-05,1.8570843712584288,1.566430425205863,1.041101627250406,1.1812963736265174,0.9953367636751853,1.832943831219805,0.5008704045201476,3.000163463193705,1.3239632105152523
2018-10-06,1.862891817399749,1.581276649075769,1.046234110266814,1.1810233175108604,0.995630061721857,1.786977823950898,0.4951232106823872,3.003034817054494,1.3144855725290148
2018-10-07,1.8874862031353818,1.5631625281963648,1.0492636536936935,1.181554420118771,0.9987016903543809,1.816309708851675,0.5020948684177382,2.9087692748026113,1.3304453747637757
2018-10-08,1.93129404701286,1.5502222981343168,1.052558092840519,1.1785148772330618,0.9910181648909222,1.792521728033577,0.49677126659248644,2.893868345090111,1.3179536356802855
2018-10-09,1.9106265403479104,1.5505352666398122,1.0431453565356104,1.18055438325693,0.9938194190587164,1.8696843739897886,0.5080547297589793,2.9049997424354967,1.310042430558663
2018-10-10,1.9196183506039937,1.5602706547147311,1.0370327781596285,1.183448151302454,0.9883609731736691,1.8618332009014038,0.513804471091586,2.89304926426373,1.307595868632803
2018-10-11,1.9162267920951976,1.5374270092686275,1.0519523729253313,1.1799521117152043,0.9897176343208388,1.876068148570678,0.5041591085014729,2.8968002872568444,1.2959630750959652
2018-10-12,1.9567849530274952,1.5065276584623082,1.0440135354380933,1.1757365262749047,0.9844416525959678,1.9301774720457643,0.5097328362375119,2.90347567785234,1.2877132727064218
2018-10-13,1.9840120055390986,1.484779419296311,1.0542695814851588,1.1727765697950563,0.9820021758526463,1.956908659964584,0.5186412060478801,2.930077594964075,1.274454022452199
2018-10-14,1.9713125371688962,1.4895666114572406,1.0438414093482893,1.1777173464614592,0.9726655075692633,1.9298694438698916,0.5134592905768895,2.805668976280751,1.256914614943745
2018-10-15,1.990393546761563,1.490974408991714,1.0638598160392436,1.183294638164694,0.9744476112226037,1.9411365784158254,0.5142390412397623,2.6944908913703265,1.2396375755296498
2018-10-16,1.993996422900868,1.5081034129617383,1.0678769908606962,1.1802448205953673,0.9781988692345159,1.993322079665564,0.5239889065029439,2.735026785243916,1.2329531299212475
2018-10-17,2.026775753706874,1.5126633981528195,1.074752694499429,1.1816567421967503,0.9778213349247659,1.9628640294813873,0.5232329302738549,2.7760560824179565,1.2277565307877811
2018-10-18,2.054543005005405,1.5333373803673962,1.0712197150325744,1.186698162888987,0.9765284725756513,2.016591236561182,0.5278805675131621,2.7759506234430495,1.2171020426664192
2018-10-19,2.052439351330245,1.5283269379039066,1.0553661382042643,1.1860421012382099,0.9734863786560622,2.038265260396847,0.5417773452038401,2.7254179535198806,1.2381859954136412
2018-10-20,2.0490974351112503,1.502115542621658,1.0652792528788553,1.184572164025843,0.9732654491309147,2.023840440036116,0.5330358985038202,2.7555609547666333,1.2348886887374153
2018-10-21,2.0055545718042467,1.5176159964337745,1.0501874542605287,1.1805922615469535,0.978005665330722,1.9806635888992168,0.5084475403705829,2.781857058780404,1.2313832913552907
2018-10-22,1.9996084498266606,1.5096318079313544,1.053422072858648,1.1780443572367836,0.9838780607372721,1.9284292343159002,0.5130731410217981,2.8092077629005385,1.2222753431581732
2018-10-23,1.9695023116542667,1.5378757145170663,1.041212564407579,1.1760181305760866,0.9874684638283847,1.9300208483498345,0.4947344327216445,2.88338738612001,1.2160416074061517
2018-10-24,1.9581946911451686,1.5455714238194285,1.0493349819540247,1.1830546149966723,0.9810101508933913,1.9591007422129225,0.5021852291980398,2.8780315699897434,1.225858391420762
2018-10-25,1.9862245058736734,1.5077430529823153,1.0716828769070776,1.177640617826399,0.9766532247230015,1.9502609306987801,0.521619200100028,2.865299591622408,1.2257120988281511
2018-10-26,2.0294868174866245,1.5001957035270306,1.0568494564089521,1.1762843238207354,0.9821060431051153,1.9531386771169126,0.5418648922751569,2.8975887211836757,1.2180537401002167
2018-10-27,2.0316505438308377,1.4777558870182999,1.0486893142248315,1.1922079820217792,0.9862058428572625,1.9838024930204334,0.5352196745651638,2.9663883752389975,1.231688823705121
2018-10-28,2.089601992731098,1.5271071034118093,1.0303906594445515,1.1883577243263697,0.9823446978071515,1.950492601091926,0.5387890798828124,2.9417612653439096,1.2574631260567093
2018-10-29,2.1499292164856065,1.5275403304212598,1.0548767750738386,1.1937818689361575,0.9806719354822335,1.8803414256867443,0.5365480579872584,2.9139047513571272,1.2603113507713624
2018-10-30,2.153451712763887,1.5298840628323798,1.0618223125600579,1.189558786974704,0.982383640594121,1.865838181621341,0.5388013688182335,2.9563345487626713,1.245132163720793
2018-10-31,2.1450114638057527,1.5272318310177784,1.0555881120297737,1.1928889431051133,0.9796510880039402,1.8475581783730546,0.5312590210803007,3.0053530328024203,1.2392496101215433
2018-11-01,2.160457006804638,1.5821551986976354,1.0549570592423876,1.1969879266672443,0.9862984285004273,1.882088021023881,0.5311867558709328,3.0349005109223675,1.2235436258473495
2018-11-02,2.135826398307153,1.5655676410985517,1.0836385412385834,1.19418966390103,0.9831325022657166,1.8470989175352877,0.5372402850964748,3.042000117086741,1.2370853047642514
2018-11-03,2.1579725579505475,1.5272941819846118,1.0734660651401344,1.199200467304474,0.9824313390683551,1.8869531294264217,0.5357394404508634,2.9984543525878573,1.2335811273095756
2018-11-04,2.1272845763150445,1.5123573216721997,1.0763763480910216,1.201160938541542,0.9762805670379435,1.8867406129621254,0.5295611246203845,2.9698904103653003,1.2354646159555056
2018-11-05,2.1103582450063065,1.5505874218900872,1.0920448814394323,1.2055397525836353,0.9744455102695028,1.8544302195328395,0.5305358340784946,2.963786615878658,1.2281899141332147
2018-11-06,2.073773039227885,1.5500488665221124,1.087077351205133,1.2081497957090612,0.9771353932435625,1.8915455212237178,0.51727991292595,2.9822091418697734,1.2195008916833014
2018-11-07,2.0364322398335943,1.5387105066604398,1.1013446541587881,1.2069211616602173,0.9833517514019433,1.910611946887074,0.5133062671354949,3.034698189143593,1.2251764094691004
2018-11-08,2.008556759442659,1.5908088554762694,1.1051043649311203,1.2071099103419813,0.9800849283797504,1.951559587582684,0.518719342762917,3.0639483482756513,1.219203290459455
2018-11-09,2.034289401596966,1.6175545595239893,1.096567059230424,1.2020992328116182,0.9824621167654848,1.8966812536664537,0.5204001571188617,3.044006099443995,1.23430513746717
2018-11-10,2.0229123159653977,1.6504409213488427,1.090129647689389,1.2058257079949015,0.9906571930348325,1.8605971801805026,0.5235437458597472,3.170124557265003,1.2353739078061052
2018-11-11,2.0253940734526337,1.6745257744420574,1.0909940881985243,1.19977043958487,0.9952430932840028,1.793889056540616,0.5192842813633184,3.2281739324535894,1.2312163504539553
2018-11-12,2.0049265602054853,1.7016978860431178,1.080178652015208,1.1954912457622282,0.9964354501935814,1.788341240494168,0.5064717402325424,3.2596624710274034,1.2371814410697453
2018-11-13,1.9947088023541502,1.6934549021362637,1.0866000039865868,1.1998799948566246,0.9954079530200929,1.8097734245132888,0.5122981933311219,3.3033080782597715,1.2379152034694465
2018-11-14,1.9680098589920498,1.6800342978491518,1.0913965189152046,1.2065457999430487,0.9935803058860054,1.8363520718963933,0.5090393984299416,3.3094424248811327,1.2569221132621562
2018-11-15,1.991162291980596,1.6431686552304914,1.0842263708930326,1.2112135202838465,0.9942435328325674,1.7987451934999552,0.5008036251109845,3.3450268830114505,1.2696724604059852
2018-11-16,1.992292932713539,1.7170383675846213,1.0952744515174095,1.2104499189454574,0.9910989153337899,1.7675407103092708,0.5042633901007283,3.321171303062539,1.2911774584001594
2018-11-17,2.0367104602249686,1.737291174854822,1.0801071412127468,1.2081299020979681,0.9961760277604075,1.7499798546980672,0.5156813426771438,3.345479151265711,1.2921034635625088
2018-11-18,2.015849469234612,1.735038969367245,1.0828892546796318,1.2119930384425284,0.9927462510740422,1.7420512154308778,0.5162467680028359,3.3794028965404754,1.2806235850848593
2018-11-19,1.976644126302352,1.756781389394816,1.0634888720273208,1.2167863971528676,0.9922263455042666,1.6938738144236853,0.5113897096454311,3.3992969496759007,1.2740578140366436
2018-11-20,1.9778309948207171,1.7808869081427399,1.0612275926283345,1.213487478690368,0.991138928942511,1.7373506810439618,0.5287264789132363,3.2969818758410487,1.2882129519298258
2018-11-21,1.9858455927100382,1.8112184187247202,1.0545356409315554,1.2071715305548216,0.9935552812032411,1.7082716164369154,0.5141516848290013,3.2324400902697352,1.2962116436952176
2018-11-22,1.9905953123637006,1.8374528097674323,1.0633187660518162,1.2057678306616157,0.9933745591653166,1.6928871349082055,0.5120917075902647,3.186187683399489,1.3015323889079569
2018-11-23,2.02329444580463,1.8111790085808686,1.0799865383815654,1.206299049150307,0.9944318235088776,1.6414407496675048,0.49368444508840187,3.1937126476371436,1.3120713147734349
2018-11-24,2.0035254292986413,1.8663505824560118,1.089835185848284,1.203132485490504,0.9946539742761518,1.7149522212718187,0.4815144915732396,3.2196585259458663,1.3080990903401126
2018-11-25,2.025370757348413,1.9096703070318688,1.0851109191717514,1.2072913978465676,1.0035907548087324,1.7173410558604816,0.48916950001756127,3.1917871927532904,1.3086126410044236
2018-11-26,2.0206108800807714,1.9378281028837507,1.1011229365909423,1.2070149709181373,1.0098476327215773,1.7649815632701988,0.497552434360351,3.1677198470657864,1.3008678942954583
2018-11-27,1.9965944642838738,1.9717110064587067,1.0854416042667407,1.2095865319594084,1.005581594622396,1.7914983465072811,0.4978232977533483,3.2317222911534342,1.3159768840116643
2018-11-28,2.040172097485489,2.0243453130765383,1.0876380713424165,1.2055025091531788,1.0014485615337738,1.7245621037623309,0.4871333804357029,3.235704919843107,1.3088751597384027
2018-11-29,2.0352715346065247,2.043108721902979,1.0839958073536808,1.201565957102881,1.001335463270701,1.6970159685896538,0.48459262427879496,3.3015245112776084,1.3055963580392609
2018-11-30,2.089947808526783,2.096575748878797,1.0767854317877579,1.197680848223032,1.0012250994327354,1.7325852531504133,0.4799386848507115,3.3471560518523513,1.3216348257981196
2018-12-01,2.066309694693558,2.071901317477587,1.0863170765450858,1.1983462110140202,0.9985776138621559,1.721948482485565,0.4793577713598365,3.269258303681358,1.3320181586998772
2018-12-02,2.0520926929402794,1.9689135423962998,1.0863317943819506,1.1958000683102457,1.0054231517636503,1.7041469612057285,0.4689303653838493,3.29482060182686,1.3234872834611007
2018-12-03,2.028715575122311,1.9877580629184854,1.07309418130936,1.190691824497012,1.0124651274836405,1.7222637088266541,0.4665462363259218,3.295307714214783,1.3304470313690222
2018-12-04,2.0589435624530563,1.9615046384914385,1.0781310260419978,1.1890009081193056,1.0118010263171189,1.7275897604586572,0.4665772283107519,3.3323255648720886,1.337193549441247
2018-12-05,2.0129827162508906,1.9143484630064518,1.0736712290055979,1.1956425195030773,1.0084556404592369,1.7214602568323538,0.4616656069029569,3.305298186007505,1.3398443985091741
2018-12-06,2.0558827177602486,1.9308260856904909,1.0636405934755058,1.2056377185622285,1.0088734364547518,1.7039186160389141,0.4747962666207573,3.2827029717057195,1.3623928228472695
2018-12-07,2.029650390566213,1.981298935733438,1.0665257951369898,1.210427906139225,1.0166488874218753,1.669521728116472,0.4870058598252018,3.2139843167914846,1.3483985369139577
2018-12-08,2.0057996808255982,2.0000528404703317,1.067268300288332,1.2099420303886583,1.0173452320454972,1.6876247071669168,0.4936120760406995,3.267376639399149,1.3732095394080215
2018-12-09,2.005758691132474,1.9820931633472616,1.0754461727195501,1.2059095786046776,1.0146850609176086,1.718320671694428,0.49248537316012114,3.208815817511969,1.3530260635039155
2018-12-10,2.0078261272862723,2.023626216357736,1.0903330894175827,1.2064313051440951,1.0229401709288746,1.7154222657997855,0.4912190196804174,3.0858811463111904,1.3472437314160053
2018-12-11,2.034088945843408,2.0814033837717845,1.0797974018275929,1.2082249753174144,1.027326043411034,1.7161114311328587,0.46888544772431384,3.097944935750815,1.3577715065140306
2018-12-12,2.005792035960221,2.0727139793151617,1.0651489215587886,1.1990298484396094,1.031649049531085,1.716338861188353,0.4839617559368178,3.1384035788788034,1.3532337015981486
2018-12-13,2.0038911269872592,2.094666493174075,1.0778269641788218,1.2003104265768767,1.036314550906062,1.7075168154908178,0.4744069614515358,3.135980295694768,1.3562809794304975
2018-12-14,1.9683761025811677,2.045104594485085,1.0839367724329934,1.1989671945227016,1.0357307289864608,1.6968030559022442,0.48892951591154515,3.1959603638069822,1.339770242880101
2018-12-15,1.953235553988267,2.077212893730497,1.092091483329397,1.1989379710317982,1.0311213121010285,1.6762959678638227,0.48397404348194356,3.209878499428582,1.3628642263671786
2018-12-16,1.933696941215664,2.0396804932664026,1.0909960743758134,1.2027688379486972,1.025256776779667,1.7204922062428905,0.48240566401206336,3.175164305321577,1.3413283918690104
2018-12-17,1.9547700061750606,2.0342119436007304,1.0935582413368412,1.1996387099596517,1.0240506809711074,1.705767438327108,0.4815316114689656,3.1439102584738388,1.321018252739038
2018-12-18,2.035360279136345,1.985103470708152,1.0962675407193239,1.193381294296338,1.0159727748896035,1.709112238214106,0.48330718790178,3.2040296347991037,1.3265605430876455
2018-12-19,2.031397105425225,1.9519665267714177,1.1163162402641513,1.196826053532428,1.0110094248953534,1.7106219775666232,0.4847962789179613,3.188058172338945,1.3370649191926063
2018-12-20,2.057350228902753,1.9460545226751296,1.1128886683305346,1.2023277137616315,1.0148829614861916,1.7131921648812227,0.4690965485792345,3.205146169226282,1.346666161292543
2018-12-21,1.9729621984308794,1.9556556747066132,1.1076577534475645,1.2016513288678996,1.0113009079081938,1.7089650221519,0.48224993676971095,3.1843256118837235,1.3599385469034575
2018-12-22,1.9496911718764462,1.9831475223464539,1.1080120602294177,1.2030405273107139,1.0114309743765284,1.729044086588628,0.4575820315415768,3.1171446853554436,1.3658825730768744
2018-12-23,1.890512048908273,1.965000837236658,1.107621940160707,1.200171972919922,1.008734250980495,1.737842292155515,0.46691025267369296,3.072953733368105,1.3583011299047163
2018-12-24,1.8703423373083778,1.8801425992568312,1.1098377838003766,1.2036574562406166,1.0129372157025778,1.7109512771737632,0.4553150216821136,3.074564216836779,1.369836823985332
2018-12-25,1.8752477902509617,1.8906854677577716,1.1253777004112788,1.2011088202941465,1.0121472458756184,1.7616346144136137,0.4536138634708405,3.0167314963866163,1.3609417050601018
2018-12-26,1.8494205691951278,1.9035968199322941,1.1136159683783329,1.2022055560713163,1.009268435065283,1.694655832947081,0.45648632596732414,3.0240529686487734,1.3682602754463036
2018-12-27,1.8313058492769416,1.877647367743049,1.119315012021403,1.2078042979365569,1.0094144479866984,1.707946225086447,0.453641615621721,2.954637472309969,1.3817708799366588
2018-12-28,1.856809005675799,1.9024209202838924,1.1172069553989437,1.2100884591364707,1.0131240937168644,1.7580964047116954,0.46270107552877565,2.9580569285496274,1.3639701715933688
2018-12-29,1.8617014643113776,1.9119680163516484,1.12704771344441,1.2151244547240427,1.0128398090210593,1.8249353084382411,0.4465131358171496,2.9772550969043285,1.353351385664207
2018-12-30,1.8089998049068583,1.9057886527861296,1.1076781898642556,1.214657502209792,1.0130819557163606,1.8620430783131827,0.43313930712361765,3.0184206429188642,1.354949429074267
2018-12-31,1.8374603236207052,1.8917400914236189,1.0903021140533438,1.2103424338884425,1.0079484366256521,1.878430276579833,0.4460201946125961,2.9934454067928784,1.3637448840919304
2019-01-01,1.7960225966604024,1.8986369643154655,1.0993764274951927,1.205205287536583,1.0072272153740665,1.9030123704149389,0.41993897955099835,3.054008183377315,1.3688409174635514
2019-01-02,1.8158702892036744,1.8852915456726251,1.0769791945752536,1.2072567745618286,1.0069951892016593,1.9044930628504677,0.42915753869724826,3.0895292246194797,1.3954133695337865
2019-01-03,1.8206057401366313,1.8625891969167296,1.0748672360452882,1.208882937506588,1.0111877392307598,1.8545827537603772,0.42931664984332046,3.1647380202793407,1.3923405455069178
2019-01-04,1.8465770047653214,1.8798667894175474,1.0875187751942628,1.2060671086937198,1.0080312088289778,1.8556303965384189,0.41624634668299,3.1525660925830397,1.3961399178487326
2019-01-05,1.8965629839719338,1.8942457540243631,1.096004403237147,1.210401023458575,1.004242392128101,1.850487539305459,0.43652097856307237,3.1494550352696677,1.412006081171188
2019-01-06,1.9245487966285986,1.8446050610319797,1.1004166444146668,1.2110549334325622,1.005668250776932,1.8257390733657344,0.4268571067924633,3.1275973449056558,1.4109076110815122
2019-01-07,1.959334567157379,1.905682876296005,1.1191888435944433,1.2143012335554546,1.0017286851429228,1.8126665421551014,0.4287346467612893,3.098552644530111,1.4193336310868379
2019-01-08,1.981097467583416,1.9248411276477804,1.133292430798763,1.2111273249987844,1.0055666230962925,1.790331557276097,0.42075215682501466,3.123904202880722,1.4368748001928389
2019-01-09,1.9961938310537821,1.9263318640292426,1.137850358330052,1.2117441288362942,1.0011383051970058,1.7506449865219182,0.420172984080338,3.1282709602946253,1.4373250072419061
2019-01-10,2.0170371372581,1.9196309628173869,1.1458787462039048,1.2113396967499321,1.0085401570316013,1.7535385349778911,0.4399271867689354,3.145414429058134,1.434541236835723
2019-01-11,1.9904289488320666,1.8705421707146954,1.132589638126437,1.208264324600201,1.0102337784288473,1.737281520114237,0.4416598580535153,3.2065288105253447,1.4335684980695025
2019-01-12,2.0531022827435126,1.8317011151597318,1.1308828226191339,1.206430253336476,1.0141191642353322,1.6675883014681112,0.42900086814966343,3.202006956103839,1.4560952740635773
2019-01-13,2.06067335920335,1.787872437980788,1.1149758258400773,1.2126059325349072,1.0117009573396247,1.6396172747334223,0.441762550545116,3.2512104521728395,1.474938015372749
2019-01-14,2.0319256713192426,1.7395070888255655,1.1170920475852462,1.2139463209394985,1.0132775994107825,1.6835710046782977,0.42653263562056043,3.293786437310182,1.4590584633135966
2019-01-15,2.058617107515315,1.7253314616818927,1.106515798157746,1.2118465481298963,1.0075197094350172,1.6851328887145967,0.42002653379183896,3.3332936713269494,1.4686890674265234
2019-01-16,2.111363727486744,1.7373982482539445,1.1137614109974765,1.217057851156712,1.0050909312574647,1.640327483788441,0.4217914353803581,3.262829502967961,1.5050235342506153
2019-01-17,2.1580934310947057,1.8057676039865869,1.114930151814866,1.21918979668639,1.0033441819914255,1.6667246941302039,0.4116216793438769,3.1390168765573265,1.4934241580463437
2019-01-18,2.1116251429210995,1.8545281710101869,1.1395568733480848,1.2141804052343765,1.0086286577680004,1.6956005822902869,0.39878092137656873,3.1212688344431374,1.4850585376955245
2019-01-19,2.1359509188219334,1.8142514756788297,1.1385466886482143,1.2118032785729906,1.0106392225636336,1.689323033893758,0.39459176206124,3.111906748899818,1.5155919773232935
2019-01-20,2.123234546685194,1.7809815617068083,1.1468594489533135,1.2114026879059594,1.0050191228073437,1.7575158253644632,0.3918889746490818,3.0948907126898164,1.5183175474892037
2019-01-21,2.1789731724619537,1.7278452361434078,1.1510017105382238,1.2191094094963142,1.005637123862813,1.7187871862012822,0.3871204942713522,3.1051138731317853,1.538827040372535
2019-01-22,2.1685358088921327,1.7542462489004391,1.1315216673491746,1.2139511684901558,1.0037955983913267,1.7636209197683355,0.3877311740600331,3.1192333473655536,1.5434139697910536
2019-01-23,2.205266728081025,1.7356793549040521,1.1412068380121978,1.2110466106650095,1.0118591794008582,1.738565087032675,0.38096612348563136,3.145575420219109,1.5449541183820155
2019-01-24,2.2167402591472567,1.7434754161605899,1.126616843662871,1.2170292739146196,1.0155769208516423,1.781440012975441,0.37701679329548615,3.165857628666131,1.548312361391374
2019-01-25,2.2549126137338718,1.7805843600278957,1.1295647601515129,1.211608803950536,1.0229080127015096,1.7996245496776049,0.37250437700879563,3.185796618138952,1.5252255756607742
2019-01-26,2.29128502167474,1.7341434945731562,1.1269102672591857,1.2126185143208519,1.0272608533639758,1.8034358020638181,0.3773094068773726,3.1850877668373494,1.5250397124203345
2019-01-27,2.2949101983324973,1.7289357878271994,1.104440980458776,1.2099447262919514,1.028369369897962,1.7957095619629537,0.3762091041110648,3.1702761371373485,1.5121745019178348
2019-01-28,2.2786243866651956,1.720078499235462,1.1048404762951058,1.2114936189245662,1.0277295172794594,1.762787391688245,0.3657649220976547,3.2944290903085913,1.4953921620117223
2019-01-29,2.2615817003499656,1.7367735905153006,1.1099562493309785,1.2135078446750238,1.0260123166305406,1.7707094380305424,0.3662868222935191,3.279663556268266,1.4993610784873865
2019-01-30,2.298062105975739,1.7367742782397186,1.1100821562816259,1.217517860845086,1.0300603881417816,1.8215480216127304,0.3534943998219113,3.3248467849663186,1.508680807759791
2019-01-31,2.268222261392382,1.7453341135955474,1.1244171588836989,1.2146110652383555,1.0319868582902605,1.8504821573718035,0.34599311035278374,3.3184155824172175,1.5135231960571733
2019-02-01,2.2418156800127744,1.7184127579908024,1.1229323264207745,1.2176535677563367,1.034747357093949,1.8221597338644169,0.35057522087572174,3.2774693318458015,1.489455607307847
2019-02-02,2.230142201500935,1.7538351712033837,1.132108397824977,1.2177695913625448,1.0331260922383287,1.8097404061472955,0.35140808176789873,3.2255982593193586,1.4845685940567575
2019-02-03,2.2235999858643867,1.7118845909972227,1.1210574586725308,1.2193910763848408,1.0332687125676656,1.8000443378193776,0.3450727040343353,3.302537639760652,1.472425131529716
2019-02-04,2.2326586923002076,1.6975361844962684,1.1218818299694233,1.2211870311998458,1.0277086663916495,1.8001899750960715,0.3533594776686347,3.390459541875109,1.4708052581393132
2019-02-05,2.2347243885518733,1.7657839199464778,1.1374974056774212,1.2190476901713632,1.0252668986309739,1.8315454866233645,0.34628495852063734,3.4464560369289288,1.4760163206357486
2019-02-06,2.252749254135904,1.7583301779204044,1.1292415659287853,1.2245163118909317,1.0243575390551982,1.8183641625943956,0.34579921028780697,3.4571239625548142,1.4610963767922824
2019-02-07,2.234337371353286,1.7394728299550808,1.1410346462564398,1.2213841366733988,1.0172658386414026,1.7543437387897034,0.3356992443419897,3.5284204825523258,1.4616253901055034
2019-02-08,2.2518070660698424,1.7569663239358373,1.1421462502196937,1.2212322650187168,1.0216178094437152,1.7593048938643998,0.34515990352184833,3.561984403075975,1.4528878479912002
2019-02-09,2.2356908595736527,1.7346627494632154,1.1591763089875606,1.2198704043670776,1.0184570351063922,1.7697833221518586,0.3445581717213321,3.5784355266680405,1.4806353021201202
2019-02-10,2.2669817276559057,1.7361999902060186,1.1399327296403088,1.2181627230465994,1.0214555604315918,1.7328324785884097,0.3593808595759417,3.579925044871986,1.4816546957349224
2019-02-11,2.244992735105222,1.7524183197941823,1.1244341795363533,1.2261961136732338,1.0269401692483493,1.7638802203624653,0.3494588643222556,3.5916714915528716,1.499865512065736
2019-02-12,2.2656389926164002,1.72150922876103,1.115999658129748,1.2246562462764468,1.0245640850577518,1.8127714858996646,0.3361024546982939,3.6277275169713303,1.4807826725363358
2019-02-13,2.23365095153899,1.659921890761092,1.108981523337572,1.2303290927615895,1.0257518590969856,1.7740316386372703,0.34300699179222455,3.6954556078554086,1.4826195313334534
2019-02-14,2.3024948377232124,1.6851330404697071,1.1183988060039436,1.22748686508307,1.0284286549349781,1.781309147503115,0.3466416928396338,3.658246862497285,1.4848152743186467
2019-02-15,2.2749732953638326,1.6206794352955893,1.132132357296061,1.2220771255457699,1.0289724323276852,1.7923426446404762,0.34897502831095345,3.6434449148773425,1.4891392267841723
2019-02-16,2.291727349953797,1.6427682695956984,1.1560218173607484,1.2230579432047721,1.0293389475543004,1.7634480713183054,0.3520875109311122,3.6806472074615066,1.4865733924780364
2019-02-17,2.3111364187232635,1.6347757231236328,1.165676809647199,1.2265287455265759,1.0331418520993891,1.7675413832262632,0.34483473247428886,3.6475997958767685,1.4957181575767868
2019-02-18,2.3967228491850894,1.6254035965909195,1.1724028256180188,1.2246053550638123,1.0292201818206819,1.7463773985168114,0.33054152608135434,3.7223811577238655,1.4626608380778452
2019-02-19,2.387957018818926,1.5915849582993267,1.1603123481047684,1.2297849066607665,1.030150872655017,1.7163796454023372,0.3267104365340406,3.680384440881934,1.462316444753285
2019-02-20,2.394866274607335,1.6465270216178864,1.1339783525115625,1.2297794501736667,1.0289535584068978,1.7459663806058732,0.32909423426695233,3.7137119160485743,1.467655160088906
2019-02-21,2.362104822777094,1.683084497092458,1.1451843933318178,1.2332801272903386,1.0342590494465314,1.7594420141895752,0.33890777433757013,3.7354913270975167,1.464733666450163
2019-02-22,2.362579467291898,1.683035371514256,1.1383903626167364,1.2394411835629928,1.035588260003801,1.7627942659777456,0.34160733916383157,3.903206735912196,1.4484498679816737
2019-02-23,2.333341181579309,1.6418846882683489,1.135554414948878,1.2404780446913017,1.0337642886813638,1.7460211333413647,0.34264859158312067,3.874589917598936,1.453232299314611
2019-02-24,2.373039517241552,1.6625503494570835,1.1479003444253908,1.244643266339171,1.0350371757172887,1.7413845070544811,0.33742489275975995,3.852630011050338,1.4459125784667755
2019-02-25,2.3997957392678773,1.6735931518287377,1.1578424176158084,1.2404351143019143,1.0410683352048746,1.7283491178882437,0.330068917788592,3.8280183839204636,1.4821148458889717
2019-02-26,2.3865590587259264,1.6644691629793955,1.1555206469668262,1.2400060959864163,1.0379181620910904,1.73315018742035,0.33723534051870857,3.846830566760082,1.465942523000786
2019-02-27,2.3749479988622233,1.6486109443444548,1.1566013749439332,1.2450794011454729,1.0374038412752478,1.730746676162749,0.3492924807027301,3.898159172746547,1.4746514131363742
2019-02-28,2.445417394680929,1.6638055362378896,1.1293769150711206,1.2483141140351157,1.030901358904345,1.7451743477050539,0.3373903843129514,3.8716406540751445,1.469581789712338
2019-03-01,2.417902079987323,1.6540234645358063,1.1437095445899779,1.2457652329555036,1.0332523949341623,1.7151892969361555,0.3361791556916923,3.8912218212394483,1.4552309059303454
2019-03-02,2.37105327716487,1.6693294779711199,1.1594663907181686,1.2455943201215383,1.0314656415499197,1.7203385644532139,0.33661941536779844,3.9061778806064478,1.4187301480340968
2019-03-03,2.333741044650018,1.6445997942101696,1.1619133419718621,1.2464134648617786,1.0341935813776828,1.728658932866093,0.32792968567202846,3.9917429776377613,1.4370589824927205
2019-03-04,2.290396567093364,1.6551066411837412,1.1539599375262626,1.2470573520460366,1.0386543076574397,1.7952846924750805,0.3329225968431593,4.010200881099348,1.432462963665633
2019-03-05,2.297341102313172,1.6962788986807829,1.1536870201376344,1.243866957891429,1.0320289816646537,1.8122229551052105,0.3346357374615772,3.972149598392682,1.447446728611101
2019-03-06,2.2834958247454287,1.6928463194679553,1.1538024239122233,1.2426817290280372,1.0331058628972833,1.8501478389472314,0.3270563591588023,4.002051154390054,1.450228122988062
2019-03-07,2.2894476594342854,1.720089637678413,1.1548311185038953,1.2445963135894846,1.036167429266976,1.8337211651755823,0.3290787674989199,3.987796592126772,1.4485939801290808
2019-03-08,2.2790743530766937,1.7353630829222917,1.1563089980470722,1.2461939173728216,1.036198442326386,1.7811407176713625,0.3293510368465894,3.9923947980608734,1.4523979290667492
2019-03-09,2.2594607807125855,1.6987148959205083,1.1653227501512613,1.2452956362850403,1.0370118334324938,1.7724731856585114,0.32937697768188434,3.966287409731327,1.4386279826520574
2019-03-10,2.2761942905681285,1.6809528584767017,1.1679650236635992,1.2469535988182785,1.034681407695481,1.7344182901961822,0.3454247880191891,3.935681243011684,1.4478843619408786
2019-03-11,2.3430960867297466,1.7055255979502175,1.1641045328628363,1.2468272211152307,1.031338942995543,1.7622913212219118,0.3494059517626459,3.9060991386024813,1.4330844527572009
2019-03-12,2.297362351550139,1.7364932561414372,1.1661352870833197,1.2477560495533977,1.0280471210260966,1.7162196407705317,0.35620269119803366,3.90934348812324,1.4463725085110626
2019-03-13,2.2847521367295105,1.7297856668712794,1.1764667537570788,1.2506222003986414,1.031429665907126,1.707443541304697,0.36065199933466435,3.9751631184165004,1.4451463894391892
2019-03-14,2.2678396578257516,1.7722855611900037,1.1675804900112705,1.2531089744644428,1.0312917748568327,1.6511863822933615,0.36886472387199915,3.811514380527667,1.4167618635984798
2019-03-15,2.2864585107282593,1.7898086475669337,1.1589976545236902,1.2537899969258386,1.0209523320949732,1.672528888241709,0.37078079527329005,3.8096671575260213,1.417340490141936
2019-03-16,2.30406152641811,1.7895934634856425,1.1332810426346949,1.2621765940822414,1.0259582689160909,1.6341794668149516,0.3682955462964541,3.7969409154231655,1.4329149299738166
2019-03-17,2.2301264176901343,1.7742349061625573,1.1096774760970114,1.2612232890801807,1.0241217999496597,1.636850522062103,0.36391375446123686,3.7549264319580917,1.4420806662106675
2019-03-18,2.246005120980136,1.7925541834902547,1.107654754788594,1.2591861413635843,1.0237373344583922,1.6519437852950423,0.34814333573981565,3.777875336811977,1.446827104375339
2019-03-19,2.2487727913165614,1.7884534619811592,1.0738785591448319,1.257650488578332,1.0311673690568581,1.652657793922755,0.3460733462174603,3.779588954369727,1.452249419818494
2019-03-20,2.271670478763349,1.7818006960027364,1.0796764673170265,1.264102175730994,1.0354209377516135,1.7226072025349322,0.34159674657447936,3.875374482380377,1.4410573163540241
2019-03-21,2.2843997665745843,1.8060057056939753,1.073382680887523,1.2645621734521926,1.0392953217993368,1.7009284042021442,0.3530701850951288,3.7956621008589773,1.4692975932674253
2019-03-22,2.319396524333575,1.8038112997259492,1.0685180906827638,1.2627651233835477,1.0388347242369573,1.6997838060918808,0.36200445839685846,3.9085064196571047,1.4725209371617067
2019-03-23,2.290672126652074,1.7868138618700629,1.0664910163228352,1.2589889930937004,1.0340397066439821,1.7642876946014123,0.36426780819981264,3.860443527919756,1.4848400998962663
2019-03-24,2.2508712589354167,1.7522779360563843,1.056533713550196,1.265363934021619,1.0330971584985122,1.6870988275056744,0.37315642306655533,3.843474097310003,1.457676316234271
2019-03-25,2.2408543138945536,1.76941183261797,1.0619733724607483,1.2723174187741395,1.0296764999916428,1.688855033553335,0.3680100789575371,3.7553321155015027,1.4708759742773934
2019-03-26,2.2570983643765263,1.7791545894510226,1.067730842322903,1.2698282333643,1.0256373052513676,1.6903372617318346,0.3766304309710864,3.8466661375891884,1.4828699780482237
2019-03-27,2.2587632371499375,1.7885060229775394,1.068199711029799,1.2660469007318893,1.0258409860641704,1.6500617940450635,0.3757711318744629,3.941838722713718,1.4953684844200887
2019-03-28,2.2281642509681627,1.7868897084954405,1.0578248045218297,1.2659360693346011,1.0302156144391874,1.669786868507712,0.3945156787600562,4.013135394475742,1.4987181155237053
2019-03-29,2.251464720717071,1.7810930791377784,1.0438297284459246,1.271021751948374,1.0344765510981155,1.6628756609631195,0.39675602075965033,4.088638876183926,1.5117022812923528
2019-03-30,2.2027283473829007,1.7896158951853018,1.0420431321277044,1.2753927984191857,1.038846356899028,1.7026764916443007,0.3879647457745949,4.041367370438064,1.5288462313511482
2019-03-31,2.1838406407511366,1.7413216899135149,1.0490156072127057,1.2734265823253956,1.0463875120201034,1.712094543533387,0.3892858377917488,4.01979189068251,1.5534734266471633
2019-04-01,2.1962411799648116,1.7292142953063572,1.0393342374749204,1.273273237361328,1.0424001610050464,1.7441446006116297,0.37528445592900966,4.0121835886647,1.5632623838224942
2019-04-02,2.2081707037024585,1.707579933551546,1.0478807914998152,1.270016053963625,1.0424110659430017,1.7649577367797793,0.3788339922320887,3.972360318732549,1.5822950176250463
2019-04-03,2.2117047011074353,1.731099998504897,1.0674229426151363,1.2744008626817553,1.0471858482033867,1.7714320231195158,0.38492515125909105,3.9858820291515427,1.5634763958279927
2019-04-04,2.2224119105544853,1.7397805954784935,1.0752202028511186,1.2740389444011258,1.0441010248558913,1.7927195157081084,0.374891905613044,4.073899420218263,1.5601709243445354
2019-04-05,2.231263605136966,1.7579683431741455,1.0831642055447632,1.268781045685001,1.047647153531642,1.802860515730302,0.3702037969737754,4.028903183750076,1.5552711594712767
2019-04-06,2.1884654583513843,1.813169978444469,1.102806105839445,1.2706272497495605,1.046815747387058,1.7968246400752754,0.3758906137887944,4.1359406802651,1.5467109977176583
2019-04-07,2.152435021223638,1.8644056906216382,1.079486539514764,1.266909912293002,1.0458867700448082,1.746715149528587,0.38432671978841226,4.189929508912387,1.538129949857726
2019-04-08,2.1943950453865613,1.913788695813924,1.078344391178651,1.2653237353402835,1.055444510187342,1.7697384495966215,0.3863738333938984,4.276464915792918,1.543081661372475
2019-04-09,2.1784103942713795,1.917315570474894,1.0921082187972633,1.2578879886669057,1.0543340527875353,1.8141500946993818,0.38249565703410304,4.3764983939964575,1.5652209301366913
2019-04-10,2.176922677795033,1.898461249992652,1.0886699274044647,1.2680691371575215,1.0623445642879308,1.818607529499119,0.3779198343194164,4.385057142239053,1.5693504044114335
2019-04-11,2.136975317110325,1.9019558289567464,1.1062724702261917,1.2613508180486708,1.065963266673524,1.86397517392289,0.3737585035065884,4.49737001629746,1.5588304670109807
2019-04-12,2.1517551511234734,1.8922141855646366,1.102528892546595,1.2591410610706157,1.0690484862065819,1.8928267103703047,0.37335168830915827,4.40652528629141,1.5654269724957786
2019-04-13,2.166021751244461,1.8855897893009987,1.1275637685325646,1.2533593525145836,1.0596738558794543,1.8683050869700448,0.3787311226312059,4.337617499949958,1.550383674539331
2019-04-14,2.197570551270726,1.9020431867419358,1.1330039603058473,1.2564229221834473,1.0579775598398924,1.855933706265455,0.38494064111534554,4.25098095691343,1.5174733725845615
2019-04-15,2.1839472343316637,1.9346741055660066,1.1368184633064986,1.2597799265659855,1.0495505810580341,1.8668446339008695,0.3900516096759607,4.165697941302326,1.5308583616519662
2019-04-16,2.1809491477179703,2.042404615757522,1.1074580429003065,1.2650802529513514,1.0480007806791893,1.8128765248221421,0.38601882595840487,4.18386950145649,1.547046678584685
2019-04-17,2.237936180661326,2.0954950357385274,1.0949608393135701,1.2694960080809528,1.04974584851938,1.7918782400321498,0.38446000015355003,4.140157939551528,1.5479299237643391
2019-04-18,2.2141136449011634,2.057558417163299,1.1015847277528228,1.2720174704452833,1.0490631064160685,1.8363485786866967,0.3825343892871027,4.1221829545860045,1.5584634163499875
2019-04-19,2.2103797995762777,2.0615220135902175,1.068597484853453,1.2722084284481443,1.0415006373419324,1.7963582131798252,0.3723947603276773,4.058541613613387,1.550221422421664
2019-04-20,2.194912911765479,2.0869961456155015,1.0717697808050657,1.2650799605566407,1.0419517930780353,1.80700809249204,0.37002211029830845,4.055646697871689,1.5534816950390908
2019-04-21,2.2207448285767244,2.0286691117281968,1.06894909231191,1.2709309658670076,1.0479603594188045,1.835047192574979,0.3740688547687181,4.157117036514373,1.5835858090217312
2019-04-22,2.2171112462863807,1.9940807416079762,1.0658026323086005,1.2828651176245374,1.0414866625068324,1.819871894527672,0.36357479330857545,4.16572832962031,1.564856881723579
2019-04-23,2.2141596829237233,1.9248827242524855,1.0740215138656781,1.2876977164099497,1.0399913225269486,1.8158093214708584,0.3624592932644719,4.177865846159969,1.564572553691554
2019-04-24,2.240334934646235,1.9683748804157122,1.0638517602385313,1.2866315214002928,1.0438460272716144,1.769705844963933,0.3482456602623448,4.192884184680037,1.5726511679211344
2019-04-25,2.216734119961019,1.9486601907776564,1.0544661324913565,1.2834139445335186,1.046846023303412,1.7324553548295312,0.3464659657105052,4.136783216038095,1.5500790790785806
2019-04-26,2.2463334449531063,1.9312063259549563,1.0571669165247954,1.2777358290873182,1.0438439224389549,1.756379838857869,0.3644632889737407,4.0149829109847825,1.5472717650332186
2019-04-27,2.260899140431317,1.910562111244903,1.0682611050738802,1.2745412365075972,1.044590678611593,1.7402258966107298,0.37342493889494555,3.97505202874771,1.5421367754877335
2019-04-28,2.293649023153336,1.8759719652921596,1.0694628995447482,1.2677000051033083,1.04014935708012,1.7525438471498334,0.3661006007434857,3.9433764530917506,1.5500492695837418
2019-04-29,2.274410371957298,1.9045076699801782,1.0725514586149565,1.269483721553449,1.0454165302945737,1.7629834268493596,0.3774412792135007,3.9980668818251988,1.5422455088723912
2019-04-30,2.31920993598346,1.914315100539993,1.0677934524860264,1.2706708882511737,1.0501724513448338,1.777776288807856,0.3912736931082977,4.064026822795959,1.5506223700935258
2019-05-01,2.284210689576923,1.9088876625989124,1.06903206051222,1.273453523445307,1.0529547069990717,1.7835571326486725,0.39229374296401726,4.108758970354379,1.537619064486384
2019-05-02,2.342989683163956,1.8393106086772992,1.0880233229017584,1.2734082437865064,1.0572826870080898,1.7955945877063169,0.395087144397621,4.143740192901945,1.5503667612903398
2019-05-03,2.3321358715559026,1.8743060392560553,1.0741905779211625,1.2735152206228322,1.0609238413879607,1.8281133738752149,0.3988071968310979,4.120117200089413,1.5645790939843311
2019-05-04,2.3094197170555097,1.9341439405461955,1.0734214029307196,1.2677603618779947,1.0559600610755762,1.8299151358427441,0.4000022247605379,4.242669469318502,1.54864386627565
2019-05-05,2.311479564687889,1.8980342752125459,1.0673975141872354,1.274291756884882,1.051265954411259,1.8496173995792162,0.40322550156010095,4.2419797326227675,1.5569978184531534
2019-05-06,2.2719525574450454,1.9553811129537397,1.0923726370017637,1.2745992614447663,1.061560396922857,1.836702440967101,0.4065354344916811,4.333938794387727,1.5501625285845706
2019-05-07,2.2255519344489247,1.8994358854272673,1.1197146353690277,1.27270383808394,1.0608778697933585,1.800281084475584,0.4143274119979318,4.28399709323616,1.5428571857186917
2019-05-08,2.236218573761838,1.8638160934582846,1.1176510155901285,1.2781849010468251,1.0628012600322072,1.8048713714485705,0.41619076426036844,4.259848088354211,1.5739635366590645
2019-05-09,2.2096470264322656,1.8716379162492636,1.119529012187308,1.2821808745530088,1.0675973587669487,1.8041921288986593,0.4186934566114925,4.281692680123156,1.5385156482064735
2019-05-10,2.157643328287993,1.852002288800346,1.1123201587540454,1.277696001686574,1.0709051279963304,1.8046217640178963,0.4169793712595941,4.2018719559998345,1.5381380216292364
2019-05-11,2.0732788886970366,1.8473107714253025,1.1134972204238984,1.2787510527113894,1.0643122001122578,1.8122854535377804,0.40837766001148207,4.151503917339959,1.5494884248481102
2019-05-12,2.1365381642947967,1.8497574563240504,1.102913267325823,1.2796027154167675,1.068416312086619,1.8329055580241314,0.4308638558635668,4.107788317318672,1.5537066201182526
2019-05-13,2.186818960556676,1.899979973645858,1.077434939496225,1.2797177864291476,1.074867498525284,1.9286410999963257,0.4370148327990152,4.0859433068788835,1.5383373052524143
2019-05-14,2.260254856887708,1.925662665199778,1.0667933267213834,1.2790658097615195,1.0763086228968162,1.9479053697528466,0.42923930182137005,4.049117287118924,1.5132172637090708
2019-05-15,2.296184849821093,1.9145917755762147,1.0730829906008532,1.284651203035383,1.0773628462797245,1.944333946485752,0.43098992406865094,4.053765285283127,1.5323770910440015
2019-05-16,2.3075798415636077,1.8965961094218255,1.08689806349402,1.2895218977818224,1.071703111790854,1.9983672005911062,0.434219864042306,4.071800686694206,1.5481088517096013
2019-05-17,2.2886469661582174,1.9299287125621258,1.0823099345719067,1.2839449063726966,1.067533088065522,2.019162995023296,0.4260958853341387,4.170953682792049,1.56682987589456
2019-05-18,2.335110132776533,1.9350353317925293,1.0859836618339958,1.279475320098533,1.0718919687569013,2.03337184944259,0.43101563636448437,4.277415929043817,1.5576488328003872
2019-05-19,2.331392349647126,1.9471875018762062,1.0741190461281953,1.2788831834448329,1.0741127137251363,2.0218678796689304,0.4423857375603325,4.181328620405133,1.5754491956854604
2019-05-20,2.3552140087172777,1.928029290381755,1.0625261836475546,1.2710297563951656,1.0708036946346278,2.0603828044204793,0.44197798420011664,4.25510696473171,1.5659985317281562
2019-05-21,2.380901367928892,1.9039000523266265,1.0505335567861656,1.2707483737285739,1.0680625806155721,2.0035764049105675,0.4404547981186978,4.26275139735092,1.586174208667578
2019-05-22,2.415072267111815,1.9464693109229454,1.0599298335525404,1.2721434499334978,1.0629190266006707,2.0093821673831833,0.44580010273257636,4.356794382458856,1.5973771753553023
2019-05-23,2.4607310232944557,1.9110903586066812,1.056096055140785,1.2739092513728167,1.067961313319225,2.004531286496105,0.4451541744119513,4.402571676712671,1.5797122471735732
2019-05-24,2.5208000962424717,1.8816128415441815,1.0320983072974574,1.2740751156638257,1.0753236621961868,2.0260923384141156,0.4519302270584218,4.406185247822301,1.5776210636366785
2019-05-25,2.463140220958001,1.8058422631369417,1.0348388049689363,1.2792193819751725,1.0769114150254497,2.049240020913776,0.4663352097037791,4.428795599633754,1.576001555151328
2019-05-26,2.433637042464561,1.8722969444449031,1.0416879615048882,1.275726083101763,1.0719741308454966,2.0958707790015647,0.45675256492471944,4.55283514714163,1.532874858913041
2019-05-27,2.4862983391239086,1.8894548732323644,1.0434829284869391,1.275182145003824,1.080188582203022,2.122964225163796,0.4485931041374591,4.436357009232359,1.5358991782907123
2019-05-28,2.48700428126262,1.8385196579236505,1.043102346987211,1.2731140496288378,1.0803367411640934,2.1511287954479914,0.4620743133502735,4.497726624340876,1.5251257555778739
2019-05-29,2.5015127851193104,1.841343492088345,1.0267407156225257,1.2747623482934445,1.0884681002100318,2.152814589643176,0.4474341108711633,4.500668272784674,1.506920143383858
2019-05-30,2.5346680422064787,1.8594762507464655,1.0249429741098715,1.273623357316634,1.0876529059517372,2.153565794699662,0.44061311189018704,4.407881162507396,1.5243808112127761
2019-05-31,2.5207754895407106,1.865811069577727,1.0287592297799784,1.2749811180656354,1.0826548450199223,2.0890339308548733,0.4355135216075445,4.434926479882812,1.5135889592799914
2019-06-01,2.5081115664507783,1.9380018251370024,1.0062858952967233,1.2722206539125915,1.0909765808401286,2.0877747111378007,0.4294513025992837,4.513564528462537,1.5147276388605877
2019-06-02,2.495760055206187,1.9454876298376276,0.9986408337158835,1.2684644565418497,1.090589952147393,2.0501990561269183,0.42962903799340557,4.538461795042324,1.527952126892364
2019-06-03,2.5387342350845774,1.932057428681378,1.0049252558113042,1.2704655484440828,1.0921290743329868,2.0329153257660715,0.42088120809578544,4.573544233319848,1.5021776744955841
2019-06-04,2.529296258300601,1.8440225397227399,0.9891109188221258,1.2672494896484217,1.0970293448151271,2.058501485105918,0.41630257035857104,4.6244960174736125,1.5158117840200798
2019-06-05,2.523959512180572,1.7988093077128966,0.9869398720652454,1.2670040522959019,1.0917308932180607,2.0725133800332336,0.41871555875590016,4.656292389576103,1.5203428955521014
2019-06-06,2.552348114097384,1.7937224467738893,0.9896257512435053,1.2656189370454303,1.0892876029043577,2.122851607489661,0.4016841467911016,4.718460411028776,1.5112126150173768
2019-06-07,2.5243984406084863,1.8028854890378965,0.9722327665886895,1.2626471761803715,1.0856967025043234,2.1148162561420536,0.3953042963970319,4.832726330084191,1.5386715978316432
2019-06-08,2.4485910007044835,1.8212709703374796,0.9825422851899814,1.26483023709551,1.0829472255772807,2.1059473086609914,0.3894674335379388,4.80322755961568,1.5203619439114122
2019-06-09,2.4451095148701576,1.7727333143680932,0.9804773599284569,1.260218988497648,1.0839514051206625,2.080613705797976,0.3918087586711115,4.882114380564066,1.5448313626353967
2019-06-10,2.3531243266108772,1.7468239417983755,0.9772054746958211,1.2620853519694717,1.0769041839262725,2.04424943994406,0.3929086222979842,4.889307315010651,1.5509738964813855
2019-06-11,2.3694906260998683,1.7581690388969708,0.9797695287656248,1.2624226055589804,1.0798754189552409,1.9622590759064455,0.405122842877134,4.72860932321597,1.5345465731796988
2019-06-12,2.3621418595572563,1.7801585153975183,0.9448474048627423,1.2624423334726058,1.083406158197805,1.9977785673095714,0.3995537839722488,4.708217056940895,1.525398402496702
2019-06-13,2.348937203570907,1.7478079120312129,0.9350483679084504,1.2642137051511095,1.0840848704372934,2.015855580822204,0.4013438999136328,4.758901385589058,1.53909974447556
2019-06-14,2.2882741402347597,1.7216299902022862,0.9327327098817311,1.2642541188060648,1.081287538712742,2.0493518960644352,0.4173169726887631,4.773142061691605,1.5407056570355058
2019-06-15,2.3181174542040686,1.6644974999679083,0.9333311766382466,1.2680937944423634,1.078613929856026,2.0045159899425684,0.41584963938899233,4.769751787197722,1.5270141410566591
2019-06-16,2.3917001100529354,1.6508210982381302,0.920690221112358,1.2678644419805847,1.0826387157697956,2.0055452216708134,0.41997149044766585,4.708352399331927,1.5500367568363183
2019-06-17,2.4125692849953086,1.6826136480595117,0.9250008260601529,1.271128751845364,1.0789661776333386,1.9882065060798693,0.43136515399724595,4.81945129090929,1.5325668257670149
2019-06-18,2.4223306392810633,1.67023467895436,0.9175412700885419,1.2723420684998479,1.0839983159069244,2.004768116203929,0.42869489628477814,4.857635406841636,1.527356463715202
2019-06-19,2.438031494936032,1.7128864307616278,0.8949459759259097,1.27551243562262,1.0774333839662324,2.0494942899734574,0.4233188427089312,4.769881879956621,1.5382811744881077
2019-06-20,2.4520807756363237,1.6827646989521328,0.8817580546325196,1.2749225819599497,1.072351833395379,2.010745498486026,0.4243823956613589,4.701729452233651,1.5451502043232788
2019-06-21,2.5076256868350666,1.6789380962871217,0.8833997230156065,1.2827688255099605,1.0673649636364706,2.0542625220999833,0.43355633439677643,4.762921333051306,1.56541867891908
2019-06-22,2.5189316294169277,1.6619930258486377,0.8952680918399256,1.2872566264127325,1.0721907934619312,2.0563189158819517,0.42743283230291024,4.777545567754651,1.5804816073482533
2019-06-23,2.5583913907526745,1.6498036859806877,0.8989247917586856,1.2823311514405096,1.0765222302711266,2.0277369926233932,0.43423119731782495,4.6961382520225445,1.5970990423661766
2019-06-24,2.571509613860833,1.6272600449417123,0.9066521978869394,1.2801882669915963,1.0798575331366391,2.0181376724047406,0.41937139647723715,4.6278740423779885,1.5905443129840022
2019-06-25,2.6250557351672166,1.6543060594045396,0.9245915237688533,1.2866671790226318,1.0776557001511993,2.0116942361554355,0.41600569003234156,4.582184619694648,1.5615726324733468
2019-06-26,2.6252625481613556,1.6166868407024124,0.9244897608417695,1.2949627243175308,1.075567871135595,2.0191494384032147,0.423632308917454,4.602366253324795,1.5664523000330604
2019-06-27,2.611779103877946,1.6105857821619494,0.9141168689932659,1.2983790108387825,1.0681830580278893,2.0548471728064137,0.411823995624171,4.66974079507669,1.5612232077157961
2019-06-28,2.5643021041332967,1.628024199379851,0.9245791289081966,1.2968024723744835,1.071368852251832,1.9707391527980636,0.4010292956102978,4.761202963833674,1.5580434757400319
2019-06-29,2.493442231494169,1.6081955300896238,0.9146114209926213,1.2962864938706402,1.0698871449130842,1.9774806003787564,0.4005523430344795,4.859265122993289,1.564969736194458
2019-06-30,2.511307930016208,1.6425672169146461,0.910618936347704,1.2915088584597905,1.0751594217660378,1.982711336087728,0.40174880255965845,4.814074206032288,1.5556291308625243
2019-07-01,2.5439570302533694,1.6723367838127958,0.9194572952609137,1.2947103601591905,1.0777141275812063,1.9878017672967705,0.4004199807567855,4.902435853277734,1.5501265459592346
2019-07-02,2.558838385695439,1.6488032693257562,0.9124587647392043,1.2939225758983954,1.0743562360087502,2.016746810487311,0.3897044677716739,4.91071334339895,1.5524906144531223
2019-07-03,2.4901028851640645,1.6363738833251489,0.9155322857842075,1.2957161906443135,1.0735856767378666,2.041722178143382,0.38893038798832896,4.912701169130178,1.5567080152729373
2019-07-04,2.5254747827804684,1.6171253416288616,0.9104585317693457,1.2932456622207817,1.0722664644659603,2.0945460566660983,0.3934631796790804,4.830333120661772,1.5476721508352098
2019-07-05,2.540353638586659,1.5913853310767707,0.9028069649857519,1.2985930765494287,1.0697428826462767,2.1309576509464296,0.4034203413885708,4.778156193810054,1.5342079826246808
2019-07-06,2.530593647418891,1.5608382138668977,0.9043890498173858,1.2979217614103478,1.0713927685570166,2.1849667347045987,0.41009682685729637,4.814176785995988,1.5043515525271862
2019-07-07,2.548182892169012,1.6098599246120968,0.8719881633565394,1.300735847399882,1.0708169653354658,2.1519817994189196,0.4167496520260073,4.93860201821695,1.5163146183426304
2019-07-08,2.534759372337931,1.5831644918948227,0.8737631228226513,1.3042732087829705,1.0692661952440972,2.1411640153467233,0.4403543543991616,5.019495228779649,1.5340574505465325
2019-07-09,2.4799976993494988,1.5636450295812874,0.8748083005095827,1.3004863654186807,1.0762181247862705,2.195947027452698,0.4357434450183127,5.154814691841367,1.534299032430105
2019-07-10,2.577066906786965,1.5683427670723264,0.8811194414079045,1.3060780800696536,1.0818257952703274,2.2165739469823946,0.43460057432680754,5.195599536711945,1.522083186384648
2019-07-11,2.583720908443368,1.537654164168218,0.8625537440092732,1.3064062717515348,1.0873962369815666,2.2539553218458206,0.43397551182633737,5.332788539616504,1.5137260152716427
2019-07-12,2.5101688595081537,1.477873517283916,0.850586422114068,1.3097374434375058,1.0847438484083518,2.2731077562215614,0.4483512404087437,5.2458563302069,1.5212719353978965
2019-07-13,2.531215234987085,1.4555675528781062,0.8646640791490062,1.3087379550716665,1.0831872280517776,2.359961016701471,0.4531285730045166,5.319714620783166,1.5421877957069077
2019-07-14,2.507277254096669,1.4888953625431867,0.8597158406194537,1.3067305209646332,1.0821170391904442,2.3340081312188548,0.46067005014144596,5.342100830142385,1.5349206302942913
2019-07-15,2.5333970041839398,1.4821159993004023,0.8565891878407547,1.3070520441715696,1.0842313242857862,2.3508532693496003,0.45741542377142924,5.411049552575688,1.5318140407148606
2019-07-16,2.5092669871667708,1.4435448349868885,0.8669523252756044,1.307231332799237,1.0852542850843072,2.395576965665886,0.4531394473814348,5.300577625908458,1.5331893141172457
2019-07-17,2.5216111336021965,1.4372924335078183,0.8825443336150972,1.2976120714248671,1.090224995576087,2.43017093135909,0.45736969242665465,5.036404664703401,1.553180397610319
2019-07-18,2.4835436017229493,1.4247327173777264,0.8810024298391804,1.2993278443116514,1.0931224998135272,2.469712558451377,0.4649240997445363,5.0565196019032825,1.559951062899543
2019-07-19,2.4436546486236783,1.4060423861252274,0.8907335621627145,1.302721205888968,1.0963966177733777,2.447338193305329,0.47348327925985334,4.969453075775137,1.577069338917322
2019-07-20,2.434825572825945,1.4492290726615857,0.874738387819886,1.3097431495450622,1.094921024363393,2.431110807561507,0.47542303437451366,4.9184854521811605,1.5762440742824217
2019-07-21,2.408616151089749,1.4315207345748495,0.8801115833108488,1.3063316661659967,1.0916660683910202,2.3715236921349008,0.4707265139217559,5.016235581805323,1.5632253442227935
2019-07-22,2.382905380447008,1.4370902020396732,0.8764595099485943,1.3151944254127916,1.0910655299410523,2.386307605374998,0.4797057990248754,5.086807334755047,1.5671847998914674
2019-07-23,2.3778609787367126,1.490021846529517,0.8756732176974076,1.31358321976602,1.088355982219347,2.3126125618151825,0.4876844170030474,4.908662123048813,1.5674085493586618
2019-07-24,2.3712673854056363,1.5506946025621586,0.856688784560952,1.3101635556168207,1.0878723322377086,2.3048525254386973,0.4824218672187205,4.903680721223814,1.547979537171694
2019-07-25,2.3846837629851554,1.4865164141852198,0.8566808753783354,1.3079348755887983,1.0924034856089793,2.378136692717219,0.47932421548425713,5.006956596276613,1.5433957177413014
2019-07-26,2.3508405746236223,1.5338266800738252,0.8622915502875627,1.3080830849719096,1.0955154262336593,2.3903504951170427,0.4787565095591969,4.908336963474056,1.5395289444685856
2019-07-27,2.373523438863315,1.5310506291570103,0.8718870523058031,1.3097194512219608,1.0917769302450884,2.3340694650501925,0.4773472562610224,4.870722282829705,1.5450146218631657
2019-07-28,2.3486677474139177,1.514703506873216,0.8831665126448508,1.310432736099305,1.0888172231449436,2.3352774686705824,0.4906071156817612,4.8931607278209475,1.5544848014936128
2019-07-29,2.322871112821649,1.5432943668171966,0.9079987060705798,1.3074522840479785,1.0837786388063482,2.3431234414072226,0.4992958172502772,4.88743159465344,1.5384237650990698
2019-07-30,2.319784568964851,1.5605262684013814,0.9038360932160421,1.3099649001562732,1.0889361713479502,2.353724086286064,0.4991165923077129,4.949209506517143,1.5255609912695856
2019-07-31,2.287259687234943,1.5536626039536716,0.898772303186734,1.3069388472749308,1.0970181182968382,2.446215740287178,0.4956856145187212,4.957008392888781,1.5230004466800455
2019-08-01,2.3259429406245973,1.5907976572973344,0.8798736691450656,1.308935892178643,1.0913933933541449,2.5241250179446926,0.5001492439495349,4.8967795359881885,1.5196297209531535
2019-08-02,2.3165585542988065,1.60647024826872,0.8911386488374027,1.3045579965594918,1.0995297507506632,2.597583169248186,0.4914934253874873,4.903106306947635,1.5459316020023113
2019-08-03,2.360095443345922,1.597375418504519,0.9001142666166361,1.3164185093553575,1.1001022098402735,2.5685222697821275,0.4932865885467489,4.922219995225385,1.5381318091103968
2019-08-04,2.376437631632161,1.5619468791523357,0.8931956225532884,1.3195446535801496,1.0924900708541938,2.610792483556997,0.47353557738228635,4.795375032318877,1.5307644847045772
2019-08-05,2.3873762733901085,1.5998315021852587,0.8940812020378174,1.3187005925614144,1.0951320668959859,2.5703873923542147,0.47495064525730174,4.710057187755229,1.532334903901581
2019-08-06,2.3834429638157704,1.5773109579613598,0.8961201431668376,1.3194597011853868,1.100390689630972,2.4966136724251284,0.4743232458307167,4.657286008488229,1.5459690384806897
2019-08-07,2.411111592811685,1.5923614023537247,0.8888203492899462,1.3230966754078293,1.093765761388313,2.4191297874466966,0.4623146050011876,4.655878939203342,1.5567160648865084
2019-08-08,2.3042017303095026,1.630911470267724,0.890485417650775,1.317006041932693,1.0943167873237263,2.4671869073396264,0.46794967464644427,4.733567381860044,1.5357588273336904
2019-08-09,2.290583717141149,1.6044181938817221,0.9091063247909215,1.3196638767204638,1.1068883405499303,2.446914102586399,0.4612610433497455,4.724372902570695,1.5572342217993451
2019-08-10,2.278691475271172,1.608653660188802,0.9104338822428732,1.319952210455154,1.1041105003868708,2.4413565753027937,0.45969180928222886,4.7247817030534485,1.5722384354244112
2019-08-11,2.3395540041180873,1.5849616894247438,0.9064244010759869,1.3168172768393402,1.105047234524452,2.4181873928355624,0.46198840045134537,4.803942602896063,1.5328407865331477
2019-08-12,2.3575140544672237,1.5724668549360075,0.9117043841383072,1.3134074992356604,1.1104454388354965,2.4584237364941193,0.4673322401314016,4.862062553709153,1.5217181800569002
2019-08-13,2.3363097330311375,1.594393099430292,0.9035785911500341,1.3192349637198997,1.1091191624627725,2.481125064703857,0.4870466461879928,4.811529434354355,1.523068883756442
2019-08-14,2.373954101770143,1.6223316385505027,0.9002951819731773,1.3173218206362804,1.1081957722580416,2.546282981203835,0.4844253040917996,4.818129579546264,1.5168732455944762
2019-08-15,2.399790386641606,1.62752220860898,0.8897246310247138,1.3136247933810135,1.0994472068781944,2.5086902057926705,0.4922143378997564,4.914763952528668,1.5275756716381719
2019-08-16,2.4204753391058893,1.6244665862920658,0.8982650752113794,1.3148843423752878,1.1074927371277041,2.504746505515164,0.5055337374619403,4.980187871014915,1.5391156394912506
2019-08-17,2.3481700044860347,1.6522862460377639,0.8971601231627643,1.3132646948194313,1.101034224709831,2.5049955564391793,0.5059740734921796,4.88384599308515,1.5167479770646184
2019-08-18,2.366014434489912,1.6788726757119379,0.8994778420665342,1.3179300728339294,1.100763876835214,2.5030458609349995,0.4967954201627084,4.770523039328983,1.54518187705673
2019-08-19,2.4068742870594932,1.6374629013902455,0.9014288300986002,1.317666303714974,1.099667549154967,2.485118242348795,0.5006830345680016,4.830024021854,1.551708588850842
2019-08-20,2.4032452606994386,1.6334837340625028,0.9118329159523083,1.3196300676810941,1.100097252884545,2.484009324544645,0.5042405929049056,4.797057995413182,1.5647668189575274
2019-08-21,2.365182954428852,1.6220391922685298,0.9187931856626954,1.315277072016878,1.0932854131037029,2.487326466020417,0.48723297971075763,4.7045608674107315,1.5769187060418919
2019-08-22,2.3586271903060694,1.660219991789836,0.9057851211410899,1.315037879546946,1.0951421814983076,2.435417781551151,0.49738459484832775,4.741539577927552,1.5518569406792095
2019-08-23,2.3579994960619324,1.6724179953975975,0.8996432820112916,1.3093311481128318,1.0964715035809887,2.532840272315521,0.49363447317985154,4.854097173368767,1.540492865772886
2019-08-24,2.3663307433917278,1.6963125095566112,0.8998223434190764,1.3082925775506917,1.099765863271853,2.6195804067761435,0.49670080143826734,4.817492899140678,1.5378778551437624
2019-08-25,2.456477567608493,1.7011102378837404,0.8936738893955242,1.3039291552406702,1.0918435850861172,2.6372482111771283,0.5033033656483764,4.7897901822690265,1.5379552039710707
2019-08-26,2.4140863168895925,1.7058609494825299,0.8991055891126264,1.3019660992837856,1.0993356090573418,2.5980378318893536,0.5062575208992126,4.851697062661344,1.5370741171221942
2019-08-27,2.4079855531414984,1.6626692484367118,0.9140200406909563,1.301432710326504,1.101808522405076,2.6300169984551904,0.49999715566432,4.838292167835407,1.557893514756461
2019-08-28,2.368355011220845,1.7270187471657341,0.9061243028610699,1.2969576657961175,1.1025018200836594,2.7350868843818934,0.48098760444810273,4.829025697574318,1.5656247952763058
2019-08-29,2.3702609434430864,1.739582100577393,0.8985886134397537,1.2947539200264189,1.1019575253111291,2.680007744138011,0.4806539298653899,4.801832587519572,1.558578776267574
2019-08-30,2.3823672792047033,1.6832685734365391,0.8963878969235636,1.303884604034775,1.097280334095021,2.742556468828925,0.4812754742375207,4.759363417203283,1.538307251406848
2019-08-31,2.3880735955423225,1.7279781189788601,0.892470203373815,1.3036982994294735,1.1018247023846575,2.7599324132118395,0.4662377739019859,4.7673748928502775,1.5618777321462043
2019-09-01,2.3874667435411197,1.6433991027705743,0.8968955881848039,1.3030524872911833,1.0938735192218871,2.677063384641676,0.4754236571328243,4.715955221129247,1.5480161238018852
2019-09-02,2.3869066953790017,1.6250001750817429,0.8982414549355531,1.3023903280241689,1.0887323330208183,2.652965636959518,0.4797286499287405,4.719863666184316,1.5470572441869765
2019-09-03,2.4569880986395076,1.6470330250731464,0.9076993043555565,1.3018721001097622,1.0897999230008983,2.632909747837415,0.48728485364407226,4.712991551475943,1.550806966710104
2019-09-04,2.463644495937633,1.6471532521177032,0.9399755093223402,1.299398728203476,1.0869633414990474,2.6663312234181946,0.4815819738426443,4.693333213999983,1.5342689913517054
2019-09-05,2.4825489487249754,1.6627627147013582,0.9367022281704062,1.3023151637640251,1.078993182737794,2.6329397943558113,0.4800411119972603,4.6117431949592005,1.5077458832691357
2019-09-06,2.47182821134475,1.6841996528195697,0.9513946842829194,1.3003071713526735,1.0822656216171442,2.663633965845618,0.49183676068158944,4.58844067708063,1.4809306152690676
2019-09-07,2.4751720703589903,1.654139573482404,0.9434200357104467,1.2992621698303255,1.0809066092848048,2.670953809925496,0.4988518905321382,4.564048371585345,1.4870868069113359
2019-09-08,2.47646470458971,1.682655118729681,0.9415680057502949,1.2990844567152355,1.0793959322706883,2.663687550280255,0.4911347702295481,4.504537930660828,1.4989205289698424
2019-09-09,2.4369699829557043,1.6736627984092034,0.9533226475410855,1.2978398007989262,1.083082028162381,2.635881787487274,0.4809077372580247,4.397679534903971,1.5188970036386924
2019-09-10,2.396143259788634,1.6968419547170939,0.9421693785715458,1.3030988446239102,1.0927508432015565,2.556390074213795,0.47057056356092836,4.449558863439396,1.526993376629804
2019-09-11,2.4247863437515624,1.6799963866847778,0.9649231552896905,1.3036906448793284,1.0875407707579148,2.545252718598024,0.45933741462080696,4.556633583559585,1.5172155606583562
2019-09-12,2.443426288079667,1.6664352599476184,0.9580870146603422,1.296349872427383,1.0902516819101271,2.605283172215452,0.45101451848971624,4.451929267080842,1.529707039772171
2019-09-13,2.3838222751321414,1.7036827423839664,0.9479765700836407,1.2921887471953935,1.0914442533684376,2.5571205862760857,0.44472637411645016,4.476458190825396,1.492854678754513
2019-09-14,2.443265955567926,1.7057024964109502,0.9335525452265895,1.2883745470121257,1.0958827047574802,2.5852973774002947,0.45715007805945906,4.431509435465791,1.4975808153795993
2019-09-15,2.459632218203578,1.7277313286048799,0.9464611249337483,1.2857310707874858,1.0954918241406109,2.5574209032085182,0.4567604776348365,4.478822409309144,1.473109813211203
2019-09-16,2.501299798682056,1.6929948095249334,0.9432540945686058,1.290657768244117,1.097038701180183,2.573562165154346,0.44606656340322104,4.409574041491821,1.4872701755206532
2019-09-17,2.4799458191459363,1.6785901092607032,0.954448082371239,1.2867215968009935,1.0983298504922754,2.576064521669573,0.44613181646578054,4.376164751732447,1.478943616380642
2019-09-18,2.440575532398882,1.6938450866027892,0.9470818522209778,1.2905897828381956,1.0974531414562945,2.527500273006563,0.4440991160446006,4.350070302789946,1.4941634755943496
2019-09-19,2.427799112558534,1.686101187890263,0.9634081799966546,1.2926867356525729,1.1048618545327653,2.5852860317081476,0.43630817344221384,4.4155356540447155,1.517252832971685
2019-09-20,2.484347887727894,1.7167641649752676,0.9748826372622179,1.2916422665764635,1.1012715746275505,2.569412603650406,0.421868214109266,4.505356170045456,1.5132580130859048
2019-09-21,2.5332149136308724,1.6793953724608455,0.9878402889112258,1.2898538044780745,1.0957239437022448,2.6451797635263707,0.4312953796802307,4.520570245585258,1.5140742324547989
2019-09-22,2.5506754781204033,1.6859505806056863,0.9787449357083051,1.2883883282950446,1.1044271379982502,2.7729388284093393,0.44486107288172283,4.5539020333537605,1.5092632762267846
2019-09-23,2.52090198296567,1.6644023056473503,0.9725404641606473,1.296831771057537,1.1125172094600928,2.8107423340116053,0.43640325693063253,4.615816151768652,1.5059637696998958
2019-09-24,2.4402453671122335,1.673669383900792,0.9630066923057077,1.293817726155975,1.1115141283721157,2.786092647909332,0.4361915418334372,4.611038974760704,1.478015957126814
2019-09-25,2.496625210508778,1.6447135964016342,0.9522896020899378,1.292671843865133,1.1111436169311688,2.859817219379133,0.43862918476096224,4.651141098931942,1.482369248978808
2019-09-26,2.506042290403891,1.6545409756890057,0.9304890174396935,1.291831923283679,1.1164204873497359,3.063327412788561,0.42815200969231143,4.681588396025714,1.474200703960849
2019-09-27,2.5837666370988854,1.6148847891808853,0.9377461561325648,1.2865074658125915,1.1151095119792314,3.0620480448703393,0.4373974529600091,4.606881937996005,1.4842751416777062
2019-09-28,2.585269525918172,1.6234602811184002,0.9488115538133096,1.281686060276535,1.1188366315901115,3.0313042026031582,0.44707157761006805,4.630922327240172,1.4814620190244245
2019-09-29,2.5631644644150846,1.6481682262444781,0.9634530636152696,1.2797653837062106,1.1138779182547571,3.0697890307791997,0.43420905165615,4.541162611270229,1.4660148104702158
2019-09-30,2.547960395031674,1.6091824978635771,0.9413267869851859,1.2755340537194526,1.1168518584429032,3.0001422917795484,0.43134092998304474,4.674674957883159,1.4655871134031928
2019-10-01,2.5618161140887135,1.5824238521490417,0.9660476270143631,1.2735902884628643,1.1159445070657508,3.0718668621673566,0.4298594098053428,4.678967860271766,1.461751843096426
2019-10-02,2.5520236087012353,1.5936100636355655,0.9727474747720505,1.2712599426265268,1.112636488408427,3.038799906153378,0.4178985372166783,4.568280072889587,1.4663880397166826
2019-10-03,2.588718995514807,1.6192334254717144,0.9452343870640092,1.2704524443353062,1.107842841163773,3.0472698737607025,0.41448996017761836,4.609754019397213,1.4664004586977444
2019-10-04,2.5158723693998715,1.59169423897221,0.9455835768537355,1.27092293262497,1.10172454949427,2.9636031951319137,0.41503912072427157,4.51361755511165,1.442224949225311
2019-10-05,2.499828380367246,1.5783366937344188,0.9359000391435213,1.2683668386077203,1.1018956945729559,2.9257789282884423,0.41570896914260846,4.488760936665869,1.4449312865835575
2019-10-06,2.533508776825481,1.602811110463228,0.9506484439188144,1.2716829084813,1.1030573462100686,2.9035378313334004,0.4125681970664826,4.4305567015898895,1.4452857179843388
2019-10-07,2.560771388931002,1.5825162891721392,0.9505090652588936,1.2692259068647993,1.104091371272187,2.8754057409939837,0.4065487398436881,4.386253347973873,1.4528493140108314
2019-10-08,2.5578233237116903,1.5709455770933214,0.9537758261709186,1.267774485289409,1.1091768951533227,2.8255761362149747,0.40510978893320615,4.294705756293656,1.448100321650579
2019-10-09,2.494147507938282,1.5926775628482253,0.9628348320824363,1.2708837155530566,1.1094159115944993,2.781390716709026,0.3987062944006177,4.3941392784500435,1.4691799864728976
2019-10-10,2.49948081178007,1.5785323362523929,0.9789367821725972,1.2683629056499997,1.1105424089969282,2.8496327818275677,0.39211696717818073,4.449673965229712,1.4771217975001545
2019-10-11,2.4987490934377687,1.5509367421041718,0.9707202944756483,1.269591128951978,1.1043307597458218,2.856909004144192,0.39643849599079695,4.516322528317275,1.456761784705917
2019-10-12,2.5488332942736247,1.5988863444192376,0.9757892199710781,1.2657643962536793,1.1029918281030182,2.8550327279782937,0.3986622266224258,4.518714929544114,1.461149043416461
2019-10-13,2.546128468915107,1.6071556689950424,0.9706894712581086,1.2646067785763777,1.100560723062559,2.954132831466565,0.4104139980071618,4.557256914730577,1.480806012961034
2019-10-14,2.5773870846532763,1.6130424887521302,0.9534433711120169,1.26373863644277,1.0991958609560928,2.8944730757845365,0.3982972447905888,4.591850095850985,1.4859074536816117
2019-10-15,2.5330277922923297,1.592031298745717,0.9670153202680681,1.2605374733208083,1.1000567463352278,2.885164423187275,0.4024105677472793,4.533801695766517,1.4875431922796523
2019-10-16,2.5401983852940817,1.5992643021271893,0.9682230124491391,1.261966705954934,1.1098110389706208,3.0187572300810284,0.3973465032582846,4.3770516467728555,1.4966989507243433
2019-10-17,2.5480572177781435,1.6304479624802295,0.9718234763611936,1.262314771287087,1.114933512082803,3.088303511870938,0.3864070767406516,4.324312145259447,1.4954178818007757
2019-10-18,2.5525840054156066,1.6244679723029338,0.9771786961527107,1.26621319613213,1.1227278325863035,3.121102636812254,0.3798974028540263,4.315617495680318,1.494590134487003
2019-10-19,2.5730547172940184,1.6364679571791898,1.0015150968751048,1.2645866953855989,1.1245679859010118,3.254014184483373,0.37552701072927824,4.325876712969474,1.4807669617614094
2019-10-20,2.576994844973923,1.6141401378358198,1.0143961943033963,1.2652720464624687,1.1204727714488996,3.3038989331296578,0.3769515051415644,4.388568536713133,1.4640689061266288
2019-10-21,2.592024822563395,1.637254867543538,1.009546842983501,1.2606196307965565,1.1203983384634417,3.3775959514761777,0.3855153180989337,4.361243437185451,1.4455764649948275
2019-10-22,2.5760380019381834,1.6241034578386242,1.0152582143241418,1.260348591892164,1.117134554412271,3.4454070510426704,0.3866751476216998,4.3905999907416975,1.420929596827436
2019-10-23,2.4831358368335654,1.5827280838817461,1.0097082838661982,1.2626538552370377,1.1067798482121283,3.544880559662271,0.38807155552283584,4.481065778491624,1.4086247716258902
2019-10-24,2.50264806747394,1.5857883309532483,1.0199186920781003,1.2618945279076985,1.108985506425738,3.6159182494265334,0.3830951098881369,4.498244676751018,1.3823136014525306
2019-10-25,2.529770629239985,1.6422169052283653,1.0049939846513873,1.2616747768230274,1.113002168981951,3.618686287358273,0.3844367055265501,4.472762158339672,1.3766716573434614
2019-10-26,2.5272398155767504,1.6441055952406955,0.991047386513533,1.2615510494775581,1.1200965959024702,3.5921091778100296,0.37500066827740286,4.463497989885526,1.36710911963067
2019-10-27,2.477263326304344,1.6488817751178735,0.982897622850214,1.2593128781440541,1.120896019508012,3.4936956500122394,0.36201387275714203,4.509307239857945,1.3409859392142038
2019-10-28,2.44171418775917,1.5961223208832254,0.9774586236053109,1.2610559891124264,1.1215117857482582,3.6448109869525265,0.36995584617481375,4.447225948778491,1.3252017971026646
2019-10-29,2.5415810772252456,1.627288677937719,0.9846648740537907,1.261465271689609,1.1228509675731513,3.54830616390687,0.37119178852590345,4.452867125755459,1.313485173265001
2019-10-30,2.5218129218887904,1.6723209224312199,0.9834812093504849,1.269429550226375,1.1151451583119305,3.5156676254930113,0.3597792850279064,4.372976736889329,1.3028695111516844
2019-10-31,2.5344967441331474,1.6810217925940913,0.9757594225327209,1.2610723894112048,1.1218480410390972,3.49828699132592,0.3518188792978195,4.391885320884821,1.3057937388476832
2019-11-01,2.5229897564071253,1.68618851104618,0.9625277753584657,1.2640734119648125,1.1174868922534837,3.46085443266937,0.3564544576305758,4.47207844352964,1.3267618426172407
2019-11-02,2.563703175441305,1.6770269441752268,0.9450170881100121,1.2695280995302887,1.123725580146172,3.419685593874236,0.3630929872991617,4.450689981943492,1.346945563828231
2019-11-03,2.5446728838450308,1.737426282355122,0.954215361445982,1.2765011534117259,1.1217532292805565,3.4453008612543976,0.3561268363035457,4.507925137579004,1.3593245529845197
2019-11-04,2.6369309122088023,1.753196407899014,0.9627929277883992,1.274825756971062,1.1242945808415625,3.422430810274111,0.357023284180769,4.520627275670273,1.3548074512503203
2019-11-05,2.640211719545118,1.7420542958801921,0.9586945363670112,1.279070919034825,1.1251958767272912,3.4444958818934994,0.3466888541440949,4.550245860400141,1.362264629353687
2019-11-06,2.625228308561427,1.8081313458807615,0.9326461086798133,1.2822086097063607,1.1285165764247505,3.4787634242914423,0.3479800115349934,4.588741804194958,1.3743639297582695
2019-11-07,2.5974315675453603,1.818592328113368,0.9308742656399952,1.2781295127879497,1.1318667809002538,3.444120201713149,0.33762510995874945,4.552551958168065,1.3636590242535929
2019-11-08,2.638281854691047,1.8243344907071068,0.9465954221984175,1.2757014901660135,1.1359377429337976,3.620849073383967,0.3400967449979949,4.612302986791038,1.373388972271446
2019-11-09,2.582795806262183,1.8443013051217982,0.9503604826278449,1.2748349799428265,1.1320344955737482,3.6668037975069225,0.3335505374136855,4.760840747316814,1.3752316356682697
2019-11-10,2.5361773603121525,1.8279756735187704,0.9474736561649634,1.2841886098704793,1.1281421582145392,3.659866532026355,0.33002938868507214,4.79744626759029,1.3683295761888261
2019-11-11,2.4936054675886035,1.8222809764495025,0.9443538849093095,1.2820353682794525,1.1258235537057426,3.738643418356105,0.3279849212137544,4.716792009023887,1.3622799726951003
2019-11-12,2.4963859246917988,1.779178831554379,0.9630631743144898,1.28550037454115,1.132376624703649,3.7657796372788996,0.3143164943334699,4.826363114513074,1.3507882098747799
2019-11-13,2.467845240796096,1.7848968500523748,0.9792799621996137,1.2896909275941897,1.1365948685897098,3.7453958978171373,0.31231990864996595,4.852373133518552,1.349301385928212
2019-11-14,2.501506078845697,1.8122809480739424,0.9865228106680144,1.2800467686412926,1.137290411746148,3.7388063611862616,0.3134319274435438,4.798439638994751,1.3316958915557993
2019-11-15,2.5196346865144243,1.8013829348349817,0.9936221404802985,1.2775983679745857,1.1438453471686092,3.8069242992830414,0.3153553156840131,4.784047553262608,1.343313724739006
2019-11-16,2.535226733291193,1.8098395547327895,1.0063547970481963,1.2831937485995633,1.1382294728788631,3.7357084940695855,0.3104971993991658,4.677189301968488,1.342739477927912
2019-11-17,2.5588087705175373,1.8098657443614887,1.000206512972378,1.287658458630452,1.138983237589078,3.759518754689607,0.317727032326454,4.669478351659656,1.3706713335064558
2019-11-18,2.5423883187565464,1.875678014917649,0.9888073371978043,1.2897862559135378,1.1361698024333087,3.8360331950908426,0.3147516291877873,4.690785498247498,1.3620286751209947
2019-11-19,2.578892890255792,1.8542886781125796,1.0090788547993148,1.2860613644006638,1.1301679721890894,3.9025037381805037,0.31109016352019414,4.691214425072518,1.3579120639377356
2019-11-20,2.528890416205103,1.8524605609492584,1.0246983770483478,1.2900602577665599,1.1313288480123285,3.9814156000138645,0.3045602653575943,4.669251027320611,1.3635583293903604
2019-11-21,2.5247020112449317,1.8449713964394987,1.0102422143543899,1.2821340963673387,1.1351430844185946,3.999642474121982,0.3101154347190615,4.639561411944507,1.3541118988376195
2019-11-22,2.5257073968163612,1.8740769155317825,1.00773941344046,1.2853462981453445,1.1306873844336602,3.9888192480160805,0.30974258824059103,4.72583799612415,1.3571942285191676
2019-11-23,2.592616322585962,1.8293645767840916,1.009612828070807,1.2861665985918243,1.133604979394842,3.9312187880043794,0.32023943213666917,4.727702146031176,1.342712049819212
2019-11-24,2.592770907707003,1.8197843638729698,1.043635590757033,1.2903464224160266,1.1339435253332388,3.9240855902021474,0.32639479821451145,4.799482528144979,1.303886860625956
2019-11-25,2.618555748161025,1.8214283530485087,1.027528405150043,1.2938828005563403,1.1442451211043942,3.964198876449525,0.3336435595613531,4.930324995559246,1.2933219589060918
2019-11-26,2.5463789991050487,1.8436927448833391,1.0247835290259508,1.288678130651382,1.144001763344343,4.016906280896218,0.33271621954315017,4.873121321533214,1.2906899574073527
2019-11-27,2.546398995871478,1.7803975178995661,1.0233352030402572,1.283609731964639,1.1471318709254847,3.9048395510732203,0.3395215452242389,4.844187280455324,1.2839399624803662
2019-11-28,2.558409898933732,1.7533557365262833,1.0270652077159608,1.2809188670936953,1.1446919925016497,3.934111692850034,0.3318579957316828,4.7532858177803785,1.2873838169595735
2019-11-29,2.5581451091700815,1.7593810898736884,1.0314114096069058,1.2812674392685486,1.1475907767303175,3.941798369434995,0.3186015703514164,4.629613549120089,1.3124613994686067
2019-11-30,2.5589153103983096,1.790177911780783,1.0274420775984747,1.2811725674581764,1.1456244274250436,4.117550119126275,0.32027895933438294,4.593396690737131,1.2910480705128349
2019-12-01,2.635442235870358,1.7856326304887704,1.0369261379754942,1.2845907254534,1.143618070054187,4.168213073247265,0.3164731594907525,4.526074052468118,1.3063400790714195
2019-12-02,2.629979383948376,1.8030126053711115,1.0423503524472733,1.287177628964017,1.1366120968025535,4.125133634264861,0.31448270055726757,4.470529256579611,1.3122056354848328
2019-12-03,2.677590942638984,1.847390738435801,1.0384202150741877,1.2884337825066445,1.1387518532044936,4.172088420366152,0.30902243131270024,4.593507722729378,1.3246259266848284
2019-12-04,2.7166562987345038,1.888148392068689,1.0453876318592703,1.284591749926451,1.138232706567401,4.048932704533232,0.3116495701213283,4.582767160590303,1.3243540818718569
2019-12-05,2.766534154430084,1.8733719453619802,1.0425384509662006,1.2848048892455828,1.1299691724056051,4.030351562002695,0.2962179617188771,4.543434079237321,1.3359446838245606
2019-12-06,2.7859247878194524,1.854063539861674,1.0433616170362412,1.280789914179296,1.1300715774295758,4.243741609231548,0.30721239540839257,4.547929043735806,1.3383513102189675
2019-12-07,2.74582563588587,1.8280469421468342,1.048209296161068,1.2789011618584292,1.1342715996228636,4.364494485433439,0.3093175424485783,4.555779033443572,1.3161242443491261
2019-12-08,2.77744149423342,1.7911458340629007,1.0432658262957515,1.282710660145603,1.139057128543848,4.328718132780936,0.3068497109904581,4.508901055343149,1.3006222256439177
2019-12-09,2.7518281169964665,1.7398539723592705,1.0521301962257472,1.2843571101136784,1.1417249337674595,4.255219646252456,0.2995769397921002,4.513422194073142,1.3017160822959968
2019-12-10,2.7465747466495354,1.7314840588633096,1.074045341540821,1.2861270505836375,1.1508389968847323,4.353265738500938,0.3098420690131213,4.4415823170663105,1.3096978276977917
2019-12-11,2.72961057624537,1.6803343561468613,1.0936488579655803,1.2851224855831032,1.1460970723772705,4.321651671727218,0.3049699628349559,4.396253884134458,1.3070574324760045
2019-12-12,2.8012962312651606,1.6608530470903826,1.1157528662267193,1.2885235755909723,1.1480283448000776,4.380712057446174,0.30511424817338284,4.481940176375802,1.3147296016342045
2019-12-13,2.732188281882031,1.6703739449373642,1.1265842354626525,1.2875352732979048,1.14872292891685,4.333262620535759,0.2967686066967336,4.378606118615819,1.294784259731294
2019-12-14,2.760427281448087,1.5961674642532724,1.117912061385659,1.2847066099896252,1.1475413086953363,4.189329975087274,0.2992251865608244,4.295861755782733,1.309705425280669
2019-12-15,2.7355103251321933,1.594058872090652,1.1182980610812066,1.2857764149357465,1.1478259649349758,4.157960314641623,0.30133800681006345,4.326758482590806,1.2999463561198872
2019-12-16,2.7538259817963264,1.6288905974191799,1.1281063518295174,1.2895014708639798,1.1487300883886278,4.08872733144491,0.2965187414571873,4.348385003963217,1.3124617680830488
2019-12-17,2.869730878767157,1.658329203263593,1.1126002715857704,1.2866622236792309,1.1593145669884792,4.0737666749680095,0.2968598247994831,4.286610742950109,1.3332656442657933
2019-12-18,2.892129122851596,1.6358707422953584,1.0996652882317492,1.2879766930380547,1.159635493895137,4.135598240013688,0.3001666560665106,4.270462200533737,1.3262819775493908
2019-12-19,2.886058161412454,1.6203099222552884,1.09827712972092,1.2881690173059797,1.1555863673044124,4.1833736531603645,0.29800288843038947,4.217387763547127,1.3218839279918735
2019-12-20,2.8974115458121186,1.6233799033676972,1.1041698449195219,1.2917694991431279,1.1617338103807393,4.205707643134955,0.2916887890022649,4.201207072015392,1.3088723814684453
2019-12-21,2.9720280380468465,1.6821027750763808,1.1131177440420654,1.2952254689406146,1.163016100530049,4.23426021957001,0.28242793703144575,4.197388235793273,1.2976009868732252
2019-12-22,2.9854626392320376,1.6809707582321127,1.1394561842146171,1.2989167100714187,1.1644559702059676,4.214761813844888,0.2919515282792121,4.19634174425155,1.3021643116699806
2019-12-23,2.988250297256887,1.6694144703836582,1.1402971879601955,1.291401307161569,1.157363471966783,4.242129736415351,0.3011666845107977,4.219099833933643,1.2930443583914648
2019-12-24,2.924472649953715,1.6936568570706845,1.1328780246878574,1.2940224724732794,1.1592840710857308,4.279500384067243,0.3014293121436513,4.244223163314155,1.2917583688668477
2019-12-25,2.897480942987251,1.6649612575822776,1.1007947994243614,1.293448795189333,1.1664455631946449,4.336595088799518,0.302862362065101,4.198342792965564,1.304899933455356
2019-12-26,2.893164740411094,1.7128269251678334,1.0881653287775936,1.2906679985216971,1.1626090306819117,4.221770157384891,0.2972470232031595,4.205682520128733,1.2958674027427028
2019-12-27,2.7266757529079655,1.7466328520564807,1.0665009094959756,1.2930785595949303,1.1628704530403355,4.3835176160479525,0.30323332548065446,4.174690555730642,1.2870287633721547
2019-12-28,2.788955522590723,1.70093101621254,1.0692637432719665,1.292699220271633,1.1613902302696002,4.412287745581443,0.3044435894833445,4.2041680922585405,1.2890748257448288
2019-12-29,2.807265632165595,1.7044699281638813,1.061123307252879,1.292844007471624,1.1581876430083224,4.351191772790696,0.3024577039325966,4.197477800249358,1.2897867212663987
2019-12-30,2.846695593676764,1.689858609433855,1.0639482542521754,1.2934310661404347,1.1554838387257094,4.357837496585954,0.30858381181175454,4.210060131384056,1.2929671280397699
2019-12-31,2.8174317765780192,1.7504222283260635,1.0559896271883962,1.2870889204286469,1.159575102506544,4.349702692073986,0.3067752525691924,4.176449930103787,1.3174263762884946
2020-01-01,2.83326251489009,1.7684437388688992,1.0583670690172124,1.2882603629169838,1.1661783011214248,4.330932055097696,0.29789755994961303,4.2316660220894455,1.3242335396148839
2020-01-02,2.8387015209877373,1.7841361275706602,1.0539759774524637,1.2884691612561678,1.1656805750383226,4.285687723358994,0.3050421728705124,4.142869252573164,1.3557619798727423
2020-01-03,2.8769116730100075,1.7277510750845024,1.051456979130854,1.2879465095276013,1.1676244016197268,4.210221867347654,0.30529856291164575,4.1361710989680915,1.3460327829523864
2020-01-04,2.839939665576053,1.7570165584049235,1.0303658135958011,1.289921751701719,1.1714659340393054,4.194500688004579,0.305679409678301,4.2091845490610185,1.336814457103496
2020-01-05,2.81516179851034,1.742049050450289,1.0450834632496524,1.2950516173179734,1.1650421292033803,4.2713117832663245,0.3107470137135346,4.308116895045533,1.342229999843849
2020-01-06,2.814137356052807,1.7786562956157048,1.054161941827439,1.3039029004455789,1.1696263735322139,4.283971368680908,0.30351217451647977,4.27143863183916,1.3232246273444745
2020-01-07,2.805903385616408,1.8090165653215982,1.0544317513488524,1.3080299823598078,1.171322676736135,4.253745118046284,0.3041047829791427,4.302540900227571,1.32533151056544
2020-01-08,2.813087237450512,1.784698133032366,1.049269553814435,1.3170231886641073,1.1771955316351828,4.14174768371743,0.2897694723129217,4.308318723551174,1.3374380546757416
2020-01-09,2.7919915374157127,1.8182323559321782,1.050335459306275,1.3165106245232527,1.1808736328155263,4.102923917255163,0.28816585141582785,4.3524897997461,1.3372856410767338
2020-01-10,2.872768442908295,1.8416672935449618,1.0585761454784672,1.3164467554081813,1.1851236191104415,4.079919069394049,0.2898509170880169,4.293537955596065,1.351453398690657
2020-01-11,2.8861528734959867,1.9081242908942637,1.0892828783439448,1.3195930083292595,1.1855665012821825,4.0112574536177625,0.29515373847563003,4.307939634535586,1.3589949794902878
2020-01-12,2.9619051819406947,1.880571702755227,1.077527718746144,1.3187890095843076,1.1895794122281513,4.052122581463903,0.28992545296859157,4.35768898586088,1.3429423565844327
2020-01-13,2.9255740823995535,1.8774156676918525,1.0706949269662658,1.3224414992263873,1.191061049959307,4.181709871682945,0.28855013147883357,4.3505727391434705,1.3594656857895717
2020-01-14,2.9224618214467246,1.9286542734328092,1.0779648796989827,1.3132394759765258,1.1967903890798144,4.251247870699593,0.2940979844765953,4.226735097109425,1.3507244579030202
2020-01-15,2.8975315489905964,1.9002255533818042,1.1008210449133484,1.313324437956593,1.1967350449797052,4.294339155042824,0.29750541353519927,4.016144823152398,1.342264093454825
2020-01-16,2.836996816312237,1.9146777372161272,1.0973350650338456,1.313516396993889,1.1869049687834843,4.271247033140053,0.304200060352249,4.101856350792863,1.3521815918349922
2020-01-17,2.7810172535700137,1.9588478830101932,1.1071979422922569,1.3131859594802133,1.1774095566257283,4.345415995415705,0.3006581596979292,4.123975559135836,1.3533768373468333
2020-01-18,2.846026103664011,1.9552110747712266,1.1073292968448187,1.3195363247747491,1.1744273089406905,4.409979366405706,0.29952398257531454,4.062783476022917,1.3536632252396676
2020-01-19,2.876409073635603,2.0036353516818144,1.1272571578801216,1.318501422697689,1.169906941836267,4.385559986811651,0.2925059514363764,4.0503481368345495,1.3493089605869442
2020-01-20,2.9086603877209574,1.9248787910425764,1.1176717573278387,1.3157634820901591,1.1755792461841914,4.298510134813842,0.29389042515934743,4.043373736192605,1.3636526886563973
2020-01-21,2.9355290739679303,1.9298495733416956,1.1105678328496085,1.3085833245726217,1.1768586791842337,4.340415520797933,0.28469243300038205,3.969358112201742,1.3673663236602975
2020-01-22,2.9513431368909866,1.8962091079741936,1.1032505495411111,1.3015045868953279,1.1834597449670714,4.239727692951152,0.28783691439521925,3.968070410980913,1.3852732657918503
2020-01-23,2.9171553346412855,1.899058254667623,1.0810960396543152,1.294065732643727,1.186401038105875,4.104351215804073,0.2865806931596479,4.029057398221025,1.3958939461362045
2020-01-24,2.888949994719262,1.8455179980817857,1.0880301229921316,1.2994060447383153,1.183376958433677,4.045824680119896,0.2836294739310827,4.064408874278144,1.4133219278205948
2020-01-25,2.836099248349802,1.796484296465489,1.118908369860469,1.2988447424354266,1.1846923661590154,3.996244089361595,0.28646555486739156,4.123752955137762,1.417841677237766
2020-01-26,2.911008772379872,1.786637042737959,1.1157143455790002,1.2998763096778385,1.1870141814435824,4.013440130356137,0.27916403471083095,4.143908735830654,1.4128200565426559
2020-01-27,2.8865136372437505,1.788396303115489,1.1031756440124394,1.2955786924564565,1.1747144878751266,4.14046660178917,0.28232267146289247,4.137479619643129,1.4036759568413166
2020-01-28,2.7628539952857203,1.7656594913556822,1.112983312395977,1.2993702331826507,1.1778499981652422,4.1530993939596605,0.2897414006398,4.117917374656775,1.4191892279347698
2020-01-29,2.7477446743670693,1.738361435877804,1.0998851062184523,1.295350645316964,1.1810729162711218,4.098405482577041,0.2838131244306931,4.162827498060927,1.4241275862327543
2020-01-30,2.7882433526861745,1.755096278456191,1.090275037225762,1.295775918324344,1.181782188308069,4.031417635739092,0.27759974575114343,4.121154164066147,1.453415942907717
2020-01-31,2.7718173610358745,1.7947467154806842,1.0844704934838978,1.2993607037290718,1.1861665607814396,4.10134914238736,0.27980848113103424,4.207123495072803,1.459205683007495
2020-02-01,2.8438927780307326,1.7431323907368146,1.0893283085385137,1.3005950584271853,1.181841703339107,4.144956802731532,0.27152568742300526,4.166681406066599,1.4303267211699815
2020-02-02,2.911234446292708,1.7365644580799235,1.117980484476422,1.303858056052815,1.184078212132361,4.1020478016436055,0.2658977743059876,4.200200581340679,1.4295899025302041
2020-02-03,2.8536238684965243,1.6898448804102963,1.1054541339068373,1.311111290217835,1.1946793965940177,4.118003966263362,0.2667430250212382,4.179851426137821,1.4165165123306533
2020-02-04,2.9133436123907424,1.7475097809535844,1.0939341642859817,1.3109165703472092,1.1926490805309553,4.0876777358693035,0.2731230287352629,4.098430331376501,1.42340743583025
2020-02-05,2.9460417330477457,1.7437373946735881,1.1059858334188533,1.3116283397374524,1.1985747809644227,3.976494146197861,0.2712724822283274,4.094835199999994,1.3856557187060459
2020-02-06,2.8989366144690654,1.7188982276375862,1.1189020579381284,1.308978155277083,1.1947725230704316,4.035802538611929,0.262548843986631,3.968433120312608,1.3809224254654755
2020-02-07,2.836854143098451,1.6759700725883395,1.1269371235508412,1.312548944947876,1.198662053480873,4.11715616500724,0.2691185213744687,3.8425192886724417,1.3874184497122133
2020-02-08,2.8151688811138635,1.654092568596851,1.1348538293313113,1.305866907322615,1.1903859699366892,4.164932918967221,0.271797790114337,3.8511687605438416,1.375487852483536
2020-02-09,2.8474235223800863,1.6750093168710292,1.1363559833468408,1.3013852202520808,1.1884801698757022,4.228577284705551,0.27906670250069326,3.833075780804495,1.3723287287108952
2020-02-10,2.8413717888942522,1.6839673909170123,1.12877329850404,1.2902160097983117,1.19426934711549,4.366024656633999,0.27570450765255233,3.7725139480369148,1.3707217246006635
2020-02-11,2.834232676747895,1.7148165526512804,1.1298520370068803,1.287277067402862,1.188090630075206,4.4349267050671894,0.27906540758563003,3.8332831048189675,1.3577247228187443
2020-02-12,2.9132413155726535,1.6616803876099013,1.139811922531894,1.2800313087960415,1.1844534979012122,4.560428091474589,0.28376132075769644,3.802642499087018,1.3509518889617764
2020-02-13,2.9185123353255142,1.6777231437795868,1.1572726473371757,1.2784073304968124,1.176935605425753,4.574225371545804,0.28122204944971435,3.729215352565514,1.355243443173839
2020-02-14,2.910058262223902,1.6876506002447145,1.145198439442025,1.2804018141592566,1.1708527399318835,4.506988077995763,0.279912037101467,3.8273954352527637,1.3661507862100921
2020-02-15,2.957951673908321,1.7313732167912745,1.195053491847884,1.2806896064933257,1.17762214645647,4.590040305952423,0.285544049249289,3.930021663566788,1.3606955680978583
2020-02-16,2.9367127663909094,1.742031168100519,1.1927919758906975,1.282041377650257,1.1851012189856212,4.551453484884758,0.2838611727651371,3.941083358200364,1.3578609885074027
2020-02-17,2.853280499969719,1.724537172736711,1.202988532936859,1.2876985650390291,1.17974636962011,4.457388217094729,0.28408958905362003,3.819170177343711,1.3520904839082597
2020-02-18,2.779835259785031,1.7677249354658098,1.1922434708161647,1.2942123915255217,1.1851190353540197,4.40642372680745,0.27805575551715733,3.808846249081592,1.350945984956715
2020-02-19,2.795102682560952,1.7437231565853155,1.2032797568326994,1.2953719853344752,1.18362391213849,4.350829060460073,0.27708319999507514,3.762936249298006,1.3520056493558974
2020-02-20,2.79952336183951,1.7526348567559549,1.2291441456063599,1.2949868269944957,1.1884985387601512,4.369679345608355,0.2758183467640618,3.756963005502775,1.3514807141105034
2020-02-21,2.8121114623531636,1.7230718084838712,1.2078995142064584,1.2976582451936534,1.1928870640646212,4.4292006924404665,0.27672839295247337,3.8009509162376656,1.3613928659488135
2020-02-22,2.846178619017916,1.6971021271723428,1.1923617935460284,1.2962753207575424,1.1929234036534528,4.410799222550369,0.26639706864185236,3.899872143094534,1.357934301979894
2020-02-23,2.8544056868716905,1.735799249335907,1.1591668379908682,1.294415059875792,1.1911954909713707,4.384980252828707,0.2655260216712834,3.985306727839519,1.367351017923518
2020-02-24,2.896281328362719,1.7379658130195235,1.140049306093424,1.2864685278949635,1.1840273161853867,4.414253428030707,0.26574784058406253,3.973540290206803,1.3625847480409603
2020-02-25,2.9845478873135165,1.7129177897912253,1.1530844400107532,1.2866045575437135,1.1838571027306468,4.508627852701873,0.273574275971956,3.9600571069884083,1.3737470793488906
2020-02-26,3.0017340196214595,1.7138322626398497,1.1562566436968336,1.284077632169039,1.1825259766771736,4.462407947170434,0.2785608604786508,3.955194090596932,1.3561945202533103
2020-02-27,2.9700610479699088,1.6158237421625277,1.1497423964157205,1.2843510574904144,1.1820002925642725,4.622353046028029,0.2818194990797799,3.987455729935317,1.3341798345574996
2020-02-28,2.954706928863524,1.602315567926373,1.139241828559107,1.2813975098603088,1.1735696851513242,4.517123525592254,0.286802594277919,3.9797052309691012,1.3276903515780833
2020-02-29,2.9553535073222914,1.636626002803573,1.1396411627256955,1.2836029518085987,1.1697128430065227,4.467727248022601,0.28889038457578814,4.093484229967529,1.3469388725074671
2020-03-01,2.982077058062984,1.6417417809371586,1.1591436507885886,1.2867914664273765,1.1590981105904903,4.383864633275307,0.29090187242536797,3.984579073577827,1.3351182850615455
2020-03-02,2.9516681498548216,1.634828428769096,1.1554933190729022,1.285804032478675,1.1630404699371069,4.363812706776277,0.28872226028763825,3.904737745400164,1.349061542163604
2020-03-03,2.9228230829303956,1.6034944146438912,1.158794663896046,1.2829742043783836,1.1607099566974803,4.384987161589637,0.2868947487180503,4.040912118654603,1.3483218713715563
2020-03-04,2.9507874069701265,1.5480928923279087,1.1471745148366201,1.27891905509993,1.1563949955039199,4.418662476848259,0.2928940912658177,4.062609624817869,1.3455356367159983
2020-03-05,2.9237498566343736,1.579743334959619,1.1760317648397447,1.2795651229484835,1.1608557339884846,4.446856487589092,0.29737832854459295,3.9924556625033203,1.3392366962382893
2020-03-06,2.9419707873709124,1.6148528730706262,1.1648387523786166,1.271887863579751,1.1586581670959764,4.528600172654035,0.28801747974096475,3.9227721463210177,1.3415926624981893
2020-03-07,2.937735618040138,1.6327783805221021,1.1480129814445104,1.27077504337657,1.1643132782234389,4.4322671943362515,0.29658261438454747,3.8607481964389705,1.3532562219493984
2020-03-08,2.922182136232986,1.5997826257607364,1.1415120266597607,1.2729795681191438,1.1643977887621706,4.522386042818879,0.3051582417243983,3.79300959346639,1.3365263328258585
2020-03-09,2.865866115022713,1.5745292095620695,1.1569801701340956,1.2752468540178061,1.1619757129381456,4.52238673641175,0.3137899813487498,3.9023247473181093,1.3402603780121116
2020-03-10,2.752408717322036,1.5835845911037518,1.170305084784527,1.2762337636655263,1.1654686812720676,4.5523573926018805,0.30610435209454046,3.851229359709493,1.3362241545704892
2020-03-11,2.797221293785037,1.5623868651752344,1.1770587183471155,1.277524135268305,1.1729798810792713,4.5498525216507915,0.29542278919078147,3.889368303476526,1.3650606095773101
2020-03-12,2.8279508680971466,1.5408604416668477,1.1621296700042116,1.2739995656269394,1.1824965571922401,4.523955243703206,0.2915666745557492,3.880902900210556,1.361007648409735
2020-03-13,2.895297826295084,1.513339757615882,1.17894303525564,1.2745936014170376,1.1883240256342313,4.65373459374228,0.29211947117326503,3.863338111646935,1.3621805489027292
2020-03-14,2.892050575833178,1.468809135657833,1.2012601492547565,1.275660888808614,1.1829143032136278,4.481474654286656,0.2785791539269615,3.9087601757992627,1.3540213929735971
2020-03-15,2.8731842549188227,1.4823027572926655,1.1941816302792754,1.27787999436451,1.183483351541283,4.475584506515451,0.2698721602106305,3.8614799286208905,1.3624506550024698
2020-03-16,2.8446525950956203,1.5150566854853103,1.22816423706887,1.2805241272975665,1.1906686666367594,4.534541785317303,0.2670424857191317,3.873845449151624,1.3901536495508768
2020-03-17,2.823166063184591,1.4873191922531972,1.211816961999753,1.2798165248371112,1.1860085224082557,4.672085092451014,0.2682514219522522,3.931084981384754,1.386279772453698
2020-03-18,2.775728522492898,1.4528593585153637,1.198976669554027,1.2812788130997674,1.188593465611422,4.723746810323228,0.2603183009517235,3.9318470702129416,1.3723329407936593
2020-03-19,2.7932766491051644,1.4659690707623003,1.182471464922116,1.2851278884595392,1.1998319636200736,4.795675507431363,0.25952259100165287,3.913964300190678,1.3697383534939913
2020-03-20,2.762240530744103,1.4732156017510252,1.1666718120265376,1.2779708912694334,1.2010058872848541,4.798467526615648,0.25660986506848843,3.839440661217634,1.3739810362282896
2020-03-21,2.7220426785422704,1.470120378253266,1.1917315285049,1.28059529306919,1.194548642321605,4.689315210555336,0.25744035257957804,3.761001617116213,1.3467525039260266
2020-03-22,2.744596381379999,1.4792010818702366,1.198532954820376,1.2817338774457396,1.1943560298980078,4.634359278677684,0.2601493200030605,3.848062231548004,1.3402715402186636
2020-03-23,2.703396961985412,1.4495695045845745,1.1864268577357469,1.2826410830105088,1.1842535571719328,4.671921074098417,0.2635516205024545,3.745045082600414,1.3274159178118898
2020-03-24,2.7074391208566393,1.446405884160564,1.1941809279767435,1.2822262634620027,1.1903632137719935,4.645846852805779,0.2584227320934078,3.686054525638809,1.3374441270581512
2020-03-25,2.7094543141709755,1.463483433852739,1.2033253325962514,1.274584772499958,1.1850538005376916,4.56142600479459,0.2542566258967539,3.66354994673538,1.3510746834572958
2020-03-26,2.758975648167092,1.4563532914235497,1.200057858683686,1.272014825729134,1.1855950747960402,4.578966402373847,0.258408512291595,3.7081594590053997,1.3202415642226928
2020-03-27,2.753490323924816,1.4932191281817515,1.1941087169030644,1.276489424660853,1.1842603233244973,4.594299631901585,0.2525845493448328,3.647758256849126,1.3300838538174864
2020-03-28,2.7907375425518817,1.494526770501983,1.1768773807380033,1.2767848217631022,1.1903343232809216,4.739349005900589,0.2510351556474923,3.557665858659652,1.3415274111392874
2020-03-29,2.78002265521011,1.520493771930902,1.181199894479948,1.27352859616994,1.1907306777597713,4.851908974208818,0.25033650478190506,3.5031550268260685,1.3204836196343253
2020-03-30,2.7486571321611186,1.5098769960696898,1.1931772491621213,1.2693736482458944,1.1982501509714087,4.7361000213937166,0.2620596936700274,3.5945270429210754,1.3226117935578727
2020-03-31,2.681547560511364,1.5089746435762297,1.187996364375507,1.264647945747007,1.1997647853056392,4.666831828989253,0.25836514546314693,3.584264022929126,1.3152725039459172
2020-04-01,2.7659421618840967,1.495027397080657,1.1946379437487256,1.2653265147040833,1.2015776309772668,4.703809896904642,0.2629710802660917,3.59930607197707,1.3184935509993767
2020-04-02,2.7691981073703533,1.4919005153726093,1.1819251149743115,1.2652219922399834,1.202857394665179,4.738801360069068,0.26397186811232026,3.5874487872754233,1.318004654867022
2020-04-03,2.74703151484501,1.5009086581837339,1.1791434084343861,1.266033863449048,1.2077929737699902,4.679241922956852,0.2671748783738014,3.589953374326203,1.344907681524344
2020-04-04,2.7389428670150546,1.5202898353978616,1.1797143985141338,1.2608875452744814,1.2053982145430204,4.754336642893952,0.2649162115517555,3.471112115261155,1.3447543214738007
2020-04-05,2.6948868492003406,1.5245051721938765,1.2020272393873492,1.263924231448444,1.2129278831337957,4.707234401000909,0.26421065313949627,3.417426010638856,1.3358245685501604
2020-04-06,2.6582275690763315,1.489257067609367,1.2220894099841169,1.2561183859472531,1.2196966946477246,4.813754693748166,0.266904506254577,3.3609783039355228,1.314956649607726
2020-04-07,2.637158310579288,1.5066101414752164,1.2225009652735794,1.2523117210813022,1.2254205106396863,4.960665191424806,0.2657482803960476,3.3671626840084623,1.2953789348397429
2020-04-08,2.6215574074897527,1.5210553983862787,1.2280734651191467,1.2505296770594658,1.224198798209963,4.921724995250948,0.264321399675694,3.389212623049455,1.2701509496876793
2020-04-09,2.6194202018926798,1.5312457997454318,1.2200347219023708,1.2488564694371518,1.222115728757117,4.880269800132819,0.264405368123565,3.3964487322120926,1.2437252773416476
2020-04-10,2.6458585484700534,1.5238652257407614,1.2487001186017048,1.2445167611227985,1.217998105518281,4.8634213440064435,0.26664342974003497,3.2977428037201593,1.2336622954744951
2020-04-11,2.670120548560649,1.498468135821166,1.269603753821307,1.2429466155598117,1.2137381659072795,4.917815777346282,0.27526997070063464,3.3189998687674334,1.249458470192883
2020-04-12,2.7380738618573837,1.474202757638665,1.2842812568707587,1.2373901326810357,1.2159224214023492,4.912486232052496,0.2821679620142495,3.3780242080075737,1.2568275682219225
2020-04-13,2.7511520484842844,1.4882823318338916,1.2856185153157735,1.2372867026756769,1.223060266221559,5.051666874283819,0.28142496186432825,3.3907409356802876,1.2581051991114047
2020-04-14,2.6854669820477133,1.47986484449934,1.3106835129491186,1.2346273681854527,1.2335274286079383,5.159258657370001,0.2837410788908224,3.419944198191349,1.2468173950180381
2020-04-15,2.67558867629049,1.5188521561017803,1.3014112763260641,1.2386811378474103,1.2268563139749349,5.049021544177152,0.29458784583459907,3.420020951336871,1.2403526482338438
2020-04-16,2.7310833617749344,1.55351963455196,1.3161810641964156,1.2366872405513722,1.2255709730478141,5.078352920091897,0.2987379955308083,3.3946195883788275,1.2427184610365924
2020-04-17,2.7428567057738342,1.5901234398759594,1.3284920821672064,1.2312205821707984,1.2246462537249472,4.9944681753723295,0.30219192907631043,3.442304828997033,1.244229059710266
2020-04-18,2.732648052426214,1.5927392824181918,1.3322212009993843,1.228979392631513,1.2187987584145987,4.811158693351046,0.3099110117197498,3.4686229487240685,1.2489883728700018
2020-04-19,2.7853279959983883,1.5573829802277421,1.304873936360606,1.230518929892956,1.2203503934435163,4.662188272541847,0.312201384644144,3.448493335554325,1.2391577345196312
2020-04-20,2.7722331785590586,1.489562822662246,1.2960053728126386,1.2280420383860318,1.223191869244088,4.6498421338338884,0.3162529398604446,3.317301992635566,1.2290078155413293
2020-04-21,2.796185150615837,1.4818773289144433,1.3095428311433122,1.2215164578838993,1.22689134376951,4.59727796590429,0.3116597006033625,3.367279488187614,1.243533472800466
2020-04-22,2.8404221850442117,1.5368483903550727,1.3298428969994964,1.2187236928949918,1.2277091312773163,4.568390683152704,0.3243697433084641,3.4237590331188277,1.241433391771523
2020-04-23,2.8786788286898046,1.5033764895792916,1.3342355553989793,1.2154163601727779,1.2195395019355884,4.63381758597562,0.3303290064634926,3.4479245733247543,1.2394102645123486
2020-04-24,2.8248608345998947,1.472550891704833,1.319116852320352,1.2146858707837014,1.224911225792879,4.723191303760514,0.3195036783194248,3.412760914388705,1.230732396967661
2020-04-25,2.718437742411719,1.4881454663559046,1.3156160245045747,1.2143950414488889,1.2316280071869545,4.7316437485658565,0.31681517969667106,3.442728928746015,1.2440104223052295
2020-04-26,2.73134220304868,1.5072017833241682,1.3137125757201116,1.2142182580291838,1.2323079678764581,4.668447076649054,0.31327913188390466,3.514572466080044,1.2692384074975311
2020-04-27,2.797394166082873,1.471905178774967,1.291723273105845,1.2100023364581607,1.2330936255348883,4.433357888042904,0.3096526028374326,3.589455666854157,1.2819617461488115
2020-04-28,2.7768713082502225,1.4610124947205083,1.3009034218576818,1.213518368828992,1.2305873022319018,4.415542047501089,0.30620920564464943,3.5184912610339167,1.2794011077088479
2020-04-29,2.765378079206796,1.428444197231001,1.3113795597150786,1.215399276230517,1.234134936281215,4.355379110810732,0.2941226648311477,3.5438594667211336,1.2711603225029817
2020-04-30,2.7292621806576727,1.3966942318483486,1.3074403455550423,1.2212720635237815,1.2317631781235174,4.270813089190567,0.2980164571481816,3.5537545751189747,1.2444748364671667
2020-05-01,2.7571967107268764,1.4507636453300317,1.2670320305596756,1.216866790992535,1.217851511322576,4.265878251904476,0.3039790883884759,3.560089182618004,1.2620467676221778
2020-05-02,2.792373727668967,1.4957933929949536,1.2850524306335467,1.2155174935550797,1.2182983481359915,4.200029368244586,0.30263759116727984,3.564103094454951,1.2612276068435497
2020-05-03,2.8494325420280857,1.4875021726355897,1.271064587427108,1.2124679630278952,1.2216126082859298,4.094791368727892,0.3014803887273004,3.6357861310646027,1.265170184739797
2020-05-04,2.8470986264372096,1.487135671042861,1.2557421896795506,1.2094714646949947,1.2207810239766033,4.115604843322321,0.3072576574876437,3.641561247413736,1.2825381143152472
2020-05-05,2.9165051119890824,1.509018589625754,1.2745780423644804,1.205997692640045,1.2152914210700356,4.154799891542078,0.29907716931926703,3.6264284568455913,1.2926854520584783
2020-05-06,2.97921170392255,1.5027171065045515,1.2650195590464788,1.207277720337677,1.2101942776639003,4.142671965555937,0.2990891321172731,3.6256315133265975,1.2940880606795
2020-05-07,2.94281252106146,1.483653826833454,1.2540576647171375,1.2015307367080446,1.2119700214893874,4.210213402139251,0.30391230377523454,3.6120808862877256,1.2838517563162486
2020-05-08,2.976551041555093,1.5013102189337515,1.257705778293932,1.2079384205342323,1.21196311073274,4.191587335062152,0.30154289811246665,3.528233054523804,1.292599151412374
2020-05-09,2.9727342681753246,1.5156909127261706,1.2858815773011318,1.206643202149007,1.2007499857745214,4.228721724955236,0.3026095119721995,3.4901746814929675,1.297992732525747
2020-05-10,3.008678920488689,1.4904713643927858,1.2816176167035325,1.212109611017333,1.197404109429686,4.2346421704763095,0.2867865982311753,3.413294221682893,1.3002968967400883
2020-05-11,3.065000839724595,1.454526360645984,1.28314885337466,1.2108645881126487,1.2020887760554144,4.1426637967332445,0.289310765665833,3.380508300856846,1.3034571126348053
2020-05-12,3.069089445974641,1.4485162237830518,1.290891042702705,1.2111442472218854,1.2015704050725566,4.116915079795635,0.2898176288099994,3.3924437033819097,1.2908247612604575
2020-05-13,3.0539217954889746,1.4215834589942553,1.2906610768231908,1.209113162419548,1.2053951629904356,4.167590539919207,0.2845270163221602,3.393004779032057,1.2993250563224006
2020-05-14,3.046807303529429,1.4035180965972136,1.2741292025802566,1.2123327921945872,1.209868206756777,4.152824530001595,0.2889436585457775,3.2427687775068064,1.3168341715467036
2020-05-15,3.040548637035945,1.4076612512734497,1.2696108694410224,1.2175302113195445,1.2048558117065515,4.263872245138842,0.29129144667095036,3.2737046724360597,1.3127624601968066
2020-05-16,2.981795240140435,1.4318015068476422,1.2747361618319109,1.2226254174314737,1.2040424071853901,4.232549136853859,0.2994364695714422,3.368244066263325,1.3131477189112637
2020-05-17,2.949021247895849,1.4532635724655332,1.271232872261899,1.2249457018593872,1.2029140943528434,4.352551437971805,0.29530730350746337,3.3931958328433742,1.3069929696806684
2020-05-18,2.9374534218044386,1.4430660193824636,1.2828815563636065,1.2284430312807264,1.2057180333554411,4.344961883577131,0.2961942887073783,3.439566648287195,1.319400405385836
2020-05-19,2.8197962674472317,1.4365722236056784,1.2798140512218341,1.231032291529557,1.2055165780427137,4.402077714749328,0.2898636643684809,3.4536716841885835,1.3315416025078453
2020-05-20,2.758280316652094,1.502145399451702,1.2984873460406205,1.2311603926358163,1.2016424908738728,4.389084838404617,0.2904074622821479,3.4771909754465797,1.3517898343514547
2020-05-21,2.7394096051913035,1.5179611534987276,1.2787384572849512,1.2297558822215504,1.2035733710086718,4.4445748303079,0.286090657133471,3.4548956600303025,1.371803848443089
2020-05-22,2.7879755825673156,1.524264077197862,1.2448010687494568,1.239143097874452,1.2035977719583595,4.420457647054392,0.2831590293759418,3.4750912718132736,1.3773813640484354
2020-05-23,2.8285668847178553,1.4994656436020937,1.240506581570614,1.2468154223377947,1.204799398878685,4.407614278247044,0.27788310973090047,3.502158808421665,1.3918578931027323
2020-05-24,2.866522899574085,1.4930802957962444,1.2462563635665236,1.2531928561795584,1.2100806721860848,4.346282636921401,0.2637888502578939,3.518449406930086,1.4032511981853035
2020-05-25,2.820548552212982,1.493441305593325,1.2426866008086632,1.2537102480872322,1.2075651744562832,4.448112553200225,0.26462225884586676,3.4727614501843536,1.416406147088141
2020-05-26,2.7679091793746458,1.5285683873994027,1.2578383219939442,1.2590627457028871,1.2069215597403506,4.409280300927599,0.2651198638610424,3.469057570224896,1.4074440314445622
2020-05-27,2.7457538663321954,1.519099347612368,1.2405555678064033,1.2617494469401234,1.206789777724936,4.385687069014587,0.2592853489540866,3.4093703718020154,1.4349724270116404
2020-05-28,2.720743173434527,1.5364011464875726,1.2433488196425682,1.251370844366944,1.2155629020244616,4.440567415105481,0.25535629354706624,3.408601567080068,1.4187689570389963
2020-05-29,2.796089549885949,1.5119142327620794,1.2359173138500903,1.2487571270642444,1.216075283182589,4.550985218968703,0.2645459253475509,3.3888830041566584,1.4244193318487424
2020-05-30,2.800363599774835,1.4858050361325508,1.2722170295851314,1.253987269924628,1.217116807152874,4.681479120968065,0.2710119923713386,3.3937220583698315,1.429347304324195
2020-05-31,2.86472125396546,1.461094962542652,1.298150268382692,1.2532658037954227,1.2246613575903686,4.6819749890681335,0.27289610146960014,3.39265430738421,1.4220312812991875
2020-06-01,2.8539761902448775,1.4979496295588541,1.2624901223209528,1.2487328694237292,1.221229995052224,4.592033283805955,0.2811920316695135,3.457335786488861,1.4307345650802805
2020-06-02,2.827528218762618,1.5345459374981882,1.238808889223269,1.2568820350961347,1.2180077562764504,4.57129275017866,0.278833708683739,3.402375863663511,1.458563970874359
2020-06-03,2.8618358046808483,1.568733272758138,1.220989823429657,1.257689975812336,1.2206680249914708,4.594485740725702,0.272418450769087,3.457945168535211,1.4606285693826062
2020-06-04,2.8217001013814675,1.5169736875546638,1.2302449240469262,1.2670614856488847,1.2158329380791308,4.609500735641927,0.27852333342630914,3.3927809387796466,1.453910309406541
2020-06-05,2.786139959692191,1.544467592492034,1.25018260647603,1.2677927179750388,1.2118608893481932,4.573683823015003,0.2750668671348276,3.343724607480741,1.4527175475471898
2020-06-06,2.810999007253827,1.5587147407571913,1.2504341577500333,1.2681364945634155,1.2115867625608698,4.467803922008768,0.27600283659689534,3.3151211039276363,1.433434999686283
2020-06-07,2.827473101673184,1.5421749994011629,1.254226783389801,1.2714880695552564,1.2071027346138767,4.4761059196494,0.2660644001482646,3.3919921200156153,1.414240351850806
2020-06-08,2.8064867623890706,1.5799441578920663,1.2510733122023014,1.2670477877442803,1.2106664554820303,4.53263727678114,0.26274824615698855,3.3659623191085033,1.408365470563117
2020-06-09,2.798613558340347,1.5267419408624805,1.2487249395858635,1.2739554061380556,1.2064486389897673,4.485938037611064,0.2565809265037142,3.3975432212339194,1.4255925597920345
2020-06-10,2.8490019450259516,1.4930556156821457,1.2565887858493834,1.279562402500083,1.2090288133042268,4.525465316747906,0.25421195289291876,3.4094402194745235,1.4435025382892435
2020-06-11,2.863882665450887,1.4601054525091386,1.2500890802396853,1.284332404636558,1.2107202123104874,4.536069013312577,0.25144604787070424,3.4709089752826463,1.4677882068433057
2020-06-12,2.919006211739484,1.498603540750037,1.24508312990861,1.2825336877383564,1.2100841232851078,4.540125703093326,0.25869282244302433,3.532303458300462,1.4759853546482573
2020-06-13,2.85721726770801,1.453668822929164,1.249049408130672,1.2860488427529086,1.2098200004065773,4.697524057150335,0.25314416643263826,3.468985932441411,1.4664758618222313
2020-06-14,2.8279751970194242,1.4680211069248572,1.2431032556857493,1.2802056523352032,1.2142555802019837,4.549650064743031,0.24777134238329485,3.3852425356320386,1.469806540527538
2020-06-15,2.8367156643099176,1.5192494324543955,1.2571079573590984,1.2858704836781831,1.2157787892783614,4.470555432140644,0.24845572450208017,3.4160019160373074,1.4804451087726929
2020-06-16,2.817465195071175,1.5332237265393125,1.2434100871073082,1.2819745111329017,1.210474177615275,4.473431196471531,0.24265261194807314,3.394921201676133,1.4941083817161545
2020-06-17,2.77481737889169,1.519918998873662,1.2448519147585908,1.2830522167287057,1.2081777115638508,4.537685241528102,0.245566638330786,3.4536460362117403,1.4931879822011866
2020-06-18,2.7543051459348273,1.5018511496422877,1.2498118158559537,1.2817287902608143,1.2055478963770485,4.50197742152365,0.24225792017663805,3.4646469925772148,1.472394097477284
2020-06-19,2.7676504274835962,1.520741249706949,1.241474884074972,1.2892475533841559,1.2057534245042045,4.376353461578893,0.24094370532960227,3.4685961433375048,1.4792991480845834
2020-06-20,2.7577935571103005,1.493659486592492,1.225534635308971,1.286848524301552,1.2031838416328107,4.287821866194738,0.23746055970365573,3.5036007919845935,1.5039799615767437
2020-06-21,2.789872006884786,1.529366162779117,1.240228086760138,1.290193546754933,1.2016784359950758,4.299555043987557,0.23551044172596067,3.4927865517307666,1.5053059770992614
2020-06-22,2.820570341957114,1.541631405445073,1.238191692819165,1.2905375332848885,1.2038821396389374,4.352065939201009,0.22840275937673982,3.4370387637797726,1.52227544994712
2020-06-23,2.818841209504573,1.5304802017035746,1.2346479960257397,1.2896456222544983,1.206689293173729,4.266137465039089,0.22856162604203512,3.450414914181146,1.528612194247003
2020-06-24,2.8291101351169115,1.5453049106700165,1.226533452561718,1.2861308115044132,1.2186693259228492,4.243856434492501,0.2277641540923729,3.4861874409029197,1.5533159322374042
2020-06-25,2.8068509179403054,1.5181404981361462,1.208618900941996,1.2924062535779866,1.2137307562897364,4.242600223886578,0.22335789786163993,3.4111460752239453,1.549085082482312
2020-06-26,2.7682095627369097,1.4998479501340498,1.2380768850684558,1.2941829093498043,1.2183743421830817,4.306425359158896,0.22295200776610596,3.3893291511020665,1.5532511084362843
2020-06-27,2.7760346310883937,1.4850916998128139,1.240377447303704,1.291569968136422,1.2176605798434736,4.281296925601698,0.21733864432524233,3.2704742808739753,1.5389757483193653
2020-06-28,2.8519912968827157,1.4774074312991912,1.2522994814171147,1.2834675164959177,1.2128713451087958,4.177771684764507,0.21650275985532105,3.3899425223578343,1.5463665091896284
2020-06-29,2.925384977088696,1.4712320734507025,1.2731858737705093,1.2915787361567217,1.2124620298165445,4.138054591960609,0.21083986631077423,3.374905063174491,1.5479422052489111
2020-06-30,3.0153824106021796,1.4375268358705493,1.274479357695729,1.2846779286590675,1.2105135411167107,4.162076480674773,0.2130434935517566,3.4053984987942783,1.5544033784403775
2020-07-01,3.0425399369587676,1.4392853686619298,1.2588358937837438,1.2776700479538705,1.2079875004269163,4.152823860868918,0.21842894246538488,3.400940746590741,1.5516587834072337
2020-07-02,3.0610474241428114,1.4328658453571614,1.2714576168922025,1.2853846207960178,1.2186940652460905,4.160908293022395,0.21994436911277976,3.4821648764317947,1.54964221626387
2020-07-03,3.09315132871808,1.4041614124762198,1.2670964285448398,1.2899713151024375,1.2153148916262846,4.152149908873862,0.2130635870395381,3.5876275479881103,1.5695245608802684
2020-07-04,3.1028065804613454,1.417550416884844,1.2734962504019105,1.2954574795916542,1.2129144014463662,4.20770906762005,0.21769736423656652,3.6537471274697086,1.5343770848493283
2020-07-05,3.0758459305155292,1.3921123737477386,1.276164300726371,1.2877519810587557,1.2031110310290858,4.372910920182037,0.22043029074425036,3.6611099345162263,1.5402640700386043
2020-07-06,3.083520516316411,1.4176608541163522,1.2668619176152236,1.288601697092775,1.2043257942767747,4.291384803594479,0.22610409174209423,3.6373670834025917,1.5562431032734652
2020-07-07,3.0897606087115905,1.4599135652961206,1.2514105740819228,1.2845370911647962,1.2000832166081654,4.302539485552752,0.23311995879197414,3.7250145511316672,1.5206056248620141
2020-07-08,3.1022605671510832,1.3760661086303945,1.2637249315758343,1.2889745351368294,1.2000100390153356,4.309904006408006,0.23350991669748686,3.6819286906144617,1.5274742884414396
2020-07-09,3.0924229265444465,1.3996591071351259,1.2623809307747011,1.2857739220150597,1.1927578279248068,4.166155058970475,0.23968629763225582,3.657381860064343,1.5329514169999239
2020-07-10,3.1760681684303615,1.3860397550369286,1.2532542577246546,1.2853927090032624,1.193017528042891,4.308537258907097,0.2472403497108774,3.6921750136888143,1.5554768161933534
2020-07-11,3.1685304528885028,1.394057942640533,1.2490957548966095,1.280545357941474,1.1988818044698069,4.350634154865241,0.24737916761861473,3.6927767727180325,1.5323590884375846
2020-07-12,3.1230236066237436,1.4030506717589317,1.2415395349844232,1.279837038204385,1.1984998116430894,4.29805918684615,0.2426397868855313,3.604204175940638,1.5304203740906164
2020-07-13,3.152939450167423,1.3621020562550181,1.2415537209378165,1.281044474551713,1.1938756139143534,4.408942892889721,0.24081651694406933,3.5994506078959847,1.528258356871089
2020-07-14,3.0701381639874517,1.3873793159571823,1.227690252465816,1.2802635991010325,1.1968491330549986,4.525763397470467,0.235663369634221,3.576064063813812,1.5496909367824905
2020-07-15,3.0924141906056613,1.4046953143817646,1.2125729893087172,1.2789351609881512,1.1961653232013425,4.4567812336999975,0.22781780789467926,3.5493956433672262,1.5709881564567216
2020-07-16,3.096086747831942,1.4400054726316085,1.2155416723069026,1.2761290196945017,1.2023979139732246,4.474705830811485,0.23224585174328993,3.4932267321519723,1.587621092372306
2020-07-17,3.1466561826699726,1.4480922677465817,1.2041361657493155,1.2760804929920242,1.2054582145657,4.494494145024631,0.2350842803632391,3.546965444460271,1.5776437407490655
2020-07-18,3.09308079186259,1.4476930309895433,1.1997327386429968,1.2792165108762723,1.2003977087457491,4.577942850318891,0.2414955557925871,3.547691063014665,1.5789174691808223
2020-07-19,3.058397466002904,1.434131192972504,1.1942139198546764,1.2848819308043096,1.2001726544101716,4.469907458681723,0.2427771936791934,3.5923719325859635,1.5788320281252817
2020-07-20,3.1267165651588815,1.4547757352352781,1.1795375744352143,1.2828848408272877,1.2013787140623116,4.336742629526113,0.24445894401389331,3.498166517943387,1.5953060897139084
2020-07-21,3.170206395018994,1.4685758316876216,1.1703247485895285,1.2836681811820585,1.1990318087906022,4.257143128028098,0.2428516606237016,3.5355058880528323,1.5963241214182553
2020-07-22,3.2401432051196264,1.4894061842881305,1.1799264319482934,1.2776005645480297,1.1977840553786647,4.176433214184335,0.24201137989151464,3.4994467619577914,1.5906155872932048
2020-07-23,3.292690036333572,1.502743070062034,1.1945402610949012,1.2715932236732606,1.1981815984530892,4.249941319094372,0.2493505972252288,3.4188848577721753,1.585342956907099
2020-07-24,3.3447586613165603,1.4981431590522474,1.1818482563787323,1.265807477639404,1.193754549727904,4.121592113626096,0.24969201034118632,3.465534354574114,1.5656692509697465
2020-07-25,3.3586927456778732,1.521536482501437,1.1821644008792849,1.2598175717390758,1.1957180923850204,4.118362248550471,0.2489603895365168,3.437801212521875,1.5673411888668212
2020-07-26,3.3853851791623386,1.5876193474523252,1.1841125898674427,1.2656548400565362,1.197548761097844,4.111807834269755,0.24974983062169792,3.3754874711677147,1.5724485311084706
2020-07-27,3.2852421815204873,1.5636018507880651,1.1860286227182797,1.2703149138695133,1.2045214858708406,4.095122782408538,0.25057758807137415,3.426003116409376,1.551857418667563
2020-07-28,3.3061731578348588,1.5409263847743668,1.183938958252058,1.268692633118153,1.2067395308917397,4.136505906993219,0.2550933905042698,3.444582271104397,1.5548316119149816
2020-07-29,3.3991108656271654,1.4992621033278115,1.2083841227963739,1.267716417619372,1.2096158746253254,4.113085530710608,0.2515601346573163,3.470308677667826,1.5713459186164171
2020-07-30,3.42424769607572,1.4852318823865336,1.2611134149664065,1.2724015438219844,1.214252778883302,4.087776250550915,0.248465110886545,3.456435819804635,1.5886528253991026
2020-07-31,3.374393851100225,1.457268428166947,1.2696569165788998,1.273747222123202,1.2106327827452086,4.00830307649851,0.25566014862673664,3.4756365502201088,1.567308704939737
2020-08-01,3.30992813843682,1.448368575828798,1.2812033056820262,1.276148269271887,1.2162340345691744,3.9015768101843364,0.2568558542160354,3.550670868555442,1.5885112842220641
2020-08-02,3.328740610578006,1.5101622552803056,1.290955083936789,1.2802679820311829,1.2165718942589534,3.847510493892386,0.2524111732492035,3.561053840516008,1.5854692532337369
2020-08-03,3.24143178862027,1.4828822546164742,1.2864098339099448,1.283189346326398,1.216615331295834,3.843289175480738,0.2474795000023261,3.5630034861597344,1.60670028829363
2020-08-04,3.2499685098970628,1.4432423734001274,1.2674761021006482,1.2855842481044952,1.2156453702441528,3.8388984322767232,0.24449621295698676,3.590620978862621,1.602186782585049
2020-08-05,3.241846194037806,1.4217062803240907,1.2818750052581993,1.2848599520283812,1.2187228024316552,3.757188829852098,0.25302366942044907,3.660137593366495,1.5719086941041733
2020-08-06,3.2038223786251434,1.4344979674773757,1.261958841623292,1.2844811981252973,1.2209244582551466,3.7454473652227445,0.2558010530742274,3.62280437815859,1.5369465910701723
2020-08-07,3.251981370571304,1.4602682411344612,1.3002512660391528,1.276104377495983,1.2247133878463516,3.61347173880897,0.2648384699082493,3.6500406305503064,1.5226233424146125
2020-08-08,3.2910159992670494,1.446315655338549,1.3053287383843253,1.2770204700483727,1.2333802834531147,3.7322417358710673,0.26172786065049225,3.708702566132903,1.528330746120069
2020-08-09,3.2222659148008685,1.4287687934886653,1.3423136006963026,1.2785191342819,1.2384360551661637,3.7187429728337786,0.2589538493783219,3.7109610458875544,1.5245694621762926
2020-08-10,3.1510577242477145,1.4035369391462456,1.3541187309135254,1.277186825204547,1.238687234182469,3.735211853405823,0.26062695045199114,3.775526891585307,1.508123995189984
2020-08-11,3.1789565303044203,1.4231731230910682,1.3705444908510038,1.2719008646578507,1.2400736681570506,3.8513372256704863,0.26016240626938136,3.803663705701702,1.5201949532083667
2020-08-12,3.1310113563863102,1.4707196935422102,1.379170710983796,1.2740103229800108,1.2319535299749584,3.907188572374413,0.26284941741009316,3.8970926025084203,1.5157671541200606
2020-08-13,3.085565118100192,1.4532470995639202,1.3712270479002149,1.26986145797052,1.2384343941100002,4.001346196605914,0.2618727126020073,3.8749126942251806,1.4885518290198
2020-08-14,3.1187022942293323,1.4970798251679143,1.3611535524415597,1.2695435436118048,1.2407096034804581,4.126346373119744,0.2629714059670344,3.8870467847006633,1.491518788214389
2020-08-15,3.0529741226881235,1.458691357314358,1.3483642325697363,1.273528224032129,1.23916935148872,4.087835706967,0.2601461747490049,3.879798013154716,1.5172043516048455
2020-08-16,3.046965989335659,1.4386294597263016,1.3491772254788958,1.2803610223769524,1.2368009285003652,4.001753694124117,0.25759158473589444,3.8880676320841125,1.527949814130615
2020-08-17,3.0938991794244406,1.4121257173265882,1.334187672204079,1.2792473812884142,1.240310935027204,3.9117937021999434,0.25451425702669667,3.854275829983818,1.5426448539785582
2020-08-18,3.119343132187395,1.435661518512978,1.3560205003090147,1.2782022997753433,1.2345439547679722,3.829421712169601,0.24520866825298,3.828523476602104,1.5370261925538304
2020-08-19,3.157128674788273,1.4366728787532752,1.348448561390149,1.2778853104896724,1.229536775429512,3.9008684518570895,0.24140344381631437,3.7638253767526324,1.5499046578448092
2020-08-20,3.1852664676846487,1.392672851276949,1.3626882046503008,1.2751700880011247,1.2278198280090766,3.9147803606308527,0.2442839898429185,3.789728729165539,1.5494425021452054
2020-08-21,3.1659330152801264,1.4035635146533967,1.3611611025974195,1.2822040070234755,1.2308226284309345,3.8504938683415646,0.24199944620748026,3.793226204091611,1.5698863301780779
2020-08-22,3.2338947542303393,1.3941169357321925,1.346319531972092,1.2782490578371761,1.232188490799569,4.010936699534455,0.24465705559039078,3.703293787883714,1.5588028682707225
2020-08-23,3.2045998296900673,1.374047165085364,1.3404566794376,1.2797934186421658,1.2356730270397747,4.090560783427091,0.24727098416260146,3.5954825599572717,1.5426333346075805
2020-08-24,3.1979617877850646,1.378239434380645,1.354715144372867,1.2800871984575652,1.236047224685977,4.108887937808839,0.24605924883280825,3.6008875665465148,1.560309323759676
2020-08-25,3.194896018603051,1.3780412034678604,1.3545755750385629,1.2851989981139935,1.2306924044507193,4.241051321333651,0.24031926797332215,3.5662711399878546,1.5722416062844025
2020-08-26,3.2452308080326686,1.3437789894091376,1.3372201806540307,1.286398767914904,1.2423565102246361,4.337037891051419,0.23917488179983967,3.4375753377805034,1.5738396756447373
2020-08-27,3.263840428507762,1.3350598625860526,1.3239700832483217,1.2871416577760124,1.2377982485613939,4.484081152867196,0.2464780619296131,3.472187216399723,1.5755663441099128
2020-08-28,3.2324995271062407,1.3350943481034463,1.3504118386481254,1.29062461441622,1.2389305481684245,4.559555135254101,0.24921697871956375,3.493520900965126,1.5913308820701129
2020-08-29,3.2585386512253263,1.3562608357179244,1.353432229988891,1.2897697337499576,1.2363378982788777,4.50569961738942,0.24126610755540318,3.4464313861761453,1.576677055475239
2020-08-30,3.234718153861282,1.3949419315490956,1.351279266511489,1.2908341815749196,1.2378131938081225,4.635357686121133,0.23853697553661898,3.4356170662306016,1.5753179697585116
2020-08-31,3.290834118264502,1.4292489973894507,1.3593801936007335,1.2957377096815468,1.2388166196293209,4.621883357429535,0.24420806850385227,3.4614332037462816,1.5640460865993366
2020-09-01,3.341056571301746,1.4244569150791275,1.3543914283263916,1.299338581756875,1.23850031436154,4.655166711821207,0.24748992986339652,3.4214739128184792,1.570378136012824
2020-09-02,3.409688878065076,1.4005026655801334,1.36210997866562,1.2962352373254626,1.2436841698030743,4.740888350565174,0.24578560362662352,3.5355610094583523,1.5880704135423025
2020-09-03,3.446867903201505,1.4174641479429035,1.3786012115949087,1.2924931005330589,1.244776659778172,4.774536459248798,0.24386780707031683,3.5609178021406453,1.6079482003954904
2020-09-04,3.426095228604722,1.416642532700123,1.3654396733614127,1.2856933369453856,1.2487795238355979,4.773279761590142,0.24414864239418557,3.508922689546521,1.6052869893787618
2020-09-05,3.48347857840582,1.4172301334442814,1.366327489196221,1.2866223594513104,1.2427285270456203,4.827926981212719,0.2380683738088156,3.460168897595409,1.588765138599125
2020-09-06,3.475367735714451,1.4088059068404395,1.366717301800789,1.2832568532386575,1.2478510307717472,4.901371802247285,0.23728839747637478,3.436032486859192,1.5798782617447145
2020-09-07,3.460242327399364,1.3738613017159593,1.3513891739929156,1.2866964450868565,1.2494822839622226,5.04653544049629,0.23591594440154243,3.418087125465036,1.5737499309583078
2020-09-08,3.444714603284073,1.3580905112043091,1.3561891172204088,1.2869374590305775,1.2470587156450894,5.161196159540379,0.24491181061630665,3.4785826807986,1.5828481572150612
2020-09-09,3.4851092071710665,1.4040149928018137,1.3689696153353197,1.2848068599938662,1.2491401690097246,5.22040744978921,0.24008843280572084,3.464411066170391,1.6005822585557112
2020-09-10,3.390828670131255,1.372975431154976,1.3664823554637442,1.2862985705915024,1.2424815901396793,5.2095374833080665,0.2456765800996884,3.468671501397578,1.6159332660312404
2020-09-11,3.3617295556531097,1.3535086943057415,1.3808119535035768,1.2878521576367523,1.2367135134466818,5.1354831969282255,0.2534133347875306,3.4212605605792334,1.631354581716885
2020-09-12,3.3386250592216458,1.3539727238880326,1.3861075212385785,1.2798636832972274,1.2296013356177238,5.1444908053794,0.249793033551482,3.4730882769053597,1.6054793260552747
2020-09-13,3.3679342671745323,1.3209737250772473,1.380666688927159,1.2759048943282854,1.2390812170390713,5.021481611447488,0.24923319892658033,3.3838210788333627,1.6314811895360861
2020-09-14,3.3892170394585515,1.324758995910523,1.4055073061058498,1.276596775861353,1.240293392133552,5.03439211778185,0.2520925732854659,3.35950284002409,1.6283114286627973
2020-09-15,3.431429803526859,1.3319030411392612,1.4040021104262976,1.2713607284322048,1.2478495089487434,4.975458647772015,0.25712049531764997,3.3690314139719555,1.6075756882628207
2020-09-16,3.4969156634052823,1.3385382246543127,1.426921243447507,1.2707921427291282,1.251488493825995,4.818604885856234,0.25459960440445406,3.3053739023637903,1.6018722693437208
2020-09-17,3.522713026035167,1.3245070759147557,1.4421409354333095,1.2676534920930438,1.2560450964205632,4.933170247851191,0.2598113913862898,3.288969874503301,1.568145592014354
2020-09-18,3.554531948883994,1.322051141960891,1.42564181159518,1.2656647501447695,1.2633775124698134,4.833164410792729,0.2622967948349093,3.300380536581799,1.5628548622229375
2020-09-19,3.589963488905973,1.3614223731704502,1.4210061119268882,1.26486795995812,1.2666474614701058,4.914015377125348,0.26167931037162817,3.285922869664314,1.5285088367193953
2020-09-20,3.549145124111054,1.3340474229131123,1.4331066894101117,1.2640689316790423,1.2653401718234645,4.914197133064126,0.25717750266162187,3.3631378110329817,1.548657547144775
2020-09-21,3.6363533046384586,1.3509918398122334,1.433029678010985,1.2703187260072184,1.262020087068006,4.838116704483591,0.2541350335783398,3.3901877605161213,1.5371648790596235
2020-09-22,3.628969344442479,1.3125785547973878,1.4417327137053542,1.2646641434299553,1.2574406651742225,4.945082667479342,0.2601850652874633,3.4099006728899472,1.5417097157982271
2020-09-23,3.60115549100593,1.2948426442881644,1.435898165048366,1.2590478173643116,1.2588361655561926,4.950418215093462,0.25537985683612646,3.490818395983637,1.5513749053793937
2020-09-24,3.6396072863244404,1.284002068012884,1.436306016218712,1.2615433987192686,1.2597313610494085,5.094149717563032,0.25439006800144104,3.465096621845577,1.5615248203226944
2020-09-25,3.571656877107673,1.3058780539458377,1.4143182658088944,1.264086359869109,1.2565907320785925,5.1388687854660535,0.2590573266900231,3.4737639301638485,1.5431047463770984
2020-09-26,3.524683772131847,1.2892726855079213,1.3825808469272478,1.2684884566519283,1.2572698318389723,5.034861550943554,0.26665120289742195,3.437914959087827,1.5472799632984033
2020-09-27,3.4821089117894144,1.2429508161992737,1.3603582285800644,1.2669085906941748,1.2619131650469673,5.067273958760601,0.26745225044892035,3.3349479815934293,1.5672412077707456
2020-09-28,3.494836700431254,1.240776251301054,1.3792523491995299,1.2717766745010988,1.2678673268982432,5.045750424086846,0.2621380996099206,3.3850850684868647,1.5461609602719948
2020-09-29,3.5979653161730734,1.241897902874618,1.3621073996814603,1.2672038670888655,1.2615147799785,5.059507825701692,0.2621570138171912,3.323006560070195,1.5409588122516913
2020-09-30,3.5252179446590883,1.255568010221089,1.3616236892004259,1.2658920481191303,1.2551410485595815,5.033184214318237,0.26003496876154497,3.3395082800686433,1.5438406822659794
2020-10-01,3.5681582773189655,1.2451186989076652,1.3316340118305656,1.2697824870982413,1.250567151344785,4.933907137280772,0.25986273956606204,3.35531770493714,1.5359541820147307
2020-10-02,3.5403966135474865,1.23685301114696,1.3546692617602694,1.2698992635809103,1.245850197936906,4.849832864177567,0.2586108031095741,3.367960102537687,1.5436950863889751
2020-10-03,3.548052293040603,1.2186048277478676,1.3481840595711292,1.2728222207434166,1.2402633473735623,4.810143960728116,0.2617527322602928,3.412852388409188,1.5410258003018262
2020-10-04,3.52723195972112,1.1900917621656493,1.357092427167739,1.2779852192280505,1.2531132399452904,4.844565501484585,0.26153872505005954,3.366447291167227,1.51238033567035
2020-10-05,3.537652774127795,1.2409159449239588,1.3781948707345237,1.2823938756467101,1.2544696238365776,4.876885617571899,0.2489129571257511,3.40562485581195,1.5039209788866588
2020-10-06,3.5014770545445395,1.2341918865697086,1.372704068121457,1.2797612405700032,1.254664679171619,4.8288531870633395,0.24946217338887341,3.330334434829457,1.5010025033629641
2020-10-07,3.4449476898766314,1.2204354755226934,1.3754780094442458,1.27373101476207,1.250662763686922,4.879272976395517,0.2424613775072144,3.419813884083757,1.5193808974358607
2020-10-08,3.4204268751261147,1.2036303543792377,1.3792238196022861,1.2683273551551273,1.2407718085491524,4.839906844748614,0.24185983681113055,3.425341699853769,1.5103445221252731
2020-10-09,3.48681462765328,1.171719087935216,1.3607985677543402,1.2703058289761846,1.2351305284197136,4.736304921012896,0.2425049001767547,3.371896643747124,1.5086365576627965
2020-10-10,3.4512566206994695,1.15401447501518,1.3268770373383734,1.2709647232187,1.2290922717365627,4.7229089472200325,0.24006964221170912,3.3621261656253205,1.5066802275641464
2020-10-11,3.4623159094297216,1.139358874976721,1.3470619655223237,1.2640478787699634,1.2281011753932325,4.794943498697278,0.24240682846446543,3.313635787873007,1.4948038885766304
2020-10-12,3.411067095767771,1.1521038542710291,1.335505406767132,1.2651417469529433,1.229522341019911,5.000316118928719,0.2439739947181789,3.2739809774846393,1.4732764664579154
2020-10-13,3.397976134123816,1.1500951091678444,1.3004772443303505,1.2625588810293704,1.2311076996322752,4.953401142649874,0.24874916980467648,3.1981053333378027,1.483543477046021
2020-10-14,3.4455761599279393,1.170356261749941,1.2764310603500606,1.2638765611953604,1.227937577024348,4.829018446459165,0.2467399345787142,3.155331730267701,1.497499919251746
2020-10-15,3.473126815124225,1.1465465334623757,1.2657209667136697,1.262559485192047,1.2277047347774037,4.917460996705034,0.2501981542865092,3.158395177269563,1.4938962029188894
2020-10-16,3.3817825014142033,1.1736691892663367,1.259309888546905,1.2685749760210916,1.2287905624768178,5.097711098760869,0.2532822044884149,3.091183597849967,1.485016252629705
2020-10-17,3.3742173714089603,1.1556790799933132,1.253989644525538,1.263499639087732,1.228941562557945,5.120515276474749,0.24824640004521814,3.1817670682845756,1.4862564381328212
2020-10-18,3.33389171834421,1.1222433110033692,1.2552678545696996,1.2626386075500522,1.2329137027787902,5.108325046154382,0.24236932151793572,3.2621409685256073,1.4930281922382316
2020-10-19,3.32218432192236,1.1260179691595225,1.2627850304835406,1.257352482834742,1.2338146876076328,5.067957924938808,0.24487687444870213,3.2265747300130085,1.4842984287010923
2020-10-20,3.4060464416143463,1.1514169007373882,1.2132248420914211,1.2618415907351266,1.233574577269318,5.004368852360362,0.2399931737975161,3.1812840606307398,1.4745030098426095
2020-10-21,3.3494822666586734,1.123802706514824,1.1984422290133767,1.26319199034373,1.2339450944624395,5.0554405189563685,0.2397226062651466,3.1195665455388273,1.4820884567433847
2020-10-22,3.3000092774922667,1.1373322318450645,1.1820343084757405,1.2607130646387001,1.2322847392036516,5.1178210474941155,0.2406143611859093,3.121126390679663,1.5103321538304515
2020-10-23,3.2100683581559135,1.116529518224131,1.1670528962686342,1.2541422824450088,1.2288613560164172,5.182202442744947,0.23781530684132302,3.1061604504971805,1.4846179208283827
2020-10-24,3.1726778554840975,1.107697125630786,1.1763995954218884,1.2479659462506842,1.2267476714949541,5.284616882137856,0.23574591753988244,3.00821258466028,1.5039057172419554
2020-10-25,3.2086035276755576,1.1254747220146317,1.1521358787821,1.2537532225685168,1.223075887714772,5.237214391903478,0.23247952976693315,3.051543052391818,1.50150250068257
2020-10-26,3.2327518483826614,1.1274625561908032,1.1511675039163833,1.2503174971777788,1.2320637371334853,5.100307923681766,0.23444283787344916,3.069394118104035,1.5191354896860718
2020-10-27,3.3010319332056106,1.1251253321864612,1.1588397264384727,1.2570624863689601,1.2318657357830847,5.003423481413323,0.2326870105327618,3.0099409056123276,1.5250877179164488
2020-10-28,3.35472930180414,1.1231240190378606,1.1366461835530857,1.2610410294343528,1.2232362750476231,4.865192970242467,0.23190360740988075,3.0219107744492755,1.5318323802028053
2020-10-29,3.352407516195804,1.15915472233473,1.1378760575623201,1.2650814103217685,1.2272091241535876,4.752944565356529,0.23116276588558374,3.1187624336545614,1.5244129369883597
2020-10-30,3.319489194704163,1.1631774070577774,1.131820009059639,1.262195615736354,1.2249594859018673,4.87640788080085,0.23057737534688838,3.0572569283228432,1.5016725597746676
2020-10-31,3.430367018364194,1.158966683151186,1.1380619307771547,1.2594009484384334,1.2266547610820593,5.00547632142462,0.22761554816309695,3.0788986438620336,1.4808631882015224
2020-11-01,3.535483726694881,1.165032305359331,1.13276592984219,1.2584014596731317,1.224274863537761,4.965130715898512,0.21651931230368088,3.074990025195341,1.4790879489499307
2020-11-02,3.562459195505581,1.154527689712355,1.122624915613182,1.2584979478147533,1.2165013639931233,4.978941809770093,0.2085002196520338,3.127302615678494,1.4895047209921841
2020-11-03,3.514035442381021,1.1687289393644034,1.1244639668469782,1.2548142856941016,1.2067796877116892,5.0082968655097195,0.20522976090409864,3.179292594192614,1.4900116550650842
2020-11-04,3.478214277158214,1.2070177817422643,1.132579625754001,1.2411804027988693,1.2045524948530724,4.88452381079774,0.20198796006568084,3.173026253051131,1.495585021438636
2020-11-05,3.492894032278054,1.2309188043127104,1.1415713798675795,1.2434446147141474,1.2056437824246533,4.998637909005144,0.2007506765821788,3.1598437599060913,1.4673846688033405
2020-11-06,3.5492779367736986,1.229706763366594,1.182100895049316,1.242056186850631,1.2061915214868562,5.048809683401135,0.19636668341542785,3.177470050003021,1.468186762277096
2020-11-07,3.5341746132855496,1.2561539084106415,1.1696356592977284,1.2432047240803121,1.213330555578518,4.985602667586282,0.1952399864366346,3.289887569141529,1.475445346449598
2020-11-08,3.508400011600642,1.2748043341024808,1.1620130002864222,1.237492511943607,1.220112413066734,4.887610314344167,0.20485248122694186,3.266397819167183,1.5072155899904451
2020-11-09,3.437424847714024,1.298845721866719,1.1693298652960222,1.240726375237902,1.2249588103902254,4.84479771916313,0.19953105355172887,3.264556335280962,1.5108785799211624
2020-11-10,3.414127118793036,1.3058542563165925,1.1743059559912115,1.2374631664322528,1.2270166004766958,4.822464091054244,0.19677760123276591,3.3037657039839963,1.499441361851799
2020-11-11,3.39176453888416,1.3080701803880939,1.1940245956362754,1.2383026023346713,1.2297321763518816,4.7975919159198135,0.19650805675288374,3.3020042732076784,1.504139205143899
2020-11-12,3.377724283461955,1.340144058514717,1.1890359670105746,1.2320841891732919,1.2433467705198469,4.770280969369451,0.2017083272251927,3.372244054509032,1.5186573720281171
2020-11-13,3.3687043805206844,1.3475956973825003,1.1712074160504489,1.239563486410929,1.2392347442490994,4.7494338048113125,0.20214799686501347,3.367483807202931,1.508985448976091
2020-11-14,3.4401717329236563,1.3711853965887828,1.1760849871635588,1.2382016286222777,1.244634218274947,4.710676357108086,0.2085374577607355,3.3737753234430627,1.5278444703621004
2020-11-15,3.4353303624119995,1.3734994053299676,1.1937322044197347,1.2464750138732588,1.2525270254332839,4.785992644022583,0.2110369186324776,3.348795113786006,1.5326606905305165
2020-11-16,3.389311577758331,1.3833392627607934,1.200393955824014,1.2392672279499015,1.2528463627555886,4.822690430425529,0.21072580861000842,3.367450355839657,1.512403173268596
2020-11-17,3.3508836831275866,1.4096626691873135,1.2007623086985926,1.2406547573217344,1.2502328191984133,4.825347214022754,0.20106608620994884,3.410857393957019,1.540048887530132
2020-11-18,3.2983576993139065,1.3863666129903738,1.2074752409647995,1.246264548857922,1.2503473539402354,4.719538330301798,0.2002673824014566,3.3588452936647353,1.5300563374150258
2020-11-19,3.284304662119198,1.363730237163724,1.196565860716142,1.2466678425592925,1.251547866510462,4.599512702160706,0.20189508247791144,3.340274211343417,1.5413827557695874
2020-11-20,3.323740828207348,1.3509087983293033,1.2057432484438342,1.2436622908025634,1.2583000276391492,4.534271136782415,0.20335982972095698,3.3315422763706732,1.5260167956339161
2020-11-21,3.3696541079591307,1.3365157126978584,1.1815067650008886,1.23303390300756,1.2540215825891763,4.64747534399447,0.20851597129860203,3.296297970468649,1.5206077541026233
2020-11-22,3.3471660603681492,1.3049715647271618,1.1684086017283317,1.236786578261883,1.256674529811094,4.671249966324539,0.20298968664173173,3.301936447063341,1.4858794304049057
2020-11-23,3.3904852186428727,1.311567345423707,1.1498977502885597,1.2429077772224988,1.2477714197499792,4.716773685565357,0.20528416744740638,3.241197139262079,1.4856141906619729
2020-11-24,3.3082577551442296,1.2448941634512307,1.135507337962422,1.2407328441911205,1.2511117346896061,4.723440116575036,0.20570929231586726,3.192526271739046,1.4780373903551538
2020-11-25,3.263103678688553,1.2179427872654556,1.1277581894931534,1.2411342673660037,1.2483711067775274,4.696879985839892,0.2086094428537784,3.1691847024330015,1.4586164722523627
2020-11-26,3.291661718678765,1.2242581782945208,1.1325442982374236,1.2435886302038701,1.2507761762435892,4.700248195809441,0.21862875689452432,3.108733989965218,1.450354616526645
2020-11-27,3.340411279654972,1.227890005381631,1.1431846384549618,1.2443463105639188,1.2577758026572228,4.6159483259825285,0.22454248938193822,3.163960485771524,1.4330912034083905
2020-11-28,3.3730136307720238,1.2274298919365227,1.1352063708918594,1.2374204562326188,1.2528160723313826,4.675706478513398,0.22824223677104505,3.154593083351464,1.445085963868612
2020-11-29,3.421851161771679,1.231337438632002,1.125706960022677,1.2391815064227527,1.2553817630135542,4.733362610547237,0.232238316779485,3.090767877913598,1.4380060651109443
2020-11-30,3.3254257222576147,1.2483864490011158,1.1231766664144753,1.2409069950607399,1.248097140435677,4.853673589765883,0.22673733809774096,3.1272959621981196,1.4399897969352098
2020-12-01,3.3169736816950697,1.2428150476899202,1.1149137296092066,1.2458527397479222,1.2482849183196718,4.743757358097958,0.22504152328246352,3.133941733214022,1.4532060993437548
2020-12-02,3.287886158293737,1.2312817513837186,1.1155617013313366,1.2492418011365827,1.241575364236839,4.787857145055465,0.22299786481355066,3.1193172294473253,1.4825837613748343
2020-12-03,3.2791829974822204,1.2485005956517614,1.1255202827618305,1.2449443197171983,1.2325347372472657,4.859568126073013,0.21820989463965593,3.0420743744460252,1.4980939924897536
2020-12-04,3.230023450192829,1.2316392023762417,1.1525243032281807,1.2388699798180127,1.2264643259771788,4.820329219764165,0.21720500822444935,3.001900195020732,1.4810358688815806
2020-12-05,3.3041522133914847,1.2379621304195025,1.1609631149094362,1.2384838543608538,1.2280069970847896,4.902237362059954,0.21292042651312765,3.0144257435036734,1.491640712379521
2020-12-06,3.3817071426249545,1.281862790080916,1.1622846596140397,1.242838260611692,1.2150138581622112,5.040191676479371,0.20987190142138018,3.004127073298542,1.498518734594947
2020-12-07,3.3749381975247594,1.286908408187521,1.1847775591856797,1.2415299743192032,1.2098528495487684,5.205723412719409,0.2121249359581348,3.0913476509195337,1.5117600943494567
2020-12-08,3.3089449399094812,1.302373088841583,1.1711438773990939,1.2416818077331113,1.2096074216858963,5.055184571251585,0.20871901348443855,3.194220929152484,1.5156661408486611
2020-12-09,3.3012220542725443,1.3453931079156725,1.1659266378735516,1.2414654309129443,1.21452231238084,5.019731326492192,0.2056444958418689,3.086874834670961,1.5017750862312695
2020-12-10,3.2553667060036062,1.3497712868649505,1.1577354212250484,1.249626895459732,1.2095057088761194,5.147290933682071,0.20658944445437658,3.124848366659493,1.5132789776606628
2020-12-11,3.1480257646436076,1.350030512841056,1.1544396522164062,1.2455044584519992,1.2118503407108498,5.307359975162694,0.19558647558697678,3.1004212859290794,1.494729715983854
2020-12-12,3.152359549067896,1.3426577490242992,1.1463953706218617,1.2482053603842953,1.2199027532135238,5.562663816840608,0.19273236410545977,3.0163591503879963,1.5033871371979417
2020-12-13,3.2294576609429795,1.3628599406358188,1.1688373949498043,1.2474858199075114,1.2170502573393738,5.575334710218754,0.19149674463300453,3.0469643680006366,1.518267178660576
2020-12-14,3.2811976255391753,1.3759306779584612,1.1726359621034692,1.2505836765788916,1.2076157231396523,5.597581820800795,0.19173603152418728,3.057312486484909,1.5172404725527515
2020-12-15,3.303437033122672,1.3622500020567467,1.1888819904130896,1.252485750986695,1.2084643671569075,5.528422027805954,0.19490089121058063,3.0674012981321117,1.506081420837105
2020-12-16,3.3016203966691826,1.3782203224459637,1.1971077251705093,1.254440914940141,1.2090324971526734,5.631608651691791,0.19976482422342723,3.101939743618718,1.4975351426141998
2020-12-17,3.2502111105870655,1.3652775714364602,1.2255317085120736,1.2556264716712644,1.219437149493525,5.620550592852141,0.19877073984041915,3.0991143478530763,1.496454310401543
2020-12-18,3.2134682420782172,1.3375907405418264,1.2332722152236109,1.2597257181164323,1.2314850973198728,5.577796006943775,0.19740854214773212,3.0638822541438806,1.5135995979038568
2020-12-19,3.25371632710604,1.3170121444560698,1.2202903268886784,1.26345141270311,1.2334958472278588,5.6550540417777695,0.19396270308890454,2.9781981122642214,1.5006588508491672
2020-12-20,3.28825940958434,1.3675841512330869,1.2143675649607342,1.2722040578315783,1.2377135137611759,5.514386939520227,0.19483178726420872,3.01739005036184,1.4645607588263732
2020-12-21,3.321032726167608,1.3969994930817264,1.2205443453819216,1.2720957123133119,1.2369811508378745,5.492529002100554,0.19028838868257036,2.9868756148252618,1.4587523980619097
2020-12-22,3.3276828125562186,1.383556634063587,1.2081807792974932,1.2751224256412468,1.238938618943105,5.440316298248066,0.1922532246515878,2.9671700960134855,1.4599641111715185
2020-12-23,3.3773506775357816,1.3690744768124867,1.1915454114911626,1.274694744799171,1.2323055149484792,5.414235023855475,0.19121260608939603,2.8581109821555515,1.4680031869456789
2020-12-24,3.369108771629842,1.3987479834222667,1.1949846688132488,1.2776352434100824,1.2382947107742919,5.402481220490252,0.1912477005288545,2.7912221868369618,1.4864932411865013
2020-12-25,3.3627564484502477,1.3739857381906584,1.2059506485802394,1.2694081111130955,1.236292268246747,5.491890116899547,0.18961168411576607,2.7617222361057547,1.4806044269027812
2020-12-26,3.2623817364594747,1.392230361388487,1.2045340997505312,1.2684979787178576,1.2350872857408235,5.494380339631567,0.19212759365893542,2.7601178049616704,1.460740096777485
2020-12-27,3.291523750239863,1.4052814830325573,1.2078662313137094,1.2727166527892726,1.2353608757373788,5.6053930284985185,0.19757330052420674,2.784778610973584,1.4501068784847895
2020-12-28,3.28605394288529,1.4371805416322672,1.1865213816651063,1.2713473865727132,1.2337896704621527,5.519216888690913,0.20106196668618276,2.8010757649476816,1.4400857937213818
2020-12-29,3.31688598085329,1.4336573047099315,1.1742025193399592,1.268755420438265,1.2360650306766088,5.613607517311987,0.19914476751475504,2.8245113014783123,1.4631524277949968
2020-12-30,3.255248095145544,1.4434091244345015,1.186259076160839,1.2685201304436184,1.242311031479727,5.836911585107345,0.2005521448888448,2.8151795511576805,1.4777398059500015
2020-12-31,3.297341815379985,1.3785438235860097,1.18657601294479,1.2671453103556,1.244406590010149,5.8177323747479885,0.20025061035785857,2.779291103436914,1.4888897845581837
2021-01-01,3.3801896167706222,1.358061288375129,1.1670394419979107,1.267348065845225,1.2443883934954165,5.941515045635331,0.19536771969067815,2.7574199511777167,1.457210628383026
2021-01-02,3.4509192548109446,1.3647291021837324,1.1608994199584826,1.262447466049065,1.238388071833687,5.987008062968805,0.19107969111686918,2.76227323460026,1.487272080157167
2021-01-03,3.4339620782760742,1.3416569919937615,1.166569353103231,1.2579312177645086,1.247031943945264,6.139468145492172,0.19049050981029617,2.7256471551676187,1.4812371781296898
2021-01-04,3.4197626994032824,1.351456734225327,1.181472962475458,1.2541454260987697,1.2521991932213472,6.208956739709379,0.188594026332657,2.6817623867945692,1.4832551077870038
2021-01-05,3.3664355106138784,1.3768996037103867,1.1658933590650067,1.256331550292384,1.251920622152742,6.147542409280097,0.1882438769817114,2.725742612912371,1.4658675398916918
2021-01-06,3.346632964317112,1.3588190060582976,1.1657028455581193,1.2538766248259752,1.2431918247390161,6.032014867048925,0.19444747284182512,2.7363755254246134,1.4692736598134901
2021-01-07,3.333449955098497,1.3580998407261644,1.1600401606337947,1.2559841225925366,1.2438174428953963,5.906049339396721,0.19547308410492664,2.6360021821970627,1.4756482387550334
2021-01-08,3.2639796818179345,1.3562949375123416,1.1437583807214735,1.2561203586861613,1.2468189162761958,6.066994425717784,0.189486300031071,2.675099615230852,1.4778787209897666
2021-01-09,3.242894349271245,1.37538806704621,1.1408634159278999,1.2589498847909184,1.2419948755743198,5.999080814207053,0.19310018294534065,2.735238550689902,1.477656567750826
2021-01-10,3.1082839649886878,1.3710103621280605,1.1416496002112084,1.2581966297320866,1.2437899981420637,5.948782248828323,0.19637852531521857,2.687917011582407,1.4962284752217359
2021-01-11,3.181487727472986,1.3490261077547048,1.1294759645834385,1.2598726557739848,1.2380077656569646,5.897225035402053,0.2007480533768638,2.718193981536162,1.526155982446439
2021-01-12,3.1905923888357828,1.3347330627695306,1.1305093471498489,1.2594294766462641,1.2374553313869336,5.895877715589417,0.19704719592749417,2.730244459378127,1.5049628149095051
2021-01-13,3.1572430437628345,1.3324108705134088,1.100195146269907,1.2624608914184217,1.2274163289425846,5.968117419749726,0.1919917164576925,2.7142076030931244,1.5130765306698752
2021-01-14,3.262291127282415,1.3357367487194352,1.0743498944559637,1.26619914592943,1.2264004288270538,5.976820843433854,0.19417221641411228,2.624148378057903,1.5134780534849361
2021-01-15,3.243221703489182,1.365647939545678,1.084046294563106,1.2601454405088683,1.2327170084170125,6.0263773641006635,0.18820242425128303,2.6268677739750483,1.5294426152205725
2021-01-16,3.1851334684524577,1.4000573404262142,1.0646943930397652,1.257280271095744,1.2281911084557533,6.1769452404679095,0.18639185619123214,2.5815746498600367,1.5365577486533264
2021-01-17,3.217678254020614,1.4174399619336722,1.0615470819037385,1.2583660619878863,1.2251194855868768,6.364393478074553,0.19069454503018707,2.624026973241172,1.5490671101290376
2021-01-18,3.2437285758456755,1.3862583738994763,1.0699328949800682,1.258923261056816,1.2314330853668916,6.4581635575818535,0.19283177500617973,2.558260009170008,1.5479982455106234
2021-01-19,3.2175569284330403,1.393110076011378,1.064918569667739,1.2580069697139789,1.2338173068266574,6.409220455189313,0.1933392756092168,2.500465901003625,1.5354222849038752
2021-01-20,3.250185058386687,1.3628190454441893,1.0811571944527218,1.2618101739517118,1.232616901611615,6.756454162716236,0.19818475836930693,2.4653613786282373,1.5471862920655373
2021-01-21,3.2543711212149833,1.3443108485178674,1.067600662000519,1.2657024545649835,1.2297920125580253,6.745415640933475,0.19457372930023198,2.4381872556480113,1.545531898139816
2021-01-22,3.2742967711994755,1.2822165053956633,1.0681377052646153,1.262995923219346,1.2368134493189722,7.104066339125403,0.19321451881228538,2.375688157178482,1.5476473753711149
2021-01-23,3.265189511376796,1.328227962119116,1.089819909578414,1.2664011179914263,1.2340346061427856,7.192155328067842,0.19427722323903943,2.384762924951879,1.5238410014925792
2021-01-24,3.3181735132654233,1.3313367459557852,1.0888280686521339,1.2642476415344786,1.2302406087050872,7.234665673056431,0.18751962884092713,2.413481388106503,1.508082878844975
2021-01-25,3.216703069440841,1.3755292919189541,1.0779430058966373,1.261635102248333,1.2359466532737122,7.477603982613455,0.18180777502604992,2.379348677124371,1.4950729672285494
2021-01-26,3.262772771027346,1.416663640230987,1.064292980478146,1.2671159428959267,1.2325649345902363,7.5243405946488195,0.1772209332182229,2.3754728223359325,1.49371076567074
2021-01-27,3.248327253752526,1.427047044739113,1.0517509578052409,1.263883314849493,1.2348470144904888,7.707608219333395,0.17717551612187998,2.3938947604068646,1.5053330305500834
2021-01-28,3.2897680415079673,1.4031248199993736,1.0422598280464725,1.2613931818851176,1.2444967699562552,7.779654878326695,0.17885271526283628,2.4075244871182493,1.4857517577861823
2021-01-29,3.3863979279571836,1.4157885484492385,1.0516171548108764,1.254838271654372,1.2485022766571714,7.73132903064595,0.17415681927122406,2.3735628513080225,1.4672557202015082
2021-01-30,3.322304377199205,1.4178978762613121,1.0470519233556472,1.2562213645446194,1.2569969656474407,7.714853051678697,0.16637239505404183,2.3654230185408016,1.485059319478163
2021-01-31,3.319018312227609,1.4574968597592908,1.0530570793278067,1.2494191655386366,1.2576736435691647,7.757639806434425,0.17000049717642113,2.43045925662254,1.4988365937677741
2021-02-01,3.3419434254266944,1.4758196195869615,1.0512499473687213,1.2440608646367437,1.2580081650693364,7.810199568529325,0.16594204937915205,2.4793098461302407,1.5142058293043505
2021-02-02,3.274180772808193,1.5126929450343025,1.0476759367800734,1.2412797980543668,1.2635649264852526,7.804584195697848,0.17227833187483735,2.4480871022266393,1.4882878112986302
2021-02-03,3.261389942617732,1.5347873457273564,1.036334094810307,1.2364508458305108,1.2648483415249674,7.6005226513144555,0.1733695176749641,2.436068596170593,1.4959445533379947
2021-02-04,3.194670279449151,1.571264539461109,1.03436877651085,1.2394066656607188,1.2698312139002268,7.443693397438792,0.17646332275661644,2.384482403614199,1.4757472413126176
2021-02-05,3.289743630354082,1.6033393291633626,1.0604182888562568,1.238154069115515,1.2704784654809942,7.515840542955433,0.1764555740170866,2.3582720769141403,1.4628184455520907
2021-02-06,3.301283832216523,1.5731909747238688,1.0468042550896315,1.2397397928837297,1.2701219217001358,7.644133783003923,0.17499130539643848,2.3381823361840106,1.4693068264451705
2021-02-07,3.262063348520355,1.5551837603486545,1.039349488117022,1.2390838387255396,1.279253775926156,7.456224166320013,0.17956035491643213,2.3645261720726607,1.4926244149838188
2021-02-08,3.4165229964356194,1.5958769387021572,1.0512063905851556,1.2343288680563578,1.273311784075246,7.506057268781711,0.17349812387150412,2.386827410562059,1.4610565744844826
2021-02-09,3.4765974312201857,1.5872741955158518,1.053118706719613,1.2316810883545872,1.2637694510515955,7.674376962787745,0.1781676572178223,2.3747206665571903,1.4710199512233821
2021-02-10,3.457255828838709,1.596151529932558,1.0630282066282717,1.233855319275508,1.2706745337255616,7.74758938445354,0.17830336615769837,2.3480732503065944,1.4642752456013846
2021-02-11,3.5003013292821583,1.553641422019086,1.0774531673457404,1.2329380327619635,1.2666408744753803,7.595914554497888,0.18074386775511833,2.3480271803884483,1.4878319965249827
2021-02-12,3.435034239003146,1.5380942174250098,1.076584035548896,1.2302803482407523,1.2667985391632246,7.641117946800986,0.18253136763360348,2.4015446062473917,1.4687360830629939
2021-02-13,3.4534680232281634,1.5207983929353424,1.0824623572396306,1.2319953548128781,1.2619243068853385,7.518701566304491,0.18443569206943716,2.4028680198167325,1.4658041650584943
2021-02-14,3.488589110780129,1.5414370453716166,1.0759074400236803,1.2289693778254716,1.255680714395262,7.524732874445001,0.1792229481950185,2.4069322953587693,1.4839337702621695
2021-02-15,3.471139548927569,1.5271761676353592,1.102024164927182,1.2346584066795412,1.2519659192654051,7.545066487982811,0.18043692645668108,2.4147666345490317,1.511159109126813
2021-02-16,3.4767226977336336,1.5343084281699348,1.1114618420653668,1.239189305662285,1.2567829793015555,7.619653440080487,0.17484807379889433,2.397568507539127,1.5238440991634379
2021-02-17,3.490824217057662,1.55773780180249,1.1369654374242468,1.2349377839422486,1.2626290821581594,7.575866779086106,0.17815392569822072,2.3965655778982837,1.5565611011381302
2021-02-18,3.4986831237341587,1.540401338965524,1.1430351222654636,1.2362614252598758,1.2685033230237495,7.63848094206202,0.18700840611985758,2.3930400812717543,1.5553217679711016
2021-02-19,3.4680406396915924,1.5433928447170493,1.1465473370907544,1.2374280005940859,1.2689710845145734,7.5561626988937745,0.18374823199439874,2.380051602873436,1.5733874160439207
2021-02-20,3.5396625986215784,1.5418720445878316,1.1339364679776427,1.2372504038991994,1.27971503344637,7.6935444743366075,0.18580894155785646,2.4148962098924063,1.5979411747257481
2021-02-21,3.479513136778696,1.531608237755323,1.1270822080274479,1.2395533515143227,1.2806625902047946,7.79982004515599,0.18396241930681012,2.465076016244473,1.5971528510902113
2021-02-22,3.5168071963016754,1.5651769809923244,1.142502373998654,1.2410191050383421,1.2849878841894316,8.045903524821814,0.18588887830189044,2.4385895237568063,1.6067844930333215
2021-02-23,3.515895575623293,1.4996523799002777,1.1491791307772152,1.2415775040046992,1.2910603142795927,7.9388794438776085,0.18032816247379066,2.4452473923108093,1.6132144812419917
2021-02-24,3.5218989468589124,1.5008112457341594,1.1347859799691722,1.2411842325785332,1.2893901685520734,8.09375711645062,0.18173228902379227,2.435539865734011,1.6413470846046327
2021-02-25,3.5087495316180113,1.5164799568151852,1.1328533758937844,1.2473820333495418,1.2899670921328357,8.112335980611942,0.18126025627227013,2.4432061631551796,1.6613639333649304
2021-02-26,3.5543199693853875,1.5178529341845899,1.1563214545906597,1.2507736113660255,1.2878351319454149,7.912397154724127,0.17979199816212107,2.4588432486371103,1.6716178777191955
2021-02-27,3.627848418509772,1.488555598599446,1.1505746942125494,1.246479795601869,1.281067304821438,7.8245637114901285,0.18114623552079992,2.487786087260832,1.6560993445043672
2021-02-28,3.5848978175710196,1.4414624373002805,1.1538794053387182,1.2438666545347872,1.2897172320539974,7.883846975355402,0.1805613297474389,2.4643593858140576,1.6316773406541294
2021-03-01,3.512418078697961,1.425896751574207,1.1445481734575231,1.240262531587842,1.2917915860495992,7.95840278698568,0.17894121650294728,2.5363859175204055,1.6035026888462658
2021-03-02,3.5165362430757368,1.4208569998214233,1.1373278936466356,1.237790702578228,1.2918848023354597,7.927687324332076,0.17757454749663845,2.487482381808995,1.5778769228769045
2021-03-03,3.502372524322414,1.411141563457205,1.134979945807497,1.2375111284939109,1.2893139394770408,7.898962668251785,0.1745787643443968,2.544841703552237,1.56557358302084
2021-03-04,3.483933546421435,1.3933213880998947,1.1252338974348257,1.237726362245574,1.2889156229034142,7.8352157723053795,0.17362390233072858,2.5178734987427016,1.5721760081979068
2021-03-05,3.592381050589466,1.3719378855254245,1.1308910768883227,1.2380170384089788,1.2924917438304855,7.935054232953823,0.17437191819278242,2.516873125842877,1.5656601215931056
2021-03-06,3.5522383287502475,1.3700950685160815,1.1137975836483414,1.2359352286104397,1.298343389689907,7.950711840504184,0.17751990471706572,2.572860108511393,1.5632015740226928
2021-03-07,3.5643510618703145,1.3631990702649386,1.1032707829337185,1.2325254010029312,1.3028520188799768,7.982159219878055,0.1841115847261305,2.610888988244847,1.5520838813756064
2021-03-08,3.610349485325261,1.3562585334502788,1.1197120733367336,1.2308503969718207,1.2974976829337694,7.869422464669681,0.18140637833760498,2.5785041048485535,1.5435069374027919
2021-03-09,3.6578269459675243,1.4006472419741283,1.1021748358340402,1.2356390686025687,1.29514815484364,7.920273772072577,0.17544120680031597,2.5992882023191446,1.5128635028288182
2021-03-10,3.6761490965530204,1.4076933503804683,1.1050317739804623,1.2330383814273251,1.2981245434928241,7.977612334018955,0.17473960764701435,2.6260030486170827,1.5117197152888036
2021-03-11,3.706409896406991,1.405066836862406,1.108236834540587,1.2352876516005658,1.2961881956352614,7.8020325970497835,0.17573939431072502,2.6733784300203522,1.5165443834685373
2021-03-12,3.7252093067307603,1.4045621791233156,1.1183987277841405,1.2347221291950745,1.2939644614863854,7.958817317540247,0.17390981253527943,2.709581492341965,1.5336196944783376
2021-03-13,3.757999545180732,1.3735406826499996,1.1190986875936062,1.2340973598085971,1.2915266362952236,7.98085948950238,0.1766200451316714,2.6914861216230985,1.5312980599716486
2021-03-14,3.7455384545887505,1.4028653350705025,1.1159817656322284,1.2296506392550484,1.2835272569387286,8.0345637480624,0.17396833627610803,2.7190223597243754,1.5112193737256785
2021-03-15,3.716384372469841,1.3698275207360344,1.1221367717663298,1.2321671716982983,1.2853941481432696,7.879120218144834,0.17140834438700378,2.729122738809785,1.4860161424624576
2021-03-16,3.704057035696888,1.4077776283326522,1.1200501959296352,1.2267879809020001,1.2823996463881198,7.791248630404314,0.17877996174445626,2.797856203170401,1.4971751642326776
2021-03-17,3.686106660581983,1.438764691763503,1.1051518306988526,1.2308728486719227,1.2872880180977384,7.771581779669927,0.18288899144721832,2.7796468682421454,1.478534051884513
2021-03-18,3.741285742803685,1.4371325963401782,1.1134640834730372,1.2377197755549736,1.283697750845876,7.753078956172797,0.1886669466751672,2.8080853685362843,1.468483232532613
2021-03-19,3.688813216750866,1.4240468551537175,1.103931743668003,1.238724858916078,1.2842288654228735,7.793598714379974,0.1855320083845887,2.8056633707202225,1.4385893226873616
2021-03-20,3.6979433790158156,1.4547463598654258,1.0853890563592428,1.240645235102384,1.2812185592385417,7.907736129397685,0.1861577983912358,2.823256455967435,1.4398095902379444
2021-03-21,3.772734199157847,1.464425352709881,1.0765267629248558,1.241136710703779,1.2794562121408681,7.932433557571088,0.18463216184120348,2.7951589530796404,1.4429666925858236
2021-03-22,3.777023211015194,1.493056633296647,1.0714891876418995,1.2338852930888535,1.27772193074804,7.7017920735228795,0.18620401657745675,2.7255358231557727,1.4289934206945487
2021-03-23,3.757628133092677,1.5351475584045438,1.0580155524959953,1.2340546005969593,1.2808138981079087,7.909071096435201,0.18913782751764008,2.7708031690785053,1.4416301103842748
2021-03-24,3.6906039041273035,1.5457008656308604,1.0691077149960755,1.2306368853081853,1.2779717214670256,7.796307821261649,0.19209829974426731,2.7684778644958423,1.437293025385685
2021-03-25,3.620759045325511,1.5444440615781092,1.062146690239501,1.231658336930723,1.2722567996054392,7.822833298149813,0.19045028547053097,2.7171517967925345,1.4185035230872822
2021-03-26,3.557919664792123,1.539323946828312,1.0640075130482922,1.232778494343371,1.2739491704486738,7.717589446388076,0.19451983824741642,2.6996713189131842,1.4251726139975158
2021-03-27,3.5502262630179087,1.5503473260312008,1.061590155230583,1.2343575660241994,1.2740389131871004,7.832188937461085,0.19137373257144547,2.628539380020516,1.4115856251422276
2021-03-28,3.608214864358837,1.5466543076053183,1.0630814213965942,1.230579308801637,1.2745003890654023,7.689559861480551,0.18805997668749924,2.6131959247447463,1.418150871176858
2021-03-29,3.6391650984681663,1.5633934504708245,1.0431411932031884,1.2306777631436658,1.2736246450114797,7.4790252221238545,0.18815770681877983,2.6039023331689313,1.4256887071265265
2021-03-30,3.6446919208607738,1.548560333704441,1.0550425469274582,1.2225999628915192,1.2734246088704497,7.24314785968886,0.1847626144784303,2.6249215680217413,1.4078077552828165
2021-03-31,3.5679501359657957,1.6155742971688294,1.0381497662976853,1.2287760032724095,1.2726748054350328,7.176171020563042,0.18689398570884336,2.678073371584148,1.3919548834640618
2021-04-01,3.541712333907009,1.6408477844630058,1.0420489859652684,1.2329609114363471,1.2754243529411111,7.411176499963719,0.1875989072067487,2.6875193842064493,1.3967114907896763
2021-04-02,3.535205029753118,1.6665525984166913,1.0453257034645593,1.2359995929548453,1.2803704478350515,7.469815094074739,0.18951885567127252,2.6473276747541874,1.3893039812867816
2021-04-03,3.580988592637395,1.709925231870498,1.0212987220895577,1.2340175570575704,1.2806194573650023,7.35308473941723,0.1864390998077577,2.6667161681669147,1.41155196138185
2021-04-04,3.472923834553564,1.70536217552888,1.0272828831586613,1.2370293520331463,1.2823822420503845,7.587686716143418,0.18658417401248265,2.7197301972004038,1.4027104562456196
2021-04-05,3.4769862670620206,1.6688181888397935,1.0386963794614765,1.2367060808993595,1.284345933780218,7.546404879471206,0.18880985639927367,2.7364878409411766,1.3890389187254661
2021-04-06,3.429172450464308,1.6686515787943859,1.0472291533538594,1.2437413142832983,1.286030948672521,7.68477247850238,0.1827571753028284,2.819661576604277,1.3977299437071495
2021-04-07,3.4276496658531808,1.66437227367289,1.0336294192170001,1.240801283458589,1.2959870691608695,7.549504499405853,0.17910836339035757,2.790525147076223,1.3812621585320155
2021-04-08,3.4294649443952556,1.6976603669665964,1.0263672340990733,1.2358132960001387,1.2976296618184069,7.5434351652669624,0.18273611212496468,2.7720584995242707,1.377944963813883
2021-04-09,3.4228016467287175,1.7010592086310907,1.0218401949532694,1.2338805676399245,1.2881550049067105,7.468174540705177,0.1853866017336011,2.8079668660039094,1.3717288746241982
2021-04-10,3.490546729439898,1.7008607404557035,1.0057419646430281,1.2278874219640776,1.2945610405683605,7.419526350970825,0.1809222531295928,2.713368869918963,1.3665750682447089
2021-04-11,3.512785920265346,1.680180926186193,0.9933321729531754,1.2259864959176618,1.3011280484881391,7.234975507503356,0.17863647765502627,2.763190029088324,1.3736016732227998
2021-04-12,3.523278320973985,1.6612418756457281,0.9939937895691404,1.2241309810421463,1.2967854756945165,7.095767093755785,0.1814735664601733,2.7612389627606104,1.3781965596048338
2021-04-13,3.532351107181385,1.6750908831652722,0.9912537209620207,1.2224845587159934,1.2926861794829905,6.916588725503037,0.17743747395027418,2.746656125815386,1.356379163893158
2021-04-14,3.4601700253547976,1.7071831421149868,0.9942177220606053,1.2209497169019963,1.3045611797357088,6.712767265665384,0.18093516145411997,2.742613072054248,1.3672986539714895
2021-04-15,3.4668630521621755,1.6503332416247165,0.9956548892404617,1.2223009023508675,1.293253320145657,6.949008806609626,0.18209751641235875,2.770806630074037,1.3516358460469646
2021-04-16,3.5038172566383605,1.6833581925986414,0.9989831830604516,1.2223887678477936,1.288760102240201,6.923354980407876,0.1802691498581124,2.795134130966968,1.340418945565364
2021-04-17,3.534544895945014,1.6586098979068078,0.996137848539704,1.2247701439787906,1.285260877719203,7.005809762140159,0.18229895942168245,2.784333005668696,1.3562597914918457
2021-04-18,3.539729243147592,1.6921817834960171,1.0178751493946487,1.2240060061319145,1.2887051454424165,6.926810691378007,0.1785697993709855,2.776726500639764,1.3380506437371467
2021-04-19,3.4910079967772325,1.710873262682678,1.0119065451194305,1.2267374272627634,1.2903774307774807,7.1590027409835555,0.18047812940862054,2.823690028588436,1.3436956741879529
2021-04-20,3.5083614572123856,1.7474264031462163,1.0203312434797864,1.2276331796938524,1.2915679570783576,7.229791873667842,0.1780908602959702,2.7940215400699397,1.363117531175704
2021-04-21,3.607529521228347,1.7189086065090595,1.0124461917992433,1.231963739777164,1.2944534231844789,7.31926565158403,0.18132000838688664,2.7844911816984457,1.3678880325770877
2021-04-22,3.6222586395146976,1.6930341351466653,1.0165780771631332,1.2366613802451136,1.2928527888675154,7.340830012226702,0.18210588163625865,2.773158390978348,1.3774208612063903
2021-04-23,3.586394712982796,1.7343232071583683,1.0245220927353178,1.233309649731103,1.3017631803729193,7.364510254763856,0.17950924291252923,2.81965959239563,1.3845100540819553
2021-04-24,3.4921464276734384,1.7186069684702232,1.0282607460192232,1.2254427374277528,1.3023363211105905,7.386925089600731,0.17529619012514358,2.831670421059245,1.3848902936958785
2021-04-25,3.430791469759119,1.7477409482054487,1.0389076102597847,1.2245001130749555,1.301432076062112,7.484969906059967,0.17462773967344788,2.750221320585552,1.391910808874506
2021-04-26,3.38996886009567,1.736175840532307,1.0573943964766852,1.2241303931165428,1.3015712508745028,7.555134095982253,0.17642757170936238,2.712851405384514,1.391349889480967
2021-04-27,3.392824189911933,1.7453714683347548,1.0613814747115884,1.2337549025015024,1.2955795469097653,7.689930147906442,0.180638459620559,2.7334467211087317,1.382579996931019
2021-04-28,3.4785609265878823,1.6772047786005568,1.0529974097774293,1.2382149839567447,1.2937910687705836,7.912448746163856,0.17521278570596793,2.6883953413196884,1.3755061899341796
2021-04-29,3.5013837271302277,1.6711729418830632,1.0471166392879023,1.2436150738875749,1.3017527742463972,7.855013580076138,0.16925636465445684,2.601930478257554,1.379072741512871
2021-04-30,3.5368854273687145,1.67373645456365,1.0465397855742726,1.240737811425308,1.3052934365790325,8.093863623732604,0.1617858027963991,2.599426073775086,1.3659667464766905
2021-05-01,3.45887238118156,1.6403628766067102,1.0516218604976608,1.2423692409386982,1.313048382043403,8.096761776067364,0.15612905399930951,2.590659397213373,1.3473024627194061
2021-05-02,3.397297748476886,1.6581609172449325,1.054387805678382,1.2446833981312002,1.3113020652627985,8.213594260358462,0.15486939574149722,2.6345717022080737,1.35221525213094
2021-05-03,3.387768487770842,1.665154500751932,1.0544781367563798,1.2507678083147906,1.3127205669148476,8.214998554149512,0.15416167092221894,2.6684200558050852,1.3620582073239171
2021-05-04,3.3748691376299793,1.6311827725042938,1.0433812120137569,1.2502018513677515,1.3199348984937778,8.179647942204525,0.15236068148747076,2.5984786588945057,1.3829459343102513
2021-05-05,3.404687531296003,1.6552071251099696,1.0557351133197757,1.2497090334419763,1.3205135085019035,8.400456188395454,0.15293837495734405,2.6218984335431657,1.3952617692467466
2021-05-06,3.438543641920076,1.652050570530812,1.0556225655021774,1.2527494771856453,1.3247444488894733,8.578782641419663,0.15465464017376154,2.6458864030856755,1.38931469803223
2021-05-07,3.409600585668133,1.6759249350758767,1.048665779696958,1.2527969526208682,1.3321843368678272,8.768976528206792,0.1556190319625043,2.63466230505083,1.387878439636162
2021-05-08,3.4549990837203954,1.67549424416459,1.041954959739381,1.257491589045834,1.333285254745198,8.679615354101582,0.15714079994028948,2.6735717256599836,1.374170738115879
2021-05-09,3.4456470621410733,1.6687247437367962,1.0479227004946774,1.2600015736553483,1.33047749513353,8.448134168699953,0.1604149817337804,2.629192629859588,1.3781721062556074
2021-05-10,3.439859362320164,1.6742715685877898,1.0690014640581809,1.2716122926558286,1.3219175360207434,8.599442877307613,0.1599457750581266,2.6710436388548318,1.391640473376244
2021-05-11,3.5136311782317025,1.6835292330142597,1.0579106617196945,1.2752782853644513,1.3226736600347966,8.56496618120882,0.15845436425912734,2.7118973408887768,1.4142319402594612
2021-05-12,3.451684847296781,1.7030499907790024,1.0535006064332535,1.2697922713086007,1.3235873937950282,8.438234830036064,0.15348601743860185,2.6806397217385918,1.3999796796267192
2021-05-13,3.419237964575996,1.663086367204774,1.0488212924864178,1.2672022158446556,1.3257083837053056,8.530074061266262,0.15431529802193042,2.6717087231923555,1.3965857425492192
2021-05-14,3.37733135732306,1.6394141557275068,1.057991395493965,1.2606392389695276,1.325412883633694,8.482104992668912,0.15619526605709824,2.615134810735547,1.3970393634511151
2021-05-15,3.3957201332974005,1.5838623415817688,1.044669235897899,1.260418161245531,1.3282712526638931,8.511665023390504,0.1579773111333562,2.5733172682243293,1.3751233035511374
2021-05-16,3.4010432203272227,1.5494476131452406,1.0341349293107753,1.2640693847709332,1.3294087818097393,8.426321892266142,0.15580344379179187,2.5977993541463085,1.378313189944726
2021-05-17,3.340102138782196,1.4957424771770422,1.0577976138516592,1.259559896022683,1.3323478201503902,8.657139685353147,0.15629452867094026,2.5749217038621537,1.3589334305459426
2021-05-18,3.268957435340359,1.506482666917696,1.0765330246418756,1.258191538756106,1.3295194031469746,8.767558555449027,0.15418159152183109,2.5860382681458005,1.359773271111717
2021-05-19,3.2498601177516147,1.50666391658184,1.0996330822959226,1.260599212615483,1.3354623591561374,8.624327348289423,0.15759189142902427,2.6113434468548027,1.3396541188702904
2021-05-20,3.2771487414316596,1.4933466129664545,1.0795651698859439,1.261216058094711,1.3384753897534376,8.649587530786468,0.15727942268703549,2.598916637686032,1.3729657975567693
2021-05-21,3.220000049305005,1.5174083031549088,1.0800888406631646,1.2581091790640961,1.3383501135397977,8.434448178373009,0.15543771082360788,2.597606745009178,1.351944084021646
2021-05-22,3.2454243263032776,1.491691724372916,1.0615970160372763,1.2541571395699946,1.3501327025493512,8.135825237043052,0.15682459785688654,2.5688394346472814,1.3474809357371254
2021-05-23,3.27579813551136,1.507185533800809,1.0532439916931744,1.2491737812673556,1.353627607316363,8.218345199621004,0.15596215820411427,2.5863824649499287,1.3417429646622316
2021-05-24,3.236142753248931,1.507895899371553,1.0601199822832423,1.2504576206312066,1.3565198367185625,8.107476273480808,0.16092762252054807,2.573616823834183,1.3404157708675946
2021-05-25,3.1731032146052414,1.503237416616753,1.0672088485998652,1.2534431280126308,1.3651307030773252,8.185018026077254,0.16185106768994442,2.5569026580881267,1.3318137812276092
2021-05-26,3.220235625782515,1.5295730332776378,1.0537362414416422,1.2562875510373723,1.368818651131254,8.022557205256438,0.1636329081213909,2.517160216639204,1.299726485453986
2021-05-27,3.213468184025076,1.5372830980642769,1.0525973109848283,1.267218911598259,1.3710298475106903,8.045409882624456,0.16507154018831402,2.5010005890716904,1.312067116297856
2021-05-28,3.231833248506452,1.5466191577043793,1.045029722958272,1.26139858656843,1.368417289322435,8.087949258566697,0.16363640993550288,2.5124449364397603,1.3092807859440716
2021-05-29,3.2536762148991154,1.5200438570453023,1.0477621414233396,1.2590992304642985,1.3601340791558418,8.065523201414273,0.16869708706349812,2.4579785317725014,1.311105821895578
2021-05-30,3.2935781805679634,1.5835825298395718,1.0418787518585682,1.2568378859626141,1.3539226613014288,8.23271580333985,0.16580422106851542,2.444806356380026,1.2871265109065102
2021-05-31,3.33823770962137,1.6172315192641855,1.0527656562953303,1.2509106688525136,1.3573461957793342,7.986491188118793,0.16602984845421598,2.4528159422177334,1.2913763866413461
2021-06-01,3.36601033844713,1.6176445523278835,1.0282897452654067,1.2530439256565022,1.3580118825550596,7.858330716176273,0.16085171810399185,2.5099673699412413,1.307535386318748
2021-06-02,3.402664040521168,1.598599378540139,0.9975398236063735,1.2560437598366332,1.3601395437275992,7.8069064163511515,0.16450242898694384,2.5423960555157903,1.310099404218341
2021-06-03,3.405474220000438,1.6007054036018031,1.0059782907631816,1.2529382807697684,1.3625931436375733,7.679102385312563,0.16893266091730733,2.5631977584478953,1.3013449497437908
2021-06-04,3.410612867281033,1.5767457972666588,1.024437342589433,1.2591636649355031,1.36652408141713,7.895805258701823,0.16947931332068078,2.5930659035105235,1.317543109447886
2021-06-05,3.4113422134296516,1.5793945243330676,1.0362223460441167,1.2617317215451964,1.3625313127583938,7.586582400461324,0.16891824167299577,2.512022966780177,1.3047495374444829
2021-06-06,3.3676282360374508,1.563860292203148,1.0467350888102807,1.2657857142973643,1.36544026653292,7.674473910211086,0.17116863959763987,2.418443957142145,1.3051435415607897
2021-06-07,3.2778914477939445,1.5788178504855543,1.0207579524272332,1.2652271033077271,1.3685685981954407,7.521601129172005,0.1744951855783671,2.437306205815684,1.3103748791914989
2021-06-08,3.313194416741993,1.569241370437433,1.0229250484726031,1.2653917785829225,1.3686367586890915,7.432119954708788,0.1701937671765704,2.4254782628787863,1.3055009672519466
2021-06-09,3.277574380149789,1.5939364717821793,1.0088429718504666,1.2648672389219429,1.3751588039744067,7.555228029951329,0.17436791869597637,2.4044694768030794,1.3160009565128143
2021-06-10,3.2262981843639364,1.5866589862946576,1.0069452678744388,1.2628086413880457,1.3733061130903421,7.489642858096158,0.17097683299608335,2.4358386727191323,1.3138631129211338
2021-06-11,3.2370144891578185,1.5919710946888321,1.0079086296323079,1.263286505400345,1.3717657183604044,7.682359934239706,0.17361242296393803,2.436997475448279,1.3082522022148821
2021-06-12,3.232216221661646,1.6045750280132187,1.0263526329795836,1.2582091767475398,1.3755231205152176,7.839702543661236,0.1684848895320211,2.4308629115043283,1.2945872728294932
2021-06-13,3.2540593584496675,1.5948668407926103,1.0250577158821264,1.256783415098595,1.3796230786365586,7.87359038927807,0.16929673991651165,2.4372058286471585,1.302257584360502
2021-06-14,3.242248496768018,1.6443299551504194,1.0101764025496835,1.250401776395688,1.3697798511270867,7.580436256821006,0.17160990836568035,2.4578502183691797,1.3182463968436449
2021-06-15,3.191832916368199,1.667051809940544,1.0111682833906115,1.2511517167367316,1.373344691658014,7.478759323162105,0.18052418208827248,2.5074452228634256,1.3115008515426667
2021-06-16,3.140568661706456,1.6650808964078394,1.0136831613659922,1.2552765709931,1.3670617994874514,7.5186866615123895,0.17503980319102694,2.5243588533538817,1.3103532329462237
2021-06-17,3.2327449688429044,1.6194109813271969,1.0306596179601255,1.2489857599823253,1.3599409918032868,7.2932185260808575,0.1759512445778978,2.480421170363096,1.292947398122537
2021-06-18,3.243547231493442,1.6332277260973462,1.0314616686686122,1.2485028303369503,1.370025822620288,7.313822253443221,0.1788216831784618,2.486234860591289,1.2790110246985682
2021-06-19,3.2712740956868744,1.614601822855519,1.0306449226040009,1.2497715689581934,1.359523653666005,7.103395993781608,0.1821100679152596,2.4619786642514887,1.271384000715164
2021-06-20,3.280422462183283,1.6040389253745702,1.036118740224125,1.2497048744407506,1.3607396276652042,7.015076267586285,0.1828516012571573,2.5032816462926295,1.2644200175312854
2021-06-21,3.3264460496058406,1.6031918553080238,1.0455616983435074,1.2503126233608968,1.3606938473760746,7.060640129910283,0.1873263367283837,2.5126475729721074,1.2707235411508564
2021-06-22,3.309057805644124,1.6491649152631493,1.0539095103396026,1.2507291342287665,1.3601623403720322,7.186336108585479,0.18509264221447538,2.4459540537485003,1.2718976846126722
2021-06-23,3.3691174318070605,1.6970625331228426,1.0528687459040629,1.2510177562257445,1.363124939522011,7.15357870787404,0.18704131957177808,2.44330991317091,1.2850156335957044
2021-06-24,3.4066652607796226,1.72249148949098,1.050590536153497,1.258370965826813,1.3658997817647232,7.186852098176545,0.18423217225160987,2.4402409270466667,1.2867424345291216
2021-06-25,3.367436967121354,1.7141172377620244,1.048815458155386,1.2587079097316825,1.3564056473708477,7.170790419949106,0.18287863254606682,2.4399645398824577,1.3003211259078047
2021-06-26,3.472116884981323,1.7357336095862095,1.0335939301213974,1.257529481135612,1.359774759926482,7.234604925546318,0.18652642388011997,2.436889538180564,1.295854519662775
2021-06-27,3.5644278346514695,1.7382609607169848,1.0212940667328494,1.2632203062707281,1.3517733258519227,6.780916961662209,0.18943394837604535,2.470666081118712,1.3014786959868867
2021-06-28,3.4958595022139787,1.7371143040209174,1.018191351988204,1.261310485134669,1.3595436943477834,6.6545207437114495,0.19066945345874448,2.5154115850618948,1.3067033719157588
2021-06-29,3.5619898919025474,1.7554354140814585,1.0237427308514881,1.2628246941822956,1.3630156604172754,6.609671245277841,0.18574303583325993,2.551911845126609,1.3221452384038224
2021-06-30,3.5765216785314324,1.7388101045544404,1.0049134347735018,1.2632760546258721,1.3557974002034137,6.433842257673145,0.18570316970140463,2.5231861409402123,1.326975161306089
2021-07-01,3.569048772397133,1.7205188269529044,0.9846554039666641,1.260170082791426,1.3515069170177445,6.293227172931468,0.1845182189633714,2.4802698233039315,1.3250677307533554
2021-07-02,3.5829900772340717,1.6956210971894763,0.9899773714580669,1.2551494724157481,1.3456296059219128,6.281660779236609,0.1870905545797629,2.5130366508811446,1.3466980121274092
2021-07-03,3.563825261232224,1.6924078549626846,0.9780064598000687,1.2505539949125961,1.3469944623483037,6.195189403172075,0.19173930285035481,2.4584138240826947,1.3535170606845939
2021-07-04,3.511130225227965,1.6680912163690407,0.9846269227264804,1.2481433753737134,1.3443501286636714,6.105861893076409,0.1986228580671464,2.4361349535973975,1.3544855321548444
2021-07-05,3.501549390123061,1.6754066422602851,0.9776588722227703,1.2475162436083886,1.346603001412451,6.012233822302088,0.20298986506290115,2.4799420385268083,1.3629712841361816
2021-07-06,3.506269989065592,1.5858882813650372,0.982929913767378,1.246176422121327,1.3454111262662485,5.808101698182255,0.20503433223879783,2.4265520714209234,1.3648579709482402
2021-07-07,3.554901470750374,1.5731251995459976,0.9975683161504938,1.2435083943729193,1.3487769847469238,5.672853408423307,0.20930368190776205,2.458921925996097,1.371523362986568
2021-07-08,3.5349966458565305,1.5340550444369248,0.9931913018276513,1.2477747740924823,1.3496130207704666,5.515405264003136,0.2046373499226632,2.505634732223522,1.37848950504559
2021-07-09,3.470624350533255,1.4859087775967192,0.9860398222818727,1.2409693154890127,1.3489067170453495,5.75989907971735,0.19814234020716825,2.49914417372775,1.3968499731014445
2021-07-10,3.510662576263991,1.482524868701049,0.9846039668278712,1.2367900667061742,1.3475974370529884,5.786290550559808,0.20256136434838898,2.4763953781195727,1.3944776311607732
2021-07-11,3.461730251380204,1.4891307819283695,0.994159896288628,1.2392499729384387,1.341424432381739,5.802744086289765,0.19985792962500637,2.5144470509823527,1.392507056851712
2021-07-12,3.3838665911001446,1.4838347646934518,0.9999276847596659,1.240281051457172,1.3388124321165438,5.7427731844721475,0.19595068952046935,2.5000612851116215,1.3808701682702147
2021-07-13,3.4341213744642727,1.46035979681294,1.0016949704970766,1.2406071358692652,1.3440105987032605,5.856529649070242,0.1987173954638034,2.5137964346808177,1.3666659005017405
2021-07-14,3.3800921666542,1.4387137090047322,1.0110338247906867,1.2410041174796336,1.3488149379158862,5.963413946022913,0.19587195352570685,2.5155086189216247,1.3667616535060514
2021-07-15,3.364486905273829,1.4254384510429114,1.0257110695947897,1.2413217092719209,1.3490207389583386,5.878435308338508,0.1985562314722107,2.478086371925897,1.3732524801646806
2021-07-16,3.3898330668540737,1.4154243597904144,1.0299286139870611,1.2421372684060266,1.3489432478355656,5.880980621698667,0.19884128603824086,2.4834109743843227,1.3743544058502426
2021-07-17,3.3347212867746716,1.412112553952487,1.0335121303185593,1.2426240199994107,1.3542243620504792,5.947797727722193,0.19541958726885025,2.4777006027476163,1.3703504077177346
2021-07-18,3.3355041882968903,1.4126016176755376,1.0414063647149994,1.2434093398518098,1.361025520585296,5.974789169729855,0.19221239805282941,2.4608294207545196,1.3788985037918058
2021-07-19,3.25574386445026,1.3789451870030263,1.0418524682994326,1.2470808371167177,1.3682772574541537,5.952635228375949,0.1963289290494158,2.463989171616707,1.3580576252155687
2021-07-20,3.2563261605983134,1.3641348382442362,1.0536449573514564,1.2471094878249012,1.361419927417084,5.793135161534858,0.19628581538381204,2.3750311248115157,1.3512922535108838
2021-07-21,3.268587709850612,1.338726057499475,1.0665287655052067,1.2516901454784506,1.356019441660624,5.763214805233056,0.20022995567216537,2.375459549518189,1.332719030958865
2021-07-22,3.262541423914486,1.3187084752582132,1.0810318233477851,1.254090632186884,1.354453201533845,5.779113579740359,0.19503149915587972,2.349076123495959,1.353686422103358
2021-07-23,3.2661390929040737,1.3413131752512397,1.0843658952788169,1.2591607268922929,1.3437593192724984,5.760690248132805,0.20148619006062404,2.383237801531607,1.371898543697346
2021-07-24,3.266787523075109,1.3288819981142335,1.0713253397402636,1.2551430166452469,1.3482316758111657,5.815058484263513,0.2012582146853408,2.401881536777328,1.374127217013992
2021-07-25,3.314917971053239,1.3522016999253874,1.0579439621483184,1.2562989254975285,1.339366422917468,5.830144916649467,0.20373089033746689,2.3550309395031945,1.3686793146607066
2021-07-26,3.3163861338302296,1.3584359832614017,1.0547243800690564,1.2520063223513598,1.3392110178283743,5.657920195841178,0.20282371157504156,2.339910217949046,1.3671153840245835
2021-07-27,3.289557134913676,1.3221137754218546,1.0504041026026627,1.2556277010281507,1.3461023877591989,5.907479836119867,0.20972641260772953,2.2983672907197144,1.361804993820249
2021-07-28,3.289419682339338,1.320606463893686,1.051595680973331,1.264822379243212,1.340410789320096,5.832788257693757,0.21666343219563408,2.277590693618261,1.3674371557699951
2021-07-29,3.341457842997869,1.33269923391038,1.0543310786159792,1.2685103892018592,1.335756515484061,5.78184155674632,0.2190278264486703,2.207346177790065,1.3870815367441915
2021-07-30,3.357666872824924,1.3369033289984613,1.0340181731277975,1.263741009113545,1.3337604482293877,5.867029691384407,0.2099748981835528,2.233890557471125,1.3823650250283375
2021-07-31,3.3474214489912293,1.3435406167932857,1.037670125598973,1.261166407538953,1.3372277457130075,5.623259497770229,0.20812535996624965,2.239486959176865,1.3778730393457435
2021-08-01,3.2566940943727447,1.3624099633361118,1.0224364497829794,1.261037084984708,1.3381800369245902,5.62639102782283,0.21303300143324058,2.2381456444409267,1.384038406730158
2021-08-02,3.2549401675818275,1.3779866818922473,1.0398403053295449,1.2616835247363098,1.3424988810898022,5.774904799939933,0.21885810870614406,2.2256582665616897,1.3986598362747955
2021-08-03,3.268062678252705,1.4062493815997852,1.0472477273290601,1.2628531106982754,1.3449635591070679,5.80259132905413,0.2201902237996512,2.2208007998701027,1.3954188009918456
2021-08-04,3.3554755897848856,1.4188993012869664,1.040357194324778,1.2619283836106168,1.3507805719785237,5.726859616150489,0.21370770170570624,2.174326685359696,1.3715714341622247
2021-08-05,3.2911101091734767,1.3893073235833362,1.0579630015677506,1.2618797518714153,1.3489528927110255,5.579212956433267,0.21313869897690704,2.118098769181904,1.366778928054803
2021-08-06,3.3940146175574255,1.4064631356324861,1.055616886170796,1.2646487839724998,1.3462736392850612,5.499920069558566,0.220445646159235,2.082230630857697,1.3622122294114087
2021-08-07,3.410613043449705,1.383323700745851,1.0641750461400035,1.2636120456726128,1.349983486540399,5.559031644284245,0.21941831596525999,2.1360768652890383,1.353421386176268
2021-08-08,3.480643355674405,1.4131326642499373,1.087108642514392,1.2643982248009875,1.345860174133755,5.767953053471692,0.21799340697936356,2.110437238634836,1.3511234560462997
2021-08-09,3.430433819653317,1.427081242954331,1.0795336471194579,1.2634341812012093,1.351204740260302,5.833860440891562,0.21810495234217497,2.1162685939550316,1.3515592667354113
2021-08-10,3.409277215978918,1.4275871719460556,1.0862160678151112,1.2630823319809545,1.353608628781428,5.747169052985457,0.2155143294125859,2.093381556389183,1.344191493164069
2021-08-11,3.4761253543743367,1.4468149128276657,1.0725046782916579,1.2648664293195484,1.351629207289704,5.677726454502637,0.2091534693857284,2.1243191827197583,1.3261273990264768
2021-08-12,3.4744587341720394,1.4227491687879539,1.0828115848494264,1.2637241847604217,1.3510373956004689,5.668567051182309,0.21046097278530596,2.1251584406002495,1.3258187668910362
2021-08-13,3.4484835777312512,1.3829902601296773,1.068602269078045,1.2665744378449908,1.3495198052150037,5.601949053534656,0.2045860467249449,2.0707656327691133,1.3167606818576059
2021-08-14,3.495454658054557,1.3696758484979412,1.0740583666508394,1.2644096347955556,1.353103410232258,5.567600622062465,0.19958643737789153,2.0628257043481573,1.3411734304069978
2021-08-15,3.590350186474539,1.3822187912948634,1.0726140741518146,1.2656888448588375,1.3549536564936018,5.564716819055637,0.20138648358575592,2.069681305342819,1.3372039274131498
2021-08-16,3.527056434442201,1.3713254332766807,1.0832267604148522,1.2656959495835887,1.3567166511462654,5.537481539612177,0.19715898857146646,2.062686929707345,1.3237990477377446
2021-08-17,3.470643503081184,1.4016337260605685,1.0780911476163306,1.2630070365374684,1.3656327741901115,5.6198223985151,0.19573349270628254,2.0763306649840607,1.3209424440354802
2021-08-18,3.435624032702987,1.4141705576856498,1.0742190510599876,1.2634194007909547,1.3713485658992577,5.713121767584338,0.19361920577823807,2.0918833659167575,1.3063083006612428
2021-08-19,3.459866525672088,1.418516184318256,1.079426598987418,1.2624183503099908,1.3829176533652685,5.621578162320841,0.19742015103239777,2.059928854283426,1.3131578521384593
2021-08-20,3.4907868326514535,1.4204873057360292,1.0733344308406907,1.2630791059728594,1.3845329583455313,5.803823299493797,0.19401528404509166,2.0431637062811405,1.317159511034373
2021-08-21,3.4784266307018155,1.418497574223642,1.0874425769060563,1.252518754802187,1.3813598893389727,5.622960808144212,0.18941395378846604,2.1172679613639547,1.3253017714049153
2021-08-22,3.5291193903334843,1.4170088132215792,1.0976695022808416,1.2460060411459561,1.3872350804446383,5.541106276051743,0.18743906397824614,2.1337345176130627,1.32976070625624
2021-08-23,3.534657639954534,1.3828082700148163,1.0993135521736412,1.249721237498065,1.3844190648343078,5.673366203768818,0.18420502059886007,2.1343708364552416,1.3504428433081879
2021-08-24,3.4995903061372,1.409595670494831,1.125692491470759,1.2504874818382625,1.3816390572814912,5.595588333247618,0.18904814895984828,2.1756717936146646,1.370285023204042
2021-08-25,3.498916371624665,1.4364914958515784,1.1253704615876565,1.247299782460413,1.3879900474016207,5.761271829323391,0.18522710031405867,2.142185018562497,1.3711069466654255
2021-08-26,3.5501472570162407,1.4077491031160239,1.1287737943823615,1.2452151942045866,1.3920198216683068,5.679680912071148,0.18812332236921103,2.1375295746044833,1.358531969234551
2021-08-27,3.5546039320017195,1.3592049592412625,1.1215393309017945,1.2466001265419346,1.382293752564282,5.417958583929263,0.17935915598478067,2.1805087285696665,1.3577608799007475
2021-08-28,3.527279759433428,1.382872503296396,1.116432517985947,1.2477287804696255,1.3825743877822436,5.373108779261551,0.18045018296539256,2.2062363729569463,1.355521842366523
2021-08-29,3.50397031809202,1.3748999344586295,1.0859818764402693,1.2489130979759702,1.3760259000204862,5.435087250707921,0.1801599320917589,2.210156450032496,1.3652860616110276
2021-08-30,3.4563238325434655,1.384588128322532,1.0897952503572446,1.2483456636793402,1.3710546696013193,5.494407372143015,0.1827306505372217,2.2143646550792795,1.3509464291245117
2021-08-31,3.430015209748945,1.3836383160920414,1.0991260060179597,1.242540271863623,1.3680997535783916,5.455682206143133,0.18246305400046814,2.171583397304711,1.3482778671087268
2021-09-01,3.415069764092331,1.358350037761021,1.0978998089442422,1.2406472527008772,1.370948608671527,5.369832157803131,0.18282737477680838,2.1456854573217687,1.3404611690320067
2021-09-02,3.431323359754977,1.364632296918973,1.0927349959919859,1.2397685867956987,1.3631144245984788,5.506493084520638,0.18537765722171495,2.167081633547554,1.3193484737639647
2021-09-03,3.4017029759369715,1.3569605681519876,1.0677411548296867,1.243202560173171,1.3711779797130985,5.711966933504916,0.18153706287973292,2.1713287938018606,1.3370649261034244
2021-09-04,3.3897824658109554,1.3436545080285895,1.0441523907879395,1.2475511178468228,1.3712094578126683,5.638121748422493,0.1826039826657595,2.1767464341464597,1.3395820725312046
2021-09-05,3.379760672475151,1.3834299691976693,1.0427909029447195,1.2537364341580208,1.3744406686176183,5.674888293119605,0.1822268150406112,2.2089826348286263,1.3413636064076218
2021-09-06,3.333518894340486,1.3599409062083943,1.0483904976602483,1.2504489658976798,1.3742359811022637,5.78401254568506,0.18337109075131955,2.185496680527186,1.3605449384646147
2021-09-07,3.361914236822735,1.3853993722831934,1.0201775753706162,1.2518151547127334,1.379002699102456,5.962190183284271,0.17803932476071324,2.225473171328592,1.3831895801985257
2021-09-08,3.261193523106285,1.3978882488495963,1.0280446235016976,1.2507122767847603,1.37643723303938,6.035056318143035,0.17588511390331762,2.218666027684603,1.394703733008658
2021-09-09,3.34797598868785,1.411984158216879,1.0299997731027288,1.2488997539911406,1.371010766668031,6.156797938589862,0.1753805000352203,2.257405154841867,1.3903864014106568
2021-09-10,3.3163733387649974,1.423243856446921,1.0293627890336918,1.244507890833357,1.3811143939332273,6.088545474871623,0.1786692054314666,2.286362808295397,1.373153079676739
2021-09-11,3.267503875870924,1.4160889703124873,1.0189788257730676,1.251078107356388,1.380146643559432,6.187274179117743,0.18054036295600412,2.2958748474761608,1.3739813822397078
2021-09-12,3.3291190677735627,1.3956241148382154,1.0403937089512751,1.2463719649458926,1.3845990613638683,6.03201722072894,0.1794365191288697,2.299547441542862,1.3675690750350116
2021-09-13,3.321045809070208,1.3613399552175474,1.028377779997229,1.2483596716289,1.3849018555940555,5.958248639196363,0.1842248822762106,2.2579280163321966,1.3628975894605866
2021-09-14,3.2968525078608093,1.3769554465390343,1.0292806589684458,1.248079420201126,1.374824109238402,6.052213918231716,0.1834591485507839,2.262296915716364,1.3529680188962308
2021-09-15,3.253045806187379,1.4146663727269733,1.0076875210980298,1.2442570558090311,1.3831032568694368,6.1232271759878225,0.18230165880132113,2.3050519400538865,1.3592844869640504
2021-09-16,3.2653745289762033,1.4209759492861307,1.0136156043042586,1.2462691159030392,1.3953905971209555,6.102971108127922,0.1817399976426592,2.2627464048171575,1.3588509107332454
2021-09-17,3.357599492816953,1.4467250708619108,1.0073068476805627,1.2465060616890369,1.3882939845045152,5.9977305698951,0.18231953433666237,2.2464165734749617,1.3449281271639058
2021-09-18,3.3832771092134735,1.4451618821663008,0.9886609890530037,1.2388706624785346,1.3852674397646896,5.827462360738553,0.17554121709664558,2.284907883664243,1.343882971548238
2021-09-19,3.3708209125186284,1.4408389626493363,0.9754584242347683,1.2405219884862244,1.3846817468807093,5.7491799853911845,0.17344304776357788,2.2432954138806087,1.3386923193504916
2021-09-20,3.3597160187159205,1.4302039862911402,0.9763966734931641,1.2403538541967414,1.3860983789883703,5.847926444349388,0.17553485235879443,2.2758654781336927,1.327611504791173
2021-09-21,3.3350919094161275,1.447602046376168,0.9845571352717467,1.2379527004866633,1.3896278507788349,5.749777314149776,0.17725880023953786,2.2754229519929767,1.3094971007382457
2021-09-22,3.3143772956233652,1.5050440834417271,0.9872482886494401,1.2466200405397507,1.3817407314823416,5.8286260359209745,0.1683095841443184,2.275869999166676,1.3180247734180934
2021-09-23,3.3570278674183025,1.4839932500141344,0.9998545460262176,1.244748683996394,1.3809719461323446,5.784329644073826,0.16451794168019146,2.329912338908241,1.318921265098575
2021-09-24,3.412787347247224,1.512493047072006,0.9885409093077563,1.2494144772381277,1.383890847117458,5.67710995880028,0.16602772556640244,2.2946269389171077,1.3403729703818206
2021-09-25,3.4554704000478127,1.5111610335896188,1.0038411930067264,1.2436097438875382,1.379881209935757,5.652451119502422,0.17348464396633023,2.2582404807749774,1.3177567776110821
2021-09-26,3.381641570293728,1.5364153839752077,0.9969846492318312,1.2431405796841328,1.3842296717710396,5.63749742834534,0.1742276669151238,2.276821796554975,1.3123450616219776
2021-09-27,3.3742196925092074,1.5437213421713123,1.0076704815227844,1.240309814582909,1.3676434114708809,5.70758559645716,0.17749518805018377,2.2841087930201893,1.3161284634439447
2021-09-28,3.346670375054677,1.558237419519008,1.0182893149073664,1.2406440644646153,1.3814087332715168,5.548073763621986,0.17810918533606618,2.244330365868719,1.3279715917762815
2021-09-29,3.2682842217086083,1.5214465181606414,1.010857591751037,1.2417575381820865,1.378256516638002,5.49071809480969,0.17750044214189428,2.2366242277696737,1.347990091413557
2021-09-30,3.3028909943237497,1.5131662260567225,1.0365982139538739,1.2437132858462314,1.3730524292212225,5.517168241835981,0.17943701650004515,2.2140021810212387,1.3340719736029294
2021-10-01,3.3081653358702257,1.503960135018994,1.0553083293466474,1.2466030132107062,1.3696704622774667,5.5605711754211855,0.18402029777242057,2.168156690210359,1.3206941901325233
2021-10-02,3.3086035709829806,1.5055255100012346,1.0549639082980184,1.2455654262094857,1.3680210485533617,5.600143794607836,0.18823047075952506,2.1529486083701674,1.353162127454448
2021-10-03,3.406903412342568,1.5421498288788553,1.0631607668882612,1.2531932244370838,1.3665703149549053,5.517335143605693,0.1862880374867176,2.1209899334090263,1.355080929244222
2021-10-04,3.423247884836687,1.548341741021781,1.063321116807299,1.253819148817051,1.3761982062836957,5.580017221917717,0.18976234215988988,2.1274840844223344,1.3334594110821052
2021-10-05,3.3311343192464813,1.6070093073544158,1.0568541388746386,1.2516246467958636,1.377688151352857,5.636415871127465,0.1923691535183204,2.184535289056312,1.3537378134944071
2021-10-06,3.2916137471140816,1.6356738896425642,1.0523000581969182,1.2512334812595045,1.3717972163010037,5.465771625624103,0.19228619735017083,2.153646552642453,1.3665687256627093
2021-10-07,3.278723216082433,1.6454137125456583,1.0698843173795491,1.245783251424633,1.3679582835566508,5.484660814437684,0.1935265387578852,2.189725435794952,1.3786922828729162
2021-10-08,3.2844741109837945,1.6550579497287967,1.0744558375183613,1.2404150006048087,1.3672394188666352,5.5102879903999185,0.19534007927653954,2.1598018488326995,1.3614752024242025
2021-10-09,3.2739047097924763,1.7143298615080902,1.0642152310005322,1.2449075167278272,1.3760430168429696,5.515899653760422,0.1927231163033709,2.176847638828065,1.3644022419387567
2021-10-10,3.2326975127012165,1.6946862970069823,1.0703269746153687,1.2485181484211394,1.3744039283349523,5.510138825171848,0.19533890310642213,2.171650843357688,1.360591098452768
2021-10-11,3.1970404961174186,1.6717939267492654,1.1049269992063,1.2479081162359043,1.3820459348057568,5.678263520203984,0.19466075562585625,2.184086687089442,1.3622575297768296
2021-10-12,3.12068642433353,1.6257602213055706,1.1059061651854905,1.2464421478869432,1.3926411430673789,5.655219350130197,0.2022950740318149,2.168916302834706,1.3885790754969543
2021-10-13,3.1453285110494336,1.642894521422408,1.0994463820565885,1.2487240737702177,1.4022097766630126,5.641607831557107,0.20096236696880623,2.161321976693335,1.4113533220588708
2021-10-14,3.1866275176778642,1.686362618683098,1.103913952223678,1.2489962432597155,1.4047278315460503,5.751409618960909,0.20000933010316743,2.2061265160597223,1.416798754443538
2021-10-15,3.0725648239856636,1.7138551889383746,1.0873909433418567,1.2523404535352203,1.4099338540202644,5.786712155125142,0.20222415701667237,2.242931461104725,1.4100600674851989
2021-10-16,3.1100545543734905,1.7504192944212749,1.1106839351380227,1.2483112474257108,1.412378769925416,5.687719995322017,0.19820425617327245,2.255459167689042,1.4114342530130817
2021-10-17,3.1644028266854276,1.740212291279452,1.1092304749985697,1.2492281479991192,1.4076510927100963,5.614830400641875,0.20266820714181574,2.237338074314981,1.4284064191564083
2021-10-18,3.1941788722376585,1.6924337909855052,1.1166229906403855,1.2513111603192315,1.4101732014910042,5.601614319106104,0.1988983050677114,2.2829645380961336,1.42724113107437
2021-10-19,3.1528107665051124,1.7070470028296547,1.1070051152298823,1.2478734856173748,1.4081962931486665,5.5356432123688295,0.19530921597410725,2.3110362728489613,1.4259019819139744
2021-10-20,3.212979635158578,1.681473440459515,1.084388189898028,1.2485552126887596,1.418791443329381,5.5896587064919725,0.20790812208381612,2.3230094902021863,1.4295459059595566
2021-10-21,3.1100664835217744,1.6950985104304193,1.0869083222787752,1.2471540046276939,1.418157079728867,5.583924776804071,0.20720152906234815,2.3962905074676137,1.4245301722055033
2021-10-22,3.1188981575332027,1.683452811588026,1.0974526092958106,1.247940074697036,1.4167110667927092,5.391461279374764,0.20825124609442613,2.385642245283362,1.4239498092557916
2021-10-23,3.064514338285103,1.7275577249750278,1.109064665484514,1.253421174753201,1.4233524909745825,5.450021776022069,0.20353526122696203,2.4520843081277626,1.4110255402559904
2021-10-24,3.053095607399347,1.750230608987609,1.119466016744968,1.2556982777622476,1.4212158197956473,5.391571549835684,0.2138933032479973,2.451128708614096,1.4090251098099618
2021-10-25,3.021333193259821,1.7586388328442062,1.1224620140994452,1.25576272192305,1.4235280051746366,5.563798159399908,0.21139052612954248,2.453202991316611,1.4001785674619711
2021-10-26,3.0355953223112246,1.7413471026500604,1.115721275122159,1.250389853060499,1.4242272124235693,5.607951644795564,0.21929854573782623,2.4709704052841572,1.3941622224597752
2021-10-27,2.9745944687315538,1.7037633188923649,1.0987092702686947,1.257559746160046,1.4260092653117864,5.550226800497464,0.2151324891365219,2.439733342305037,1.385946432924383
2021-10-28,3.0342167293578477,1.7035265263786346,1.0799547457970373,1.266402123871791,1.4196483448435808,5.49230998636481,0.2208126080991476,2.4554141049843285,1.3797107411601848
2021-10-29,2.9790834824696772,1.6745658566090367,1.0685310347906578,1.2665554793353722,1.4208752720487299,5.47871221693776,0.22068359253024453,2.4172057794966104,1.3840311136522068
2021-10-30,3.0371987863143532,1.67032878589572,1.066514246064499,1.2669975111951102,1.4273726781132021,5.391573222480753,0.22713129329399662,2.4329619331267405,1.3847048696270217
2021-10-31,3.0933826587836424,1.6354571358532726,1.0735154283563106,1.2687598143880496,1.42217444337894,5.437355692166739,0.22846366898844697,2.4269255798953018,1.3969292873042185
2021-11-01,3.0677808532413424,1.6440690972963852,1.0721412369411079,1.266546982488296,1.4251774198118483,5.418111566635495,0.2217787925222354,2.3618451640019438,1.4082312480269947
2021-11-02,3.012533182921093,1.6529946183488509,1.0731698736066713,1.2652733487563241,1.436474336366955,5.436718078746421,0.22517481790831181,2.372407910047189,1.4052522837687584
2021-11-03,3.0125743604733755,1.6970531563570221,1.0875044864007224,1.2728092653186482,1.4378915165142485,5.351987549579845,0.22323598641725856,2.3306139759651305,1.4163122393640462
2021-11-04,2.9870013857135578,1.604401312259001,1.1199831432516691,1.2707577469975722,1.4347190048648792,5.514093956493068,0.21788612952536465,2.3708149422251,1.4082754825864852
2021-11-05,2.92858480371809,1.654302877448479,1.13272537443821,1.2743921179072255,1.4369724063662532,5.574659823781385,0.21256030389175032,2.3752582355345977,1.3954775960563186
2021-11-06,2.86844892769826,1.6672017415942304,1.1488075767196204,1.2730538704954735,1.4358974769025752,5.4615683076041455,0.21263349752784216,2.40281394286546,1.4068022838081375
2021-11-07,2.892766612622497,1.649309730948816,1.1401897409414212,1.2762189541123294,1.4407048555223358,5.4457520987586365,0.21086365576227165,2.4453646695175406,1.4020198782277695
2021-11-08,2.926001560122008,1.6459069128028625,1.126199164300845,1.2825195659468716,1.4415408325581012,5.377171609815588,0.20504042114218476,2.3985359068165777,1.3970719901898305
2021-11-09,3.0113733123398734,1.6292438930682631,1.1460984931207536,1.2821446970129708,1.434874280568697,5.332445364313865,0.19982834315918963,2.3682195479908783,1.3849768665117508
2021-11-10,2.9262807619566376,1.6742604382438235,1.1493444782730167,1.2796331868273587,1.4362905459442505,5.253319089449796,0.18919323108751412,2.4737246157482993,1.3878797763159652
2021-11-11,2.9013043833028984,1.616648355336866,1.1290817678153804,1.286112578487231,1.445063055551759,5.325593573955016,0.18501176917756665,2.5302482580194243,1.3943997942630624
2021-11-12,2.9306768022089074,1.6302784421025998,1.109002351291812,1.2816182801356564,1.4422583721671218,5.388358435496659,0.17994084789609663,2.524099258256591,1.3922160315755523
2021-11-13,2.966404962515109,1.6507287977594665,1.0958909368293424,1.287308740284973,1.4356918284769251,5.495372904170023,0.1779969652761854,2.5308105587702947,1.39564070843079
2021-11-14,2.976092089002535,1.6714305637951596,1.1013676671014445,1.2904638662815988,1.438503601981432,5.371396221719002,0.1789930329993535,2.50991100233655,1.380438517867454
2021-11-15,2.964046063454122,1.6776119164715237,1.1049978854388756,1.2946811979947352,1.4461697278478052,5.404983857471144,0.18088000038203783,2.5140012424018616,1.3913056813901334
2021-11-16,2.986587106411191,1.6766375834780023,1.1338646190370003,1.2926892661206177,1.4547279113055869,5.274306088951119,0.18385951557059765,2.568677061965889,1.3650486952349221
2021-11-17,2.9937079023918365,1.6988990597587512,1.1376330898147817,1.2942850494038665,1.4556660546426199,5.171475786647701,0.19260404178216756,2.549789404988323,1.3712482172991363
2021-11-18,2.9655592789694856,1.6299823063766719,1.1253533024960871,1.2887936308111207,1.4621674525008796,5.1160188232930635,0.19066224119509864,2.5095920752533103,1.372811925671107
2021-11-19,2.934578443735298,1.6597496710636885,1.1297697198835008,1.2867116138824761,1.467286401627876,5.117773256632288,0.19078234660768978,2.455034739217443,1.372110609147866
2021-11-20,2.9496127867770374,1.7002545386328465,1.1199150509318092,1.2956340915140523,1.470701471503161,4.978828712914059,0.18759552548593858,2.507854780853555,1.3894435102363007
2021-11-21,2.951298202081593,1.7055228090391192,1.1045998505589023,1.3008999737159017,1.4650376996182248,5.055529262039365,0.19270578656361556,2.5101678588628364,1.4031658122692416
2021-11-22,3.0339776277680794,1.7144315023477,1.1026075701912688,1.3007691570713784,1.4608301822370873,4.986872605090735,0.19444941458901022,2.504496768824228,1.408042784132804
2021-11-23,2.9670813268745757,1.7122590795796362,1.1165681413387127,1.2965328474213191,1.4610728343935988,4.821393373029774,0.18941137795194393,2.5353394294304237,1.4039695375151815
2021-11-24,3.0490650269058017,1.7262721667715304,1.1240124663652886,1.2924754176940167,1.4589682736590928,4.758775761510988,0.18541312446721847,2.5610944136091,1.4163878708250623
2021-11-25,3.0682255281138917,1.7012322273763514,1.12881060629461,1.2851883957882402,1.4668350846816665,4.648530616032046,0.1812952510766864,2.5660357483047496,1.4195628396476254
2021-11-26,3.065797859168762,1.6679181825325213,1.1445012723061236,1.278816627580511,1.458278924209294,4.6405086937205215,0.1767475177837386,2.613608457939985,1.4031212550799435
2021-11-27,3.1383205561752225,1.6996623332713259,1.1618068970157043,1.286184296770291,1.4588985639807794,4.556823881927696,0.17641873956020968,2.591915549344765,1.3934510658471475
2021-11-28,3.146363448967583,1.6908059437884393,1.151668370293911,1.2853660170887613,1.4622480694095101,4.636183292529669,0.17079830698060025,2.5806458583011365,1.3917602076571272
2021-11-29,3.091497791368133,1.6878390811972008,1.1540591731543945,1.2874952305694578,1.4628455909125286,4.563594156336673,0.17770549308806438,2.6132572260106746,1.3997310931645597
2021-11-30,3.139021744881748,1.6959457133860976,1.1722189989428196,1.287843647186753,1.4630021005298495,4.616687524695443,0.18334358208761642,2.67305045700564,1.408309311551117
2021-12-01,3.1642882892712576,1.7178721942532642,1.1864350273669246,1.2929901225841873,1.4617639086925043,4.727142250244755,0.18463796986108164,2.6996846631620848,1.4280530943895078
2021-12-02,3.2006963806978175,1.7468834826749586,1.1812467204168293,1.2989313276763124,1.4659778039874056,4.738814429154806,0.1887409002442934,2.805019494679724,1.4116458424890403
2021-12-03,3.163069028153437,1.8320187148870348,1.1876494770300443,1.299805000624314,1.4654477900231109,4.842840163286682,0.1986356317808491,2.7775924962127414,1.4105606153658306
2021-12-04,3.14737733709629,1.856918724727317,1.205427070996561,1.3062556707445323,1.4700886772534578,5.063421799789495,0.19639203046845863,2.7433778110686493,1.4315687193945477
2021-12-05,3.154120545181826,1.8116713239053783,1.2012168087720434,1.3073881630116753,1.4664355172522128,4.971956693385819,0.19561577472041772,2.700120226162443,1.4409473704196332
2021-12-06,3.0631018592942496,1.8153447569162415,1.2090657019337028,1.307163784192642,1.4729947243420902,4.850292404886761,0.192912014556161,2.6872932518525294,1.4515055458349553
2021-12-07,3.0740604547483543,1.8861079623996413,1.1977374445506868,1.301824063668335,1.4836832983474801,4.726340977969682,0.19558601703355588,2.648381109507162,1.4217595763205877
2021-12-08,3.0577010522901515,1.9174003783299156,1.1805364340080482,1.3042041680148562,1.4883590583759156,4.619098304076706,0.19473419577108894,2.7115612132450226,1.4312937911130212
2021-12-09,3.046624875844338,1.9325005173129972,1.1711828553077914,1.3086920480686073,1.4951356170876684,4.6300746972694045,0.19567167016698772,2.6714790424950356,1.4122284364370357
2021-12-10,3.0303282625882924,1.930233248234462,1.186468583442617,1.3124444388598702,1.4963905315877566,4.730221831906689,0.19201853417325945,2.7151845820445994,1.401348223050516
2021-12-11,3.087587581638516,1.9305416293129385,1.158373671668562,1.3154505554320366,1.5013857570785312,4.692292827321479,0.19063116347927406,2.7092296956997983,1.374650411977863
2021-12-12,2.9789942777950182,1.9765450106081146,1.1472662442948418,1.3229036250978259,1.5097659026370578,4.825598593865819,0.18818994479360657,2.644408617765471,1.3599845099549448
2021-12-13,2.959938184916111,1.892901311637488,1.141065146030497,1.3222355136792445,1.5020997886410818,4.736186371897991,0.18739729431211397,2.659070007770209,1.348141456560965
2021-12-14,2.9738019112524783,1.8983211199463694,1.1420494634091172,1.3197813885406615,1.4942385217824137,4.881758438632504,0.18979712623763717,2.6997164848895476,1.3472836384009725
2021-12-15,2.9673773642205457,1.9158461818176367,1.1172484200942565,1.3155001095623835,1.4896196818167509,4.84279128787531,0.18649581142434268,2.713733701421448,1.3486504203925007
2021-12-16,3.0302649047066663,2.001920676936393,1.1006525853928268,1.3162129996486835,1.4906357566344957,4.842522196938789,0.18248680581432206,2.6769410038752643,1.3521623817723332
2021-12-17,2.9882040669310066,2.0084607425852434,1.0977343179736017,1.316903976869422,1.4851007251379749,4.857216570802298,0.17930805871483455,2.6839289820353858,1.3705436247592273
2021-12-18,3.000798623181406,2.0209004793721883,1.108828545938539,1.3114906125702936,1.495460321912854,4.765897888442841,0.18249852644188508,2.7145355682583268,1.3584531499318533
2021-12-19,3.047110824720708,2.0398173806130178,1.13430914176785,1.3123826048827147,1.494960578963044,4.7226915664131415,0.17617183078544782,2.70212087472222,1.3549768901344186
2021-12-20,3.0600027628397855,1.9883816392855778,1.1313960696766592,1.314782630051991,1.499149516363218,4.5655361026726675,0.17869604406211245,2.6926672111300514,1.3527410308781052
2021-12-21,2.952389410200597,2.042633202520029,1.1341358432610622,1.3088734956127839,1.5015493643531534,4.594758327542233,0.1831010593473327,2.680697412651406,1.3531738548309054
2021-12-22,2.9248078428904063,2.0654352702632,1.1238130702619302,1.3054979481034257,1.5012923138905563,4.49429141931839,0.18900471802576152,2.758729836092138,1.3473066271578382
2021-12-23,2.8648524259919075,2.078775207610392,1.1176486968522128,1.3102291293228094,1.4967154945868488,4.539239897461034,0.1894734254937611,2.731297239964407,1.3508102957310228
2021-12-24,2.9034648736915982,2.0828564115615764,1.1192887524116932,1.3069295134234493,1.5037153623363222,4.625493800481277,0.18795551906189245,2.72675146851722,1.3701838962412265
2021-12-25,2.8549666672424103,2.1063451812329306,1.1121215376789215,1.3140316737376676,1.504247357154892,4.731356613635872,0.1851311966265843,2.6762304075407197,1.367248147662483
2021-12-26,2.867072444989696,2.087823729393695,1.1225751343915324,1.31333541999069,1.491873796491922,4.779382796007934,0.18190052002936524,2.6622498850002807,1.3887567549031752
2021-12-27,2.944174261388927,2.0670313395873054,1.130695213786224,1.3112907885832008,1.4903110707510097,4.728224485835343,0.1756637198899017,2.666578246354087,1.3930364225306635
2021-12-28,2.915424322648962,2.108331144175849,1.1251175365788029,1.3089152076731174,1.4935987155608903,4.597875489073294,0.17888426486298145,2.651025329106422,1.407096145182364
2021-12-29,2.97263065593199,2.1334682745458324,1.1144922871491894,1.3041344012653133,1.4851803590805324,4.690073893646912,0.1784377693364665,2.627727251846435,1.4055190415486227
2021-12-30,3.0217067611265818,2.1642271611270933,1.1206911755761937,1.3067604821601717,1.4863992308909737,4.716516694558846,0.17926224187460718,2.628250383244736,1.4163889587482354
2021-12-31,3.0389886018996166,2.130783638943922,1.1281398412109889,1.3078604362954114,1.4901830888538699,4.708613112238191,0.18220838209230006,2.6263550776111577,1.4269251884956167
2022-01-01,3.0190921224692047,2.116783169552902,1.1366286764185716,1.3066894824525581,1.503480187440356,4.757563900118606,0.18233564913048367,2.659180607149349,1.420351623687197
2022-01-02,3.0617978516509763,2.1517402219303623,1.1540672981047722,1.3050921478656692,1.4962771145706177,4.706264118569351,0.18134509060141288,2.7262136946257702,1.4518125830077797
2022-01-03,3.078545685565032,2.1529646287008104,1.1495677120801906,1.308451547781898,1.5095256392829228,4.858489718858725,0.18550868905783904,2.7726943785176514,1.4641865251826363
2022-01-04,3.0772854530709974,2.1252820936839605,1.1496254559332417,1.3102402256549714,1.5008994012858667,4.8460854449723785,0.18248143822863697,2.8154149927134062,1.4564306061354975
2022-01-05,3.0933590535020272,2.099352875833189,1.1720114133626462,1.3036860492206088,1.5039062453728462,4.7356400657242625,0.1806590594243371,2.8246855927647214,1.460440990215742
2022-01-06,3.1049251310966324,2.1059269669027407,1.163336031180451,1.3031747957396134,1.5042469343753742,4.753240011136056,0.18045787578742484,2.856163483144883,1.4620969400053903
2022-01-07,3.1152331394821218,2.09226425550286,1.1489929086223387,1.3039072930802231,1.5116625471090315,4.7921666804416825,0.1775435029605681,2.891640176491506,1.45748962299974
2022-01-08,3.1495624158727913,2.07921202990247,1.1542089656221124,1.3020094664335298,1.508832397393051,4.658020629089104,0.1793973228045956,2.908274465349259,1.4639964792618816
2022-01-09,3.1635148464067817,2.051515884811002,1.1679334234033947,1.3060174915205713,1.5042260077356369,4.703567834735866,0.18257262379180922,2.888348498173774,1.4599553264898382
2022-01-10,3.1898090363088474,1.9965641119263116,1.1530280156906587,1.3022701028508807,1.4935681671600438,4.796364129143702,0.17534956948134872,2.9037915154148495,1.4720975325110983
2022-01-11,3.1767182535935725,1.973342838935069,1.156595610522663,1.302407491046784,1.4997127356491415,4.570391200780518,0.17216274018680758,2.928832806579461,1.4731345875778985
2022-01-12,3.21350627868235,1.9834391704585113,1.1550725536547843,1.301356623597663,1.5138103653962807,4.697580768021755,0.17390332304413708,2.932865687519732,1.4813566312069544
2022-01-13,3.2543259089257113,1.9991854566997682,1.145004292726254,1.3084536139824017,1.5154525967016996,4.868811065795572,0.17458901510609245,2.922645236345138,1.502156954045954
2022-01-14,3.2700046145149337,2.0047863895115476,1.1288547279945234,1.3111760524632363,1.512613787958048,4.8305410337184345,0.17291104411349928,2.9424768675759054,1.4793936239724745
2022-01-15,3.260643637244353,2.0409628036947556,1.112319234100881,1.3119871943291392,1.5089447954616022,4.796406130710225,0.1786695084325387,2.870217469307939,1.4910161891033786
2022-01-16,3.238246523805812,2.0223942226186638,1.0978159837896881,1.3150857130583093,1.507940413942872,4.769939324506819,0.17909773253719785,2.863460096555265,1.461483812160645
2022-01-17,3.2153768521980597,2.0558000010296182,1.0782974769559068,1.3109171363489496,1.5055169040104883,4.708592078143593,0.1790336675512599,2.817083063661011,1.4561076778428703
2022-01-18,3.2140266576646703,2.0806359717795835,1.0947280052514659,1.3100196281247352,1.5170374821368322,4.69394702683967,0.1820374054394594,2.8992647461761787,1.458427379821204
2022-01-19,3.1487725980105354,2.08487270720333,1.0870214324658716,1.3090720960617876,1.5292343232127272,4.591573255015578,0.18316773693561123,2.861673403650333,1.4542320976464997
2022-01-20,3.184897316813889,2.097646620085147,1.0844121601033192,1.3066510968499465,1.5313206771260899,4.733629005518262,0.17990239857274062,2.944304103797063,1.471966421004926
2022-01-21,3.251271534001461,2.1101313572780533,1.099977332186814,1.3028271904543796,1.5273818513965365,4.799827144002568,0.18100284375326817,2.9383398597221224,1.4354232517703018
2022-01-22,3.231009249818918,2.066382071276077,1.1068218440476592,1.3022102945024954,1.523695970188146,5.029126351957411,0.18479729497389316,2.985465195689817,1.4673214446614309
2022-01-23,3.2708568886435314,2.038533084331431,1.095360973673242,1.3061100344488765,1.5112970205160323,5.023091232572599,0.17680989619240176,2.990488696540706,1.4801468648915332
2022-01-24,3.2855470691024093,2.073771102934849,1.1215159189883361,1.3056782144726105,1.5284209272717595,5.043324541479972,0.18020169369571498,2.9636761521682495,1.5044111193667655
2022-01-25,3.3378715515682775,2.129526768807567,1.1225859046841296,1.3008912682024132,1.5313884936908297,4.8902780162938475,0.1790261090102715,2.9727633953965764,1.5404752281794587
2022-01-26,3.3548220282776366,2.135727257477042,1.1220735687264136,1.2957836143118053,1.5320673633556279,4.90031231990575,0.17559379003016612,2.920439239242355,1.533364846150883
2022-01-27,3.35909605368928,2.1189917515149514,1.108260276004102,1.2970376954059033,1.5355228911899823,4.9119915222295365,0.17365178341914977,2.9470812829829685,1.530749887300631
2022-01-28,3.3001900866726475,2.159363626549992,1.1132941008269266,1.2967032271058923,1.5260268969839885,4.847116467759544,0.18069706449391443,2.8809925993559973,1.5272085084632452
2022-01-29,3.300371476883985,2.1726838386003706,1.0936265902077538,1.297510462169898,1.5158873305261533,4.856586368057615,0.1783754761298738,2.8441503536258685,1.5402633488422206
2022-01-30,3.289697766446441,2.1920789407156858,1.1006060308278038,1.3025835470312803,1.508712588849072,4.937896706226474,0.17846987821990493,2.828587536312001,1.5228699169785223
2022-01-31,3.3206171848118404,2.156567171159075,1.107775025266205,1.3102472873249664,1.5147774748982497,5.062557947047373,0.17593915829493129,2.861515111636597,1.5057495856245766
2022-02-01,3.309983759887549,2.2250228607725173,1.1000271287868013,1.314746766330393,1.5210828678201471,5.161507376068635,0.17151604090185443,2.8846304721724247,1.5036927532843143
2022-02-02,3.3650203588321648,2.1596294228851884,1.1052120567927741,1.3157711192047599,1.509126446210963,5.080277810963549,0.16527233487320342,2.853778398703597,1.5122520293368804
2022-02-03,3.375891002031903,2.167078419823544,1.0917539146575905,1.3203254655083654,1.5091637537582872,5.084375911657763,0.16841382998964766,2.811912938177163,1.5160106980306403
2022-02-04,3.398347217558941,2.146664049820666,1.1006282151391424,1.322347371672015,1.508703901226089,5.07329850039499,0.1702109660805299,2.8457319995466652,1.5172674696471835
2022-02-05,3.4564686127628956,2.1729681276102135,1.077337196985742,1.3169063220427857,1.515989343164631,5.051777992454145,0.17080389878185448,2.8949328781898154,1.5174736478255217
2022-02-06,3.459437768188999,2.139858338042423,1.082443704288637,1.3193551576223284,1.5126366912729285,4.968947096517676,0.1798096684439356,2.891477408005062,1.5074022914693141
2022-02-07,3.4971414770494724,2.138757824661146,1.0686650663485995,1.3213990508015891,1.5076261066223824,5.110940941363658,0.18162396464801978,2.8800468011031226,1.5093520713829267
2022-02-08,3.5455745148028655,2.1467723973414756,1.0961995567954659,1.3260339934806733,1.510717387621511,5.025763299228841,0.1811267214451432,2.9013105453477617,1.497234065973847
2022-02-09,3.6154273076267525,2.1099878126444724,1.0881460983291853,1.32392971337899,1.51536329354434,4.953950898146541,0.1746424696918707,2.9492418856759812,1.4908800099419257
2022-02-10,3.5585652607436944,2.08216244551403,1.110889606406066,1.321452467328904,1.5147670398797655,4.91508947912576,0.1703718935681704,2.9169748836573994,1.4717802207961805
2022-02-11,3.610656318837409,2.0867761492900216,1.144318644352647,1.3187742370956728,1.5097146238128558,5.05176669403868,0.17401095895298566,2.9343935272033703,1.4556834854005853
2022-02-12,3.706248242739354,2.084902522975988,1.1387479849956026,1.3234280320846388,1.5097309581928513,4.946780567710505,0.1741860230245172,2.9005886329215507,1.4121681400642612
2022-02-13,3.658342564458249,2.06593149396818,1.1232977469161713,1.325844267045725,1.5051869834982032,4.990369973624733,0.16992431902920924,2.940727801658073,1.3944244941372026
2022-02-14,3.530948261787856,2.1127676619037166,1.1120976532642772,1.3329650944306888,1.5087367677193004,5.062354761654982,0.17351132794712432,2.946286336511214,1.3964332381686748
2022-02-15,3.5998727262342136,2.1178477122830834,1.1027136374104498,1.3354407780835125,1.496131915263551,5.183608578689831,0.1781976577029857,2.9998277250258294,1.4129079659859116
2022-02-16,3.596407381183323,2.1146279845770866,1.0867731607485098,1.342577538869242,1.4933789237824877,5.216358283738778,0.179138702721987,2.940112291208846,1.3885398951827055
2022-02-17,3.597787679865526,2.098202378850379,1.085932821758247,1.3470030059071423,1.4948719690886265,5.288622611496098,0.18077004064768537,2.926749442921977,1.3749071665140624
2022-02-18,3.6131529964375693,2.102210086284559,1.0981841812520121,1.3465279176652096,1.4932435061213807,5.267833094671346,0.17748462963273398,2.9908559359349844,1.3908509853662325
2022-02-19,3.548494006917482,2.1334721923913524,1.0741997719999032,1.3506427288350529,1.489233547315588,5.303012790523788,0.17067096030623902,2.937676832121006,1.397648115401735
2022-02-20,3.512251027797559,2.1020689075898633,1.0925152437372605,1.3597364410553063,1.4949642010263748,5.199848773604454,0.17672472525931254,2.869459616875999,1.3936719259553723
2022-02-21,3.516190602131926,2.1757100174669737,1.104808126551718,1.3579806499870957,1.4894629942610729,5.29469124771147,0.1748749159007772,2.8793624127416746,1.374860469961422
2022-02-22,3.5472697461235025,2.1957189621075854,1.0886785457791683,1.362319220728172,1.4929170339708953,5.366277784778214,0.17358546279299544,2.8876674906868827,1.376006813069752
2022-02-23,3.5404499211365064,2.203336040749893,1.1054194994577073,1.366848730399566,1.4860086459255977,5.462533958159831,0.1777554833577796,2.8816967613951605,1.3832782812214792
2022-02-24,3.5677468785735114,2.1705076577270437,1.1006844621694531,1.3700641473378419,1.4832100622670954,5.559543055386989,0.18243035459428777,2.931708832394449,1.4109411439639898
2022-02-25,3.5639615553831336,2.178298953974266,1.1052500535192749,1.3699529066577656,1.486575044513071,5.3894117394328775,0.18321445991955576,2.871721526273045,1.3976412843076427
2022-02-26,3.6042106105123874,2.1713630490650657,1.1148340897615163,1.3691825412989551,1.493302726093677,5.367296543272912,0.17608771610649845,2.8820048415226602,1.3676079319621943
2022-02-27,3.5267531923302347,2.137722039872072,1.1016873934477172,1.3670806374165019,1.4872275654796723,5.232539034898729,0.18155290034812724,2.8532650045016603,1.3373732981804962
2022-02-28,3.508718167925218,2.095298605997886,1.0903184075225774,1.3701306318368178,1.4847102387788718,5.1250274219731535,0.18320958330866227,2.903051946440928,1.3448207577886417
2022-03-01,3.380638258221636,2.05408447833894,1.0912663111211847,1.3692634786045264,1.482915074714944,5.035392637458684,0.17809589574200588,2.9910629761890997,1.345454315665646
2022-03-02,3.414214171987346,2.055137240025614,1.0922006362951764,1.3691452972006188,1.476417262003122,4.899130832789275,0.17950721799906236,3.000088915830543,1.3583475473701716
2022-03-03,3.4528986265766255,2.026050431627601,1.1073724998652672,1.3724245118897682,1.480644785405509,5.0984660912686754,0.1868812264659152,3.0317359732725118,1.3662965592629446
2022-03-04,3.509957181538029,2.0055646956326103,1.100132552621527,1.3753344144787298,1.4757203024632846,5.153885656680752,0.1875047824638402,2.9934061853663883,1.3669232318148676
2022-03-05,3.57972187629478,2.0093405083311677,1.1016051590012819,1.3768293422479807,1.478578409797088,5.124224383021951,0.18885579585242532,2.9469004610542098,1.3562739285466596
2022-03-06,3.544757885691158,2.0271346821630196,1.1040538002627105,1.376412054557121,1.482811698009014,5.16019396569799,0.187798291100348,2.901729007426372,1.3454276865713282
2022-03-07,3.467829046767997,2.033074697422487,1.092962845213327,1.3745043901926712,1.4822032073636413,5.258195922848531,0.19132435650164745,2.899928115858013,1.3627232064295605
2022-03-08,3.36419218628938,2.1025854601232687,1.1023732515635603,1.375065751331449,1.4770667229734762,5.217785569339736,0.1936942947325512,2.928002873117539,1.372104102642124
2022-03-09,3.3284393986228724,2.0682349772400546,1.105286232018299,1.3783790573391577,1.4772332465866587,5.357970334696432,0.1938614043388605,2.928557350024477,1.3815793046124836
2022-03-10,3.390309934831705,2.0188318866429986,1.0907891425103804,1.3772215162291166,1.4960469452242218,5.333824994335471,0.1934279963725973,2.956306247828594,1.3953526680154547
2022-03-11,3.3999613903187016,2.061950612699819,1.075487929618154,1.3741940179950702,1.503153090123855,5.335942395199001,0.18858281615094785,2.898250101824706,1.3843162543856544
2022-03-12,3.401089780154853,2.0801222375678066,1.0715637753003187,1.3759186281452274,1.500675494072615,5.454563402136708,0.19824519654220515,2.8817614034839503,1.3912369055465512
2022-03-13,3.4224355718236996,2.086147348390254,1.0802852450234097,1.378032676988446,1.4979979674241342,5.5849155978116745,0.1990844328788925,2.8657042107959736,1.4255058881166702
2022-03-14,3.41749631055676,2.0965551148675523,1.0828836379845002,1.3776334832007784,1.50083616248572,5.501086023827402,0.20149949980134021,2.7906935134896194,1.4072869285582619
2022-03-15,3.512112663010547,2.0499880250295752,1.0577396146119722,1.3726819261103171,1.511432409599595,5.324756900663353,0.197687878107396,2.7302111275812764,1.403710601585964
2022-03-16,3.4901959790418835,2.0330682087681686,1.0816166114921684,1.36788134725323,1.510965753152037,5.358275299856037,0.1938519059006123,2.750684570527328,1.398379161407983
2022-03-17,3.510839217801618,2.02992917884442,1.0553264328441452,1.3733778995885466,1.5236304161586678,5.342299198706272,0.1904092819485583,2.8133731967687714,1.4250935578247825
2022-03-18,3.5030032663050314,2.0227508396056497,1.0546310432501946,1.3666158720696953,1.522008506225452,5.5082788466362915,0.18980496606954428,2.7700457924416795,1.4324568112996978
2022-03-19,3.468996173728928,2.0211404503405204,1.038889424805306,1.362502532560756,1.5266516017184677,5.520868579945671,0.1868969361432038,2.775566568371419,1.4240461882782123
2022-03-20,3.4292539571510527,2.06429709262625,1.0489609701638507,1.3625518298795207,1.5276856781870398,5.521138195361029,0.18875472629869056,2.742835630566586,1.436613463295123
2022-03-21,3.4484697390687056,2.0553483356602587,1.0431357370490302,1.3661263385741265,1.526918863595076,5.452786086414617,0.1873406900217905,2.775031226465259,1.4137633618651508
2022-03-22,3.431120027152079,2.095778040544009,1.0413430026515216,1.3673810575786893,1.5337091876107214,5.541458932565607,0.18572933987596602,2.7701585400241213,1.4268373350915504
2022-03-23,3.480500851750996,2.0932947484163873,1.0409862928682716,1.368615872524432,1.5422482711168062,5.649052953029761,0.18834213083944845,2.725891298127876,1.4232012769046343
2022-03-24,3.469939967649862,2.1475795971659632,1.0383147340712642,1.3738991793405821,1.538881859792097,5.600268233149235,0.19019336110942128,2.790555438271091,1.4204719023520829
2022-03-25,3.3375911901649458,2.0879728785052345,1.0423387629789138,1.3679579061058456,1.533707752249869,5.602632415009566,0.18091433200044627,2.775218861361936,1.4042102184519556
2022-03-26,3.2635377322379027,2.0586591593090042,1.029277729707933,1.3700213894243447,1.5412016126591346,5.56700144704132,0.17879356092475626,2.758531262158951,1.3889297838864068
2022-03-27,3.2014289265055145,1.9985051795340973,1.0131651572639233,1.3768659793245646,1.5370994207679367,5.273345948069325,0.17673007962700912,2.693274845119681,1.3900337738917317
2022-03-28,3.200067343324796,2.0013149608609155,1.0129739598833831,1.3754641495067732,1.528301702369544,5.267314435796066,0.1803669181183719,2.767084301496549,1.3870036208180232
2022-03-29,3.194805955228707,2.0201427100512364,1.031429229858079,1.3735950452603969,1.5326888532871559,5.190355038366966,0.1815928684183685,2.8079238720581636,1.3693767381896553
2022-03-30,3.1705983647363647,2.055669133159691,1.0393649790685358,1.3780013162214024,1.5380436981277128,5.159525037909549,0.18961633193694036,2.814251949302971,1.3278064460009331
2022-03-31,3.1581214400475552,2.039131105131728,1.0495954381725958,1.3762739144784162,1.5449585580035299,5.212388441257462,0.18586158550514625,2.8088891106922125,1.3177744242261515
2022-04-01,3.167821230137511,2.0112626355301817,1.0508478393446272,1.3752872399643123,1.5441723393791513,5.4058562816743345,0.18455875070650762,2.7279467679867913,1.3314242762409085
2022-04-02,3.216666938078114,1.9404241088532648,1.042324627465903,1.377222862781927,1.547564597317824,5.406477805176657,0.18466145904998488,2.6900860910176556,1.2997383927321526
2022-04-03,3.3165206746057887,1.9073670223926573,1.0448450395858477,1.3767042777942178,1.5532732384523507,5.418740506959915,0.18526508394731464,2.584325965061617,1.2891671125432294
2022-04-04,3.3545594942187744,1.930606435697604,1.0332265363117519,1.370324512121056,1.5542150147748943,5.136305277971091,0.1810459523283546,2.653075279792849,1.3080542787236855
2022-04-05,3.3800834665045043,1.9420588966717829,1.0093568858137192,1.3674166811631525,1.552535414408978,5.070820223531743,0.1798139587565192,2.7053099978958515,1.3012285498433591
2022-04-06,3.363811448235203,1.9686875598945353,0.9924666017896578,1.364106693561187,1.5481093061764113,5.076908547634523,0.17860934164873313,2.693135795473332,1.2928375256583782
2022-04-07,3.3107895253432673,1.9910608526661338,0.9887412300979905,1.3667763280333245,1.5413804346457574,5.017131204599382,0.1778549564173112,2.688508973223764,1.3028488551341926
2022-04-08,3.29040287750269,2.0186198434476714,0.9934865236699141,1.366474874811978,1.5356693192795348,5.08648679606252,0.17459545321105882,2.6881884876233118,1.3024066624619723
2022-04-09,3.2811686015681696,2.0052812980563037,0.9839839042126048,1.3599830132519566,1.5444460056453921,5.042483485073077,0.17418301651552398,2.6833136976976113,1.3169363676767543
2022-04-10,3.3772999948542908,2.011853113314314,0.9824252421997082,1.3555353642157149,1.5356822725879913,4.882477674628138,0.17144539960425764,2.599694070674245,1.3314072589564834
2022-04-11,3.399747028992675,2.0035451070073567,0.9957986116842648,1.3513149479215922,1.5307989193329248,4.713503524831518,0.17413487625773397,2.5686144179297687,1.331882512942767
2022-04-12,3.4518945451892518,2.0537846288752872,0.9957490645115704,1.353007756789938,1.5254175473053282,4.857268776882206,0.17359105108782785,2.5722214570870237,1.3267300845225112
2022-04-13,3.5150253296920306,2.0619847554892505,1.0051401879542934,1.354579781892528,1.524225223697065,4.939504445831677,0.17482464532152522,2.5356581369766023,1.3138712655108953
2022-04-14,3.5239267831251597,2.0964905078889338,1.025215899749822,1.3474931076174785,1.524534091776365,4.984027449196524,0.1758934152837492,2.574554895905244,1.32274691231678
2022-04-15,3.4728915037846946,2.0590340835212446,1.0293674687575163,1.3516319546256415,1.525561124980885,4.843463943515345,0.172244782834256,2.6017749898691376,1.3183997695241931
2022-04-16,3.48007816497739,2.099344874159266,1.0148261003869523,1.3500874069890458,1.5225229833438123,4.875417464983967,0.17494175091925532,2.5445255021519646,1.31859045813161
2022-04-17,3.5265021869244424,2.0300955563773115,1.0143463826541819,1.3452981699404007,1.5187680342181191,4.656556939493916,0.17984968617543895,2.531453162916094,1.308210621325244
2022-04-18,3.544924654386018,1.9928197859084527,1.0008079680802102,1.3515282289618689,1.5299076693899207,4.607862643249608,0.18372492430500006,2.545478949169573,1.2899763723237345
2022-04-19,3.496635767286882,2.049256036478465,0.9839728364186219,1.3609118867717196,1.5265641346571528,4.739899418925071,0.182638875589039,2.5765301112623766,1.308229965491842
2022-04-20,3.5705871915237735,2.0285204762462823,0.9741442690627157,1.36071641079214,1.5187757288813266,4.761260985093886,0.17967721581097254,2.618889932284,1.301033230018985
2022-04-21,3.4783450542700893,2.080484001997618,0.976580035018337,1.3609714154037829,1.525576167402977,4.8369096948174075,0.17697539678126442,2.6017447824742304,1.286813519026476
2022-04-22,3.402980514338984,2.102983740824618,0.9814690014356522,1.3642139129719821,1.5335494718899583,4.90530624034779,0.180067013529094,2.5211702585062308,1.2831205541357742
2022-04-23,3.4532379337325567,2.059603902714629,0.9828431135829708,1.3664763162148168,1.5364193778035498,4.938850360551071,0.18225991542546233,2.528509784542426,1.2646060457253172
2022-04-24,3.4805334763962423,2.0709841165689338,0.9660394631408354,1.3722690903122305,1.5398538140873097,4.817126122173761,0.17931741962316494,2.507622319901139,1.2577169343433432
2022-04-25,3.4968772013258635,2.0354163487802945,0.9794071703902472,1.3767116884738242,1.5438224319539873,4.8219256752131345,0.182715296496072,2.4977442543326807,1.2488564586331639
2022-04-26,3.560351273788947,2.047864486263125,0.9716613410436165,1.3751240272442409,1.5394291580337607,4.998404044036188,0.18276681649965007,2.504154888976283,1.2581132205850067
2022-04-27,3.49651269883301,2.0891040757320867,0.9648653924068555,1.3828110377428209,1.5376578370875709,5.092761517673825,0.1736767329967865,2.460514991388902,1.2546709327451906
2022-04-28,3.3910517745198923,2.1125353000825147,0.968778401598649,1.378838936614414,1.5377134472221585,5.167709601603147,0.1664064529549769,2.414005512149963,1.2507176114423542
2022-04-29,3.3932758107451,2.111151577654365,0.9794073900885417,1.3809508128475751,1.5421521176154793,5.039458608473398,0.16692172672517652,2.4033666575976533,1.2692541454806208
2022-04-30,3.403170380955532,2.0865715014288178,0.9897205649023316,1.3834225675760834,1.5372381937900452,5.008854910408572,0.16584859876342609,2.4480979168694184,1.2720876522192714
2022-05-01,3.4412918011363196,2.0688796891455152,0.9939937858711143,1.3889702064932687,1.5351716736316903,5.020238968074533,0.1613597198375304,2.4204751189755234,1.268087663016886
2022-05-02,3.3875643244333804,2.1189373218593524,0.9842962987592384,1.3923876229228034,1.5364724935969183,5.024030930642907,0.1661881307691839,2.3388833124093904,1.2658532304586405
2022-05-03,3.333682725456184,2.0449746124302606,0.9704799473662913,1.3925988656762596,1.5321682371969372,5.10611879617513,0.16551059556049533,2.327958212290531,1.2620521143462071
2022-05-04,3.329757593769799,2.0303885986387438,0.9608575956272121,1.3968707388049346,1.5284965795678658,5.071890035572308,0.16696511949045642,2.3395540484568014,1.2510288708128643
2022-05-05,3.3684651239713572,2.0508509891792137,0.9631979545610121,1.3952029442156229,1.5261626833487536,5.054481544692841,0.16288505316950336,2.3386438993981185,1.2624395306701295
2022-05-06,3.4137560503376863,2.037612065401532,0.9757859879286422,1.4033198354476648,1.5243849630550412,5.118406910789591,0.15554607175842983,2.29497627062184,1.2638423664713234
2022-05-07,3.3632290609040805,2.1132189586498153,0.9830795551809944,1.407526279554427,1.5243604118830159,5.027003708658815,0.15396320294517782,2.304192223342743,1.2560328906355855
2022-05-08,3.3980986158026965,2.141125007040305,0.9834332432642826,1.3999581440968234,1.5349686489952994,5.00876517909298,0.16233657379503041,2.327206576942235,1.2536469923943987
2022-05-09,3.421944188867248,2.0641576881376373,0.9958379838572461,1.410878970783925,1.5222945143290745,4.983854775798492,0.16202703651090988,2.35822458558937,1.2802992224926113
2022-05-10,3.4426237909404636,2.144561280299099,0.9981734128623786,1.4129307717995554,1.524445428587601,5.094323890979496,0.1606908933281771,2.3876417897950923,1.2647974029567433
2022-05-11,3.4289649690883484,2.1208394618650437,0.9995264755562336,1.4117322684639095,1.5315013772585238,5.014770798107154,0.15515889741966712,2.339508704624711,1.2776245740679795
2022-05-12,3.3801249860927696,2.136875552099931,0.9962905585289856,1.41536427747831,1.5302408554154092,5.265300088126247,0.1610801240661092,2.3289150519529542,1.2721035163646541
2022-05-13,3.5399538318926895,2.0962336379355646,0.9959316124010905,1.415601134103115,1.5303795693139441,5.101566046587832,0.162712195646165,2.2954828909607325,1.2906252052110958
2022-05-14,3.4637050825762334,2.099315911981698,0.9697451365744811,1.4065934501625577,1.5253944989171369,5.038470992507304,0.16751456934277598,2.294544319554147,1.30756345946919
2022-05-15,3.4450121627268677,2.123058195178357,0.9615937461920102,1.4033858274419504,1.514436979225997,5.069929048361292,0.16842612806355214,2.3217569114686274,1.3106351651514618
2022-05-16,3.5507497131582073,2.1306343229556974,0.9733270367056323,1.4021616157438161,1.5090851404660608,5.136438978812525,0.16815951628090012,2.3511982882388187,1.315523002612578
2022-05-17,3.509578060432693,2.1726889575042208,0.9634436019831446,1.404932257356519,1.5169722901171467,5.1019082040647445,0.1720809775472151,2.3656916681904785,1.32699362358723
2022-05-18,3.466581042619285,2.18193897254715,0.9474533519131577,1.412285534470226,1.504903268761414,5.070350183764074,0.1689088072291443,2.3901068037856454,1.3527896623357025
2022-05-19,3.5016757609166005,2.299115873664809,0.9320711794505339,1.4069138324395163,1.4996775569821486,5.082429808936158,0.16547346432006987,2.363636511198152,1.3614540572363543
2022-05-20,3.43763859144424,2.253139239069197,0.9278932029776946,1.4057695483200976,1.505886316351111,5.001052405457684,0.16312281452787608,2.3847320893650403,1.3726369635834124
2022-05-21,3.5123414584926973,2.273066377393878,0.9296231380404018,1.4083352397188844,1.5044261318419276,4.9773183274404955,0.15736748174234486,2.4171674012989306,1.3758140546187128
2022-05-22,3.554333569382377,2.1587661690628703,0.9293765829318251,1.4048599689834904,1.5136113303975887,5.033342547094293,0.15813617597337615,2.4019900203836295,1.3815540651865412
2022-05-23,3.505913649336438,2.155754568808418,0.9232051872472098,1.4145527567395857,1.5226624098460804,5.130661493956533,0.15345436148748218,2.433605869783954,1.3844230925790024
2022-05-24,3.57130560746947,2.1691269552230055,0.9234077273937908,1.4156863126778554,1.5118171963305838,5.060816470716069,0.15463085169402557,2.4756849239126377,1.3770788233722355
2022-05-25,3.5701909915684897,2.1074850004017267,0.9398552162926511,1.4205580080876647,1.515911817860305,5.098886520195741,0.15946321754917264,2.4462857572756933,1.3647792847215592
2022-05-26,3.6281094745399263,2.146047004079562,0.9266766162310413,1.418435581283622,1.5263054739975586,5.137689107331392,0.16200557636056387,2.4042446286920103,1.3740139890236451
2022-05-27,3.5519441254065725,2.0704272080965125,0.9350369884321031,1.4246814290457803,1.524908684238397,5.088172510427031,0.16758131792825376,2.397700874583464,1.3733851203593708
2022-05-28,3.643262329931366,2.0580780898690114,0.9279790194543135,1.4283094154551714,1.5207191125798558,5.075946508646818,0.16319350745121294,2.4048483161725644,1.3745950381400285
2022-05-29,3.697256585652975,2.090658737223968,0.9343989788486818,1.4301416037510049,1.5204255887676807,5.13265502081623,0.15959563837526572,2.3205956792961193,1.390841619803421
2022-05-30,3.7357539257611654,2.0867162653488056,0.9467280961396762,1.427146183244345,1.5162870357327025,5.055693532756367,0.16143935733242976,2.265958713314607,1.380452566892344
2022-05-31,3.75310921246999,2.042321962405776,0.9395105016099641,1.4178202071826715,1.5201129715108685,4.994109960568428,0.15792230003288868,2.2223948846098756,1.3749554182413966
2022-06-01,3.665277697879258,2.114544255322223,0.9129064434225899,1.4160452983944574,1.5209150252478598,4.925406878420611,0.1586238911301613,2.196183906838502,1.3962685260575305
2022-06-02,3.6048623566913274,2.025898265617577,0.8989554087924714,1.4178287852504838,1.5203497049075891,4.9930740505686035,0.16024738957751342,2.175662313655309,1.3897188608727322
2022-06-03,3.5851079574238005,2.095423507246649,0.906677316890742,1.4260168325440183,1.5256148545606092,4.98835808659258,0.1570124387089228,2.182674027427718,1.3891508942781607
2022-06-04,3.58114745539317,2.0883749564701386,0.8846182635171271,1.431553370631833,1.5254595256756078,4.8623693407889546,0.15855669595327798,2.1550903915789426,1.3972377059481156
2022-06-05,3.6295819264812152,2.127539206065431,0.8831754504925312,1.4299194912651845,1.5217951378268104,4.80010179236956,0.15853376845142172,2.1487541113226962,1.3859856973860094
2022-06-06,3.568398894006343,2.1242253304446423,0.878838731005715,1.4251662945689647,1.5270031530599715,4.954173873338699,0.16161752994570888,2.1259712578797476,1.3855667182812281
2022-06-07,3.6519223881869984,2.080197375369428,0.8873556815213444,1.4191175330584873,1.5374419764431146,4.9167913545482556,0.16885490426966845,2.181503661646749,1.3843691659060275
2022-06-08,3.613609776079796,2.0883225399770247,0.8857035072342306,1.417549832655629,1.5273987089636174,4.872235565811001,0.1651384783345701,2.1999912847516634,1.3983661254583226
2022-06-09,3.6548420033760833,2.1020276820953394,0.8769041449178622,1.4185650851313822,1.532394922662169,4.82179701224455,0.16556449076166996,2.1956310695787145,1.4218917710721568
2022-06-10,3.702622564367016,2.12591695976895,0.8591027059509118,1.4194424846313753,1.5315979949887213,4.808557187044989,0.16042068855053424,2.1602451170381896,1.421209014362949
2022-06-11,3.765623933872238,2.1041700149855833,0.8552373754506589,1.427168901821277,1.5299327044837512,4.798371646252638,0.1600830197424724,2.1170778522245457,1.4296197026397555
2022-06-12,3.729876331982478,2.1038727565588493,0.8600544790770129,1.435628692054664,1.5220212998016382,4.874040428425926,0.16289639318979773,2.097234012388788,1.4384762517101182
2022-06-13,3.822942498939493,2.075745068102422,0.862804621587791,1.4375156882818338,1.5254256283121903,4.942507301085337,0.16347078160228223,2.113805396689269,1.425652614962835
2022-06-14,3.8334940205763135,2.058777631536203,0.8503302382167169,1.4354637300184059,1.5272223136205074,4.9822665645101045,0.1593563556800469,2.0844971662061633,1.4362688266867665
2022-06-15,3.8638638089016393,2.092475390703768,0.8645426281639554,1.437923628701393,1.5248410219955681,4.993562808892173,0.16467853000733618,2.171351357169481,1.4432073891907806
2022-06-16,3.896062591864217,2.1206458650379076,0.8650488301058786,1.4430880201438676,1.531141941355322,5.026414340296885,0.16366404470065612,2.1222561349723037,1.4540662771072221
2022-06-17,3.9096710504315713,2.0933323298112625,0.8535791103147521,1.4460958464091058,1.5214881751892606,5.054529796872145,0.16645795494706575,2.140185789475928,1.4486754750724526
2022-06-18,3.837574302950209,2.116288537095108,0.8661320812407495,1.4437557740175653,1.5247253433373877,5.199429378084526,0.16761932243232358,2.127872867940934,1.4640438001337854
2022-06-19,3.79626889962179,2.067682772662654,0.8748348501922004,1.4421409522556898,1.5229473854247204,5.141794059901756,0.1660677796672702,2.173080593963251,1.4886763190015686
2022-06-20,3.899621103869896,2.1090822710853137,0.8799922248195698,1.4360884932285578,1.5219573191393243,5.3424349922426275,0.16465413905603157,2.2228705797008086,1.4897933594702453
2022-06-21,3.744134881695436,2.134240965443713,0.893627753934354,1.436021014437543,1.5296161188758328,5.183118797908232,0.16012429206425968,2.230145956465865,1.4971993416742193
2022-06-22,3.8214463360849535,2.1596397997035535,0.8810959212746143,1.4370824305099847,1.5334446100211758,5.009296627201949,0.1600165813536304,2.2193660148557925,1.487696721152446
2022-06-23,3.851183516039931,2.115811491952143,0.8857679801032692,1.4396382433684727,1.5402455185088118,4.909002760694657,0.15523133599474914,2.229094725871997,1.4837354127368243
2022-06-24,4.0200184537509145,2.1341195507603157,0.8866519238800469,1.4390357779892646,1.5328950858658439,4.959810291049656,0.155016666498641,2.2269220155367293,1.4854334488847616
2022-06-25,4.034563636074063,2.0681611679816085,0.8958236961643786,1.43552549034875,1.5322020198656667,5.075603453366755,0.16056455361152897,2.1705643723997134,1.4861798023613753
2022-06-26,4.052290289355025,2.0128677613735633,0.9047202076242202,1.4361697370087976,1.5335452069664541,4.992790148359733,0.16192256571398506,2.1982897711116722,1.4883689137586158
2022-06-27,4.022266714529479,1.9978734107817584,0.9073843810854334,1.4365235979367252,1.539248903982882,4.950627787150267,0.15800928396288894,2.210579950130699,1.4815591816554177
2022-06-28,4.070756061819637,1.99894366227428,0.9147866036897887,1.4322959791762642,1.5402856574673713,4.889305659137577,0.15418427847788654,2.182468848968275,1.473788743146533
2022-06-29,4.147980005503124,1.9792002412633503,0.9011027838268131,1.433004152524965,1.5406194722455873,4.846979163897496,0.15371795285847834,2.2148641208086675,1.4839682869652502
2022-06-30,4.185575027755623,1.9378226493136421,0.9325860325906999,1.4376667992882395,1.5439597112814478,4.746367451336167,0.1566623591048865,2.198658120272185,1.4813821634910131
2022-07-01,4.081305283788306,1.895293845605212,0.93777359647385,1.442150456522955,1.5483439665735443,4.802919194677769,0.156490762257944,2.1856847066676406,1.485958081051681
2022-07-02,4.132815947311695,1.8962178403767793,0.9516742372250393,1.4413641848576184,1.5424275650701027,4.80298393631513,0.15685373406245662,2.18343246565598,1.505285277465259
2022-07-03,4.183978265120959,1.8481355625522145,0.9694823501905317,1.4296541801743938,1.5558530049699109,4.779105905306681,0.156290416662238,2.1819035310794868,1.5113847751892915
2022-07-04,4.185216940174798,1.844437233714692,0.9850008732807335,1.4322229659915293,1.55004155883841,4.843777389890095,0.15795993278363285,2.1644938917769445,1.523659311718791
2022-07-05,4.17658037245766,1.8378154781053193,0.982354217886208,1.4219333689522107,1.5469309395740496,4.906926289023159,0.15792072320173606,2.123200117897039,1.538661737524618
2022-07-06,4.159126433085972,1.798140058097148,1.0086539519087585,1.4175829385230017,1.5525276831876094,4.839958257732969,0.15838130478529844,2.0948920970038016,1.5199007706233225
2022-07-07,4.192952767120412,1.8119771590791223,1.0228112103198719,1.4175784791035113,1.5664715664631148,4.864304409426462,0.16020831131692792,2.0526246350744928,1.5108712785396228
2022-07-08,4.226895539524969,1.8099548118729862,1.0254216266569847,1.414247905022153,1.567392319485999,4.87565684976575,0.15645804295608773,2.0728188646083274,1.4854876597958273
2022-07-09,4.239844935003162,1.868200367653686,1.0341034680191346,1.4172502087008534,1.561922580007482,5.031888092443781,0.1607973069403531,2.0470042886794495,1.4787322079573797
2022-07-10,4.320910094642466,1.9293477852663157,1.0187199044814335,1.4131244058281212,1.5611804371392357,4.836249830564373,0.16089071461117962,2.0838220204145834,1.4577543654842962
2022-07-11,4.330444634191762,1.9099156399985426,1.0390732674160095,1.4108501579088366,1.570822244353921,4.785207124800835,0.16340439328232306,2.0921139322310336,1.4560302405250094
2022-07-12,4.280393664581494,1.9217871362255075,1.0338920084210084,1.4080717725630552,1.580232869146032,4.833324986047395,0.16554054280956484,2.0802433242680336,1.4536135455987529
2022-07-13,4.265717692799481,1.9342216763498206,1.0421648415415785,1.4080847914384602,1.5753806377394732,4.900461166529331,0.1656842448076297,2.0357000190583743,1.4228653345822553
2022-07-14,4.286058586887273,1.9061164133887978,1.0478683445433654,1.4049491908835865,1.5763774489520912,4.868063102886232,0.1715226951848493,2.065125523103179,1.4423201281958455
2022-07-15,4.288890456673263,1.935094142262134,1.0493351516278466,1.4112837894104913,1.5760775458837089,4.74658152220604,0.16470082071056608,2.1172176263101425,1.44951015856648
2022-07-16,4.325190993962112,1.9877551385647725,1.0288512697218506,1.4099066535436737,1.5747468962074298,4.81094969682445,0.16245219260408286,2.079487524852069,1.432255933947918
2022-07-17,4.401060341937136,1.961982744890083,1.0223445984269293,1.4127313937021453,1.5705017224481053,4.664268307007778,0.15734566656828244,2.078131468265202,1.4396654010898235
2022-07-18,4.389029257208884,1.9779689188237093,1.0028647930122074,1.4063233703661413,1.584818013575661,4.7687018196474655,0.159797023599657,2.057982175579193,1.4365268413896435
2022-07-19,4.390235539076452,2.025555350098383,1.0080128923185092,1.4086828173118253,1.5839136851320623,4.837695260250398,0.1607951885084967,2.059752742003972,1.4261395431703476
2022-07-20,4.384073509262033,1.9870058138509643,1.0078297685599684,1.4091994293002434,1.568837878198457,4.818605174364462,0.1570458299629423,2.0755707983224334,1.4355115581349254
2022-07-21,4.35735215480626,2.0074369975992936,1.0152804557343365,1.4083692029537724,1.5786229520778086,4.756679598220628,0.16169867608986294,2.0689746520969248,1.4236926131731957
2022-07-22,4.335682052824225,1.968514789409226,1.0251435951008911,1.4017381684695551,1.587555486202549,4.67750176648683,0.16443673067655312,2.070140287414234,1.4278329288759515
2022-07-23,4.2986091506115445,1.9818033351215876,1.027111554508356,1.3957475135149406,1.5816021531106625,4.632895154454403,0.16198663484043055,2.10945673163,1.428218646288393
2022-07-24,4.249690676652471,1.9650890895238837,1.0212020096314993,1.394680955263331,1.5749573401187427,4.565946298515065,0.16450263364309678,2.115743221832204,1.4263285767726654
2022-07-25,4.2511327762898246,1.964263568137871,1.0189455889812478,1.3969840121701167,1.577906668142987,4.437680951839271,0.16410268764842714,2.0683774626646905,1.4356792617683611
2022-07-26,4.301359903039028,1.9434541203022764,1.0178236203877937,1.3882747655581391,1.584204344947231,4.495255989534054,0.1679101498354763,2.1149121541141658,1.418392114360068
2022-07-27,4.359947276825748,1.9959807876687548,0.9998743675582006,1.3877005284197368,1.5820599533785475,4.565374401970807,0.1599043918025007,2.1729440015917683,1.4170795759386714
2022-07-28,4.421167110409645,1.9946149973393985,1.0060790885577622,1.3781749984400842,1.579782531418808,4.63595372884974,0.16085976408676045,2.120027129882094,1.4182334314795266
2022-07-29,4.368196510897779,1.9629055126274682,0.9880216477826477,1.3808708573948734,1.5869737927749352,4.813800858028824,0.15614963450861308,2.1448538823158163,1.430333393082648
2022-07-30,4.331470592267296,1.931270520754739,0.9754452112726332,1.3788243243042722,1.588418710804107,4.932615168737903,0.15963282798528755,2.0933103535251787,1.4193363713574534
2022-07-31,4.417210344372648,1.906628144323574,0.9750716450581904,1.371908325147664,1.5959035520807199,4.763774377116793,0.1544198245737822,2.1267243090925394,1.4468723724023098
2022-08-01,4.399280153131415,1.9057824963729468,0.9859918182860719,1.3732368035802163,1.5936806615632546,4.723100484581173,0.14961181522394912,2.1345806978949255,1.445831827772677
2022-08-02,4.371706817088932,1.8721784695356718,0.9756326231900198,1.3759216610977476,1.599460390855302,4.6962350601048595,0.1483476565069805,2.1076749043880287,1.4596658364971817
2022-08-03,4.375050895396643,1.8853253141870026,0.9801221348172771,1.3747891332893147,1.5921645476112567,4.612968949012108,0.15172370954980946,2.0851538400851277,1.4539678510772571
2022-08-04,4.301918165752682,1.8448111864590673,0.9713696637907481,1.3818902237510444,1.5965145792870545,4.57015045008379,0.15504001597681616,2.080807372145724,1.4739503135249985
2022-08-05,4.445928985784148,1.8796908679392255,0.972763201844913,1.384927521206174,1.5967704764302302,4.420030282683281,0.1530411612864462,2.051522351507546,1.4642695399047283
2022-08-06,4.566880801680054,1.9184100475202779,0.9782015489386081,1.3884411222845083,1.5848450696684735,4.4788489818776425,0.15594779344919477,1.983009284718848,1.4757675225064566
2022-08-07,4.4706972472374344,1.851150406288739,0.9940638878127,1.3843852814671496,1.580464895535206,4.559525959052242,0.15502695830720448,1.9780468424424476,1.4730803430785089
2022-08-08,4.495348589439707,1.8443492436077973,0.9957234902891824,1.3824323646237426,1.5828470960702232,4.586195422362709,0.16094243307147593,1.9671304682532322,1.4706620531056107
2022-08-09,4.512801172967413,1.877104594025045,0.9829792035922357,1.3830001704679562,1.567127360145354,4.564697289644225,0.16442756752300483,1.9460976406844264,1.4735568692198497
2022-08-10,4.478352327872294,1.848818055219995,0.9947335037478564,1.378801691646284,1.5691205285917118,4.59094580163839,0.1616592665844308,1.951031540881382,1.4600745925110619
2022-08-11,4.51474735143562,1.805797865622496,0.9909781201339958,1.377894005839639,1.5762628849189393,4.603436733536954,0.16477933404554274,1.9676550431552833,1.4683722402356187
2022-08-12,4.493622858269379,1.8397040787472174,0.9870399285781466,1.37088124676039,1.5750662670401863,4.641933319784415,0.15951751559255306,1.9419249323662422,1.4505962956365532
2022-08-13,4.547999094597535,1.8958362602756391,0.9848522632983499,1.3732043299055081,1.578408679669147,4.772688899169832,0.15746754673504704,1.9359084906962094,1.4459432374904444
2022-08-14,4.554505046417895,1.9820545375918197,0.9855118517357812,1.3698205732315696,1.5712774467627857,4.881256165527729,0.1547929462691447,1.955565326823781,1.4364044753267184
2022-08-15,4.469334021016387,2.004439054457542,0.9783482267918983,1.3717058256679215,1.5745726226054813,4.930228707474986,0.15399375436188334,1.9760845914532044,1.4234402594729931
2022-08-16,4.3061525854768075,2.0307454311029867,0.9805857933813117,1.3693324526062067,1.5654643324170365,4.7504804109255865,0.1541839161618348,2.0253519164937437,1.4217526654769235
2022-08-17,4.28410495160806,2.030667001348771,1.0065227400025463,1.372558206427891,1.5597749638176215,4.753833633817006,0.15523988144183942,1.993665117658658,1.4328300611727858
2022-08-18,4.2328365023338215,1.9762511693591394,1.0077442586631504,1.372357171151085,1.5599245655641183,4.6893545211192444,0.15333008124440584,2.027810021840934,1.43943663447226
2022-08-19,4.173360107538507,1.9076504634909495,0.9969886073896774,1.3731420183972833,1.5561374947757938,4.630391966858404,0.15155402690131015,2.026004026979598,1.451018743422572
2022-08-20,4.17458587323541,1.910540299056843,0.9945975053193583,1.3712222690539067,1.5618593555221592,4.693195071532023,0.1577837458599438,2.0449643136939932,1.4440768619419277
2022-08-21,4.119190080369151,1.9440760409973916,0.9851688775069202,1.374690378210699,1.5572680263346979,4.7236297418538715,0.154471072281891,2.0692958723324577,1.426550510384771
2022-08-22,4.1372912842542835,1.9379305856442925,0.9866679865719943,1.3731955240810774,1.5548121526942769,4.737734791579572,0.15140593869957988,2.038421293135521,1.4217209307697742
2022-08-23,4.113865725467398,1.9036347638362583,0.9979067035705863,1.3719549514301423,1.553557965318447,4.625471750076328,0.15770937931154488,2.1130397652787596,1.4109101850233237
2022-08-24,4.190759206284347,1.9012501930585632,1.017411024713468,1.3734760368684502,1.554333266362683,4.418311432702367,0.15496963313283643,2.1141127880941455,1.413995369453933
2022-08-25,4.1156503004844165,1.8770703069631423,1.024473245184231,1.3679139640984528,1.5553201419224594,4.51764905133289,0.1561953487996092,2.1251744628612133,1.3857133205804935
2022-08-26,4.066144412096017,1.9472269978801011,1.0174146829090773,1.3732398394877918,1.551675461381749,4.495960861691626,0.15783723321229878,2.12880935114647,1.3912771320978048
2022-08-27,4.017448861002066,1.9081795208624948,1.0069043218621108,1.371184162034326,1.5504075477507264,4.580803945118717,0.15814451533421578,2.1447093356670806,1.3935254500310708
2022-08-28,3.9514360945899387,1.9095359530763016,1.0087866140223587,1.3744472645069254,1.543935600471055,4.413479107374516,0.15873364734970458,2.1565218585617,1.39130438219156
2022-08-29,3.9542823673963374,1.9405046215840684,1.0035352069180883,1.373435777803522,1.5445781027533978,4.317456524371103,0.15828317006809195,2.1548912050758857,1.4143588831341622
2022-08-30,3.9377861497804814,1.94826703267136,1.0148986487846046,1.3701224269259864,1.5532323144702427,4.45539781042369,0.15822335078186095,2.1378861161824876,1.437655063028856
2022-08-31,3.9859628490922785,1.951920901668964,1.0325803407538956,1.3756892022386553,1.5512984970342767,4.476236317973744,0.16008023625492634,2.1392350163859453,1.417946672571147
2022-09-01,3.931060625078772,1.9049796826534509,1.0389979221935106,1.3709388690759388,1.5526476183402254,4.624732185125081,0.16468340807254686,2.080702872927048,1.4000989569487454
2022-09-02,3.8864519461689895,1.8656562797494496,1.0186899051493963,1.3710313786335966,1.5571819738570276,4.705075866204665,0.16315357769721534,2.072632751345541,1.405358810139231
2022-09-03,3.881293522908725,1.8936241874614999,1.0242564122165474,1.3696207062537908,1.5457732096683527,4.832971915111271,0.16094747281040403,2.0841635942908194,1.3787048920305205
2022-09-04,3.881799066238646,1.897799089671562,1.0263901686483197,1.3821409293775535,1.5420255234919622,4.90533095838542,0.1626639211224759,2.0633645067769177,1.3900884364841752
2022-09-05,3.8733956930653957,1.92845685337548,1.0508506387921166,1.3829044194270417,1.540445716930227,4.999160184429781,0.16724015551508042,2.036439945821403,1.384069950047568
2022-09-06,3.9138004356555065,1.9246451114805445,1.039131569118151,1.385285897670158,1.544737335328013,4.970070353238496,0.16747880308727653,2.0192348873712667,1.3691879119438555
2022-09-07,3.885793400676648,1.9279762531793705,1.0210495672613507,1.3836622888576449,1.5454345069891189,5.077940155736399,0.16646524697916948,1.981902191974765,1.366591109976207
2022-09-08,3.8539355697539626,1.9479100122306212,1.0172156650844395,1.372549128639384,1.5684097060038082,5.09196816471885,0.1667954857644046,1.9364747153796698,1.346849754810127
2022-09-09,3.8497762700462204,1.9604761433081388,1.0260912477965394,1.373664068101223,1.5611263739255747,4.863438601977128,0.1664945121525777,1.9213515835984294,1.3301141805905807
2022-09-10,3.898748786447911,1.9056604824485315,1.0339958710868336,1.3679902669059936,1.562119804097004,4.946173171574817,0.16540253020458215,1.9704398061679103,1.3558902814110256
2022-09-11,3.913788697236382,1.9249932873586846,1.0474672929065174,1.3703613758685054,1.5650081212350846,4.900503921848155,0.15985375109600866,1.9297474040795708,1.3884637469522638
2022-09-12,3.93389337721125,1.9172503817287498,1.0636610609043484,1.3674173272295527,1.568814898743452,4.90829306017006,0.16135646427940253,1.9203955624807383,1.3753470089760151
2022-09-13,3.8865172392505722,1.8909650407331768,1.06394224635595,1.361170410334401,1.561143841847864,4.921248192224939,0.1609767116973915,1.9262594385066916,1.3750025734756228
2022-09-14,4.03453234548062,1.8960352698133622,1.059421602783977,1.3617195001567695,1.5676691423663556,4.91783623667626,0.16321341343131526,1.9380879995495766,1.3712843523349576
2022-09-15,4.042452685138068,1.9513627129207567,1.0628296980279854,1.3578276199382502,1.5658223627314702,4.731664412639072,0.16369456235260524,1.9766190013966818,1.3531641218056865
2022-09-16,4.052744733363586,1.9867560858837157,1.0770648814657164,1.3631766508394803,1.5542775304542251,4.775615694439577,0.15879824458372815,1.9474144911341498,1.36454588644323
2022-09-17,4.063568426394207,2.0135257354041247,1.0653793745403333,1.3693393125616997,1.5587124060745436,4.853015846578067,0.15539943247454993,1.9820220302842149,1.360504625831958
2022-09-18,4.027531100330942,2.037000110518187,1.073155089902873,1.365997499476399,1.5716890048959937,5.0124777475198,0.15731095471123102,1.9952144706767305,1.3652634836207522
2022-09-19,3.9350994654105684,2.0419511064723337,1.0747589190930649,1.3637736076571343,1.569901371027249,4.798629090570014,0.15389015585783822,2.02320213091485,1.3891719354451324
2022-09-20,3.880595542794401,2.0494885111551344,1.0892473012299204,1.3617816184500342,1.5743049329267327,4.796670220497023,0.15758475683965492,1.9846869153016697,1.3741053012998952
2022-09-21,3.8980313982527783,2.053857425895678,1.088837867593288,1.3642702777358053,1.568601858618788,4.679392396232375,0.1560400854990779,1.9735246820606256,1.3704811373029493
2022-09-22,3.973402508102386,2.083160858166816,1.096131860098129,1.3653153071094455,1.566034443530145,4.608401274189487,0.15233520259056496,1.9533599908280765,1.370166995776167
2022-09-23,3.90575627208745,2.090350587142134,1.0939031417431888,1.3638245258318458,1.5734670490968616,4.405211630553303,0.15119655927066378,1.884823305017966,1.3737097361840431
2022-09-24,3.9515814314548074,2.0403495857261364,1.0781764342830922,1.3570123593963206,1.5740249501156636,4.37907027227739,0.15038416585332384,1.8747968468536396,1.3606100529926608
2022-09-25,4.019857291517848,2.0511677890503197,1.0631725715184803,1.354296108569999,1.5686917205737607,4.490765913899001,0.1525533650277189,1.8716146756980307,1.384110798072562
2022-09-26,4.108618369211753,2.043470174582301,1.0582535018183516,1.3529592938947825,1.562870326958213,4.631827787359247,0.1495132434217724,1.8963659651290592,1.393945502272434
2022-09-27,4.09106228534836,2.1108654799639006,1.0387719481714175,1.3527711325652663,1.5599693885410038,4.712841589740605,0.15060040165337585,1.8476114814937652,1.4115019593305835
2022-09-28,4.122080416218519,2.0723657136842664,1.0347247376169033,1.3476310693126288,1.5590593771184158,4.726518837657486,0.14962256180365785,1.8354967530605075,1.389020397814377
2022-09-29,4.144169086703373,2.001407532936285,1.035421059994428,1.3404920375585574,1.5595302435485396,4.726943552796887,0.15085947646311212,1.859604691912116,1.4038494187641473
2022-09-30,4.045328005900245,2.0001112033518047,1.060717732819754,1.341105046853533,1.5545001463020236,4.721107572443531,0.1497320555005546,1.8271604062178801,1.416331102742499
2022-10-01,4.082000070841677,1.9528662500032357,1.0598486920786883,1.3389600955818868,1.5446968931240728,4.601820526580074,0.14597090657967984,1.8259244303185873,1.410128238185225
2022-10-02,4.02449359092454,1.939872083938313,1.069673934232634,1.3405267971129362,1.5510416973511911,4.583829103793137,0.15067863528038747,1.835823128654864,1.4035159011849174
2022-10-03,4.0313121984372735,1.8970680941887417,1.0660646173013792,1.3423900257257078,1.5549917011691632,4.550903825996674,0.15894754857994806,1.831448148913326,1.380240077099135
2022-10-04,4.105887474563419,1.9185586344968104,1.0693483797375056,1.340651949227421,1.5575938026116998,4.6844377768705785,0.15962031931172785,1.7914300841720294,1.3328515480542578
2022-10-05,4.1308036150545195,1.885278465076475,1.0683896526579897,1.337531939945236,1.5522611684941625,4.620846841352647,0.1574977669666802,1.8126469577216413,1.3407639385410066
2022-10-06,4.057193387195828,1.849663245264407,1.07357076859176,1.341888959731144,1.5588560516479475,4.538353824037406,0.16064555334725142,1.7647132408820647,1.338311890228525
2022-10-07,4.088049952147107,1.7811915044820112,1.1008548000208538,1.3473639814840115,1.5630462814841306,4.460427984592302,0.16045887156881794,1.785989157621857,1.3235548393683862
2022-10-08,4.078209552047105,1.8110922047076212,1.0814410714793916,1.3488424091287123,1.5522314415345164,4.385540781517727,0.1588716361409566,1.8001044267956552,1.3145442222562727
2022-10-09,4.08711320464416,1.7894132381711803,1.0748795345538615,1.3540381292131256,1.5452449833058437,4.44634530249357,0.15890003004366324,1.7849235965320867,1.298802255052626
2022-10-10,4.0180673754097445,1.766337662125448,1.0732665134775283,1.3566250582021566,1.5435437349634282,4.428561720568897,0.1586648890694862,1.7980457575276292,1.3074367290600037
2022-10-11,3.935678984699144,1.7580758918899493,1.0893964729954995,1.3514042767815277,1.5441569101228425,4.415828755035754,0.15689839165498654,1.8413098666319907,1.3081798213004008
2022-10-12,4.026070416931797,1.7589571972165259,1.095740105647376,1.3491992383617633,1.5408147759719033,4.449248875494525,0.15827187219767028,1.8581943208928258,1.3133690866058207
2022-10-13,3.946570366675181,1.7341301563201736,1.1072446257734239,1.3414070783475192,1.5427722716945733,4.441178641980096,0.16099282482711066,1.8701784065858091,1.3049112486882921
2022-10-14,3.905761840173765,1.7185054658392063,1.1152840594628863,1.3322766018784824,1.5438977514932979,4.3714760194278615,0.16163948566549036,1.8802165270886544,1.2834803443674576
2022-10-15,3.8936422752248827,1.72400514117825,1.1167957167521885,1.3319214131269794,1.5365124392817788,4.2882636420578715,0.1572168763531707,1.8962184549798697,1.2822537113979233
2022-10-16,3.891787738901601,1.6717697128569022,1.1166804259465877,1.3345864696212666,1.5253460528557277,4.24779395731037,0.15231061202353355,1.884643499274865,1.2709571600942051
2022-10-17,3.915191520149357,1.6775311531164054,1.1343218023519155,1.3345034135702807,1.5275638315925315,4.206001039632955,0.14898090510333523,1.9086188719143833,1.2870125906475136
2022-10-18,3.957807735752442,1.6821646723425183,1.1214028722160236,1.3392073839950365,1.5312575378582427,4.360141787488345,0.1455709587847617,1.933695256227195,1.2943370630194464
2022-10-19,3.9386899095884753,1.7241330455904063,1.1271535851384742,1.335577222548248,1.530685833569257,4.286544955010863,0.1442360273386307,1.9544967746930664,1.3074004710543485
2022-10-20,3.952940818365942,1.7015445789435295,1.1326533068040276,1.3386092485082706,1.5187641681099981,4.296389511100409,0.14371623012486934,1.9828480576383023,1.3127044531067642
2022-10-21,3.9828459047794036,1.6874653229122856,1.1330155526705323,1.3425327857178946,1.5185218964721219,4.310756861051395,0.13933013351959686,1.9812060600813017,1.28655538081955
2022-10-22,3.9532048763628906,1.690069554461783,1.1437841511706726,1.3386428240496855,1.5209435388786643,4.425564736752335,0.13757250097906037,1.9356268419365668,1.290541643458997
2022-10-23,3.8837077121430608,1.6658306203084137,1.1568004643373402,1.3463141815714315,1.5150076605650749,4.367706871342935,0.13638973801402327,1.9201086877154614,1.3157496967683084
2022-10-24,3.853964268877102,1.654870230335122,1.1795826426936837,1.3487779754787934,1.5211337408929846,4.297342975126384,0.13497079459985215,1.8905471256826551,1.3265554430699493
2022-10-25,3.925951111309991,1.6376663009546788,1.1747806845794957,1.3476160434530895,1.5118717157834956,4.2460808414191895,0.13708515586764938,1.8660999360475703,1.3280542101127113
2022-10-26,3.850100618447202,1.6340765095647354,1.1671917730453976,1.3428117727833064,1.5168027524883756,4.3116373255153775,0.13445438558909115,1.8604218568041828,1.328908397091144
2022-10-27,3.746450416448407,1.593636924862645,1.1855580179203948,1.3386552591521892,1.5245880951705466,4.208082808279341,0.13625292214589776,1.8521066145959941,1.3269048514803705
2022-10-28,3.8518719297157546,1.5582974532724398,1.1943756985732337,1.3410119202251285,1.5451979245940597,4.127336622477056,0.13457432758365215,1.8751446618577148,1.3245129215871552
2022-10-29,3.826273296560724,1.5857783511009444,1.1909134169348716,1.337558040483524,1.5498409980823484,4.156043008712729,0.1337592200443587,1.8653854287466551,1.3126597679685805
2022-10-30,3.869037459561912,1.5761337411894292,1.1802688531734933,1.3325332823364844,1.552427089788012,4.1188277481049616,0.12840169428433332,1.83209010482639,1.3098559669285714
2022-10-31,3.85826967692605,1.569854801838046,1.1752018724273054,1.3267666630484987,1.5471516412160982,4.207415436645561,0.1310884435662505,1.848339418969845,1.3165297171892547
2022-11-01,3.911789042105759,1.538812013749299,1.1760188027282585,1.3224403403872433,1.5404808526521465,4.236131757546651,0.13359682208520346,1.8433346019063435,1.33850260385931
2022-11-02,3.925389412965788,1.5179116541857938,1.161035449843496,1.3266118388607946,1.541426455969995,4.288527847727018,0.12652163255330492,1.8504684552321826,1.3319201935411797
2022-11-03,3.844501295892055,1.5168061861877526,1.1765953710847497,1.3357637158676574,1.543073639123687,4.234644045111492,0.12459976248572242,1.877572239736453,1.3189090098827048
2022-11-04,3.8815484892887206,1.525431142684787,1.1795335846976178,1.3296133844956233,1.5410246953191018,4.124344948176416,0.12315877270848131,1.9037776655472998,1.3354093252889108
2022-11-05,3.895169734693758,1.5103810419090322,1.202366042753287,1.3274184960809474,1.5341783140685616,4.176875465349985,0.12431088372121855,1.88866426256414,1.3370148242159328
2022-11-06,3.9221726087111852,1.5165225822087238,1.2093485039478662,1.3255373521476224,1.5375611468390022,4.179030904661527,0.12316272224033974,1.882076088969567,1.3359732651212868
2022-11-07,3.838313910651104,1.499750044998892,1.2106532291572119,1.3202975386433635,1.533902220808037,4.359245801945175,0.12040570409830674,1.8716169993731624,1.3251022198264704
2022-11-08,3.8327366483956204,1.4783508162247236,1.2074826282537479,1.3175834807515043,1.540529462633182,4.366523417556883,0.11801451266006628,1.895596058778324,1.3126692280695647
2022-11-09,3.7439658574740706,1.4788611950031798,1.235480736960747,1.3104909389057144,1.532481811149101,4.426543298989474,0.11652205062367155,1.9133752873737937,1.3019383027452556
2022-11-10,3.7530615704104022,1.5258897657722357,1.218140671212216,1.3146468757954803,1.5368016125412283,4.3087689327645835,0.117847839736217,1.9158475441472944,1.3033846782123781
2022-11-11,3.7731320560777943,1.5168769678656806,1.2195307981283483,1.315730614511757,1.5415414648765964,4.191187374264071,0.12091397158911277,1.8830303111582176,1.3135723038546088
2022-11-12,3.778760348456084,1.482503300777552,1.2276257333621388,1.3121304861981529,1.5482859896860892,4.138399255733281,0.11732286025279108,1.9267310696015243,1.3162168358410802
2022-11-13,3.8290475881690185,1.4603747244239829,1.200124797512044,1.3188559517603686,1.5484010161120378,4.1758283212204,0.11888699872503569,1.917423290380769,1.3194577506016107
2022-11-14,3.9217461073953004,1.460106100001429,1.2140525047705442,1.31110933356243,1.5555159846210609,4.062262171137259,0.1213108878362989,1.929041856039492,1.3184560093568447
2022-11-15,3.91706423544455,1.4540478866421502,1.2024606898939438,1.3104302722315733,1.5694102209797351,4.1583002267273885,0.11922190663597027,1.937173367462057,1.3199851436041372
2022-11-16,3.9098787663669117,1.4283839472307909,1.2092555256821071,1.3138874688877458,1.5643322455234117,4.305502996512726,0.12287487360289756,1.9534891779619536,1.3039906235467846
2022-11-17,3.934593615947425,1.4362052121260072,1.2170647325794135,1.32028793086586,1.563387551195915,4.4650687196628605,0.12389843198027835,1.9453686257437848,1.3355390754704644
2022-11-18,3.984753304608392,1.4250240529964422,1.2186598164828455,1.3229360311350726,1.5626004729460874,4.476724074479801,0.12189820676462552,1.8965828309413026,1.337227454924665
2022-11-19,3.99431837551005,1.4391149083596018,1.2105992635151344,1.3177479220043642,1.5567230671014876,4.562683478250108,0.12029741193463611,1.8843854993940756,1.3333172204671917
2022-11-20,3.9584128782852375,1.4217335736652472,1.1983074647448726,1.3234168336683017,1.5611136530950436,4.666077417004215,0.12380850785134734,1.8183411852599274,1.3381632237979393
2022-11-21,3.9247953463477416,1.4508827708965786,1.188004831251429,1.3193639367533312,1.5523149301714332,4.641589150285,0.1260988297073034,1.8256918445079644,1.322337459647003
2022-11-22,4.052703980653528,1.4684264035841958,1.199444036381411,1.3245821352244793,1.5422856370767555,4.566368417555418,0.12819966485212428,1.8038546075743835,1.318965320976228
2022-11-23,4.049193894049904,1.4352498097322213,1.1946105093843158,1.3283485973109306,1.5469399706691662,4.658765521251247,0.13081461975633923,1.815197441760492,1.323537890144214
2022-11-24,4.0657954327231005,1.4196244617612155,1.1802042990446322,1.3257333551683785,1.5450772735406624,4.604701166967923,0.13192348751054805,1.8210576764443966,1.3278966114309247
2022-11-25,4.0884464709942545,1.450745399480164,1.1804369471609397,1.3298764154821958,1.5484244384538464,4.699251354760332,0.13621002418386727,1.8371735701432752,1.3295401258243464
2022-11-26,4.095640571977946,1.4390480546554687,1.1736550231878606,1.333608516142213,1.5426105983719407,4.836779209946606,0.1358239416297578,1.9164130127713528,1.320590786131533
2022-11-27,4.112239522519501,1.430509769735438,1.1628374341606151,1.337997956616048,1.5359431009623674,4.778886149633853,0.13744383149648445,1.9382110842555293,1.3024737936625204
2022-11-28,4.149353114527037,1.4344010401816145,1.1503803284941638,1.3349651907648363,1.523603632504866,4.927576411861598,0.14026258571106756,1.9011191992532783,1.3131398514949253
2022-11-29,4.114870599451261,1.4585944939260511,1.1438773632873542,1.33364349207724,1.5219986850898028,4.8702568909799036,0.14421594665224385,1.9271225268570467,1.3148462575382147
2022-11-30,4.179344541857881,1.4164596505121845,1.1273580522341466,1.3356755170378067,1.5266288276414122,4.895725099853888,0.13881449794510314,1.8967992194687795,1.3205867693556612
2022-12-01,4.332714300990586,1.4480784690346438,1.1490345000702715,1.3371703733763154,1.5288118517889915,4.805630351511023,0.14148479485324092,1.8950964143687856,1.3299990188069495
2022-12-02,4.336008443280471,1.455933037283721,1.148169578833253,1.338205174886825,1.5350804485496563,4.6970609185575825,0.13728857534783165,1.9075812501630118,1.3494246426380674
2022-12-03,4.447405570074961,1.4244275433299012,1.1429632199239004,1.3324005148795046,1.5318530240248673,4.792933877026492,0.1372806351709327,1.89726483864986,1.357050049087118
2022-12-04,4.395701005355208,1.4658407950068275,1.1434060263538395,1.3309277023624064,1.5356020764271432,4.874927320036855,0.14169002119166232,1.8916687922717892,1.3720597896712643
2022-12-05,4.403693155419551,1.4502957873569136,1.1330905163584906,1.3266807781701504,1.5311998492557153,4.973804101949019,0.14372103316496895,1.856827705718003,1.3483726740424595
2022-12-06,4.331541297011166,1.4305989551591047,1.1293069135062999,1.3314814927221452,1.5279983133535129,5.125251459483997,0.13892017608264,1.84748881340416,1.3592344721732075
2022-12-07,4.38788632746532,1.4225262981068203,1.1432211505211658,1.3348589144663754,1.5239820329890754,5.155330086441395,0.14090288174421733,1.8309389688675644,1.3825361746585045
2022-12-08,4.334220594402834,1.4267848751114798,1.1264188545274536,1.3354063142055792,1.517629629555671,5.129067161849992,0.13645993894939637,1.8532712994985205,1.3877383824642053
2022-12-09,4.406217018823302,1.4184232123904363,1.1420830248103446,1.3356972176964397,1.518468377676749,5.325269162092685,0.13516445388547102,1.8877641726646635,1.394672702175578
2022-12-10,4.3697398278885435,1.3853988646868398,1.128267222926061,1.3403615049630504,1.5291547478575542,5.335099173666606,0.13558044077362338,1.910128140092026,1.3959739601095427
2022-12-11,4.443131795656652,1.393225260662466,1.1304408249514957,1.3376839471598765,1.5235258247620598,5.032793332190444,0.13895399885582316,1.9063095917943016,1.390663712232083
2022-12-12,4.314389344029571,1.377729767817693,1.1203118066809186,1.3346282499533224,1.5257065151825648,5.044874421517988,0.13519863938354174,1.8695795496519874,1.3728676869716079
2022-12-13,4.4328533777220915,1.4152990909364038,1.1091898126447597,1.326847656923827,1.5266405175772666,5.050145922253801,0.1360826140201857,1.8907443275822404,1.3793435581259486
2022-12-14,4.359948042511908,1.4233560200732798,1.120887198527252,1.3240984217201919,1.5286248844238726,5.000906732286281,0.14154271041606228,1.853492113150332,1.3955639340288062
2022-12-15,4.251986174495961,1.469864104489918,1.1058688918528092,1.3249842629384885,1.5188160459254407,4.88038657981442,0.14411240996592162,1.8824481726031683,1.3991834537486112
2022-12-16,4.3005278052858635,1.4980969857644033,1.0971213335979522,1.3195559557099994,1.51888467583864,4.83065728854328,0.1452613360094406,1.8982991941280762,1.389925745365369
2022-12-17,4.347238539131947,1.5163355536858476,1.1069732757592183,1.318073596726238,1.5237750116042441,4.876838570530638,0.14715026981244383,1.9464530241253257,1.3947595483668784
2022-12-18,4.308963567114301,1.4866332975574135,1.1222885099724538,1.3196182775269805,1.5341063402039326,4.699653566919618,0.14985979801994806,1.939217941386528,1.390107732444965
2022-12-19,4.26082331939878,1.5112999308861008,1.1308879717520541,1.3152277147542522,1.5352717789321786,4.760326366824042,0.15042330240876567,1.9718309417648543,1.3863539057657797
2022-12-20,4.118020270237162,1.516983803118772,1.1336784482636837,1.316587080840496,1.5422233611859821,4.593979910609078,0.14973591814510595,1.9449354297360313,1.3698836000784147
2022-12-21,4.114789745132465,1.5367543443869582,1.1381126719582464,1.3140031901308418,1.541480184725279,4.671793367131555,0.15181164502315167,1.9291978870736766,1.361698595217131
2022-12-22,4.010079610730279,1.5254908509413025,1.1147478252289107,1.3222829989401992,1.5363617419661162,4.765984455079288,0.15736220123709405,1.9358401561588092,1.360609042211937
2022-12-23,3.931740785344829,1.5122453156404156,1.1365384481627416,1.3238085933815409,1.536689590545885,4.8795017106957435,0.15958506994545296,1.931933442527696,1.3638235604748652
2022-12-24,3.8876228180784413,1.497578454158422,1.1340658138097215,1.3261549291896746,1.529176020721879,4.887173877846873,0.15837266335778705,1.9062117999186234,1.3588525388469581
2022-12-25,3.753418000492928,1.477755612983977,1.1194433477255294,1.3251739085636307,1.5153841386057023,4.904943981154343,0.16128489368189006,1.903239166346123,1.3659021553900452
2022-12-26,3.725676644396088,1.436994413578152,1.1198019007901923,1.328011284973882,1.5075078499839487,4.864850522831029,0.16052002781168803,1.9850234748252684,1.3692263677843226
2022-12-27,3.620301082735141,1.3818837863977322,1.1299540091042817,1.3380445376253125,1.505964315804224,4.8359788382644915,0.1619350894721263,1.9616509228637273,1.334664977157767
2022-12-28,3.677715313933622,1.3671843039680391,1.1445320140172157,1.3351236394251345,1.5068484923172658,4.9113571197820445,0.1654340240305887,1.9688988895670259,1.3373775381892883
2022-12-29,3.7130051721625623,1.3791540731220955,1.1271418041346017,1.3301619901214972,1.4942870470481175,4.980102092697288,0.1641577674575203,1.9935159510296492,1.3430441482256017
2022-12-30,3.6582888419134094,1.3767212400913218,1.1213281593013678,1.3278639085697008,1.4999072837320702,5.206165771730036,0.16785526896814332,1.993108584995223,1.360228502321785
2022-12-31,3.753380718359722,1.3427676128457535,1.1381461273688,1.3310627938818502,1.5071855481685232,5.283420972574048,0.16712432974570712,2.0542831857088037,1.3651198650896719
2023-01-01,3.730053812601183,1.3555341159362393,1.151768314764861,1.3315742989884027,1.5097063846261558,5.292881505676252,0.16495146032213925,2.0293701398414967,1.346242765263988
2023-01-02,3.816107274978979,1.3506250349479036,1.1047405764751461,1.3332914961895035,1.5121269095813792,5.11610869376156,0.16223835121158,2.0031012918603377,1.3365192887308577
2023-01-03,3.886673348992961,1.3475458855777895,1.0994081940927836,1.3379142442352363,1.5152742368927083,4.956805303477206,0.16026999883108864,2.013175752208731,1.3243049708119785
2023-01-04,4.006162598594821,1.3508228715755453,1.0897987990994056,1.3335408287719817,1.5210475989490286,4.899992805804074,0.16151986178306915,1.9788052246472936,1.3254994646487002
2023-01-05,3.96915251285828,1.3436944449529689,1.0797123084190636,1.337777326404415,1.5182123420391744,4.888319898350383,0.16124481839453897,2.0270565137956935,1.3375656001012244
2023-01-06,4.017418246390952,1.3060683679086813,1.0715316428310249,1.342681425640383,1.5112532768107898,4.896689894112313,0.15784170940227338,1.9981231020391572,1.360314723925393
2023-01-07,4.061967636858305,1.3297036656051837,1.0819307478734108,1.3422546340926267,1.5072236909742656,4.862228828514544,0.15726771343477422,2.0517613001238817,1.3424081335747595
2023-01-08,4.029451903858378,1.3083840738461145,1.0959736446135375,1.3498536272012092,1.5092360538112832,4.897423026642726,0.15758640363257234,2.0656356892812715,1.3530555129861164
2023-01-09,4.0563872090547015,1.3206554315065797,1.1065004411794503,1.3427873671284745,1.5093991052158864,4.925307791479652,0.15892950681622434,2.0607539850018957,1.3555011811189268
2023-01-10,4.013800838242464,1.278992443554141,1.1198864909478192,1.3383519862894873,1.5085812894567587,4.859878360718258,0.16400574476085714,2.0587042133567737,1.3515640403339242
2023-01-11,4.0600317482557156,1.3291500955031932,1.12567437154556,1.3369704612296984,1.512935622172184,4.723275814862828,0.16419083921732044,2.1206904895821515,1.3539664102301587
2023-01-12,4.067813468366482,1.330175478613961,1.1206699436958643,1.3383655524936737,1.5177786683593995,4.696009472707109,0.15604450502129166,2.135926086908482,1.3831190140761473
2023-01-13,4.046075394057233,1.2954832505834097,1.1301160211364811,1.3455010441440558,1.5211443338730635,4.84273441485665,0.15855266622935857,2.158999994023853,1.376231071942912
2023-01-14,4.064610883645015,1.2953142195291252,1.1295907108356493,1.3446108668642804,1.5226692108971307,4.7307015813119175,0.16115837909127487,2.1310060127946544,1.3730620077946536
2023-01-15,4.085984226994017,1.2742123572206332,1.103274007148323,1.343200181774922,1.5141051254592233,4.792302869828439,0.15747267544655544,2.1789053455402083,1.3732570802349702
2023-01-16,4.090836794648472,1.2292946337127828,1.105522867426683,1.343011408756343,1.5063887065069352,4.800789223990704,0.15625092995897288,2.1722557245804133,1.3738871547828364
2023-01-17,4.063134412054172,1.2352397721273896,1.1047062555064293,1.3450505102374488,1.5033537876264798,4.7097251868980985,0.15406695280922253,2.2196974670964735,1.3872958335213712
2023-01-18,4.138305190005766,1.2642541353893468,1.098855933685303,1.346378661272439,1.5039601744139677,4.766579545638214,0.15320674079194588,2.2232370241048978,1.3885759118859176
2023-01-19,4.172586645343008,1.2796817147944466,1.100420762101826,1.347014114776148,1.505469536938149,4.908804391350241,0.14793643567640563,2.191344255644605,1.3982081796678334
2023-01-20,4.19072390303238,1.2862458317885381,1.109565199195181,1.3480135705301242,1.5022521529564485,4.965346771457634,0.14802782241245044,2.1770705892969753,1.4081405000258214
2023-01-21,4.232905667477076,1.291732695204582,1.1327611366286656,1.3535141132198147,1.5084225466786332,5.1957119510157925,0.1476238148077161,2.1623274565120902,1.4205372493743944
2023-01-22,4.218134881900633,1.292526721847729,1.1196992231173157,1.3561128310449357,1.4996977869513148,5.187731919478171,0.14760800211965242,2.1486170405873404,1.3958594666259783
2023-01-23,4.107748542810156,1.275683672591351,1.127278023696283,1.357423886463468,1.4997491644449428,5.106167323220784,0.14864460063285617,2.0910653895458085,1.3626861756972384
2023-01-24,4.094003715218468,1.263655347120644,1.1413217159603257,1.3582029817129821,1.5098018949689556,5.056801555027768,0.15012145101043178,2.0835706830152927,1.381787216599995
2023-01-25,4.082701167003765,1.283594971793744,1.1269051933662086,1.3566469728613129,1.5094453195481015,5.172812247391972,0.1435545774661279,2.0735910739046615,1.376999598504963
2023-01-26,3.956731043998134,1.273386998336374,1.1064090354275615,1.3472969749018855,1.5080124765951375,5.146272553899259,0.1428800042196103,2.0818706611443125,1.3651657076997459
2023-01-27,4.0642070970673165,1.2731332223083196,1.1238207775915556,1.3406417351007827,1.5031293533450885,5.210877143211648,0.1422611501271567,2.0487737250657925,1.3403383959734823
2023-01-28,4.110124732721164,1.2885748522103582,1.1274393100084514,1.3387813016661054,1.4965871931066388,5.2069498733256125,0.13854722761041732,2.0260860940642287,1.3575114894646139
2023-01-29,3.9972502824472107,1.3048050979007402,1.1479929248316854,1.3421935595451102,1.4991206930018823,5.164542852992614,0.13678521707016902,1.9581677110025295,1.358285361699005
2023-01-30,3.974331621322534,1.2889326405506514,1.1480606881602173,1.3425789146449933,1.4954594966868973,5.315530608532098,0.13881128730824227,1.9848853005407867,1.357153872182943
2023-01-31,4.0060012258590625,1.2686671614788199,1.157583969225214,1.3418898926444243,1.4894957027049867,5.314415409774841,0.13802824164765296,2.0544476699969643,1.3633342728598865
2023-02-01,4.102128277893448,1.2950087107801622,1.158456055016061,1.3402378146929366,1.4792764122175337,5.232164287976255,0.1398854211843768,2.0455478935447657,1.3687306270196242
2023-02-02,3.9784321797231215,1.306098216505361,1.174046300222377,1.3332320232451476,1.4816229227479754,5.359743413450689,0.14461379083999565,2.030508031166546,1.3796795186411461
2023-02-03,4.06495053682929,1.3160570391274238,1.1925034011787687,1.3332219107335608,1.4841079845369483,5.300845374902502,0.14416664454268238,2.04412409526549,1.3703443403943216
2023-02-04,4.0525370087774455,1.3346078188896178,1.2222333342722536,1.3251581640193342,1.4959902081914995,5.2771098232483356,0.14697760540033797,2.080134183557893,1.3920574022597465
2023-02-05,4.009501383913137,1.3297299827318345,1.221813921007809,1.3238697107122896,1.5040312212335363,5.270867537330291,0.14224919572142117,2.060798905037712,1.3703635793312947
2023-02-06,3.9969713641095908,1.3463594451336187,1.212584680673765,1.322401408280466,1.5025286020429076,5.285274741591581,0.14374589276429706,2.086164931348344,1.4015464353069553
2023-02-07,4.005574601015694,1.3647295436136795,1.189847892174748,1.3210293520789704,1.5010536184355023,5.189549600173745,0.14223370686913792,2.083218701605178,1.3947536530631102
2023-02-08,4.163103887478882,1.3778595467072114,1.2187757987987067,1.3270769630731434,1.4973655529105996,5.1940961044500344,0.14102521925664363,2.0785786623681397,1.3814137595229747
2023-02-09,4.136780456965209,1.3873272879424516,1.2240134447509128,1.328218529268851,1.4971578693572642,5.27560894347237,0.14032843331827263,2.1223811431155672,1.3561670754016284
2023-02-10,4.178777736220831,1.4000777691295727,1.2144725063588753,1.3269358778256568,1.5000910467925723,5.363642156528055,0.13544651049373777,2.1428062834525785,1.350231794117992
2023-02-11,4.250566407376234,1.3542854901500734,1.2504738284663932,1.3235410188037682,1.508821343791508,5.358035417185677,0.13325588873961547,2.151756164057707,1.3643974194359747
2023-02-12,4.152843454299185,1.3719299331216621,1.2506662238888446,1.325964597444452,1.5090384653395221,5.303953341412534,0.1303159353545976,2.173897039281576,1.3737745407620419
2023-02-13,4.195344001867276,1.3830380845137078,1.2652194594050776,1.3316903881637827,1.497863022350912,5.0814400132890425,0.13481951688352206,2.1306023629754978,1.3591267619455418
2023-02-14,4.178502990395201,1.3424161974343707,1.2598055342642942,1.3280358088813944,1.4966147580118576,5.108052243765967,0.13392016763523004,2.1184351122872243,1.3629050772168207
2023-02-15,4.245210187301006,1.3816863793712586,1.2568796875024881,1.3354391668852623,1.5020127890370731,4.995796910356907,0.1305689272484627,2.100514596520479,1.3828662392671502
2023-02-16,4.214557605822917,1.335175468235057,1.2538045924534464,1.3276379106670053,1.495824582580178,4.94400792516691,0.13098588321675006,2.1332037181834447,1.3927417841305105
2023-02-17,4.1412669886191775,1.3267761187360076,1.2553298545975817,1.3267263261014854,1.4943628913631348,4.7916861070498,0.12799224237537069,2.120737067161259,1.3499396860349222
2023-02-18,4.182305556324311,1.2945245479161775,1.2660529545215267,1.3292427916248608,1.4912624288205933,4.878942087481737,0.12992031071793306,2.1113328239218356,1.3445161735469884
2023-02-19,4.252394689632186,1.3004486147255951,1.2823044736469962,1.3198491362008873,1.491999023563411,4.741388299394595,0.129879285761964,2.1343617710305107,1.368168097321943
2023-02-20,4.1938285798291375,1.2886630566269133,1.2812191376996087,1.3161224190171112,1.4979882641051756,4.736354358824011,0.13022205544091112,2.1546437505828253,1.3674605968522533
2023-02-21,4.143657443989999,1.2877167084970929,1.268440032123116,1.3166803794659876,1.5041116669548054,4.637129585685478,0.12625712982188256,2.156666420332631,1.3572347317498683
2023-02-22,4.146873664362626,1.295658396585599,1.236190914983745,1.3195369811224855,1.4972248299544426,4.636191665433241,0.12461734682529281,2.1392419462279126,1.380497164193948
2023-02-23,4.167977157570043,1.3172756682046811,1.2388008802273691,1.3221233273422632,1.4998741894265857,4.658353637996203,0.1274016869330988,2.1446918400923147,1.4123196748638709
2023-02-24,4.229279655536421,1.2907829722588564,1.2365480012727332,1.3238304963461525,1.5002911354671111,4.716879895945817,0.12945799272467934,2.101382351745252,1.4306950490131376
2023-02-25,4.199030739443652,1.277453984441034,1.2280288425065018,1.327174133710416,1.498838447380255,4.661485190525236,0.12838618629282653,2.0452326275325476,1.4189323927475035
2023-02-26,4.122214707291939,1.271775640227647,1.23818503307399,1.3295121204307994,1.5065229950829413,4.749175020837751,0.12705457320377936,2.046226755824168,1.418754230259332
2023-02-27,3.9904448566309876,1.2444188919999593,1.236070906265338,1.3289554679245454,1.5097609652829185,4.789759330262938,0.12258049251583183,2.0625534988782834,1.4215716946516483
2023-02-28,4.0289550346848095,1.268813958021504,1.2343223657092508,1.3340543573662895,1.5045408130282762,4.709179838380304,0.12365619073921312,2.0515569677154297,1.425575303473193
2023-03-01,4.150608251381979,1.2783083803548545,1.23783528970467,1.3307090011010698,1.494460511108018,4.703972243304182,0.12631942419153244,2.042029393331091,1.4315835687752656
2023-03-02,4.240665904118189,1.3110679645783119,1.2445762815530956,1.3315211586680649,1.4855318086687341,4.651553511699272,0.12563538983622533,2.0163305061585506,1.4354267015775386
2023-03-03,4.36353802297511,1.3474103866002511,1.2485919795365643,1.3347678096599953,1.4813509023040217,4.775069041691421,0.12173575127033788,2.044342221280962,1.4428276139483325
2023-03-04,4.315373766770119,1.3428855647518523,1.2319719311952855,1.3305300284543349,1.4720714002764974,4.841992829222154,0.12469476992845353,1.9784589633708534,1.4696397590868917
2023-03-05,4.315891078459632,1.3504290333028242,1.2105738673597743,1.3359352764260306,1.4733977371567393,4.942216620548646,0.1277644018306074,2.0184695691626384,1.460406295006268
2023-03-06,4.303722725165298,1.3361001205701117,1.2239400041587116,1.3374030253476212,1.4798461794237743,5.042194195595135,0.12337630919765252,2.0597705891283233,1.4745848095492364
2023-03-07,4.281178219175919,1.345047007453966,1.2224908165284725,1.3400085098353078,1.4777957259815648,5.086669829233889,0.12356706206105793,2.046829238877846,1.4776834466959192
2023-03-08,4.456265751474907,1.3289876043928996,1.219190918833822,1.3374566817831872,1.474614230484821,5.162379509434642,0.1253609653198356,2.047058580875017,1.4931443981397856
2023-03-09,4.51063954395208,1.3256358772566919,1.1971157885424935,1.3409198239366003,1.475762451366027,5.165477052501988,0.12421755291942324,2.0703330929066137,1.4986465792902768
2023-03-10,4.495969046790553,1.296925014360261,1.212816140745912,1.3434873041349915,1.4774176836500024,4.9194870560144714,0.12414825379223399,2.0632565793836357,1.4896772441790098
2023-03-11,4.548183114500928,1.3141319418474087,1.219537442400388,1.3478048326666077,1.4715239778079565,4.880299538742343,0.12435879002042617,2.044418984321084,1.500807654050237
2023-03-12,4.5139215932375185,1.3453697255373884,1.2062762985697781,1.3565601067477637,1.4836157690732223,4.8729519713974625,0.1272343891871161,2.0325482271865685,1.5163152969039606
2023-03-13,4.50336048386092,1.3147788188054823,1.1554995232959095,1.3556021849351803,1.4854202168039004,4.990612786706783,0.12735303533684836,2.063531685077221,1.509735374843819
2023-03-14,4.4819281602547,1.3402495585467722,1.1216710108475192,1.3557905478741625,1.4831923161272988,5.113836015444226,0.12603303056249324,2.0799342332053743,1.523949789590022
2023-03-15,4.3829271184331295,1.3374234204756956,1.116197663246696,1.359775053247656,1.4873457401551107,5.093392757723871,0.12341807695201598,2.112739372834134,1.523223585201311
2023-03-16,4.277843598506151,1.301068444020001,1.1223943474897429,1.3547066024518766,1.4985582298403322,5.008499830278403,0.12344187016680833,2.11820435244264,1.5124181761690874
2023-03-17,4.135402505717918,1.306059487974888,1.1125858781076616,1.3553156992441158,1.4979748048429267,5.033238025327525,0.12732256191387054,2.101274084791296,1.5056297680340482
2023-03-18,4.033311991372234,1.301993318447872,1.1183918406142235,1.3534853662198119,1.5006198119137133,5.018162705046974,0.12403186895201031,2.1115278317820367,1.5028318241125205
2023-03-19,4.041948793866522,1.2892271464982255,1.109931396158036,1.3542598744299572,1.4993857027083608,5.174915096043872,0.1260380360900476,2.12921201228298,1.5004651525106896
2023-03-20,3.9203251329959588,1.2710017178837631,1.101642959670273,1.3532780994560587,1.4993355662528924,5.237062459437573,0.12675177829894532,2.1666606950847536,1.4960852651185423
2023-03-21,3.9366236658354405,1.2793765974463596,1.105221884132209,1.3586176892613353,1.5043060095268606,5.113733524674645,0.12648729525219224,2.166639883802977,1.528573370998482
2023-03-22,3.91833069640207,1.257262943646009,1.1113668129817993,1.3607791918002348,1.504012532278819,5.094481862028307,0.12891307860837065,2.1393316146933388,1.523667363666064
2023-03-23,3.8888168581183757,1.28252148537664,1.1155076884196673,1.3565676042983401,1.4983604147203258,5.267294187011962,0.13173167991832643,2.1667648078555364,1.5241586997814556
2023-03-24,3.977976145668822,1.257561967759269,1.1259216333141253,1.3548992696223812,1.497018523171159,5.337160666211017,0.13137980481864,2.1530697754552013,1.5169165431504466
2023-03-25,3.8606449986221123,1.275340957761004,1.1126587708956146,1.3625886321885048,1.495445979765198,5.464024528814857,0.12665267789990947,2.1771243991733127,1.5322154919038105
2023-03-26,3.93729213850262,1.240773226368439,1.1036099358665643,1.3650815287756306,1.4964834722051379,5.493969970809817,0.12576538316674504,2.228204046598776,1.5724892467016927
2023-03-27,3.9446143162046168,1.2513962086093982,1.1046858727253206,1.370476549659512,1.5015961558160642,5.3896128338183695,0.12424940218104051,2.1949158994321722,1.6151795359425232
2023-03-28,3.9833885998510485,1.2384788563650986,1.0960620049403098,1.373924249044439,1.5071816139038405,5.468117604702899,0.12321674711335731,2.2054243987800333,1.6172940498089567
2023-03-29,3.928641283020051,1.2183202732784655,1.1018092943340392,1.374871368181334,1.5106683381636452,5.54706855428876,0.12693637145122877,2.1801975066958774,1.627810281160646
2023-03-30,3.973969876402022,1.2119626548170195,1.1037510769818644,1.3738269118534259,1.5235609279186377,5.5586472191152305,0.12810800712934933,2.17200047760803,1.6203283024354476
2023-03-31,3.8975502770159767,1.2364414344496433,1.114260166889096,1.372723331349307,1.5182262103915012,5.577759813100502,0.12685844981058828,2.1652007292267776,1.6001785486952966
2023-04-01,3.9114101361618783,1.2422107414460735,1.1292321181834455,1.3722398242776435,1.5163523398297643,5.422577077505671,0.12967714548477596,2.1946308883182177,1.6009584507796568
2023-04-02,3.8345960419028584,1.2155510523143545,1.12215717277719,1.3763506117314417,1.5182649916739046,5.277900392623917,0.13075142185899877,2.1674455594587574,1.592918241698462
2023-04-03,3.891639761764164,1.2327864400379132,1.1372133784179166,1.3763927272931857,1.5237794792650583,5.223271734002811,0.1301040298999289,2.1572707065658845,1.593616975575484
2023-04-04,3.817708855722984,1.2282866607307028,1.157364671681424,1.3720191231170744,1.5158294872500548,5.106916096313379,0.13705642351993477,2.1727443341255093,1.5896287039266306
2023-04-05,3.8227665800662183,1.2338108912709242,1.1488170709722676,1.3700274312193101,1.5150249872330448,5.041314737864788,0.13599578605244647,2.1846865488534135,1.5740955965020575
2023-04-06,3.9735718213711775,1.2510309665556263,1.131652575743343,1.3599800466242848,1.5110101511086138,5.104424394532196,0.137357021986273,2.1814909474203983,1.564943136325011
2023-04-07,3.9208744286599098,1.2424657889480055,1.1182441226559103,1.35848864726049,1.5192055736223478,5.034584044995293,0.13906267006721376,2.206908277665935,1.5483609782181738
2023-04-08,3.872449362736338,1.266869036977563,1.10615683353704,1.3583902149121696,1.5317541133506614,5.124385823071404,0.13932753008501483,2.235180888284766,1.5478047746666093
2023-04-09,3.9327568657492584,1.2207134788969671,1.104640080184267,1.3500238627913714,1.5328959146551349,5.103625900110653,0.14314713816394456,2.259493868413136,1.5399715252748643
2023-04-10,3.909973446228273,1.2295667492333004,1.0973817916619015,1.350027753075278,1.5411226485823173,5.02847836026455,0.14189410150525703,2.2495261446944,1.58891295109045
2023-04-11,3.9468196281511347,1.2551137405089479,1.1078261322384721,1.3535461705620726,1.5441961004637836,5.062545524763633,0.13780543814037075,2.2620514350596324,1.5875092483094597
2023-04-12,3.980295974196734,1.2540149323587055,1.1183039202382479,1.3574982515759255,1.5263627354578921,5.024019195261588,0.1327138389007568,2.2706114184375585,1.583052976850248
2023-04-13,4.06243904203665,1.2591945205415476,1.1121237705014486,1.361456329074041,1.5245726022356023,4.979988912060584,0.1337851724658574,2.326002009555391,1.5968817663379704
2023-04-14,4.098204611061746,1.3220498261044054,1.1026830402983283,1.3585099285796387,1.5256127844622263,5.116791572540769,0.1312922570854055,2.3876843007749393,1.5742200580626065
2023-04-15,4.091982426828923,1.326706590591229,1.0913346862710207,1.356113920414291,1.5306267443157393,5.2505854557986025,0.1257658761898568,2.3946170514549387,1.572751170585928
2023-04-16,4.0998019815557525,1.3196726621516548,1.074761848372211,1.36252412301035,1.537877810544898,5.241807498679681,0.1245627665846589,2.3732053210342263,1.5323998294594827
2023-04-17,4.122790805794756,1.3387364219921,1.0768628201251775,1.3623074689981403,1.538852108477929,5.162351825987356,0.1233431595143143,2.367758825683469,1.5433821800689558
2023-04-18,4.2092988123952075,1.333750082419538,1.0636847905663107,1.3625893854129485,1.551387543047945,5.074382687964162,0.1255530760777748,2.4156808634113993,1.5381344513128228
2023-04-19,4.166318215046793,1.348086855868603,1.068512431711537,1.3655657200847924,1.564411189721907,5.090655410995441,0.12258443674973436,2.4185787142537207,1.5421575464742452
2023-04-20,4.246759527124858,1.343851491697728,1.0635878566524486,1.3600849101065473,1.5679931456300873,5.398475784549201,0.12206322982909047,2.435458759488696,1.5340175322940783
2023-04-21,4.166413920868689,1.3548929073579883,1.0642667016010086,1.35048725002088,1.5782480009068427,5.4399758047381495,0.12226804106536916,2.420530242491266,1.5405416185128566
2023-04-22,4.195874380744499,1.3652223192119342,1.0782255348291676,1.3558700406057145,1.5910671186800869,5.359120577850802,0.12089027216972112,2.4341281339153564,1.5288475079116743
2023-04-23,4.158236438922514,1.3774467007052258,1.0902047372495554,1.3611956050652079,1.5900003755507006,5.404870068362973,0.12150139119942513,2.4352596668034248,1.516677741626643
2023-04-24,4.100652489043425,1.3945272409551945,1.0796364750720542,1.3540755223409777,1.5899573735244181,5.54752796790121,0.1147341271484611,2.425214332462848,1.5272219107455258
2023-04-25,3.9897198069757764,1.3897300777169497,1.0651979707785275,1.350119544200769,1.5875570580754654,5.436484975508036,0.11198899680879681,2.4235446299376924,1.561540710842948
2023-04-26,4.036264475751248,1.4155645898037277,1.0757084381487414,1.347429375872716,1.5896896693781157,5.544989042934796,0.11386668824887901,2.431101884601029,1.5699737567072658
2023-04-27,4.186587515501947,1.437519965320083,1.0719629157213975,1.3472648398988756,1.5831455440045656,5.780355235808637,0.11754200826690668,2.4346225955175167,1.6045260550042377
2023-04-28,4.2275574637517686,1.4269466674146423,1.083944706695698,1.349010801382486,1.5886096554591354,5.639062235468996,0.1156605976012786,2.489467490773419,1.632013792414429
2023-04-29,4.318562786555053,1.4845034805759836,1.0917799138356605,1.351197885263603,1.582965599221817,5.581264295273671,0.11108446079156702,2.477960449623657,1.5987447654827038
2023-04-30,4.389881659576273,1.4954757124680824,1.0655618771868498,1.3505633747941106,1.5955828204269116,5.569755780118614,0.10888860772484543,2.4120899816228065,1.5709962061189793
2023-05-01,4.426465614246058,1.4843946753112227,1.0613934740331543,1.3489572308193278,1.5948473208925402,5.447839763581506,0.10959879009954455,2.361096967458765,1.5594361490201385
2023-05-02,4.494909464614965,1.4950402937528626,1.070445230917218,1.3577944724570945,1.594626249470571,5.451033748576438,0.10904132471838142,2.3458650298712183,1.5439885175688821
2023-05-03,4.501925893186629,1.5051929253862009,1.0760428502935886,1.358192430449379,1.600693297202955,5.45501224243045,0.10817051658126978,2.3137153654892235,1.5203813158656443
2023-05-04,4.60189668451991,1.4868551851749987,1.0644129730132448,1.356626957909013,1.5990709062741908,5.616989142028971,0.10748223385146564,2.4055716088397703,1.521653832527093
2023-05-05,4.745270725708835,1.5113745082200194,1.0693438118662606,1.3631842745439133,1.6064089134193942,5.682282279299208,0.11248573392485668,2.388068932792614,1.5068190212129906
2023-05-06,4.698560837782378,1.5596491965800412,1.088280950022437,1.3611725066872016,1.5914394230451951,5.66236468291013,0.11022867548340662,2.370853249354632,1.4912323489244068
2023-05-07,4.586532717402515,1.6131415434998129,1.0796791573175917,1.367077277662506,1.590189373415317,5.54824269160612,0.11137299990555018,2.357420343705375,1.4884422367115613
2023-05-08,4.597877914349662,1.5902029433020328,1.058999375472224,1.3670037168142588,1.5964796391029592,5.459311892109126,0.11173821929485651,2.4111285254678725,1.4874038266629832
2023-05-09,4.605195048883417,1.592419403728989,1.0506458474343332,1.3630666592295022,1.590321938145462,5.496584238793686,0.11345423310221851,2.4407281024296417,1.4820708465359977
2023-05-10,4.682100093592019,1.6018665094739484,1.0518529414473197,1.3495476687052126,1.5852811925881223,5.347188386049653,0.11489980682569251,2.444695505908765,1.4664796629938566
2023-05-11,4.704880563072407,1.561462850615218,1.0389938739087108,1.3468071908480828,1.5888647925171986,5.482953233018735,0.11357614163679881,2.4936795754782963,1.4674681223557093
2023-05-12,4.72295705489438,1.56029412371682,1.0368454786988108,1.348716828912427,1.5937287600679673,5.396744740335106,0.1131688565262514,2.556617869630395,1.470361802998736
2023-05-13,4.744684583446413,1.5937013217250138,1.030919975228749,1.3487142908084826,1.5990954497608696,5.518172793091107,0.10783827905662186,2.528878484282289,1.4559762932403848
2023-05-14,4.737295322934829,1.5678704354293234,1.0394449267225658,1.349546759110131,1.6049429591209912,5.613935954125332,0.10932447606358076,2.516646657480234,1.457785744742504
2023-05-15,4.705967074589696,1.5299824768862225,1.0516536794664821,1.3493413663501808,1.5954570274484523,5.669317950364413,0.10885667899711121,2.4393930050703174,1.4380512723861076
2023-05-16,4.657923069040835,1.53639190556764,1.0619138649715807,1.352527575283395,1.5994639409033247,5.666945212162778,0.11262798012877549,2.4654897989272793,1.4415328717290115
2023-05-17,4.698907303086431,1.5259711276499115,1.0615029858476333,1.3442151272940248,1.5971495315359687,5.84759600257327,0.11298472988043909,2.4699303843704374,1.4562163845933662
2023-05-18,4.725537802157826,1.5049787877030947,1.0621227869813206,1.3397716126461952,1.5984822708582844,5.760586702862787,0.11510498914621715,2.4515204882215156,1.4444981544210858
2023-05-19,4.718957586107595,1.5154791040840043,1.0470534059138719,1.3378104552383154,1.5993145194102243,5.900515005463177,0.10930665413198833,2.4746320702806015,1.4392464565531289
2023-05-20,4.685362594653668,1.497505089569986,1.042795304612751,1.3404358435103547,1.5960404892735989,6.077852955854763,0.11069237127911644,2.482475619243531,1.437144349052874
2023-05-21,4.770391679127679,1.5341166246581668,1.0285751370039211,1.337747338957799,1.6002516753429972,6.1815426892898095,0.1100496016036998,2.455325595424345,1.4385615548344048
2023-05-22,4.8774888874512135,1.5358633954375078,1.0132830129391697,1.338320897704953,1.6054220761599598,6.171498970626656,0.11284082665331754,2.4877057800236235,1.4379608270123965
2023-05-23,4.882108651262794,1.4855612971367944,1.0283026240289534,1.337131729933078,1.603014220852603,6.111651693020554,0.11389407742828696,2.446085479651586,1.4240964001066543
2023-05-24,4.879726785056949,1.4694024904198804,1.0327477735741077,1.3348991640883077,1.6134019855329669,6.189161096775939,0.11546783438362344,2.4243778743210136,1.4586404170284653
2023-05-25,4.849056896013124,1.451110508631575,1.0418162400281274,1.3358144836191221,1.6082817942536853,6.435027061936456,0.11774393517614169,2.4250084053524876,1.4939557079412165
2023-05-26,4.9094843988291,1.4513800996330988,1.0706508503724181,1.3385889091218603,1.6124005734506734,6.391563233499173,0.11788384672831784,2.4105543975287063,1.515763513440061
2023-05-27,4.792436339723305,1.487643800647048,1.0597001153345098,1.3384901699722995,1.6106577852159392,6.332998970992946,0.11953371167355206,2.41084887519307,1.5059459319567206
2023-05-28,4.804944277249907,1.4695993343018205,1.0531794562693195,1.3326118032096743,1.607917676250025,6.390601912415244,0.11964637200066879,2.4769687080393243,1.5455947395980723
2023-05-29,4.772927607631152,1.4481435960398272,1.067774205017941,1.3340851717695925,1.6153840373296904,6.437757864601907,0.11920521705057655,2.4704535973792403,1.5525928336666197
2023-05-30,4.759245015795261,1.480511085960836,1.0514073119525627,1.339077893350572,1.6034405290786031,6.455859817108313,0.11843981768284674,2.4147563920538424,1.520919638397858
2023-05-31,4.682322670948097,1.4823207411299106,1.044125044592459,1.3350300661549095,1.6122740823117674,6.313964381180814,0.12007219630506287,2.383038675204638,1.5041468463870329
2023-06-01,4.6413168583628535,1.4994541288879013,1.0272545011746568,1.3363148534078775,1.6062392759457285,6.2264919582997384,0.1210583290548701,2.4612076875944426,1.4907446424313617
2023-06-02,4.692827161754392,1.4916137489659227,1.0217104893148905,1.34074357191946,1.6009803019974858,6.09838787563051,0.12219670297749545,2.5205763412314246,1.5022232972474947
2023-06-03,4.595191669182205,1.4756892883511215,1.0340273920464862,1.3472372363601235,1.6026050493341177,6.036031215527415,0.12624390382228473,2.518260174110425,1.4934231443692747
2023-06-04,4.543155773528957,1.4445370001338407,1.0694975976435999,1.3531150621267016,1.5985581939104656,6.225398818134478,0.12761567556879563,2.5366727356144834,1.4830002899130272
2023-06-05,4.509482322395187,1.444011719356186,1.044592647791639,1.3512742026271745,1.5987467574770402,6.373384892045731,0.12606757607167293,2.568081999221869,1.4527397606457144
2023-06-06,4.589775696281847,1.4211873157479973,1.0465390118143942,1.3530565729705228,1.6002507276960305,6.362409696013674,0.1229624906118769,2.5343294053242555,1.4675058716247986
2023-06-07,4.550025200862582,1.419113347707201,1.0281146557934897,1.3566769736183861,1.591964737988133,6.4685813297363595,0.12037360941217429,2.5734027342032793,1.4679489544297337
2023-06-08,4.513254804897802,1.4605617199175924,1.027573600263336,1.3553400540946505,1.5979130691955674,6.2974988158433405,0.11431360322730123,2.6186166472047665,1.455966056601173
2023-06-09,4.57314270107624,1.462359558481712,1.0135288542115504,1.3579448106626557,1.5954511952722283,6.1766364247478,0.11193291642063467,2.551075764405273,1.4621251552967307
2023-06-10,4.510348827580951,1.4620305300689844,1.0116227409680427,1.354244859116264,1.5858918917149454,6.459568342778446,0.11184665526043869,2.621359800458402,1.4794504140859643
2023-06-11,4.489973419113671,1.467377707124778,1.0137704053073322,1.361872781508672,1.5913145869963135,6.366996853911057,0.11265557240739503,2.6535100316414617,1.462358041632924
2023-06-12,4.524601172488132,1.5035027871989515,1.0036431716579888,1.3590701076515412,1.5988604257572827,6.327672666465139,0.11046552912342437,2.689157539202857,1.4710861875605112
2023-06-13,4.532364974607866,1.5345388244073779,1.0183441583809965,1.358868328243477,1.6116470011142037,6.509283320914231,0.10610369066512992,2.648143150178354,1.4382031183500843
2023-06-14,4.511648781067941,1.501696735634977,1.0086985850154861,1.3634500306196644,1.6004955058479549,6.525785938092343,0.10638736194317305,2.6454000993962,1.4403716220561245
2023-06-15,4.361933209835298,1.480414717602776,1.0276782680645444,1.3586907538681685,1.6113251678669682,6.361839900860781,0.10315948292631406,2.6081616427491747,1.4569226870452097
2023-06-16,4.327509651040249,1.490211104096284,1.0288946723187748,1.3586046311512219,1.6196983745815678,6.451461194022577,0.10082208876581729,2.597902277863333,1.4826146418556283
2023-06-17,4.349551504836481,1.450361030156721,1.0114606006736269,1.3623685582301837,1.624411290742528,6.345756709698259,0.10234980590894156,2.6607478254466006,1.504525593398394
2023-06-18,4.45552471952649,1.465443041465514,1.0096076879653568,1.3608598164651808,1.6244607580389079,6.2469633073222335,0.10163479277576629,2.712171556473693,1.480617613379178
2023-06-19,4.353893996230685,1.4879369339915445,1.0056681229492135,1.3531343118078936,1.624224664394302,6.225260179073563,0.10077885610558052,2.740610276501873,1.4611742084895347
2023-06-20,4.356048221226491,1.482881660962918,1.0064262988975472,1.346237983664034,1.6209914900010003,6.228720461548635,0.10188976085913391,2.817062197115633,1.4732427533212242
2023-06-21,4.387487250064287,1.5174128533605888,1.0030589279824584,1.3526484788157118,1.6284109158207218,6.179975739518298,0.1058307654664889,2.83651127825775,1.5058451583943007
2023-06-22,4.408756620366012,1.5026715858547792,0.9941212318688213,1.351340156134914,1.6248525452332867,6.322640442541307,0.10579060428999086,2.7684056778020967,1.5093538426037043
2023-06-23,4.418379594248443,1.490597714058699,0.9976116951647811,1.3512964696057732,1.62913413156886,6.389341902273721,0.1065838282845609,2.715022958058,1.5416391737838564
2023-06-24,4.316581075918531,1.4877405882590213,0.9848091445427232,1.353038310328598,1.6301989709431697,6.371210294763538,0.10984054572578204,2.760709840610353,1.5369045633460565
2023-06-25,4.3699427359081,1.5302367743845342,0.9981199632809502,1.3526206872654818,1.6199919632682624,6.409715738154469,0.11133132431727868,2.729391648326784,1.5375584434969594
2023-06-26,4.365820494061685,1.569072334342335,1.0206233704672498,1.3575248075477158,1.6195995643879604,6.5434153093400464,0.11279819958527246,2.726871072482856,1.5700376787451393
2023-06-27,4.318799399762387,1.586756346865691,1.0312120600677128,1.3564896996080866,1.6233838442064874,6.656086053678561,0.11337264566903221,2.746742963950692,1.5720069946363122
2023-06-28,4.371759980266716,1.5808510489849148,1.027663068071288,1.3567090174888037,1.6312323782999625,6.448066480166842,0.1113333680916511,2.841056643058949,1.5766473771953604
2023-06-29,4.346379549751234,1.6041011518470552,1.0182904479251522,1.3482860703534012,1.6337105461881312,6.3645375240609345,0.11158139607505478,2.8556625489205523,1.579203377530829
2023-06-30,4.236264322968826,1.6055016206453816,1.024028741979774,1.342757857753613,1.623946357784439,6.243341183931094,0.11327021339607962,2.770635949857895,1.5926230348894743
2023-07-01,4.262447978952168,1.5987022649134697,1.0061414626360579,1.339683744376343,1.6291878333698158,6.38582080793983,0.11095641370989869,2.818645398419214,1.6038649664431637
2023-07-02,4.26328956534894,1.5781087538146206,0.9994237777983769,1.3471441321391342,1.6305136130838742,6.5399593888456256,0.11151465314321363,2.800069203626265,1.6135537572128862
2023-07-03,4.402560688416678,1.5604432467891094,1.010683712674466,1.3480487757251738,1.621222829012761,6.367999467885205,0.11052889985851783,2.81522409871296,1.6280494880190801
2023-07-04,4.300140855777527,1.5794003779632786,1.009551177834269,1.3481969820201603,1.6252020351445255,6.569418627267598,0.11122222952148844,2.758494363792639,1.6253291392178177
2023-07-05,4.356395342947214,1.6051932198753343,1.0179202485607428,1.3462689343252692,1.616472585518401,6.640441529169563,0.1085434713535597,2.787721067408224,1.6369224390116215
2023-07-06,4.327140431577533,1.6025858415730705,1.0206524833218933,1.343920443533523,1.6077004411885647,6.637081817786565,0.10870635735368372,2.8451919177626457,1.6244492198076554
2023-07-07,4.397791568625318,1.5701378843975937,1.0044902201764583,1.3428418300074676,1.6018104119067813,6.476098837244963,0.1129553199476457,2.8264855930766504,1.662320062734065
2023-07-08,4.333491427388564,1.5224781731038504,1.0203566219714462,1.3400487594249142,1.6028603396736225,6.319368161164011,0.11289180936881686,2.768897670312174,1.6614239492466178
2023-07-09,4.303984735861273,1.5293975610557862,1.0283238689638927,1.3411519411624038,1.6059124841627044,6.30822971768221,0.11193150941325405,2.7889771077294303,1.6599046133325548
2023-07-10,4.300543068533902,1.5409589033215882,1.0158826029897936,1.347038033438376,1.604471296028227,6.323591954510285,0.11185423313503443,2.816842188852878,1.6658666864592448
2023-07-11,4.298612730199511,1.5817597568546453,0.9771366908616331,1.352194526202725,1.6105375799729973,6.115895477696565,0.11395548921532185,2.86212859363334,1.675558090631156
2023-07-12,4.1993736170250235,1.6018287274952971,0.9892398599039312,1.3500085421850443,1.6135404843424503,6.07823537051601,0.11599615167505163,2.849241572630784,1.6661729971654018
2023-07-13,4.198158116142218,1.5637857146261813,0.9878915420017665,1.351610027904753,1.6193166963942909,6.106688935371456,0.11269582536967862,2.907605628113005,1.6904351169945364
2023-07-14,4.206506190621964,1.5432454687350996,0.9818857391082856,1.3509199401665666,1.6212836379994475,6.074441128966108,0.11078363070235184,2.9528047886930717,1.695122455021011
2023-07-15,4.141366001070938,1.5519549106724413,0.984087568730288,1.3481449361700621,1.6291958248506573,6.090404794972664,0.11032582478852095,2.9496977700685267,1.7029864128001602
2023-07-16,4.1381243417896165,1.5503256899565774,0.996970830670184,1.342543106829048,1.621202643834715,6.176799260649492,0.11567850235998214,2.989068659744371,1.735074232586064
2023-07-17,4.112403522870661,1.5331675205199913,1.0027317250029002,1.3465183056517824,1.6128596049443673,6.154328492923883,0.11563913195063269,2.9592286281902345,1.7256662813902113
2023-07-18,4.165642861383021,1.5467426773716124,1.012640135379267,1.3480137812942408,1.6073871292294881,6.202429831635251,0.11346027584167694,2.9459822328288077,1.7081292210189314
2023-07-19,4.128721448689245,1.5498804293454083,1.00738464724783,1.344577037372868,1.6148633919883748,6.190318651362921,0.11228499066138853,2.8987405010410074,1.6764947552140252
2023-07-20,4.116208511100716,1.512051045990165,1.0162943978112955,1.344830454625791,1.6250910374225362,6.216412930109858,0.11067559237993431,2.8175754364524592,1.690351719739199
2023-07-21,4.037242245371617,1.5015474300644933,1.0370156842076248,1.3474299447164635,1.62778781395014,6.323321581116765,0.11270549301891991,2.884955489035068,1.680510841076582
2023-07-22,4.015641940384338,1.477217972189145,1.0369198933716868,1.3470301646940688,1.6165238332675376,6.250159399586587,0.11597196088749517,2.8961004440272107,1.6928692945786568
2023-07-23,4.00958566960779,1.4276311869333782,1.0356303475835313,1.3513744577668545,1.6090187412218053,6.335453454123693,0.11204786016390646,2.8975568019261675,1.7024258540834203
2023-07-24,3.9920169167394373,1.491738234047367,1.029811880882363,1.3491646244239635,1.6104957692070292,6.250624795912729,0.10884029387272325,2.850427905447633,1.7156705018193095
2023-07-25,3.974954663650257,1.5380363844272267,1.0246681405172084,1.352175327194081,1.6139476541705766,6.20055282504328,0.10694906548932998,2.7769522671760836,1.725503365976078
2023-07-26,4.04759257173182,1.4946349169872506,1.020420543486879,1.34960517319278,1.6176685727229592,6.165112025258915,0.10980028601576237,2.761496034482382,1.7045146284386095
2023-07-27,4.020343855224666,1.485584808697549,1.0271687879576459,1.3482278239618772,1.6206780607750024,6.078623414014554,0.10917513439849297,2.729530298058163,1.6904244016178223
2023-07-28,4.098428997258147,1.4670561013240428,1.0231923532008291,1.3525877411380887,1.6257021718150313,6.259412189757429,0.1102511685942744,2.705494079241519,1.7255369616206715
2023-07-29,4.135442774990789,1.463557882433136,1.0242048906391021,1.3534504821119333,1.6243247997155863,6.105647220327626,0.11386017676773512,2.705149098600119,1.7290483691629646
2023-07-30,4.2655940953604805,1.4461428099933242,1.0325683674100659,1.3503688160543812,1.6265730027377823,6.129014163762324,0.1156833084165519,2.754714276184092,1.7193739788604536
2023-07-31,4.357518171123654,1.4854412446747676,1.0297806139136967,1.3504771861980187,1.6235192738020163,6.096543003129877,0.1129220041702731,2.7873935524235147,1.6844656339779898
2023-08-01,4.313261374387064,1.4848011429098822,1.0461516212125683,1.3484032128614167,1.6264601274668504,6.088875295276812,0.11507908297951795,2.8036546105593882,1.6987871189363735
2023-08-02,4.278929868135502,1.4582938075749095,1.0510743293329807,1.3465650910990776,1.6268200557534946,6.124866326156386,0.11796045039157593,2.837294427644566,1.6875579717603657
2023-08-03,4.20672149930364,1.5036946643581481,1.0314277361923871,1.3448717739932166,1.6311815266173544,6.306760783826595,0.11753659130314217,2.8390255884092936,1.6731288883464612
2023-08-04,4.215973096569592,1.473165494990321,1.0224507879836746,1.3480882657046587,1.6285156747938772,6.412149787534369,0.11719924453326128,2.7813008127754633,1.6930117710734653
2023-08-05,4.1340571976816385,1.4577971745076637,1.0203073334158226,1.3522909118136908,1.625248971216188,6.30647173087601,0.11760398760402359,2.772930527339274,1.6854373955690563
2023-08-06,4.148721857533662,1.4267975084605988,0.9995317472448079,1.3611026967655155,1.6260888094775134,6.327505427768958,0.11578820701291188,2.8108239613569674,1.676782922973823
2023-08-07,3.9765821969317425,1.4128054758298505,0.996456231103277,1.3605443032775861,1.6249569758074833,6.255318315545943,0.11409417677500712,2.798822642500355,1.6495272175293816
2023-08-08,3.861007033029624,1.415864198015868,0.9981271073372424,1.3642697480563883,1.6234583409696186,6.122172052183512,0.10969094747807659,2.7620098930240595,1.6568267011505515
2023-08-09,3.9456470004467534,1.41780894048748,0.9838907418686248,1.3608048278551264,1.6181093319579054,6.078656909333856,0.11217192729140278,2.8122332914352604,1.6543040848318455
2023-08-10,3.957665645009505,1.3980219392643727,0.9639975520370743,1.3682416467336038,1.603238991011434,5.879002658950427,0.11622448781627742,2.8134966340060212,1.6360088893491236
2023-08-11,3.9993816353002893,1.4180345667173948,0.9488702829079969,1.3661912871922117,1.609018641048157,5.793731820491786,0.11690361943385506,2.8741898976893063,1.5971948266066514
2023-08-12,3.9801097158698715,1.4252799405616756,0.9287498750989666,1.364157254920049,1.6159020140681566,5.72143953125511,0.11345653750221385,2.9235181167006226,1.6046138236252196
2023-08-13,3.977192914862388,1.4233258063830394,0.9404887066607582,1.3654990194995633,1.6202365881394123,5.651259237674536,0.10912849960047949,2.9513754598677187,1.62260038800915
2023-08-14,3.9649891787352285,1.446639340104588,0.9369876871170233,1.365264020553964,1.6317560087624416,5.622735292385506,0.10838518306409552,2.869180559830954,1.6341220378581505
2023-08-15,3.9239609754991744,1.4510516627106391,0.933726530472538,1.3635746726907607,1.6311507611533569,5.619725205398473,0.1109562509842366,2.9351808305336236,1.6450823411583912
2023-08-16,3.999981200531197,1.4739415013130115,0.9395486601435595,1.3696636183131627,1.6227765986687375,5.551612339718502,0.10915675911748969,2.9224984461676113,1.6566949832954097
2023-08-17,3.93427530221044,1.4878708167676578,0.9332116571498904,1.3683745016543707,1.624239795723113,5.720728144655412,0.10762344055749404,2.919571853586352,1.6391634190709767
2023-08-18,3.8928504687525693,1.4593451404944096,0.9362328562180777,1.3702572841310314,1.6288659512649828,5.644266638261263,0.10873829688001316,2.925108825033439,1.638544593946247
2023-08-19,3.821528222353442,1.463954574041493,0.9385916756493736,1.3708124922858564,1.6316353540893358,5.715964187489116,0.10637210084837678,2.916185952277019,1.6473233850177935
2023-08-20,3.807289505079538,1.489822100957579,0.9398889425878871,1.362910076401371,1.6372770852319765,5.705058939009613,0.1026284180842731,2.90573332727042,1.626758786678643
2023-08-21,3.8514425245249075,1.4894568894798106,0.9297522926209355,1.3663617063708067,1.6404437472042053,5.6819890198289595,0.1000922698721012,2.869594411247406,1.6131353665477648
2023-08-22,3.8957243233786354,1.4449874394686097,0.9295042181608291,1.3654724055196839,1.6474027656057084,5.706928735806956,0.1011836965720541,2.847554778170707,1.593600326496865
2023-08-23,3.8778735705371874,1.465779252394038,0.9384262387495038,1.363845086420681,1.6418955389852448,5.599523057229835,0.10092744561708941,2.853956843248754,1.61739583132287
2023-08-24,3.8862108488894167,1.4825591823668507,0.9299188269608885,1.3641520920613373,1.642979705304159,5.586478691084913,0.10090358879752243,2.8599309655085356,1.6254995798512506
2023-08-25,3.9555283005032873,1.4226936497712424,0.942626028401259,1.3572870998575715,1.6451731674695529,5.824470065541602,0.10083792015986907,2.8682255863695794,1.6207814094209958
2023-08-26,3.996305585470439,1.432538339770352,0.9352616994574868,1.3569571987876623,1.6379775978841689,5.81316508609934,0.10001231536186946,2.87467368525095,1.6095994132351075
2023-08-27,3.98465045873418,1.4333375671687176,0.9364223708008258,1.3582094682951529,1.6370002647079331,5.732010477108525,0.10019648458548203,2.86753625171838,1.626414023360851
2023-08-28,4.054625393614104,1.3985111223963815,0.9436383054166243,1.3616772928286887,1.6283514599840767,5.792944676049677,0.10201195454454429,2.8272625665621334,1.622895412864044
2023-08-29,4.067173644378887,1.4134307817997112,0.9327286454248679,1.3665398698021702,1.615296327168442,5.9321341901265505,0.10315503413368374,2.801459349299314,1.637248394716439
2023-08-30,4.0044700866510405,1.4169203289423715,0.935677987952992,1.3676445867029203,1.6100322860576897,5.88035028257307,0.10343715256039161,2.7714804953699965,1.6420202009120888
2023-08-31,3.9687826916390514,1.4429916636599998,0.9535047302736335,1.3665608753569665,1.6161198745530527,5.859054701350657,0.1015206044597108,2.7543367652518462,1.6437536773813564
2023-09-01,3.8635926267074945,1.4598195751648744,0.9547750371290713,1.3707994441235587,1.620212779288956,5.872876619819694,0.10081841702611154,2.8178047430321156,1.6797497902011935
2023-09-02,3.845096677384387,1.4877915904825367,0.9469640264576554,1.3685197253320625,1.61787160454147,5.946430220208354,0.09867115957400503,2.8838807522364616,1.6958396474348123
2023-09-03,3.8844040551641106,1.4805182773124235,0.9566740545614414,1.3566791714396624,1.6208866788875167,5.964758290889692,0.0949685922653881,2.902031305748508,1.7061993915251175
2023-09-04,3.7775596715122943,1.4494838226764826,0.9806604272589368,1.3560563734332431,1.6273742846890715,6.0869310627096205,0.09573581847717402,2.946892705709456,1.670490543092811
2023-09-05,3.7656303602838133,1.3696886118600187,0.9604067258775707,1.3539706997547163,1.6232057040157217,6.092685557277512,0.09571542576826376,2.9533939531209312,1.673743149359676
2023-09-06,3.785565008182799,1.3465918209922723,0.9523417028747572,1.3539563013894451,1.6232294485890322,5.975250916202814,0.0978050071863639,2.986093960986004,1.6596884488643806
2023-09-07,3.774868931374374,1.395838991559684,0.9544624959014638,1.3556989214968274,1.6194380030583357,5.942769344945607,0.10078087316581086,2.991765796855475,1.658843199098535
2023-09-08,3.7764340535223395,1.4603503289575748,0.955204771875956,1.3524584891313265,1.6153547462369846,6.027475249878334,0.09792175783555715,3.012584731303694,1.647167969907059
2023-09-09,3.6722741739788565,1.4351719909704628,0.9558069384242346,1.3582544529355054,1.621417685713472,5.996816954679553,0.09984530752355601,2.997064806259914,1.6233414944021296
2023-09-10,3.6745374499269126,1.396843122548939,0.9651708831228115,1.361674049039076,1.615872632190641,6.01373250682533,0.10013695413758449,3.0368641806787955,1.603454453100462
2023-09-11,3.708682401503619,1.3642940984974412,0.9744618736712622,1.3661513588641099,1.6117063218229275,6.146902521431835,0.09700460419583483,3.0875608371913406,1.626840134597802
2023-09-12,3.7290327870949054,1.360038232091916,0.9784075066725629,1.3638134980523935,1.6287880021000367,6.083235589910876,0.09957988469726875,3.05384957817641,1.6531430205882678
2023-09-13,3.8427120858276322,1.3700315680687574,0.982066640405465,1.3600360932443338,1.6219427429133968,6.117073362149019,0.10250393344909062,3.0293484289884,1.689973876955879
2023-09-14,3.8086956718083673,1.3762365163011692,0.985095527977744,1.3597578256085823,1.6088450523562,6.05013229652781,0.10293371049042119,3.0255927141784884,1.7010635304796757
2023-09-15,3.8530766454439975,1.370839725496757,0.9740140263670426,1.3662098127404134,1.6002830214050143,5.986511948727939,0.10120450665766369,3.060074983850836,1.7238071236820645
2023-09-16,3.8441937601078875,1.3770578293860904,0.9793177877880053,1.3737403780268356,1.5890901718400003,6.067904530366995,0.10198686758618758,3.0436650475341884,1.7297754048165026
2023-09-17,3.888065370128807,1.3920635305403934,1.004977879584242,1.3744031318784597,1.5894200999065373,6.049316244260587,0.10313519654854406,3.042810161394153,1.7303498484399829
2023-09-18,3.8902716446585144,1.389247449703873,0.9979389405233045,1.3762645129983175,1.5877668005994605,6.117348252442706,0.10338430441146787,3.025774613998926,1.7577729589515376
2023-09-19,3.8854683698952353,1.405377743806498,0.9898558398103792,1.3680391057462629,1.5843245274618998,5.883212396135141,0.10291522321780988,3.0930366917244894,1.742211658223826
2023-09-20,3.7638895084917885,1.4438915950368847,0.984506404300824,1.3681113174900337,1.589478525073051,5.939791895547849,0.10448058932629532,3.1354311976071805,1.7121390878605451
2023-09-21,3.685166946037255,1.474907908255075,0.9755662299077175,1.3654873654423108,1.5816084286474412,5.897684342484181,0.10377155048026268,3.091968131546227,1.6944512743755848
2023-09-22,3.7038873965341854,1.4540555912165871,0.9687609266244444,1.3566679077992745,1.5940284848502804,5.998846334328827,0.1027653689635436,3.0508875811615193,1.6949746699939408
2023-09-23,3.7040799844411927,1.4212413396101258,0.9394012368161913,1.3546624436876717,1.5842196335597925,6.018551578968934,0.1031519343954061,3.0069603206497515,1.686252597001407
2023-09-24,3.803147920081395,1.4416394408368225,0.9345848954413462,1.36411240360002,1.5767932085303975,5.931712877137968,0.10294456977255265,2.9385065502705663,1.7167789823036987
2023-09-25,3.8147371788835573,1.4217173109028445,0.9398872099638819,1.3648465246232244,1.5750294008095664,5.803865050122868,0.10000815431099108,3.0354831874074972,1.693898869906301
2023-09-26,3.9130409829642026,1.4006678411604412,0.949079674195104,1.366888743482011,1.5793791198169087,5.88149904004812,0.09680476187303293,3.0052947307095916,1.6710643007593171
2023-09-27,3.9253260373973204,1.3678639230187153,0.926802338784781,1.3660516170618986,1.565581164410796,5.910067171845882,0.09438923229470597,2.968002941341033,1.6332912963832174
2023-09-28,4.023661472971984,1.332391835653725,0.923032093140422,1.358845400018853,1.5605044994052155,6.097610104461455,0.09496968215450954,2.936380458046871,1.63305980217361
2023-09-29,3.9910360732181442,1.3307082647198307,0.9315483791773722,1.3576315516172328,1.5620337405947196,6.124786658532501,0.09436919712174158,2.9045533537189407,1.6248098558496311
2023-09-30,4.034090487451189,1.349981578789501,0.9191089181095613,1.3567043327073922,1.557485586514501,6.214203299305956,0.09349872991025886,3.0010247742237866,1.6286752360874874
2023-10-01,4.1068249243801676,1.3258668647561682,0.9195139379661649,1.3593478972774329,1.551203934140435,6.21772158740912,0.0954843793273486,2.986884695387159,1.6151286890199756
2023-10-02,4.219123554298203,1.298432802653113,0.9215099154146968,1.356595450213532,1.5455461707060358,6.301970642291023,0.09511096682412251,3.0056671134006394,1.57902820923668
2023-10-03,4.252230159205134,1.2821105591256932,0.9010097999582581,1.3644015970731387,1.5494163019407716,6.329012356902009,0.09750665771282817,3.0174299095336856,1.5667336743754436
2023-10-04,4.242345790000238,1.2669680746213658,0.8958702285797753,1.3593899985618167,1.5435593807975139,6.4321913314035735,0.09817375036729524,2.995266296071676,1.550940499706465
2023-10-05,4.217820981242368,1.2290739508805129,0.8975003246569672,1.3633817309913112,1.558327988149695,6.305743088221553,0.09996797863157081,2.9640910502184656,1.5337490021825202
2023-10-06,4.147663974333131,1.2326791235364385,0.8877449238009241,1.3610359818500777,1.555738662069685,6.223015389184119,0.09836332352328567,2.856680107754032,1.5353893972024124
2023-10-07,4.153118452515397,1.2154805288763444,0.8918503989579241,1.366875809691639,1.5560409721662336,6.373267855624836,0.10278599807152564,2.965684936899438,1.5174524241958456
2023-10-08,4.080663376014465,1.2062431929534587,0.8934954905207579,1.3735187659835633,1.5601006284212469,6.236502827872642,0.10154915892698241,2.9644096831251683,1.4951586204921616
2023-10-09,4.082724220638677,1.180921928075021,0.8760645965006242,1.3697540117027764,1.5628215753082164,6.28311496637661,0.10176577123769996,3.009095802120192,1.5086985262842356
2023-10-10,4.096465527737623,1.1828053489280388,0.877689311264014,1.3692842743713645,1.5493854185645943,6.412790462176347,0.1025952087433926,2.954796934111989,1.5305417142824973
2023-10-11,4.061441984513052,1.1809840155173315,0.8887331943714046,1.3703255028836407,1.5578164045375225,6.37342986384275,0.10608585315779208,2.920914149142283,1.551014582012138
2023-10-12,3.9246662718912217,1.158068843044291,0.8921775631066055,1.368816313694058,1.5575064076727732,6.3794828157468775,0.10358031194420367,2.872605312949189,1.5549250317536243
2023-10-13,3.8866166548448193,1.1864862421130553,0.8903902050309862,1.371904710606585,1.5604211355639181,6.311726972902898,0.09949856653650024,2.9242378670342015,1.5400147144883027
2023-10-14,3.864243848097001,1.1837393319402818,0.8901122796855021,1.376001047939284,1.5606135296097874,6.298520481858691,0.10154516440494332,2.951169470769537,1.5289948243276712
2023-10-15,3.7989097995979204,1.1666620028839967,0.8898535801208607,1.3709949341428083,1.5613361126957688,6.285132538347215,0.09640186317505084,2.889511785459705,1.4851776514235828
2023-10-16,3.7804526219071057,1.1896828640760244,0.8699316311898377,1.365693488041961,1.5604696469262809,6.166044646915466,0.09436070263029234,2.91356382610764,1.4781246104131571
2023-10-17,3.6972793627144043,1.145451780471372,0.893246575964121,1.3704528303757102,1.5578066533786954,6.177029111450012,0.0934576120852945,2.93645526285726,1.4657938825403167
2023-10-18,3.6682645996683343,1.1552994758416815,0.9090984059406826,1.3736380989036365,1.565651231036863,6.1435279194751935,0.09231180230815685,2.851663011450626,1.467145320422028
2023-10-19,3.6902217511492483,1.1495228662562185,0.9008979602130734,1.3788994217253558,1.569764536737436,6.289933461614989,0.09056973257053194,2.8219386681210556,1.485091108106861
2023-10-20,3.68870799932107,1.1382071079889322,0.8957680848090926,1.3789914748742913,1.5762191059613293,6.27301837543829,0.0920198134573946,2.842286727171215,1.4723439913437235
2023-10-21,3.6411718387388836,1.1294374513944534,0.8816668571671253,1.3770023947246317,1.5859187385401348,6.270728560351165,0.09062764079294028,2.924531618464428,1.4589365719525995
2023-10-22,3.5897284727270895,1.1548845155247542,0.8889281038066237,1.3766028209099523,1.5913546900669935,6.305912364296323,0.0884957299178011,2.819939340533969,1.4509511533595325
2023-10-23,3.6492241748817995,1.1464394668638176,0.8941027021989097,1.3775023707582825,1.5807339869901422,6.261045025433873,0.08914861482979029,2.7872077580123147,1.445981092019439
2023-10-24,3.6717625365180706,1.1483968288054875,0.9056034709493992,1.3792256437727795,1.5748482820730871,6.208478287841065,0.08920263226525553,2.8437218128344255,1.4394231971580949
2023-10-25,3.57744034697025,1.1579632089642367,0.8976638832345606,1.3740454047173583,1.5751242144710809,6.318440480858612,0.0881966396968372,2.8654723271169704,1.44952670524795
2023-10-26,3.6210026499198302,1.1431633951651534,0.885856923916942,1.3701235228218813,1.5802652603289016,6.395608079606944,0.086525929691465,2.957710908198579,1.4342144274476523
2023-10-27,3.6763748822028215,1.174890726777165,0.8872894354167784,1.3670966849416626,1.5756959041919747,6.366715129568387,0.08841370185637676,2.905069163684629,1.4081294226092709
2023-10-28,3.6974435427670596,1.1876606487724097,0.9085095242398195,1.3615641035442996,1.5750038168770863,6.501136055823547,0.0886451020297909,2.8971337120945937,1.4195339402068656
2023-10-29,3.665309673000217,1.2063370817846069,0.8951155879049953,1.3554938489597224,1.573437708562619,6.202478961242597,0.08881299520896288,2.8224212107236872,1.4238269021384555
2023-10-30,3.676605759989305,1.2053438767785714,0.9000717569934892,1.356459763582657,1.5717509795418232,6.408141537972205,0.08952937982284681,2.8556654413411624,1.4393904655949634
2023-10-31,3.7145565695500933,1.2505816288268616,0.9021347958225155,1.3565670812024342,1.567824292378605,6.379862852436346,0.08823796405524381,2.885244934275776,1.426546550608104
2023-11-01,3.719782514363105,1.2636775255754813,0.9040327851661523,1.3530566320272812,1.572364366068695,6.371338623552961,0.08318596610213763,2.843263826004623,1.446819663506087
2023-11-02,3.803718765593717,1.27615002500374,0.9128098837337263,1.3500327101914602,1.570885435249074,6.514289792121277,0.08391120671396111,2.8466024596267765,1.4444062447071029
2023-11-03,3.871870299084808,1.302434349508286,0.9202000482422582,1.3504361339837239,1.568800829522912,6.59685350967866,0.08207873725966786,2.8089745091919847,1.4237354717244612
2023-11-04,3.944771602523884,1.286060145863505,0.92493732407504,1.3500625053585436,1.5871403558909776,6.650646220197839,0.07903830976474745,2.859062840255912,1.4185082132208289
2023-11-05,3.9340658196953484,1.27100652797874,0.9273859571068029,1.3509367240408099,1.5832012184167557,6.591145539621107,0.07921422712193855,2.7591644047572874,1.3983441548510074
2023-11-06,4.0337939218075665,1.2790148566742368,0.9218226542171843,1.3441979159607993,1.583002899254758,6.709347569034466,0.08341132340326989,2.838023658732846,1.386221377720359
2023-11-07,4.005004762942114,1.2456492138298731,0.9127889205240418,1.343474025743499,1.580836483824352,6.958815949496968,0.08123369240155814,2.8366715767595005,1.3578945016502892
2023-11-08,4.026084551649002,1.216064177864927,0.9251403381334407,1.3424354159618188,1.5721293359485369,6.696826051692369,0.07965997240559143,2.847424585606696,1.3638897911890624
2023-11-09,3.9971910751751443,1.2368155187049308,0.9128092214672935,1.3307814931117457,1.5740633924153782,6.853677267358739,0.08174600209185717,2.7924774386989144,1.3567335543721193
2023-11-10,4.041788936101963,1.2233491827208478,0.9142374195045314,1.3280542963982431,1.5673617309017045,6.744465799893506,0.08332488556472017,2.793613255075773,1.3742609460431399
2023-11-11,4.074552931887573,1.2592133450979661,0.9234865933748948,1.3312124393840021,1.5667630745893615,7.111133528173418,0.08352936186735431,2.711477252498793,1.3782192784895604
2023-11-12,4.015739271672337,1.2827686777365521,0.9318070238980303,1.330580724568634,1.561355278946226,7.131298306983139,0.08247483072416631,2.744061237037209,1.3861580381105942
2023-11-13,4.1937951386407475,1.2730041634202887,0.9286937564229677,1.3300959580559737,1.5608182630748373,7.264563879890144,0.08203549448435395,2.82579509246327,1.3945065229555964
2023-11-14,4.164497115031619,1.256528405909898,0.9405721826369272,1.3303427712680227,1.561030909290617,7.1877582316233575,0.08195108704688599,2.7992769192562017,1.413774579341093
2023-11-15,4.210539388196705,1.2530781810733742,0.938715853390715,1.3308436752603936,1.5611524184450492,7.065387717070264,0.07885206714326043,2.766341998679398,1.412240386643932
2023-11-16,4.165202413899534,1.2720599153044254,0.9364161519684413,1.338457060255305,1.5578022212101839,7.084696731954044,0.07841229062483668,2.7851439147472763,1.4275738025860707
2023-11-17,4.204456174400488,1.2260694377208716,0.9423140186435808,1.334531855001549,1.5560277649755077,7.174020059570521,0.07667191272734222,2.833993166912394,1.4228144728225613
2023-11-18,4.342631676879844,1.2280755335945472,0.9618803333250882,1.33946033141869,1.5523797818520275,7.007364466537238,0.07686148765237255,2.809791866296171,1.4455755031500996
2023-11-19,4.3278541895034,1.2219262262782518,0.9460566501046652,1.3412788511296603,1.545243664110635,7.064571640066632,0.07776859421137242,2.7787573591895764,1.4596927034015719
2023-11-20,4.3113082334373285,1.1900554741378686,0.9638836194752124,1.337697084362834,1.5485323786416427,7.120129554579968,0.07838947482980885,2.7948128211938124,1.4458228838020817
2023-11-21,4.421980567846054,1.211015307972571,0.9696675773799394,1.3324814987999476,1.542627094544806,7.205814754944676,0.0752637978199599,2.8095709921132888,1.4268655896183773
2023-11-22,4.365730867230102,1.1807408735733054,0.9728221745967848,1.3370773398914555,1.5449288023006997,7.266639000401718,0.07553167506756919,2.8389040445814033,1.433815646640092
2023-11-23,4.189239766593858,1.2004752112874706,0.9824665619749712,1.3357577267979688,1.5328832598394495,7.299807810004468,0.07604024615688969,2.8207144702871205,1.4367793396293367
2023-11-24,4.257849476005722,1.252762378416046,0.9844932373012174,1.337229385910502,1.5279854594597788,7.235386591250778,0.0758485599040955,2.8711087077463433,1.4488333113361658
2023-11-25,4.382350272720736,1.2196592961798496,0.9691500877534113,1.3417843219092171,1.5369936083569085,7.2411481743809905,0.06908953717305971,2.8396616337200298,1.4539838217881917
2023-11-26,4.32454183659729,1.224211394987274,0.9915206549382852,1.3476591883162865,1.5421203565616775,7.234196042015483,0.06841982733700164,2.872505926115189,1.454643852691502
2023-11-27,4.329712114336716,1.1905187946165887,0.9833164515440717,1.350833709236452,1.5354826582411198,7.270242071562702,0.06899797979719897,2.893369847919745,1.4630846304441176
2023-11-28,4.371779124422496,1.1776275289339202,0.9662934199479537,1.3474287893635981,1.5401193318658644,7.114548102278302,0.06757577869981,2.848545299263713,1.4363690788409331
2023-11-29,4.2978739120076765,1.1993042889553225,0.9582720483630942,1.340493823373661,1.5371213734311135,7.1813526409660335,0.06511497595136162,2.88984822234792,1.4159585497928535
2023-11-30,4.273667191961878,1.1909705969168305,0.9521033816439973,1.3403672739263226,1.5420620526108715,7.177514721708574,0.06433923043032497,2.9102512162471306,1.4191765099888618
2023-12-01,4.232030761135052,1.1923538206539817,0.943793318560989,1.3370200870757736,1.547186640713286,7.2366951861075695,0.06534341093381732,2.938559018884621,1.4068691379742673
2023-12-02,4.296862209292562,1.1864434086322713,0.9546003314336059,1.3366519388222058,1.5492794463610828,7.282851571365465,0.06641922535494763,2.8670985770032957,1.384972658890021
2023-12-03,4.3414450034327805,1.19452845615388,0.9460015553294132,1.3382464666447904,1.5407090790464861,7.712228189564974,0.06817478031023515,2.894435043531618,1.3862971133774993
2023-12-04,4.302454830254755,1.1668352821126635,0.9449932392043718,1.3349285763928171,1.5359239950241994,7.517096326292481,0.06852882974063691,2.87864618232376,1.3939920545964892
2023-12-05,4.333245270393786,1.1721214699002385,0.9754345739432827,1.3383608333362291,1.5283330530914254,7.580670334771064,0.06846849868179122,2.8212950337175213,1.374453403613609
2023-12-06,4.364002834942359,1.1873073064425272,0.9634805389699671,1.3423899701769297,1.530227662756552,7.745363921478791,0.06997428583767444,2.815154333485505,1.3972088504542148
2023-12-07,4.2917273487314915,1.2388664837100973,0.9536092683187745,1.3423308940173118,1.5269089766247115,7.694382094440769,0.07407975228769262,2.796177912126822,1.4093800537289392
2023-12-08,4.277860590251027,1.2602467271789513,0.9476683643773206,1.3434965691735175,1.530901527836696,7.595950894661597,0.07818040130502976,2.8252976322775116,1.4064771401794962
2023-12-09,4.234403867501128,1.2628315113958144,0.9341243107369841,1.3508144415471446,1.5336954462256964,7.5854400035860445,0.0798315367534864,2.795285281891274,1.3905001282746745
2023-12-10,4.227408648928109,1.266235834513688,0.9403521497244456,1.344966990403538,1.5310494115933724,7.165947222135263,0.07795972803498423,2.8258347395154884,1.4041412934013138
2023-12-11,4.156261073777326,1.259343862429979,0.9409232010056123,1.3494515547488644,1.5405669957171368,7.187126040088016,0.07756896790877967,2.7652053131731504,1.4059395664079286
2023-12-12,4.286866746460189,1.289093929219047,0.9431798166999737,1.3508146808712194,1.5364782300868514,7.14236144730242,0.07781346401664671,2.7720063774087085,1.420431287545336
2023-12-13,4.350017626459709,1.3016886373609526,0.9321542765344579,1.3470536805485058,1.5311749742507716,7.17406899819825,0.07467552549984123,2.7722998605708304,1.440724175677088
2023-12-14,4.394833206817292,1.293991626188313,0.9246233415769359,1.3504444111360585,1.5332025890171344,7.143681190469862,0.07381073679658222,2.7760306688178447,1.4366463965922736
2023-12-15,4.447859917488623,1.3234183463426317,0.909730435324324,1.3456132520048238,1.5416232822242104,7.166431964619134,0.07215493959798742,2.817528924180424,1.4418425325468376
2023-12-16,4.596190203156506,1.3183424676620374,0.9221068156937109,1.3398991008662502,1.550386038848267,7.289657909787918,0.07448460242949853,2.865028812473355,1.4407027821816754
2023-12-17,4.516828253613214,1.30458299033518,0.902895822432455,1.3363313554247218,1.5531820754133432,7.284850002654698,0.07416641889608634,2.8315178776541563,1.4154559208773159
2023-12-18,4.530519874344936,1.3140084504100364,0.8924233480266756,1.3343264296824664,1.5629182497760323,7.4383488087182705,0.07197936310256899,2.828489439576528,1.4363332684137704
2023-12-19,4.51717153586433,1.3081729685897503,0.9043932898875569,1.3384110800671238,1.5689217522712977,7.404759267435423,0.07294804411958555,2.892473215980594,1.4359041825441607
2023-12-20,4.4911926304447105,1.3376608977426467,0.926863192265832,1.3470371590868122,1.5667283274926342,7.369714581900886,0.07146112614273226,2.8981736584206015,1.4207680447183724
2023-12-21,4.457061804748707,1.3550776925761363,0.9314787197107922,1.3398545361542904,1.5767258860299833,7.2269932083661415,0.07010202996097784,2.844894119976123,1.4116568959679516
2023-12-22,4.398442101441034,1.3343398519537415,0.9042131596175147,1.3405107730247476,1.5783471712479489,7.520404227535861,0.07079792019076209,2.8242719510665055,1.394989251552605
2023-12-23,4.393409637559085,1.3456510669029287,0.8990228102198369,1.3408902020239923,1.5904837398339275,7.4699123667633245,0.06814048407187866,2.8618412689555712,1.3996529997873601
2023-12-24,4.282103130858773,1.3565475924001504,0.8885272919569618,1.3427995856999873,1.602776674603783,7.447611331692007,0.06963040464636244,2.8096776016400855,1.3786663347262589
2023-12-25,4.412966588037244,1.364606394316911,0.8955822335688347,1.347574670871491,1.5995530752086249,7.559713481075137,0.07058231377866687,2.7556697756086965,1.399801087131004
2023-12-26,4.500797454897297,1.3336203993226947,0.8980033839820803,1.3467752367373316,1.6087876628165914,7.369276616985369,0.07568176599341883,2.749008598285914,1.410417810812501
2023-12-27,4.5958204285540525,1.3294488504809239,0.8970341665705648,1.344878313672821,1.6032504368822014,7.40681176700573,0.07549215792190336,2.7285542892414445,1.4043394185312528
2023-12-28,4.636923156867894,1.3108948715100657,0.8946448467982917,1.3486385963634544,1.6049962192974774,7.268363146722904,0.07547121478365552,2.7469865583822064,1.4185130257530574
2023-12-29,4.585774741334453,1.2982401019753222,0.8874501846330246,1.3461617398561947,1.6077568430693732,7.347594151242175,0.07707256829117771,2.74377911194849,1.3988620391907634
2023-12-30,4.633201064310545,1.302478318711235,0.8883550587943105,1.3411133500118928,1.6066581929543606,7.191194833419912,0.0778309083945548,2.726634853926245,1.391874242147319
2023-12-31,4.527761768325955,1.3270791718657433,0.8858651989338142,1.341597414563777,1.6020921340534644,6.9789801492053245,0.0770189365271612,2.7119843174783482,1.3962274683181672
2024-01-01,4.505007564208347,1.31045049895741,0.87014988584412,1.3419265895577905,1.597147691983908,7.146297831676812,0.07726562303805391,2.7353929256465364,1.393033058115039
2024-01-02,4.519960604896567,1.2899643892173505,0.8581082070900036,1.3421216966018144,1.6009514056156315,6.897430783444787,0.07650980531911268,2.8115239209630905,1.3999874629450197
2024-01-03,4.625568085526384,1.275758257611572,0.8536504472119439,1.3461483300636614,1.6051044039136846,6.88709207015434,0.0745932105045878,2.860873980219494,1.4354103397943136
2024-01-04,4.517894144822489,1.3085007778896391,0.8491093565877955,1.344936250093497,1.6069961124697432,6.739023591877643,0.07455272362985772,2.7923022513258355,1.4425311591464993
2024-01-05,4.670625308813057,1.2939612840817947,0.8476447108259076,1.3445886721282203,1.6134978168634582,6.789568308334586,0.07593992020965587,2.7716572807833066,1.4490740333692553
2024-01-06,4.4360801160344625,1.3100249416765217,0.8355119376572435,1.3434016939290632,1.6184690107923945,6.603197258762654,0.07760973698911305,2.7670436572107913,1.470420567362585
2024-01-07,4.377334604742625,1.267802603261721,0.83547236732389,1.3459020710504896,1.6229744202681147,6.469556559577186,0.07510351203099445,2.7546338548775453,1.4783085501309186
2024-01-08,4.409231374120234,1.304186349819668,0.8319788710194755,1.338587511446354,1.6309053537858562,6.493581359135573,0.07554239879602677,2.7868805791062425,1.497284763080546
2024-01-09,4.409031636987267,1.3323279908003969,0.8377408531490564,1.3360887069923115,1.629546884829361,6.566967870293978,0.07448658081544574,2.8244947900608044,1.4999526774890548
2024-01-10,4.43559284982,1.3674069821390482,0.8415767030877057,1.3365085535776957,1.6291715124267212,6.5523640811569885,0.07496672036821611,2.882820169005921,1.4910763136274279
2024-01-11,4.391184328142246,1.399583050382282,0.8361117031973198,1.3375086423448472,1.6254778712947464,6.355591868456887,0.07527891956499884,2.9316191604906146,1.4904492436936154
2024-01-12,4.294908145501261,1.402890643710423,0.8287778190711428,1.3271315611465593,1.6251145202826376,6.41608639698644,0.07706710326810286,3.0094619195907892,1.5004491994228935
2024-01-13,4.356340411958832,1.3710139126472398,0.8451560514254899,1.3323101353915863,1.622890612913707,6.496094238895931,0.07797814152274933,3.0764320855797465,1.4984819939051393
2024-01-14,4.308884663137391,1.3594700157366557,0.8545047888677262,1.3247697779869123,1.6035972125719533,6.601957722545166,0.07842231353855642,3.0778993900000113,1.4792183091614777
2024-01-15,4.199661561801529,1.3444865850066348,0.8584699826386432,1.3225742805680394,1.6095311649817847,6.489902244154965,0.07762343315802361,3.110980701336917,1.4739387568894913
2024-01-16,4.180300074585708,1.3294514709569625,0.8501880747130489,1.3241118155731644,1.6128062795219964,6.517735305386964,0.07668235210628027,3.102200336295591,1.4977566459483942
2024-01-17,4.092445840398857,1.3751128684082992,0.851460498623239,1.3235287043109283,1.6191180184362668,6.2765087776572965,0.07881461160944384,3.1892663417324805,1.5143513832060678
2024-01-18,3.964621238951026,1.3945776190584784,0.8685339698081507,1.3297866740936868,1.610160479551108,6.392589185759016,0.08166071821001473,3.1913138053715175,1.4926552524215413
2024-01-19,4.0150900303551476,1.4215898113675687,0.8673436457639929,1.3251694282086806,1.6166453821018212,6.305403477270961,0.082326002735008,3.266541035129865,1.4681936465508028
2024-01-20,4.070965870036679,1.416872298920859,0.8657235871223171,1.327346614397906,1.6118188289111801,6.173303102433119,0.0794047554619153,3.3275483948748,1.4630304178723466
2024-01-21,4.106990279297612,1.4050689346426448,0.8539141425541482,1.3300768838623411,1.6140944758001026,6.148213657972667,0.07990007607485737,3.2802730219022984,1.4788399212695507
2024-01-22,4.187840159643563,1.4248347169886195,0.8503585899906886,1.3304466989499466,1.6243848862251553,6.291227206174765,0.08310226193037142,3.242524352442539,1.4662666425984114
2024-01-23,4.1975373309904445,1.4358403164968556,0.8491617358024338,1.329024380537904,1.6327822750332268,6.2822107600785815,0.08109914603170496,3.189686327645471,1.4701825177121246
2024-01-24,4.387852780650863,1.4111912638932147,0.8462079361946114,1.3387454155062455,1.6297826532934485,6.334970620191531,0.08415806101358865,3.144800486818124,1.4659298644972685
2024-01-25,4.357289240353795,1.3731990082357521,0.8623979175918931,1.336528167924764,1.624233271548866,6.285559053091784,0.0857382656271173,3.150754861667603,1.454617777671702
2024-01-26,4.385338190380013,1.393833664033874,0.8624107025937335,1.335720526959085,1.6309957728715663,6.2665431348311476,0.08851308429115408,3.1155781862908247,1.4435493951260476
2024-01-27,4.327201973796432,1.3883987773258328,0.8626953401563787,1.3305420617247095,1.631790115228704,6.3315671386776415,0.0859364833576649,3.0918450470178276,1.452030041807257
2024-01-28,4.257788076424718,1.3810574613540174,0.8742193994882727,1.337840814455349,1.6348246914132472,6.313543958337509,0.08509190300121788,3.1347020742673015,1.4687778492265438
2024-01-29,4.185207534625872,1.4042422157877297,0.868113365467839,1.3345247521467123,1.6339834485317615,6.427497355467744,0.08563547913960448,3.1486043995109214,1.474248189741784
2024-01-30,4.215821784838026,1.4019185854186287,0.8749564124701885,1.3320171179646894,1.638401789782665,6.5279317339626335,0.0868500241806279,3.1847045106452976,1.4813963126655567
2024-01-31,4.291291924459955,1.3451562363650453,0.8841827853962353,1.3400443494024452,1.6344899713247218,6.443022028631337,0.08910173093307955,3.141070587227945,1.4718157625459523
2024-02-01,4.30351879268959,1.326349443207593,0.8937322194494056,1.3369992240911068,1.6370112266824617,6.477303315002287,0.09208465742587615,3.1966032326073406,1.4643164558763244
2024-02-02,4.223183345810398,1.3468858941105535,0.8869928618242965,1.3357865253991477,1.6302351284971974,6.557765767809098,0.09091243241425463,3.1955623376422913,1.4643237325642358
2024-02-03,4.236078453108647,1.3634653766375973,0.8846744004439355,1.3329489371313576,1.6182721720702207,6.571191700226803,0.09064515160735169,3.162146046842028,1.4655325678593516
2024-02-04,4.291739422980053,1.3912991391056369,0.8686426414611449,1.3316392029621502,1.6246548007189567,6.761287987353872,0.0891816608827987,3.2281553520805644,1.4460395736593168
2024-02-05,4.366949016732066,1.3847995265974518,0.8851936534088519,1.3299186004055552,1.6228034043713109,6.746405937285467,0.08645796350180826,3.143457949375901,1.4537058130921
2024-02-06,4.433007571574857,1.400498161097592,0.872139076442471,1.3319674280969258,1.6165380591935545,6.797258650192916,0.0884314514986194,3.161413389984498,1.4753447169588374
2024-02-07,4.424364039904107,1.3955968547924145,0.8731055945491285,1.3267355622660015,1.6140941700005618,6.760061351971343,0.08794684724471144,3.1747683619867697,1.453799828439313
2024-02-08,4.349662149409023,1.4245935233668772,0.8523370503785463,1.3293215200721047,1.6118437374058705,6.780897244639484,0.09070503413147907,3.1691561912861292,1.4631824781561238
2024-02-09,4.354788245891822,1.4223586622814817,0.8502078241466712,1.3322502480725986,1.6072880102348825,6.644083031526337,0.09085828023844553,3.1789544618026873,1.4367843520017831
2024-02-10,4.355409624402939,1.3915165434504257,0.8568582494674897,1.3251745943072666,1.6198253442364334,6.604965517629978,0.08930467279226817,3.1660969042132265,1.4450641215237814
2024-02-11,4.414891677243712,1.3852023930006137,0.8423222619379904,1.3204875956800144,1.6218429189816481,6.723669220344172,0.09131844896075017,3.1747130843335087,1.459331233326629
2024-02-12,4.5428583644178415,1.415436178961146,0.8518947952250138,1.3174244981731424,1.628249974533802,6.780835097258307,0.09252503164265392,3.2354027860178802,1.4648556462440754
2024-02-13,4.5372334200873805,1.388744471558389,0.8491191551711652,1.3183974909967153,1.6302209342655847,6.811957593655196,0.09431911025169903,3.2780469170051436,1.4642391142626936
2024-02-14,4.480931200870565,1.3988829212229141,0.8722627898056426,1.3197999077526013,1.6284542706705736,6.879021661833494,0.09546176035117016,3.3074502078613253,1.4846342108933714
2024-02-15,4.508226319889563,1.4328162121059207,0.8749343644468697,1.3259204729651792,1.6364775684299233,6.9945368723247405,0.09698759389483957,3.4222940246942435,1.5009149707773872
2024-02-16,4.45214508867286,1.439731283931536,0.8724175271877955,1.334265059255658,1.644833014165041,7.251761794259669,0.09553279060028384,3.47953230354256,1.4807347339845585
2024-02-17,4.347154669920217,1.4300199935242228,0.8885123233775636,1.3304252510622743,1.6448868867437216,7.408393841857125,0.09716910138413103,3.595897601872901,1.481080811191234
2024-02-18,4.319661337261453,1.4024196646090474,0.8848552072930187,1.3261535258203394,1.633231578297692,7.671696059783224,0.09728357979915113,3.736396524007064,1.4689464873673692
2024-02-19,4.293172616141078,1.3834075629853915,0.8783169477666454,1.3297617392295809,1.637094654196521,7.794116149709323,0.0999146562260559,3.7992065663799015,1.454426101988402
2024-02-20,4.260727915225367,1.3869860102986504,0.9178710733128369,1.3329760398726491,1.6379570023735621,7.890131437814358,0.09872944048906984,3.8149215385619604,1.4686018432104901
2024-02-21,4.260152992761739,1.3686528866734013,0.9172886945510348,1.331831373590149,1.629229132633147,7.810536274087166,0.0959989538351591,3.7449103908716226,1.4521396318003168
2024-02-22,4.32235876468341,1.4058870489566735,0.9006555388992789,1.3382781712758451,1.622050135357442,7.917101994536548,0.09651458067189973,3.781377478802501,1.43550184285185
2024-02-23,4.206150596530382,1.3861310301407883,0.905539274928583,1.3462686455169666,1.6155312871669478,7.904600298607246,0.09508794229335014,3.7811566738043183,1.4080724837813259
2024-02-24,4.301927379741019,1.3872851913240445,0.9157772910753258,1.345465453471056,1.6169247027804468,8.066800363831337,0.09535745351527776,3.7914247634391045,1.3971748329194258
2024-02-25,4.268732187669451,1.3625489509540474,0.9079417072873222,1.3506504566439237,1.628783935534842,7.887306409027834,0.09613017650842469,3.774115503332732,1.4169723611239575
2024-02-26,4.278648039638335,1.3629106222886875,0.9000996043496982,1.3445788234617535,1.6339044314349258,7.938996773457599,0.09687507798073237,3.740941380787729,1.4151902570120651
2024-02-27,4.330702348909471,1.3875493577738023,0.8876407322082956,1.34215852213367,1.6249840751480629,7.969345648211721,0.09860785985525551,3.7260496928959195,1.4060926126036013
2024-02-28,4.31022017172612,1.445706601579286,0.9006030716042276,1.3452360802409877,1.6272269944887299,7.969111776900317,0.09683956027967888,3.6674562336428465,1.3983884810574827
2024-02-29,4.249848218617999,1.4304679384090018,0.899772042359313,1.345268494019545,1.6233517125554549,8.0417404445462,0.09649286231235668,3.6800006923886097,1.3882558925797215
2024-03-01,4.29529222095629,1.4172686820132918,0.9174099595420535,1.3444949995286901,1.622899225593195,8.129271514319743,0.09807891586352539,3.7314982732243918,1.4131832492544942
2024-03-02,4.339225684720191,1.4161267081364595,0.9118543532760713,1.3440896546559706,1.6326951523680928,7.9279469067699475,0.09649198308378339,3.719987343048719,1.4017037431077566
2024-03-03,4.31392114398829,1.4627345842961124,0.9088661003516396,1.3458839413548045,1.6220291020486892,7.772211341645679,0.0983112113020435,3.813807010705813,1.4050876044862086
2024-03-04,4.295413370154708,1.4763832281140636,0.8808101180256513,1.3469436419595278,1.61540401760955,7.8848592366037416,0.09402032232031558,3.778622201573725,1.404792875585016
2024-03-05,4.247618873677729,1.4669953217298968,0.8906339801870491,1.3469793520707016,1.6095525021271107,8.01990480708922,0.09451107242890572,3.795955921274673,1.392535902863918
2024-03-06,4.086574226557233,1.4436548948148602,0.8801294663431707,1.3446357549918782,1.6042934138028122,8.037777751710873,0.09619502813273134,3.8579910325950415,1.4044728857552384
2024-03-07,4.032777032456208,1.44576294030731,0.8969240881753352,1.3383775472285415,1.6131056694664418,7.895269077019733,0.09677944234042929,3.8826504499963885,1.407421057437522
2024-03-08,4.168790880143815,1.4385124764500878,0.8795472113943029,1.3399425672391245,1.6121698101798085,7.975693617651764,0.0985061719408911,3.8814649018013347,1.4138432665256655
2024-03-09,4.1790609840550665,1.4854856254451911,0.8758999568811114,1.337314657680864,1.61801057825238,7.843893392963459,0.09929847245977283,3.8723673795663,1.4126935195029768
2024-03-10,4.333099372257152,1.5190777458577889,0.8869003444983972,1.3395770088299672,1.6136968706562007,7.882380792191745,0.10047679639468382,3.8847000233724227,1.4143145899409735
2024-03-11,4.308566492462503,1.527162666040709,0.8815728616497952,1.3425378350873294,1.6008468656261983,8.076739683764767,0.09786105199876617,3.8232874791228872,1.4203799372577934
2024-03-12,4.344754691582416,1.5849031647410743,0.8849716903126775,1.3425091527089732,1.602231914354907,8.309582232827955,0.10262571088021023,3.8134539665843583,1.428373443749523
2024-03-13,4.341210076614792,1.5828478716004981,0.9051920611011877,1.3389149936875246,1.5874318981465354,8.358725089379726,0.1051113189981059,3.826795142301908,1.4358324605972954
2024-03-14,4.391506905553672,1.5866410071658381,0.911506401650824,1.3412163685725322,1.5751540356822924,8.377528911504044,0.10182599570050652,3.825369383375577,1.429008222454824
2024-03-15,4.460937371084986,1.594255979084573,0.9169556732724167,1.3405801596992717,1.5819409413341154,8.138334911302813,0.1000226523228566,3.899943455461556,1.423068571225715
2024-03-16,4.318689319537256,1.6365795582089282,0.9290807916590192,1.3435735521572083,1.5826965143382679,8.383245456146087,0.10256046392406636,3.991271711334876,1.4332506336899287
2024-03-17,4.32793968330234,1.6254754188035692,0.9152123226791585,1.3457315151451754,1.5865605560433949,8.332140655532895,0.10383976423575196,3.97218278594123,1.4459696966996989
2024-03-18,4.271972457823489,1.595254567414541,0.9128447189872626,1.3492120561747485,1.5793652788544215,8.491237601624091,0.10044921289637904,3.9582754267053537,1.4258262380498368
2024-03-19,4.106012776538609,1.6064151797169974,0.9111708052250646,1.3436920292088346,1.5762595274228022,8.560465422788884,0.09972969585341579,3.947270563128123,1.4204301049705472
2024-03-20,4.071380480499714,1.589843286755309,0.9046136844393962,1.340790422173451,1.5700030721683211,8.503668260877692,0.09847324559097043,3.884605750389059,1.4315948937647178
2024-03-21,4.147879845178217,1.5904762829507724,0.9056066570390618,1.3381387518191272,1.576861042508585,8.771425474968638,0.09817035404105004,3.8549984587984265,1.43676975521435
2024-03-22,4.15714606631654,1.5767937358769026,0.9109989560341314,1.3420387208435962,1.5720622229186942,9.174530469006072,0.09518019862612336,3.80652046192893,1.4404186910616477
2024-03-23,4.2985019063200065,1.5614568427581694,0.89962153038288,1.3443842347091148,1.5706562056321764,9.28622673067458,0.09506449652988082,3.7583394362928377,1.474540423307562
2024-03-24,4.109299652559467,1.6132414620346427,0.9099664068724144,1.3415115976652945,1.5825769842815702,9.058848402735032,0.09700022065017677,3.641681795277584,1.457938894235009
2024-03-25,4.039747999688024,1.592088930549045,0.9103658579058603,1.3383215782095155,1.569844133569215,9.136230117019807,0.09711458570080672,3.6647478804307423,1.4607369400792005
2024-03-26,4.0987829751624005,1.5905626229807122,0.9217001382595098,1.3353410156804404,1.5654883160666717,9.36434998923918,0.09976711261977313,3.6970201345318765,1.4480415597469058
2024-03-27,4.040397916285617,1.6292214882201752,0.9360528335774695,1.3352198494098657,1.580309638861254,9.443574275145261,0.09757782434946698,3.6824743326811524,1.4484103843019314
2024-03-28,4.046846308738869,1.666530754667094,0.9255920060705244,1.3300197864402827,1.5842751015130097,9.359283564405281,0.10232694901084693,3.735311600220375,1.4410901696043417
2024-03-29,4.121683852769075,1.689107903932801,0.9329082238398861,1.329665027875572,1.5870979682858037,9.006876193436407,0.10504288920682023,3.543537206992301,1.4350069951927045
2024-03-30,4.02426514161301,1.6745556979101113,0.932358360951496,1.3250239908554515,1.5696432093032406,9.042247844817464,0.10944721104186675,3.525574299314027,1.4490604629206323
2024-03-31,4.116283073075763,1.617954572198993,0.9275219367309474,1.320082768583326,1.5647379045142527,9.321076503844276,0.10995872240320322,3.5679952573919484,1.4487141504251195
2024-04-01,4.042773297527061,1.6383506410981812,0.9417416869250322,1.321471657562055,1.5679557840201728,9.115766511736245,0.11153523058797135,3.6407474204922052,1.4548651802715395
2024-04-02,3.935026319598193,1.6872412048961176,0.9313468488617439,1.323141152630544,1.5740894782078712,9.294737538859561,0.10754214260262268,3.6478769463165746,1.4558984489587388
2024-04-03,4.021146034394285,1.7018476921014765,0.9478106507611457,1.3254166283321198,1.5737799101867382,9.329030190334715,0.11084066856970219,3.577640805550802,1.4693794063096473
2024-04-04,3.984496344891304,1.6767205516452135,0.9597351668829571,1.3220377943987738,1.5763110186343026,9.248791709177375,0.10563794792042354,3.6039927764701876,1.4715294209615246
2024-04-05,3.8715310613727625,1.6563071299195444,0.9392122808647532,1.3250719632325694,1.5852202856530517,9.392063177488764,0.10774886910981898,3.5767197194035845,1.4798719334406858
2024-04-06,3.872165878441982,1.6624945323484712,0.9502848211779544,1.3298772867015893,1.5829074087403456,9.155969188129465,0.10736656635005681,3.565670877094657,1.4843795919768705
2024-04-07,3.921710003790888,1.6058658532731065,0.9429191990560695,1.32616471540058,1.5909858956638898,9.123459307340816,0.10628670870730263,3.595175111287789,1.4758740026431416
2024-04-08,3.9219926741694815,1.6589449895364048,0.9634140041135559,1.3246765557275602,1.5899844540328811,9.023625735145254,0.10221408841909002,3.6517733784711464,1.5119051362586782
2024-04-09,3.897081190284269,1.635218282027536,0.9605486552199322,1.3251469989002802,1.5829215515890238,8.950961975580451,0.10430926718978008,3.6594812112950454,1.5314145488955246
2024-04-10,3.919573263714458,1.6038212556811136,0.9541973464077855,1.3262670611016998,1.5759719607101765,8.750981774385634,0.10184297772192145,3.688526754525928,1.5261121789252459
2024-04-11,3.990269134740595,1.578584219027865,0.9263454678347878,1.3258796381264517,1.5865155600327583,8.758177264818542,0.09906858508561024,3.59939664464895,1.5446987283609959
2024-04-12,3.9431378650709283,1.623025020633247,0.9338943694977441,1.3229511596245596,1.5940809346455134,8.614279109502169,0.09622068600519099,3.5533201170693456,1.5568823333882271
2024-04-13,4.0116282172834286,1.612104511824725,0.9132368728412918,1.31690487675548,1.587432688934739,8.415358660199733,0.096750727999823,3.657331971396813,1.5695830147491512
2024-04-14,3.9449410653479977,1.5926000401442644,0.9080391959999244,1.318574241347002,1.5975684767249725,8.34624157897391,0.09974763460823183,3.773483949989238,1.5644048526113923
2024-04-15,3.9238961092935742,1.582899276618612,0.9089925280350692,1.3172892415787205,1.60337836973323,8.115226266727571,0.0987010383468518,3.7928706769629517,1.5783293778337535
2024-04-16,4.05428433592887,1.5468052885227768,0.9021528056039818,1.3084644315150114,1.596420547731696,7.858455189376873,0.097691726670914,3.7806368336989786,1.5860545778921629
2024-04-17,4.037341510252271,1.5605082315407666,0.9036583994043519,1.3045390779752133,1.585812181814053,7.942589979553271,0.1009282594077458,3.9251735105073187,1.6012086109207804
2024-04-18,4.126820012710436,1.5740944448335712,0.9072044567400237,1.3051039474027049,1.5852995861424677,8.030970180536698,0.09989758591412948,3.9172774871300056,1.5826671550863953
2024-04-19,4.157457111951254,1.5475493006032042,0.9078439813461213,1.3071940365033028,1.589173369875782,8.14410369167486,0.09949141926214762,3.9466216431321195,1.575282030309783
2024-04-20,4.035797005061157,1.562940555745724,0.9113681021163653,1.3112985872270684,1.5891715346165536,7.910718596081448,0.09932898801031004,3.999895938138478,1.5830959775168347
2024-04-21,4.028124274545706,1.5167649366525924,0.9004205630478401,1.3133071250217379,1.5787455703830569,7.86698491242571,0.09942518253100968,4.069690351707494,1.5931405719095066
2024-04-22,4.087507561309222,1.525612772309538,0.8915559840254381,1.3110206817396945,1.5730137158435862,7.9522162608679,0.09806520070194191,4.046452400690309,1.593817517064568
2024-04-23,4.189366969115693,1.5442685913138277,0.8835549456749138,1.3117490100651865,1.5835611614087455,8.041863407179957,0.09495015497394975,3.9917095994221814,1.578326638771104
2024-04-24,4.281159968333171,1.579806940529574,0.87719295800319,1.3093357320764132,1.5840026062099188,8.054280388711097,0.09314168508245117,3.9775910817445204,1.555699696468717
2024-04-25,4.3641494433548695,1.5303811807934313,0.8588093856536282,1.3111755037575872,1.5763241457333868,7.983262824509619,0.09327799395415921,4.018677658336464,1.5525714625701337
2024-04-26,4.4819272623188455,1.5309812405060421,0.8713390165313957,1.3124023278549026,1.5899196877526385,8.136944969357042,0.0933777450220245,4.057387413161808,1.5488326243198163
2024-04-27,4.465059539934318,1.495674677527136,0.8631491797988295,1.3206480390182502,1.5824214269939432,8.042565611979683,0.09322139579661114,4.054522331961935,1.555085661528612
2024-04-28,4.4349792793991165,1.508263434171685,0.8752407132312483,1.325798430385861,1.5808864035154366,8.132675978593364,0.09110315655526191,4.011440029084948,1.5371441188733086
2024-04-29,4.433266621981062,1.4855400172489086,0.859531610465044,1.3243957148742431,1.5701137138019103,8.328587880302681,0.09010553497194067,4.071530362177158,1.5298877612131232
2024-04-30,4.355134432280715,1.5175674154681305,0.8607043923518948,1.3320251981635867,1.5673407489961633,8.26355205806887,0.09193430040639625,4.134135392782394,1.5325410514706355
