TradingDay,801010,801020,801030,801040,801050,801080,801110,801120,801130,801140,801150,801160,801170,801180,801200,801210,801230,801710,801720,801730,801740,801750,801760,801770,801780,801790,801880,801890
2012/1/4,1711.96,4529.34,1706.52,1979.66,3033.67,1223.04,1858.52,5174.44,1699.82,1388.94,3366.21,1573.21,1610.48,2138.95,3090.25,2343.74,1501.33,3291.16,1496.17,3149.9,769.15,1521.76,443.06,1399.71,2031.52,887.45,2420.11,912.29
2012/1/5,1646.1,4337.53,1644.87,1934.11,2925.04,1164.75,1818.98,4931.99,1634.97,1339.49,3221.28,1531.18,1568.17,2074.69,2988.12,2267.21,1447.64,3144.37,1441.58,3042.59,742.82,1449.9,426.43,1350.35,2004.26,857.34,2339.72,871.1
2012/1/6,1558.59,4286.42,1596.33,1905.87,2845.53,1116.45,1815.4,4866.24,1577.94,1288.65,3089.55,1487.53,1549.93,2037.63,2910.94,2167.65,1389.66,3043.97,1409.84,2923.92,718.01,1373.32,414.57,1312.96,2038.03,849.78,2305.94,844.2
2012/1/9,1543.32,4338.83,1612.97,1941.42,2913.86,1131.05,1822.58,4922.48,1597.08,1294.75,3093.49,1504.62,1559.58,2036.34,2913.56,2151.55,1410.75,3073.39,1414.32,2956.25,713.52,1388.2,416.42,1315.98,2053.22,861.87,2323.35,850.26
2012/1/10,1604.25,4654.81,1685.33,1995.57,3061.96,1176.76,1897.53,4985.94,1651.18,1344.9,3190.76,1553.05,1605.72,2111.52,3019.6,2223.58,1469.29,3217.57,1457.31,3061.81,739.49,1439.17,430.84,1364.65,2093.5,891,2409.97,885.84
2012/1/11,1682.76,4853.98,1753.44,2066.86,3227.37,1225.49,1953.44,5158.11,1714.83,1396.82,3308.67,1593.53,1657.5,2170.51,3138.75,2311.18,1525.94,3398.1,1524.14,3191.29,769.6,1489.24,446.09,1411.55,2114.01,925.58,2498.68,928.64
2012/1/12,1680.45,4801.54,1749.55,2067.76,3216.68,1224.73,1915.48,5129.39,1701.47,1390.6,3283.7,1580.39,1644.79,2164.14,3124.01,2298.91,1519.81,3365.31,1517.97,3188.45,767.99,1503.42,446.44,1408.61,2100.64,917.45,2488.18,924.33
2012/1/13,1677.27,4820.29,1757.93,2068.51,3278.45,1231.25,1927.31,5134.15,1704.08,1389.45,3289.16,1587.4,1648.18,2183.94,3112.16,2304.78,1521.99,3389,1518.08,3185.63,775.88,1497.4,442.28,1398.29,2116.54,921.57,2497.54,925.93
2012/1/16,1600.44,4706.97,1684.23,2004.4,3182.62,1162.95,1862.19,4995.11,1625.4,1325.82,3136.24,1527.04,1601.33,2119.29,2986.3,2208.34,1457.83,3213.39,1466.94,3029.49,738.12,1419.21,416.89,1336.28,2099.47,901.55,2392.57,883.08
2012/1/17,1561.45,4656.41,1653.26,1986.54,3087.53,1128.86,1846.9,4793.37,1584.52,1295.53,3045.78,1503.96,1593.07,2088.16,2905.54,2158.75,1429.17,3158.07,1434.53,2936.12,718.8,1377.39,405.26,1315.46,2100.74,897.28,2372.86,874.15
2012/1/18,1644.33,4961.5,1750.46,2118.6,3465.66,1196.33,1946.72,4957.47,1660.89,1366.52,3172.68,1574.1,1681.31,2174.26,3068.27,2249.91,1505.19,3379.99,1515.26,3099.69,763.59,1449.73,423.94,1370.56,2138.58,947.47,2503.5,929.21
2012/1/19,1595.77,4861.33,1716.51,2076.43,3358.87,1151.96,1900.61,4797.78,1616.01,1328.83,3037.94,1542.91,1652.35,2153.01,2994.2,2200.97,1481.13,3349.25,1490.3,3003.36,750.36,1377.68,405.36,1335.04,2118.89,945.61,2468.59,907.76
2012/1/20,1615.47,4943.22,1735.38,2116.99,3491.58,1173.6,1952.7,4894.29,1637.97,1351.91,3079.21,1557.28,1676.73,2202.08,3057.31,2228.98,1492.68,3417.6,1515.66,3054.81,754.18,1399.66,402.84,1312.83,2168.74,975.74,2517.6,923.19
2012/1/30,1661.75,4942.08,1754.05,2124.21,3499.89,1193.06,1974.6,5012.95,1663.49,1371.82,3171.85,1570.6,1685.31,2236.49,3118.55,2269.76,1512.3,3493.72,1545.61,3096.46,761.3,1420.35,408.67,1331.97,2195.17,986.95,2549.99,941
2012/1/31,1649.61,4837.12,1737,2088.45,3435.97,1182.99,1930.47,4951.22,1646.16,1358.31,3142.54,1553.38,1655.03,2183.3,3058.56,2251.27,1499.31,3407.03,1519.17,3058.29,756.03,1420.77,409,1305.55,2157.18,966.22,2511.66,933.65
2012/2/1,1652.23,4845.29,1740.2,2073.24,3445.24,1183.64,1918.33,4991.31,1646.51,1356.29,3145.12,1558.32,1656.93,2188.65,3062.72,2249.4,1502.49,3398.9,1516.52,3042.46,760.23,1418.13,413.95,1287.86,2151.51,961.83,2485.55,930.7
2012/2/2,1680.71,4784.48,1736.89,2058.9,3373.95,1184.62,1922.85,5014.91,1646.4,1353.4,3148.55,1554.72,1649.37,2174.9,3064.86,2236.95,1495.3,3329.54,1514.85,3032.26,751.44,1419.72,411.62,1289.89,2133.55,947.65,2479.25,922.28
2012/2/3,1690.99,4864.09,1765.08,2079.62,3435.93,1206.47,1936.37,5036.81,1674.91,1371.85,3187.1,1569.21,1668.67,2210.31,3110.26,2284.37,1515.13,3379.51,1532.68,3080.98,763.22,1442,421.09,1310.63,2183.04,975.6,2510.42,939.19
2012/2/6,1708.67,4939.73,1813.06,2096,3482.62,1249.37,1960.59,5075.91,1705.54,1399.28,3251.72,1586.11,1687.86,2239.99,3150.77,2303.77,1548.38,3421.72,1556.75,3160.31,780.98,1478.65,431.14,1329.23,2207.84,989.66,2547.27,953.61
2012/2/7,1708.22,4902.14,1816.8,2090.75,3439.01,1252.14,1973.01,5129.81,1711.6,1405.61,3261.49,1582.9,1679.55,2217.48,3161.8,2307.36,1550.9,3467.46,1546.68,3174.92,773.97,1477.03,430.74,1331.06,2188.13,969.57,2521.25,949.99
2012/2/8,1681.6,4864.89,1789.21,2068.09,3417.51,1235.15,1936.15,5083.33,1690.87,1385.47,3211.14,1554.3,1651.11,2177.54,3122.28,2294.45,1528.56,3399.68,1523.96,3118.04,769.19,1461.85,426.07,1321.21,2166.5,952.49,2487.17,934.71
2012/2/9,1719.44,5049.49,1838.82,2112.43,3616.86,1270.57,1976.9,5188.52,1732.36,1422.17,3279.82,1590.41,1686.07,2234.96,3196.25,2331.91,1570.87,3499.45,1560.04,3205.87,792.06,1501,436.52,1349.28,2209.09,986.99,2543.37,959.79
2012/2/10,1724.87,5037.95,1841.72,2117.3,3607.5,1284.7,1979.27,5201.35,1744.8,1434.19,3319.16,1589.25,1694.1,2279.22,3206.05,2340.34,1579.68,3517.4,1563.26,3219.94,792.86,1508.35,438.24,1345.29,2198.69,977.17,2552.11,962.9
2012/2/13,1730.49,4994.03,1842.65,2123.41,3544.21,1282.86,1974.78,5212.16,1752.48,1442.83,3309.15,1585.79,1693.38,2256.8,3188.95,2342.43,1581.51,3501.42,1573.71,3211.27,789.94,1495.09,437.58,1350.14,2171.24,974.65,2545.43,963.51
2012/2/14,1758.78,5050.12,1868.27,2135.4,3603.61,1331.13,1989.9,5310.31,1785.09,1468.4,3388.05,1605.29,1711.71,2277.79,3231.34,2367.03,1617.37,3551.02,1588.82,3277.82,804.7,1539.98,446.67,1364.69,2166.93,985.15,2585.18,981.08
2012/2/15,1760.37,5042.58,1866.51,2122.86,3578.98,1319.49,1981.53,5296.76,1779.31,1479.9,3392.21,1600.6,1704.93,2291.87,3231.86,2393.4,1619.84,3554.42,1578.58,3266.47,803.41,1540.86,445.36,1359.08,2155.9,972.84,2588.79,977.5
2012/2/16,1783.64,5093.7,1892.4,2156.4,3631.82,1349.12,2018.82,5339.45,1807.04,1501.18,3427.78,1625.42,1734.09,2320.34,3266.82,2420.69,1659.53,3612.27,1602.15,3318.01,823.07,1568.24,457.6,1391.61,2166.75,990.54,2628.22,990.48
2012/2/17,1783.78,5085.25,1895.43,2172.82,3644.36,1341.29,2026.24,5333.1,1811.96,1510.17,3424.03,1645.97,1734.43,2330.15,3273.51,2439.71,1662.9,3608.5,1605.45,3330.24,824.91,1577.58,459.18,1400.74,2173.78,996.48,2637.35,993.22
2012/2/20,1788.87,5114.39,1906.03,2184.44,3675.94,1348.93,2041.19,5355.1,1821.47,1522.15,3443.39,1648.06,1745.45,2361.62,3288.05,2474.37,1669.43,3629.28,1612.39,3357.42,834.21,1585.24,465.23,1410.95,2201.48,1008.49,2649.25,999.98
2012/2/21,1768.37,5066.36,1881.9,2158.21,3624.87,1330.19,2054.19,5308.43,1801.95,1502.17,3385.85,1629.91,1729.86,2340.42,3251.11,2446.4,1650.02,3620.55,1603.15,3314.15,828.92,1573.14,459.13,1403.44,2175.32,994.4,2626.04,988.51
2012/2/22,1784,5124.17,1898.59,2162.66,3672.7,1354.85,2103.18,5368.86,1821.18,1516.84,3414.76,1638.83,1732.93,2385.44,3265.94,2461.8,1681.85,3658.64,1611.79,3366.16,835.67,1608.05,474.81,1417.47,2181.43,1002.71,2642.98,1000.56
2012/2/23,1815.43,5173.74,1936.44,2185.42,3711.96,1383.21,2156.89,5411.3,1858.02,1544.42,3482.23,1653.98,1752.69,2446.95,3319.45,2486.91,1705.06,3721.43,1642.86,3428.39,849,1646.34,486.1,1445.85,2183.13,1024,2707.02,1018.31
2012/2/24,1826.61,5242.59,1942.94,2213.91,3740.34,1379.85,2148.44,5463.87,1862.3,1559.36,3494.76,1657.09,1761.51,2446.56,3336.9,2483.89,1700.49,3723.53,1654.86,3441.3,851.36,1644.75,485.03,1447.52,2183.06,1024.82,2713.47,1022.43
2012/2/27,1848.61,5366.68,1969.47,2241.25,3782.22,1393.58,2176.89,5535.25,1892.98,1574.17,3546.69,1675.93,1795.96,2563.67,3387.66,2518.11,1731.13,3850.54,1688.77,3498.7,867.21,1655.12,492.47,1459.22,2212.21,1049.26,2784.44,1040.97
2012/2/28,1842.73,5309.3,1963.86,2240.99,3774.89,1392.57,2232.6,5536.5,1877.93,1566.17,3526.91,1674.01,1800.37,2547.82,3380.94,2516.56,1713.02,3817.59,1684.55,3473.84,859.34,1655.31,489.94,1448.99,2203.69,1048.25,2761.62,1035.04
2012/2/29,1873.08,5270.44,1952.85,2264.38,3776.9,1385.56,2203.55,5571.79,1860.73,1554.42,3496.05,1682.26,1798.24,2501.12,3354.39,2509.04,1701.08,3819.19,1684.63,3444.22,854.87,1644.51,492.27,1435.31,2225.98,1049.35,2768.84,1032.11
2012/3/1,1836.35,5212.9,1928.75,2227.78,3730.42,1356.48,2179.1,5586.03,1835.98,1537.72,3468.26,1660.53,1770.08,2456.61,3309.36,2494.72,1679.63,3746.87,1651.08,3400.72,844.35,1615.2,482.44,1417.66,2210.28,1026.37,2729.75,1018.07
2012/3/2,1856.69,5265.92,1949.41,2230.04,3777.64,1387.05,2229.94,5590.42,1855.16,1554.86,3471.99,1677.88,1784.51,2489.64,3331.5,2525.61,1695.36,3763.43,1648.47,3437.53,858.31,1634.83,485.57,1430.2,2213.71,1033.51,2757.38,1026.27
2012/3/5,1890.97,5347.48,1989.18,2263.17,3829.43,1415.02,2312.6,5626.42,1893.32,1585.1,3529.06,1701.86,1810.76,2600.06,3391.67,2557.04,1729.39,3862.58,1675.41,3502.39,886.88,1663.55,496.76,1451.14,2236.2,1064.11,2828.36,1049.28
2012/3/6,1884.97,5298.55,1985.36,2227.68,3819.12,1420.72,2286.93,5593.87,1880.95,1591.39,3493.86,1680.61,1792.41,2567.15,3374.31,2556.42,1722.59,3815.33,1655.52,3473.76,880.01,1652.72,497.05,1429.7,2203.16,1048.46,2789.55,1050.35
2012/3/7,1833.39,5138.01,1949.99,2173.98,3690.99,1405.24,2278.76,5526.64,1843.91,1570.99,3425.9,1654.14,1758.1,2528.49,3316.34,2531.02,1692.92,3713.67,1616.93,3406.1,876.01,1623.56,491.28,1399.63,2162.65,1023.82,2757.61,1025.8
2012/3/8,1841.12,5147.94,1965.87,2182.58,3694.67,1412.36,2304.73,5545.4,1861.99,1583.78,3452.13,1662.91,1765.23,2540.48,3403.33,2550.03,1700.82,3733.57,1626.83,3438.35,900.62,1631.95,497.37,1421.56,2160.99,1039.55,2787.61,1029.95
2012/3/9,1872.56,5217.11,1992.96,2199.41,3794.88,1432.94,2319.86,5606.93,1893.8,1601.42,3487.63,1679.08,1790.25,2584.68,3447.33,2585.78,1729.85,3786.3,1652.7,3482.75,905.68,1650.97,505.66,1431.58,2168.8,1065.46,2808.43,1044.35
2012/3/12,1890.78,5322.55,2021.98,2212.27,3867.55,1451.72,2320.26,5763.79,1915.35,1614.47,3534.23,1697.93,1801.55,2584.16,3518.25,2613.85,1742.16,3826.91,1666.05,3534.54,916.24,1675.31,512.09,1448.32,2162.59,1063.29,2831.61,1057.39
2012/3/13,1903.63,5283.04,2026.83,2210.76,3883.19,1450.1,2302.34,5786.52,1937.93,1613.15,3611.42,1697.39,1794.74,2549.3,3542.03,2648.55,1742.75,3806.4,1665.72,3553.16,921.95,1686.92,517.13,1458.24,2147.45,1056.88,2817.96,1056.56
2012/3/14,1932.4,5381.03,2072.29,2240.05,3935.36,1464.99,2319.18,5895.84,1963.11,1631,3627.37,1717.76,1815,2582.37,3575.16,2674.04,1772.62,3881.06,1687.99,3602.21,928.45,1725.63,518.45,1476.23,2178.92,1080.04,2851.27,1072.48
2012/3/15,1854.65,5133.92,1970.9,2190.83,3761.25,1388.01,2217.88,5749.29,1873.64,1550.07,3485.98,1643.11,1749.09,2443.87,3426.62,2554.82,1682.52,3667.93,1627.12,3408.45,878.38,1638.35,485.78,1412.63,2145.11,1037.73,2711.18,1022.09
2012/3/16,1852.12,5105.89,1961.41,2151.05,3731.25,1368.09,2187.99,5821.22,1860.41,1536.57,3528.6,1623.75,1726.1,2382.47,3457.51,2558.09,1665.56,3585.49,1610.57,3375.52,862.79,1632.78,481.34,1410.94,2134.29,1039.32,2673.76,1014.43
2012/3/19,1901.14,5143.69,1999.14,2171.45,3811.49,1394.07,2225.08,6041.57,1921.07,1580.03,3617.96,1651.52,1747.29,2412.94,3562.96,2644.92,1693.64,3638.38,1635.7,3433.95,877.02,1658.23,489.33,1426.2,2131.17,1047.69,2710.96,1032.07
2012/3/20,1924.27,5224.03,2028.81,2200.54,3890.47,1413.83,2212.73,5961.26,1943.28,1592.86,3636.26,1666.1,1749.2,2427.36,3571.68,2693.86,1715.11,3687.66,1638.95,3474.8,877.59,1671.5,495.16,1437.27,2121.17,1046.8,2721.65,1039.12
2012/3/21,1878.83,5156.58,1987.98,2230.56,3849.85,1385.53,2199.09,5900.56,1908.9,1561.73,3562.35,1660.23,1728.63,2433.49,3505.9,2647.96,1689.12,3643.33,1621.27,3408.7,860.55,1638.38,485.13,1410.26,2110.99,1032.43,2667.77,1022.79
2012/3/22,1870.19,5222.73,1985.34,2223.18,3914.54,1378.99,2177.32,5822.46,1907.08,1564.47,3532.77,1652.14,1735.47,2425.13,3466.89,2625.27,1682.55,3646.72,1620.74,3402.93,862.51,1619.42,481.69,1400.46,2099.09,1017.66,2660.25,1020.92
2012/3/23,1860.87,5149.77,1961.69,2202.58,3817.5,1369.92,2189.7,5814.54,1897.24,1562.41,3509.92,1642.63,1730.27,2438.83,3434.89,2601.38,1669.52,3622.72,1619.56,3386.45,856.98,1609.3,479.04,1393.22,2108.4,1014.26,2646.75,1016.15
2012/3/26,1831.26,5052.97,1923.5,2191.64,3780.54,1345.81,2152.74,5801.36,1866.05,1537.28,3456.19,1619.2,1715.55,2392.45,3373.75,2554.44,1643.38,3540.17,1602.83,3325.76,842.88,1588.44,474.39,1372.36,2106.19,1006.28,2605.43,995.38
2012/3/27,1841.31,5090.95,1937.13,2197.92,3823.64,1349.45,2181.84,5845.4,1876.96,1537.84,3491.24,1618.97,1719.24,2390.38,3411.9,2587.29,1641.15,3539.53,1609.08,3334.8,840.56,1597.61,474.73,1376.03,2119.36,1013.42,2617.94,998.02
2012/3/28,1815.11,5015.67,1910.71,2181.97,3787.76,1339.16,2150.83,5644.61,1850.54,1518.24,3437.81,1604.43,1704.77,2370.44,3376.11,2563.28,1627.02,3536.43,1593.6,3297.92,838.23,1582.86,471.56,1367.57,2110.61,1002.49,2604.13,984.55
2012/3/29,1717.25,4806.15,1822.27,2085.16,3585.53,1270.63,2055.9,5540.68,1771.49,1448.46,3293.54,1549.52,1651.2,2314.21,3235.02,2465.41,1551.17,3379.39,1537.27,3150.99,796.14,1511.34,449.47,1312.23,2075.18,971.25,2499.54,939.4
2012/3/30,1692.91,4733.4,1798.81,2071.01,3531.53,1246.7,2047.96,5517.26,1749.18,1432.72,3255.7,1539.17,1637.08,2340.12,3192.26,2455.57,1530.03,3343.47,1521.37,3104.39,771.34,1494.5,444.17,1303.25,2066.05,962.69,2483.82,920.74
2012/4/5,1684.77,4719.25,1785.31,2049.52,3480.43,1244.33,2068.52,5404.62,1749.13,1421.63,3240.14,1538.82,1649.87,2360.25,3191.34,2448.51,1531.27,3335.68,1530.23,3079.52,776.57,1490.21,438.66,1304.81,2077.56,973.49,2502.22,922.32
2012/4/6,1736.83,4851.72,1836.23,2097.62,3620.86,1281.17,2122.43,5651.59,1799.4,1465.88,3317.11,1570.04,1680.88,2424.59,3281.21,2513.88,1568.76,3499.26,1569.46,3161.09,803.08,1536.01,453.37,1330.49,2078.16,1015.47,2565.3,955.06
2012/4/9,1751.53,4848.89,1841.59,2107.17,3611.25,1291.25,2112.15,5719.7,1800.42,1476.66,3319.2,1570.23,1681.84,2437.84,3295.55,2518.84,1582.63,3510.48,1576.17,3150.79,802.91,1547.5,454.92,1324.94,2073.49,1022.8,2571.25,956.41
2012/4/10,1712.44,4781.14,1812.06,2122.07,3583.81,1266.06,2090.31,5718.12,1782.84,1461.05,3280.04,1555.21,1671.97,2405.76,3248.03,2496.84,1571.03,3483.18,1557.04,3110.56,790.44,1523.38,447.25,1305.42,2061.74,1015.62,2545.07,948.16
2012/4/11,1713.75,4807.91,1817.99,2111.86,3557.64,1273.13,2105.38,5672.18,1783.94,1465.94,3288.21,1561.66,1676.26,2442.18,3256.75,2517.96,1583.25,3495.08,1557.98,3109.05,793.75,1524.49,451.59,1309.8,2065.74,1020.22,2553.95,953.41
2012/4/12,1739.44,4874.95,1852.2,2130.54,3607.55,1294.98,2146.19,5725.09,1813.48,1488.56,3327.39,1577.49,1695.5,2505.95,3325.69,2569.99,1613.12,3554.2,1577.17,3145.4,814.87,1550.97,456.11,1328.21,2072,1033.22,2604.47,969.03
2012/4/13,1772.33,5003.81,1887.59,2160.82,3688.95,1324.6,2184.8,5823.66,1848.02,1521.14,3394.73,1603.66,1721.13,2575.14,3407.85,2619.3,1650.27,3624.5,1601.77,3204.52,834.37,1587.15,463.16,1350.92,2113.8,1069.01,2650.67,985.25
2012/4/16,1766.62,4992.69,1886.14,2154.29,3690.25,1320.46,2178.68,5787.92,1847.52,1518.18,3383.82,1601.01,1717.52,2549.33,3396.07,2621.03,1655.14,3604.66,1604.53,3190.89,823.91,1576.74,461.9,1355.6,2103.45,1069.94,2644.43,982.14
2012/4/17,1774.77,5015.56,1895.34,2164.63,3682.18,1331.32,2188.28,5781.94,1866.66,1522.27,3391.89,1614.76,1736.06,2597.23,3436.51,2635.7,1716.02,3627.51,1616.85,3195.9,821.57,1584.01,464.53,1361.96,2102.72,1078.76,2667.84,986.98
2012/4/18,1766.02,4972.08,1880.58,2147.53,3667.61,1329.12,2154.75,5724.75,1828.54,1505.42,3410.61,1599.08,1718.03,2533.12,3401.9,2601.7,1684.39,3568.89,1607.45,3168.4,823.54,1573.79,463.81,1348.14,2096.91,1054.33,2642.52,977.46
2012/4/19,1794.73,5088.55,1916.32,2181.42,3745.25,1353.84,2205.46,5757.84,1863.08,1528.92,3428.8,1622.27,1745.32,2596.16,3471.87,2646.55,1712.84,3640.39,1639.76,3231.21,838.31,1599.55,473.26,1374.01,2120.43,1090.12,2702.18,1006.5
2012/4/20,1793.45,5062.64,1909.02,2172.79,3716.2,1350.23,2198.03,5679.92,1851.01,1518.32,3431.88,1620.24,1741.89,2579.47,3444.89,2629.88,1702.81,3664,1642.44,3222.9,839.75,1595.44,469.42,1376.41,2121.36,1098.92,2665.78,1008.62
2012/4/23,1807.94,5109.96,1919.15,2197.54,3749.61,1356.89,2201.21,5750.7,1871.22,1528.4,3445.14,1627.69,1766.01,2616.62,3482.46,2649.09,1720.07,3717.99,1654.39,3231.37,854.09,1607.46,471.84,1391.61,2153.15,1132.72,2685.46,1018.84
2012/4/24,1766.94,5024.86,1862.38,2170.86,3652.94,1312.05,2146.79,5679.56,1837.22,1489.44,3381.01,1606.39,1750.83,2579.45,3418.38,2596.12,1699.97,3699.54,1631.52,3144.6,878.03,1562.28,448.84,1370.78,2143.44,1109.23,2660.9,1002.26
2012/4/25,1763.43,5036.37,1847.97,2142.45,3656.17,1304.13,2113.43,5665.99,1839.32,1484.46,3353.45,1600.45,1756.41,2611.97,3429.2,2585.32,1705.05,3671.83,1625.54,3121.22,854.09,1549.4,448.22,1371.58,2169.87,1117.26,2649.78,999.02
2012/4/26,1796.49,5141.45,1878.72,2192.72,3727.58,1320.49,2154.16,5707.62,1866.92,1511.96,3383.83,1618.11,1775.89,2721.22,3525.67,2628.09,1768.79,3736.34,1661.71,3157.44,854.23,1565.27,455.87,1382.81,2188.23,1119.97,2682.6,1014.29
2012/4/27,1797.53,5151.99,1868,2174.99,3753.9,1309.04,2156.47,5751.62,1847.77,1505.58,3358.83,1610.01,1761.16,2685.26,3468.74,2601.74,1731.59,3695,1656.03,3153.89,863.68,1554.96,452.61,1367.07,2178.72,1118.25,2662.88,1011.69
2012/5/2,1800.39,5231.57,1879.08,2187.11,3789.27,1319,2192.18,5912.13,1868.34,1507.16,3387.74,1623.89,1767.43,2696.07,3451.88,2601.03,1719.59,3683.19,1663.09,3176.84,866.35,1569.82,457.29,1374.63,2202.08,1133.04,2676.47,1019.53
2012/5/3,1794.32,5335.31,1884.51,2209.85,3880.77,1317.37,2193.28,5893.5,1859.56,1497.52,3412.83,1632.51,1775.05,2708.27,3432.8,2568.01,1695.42,3690.47,1669.71,3170.47,858.82,1568.57,456.53,1374.31,2200.74,1129.43,2712.6,1023.29
2012/5/4,1801.92,5368.61,1894.4,2218.76,3887.55,1321.21,2192.1,5975.57,1860.13,1502.67,3487.26,1643.66,1778.69,2693.14,3438.34,2574.05,1693.63,3656.6,1677.68,3177.18,863.88,1585.28,458.9,1379.39,2190.52,1152.79,2717.18,1032.33
2012/5/7,1821.31,5351.09,1910.73,2238.12,3938.18,1329.04,2216.62,6099.85,1862.91,1511.66,3498.97,1641,1781.15,2696.68,3453.54,2609.93,1703.23,3656.01,1673.86,3207.16,872.81,1596.74,463.21,1387.51,2189.69,1146.1,2728.62,1030.22
2012/5/8,1840.57,5361.85,1930.22,2249.72,3992.24,1357.57,2251.58,6153.98,1889.05,1525.63,3570.78,1679.49,1788.11,2706.39,3503.26,2642.9,1724.85,3659.54,1694.24,3258.16,882.46,1628.1,469.6,1399.21,2195.87,1140.11,2763.06,1040.94
2012/5/9,1829.67,5284.35,1922.31,2221.58,3961.94,1349.34,2216.97,6050.52,1877.1,1520.52,3533.72,1674.18,1776.32,2673.76,3481.3,2640.86,1714.97,3647.59,1691.37,3250.69,886.05,1613.77,468.22,1388.2,2183.56,1112.1,2728.53,1034.74
2012/5/10,1803.75,5217.06,1900.96,2184.56,3893.16,1331.48,2191.1,6024.39,1855.2,1500.6,3485.16,1654.59,1755.57,2651.15,3426.65,2641.99,1694.38,3586.07,1671.13,3196.05,906.8,1609.87,463.93,1376.31,2163.99,1111.61,2691.37,1018.86
2012/5/11,1804.05,5232.22,1911.04,2220.13,3946.35,1340.88,2193.87,6018.77,1853.53,1510.57,3537.39,1656.92,1748.31,2645.83,3415.75,2649.71,1692.74,3570.1,1661.89,3208.51,889.11,1607.93,465.64,1371.85,2153.89,1109.67,2681.12,1019.89
2012/5/14,1813.57,5257.97,1912.68,2206.1,3935.98,1339.25,2192.27,6047.38,1852.78,1513.94,3590.33,1664.65,1748.54,2656.99,3430.04,2674.61,1694.81,3604.35,1665.12,3205.07,876.67,1599.1,465.35,1365.99,2161.34,1110.86,2672.93,1018.8
2012/5/15,1782.67,5090.61,1866.45,2149.79,3782.2,1314.36,2148.01,5867.7,1819.37,1489.62,3573.47,1648.45,1719.78,2624.03,3358.1,2639.53,1670.52,3551.28,1637.95,3151.2,854.33,1562.4,455.61,1336.51,2125.06,1091.38,2624.03,999.61
2012/5/16,1800.66,5077.23,1873.16,2137.8,3796.53,1322.65,2236.1,5917.98,1821.63,1507.46,3562.79,1649.92,1726.35,2642.05,3390.4,2661.42,1667.41,3550.11,1633.43,3156.54,852.34,1572.82,458.45,1348.28,2119.97,1109.39,2627.42,1003.6
2012/5/17,1775.07,5031.62,1851.76,2125.86,3782.96,1315.53,2231.79,5845.59,1808.34,1492.23,3524.88,1637.08,1717.91,2593.6,3358.66,2617.95,1651.76,3493.08,1611.34,3119.99,837.64,1552.61,451.06,1333.6,2092.66,1097.7,2605.66,989.23
2012/5/18,1779.97,5065.27,1866.89,2130.71,3810.81,1324.15,2215.79,5869.94,1826.85,1504.34,3525.7,1650.52,1752.61,2612.4,3391.18,2668.07,1674.83,3503.26,1621.97,3128.81,837.31,1561.61,454.49,1338.14,2096.8,1124.27,2631.32,993.82
2012/5/21,1754.52,4990.95,1846.43,2120.39,3807.87,1306.07,2197.3,5811.4,1816.54,1483.09,3471.71,1648.3,1765.25,2578.99,3359.73,2634.26,1646.18,3463.21,1610.33,3092.71,815.66,1545.05,449.87,1319.39,2081.15,1111.18,2603,985.3
2012/5/22,1765.25,5104.33,1854.91,2139.07,3885.32,1314,2218.2,5964.6,1823.61,1479.39,3496.84,1647.82,1746.21,2596.48,3367.14,2636,1642.5,3495.29,1626.82,3087.51,817.22,1555.68,450.64,1313.67,2093.86,1110.5,2614.7,993.29
2012/5/23,1781.03,5132.09,1871.94,2140.91,3877.61,1321.74,2230.02,6036.45,1833.93,1490.03,3529.68,1650.99,1744.47,2656.47,3379.59,2675.31,1651.83,3559.51,1650.34,3104.62,828.58,1563.48,453.92,1320.22,2102.43,1126.02,2627.42,1008.83
2012/5/24,1768.32,5103.83,1859.33,2115.13,3809.16,1312.36,2212.16,6057.91,1829.94,1481.06,3533.57,1643.04,1728.91,2676.34,3352.21,2678.9,1651.86,3615.47,1664.33,3068.03,819.45,1552.56,449.2,1312.09,2088.06,1137.08,2626.64,1010.81
2012/5/25,1758.64,5087.05,1845.55,2106.93,3824.51,1309.54,2195.23,5869.75,1824.06,1469.97,3494.6,1630.99,1725.05,2662.1,3295.23,2663.68,1646.97,3607.5,1655.21,3078.29,820.72,1566.27,447.73,1316.95,2075.57,1127.35,2612.83,1013.96
2012/5/28,1724.93,4983.73,1818.11,2111,3790.44,1284.17,2159.57,5767.17,1794.11,1457.39,3431.01,1615.15,1710.83,2637.01,3212.1,2594.19,1610.06,3597.14,1649.79,3040.86,813.54,1532.02,437.17,1291.02,2065.81,1097.68,2562.56,1004.13
2012/5/29,1746.44,5106.42,1842.98,2168.36,3836.75,1297.75,2212.25,5870.41,1815.03,1471.15,3467.58,1634.09,1736.55,2713.04,3267.53,2618.15,1641.53,3816.15,1732.69,3065.11,824.07,1547.7,440.55,1296.11,2082.01,1116.56,2659.18,1039.12
2012/5/30,1770.59,5190.68,1874.96,2188.15,3934.17,1326.17,2227.89,5923.75,1837.38,1493.78,3502.96,1651.64,1757.43,2744.19,3303.16,2647.06,1665.91,3802.16,1745.65,3111.04,834.16,1566.24,448.76,1315.17,2095.84,1144.09,2692.8,1045.33
2012/5/31,1762.94,5103.15,1865.28,2165.19,3890.79,1325.48,2210.75,5873.48,1835.06,1495.48,3500.72,1653.18,1751.09,2751.34,3292.82,2626.37,1660.57,3793.71,1732.66,3117.57,829.38,1565.79,444.88,1309.62,2068.83,1139.41,2670.71,1040.71
2012/6/1,1771.39,5089.6,1881.5,2171.77,3931.76,1356.88,2229.62,5970.72,1847.15,1499.53,3537.88,1659.47,1751.54,2755.95,3312.14,2643.43,1668,3793.91,1729.58,3135.32,832.72,1585.16,450.56,1317.33,2068.38,1143.63,2676.93,1041.12
2012/6/4,1746.18,4966.59,1850.36,2134.22,3912.56,1327.88,2180.44,5953.23,1818,1480.88,3518.75,1636.66,1725.07,2711.08,3254.96,2624.37,1633.38,3656.64,1693.25,3066.76,808.16,1549.55,442.21,1294.61,2051.33,1131.74,2625.62,1016.34
2012/6/5,1717.4,4863.6,1814.53,2105.28,3853.54,1309.93,2177.12,5941.93,1790.33,1454.85,3521.7,1626.16,1689.6,2669.81,3190.9,2629.14,1601.17,3571.98,1667.11,3012.11,788.73,1537.24,436.41,1268.44,2028.09,1112.08,2582.95,997.46
2012/6/6,1713.38,4853.09,1813.38,2105.83,3844.46,1308.16,2160.1,5960.33,1794.33,1450.06,3580.04,1645.91,1694.19,2668.17,3182.97,2616.75,1593.73,3569.23,1668.14,3016.22,789.23,1530.63,438.08,1264.64,2034.17,1098.28,2574.18,993.16
2012/6/7,1715.91,4820.19,1822.95,2112.75,3951.2,1316.72,2165.92,5948.87,1799.2,1454.55,3576.51,1661.02,1695.59,2673.7,3204.55,2622.32,1601.25,3584.82,1680.46,3025.16,794.57,1545.89,437.59,1267.3,2049.38,1108.81,2584.09,999.29
2012/6/8,1713.72,4760.26,1807.65,2094.46,3866.12,1307.33,2138.32,5943.65,1798.23,1442.55,3541.1,1659.99,1685.33,2705.4,3188.23,2593.3,1588.49,3573.4,1667.91,3003.23,785.09,1534.62,431.68,1259.51,2025.19,1107.99,2559.98,993.64
2012/6/11,1687.2,4696.3,1790.01,2057.15,3801.17,1289.35,2106.86,5873.95,1763.75,1419.93,3509.16,1651.88,1672.49,2664.99,3150.95,2564.99,1561.94,3486.54,1658.21,2961.32,786.8,1524.3,432.41,1245.79,1986.45,1102.14,2544.92,980.21
2012/6/12,1700,4729.52,1806.31,2052.26,3841.8,1311.52,2126.33,5848.9,1779.03,1433.37,3551.72,1669.59,1678.59,2722.53,3186.49,2588.13,1577.63,3516.05,1675.74,2994.32,794.95,1541.23,435.2,1263.15,1978.49,1115.86,2570.17,993.08
2012/6/13,1700.84,4689.2,1803.99,2037.88,3857.6,1314.76,2132.73,5850.74,1789.08,1438.98,3601.76,1664.47,1670.28,2772.7,3193.12,2601.97,1581.4,3521.82,1695.38,2993.87,792.29,1533.72,435.2,1249.58,1972.94,1120.7,2557.43,995.98
2012/6/14,1725.18,4677.69,1827.97,2045.75,3883.26,1327.58,2152.64,5991.44,1828.97,1448.57,3678.26,1707.75,1681.86,2783.28,3237.21,2648.27,1601.46,3551.56,1713.57,3029.86,798.04,1555.58,441.17,1255.34,1970.33,1159.87,2589.01,1005.11
2012/6/15,1750.75,4642.6,1821.65,2027.55,3856.69,1319.88,2146.47,6039.56,1831.71,1447.29,3671.59,1717.61,1674.05,2767.73,3238.81,2652.01,1595.11,3517.04,1694.15,3021.82,798.48,1555.29,440.59,1260.09,1965.84,1156.2,2590.79,997.63
2012/6/18,1747.87,4665.36,1822.55,2035.02,3876.28,1318.74,2160.08,5979.04,1834.36,1449.33,3719.56,1732.19,1676.34,2724.38,3241.73,2665.12,1600.55,3525.66,1695.52,3033.34,799.68,1560.72,440.81,1263.75,2006.35,1167.26,2592.78,997.26
2012/6/19,1744.91,4676.51,1825.64,2036.92,3873.18,1324.97,2158.09,6054.05,1840.43,1450.69,3754.79,1736.55,1677.3,2729.32,3246.02,2682.33,1606.04,3552.12,1707.97,3045.21,793.95,1571.16,446.6,1269.1,1996.89,1163.9,2587.69,1003.17
2012/6/20,1741.82,4650.59,1820.3,2022.71,3837.38,1323.32,2138.54,6016.15,1831.59,1444.45,3770.75,1723.1,1674.01,2694.92,3232.46,2660.01,1601.77,3532.7,1697.5,3037.37,784.57,1570.7,447.34,1272.64,2001.85,1157.71,2564.21,995.85
2012/6/21,1726.63,4612.92,1807.02,2012.87,3814.6,1320.99,2119.54,5981.11,1821.99,1434.81,3674.59,1706.92,1672.8,2668.67,3217.97,2630.15,1591.63,3505.53,1681.09,3024.34,779.04,1579.74,445.06,1277.96,2001.93,1141.56,2549.71,986.17
2012/6/25,1697.45,4483.34,1773.95,1976.82,3738.42,1296.24,2100.15,5886.86,1791.48,1410.59,3643.8,1693.03,1656.74,2662.34,3167.55,2611.48,1559.45,3433.99,1661.12,2971.23,765.41,1552.65,438.22,1253.75,1974.73,1102.48,2503.49,969.66
2012/6/26,1659.88,4295.43,1722.94,1911.88,3599.89,1258.9,2050.83,5809.1,1749.64,1371.67,3608.98,1678.45,1635.02,2565.36,3087.85,2549.52,1512.38,3262.92,1629.22,2872.07,748.57,1510.23,430.04,1215.64,1955.11,1065.19,2435.95,943.2
2012/6/27,1673.2,4324.38,1732.6,1908.16,3596.87,1263.35,2060.13,5800.86,1764.84,1379.96,3609.93,1673.15,1651.11,2596.5,3101.05,2561.48,1518.99,3271.13,1631.56,2879.91,749.72,1516.74,427.34,1219.31,1959.14,1077.54,2443.97,943.44
2012/6/28,1669.86,4333.36,1732.13,1893.19,3564.02,1273.42,2039.2,5877.9,1754.42,1378.84,3645.13,1677.09,1644.57,2617.88,3093.14,2572.33,1513.47,3260.22,1635.08,2871.37,752.94,1526.11,423.69,1211.01,1954.19,1080.47,2432.93,944.44
2012/6/29,1637.53,4245.78,1696.34,1860.15,3448.87,1251.88,2022.24,5810.93,1722.62,1345.12,3632.34,1655.65,1612.34,2564.94,3042.54,2523.94,1480.46,3167.74,1607.26,2790.73,739.43,1493.87,414.24,1190.54,1944.62,1068.22,2372.57,924.72
2012/7/2,1681.35,4399.89,1733.46,1888.35,3579.26,1287.65,2055.46,5973.34,1748.8,1374.71,3736.32,1673.15,1636.23,2609.82,3094.84,2593.56,1521.07,3244.88,1632.68,2854.97,755.62,1521.89,424.24,1203.1,1975.61,1114.51,2401.83,944.57
2012/7/3,1706.94,4338.42,1740.26,1882.6,3587.3,1295.45,2050.55,6023.2,1768.55,1376.31,3786.74,1684.27,1632.81,2621.19,3101.74,2628.6,1520.94,3235.98,1623.02,2855.96,753.03,1537.08,426.84,1202.99,1964.27,1113.45,2331.09,941.05
2012/7/4,1715.92,4387.35,1743.76,1885.44,3594.79,1301.08,2085.64,6159.61,1775.42,1380.18,3761.38,1676.15,1638.47,2668.37,3124.09,2647.42,1522.23,3243.28,1627.38,2847.47,758.61,1549.41,429.95,1208.5,1973.66,1110,2331.28,934.19
2012/7/5,1716.22,4358.57,1728.7,1873.72,3573.98,1282.86,2052.49,6101.35,1754.56,1365.73,3699.7,1665.56,1628.05,2633.14,3093.04,2645.66,1511.94,3211.4,1607.39,2820.04,758.37,1524.61,425.53,1210.33,1974.4,1089.46,2310.64,919
2012/7/6,1697.37,4331.27,1702.19,1844.51,3535.01,1259.17,2033.43,6083.89,1726.33,1346.74,3698.39,1661.65,1606.84,2668.25,3040.63,2618.15,1494.3,3120.6,1592.43,2769.68,750.38,1512.23,421.86,1195.24,1943.27,1087.11,2291.22,906.1
2012/7/9,1712.08,4334.4,1711.62,1847.64,3578.26,1265.91,2037.48,6305.64,1736.75,1350.12,3785.82,1672.48,1607.8,2686.83,3058.93,2663.48,1508.98,3125.49,1609.64,2771.17,747.61,1518.95,424.54,1187.85,1945.67,1091.61,2314.71,911.62
2012/7/10,1698.23,4184.6,1676.27,1802.09,3516.02,1236.96,1965.42,6228.63,1706.11,1319.95,3751.41,1661.22,1577.88,2653.55,2997.82,2684.28,1491.68,3029.03,1584.4,2697.83,728.45,1490.4,417.74,1153.58,1895.07,1068.95,2259.66,889.29
2012/7/11,1695.31,4162.94,1672.14,1794.59,3510.2,1223.54,1955.31,6154.7,1691.42,1316.76,3662.68,1657.38,1574.01,2602.94,2987.77,2669.48,1472.27,3019.33,1578.75,2682.45,722.48,1470.47,422.96,1132.63,1891.73,1068.57,2257.77,887.16
2012/7/12,1713.26,4208.24,1693.16,1814.76,3521.63,1233.33,1972.42,6309.97,1695.64,1320.67,3765.64,1659.09,1580.74,2595.34,2986.13,2688.89,1473.79,3094.48,1596.9,2707.07,725.62,1471.31,424.18,1136.75,1887.47,1077.94,2271.64,898.72
2012/7/13,1742.07,4373.61,1712.99,1830.45,3584.63,1248.81,1985.55,6331.34,1706.06,1331.93,3796.6,1659.41,1595.49,2643.24,2994.09,2719.57,1489.55,3111.8,1614.41,2728.58,729.17,1491.19,430.18,1141.43,1878.25,1085.78,2283.82,907.68
2012/7/16,1753.2,4359.59,1707.15,1833.67,3588.44,1237.34,1998.55,6397.88,1692,1327.77,3841.49,1656.08,1590.79,2649.54,2969.42,2729.86,1479.2,3127.2,1622.38,2708.29,723.23,1479.85,428.25,1114.93,1896.44,1099.33,2258.87,907.82
2012/7/17,1713.4,4271,1643.36,1772.63,3463.89,1175.04,1936.1,6240.82,1625.91,1275.4,3706.46,1612.4,1548.38,2545.05,2842.09,2640.98,1424.64,3038.14,1576.13,2578.94,690.5,1413.86,408.08,1055.44,1879.31,1065.33,2158.83,868.03
2012/7/18,1707.58,4325.02,1667.8,1788.36,3502.67,1187.41,1953.76,6148.32,1637.23,1292.44,3691.84,1622.52,1556.69,2589.63,2860.02,2642.91,1446.53,3100.11,1592.4,2595.59,694.31,1428.74,412.82,1067.75,1894.97,1093.42,2187.06,874.33
2012/7/19,1747.21,4379.09,1681.58,1806.96,3516.46,1192.02,1964.93,6053.64,1658.48,1300.48,3691.02,1639.71,1558.16,2518.26,2888,2654.91,1457.98,3099.57,1591.9,2624.26,702.12,1431.63,415.49,1072.12,1888.81,1100.94,2209.12,877.75
2012/7/20,1749.94,4389.51,1697.17,1812.88,3527.77,1209.3,1968.29,6061.31,1683.56,1323.63,3708.23,1642.38,1572.91,2523.8,2924.35,2697.41,1481.96,3120.65,1607.53,2660.35,709.92,1444.63,422.06,1093.66,1885.11,1125.33,2240.27,883.63
2012/7/23,1715.4,4278.53,1682.2,1793.1,3469.26,1198.4,1944.64,5945.95,1679.65,1309.06,3706.44,1631.38,1551.16,2490.94,2866.86,2697.98,1467.91,3059.95,1590.79,2639.17,697.44,1435.09,414.66,1104.78,1863.47,1109.54,2210.2,869.52
2012/7/24,1723.72,4219.22,1667.32,1760.43,3413.74,1188.98,1917.76,5897.32,1663.1,1293.12,3702.28,1619.93,1539.62,2470.91,2837.66,2668.41,1459.12,3015.26,1566.87,2615.01,692.02,1427.54,416.37,1097.03,1835.3,1090.57,2166.08,856.81
2012/7/25,1732.99,4259.96,1680.83,1782.26,3430.93,1208.46,1925.2,6015.29,1683.43,1305.52,3732.22,1623.99,1544.82,2501.08,2865.64,2699.23,1487.13,3053.27,1578.9,2639.12,699.98,1444.58,419.65,1106.03,1829.57,1100.25,2195.43,864.11
2012/7/26,1717.67,4227.31,1673.23,1765.36,3421.71,1206.74,1920.67,6016.78,1669.74,1300.34,3727.72,1617.29,1542.67,2463.36,2847.55,2662.97,1476.46,3032.74,1571.18,2626.82,701.07,1450.33,420.61,1103.41,1828.46,1095.11,2185.52,863.51
2012/7/27,1686.1,4230.26,1667.3,1788.54,3431.27,1207.44,1914.43,5955.57,1656,1296.47,3692.06,1611.7,1535.35,2418.7,2815.25,2656.11,1479.74,3022.47,1573.49,2628.88,698.3,1451.19,422.14,1102.58,1833.38,1096.87,2180.53,862.17
2012/7/30,1662.97,4251.39,1650.28,1783.23,3394.02,1190.88,1900.71,5907.16,1637.59,1282.05,3595.54,1589.87,1527.58,2415.02,2802.83,2613.16,1444.49,3022.39,1554.01,2622.41,696.49,1436.18,421.81,1105.82,1859.48,1077.66,2181.45,861.38
2012/7/31,1621.01,4235.5,1619.83,1767.06,3306.09,1158.75,1883.21,5871.51,1607.9,1258.09,3536.93,1568.48,1508.27,2387.11,2750.59,2532.08,1405.51,2977.32,1531.75,2566,680.25,1408.56,409.65,1082.71,1871.84,1053.63,2155.78,852.94
2012/8/1,1594.56,4149.66,1583.8,1754.94,3246.29,1133.04,1897.02,5741.3,1598.19,1235.54,3506.93,1552.6,1494.74,2401.19,2725.41,2537.01,1382.78,2931.61,1520.85,2515.73,659.61,1393.57,404.99,1065.39,1891.73,1063.93,2132.23,839.45
2012/8/2,1614.52,4226.06,1603.8,1776.1,3312.51,1154.72,1908.23,5775.2,1612.01,1256.64,3571.16,1572.4,1509.69,2425.01,2750.73,2574.33,1397.76,3007.77,1544.89,2548.97,666.91,1419.25,413.75,1074.24,1892.57,1075.11,2158.94,854.53
2012/8/3,1617.24,4200.66,1593.35,1793.06,3287.95,1161.96,1882.63,5754.94,1606.24,1250.78,3629.01,1572.37,1505.7,2331.79,2730.37,2577.84,1386.31,2997.93,1529.99,2537.35,658.98,1430.2,415.19,1072.44,1902.51,1070.11,2145.13,848.95
2012/8/6,1630.7,4250.66,1624.53,1801.26,3335.75,1191.14,1891.92,5829.07,1635.83,1263.58,3686.08,1591.12,1513.12,2341.94,2748.74,2614.68,1422.01,3023.82,1544.64,2570.69,666.85,1452,423.85,1082.57,1901.15,1064.27,2135.77,857.13
2012/8/7,1674.8,4347.67,1667.81,1838.27,3490.27,1223.83,1923.48,5931.8,1676.68,1294.91,3752.11,1610.99,1533.24,2395.57,2814.49,2686.67,1457.74,3092.41,1581.02,2647.03,682.48,1492.76,434.94,1112.95,1896.99,1080.97,2171.2,875.93
2012/8/8,1704.59,4363.05,1688.02,1857.63,3546.87,1232.69,1931.14,5982.66,1689.84,1311.44,3760.64,1607.91,1546.74,2410.75,2843.64,2707.69,1482.17,3097.71,1604.56,2668.08,691.29,1504.99,438.61,1121.78,1893.03,1077.94,2183.59,880.54
2012/8/9,1691.17,4366.02,1689.28,1838.08,3543.96,1225.94,1912.63,5932.71,1683.11,1311.13,3717.08,1600.76,1539.76,2425.13,2829.47,2683.22,1476.82,3084.85,1599.15,2659.96,690.83,1499.44,437.67,1117.57,1906.56,1074.7,2180.99,878.31
2012/8/10,1723.12,4390.12,1711.84,1875.11,3557.4,1245.88,1937.99,6073.23,1697.36,1325.41,3815.2,1614.38,1548.85,2450.57,2861.24,2735.19,1493.9,3120.35,1617.2,2681.83,695.56,1520.13,441.18,1134.51,1916.81,1080.86,2211.53,889.46
2012/8/13,1713.04,4337,1712.54,1887.42,3508.34,1246.64,1921.96,6007.07,1692.08,1325.65,3828.41,1622.3,1537.35,2415.09,2857.65,2698.64,1489.35,3087.04,1615.24,2666.92,696.77,1520.22,438.56,1126.69,1915.54,1073.21,2195.94,884.09
2012/8/14,1702.58,4248.22,1680.29,1864.24,3466.34,1222.08,1892.42,5961.44,1658.35,1299.16,3805.53,1599.34,1512.56,2346.7,2810.33,2664.06,1465.39,2991.67,1581.09,2607.96,687.66,1498.36,431.35,1111.03,1914.85,1004.93,2157.88,861.65
2012/8/15,1702.05,4295.39,1695.68,1861.15,3446.43,1227.68,1890.18,5971.65,1663.6,1306.64,3819.62,1609.4,1510.41,2366.44,2800.33,2672.24,1474.04,3011.19,1580.76,2622.18,686.29,1498.76,435.67,1120.56,1919.09,995.93,2173.79,871.67
2012/8/16,1684.13,4237.22,1674.3,1852.93,3406.77,1217.72,1881.23,5906.7,1647.94,1297.29,3788.32,1594.08,1497.25,2351.61,2796.08,2644.79,1453.29,3008.71,1568.13,2595.9,684.97,1489.96,432.22,1105.77,1887.12,989.94,2146.65,856.93
2012/8/17,1666.46,4223.15,1664.12,1836.83,3410.49,1208.6,1879.11,5794.65,1639.85,1293.85,3738.6,1588.67,1491.39,2353.57,2787.69,2620.51,1456.31,2988.43,1565.97,2603.02,690.86,1479.49,428.71,1100.74,1883.05,988.01,2139.39,854.5
2012/8/20,1650.2,4196.51,1658.53,1843.88,3388.95,1211.02,1874.7,5641.48,1633.63,1289.38,3679.19,1580.62,1480.06,2329.33,2769.13,2598.37,1459.17,2961.36,1551.25,2600.12,683.99,1466.9,429.31,1097.16,1881.96,978.01,2124.22,850.6
2012/8/21,1682.56,4212.59,1679.62,1833.43,3415.39,1222.48,1867.6,5732.74,1640.88,1298.13,3724.45,1591.19,1479.73,2323.47,2779.26,2625.16,1469.9,2961.75,1553.19,2609.23,688.59,1486.3,434.44,1109.36,1878.24,983.98,2137.31,852.87
2012/8/22,1700.88,4247.81,1702.21,1834.19,3463.77,1261.13,1876.82,5837.63,1655.28,1311.87,3816.63,1614.09,1492.58,2322.62,2817.57,2660.01,1485.69,2994.54,1561.07,2650.88,698.58,1522.08,443.61,1132.98,1872.96,987.55,2157.8,863.42
2012/8/23,1689.86,4213.19,1684.75,1819.07,3428.44,1254.76,1853.7,5736.69,1638.13,1306.44,3802.16,1613.02,1477.52,2282.5,2796.92,2632.56,1488.01,2975.5,1545.01,2623.14,696.18,1514.51,441.46,1125.39,1868.94,987.38,2137.99,858.05
2012/8/24,1696.47,4228.34,1693.79,1824.24,3487.73,1270.93,1862.86,5676.52,1639.46,1320.27,3788.28,1614.11,1482.23,2278.27,2804.03,2609.97,1494.08,2990.51,1537.73,2638.84,695.69,1523.95,441.4,1143.41,1868.19,985.69,2145.48,857.65
2012/8/27,1648.35,4124.2,1659.41,1791.09,3397.68,1235.72,1852.54,5677.55,1605.91,1289.21,3730,1588.98,1459.56,2257.37,2737.58,2575.69,1447.64,2911.53,1506.43,2581.25,691.5,1500.15,430.34,1115.43,1860.63,973.02,2108.02,835.22
2012/8/28,1620.83,4001.74,1625.48,1787.81,3301.08,1209.76,1837.58,5619.62,1567.5,1272.9,3681.83,1565.82,1432.97,2238.07,2689.86,2527.3,1419.26,2835.02,1475.83,2521.34,676.54,1470.75,424.64,1078,1856.34,931.06,2058.73,813.36
2012/8/29,1619.83,4026.63,1639.46,1789.92,3300.63,1233.8,1842.57,5567.49,1570.34,1279.88,3677.97,1568.21,1441.21,2226.36,2705.96,2515.8,1424.78,2845.05,1484.02,2541.94,684.4,1478.36,428.6,1084.28,1876.43,932.08,2065.9,820.05
2012/8/30,1601.38,3937.34,1622.51,1765.51,3218.74,1254.43,1839.29,5447.89,1551.91,1269.66,3674.31,1556.31,1431.49,2201.41,2690.69,2518.38,1411.43,2815.19,1480.84,2532.5,676.61,1488.23,423.23,1083.61,1865.27,919.9,2061.47,810.84
2012/8/31,1563.05,3931.79,1597.36,1744.14,3181.5,1223.34,1832.76,5346.22,1530.94,1252.46,3559.65,1536.45,1415.51,2198.88,2661.16,2474.2,1394.34,2764.38,1457.6,2495.08,666.02,1460.04,417.9,1084.89,1885.13,943.48,2049.24,804.19
2012/9/3,1574.11,3924.39,1610.79,1731.51,3175.28,1225.49,1849.63,5404.44,1534.36,1260.12,3567.91,1538.58,1414.54,2220.26,2649.06,2500.42,1400.94,2772.44,1463.13,2497.87,664.05,1469.91,419.39,1083.02,1870.68,939.04,2048.13,805.22
2012/9/4,1611.21,3972.6,1640.36,1737.4,3237.43,1255.42,1880.97,5614.32,1557.68,1281.32,3654.74,1555.5,1424.25,2284.56,2688.71,2558.05,1420.68,2828.97,1489.09,2538.95,671.21,1502.14,428.73,1094.72,1855.59,968.67,2082.79,816.2
2012/9/5,1594.81,3923.62,1623.15,1699.31,3183.39,1247.46,1867.22,5495.35,1533.82,1269.3,3622.89,1538.66,1403.9,2258.9,2669.55,2538.91,1399.36,2782.42,1469.77,2513.21,667.26,1499.32,423.89,1082.58,1827.83,953.45,2059.02,796.15
2012/9/6,1608.15,3910.12,1635.95,1691.16,3214.82,1272.1,1883.47,5514.65,1543.27,1278.64,3645.18,1560.82,1400.15,2290.46,2699.08,2549.93,1406.98,2802.59,1489.64,2553.2,682.04,1528.99,430.23,1101.19,1802.72,959.99,2066.55,802.32
2012/9/7,1630.94,3969.71,1664.25,1715.61,3276.14,1288.74,1904.99,5559.31,1566.52,1300.28,3682.03,1581.44,1420.77,2312.5,2738.6,2599.99,1423.84,2893.73,1519.41,2590.47,689.61,1548.01,435.82,1123.72,1822.67,979.77,2092.67,820.97
2012/9/10,1672.3,4169.11,1710.28,1786.81,3460.07,1311.21,1939.59,5734.37,1613.07,1334.19,3761.66,1614.01,1465.04,2378.64,2808.87,2643.5,1467.08,3112.39,1584.47,2681.29,708.42,1580.57,444.43,1146.27,1866.72,1029.55,2163.15,865.29
2012/9/11,1677.47,4181,1725.3,1793.1,3451.01,1315.28,1953.43,5694.74,1622.1,1331.1,3758.04,1608.05,1457.57,2372.43,2817.61,2641.05,1469.83,3104.56,1592.51,2681.45,744.31,1587.45,445.53,1153.06,1854.21,1026.92,2188.76,869.26
2012/9/12,1685.65,4193.45,1735.45,1802.71,3498.87,1324.03,1940.19,5713.44,1624.61,1335.76,3804.72,1602.3,1460.86,2371.01,2847.04,2666.34,1475.29,3103.17,1589.04,2703.91,738.6,1593.99,450.37,1155.7,1856.91,1029.24,2200.67,872.71
2012/9/13,1687.11,4216.58,1740.4,1809.45,3513.58,1323.96,1932.71,5714.79,1635.35,1336.99,3803.15,1598.89,1460.73,2364.8,2866.11,2669.11,1482.97,3141.49,1585.78,2703.88,745.53,1588.61,449.69,1158.24,1841.24,1019.29,2198.88,872.54
2012/9/14,1681.39,4241.11,1724.69,1823.39,3581,1309,1927.76,5698.42,1616.98,1329.17,3786.79,1587.36,1454.25,2360.29,2839.04,2666.13,1467.91,3088.82,1578.23,2689.57,778.77,1576.52,444.21,1161.45,1846.16,1024.24,2190.09,864.34
2012/9/17,1663.12,4209.31,1717.44,1813.58,3520.24,1299.8,1927.69,5710.6,1608.23,1319.06,3761.23,1574.91,1445.72,2333.07,2810.95,2637.93,1466.71,3086.57,1560.32,2662.57,769.28,1558.67,443.19,1150.83,1852.27,1014.71,2198.64,853.59
2012/9/18,1611.65,4055.42,1670.37,1757.83,3400.25,1262.89,1891.28,5567.98,1553.25,1280.95,3669.68,1536.08,1405.32,2237.45,2725.29,2572.09,1414.77,2971.74,1510.64,2576.78,746.76,1510.88,433.79,1113.45,1826.59,977.02,2126.73,819.85
2012/9/19,1614.65,4008.02,1665.91,1744.34,3370.19,1274.78,1884.78,5543.2,1550.7,1284.36,3683.32,1535.08,1398.12,2244.93,2727.43,2608.28,1416.9,2976.19,1511.1,2574.59,734.23,1525.15,433.02,1109.55,1811.73,979.63,2119.62,821.5
2012/9/20,1620.49,4016.84,1667.77,1745.87,3449.5,1282.67,1905.03,5442.54,1549.34,1295.46,3705.49,1536.85,1401.6,2246.99,2744.89,2635.41,1423.67,2999,1509.64,2587.64,731.08,1538.14,435.64,1125.12,1799.85,982.61,2130.2,822.94
2012/9/21,1576.85,3895.78,1616.32,1707.58,3346.94,1227.18,1865.77,5341,1503.09,1251.27,3599.78,1493.02,1371.15,2184.54,2681.02,2571.61,1381.4,2898.68,1474.63,2509.31,713.81,1491.72,423.31,1087.1,1777.68,963.84,2067.84,794.56
2012/9/24,1558.21,3906.02,1607.42,1704.81,3358.21,1206.33,1852.52,5322.91,1495.07,1241.67,3550.41,1492.53,1371.75,2182.06,2666.03,2500.09,1380.78,2873.05,1467.69,2487.22,689.76,1461.05,418.83,1074.93,1770.71,957.13,2059.13,784.12
2012/9/25,1570.78,3981.74,1623.32,1700.76,3404.02,1221.23,1861.05,5398.02,1502.31,1246.03,3587.86,1496.25,1373.8,2211.75,2695.8,2514,1390.63,2958.97,1486.83,2499.93,686.4,1474.4,426.02,1089.64,1774.58,978.57,2070.11,799.24
2012/9/26,1567.92,3984.67,1615.27,1704.07,3347.93,1205.83,1854.62,5459.41,1487.94,1232.46,3581.67,1489.78,1364.61,2211.36,2685,2524.82,1375.92,2961.86,1479.86,2482.63,685.52,1457.69,420.56,1076.43,1768.03,986.11,2066.28,793.24
2012/9/27,1525.65,3940.81,1582.75,1680.81,3259.56,1174.94,1838.55,5369.8,1453.37,1204.51,3518.42,1468.08,1347.78,2175.91,2624.02,2458.81,1347.08,2914.4,1459.83,2430.26,663.78,1420.31,411.34,1066.54,1762.93,981.01,2029.87,776.16
2012/9/28,1550.31,4066.81,1614.57,1705.32,3365.7,1199.21,1870.06,5485.37,1477.58,1229.66,3564.3,1488.59,1373.15,2222.26,2665.54,2492.65,1369.52,2991.2,1485.54,2477.99,671.42,1443.25,417.51,1090.98,1794.07,1012.95,2068.52,794.05
2012/10/8,1587.47,4160.78,1654.28,1738.1,3460.91,1227.4,1917.44,5629.74,1503.7,1252.08,3638.53,1523,1399.83,2289.56,2753.62,2551.09,1397.55,3066.76,1531.83,2534.8,689.51,1473.49,425.23,1119.87,1820.4,1038.43,2125.9,814.83
2012/10/9,1593.6,4132.09,1666.38,1728.08,3429.49,1227.98,1915.33,5570.7,1510.37,1249.56,3651.35,1525.03,1396.27,2268.64,2731.4,2529.26,1398.89,3040.54,1524.88,2533.6,692.96,1476.79,418.46,1113.36,1822.15,1032.58,2128.41,812.53
2012/10/10,1624.01,4201.86,1698.35,1759.31,3451.12,1259.97,1950.62,5646.47,1540.63,1273.45,3735.67,1549.64,1419.24,2312.31,2785.22,2560.95,1423.55,3113.49,1558.45,2584.91,703.89,1512.95,428.68,1133.81,1844.52,1050.54,2169.55,835.03
2012/10/11,1639.72,4214.43,1710.69,1788.15,3467.39,1281.12,1962.65,5647.5,1563.8,1288.19,3762.59,1554.78,1431.79,2326.49,2801.88,2577.02,1444.88,3120.67,1562.71,2595.67,708.26,1526.77,433.91,1138.69,1836.44,1048.28,2205.47,842.11
2012/10/12,1618.4,4177.34,1707.06,1768.18,3466.7,1259.19,1949.92,5637.39,1548.48,1280.85,3741.68,1543.89,1418.88,2314.03,2779.72,2542.31,1423.97,3089.25,1549.33,2569.47,692.36,1515.35,441.28,1117.47,1845.63,1041.2,2173.09,832.02
2012/10/15,1603.76,4169.42,1714.74,1757.63,3396.22,1252.76,1953.69,5656.99,1543.2,1277.95,3728.35,1542.33,1417.22,2311.66,2757.91,2513.9,1427.9,3071.62,1538.34,2558,689.97,1500.82,428.87,1087.49,1858.62,1038.51,2165.08,827.11
2012/10/16,1588.25,4128.99,1698.62,1743.18,3335.72,1244.25,1954.23,5689.45,1523.66,1268.23,3762.12,1533.69,1408.57,2295.48,2745.79,2510.3,1405.86,3047.02,1523.3,2543.33,682.32,1478.49,425.5,1065.79,1848.78,1039.12,2144.17,817.58
2012/10/17,1603.2,4147.44,1707.09,1742.05,3362.37,1248.64,1959.09,5788.2,1539.39,1270.62,3803.77,1539.24,1414.1,2304.78,2759.05,2517.42,1400.38,3057.37,1536.65,2557.37,693.93,1487.11,431.07,1069.58,1861.61,1042.62,2148.79,821.76
2012/10/18,1604.88,4147.51,1717.43,1745.27,3374.76,1250.1,1949.88,5792.04,1544.04,1271.65,3800.39,1537.11,1416.18,2298.16,2773.7,2526.35,1396.42,3070.98,1545.28,2559.99,692.57,1487.45,429.1,1068.74,1873.61,1031.57,2155.3,821.44
2012/10/19,1619.02,4209.8,1738.25,1770.44,3400.2,1268.36,1969.22,5882.94,1568.63,1290.76,3827.51,1557.38,1439.15,2370.14,2813.78,2550.19,1422.79,3128.1,1573.36,2600.32,699.92,1510.65,433.13,1085.93,1884.03,1041.17,2202.99,838.34
2012/10/22,1610.88,4164.44,1717.63,1766.82,3334.04,1264.1,1956.67,5841.06,1557.66,1280.05,3781.94,1546.94,1431.13,2361.25,2792.26,2535.57,1409.11,3134.37,1565.42,2587.73,696.92,1506.32,431.38,1080.82,1877.18,1036.36,2195.17,834.66
2012/10/23,1621.98,4204.87,1738.18,1777.31,3353.81,1276.61,1971.28,5838.34,1567.33,1295.04,3815.99,1563.49,1445.46,2402.78,2823.91,2564.71,1429.83,3160.73,1569.8,2606.16,700.51,1514.49,436.06,1088.11,1898.29,1050.56,2222.48,844.61
2012/10/24,1604.05,4123.66,1706.24,1787.55,3309.18,1250.38,1950.85,5705.8,1539.04,1279.2,3730.65,1552.06,1427.48,2385.53,2777.23,2519.52,1410.02,3073.07,1539.58,2577.24,683.53,1486.54,428.09,1073.38,1877.74,1022.36,2199.34,832.01
2012/10/25,1601.1,4122.89,1713.71,1807.67,3308.39,1257.59,1963.66,5722.66,1542.23,1295.57,3717.59,1576.05,1444.42,2385.31,2775.92,2506.01,1424.65,3101.49,1549.53,2602.6,681.95,1489.72,430.05,1078.39,1878.12,1018.28,2236.64,836.48
2012/10/26,1583.93,4064.54,1689,1820.95,3297.6,1234.62,1945.26,5704.01,1529.12,1276.65,3679.37,1568.8,1444.7,2353.33,2737.36,2478.41,1406.62,3076.66,1537.96,2572.94,682.17,1473.15,424.38,1071.88,1873.51,1005.78,2181.61,821.98
2012/10/29,1539.06,3978.63,1652.17,1766.36,3166.83,1210,1906.12,5583.89,1486.49,1254.68,3647.27,1551.47,1416.33,2302.84,2676.4,2446,1376.19,2995.15,1508.77,2498.48,663.53,1438.56,418.72,1047.58,1849.32,982.53,2129.1,800.24
2012/10/30,1536.85,3972.52,1649.73,1760.01,3136.18,1210.47,1904.62,5603.29,1484.53,1269.23,3681.89,1544.11,1414.59,2315.74,2685.99,2470.36,1373.01,3008.97,1513.11,2503.83,657.01,1434.61,419.88,1050.65,1848.43,965.9,2132.28,799.01
2012/10/31,1531.21,3979.93,1646.79,1774.13,3148.39,1208.61,1933.47,5616.48,1482.54,1265.86,3684.55,1538.05,1416.17,2341.28,2670.44,2469.42,1371.96,3005.55,1518.2,2499.74,655.59,1425.84,421.49,1041.39,1850.27,969.35,2135.3,801.78
2012/11/1,1534.58,4008.27,1660.25,1776.46,3172.09,1217.82,1969.65,5657.44,1483.72,1263.93,3722.27,1547.57,1422.85,2348.97,2674.95,2485.26,1380.06,3025.44,1535.19,2505.06,658.48,1431.45,422.31,1032.56,1857.92,972.89,2144.12,806.49
2012/11/2,1560.13,4071.69,1688.27,1793.84,3249.11,1234.13,1993.83,5740.94,1512.2,1284.77,3765.53,1567.73,1442.16,2439.63,2725.84,2510.78,1402.58,3115.78,1562.16,2545.31,669.14,1450.09,427.74,1050.5,1883.59,994.38,2190.57,820.39
2012/11/5,1564.31,4071.25,1690.53,1791.27,3218.73,1228.34,1989.9,5750.23,1511.07,1284.09,3768.78,1571.9,1449.79,2478.64,2721.78,2513.49,1408,3120.07,1571.49,2547.81,670.02,1448.21,429.61,1050.36,1902.56,996.54,2193.04,823.4
2012/11/6,1562.1,4113.31,1683.23,1787.78,3227.79,1214.58,1996.59,5681.41,1509.92,1281.38,3751.42,1574.19,1450.1,2461.97,2713.28,2512.75,1409.78,3117.22,1564.81,2550.87,671.06,1445.64,426.67,1056.03,1908.5,992.15,2199.81,825.27
2012/11/7,1560.14,4076.5,1662.61,1771.62,3237.43,1210.26,1999.61,5569.3,1497.52,1273.72,3731.57,1573.67,1435.56,2433.44,2699.72,2498.91,1398.82,3076.2,1553.29,2546.47,666.13,1434.77,424.21,1049.37,1900.29,991.09,2201.94,819.22
2012/11/8,1546.32,4030.39,1650.36,1765.59,3244.38,1202.36,1982.34,5544.81,1485.67,1264.04,3696.79,1559.25,1421.58,2397.58,2673.56,2477.77,1388.92,3053.69,1535.14,2527.82,666.38,1424.78,420.88,1040.02,1890.57,973.16,2201.65,809.2
2012/11/9,1514.8,3934.68,1614.24,1732.35,3191.93,1174.88,1961.87,5506.99,1451.94,1238.47,3660.09,1536.23,1399.36,2375.53,2633.72,2456.24,1359.85,2986.66,1519.28,2461.43,652.17,1392.82,414.48,1015.86,1878.46,957.75,2169.61,792.85
2012/11/12,1516.22,3943.76,1615.64,1736.81,3177.01,1175.71,1961.63,5502.44,1454.38,1245.19,3630.36,1543.1,1405.03,2383.91,2648.72,2437.53,1365.44,3003.62,1526.64,2454.21,659.98,1391.66,414.86,1007.72,1885.34,954.25,2171.82,798.81
2012/11/13,1528.36,3961.2,1622.46,1742.64,3206.65,1178.74,1972.62,5424.52,1462.39,1264.36,3597.14,1559.48,1419.11,2430.1,2635.46,2435.06,1371.77,2978.37,1539.97,2463.02,671.48,1394.63,414.52,1012.97,1902.79,954.83,2186.41,805.15
2012/11/14,1499.53,3888.3,1591.05,1725.31,3148.38,1156,1938.16,5348.63,1437.39,1234.23,3547.85,1534.33,1392.94,2353.66,2579.9,2385.71,1347.06,2915.05,1518.02,2417.45,654.37,1374.78,407.72,994.83,1877.9,931.54,2144.42,787.97
2012/11/15,1491.15,3882.05,1584.28,1725.28,3165.36,1154.2,1939.03,5370.53,1433.67,1235,3565.37,1531.37,1390.12,2327.72,2570.66,2359.79,1347.43,2895.91,1512.71,2413.65,646.08,1365.85,408.23,989.75,1875.08,930.62,2143.51,786.43
2012/11/16,1469.58,3817.33,1561.88,1703.93,3108.97,1130.97,1931.86,5321.78,1408.58,1213.63,3550.73,1521.2,1371.97,2303.75,2532.97,2342.97,1322.16,2876.53,1495.09,2367.83,634.3,1349.18,401.37,968.1,1861.36,923.4,2106.8,775.88
2012/11/19,1459.8,3768.19,1555.39,1696.81,3082.88,1122.42,1925.67,5237.02,1401.03,1207.07,3513.66,1512.44,1366.41,2314.25,2510.86,2345.49,1314.46,2873.37,1495.41,2362.44,628.81,1341.94,398.41,957.77,1853.2,916.7,2099.72,775.25
2012/11/20,1471.46,3806.29,1572.07,1707.1,3135.28,1131.5,1938.01,5036.6,1412.71,1220.25,3515.76,1524.62,1375.95,2323.2,2527.09,2335.71,1326.09,2935.09,1510.37,2380.84,631.93,1345.9,400.77,958.3,1860.32,923.45,2124.24,783.78
2012/11/21,1473.68,3758.94,1559.12,1699.36,3093.41,1124.39,1939.08,5052.42,1399.63,1215.65,3496.72,1524.51,1367.87,2322.98,2501.1,2316.23,1320.2,2913.8,1499.81,2366.33,624.44,1338.6,397.46,951.93,1848.45,905.55,2122.59,776.26
2012/11/22,1480.38,3802.02,1574.69,1710.72,3126.62,1133.53,1945.56,4933.27,1406.92,1222.27,3496.34,1530.06,1381.33,2352.21,2508.44,2329.46,1330.86,2950.7,1505.4,2385.39,629.36,1344.87,399.57,959.63,1863.4,923.95,2146.46,783.02
2012/11/23,1490.73,3794.7,1566.68,1707.02,3107.83,1124.05,1937.3,4930.85,1395.96,1217.88,3468.99,1526.29,1377.2,2355.11,2501.34,2315.7,1330.9,2918.35,1498.19,2372.54,625.76,1332.61,397.45,955.52,1869.16,929.62,2140.94,778.09
2012/11/26,1500.96,3792.74,1567.18,1714.24,3120.26,1122.99,1945.81,5000.92,1400.07,1219.55,3462.57,1526.06,1381.98,2358.48,2505.61,2316.89,1326.58,2918.52,1497.76,2373.89,631.21,1324.96,397.37,957.89,1870.42,929.15,2150.89,780.09
2012/11/27,1462.64,3737.1,1543.35,1713.39,3103.76,1101.48,1913.16,4906.45,1378.95,1208.35,3427.65,1512.22,1373.89,2332.9,2480.2,2275.28,1314.9,2880.67,1478.02,2332.37,624.42,1289.72,389.06,945.43,1867.72,920.36,2125.84,768.15
2012/11/28,1398.46,3658.18,1484.63,1691.64,2998.12,1061.79,1884.15,4866.12,1327.48,1157.58,3328.25,1473.88,1341.93,2285.8,2397.06,2228.45,1262.63,2784.48,1448.27,2252.78,604.09,1247.37,372.28,913.78,1872.31,901.95,2068.33,741.08
2012/11/29,1384.64,3640.03,1461.71,1660.51,2917.26,1043.86,1874.54,4815.44,1300.84,1136.59,3276.47,1456.03,1332.56,2240.37,2354.34,2173.21,1248.01,2757.64,1436.82,2222.99,586.17,1232.44,368.18,902.42,1881.95,897.34,2050.51,731.57
2012/11/30,1366.95,3602.93,1441.39,1689.29,2882.68,1030.08,1878.33,4799.93,1284.64,1119.86,3272.84,1444.03,1326.93,2235.07,2330.3,2143.51,1233.64,2744.23,1429.45,2200.93,580.45,1224.23,364.17,893.45,1873.22,862.8,2050.91,727.17
2012/12/3,1373.93,3629.57,1459.48,1699.19,2913.45,1043.76,1921.71,4757.21,1296.92,1136.84,3299.99,1464.07,1343.66,2311.15,2347.64,2161.17,1250.53,2824.91,1470.5,2213.82,588.02,1237.6,367.08,898.78,1879.08,873.76,2091.49,735.77
2012/12/4,1342.87,3502.82,1424.89,1662.79,2838.9,1010.47,1898.03,4427.18,1267.89,1112.26,3214.58,1442.25,1338.33,2306.74,2295.12,2132.51,1224.03,2780.78,1477.56,2142.24,571.55,1205.97,355.68,887.89,1855.24,871.62,2083.03,716.2
2012/12/5,1345.56,3542.59,1445.41,1680.9,2860.43,1029.84,1908.11,4483.32,1286,1125.37,3231.19,1463.16,1346.97,2334.45,2322.11,2156.32,1232.97,2826.35,1508.45,2162.76,583.31,1229.08,357.33,902.93,1873.35,887.53,2118.41,727.13
2012/12/6,1394.31,3679.63,1498.76,1721.53,2988.74,1073.73,1962.03,4582.13,1335.34,1162.81,3335.93,1505.47,1382.69,2412.82,2401.7,2217.13,1276.74,3014.83,1566.06,2245.27,606.56,1284.8,370.64,934.21,1942.4,934.11,2185.91,763.48
2012/12/7,1395.69,3670.12,1493.55,1720.52,2965.13,1073.19,1929.52,4574.53,1334.82,1163.82,3320.5,1503.47,1384.21,2432.55,2395.03,2154.49,1277.77,3006.18,1566.19,2238.33,603.99,1278.36,369.51,931.43,1961.25,931.1,2175.82,760.68
2012/12/10,1470.02,3783.61,1541.02,1752.2,3038.31,1098.86,1948.44,4616.74,1375.34,1195.52,3386.17,1529.62,1408.63,2460.15,2449.97,2201.95,1309.37,3106.86,1594.63,2296.56,623.2,1303.57,376.94,950.3,2022.64,956.72,2233.42,781.07
2012/12/11,1498.29,3798.04,1561.7,1766.96,3080.53,1116.16,1956.01,4685.58,1391.32,1209.51,3387.27,1535.21,1415.19,2470.79,2481.16,2227.4,1325.51,3131.37,1608.05,2337.69,627.14,1316.1,381.53,956.16,2031.48,960.54,2238.05,789.27
2012/12/12,1488.68,3817.97,1549.55,1760.79,3065.07,1109.27,1942.39,4748.49,1393.1,1202.52,3372.56,1526.87,1404.77,2465.66,2469.08,2226.42,1325,3108.66,1591.49,2313.94,625.63,1308.2,378.46,947.88,2027.96,957.58,2226.26,784.11
2012/12/13,1486.91,3806.69,1546.69,1762.21,3086.14,1107.49,1949.61,4759.73,1388.22,1202.09,3349.9,1528.51,1406.81,2467.24,2463.16,2230.87,1326.14,3130.58,1599.93,2315.06,618.88,1297.7,378.63,943.82,2039.99,955.2,2226.74,783.77
2012/12/14,1476.33,3763.79,1528.89,1737.28,3017.66,1093.11,1958.78,4657.79,1373.2,1195.33,3340.81,1515.25,1399.94,2479.07,2430.7,2217.43,1321.49,3105.74,1586.22,2286.65,611.89,1287.13,373.44,936.87,2021.81,948.21,2207.65,773.57
2012/12/17,1556.52,3931.41,1590.73,1806.66,3160.09,1136.37,2020.94,4786.53,1426.6,1239.45,3428.96,1569.37,1459.37,2585.32,2541.18,2292.4,1370.89,3295.81,1670.69,2390.58,638.35,1340.03,387.82,978.03,2175.19,1017.1,2301.19,808.64
2012/12/18,1553,4015.15,1602.66,1820.22,3201.85,1121.06,2019.23,4892.54,1432.38,1240.95,3401.01,1558.55,1463.28,2560.08,2558.07,2303.34,1373.48,3260.17,1665.13,2397.98,641.1,1335.68,387.36,978,2158.27,1026.34,2310.37,811.5
2012/12/19,1547.69,4016.95,1591.13,1827.21,3220.3,1120.04,2018.97,4919.59,1425.34,1236,3397.57,1552.2,1458.91,2512.18,2552.31,2299.01,1372.9,3262.63,1655.19,2408.9,643.09,1321.98,386.94,977.45,2178.44,1026.97,2314.92,808.2
2012/12/20,1538.29,4036.91,1595.46,1816.57,3203.08,1129.41,2013.29,4998.17,1428.88,1237.15,3405.55,1555.47,1454.5,2514.98,2551.32,2304.51,1365.02,3258.54,1648.95,2425.81,645.89,1334.94,388.53,978.65,2163.51,1020.61,2354.25,817.3
2012/12/21,1562.19,4108.28,1612.5,1836.44,3289.03,1133.8,2056.2,4966.41,1439.54,1245.47,3398.48,1572.18,1464.22,2557.24,2571.55,2302.92,1363.04,3292.37,1666.43,2441.36,647.05,1345.09,390.04,984.73,2168.86,1043.03,2374.26,821.02
2012/12/24,1557.38,4080.81,1606.97,1811,3253.98,1137.78,2086.15,4910.48,1437.58,1249.27,3432.73,1565.48,1456.49,2521.17,2571.28,2300.98,1357.9,3244.31,1658.77,2416.54,644.99,1355.59,391.92,980.53,2144.85,1026.56,2381.96,819.24
2012/12/25,1558.92,4066.85,1618.43,1804.95,3244.54,1154.98,2097.1,4818.7,1449.05,1260.41,3499.32,1571.62,1457.25,2542.03,2577.27,2319.28,1369.06,3268.7,1662.96,2432.88,649.97,1366.91,394.28,984.08,2161.37,1032.25,2408.51,819.39
2012/12/26,1595.24,4189.29,1654.8,1838.69,3309.54,1178,2131.93,4906.31,1493.73,1291.86,3569.97,1605.89,1497.01,2662.47,2647.7,2373.95,1397.41,3356.58,1710.26,2490.43,666.86,1395.21,402.62,1009.22,2251.83,1062.67,2465.84,843.04
2012/12/27,1621.29,4233.51,1684.68,1850.21,3361.17,1207.49,2137.16,4996.35,1517.1,1320.17,3596.4,1620.79,1513.23,2708.56,2685.97,2411.4,1415.21,3390.45,1735.79,2534.91,679.65,1424.6,413.33,1028.19,2247.78,1071.37,2472.16,856.67
2012/12/28,1589.19,4192.91,1666.61,1853.35,3341.02,1188.73,2111.98,5036.94,1492.76,1310.89,3570.9,1618.42,1505.79,2681.61,2646.36,2374.86,1405.54,3318.84,1718.81,2498.01,680.18,1402.98,407.96,1016.13,2221.13,1065.1,2448.85,842.26
2012/12/31,1604.58,4232.82,1683.07,1858.43,3369.05,1202.17,2124.88,5119.77,1512.37,1328.96,3608.97,1637.8,1519.98,2753.85,2682.98,2405.62,1438.33,3371.2,1742.97,2530.16,696.08,1432.28,413.52,1032.9,2256.84,1100.27,2489.56,851.82
2013/1/4,1625.45,4328.23,1705.76,1920.99,3451.16,1212.54,2142.01,5156.69,1531.95,1345.21,3640.46,1660.03,1542.65,2830.81,2721.11,2446.7,1454.72,3433.41,1775.12,2563.04,721.89,1443.98,418.52,1056.07,2352.29,1148.3,2538.48,862.32
2013/1/7,1600.15,4264.26,1681.88,1908.99,3408.61,1194.29,2126.17,5084.96,1507.16,1321.48,3584.46,1639.45,1527.11,2816.88,2710.41,2395.28,1431.79,3387.25,1757.41,2544.84,705.57,1408.95,411.99,1039.16,2329.91,1128.61,2483.24,853.32
2013/1/8,1618.37,4290.32,1704.79,1907.84,3379.25,1206.74,2174.13,5094.01,1523.05,1340.83,3663.76,1650.09,1534.24,2811.96,2756.18,2435.59,1447.11,3480.67,1765.03,2585.19,729.12,1428.89,417.46,1045.61,2378.24,1130.5,2487.88,863.06
2013/1/9,1635.41,4258.92,1725.13,1907.85,3399.28,1227.87,2157.16,5233.78,1535.27,1345.04,3740.63,1656.13,1528.93,2797.22,2764.09,2464.2,1463.12,3457.37,1754.82,2617.58,751.55,1453.62,422.38,1069.7,2329.89,1102,2482.1,863.97
2013/1/10,1662.88,4348.17,1733.15,1908.69,3385.1,1237.02,2163.23,5319.45,1549.63,1349.31,3730.92,1657.43,1530.27,2800.63,2759.05,2467.21,1469.53,3433.57,1754.65,2639.96,739.01,1471.28,422.94,1088.58,2325.2,1102.66,2496.62,865.91
2013/1/11,1667.91,4328.7,1740.22,1924.77,3421.63,1249.55,2166.93,5317.81,1561.94,1356.76,3758.09,1658.77,1545.69,2829.79,2777.08,2509.18,1481.74,3457.12,1751.18,2687.24,756.2,1474.62,427.07,1096.71,2326.88,1105.84,2495.74,872.74
2013/1/14,1621.45,4177.92,1693.24,1874.7,3299.33,1225.53,2143.08,5193.23,1518.91,1314.62,3721.85,1629.68,1509.91,2733.31,2697.66,2457.89,1460.02,3322.22,1705.96,2636.2,770.38,1453.16,419.4,1075.29,2272.94,1074.68,2449.4,852.61
2013/1/15,1685.74,4335.18,1759.98,1928.82,3414.79,1281.37,2220.44,5316.99,1568.8,1353.89,3865.58,1675.47,1555.7,2826.83,2793.49,2532.92,1496.58,3441.52,1771.66,2728.62,846.06,1515.72,434.26,1116.14,2391.46,1139.02,2552.28,888.78
2013/1/16,1734.83,4381,1798.67,1948.77,3470.12,1306.45,2238.07,5268.41,1589.41,1382.06,3918.81,1703.06,1567.44,2825.05,2832.95,2561.82,1528.62,3477.6,1783.33,2780.61,837.51,1545.81,442.84,1128.15,2391.25,1144.54,2568.6,905.04
2013/1/17,1721.28,4366.5,1801.34,1940.85,3517.94,1303.94,2239.47,5277.23,1579.82,1384.63,3949.56,1691.85,1555.83,2779.98,2822.45,2545.5,1528.02,3441.59,1767.52,2763.49,878.34,1557.12,439.97,1115.57,2355.12,1121.38,2538.36,901.21
2013/1/18,1711.54,4364.04,1792.43,1937.78,3459.49,1295.58,2254.11,5299.4,1564.9,1386.81,3949.8,1704.58,1558.65,2787.5,2790.39,2531.64,1510.98,3427.61,1767.63,2736.83,814.1,1534.92,439.7,1100.26,2357.56,1124.88,2514.65,894.24
2013/1/21,1742.32,4409.71,1816.6,1940.43,3472.45,1314.34,2321.49,5288.78,1584.57,1402.86,4010.03,1743.9,1586.28,2920.9,2828.68,2573.34,1536.27,3466.05,1789.47,2776.81,824.26,1545.01,443.99,1105.85,2394.34,1136.1,2582.77,907.08
2013/1/22,1743,4478.17,1821.67,1937.9,3457.74,1309.96,2340.88,5168.14,1589.42,1413.21,4011.26,1744.49,1609.25,2915.17,2839.5,2576.88,1545.76,3517.7,1796.39,2781.06,825.45,1542.7,449.33,1114.71,2424.27,1132.6,2616.51,919.78
2013/1/23,1734.36,4395.84,1795.4,1916.5,3406.77,1278.54,2281.81,5099.43,1556.18,1385.97,3930.01,1703.03,1587.85,2869.96,2790.1,2522.62,1530.87,3506.61,1764.89,2722.34,803.87,1516.78,442.01,1091.68,2446.75,1126.77,2564.83,901.41
2013/1/24,1724.76,4383.43,1800.1,1935.66,3415.71,1283.28,2298.93,5157.89,1554.26,1387.31,3957.85,1712.03,1598.61,2873.5,2814.02,2522.99,1540.59,3492.32,1752.52,2739.5,837.96,1530.06,443.92,1104.7,2494.34,1136.02,2583.72,900.89
2013/1/25,1683.64,4272.46,1772.57,1908.81,3333.7,1242.65,2264.55,5021.27,1517.06,1358.93,3899.92,1685.03,1563.48,2845.99,2737.26,2458.6,1510.03,3423.85,1717.48,2675.29,840.49,1495.53,433.91,1076.8,2492.45,1132.62,2541.76,883.23
2013/1/28,1681.29,4259.88,1776.47,1898.09,3356.27,1242.8,2274.82,4957.13,1510.97,1360.72,3985.43,1690.99,1561.4,2800.65,2728.53,2464.53,1500.68,3462.84,1725,2676.55,832.28,1490.99,440.29,1080.82,2494.33,1112.32,2576.76,882
2013/1/29,1719.78,4367.71,1820.27,1924.69,3430.43,1268.6,2340.02,4878.06,1545.8,1388.67,4089.25,1717.13,1597.66,2901.45,2783.57,2523.14,1537.32,3629.24,1758.64,2733.08,858.38,1521.78,449.65,1109.61,2619.34,1163.06,2667.41,906.41
2013/1/30,1735.08,4439.28,1837.22,1923.71,3458.53,1286.19,2350.78,4921,1560.43,1402.26,4084.39,1723.05,1607.69,2912.95,2793.35,2528.85,1559.57,3647.02,1762.72,2742.82,854.04,1533.92,453.91,1121.08,2646.83,1197.23,2670.19,913.62
2013/1/31,1721.37,4430.14,1840.19,1932.49,3467.73,1283.26,2340.21,4974.22,1573.16,1402.68,4073.45,1721.53,1618.97,2968.56,2814.98,2539.13,1563.99,3637.84,1759.85,2735.84,864.43,1539.13,450.28,1122.16,2658.28,1205.29,2668.44,912.9
2013/2/1,1728.55,4446.34,1832.53,1918.47,3494.58,1266.3,2314.76,4909.66,1556.42,1400.07,4038.56,1742.53,1610.98,2865.96,2799.53,2527.34,1564.08,3587.42,1747.68,2723.74,846.82,1521.77,448.66,1112.35,2656.62,1202.57,2662.59,909.67
2013/2/4,1739.88,4507.72,1857.48,1921.77,3525.62,1277.25,2336.45,4980.54,1578.24,1401.83,4058.7,1762.74,1623.59,2872.76,2835.25,2551.35,1588.23,3700.27,1769.77,2750.49,857.4,1531.33,454.05,1125.63,2786.32,1295.78,2711.23,925.24
2013/2/5,1685.46,4593.92,1836.33,1940.29,3510.15,1259.04,2293.8,4896.04,1554.19,1381.51,3956.14,1743.62,1615.8,2839.84,2828.63,2550.99,1553.18,3673.92,1754.71,2709.14,850.14,1497.5,447.97,1102.93,2766.55,1253.57,2725.84,914.91
2013/2/6,1710.12,4652.35,1859.43,1972.97,3561.93,1276.91,2318.68,5107.66,1575.46,1397.61,4032.58,1761.08,1639.86,2930.89,2864.45,2578.04,1586.56,3733.75,1826.11,2742.68,853.07,1529.51,455.93,1112.94,2770.43,1260.46,2757.81,943.21
2013/2/7,1720.21,4613.23,1873.19,1959.09,3556.06,1290.88,2305.17,5075.28,1587.28,1405.1,4087.21,1756.85,1625.28,2895.31,2873.38,2578.06,1597.71,3713.01,1818.57,2758.03,853.42,1538.11,458.23,1112.07,2780.49,1285.42,2754.71,942.23
2013/2/8,1728.93,4581.04,1885.19,1956.68,3549.3,1302.19,2317.53,5116.51,1597.88,1414.34,4132.13,1766.25,1623.35,2879.42,2871.92,2594.41,1592.43,3730.38,1840.41,2760.25,874.28,1557.97,463.58,1121.1,2672.4,1288.79,2781.66,945.6
2013/2/18,1762.99,4618.6,1921.67,1976.4,3565.98,1330.9,2375.67,5180.34,1620.22,1436.66,4242.69,1789.64,1642.14,2924.42,2913.4,2630.28,1616.74,3793.7,1870.83,2818.86,885.11,1592.94,472.07,1145.79,2671.02,1292.93,2910.52,956.39
2013/2/19,1766.56,4544.8,1923.96,1953.14,3500.4,1339.67,2356.22,5048.67,1620.04,1441.36,4238.45,1796.01,1650.26,2881.36,2881.15,2615.38,1628.08,3771.29,1867.54,2841.45,888,1597.91,474.63,1139.81,2634.25,1235.49,2911.25,953.5
2013/2/20,1739.35,4400.12,1889.81,1922.89,3435.59,1327.33,2294.88,5039.43,1591.61,1425.16,4212.07,1766.07,1634.79,2773.35,2832.4,2566.4,1609.05,3612.21,1813.9,2803.95,866.37,1566.81,466.7,1122.75,2630.27,1212.19,2802.22,932.9
2013/2/21,1759.86,4398.32,1910.02,1920.69,3418.51,1349.53,2315.33,5057.24,1613.62,1442.14,4395.75,1797.72,1631.58,2791.23,2862.41,2602.78,1618.31,3603.7,1822.22,2843.95,867.28,1590.3,477.87,1140.27,2562.86,1202.46,2833.52,942.67
2013/2/22,1738.68,4242.61,1872.54,1878.29,3323.57,1327.82,2283.42,5137.48,1591.76,1418.18,4326.32,1777.25,1592.46,2759.08,2820.63,2565.65,1593.22,3523,1784.03,2797.99,851.03,1574.73,470.3,1132.59,2471.8,1160.36,2739.87,921.19
2013/2/25,1749.48,4251.98,1869.31,1875.24,3356.66,1334.78,2270.97,5250.5,1589.64,1428.96,4277.84,1774.92,1588.35,2766.09,2818.24,2579.37,1596.88,3505.07,1779.33,2799.64,868.11,1575.69,480.61,1125,2452.94,1161.09,2701.55,921.35
2013/2/26,1775.35,4213.13,1881.27,1867.29,3347.07,1346.87,2285.69,5160.06,1590.58,1432.23,4303.52,1809.53,1590.83,2719.87,2815.24,2582.98,1602.61,3518.87,1773.02,2811.12,863.3,1589.29,479.17,1123.84,2441.44,1144.28,2696.73,926.39
2013/2/27,1742.39,4155.5,1861.34,1841.32,3325.93,1338.77,2268.98,5054.19,1568.06,1419.91,4306.46,1783.67,1569.9,2698.81,2785.16,2527.66,1597.51,3456.55,1744.9,2780.62,874.63,1589.02,484.03,1111.94,2466.8,1147.17,2680.37,916.11
2013/2/28,1734.74,4209.49,1875.42,1865.4,3336.1,1336.25,2287.21,5044.3,1570.18,1433.2,4253.28,1784.55,1576.74,2775.38,2788.57,2510.69,1619.46,3493.05,1756.35,2780.05,893.2,1579.16,484.29,1115.33,2519.08,1179.23,2702.43,920.61
2013/3/1,1755.7,4288.39,1911.04,1883.41,3391.96,1353.12,2334.13,5050.4,1591.99,1451.6,4306.2,1815.17,1606.77,2850.65,2820.74,2536.89,1648.17,3614.02,1792.55,2841.81,902.38,1606.32,496.49,1136.14,2601.08,1213.18,2763.88,939.14
2013/3/4,1764.87,4188.84,1930.03,1871.09,3359.76,1368.06,2328.65,5057.93,1593.21,1456.66,4385.79,1846.38,1593.89,2686.66,2801.63,2554.14,1674.2,3521.66,1760.78,2866.01,914.59,1634.71,499.23,1143.63,2524.49,1182.38,2738.42,938.55
2013/3/5,1743.18,4038.45,1891.13,1821.36,3269.41,1339.13,2277.21,5071.66,1546.89,1428.09,4357.99,1830.2,1559.92,2566.16,2732.06,2529.57,1627.18,3348.95,1682.37,2810.53,904.7,1605.82,488.1,1121.58,2432.03,1136.53,2641.7,905.82
2013/3/6,1773.78,4096.81,1940.81,1840.08,3328.71,1399.16,2311.91,5180.93,1583.88,1457.69,4508.46,1867.38,1584.92,2611.3,2769.73,2584.81,1668,3431.2,1719.87,2881.46,915.43,1662.76,498.21,1148.53,2605.13,1186.61,2701.11,922.8
2013/3/7,1781.51,4079.13,1963.56,1855.13,3328.27,1440.11,2332.41,5253.8,1602.11,1480.01,4551.85,1885.74,1606.87,2622.78,2811.25,2616.87,1674.01,3432.9,1728.98,2916.15,911.57,1697.01,509.76,1194.28,2595.94,1182.32,2710.25,926.24
2013/3/8,1759.77,4133.67,1949.19,1846.63,3344.28,1419.62,2307.43,5310.97,1596.52,1472.85,4445.01,1863.33,1604.38,2648.24,2797.48,2616.99,1663.09,3433.38,1723.87,2889.75,881.18,1666.47,498.99,1178.69,2560.07,1160.19,2690.47,919.35
2013/3/11,1744.1,4109.73,1932.13,1840.94,3318.79,1401.28,2304.68,5211.26,1585.02,1477.11,4366.56,1848.67,1599.67,2609,2785.3,2589.89,1643.75,3396.49,1712.74,2860.03,870.25,1636.1,495.22,1174.98,2550.64,1139.93,2688.67,911.43
2013/3/12,1740.96,4081.13,1929.27,1830.97,3322.35,1400.08,2314.45,5205.12,1588.99,1482.3,4393.39,1856.8,1593.98,2633.03,2781.45,2618.6,1645.42,3378.32,1719.22,2869.73,876.9,1646.46,491.95,1177.69,2511.69,1132.5,2674.28,913.16
2013/3/13,1682.94,4034.97,1880.69,1813.33,3274.84,1349.55,2268.03,5112.74,1552.08,1448.7,4254.83,1823.48,1561.82,2617.26,2716.25,2568.24,1605.4,3345.03,1686.72,2794.71,844.3,1589.63,473.97,1139.35,2456.96,1124.87,2625.58,895.47
2013/3/14,1650.65,4028.7,1864.74,1795.72,3271.37,1342.73,2227.57,5093.15,1535.78,1438.52,4221.46,1796.91,1538.95,2566.47,2683.12,2532.84,1606.7,3279.26,1652.24,2778.7,826.16,1577.74,468.85,1125.51,2449.73,1100.66,2575.34,882.26
2013/3/15,1653.65,4069.44,1881.95,1791.25,3256.44,1364.68,2251.29,5045.96,1540.47,1448.68,4302.66,1809.98,1549.44,2568.36,2699.58,2542.94,1608.52,3287.87,1672.43,2804.01,830.42,1596.55,475.04,1154.01,2461.39,1102.12,2591.46,885.94
2013/3/18,1644.35,4036.06,1879.34,1783.61,3217.3,1363.18,2271.62,5032.96,1534.32,1436.04,4337.56,1815.24,1558.42,2524.19,2697.16,2545.08,1618.73,3222.24,1663.24,2805.62,835.8,1603.39,474.34,1164.13,2469.53,1092.02,2554.33,888.76
2013/3/19,1631.13,3991.31,1858.96,1763.88,3139.52,1353.98,2254.23,4940.99,1515.48,1433.02,4314.65,1828.43,1544.52,2537.28,2672.22,2549.61,1617.22,3193.7,1630.2,2718.03,822.08,1597.05,478.8,1161.64,2458.08,1075.91,2544.01,882.01
2013/3/20,1631.66,4008.04,1863.89,1767.22,3157.04,1354.02,2254.29,4902.17,1523.23,1431.08,4270.38,1847.08,1549.08,2597.35,2682.88,2554.71,1622.78,3283.23,1645.07,2720.33,830.02,1588.28,477.98,1163.89,2493.97,1091.47,2557.75,882.7
2013/3/21,1672.96,4089.92,1910.26,1801.26,3236.64,1392.13,2332.2,5019.97,1555.04,1461.35,4370.47,1883.38,1579.38,2665.81,2739.76,2646.65,1659.49,3387.39,1692.79,2798.46,853.43,1630.52,488.45,1183.45,2619.14,1141.76,2659.59,906.19
2013/3/22,1682.41,4085.85,1935.45,1806.33,3230.49,1417.1,2360.36,5019.99,1558.07,1475.16,4426.87,1912.99,1586.58,2645.13,2754.06,2662.19,1670.61,3379.03,1692.77,2821.04,864.97,1670.22,493.57,1198.74,2606.18,1141.76,2669.59,912.24
2013/3/25,1681.33,4108.26,1953.04,1810.74,3248.38,1422.84,2376.1,5051.56,1576.02,1495.12,4471.26,1919.77,1597.15,2667.61,2785.38,2660.73,1671.99,3399.25,1694.38,2837.06,873.71,1678.8,493.05,1191.69,2627.86,1145.72,2670.05,914.24
2013/3/26,1673.84,4077.58,1944.67,1837.83,3257.6,1422.39,2346.89,5044.15,1579.94,1490.01,4435.6,1905.81,1587.25,2672.76,2772.1,2664.79,1670.55,3379.45,1691.45,2824.06,859.2,1668.67,484.08,1176.86,2596.73,1115.61,2631.5,908.1
2013/3/27,1659.89,4015.19,1939.9,1819.53,3207.59,1423.68,2348.87,5083.78,1590.69,1483.84,4455.63,1885.42,1574.95,2668.98,2756.91,2688.57,1656.78,3373.86,1677.89,2795.87,849.23,1675.77,485.11,1193.57,2544.9,1095.88,2615.64,898.88
2013/3/28,1653.81,3980.52,1931.88,1811.21,3193.3,1417.18,2361.13,4950.36,1578.94,1473.72,4491.55,1879.12,1571.18,2657.59,2749.71,2634.82,1649,3352.32,1676.02,2783.63,855.49,1671.77,482.34,1180.69,2440.11,1075.02,2613.16,892.84
2013/3/29,1621,3927.68,1901.13,1787.9,3130.85,1384.02,2344.78,4924.93,1547.96,1439.67,4465.62,1859.02,1548.96,2600.43,2692.32,2595.47,1600.2,3255.44,1652.48,2727.3,834.85,1647.56,474.73,1165.17,2381.01,1055.93,2580.78,873.53
2013/4/1,1623.04,3893.36,1892.02,1766.62,3083.05,1397.99,2350.81,4875.23,1549.35,1441.71,4476.52,1844.45,1541.95,2599.47,2684.01,2594.96,1592.13,3243.64,1665.09,2706.65,827.12,1638.78,473.51,1155.21,2385.66,1045.77,2549.76,868.92
2013/4/2,1643.97,3912.27,1900.8,1782.74,3074.74,1394.84,2404.76,4841.1,1553.14,1453.41,4483.08,1870.5,1545.97,2636.98,2689.15,2599.31,1599.74,3291.01,1669.31,2734.1,839.08,1666.01,479.5,1172.09,2393.26,1049.69,2560.43,871.88
2013/4/3,1639.04,3906.9,1877.9,1790.56,3065.01,1353.51,2410.23,4780.05,1539.64,1437.32,4340.15,1853.59,1542.93,2667.87,2672.15,2538.26,1585.56,3332.8,1667.9,2701.24,826.6,1626.98,471.12,1160.93,2394.53,1054.97,2556.55,864.32
2013/4/8,1586.53,3832.82,1833.7,1766.84,3023.72,1320.72,2408.54,4667.84,1493.69,1406.09,4347.18,1805.51,1501.98,2574.9,2613.47,2448.32,1547.85,3251.53,1623.75,2637.15,828.51,1585.03,460.87,1133.65,2354.7,1023.82,2478.2,845.21
2013/4/9,1608.19,3825.48,1854.37,1770.83,3054.73,1370.11,2445.41,4794.67,1506.42,1419,4395.9,1835.62,1511.35,2601.3,2638.46,2444.31,1577.19,3335.1,1651.01,2670.41,847.57,1639.11,474.29,1161.26,2391.91,1038.39,2533.67,858.13
2013/4/10,1615.63,3847.22,1870.79,1778.66,3102.11,1383.48,2455.88,4786.4,1519.8,1432.88,4310.77,1840.74,1523.77,2644.03,2661.94,2486.84,1594.21,3388.87,1668.5,2716.45,848.12,1644.53,478,1166.97,2392,1057.56,2574.57,865.21
2013/4/11,1614.23,3906.32,1866.18,1787.09,3114.02,1378.98,2427.24,4886.8,1525.03,1436.4,4261.94,1830.7,1529.54,2657.6,2678.78,2477.21,1594.62,3395.83,1696.32,2714.44,848.89,1647.17,478.64,1167.29,2396.86,1064.21,2603.79,869.61
2013/4/12,1600.53,3846.73,1857.94,1764.88,3063.33,1368.94,2403.82,4836.72,1511.9,1426.18,4244.55,1827.28,1513.84,2625.28,2649.71,2481.02,1580.98,3396.92,1683.76,2693.15,836.29,1621.74,474.38,1156.22,2383.59,1045.43,2611.71,862.17
2013/4/15,1577.09,3792.98,1840.65,1750.57,2985.79,1358.01,2377.71,4896.25,1498.47,1410.9,4240.71,1802.66,1498.1,2619.38,2625.21,2448.03,1550.6,3336.15,1670,2672.04,817.14,1603.26,472.16,1136.99,2370.84,1026.95,2593.24,848.87
2013/4/16,1544.3,3683.95,1799.84,1722.76,2869.49,1326.92,2375.05,4770.7,1470.16,1372.59,4173.14,1773.81,1482.73,2613.39,2578.04,2402.47,1515.77,3314.65,1654.19,2611.98,791.05,1565.73,465.79,1108.19,2355.1,1014.17,2545.98,830.61
2013/4/17,1560.29,3728.56,1826.45,1738.18,2917.01,1356.24,2413.05,4808.01,1494.11,1404.24,4223.8,1789.82,1500.98,2730.19,2617.09,2443.03,1544.08,3399.38,1691.08,2660.51,805.84,1601.02,472.46,1128.4,2347.22,1058.88,2600.3,845.72
2013/4/18,1563.9,3693.87,1835.78,1726.17,2883.92,1376.74,2436.37,4894.17,1492.14,1404.23,4285.61,1782.53,1499.95,2718.1,2615.34,2455.81,1535.22,3385.01,1687.43,2677.42,804.12,1625.91,482.53,1131.07,2288.95,1050.47,2599.59,843.61
2013/4/19,1573.95,3725.66,1854.22,1728.06,2912.98,1392,2460.05,4897.73,1502.51,1425.8,4295.87,1805.44,1511.02,2741.07,2635.82,2470.02,1558.35,3393.92,1698.14,2695.5,809.47,1631.61,494.61,1141.96,2337.45,1071.72,2627.71,850.33
2013/4/22,1595.83,3789.2,1882.31,1752.65,2961.76,1408.38,2485.09,4944.97,1524.83,1444.8,4396.28,1834.41,1531.03,2763.53,2673.56,2484.96,1581.74,3521.25,1734.6,2740.94,820.2,1655.28,499.48,1167.41,2429.64,1093.12,2681.77,868.95
2013/4/23,1614.56,3800.87,1891.18,1757.86,2984.63,1436.6,2489.65,4894.44,1530.66,1456.71,4431.68,1845.65,1536.8,2728.08,2683.35,2516.98,1610.85,3441.8,1744.84,2781.06,829.91,1682.69,519.12,1191.17,2470.59,1090.95,2718.89,874.33
2013/4/24,1567.35,3702.92,1839.42,1718.79,2902.4,1398.96,2412.54,4830.2,1490.16,1434.06,4319.32,1805.6,1502.86,2643.53,2617.38,2463.9,1562.82,3289.37,1691.22,2710.78,805.52,1641.28,510.1,1159.98,2376.38,1041.4,2638.75,850.26
2013/4/25,1595.02,3737.71,1865.73,1735.47,2951.45,1442.38,2471.92,4835.1,1520.91,1452.4,4398.61,1820.44,1519.07,2658.96,2638.4,2505.12,1585.65,3326.79,1714.52,2765.59,812.16,1693.31,537.16,1210.84,2406.99,1064.45,2690.84,859.86
2013/4/26,1591.13,3722.11,1830.34,1726.04,2955.67,1403.37,2452.28,4827.87,1497.54,1428.54,4368.13,1803.31,1504.16,2620.44,2605.85,2483.45,1570.61,3254.65,1692.98,2743.88,802.99,1660.85,522.95,1195.5,2406.43,1066.2,2660.36,846.91
2013/5/2,1554,3646.85,1788.21,1707.81,2887.24,1360.74,2425.02,4691.15,1470,1410.65,4279.9,1765.19,1473.86,2592.97,2574.11,2428.29,1538.6,3193.5,1666.94,2690.39,775.17,1613.54,517.14,1166.53,2371.52,1052.39,2601.34,827.9
2013/5/3,1568.34,3598.65,1803.47,1707.86,2864.03,1398.14,2449.67,4670.44,1480.56,1433.88,4352.9,1795.85,1476.05,2655.44,2582.09,2410.11,1547.06,3206.65,1679.02,2714.59,765.74,1642.66,538.44,1195.98,2404.94,1071.28,2619.3,833.46
2013/5/6,1589.69,3655.32,1836.7,1727.53,2935.63,1430.83,2488.32,4742.11,1510.27,1454.99,4459.12,1825.76,1491.57,2686.75,2627.48,2449.85,1574.13,3257.43,1705.65,2762.96,781.96,1667.61,550.55,1224.83,2450.18,1100.1,2687.21,844.81
2013/5/7,1606.27,3673.99,1855.94,1736.72,2982.22,1459.69,2503.62,4851.46,1525.95,1472.78,4505.96,1847.02,1500.06,2689.27,2658.79,2477.76,1596.77,3284.48,1730.76,2810.14,791.41,1703.86,560.24,1258.19,2455.65,1101.15,2735.61,855.51
2013/5/8,1609.64,3735.09,1857.36,1749.41,3025.61,1459.18,2510.2,4948.79,1535.67,1480.14,4505.17,1878.84,1509.56,2744.93,2665.99,2497.83,1607.08,3334.05,1748.1,2823.39,797.25,1697.17,562.87,1253.38,2469.91,1096.31,2800.36,858.6
2013/5/9,1610.81,3725.13,1866.47,1749.57,3032.98,1486.62,2499.37,4954.77,1544.23,1484.56,4576.06,1875.02,1514.14,2730.47,2662.66,2496.5,1618.2,3331.86,1752.69,2854.86,803.14,1723.08,579.19,1263.01,2463.06,1091.52,2834.55,864.35
2013/5/10,1610.33,3647.87,1859.57,1731.68,3012.99,1492.85,2467.76,4998.31,1534.66,1469.88,4543.24,1883.83,1498.83,2692.58,2668.97,2482.14,1634.13,3260.94,1732.98,2874.62,808.26,1734.67,584.77,1268.94,2443.15,1076.23,2838.62,863.47
2013/5/13,1632.2,3701.14,1875.33,1742.5,3026.42,1493.33,2502.13,5007.29,1550.63,1477.5,4566.02,1899.7,1515.16,2734.22,2693.55,2512.49,1659.83,3285.93,1753.18,2928.82,818.44,1742.38,580.28,1258.58,2463.51,1084.41,2888.41,877.06
2013/5/14,1649.46,3677.48,1871.37,1742.89,3018.75,1523.73,2483.93,4995.08,1554.94,1473.55,4555.72,1893.85,1512.48,2708.03,2687.33,2518.39,1653.36,3285.28,1751.43,2929.62,848.67,1762.25,583.59,1276.47,2451.82,1064.85,2857.18,879.79
2013/5/15,1635.87,3632.39,1846.33,1730.96,2978.62,1509.59,2442.49,4902.83,1542.49,1468.54,4520.29,1876.9,1500.64,2677.13,2666.55,2485.35,1631.58,3247.35,1724.87,2905.16,831.04,1731.07,574.72,1251.02,2438.27,1050.92,2795.28,870.47
2013/5/16,1647.99,3618.74,1853.74,1729.51,2974.52,1572.7,2452.28,4946.79,1557.72,1473.01,4590.37,1898.06,1500.31,2681.29,2680.03,2505.75,1641.93,3262.16,1726.07,2977.76,842.77,1775.51,595.4,1268.19,2438.4,1048.15,2820.26,876.11
2013/5/17,1663.81,3669.62,1872.86,1742.24,3000.72,1574.44,2483.34,4992.28,1572.96,1482.54,4608.78,1915.49,1512.64,2779.73,2707.5,2543.76,1655.66,3318.07,1760.75,3004.23,852.38,1790.26,602.62,1280.64,2486.22,1081.29,2854.41,884.99
2013/5/20,1688.47,3795.01,1898.2,1766.42,3051.55,1627.6,2508.04,5079.33,1591.97,1500.74,4625.71,1945.64,1534.55,2868.61,2748.68,2572.28,1678.01,3400.14,1828.45,3068.08,868.84,1829.67,624.21,1308.25,2514.51,1099.24,2859.8,900.12
2013/5/21,1713.72,3801.06,1923.39,1769.22,3097.94,1647.7,2571.17,5106.95,1614.39,1512.96,4504.52,1959.04,1543.65,2844.97,2769,2595.46,1695.92,3412.97,1842.73,3190.14,878.09,1877.6,639.65,1320.65,2535.15,1107.38,2894.72,912.87
2013/5/22,1719.27,3812.22,1932.86,1774.46,3100.2,1690.84,2582.02,5071.54,1624.97,1524.9,4562.22,1982.38,1548.92,2866.97,2807.33,2594.9,1728.41,3437.21,1861.68,3213.39,905.99,1940.66,655.15,1334.04,2525.77,1108.72,2919.08,922.11
2013/5/23,1715.62,3789.93,1911.22,1777.61,3084.43,1633.93,2558.7,5121.78,1598.91,1511.03,4552.42,1925.76,1545.36,2886.42,2796.53,2579.27,1720.63,3442.59,1837.06,3161.22,881.23,1886.08,646.02,1301.75,2528.23,1099.97,2930.3,910.44
2013/5/24,1712.24,3754.04,1909.68,1777.98,3050.79,1654.53,2546.67,5121.7,1584.78,1501.61,4570.82,1914.76,1536.18,2869.76,2779.67,2552.12,1713.54,3386.49,1832.72,3171.59,897.91,1905.69,646.46,1301.95,2500.06,1090.23,2879.71,907.27
2013/5/27,1735.01,3754.11,1936.34,1776.89,3080.84,1713.5,2549.17,5115.55,1598.23,1524.79,4634.94,1928.5,1546.68,2857.93,2798.89,2594.13,1736.73,3410.22,1845.12,3230.18,909.01,1948.32,661.96,1325.79,2493.27,1087.81,2906.22,922.67
2013/5/28,1764.44,3747.35,1959.9,1769.24,3072.19,1720.47,2540.82,5131.05,1619.87,1552.15,4704.21,1949.35,1553.61,2863.17,2824.83,2599.86,1737.33,3436.94,1856.33,3262.03,907.45,1949.95,663.08,1337.19,2489.16,1100.31,2953.9,928.99
2013/5/29,1775.1,3810.22,1960.47,1780.85,3125.31,1672.03,2562.81,5172.86,1627.26,1555.53,4721.49,1964.83,1571.35,2969.52,2840.95,2657.53,1738.11,3510.92,1877.95,3218.09,898.62,1905.52,640.8,1312.07,2553.67,1139.37,2977.88,928.83
2013/5/30,1771.83,3776.71,1971.75,1778.54,3110.82,1687.15,2541.82,5185.14,1639.98,1551.38,4742.01,1971.04,1571.75,2962.28,2831.23,2681.28,1742.3,3499.86,1874.28,3212.15,909.83,1916.92,645.58,1309.37,2526.64,1120.19,3012.34,931.69
2013/5/31,1771.6,3782.53,1974.12,1771.48,3116.13,1690.24,2533.99,5181.83,1639.27,1556.58,4827.25,1971.87,1593.47,2972.55,2839.72,2685.82,1749.21,3505.17,1872.86,3230.62,908.42,1937.16,646.7,1312.56,2527.26,1129.6,3007.83,937.27
2013/6/3,1758.46,3752.61,1961.32,1757.49,3065.84,1657.97,2521.33,5119.03,1631.16,1547.3,4833.29,1967.13,1577.04,2910.6,2819.27,2681.59,1730.38,3455.26,1851.54,3197.55,890.9,1928.84,638.71,1306.63,2501.73,1112.21,2962.36,933.16
2013/6/4,1741.12,3765.01,1941.68,1756.22,3052.79,1648.39,2514.86,5121.5,1625.91,1542,4792.05,1949.08,1574.56,2926.86,2813.83,2653.34,1728.91,3459.29,1827.69,3144.56,906.74,1898.81,631.93,1301.06,2494.5,1108.26,2937.28,926.09
2013/6/5,1702.1,3696.23,1911.9,1727.98,3009.69,1608.7,2452.93,5062.51,1591.66,1515.65,4693,1921.87,1543.14,2883.04,2772.73,2596.36,1701.67,3375.11,1798.16,3100.95,890.21,1848.82,617.61,1266.64,2481.75,1091.5,2876.79,906.9
2013/6/6,1703.17,3693.45,1910.47,1731.7,3011.8,1621.56,2431.07,5084.73,1591.94,1509.12,4706.46,1925.2,1536.7,2875.72,2779.53,2596.57,1714.44,3386.99,1795.98,3112.52,876.63,1859.42,622.03,1271.52,2441.83,1089.19,2877.22,909.21
2013/6/7,1693.29,3683.04,1885.57,1714.61,2985.62,1602.26,2415.89,4996.29,1568.55,1490.49,4630.66,1903.85,1526.26,2814.25,2742.91,2563.33,1690.65,3348.29,1770.59,3069.05,871.65,1840.03,619.22,1258.81,2414.03,1081.91,2877.72,899.17
2013/6/13,1652.62,3584.69,1835.16,1679.71,2889.26,1567.9,2343.55,4868.66,1517.52,1456.77,4496.68,1855.41,1487.12,2714.12,2664.45,2487.58,1634.83,3245.63,1722.27,2967.43,848.47,1801.15,608.21,1221.21,2351.63,1033.82,2765.66,873.18
2013/6/14,1621.95,3473.89,1798.35,1628.7,2802.61,1569.52,2306.74,4834.01,1485.48,1442.37,4493.7,1821.54,1453.51,2646.58,2621.98,2455.61,1603.46,3134.5,1699.35,2934.96,826.36,1802.02,616.46,1204.34,2331.08,1008.42,2686.64,854.86
2013/6/17,1639.73,3469.95,1823.26,1637.75,2819.38,1633.23,2330.99,4857.88,1507.19,1467.31,4606.98,1845.82,1461.77,2668.33,2642.49,2483.91,1626.18,3167.86,1728.08,3022.79,840.26,1866.33,646.99,1232.51,2346.43,1012.39,2719.67,868.63
2013/6/18,1635.57,3449.26,1830.66,1626.95,2800.24,1633.61,2324.43,4872.72,1519.08,1467.9,4680.38,1838.87,1456.44,2635.84,2628.84,2483.02,1624.17,3142.68,1716.15,3038.47,864.49,1866.79,646.04,1239.59,2335.88,1008.05,2707.94,868.49
2013/6/19,1630.31,3420.02,1828.47,1609.15,2784.51,1614.57,2351.69,4869.49,1509.14,1465.49,4645.34,1836.56,1455.56,2649.61,2617.71,2494.86,1625.95,3116.27,1704.18,3018.55,861.77,1865.42,649.19,1251.47,2331.07,1007.66,2716.27,864.22
2013/6/20,1623.23,3386.68,1817.33,1607.55,2768.71,1608.33,2348.34,4958.46,1500.18,1453.88,4613.4,1810.22,1449.66,2624.85,2586.66,2475.9,1614.21,3114.22,1690.51,3010.18,857.53,1855.63,641.64,1242.89,2292.05,994.51,2680.05,859.86
2013/6/21,1554.79,3252.92,1747.63,1557.64,2631.94,1526.79,2252.21,4810.25,1432.68,1395.43,4412.31,1738.8,1399.86,2525.18,2494.39,2378.98,1541.2,2973.19,1624.38,2841.74,813.86,1776.99,614.3,1173.75,2176.44,952.77,2545.45,822.34
2013/6/24,1567.14,3254.57,1759.99,1561.31,2652.84,1540.72,2267.11,4878.22,1437.38,1403.45,4474.93,1758.3,1403.06,2549.89,2506.74,2395.08,1556.14,3007.54,1636.3,2887.32,813.45,1804.31,626.13,1198.46,2195.06,974.52,2577.38,826.51
2013/6/25,1472.62,3019.36,1646.03,1470,2440.3,1429.58,2150.9,4625.96,1336.18,1314.75,4234.21,1643.79,1318.35,2324.82,2342.13,2276.38,1437.66,2772.81,1523.45,2694.32,756.57,1709.28,588.98,1130.96,2010.61,896.98,2398.22,767.48
2013/6/26,1468.38,2989.53,1651.65,1451.76,2418.34,1468.94,2172.95,4692.88,1332.83,1314.79,4264,1670.53,1315.07,2330.12,2353.45,2274.3,1433.09,2770.57,1526.79,2732.91,771.88,1751.48,604.81,1173.41,2060.61,898.4,2466.21,771.02
2013/6/27,1485.16,2972.72,1682.31,1438.09,2427.53,1533.3,2215.95,4713.86,1351.31,1335.73,4404.91,1703.14,1315.93,2355.77,2373.42,2316.04,1450.75,2819.36,1535.79,2819.66,774.72,1827.75,640.54,1205.96,2024.34,897.71,2500.52,783.75
2013/6/28,1452.86,2895.48,1643.13,1441.31,2361.96,1479.05,2179.92,4618.99,1310.19,1299.3,4325.85,1685.48,1293.76,2357.71,2329.53,2259.03,1411.46,2753.77,1524.82,2732.85,746.15,1766,616.88,1180.77,2027.75,877.04,2438.34,764.59
2013/7/1,1453.29,2930.05,1656.67,1436.56,2376.53,1471.32,2196.97,4659.65,1314.86,1302.94,4295.36,1689.94,1305.63,2425.13,2339.26,2267.74,1410.33,2768.47,1544.52,2741.2,745.8,1751.07,629.44,1179.41,2101.13,898.07,2453.72,766.81
2013/7/2,1468.88,2964.71,1691.97,1439.34,2404.85,1523.52,2195.14,4791.05,1336.98,1325.85,4441.5,1725.64,1319.11,2456.55,2375.72,2317.97,1451.77,2801.58,1575.37,2815.96,765.08,1822.28,660.6,1199.14,2107.3,902.16,2480.06,781.34
2013/7/3,1498.8,2960.6,1713.99,1449.43,2384.85,1554.58,2205.19,4922.9,1352.46,1342.47,4582.69,1737.75,1316.1,2445.92,2390.44,2334.92,1466.06,2799.76,1572.98,2842.84,784.97,1851.07,662.79,1217.37,2070.25,900.03,2516.55,787.09
2013/7/4,1496.83,2936.01,1696.85,1446.73,2352.81,1569.98,2215.07,4910.37,1347.72,1346.13,4597.97,1722.63,1305.44,2393.1,2376.56,2325.44,1460.41,2756.78,1541.49,2848.17,781.41,1872.44,683.95,1232.51,2047.99,880.44,2483.84,781.1
2013/7/5,1509.18,3014.19,1722.31,1454.52,2448.05,1577.63,2276.08,4921.17,1368.31,1366.48,4586.78,1731.33,1325.18,2509.93,2417.96,2361.4,1496.73,2820.61,1568.77,2877.96,801.76,1876.08,678.34,1233.28,2071.24,901.45,2557.13,792.56
2013/7/8,1482.8,2939.63,1682.4,1445.01,2430.22,1514.7,2244.52,4857.97,1351.9,1353.51,4466.66,1695.48,1312.49,2493.72,2389.34,2321.79,1474.1,2782.67,1558.52,2780.93,775.78,1812.46,653.02,1195.5,2054.96,890.72,2513.93,771.63
2013/7/9,1448.4,2844.7,1629.15,1404.32,2351.3,1463.67,2219.48,4829.4,1315.84,1321.88,4415.82,1654.41,1279.23,2468.99,2345.83,2277.3,1420.67,2700.18,1512.21,2691.63,749.04,1773.59,649.21,1164.39,2044.64,882.12,2446.39,747.96
2013/7/10,1445.06,2871.35,1633.88,1412.2,2368.54,1466.09,2215.12,4801.53,1321.54,1329.57,4463.34,1668.74,1287.49,2445.68,2358.86,2296.25,1428.85,2698.48,1508.61,2709.01,756.69,1794.45,674.61,1176.85,2054.48,882.12,2445.87,755.27
2013/7/11,1481.15,3000.31,1684.5,1449.83,2546.68,1512.92,2238.96,4877.03,1352.96,1361.74,4561.62,1715.17,1326.59,2559.71,2437.5,2343.54,1479.99,2777.83,1547.71,2789.37,773.61,1844,686.31,1206.79,2105.42,917.91,2502.1,779.54
2013/7/12,1521.63,3089.89,1719.76,1489.13,2607.21,1545.79,2287.25,4946.57,1392.14,1392.08,4632.79,1768.03,1360.14,2660.4,2495.43,2394.24,1517.41,2908.76,1611.32,2869.97,788.57,1880.44,701.57,1237.82,2220.27,972.65,2580.17,800.93
2013/7/15,1510.91,3030.02,1704.18,1469.4,2552.6,1540.79,2256.57,4927.32,1367.55,1378.5,4658.88,1760.77,1344.39,2607.4,2469.15,2399.24,1508.34,2866.74,1592.39,2857.82,776.48,1908.4,716.94,1261.38,2177.87,963.93,2565.27,798.47
2013/7/16,1528.82,3038.14,1725.34,1477.7,2574.54,1594.12,2262.47,4977.06,1386.99,1398.84,4789.36,1781.03,1348.03,2608.86,2506.25,2442.6,1537.01,2897.56,1610.59,2945.24,792.53,1982.92,738.8,1288.56,2169.48,968.64,2585.44,810.85
2013/7/17,1545.77,3042.39,1739.44,1482.44,2589.38,1622.69,2307.47,5005.16,1402.85,1416.07,4817.23,1782.29,1348.41,2605.9,2541.86,2451.92,1551.61,2895.62,1607.81,2977.72,813.58,1996.38,740.71,1285.63,2175.74,976.4,2602.21,822.41
2013/7/18,1519.69,3019.22,1700.86,1473.4,2521.72,1590.7,2280.99,4875.31,1376.43,1397.56,4709.21,1748.76,1331.33,2622.86,2506.29,2424.93,1520.31,2872.9,1593.05,2908.31,795.97,1967.88,743.06,1287.41,2146.97,947.98,2541.2,810.07
2013/7/19,1514.04,2986.97,1702,1457.27,2486.88,1597.07,2261.49,4844.79,1361.35,1390.84,4705.5,1740.96,1323.62,2586.11,2488.76,2435.31,1534.56,2849.23,1577.91,2933.54,800.02,2015.4,755.47,1305.43,2105.66,937.44,2511.87,811.17
2013/7/22,1455.59,2897.15,1647.64,1418.81,2385.93,1557.35,2178.91,4684.98,1319.37,1357,4612.12,1692.48,1293.1,2458.1,2448.86,2403.23,1485.82,2736.07,1520.59,2846.96,771.99,1992.68,748.01,1274.51,2022.77,902.7,2427.98,787.91
2013/7/23,1488.37,2935.85,1685.41,1439.16,2471.59,1617.98,2231.52,4762.48,1337.79,1380.54,4769.75,1751.83,1307.68,2477.69,2489.7,2451.65,1511.3,2785.71,1524.96,2914.25,784.19,2092.31,782.43,1345.3,2051.34,926.21,2475.15,808.51
2013/7/24,1514.06,2992.74,1721.95,1461.57,2542.14,1651.35,2276.47,4871.05,1364.31,1408.57,4853.86,1772.35,1329.96,2531.61,2530.36,2519.25,1543.47,2849.84,1565.14,2974.78,794.6,2140.45,796.34,1372.9,2063.48,945.29,2532.21,831.5
2013/7/25,1521.74,2976.76,1732.12,1457.93,2531.23,1659.38,2313.01,4862.78,1365.06,1416.64,4946.07,1799.72,1326.72,2512.65,2532.24,2542.67,1550.3,2849.32,1575.53,2967.83,798.19,2191.07,814.53,1381.84,2057.42,946.17,2540.19,842.56
2013/7/26,1505.61,2957.93,1701.06,1457.16,2486.91,1595.57,2279.23,4860.23,1348.78,1392.65,4825.1,1750.94,1320.55,2487.02,2497.21,2480.2,1524.86,2857.25,1547.77,2899.13,784.01,2097.76,785.13,1322.46,2036.95,932.98,2494.21,821.33
2013/7/29,1489.68,2923.44,1698.06,1447.49,2464.37,1596.51,2323.71,4792.01,1349.93,1394.74,4811.61,1758.05,1315.27,2471.15,2473.8,2495.39,1513.18,2861.24,1530.52,2899.14,766.33,2112.59,783.84,1321,2011.9,920.57,2469.31,819.5
2013/7/30,1478.37,2892.45,1681.1,1421.29,2452.96,1594.46,2304.65,4724.78,1339.12,1380.04,4804.78,1731.49,1306,2422.28,2439.72,2503.16,1494.6,2795.92,1510.67,2845.7,752.37,2081.59,777.8,1308.69,1994.3,910.75,2424.15,805.01
2013/7/31,1482.16,2923.64,1683.35,1438.94,2487.89,1566.94,2322.89,4745.62,1348.67,1390.79,4748.21,1736.61,1314.02,2552.28,2441.86,2496.61,1495.01,2844.53,1525.88,2832.86,753,2032.75,758.33,1293.1,2031,933.5,2430.82,806.18
2013/8/1,1488.5,2942.75,1688.08,1447.06,2478.41,1570.49,2343.92,4710.13,1356.39,1387.67,4729.35,1755.4,1314.45,2510.56,2456.78,2484.91,1503.6,2853.97,1526.22,2855.5,761.39,2028.36,764.26,1309.65,2022.91,930.46,2439.8,810.89
2013/8/2,1518.6,3011.76,1730.96,1466.73,2531.95,1634.41,2377.46,4789.22,1383.09,1416.37,4851.51,1798.65,1337.88,2618.18,2508.51,2546.07,1545,2919.62,1570.03,2960.9,775.48,2147.53,809.65,1354.77,2065.36,957.98,2497.99,837.55
2013/8/5,1529.06,3024.24,1725.82,1462.16,2518.17,1652.04,2360.15,4886.89,1380.89,1420.13,4835.84,1784.17,1340.17,2593.18,2517.58,2559.32,1539.4,2916.09,1574.22,2956.22,783.17,2153.66,798.5,1350.52,2043.95,944.15,2474.76,832.79
2013/8/6,1592.64,3043.72,1761.86,1472.02,2542.42,1675.85,2375.82,4882.28,1400.66,1443.21,4947.84,1796.35,1351.78,2610.11,2562.81,2603.29,1557.6,2945.51,1584.12,2980.01,795.53,2189.6,810.15,1357.68,2046.57,956.07,2536.92,843.88
2013/8/7,1603.6,3066.42,1779.39,1477.83,2564.03,1695.74,2418.11,4900.07,1416.33,1455.91,5002.92,1820.63,1363.35,2645.93,2637.92,2690.31,1575.94,2961.89,1583,2998.86,796.98,2202.27,821.96,1376.72,2047.16,959.61,2627.29,850.68
2013/8/8,1590.36,3057.51,1769.98,1478.17,2585.02,1663.23,2412.74,4880.77,1414.88,1441.95,4916.52,1797.55,1352.18,2647.53,2601.12,2645.56,1564.6,2960.07,1576.95,2973.17,798.1,2133,794.21,1333.01,2044.29,947.25,2605.29,839.38
2013/8/9,1614.46,3056.92,1780.96,1478.4,2601.95,1695.11,2439.13,4885.87,1422.27,1449.54,5003.6,1799.53,1355.47,2634.29,2638.69,2664.3,1562.82,2970.96,1579.6,2978.15,792.61,2151.35,803.34,1361.63,2057.76,951.27,2624.97,842.07
2013/8/12,1614.29,3100.38,1804.84,1495.12,2701.23,1685.16,2457,4886,1426.59,1456.66,5009.14,1812.41,1355.89,2634.23,2654.79,2680.31,1570.93,3019.48,1570.13,2990.82,798.7,2116.97,790.58,1355.78,2049.66,957.39,2639.68,846.85
2013/8/13,1640.08,3285.38,1833.5,1525.3,2782.19,1685.95,2469.89,4967.95,1446.9,1476.65,4992.19,1825.25,1384.58,2700.34,2693.9,2680.97,1588.34,3101.9,1604.12,3061.96,806.43,2108.75,779.45,1355.53,2116.51,989.32,2684.65,860.72
2013/8/14,1651.41,3252.37,1838.32,1545.21,2776.84,1702.44,2459.11,4952.2,1464.04,1492.23,4991.2,1831.78,1391.81,2724.41,2696.98,2684.08,1596.02,3140.07,1614.14,3102.49,809.52,2135.78,790.48,1369.18,2145.48,990.75,2706.13,864.39
2013/8/15,1644.5,3223.54,1827.43,1528.3,2748.73,1687.75,2454.05,4917.17,1450.63,1482.87,4965.55,1809.56,1395.32,2703.01,2693.48,2683.47,1589.53,3097.53,1599.04,3076.61,803.63,2182.93,799.1,1394.03,2131.9,982.45,2699.18,856.97
2013/8/16,1608.05,3178.64,1797.12,1514.15,2736.82,1661.22,2428.6,4888.9,1433.44,1474.17,4807.16,1786.13,1400.13,2653.74,2658,2655.69,1568.05,3050.02,1576.53,3023.78,790.65,2150.99,788.89,1365.72,2105.21,968.11,2643.6,844.95
2013/8/19,1576,3130.84,1757.64,1495.17,2672.17,1613.2,2399.02,4819.44,1404.93,1450.96,4694.41,1766.13,1382.99,2627.37,2604.33,2588.63,1537.55,2999.64,1549.84,2948.63,774.18,2116.89,761.42,1343.86,2103.86,946.8,2612.36,828.48
2013/8/20,1607.09,3176.87,1800.92,1508.87,2726.75,1665.07,2468.38,4864.47,1432.72,1486.15,4797.99,1787.9,1409.34,2652.3,2658.24,2671.02,1574.69,3073.11,1570.46,3025.34,785.38,2213.78,783.09,1419.48,2160.08,954.23,2661.22,847.38
2013/8/21,1603.05,3142.85,1799.97,1498.16,2699.64,1674.35,2470.11,4881.65,1431.8,1487.77,4770.11,1780.06,1403.64,2622.5,2676.48,2700.18,1573.02,3075.87,1565.43,3020.66,781.83,2229.5,788.14,1422.99,2183.38,946.93,2655.92,848.09
2013/8/22,1611.22,3156.87,1798.96,1494.07,2702.74,1688.62,2430.28,4860.37,1445.37,1493.2,4770.14,1781.38,1402.22,2602.55,2710.55,2711.9,1592.35,3049.58,1559.99,3055.7,785.32,2260.28,790.33,1436.53,2146.27,945.38,2640.64,847.64
2013/8/23,1613.39,3163.61,1809.09,1493.09,2691.37,1704.55,2437.45,4874.45,1455.94,1498.83,4824.8,1776.3,1410.15,2610.68,2720.29,2715.71,1601.21,3050.13,1563.38,3100.32,784.3,2311.11,810.35,1445.06,2163.5,951.23,2669.1,848.12
2013/8/26,1618.08,3129.69,1797.16,1478.42,2683.93,1706.88,2397.73,4819.33,1444.37,1485.99,4836.63,1763.09,1416.01,2594.99,2731.24,2727.3,1594.92,3029.85,1546.92,3072.89,781.25,2294.86,839.55,1432.48,2121.28,947.71,2646,839.07
2013/8/27,1638.05,3181.73,1824.53,1501.77,2717.98,1736.43,2425.52,4874.35,1476.82,1513.78,4911.85,1786.44,1461.36,2649.37,2790.6,2798.7,1630.76,3083.32,1575.04,3124.58,794.04,2359.83,848.74,1454.66,2155.74,968.38,2711.41,853.87
2013/8/28,1638.35,3173.51,1823.21,1502.6,2751.58,1721.83,2412.99,4876.55,1488.9,1521.81,4898.9,1781.63,1490.04,2647.54,2803.55,2792.57,1632.81,3067.91,1579.88,3124.53,811.33,2357.3,858.48,1446.46,2144.97,962.44,2700.28,851.61
2013/8/29,1628.21,3221.54,1815.46,1523.12,2828.77,1700.02,2408.68,4837.15,1484.77,1520.63,4823.23,1773.09,1532.72,2650.75,2813.45,2795.32,1635.29,3042.67,1582.76,3095.95,845.67,2326.23,857.42,1420.42,2164.53,974.54,2693.03,850.92
2013/8/30,1625.69,3163.01,1806.75,1513.26,2769.54,1689.37,2396.87,4808.86,1489.12,1525.81,4805.74,1764.04,1557.37,2668.59,2837.42,2811.96,1640.89,3011.78,1578.81,3080.03,820.13,2300.17,862.23,1426.02,2140.91,965.33,2679.23,850.99
2013/9/2,1601.56,3127.53,1781.54,1531.53,2703.8,1642.81,2391.5,4801.21,1494.92,1510.84,4711.52,1761.56,1626.86,2688.58,2880.05,2807.14,1637.55,3033.41,1585.68,3057.39,823.11,2199.54,808.98,1374.84,2159.04,986.34,2674.17,843.67
2013/9/3,1686.76,3154.48,1793.67,1527.53,2729.58,1674.73,2391.5,4707.39,1491.98,1533.16,4763.41,1773.14,1550.39,2627.57,2844.79,2845.68,1619.76,3060.78,1587.48,3082.87,822.99,2254.65,840.12,1396.46,2162.26,990.14,2722.17,858.42
2013/9/4,1746.72,3182.69,1813.51,1548.8,2747.24,1697.74,2426.32,4771.6,1527.18,1563.07,4823.09,1787.15,1562.84,2705.27,2867.22,2899.46,1659.06,3102.96,1610.24,3143.93,832.23,2297.67,852.04,1412.2,2191.1,993.02,2754.27,869.5
2013/9/5,1708.18,3190.29,1822.79,1581.41,2736.55,1710.56,2429.89,4788.84,1524.16,1560.17,4795.04,1779.98,1569.7,2702.02,2869.94,2872.86,1653.62,3119.47,1609.05,3154.52,851.37,2283.11,850.49,1401.16,2202.69,988.49,2743.45,865.54
2013/9/6,1698.46,3148.87,1816.8,1556.84,2695.22,1716.66,2401.86,4848.19,1526.05,1570.49,4804.56,1773.84,1565.88,2687,2865.04,2873.3,1648.16,3108.39,1594.56,3146.99,840.71,2303.19,899.72,1418.9,2192.36,980.54,2730,863.75
2013/9/9,1716.04,3173.58,1828.61,1576.31,2727.2,1725.79,2399.15,4874.08,1551.39,1581.01,4819.54,1785.33,1634.03,2710.02,2871.86,2918.35,1664.02,3128.14,1607.82,3177.69,873.39,2327.56,911.57,1435.18,2266.34,996.3,2790.73,873.99
2013/9/10,1737.89,3231.73,1837.38,1599.81,2780.37,1722.24,2413.45,4897.45,1566.8,1582.05,4790.88,1810.84,1665.81,2783.16,2904.69,2921.53,1672.93,3151.94,1638.63,3194.86,883.28,2320.04,919.46,1430.9,2422.84,1047.43,2821.28,884.53
2013/9/11,1753.2,3312.57,1851.25,1631.76,2809.16,1702.9,2463.33,4919.38,1583.06,1586.77,4759.25,1840.93,1749.03,2835.47,2972.32,2926.5,1696.7,3196.34,1669.13,3233.58,916.91,2300.56,911.06,1420.77,2413.17,1091.42,2861.98,900.02
2013/9/12,1752.78,3337.34,1843.49,1662.85,2824.06,1653.13,2467.03,4911.4,1590.9,1568.42,4700.22,1828.24,1721.35,2825.74,2965.68,2857.01,1677.28,3228.92,1678.54,3178.3,883.64,2216.03,879.69,1373.87,2401.38,1076.71,2875.55,905.45
2013/9/13,1766.57,3320.13,1851.34,1647.24,2783.53,1659.78,2478.88,4886.85,1610.16,1568.9,4720.92,1838.48,1730.35,2833.18,3059.53,2885.58,1680.79,3193.51,1674.74,3195.97,897.43,2214.93,891.04,1387.38,2464.33,1096.96,2879.96,896.03
2013/9/16,1759.71,3281.88,1856.7,1629.28,2785.08,1671.54,2453.08,4976.07,1618.79,1574.14,4775.74,1828.43,1710.18,2842.43,3086.91,2949.17,1685.61,3169.27,1659.92,3203.12,905.36,2263.5,915.17,1396.93,2460.11,1092.5,2856.72,894.03
2013/9/17,1750.04,3245.57,1853.48,1610.91,2756.91,1675.46,2461.1,4928.27,1613.47,1579.51,4810.93,1826.39,1704.89,2798.87,3141.16,3038.63,1685.31,3146.9,1650.95,3218.04,897.8,2284.71,939.46,1417.31,2448.71,1070.61,2844.7,892.68
2013/9/18,1702.82,3174.15,1818.75,1580.87,2689.91,1645.36,2439.49,4819.4,1561.67,1556.07,4758.91,1800.13,1640.53,2707.14,3108.8,2995.64,1654.02,3090.28,1622.43,3185.53,890.72,2269.53,933.37,1389.37,2373.29,1053.76,2836.9,875.97
2013/9/23,1719.14,3198.49,1829.1,1587.39,2712.58,1657.36,2450.97,4874.61,1572.79,1573.79,4826,1814.9,1666.21,2744.52,3165.62,3102.07,1675.88,3112.94,1625.86,3206.72,897.34,2288.87,967.82,1411.72,2380.14,1061.37,2820.04,884.89
2013/9/24,1746.26,3220.13,1850.05,1594.19,2739.84,1703.86,2502.3,4918.78,1596.58,1595.57,4924.91,1833.08,1680.55,2765.99,3285.55,3111.88,1694.37,3140.26,1643.47,3303.06,899.48,2362.24,1013.84,1458.6,2379.67,1064.61,2879.58,898.33
2013/9/25,1742.27,3182.68,1843.58,1573.51,2696.81,1713.42,2510.45,4965.56,1592.15,1599.49,4942.37,1821.68,1695.37,2762.41,3343.78,3186.85,1712.94,3117.4,1635.73,3290.15,904.49,2386.69,1008.42,1459.52,2306.01,1041.28,2875.67,893.17
2013/9/26,1777.24,3166.61,1824.07,1562.75,2689.27,1695.29,2556.04,4901.67,1595.26,1587.07,4911.39,1796.77,1663.63,2731.21,3354.68,3129.08,1698.26,3074.98,1610.36,3262.39,895.97,2374.15,1019.36,1464.28,2288.54,1034.06,2830.22,884.48
2013/9/27,1738.51,3134.14,1801.96,1536.49,2644.92,1672.15,2505.89,4930.04,1552.97,1564.29,4981.58,1767.21,1593.29,2650.43,3251.17,3021.61,1670.4,3007.82,1570.74,3218.26,874.43,2356.8,980.84,1453.44,2244.4,1011.87,2774.73,870.57
2013/9/30,1726.46,3151.82,1797.9,1541.09,2673.26,1685.58,2508.05,4955.31,1554.65,1578.31,5083.81,1775.05,1603.27,2647.46,3243.5,3032.92,1682.47,3001.94,1567.47,3265.86,863.49,2387.32,1020.54,1444.57,2274.83,1031.61,2794.41,873.95
2013/10/8,1786.65,3147.07,1810.87,1541.68,2668.33,1701.42,2530.85,4987,1565.58,1593.18,5086.71,1790.65,1620,2662.78,3350.19,3083.62,1711.4,3011.93,1565.08,3278.4,870.85,2429.73,1083.2,1483.55,2256.67,1016.05,2804.19,878.05
2013/10/9,1815.4,3182.73,1844.62,1558.8,2682.49,1729.92,2540.69,5006.25,1587.09,1609.38,5088.75,1824.65,1641.73,2741.72,3363.42,3102.39,1730.3,3060.14,1590.59,3349.03,890.18,2506.98,1067.48,1545.19,2270.24,1025.82,2839.84,890.81
2013/10/10,1879.55,3200.25,1863.73,1565.6,2694.72,1746.2,2563.66,5054.1,1595.58,1637.26,5115.99,1848.36,1691.84,2751.91,3450.31,3134.07,1756.34,3094.31,1600.93,3381.65,912.15,2551.13,1102.17,1552.66,2308.87,1040.22,2877.4,901.52
2013/10/11,1868.63,3187.03,1857.92,1565.87,2687.36,1729.19,2638.64,5046.75,1593.17,1645.82,5060.08,1834.14,1667.98,2768.14,3545.24,3140.43,1759.79,3086.8,1594.38,3408.36,900.71,2543.49,1045.72,1546.24,2276.57,1022.04,2858.22,900.43
2013/10/14,1899.87,3229.57,1889.1,1588.22,2697.87,1742.42,2637.45,5121.26,1645.79,1666.49,5108.64,1863.74,1703.33,2795.04,3590.92,3169.82,1783.13,3137.18,1621.31,3469.99,906.62,2543.7,1032.16,1554.39,2306.14,1038.6,2935.02,915.93
2013/10/15,1983.56,3264.79,1897.44,1600.21,2689.63,1744.18,2666.55,5161.89,1661.09,1693.27,5142.06,1894.82,1706.38,2768.52,3651.6,3235.36,1791.07,3154.94,1651.36,3496.63,910.46,2548.73,1050.21,1556.75,2279.52,1040.25,2958.06,936.85
2013/10/16,1966.35,3233.42,1892.12,1593.37,2689.01,1725.94,2640.6,5236.92,1660.17,1685.09,5155.5,1901.99,1703.98,2761.74,3594.7,3208.69,1793.05,3150.93,1635.25,3478.38,896.03,2519.74,1047.32,1552.58,2245.12,1034.69,2936.79,930.59
2013/10/17,1918.39,3197.2,1864.95,1576.49,2648.24,1702.01,2597.72,5173.26,1629.74,1650.62,5084.16,1898.07,1663.16,2705.39,3526.74,3156.84,1756.89,3156.53,1601.05,3417.31,876.81,2454.39,986.37,1511.25,2243.05,1016.05,2889.63,912.35
2013/10/18,1908.79,3224.48,1853.38,1578.18,2652.3,1703.73,2572.63,5173.19,1640.45,1661.91,5009.54,1904.33,1636.83,2686.57,3461.61,3122.71,1739.16,3150.45,1610.08,3403.24,873.48,2433.88,962.04,1496.43,2220.57,1005.82,2874.01,913.46
2013/10/21,1921.1,3228.25,1853.19,1576.47,2638.55,1707.69,2612.08,5211.99,1662,1664.85,5050.85,1903.96,1644.41,2699.99,3532.86,3141.27,1760.09,3160.14,1607.74,3415.96,883.2,2506.34,989.55,1529.79,2231.73,1017.08,2903.43,918.9
2013/10/22,1958.17,3274.37,1892.83,1592.65,2657.95,1751.1,2718.5,5369.96,1700.81,1690.65,5176.61,1954.79,1670.48,2726,3605.34,3201.99,1814.73,3200.6,1623.31,3546.62,893.95,2567.83,1013.03,1564.88,2247.54,1030.45,2959.84,940.84
2013/10/23,1957.27,3317.29,1882.87,1583.89,2670.39,1738.57,2719.52,5327.65,1697.05,1679.73,5121.93,1945.3,1660.77,2708.18,3479.47,3118.28,1801.99,3200.61,1642.75,3539.08,884.34,2464.06,941.4,1526.45,2233.53,1017.89,2933.64,939.14
2013/10/24,1859.48,3253.38,1840.43,1562.74,2653.86,1689.22,2652.02,5147.23,1654.12,1634.95,5005.72,1909.47,1628.11,2660.51,3291.24,3054.07,1746.41,3135.82,1620.33,3413.07,868.39,2373.96,930.31,1465.2,2235.55,1005.08,2877.1,915.44
2013/10/25,1857.74,3199.46,1829.09,1551.6,2617.39,1681.9,2705.43,5124.3,1649.73,1634.81,4984.7,1890.65,1616.59,2647.33,3286.53,3044.38,1741.95,3105.64,1609.65,3419.13,864.99,2383.92,933.09,1464.62,2227.91,992.76,2900.86,910.34
2013/10/28,1841.09,3139.92,1808.31,1532.19,2563.08,1643.7,2716.74,4868.83,1616.47,1606.34,4864.57,1879.2,1584.38,2616.24,3210.41,2996.78,1703.02,3040.44,1570.45,3387.46,844.66,2292.82,893.46,1423.9,2246.6,990.56,2840.65,905.54
2013/10/29,1851.06,3105.14,1812.12,1533.46,2540.52,1652.5,2759,4816.86,1598.3,1591.53,4827.87,1878.73,1594.86,2587.74,3231.6,2962.91,1697.45,3027.89,1566.4,3377.59,853.64,2315.22,898.82,1419.14,2243.61,992.87,2800.66,904.99
2013/10/30,1821.19,3073.19,1768.2,1497.98,2487.28,1605.44,2733.75,4766.14,1541.44,1536.84,4736.47,1870.43,1566.18,2549.17,3173.91,2854.09,1615.09,2999.17,1532.59,3290.75,823.2,2249.09,880.16,1371.85,2300.99,1006.16,2736.16,880.7
2013/10/31,1848.24,3124.24,1797.12,1522.53,2507.43,1618.97,2812.07,4722.72,1569.02,1566.19,4782.55,1917.41,1609.65,2614.75,3184.39,2883.94,1640.65,3057.1,1569.04,3333.25,842.33,2276.19,886.82,1393.8,2301.64,1018.61,2801.08,900.35
2013/11/1,1795.29,3103.48,1771.56,1525.6,2502.71,1594.88,2764.03,4679.97,1550.62,1547.17,4709.48,1884.92,1601.5,2593.72,3122.68,2882.75,1633.88,3030.49,1558.97,3234.78,844.27,2232.08,853.91,1380.66,2277.35,1006.01,2782.47,888.75
2013/11/4,1797.75,3123.7,1760.76,1526.96,2551.91,1600.11,2745.39,4711.3,1559.08,1543.47,4746.35,1875.19,1614.47,2626.14,3101.98,2906.83,1633.66,3025.28,1571.74,3252.55,841.37,2223.38,839.88,1367.51,2312.19,1020.14,2818.66,888.75
2013/11/5,1804.8,3112.53,1773.01,1529.09,2524.94,1604.12,2752.81,4686.85,1567.85,1555.96,4693.38,1887.62,1603.9,2605.98,3104.41,2895.22,1632.89,3012.93,1559.68,3276.25,833.37,2233.64,834.92,1380.07,2266.06,1001.52,2821.85,894.76
2013/11/6,1870.35,3129.18,1799.12,1531.79,2550.51,1621.03,2744.75,4721.44,1591.71,1579.75,4707.2,1909.18,1618.2,2618.86,3193.15,2967.44,1653.69,3025.91,1570.22,3301.19,834.85,2286.66,867.79,1405.33,2243.63,998.6,2850.3,904.99
2013/11/7,1848.89,3163.24,1792.72,1534.32,2549.3,1605.21,2698.9,4692.19,1580.68,1568.42,4640.28,1895.48,1599.68,2582.87,3133.83,2897.95,1637.59,3002.63,1553.92,3282.94,832.49,2258.82,841.92,1390,2231.96,992.76,2779.69,900.03
2013/11/8,1809.5,3152.77,1773.1,1519.02,2508.65,1572.61,2632.56,4580.7,1557.94,1547.95,4552.42,1891.65,1588.37,2573.33,3099.34,2862.52,1605.29,2977.28,1541.3,3227.86,820.72,2206.06,834.17,1369.04,2229.92,979.75,2735.46,891.95
2013/11/11,1802.02,3080.64,1751.75,1511.98,2464.1,1548.83,2629.55,4557.04,1541.23,1514.44,4508.91,1874.61,1578.81,2550.29,3082.15,2833.8,1587.77,2953.95,1529.99,3180.68,812.41,2184.73,828.51,1350,2221.8,958.83,2722.7,880.96
2013/11/12,1772.15,3083.26,1764.5,1519.32,2458.26,1572.79,2652.61,4672.44,1543.34,1519.18,4626.85,1878.96,1567.73,2523.39,3074.75,2865.67,1601.15,3001.04,1537.21,3222.11,813.65,2210.38,814.89,1362.78,2232.77,965.68,2753.18,894.56
2013/11/13,1770.92,3085.39,1767.65,1521.06,2459.96,1575.68,2670.06,4782.61,1548.01,1527.58,4674.85,1878.3,1570.42,2545.36,3059.66,2868.97,1612.43,3025.39,1537.39,3235.39,850.5,2238.83,830.62,1373.88,2233.07,971.05,2740.03,897.01
2013/11/14,1762.63,3045.69,1739.55,1501.39,2433,1556.38,2642.02,4717.1,1514.81,1501.21,4618.3,1826.54,1548.57,2517.8,2987.89,2804.7,1585.59,2990.41,1511.53,3160.49,828.08,2217.11,820.5,1341.57,2178.64,954.66,2687.03,880.3
2013/11/15,1781.88,3058.77,1760.98,1505.07,2456.2,1587.23,2686.22,4786.41,1532.22,1519.97,4696.53,1836.68,1555.51,2512.63,3033.63,2837.04,1611.86,3030.66,1523.94,3213.65,883.9,2292.57,856.8,1373.66,2166.8,963.29,2733.5,894.81
2013/11/18,1836.59,3111.92,1798.82,1524.93,2494.98,1618.79,2737.23,4920.31,1568.7,1566.58,4772.79,1885.4,1591.61,2575.52,3144.06,2882.8,1642.07,3108.22,1567.38,3289.57,918.09,2371.03,886.6,1410.09,2200.85,1018.66,2794.15,915.5
2013/11/19,1899.19,3181.56,1829.02,1554.15,2540.05,1655.77,2773.8,4939.25,1601.8,1600.32,4792.56,1910.87,1629.07,2633.19,3188.14,2923.89,1676.18,3179.79,1590.92,3343.73,950.49,2401.74,896.41,1439.38,2277.09,1074.77,2854.32,933.75
2013/11/20,1895.3,3197.49,1833.85,1551.17,2544.4,1669.95,2789.6,4890.6,1606.6,1602.65,4789.76,1921.46,1635.16,2649.9,3198.13,2933.03,1685.63,3183.32,1596.16,3353.22,942.71,2401.65,912.01,1445.59,2262.58,1079.12,2868.27,936.08
2013/11/21,1895.69,3181.19,1830.1,1558.74,2533.14,1669.98,2800.7,4867.39,1607.35,1615.46,4783.3,1912.54,1653.33,2630.62,3210.85,2941.26,1692.35,3180.3,1595.99,3378.34,976.63,2423.82,906.77,1473.63,2240.34,1067.08,2869.94,939.71
2013/11/22,1929.12,3228.33,1840.22,1556.15,2522.09,1666,2822.97,4812.06,1600.68,1625.72,4782.28,1910.46,1677.51,2615.16,3259.26,2929.09,1691.37,3180.31,1589.89,3364.05,971,2408.75,920.41,1490.55,2246.05,1063.84,2858.09,931.89
2013/11/25,1914.47,3209.58,1835.63,1556.06,2507.82,1650.01,2808.47,4777.16,1593.03,1610.95,4727.46,1891.58,1658.02,2563.81,3211.85,2921.21,1685.17,3151.96,1577.58,3331.44,995.71,2386.24,901.71,1462.67,2221.36,1053.34,2839.35,924.95
2013/11/26,1910,3171.79,1827.94,1553.24,2495.93,1663.12,2826.43,4769.6,1605.68,1612.51,4759.11,1887.07,1679.25,2577.14,3202.05,2926.05,1687.16,3170.85,1583.94,3332.88,983.15,2387.77,896.05,1453.54,2214.86,1057.31,2857.04,934.36
2013/11/27,1917.99,3154.05,1834.51,1553.47,2498.62,1696.86,2860.13,4765.31,1603.88,1623.12,4771.54,1882.35,1677.06,2562.72,3198.19,2945.52,1685.96,3175.39,1583.26,3336.04,992.85,2407.4,884.6,1469.47,2206.62,1060.31,2856.97,936.07
2013/11/28,1926.48,3229.48,1854.8,1567.11,2523.05,1732.62,2855.92,4819.95,1622.22,1638.5,4812.78,1904.34,1690.13,2577.13,3237.33,2971.25,1697.26,3213.11,1601.91,3395.05,1029.87,2470.87,927.21,1526.25,2223.53,1086.33,2888.87,951.53
2013/11/29,1940.4,3238.9,1875.65,1591.02,2599.51,1746.65,2897.92,4898.7,1626.62,1646.98,4851.29,1910.09,1698.18,2605.71,3249.64,2989.91,1704.28,3281.29,1620.62,3423.07,1013.44,2475.43,927.08,1506.51,2245.87,1089.39,2926.89,959.83
2013/12/2,1902.11,3176.72,1846.31,1578.77,2547.58,1714.96,2855.73,4822.15,1609.18,1609.76,4806.39,1883.17,1667.37,2569.82,3183.13,2941.97,1675.44,3237.61,1592.64,3360.33,1027.01,2411.56,907.45,1484.27,2232.59,1105.99,2874.27,943.43
2013/12/3,1823.62,3144.82,1798.93,1557.32,2513.3,1655.03,2778.33,4723.35,1556.48,1555.09,4675.91,1859.61,1631.18,2510.5,3047.8,2824.26,1618.94,3187.32,1567.9,3253.62,974.79,2302.01,846.55,1424.05,2258.2,1119.69,2815.36,910.59
2013/12/4,1895.96,3209.82,1840.64,1585.66,2565.1,1699.34,2846.19,4817.14,1600.81,1593.15,4790.56,1897.8,1656.69,2555.1,3126.4,2885.25,1641.56,3307.91,1604.62,3340.93,999.59,2347.31,861.43,1492.13,2249.78,1121.23,2894.63,936.21
2013/12/5,1946.38,3239.11,1864.41,1610.73,2595.06,1721.64,2909.12,4886.34,1643.19,1619.8,4850.44,1913.66,1729.35,2611.88,3179.79,2938.57,1664.02,3345.22,1646.44,3390.92,1006.09,2362.61,864.85,1526.01,2268.79,1131.31,2967.23,949.61
2013/12/6,1946.13,3238.97,1864.09,1611.46,2572.62,1693.32,2944.87,4826.22,1653.52,1621.37,4846.76,1905.1,1702.4,2600.38,3169.51,2907.38,1672.87,3319.04,1638.98,3390.19,989.68,2322.25,843.25,1454.21,2250.34,1133.55,3003.16,948.42
2013/12/9,1955.74,3230.47,1859.31,1619.35,2577.61,1683.87,2962.39,4846.21,1652.01,1626.99,4847.81,1908.41,1701.72,2601.77,3182.63,2920.76,1676.89,3324.37,1651.33,3381.5,985.39,2317.8,861.96,1444.7,2246.35,1122.43,3015.59,951.69
2013/12/10,1996.2,3227.83,1868.75,1616.57,2577.15,1698.68,3032.41,4857.91,1673.48,1643.56,4851.38,1914.16,1704.46,2597.68,3191.99,2953.19,1690.7,3340.36,1655.75,3384.91,995.16,2344.9,886.86,1455.66,2239.05,1114.54,3021.9,957.49
2013/12/11,1971.27,3191.45,1865.54,1612.36,2569.75,1690.65,3057.75,4846.88,1673.85,1641.63,4805.43,1897.71,1708.39,2613.26,3223.2,2941.66,1685.99,3330.78,1641.83,3359.09,974.21,2340.49,875.71,1441.93,2228.01,1106.28,3009.66,949.81
2013/12/12,1977.22,3145.01,1858.38,1586.85,2535.59,1677.31,3037.96,4813.35,1657.71,1617.87,4782.74,1882.64,1684.66,2588.64,3189.86,2949.01,1672.36,3249.86,1622.63,3314.32,965.72,2329.87,881.58,1425.66,2193.61,1073.85,2978.46,939.53
2013/12/13,1957.24,3124.11,1856.88,1579.35,2507.32,1691.92,2992.3,4788.84,1660.21,1616.13,4797.91,1879.2,1677.62,2588.34,3203.52,2961.76,1667.17,3225.13,1619.22,3333.35,959.15,2358.75,903.51,1438.31,2172.96,1062.61,2964.25,943.01
2013/12/16,1974.12,3129.87,1865.67,1583.1,2518.4,1706.28,3087.14,4812.4,1670.29,1628.27,4848.32,1889.37,1687.54,2614.87,3197.61,2993.78,1686.62,3285.23,1632.58,3372.59,963.73,2381.19,902.06,1439,2175.04,1087.05,2989.3,952.06
2013/12/17,1931.03,3069.4,1833.48,1563.11,2475.59,1684.38,3050.04,4732,1639.87,1610.42,4772.51,1866.52,1650.83,2571.78,3111.48,2950.98,1654.62,3198.13,1597.92,3337.03,940.25,2345.58,896.34,1419.45,2163.74,1066.64,2920.9,933.94
2013/12/18,1905.73,3056.32,1822.32,1554.04,2462.67,1675.95,2963.07,4718.27,1630.47,1599.64,4811.01,1854.5,1647.53,2544.53,3093.99,2951.28,1640.44,3178.74,1583.87,3325.52,955.2,2338.06,874.75,1412.5,2151.47,1064.3,2887.93,931.88
2013/12/19,1906.93,3064.71,1822.99,1555.45,2470.84,1682.51,2969.93,4736.89,1633.12,1599.99,4844.53,1858.07,1644.2,2535.89,3113.13,2952.19,1647.1,3199.02,1590.46,3321.98,942.3,2339.51,851.7,1416.59,2163.94,1076.17,2893.04,931.41
2013/12/20,1876.91,3045.95,1800.98,1547.48,2446.57,1664.88,2945.54,4687.49,1614.59,1581.11,4801.89,1834.62,1629.67,2492.25,3064.91,2914.35,1619.63,3153.02,1567.86,3288.41,922.08,2322.33,847.69,1408.55,2128.06,1059.42,2862.96,919.67
2013/12/23,1883.28,2964.42,1778.87,1529.3,2374.8,1634.16,2907.08,4628.84,1602.79,1562.38,4784.67,1806.84,1610.32,2443.55,3054.03,2859.75,1603.38,3092.65,1537.56,3221.14,907.58,2293.62,841.03,1387.66,2071.67,1031.19,2792.86,904.26
2013/12/24,1872.47,2944.12,1775.7,1525.73,2362.07,1631.56,2942.13,4628.65,1600.25,1557.12,4907.27,1805.55,1611.65,2421.53,3031.57,2854.28,1592.39,3085.59,1535.72,3229.98,929.49,2287.63,822.98,1388.3,2072.68,1035.19,2809.18,903.06
2013/12/25,1890.77,2956.69,1780.81,1530,2368.34,1656.76,2964.09,4632.24,1608.14,1577.12,4890.28,1817.38,1614.42,2432.33,3040.05,2878.34,1595.09,3097.94,1535.01,3253.63,932.77,2331.66,831.52,1407.33,2061.46,1035.32,2832.84,911.67
2013/12/26,1904.08,2966.57,1800.62,1544.36,2382.91,1698.36,2977.12,4674.07,1628.42,1599.76,4909.39,1826.84,1612.22,2448.12,3056.41,2909.02,1603.95,3128.32,1546.53,3302.7,943.84,2384.97,857.9,1419.78,2058.25,1043.45,2846.15,924.66
2013/12/27,1847.93,2896.22,1767.88,1514.64,2349.54,1671.38,2893.74,4620.98,1599.88,1575.71,4875.49,1794.84,1586.23,2405.5,2988.97,2841.02,1577.83,3067.13,1515.76,3251.26,931.79,2345.85,834.81,1378.82,2036.57,1032.36,2787.66,909.94
2013/12/30,1886.64,2929.68,1806.5,1531.6,2392.97,1726.37,2970.18,4687.87,1638.37,1617.85,4924.23,1829.61,1614.22,2453.32,3057.92,2920.46,1606.82,3118.68,1546.32,3335.5,966.12,2410.72,851.74,1408.92,2074.54,1062.73,2850.6,932.02
2013/12/31,1888.01,2896.52,1796.31,1535.85,2367.94,1715.38,2952.41,4648.2,1630.48,1621.44,4906.43,1819.32,1600.23,2423.42,3040.01,2899.35,1614.08,3084.25,1533.87,3336.73,954.17,2401.55,855.1,1410.85,2053.42,1049.64,2819.66,934.94
2014/1/2,1887.5,2932.93,1806.13,1564.75,2393.5,1716.55,2963.7,4728.36,1641.61,1624.02,4955.98,1824.24,1612.28,2462.87,3056.3,2915.84,1621.58,3116.44,1543.31,3358.34,956.3,2395.14,859.21,1407.77,2092.37,1067.86,2839.65,936.32
2014/1/3,1904.09,2890.18,1813.37,1575.74,2412.74,1773.33,2929.63,4640.74,1650.86,1641.01,5042.46,1825.86,1607.08,2452.1,3058.35,2927.03,1626.66,3098.5,1539.78,3387.51,963,2435.82,868.75,1439.39,2073.81,1053.12,2833.57,941.55
2014/1/6,1887.19,2858.19,1800.06,1565.35,2393.63,1785.07,2875.14,4599.37,1626.35,1636.36,5019.47,1812.06,1594.75,2414.61,3040.69,2914.72,1601.13,3033.19,1509.64,3383.44,947.38,2465.16,878.71,1441.47,2055.72,1032.32,2794.69,935.98
2014/1/7,1807.54,2774.13,1745.4,1510.17,2335.38,1741.51,2788.13,4469.76,1574.77,1594.52,4891.86,1761.78,1538.95,2316.27,2954.98,2829.61,1554.35,2925.38,1458.81,3302.95,910.11,2383.76,859.21,1396.17,2013.24,1015.97,2708.17,907.84
2014/1/8,1818.16,2790.76,1763.81,1508.56,2342.94,1777.52,2814.62,4523.3,1586.65,1613.21,4979.92,1782.15,1548.97,2325.17,2967.04,2879.3,1570.85,2949.6,1463.05,3383.72,923.2,2422.5,882.21,1412.63,2021.54,1025.57,2731.86,922.3
2014/1/9,1814.79,2783.44,1753.1,1489.73,2317.45,1798.18,2826.74,4531.88,1572.26,1623.23,5009.53,1780.94,1536.44,2301.51,2952.05,2868.88,1561.73,2932.53,1451.05,3394.9,929.58,2458.21,912.13,1425.15,2028.21,1026.75,2715.95,922.34
2014/1/10,1782.84,2758.7,1718.92,1465.23,2273.33,1751.48,2809.14,4476.61,1544.65,1597.28,4954.19,1759.32,1522.84,2288.18,2918.33,2835.49,1536.68,2885.02,1431.15,3340.49,905.67,2418.49,907.23,1407.38,2029.47,1008.59,2672.38,908.41
2014/1/13,1760.95,2744.96,1701.3,1446.42,2274.57,1714.08,2804.64,4523.82,1524.91,1580.54,4871.84,1739.32,1508.42,2270.6,2879.19,2832.76,1521.94,2847.3,1409.5,3284.41,891.34,2379.82,895.34,1392.85,2042.82,999.05,2645.85,893.21
2014/1/14,1761.24,2735.95,1680.92,1441.89,2294.19,1709.7,2760.25,4514.63,1524.47,1577.75,4849.86,1729.63,1501.44,2237.06,2865.38,2828.14,1509.1,2858.05,1404.29,3267.76,883.94,2365.98,899.07,1378.28,2039.33,991.1,2644.33,891.31
2014/1/15,1788.53,2770.48,1711.81,1453.08,2296.24,1758.2,2856.68,4550.09,1544.86,1611.37,4930.14,1751.42,1510.96,2266.78,2916.38,2892.4,1536.81,2920.08,1411.93,3323.74,897.92,2428.6,910.76,1401.26,2037.5,999.46,2695.17,914.77
2014/1/16,1810.39,2765.3,1717.55,1448.59,2284.16,1796.33,2888.3,4556.93,1552.17,1619.07,4996.85,1739.46,1515.79,2262.64,2937.6,2910.41,1542.46,2934.24,1414.15,3379.77,914.39,2479.38,922.62,1410.97,2017.1,997.95,2704.75,919.98
2014/1/17,1799.59,2766.49,1715.04,1449.13,2306.47,1776.43,2855.79,4590.09,1561.2,1625.89,4963.15,1743.74,1510.55,2263.18,2941.41,2873.56,1545.27,2936.41,1421.46,3357.75,907.41,2443.21,906.65,1403.57,2000.53,1005.87,2688.16,917.87
2014/1/20,1774.33,2724.08,1692.92,1432.66,2270.75,1760.45,2803.67,4496.65,1546.21,1615.78,4897.41,1724.63,1490.64,2240.41,2901.33,2830.19,1527.61,2912.85,1400.86,3322.32,895.35,2452.25,904.5,1395.68,1978.13,1000.19,2645.32,909.58
2014/1/21,1738.58,2700.31,1684.09,1425.67,2251.03,1740.05,2840.57,4463.53,1545.91,1626.45,4846.26,1716.04,1485.86,2248.3,2908.91,2822.65,1533.48,2887.15,1399.91,3291.55,897.83,2436.3,893.59,1383.36,1969.53,1001.96,2627.16,904.41
2014/1/22,1749.78,2723.91,1702.2,1431.23,2272.48,1777.21,2862.13,4494.27,1562.98,1659.63,4890.49,1732.84,1506.06,2276.54,2950.53,2872.52,1558.63,2953.83,1412.09,3334.17,903.76,2501.12,933.63,1417.38,1979.82,1018.27,2666.04,921.58
2014/1/23,1789.52,2781.9,1740.1,1462.12,2314.36,1810.46,2928.02,4648.58,1593.73,1697.22,4979.34,1769.81,1538.91,2377.8,3033.3,2955.57,1589.19,3011.04,1449.46,3409.97,927.44,2551.69,956.94,1455.95,2010.31,1038.53,2741.74,941.77
2014/1/24,1789.74,2760.4,1736.24,1449.63,2305.31,1817.89,2925.55,4620.62,1586.77,1709.21,4988.28,1772.22,1536.1,2356.22,3030.28,2976.99,1602.32,3009.54,1441.99,3452.47,930.95,2623.45,981.81,1472.54,1983.11,1022.96,2745.88,944.66
2014/1/27,1799.75,2774.6,1749.37,1447.23,2335.89,1847.21,2952.04,4613.15,1593.69,1729.16,5049.8,1780.4,1541.97,2403.91,3067.1,3015.21,1624.78,3014.77,1453.69,3489.23,942.36,2652.75,988.02,1496.03,1979.63,1022.47,2768.37,948.98
2014/1/28,1776.8,2779.11,1747.81,1444.88,2338.19,1850.72,2959.34,4607.65,1606.18,1727.17,5034.54,1765.36,1536.95,2396.45,3100.28,3030.91,1633.52,2982.3,1429.19,3489.27,935.47,2676.51,993.26,1503.78,1978.63,1007.65,2774.37,946.09
2014/1/29,1763.23,2760.91,1745.86,1444.59,2335.76,1817.39,2955.74,4585.15,1617.51,1725.48,5042.4,1768.4,1548.63,2398.11,3099.54,3048.2,1631.65,2995.74,1433.87,3487.69,928.54,2650.61,982.31,1521.67,2003.64,1013.37,2783.03,947.62
2014/1/30,1760.08,2751.36,1746.85,1437.67,2336.74,1827.58,2949.29,4500.11,1624.45,1749.24,5070.23,1772.8,1547.52,2382.89,3136.03,3061.65,1647.64,2992.56,1431.65,3505.13,946.33,2728.59,1005.87,1534.96,2016.33,1011.4,2781.54,948.1
2014/2/7,1735.35,2715.27,1723.51,1419.26,2296.78,1803.29,2874.57,4403.89,1618.93,1734.03,5034.9,1753.29,1538.49,2347.8,3051.64,3042.95,1642.72,2969.54,1415.01,3457.43,967.59,2716.31,1010.91,1519.45,1988.38,994.48,2738.72,934.53
2014/2/10,1777.36,2748.51,1767.26,1433.62,2334.77,1894.63,2973.06,4478.35,1652.03,1771.36,5116.41,1782.2,1560.13,2385.97,3119.42,3129.08,1688.36,3059.99,1432.43,3561.42,1017.84,2803.98,1045.23,1590.66,1999.22,1005.05,2802.85,961.89
2014/2/11,1818.86,2799.36,1813.58,1461.32,2430.28,1945.06,3031.52,4571.42,1685.14,1829.68,5257.21,1812.86,1593.76,2430.48,3179.59,3185.89,1743.08,3108.29,1463.69,3735.37,1034.06,2849.53,1046.75,1618.48,2015.17,1025.55,2950.57,987.83
2014/2/12,1830.46,2835.57,1818.55,1466.88,2450.16,1937.71,3018.77,4597.95,1690.05,1827.43,5276.93,1847.09,1615.84,2454.37,3186.78,3239.45,1741.01,3113.45,1472.1,3712.66,1021.27,2789.86,1020.16,1624.73,2060.21,1039.04,2936.94,991.78
2014/2/13,1877.51,2827.31,1851.84,1476.6,2454.31,1967.59,3067.16,4583.39,1705.83,1844.72,5300.37,1859.39,1635.61,2463.74,3226.09,3257.81,1767.43,3155.12,1487.9,3739.8,1019.38,2800.95,1016.12,1634.87,2061.79,1032.91,2964.53,999.23
2014/2/14,1843.28,2795.08,1826.68,1466.82,2462.97,1931.81,3035.1,4565.83,1689.88,1806.31,5208.99,1832.54,1624.26,2434.24,3178.83,3201.86,1758.45,3107.4,1469.88,3707.79,988.38,2724.96,993.55,1593.04,2097.37,1021.92,2944.97,978.37
2014/2/17,1879.52,2829.89,1865.56,1489.94,2511,1973.13,3079.91,4675.98,1733.52,1840.36,5339.45,1858.99,1671.16,2463.03,3245.69,3305.43,1786.88,3150.58,1499.72,3813.02,1009.22,2782.68,1017.09,1611.91,2099.49,1038.31,3004.65,1004.52
2014/2/18,1891.72,2846.72,1881.17,1504.02,2515.36,2010.79,3109.07,4722.13,1757.07,1875.96,5407.01,1869.94,1659.42,2464.56,3293.92,3363.33,1816.78,3175.12,1519.1,3912.32,1046.87,2865.38,1028.6,1671.99,2072.91,1039.42,3058.07,1016.29
2014/2/19,1875.27,2813.26,1874.91,1492.51,2480.93,2009.15,3106.32,4661.82,1765.01,1877.5,5415.64,1852.45,1660.5,2451.1,3266.91,3350.3,1837.62,3143.11,1513.94,3951.99,1036.41,2856.81,1024.59,1659.08,2038.3,1011.78,3047.09,1007.33
2014/2/20,1883.92,2850.13,1905.89,1508.48,2485.07,1995.77,3144.64,4700.4,1780.74,1874.76,5457.99,1860.54,1667.09,2484.01,3318.31,3360.22,1842.51,3164.51,1521.66,3935.21,1000,2824.41,1000,1625.36,2103,1000,2995.65,1000
2014/2/21,1859.98,2848.09,1883.26,1501.08,2464.8,1960.59,3064.65,4679.86,1743.48,1841.89,5371.66,1849.29,1659.75,2449.47,3266.47,3270.84,1806.44,3110.43,1507.22,3838.7,998.18,2819.89,997.65,1623.33,2069.85,997.86,2991.2,997.46
2014/2/24,1850.24,2775.91,1850.95,1479.96,2446.57,1951.34,3011.46,4629.66,1735.34,1835.7,5365.69,1834.28,1626.2,2390.74,3199.11,3258.77,1794.16,3044.36,1484.84,3814.27,996.07,2839.54,999.21,1625.39,2031.78,981.28,2965.07,990.02
2014/2/25,1839.88,2725.45,1849.01,1473.92,2421.96,1997.78,2917.85,4604.57,1746.2,1854.8,5459.17,1825.64,1610.78,2296.84,3176.43,3327.78,1808.11,2994.67,1448.75,3871.38,989.8,2903.82,1017.66,1640.66,1994.3,974.59,2945.01,988.55
2014/2/26,1749.52,2644.53,1775.1,1441.38,2345.4,1860.78,2807.93,4426.68,1669.36,1757.48,5266.72,1762.05,1569.03,2249.18,3049,3227.58,1730.74,2902.28,1408.51,3667.82,926.73,2743,967.83,1543.3,1960.4,941.1,2819.98,940.95
2014/2/27,1758.75,2674.68,1804.91,1458.53,2414.14,1880.63,2832.22,4450.09,1691.68,1793.07,5335.57,1769.92,1576.66,2284.61,3079.82,3269.46,1775.07,2936.83,1414.1,3763.76,933.1,2798.07,960.79,1553.68,1981.19,949.86,2902.14,949.72
2014/2/28,1728.55,2640.93,1783.58,1461.84,2369.25,1830.52,2740.15,4389.95,1656.45,1764.89,5127.18,1776.92,1562.29,2255.34,3009.29,3225.64,1749.42,2907.31,1393.28,3726.88,932.08,2784.05,921.08,1532.62,1993.33,944.97,2852.85,933.9
2014/3/3,1747.46,2636.97,1801.37,1465.02,2422.82,1861.6,2803.1,4507.3,1679.75,1774.57,5155.18,1792.68,1564.59,2280.45,3037.59,3239.42,1803.82,2944.88,1411.14,3817.29,962.43,2808.5,927.87,1541.76,1984.57,965.17,2937.21,948.64
2014/3/4,1778.27,2652.1,1836.01,1467.71,2444.73,1889.53,2843.56,4569.02,1713.36,1800.99,5234.16,1837.71,1587.26,2325.62,3089.73,3240.95,1825.4,2967.41,1432.11,3865.39,969.72,2839.89,946,1572.51,1971.99,961.64,2972.82,965.17
2014/3/5,1786.49,2654.28,1844.19,1468.88,2456.68,1901.58,2834.62,4556.82,1726.05,1818.03,5233.34,1831.57,1598.26,2341.31,3108.66,3235.82,1859.51,2972.72,1430.5,3895.55,981.03,2831.32,944.57,1592.25,1991.76,966.65,2983.91,969.34
2014/3/6,1776.79,2643.38,1823.71,1463.67,2425.7,1886.01,2790.43,4570.57,1738.96,1798.85,5175.63,1805.89,1585.62,2311.88,3111.84,3252.6,1849.52,2964.13,1423.72,3839.97,964.71,2815.65,939.19,1584.61,1961.61,951.09,2948.69,961.58
2014/3/7,1775.28,2642.5,1834.31,1470.91,2432.33,1886.46,2821.08,4568.2,1743.59,1808.49,5151.28,1798.88,1589.08,2384.64,3121.72,3299.42,1830.88,2990.23,1431.4,3836.76,954.94,2797.72,949.32,1601.32,1979.9,955.32,2925.99,962.79
2014/3/10,1747.85,2621.95,1826.1,1464.86,2395.33,1857.26,2788.98,4588.43,1714.23,1783.98,5167.25,1779.55,1578.87,2337.41,3071.52,3202.63,1821.36,2950.34,1413.89,3822.85,941.04,2754.41,928.24,1567.05,1963.95,939.68,2925.42,951.6
2014/3/11,1691.28,2534.01,1782.38,1428.18,2320.53,1782.15,2719.45,4532.15,1662.95,1709.57,5054.91,1734.07,1528.7,2275.3,2941.59,3119.97,1757.84,2855.57,1378.74,3674.73,903.1,2656.02,891.9,1505.25,1914.61,915.09,2848.12,920.52
2014/3/12,1691.43,2533.9,1790.44,1427.28,2325.4,1788.81,2738.19,4630.18,1670.61,1706.44,5081.94,1734.22,1523.13,2315.62,2928.24,3113.35,1753.21,2886.13,1381.18,3628.08,902.29,2636.26,899.4,1499.56,1915.34,916.07,2832.83,921.58
2014/3/13,1691.65,2552.17,1787.24,1430.09,2359.91,1797.24,2745.17,4624.8,1671.91,1703.97,5080.4,1742.98,1516.45,2353.7,2907.97,3133.75,1754.02,2912.19,1393.7,3622.34,898.43,2610.98,906.46,1490.79,1958.62,920.06,2839.28,922.98
2014/3/14,1701.02,2569.38,1794.13,1436.95,2353.67,1817.79,2744.64,4772.98,1672.34,1718.63,5121.79,1761.91,1522.1,2359.5,2923.85,3150.34,1762.52,2923.14,1391.52,3657.03,909.08,2652.22,913.9,1501.48,1957.95,922.04,2851.31,935.54
2014/3/17,1696.22,2572.09,1801.81,1432.64,2357.07,1828.49,2760.8,4757.74,1677.89,1725.96,5127.29,1753.39,1518.3,2366.71,2913.89,3132.82,1774.1,2961.8,1388.03,3657.43,911.95,2667.63,921.4,1512.78,1960.91,925.45,2850.52,935.12
2014/3/18,1720.6,2606.14,1832.42,1442.01,2374.48,1870.13,2805.99,4759.63,1711.45,1763.48,5225.15,1765.37,1540.34,2401.45,2967.08,3201,1817.96,2988.83,1409.23,3752.22,922.97,2738.19,946.28,1543.81,1958.84,927.82,2920.43,956
2014/3/19,1736.63,2595.63,1824.01,1432.98,2365.08,1864.6,2802.33,4760.74,1705.43,1778.83,5227.93,1775.64,1541,2372.49,2971.15,3220.39,1819.19,2983.61,1408.74,3764.01,914.26,2760.25,949.92,1548.63,1931.6,918.92,2918.7,957.97
2014/3/20,1721.23,2589.87,1832.74,1440.28,2347.07,1848.47,2762.82,4712.97,1710.49,1782.19,5203.51,1758.39,1546.05,2390.31,2953.24,3214.41,1822.95,3022.85,1400.08,3732.62,915,2731.72,938.35,1551.19,1923.09,913.62,2896.42,956.68
2014/3/21,1680.73,2533.26,1792.72,1419.54,2295.05,1775.57,2666.49,4589.53,1658.39,1731.01,5061.75,1718.33,1522.54,2365.11,2869.01,3133.63,1773,2970.81,1382.35,3603.66,880.3,2621.72,895.92,1504.05,1916.5,901.09,2805.08,929.88
2014/3/24,1715.24,2630.71,1833.68,1450.74,2355.81,1815.5,2747.51,4688.77,1701.8,1765.39,5130.37,1762.61,1565.2,2491.16,2963.89,3203.54,1820.71,3066.81,1429.12,3699.66,898.02,2681.69,913.9,1538.65,2022.25,943.76,2874.37,952.01
2014/3/25,1720.27,2644.86,1843.68,1493.54,2360.59,1807.8,2739.49,4663.27,1710.44,1768.06,5109.32,1766.94,1592.27,2548.5,2996.01,3211.55,1831.05,3125.85,1438.38,3696.82,901.5,2637.11,909.62,1529.96,2022.95,952.85,2885.24,952.57
2014/3/26,1733.33,2656.43,1845.77,1483.23,2377.68,1821.51,2767.42,4633.62,1716.22,1779.8,5125.48,1780.57,1607.91,2555.86,3030.66,3208.65,1833.92,3116.99,1450.79,3715.91,904.71,2640.12,921.49,1535.09,2013.5,962.04,2909.76,957.32
2014/3/27,1732.91,2637.68,1848.51,1479.37,2381.07,1839.92,2762.96,4588.63,1720.48,1781.21,5158.74,1776.51,1594.02,2523.19,3010.48,3208.88,1825.94,3119.32,1438.76,3723.39,896.7,2654.06,923.62,1536.68,2004.81,946.91,2925.91,958.72
2014/3/28,1696.66,2603.97,1817.78,1465.73,2347.18,1786.91,2710.81,4523.92,1700.11,1743.32,5070.1,1754.96,1593.62,2530.85,2970.12,3178.69,1802.95,3075.77,1421.56,3619.09,881.36,2571.21,895.81,1488.59,2025.13,940.98,2895.84,939.55
2014/3/31,1671.79,2583.34,1789.54,1464.13,2328.61,1738.49,2770.19,4445.99,1674.43,1709.64,4956.97,1732.99,1592.81,2534.02,2924.66,3104.5,1762.69,3090.38,1415.62,3525.76,854.28,2499.84,869.33,1457.49,2039.06,944.45,2861.5,923.35
2014/4/1,1668.75,2566.92,1788.19,1454.32,2315.48,1733.95,2741.55,4476.61,1657.48,1698,4929.5,1738.59,1564.66,2506.86,2877.75,3093.52,1734.45,3072.96,1409.04,3487.57,861.27,2494.15,856.03,1450.99,2023.68,936.34,2836.46,916.23
2014/4/2,1688.72,2594.18,1813.16,1467.3,2345.78,1790.46,2780.42,4584.47,1685.15,1727.75,4988.47,1755.47,1588.35,2538.59,2915.34,3149.57,1770.58,3100.4,1430.09,3551.05,869.57,2552.05,872.37,1483.96,2030.17,946.04,2871.62,932.7
2014/4/3,1693.05,2618.97,1811.71,1485.37,2352.3,1782.65,2782.49,4606.98,1675.6,1722.82,4937.1,1762.69,1590.79,2616.45,2927.12,3127.11,1744.88,3178.8,1449.09,3528.92,866.33,2519.73,859.26,1472.14,2058.1,958.69,2886.53,933.06
2014/4/4,1681.92,2582.71,1804.44,1455.96,2341.4,1790.54,2765.48,4561.48,1669.91,1733.6,4913.37,1746.92,1562.47,2560.28,2909.34,3128.59,1743.6,3137.96,1426.62,3518.43,860.92,2524.71,860.25,1472.4,2013.27,950.43,2880.45,923.64
2014/4/8,1693.24,2599.95,1822.68,1469.11,2378.85,1811.48,2792.91,4602.97,1684.74,1746.39,4954.36,1762.48,1570.01,2571,2942.13,3168.1,1759.98,3151.03,1431.4,3550.55,875.86,2560.5,869.96,1476.94,2042.88,962.23,2915.6,930.09
2014/4/9,1708.13,2668.45,1844.58,1492.37,2424.39,1829,2882.65,4724.58,1706.18,1754.13,5034.79,1790.98,1596.06,2599.45,2995.65,3216.08,1793.68,3212.66,1458.59,3618.77,912.73,2602.78,889.77,1505.81,2115.06,991.93,2986.69,948.35
2014/4/10,1723.57,2680.58,1862.63,1492.18,2431.43,1859.57,2927.67,4723.53,1718.95,1772.4,5088.34,1795.23,1604.15,2597.29,3020.51,3235.22,1807.71,3233.3,1462.79,3659.4,912.22,2646,901.02,1528.06,2108.74,986.06,2995.55,955.65
2014/4/11,1721.84,2695.55,1856.1,1510.31,2428.76,1860.17,2899.01,4799.08,1720.41,1774.86,5083.9,1802.46,1626.11,2568.31,3010.9,3234.99,1819.04,3289.5,1486.48,3662.33,913.25,2637.58,898.43,1525.65,2120.58,1035.6,3018.75,954.78
2014/4/14,1718.35,2690.44,1850.28,1517.61,2417.91,1857.74,2950.99,4829.83,1712.79,1773.86,5110.04,1802.01,1638.04,2566.13,3032.76,3232.26,1821.67,3246.06,1474.78,3644.44,915.44,2620.93,903.39,1530.55,2129.31,1022.37,3030.79,947.87
2014/4/15,1747.73,2705.88,1866.8,1513.3,2437.45,1868.56,2948.12,4812.11,1721.17,1776.1,5125.83,1803.89,1637.56,2576.84,3047.18,3261.33,1840.01,3279.27,1482.5,3687.72,933.29,2619.84,908.68,1534.79,2107.3,1012.33,3060.42,953.71
2014/4/16,1743.14,2667.4,1842.1,1488.67,2402.82,1848.13,2882.84,4770.4,1706.28,1759.23,5098.44,1783.9,1622.16,2544.05,3014.8,3238.61,1822.31,3213.63,1463.34,3655.17,914.28,2608.91,900.61,1532.93,2062.58,993.33,3003.46,944.33
2014/4/17,1765.11,2678.66,1849.5,1495.82,2401.49,1857.84,2903.79,4770.04,1716.58,1772.95,5100.15,1790.25,1622.78,2572.2,3033.82,3248.72,1832.19,3254.95,1473.83,3667.86,918.07,2608.34,905.45,1540.65,2083.58,1006.22,3013.05,948.37
2014/4/18,1747.78,2640.8,1845.43,1483.95,2393.63,1872.07,2880.98,4745.1,1703.5,1762.52,5068.33,1779.06,1614.14,2541.84,3024.68,3235.58,1829.21,3195.92,1465.94,3648.36,902.06,2599.32,903.58,1547.63,2055.51,991.28,3002.89,944.33
2014/4/21,1738.5,2635.19,1846.41,1480.33,2393.14,1868.4,2861.23,4726.8,1703.43,1762.96,5064.32,1777.48,1611.13,2527.85,3018.47,3251.09,1828.9,3185.27,1455.74,3664.79,903.5,2603.27,903.73,1538,2053.08,995.89,2998.4,940.45
2014/4/22,1719.55,2603.72,1828.65,1473.3,2362.68,1857.59,2824.53,4662.82,1680.79,1743.76,5017.92,1761.4,1582.34,2500.65,2981.95,3239.09,1820.66,3130.65,1443.74,3611.72,889.81,2587.75,897.3,1525.97,2032.81,975.54,2946.9,930.35
2014/4/23,1713.95,2598.86,1819.38,1464.57,2352.16,1829.5,2818.4,4644.33,1670.22,1743.15,4972.86,1757.81,1590.51,2517.68,2988.55,3215.62,1799.8,3118.76,1443.1,3548.22,890.54,2554.95,890.44,1519.77,2065.25,981.49,2929.46,926.37
2014/4/24,1705.93,2601.05,1811.25,1467.83,2357.63,1824.56,2831.95,4685.42,1658.83,1738.34,4943.11,1756.87,1583.84,2518.55,2973.67,3198.24,1786.48,3131.42,1441.48,3522.9,915,2530.91,880.06,1513.66,2071.4,975.63,2925.47,929.04
2014/4/25,1697.29,2605.88,1800.31,1462.1,2344.66,1804.32,2821.21,4619.62,1636.94,1725.89,4895.83,1751.3,1573.87,2558.23,2953.16,3150.54,1762.68,3112.2,1435.01,3495.14,899.36,2495.85,872.96,1495.25,2076.42,981.14,2918.04,919.33
2014/4/28,1659.78,2554.16,1757.93,1431.32,2313.2,1750.99,2758.1,4491.65,1603.42,1684.9,4799.02,1728.82,1549.54,2512.2,2892.29,3091.87,1708.39,3021.92,1408.63,3425.35,877.39,2435.4,847.93,1455.28,2071.61,965.26,2861.35,898.82
2014/4/29,1606.9,2498.78,1692.56,1400.21,2263,1700.73,2714.66,4402.29,1562.2,1637.57,4659.84,1690.94,1516.68,2461.25,2807.66,3012.59,1664.47,2990.68,1378.28,3311.82,848.75,2366.51,827.11,1415.66,2061.52,952.67,2813.74,869.17
2014/4/30,1627.63,2538.19,1711.67,1407.2,2287.55,1735,2756.19,4534.24,1587.72,1660.7,4723.12,1709.76,1530.65,2456.18,2859.07,3057.03,1683.64,3052.27,1399.13,3361.84,855.41,2391.06,841.35,1444.12,2077.4,968.6,2876.76,881.47
2014/5/5,1631.2,2529.32,1716.67,1404.31,2287.52,1752.58,2734.48,4524.55,1600.95,1676.21,4779.9,1716.21,1552.06,2452.47,2877.08,3099.39,1702.32,3050.9,1413.42,3371.88,861.48,2417.2,851.06,1453.5,2057.61,964.45,2886.63,888.44
2014/5/6,1666.06,2540.32,1733.99,1412.64,2306.99,1795,2745.49,4533.03,1612.68,1703.28,4816.23,1727.45,1558.28,2425.33,2901.91,3135.91,1717.09,3069.41,1417.79,3372.07,870.44,2454.64,860.2,1468.23,2039.41,970.14,2914.92,894.18
2014/5/7,1683.2,2539.59,1739.49,1422.28,2305.23,1811.38,2735.97,4528.49,1611.17,1715.9,4842.37,1727.82,1559.47,2426.45,2895.96,3143.38,1717.06,3059.84,1423.43,3393.6,872.9,2473.09,863.43,1481.68,2037.36,971.13,2904.94,897.83
2014/5/8,1662.49,2520.62,1710.27,1407.59,2287.1,1781.34,2694.18,4469.9,1589.74,1682.68,4769.23,1703.44,1541.2,2387.87,2848.18,3109.23,1687.13,3012.88,1408.22,3315.14,864.68,2415.64,845.91,1452.49,2028.29,969.46,2857.28,887.43
2014/5/9,1660.53,2554.81,1716.04,1412.03,2303.47,1782.83,2699.23,4473.34,1589.26,1679.78,4779.16,1710.49,1552.42,2392.5,2852.04,3095.95,1694.99,3011.62,1407.29,3304.68,870.54,2413.08,848.32,1452.66,2039.83,976.08,2846.54,890.6
2014/5/12,1657.54,2583.74,1716.54,1424.89,2349.84,1778.53,2717.66,4483.07,1585.71,1672.45,4761.92,1710.8,1548.43,2375.47,2850.03,3074.09,1698.71,3008.83,1407.01,3301.61,871.08,2390.79,845.65,1448.52,2048.22,992.38,2833.18,886.58
2014/5/13,1683.43,2736.1,1751.83,1469.34,2460.24,1806.42,2734.37,4517.53,1609.88,1697.38,4796.71,1735.26,1569.88,2399.89,2890.06,3112.48,1723.09,3048.19,1426.5,3357.59,881.08,2426.56,856.91,1467.06,2063.53,1001.36,2878.17,898.55
2014/5/14,1680.04,2670.12,1746.34,1454.91,2403.83,1798.42,2724.13,4535.34,1607.32,1697.08,4793.11,1729.33,1572.02,2450.36,2881.81,3118.46,1723.19,3053.22,1423.28,3345.75,886.64,2424.23,861.54,1477.01,2057.14,1000.86,2858.38,895.75
2014/5/15,1690.36,2663.58,1741.76,1451.45,2379,1800.13,2714.19,4475,1603.07,1701.67,4805.79,1730.06,1570.83,2430.13,2877.97,3131.21,1725.4,3048.76,1421.87,3346.06,881.5,2427.96,859.72,1480.05,2055.23,1001.06,2855.14,894.72
2014/5/16,1661.75,2620.42,1701.26,1432.63,2340.26,1753.88,2670.82,4416.76,1578.27,1665.93,4734.29,1705.59,1547.48,2390.5,2813.77,3093.96,1687.06,3005.75,1404.17,3276.77,880.29,2381.82,844,1444.81,2050.76,984.08,2809.7,877.3
2014/5/19,1665.66,2613.92,1701.53,1430.21,2343.9,1750.15,2667.1,4385.73,1579.97,1673.54,4684.06,1704.17,1553.25,2406.57,2823.07,3094.97,1688.01,2997.32,1403.03,3273.39,902.75,2355.31,834.98,1433.1,2050.46,971.16,2815.31,878.12
2014/5/20,1672.53,2609.06,1705.59,1433.56,2360.63,1752.44,2665.92,4347.36,1587.22,1679.04,4669.86,1702.56,1545.69,2400.13,2828.91,3091.73,1691.99,2987.98,1397.38,3280.72,878.84,2373.82,841.39,1443.3,2026.24,960.54,2816.53,875.86
2014/5/21,1665.99,2583.78,1699.39,1421.3,2321.52,1745.63,2649.95,4292.75,1579.17,1681.67,4658.16,1697.01,1532.59,2390.39,2810.45,3089.48,1683.15,2970.04,1394.39,3248.4,870.96,2389.76,838.48,1437.2,2012.3,951.91,2802.48,871.12
2014/5/22,1683.87,2628.3,1717.81,1436.38,2345.79,1777.24,2673.39,4360.95,1592.62,1682.72,4714.98,1718.8,1546.14,2411.23,2842.98,3115.39,1699.51,3005.22,1411.26,3295.08,877.67,2440.41,846.59,1460.28,2031.4,965.87,2846.29,880.82
2014/5/23,1671.13,2605.55,1713.04,1428.53,2330.48,1773.18,2670.86,4342.11,1578.61,1675.91,4722.49,1718.59,1544.88,2430.82,2831.71,3112.44,1695.85,2991.91,1403.39,3297.51,873.1,2448.42,847.93,1459.78,2037.41,964.24,2830.06,877.21
2014/5/26,1681.97,2616.26,1730.64,1436.08,2355.48,1800.79,2705.28,4416.7,1592.89,1692.07,4794.49,1734.37,1554.15,2484.41,2854.08,3154.34,1719.48,3027.79,1418.52,3349.87,888.92,2531.59,868.72,1493.96,2062.33,977.43,2891.43,889.57
2014/5/27,1693.66,2624.03,1736.91,1438.83,2357.55,1810.2,2727.05,4416.35,1604.61,1715.2,4862.42,1735.04,1555.41,2479.34,2866.53,3168.99,1728.71,3049.6,1427.27,3392.86,887.79,2540.46,878.32,1505.34,2053.38,970.19,2895.8,894.12
2014/5/28,1689.4,2607.92,1729.4,1436.22,2348.79,1808.51,2730.19,4390.43,1600.26,1711.67,4840.34,1729.69,1547.13,2485.64,2850.84,3151.92,1725.35,3035.56,1421.49,3386.52,877.58,2536.86,869.68,1495.18,2049.4,965.15,2899.35,891.51
2014/5/29,1694.68,2625.5,1744.21,1439.43,2362.43,1841.87,2779.14,4418.58,1604.32,1721.39,4898.5,1741.35,1555.82,2520.07,2887.93,3182.52,1737.8,3056.55,1429.41,3433.45,887.59,2641.47,885.95,1540.37,2063.45,980.41,2920.91,899.7
2014/5/30,1670.17,2597.81,1728.86,1426.41,2337.7,1812.08,2769.95,4396.87,1592.32,1688.82,4868.63,1727.93,1539.21,2497.79,2857.04,3136.65,1723.43,3032.28,1420.58,3379.38,879.63,2607.59,872,1515.8,2054.1,972.39,2890.62,887.24
2014/6/3,1676.44,2599.67,1730.64,1434.33,2358.44,1830.89,2778.63,4381.52,1588.45,1692.2,4879.94,1729.59,1537.4,2477.9,2886.43,3141.15,1728.45,3035.03,1420.39,3396.91,894.65,2632.01,868.66,1535.06,2053.03,974.53,2910.72,890.39
2014/6/4,1671.7,2605.26,1733.64,1432.22,2352.72,1818.15,2774.75,4308.28,1587.8,1685.93,4871.98,1727.65,1531.22,2461.4,2865.92,3116.4,1723.18,3041.34,1416.69,3367.92,888.96,2612.59,876.93,1515,2053.9,969.1,2895.46,886.72
2014/6/5,1654.18,2580.94,1720.34,1420.28,2319.39,1800.18,2734.39,4280.04,1572.47,1669.17,4820.97,1727.72,1515.78,2426.1,2828.01,3094.93,1709.88,2998.1,1400.98,3340.46,882.87,2593.52,876.63,1503.75,2037.31,958.76,2869.94,882.31
2014/6/6,1670.1,2603.22,1736.09,1428.81,2345.3,1821.63,2741.02,4342.02,1587.4,1692.02,4874.1,1744.33,1528.5,2462.38,2862.84,3127.42,1731.15,3035.73,1414.1,3387.79,893.26,2647.29,907.08,1532.57,2061.36,971.28,2903.72,893.6
2014/6/9,1660.73,2578.03,1721.68,1418.8,2331.31,1821.63,2721.06,4299.44,1583.15,1687.17,4873.33,1733.54,1523.46,2443.8,2852.78,3111.72,1723.14,3011.95,1405.14,3374.51,885.87,2615.53,897.7,1516.42,2034.86,959.56,2882.25,888.71
2014/6/10,1662.86,2581.32,1718.62,1419.99,2331.73,1810.26,2721.7,4309.52,1586.83,1687.54,4855.79,1730.28,1523.73,2459.95,2868.77,3111.03,1716.4,3017.83,1408.2,3368.37,885.55,2578.17,892.42,1503.56,2057.36,967.28,2887.95,886.77
2014/6/11,1678.57,2593.19,1733.69,1424.72,2345.01,1843.78,2756.71,4336.35,1591.78,1701.31,4886.75,1747.39,1541.36,2474.44,2889.88,3135.09,1727.14,3036.3,1414.15,3415.46,891.37,2641.89,904.95,1526.69,2068.64,976.72,2919.82,896.2
2014/6/12,1678.13,2595.97,1736.66,1426.17,2359.52,1853.29,2763.76,4355,1593.87,1701.31,4934.21,1763.93,1547.39,2476.65,2889.76,3132.24,1737.94,3038.37,1414.68,3439.41,893.53,2645.09,907.59,1532.47,2062.2,973.02,2931.78,902.19
2014/6/13,1676.85,2594.4,1738.33,1427.5,2365.1,1844.46,2751.95,4367.44,1589.85,1698.87,4916.42,1752.89,1538.65,2461.1,2862.89,3137.93,1739.77,3032.72,1410.36,3422.22,908.49,2665.23,906.71,1529.31,2061.39,970.97,2929.13,903.44
2014/6/16,1694.31,2621.96,1757.32,1438.56,2394.85,1878.92,2800.99,4382.1,1609.91,1717.83,4954.73,1767.26,1544.94,2476.34,2884.45,3156.36,1759.41,3087.52,1422.43,3491.2,915.15,2702.85,915.81,1554.76,2093.95,986.89,2992.52,918.81
2014/6/17,1691.69,2634.61,1765.5,1440.18,2396.17,1887.39,2812.51,4385.38,1613.59,1725.2,4948.59,1772.26,1553.35,2467.96,2881.95,3160.68,1758.06,3096.87,1421.72,3511.86,925.68,2735.18,926.6,1570.54,2114.07,990.19,3019.97,923.19
2014/6/18,1677.36,2610.95,1747.78,1433.44,2383.86,1866.59,2764.56,4342.77,1598.86,1714.05,4910.07,1760.19,1541.87,2459.41,2859.8,3140.51,1748.84,3054.39,1412.16,3486.91,916.15,2726.73,913.19,1558.99,2102.22,981.54,2989.7,917.48
2014/6/19,1660.18,2605.33,1735.89,1427.53,2406.21,1867.56,2733.23,4315.97,1586.65,1702.5,4880.4,1750.02,1530.23,2451.02,2824.62,3101.92,1741.32,3035.81,1403.93,3460.08,911.46,2695.5,900.59,1546.33,2093.6,977.28,2977.92,909.56
2014/6/20,1626.15,2544.62,1691.67,1398.8,2365.29,1805.62,2699.76,4245.49,1546.33,1662.2,4787.54,1720.04,1500.83,2395.58,2749.45,3037.58,1699.12,2954.66,1376.51,3361.37,891.07,2584.35,873.74,1502.95,2064.97,960.22,2903.15,887.86
2014/6/23,1649.1,2566.64,1710.76,1405.18,2383.08,1831.65,2706.63,4263.99,1557.79,1679.18,4834.04,1731.19,1502.92,2419.96,2761.86,3058.57,1719.6,2982.94,1386.57,3405.99,901.03,2632.32,879.26,1521.93,2079.49,964.36,2940.05,900.07
2014/6/24,1669.44,2577.81,1719.06,1403.91,2425.13,1844.76,2696.96,4277.86,1566.79,1691.9,4861.5,1733.56,1500.28,2420.78,2773.7,3085.29,1731.63,2990.46,1385.19,3446.45,906.98,2665.26,892.91,1538.39,2053.09,961.32,2964.68,904.24
2014/6/25,1673.12,2588.11,1730.27,1414.8,2447,1856.81,2710.96,4334.57,1572.65,1703.78,4900.9,1740.05,1504.28,2421.18,2776.8,3101.07,1743.98,3001.06,1388.83,3460.41,924.82,2683.32,898.81,1549.01,2052,965.68,2998.63,911.09
2014/6/26,1670.8,2594.78,1729.12,1418.83,2424.72,1843.82,2716.48,4330.91,1567.09,1692.62,4893.22,1740.98,1495.23,2416.57,2768.04,3109,1733.75,3005.88,1385.41,3449.33,919.51,2656.21,893.32,1544.01,2045.15,960.31,2987.36,907.94
2014/6/27,1680.87,2604.85,1751.64,1431.09,2437.48,1876.86,2750.56,4359.93,1588.15,1717.54,4951.68,1747.92,1507.06,2446.66,2791.97,3140.37,1754.3,3029.39,1401.31,3493.16,930.77,2705.78,907.06,1578.26,2047.31,964.96,3025.94,918.55
2014/6/30,1695.98,2604.35,1769.43,1454.87,2447.34,1882.52,2766.13,4371.81,1613.26,1742.23,4968.34,1754.7,1522.21,2461.48,2821.31,3197.36,1780.12,3046.77,1409.47,3517.18,954.13,2725.7,909.94,1600.8,2045.3,965.44,3051.03,925.08
2014/7/1,1705.78,2616.97,1785.75,1469.21,2479.55,1905.46,2792.14,4372.28,1624.35,1754.86,5015.26,1766.67,1527.27,2468.24,2838.8,3231.44,1785.78,3059.48,1418.87,3554.6,999.78,2766.7,914.09,1615.78,2060.28,975.07,3071.31,936.89
2014/7/2,1724.88,2622.72,1789.31,1462.78,2486.21,1911.48,2763.97,4360.6,1639.79,1764.35,5031.9,1772.08,1536.84,2463.57,2855.19,3248.79,1797.27,3064.4,1418.98,3581.43,984.49,2799.64,921.92,1625.51,2053.59,969.86,3081.18,938.87
2014/7/3,1734.07,2653.27,1797.37,1464.95,2518.59,1920.07,2767.26,4337.88,1646.64,1764.96,5056.74,1779.27,1549.74,2469.07,2871.01,3294.17,1802.47,3089.97,1425.45,3603.47,1003.23,2794.26,923.92,1631.85,2048.32,975.63,3097.41,945.2
2014/7/4,1748.25,2651.96,1808.27,1475.83,2527.98,1935.58,2783.53,4377.9,1672.61,1770.39,5146.76,1788.42,1571.3,2492.63,2884.11,3240.28,1814.5,3110.42,1427.67,3641.49,990.75,2792.99,921.96,1641.16,2056.33,979.38,3147.67,950.54
2014/7/7,1741.29,2643.52,1803.6,1467.91,2504.79,1930.7,2782.11,4389.08,1665.4,1778.61,5110.6,1782.81,1551.88,2516.36,2874.36,3228.04,1802.25,3120.62,1430.64,3625.54,998.2,2792.32,920.12,1634.85,2055.75,981.24,3135.91,955.28
2014/7/8,1733.79,2644.89,1803.72,1465.9,2498,1909.76,2756.77,4380.79,1658.84,1771.13,5084.38,1772.35,1544.43,2546.88,2869.77,3225.09,1804.55,3131,1434.09,3618.49,1027.63,2778.59,912.01,1645.27,2054.99,981.88,3118.5,957.91
2014/7/9,1743.97,2644.12,1815.91,1464.98,2518.76,1920.42,2782.05,4387.5,1664.92,1775.78,5110.06,1796.45,1547.38,2539.75,2872.07,3214.73,1812.95,3127.79,1440.93,3640.24,1018.63,2806.5,914.55,1661.63,2056.74,981.98,3163.26,966.28
2014/7/10,1719.74,2608.05,1784.18,1457.73,2498.05,1891.3,2733.49,4312.51,1644.67,1756.57,5027.57,1772.04,1526.68,2501.17,2821.98,3172.95,1794.77,3081.75,1421.3,3599.01,1025.3,2744.56,894.8,1636.55,2020.62,971.16,3151.42,951.9
2014/7/11,1721.48,2615.59,1782.98,1469.97,2520.89,1868.81,2745.5,4282.51,1653.12,1761.67,5042.2,1782.15,1527.52,2519.43,2831.79,3177.86,1795.21,3106.6,1427.34,3614.26,1022.95,2707.77,884.15,1634.55,1990.38,967.04,3123.2,950.62
2014/7/14,1731.27,2611.81,1806.29,1500.06,2550.33,1891.72,2773.4,4305.04,1666.27,1778.76,5049.93,1789.53,1544.68,2544.94,2864.03,3212.88,1814.21,3131.72,1439.07,3658.36,1061.3,2721.28,885.7,1649.97,1996.42,972.34,3175.49,963.19
2014/7/15,1754.62,2628.11,1825.91,1511.73,2587.5,1914.8,2803.81,4415.3,1685.27,1794.02,5089.35,1812.45,1559.72,2567.84,2893.99,3245.53,1826.56,3188.73,1450.28,3723.5,1049.64,2734.5,885.31,1663.74,2001.29,983.39,3280.3,973.79
2014/7/16,1769.09,2632.77,1827.78,1527.18,2579.81,1901.83,2794.52,4501.39,1691.07,1790.7,5101.09,1811.78,1561.87,2570.7,2894.15,3226.55,1829.37,3184.88,1443.31,3700.26,1048.59,2704.8,870.24,1637.48,2004.34,983.18,3248.77,967.05
2014/7/17,1773.97,2628.54,1822.2,1530.5,2564.42,1867.91,2776.89,4458.73,1677.78,1778.95,5038.19,1822.92,1576.45,2578.18,2880.44,3203.7,1812.79,3168.79,1456.38,3656.46,1001.13,2665.54,858.26,1616.23,1997.74,978.7,3207.97,955.65
2014/7/18,1753.56,2609.79,1809.68,1514.13,2568.18,1859.66,2773.37,4422.34,1672.28,1768,5001.19,1807.02,1563.24,2548.78,2859.11,3177.95,1806.46,3146.99,1438.18,3633.44,991.46,2639.54,849.74,1598.07,1978.59,972.95,3156.29,953.64
2014/7/21,1764.32,2610.64,1815.18,1520.45,2566.36,1864.39,2810.33,4540.92,1681.21,1778.94,5010.02,1804.64,1572.03,2610.05,2874.44,3192.72,1816.82,3181.97,1452.95,3647.54,984.41,2641.62,846.87,1602.75,1985.28,981.96,3176.43,954.5
2014/7/22,1761.77,2589.63,1809.61,1521.38,2556.09,1855.09,2817.42,4548.76,1685.99,1764.4,5010.34,1796.08,1567.63,2606.32,2858.23,3182.33,1813.71,3164.19,1443.86,3649.5,993.26,2645.2,849.75,1595.12,1974.5,978.04,3193.45,949.9
2014/7/23,1801.65,2632,1834.59,1532.16,2634.91,1882.27,2830.35,4592.12,1697.56,1793.93,5060.65,1816.21,1582.87,2644.86,2888.13,3210.14,1843.68,3203.41,1456.35,3743.36,1000.67,2681.27,856.5,1618.14,1996.85,993.84,3272.89,961.21
2014/7/24,1796.38,2651.35,1825.56,1539.44,2626.42,1849.42,2827.97,4584.39,1682.97,1768.63,4988.88,1808.28,1581.66,2656.34,2871.23,3160.97,1827.98,3214.25,1466.4,3698.97,1003.56,2627.72,838.64,1589.31,2007.42,1006.19,3270.44,953.28
2014/7/25,1801.03,2706.88,1831.04,1552.99,2653.47,1826.48,2873.93,4610.43,1685.52,1759.1,4982.63,1812.64,1596.69,2731.95,2897.8,3138.89,1827.66,3243.48,1483.99,3679.28,990.77,2599.02,831.03,1579.64,2068.57,1036.49,3275.9,948.72
2014/7/28,1811.84,2771.21,1852.89,1575.48,2734.78,1848.25,2903.09,4658.49,1698.95,1779.61,5022.76,1832.16,1612.16,2741.32,2939.79,3173.16,1837.05,3273.68,1498.29,3708.53,1001.77,2646.27,843.66,1602.11,2092.41,1056.44,3323.93,961.78
2014/7/29,1840.92,2835.78,1877.68,1603.6,2802.39,1880.18,2956.09,4730.72,1725.44,1802.9,5089.52,1854.75,1627.37,2771.31,2989.76,3243.99,1863.52,3317.93,1521.95,3747.62,1033.8,2694.13,861.19,1623.32,2196.17,1085.76,3357.84,976.57
2014/7/30,1838.16,2847.42,1896.29,1587.95,2787.97,1907.7,2950.7,4705.9,1733.43,1815.9,5118.97,1853.87,1633.17,2784.01,3004.27,3271.35,1875.14,3311.03,1525.41,3793.93,1050.53,2727.68,868.48,1632.79,2199.96,1087.58,3363.35,984.88
2014/7/31,1847.97,2876.12,1912.67,1590.76,2800.28,1915.97,2951.23,4780.88,1736.45,1828.31,5179.57,1855.93,1630.27,2745.25,3000.58,3287.38,1887.6,3309.33,1521.44,3803.22,1058.24,2763.69,871.42,1647.08,2179.89,1090.26,3374.03,989.48
2014/8/1,1870.47,2902.03,1919.85,1615.6,2841.83,1929.13,2978.55,4808.59,1746.03,1838.31,5185.5,1858.82,1639.29,2771.71,3040.56,3305.19,1898.74,3331.92,1529.21,3831.77,1069.47,2756.72,874.11,1643.3,2205.76,1100.43,3396.69,993.32
2014/8/4,1876.01,2905.64,1907.39,1625.85,2799.49,1908.31,2981.66,4818.76,1733.27,1827.81,5240.95,1859.56,1626.31,2752.96,3022.3,3277.57,1891.66,3309.65,1525.57,3783.35,1051.21,2736.36,862.08,1620.46,2202.83,1090.32,3377.83,986.36
2014/8/5,1902.29,2976.09,1941.3,1662.28,2900.98,1930.91,3026.11,4877.3,1761.94,1854.98,5267.59,1880.57,1655.5,2799.45,3064.13,3325.26,1914.84,3382.9,1553.95,3833.86,1066.64,2753.23,868.11,1647.73,2227.08,1122.09,3450.73,1003.43
2014/8/6,1906.14,2969.02,1945.41,1660.7,2875.2,1948.77,3006.73,4866.08,1767.88,1858.32,5252.79,1887.57,1657.18,2773.5,3069.61,3350.11,1915.64,3398.15,1552.58,3831.57,1064.24,2780.46,881.38,1660.76,2196.75,1108.04,3453.88,1009.62
2014/8/7,1912.49,2996.91,1950.17,1722.25,2949.58,1973.22,2975.56,4866.51,1781.74,1867.08,5272.25,1900.04,1665.02,2773.92,3084.55,3371.39,1929.38,3407.64,1554.97,3868.6,1086.5,2804.01,883.09,1662.14,2180.91,1109.03,3489.85,1016.05
2014/8/8,1884.58,2939.13,1934.52,1713.16,2906.58,1967.53,2937.06,4795.1,1769.5,1852.34,5230.68,1879.4,1645.8,2753.44,3048.95,3381.26,1911.51,3360.41,1532.8,3847.31,1075.12,2794.53,884.22,1648.61,2149.39,1089.52,3425.65,1003.67
2014/8/11,1892.74,2942.35,1954.07,1717.02,2931.33,1986.91,2954.06,4837.51,1777.11,1864.56,5273.54,1886.62,1657.35,2756.22,3069.11,3407.14,1917,3382.53,1541.97,3879.25,1087.44,2835.94,890.25,1664.21,2159.83,1089.01,3443.13,1013.76
2014/8/12,1948.04,2967.9,1983.31,1735.67,2962.49,2016.78,2978.45,4868.21,1798.57,1890.77,5324,1906.38,1680.88,2793.52,3122.49,3441.45,1937.52,3421.13,1560.17,3941.3,1103.86,2867.1,895.53,1684.1,2175.44,1101.98,3498.6,1025.98
2014/8/13,1959.57,2966.63,1993.08,1724.76,2973.1,2044.17,2982.18,4865.92,1806.01,1901.74,5321.12,1919.63,1686.77,2809.3,3142.14,3448.02,1947.95,3446.37,1561.87,3958.76,1098.7,2876.47,899.45,1684.29,2160.94,1097.18,3511.26,1029.61
2014/8/14,1953.72,3015.98,1987.1,1741.09,2966.88,2059.72,2992.61,4877.46,1805.23,1893.09,5305.2,1920.02,1684.46,2808.82,3130.83,3453.5,1941.72,3438.21,1570.32,3937.04,1085.17,2846.21,892.44,1680.98,2155.18,1109.69,3509.16,1027.73
2014/8/15,1942.31,2959.19,1977.28,1711.34,2906.54,2052.05,2983.22,4849.33,1795.56,1887.09,5280.73,1911.88,1681.51,2791.52,3108.81,3434.58,1943.13,3414.46,1562,3928.24,1080.11,2844.7,891.13,1667.14,2140.39,1094.11,3509.24,1029.66
2014/8/18,1965,2985.84,2008.95,1728.42,2930.8,2083.71,3051.85,4892.74,1821.14,1911.96,5343.72,1930.08,1704.21,2814.82,3149.96,3486.58,1979.55,3457.93,1576.44,3976.64,1090.98,2898.91,903.77,1698.28,2150.78,1117.44,3548.91,1041.02
2014/8/19,1972.88,3004.32,2034.03,1740.8,2967.3,2111.7,3078.52,4899.82,1850.27,1940.75,5399.41,1954.97,1718.4,2832.3,3194.54,3605.81,2019.7,3485.29,1595.05,4025.26,1101.27,2944.7,948.28,1730.59,2153.19,1117.69,3579.59,1053.24
2014/8/20,1988.93,3018.36,2034.5,1759.44,2967.12,2111.65,3063.99,4882.68,1861.92,1939.21,5387.38,1955.5,1716.3,2832.73,3195.64,3612.94,2053.41,3495.62,1595.1,4042.67,1106.88,2973.26,940.34,1737.24,2148.44,1105.36,3576.5,1056.38
2014/8/21,1990.96,3006.12,2029.56,1761.98,2966.46,2107.84,3061.24,4912.6,1871.38,1941.69,5387.24,1960.06,1723.57,2832.53,3209.1,3618.84,2070.13,3493.41,1593.81,4057.54,1108.17,2947.82,933.15,1728.72,2137.59,1102.51,3562.83,1057.47
2014/8/22,1982.77,2977.13,2025.75,1756.93,2955.84,2107.66,3043.43,4877.16,1870.24,1936.57,5384.84,1965.04,1710.01,2831.66,3215.9,3703.35,2064.49,3467.86,1586.74,4051.44,1110.84,2950.16,967.27,1729.92,2115.83,1088.88,3536.91,1059.93
2014/8/25,1987.81,2981.21,2035.89,1763.99,2967.72,2123,3079.63,4887.58,1881.18,1948.73,5435.03,1990.27,1733.3,2851.49,3238.53,3660.24,2072.68,3485.09,1600.19,4102.16,1112.56,2985.09,969.08,1743.07,2130.73,1098.27,3532.4,1069.76
2014/8/26,1975.64,2942.82,2019.48,1746.59,2926.16,2105.31,3034.22,4841.32,1870.84,1934.26,5405.7,1983.18,1731.42,2815.11,3197.45,3635.61,2061.32,3458.35,1585.13,4056.22,1089.83,2954.47,959.44,1711.42,2108.16,1078.38,3488.61,1059.47
2014/8/27,1949.18,2915.09,1980.34,1723.76,2891.17,2072.66,2959.62,4803.98,1836.67,1908.83,5324.85,1958.03,1706.98,2780.39,3149.7,3601.66,2037.67,3400.86,1559.5,3986.96,1079.22,2911.57,947.92,1678.83,2113.51,1071.97,3463.79,1038.79
2014/8/28,1952.21,2917.99,1998.38,1719.57,2890.99,2084.96,2975.7,4796.62,1850.11,1931.07,5336.14,1970.89,1702.78,2794.67,3176.21,3588.44,2044.15,3411.42,1560.45,4003.35,1121.83,2936.4,949.28,1690.72,2109.83,1072.34,3484.69,1047.93
2014/8/29,1938.17,2922.04,1991.77,1707.39,2854.87,2070.58,2957.21,4791.45,1838.02,1901.2,5291.76,1952.1,1689.9,2773.09,3134.52,3563.55,2031.25,3392.08,1547.82,3964.81,1090.38,2917.93,939.48,1674.1,2092.68,1072.55,3456.23,1035.83
2014/9/1,1952.51,2940.38,2011.36,1711.63,2878.77,2115.05,2995.07,4867.77,1863.01,1922.19,5334.87,1977.15,1706.41,2793.35,3168.12,3610.42,2054.82,3430.65,1564.73,4015.14,1141.89,2960.97,944.43,1704.89,2109.99,1082.23,3523.03,1051.27
2014/9/2,1975.15,2959.82,2040.45,1734.28,2928.08,2164,3043.98,4920.62,1889.82,1955.65,5417.96,2008.14,1736.75,2826.36,3214.66,3669.54,2084.19,3484.26,1589.58,4082.3,1169.04,3037.48,961.71,1737.78,2113.82,1088.39,3572.99,1072.17
2014/9/3,2003.96,2994.79,2063.99,1757.62,2971.81,2185.36,3072.47,4980.76,1913.15,1980.84,5472.63,2029.28,1773.78,2857.74,3257.95,3704.76,2107.57,3536.61,1608.31,4155.95,1214.55,3082.92,972.16,1765.47,2144.58,1106.98,3611.96,1086.36
2014/9/4,2012.69,3025.64,2076.2,1772.08,2991.96,2188.41,3097.78,5028.35,1929.52,1990.2,5501.24,2041.3,1783.61,2912.71,3273.9,3733.44,2120.29,3548.08,1613.85,4212.18,1218.48,3092.6,988.27,1776.78,2163.63,1113.64,3637.15,1096.75
2014/9/5,2024.08,3040.77,2092.7,1784.99,3009.25,2207.89,3119.53,5052.86,1944.93,2010.43,5526.47,2078.18,1824.08,2940.31,3310.51,3778.04,2130.36,3584.83,1631.63,4252.03,1240.57,3129.49,990.58,1807.81,2177.6,1134.1,3661.08,1106
2014/9/9,2026.48,3058.58,2103.22,1800.36,3035.05,2209.74,3131.39,5114.31,1955.68,2025.47,5566.53,2096.37,1865.37,2946.51,3345.9,3776.34,2141.83,3604.83,1645.01,4291.94,1260.86,3121.34,987.48,1808.47,2186.12,1137.02,3691.94,1110.43
2014/9/10,2021.84,3054.97,2110.41,1835.8,3013.99,2207.51,3148.35,5067.65,1971.38,2031.85,5590.49,2099.2,1877.28,2924.11,3362.73,3800.06,2180.74,3602.88,1650.07,4279.76,1262.49,3109.78,988.45,1808.89,2157.29,1118.31,3709.69,1116.46
2014/9/11,2047.89,3046.02,2129.35,1862,3029,2213.87,3140.48,5060.62,1991.43,2046.48,5608.65,2119.69,1877.47,2926.91,3386.64,3890.56,2196.36,3614.42,1664.56,4302.33,1268.28,3126.18,994.64,1828.05,2144.12,1113.05,3706.95,1129.51
2014/9/12,2062.09,3029.28,2119.6,1821.37,3006.71,2207.86,3141,5012.26,1988.79,2042.12,5586.69,2105.27,1871.75,2919.68,3367.17,3881.22,2174.11,3622.92,1663.66,4312.05,1281.33,3135.97,994.77,1816.84,2140.14,1109.04,3679.05,1128.14
2014/9/15,2077.22,3060.94,2154.41,1846.31,3037.68,2227.97,3145.88,5018.81,2020.46,2074.11,5627.1,2135.37,1897.9,2950.48,3427.97,3914.29,2205.47,3666.89,1684.07,4362,1327.1,3164.59,998.67,1843.73,2141.19,1113.78,3717.41,1147.29
2014/9/16,2106.07,3104.75,2166.34,1882.58,3063.83,2249.67,3175.63,5029.67,2037.29,2093.28,5664.62,2148.67,1927.94,2965.82,3471.81,3991.71,2228.78,3700.78,1696.71,4379.05,1325.17,3201.28,1002.47,1857.7,2145.49,1116.88,3732.05,1161.73
2014/9/17,2051.67,3026.6,2095.86,1863.91,2979.03,2157.06,3122.33,4900.43,1977.36,2026.09,5510.85,2103.36,1875.95,2914.2,3354.73,3871.07,2150.09,3591.68,1673.24,4225.58,1261.77,3098.25,963.75,1788.99,2143.99,1093.86,3604.26,1118.63
2014/9/18,2072.11,3031.25,2110.1,1867.18,2993.83,2153.75,3120.64,4906.57,1993.37,2033.11,5562.44,2122.37,1892.33,2951.37,3408.84,3892.03,2168.43,3616.47,1677.81,4253.32,1248.49,3101.66,965.91,1801.64,2131.94,1089.81,3604.27,1128.37
2014/9/19,2098.51,3051.73,2121.72,1870.32,3003.67,2169.41,3123.75,4943.11,2014.48,2045.1,5656.31,2143.18,1905.78,2946.8,3435.72,3918.95,2190.07,3628.8,1678.65,4294.92,1248.05,3129.42,968.48,1818.83,2149.55,1098.58,3632.94,1139.44
2014/9/22,2124.07,3059.43,2141.33,1869.5,3010.29,2186.16,3131.94,4967.54,2035.53,2067.89,5705.33,2152.6,1906.87,2965.02,3455.7,3995.46,2222.31,3656.57,1688.66,4319.61,1287.96,3147.81,974.25,1843.13,2151.05,1101.92,3662.7,1147.91
2014/9/23,2100.41,3014.31,2123.64,1835.57,2949.81,2166.74,3068.66,4879.39,2017.3,2037,5653.85,2127.87,1887.57,2949.86,3385.38,4012.8,2194.51,3613.66,1673.38,4261.39,1264.58,3130,964.16,1839.3,2108.64,1081.38,3608.86,1131.51
2014/9/24,2122.92,3027.82,2145.28,1841.37,2969.29,2192.79,3095.8,4897.29,2040.81,2063.9,5687.61,2141.8,1902.41,2968.1,3422.64,4053.69,2236.46,3668.65,1684.74,4316.28,1298.99,3181.35,972.38,1861.45,2112.45,1089.83,3636.05,1151.31
2014/9/25,2149.84,3112.85,2180.7,1894.17,3041.84,2227.46,3149.1,5003,2072.3,2100.51,5767.6,2176.21,1937.19,3013.06,3479.56,4086.54,2265.16,3727.12,1728.74,4390.76,1347.28,3243.4,986.08,1902.84,2159.3,1139.26,3725.89,1175.87
2014/9/26,2147.49,3078.81,2168.02,1889.17,3036.91,2213.11,3125.93,4953.45,2058.58,2090.16,5731.54,2165.13,1937.61,2983.36,3455.58,4048.33,2246.31,3701.23,1717.39,4397.11,1351.43,3229.78,984.53,1897.05,2133.91,1120.29,3704.21,1177.59
2014/9/29,2213.34,3091.53,2189.14,1915.03,3049.82,2221.85,3131.75,4978.31,2075.4,2115.19,5780.48,2180.8,1948.85,2993.7,3514.69,4071.45,2271.89,3746.93,1736.84,4439.25,1354.01,3263.18,988.32,1921.78,2136.68,1130.18,3734.73,1187.57
2014/9/30,2243.03,3162.17,2214.39,1906.56,3053.87,2237.65,3106.17,4992.52,2099.47,2133.81,5810.02,2203.79,1958.6,2998.11,3553.13,4056.76,2302.73,3777.47,1751.84,4469.59,1358.66,3299.35,996.43,1939.29,2138.39,1135.01,3772.71,1197.65
2014/10/8,2219.78,3148.33,2220.52,1909.95,3072.61,2267.92,3105.65,5002.33,2120.05,2145.02,5860.42,2212.89,1980.72,3069.67,3577.47,4089.37,2320.86,3802.2,1772.65,4486.08,1357.31,3382.39,1003.49,1951.38,2141.97,1134.48,3797.74,1200.82
2014/10/9,2254.9,3162.43,2251.01,1923.67,3086.08,2285.7,3142.27,5025.26,2144.86,2174.77,6027.77,2232.76,2007.59,3067.66,3606.49,4063.32,2360.88,3850.05,1790.09,4528.61,1390.62,3418.22,1006.81,1984.24,2158.12,1139.12,3854.55,1218.7
2014/10/10,2246.54,3190.44,2254.35,1943.08,3113.69,2286.34,3150.1,5023.05,2138.27,2188.62,5994.34,2237.07,1993.34,3069.45,3577.07,4032.41,2350.65,3849.57,1798.94,4532.06,1386.52,3367.91,1011.2,1971.72,2146.13,1129.76,3858.44,1215.8
2014/10/13,2226.49,3172.86,2244.69,1940.33,3082.11,2268.45,3150.42,4954.79,2128.74,2176.8,6008.7,2211.03,1981.82,3099.9,3562.19,3990.73,2342.68,3820.1,1793.26,4481.71,1398.59,3332.43,1002.73,1954.3,2135.51,1121.94,3822.45,1207.67
2014/10/14,2211.51,3221.2,2248.21,1952.15,3096.78,2261.17,3125.32,4873.64,2135.29,2175.55,6053.02,2201.47,1969.64,3126.44,3577.14,3994.37,2341.68,3829.08,1790.74,4486.35,1428.25,3322.28,1000.91,1945.3,2120,1114.7,3824.74,1213.29
2014/10/15,2206.62,3205.39,2244.26,1973.82,3091.46,2253.67,3129.44,4872.2,2160.39,2171.66,6029.25,2193.86,1974.34,3103.15,3582.71,3979.19,2343.05,3805.49,1787.24,4463.11,1414.88,3317.3,998.24,1937.63,2119.51,1115.89,3797.25,1212.38
2014/10/16,2202.09,3189.86,2238.32,2015.7,3067.43,2256.36,3127.2,4868.62,2151.43,2169.59,6134.12,2195.24,1983.16,3071.11,3577.31,3950.02,2344.28,3802.36,1779.23,4440.59,1385.07,3323.36,1002.68,1934.39,2120.44,1134.03,3786.44,1206.01
2014/10/17,2177.45,3155.46,2214.21,1967.65,3024.66,2220.45,3114.41,4856.17,2135.14,2152.78,6078.59,2185.33,1963.13,3032.85,3526.88,3901.83,2319.88,3754.17,1778.37,4373.15,1357.8,3287.43,995.14,1909.49,2136.23,1134.34,3737.85,1204.71
2014/10/20,2173.79,3107.71,2205.13,1951.64,3010.91,2219.5,3113.71,4899.49,2107.06,2139.43,6031.12,2165.7,1946.62,3039.59,3490.01,3882.88,2300.3,3719.45,1755.12,4342.8,1374.41,3274.06,989.11,1890.61,2138,1147.31,3749.39,1198.51
2014/10/21,2189.66,3122.09,2227.15,1953.65,3041.22,2253.33,3126.16,4890.27,2129.3,2159.71,6092.27,2182.82,1971.16,3043.58,3526.66,3944.78,2326.62,3763.85,1767.6,4393.89,1376.89,3346.77,998.16,1918.78,2136.25,1145.91,3805.4,1209.08
2014/10/22,2184.4,3083.18,2216.79,1931.91,3010.04,2237.01,3095.41,4870.44,2111.95,2143.32,6000.06,2192.93,1956.93,3018.63,3518.52,3904.02,2301.07,3736.7,1747.29,4353.74,1349.97,3321.21,990.54,1903.74,2121.68,1141.42,3767.23,1195.83
2014/10/23,2147.28,3046.16,2187.97,1891.45,2954.99,2200.8,3080.45,4822.15,2084.62,2109.25,5880.48,2161.43,1936.32,2978.18,3468.16,3843.55,2277.34,3695.48,1724,4283.14,1354.49,3292.3,976.56,1881.19,2123.99,1131.64,3741.04,1188.09
2014/10/24,2123.75,2987.14,2157.89,1846.53,2907.62,2166.79,3073.75,4755.98,2054.89,2060.84,5814.74,2127.16,1910.31,2928.89,3407.99,3800.22,2240.16,3649.02,1709.94,4231.96,1357.23,3249.22,962.24,1875.79,2125.84,1127.56,3707.99,1181.13
2014/10/27,2128.13,2974.51,2154.16,1847.98,2900.46,2166.87,3042.91,4722.58,2052.47,2055.05,5811.91,2124.16,1926.69,2934.39,3414.2,3805.82,2237.56,3636.03,1705.73,4233.84,1327.35,3259.16,963.98,1863.12,2109.92,1102.17,3689.54,1176.02
2014/10/28,2141.72,2968.99,2174.18,1855.34,2924.23,2192.5,3041.09,4755.44,2073.4,2075.19,5909.89,2131.67,1956.34,2934.71,3454.71,3845.31,2268.76,3671.72,1718.07,4289.33,1346.14,3300.03,975.22,1881.09,2086.1,1093.37,3708.96,1195.96
2014/10/29,2190.07,3032.82,2217.75,1919.09,2989.74,2247.8,3099.46,4793.88,2132.26,2132.97,6019.67,2187.34,2001.28,3004.66,3532.87,3942.54,2329.44,3774.63,1781.39,4419.33,1405.09,3390.32,991.14,1920.78,2111.09,1130.75,3795.94,1232.78
2014/10/30,2203.37,3061.81,2234.62,1957.62,3014.41,2261.15,3128.15,4814.76,2161.99,2159.78,6031.62,2217.23,2072.33,3061.41,3600.68,3999.07,2352.53,3811.17,1799.74,4467.39,1410.19,3429.61,996.07,1929.8,2132.8,1152.3,3840.2,1243.85
2014/10/31,2198.86,3079.86,2236.03,2001.25,3018.56,2261.33,3137.02,4808.2,2158.02,2162.26,6062.08,2270.03,2119.59,3058.26,3606.23,3995.92,2349.39,3841.67,1845.8,4450.72,1394.62,3421.04,989.82,1933.44,2166.71,1162.2,3858.25,1242.59
2014/11/3,2204.12,3127.05,2239.67,2020.34,3040.44,2243.81,3215.53,4828.81,2165.89,2164.64,6016.25,2273.73,2124.66,3104.13,3641.88,3989.58,2338.93,3877.48,1840.6,4433.17,1395.03,3379.48,987.32,1932.11,2246.75,1193.3,3869.83,1241.64
2014/11/4,2219.61,3139.26,2252.49,2076.26,3056.49,2258.82,3246.63,4837.78,2184.97,2182.68,6010.68,2278.26,2190.08,3103.06,3661.25,4000.77,2354.75,3898.74,1894.49,4462.65,1393.66,3412.47,994.89,1940.19,2220.11,1182.06,3864.95,1261.65
2014/11/5,2202.01,3173.08,2253.94,2079.16,3063,2238.75,3243.17,4768.99,2164.53,2177.17,5931.72,2297.9,2179.54,3100.11,3615.24,3988.44,2329.8,3893.62,1978.08,4464.54,1386.54,3375.19,983.18,1926.96,2201.66,1185.69,3834.92,1270.46
2014/11/6,2213.49,3130.82,2256.93,2066.25,3010.72,2231.75,3223.34,4718.41,2169.2,2170.4,5939.74,2296.17,2159.82,3098.73,3634.22,3971.91,2341.85,3883.74,1930.53,4459.92,1392.48,3384.03,980.72,1925.94,2190.76,1197.52,3828.27,1262.62
2014/11/7,2218.01,3125.47,2266.16,2053.92,3031.22,2258.16,3240.54,4749.53,2183.58,2179.34,5974.26,2313.55,2174.05,3115.07,3641.87,4029.72,2359.45,3926.86,1964.44,4534.02,1393.61,3423.57,990.39,1948.46,2185.55,1196.24,3851.71,1279.67
2014/11/10,2195.2,3102.71,2241.22,2032.3,2999.11,2226.87,3237.92,4732.14,2166.9,2160.21,5917.64,2319.03,2172.68,3114.6,3613.25,4070.54,2345.18,3902.59,1922.74,4484.49,1385.2,3404.51,987.5,1929.21,2253.34,1249.33,3824.41,1262.76
2014/11/11,2210.85,3172.67,2266.2,2124.96,3042.72,2227.74,3308.7,4875.96,2188.36,2182.22,5938.27,2347.44,2240.12,3150.56,3662.97,4080.09,2363.97,3956.96,1982.36,4531.48,1378.87,3406.04,994.4,1943.47,2276.09,1274.15,3898.39,1268.3
2014/11/12,2172.57,3122.45,2188.43,2046.13,2958.47,2143.45,3228.62,4803.9,2106.38,2106.59,5776.42,2278.33,2157.91,3094.1,3512.26,3991.49,2277.01,3836.43,1906.9,4411.5,1307.88,3273.65,963.56,1888.63,2306.9,1251.29,3765.47,1221.85
2014/11/13,2234.39,3186.48,2225.96,2085.51,3011.96,2175.43,3288.85,4871.32,2150.23,2147.62,5849.71,2327.2,2223.05,3170.02,3606,4057.41,2324.72,3918.15,1941.29,4464.21,1327.93,3326.57,973.6,1909.84,2333.81,1308.33,3830.46,1246.18
2014/11/14,2231.64,3154.54,2198.86,2134.51,3039.46,2128.53,3260.4,4837.71,2118.87,2114.9,5748.42,2299.32,2211.61,3132.32,3564.51,4036.39,2295.38,3868.5,1912.67,4359.52,1264.24,3252.2,953.33,1877.2,2309.8,1291.96,3783.06,1217.13
2014/11/17,2219.2,3180.46,2203.59,2121.55,3048.74,2140.03,3313.64,5045.43,2125.37,2122.28,5828.46,2317.44,2237.55,3165.55,3586.41,4032.05,2308.11,3881.71,1926.35,4361.51,1285.86,3260.06,955.26,1891.13,2323.3,1319.72,3856.57,1222
2014/11/18,2235.64,3128.26,2217.26,2082.23,3031.97,2165.8,3260.93,4951.32,2147.85,2137.56,5853.77,2302.69,2238.25,3150.85,3595.25,4041,2318.03,3870.78,1914.49,4406.91,1296.13,3310.93,970.85,1903.84,2267.17,1271.6,3837.94,1240.81
2014/11/19,2264.3,3090.76,2228.12,2073.91,3035.65,2171.21,3238.23,4850.33,2157.49,2146.74,5860.23,2300.46,2229.16,3145.08,3620.6,4056.34,2338.72,3886.89,1910.86,4405.08,1295.12,3336.47,988.27,1905.11,2216.77,1257.25,3841.09,1243.83
2014/11/20,2263.07,3098.77,2232.84,2075.96,3015.95,2185.1,3233.99,4828.5,2161.1,2160.16,5880.44,2303.13,2213.22,3137.41,3620.55,4080.29,2341.84,3878.72,1900.21,4401.04,1292.72,3395.87,1000.82,1922.05,2209.7,1254.57,3818.78,1242.47
2014/11/21,2275.09,3098.92,2240.5,2073.92,3024.28,2184.45,3238.66,4826.8,2171.19,2169.49,5860.5,2316.33,2220,3142.58,3643.37,4085.78,2345.41,3878.51,1910.35,4414.44,1277.44,3378.97,995.83,1917.08,2219.36,1274.25,3824.56,1247.37
2014/11/24,2276.22,3147.61,2274.06,2136.41,3098.23,2211.03,3313.45,4913.98,2211.4,2198.21,5928.8,2378.49,2273.25,3307.51,3731.89,4141.01,2380.84,3987.39,1968,4479.78,1297.58,3455.59,1028.92,1944.42,2220.32,1377.75,3906.44,1271.23
2014/11/25,2285.7,3187.18,2279.47,2158.45,3127.25,2213.91,3328.64,4903.19,2213.55,2200.2,5903.15,2388.35,2283.31,3361.07,3759.58,4150.24,2395.75,4012.96,2007.23,4490.49,1311.73,3486.62,1039.35,1948.14,2253.76,1412.7,3924.06,1276.61
2014/11/26,2299.99,3244.98,2311.09,2199.36,3227.84,2251.18,3378.82,4956.56,2241.54,2233.46,5977.23,2431.46,2320.57,3368.88,3815.55,4195.08,2427.34,4055.18,2053.8,4571.29,1330.68,3556.38,1055.48,1993.13,2297.5,1434.53,3982.3,1307.13
2014/11/27,2298.39,3266.39,2324.49,2195.28,3226.85,2262.03,3373.96,5000.28,2250.29,2241.2,6010.9,2461.86,2315.85,3388.23,3832.86,4245.87,2453.8,4078.03,2065.3,4592.97,1349.39,3592.97,1055.13,1998.66,2368.4,1511.15,3986.19,1315.47
2014/11/28,2330.29,3284.32,2329.95,2212.47,3254.28,2269.58,3349.64,4998.17,2268.14,2260.37,6030.85,2451.48,2345.3,3408.65,3864.82,4223.48,2486.56,4078.15,2043.79,4606.61,1360.97,3587.29,1049.86,1998.05,2388.87,1557.92,3976.78,1318.72
2014/12/1,2326.6,3264.34,2333.28,2238.59,3197.24,2265.21,3343.81,4985.16,2273.82,2253.72,6019.7,2443.85,2387.74,3536.64,3870.21,4218.17,2506.22,4119.77,2074.81,4574.02,1338.64,3637.89,1048.17,2005.72,2600.9,1597.31,3969.84,1316.4
2014/12/2,2315.91,3338.04,2317.93,2284.77,3216.99,2217.89,3399,5096.9,2239.02,2228.88,6001.66,2441.15,2370.2,3464.34,3829.08,4147.6,2477.33,4094.36,2047.66,4513.17,1310.09,3629.85,1038.47,1985.89,2551.71,1556.83,3931.67,1298.8
2014/12/3,2360,3381.66,2345.92,2327.15,3242.64,2241.26,3513.68,5162.86,2280.4,2253.29,6063.33,2501.99,2424.63,3565.45,3895.64,4184.84,2515.53,4190.1,2104.45,4575.21,1321.32,3690.24,1049.04,2015.81,2740.62,1714.65,4008.42,1318.35
2014/12/4,2361.34,3473.77,2367.29,2395.17,3452.36,2273.94,3608.02,5256.21,2282.44,2272.34,6086.79,2532.2,2411.04,3621.2,3944.3,4195.44,2542.31,4224.92,2112.19,4627.94,1367.66,3725.24,1080.89,2037.26,2720.91,1711.96,4069.81,1328.42
2014/12/5,2400.88,3706.19,2400.4,2465.17,3503.73,2296.38,3649.75,5403.03,2330.88,2305.51,6177.01,2596.5,2469.47,3746.78,4066.91,4239.48,2594.42,4322.98,2163.84,4680.5,1415.76,3819.14,1099.53,2079.19,2914.32,1932.81,4135.02,1350.34
2014/12/8,2312.59,3540.77,2325.8,2366.31,3353.05,2227.65,3539.03,5169.18,2263.05,2229.49,6025.47,2516.09,2444.22,3635.8,3956.13,4113.09,2504.3,4161.84,2072.8,4535.6,1562.4,3703.53,1061.75,2052.54,2920.8,1963.71,4059.94,1315.24
2014/12/9,2329.83,3598.12,2324.45,2481.99,3401.42,2231.16,3613.13,5231.36,2268.53,2218.74,6005.37,2605.61,2560.08,3751.15,4019.46,4073.2,2513.77,4249.05,2213.12,4585.86,1626.82,3641.35,1061.21,2098.36,2962.4,2135.62,4126.23,1345.74
2014/12/10,2243.18,3428.22,2249.2,2428.11,3302.97,2140.25,3526.43,5228.04,2180.08,2139.57,5836.54,2509.76,2480.21,3607.73,3915.83,3949.62,2413.04,4181.51,2168.71,4425.09,1463.47,3422.92,1052.67,1988.01,2763.69,2050.31,4006.05,1274.73
2014/12/11,2328.32,3473.53,2316.64,2542.17,3394.63,2202.01,3638.84,5352.98,2238.7,2197.19,6013.59,2677.82,2651.57,3721.33,4053.87,4077.91,2484.01,4314.98,2284.75,4576.28,1518.13,3537.2,1114.04,2052.29,2808.27,1986.34,4160.59,1330.36
2014/12/12,2370.15,3513.39,2348.09,2769.23,3449.38,2225.46,3654.3,5360.28,2279.27,2240.66,6059,2724.87,2740.94,3799.25,4130.92,4138.63,2519.27,4390.18,2312.13,4617.23,1529.48,3625.4,1105.17,2065.36,2821.55,1908.16,4205.18,1351.5
2014/12/15,2360.68,3514.76,2366.68,2673.1,3449.56,2240.98,3723.18,5391.67,2295.58,2245.82,6078.2,2719.49,2724.15,3770.05,4151.12,4161.27,2575.04,4411.64,2355.13,4644.14,1458.71,3705.09,1123.19,2071.88,2764.75,1951.4,4191.25,1360.58
2014/12/16,2378.88,3501.21,2394.38,2658.05,3452.55,2277.53,3698.87,5485.95,2332.63,2288.22,6226.58,2747.27,2703.33,3735.19,4213.92,4260.66,2621.16,4489.64,2531.42,4734.18,1527.34,3858.72,1147.53,2110.61,2739.44,2038.25,4237.12,1385.51
2014/12/17,2358.42,3589.5,2385.99,2735.08,3450.98,2263.01,3666.21,5407.79,2336.77,2264.33,6190.87,2764.47,2699.14,3793.12,4211.93,4216.57,2610.89,4493.62,2533.76,4691.23,1534.84,3787.83,1130.03,2105.5,2890.58,2266.63,4232.91,1381.7
2014/12/18,2320.21,3532.68,2364.08,2736.43,3375.72,2218.42,3618.17,5320.21,2326.3,2233.19,6070.33,2743.07,2734.48,3871.07,4157.58,4180.9,2563.3,4409.89,2553.86,4633.05,1502.22,3795.42,1120.5,2104.18,3111.65,2245.24,4194.44,1372.18
2014/12/19,2345.97,3550.72,2354.53,2758.04,3430.22,2216.59,3703.2,5323.62,2309.34,2220.41,6029.64,2750.63,2778.99,3806.95,4122.08,4169.02,2546,4385.29,2658.56,4653.31,1554.28,3794.7,1113.83,2108.32,3025.23,2203.95,4159.52,1378.92
2014/12/22,2350.33,3682.16,2348.21,2935.2,3459.7,2163.7,3666.17,5292.97,2273.53,2188.88,5926.16,2847.27,2886.98,3757.44,4102.76,4093.54,2487.3,4364.52,2908.87,4610.55,1562.37,3695.24,1084.74,2105.78,3077.73,2158.91,4141.1,1392.37
2014/12/23,2328.81,3702.14,2271.31,2839.03,3357.64,2055.98,3632.97,5313.13,2166.29,2084.27,5707.79,2889.78,2691.94,3644.55,3944.7,3965.65,2365.19,4258.3,2662.84,4444.7,1475.17,3436.55,1035.45,2015.6,3157.72,2134.15,3976.22,1311.43
2014/12/24,2282.92,3557,2273.29,2682.52,3275.78,2051.07,3678.84,5390.87,2157.41,2082.75,5699.1,2773.1,2597.75,3638.66,3949.21,3998.78,2368.08,4216.51,2615.31,4372.17,1413.91,3422.03,1036.06,1996.85,3115.64,2183.12,3952.43,1293.33
2014/12/25,2262.03,3548.41,2312.38,2630.55,3288.28,2091.67,3649.73,5397.87,2191.07,2124.15,5763.06,2795.87,2601.53,3596.34,4006,4014.28,2410.93,4254.35,2589.95,4428.88,1454.4,3492.9,1047.75,2011.2,3066.34,2027.59,3954.05,1313.21
2014/12/26,2279.14,3608.11,2335.18,2745.02,3333.23,2106.43,3646.27,5423.72,2225.4,2141.78,5783.35,2862.31,2665.19,3673.68,4054.2,4051.54,2424.61,4350.01,2770.3,4499.78,1482.59,3539.25,1056.25,2037.01,3151.69,2111.11,4000.12,1349.14
2014/12/29,2274.44,3700.42,2354.82,2777.77,3376.31,2101.34,3685.98,5481.88,2238.33,2150.7,5821.37,2892.86,2741.31,3849.44,4128.57,4081.59,2442.58,4397.53,2766.96,4510.4,1492.48,3529.58,1070.39,2052.28,3362.48,2365.44,4041.15,1343.27
2014/12/30,2219.98,3630.61,2322.19,2771.38,3350.43,2051.93,3585.93,5514.63,2197.78,2117.11,5712.49,2881.79,2707.62,3898.93,4094.07,3980.41,2408.81,4383.34,2840.28,4435.58,1490.81,3405.64,1043.7,2005.49,3249.52,2284.57,3925.98,1327.8
2014/12/31,2183.83,3590.15,2280.86,2725.12,3301.72,2018.42,3524.44,5455.15,2165.75,2080.81,5695.61,2790.09,2626.46,3857.65,4027.95,3948.96,2344.57,4442.95,2848.39,4355.13,1456.03,3341.46,1003.85,1976.96,3347.77,2335.21,3885.77,1327.3
2015/1/5,2204.01,3667.36,2313.36,2760.74,3325.72,2040.71,3644.52,5518.85,2196.14,2096.68,5751.48,2857.08,2688.28,4171.95,4069.05,4004.61,2372.76,4496.57,2850.23,4435.12,1473.17,3380.85,1011.53,1998.16,3454.2,2398.25,3949.09,1338.83
2015/1/6,2228.03,3996.29,2357.56,2842.36,3528.49,2037.61,3810.01,5706.34,2218.82,2110.13,5767.96,2904.1,2756.44,4174.85,4118.09,4022.59,2386.57,4501.24,2828.19,4460.28,1478.97,3353.75,1017.3,2005.16,3441.49,2333.5,4118.48,1343.56
2015/1/7,2268.98,3845.91,2385,2803.01,3496.17,2100.07,3928.21,5734.08,2250.12,2146.54,5964.83,2929.85,2819.9,4082.52,4150.05,4150.6,2433.82,4510.12,2845.41,4572.71,1544.66,3482.73,1066.79,2057.16,3403.59,2333.75,4234.24,1376.67
2015/1/8,2279.9,3915.42,2401.36,2835.32,3541.4,2083.31,3919.79,5680.25,2258.6,2165.75,5926.2,2941.79,2811.54,4121.62,4163.09,4133.46,2423.68,4521.07,2843.15,4618.89,1516.16,3469.71,1050.86,2069.37,3417.38,2402.77,4229.21,1387.51
2015/1/9,2281.07,3851.99,2394.46,2736.78,3457.37,2086.8,3904.7,5667.65,2251.36,2156.76,5922.9,2860.44,2744.6,4003.34,4105.65,4102.03,2423.47,4452.74,2716.83,4586.16,1500.63,3499.54,1049.14,2066.02,3263.15,2306.28,4216.6,1381.77
2015/1/12,2255.65,3772.47,2362.45,2688.55,3412.01,2081.04,3842.41,5614.89,2233.76,2136.41,5888.08,2811.11,2706.68,3939.75,4051.27,4073.43,2388.97,4411.31,2692.11,4515.47,1473.62,3533.85,1057.36,2040.5,3293.28,2332.34,4167.08,1366.11
2015/1/13,2232.72,3680.68,2350.26,2628.74,3382.61,2073.09,3909.57,5588.1,2202.39,2121.43,5908.84,2750.79,2673.43,3876.55,3995.27,4092.2,2342.95,4336.74,2627.71,4504.94,1437.09,3636.95,1072.36,2021.43,3254.72,2309.38,4223.58,1331.07
2015/1/14,2249.43,3695.94,2380.22,2641.37,3372.17,2133.13,4035.28,5576.71,2218.36,2154.93,5995.08,2774.46,2667.76,3902.3,4037.05,4142.25,2374.52,4364.28,2670.64,4596.56,1457.81,3758.87,1087.79,2071.53,3271,2278.98,4295.94,1357.18
2015/1/15,2259.77,3648.07,2366.84,2600.04,3298.37,2121.99,3942.81,5484.92,2203.92,2140.36,5975.03,2761.74,2616.8,3920.15,4024.84,4121.69,2372.63,4329.41,2637.14,4600.76,1472.55,3706.21,1076.01,2055.19,3306.61,2284.36,4227.1,1343.02
2015/1/16,2278.23,3749.38,2385.81,2680.74,3402.64,2128.89,3994.17,5551.28,2237.7,2163.04,5987.17,2838.91,2693.87,4046.13,4072.07,4127.27,2387.02,4401.68,2723.63,4651.64,1489.23,3693.68,1086.45,2078.16,3440.32,2400.38,4271.45,1378.94
2015/1/19,2269.33,3624.86,2359.19,2593.5,3300.11,2112.74,3849.89,5431.92,2200.14,2143.89,5924.93,2727.62,2584.3,3848.6,3958.66,4118.69,2344.2,4274.87,2609.37,4591.41,1446.1,3776.69,1107.42,2045.73,3184.14,2161.69,4147.9,1351.17
2015/1/20,2263.91,3466.06,2333.54,2495.86,3242.38,2115.16,3825.94,5329.92,2186.84,2140.42,5971.56,2661.53,2519.98,3793.05,3902.35,4078.52,2323.34,4186.21,2542.68,4583.23,1441.47,3844.14,1121.86,2038.9,3120.41,2067.11,4077.56,1343.06
2015/1/21,2339.25,3531.77,2405.59,2560.5,3341.74,2199.96,3994.34,5444.87,2255.93,2220.71,6149.31,2728.17,2609.67,3899.99,4009.36,4187.2,2398.56,4309.05,2627.99,4741.85,1482.62,4073.21,1158.44,2120.75,3149.85,2109.01,4212.23,1406.5
2015/1/22,2385.81,3667.39,2459.59,2647.03,3432.05,2227.58,4034.76,5557.45,2322,2253.31,6240.81,2806.11,2691.9,4071.2,4138.47,4273.75,2447.23,4417.5,2693.17,4835.44,1537.31,4070.53,1180.65,2155.13,3293.49,2253.05,4325.9,1433.24
2015/1/23,2435.33,3739.89,2477.43,2717.5,3596.19,2273.42,4030.54,5544.29,2350.28,2269.74,6298.42,2831.48,2707.91,4147.5,4234.94,4308.7,2496.85,4452.83,2703.82,4875.9,1621.62,4112.84,1188.94,2201.51,3298.96,2269.14,4362.77,1459.31
2015/1/26,2400.38,3683.11,2476.49,2730.36,3506.57,2242.71,4009.51,5510.29,2350.55,2258.36,6237.82,2812.36,2704.36,4185.26,4187.43,4320.23,2490.26,4422.86,2691.73,4845.51,1609.5,4005.4,1160.9,2170.25,3300.12,2302.05,4319.17,1443.48
2015/1/27,2444.37,3752.94,2528.74,2823.08,3580.29,2279.15,4049.12,5617.8,2464.56,2302.36,6345.58,2854.71,2761.82,4228.06,4348.76,4399.15,2562.39,4520.01,2747.21,4949.45,1629.59,4122.54,1195.67,2206.8,3283.41,2296.47,4376.95,1471.17
2015/1/28,2461.88,3690.51,2532.44,2786.96,3558.02,2285.38,4020.07,5566.6,2479.71,2300.7,6342.4,2830.41,2728.84,4130.55,4353.98,4385.38,2552.4,4510.45,2774.87,4921.02,1638.3,4148.69,1188.99,2192.69,3161.79,2236.02,4415.13,1470.95
2015/1/29,2438.43,3613.45,2501.22,2761.29,3496.94,2271.7,3940.21,5495.23,2447.06,2291.37,6281.99,2804.63,2705.19,4054.49,4318.81,4345.11,2511.81,4443.93,2743.31,4880.4,1575.28,4081.36,1177.98,2157.02,3099.22,2183.42,4352.9,1449.16
2015/1/30,2452.89,3649.65,2501.76,2792.68,3486.91,2269.87,3980.57,5502.62,2446.92,2305.63,6237.09,2850.63,2742.89,4096.32,4347.65,4347.94,2526.07,4461.39,2754.03,4899.86,1582.64,4118.46,1185.38,2156.79,3114.32,2199.74,4338.36,1450.89
2015/2/2,2441.93,3536.34,2454.82,2706.34,3425.77,2224.62,3918.54,5421.91,2382.9,2257.11,6130.61,2769.79,2636.14,4023.69,4244.73,4247.58,2465.11,4373.35,2607.09,4741.03,1553.55,3949.08,1159.64,2116.53,2981.54,2068.33,4225.35,1396.7
2015/2/3,2404.9,3544.47,2474.88,2733,3451.96,2255.24,3952.17,5455.26,2416.12,2282.92,6203.05,2762.31,2632.11,4074.59,4267.71,4295.28,2489.1,4380.09,2583.38,4757.66,1566.08,4067.58,1183.55,2141.2,3012.3,2103.46,4265.3,1394.32
2015/2/4,2405.68,3621.93,2506.11,2773.03,3489.05,2302.05,3978.9,5493.46,2445.8,2332.39,6256.17,2798.66,2675.31,4092.64,4381.31,4347.62,2521.67,4424.58,2643.08,4814.22,1575.06,4216.96,1212.49,2178.46,3060.31,2171.9,4338.17,1416.2
2015/2/5,2408.53,3624.72,2505.75,2858.49,3506.78,2285.59,3996.36,5501.35,2448.11,2335.95,6218.61,2812.95,2693.27,4197.98,4378.13,4368.38,2542.71,4455.57,2698.22,4823.88,1580.98,4240.68,1213.99,2185.53,3141.11,2209,4337.22,1429.68
2015/2/6,2366.41,3492.38,2449.39,2704.11,3388.56,2262.68,3896.95,5404.83,2410.75,2322.77,6153.3,2719.18,2625.33,4015.24,4294.51,4302.07,2503.66,4349.39,2594.65,4734.63,1522.18,4312.63,1241.77,2180.06,2970.05,2097.26,4258.58,1394.92
2015/2/9,2328.82,3403.97,2409.74,2642.14,3301.63,2209.41,3845.11,5328.31,2376.8,2279.48,6070.97,2641.33,2536.52,3896.42,4215.94,4254.17,2471.26,4284.9,2549.57,4653.88,1484.61,4201.17,1216.61,2123.16,2938.3,2106.82,4196.86,1362.65
2015/2/10,2320.43,3422.64,2399.45,2652.3,3318.1,2192.67,3868.6,5449.55,2363.01,2250.44,6041.93,2628,2531.48,3879.55,4189.9,4201.02,2439.08,4274.29,2580.45,4633.43,1483.21,4168.94,1197.67,2115.7,2967.97,2186.78,4208.75,1359.71
2015/2/11,2334.99,3463.09,2433.07,2689.68,3360.73,2224.53,3942.14,5470.71,2396.1,2275.52,6105.97,2685.65,2607.11,3972.1,4250.62,4260.11,2472.45,4341.32,2663.01,4685.82,1508.45,4300.12,1229.67,2162.47,3019.51,2227.84,4288.3,1384.17
2015/2/12,2364.36,3462.36,2443.27,2721.03,3375.93,2256.71,4006.31,5493.62,2430.45,2315.2,6200.19,2692.48,2627.82,3976.53,4332.12,4318.67,2484.54,4381.14,2651.49,4723.84,1521.26,4454.95,1256.69,2222.16,3015.56,2239.43,4330.11,1390.61
2015/2/13,2383.88,3487.99,2478.87,2730.49,3398.42,2282.83,4069.63,5559.74,2453.13,2345.6,6262.93,2717.38,2652.71,4026.04,4399.36,4385.01,2511.27,4425.27,2690.46,4794.92,1520.94,4491.48,1273.05,2248.18,3019.16,2251.57,4362.51,1412.71
2015/2/16,2407.16,3535.7,2504.26,2785.31,3452.65,2310.3,4070.67,5572.26,2490.61,2376.04,6375.57,2776.72,2663.25,4100.92,4469.91,4436.82,2545.45,4459.48,2705.94,4858.79,1550.49,4518.32,1313.53,2272.16,3020.61,2233.5,4407.67,1428.38
2015/2/17,2428.51,3578.27,2553.22,2800.38,3503.15,2375.5,4145.57,5599.48,2532.66,2410.86,6488.31,2805.08,2700.96,4129.65,4568.35,4537.89,2626.47,4499.83,2736,4978.63,1571.42,4724.94,1368.79,2374.45,3016.54,2239.55,4505.11,1447.93
2015/2/25,2442.32,3578.46,2573.46,2834.64,3500.8,2378.76,4228.43,5577.08,2546.61,2417.53,6514.18,2823.99,2775.17,4178.17,4592.57,4546,2639.25,4528.61,2784.77,4978.99,1572.1,4725.86,1366.71,2375.73,3028.61,2251.71,4598.61,1454.76
2015/2/26,2451.14,3556.59,2561.5,2834.76,3470.1,2371.38,4195.65,5528.44,2542.88,2433.71,6505.74,2862.27,2740.37,4116.32,4522.37,4485.27,2640.74,4501.64,2771.86,4966.26,1579.53,4600.27,1324.09,2339.39,2984.31,2186.73,4559.47,1448.83
2015/2/27,2481.57,3628.16,2589.7,2874.49,3578.17,2383.22,4197.87,5622.73,2563.67,2446.34,6510.06,2902.8,2794.07,4205.4,4572.52,4510.29,2666.4,4563.5,2929.43,5018.17,1608.92,4609.54,1335.33,2352.63,3058.05,2283.07,4598.35,1473.95
2015/3/2,2504.33,3666.9,2636.13,2937.9,3635.21,2417.67,4243.56,5657.97,2601.25,2473.21,6552.28,2975.28,2832.09,4284.4,4623.19,4538.99,2716.6,4609.41,2963.71,5127.95,1643.7,4707.52,1357.83,2443.97,3059.12,2308.86,4662.89,1503.47
2015/3/3,2526.24,3692.45,2657.44,2999.54,3680.71,2451.41,4314.58,5646.27,2627.57,2513.57,6628.44,2995.36,2822.46,4232.03,4667.77,4571.05,2737.77,4665.05,2937.9,5207.68,1643.77,4821.48,1368.47,2444.54,3031.63,2270.78,4683.39,1519.62
2015/3/4,2525.83,3629.3,2646.88,2955.67,3710.09,2443.18,4229.64,5612.11,2645.61,2522.54,6636.61,2968.05,2790.59,4151.89,4658.97,4596.95,2724.99,4655.9,2926.37,5218.32,1648.85,4775.93,1349.64,2410.56,2961.65,2197.39,4619.48,1509.35
2015/3/5,2599.46,3658.03,2697.22,2957.23,3700.02,2491.29,4284.21,5640.68,2697.1,2571.36,6871.89,2965.53,2806.13,4183.74,4757.94,4676.65,2766.05,4724.18,2906.39,5268.99,1652.38,4881.8,1390.32,2442.27,2918.41,2182.2,4669.92,1526.25
2015/3/6,2612.58,3627.17,2713.55,2916.55,3717.86,2525.9,4233.8,5647.55,2716.77,2578.3,6916.44,2934.97,2788.02,4165.04,4825.57,4718.65,2782.65,4715.31,2894.18,5274.52,1622.49,4858.45,1389.28,2441.1,2870.82,2192.58,4732.79,1545.95
2015/3/9,2599.34,3632.15,2687.41,2907.31,3713.26,2467.39,4104.91,5624.14,2700.06,2534.36,6726.81,2902.85,2766.24,4140.91,4761.24,4692.24,2733.5,4663.07,2845.91,5191.29,1603.55,4695.58,1346.98,2374.53,2903.09,2113.34,4601.8,1531
2015/3/10,2638.3,3677.64,2726.46,2945.18,3743.91,2512.42,4170.72,5730.96,2745.75,2590.64,6859.09,2947.73,2812.13,4210.07,4809.09,4782.77,2786.15,4756.74,2899.45,5275.43,1632.8,4835.18,1378.86,2422.64,3027.95,2140.5,4672.47,1560.87
2015/3/11,2669.21,3699.61,2753.8,2952.51,3747.57,2543.54,4227.19,5713.95,2781.91,2625.29,6961.32,2963.56,2862.64,4225.23,4876.63,4821.34,2824.39,4786.1,2893.74,5368.33,1629.02,4929.22,1406.68,2448.78,2994.08,2148.24,4699.88,1560.57
2015/3/12,2644.05,3692.32,2749.61,2935.14,3746.35,2541.75,4325.43,5748.34,2787.4,2623.14,6892.27,2959.97,2879.66,4252.95,4878.93,4882.8,2838.77,4801.33,2886.99,5388.23,1620.8,4929.61,1407.52,2444.32,3094.54,2173.2,4731.47,1553.19
2015/3/13,2638.51,3732.17,2740.71,2972.88,3725.88,2521.95,4289.73,5757.3,2772.33,2608.89,6869.17,2967.5,2901.86,4292.85,4897.06,4864.16,2838.08,4798.47,2908,5364.36,1625.43,4918.01,1398.54,2449.78,3178.39,2227.31,4753.07,1549.35
2015/3/16,2683.39,3801.55,2776.13,3068.97,3761.66,2560.7,4359.61,5786.38,2816.01,2668.19,7017.68,3006.11,3006.39,4323.73,4984.17,4900.01,2878.14,4852.49,2959.55,5413.28,1634.35,5138.1,1433.63,2502.93,3203.61,2233.34,4778.23,1570.68
2015/3/17,2756.6,3874.57,2837.81,3161.23,3836.49,2625.82,4448.5,5907.49,2894.47,2757.98,7195.12,3076.78,3105.46,4432.57,5156.84,5003.27,2951.26,4973.4,3052.82,5568.46,1672.79,5380.03,1481.7,2580.51,3251.35,2328.81,4892.89,1604.14
2015/3/18,2772.01,3922.23,2861.41,3223,3890.4,2658.39,4473.98,5973.01,2914,2788.06,7216.45,3115.04,3261.99,4461.33,5167.45,5032.23,2976.2,5014.84,3093.77,5620.51,1705.77,5318.56,1473.44,2607.06,3250.75,2366.03,4947.18,1628.63
2015/3/19,2817.84,4011.11,2915.75,3361.19,4000.38,2710.43,4684.59,6053.01,2966.43,2829.18,7324.9,3163.08,3272.49,4558.69,5277.73,5136.54,3019.54,5133.86,3168.17,5718.86,1738.98,5464.06,1512.23,2642.86,3318.74,2390.93,5003.36,1675.08
2015/3/20,2834.18,4017.74,2946.53,3321.29,4042.46,2714.34,4639.11,6033.35,3011.93,2848.36,7309.87,3201.24,3278.43,4558.65,5293.6,5228.67,3045.36,5163.87,3294.5,5812.76,1739.04,5516.57,1523.46,2666.07,3277.33,2395.44,5030.38,1693.92
2015/3/23,2871.53,4036.02,2962.45,3332.64,4069.93,2751.65,4649.11,6103.48,3074.48,2891.15,7401.69,3258.39,3281.15,4697.73,5383.58,5377.94,3086.55,5226.73,3310.63,5871.76,1743.52,5758.95,1557.3,2709.62,3330.73,2503.26,5075.67,1705.92
2015/3/24,2910.8,4110.59,3015.69,3396.51,4145.84,2810.79,4734.47,6215.2,3157.08,2977.87,7531.37,3338.38,3329.46,4779.32,5472.72,5615.35,3116.16,5312.85,3422.49,5994.2,1755.6,6050.44,1621.39,2790.97,3342.8,2524.16,5155.3,1742
2015/3/25,2936.56,4073.8,3009.33,3495.37,4176.86,2801.95,4675.81,6168.61,3146.73,2969.62,7561.03,3342.76,3409.84,4753.47,5550.97,5616.33,3098.26,5255.08,3445.83,6009.91,1760.76,6215.82,1642.91,2815.95,3300.43,2466.02,5167.96,1745.04
2015/3/26,2980.93,4063.19,3031.56,3415.18,4142.2,2859.61,4719.83,6207.58,3168.25,2988.53,7673.39,3311.13,3360,4722.79,5596.43,5699.89,3113.96,5287.81,3449.38,6082.51,1797.93,6182.9,1620.37,2810.61,3210.82,2417.36,5217.36,1780.8
2015/3/27,2994.8,4190.65,3039.23,3409.05,4159.75,2822.37,4687.37,6331.2,3161.37,2969.73,7575.22,3292.71,3347.09,4780.35,5582.73,5598.41,3097.68,5336.9,3438.81,6022.72,1865.96,5887.06,1565.26,2751.45,3250.85,2450.42,5205.57,1804.8
2015/3/30,3018.91,4183.14,3066.74,3474.38,4176.81,2857.49,4727.98,6331.9,3209.71,3018.01,7683.27,3324.73,3393.26,4916.62,5653.77,5632.44,3160.11,5415.66,3566.93,6215.15,1807.07,6002.59,1587.07,2810.8,3299.28,2464.19,5241.77,1809.58
2015/3/31,3026.3,4304.63,3088.44,3491.41,4210.33,2870.8,4929.01,6355.53,3215.81,3038.83,7769.23,3388.45,3460.14,5247.27,5739.17,5588.67,3187.3,5582.13,3782.36,6305.81,1850.87,5885.29,1576.97,2826.28,3447.12,2566.71,5322.5,1841.11
2015/4/1,3026.16,4198.57,3077.78,3437.01,4184.23,2908.51,4834.4,6309.58,3222.46,3036.74,7807.12,3347.6,3391.31,5023.03,5694.73,5671.43,3167.94,5505.83,3662.07,6313.67,1838.59,6035.23,1590.62,2825.68,3340.13,2535.65,5289.32,1827.09
2015/4/2,3100.24,4291.17,3169.06,3489.71,4302.02,2997.94,5010.37,6408.84,3321.59,3112.51,8051.45,3414.39,3460.94,5051.36,5850.48,5811,3251.13,5633.02,3714.76,6667.79,1868.79,6275.88,1634.4,2936.46,3395.04,2610.03,5458.85,1867.65
2015/4/3,3122.78,4312.69,3206.83,3483.55,4350.22,3064.74,5018.41,6401.46,3347.36,3185.3,8087.13,3446.22,3455.77,5019.26,5909.91,5850.15,3306.68,5729.32,3686.17,6754.57,1858.24,6353.97,1638.6,2963.1,3332.78,2549.05,5496.27,1885.03
2015/4/7,3198.78,4408.84,3295.29,3629.11,4439.88,3142.55,5100.84,6504.41,3452.14,3280.47,8259.23,3545.54,3530.84,5145.33,6075.15,5944.13,3422.8,5936.4,3764.9,6906.03,1923.87,6521.77,1679.08,3035.66,3425.28,2659.05,5634.97,1953.91
2015/4/8,3258.51,4507.36,3356.55,3659.26,4567.18,3191.29,5147.4,6654.9,3530.52,3349.03,8477.35,3616.91,3655.32,5260,6178.44,6055.59,3454.28,5987.34,3804.45,7017.19,1924.92,6621.15,1692.29,3069.39,3483.24,2691.39,5688.78,2011.84
2015/4/9,3203.74,4462.67,3311.05,3691.76,4483.39,3135.98,5094.6,6657.47,3493.26,3308.62,8361.76,3563.49,3609.84,5279.76,6099.75,5927.04,3433.99,5958.57,3861.72,6910.81,1868.9,6442.3,1641.08,3035.76,3559.17,2823.43,5608.56,2018.63
2015/4/10,3142.33,4402.02,3260.26,3656.93,4333.24,3100.63,4972.14,6576.25,3455.95,3248.42,8323.75,3507.22,3583.36,5396.44,6064.91,5852.52,3408.61,5846.73,3752.3,6766.53,1818.62,6421.97,1630.5,2976.45,3519.03,2755.98,5494.02,1975.74
2015/4/13,3270.15,4519.52,3378.18,3743.86,4469.46,3195.67,5140.25,6792.86,3593.38,3347.47,8715.17,3602.03,3694.65,5484.31,6301.52,5996.26,3534.46,6012.04,3860.5,7020.41,1882.93,6656.23,1669.69,3066.36,3735.97,2841.36,5632.68,2032.16
2015/4/14,3278.46,4575.44,3437.96,3800.28,4508.62,3259.68,5157.92,6864.99,3694.92,3424.06,9034.85,3662.83,3787.61,5525.41,6392.85,6107.39,3588.9,6160.19,3979.04,7150.1,1888.29,6740.58,1669.68,3103.99,3740.31,2792.13,5702.99,2111.82
2015/4/15,3288.75,4577.23,3429.96,3820,4471.1,3229.53,5114.58,6878.05,3679.16,3391.24,8984.62,3756.86,3849.66,5489.26,6335.69,6159.8,3581.45,6151.39,4111.84,7142.61,1935.02,6612.92,1659.78,3074.31,3690.75,2778.18,5683.28,2136.12
2015/4/16,3155.54,4422.95,3293.89,3667.29,4338.16,3048.61,4925.77,6676.04,3538.45,3237.93,8572,3602.2,3758.75,5295.22,6057.04,5893.88,3416.84,5857.26,4036.94,6787.73,1858.03,6220.66,1574.39,2979.29,3746.04,2678.01,5506.82,2095.1
2015/4/17,3249.06,4631.54,3395.81,3775.06,4494.12,3121.02,5168.78,7139.26,3675.11,3321.21,8855.07,3786.2,3898.07,5485.09,6215.04,6067.67,3514.81,6032.56,4148.82,7132.81,1971.94,6408.26,1623.45,3109.03,3949.92,2824.52,5709.06,2212.59
2015/4/20,3254.39,4721.73,3373.73,3810.48,4559.04,3090.19,5201.3,7037.11,3644.3,3311.07,8727.82,3752.25,4016.33,5533.62,6204.46,6066.67,3501.23,6070.31,4372.89,7110.38,2093.9,6321.08,1625.24,3110.6,3920.13,2787.12,5693.36,2264.68
2015/4/21,3227.37,4649.48,3300.62,3890.98,4546.49,3051.46,5169.62,7035,3598.36,3247.71,8479.16,3722.72,4067.14,5418.36,6069.12,5947.65,3423.54,5970.83,4459.99,7058.3,2167.6,6183.52,1639.86,3139.72,3713.01,2672.56,5600.6,2183.43
2015/4/22,3337.82,4829.32,3435.52,4115.91,4689.1,3184.4,5512.9,7494.44,3749.21,3395.89,8874.18,3864.15,4103.93,5587.49,6285.92,6153.7,3534.7,6151.48,4388.33,7337.67,2160.02,6576.94,1730.98,3249.6,3800.59,2807.06,5843.16,2190.07
2015/4/23,3421.77,4932.81,3520.6,4211.04,4789.15,3244.67,5570.98,7528.88,3850.85,3495.18,9038.53,3992.73,4186.71,5758.6,6471.65,6271.04,3625,6297.86,4495.36,7579.27,2225.71,6733.53,1809.91,3283.11,3853.83,2941.3,5998.9,2246.96
2015/4/24,3373.73,4982.63,3507.56,4328.54,4894.06,3234.83,5459.61,7389.18,3821.36,3482.3,8972.11,3906.39,4108.51,5677.29,6478.25,6233.96,3640.68,6254.73,4437.33,7433.92,2178.71,6657.95,1851.05,3330.16,3720.23,2835.02,6028.92,2253.9
2015/4/27,3422.23,5019.12,3604.69,4293.48,4913.93,3316.49,5555.45,7527.6,3897.07,3559.23,9197.66,3958.64,4254.81,5748.53,6573.55,6433.66,3730.13,6367.71,4599.2,7581.51,2260.13,6890.97,1913.53,3408.48,3697.81,2831.78,6137.5,2335.38
2015/4/28,3441.01,5157.45,3653.44,4331.52,4904.97,3280.58,5742.39,7498.85,3881.89,3572.6,9192.2,4018.54,4371.77,5772.03,6602.99,6424.9,3698.59,6371.95,4722.97,7591.44,2303.98,6819.54,1897.85,3423.24,3807.66,2838.39,6113.17,2332.72
2015/4/29,3321.67,4932.49,3541.89,4184.85,4772.45,3158.6,5650.51,7215.3,3773.72,3488.92,8882.41,3913.03,4309.15,5617.36,6375.23,6212.33,3573.76,6120.61,4743.61,7230.68,2255.19,6498.1,1841.89,3352.02,3849.96,2814.42,5884.03,2218.44
2015/4/30,3384.07,5020.26,3617.17,4203.66,4961.68,3267.89,5739.73,7359.06,3899.69,3614.52,9151.37,3968.72,4319.17,5761.78,6541.24,6372.43,3657.14,6240.7,4737.13,7410.91,2295.7,6814.47,1964.79,3463.08,3839.43,2831.99,6033.97,2283.41
2015/5/4,3401.09,4922.02,3599.25,4162.57,4836.22,3252.42,5746.9,7376.5,3847.86,3620.83,9136.28,4047.39,4307.22,5901.94,6520.74,6431.36,3685.39,6286.49,4874.59,7459.3,2307.27,6925.12,2007.46,3416.42,3775.56,2784.04,6009.87,2255.85
2015/5/5,3451.04,4980.19,3628.62,4331.77,4835.62,3291.42,5677.85,7423.95,3854.32,3646.8,9114,4302.08,4291.87,5873.42,6559.45,6410.9,3698.17,6326.41,4946.42,7563.6,2476.17,6857.77,1945.45,3430.74,3768.23,2796.65,6062.83,2257.14
2015/5/6,3332.58,4810.14,3530.39,4068.54,4679.2,3226.87,5467.91,7225.68,3723.23,3571.51,8975.76,4011.22,4068.77,5596.16,6425.79,6278.57,3613.73,6076.21,4640.16,7336.81,2414.09,6758.58,1907.11,3319.16,3634.8,2731.42,5855.47,2255.88
2015/5/7,3231.09,4598.62,3451.37,3860.05,4549.35,3183.48,5311.1,7137.65,3647.42,3534,8875.77,3891.46,3877.82,5449.6,6337.16,6192.7,3572.7,5938.2,4428.84,7184.14,2288.64,6847.82,1906.21,3295.15,3607.23,2709.07,5751.79,2193.46
2015/5/8,3220.82,4487.4,3428.43,3689.23,4534.07,3167.09,5428.59,7173.42,3668.77,3501.35,8830.76,3786.28,3793.79,5452.19,6333.9,6218,3480.17,5895.57,4204.71,7111.84,2203.85,7005.95,1941.94,3288.78,3639.59,2766.47,5744.45,2166.08
2015/5/11,3310.85,4619.55,3532.38,3808.23,4670.97,3321.64,5536.8,7342,3829.83,3653.11,9129.7,3904.32,3938.14,5650.57,6548.11,6380.66,3620.04,6054.6,4398.79,7394.29,2293.94,7571.06,2047.62,3459.63,3597.99,2741.31,5900.98,2235.47
2015/5/12,3425.57,4752.51,3655.17,3882.58,4779.88,3449.14,5715.44,7504.67,3992.15,3818.13,9477.5,4032.42,4069.48,5735.59,6883.1,6613.44,3780.01,6243.91,4545.48,7753.72,2333.56,8015.9,2154.38,3588.96,3670.09,2791.08,6075.3,2312.57
2015/5/13,3545.49,4760.46,3694.85,3919.87,4794.15,3461.99,5725.9,7492.02,4046.69,3908.98,9572.93,4156.97,4126.32,5766.01,6975.99,6658.93,3821.45,6281.96,4644.25,7904.07,2484.25,7996.86,2213.11,3642.58,3700.58,2823.11,6113.97,2341.94
2015/5/14,3600.79,4761.28,3735.5,3903.49,4881.05,3515.68,5746.73,7589.76,4147.09,3983.44,9694.26,4088.67,4129.14,5915.35,7158.35,6759.3,3874.99,6316.02,4596.02,7915.97,2422.84,8138.02,2262.19,3762.48,3641.76,2772.77,6154.29,2363.4
2015/5/15,3617.98,4807.91,3762.74,4014.05,5040.95,3537.55,5797.33,7566.02,4142.59,4025.89,9681.66,4135.68,4090.58,5864.79,7155.53,6655.23,3890.32,6318.98,4540.65,8032.48,2417.13,7904.64,2185,3733.97,3608.21,2742.19,6129.82,2382.89
2015/5/18,3643.46,4643.65,3726.01,3910.48,4866.97,3517.7,5635.79,7416.11,4160.21,4008.27,9643.89,4068.1,4010.36,5759.48,7024.1,6762.3,3879.88,6259.93,4491.97,7956.82,2490.62,8075.34,2242.17,3703.23,3521.66,2635.16,6078.53,2385.12
2015/5/19,3755.96,4703.66,3792.46,3896.88,4874.43,3627.05,5668.91,7462.75,4302.3,4129.66,9959.37,4101.96,4066.06,5821.48,7102.11,6965.97,3967.82,6380.89,4503.85,8144.66,2492.83,8604.88,2300.88,3831.26,3479.01,2604.99,6202.02,2447.7
2015/5/20,3837.67,4820.44,3900.1,4015.25,4991.33,3726.99,5855.03,7675.55,4366.12,4242.41,10161.95,4203.66,4239.85,6045.66,7305.25,7129.51,4096.16,6539.66,4685.55,8455.38,2544.88,8719.37,2335.36,3936.1,3617.48,2777.49,6342.52,2514
2015/5/21,3893.73,4830.24,3977.64,4039.54,5037.9,3813.04,5955.57,7767.98,4434.03,4361.55,10306.7,4232.65,4300.49,6091.62,7402.05,7276.1,4194.3,6624.7,4673.12,8590.4,2628.16,8973.13,2381.36,4071.29,3641.06,2740.08,6454.43,2559.55
2015/5/22,4125.82,5013.23,4147.44,4131.48,5174.37,4015.91,6253.86,8052.22,4682.22,4546.28,10888.79,4371.2,4555.78,6272.62,7770.69,7471.82,4366.55,6837.65,4813.64,8995.47,2706.56,9381.76,2464.62,4238.59,3668.96,2783.13,6743.64,2683.67
2015/5/25,4107.47,5082.26,4161.36,4237.42,5234.63,3947.76,6245.49,8131.65,4707.41,4572.93,10690.02,4444.16,4483.59,6350.77,7817.01,7364.22,4434.2,6858.82,4919.88,8881.95,2703.8,8808.8,2383.5,4194.6,3782.95,2875.72,6738.14,2646.5
2015/5/26,4270.56,5269.07,4349.61,4402.51,5390.52,4132.86,6458.34,8478.47,4848.99,4718.93,11029.2,4615.31,4764.96,6592.16,8093.71,7613.31,4634.94,7249.06,5248.29,9263.81,3054.73,9060.7,2425.85,4327.88,3852,2964.88,7018.08,2752.39
2015/5/27,4414.12,5383.27,4471.42,4521.14,5532.35,4298.89,6718.42,8620.17,5017.92,4843.6,11325.47,4719.9,4838.55,6743.86,8383.86,7943.56,4752.61,7383.19,5245.88,9602.17,3271.76,9602.96,2536.34,4505.23,3837.66,2979.37,7211.41,2858.11
2015/5/28,4521.01,5529.56,4538.15,4581.03,5640.94,4353.15,6673.9,8600.33,5031.28,4896.69,11393.34,4789.84,4835.63,6769.37,8407.77,8146.49,4818.08,7552.36,5160.48,9674.17,3192.78,9568.53,2495.79,4554.21,3784.75,2946.44,7237.62,2907.8
2015/5/29,4174.76,5093.58,4250.92,4251.5,5278.11,4154.39,6323.43,8139.77,4720.07,4583.92,10708.27,4475.82,4516.74,6322.44,7733.25,7742.99,4544.86,7065.15,4790.72,9047.99,2918.24,8999.58,2364.38,4312.68,3587,2721.64,6804.79,2730.12
2015/6/1,4257.55,5106.15,4342.6,4310.02,5344.57,4291.83,6486.13,8199.53,4820.78,4706.06,11096.48,4551.39,4532.82,6404.34,7817.6,7856,4627.52,7245.13,4780.78,9268.08,3033.49,9431.47,2434.48,4394.14,3574.38,2685.11,6929.74,2787.48
2015/6/2,4455.89,5482.26,4553.81,4522.23,5574.34,4536.02,6800.26,8507.38,5051.52,4890.82,11631.47,4805.4,4794.7,6718.86,8174.58,8168.26,4854.74,7494.82,5016.13,9794.35,3165.96,9905.96,2533.01,4599.98,3732.5,2809.45,7269.01,2904.96
2015/6/3,4659.22,5579.3,4713.93,4638.3,5732.96,4694.56,6873.51,8627.93,5266.11,5131.46,11946.26,4924.63,4890.78,6901.01,8545.9,8454.22,5071.76,7764.17,5198.26,10112.67,3214.95,10342.06,2642.04,4735.14,3737.53,2822.86,7509.9,3017.25
2015/6/4,4662.09,5555.52,4708.99,4561.92,5695.71,4658.5,6957.69,8575.7,5242.03,5134.62,11903.04,4851.08,4875.67,6937.38,8527.4,8551.96,5035.62,7688.06,5222.4,10140.87,3102.66,10354.23,2660.05,4756.78,3783.7,2801.9,7513.25,2995.31
2015/6/5,4625.94,5880.69,4774.94,4676.98,5852.28,4669.84,7000.62,8563.25,5293.17,5148.73,11922.31,4974.24,4912.54,7021.65,8564.9,8621.46,5144.53,7704,5205.68,10259.4,3129.02,10312.2,2656.42,4797.17,4015.73,2918.81,7577.66,3004.46
2015/6/8,4691.95,5929.21,4812.45,4827.93,6000.42,4627.24,6950.82,8609.86,5319.04,5134.1,11880.32,5036.81,5023.96,7150.85,8589.81,8655.97,5177.62,7871.57,5451.41,10299.36,3150.16,9992.98,2571.5,4761.63,3917,2852.54,7598.22,2999.78
2015/6/9,4699.14,5981.54,4750.47,4846.66,5916.73,4496.91,6884.01,8721.99,5233.38,5032.84,11657.51,5036.34,5177.15,7192.47,8626.76,8471.57,5109.41,7822.2,5326.51,10049.31,3101.01,9553.99,2500.78,4659.72,4160.93,2996.23,7554.72,2969.79
2015/6/10,4614.51,6015.48,4736.44,4823.16,5903.63,4535.98,6842.61,8697.9,5176.23,5039.88,11586.47,5022.18,5081.78,7085.93,8665.51,8384.61,5104.33,7809.55,5154.46,10047.4,3090.19,9636.41,2505.15,4642.8,4051.27,2882.7,7472.97,2881.25
2015/6/11,4753.62,6022.17,4853.81,4900.4,5944.35,4694.79,6999.39,8885,5323.15,5197.27,11942.04,5034.71,5184.45,7271.05,9010.36,8741.21,5242.21,7953.69,5244.27,10246.27,3095.13,9994.53,2620.7,4732.45,4058.43,2884.52,7610.56,2912.22
2015/6/12,4890.68,6051.66,4958.64,5052.83,6024.65,4801.07,7047.99,9113.06,5477.09,5331.58,12244.29,5110.85,5289.88,7409.09,9138.58,8905.75,5420.1,8156.98,5294.68,10394.45,3149.66,10167.19,2621.54,4792.83,4031.76,2892.19,7719.86,2965.68
2015/6/15,4953.02,6152.63,5033.77,5109.88,6034.12,4852.12,7118.55,9252.85,5648.4,5417.23,12336.56,5203.31,5364.58,7535.83,9232.81,8956.06,5457.58,8244.5,5266.07,10506.33,3185.49,10166.38,2667.43,4900.08,4041.92,2915.28,7888.56,2968.15
2015/6/16,4762.67,5963.85,4870.47,5141.21,5871.41,4661.15,6980.41,9017.08,5451.44,5297.65,11905.73,5066.64,5314.02,7328.53,8927.35,8632.28,5269.96,8071.64,5100.99,10203.35,3105.49,9503.32,2519.45,4717.16,3891.25,2782.47,7728.37,2854.19
2015/6/17,4605.99,5844.77,4736.05,4948.02,5685.36,4501.3,6843.04,8791.5,5340.67,5182.7,11611.61,4906.77,5128.31,7180.39,8734.73,8429.23,5153.05,7867.18,4872.91,9784.54,2963.99,9199.89,2466.84,4543.48,3934.35,2778.35,7521.19,2750.64
2015/6/18,4767.87,5985.06,4837.11,5063.87,5809.68,4591.08,6889.86,8835.93,5426.52,5265.18,11750.69,5125.85,5215.5,7276.7,8895.55,8599.95,5228.16,7937.57,4994.29,9957.17,2982.95,9608.73,2534.75,4599.21,3850.63,2768.93,7606.67,2792.17
2015/6/19,4497.18,5725.81,4580.6,4860.36,5515.18,4322.33,6581.53,8388.62,5183.27,5007.4,11089.17,4860.89,5001.19,6982.95,8415.57,8102.83,4971.84,7491.95,4694.17,9330.63,2865.02,8889.91,2331.66,4295.88,3697.18,2620.85,7247.34,2626.73
2015/6/23,4280.85,5405.23,4357.29,4632.81,5215.85,4187.89,6289.46,8015.46,4956.55,4806.65,10595.15,4661.75,4735.08,6622.02,7967.27,7752.34,4692.85,7061.04,4418.02,8871.55,2820.49,8607.07,2242.1,4094.55,3544.86,2533.39,6880.32,2513.63
2015/6/24,4389.23,5603.35,4422.21,4740.65,5320.13,4306.6,6552.8,8324,4982.21,4848.69,10876.87,4829.84,4883.96,6709.2,8103.49,7889.12,4724.45,7177.8,4504.98,9093.95,2985.09,8751.58,2292.58,4195.64,3661.64,2628.42,7027,2571.04
2015/6/25,4496.82,5787.29,4499.87,4874.9,5434.5,4386.9,6728.13,8552.09,5046.44,4926.73,10982.55,5016.88,5063.43,6822.93,8248.44,7966.8,4807.2,7308.28,4575.44,9251.06,2994.17,8675.53,2275.57,4230.97,3823.85,2631.48,7141.86,2613.49
2015/6/26,4240.32,5366.58,4197.23,4597.53,5012.85,4027.37,6245.76,8018.34,4645.95,4639.01,10218.88,4718.61,4710.38,6431.9,7581.3,7445.4,4529.43,6820.92,4231.36,8543.42,2810.16,7843.34,2060.03,3865.66,3561.46,2494.19,6601.89,2429.15
2015/6/29,4104.98,5212.91,4079.46,4494.78,4855.05,3899.42,6116.35,7856.39,4506.92,4505.42,9853.18,4624.21,4620.94,6299.13,7245.63,7198.44,4377.59,6638.89,4131.45,8276.74,2727.21,7504.79,1969.97,3732.01,3523.03,2400.88,6386.65,2350.07
2015/6/30,3681.46,4927.95,3678.14,4179.11,4328.82,3471.24,5675.4,7465.85,4002.62,4058.78,8873.7,4211.49,4364.12,5759.52,6408.93,6586.45,3985.93,5947.82,3744.7,7295.43,2350.65,6564.49,1768.09,3238.17,3488.76,2215.53,5778.42,2083.91
2015/7/1,3855.06,5062.87,3867.94,4383.71,4576.36,3713.58,6124.43,7813.43,4263.15,4260.74,9554.16,4393.84,4544.87,6034.18,6778.11,6976.25,4181.85,6293.07,3978.73,7823.85,2519.92,7204.71,1917.25,3527.02,3638.87,2360.02,6163.85,2225.26
2015/7/2,3648.59,4802.72,3687.91,4211.76,4334.93,3545.04,5921.69,7585.15,3983.53,4043.29,9229.93,4181.64,4317.28,5733.53,6491.07,6718.85,3951.9,5923.85,3794.74,7445.76,2352.29,6865.13,1836.13,3344.58,3605.83,2307.95,5922.76,2105.92
2015/7/3,3281.77,4321.71,3351.26,3826.64,3858.3,3190.61,5327.11,7064.62,3613.06,3755.44,8508.94,3755.83,3831.82,5181.72,5789.26,6141.66,3594.11,5367.7,3461.45,6772.07,1999.45,6256.43,1702.25,3052.74,3567.72,2190.26,5438.3,1909.84
2015/7/6,3420.59,4483.61,3497.73,3921.08,3984.98,3358.86,5585.58,7380.02,3720.44,3870.85,9011.59,3903.83,3987.44,5399.64,5990.16,6527.08,3688.28,5580.52,3547.19,7055.57,2135.04,6633,1812.46,3234.71,3714.7,2316.82,5652.76,2001.74
2015/7/7,2987.34,3899.67,3065.44,3512.73,3479.53,2940.32,5000.76,6656.5,3236.33,3462.72,7933.96,3435.02,3487.29,4799.91,5201.43,5621.25,3286.91,4824.51,3231.86,6223.42,1726.66,5743.03,1588.83,2819.23,3607.93,2178.61,5009.38,1744.57
2015/7/8,2760.92,3614.38,2849.27,3324.41,3232.9,2776.74,4463.13,6108.31,3001.8,3322.17,7300.16,3176.1,3212.58,4478.62,4785.02,5235.54,3145.12,4396.64,3124.26,5759.59,1522.31,5489.94,1518.8,2632.03,3609.06,2009.8,4674.16,1624.38
2015/7/9,2748.46,3531.9,2820.57,3319.67,3209.16,2807.55,4466.45,6201.94,2953.85,3307.91,7301.59,3129.9,3144.55,4450.91,4759.59,5215.47,3094.07,4395.71,3120.62,5749.92,1476.28,5515.36,1498.38,2586.74,3591.82,1981.98,4661.08,1607.48
2015/7/10,2995.16,3901.77,3054.08,3611.01,3440.8,2962.02,4976.66,6803.36,3272.77,3475.02,7987.21,3438.84,3506.39,4796.79,5196.62,5708.05,3237.24,4885.61,3466.42,6211.08,1735.67,5756.57,1598.71,2776.3,3697.08,2142.16,5080.99,1766
2015/7/13,3201.23,4199.54,3236.76,3817.36,3650.8,3128.39,5344.55,7122.78,3501.22,3589.58,8468.74,3695.43,3782.07,5087.87,5568.22,6103.31,3393.27,5233.8,3753.24,6601.73,1918.4,6047.02,1674.14,2926.01,3727.07,2278.15,5372.19,1880.82
2015/7/14,3356.31,4309.54,3340.45,3899.71,3793.9,3249.91,5505.8,7216.78,3689.32,3682.92,8835.03,3818,3905.61,5238.61,5812.52,6277.57,3513.79,5363.5,3805.67,6873.94,2030.88,6336.22,1739.15,3048,3650.85,2265.15,5548.72,1955.85
2015/7/15,3370.82,4165.51,3341.96,3774.21,3774.02,3295.47,5345.3,7027.31,3651.18,3693.67,8828.43,3754.01,3806.68,5228.77,5811.6,6260.36,3534.73,5275.84,3652.96,6898.78,2014.67,6490.83,1756.85,3082.29,3599.24,2173.23,5464.23,1934.48
2015/7/16,3100.41,3982.12,3126,3580.34,3504.58,3028.85,5091.91,6822.35,3374.74,3454.54,8212.45,3494.3,3545.84,4921.73,5362.98,5789.51,3309.45,4941.42,3496.34,6406.25,1893.08,5901.64,1636.23,2876.06,3699.88,2103.32,5080.13,1791.83
2015/7/17,3253.7,4071.79,3255.39,3678.38,3654.09,3159.21,5240.62,6982.91,3536.9,3585.78,8605.3,3645.95,3701.15,5099.33,5611.98,6027.42,3444.98,5158.83,3584.55,6722.58,2061.49,6190,1695.21,3029.74,3657.23,2130.15,5254.06,1869.09
2015/7/20,3511.88,4227.21,3424.36,3817.89,3844.41,3337.57,5424.97,7167.04,3750.16,3726.73,9047.91,3820.9,3874.37,5333.65,5903.05,6242.04,3577.12,5445.36,3727.03,7064.46,2293.1,6595.37,1779.9,3233.01,3639.54,2206.72,5521.72,1981.35
2015/7/21,3628.02,4228.91,3436.18,3793.02,3833.61,3339.48,5320.07,7102.35,3783.44,3725.92,8991.43,3815.29,3883.63,5308.53,5945.88,6244.96,3590.92,5465.65,3788.06,7089.92,2291.86,6631.73,1781.08,3270.72,3593.41,2149.69,5482.38,1978.34
2015/7/22,3841.17,4291.37,3523.06,3870.02,3944.11,3443.74,5379.27,7178.83,3875.19,3860.94,9229.34,3914.74,4063.25,5393.42,6077.16,6599.75,3717.31,5578.99,3896.32,7273.64,2322.47,6782.43,1827.28,3383.22,3546.9,2170.52,5574.82,2040.77
2015/7/23,3864.21,4373.56,3587.07,3893.2,3962.78,3504.25,5378.8,7235.77,3952.3,3892.77,9318.91,3974.42,4069.27,5457.18,6201,6690.9,3746.86,5673.2,3877.29,7329.13,2467.92,6937.34,1849.89,3431.37,3524.74,2156.97,5621.79,2072.51
2015/7/24,3953.76,4518.21,3695.02,3993.68,4097.71,3619.38,5527.34,7378.98,4130.1,4010.33,9610.38,4081.72,4217.04,5686.24,6385.16,6791.22,3841.18,5884.71,3981.88,7578.08,2515.87,7123.39,1910.18,3555.49,3570.83,2221.86,5772.52,2129.86
2015/7/27,3771.58,4415.56,3543.79,3867.66,3986.81,3467.98,5324.07,7185.34,4001.05,3918.22,9171.8,3925.13,4048.8,5551.93,6130.93,6693.72,3710.24,5644.21,3829.64,7316.31,2489.49,6835.99,1814.1,3460.48,3482.67,2117.55,5554.03,2034.65
2015/7/28,3441.66,3956.8,3184.84,3538.27,3579.01,3080.67,4836.66,6517.2,3569.78,3593.08,8296.55,3561.04,3629.53,4986.65,5555.33,6123.95,3399.22,5052.06,3403.47,6600.2,2175.14,6100.99,1677.67,3082.71,3186.28,1878.8,4979.88,1829.01
2015/7/29,3727.3,4066.78,3292.44,3623.36,3667.9,3211.25,5082.38,6772.71,3715.45,3691.54,8608.6,3705.14,3777.95,5210.99,5756.02,6370.93,3449.75,5233.59,3465.1,6760.84,2363.64,6266.28,1714.25,3198.85,3286.71,1986.92,5169.77,1888.52
2015/7/30,3793.4,4136.54,3383.79,3745.34,3775.56,3295.35,5141.04,6924.62,3818.11,3753.61,8775.37,3838.96,3891.43,5313.78,5879.59,6635.65,3493.37,5485,3598.59,6968.48,2546.23,6391.12,1764.11,3279.52,3303.21,1985.1,5312.37,1949.34
2015/7/31,3649.38,4014.72,3257.85,3618.36,3631.61,3140.2,4934.9,6736.76,3697.13,3616.96,8384.08,3704.34,3775.56,5087.73,5687.32,6436.43,3386.07,5234.31,3464.31,6666.2,2526.28,6055.8,1698.42,3131.95,3236.58,1899.85,5108.71,1879.83
2015/8/3,3503.45,3984.69,3225.93,3603.88,3621.4,3114.88,4943.6,6762.03,3635.49,3587.66,8377.5,3687.67,3733.25,5106.47,5620.83,6259.36,3334.52,5210.34,3495.95,6562.43,2285.57,5891.4,1675.23,3052.5,3234.86,1878.9,5109.38,1861.02
2015/8/4,3415.29,4050.66,3175.11,3620.31,3596.94,3063.06,5029.29,6862.17,3528.36,3525.32,8354.21,3697.37,3735.81,5071.15,5493.75,5916.57,3287.15,5259.65,3492.03,6422.09,2154.01,5684.41,1649.25,2951.08,3327.34,1905.56,5126.72,1813.56
2015/8/5,3622.42,4187.41,3343.57,3732.18,3758.33,3239.37,5210.76,7020.88,3758.01,3649.24,8716.67,3850.96,3914.61,5273.77,5735.74,6231.38,3423.05,5542.11,3646.82,6761.97,2436.51,6036.25,1720.56,3148.97,3347.19,1950.08,5339.5,1919.36
2015/8/6,3477.2,4064.66,3253.11,3634.79,3651.7,3128.28,5071.05,6835.44,3630.23,3579.47,8482.95,3737.8,3776.97,5040.73,5551.93,6027.64,3340.52,5465.57,3563.78,6560.32,2300.57,5775.79,1647.15,3028.8,3279.8,1870.58,5187.96,1875.1
2015/8/7,3564.19,4165.89,3350.06,3682.82,3786.96,3233.7,5148.48,6908.65,3714.48,3658.7,8649.51,3808.35,3901.78,5117.48,5646.82,6138,3455.84,5626.8,3608.4,6851.4,2395.09,5979.58,1672.67,3122.78,3323.17,1883.09,5418.43,1917.28
2015/8/10,3681.4,4303.54,3448.39,3800.77,3882.93,3325.78,5322.37,7013.99,3843.62,3759.46,8902.53,3938.3,4041.57,5261.77,5828.65,6402.52,3552.11,5752.89,3761.06,7121.23,2541.18,6299.22,1729.15,3270,3312.07,1911.83,5549.35,1981.28
2015/8/11,3829,4456.9,3575.91,3936.72,4044.14,3446.5,5432.6,7198.82,4009.95,3878.05,9215.24,4094.54,4155.09,5462.25,6175.4,6677.76,3657.77,5941.11,3920.68,7364.4,2696.36,6518.21,1797.35,3413.28,3376.42,1999.26,5744.11,2065.07
2015/8/12,3799.44,4435.92,3562.85,3927.35,4066.87,3421.55,5432.18,7123.72,4159.74,3884.48,9085.49,4028.35,4042.24,5437.22,6300.5,6864.51,3670.28,5868.2,3826.93,7301.73,2701.03,6425.76,1787.92,3353.05,3304.97,1970.42,5686,2048.85
2015/8/13,3815.76,4455.5,3527.71,3915.05,4041.83,3375.45,5340.31,7107.1,4138.67,3852.87,8978.56,4022.51,4029.91,5419.36,6311.73,6638.43,3664.39,5865.7,3851.65,7242.53,2632.27,6302.75,1770.29,3329.96,3300.61,1967.46,5623.72,2034.15
2015/8/14,3913.57,4583.33,3656.41,4031.22,4206.44,3514.99,5512.29,7185.16,4273.67,3960.29,9212.93,4210.98,4184.23,5669.68,6691.2,6874.16,3826.85,6061.39,3988.98,7522.64,2725.47,6591.12,1835.59,3460.01,3294.36,2006.62,5831.27,2105.16
2015/8/17,3927.47,4546.76,3649.25,3981.5,4157.26,3481.53,5437.56,7145.46,4260.59,3983.4,9197.54,4206.44,4162.56,5748.13,6743.61,6840.64,3817.39,6116.69,3961.02,7473.52,2687.55,6486.46,1804.16,3446.49,3265.44,1987.69,5845.6,2085.15
2015/8/18,4085.43,4635.85,3732.05,4132.37,4266.69,3548.61,5451.76,7239.23,4398.27,4045.09,9375.28,4315.41,4287.48,5932.01,6795.58,6869.21,3921.94,6358.16,4005.66,7624.35,2709.07,6554.81,1804.45,3490.95,3237.47,1985.92,5995.98,2110.7
2015/8/19,3657.55,4151.12,3336.95,3740.68,3777.03,3169.49,5031.74,6727.74,3852.62,3696.09,8499.7,3836.92,3888.55,5280.08,6131.64,6101.72,3603.63,5639.27,3528.39,6772.96,2359.41,5900.19,1646.79,3098.88,3137.3,1816.73,5331.18,1886.79
2015/8/20,3868.51,4285.77,3480.21,3963.91,3944.67,3361.8,5162.73,6906.89,4054.29,3883.96,8837.95,3990.66,4012.94,5531.1,6430.06,6350.27,3779.22,5963.45,3684.16,7103.06,2500.71,6246.44,1715.61,3284.89,3147.57,1848.87,5577.67,1964.29
2015/8/21,3685.81,4123.68,3336.31,3836.6,3850.42,3211.21,4982.09,6696.32,3863.92,3761.51,8526.49,3821.7,3863,5254.6,6070.4,6139.82,3656.26,5663.88,3524,6780.42,2296.96,6041.24,1657.09,3187.64,3082.04,1778.25,5298.02,1876.86
2015/8/24,3397.96,3820.47,3069.07,3558.89,3557.59,2946.34,4566.83,6299.33,3540.53,3513.38,7879.37,3558.94,3613.73,4822.79,5578.1,5687.54,3410.42,5216.87,3251.04,6283.71,2192.63,5482.36,1530.91,2912.93,2958.86,1621.68,4806.02,1738.48
2015/8/25,3041.47,3358.25,2738.14,3203.72,3165.31,2628.59,4082.18,5716.26,3146.74,3237.67,7069.71,3187.79,3289.72,4299.79,5002.55,5042.45,3150.78,4653.84,2870.7,5621.14,1894.83,4935.72,1402.58,2584.2,2662.96,1420.09,4256.84,1544.55
2015/8/26,3008.06,3322.99,2729.33,3131.49,3148.73,2618.03,4123.76,5794.25,3140.79,3237.2,7095.35,3197.7,3296.4,4338.83,4983.54,5042.15,3119.23,4627.6,2862.17,5588.85,1866.27,4859.32,1389.83,2580.99,2635.56,1404.53,4226.93,1532.76
2015/8/27,2981.89,3261.46,2685.82,3010.92,3034.09,2556.35,4207.49,5918.69,3125.58,3220.91,7096.11,3155.96,3251.08,4304.12,4972.07,5041.38,3052.17,4564.35,2781.38,5467.53,1767.17,4713.4,1357.6,2509.46,2774.27,1435.91,4253.16,1504.01
2015/8/28,3076.24,3386.12,2796.96,3053.59,3135.9,2635,4283.56,6113.69,3254.91,3291.51,7356.08,3268.72,3371.48,4448,5109.92,5266.38,3107.42,4719.14,2930.17,5642.55,1885.2,4808.66,1397.19,2618.49,2955.83,1515.7,4478.35,1565.15
2015/8/31,3192.84,3505.32,2893.4,3183.61,3235.99,2739.17,4351.93,6146.89,3377.78,3373.99,7544.92,3397.99,3458.47,4593.21,5299.53,5461.35,3200.52,4917.34,3066.2,5856.51,2053.33,4994.91,1423.83,2716.23,2929.63,1532.05,4613.69,1636.59
2015/9/1,3026.89,3427.08,2791.69,3153.5,3161.19,2621.69,4230.91,6072.22,3245.95,3239.5,7313.71,3324,3411.86,4500.38,5063.71,5213.39,3088.47,4761.46,2998.21,5687.44,2000.28,4703.18,1371.73,2625.89,2990.2,1507.95,4478.11,1576.53
2015/9/2,2723.98,3248.21,2553.94,3009.05,2965.86,2409.49,4033.11,5844.28,2926.98,3029.67,6747.84,3106.28,3233.41,4189.15,4582.71,4782.7,2839.78,4352.72,2852.85,5198.97,1769.03,4262.73,1281.02,2411.2,3043.23,1476.82,4116.09,1437.92
2015/9/7,2804.35,3320.22,2647.37,3118.4,3047.62,2501.05,4167.25,5980.96,3041.09,3095.34,7073.43,3255.72,3357.64,4331.6,4812.26,4975.14,2890.89,4476.36,2996.91,5386.81,1822.41,4432.2,1333.97,2542.5,3132.97,1526.74,4308.03,1472.36
2015/9/8,2752.78,3247.68,2614.08,3061.72,3025.03,2465.49,4046.59,5822.54,3000.69,3080.33,6995.03,3188.72,3311.54,4222.77,4749.08,4907.68,2891.45,4402.75,2880.59,5300.16,1685.04,4427.28,1316.99,2494.13,2971.11,1488.98,4211.1,1465.87
2015/9/9,2886.62,3371.5,2766.48,3135.71,3162.39,2610.45,4209.33,5994.96,3187.76,3218.94,7387.4,3345.73,3447.32,4429.42,5034.81,5214.13,3021.09,4617.33,3020.33,5590.72,1762.92,4734.45,1399.71,2634.5,3037.86,1558.27,4441.75,1556.56
2015/9/10,2924.07,3415.93,2793.78,3142.24,3190.23,2640.07,4235.17,6019.58,3198.98,3245.54,7410.55,3359.02,3448.4,4469.12,5048.35,5260.71,3051.56,4721.53,3034.72,5655.75,1756.77,4808.61,1398.68,2624.77,3034.08,1567.72,4495.72,1574.83
2015/9/11,2953.63,3408.78,2786.35,3124.88,3163.67,2629.39,4197.74,6027.16,3201.27,3235.59,7404.93,3330.88,3442.33,4474.17,5025.77,5295.77,3073.72,4734.02,3034.82,5634.74,1790.25,4804.43,1408.66,2602.28,3071.23,1558.91,4463.77,1567.42
2015/9/14,2995.72,3432.37,2827.16,3158.16,3185.49,2668.61,4207.71,6024.24,3256.67,3267.55,7442.65,3377.44,3505.26,4579.91,5169.25,5381.35,3139.24,4831.7,3094.33,5706.96,1822.75,4942.4,1433.74,2634.68,3070.04,1554.91,4530.95,1601.83
2015/9/15,2707.45,3158.2,2552.21,2832.82,2908.42,2396.04,3884.38,5786.85,2950.93,3023.17,6870.88,3082.07,3289.94,4212.47,4667.1,4896.73,2859.49,4391.04,2885.61,5178.44,1628.23,4358.76,1306.78,2372.5,3097.35,1467.28,4117.57,1450.08
2015/9/16,2654,3103.15,2498.96,2706.31,2812.78,2326.66,3783,5730.52,2890.2,2973.28,6765.04,3022.04,3255.89,4118.06,4563.7,4889.57,2814.64,4290.96,2819.46,5032.96,1532.37,4284.33,1277.21,2305.72,3100.84,1438.06,4044.03,1416.77
2015/9/17,2810.22,3280.39,2649.68,2821.02,2983.19,2465.86,3985.14,5946.41,3066.01,3099.19,7132.25,3204.22,3407.66,4332.25,4832.75,5167.87,2960.52,4551.41,2965.22,5346.87,1666.56,4630.27,1349.79,2439.16,3111.43,1516.12,4306.53,1512.72
2015/9/18,2770.18,3246.54,2633.57,2775.19,2977.39,2448.55,3904.55,5858.32,3012.7,3067.08,7033.82,3144.66,3363.36,4273.98,4770.55,5139.64,2938.08,4495.01,2955.26,5302.56,1630.34,4652.37,1341.82,2434,3084.43,1504.61,4271.65,1520.2
2015/9/21,2750.09,3220.25,2610.47,2727.51,2933.18,2430.03,3854.39,5823.33,2998.59,3053.54,6995.1,3099.88,3340.95,4229.37,4747.44,5253.72,2924.03,4458.14,2968.09,5270.71,1616.46,4619.11,1341.23,2417.84,3051.66,1486.22,4253.06,1509.25
2015/9/22,2871.99,3336.29,2739.76,2819.85,3039.83,2562.23,3997.65,5994.61,3119.11,3174.11,7329.51,3206.61,3435.67,4393.15,4967.41,5635.43,3036.24,4626.94,3044.51,5577.09,1738.43,4961.88,1427.32,2553.68,3060.97,1531.79,4448.86,1586.18
2015/9/23,2863.57,3313.17,2699.56,2782.35,3001.16,2533.42,3953.64,5940.78,3079.99,3155.78,7251.77,3139.98,3418.7,4371.88,4951.38,5431.86,2987.86,4580.55,3013.72,5487.96,1689.55,4829.86,1405.03,2521.24,3063.87,1546.3,4377.14,1552.19
2015/9/24,2879.34,3282.82,2719.8,2760.72,3017.76,2567.2,3953.35,5942.47,3091.8,3193.89,7280.68,3140.04,3413.47,4353.58,4957.61,5475.69,3014.98,4623.89,3000.08,5609.78,1733.42,4973.57,1434.14,2565.59,3046.64,1531.55,4427.82,1568.98
2015/9/25,2898.81,3305.89,2731.39,2767.38,3038.14,2557.2,3954.73,5958.15,3121.37,3201.71,7320.81,3161.88,3421.22,4353.24,4986.57,5483.26,3021.95,4666.27,2990.45,5587.69,1743.01,4964.92,1442.69,2576.6,3026.58,1529.06,4438.64,1580.03
2015/9/28,2820.66,3258.4,2658.59,2692.76,2965.53,2473.24,3852.2,5848.58,3046.65,3139.11,7151.18,3119.35,3367.65,4279.89,4857.57,5339.77,2955.89,4579.36,2925.27,5431.64,1691.19,4727.64,1401.7,2487.34,3044.73,1497.12,4342.66,1529.83
2015/9/29,2816.23,3209.57,2644.38,2674.57,2948.11,2482.19,3826.68,5836.9,3046.12,3147.38,7195.53,3088.7,3340.79,4239.51,4809.19,5438.25,2955.82,4563.18,2889.76,5429.39,1656.08,4859.29,1417.65,2502.24,3012.02,1483.23,4395.83,1526.58
2015/9/30,2855.88,3179.3,2651.07,2653.63,2950.81,2483.65,3843.02,5876.39,3059.27,3166.58,7212.81,3086.7,3338.76,4225.67,4821.31,5448.16,2969.93,4561.56,2894.01,5449.89,1653.34,4890.85,1432.86,2503.76,3012.31,1482.28,4514.6,1526.34
2015/10/8,2945.15,3305.74,2729.61,2742.53,3042.36,2568.04,4015.9,6032.13,3151.77,3229.59,7472.29,3174.43,3408.36,4370.6,4935.93,5535.49,3021.58,4676.91,2977.05,5613.22,1772.73,5034.15,1456.1,2582.06,3103.97,1581.09,4658.68,1576.55
2015/10/9,2987.97,3284.78,2739.51,2752.38,3047.14,2582.81,4013.16,6027.42,3179.82,3259.47,7508.23,3189.41,3412.47,4390.52,4953.34,5488.2,3037.51,4683.79,2981.29,5702.48,1775.42,5117.65,1467.41,2615.25,3071.33,1543.9,4653.95,1582.19
2015/10/12,3068.49,3353.87,2807.56,2789.59,3184.53,2659.76,4072.2,6061.08,3225.77,3296.67,7574.31,3246.02,3455.36,4478.97,5069.48,5478.16,3059.82,4800.02,3021.7,5829.64,1819.46,5244.8,1485.15,2675.97,3086.2,1585.45,4718.32,1624.51
2015/10/13,3158.01,3425.12,2897.55,2866.56,3255.89,2733.13,4203.25,6152.48,3311.72,3387.56,7716.02,3344.46,3535.73,4576.84,5202.05,5620.55,3096.71,4921.55,3109.19,6001.92,1873.21,5418.48,1515.78,2742.56,3122.6,1633.89,4827.39,1669.12
2015/10/14,3218.42,3446.88,2940.19,2889.79,3293.06,2769.32,4223.19,6188.85,3350.98,3421.45,7752.15,3375.77,3589.16,4621.94,5286.86,5697.86,3118.9,4984.65,3130.05,6184.56,1944.28,5516.62,1544.25,2770.54,3090.47,1636.95,4878.03,1701.77
2015/10/15,3152.78,3445.61,2903.2,2880.59,3294.57,2736.21,4145.95,6123.04,3302.83,3389.17,7660.49,3315.94,3554.13,4569.94,5252.35,5640.87,3077.64,4910.31,3097.22,6137.76,1898.12,5440.36,1529.52,2750.06,3090.36,1618.22,4784.03,1677.22
2015/10/16,3275.52,3569.57,3032.25,2968.26,3392.47,2867.4,4295.59,6267.5,3456.25,3503.78,7965.98,3463.24,3677.95,4743.68,5447.61,5850.73,3179.22,5072.62,3199.43,6387.82,1992.56,5733.06,1601.64,2890.93,3132.61,1681.66,4989.96,1752.49
2015/10/19,3293.95,3614.78,3051.31,2994.65,3408.42,2876.41,4347.42,6328.58,3502.95,3541.91,7998.29,3514.38,3729.68,4881.59,5546.04,5906.5,3227.62,5116.97,3244.78,6437.09,2027.9,5810.85,1644.61,2932.5,3145.01,1706.98,5017.18,1778.09
2015/10/20,3275.13,3604.32,3033.41,2974.67,3388.2,2875.2,4331.52,6314.36,3550.44,3552.97,7935.14,3496.12,3676.27,4847.47,5493.61,5963.17,3239.01,5039.86,3210.25,6401.65,1969.79,5737.4,1632.22,2896.66,3127.03,1719.38,5122.53,1759.57
2015/10/21,3308.55,3633.78,3085.95,3005.34,3414.82,2942.32,4390.28,6339.83,3604.76,3594.97,8097.65,3543.2,3702.82,4917.44,5724.98,6009.1,3296.54,5099.19,3340.15,6512.53,2025.94,5962.34,1674.85,3014.65,3131.24,1740.8,5144.47,1805.51
2015/10/22,3096.73,3411.82,2889.22,2838.68,3213.08,2746.87,4206.29,6085.22,3375.84,3418.51,7783.59,3325.09,3506.27,4656.25,5400.25,5674.42,3109.79,4796.45,3195.45,6088.99,1874.56,5583.85,1574.56,2828.86,3162.24,1661.54,4755.32,1679.41
2015/10/23,3216.5,3529.35,3008.83,2902.62,3368.14,2875.36,4321.55,6258.76,3532.12,3535.13,8315.2,3445.55,3594.5,4862.28,5642.13,5857.19,3250.24,4990.27,3266.48,6369.02,1981.97,5873.87,1635.93,2986.75,3163.05,1700.66,4984.37,1747.9
2015/10/26,3302.54,3608.73,3111.33,2959.3,3472.44,2970.01,4472.64,6412.65,3624.02,3627.37,8566.94,3567.61,3664.14,5087.5,5786.59,6015.33,3390.94,5107.8,3336.46,6591.68,2022.1,6033.28,1683.47,3071.74,3186.61,1760.52,5113.93,1809.72
2015/10/27,3295.18,3552.91,3082.76,2909.83,3435.47,2934.95,4405.4,6380.3,3596.06,3579.36,8350.82,3497.12,3646.55,4943.91,5663.96,5970.11,3339.65,5036.78,3297.19,6563.74,2032.83,5922.98,1643.18,3022.71,3170.01,1735.78,5098.33,1800.32
2015/10/28,3312.06,3537.35,3103.78,2912.04,3451.6,2975.22,4422.35,6352.49,3639.86,3592.18,8406.64,3502.55,3655.23,4942.35,5679.39,6002.14,3401.65,5051.3,3283.61,6572.63,2161.62,6035.83,1681.3,3064.6,3155.78,1739.85,5132.56,1803.72
2015/10/29,3288.6,3522.2,3087.54,2909.24,3444.68,2948.01,4385.48,6305.31,3603.5,3564.89,8278.68,3487.01,3605.75,4886.08,5583.04,5934.86,3363.83,5008.54,3258.12,6557.79,2073.76,5961.65,1648.54,3015.36,3143.47,1709.79,5135.37,1803.94
2015/10/30,3295.55,3515.74,3095.22,2880.67,3418.43,2937.53,4399.16,6414.57,3634.29,3565.74,8283.65,3486.36,3607.21,4926.64,5601.25,5939.37,3366.07,5010.79,3245.42,6508.9,2069.67,5915.91,1642.11,3010.1,3140.96,1695.12,5136.73,1791.95
2015/11/2,3233.08,3434.27,3035.94,2808.61,3349.4,2870.18,4338.42,6295.21,3554,3471.95,8088.65,3416.84,3548.72,4826.69,5461.76,5848.79,3280.02,4880.84,3201.35,6337.66,2032.06,5826.97,1616.98,2931.82,3132.47,1690.71,5005.09,1737.27
2015/11/3,3297,3419.8,3043.19,2779.29,3353.55,2885.18,4363.74,6294.81,3555.5,3499.5,8085.47,3419.01,3558.89,4816.98,5513.34,5904.23,3315.22,4866.74,3205.78,6299.95,1995.12,5896.56,1631.71,2936.4,3121.11,1688.4,4984.66,1745.58
2015/11/4,3362.18,3430,3048.73,2767.67,3383.42,2884.2,4344.49,6270.91,3556.09,3520.72,8064.98,3409.75,3556.83,4835.1,5485.17,5858.85,3323.63,4887.3,3202.05,6264.6,1990.87,5882.24,1635.69,2932.88,3106.79,1694.77,5006.4,1749.13
2015/11/5,3469.96,3562.54,3176.31,2857.93,3525.14,3016.8,4525.71,6477.88,3723.21,3645.63,8439.91,3548.07,3686.31,5039.76,5726.44,6100.9,3465.45,5089.41,3329.92,6557.44,2065.01,6202.55,1709.26,3077.76,3184.17,1856.67,5237.32,1831.23
2015/11/6,3436.99,3621.26,3173.76,2922.67,3548.33,3044.29,4603.68,6518.81,3740.5,3634.48,8392.46,3579.11,3706.51,5077.06,5741.17,6255.7,3476.75,5117.83,3418.59,6552.73,2078.57,6224.58,1700.57,3088.15,3257.08,1906.68,5284.01,1839.02
2015/11/9,3463.72,3664.88,3235.71,2959.07,3603.99,3114.02,4683.14,6601.25,3805.29,3690.44,8508.83,3640.55,3765.71,5142.71,5813.22,6411.36,3528.24,5200.45,3457.61,6645.26,2111.73,6405.63,1749.4,3164.38,3326.27,2066.34,5357.68,1870.47
2015/11/10,3511.27,3733.35,3296.58,2980.84,3650.38,3150.16,4733.41,6632.18,3876.25,3743.37,8634.86,3676.81,3792.39,5209.88,5850.86,6525.28,3573.31,5294.9,3472.88,6781.13,2139.39,6611.89,1788.53,3203.91,3375.44,2011.16,5428.19,1903.63
2015/11/11,3540.22,3820.86,3346.25,3026.37,3801.95,3212.73,4755.37,6661.48,3936.33,3766.96,8665.3,3684.8,3784.52,5222.89,5870.32,6584.31,3646.91,5348.45,3501.43,6886.52,2152.46,6659.84,1824.09,3226.52,3377.89,2041.93,5473.99,1922.3
2015/11/12,3578.62,3841.93,3408.68,3035.63,3797.46,3308.83,4788.61,6705.44,3986.8,3856.75,8913.28,3730.27,3795.28,5288.68,5884.16,6658.38,3771.76,5454.8,3515.26,7083.85,2151.31,6842.71,1859.5,3317.04,3346.4,2080.75,5533.48,1959.52
2015/11/13,3564.51,3787.66,3367.3,2992.68,3793.91,3266.17,4728.11,6627.76,3928.9,3826.03,8793.13,3696.17,3738.14,5190.79,5747.99,6583.97,3744.39,5384.18,3439.57,7096.12,2137.33,6672.37,1801.99,3251.74,3272.73,2014.38,5517.59,1928.66
2015/11/16,3444.14,3667.43,3278.59,2884.93,3674.34,3178.07,4595.65,6437.28,3820.07,3715.49,8496.8,3599.02,3692.72,5085.68,5652.7,6375.72,3705.43,5219.02,3354.78,6929.35,2047.73,6456.73,1725.34,3160.52,3239.82,1997.07,5456.82,1862.11
2015/11/17,3582.51,3782.6,3444.02,2982.46,3822.47,3360.2,4750.52,6630.6,3991.06,3876.8,8853.47,3750.4,3779.13,5296.97,5864.02,6561.52,3911.47,5469.68,3493.74,7282.24,2131.37,6824.81,1838.7,3344.52,3288.59,2063.36,5678.62,1989.61
2015/11/18,3557.23,3760.29,3397.76,2955.55,3759.42,3283.59,4734.74,6592.79,3931.87,3829.91,8708.45,3727.31,3745.35,5233.57,5785.03,6586.43,3847.9,5375,3444.89,7112.5,2152.55,6603.86,1780.15,3265.43,3295.27,2047.04,5595.51,1951.5
2015/11/19,3538.81,3727.17,3346.41,2928.4,3707.7,3238.92,4686.42,6569.04,3876.56,3785.58,8591.04,3652.56,3698.8,5311.04,5729.17,6500.09,3780.2,5319.67,3415.53,6971.34,2084.8,6469.19,1755.59,3240.89,3312.55,1992.73,5471.74,1924.19
2015/11/20,3606.32,3777.32,3431.14,2957.71,3809.85,3422.99,4774.79,6649.3,3981.9,3883.64,8769.57,3699.48,3742.26,5357.43,5832.35,6642.36,3894.51,5421.02,3468.3,7211.24,2146.17,6721.84,1824.7,3345.33,3335.77,2027.39,5590.1,1974.7
2015/11/23,3632.47,3774.59,3465.88,2966.09,3857.56,3464.41,4831.92,6659.89,4041.09,3959.81,8808.46,3708.75,3748.17,5438.54,5865.64,6672.59,3964.23,5533.71,3479.93,7304.61,2176.47,6817.61,1825.26,3392.31,3344.43,2010.18,5617.43,2003.33
2015/11/24,3603.9,3737.02,3451.93,2930.01,3782.24,3406.8,4792.8,6648.88,4061.09,3925.33,8766.91,3674.79,3715.04,5387.6,5861.23,6607.01,3911.48,5466.23,3465.83,7192.39,2144.14,6698.04,1816.96,3324.28,3328.88,1979.94,5577.34,1986.17
2015/11/25,3683.77,3732.24,3504.29,2944.46,3827.53,3492.96,4832.7,6646.25,4073.09,3953.46,8833.35,3696.63,3718.76,5382.59,5893.32,6598.3,3943.53,5535.8,3462.74,7258.14,2201.49,6814.51,1838.72,3376.79,3303.5,1996.97,5629.71,2005.43
2015/11/26,3739.13,3785.51,3583.03,2968.66,3871.35,3570.84,4901.15,6750.37,4175.82,4031.78,9057.92,3756.88,3754.51,5469.85,6011.5,6725.44,4059.82,5593.72,3515.61,7410.17,2156.11,7054.35,1895.36,3458.93,3333.6,2039.84,5760.67,2046.63
2015/11/27,3681.42,3781.54,3540.57,2967.65,3865.86,3511.97,4872.16,6680.93,4097.93,3993.49,8895.1,3681.56,3733.65,5414.5,5925.71,6647.86,4034.65,5556.7,3465.88,7232.13,2184.86,6856.03,1838.38,3441.73,3300.19,1978.99,5695.86,2008.59
2015/11/30,3502.28,3554.31,3355.87,2783.7,3660.17,3305.43,4641.06,6434.36,3858.2,3834.05,8458.53,3495.78,3540.04,5126.51,5586.77,6397.16,3876.6,5233.6,3238.1,6832.51,2000.84,6462.34,1739.89,3244.97,3193.74,1850.97,5403.84,1883.15
2015/12/1,3504.11,3541.14,3385.32,2772.82,3668.49,3349.13,4638.71,6459.26,3882.8,3851.19,8476.58,3538.9,3504.52,5203.31,5624.84,6352.43,3963.19,5203.78,3223.96,6875.31,1962.35,6458.18,1740.9,3253.67,3237.49,1846.79,5444.57,1885.73
2015/12/2,3527.01,3531.82,3377.93,2773,3655.48,3314.38,4684.08,6530.89,3875.27,3849.68,8510.42,3537.07,3516.44,5408.85,5614.65,6427.29,3925.2,5315.46,3258.7,6824.43,1947.71,6382.66,1725.75,3219.17,3211.73,1857.72,5436.93,1883.72
2015/12/3,3494.24,3579.36,3383.86,2838.43,3677.1,3285.67,4802.14,6620.14,3855.53,3803.61,8531.1,3566.96,3566.8,5529.16,5621.65,6474.99,3844.3,5389.22,3309.23,6788.27,1950.58,6306.59,1716.93,3195.9,3376.7,1950.96,5500.16,1881.74
2015/12/4,3561.51,3630.38,3459.3,2854.18,3730.55,3354.63,4829.14,6681.98,3926.58,3873.48,8650.53,3584.64,3576.88,5593.1,5708.04,6609.03,3931.57,5461.49,3330.63,6913.24,1977.44,6497.05,1762.65,3257.83,3382.44,1947.15,5574.42,1920.18
2015/12/7,3619.26,3610.79,3478.26,2810.77,3741.98,3365.58,4848.05,6655.36,3932.39,3903.69,8665.95,3554.26,3557.01,5591.7,5701.71,6714.09,3974.71,5475.15,3291.11,6919.24,1956.15,6472.81,1772.33,3248.41,3324.69,1917.15,5567.75,1919.46
2015/12/8,3621.51,3585.84,3495.35,2801.85,3737.69,3382.89,4880.01,6667.14,3975.22,3926.92,8745.23,3554.99,3573.07,5578.97,5745.7,6803.32,4024.62,5482.43,3270.5,6975.17,1941.35,6537.48,1799.49,3260.18,3311.16,1893.21,5592.56,1923.18
2015/12/9,3535.94,3507.67,3415.53,2739.35,3678.16,3305.23,4785.71,6524.82,3921.31,3852.44,8588.2,3463.34,3523.17,5493.59,5616.23,6707.46,3960.13,5352.01,3182.36,6846.16,1876.94,6465.54,1780.38,3201.68,3294.08,1867.13,5465.51,1876.26
2015/12/10,3511.3,3523.07,3417.48,2754.56,3699.71,3307.6,4808.67,6558.76,3926.68,3829.11,8578.1,3444.02,3503.2,5595.96,5606.32,6746.94,3982.81,5402.84,3153.49,6824.74,1895.59,6490.17,1778.34,3218.85,3307.76,1886.45,5535.64,1866.61
2015/12/11,3507.37,3493.05,3391.38,2706.56,3651.61,3288.71,4792.92,6517.63,3911.3,3801.22,8572.95,3423.18,3496.33,5496.25,5572.38,6765.13,3955.6,5385.76,3133.13,6754.34,1854.43,6544.21,1777.43,3253.14,3280.04,1865.53,5499.53,1862.31
2015/12/14,3443.28,3446.48,3337.17,2681.29,3672.55,3258.81,4784.75,6441.34,3863.05,3739.48,8432.51,3387.82,3456.35,5432.64,5542.37,6629.36,3872.92,5296.94,3082.96,6613.18,1844.77,6416.79,1752.23,3253.1,3236.96,1865.97,5404.47,1832.91
2015/12/15,3547.99,3573.88,3433.21,2767.25,3831.54,3342.56,4910.34,6608.24,3985.56,3837.69,8631.84,3499.92,3531.57,5597.17,5698.82,6793.57,3943.86,5498.92,3209.73,6835.27,1913.03,6578.71,1805.7,3322.72,3310.26,2012.9,5548.52,1895.22
2015/12/16,3584.68,3574.02,3473.62,2761.18,3847.3,3407.72,4923.23,6650.88,4038.88,3881.19,8707.95,3507.64,3535.99,5685.63,5781.23,6926.45,4041.88,5549.48,3216.11,6924.54,1925.26,6733.58,1835.29,3407.48,3282.01,1985.93,5613.74,1915.13
2015/12/17,3627.84,3611.12,3516.82,2772.34,3901.93,3466.23,4930.63,6659.36,4058.3,3915.8,8755.43,3532.34,3545.14,5709.52,5829.27,6931.48,4054.8,5570.74,3221.72,7008.31,1923.76,6786.94,1847.12,3419.56,3276.3,2002.12,5640.31,1931.31
2015/12/18,3684.43,3688.46,3572.73,2849.56,3910.3,3522.58,4999.15,6759.81,4158.17,3977.95,8903.84,3579.24,3619.55,5967.98,5975.47,7075.85,4133.03,5704.72,3294.99,7179.28,1945.57,6961.34,1873.76,3485.29,3287.84,1998.94,5722.28,1971.1
2015/12/21,3682.77,3708.59,3554.62,2837.74,3908.91,3497.36,5000.31,6884.95,4123.74,3946.46,8978.72,3556.62,3620.72,5991.05,5958.58,7155.88,4194.23,5690.03,3282.38,7090.77,1936.38,6840.73,1858.77,3461.53,3324.42,1990.45,5693.02,1959.63
2015/12/22,3770.17,3766.32,3601.71,2883.89,3940.95,3534.37,5237.14,7288.79,4165.39,3987.98,9185.63,3619.48,3688.87,6142,6078.08,7310.78,4231.48,5817.92,3350.89,7195.61,1967.11,6878.44,1874.29,3492.2,3444.58,2042.19,5803.62,1981.09
2015/12/23,3813.63,3800.44,3634.57,2898.53,3961.1,3555.74,5261.32,7237.75,4206.78,4011.19,9191.17,3622.59,3681.92,6173.39,6118.81,7306.7,4259.31,5910.52,3354.74,7250.22,1974.87,6978.31,1885.68,3495.97,3434.29,2064.96,5851.2,1990.31
2015/12/24,3764.65,3745.48,3582.34,2854.2,3903.89,3508.47,5261.41,7132.35,4150.81,3950.55,9119.48,3586,3641.56,6143.27,6091.05,7182.5,4183.74,5800.62,3320.11,7117.11,1933.43,6792.86,1835.3,3417.47,3433.47,2077.52,5793.16,1961.09
2015/12/25,3780.34,3723.35,3614.97,2844.23,3917,3537.28,5213.74,7100.7,4158.54,3974.93,9112.3,3572.93,3595.81,6077.49,6061.79,7188.28,4187.4,5754.79,3294.2,7128.83,1904.28,6853.68,1851.26,3441.06,3440.34,2044.91,5803.63,1972.53
2015/12/28,3793.58,3739.39,3655.45,2858.02,3927.08,3564.39,5242.56,7133.04,4216.15,4014.48,9191.22,3587.14,3636.73,6120.48,6099.73,7276.02,4210.41,5783.02,3325.26,7183.51,1924.99,6879.55,1850.98,3496.48,3449.51,2067.26,5872.11,1990.9
2015/12/29,3669.71,3627.35,3558.16,2782.76,3802.05,3473.09,5083.16,6918.94,4098.49,3931.97,8947.51,3497.35,3539.28,5914.11,5941.81,7087.05,4094.47,5623.11,3214.6,7017.85,1867.63,6748.9,1802.68,3395.07,3346.43,1970.38,5728.02,1938.63
2015/12/30,3708.68,3675.57,3611.79,2821.59,3874.5,3521.64,5213.48,7008.47,4167.32,3990.79,9052.56,3526.68,3578.53,5976.71,6000.23,7139.7,4117.09,5689.39,3254.36,7161.41,1884.64,6826.44,1814.46,3453.84,3374.05,1998.18,5833.78,1964.12
2015/12/31,3717.29,3680.8,3630.76,2814.99,3885.49,3579.07,5221.97,7023.2,4206.68,4039.32,9131.91,3537.42,3569.22,5996.03,6026.63,7236.49,4128.55,5748.67,3261.87,7196.92,1912.96,6946.88,1828.73,3512.66,3381.35,1983.36,5872.33,1985.59
2016/1/4,3671.08,3630.72,3564.56,2818.21,3820.96,3502.21,5140.31,6948.77,4142.08,3972.82,8987.98,3503.88,3518.97,5917.35,5901.6,7149.03,4037.06,5670.83,3235.77,7081.42,1956.33,6752.52,1781.42,3438.9,3370.34,1960.52,5765.06,1949.47
2016/1/5,3245.47,3255.17,3122.68,2542.7,3354.05,3036.53,4581.17,6321.04,3635.6,3541.43,7919.35,3130.89,3141.48,5256.01,5177.88,6364.07,3533.84,4949.88,2873.36,6156.32,1685.11,5816.85,1546.78,3006.67,3196.68,1748.8,5068.38,1686.83
2016/1/6,3373.55,3367.05,3233.48,2697.09,3488.89,3164.19,4785.62,6508.1,3788.57,3663.58,8157.59,3231.07,3230.39,5448.81,5370.23,6541.27,3656.09,5120.6,2960.74,6423.31,1830,6015.18,1587.63,3169.11,3245.21,1809.32,5251.5,1751.71
2016/1/7,3399.89,3546.05,3240.49,2843.17,3556.27,3157.37,4773.27,6499.3,3814.59,3677.34,8127.54,3252.31,3249.09,5446.07,5381.18,6495.75,3655.56,5195.24,2995.43,6420.19,1820.56,5965.74,1580.77,3146.99,3238.23,1794.23,5266.43,1758.68
2016/1/8,3246.88,3416,3095.88,2726.86,3401.84,3006.47,4610.12,6287.48,3652.74,3522.9,7769.86,3135.06,3123.5,5201.92,5140.06,6227.46,3488.14,4960.86,2864.33,6153.06,1737.22,5696.06,1504.99,3008.98,3193.8,1738.53,5036.02,1672.87
2016/1/11,3197.76,3471.27,2998.97,2808.17,3337.91,2864.03,4469.62,6152.52,3522.51,3388.1,7546.45,3046.79,3036.72,5084.48,4976.01,6081.15,3365.08,4827.2,2795.01,5912.29,1638.89,5397.23,1443.08,2922.16,3145.8,1684.52,4896.04,1615.55
2016/1/12,3062.01,3264.64,2857.1,2662.43,3209.98,2702.02,4319.01,5965.45,3335.51,3219.27,7193.48,2923.35,2961.58,4882.13,4748.68,5939.33,3177.93,4601.2,2731.9,5594.95,1533.72,5139.18,1385.6,2783.95,3095.88,1630.43,4662.06,1533.09
2016/1/13,3077.84,3266.2,2873.04,2590.57,3191.46,2724.54,4325.34,5968.8,3344.79,3232.26,7283.64,2939.46,2970.4,4927.55,4793.12,6044.68,3170.34,4658.77,2745.24,5644.98,1528.35,5218.9,1414.99,2773.86,3111.12,1651.46,4700.06,1547.52
2016/1/14,2851.31,3074.95,2665.96,2482.07,2968.24,2503.51,4095.78,5731.54,3092.83,3009.21,6793.51,2772.58,2779.46,4607.89,4463.47,5621.6,2966.88,4318.36,2554.83,5250.63,1385.62,4787.83,1314.72,2553.37,3007.09,1556.25,4388.41,1426.5
2016/1/15,2996.98,3244.25,2808.82,2610.22,3132.41,2688.48,4289.72,5964.42,3282.23,3185.43,7209.41,2902.02,2882.99,4829.78,4702.27,5868.43,3134.25,4535.64,2674.65,5605.32,1518,5169.01,1410.87,2709.02,3063.11,1629.42,4631.94,1519.85
2016/1/18,2832.2,3050.18,2685.34,2455.7,2965.37,2552.07,4079.32,5733.97,3115.13,3049.07,6912.87,2757.32,2718.2,4592.52,4467.58,5622.18,2971.64,4267.1,2512.38,5328.19,1449.57,4928.86,1349.17,2578.55,2978.72,1563.96,4439.77,1436.53
2016/1/19,2930.22,3091.33,2776.65,2480.93,3044.84,2679.61,4184.58,5850.71,3239.45,3160.95,7132.49,2816.13,2813.75,4736.34,4611.9,5762.38,3070.19,4410.49,2577.9,5526.4,1520.95,5178.85,1406.24,2685.97,3016.01,1599.52,4596.71,1500.85
2016/1/20,3026.27,3171.88,2862.16,2527.56,3130.68,2766.19,4324.84,6007.61,3356.22,3269.39,7370.48,2897.13,2892.05,4899.08,4773.79,5904.08,3161.28,4563.52,2752.86,5741.37,1588.88,5332.98,1436.72,2766.65,3036.73,1632.09,4732.87,1553.84
2016/1/21,2971.49,3116.55,2810.73,2443.81,3091.68,2713.16,4216.76,5868.75,3286.05,3193.23,7204.8,2853.68,2869.65,4790.5,4726.44,5765.5,3100.49,4454.5,2669.14,5635.02,1542.33,5207.26,1407.05,2723.43,2993.73,1595.1,4629.44,1524.65
2016/1/22,2943.68,3129.57,2779.63,2415.09,3036.67,2674.6,4182.59,5848.13,3240.64,3118.92,7173.44,2818.59,2820.19,4730.78,4645.6,5742.77,3035.79,4406.93,2645.59,5517.86,1516.76,5152.33,1379.73,2696.64,2996.56,1575.46,4594.17,1500.37
2016/1/25,2978.97,3210.94,2815.39,2455.22,3078.6,2732.28,4227.48,5854.72,3272.03,3140.14,7209.81,2838.79,2846.1,4769.66,4707.8,5783.78,3084.34,4473.66,2681.51,5595.45,1543.88,5189.48,1400.51,2744.24,2991.37,1578.66,4630.68,1521.13
2016/1/26,2973.53,3186.48,2787.23,2418.85,3059.78,2714.81,4209.85,5830.33,3245.5,3100.78,7148.61,2816.48,2822.69,4730.68,4679.61,5758.18,3059.17,4505.68,2643.65,5530.81,1511.9,5088.97,1387.45,2723.75,2976.75,1554.81,4570,1500.08
2016/1/27,2834.85,3027.57,2631.5,2294.83,2873.89,2557.12,4049.17,5599.2,3076.25,2898.58,6744.68,2645.24,2660.28,4463.03,4386.64,5420.76,2873.13,4250.43,2479.08,5167.82,1421.83,4756.04,1298.2,2563.66,2890.44,1464.93,4315.29,1407.14
2016/1/28,2779.9,3031.57,2566.97,2257.34,2789.3,2495.68,3958,5503.54,2988.71,2784.28,6588.83,2566.63,2575.7,4356.44,4278.48,5229.52,2769.71,4119.94,2420.19,5017.29,1393.9,4634.34,1275.9,2493.01,2879.18,1433.43,4205.58,1368.6
2016/1/29,2683.99,2951.76,2488.17,2105.97,2662.88,2402.48,3915.16,5400.5,2880.54,2671.08,6451.83,2492.36,2505.39,4270.89,4173.79,5102.8,2688.23,3976.26,2326.29,4820.98,1318.67,4466.26,1235.92,2420.27,2847.14,1421.28,4079.79,1316.42
2016/2/1,2760.07,3017,2572.35,2163.82,2773.42,2496.05,3997.84,5580.71,2979.6,2768.83,6666.92,2569.78,2596.15,4423.79,4288.83,5334.4,2814.1,4100.96,2422.53,5023.06,1357.33,4676.76,1274.94,2497.96,2900.11,1479.06,4221.87,1369.67
2016/2/2,2748.4,2919.21,2547.75,2077.55,2748.47,2480.3,3941.94,5569.96,2959.1,2743.91,6643.29,2542.55,2569.89,4384.67,4251.2,5371.73,2814.88,4040.29,2374.7,4979.09,1331.01,4645.81,1267.37,2486.28,2848.59,1458.23,4182.91,1349.84
2016/2/3,2790.28,2941.63,2593.05,2097.87,2797.75,2539.02,4005.36,5620.35,3028.7,2805.32,6763.57,2577.04,2604.8,4525.65,4310.81,5457.24,2897.03,4134.27,2420.32,5085.04,1345.96,4801.87,1294.36,2542.76,2855.13,1471,4265.13,1376.57
2016/2/4,2813.33,2969.05,2644.11,2104.55,2892.89,2595.84,4046.75,5696.65,3097.07,2873.07,6873.21,2614.94,2641.7,4583.52,4381.68,5564,2958.64,4198.07,2462.29,5207.61,1394.22,4906.91,1330.05,2569.54,2868.9,1488.75,4338.99,1403.22
2016/2/5,2857.93,2997.14,2700.41,2149.12,3013.7,2644.2,4098.66,5750.88,3157.8,2929.47,6999.48,2655.29,2678.04,4636.48,4458.81,5689.67,3031.89,4268.58,2493.75,5314.72,1416.74,4997.98,1351.66,2593.61,2886.68,1487.36,4418.59,1430.7
2016/2/15,2739.18,2904.44,2583.3,2061.88,2924.6,2530.86,3937.31,5539.61,3027.03,2824.2,6771.42,2550.99,2590.87,4422.33,4309.39,5451.92,2883.63,4061.75,2383.43,5033.75,1351.92,4726.43,1293.03,2485.58,2832.32,1418.52,4211.52,1363.42
2016/2/16,2843.39,2999.05,2675.81,2116.63,3055.44,2652.58,4059.66,5641.12,3138.98,2942.15,7041.42,2621.95,2682.96,4550.93,4438.49,5678.94,3006.1,4221.31,2450.24,5232.77,1423.52,4954.45,1338.36,2591.81,2877.59,1462.08,4377.45,1416.35
2016/2/17,2939.76,3072.6,2758.68,2193.89,3113.06,2760.61,4162.58,5782.56,3230.55,3042.74,7238.13,2708.85,2775.08,4685.63,4586.32,5790.98,3106.51,4368.66,2537.1,5436.16,1481.45,5164.9,1389.02,2682.21,2920.8,1504.94,4526.2,1466.97
2016/2/18,3022.17,3147.22,2812.2,2243.21,3164.5,2827.16,4255.25,5835.58,3298.32,3108.82,7321.86,2751.7,2816.86,4778.33,4703.98,5831.67,3187.89,4508.01,2634.66,5532.2,1529.07,5284.24,1414.08,2723.72,2937.46,1531.86,4632.43,1505.77
2016/2/19,2990.16,3112.83,2777.67,2234.01,3143.59,2786.53,4202.65,5771.72,3271.72,3080.93,7229.45,2728.37,2787.39,4737.22,4652.58,5731.02,3137.11,4525,2605.74,5460.38,1500.64,5174.4,1397.87,2678.7,2920.31,1511.75,4582.68,1486.65
2016/2/22,3055.07,3159.3,2829.19,2259.46,3169.79,2860.86,4263.15,5847.01,3345.03,3144.46,7365.98,2767.39,2806.27,4830.19,4726.32,5800.35,3191.95,4615.2,2655.14,5582.11,1539.55,5331.47,1426.31,2743.27,2925.2,1544.51,4656.77,1517.76
2016/2/23,3070.48,3234.16,2866.66,2351.83,3225.49,2888.06,4277.07,5914.8,3363.22,3183.46,7385.77,2795.6,2824,4849.67,4754.03,5880.39,3203.65,4701.85,2675.42,5633.39,1537.66,5343.11,1434.64,2750.07,2952.22,1576.14,4717.77,1534.1
2016/2/24,3071.79,3242.65,2846.21,2341.14,3222.17,2846.37,4236.44,5924.41,3337.83,3169.36,7318.85,2758.35,2795.09,4796.74,4727.38,5865.85,3162.99,4628.02,2648.49,5546.56,1506.85,5262.84,1406.52,2702.75,2911.75,1542.66,4657.14,1512.62
2016/2/25,3113.47,3285.82,2876.26,2369.96,3269.83,2839.29,4241.51,5992.23,3375.74,3179.8,7310.68,2802.07,2840.38,4841.88,4829.77,5868.75,3187.43,4654.67,2673.67,5608.99,1533.1,5226.28,1399.32,2697.93,2926.14,1554.84,4737.69,1519.52
2016/2/26,2928.99,3101.29,2693.39,2212.22,3043.35,2635.18,4056.99,5671.88,3163.12,2943.97,6856.51,2642.6,2654.5,4547.09,4505.77,5493.2,2968.55,4312.42,2481.95,5182.61,1402.61,4863,1305.43,2519.69,2846.16,1459.58,4437.98,1409.05
2016/2/29,2929.3,3137.18,2669.83,2230.27,3041.95,2583.89,4014.34,5694.77,3125.08,2887.14,6797.29,2637,2638.89,4550.24,4425.48,5450.49,2920.68,4296.95,2453.07,5106.73,1382.25,4725.06,1275.87,2483.88,2857.55,1445.81,4414.31,1385.72
2016/3/1,2832.64,3086.88,2543.95,2173.28,2964.05,2430.66,3889.57,5528.17,2990.78,2717.55,6505.22,2526.61,2516.01,4452.9,4161.8,5197.94,2765.17,4142.81,2368.45,4847.52,1314.39,4418.37,1203.53,2370.73,2867.61,1416.7,4214.05,1307.59
2016/3/2,2875.66,3142.62,2599.02,2213.78,3037.11,2479.67,3971.88,5619.63,3054.54,2778.5,6607.37,2561.74,2544.72,4541.52,4256.82,5288.65,2788.47,4259.85,2422.47,4926.62,1350.2,4512.03,1229.86,2407.21,2893.86,1460.91,4275.47,1330.59
2016/3/3,2983.13,3302.7,2730.41,2359.07,3259.21,2599.39,4133.1,5833.41,3211.12,2914.77,6862.14,2673.24,2661.09,4910.57,4452.8,5525.16,2912.5,4588.61,2555.94,5162.52,1439.42,4709.56,1279.5,2505.99,2943.29,1527.09,4468.78,1399.63
2016/3/4,2974.16,3296.15,2733.57,2330.02,3310.08,2582.35,4116.65,5869.52,3191.25,2928.37,6857.62,2673.94,2666.12,4806.67,4469.31,5455.2,2918.74,4519.47,2549.87,5153.69,1422.66,4686.22,1274.37,2488.84,2960.43,1522.4,4465.86,1394.55
2016/3/7,2985.68,3337.09,2704.92,2411.05,3314.05,2529.26,4088.32,5948.05,3124.68,2869.5,6765.35,2659.16,2669.87,4796.67,4372.96,5319.17,2864.21,4487.71,2590.17,5045.81,1423.01,4551.49,1246.86,2451.96,3082.67,1559.47,4443.21,1375.57
2016/3/8,3030.37,3415.65,2745.45,2473.95,3369.27,2551.8,4108.86,5964.13,3148.93,2907.46,6791.38,2669.73,2696.3,4783.6,4454.08,5387.61,2897.71,4537.85,2568.97,5087.95,1428.29,4600.5,1256.24,2484.07,3059.01,1545.19,4462.48,1389.3
2016/3/9,2934.2,3220.83,2695.15,2319.29,3204.4,2530.32,4065.7,5839.05,3127.76,2866.3,6724.72,2623.11,2654.29,4639.8,4390.71,5377.7,2883.03,4401.31,2525.05,5021.64,1384.85,4580.4,1254.83,2466.04,3040.41,1517.95,4394.44,1372.01
2016/3/10,2922.92,3202.83,2682.07,2293.8,3160.11,2543.51,4071.53,5839.26,3141.05,2876.05,6775.07,2617.15,2657.03,4640.64,4377.19,5396,2887.04,4404.01,2533.02,5040.04,1391.12,4585.52,1261.08,2474.95,3071.84,1525.96,4388.84,1381.85
2016/3/11,2866.16,3086.12,2606.75,2208.27,3088.77,2468.11,4011.01,5797.54,3065.86,2799.03,6623.35,2561.54,2593.74,4500.57,4272.04,5281.4,2800.6,4269.6,2467.12,4912.84,1352.13,4416.92,1223.26,2420.99,3013.02,1481.38,4290.66,1346.9
2016/3/14,2911.18,3139.07,2663.06,2247.94,3119.43,2531.18,4070.78,5879.67,3124.78,2856.4,6736.09,2610.2,2624.83,4551.54,4358.14,5364.56,2839.47,4361.33,2522.89,5015.41,1375.21,4523.02,1256.03,2467.47,3047.08,1526.18,4365.24,1378.01
2016/3/15,2963.07,3159.53,2707.25,2275.5,3163.43,2592.54,4121.56,5891.28,3200.27,2926.95,6841.62,2650.6,2671.56,4614.84,4433.09,5421.67,2914.03,4450.49,2565.68,5130.23,1397.67,4664.43,1286.77,2512.94,3032.19,1536.33,4438.52,1402.84
2016/3/16,2963.74,3138.09,2726.43,2250.55,3133.83,2607.3,4125.68,5960.14,3214.39,2926.42,6884.38,2669.14,2677.26,4605.05,4435,5431.23,2914.83,4453.14,2566.89,5146.11,1405.84,4664.79,1290.14,2523.36,3042.83,1537.42,4456.84,1406.93
2016/3/17,2917.03,3143.79,2694.34,2236.43,3148.05,2558.04,4100.48,5930.14,3188.42,2896.01,6813.39,2653.97,2662.16,4574.85,4384.69,5337,2855.86,4416.13,2576.93,5094.11,1382.14,4591.72,1273.41,2499.22,3123.84,1561.07,4422.91,1392.29
2016/3/18,2985.11,3201.77,2789.22,2278.36,3232.93,2668.76,4186.25,6026.53,3279.26,2989.2,7008.98,2707.25,2711.03,4661.58,4511.75,5509.48,2961.11,4518.77,2626.15,5302.9,1425.94,4842.19,1331.55,2573.35,3098.93,1593.36,4540.66,1438.1
2016/3/21,3101.66,3269.67,2897.02,2345.16,3319.52,2798.39,4297.33,6128.69,3411.47,3128.68,7249.8,2783.42,2789.64,4823.13,4708.22,5733.63,3105.49,4666.37,2684.86,5545.88,1493.88,5105.69,1400.22,2662.12,3096.7,1665.67,4733.35,1499.63
2016/3/22,3136.71,3287.33,2904.94,2366.65,3346.98,2802.99,4310.48,6181.41,3434,3146.36,7275.77,2797.39,2806.44,4859.36,4740.13,5758.35,3127.15,4699.78,2707.82,5562.26,1507.18,5133.85,1393.84,2667.43,3114.27,1719.48,4742.6,1508.03
2016/3/23,3186.35,3265.2,2907.95,2350.67,3362.15,2813.16,4310.09,6186.59,3442.01,3151.03,7280.29,2796.59,2788.6,4822.84,4742.41,5759.18,3147.32,4680.34,2702.07,5588.54,1551.84,5156.45,1403.01,2673.91,3103.83,1689.15,4744.47,1511.1
2016/3/24,3198.76,3252.6,2918.65,2349.84,3338.8,2826.4,4315.68,6198.01,3455.91,3154.89,7252.17,2796.52,2794.77,4823.65,4763.08,5816.82,3148.08,4719.27,2696.51,5622.38,1542.18,5219.6,1415.15,2682.07,3090.45,1689.77,4774.07,1520.08
2016/3/25,3191.14,3207.97,2894.64,2312.39,3295.86,2793.77,4295.42,6222.26,3424.95,3132.79,7183.93,2771.88,2767.5,4799.95,4704.68,5769.27,3126.3,4654.8,2670.32,5572.62,1528.29,5169.1,1403.01,2652.82,3062.52,1655.46,4815.61,1502.82
2016/3/28,3242.7,3230.53,2925.2,2326.4,3329.07,2850.14,4368.95,6318.18,3484.73,3182.64,7283.47,2806.51,2826.17,4857.18,4813.82,5893.37,3208.16,4694.57,2709.63,5660.45,1569.95,5215.31,1417.29,2690.45,3073.24,1678.39,4857.53,1532.28
2016/3/29,3197.72,3199.44,2892.63,2302.35,3313.51,2796.03,4309.15,6367.83,3431.38,3145.34,7223.16,2785.09,2778.38,4793.05,4743.32,5853.19,3154.77,4640.38,2678.68,5587.72,1531.92,5113.71,1391.94,2658.61,3046.69,1644.5,4798.93,1512.47
2016/3/30,3168.38,3175.68,2871.39,2274.52,3340.68,2776.21,4284.2,6305.23,3402.44,3099.52,7141.23,2763.74,2756.97,4755.12,4707.16,5742.91,3143.29,4625.49,2652.25,5541.89,1505.38,5087.9,1377.26,2626.28,3049.78,1653.73,4765.25,1493.12
2016/3/31,3245.06,3244.79,2961.75,2319.37,3415.55,2880.4,4378.32,6428.84,3489.72,3201.9,7359.22,2833.76,2829.28,4858.24,4821.35,5869.46,3246.62,4769.9,2726.21,5751.49,1549.7,5281.05,1418.54,2704.77,3104.39,1690.36,4920.32,1545.33
2016/4/1,3231.38,3231.23,2955.22,2309.69,3385.73,2860.06,4364.07,6400.97,3483.15,3174.44,7307.83,2824.03,2845.46,4828.3,4788.2,5883.17,3214.16,4795.02,2713.08,5704.81,1537.57,5220.65,1407.18,2686.45,3088.03,1676.33,4892.81,1536.79
2016/4/5,3238.78,3267.54,2971.78,2326.84,3420.99,2861.41,4362.1,6361.32,3470.89,3182.4,7279.65,2830.77,2853.98,4845.47,4781.47,5874.04,3241.53,4814.78,2728.95,5731.65,1532.74,5202.87,1397.28,2689.64,3082.38,1665.83,4922.85,1534.47
2016/4/6,3307.97,3303.69,3029.29,2369.47,3464.34,2932.39,4416.88,6455.38,3545.7,3243.03,7428.97,2874.27,2912.86,4924.53,4874.51,5951.5,3315.92,4898.93,2765.05,5875.08,1559.45,5346.45,1429.61,2737.4,3094.73,1687.32,5031.9,1568.87
2016/4/7,3329.26,3322.67,3073.58,2375.6,3477.25,2973.49,4449.82,6566.21,3589.36,3287.4,7542.46,2891.06,2925.14,4958.26,4939.25,5973.68,3338.45,4930.58,2788.86,5962.82,1574.08,5407.36,1446.16,2760.07,3095,1696.22,5055.58,1598.6
2016/4/8,3232.8,3257.59,3009.07,2341.76,3384.99,2882.82,4361.47,6400.16,3511.21,3177.68,7353.58,2839.65,2843.38,4850.54,4793.39,5815,3268.82,4815.07,2715.39,5818.97,1515.73,5214.44,1401.11,2692.81,3043.85,1639.54,4972.77,1550.05
2016/4/11,3256.74,3292.8,3033.45,2383.43,3432.94,2908.13,4372.1,6406.6,3549.36,3199.68,7418.79,2853.19,2856.63,4881.36,4857.82,5861.19,3301.55,4855.92,2729.36,5881.13,1520.24,5274.74,1414.36,2703.35,3058.47,1674.54,4998.16,1560.19
2016/4/12,3268.37,3327.79,3061.58,2445.56,3479.28,2929.58,4409.02,6389.64,3596.24,3247.14,7582.36,2876.77,2868.95,4918.06,4902.97,5933.41,3323.61,4935.83,2761.98,5948.66,1531.68,5315.39,1426.88,2731.99,3083.83,1660.61,5033.5,1579.27
2016/4/13,3242.01,3430.55,3061.74,2490.71,3498.55,2922.26,4411.42,6397.1,3592.89,3247.65,7537.4,2869.43,2875.46,4919.67,4901.53,5934.66,3346.31,4945.82,2761.78,5927.05,1526.79,5300.21,1430.06,2737.72,3086.37,1675.4,5047.89,1573.94
2016/4/14,3284.47,3465.21,3105.25,2525.68,3569.37,2961.74,4447.24,6431.8,3640.95,3301.21,7612.39,2907.48,2918.16,4971.21,4966.48,6028.05,3377.83,5013.69,2801.19,5999.58,1550.81,5374.58,1448.99,2781.6,3116.17,1705.72,5097.84,1597.32
2016/4/15,3298.73,3462.91,3124.11,2496.03,3545.7,2985.31,4463.22,6469.54,3669.13,3331.46,7628.3,2917.46,2918.37,5004.96,5007.1,6049.31,3411.97,5037.45,2813.87,6029.01,1553.24,5438.07,1461.39,2799.12,3116.82,1704.18,5114.51,1607.16
2016/4/18,3283.71,3408.26,3098.64,2470.69,3528.86,2964.38,4443.07,6442.24,3634.89,3317.04,7569.01,2894.27,2895.92,4979.75,4981.02,5995.14,3394.99,5027.24,2795.61,5973.92,1543.06,5337.15,1438.81,2777.64,3109.85,1683.4,5097.69,1596.65
2016/4/19,3302.42,3438.53,3088.82,2469.8,3516.98,2957.04,4429.27,6418.71,3612.49,3316.3,7524.04,2877.08,2875.5,4949.4,4968.33,5993.45,3401.74,4998.02,2776.34,5945.53,1524.54,5296.13,1432.9,2760.61,3127.6,1679.98,5113.52,1589.87
2016/4/20,3303.06,3429.7,3092.43,2501.72,3573.88,2968.93,4447.31,6414.39,3610.58,3320.2,7509.1,2876.06,2878.45,4955.92,4977.21,5982.33,3407.5,5008.27,2777.3,5962.64,1531.35,5323.14,1430.49,2768.58,3120.6,1679.78,5132.53,1592.33
2016/4/21,3144.97,3311.32,2938.04,2400.13,3432.93,2799.49,4283.46,6200.43,3430.96,3118.38,7147.45,2757.45,2752.99,4768.2,4702.01,5677.55,3197.11,4793.12,2656.21,5616.79,1469.8,4991.41,1349.88,2633.83,3106.58,1638.08,4882.8,1509.52
2016/4/22,3101.2,3293.81,2899.34,2396.42,3426.93,2757.14,4250.63,6189.43,3377.43,3070.89,7075.25,2729.4,2720.03,4720.94,4626.79,5632.95,3144.53,4724.75,2619.87,5519.22,1446.61,4870.73,1321.43,2592.68,3113.92,1627.04,4828.11,1488.92
2016/4/25,3121.98,3325.63,2935.38,2382.53,3416.77,2795.47,4337.67,6300.04,3416.35,3120.93,7167.98,2757.81,2731.12,4756.02,4682.59,5689.61,3187.24,4754.41,2638.95,5626.42,1461.01,4945.56,1342.26,2632.32,3129.17,1643.41,4875.18,1502.22
2016/4/26,3112.02,3355.19,2929.15,2386.6,3410.42,2785.46,4334.85,6314.92,3417.65,3097.33,7138.94,2751.83,2726.29,4736.64,4689.76,5649.4,3186.05,4734.6,2635.15,5604.97,1458.4,4906.25,1338.43,2628.31,3133.36,1635.75,4856.88,1498.61
2016/4/27,3162.79,3359.48,2969.82,2396.61,3437.66,2826.8,4358.88,6354.87,3462.8,3143.63,7249.25,2775.84,2752.15,4784.83,4734.44,5716.82,3259.16,4794.09,2661.42,5722.52,1472.82,4986.58,1358.35,2672.78,3151.82,1649.47,4931.07,1524.55
2016/4/28,3139.39,3312.74,2972.35,2364.74,3408.22,2816.8,4338.71,6370.4,3452.09,3150.29,7224.61,2771.12,2743.62,4790.95,4714.46,5718.01,3252.09,4784.14,2653.54,5693.8,1454.66,4932.14,1350.7,2670.7,3148.93,1633.62,4911.85,1516.02
2016/4/29,3100.7,3303.77,2944,2334.96,3386.79,2805.77,4340.07,6394.85,3410.86,3131.3,7172.28,2749.7,2718.24,4758.17,4674.3,5658.98,3240.03,4750.14,2626.73,5658.66,1437.37,4923.12,1343.29,2652.65,3143.61,1617.92,4875.64,1500.23
2016/5/3,3127.45,3315.1,2951.32,2351.37,3432.57,2811.74,4395.76,6490.26,3434.76,3160.43,7192.18,2752.7,2728.04,4772.15,4692.25,5682.84,3230.46,4774.47,2628.26,5676.5,1444.1,4930.91,1350.25,2658.97,3134.09,1616.46,4909.01,1506.24
2016/5/4,3218.69,3334.23,3022.35,2383.14,3488.99,2886.36,4508.95,6773.68,3512.91,3236.08,7387.32,2803.09,2779.03,4837.59,4804.41,5774.72,3309.67,4857.51,2675.86,5831.61,1479.5,5084.27,1384.99,2721.32,3144.52,1636.49,5010.54,1541.91
2016/5/5,3238.18,3313.95,3030.8,2371.4,3497.18,2913.33,4509.4,6718.18,3519.58,3239.82,7407.58,2801.32,2823.46,4846.41,4817.78,5786.18,3302.91,4838.77,2683.3,5863.95,1482.98,5098.06,1382.22,2719.82,3146.3,1633.18,5024.16,1545.53
2016/5/6,3254.8,3329.14,3060.95,2373.7,3529.58,2935.67,4503.85,6746.94,3571.24,3266.03,7448.6,2814.92,2841.71,4886.56,4856.27,5818.05,3312.36,4879.56,2701.64,5907.08,1489.39,5162.55,1398.67,2741.42,3148.57,1640.71,5043.94,1558.73
2016/5/9,3095.23,3186.26,2898.11,2266.6,3387.46,2797.41,4334.32,6448.98,3409.94,3086.35,7135.74,2715.75,2738.18,4720.51,4615.94,5598.14,3090.02,4640.13,2599.32,5599.73,1409.89,4868.32,1339.22,2606.77,3106.5,1571.85,4828.38,1484.56
2016/5/10,3003.13,3036.92,2805.17,2161.65,3218.87,2723.44,4278.22,6401.04,3293.17,2989.62,6959.79,2644.9,2678.81,4598.77,4463.52,5491.2,2967.68,4452.91,2515.45,5426.02,1356.23,4715.38,1305.27,2534.63,3061.64,1535.34,4690.78,1436.78
2016/5/11,3068.85,3055.23,2816.41,2177.01,3239.17,2730.05,4351.26,6552.02,3290.87,3018.18,7009.77,2663.58,2706.45,4628.28,4494.78,5527.73,2972.66,4475.09,2534.97,5450.94,1375.5,4752.69,1313.33,2560.08,3073.95,1547.44,4714.47,1445.69
2016/5/12,3061.77,2999.36,2730.62,2129.68,3169.34,2636.51,4319.32,6559.02,3202.89,2938.43,6967.16,2626.55,2689.68,4550.69,4385.66,5425.98,2860.43,4381.05,2484.47,5282.25,1337.26,4571.25,1277.42,2467.74,3070.74,1522.89,4618.05,1404.45
2016/5/13,3066.69,3009.59,2764.4,2145.31,3219.2,2679.48,4357.38,6565.45,3245.43,2960.77,7013.22,2665.23,2694.46,4556.31,4397.87,5411.12,2883.05,4375.77,2490.47,5349.38,1356.26,4645.27,1284.14,2498,3081.05,1542.63,4677.95,1416.4
2016/5/16,3075.34,3001.43,2763.16,2152.65,3248.99,2674.88,4318.89,6498.62,3233,2949.1,6985.24,2649.53,2685.78,4547.23,4387.08,5404.35,2904.95,4368.47,2479.42,5328.62,1348.85,4595.16,1277.73,2491.2,3074.49,1532.15,4647.81,1415.87
2016/5/17,3185.98,3048.03,2824.35,2171.45,3365.49,2747.77,4375.83,6617.06,3289.03,3014.43,7108.4,2674.89,2720.62,4577.29,4474.26,5469.93,2958.01,4437.04,2511.22,5466.44,1371.43,4698.04,1300.47,2540.88,3086.44,1548.86,4734.43,1442.52
2016/5/18,3117.65,3029.89,2798.47,2161.37,3310.29,2717.74,4315.87,6488.36,3243.07,2972.92,7067.51,2649.45,2682.44,4540.94,4419.83,5438.23,2905.34,4400.76,2486.82,5380.72,1361.04,4697.62,1292.34,2517.66,3069.36,1538.12,4675.76,1429.87
2016/5/19,3036.04,2985.61,2735.37,2138.37,3257.34,2664.64,4254.63,6402.23,3180.21,2896.08,6941.87,2605.82,2634.89,4499.65,4315.39,5343.71,2817.83,4299.69,2442.66,5246.52,1341.02,4599.88,1274.4,2474.76,3083.91,1545.97,4615.25,1401.74
2016/5/20,3014.08,2968.01,2727.5,2133.16,3309.57,2673.36,4235.01,6370.61,3184.4,2879.32,6900.02,2597.29,2620.23,4473.9,4289.2,5328.36,2813.72,4282.6,2426.99,5240.03,1333.15,4586.09,1275.28,2463.97,3073.93,1539.37,4600,1399.08
2016/5/23,3057.83,3006.42,2782.52,2162.09,3353.27,2763.58,4298.38,6459.13,3227.25,2942.47,7012.8,2631.71,2658.71,4529.95,4355.23,5384.21,2887.66,4366.25,2453.18,5368.1,1378.88,4743.02,1297.56,2523.27,3089.26,1559.23,4670.67,1429.15
2016/5/24,3086.33,3020.49,2816.09,2160.09,3362.92,2797.28,4320.05,6546.91,3280.88,2979.39,7054.45,2645.42,2682.58,4567.92,4399.15,5432.01,2934.92,4407.85,2472.64,5437.04,1383.13,4787.24,1306.33,2549.91,3072.02,1559.81,4747.88,1448.37
2016/5/25,3072.25,3018.16,2815.94,2155.68,3366.32,2797.33,4318.19,6500.66,3279.34,2968.32,7037.81,2642.15,2674.27,4553.83,4382.3,5405.54,2928.51,4417.83,2461,5418.31,1372.35,4799.07,1309.47,2545.27,3068.28,1557.94,4756.63,1443.33
2016/5/26,3018.14,3015.42,2776.1,2148.41,3308.59,2753.52,4279.8,6402.88,3236.43,2948.32,6952.26,2619.61,2630.41,4518.11,4349.43,5361.86,2894.86,4380.64,2438.04,5356.57,1353.52,4727.68,1295.69,2518.92,3066.13,1546.51,4696.31,1431.46
2016/5/27,3024.88,3022.8,2780.12,2154.6,3351.1,2784.18,4298.62,6373.58,3235.91,2958.99,6971.09,2617.9,2625.59,4511.17,4355.71,5362.08,2913.34,4399.34,2440.38,5374.22,1356.55,4768.36,1302.38,2534.9,3075.47,1551.53,4716.25,1434.69
2016/5/30,3022.86,3008.86,2764.03,2149.32,3300.95,2804.11,4316.31,6346.08,3240.07,2940.71,6931.17,2609.36,2618.12,4512.34,4358.1,5371.7,2912.7,4408.12,2433.88,5324.84,1357.18,4711.71,1294.71,2526.43,3084.9,1547.78,4692.63,1433.61
2016/5/31,3015.4,3003.03,2773.35,2155.81,3322.28,2821.67,4313.09,6360.06,3252.74,2937.63,6934.98,2606.73,2612.42,4507.54,4374.86,5355.97,2919.69,4414.74,2451.34,5342.52,1363.79,4742.14,1300.18,2541.19,3106.75,1557.63,4698.29,1440.75
2016/6/1,3123.23,3088.62,2876.91,2225.03,3471.55,2939.1,4485.58,6579.03,3360.45,3058.27,7187.99,2688.77,2701.82,4639.34,4562.86,5526.84,3033.43,4564.98,2537.11,5559.3,1413.89,5019.61,1351.33,2647.43,3172.5,1649.26,4879.89,1492.44
2016/6/2,3137.8,3102.93,2899.42,2228.23,3500.48,2978.07,4472.74,6582.22,3370.09,3071.45,7184.86,2685.61,2702.41,4637.67,4572.27,5513.56,3040.67,4582.47,2537.06,5597.8,1420.28,5021.01,1347.63,2652.57,3147.37,1627.07,4881.75,1499.02
2016/6/3,3148.34,3112.59,2937.29,2256.21,3535.87,3044.45,4505.8,6666.31,3404.15,3108.88,7228.98,2698.95,2721.27,4674.97,4643.64,5532.14,3093.59,4647.28,2560.4,5665.73,1436.55,5081.01,1350.07,2674.55,3151.43,1640.23,4922.16,1514.6
2016/6/6,3170.83,3108.05,2945.51,2243.29,3564.05,3057.86,4530.55,6901.09,3422.17,3137.87,7324.02,2717.9,2739.57,4682.82,4665.39,5568.41,3116.86,4628.59,2560.43,5718.07,1435.36,5172.39,1381.72,2689.64,3139.7,1639.69,4932.23,1514.61
2016/6/7,3174.58,3105.8,2949.66,2247.73,3566.57,3057.45,4573.68,6845.56,3431.8,3142.57,7299.46,2710.17,2738.83,4682.92,4659.38,5557.79,3136.13,4627,2556.64,5728.58,1432.81,5149.63,1369.98,2687.95,3136.03,1631.13,4940.8,1521.55
2016/6/8,3170.62,3099.72,2944.41,2236,3541.7,3054.89,4541.59,6880.69,3406.13,3129.48,7287.88,2703.09,2725.27,4663.98,4634.97,5556.34,3137.04,4620.12,2557.65,5775.68,1432.9,5140.67,1359.28,2686.94,3132.4,1630.68,4959.38,1526.83
2016/6/13,3111.18,3064.29,2906.34,2209.63,3518.5,3001.3,4479.71,6741.63,3347.55,3084.21,7174.03,2682.05,2690.7,4625.1,4553.32,5488.89,3081.07,4543.13,2514.77,5692.76,1433.33,5067,1325.87,2654.25,3107.94,1605.19,4904.21,1507.88
2016/6/14,3007.43,2971.59,2788.29,2142.82,3451.99,2857.03,4373.32,6571.64,3211.65,2968.72,6940.21,2607.97,2604.56,4492.92,4371.39,5354.88,2927.05,4371.41,2433.75,5464.09,1402.35,4823.06,1249.39,2556.45,3083.41,1558.71,4752.17,1450.59
2016/6/15,3021.14,2947.55,2788.1,2129.2,3432.25,2860.49,4370,6635.23,3188.15,2972.35,6922.27,2598.38,2578.18,4476.44,4337.79,5340.16,2917.22,4363.97,2417.43,5470.9,1385.24,4785.34,1234.35,2552.14,3077.07,1551.51,4745.16,1447.37
2016/6/16,3131.05,3014.02,2917.92,2180.95,3610.27,3026.53,4488.97,6820.13,3317.24,3117.13,7133.38,2665.72,2642.69,4595.18,4474.61,5464.35,3062.62,4515.92,2479.42,5759.09,1436.61,4995.13,1277.51,2649.01,3087.3,1586.77,4989.72,1507.52
2016/6/17,3128.32,3002.67,2916.18,2186.36,3658.58,3052.02,4490.24,6817.19,3314.61,3105.81,7099.36,2660.75,2626.86,4575.13,4446.24,5419.46,3071.31,4510.09,2477.67,5829.83,1442.12,4978.3,1268.41,2646.6,3091.92,1581.16,5002.18,1515.94
2016/6/20,3156.72,3039.14,2939.62,2194.57,3667.05,3062.93,4480.73,6909.89,3317.81,3122.89,7180.4,2669.94,2628.91,4592.83,4466.46,5436.65,3055.94,4516.51,2491.38,5818.15,1447.87,4993.55,1271.27,2669.82,3115.91,1591.55,5001.8,1521.88
2016/6/21,3177.45,3047.52,2975.18,2190.87,3663.99,3139.36,4536.56,6890.56,3321.27,3149.34,7240,2680.74,2640.8,4615.09,4471.29,5446.09,3089.13,4569.45,2507.66,5879.81,1458.56,5068.49,1279.56,2694.49,3109.99,1600.01,5058.15,1534.91
2016/6/22,3125.64,3019.7,2929.17,2162.96,3555.54,3052.85,4474.16,6779.98,3266.11,3095.43,7127.9,2659.61,2608.71,4571.19,4402.56,5408.77,3043.17,4496.08,2480.57,5762.26,1446.49,4936.75,1255.47,2644.32,3108.26,1592.67,4964.61,1509.53
2016/6/23,3156.09,3086.14,2979.33,2185.05,3608.05,3125.85,4529.35,6874.7,3304.7,3132.04,7250.16,2687.35,2634.44,4612.83,4453.74,5458.26,3080.11,4544.31,2507.99,5869.36,1462.76,5101.9,1274.46,2713.6,3118.33,1617.01,5015.42,1536.79
2016/6/24,3109.86,3085.36,2956.76,2171.65,3559.53,3105.26,4500.33,6806.7,3290.76,3114.25,7220.85,2672.21,2614.67,4595.73,4426.96,5444.46,3060.93,4528.49,2511.36,5825.33,1473.87,5111.99,1270.35,2729.52,3091.6,1607.14,4979.52,1531.42
2016/6/27,3042.98,3036.72,2915.01,2147.71,3543.91,3084.11,4440.05,6710.32,3231.95,3080.59,7126.13,2624.31,2568.35,4533.6,4345.88,5392.86,3017.51,4454.73,2469.32,5730.89,1454.31,5043.08,1244.77,2685.52,3057.6,1580.31,4896.86,1508.16
2016/6/28,3108.21,3113.59,2983.65,2183.36,3597.44,3197.95,4544.95,6908.36,3305.85,3156.36,7295.98,2662.33,2611.24,4607.5,4432.6,5463.4,3094.56,4566.63,2514.16,5881.81,1505.73,5247.07,1276.48,2763.46,3067.06,1601.86,5010.36,1547.77
2016/6/29,3155.24,3135.87,3027.2,2186.43,3625.77,3238.77,4574.09,6968.74,3375.47,3226.94,7495.2,2696.94,2647.36,4658.38,4510.72,5526.8,3151.41,4623.44,2551.2,5959.41,1534,5371.62,1316.4,2795.85,3075.47,1634.13,5090.13,1570.44
2016/6/30,3162.95,3139.66,3034.28,2197.7,3666.07,3219.47,4577.69,6978.74,3371.88,3234.36,7464.82,2700.28,2662.57,4658.59,4530.71,5524.19,3148.98,4648.16,2595.74,5952.59,1526.55,5325.56,1313.72,2778.53,3096.16,1639.01,5095.69,1580.46
2016/7/1,3178.44,3129.02,3024.51,2195.77,3641.35,3199.14,4597.39,6998.34,3369.18,3236.08,7483.59,2706.67,2654.41,4670.18,4539.91,5511.3,3178.66,4668.44,2584.84,5957.37,1526.57,5345.96,1333.73,2782.95,3096.05,1643.04,5098,1576.02
2016/7/4,3166.42,3112.79,3001.9,2186.94,3679.57,3149.64,4591.25,6979.22,3340.72,3218.39,7409.21,2694.43,2634.68,4591.04,4504.84,5520.78,3146.6,4648.87,2575.17,5887.77,1542.97,5253.49,1310.65,2752.07,3108.03,1625.1,5070.99,1563.82
2016/7/5,3266.55,3209.9,3088.27,2240.32,3800.34,3223.23,4676.97,7112.55,3420.17,3297.78,7557.8,2744.69,2702.78,4617.24,4615.44,5602.46,3206.45,4778.94,2626.44,6018.81,1657.62,5414.38,1339.6,2817.47,3145.57,1667.03,5206.38,1601.49
2016/7/6,3253.38,3207.37,3096.93,2249.43,3820.28,3219.91,4665.64,7157.19,3419.71,3292.72,7538.2,2749.79,2715.98,4634.69,4622.85,5606.88,3219.86,4782.23,2658.03,6026.83,1665.15,5382.52,1336.16,2813.49,3130.43,1662.81,5201.34,1610.83
2016/7/7,3326.62,3230.19,3106.11,2256.89,3915.5,3213.44,4631.42,7455.36,3432.75,3322.88,7658.51,2764.42,2703.68,4632.53,4648.4,5632.58,3212.89,4823.05,2664.91,6053.58,1678.38,5388.32,1342.71,2822.3,3117.35,1661.11,5224.48,1612.05
2016/7/8,3334.89,3242.7,3124,2257.56,3983.95,3216.51,4645.23,7407.71,3436.6,3311.3,7730.92,2755.82,2709.28,4614.32,4661.61,5622.1,3218.14,4828.76,2659.83,6059.82,1660.78,5327.32,1333.57,2809.4,3108.93,1661.07,5206.11,1610.33
2016/7/11,3315.42,3229.72,3125.56,2246.91,4001.37,3223.56,4653.74,7407.99,3440.97,3307.59,7714.57,2749.86,2705.63,4606.25,4670.33,5635.39,3218.02,4817.27,2652.03,6052.55,1703.1,5374.26,1341.48,2821.7,3093.48,1662.26,5186.74,1610.19
2016/7/12,3289.86,3276.52,3104.48,2249.39,4018.32,3175.4,4679.1,7553.87,3428.92,3285.1,7725.77,2743.24,2699.99,4570.77,4652.14,5621.85,3189.29,4782.83,2637.11,5992.52,1691.05,5301.62,1327.11,2813.13,3093.12,1656.34,5157.76,1593.8
2016/7/13,3324.39,3398.01,3147.53,2318.5,4053.7,3198.01,4871.05,7738.55,3482.3,3316.73,7923.84,2791.95,2783.1,4620.34,4709.48,5665.92,3214.13,4880.9,2684.43,6044.48,1726.31,5407.31,1349.24,2852.58,3107.11,1702.65,5253.01,1609.13
2016/7/14,3341.66,3376.99,3160.6,2305.08,4076.65,3220.93,4835.85,7617.98,3510.16,3343.73,7901.72,2805.26,2780.07,4663.61,4744.32,5687.74,3245.71,4901.49,2699.31,6056.65,1699.22,5432.34,1380,2881.67,3125.3,1698.46,5260.7,1616.32
2016/7/15,3358.14,3365.89,3174.01,2297.86,4026.82,3222.8,4828.71,7623.16,3533.84,3355,7909.05,2813.48,2782.27,4676.92,4763.96,5670.63,3278.68,4912.25,2713.38,6079.86,1709.54,5482.95,1380.43,2910.15,3125.43,1701.21,5274.38,1620.82
2016/7/18,3335.93,3357.54,3163.89,2302.26,4008.59,3195.51,4869.74,7601.5,3510.83,3343.25,7906.54,2804.82,2764.84,4668.33,4747.47,5646.72,3309.89,4877.37,2698.25,6037.17,1674.6,5416.12,1366.38,2912.84,3136.33,1682.02,5258.16,1610.39
2016/7/19,3358.08,3320.93,3150.58,2276.97,3986.43,3180.24,4844.35,7549.17,3506.22,3363.61,7882.01,2788.99,2761.36,4640.23,4739.3,5595.26,3342.7,4873.48,2664.24,6018.1,1653.03,5388.4,1358.63,2926.36,3177.2,1666.96,5265.15,1602.8
2016/7/20,3368.17,3330.97,3166.44,2277.92,4010.42,3211.32,4818.95,7402.36,3521.95,3375.6,7866.84,2798.31,2758.55,4625.98,4756.54,5603.22,3374.08,4889.22,2671.87,6061.36,1658.25,5438.29,1372.78,2940.04,3143.93,1669.33,5266.25,1612.25
2016/7/21,3368.4,3323.8,3164.15,2271.91,3932.93,3215.48,4836.03,7413.7,3517.05,3389.59,7888.06,2789.57,2756.74,4619.49,4755.23,5602.37,3366.21,4899.32,2680.66,6050.98,1651.14,5433.96,1375.59,2935.1,3123.44,1663.67,5275.52,1614.71
2016/7/22,3354.98,3334.49,3161.98,2292.3,3956.1,3218,4853.61,7446.36,3518.45,3398.47,7908.71,2797.62,2765.55,4637.29,4780.98,5599.45,3376.76,4917.3,2681.99,6070.18,1659.14,5441.74,1375.3,2968.65,3134.27,1671.96,5278.9,1610.56
2016/7/25,3309.75,3306.74,3124.26,2272.47,3867.2,3204.02,4784.17,7303.25,3487.2,3357.1,7821.54,2767.76,2725.78,4608.38,4750.56,5575.58,3390.07,4862.9,2647.1,6028.6,1643.98,5416.35,1364.3,2955.72,3111.16,1658,5221.36,1592.8
2016/7/26,3314.31,3298.89,3139.66,2270.47,3866.27,3218.37,4772.12,7358.11,3479.14,3371.74,7872.29,2783.64,2724.09,4644.08,4776.28,5603.76,3394.05,4922.34,2655.91,6038.31,1642.48,5416.8,1366.82,2946.46,3113.13,1657.83,5205.02,1597.77
2016/7/27,3358.39,3347.9,3179.72,2295.75,3920.87,3256.28,4858.08,7558.51,3522.15,3424.98,8004.15,2825.6,2767.55,4682.64,4831.61,5651.72,3404.58,4980.41,2684.46,6113.91,1660.6,5485.38,1385.3,2978.7,3136.08,1677.18,5291.02,1615.2
2016/7/28,3220.49,3214.53,3049.63,2221.28,3747.87,3088.78,4705.16,7314.61,3371.55,3270.72,7759.18,2749.15,2707.41,4529.77,4617.76,5470.11,3274.59,4774.22,2605.98,5820.15,1584.13,5178.21,1313.17,2844.05,3122.08,1640.24,5089.92,1538.68
2016/7/29,3241.94,3222.41,3066.85,2223.11,3735.95,3063.98,4756.93,7434.77,3390.4,3285.96,7801.84,2783.54,2744.8,4522.24,4660.76,5475.11,3262.07,4805.47,2625.38,5830.39,1588.94,5123.93,1306.86,2857.8,3115.65,1630.66,5153.68,1534.14
2016/8/1,3206.55,3214.22,3042.36,2207.15,3690.57,3013.5,4776.97,7376.72,3348.61,3263.65,7791.45,2763.66,2720.39,4485.31,4608.25,5457.13,3198.12,4746.76,2613.88,5769.23,1547.9,5042.95,1288.83,2802.98,3118.4,1617.34,5102.72,1516.25
2016/8/2,3171.77,3205.02,3001.5,2205.97,3658.68,2977.56,4707.84,7198.71,3301.75,3222.6,7643.45,2743.51,2694.68,4445.27,4565.27,5440.45,3120.32,4684.42,2579.46,5702.33,1519.33,4974.95,1278.19,2772.05,3136.31,1609.31,5022.64,1498.63
2016/8/3,3200.47,3221.33,3027.39,2216.9,3702.19,2999.5,4708.89,7217.4,3331.34,3247.78,7687.64,2759.9,2717.43,4495.9,4610.07,5443.62,3176.69,4722.52,2605.15,5739.11,1527.91,5009.4,1285.19,2807.18,3117.52,1609.49,5058.91,1513.63
2016/8/4,3214.72,3241.22,3045.66,2228.35,3697.2,3013.15,4745.61,7254.7,3346.7,3264.35,7739.62,2770.86,2737.32,4556.95,4645.54,5474.21,3204.04,4775.59,2630.93,5761.71,1535.11,5032.97,1286.36,2815.31,3118.53,1612.89,5096.14,1521.06
2016/8/5,3226.29,3243.93,3062.15,2238.83,3716.26,3043.97,4746.18,7258.85,3373.57,3273.59,7752.95,2779.42,2733.45,4686.76,4668.66,5468.16,3236.04,4801.53,2647.84,5797.11,1544.7,5093.27,1292.7,2836.08,3108.26,1614.52,5129.5,1526.56
2016/8/8,3218.9,3249,3040.79,2236.97,3669.5,3019.32,4727.55,7238.28,3348.57,3268.67,7713.75,2770.56,2714.8,4689.56,4686.31,5412.15,3230.45,4794.69,2632.16,5754.88,1527.74,5039.43,1277.19,2812.23,3131.32,1616.14,5083.33,1516.3
2016/8/9,3256.65,3342.91,3074.15,2283.69,3705.5,3060.99,4752.42,7300.65,3373.75,3296.86,7799.86,2798.18,2732.3,4803.29,4750.94,5441.84,3286.36,4876.16,2677.75,5821.47,1587.14,5108.69,1292.86,2857.01,3135.83,1627.77,5151.26,1532.98
2016/8/10,3281.37,3352.5,3108.8,2289.89,3736.93,3107.03,4778.61,7424.48,3401.54,3327.96,7871.67,2828.28,2750.98,4794.45,4779.51,5494.53,3371.04,4918.69,2744.22,5883.39,1592.83,5166.92,1310.92,2882.58,3147.39,1639.76,5181.12,1548.35
2016/8/11,3250.91,3349.5,3090.11,2303.49,3759.13,3081.59,4740.67,7383.06,3385.93,3329.09,7844.53,2816.14,2736.45,4736.84,4770.29,5480.33,3362.94,4912.11,2726.27,5846.93,1580.13,5117.9,1302.9,2868.37,3154.53,1632.74,5152.78,1539.74
2016/8/12,3207.6,3314.09,3047.8,2281.72,3699.47,3026.8,4712.35,7376.52,3332.7,3291.67,7753.62,2791.96,2706.01,4682.31,4712.45,5459.67,3332.58,4842.31,2688.11,5760.74,1549.37,5025.98,1286.55,2834.4,3195.58,1636.3,5095.59,1517.67
2016/8/15,3237.53,3350.71,3081.82,2306.15,3730.74,3055.62,4734.65,7401.91,3375.84,3317.66,7843.06,2835.43,2741.6,4942.3,4794.7,5511.38,3413.7,4913.75,2744.07,5843.12,1573.46,5103.67,1300.33,2871.22,3285.8,1683.03,5153.84,1536.61
2016/8/16,3294.17,3398.08,3144.2,2337,3803.22,3122.89,4820.89,7554.67,3442.16,3375.75,7976.43,2889.53,2814.45,5176.72,4885.34,5622.91,3465.85,5035.55,2824.97,5959.1,1615.79,5272.2,1345.37,2926.93,3356.56,1757.3,5270.62,1570.38
2016/8/17,3317.97,3432.88,3158.21,2374.39,3818.93,3134.94,4858.39,7494.95,3456.86,3387.67,8008.65,2887.75,2812.31,5129.64,4884.63,5655.87,3490.63,5023.54,2833.17,6002.52,1614.85,5281.47,1352.47,2926.9,3279.36,1746.81,5276.91,1579.3
2016/8/18,3325.84,3412.05,3174.88,2392.03,3816.68,3150.39,4860.26,7504.21,3467.03,3395.92,8019.89,2898.43,2807.34,5085.39,4939.54,5650.71,3564.1,5066.84,2875.57,6026.62,1627.98,5300.7,1359.91,2936.89,3261,1734.34,5284.86,1584.88
2016/8/19,3330.08,3390.66,3166,2399.41,3798.58,3153.03,4838.95,7448.65,3475.46,3401.57,7995.92,2898.49,2810.34,5154.48,4965.98,5676.98,3563.6,5073.7,2852.84,6023.06,1624.58,5282.52,1360.2,2944.49,3257.41,1724.91,5261.44,1584.63
2016/8/22,3346.81,3383.84,3180.7,2390.36,3809.17,3160.05,4829.79,7449.09,3485.18,3416.32,8034.18,2906.07,2807.14,5140.46,4968.2,5668.22,3618.25,5091.85,2904.69,6046.58,1629.11,5293.35,1365.27,2943.79,3257.39,1727.23,5265.47,1594.9
2016/8/23,3305.6,3349,3147.52,2369.57,3745.34,3112.72,4779.58,7415.83,3435.03,3383.91,7972.37,2874.71,2778.54,5076.62,4899.87,5638.87,3538.19,5076.51,2852.18,5965.63,1596.1,5203.76,1345.58,2898.56,3252.71,1704.66,5203.61,1569.33
2016/8/24,3319.74,3343.79,3168.44,2369.48,3752.97,3123.18,4793.58,7405.67,3447.06,3400.22,8030.66,2891.41,2784.63,5068.84,4911.63,5722.34,3536.93,5089.81,2865.3,5985.18,1600.11,5225.53,1358.12,2899.44,3267.4,1712.48,5220.12,1576.27
2016/8/25,3303.24,3319.8,3152.93,2373.26,3710.04,3132.61,4760.59,7356.3,3443.25,3389.3,8000.61,2879.37,2766.75,4986.05,4866.35,5702.77,3512.68,5077.02,2833.62,5975.39,1603.04,5218.65,1355.84,2915.92,3252.55,1688.67,5203.63,1570.62
2016/8/26,3310.17,3318.2,3168.87,2396.16,3706.58,3149.78,4762.95,7346.18,3441.77,3395.89,8020.32,2874.73,2750.47,4957.88,4859.52,5710.6,3504.45,5080.33,2813.3,5967.22,1602.24,5227,1355.92,2917.95,3254.27,1698.49,5184.57,1566.77
2016/8/29,3302.11,3312.21,3171.2,2394.57,3702.88,3152.67,4755.79,7339.09,3442.67,3396.27,8077.6,2892.16,2744.59,4926.43,4847.71,5704.77,3499.85,5089.32,2841.15,5958.87,1637.96,5213.12,1354.28,2926.9,3240.82,1690.71,5183.2,1568.2
2016/8/30,3318.76,3323.68,3177.38,2399.46,3714.44,3162.95,4750.7,7276.71,3447.96,3415.43,8100.67,2920.74,2746.37,4957.96,4869.35,5710.81,3541.52,5118.52,2883.62,5983.48,1612.9,5230.85,1358.12,2927.91,3230.46,1697.88,5186.07,1575.57
2016/8/31,3325.81,3339.08,3176.61,2390.91,3699.89,3166.69,4762.05,7293.04,3441.66,3420.13,8074.79,2904.66,2734.09,4930.53,4861.89,5724.24,3525.64,5126.19,2866.65,5983.47,1630.97,5216.23,1355.48,2927.05,3249.07,1700.44,5190.04,1576.05
2016/9/1,3328.24,3340.86,3176.35,2383.36,3720.51,3163.47,4778.05,7318.94,3445.69,3418.3,8087.4,2907.46,2748.16,5032.27,4873.58,5758.97,3539.76,5110.85,2873.92,5980.86,1623.7,5208.17,1358.52,2917.25,3263.11,1710.13,5178.82,1577.84
2016/9/2,3299.47,3292.47,3155.65,2347.26,3711.51,3146.75,4862.37,7254.43,3421.25,3401.2,8008.57,2886.11,2722.53,4892.35,4816.93,5709.25,3521.28,5065.31,2836.85,5937.96,1601.68,5170.36,1347.2,2894.8,3247.91,1691.95,5141.14,1562.34
2016/9/5,3300.25,3317.45,3158.62,2351.96,3722.83,3152.87,4943.96,7217.87,3430.33,3397.18,8011.83,2896.55,2734.92,4918.18,4834.14,5717.25,3539.41,5067.27,2853.24,5937.15,1596.13,5157.26,1353.21,2893.7,3260.58,1710.4,5147.39,1563.77
2016/9/6,3294.64,3342.15,3168.65,2380.13,3740.11,3173.85,5043.61,7224.84,3442.21,3412.72,8005.68,2898.23,2728.65,4913.49,4839.71,5728.1,3536.54,5116.37,2853.36,5945.19,1594.71,5141.26,1348.66,2915.61,3259.68,1708.77,5164.39,1566.08
2016/9/7,3331.38,3360.09,3215.39,2380.2,3788.84,3248.02,5047.88,7291.46,3483.8,3463.76,8092.52,2959.76,2753.04,4944.7,4884.77,5799.97,3605.33,5179.49,2907.27,6042.11,1609.98,5237.31,1366.51,2967.87,3246.72,1723.67,5245.19,1592.12
2016/9/8,3318.85,3335.13,3219.41,2392.62,3765.54,3218.64,5032.33,7238.8,3477.38,3453.34,8095.19,2968.77,2749.84,4932.41,4868.12,5820.44,3598.91,5237.85,2951.71,6028.53,1612.78,5212.74,1356.13,2959.53,3249.33,1719.83,5250.85,1596.37
2016/9/9,3328.46,3374.46,3244.82,2408.51,3758.32,3219.58,5022.8,7239.02,3489.84,3467.06,8129.38,2978.49,2757.46,4953.03,4879.3,5809.73,3614.12,5319.24,2955.62,6057.42,1612.38,5237.35,1357.07,2986.96,3250.32,1722.76,5262.62,1603.14
2016/9/12,3255.72,3298.53,3177.49,2366.72,3657.07,3141.15,4911.84,7084.35,3407.95,3394.74,7940.89,2907.38,2711.83,4826.4,4745.24,5792.35,3504.1,5175.53,2873.95,5925.18,1573.63,5069.3,1321.97,2913.76,3211.19,1684.51,5136.08,1566.95
2016/9/13,3233.42,3262.58,3167.9,2343.87,3592.81,3126.52,4890.04,7013.11,3379.82,3379.59,7912.79,2905.72,2694.79,4855.64,4693.81,5837.15,3476.17,5186.1,2880.59,5900.76,1561.85,5030.15,1310.42,2911.98,3195.61,1682.1,5114.44,1564.55
2016/9/14,3219.96,3248.98,3159.83,2333.2,3564.83,3149.2,4868.34,7008.93,3378.14,3374.37,7868.02,2893,2674.96,4845.39,4676.18,5829.74,3475.69,5200.24,2843.76,5887.42,1550.05,5000.26,1299.38,2869.57,3189.81,1663.28,5093.23,1557.95
2016/9/19,3222.75,3256.88,3156.28,2334.94,3597.87,3172.62,4809.68,7030.3,3380.59,3382.04,7878.5,2894.21,2668.67,4872.84,4690.27,5820.84,3497.27,5201.78,2842.15,5884.25,1545.5,5028.94,1306.32,2870.51,3170.24,1661.14,5099.78,1560.19
2016/9/20,3254.94,3289.54,3182.47,2360.63,3627.36,3186.76,4909.91,7078.97,3412.86,3412,7955.34,2911.88,2687.41,4903.97,4747.92,5921.54,3526.37,5266.53,2871.49,5938.01,1554.36,5078.48,1318.06,2902.81,3187.79,1672.77,5150.38,1578.33
2016/9/21,3257.88,3299.75,3179.46,2353.92,3621.26,3175.54,4909.6,7056.87,3414.82,3409.17,7956.3,2908.79,2680.42,4914.56,4738.91,5903.13,3512.26,5275.63,2881.1,5916.57,1538.65,5058.73,1311.66,2892.09,3182.91,1670.36,5146.98,1577.96
2016/9/22,3268.53,3322.22,3193.65,2378.87,3673.84,3205.19,4924.24,7069.13,3440.78,3435.26,8012.11,2924.15,2700.93,4983.97,4788.11,5981.74,3537.26,5316.15,2898.77,5948.54,1548.86,5106.23,1322.08,2910.12,3199.24,1686.72,5189.85,1587.67
2016/9/23,3269.27,3316.06,3199.32,2384.2,3645.04,3212.34,4925.2,7120.73,3452.82,3434.57,8016.28,2925.54,2706.94,5061.49,4799.48,5986.5,3554.35,5348.35,2909.12,5946.42,1546.09,5092.89,1319.72,2911.88,3209.44,1686.61,5208.19,1590.2
2016/9/26,3243.76,3316.21,3170.6,2381.77,3597.21,3175.17,4897.64,7075.79,3429.47,3403.23,7985.93,2910.2,2691.96,4977.49,4790.57,5978.18,3513.15,5321.68,2906.91,5901.76,1535.54,5066.01,1311.27,2895.12,3196.13,1670.43,5184.97,1581.48
2016/9/27,3174.25,3269.86,3106.37,2331.34,3506.86,3099.68,4834.94,6932.6,3368.19,3341.25,7837.57,2857.82,2638.96,4888.86,4681.22,5805.29,3418.06,5189.4,2823.32,5765.27,1488.62,4941.52,1280.77,2841.41,3177.69,1642.18,5081.49,1547.25
2016/9/28,3199.49,3292.06,3131.72,2341.66,3540.36,3126.56,4914.47,6995.28,3399.06,3369.05,7923.9,2871.31,2659.83,4989.91,4757.8,5826.59,3468.51,5234.58,2824.66,5796.19,1500.69,5016.88,1295.49,2871.85,3193.88,1657.67,5139.39,1562.97
2016/9/29,3195.11,3324.81,3134.33,2332.35,3527.01,3131.09,4909.71,6953.22,3398.07,3368.2,7902.57,2863.93,2647.11,4982.47,4764.26,5790.12,3452.25,5225.69,2799.6,5800.84,1498.98,4994.76,1288.14,2864.66,3180.77,1657.48,5145.42,1561.66
2016/9/30,3201.73,3328.39,3146.31,2339.37,3520.43,3131.56,4929.96,6986.29,3405.68,3373.68,7927.35,2866.8,2649.51,4993.23,4771.54,5780.79,3454.47,5223.28,2802.49,5804.64,1497.14,5002.59,1289.77,2867.91,3184.42,1659.04,5142.66,1563.26
2016/10/10,3236.43,3401.99,3192.58,2391.53,3529.24,3163.08,5003.25,7103.08,3444.49,3416.85,8024.62,2887.25,2670.45,4958.52,4816.63,5838.82,3501.3,5278.96,2825.87,5867.53,1514.06,5068.38,1302.54,2915.65,3196.47,1678.85,5216.21,1576.61
2016/10/11,3289.93,3402.27,3243.56,2425.51,3581.72,3215.22,5013.81,7186.7,3491.14,3454.41,8166.66,2920.4,2703.1,4943.04,4878.65,5885.76,3556.88,5301.49,2872.39,5958.24,1546.73,5202.51,1326.9,2964.89,3215.44,1692.83,5306.48,1601.07
2016/10/12,3295.99,3417.12,3255.99,2424.67,3595.09,3228.15,5023.95,7213.76,3500.35,3476.88,8167.28,2935.79,2723.23,4979.25,4896.61,5904.61,3570.85,5325.81,2873.63,5989.44,1560.67,5190.92,1323.53,3009.41,3206.45,1689.17,5302.14,1606.18
2016/10/13,3305.14,3431.73,3267.84,2417.25,3598.86,3236.43,5030.76,7218.86,3506,3483.43,8195.08,2942.85,2719.91,5001.87,4910,5936.2,3606.62,5319.36,2882.16,6034.36,1560.55,5219.83,1326.38,3008.22,3200.53,1688.32,5299.55,1615.76
2016/10/14,3297.33,3416.86,3257.74,2437.28,3601.39,3244.52,4995.68,7197.27,3510.35,3478.67,8166.1,2952.17,2725.64,5021.61,4925.13,5924.66,3618.76,5305.38,2925.8,6033.68,1563.97,5212.43,1320.53,2991.63,3190.28,1686.48,5288.47,1622.51
2016/10/17,3312.34,3433.73,3267.75,2444.23,3600.09,3244.8,5008.11,7223.31,3517.94,3489.43,8181.59,2960.82,2742.16,5011.77,4921.2,5933.51,3631.01,5315.97,2957.89,6040.97,1573.19,5217.35,1315.83,2990.36,3195.82,1685.21,5296.55,1624.66
2016/10/18,3272.05,3404.24,3234.85,2422.57,3594.82,3203.56,4944.18,7175.96,3498.73,3459.96,8133.09,2917.68,2722.28,4952.76,4859.03,5869.99,3579.52,5282.39,2927.3,5992.26,1541.01,5123.93,1300.65,2952.92,3175.33,1662.06,5228.6,1605.08
2016/10/19,3324.2,3488.72,3289.91,2452.72,3670.1,3258.8,5017.79,7292.02,3549.91,3509.31,8232.47,2966.8,2765.55,5009.67,4936.4,5942.83,3642.91,5394.31,3034.48,6114.15,1567.86,5221.66,1321.92,2999.81,3196.57,1695.37,5323.87,1638.71
2016/10/20,3320.95,3471.67,3284.41,2442.68,3676.04,3252.44,4994.91,7299.43,3545.74,3505.11,8213.87,2960.8,2758.49,4991.56,4927.65,5978,3657.02,5402.77,3036.32,6085.93,1577.57,5204.16,1318.6,2993.12,3197.37,1687.93,5313.63,1637.35
2016/10/21,3326.5,3454.35,3291.53,2435.94,3674.6,3283.01,5002.28,7273.2,3557.83,3504.08,8179.4,2961.65,2757.05,5001.1,4942.46,5969.49,3657.55,5389.25,3053.77,6095.32,1563.95,5239.61,1320.94,2999.55,3196.99,1683.87,5319.82,1637.95
2016/10/24,3322,3474.09,3280.48,2436.18,3659.69,3267.5,5039.11,7333.21,3557.21,3482.18,8144.98,2953.7,2773.63,4987.98,4910.33,5961.21,3628.73,5426,3120.14,6071.61,1566.42,5215.3,1315.36,2985.61,3214.69,1691.32,5310.48,1641.48
2016/10/25,3339.68,3606.36,3312.47,2483.57,3704.86,3285.46,5066.51,7370.31,3571.3,3513.08,8197.85,2976.41,2803.02,5021.78,4968.76,6003.17,3654.41,5521.01,3160.45,6106.21,1580.85,5252.78,1330.05,3003.08,3249.76,1718.37,5363.38,1656.03
2016/10/26,3347.96,3650.05,3324.74,2502.18,3758.08,3285.22,5090.33,7469.7,3576.59,3538.14,8210.25,2988.98,2795.3,5036.21,4984.12,6043.69,3664.83,5558.99,3151.34,6108.16,1575.38,5266.51,1330.53,3006.22,3238.7,1715.78,5389.58,1653.27
2016/10/27,3356.18,3607,3296.53,2487.58,3719.47,3260.67,5046.81,7566.84,3556.94,3517.68,8196.37,2971.4,2777.27,5044.93,4975.42,6019.34,3664.92,5538.26,3126,6070.11,1564.56,5225.44,1322.11,2987.63,3217.28,1710.22,5354.4,1645.68
2016/10/28,3359.66,3578.82,3297.95,2480.03,3719.65,3253.46,5030.51,7579.1,3563.44,3526.53,8164.96,2973.7,2771.09,5030.33,4979.77,6005.11,3643.63,5546.49,3107.93,6067.75,1575.86,5234.39,1325.73,2987.03,3208.72,1720.27,5356.04,1651.39
2016/10/31,3330.07,3564.33,3254.87,2452.16,3695.67,3218.53,5010.53,7545.62,3533.01,3489.4,8100.98,2937.75,2748.56,4995.7,4909.52,5927.28,3629.48,5482.98,3057.72,6001.7,1550.65,5183.95,1314.43,2960.25,3222.41,1709.26,5294.62,1631.1
2016/11/1,3325.66,3561.51,3261.21,2450.39,3732.32,3231,5029.52,7570.15,3550.7,3488.75,8130.32,2939.09,2749.53,5016.42,4911.95,5948.27,3631.95,5561.01,3048.36,5997.27,1551.5,5186.76,1312.55,2958.04,3217.06,1719.07,5339.83,1635.42
2016/11/2,3366.05,3579.31,3287.97,2454.38,3758.78,3261.51,5071.67,7618.11,3575.24,3519.75,8186.44,2957.65,2755.32,5042.36,4952.95,5973.33,3692.91,5653.01,3071.57,6033.38,1556.88,5215.8,1321.11,2968.83,3223.64,1730.59,5367.06,1650
2016/11/3,3342.55,3520.34,3268.03,2425.48,3778.27,3248.9,5030.71,7551.47,3559.87,3513.33,8159.46,2927.08,2738.25,4995,4924.57,5936.28,3692.03,5637.89,3013.32,5984.68,1537.22,5168.33,1305.78,2944.49,3208.8,1719.44,5336.22,1639.63
2016/11/4,3364.28,3554.5,3295.1,2442.44,3790.02,3270.62,5049.73,7591.4,3600.38,3534.26,8214.41,2945.5,2774.09,5029.51,4991.58,6001.8,3703.66,5665.11,3131.04,6035.42,1546.26,5199.97,1313.75,2960.19,3225.5,1752.18,5377.49,1656.44
2016/11/7,3346.39,3586.99,3278.01,2445.95,3772.72,3251.36,5025.15,7559.66,3610.97,3542.01,8198.58,2944.43,2760.22,5004.04,4961.74,5971.74,3662.79,5664.48,3130.27,6025.28,1536.16,5184.3,1317.98,2953.2,3222.7,1751.93,5376.57,1662.56
2016/11/8,3367.45,3642.2,3303.79,2490.26,3822.46,3276.09,5041.84,7586.55,3624.91,3542.57,8190.66,2953.44,2765.64,5000.48,4983.82,5977.9,3645.31,5739.83,3156.84,6048.38,1540.58,5192.85,1317.9,2970.81,3224.45,1766.13,5391.35,1667.09
2016/11/9,3373.78,3607.32,3313.79,2481.18,3826.49,3289.5,5071.25,7632.2,3650.11,3549.36,8232.54,2951.88,2773.07,5026.07,5028.41,6005.92,3662.09,5716.95,3129.91,6074.46,1538.87,5223.74,1325.34,2986.09,3236.87,1756.3,5409.54,1671.57
2016/11/10,3371.35,3638.38,3327.05,2488.24,3898.23,3299.54,5060.43,7626.37,3670.65,3553.36,8234.76,2944.23,2762.97,5066.97,5039.3,6009.12,3657.18,5723.88,3151.38,6058.39,1535.69,5201.48,1321.19,2981.65,3228.41,1753.34,5389.99,1676.18
2016/11/11,3386.56,3644.38,3362.97,2504.24,3897.4,3308.74,5084.21,7651.5,3708.38,3592.66,8276.75,2967.03,2796.42,5099.34,5074.71,6022.04,3666.26,5791.23,3168.45,6114.27,1543,5220.62,1326.56,2990.49,3236.78,1765.86,5435.63,1690.65
2016/11/14,3406.73,3675.43,3369.43,2538.93,3980.31,3305.75,5086.52,7626.53,3711.51,3586.35,8245.51,2981.02,2818.4,5112.01,5068.85,6001.24,3674.13,5797.15,3223.69,6128.11,1554.84,5227.66,1334.11,3015.75,3239.66,1794.72,5437.02,1701.05
2016/11/15,3423.68,3765.07,3377.86,2581.54,4043.93,3301.25,5060.98,7570.97,3738.95,3601.7,8252.46,2995.24,2876.07,5107.51,5066.33,6012.6,3686.64,5805.16,3284.79,6155.04,1569.3,5271.78,1347.18,3027.74,3253.49,1807.96,5447.3,1728.35
2016/11/16,3437.47,3719.92,3400.92,2555.32,3980.68,3323.41,5075.86,7638.16,3759.53,3615.35,8297.71,3003.38,2887.15,5157.12,5103.72,6048.16,3724.12,5837.37,3255.45,6199.72,1571.58,5310.38,1362.52,3046.85,3255.09,1808.72,5469.26,1734.93
2016/11/17,3430.5,3694.98,3397.51,2551.14,3944.85,3326.88,5052.28,7595.12,3757.24,3612.46,8285.71,3007.84,2902.61,5155.19,5106.48,6032.61,3737.08,5804.56,3227.68,6196.93,1562.34,5280.57,1356.12,3041.61,3247.78,1802.54,5460.32,1729.65
2016/11/18,3426.99,3704.7,3399.25,2558.75,3954.76,3306.8,5082.29,7584.01,3755.33,3601.95,8286.49,3020.92,2880.14,5195.13,5115.17,6012.78,3722.22,5846.68,3323.09,6203.98,1575.45,5247.55,1350.67,3040.72,3247.83,1799.34,5460.88,1732.72
2016/11/21,3403.22,3652.22,3395.85,2548.01,3911.65,3300.95,5066.43,7554,3759.43,3585.95,8274.5,2993.51,2849.64,5164.39,5105.43,5998.77,3702.73,5851.25,3271.17,6166.74,1561.29,5220.6,1345.35,3047.79,3240.7,1781.22,5434.56,1728.95
2016/11/22,3406.14,3703.9,3421.69,2563.1,3938.04,3310.1,5117.91,7558.62,3781.45,3593.7,8294.4,3015.28,2867.99,5185.7,5143.57,5998.02,3710.96,5906.12,3321.15,6196.8,1572.76,5247.4,1347.68,3042.33,3270.43,1809.24,5469.84,1742.21
2016/11/23,3422.52,3771.43,3446.09,2609.69,3975.91,3332.49,5175.31,7586.07,3824.01,3629.41,8332.05,3032.48,2884.77,5234,5210.5,6063.88,3732.14,5932.56,3365.95,6240.16,1581.5,5305,1364.92,3060.27,3295.94,1831.14,5504.47,1754.2
2016/11/24,3418.7,3776.94,3421.26,2583,3948.76,3300.31,5250.29,7590.78,3792.12,3607.19,8275.69,3011,2851.92,5243.66,5190.5,5998.57,3705.49,5899.49,3341.14,6180.53,1583.86,5253.65,1349.31,3038.07,3333.85,1813.06,5473.73,1740.47
2016/11/25,3410.29,3720.52,3412.1,2597.91,3950.83,3269.87,5346.6,7675.35,3796.59,3588.76,8290.58,3004.98,2850.85,5272.9,5190.28,5982.97,3683.5,5873.02,3351.74,6150.57,1566.87,5209.24,1339.92,3020.18,3337.72,1831.14,5489.11,1730.12
2016/11/28,3426.04,3729.6,3417.51,2649.37,3957.08,3287.49,5409.8,7714.35,3786.59,3611.68,8340.36,3026.03,2874.82,5331.33,5215.18,6011.06,3699.41,5892.97,3430.12,6188.49,1578.04,5286.69,1350.09,3050.3,3393.91,1858.35,5516.83,1737.99
2016/11/29,3446.98,3737.64,3397.41,2649.46,3974.19,3274.71,5492.46,7685.51,3763.87,3619.3,8309.75,3025.97,2885.6,5272.72,5203.79,5957.73,3681.92,5865.81,3491.59,6166.29,1579.04,5254.6,1342.04,3039.36,3374.72,1829.49,5483.05,1732.96
2016/11/30,3412.13,3646.94,3361.09,2647.26,3884.24,3243.01,5523.76,7783.69,3728.13,3573.73,8262.99,3022.79,2887.21,5263.15,5144.82,5889.11,3626.13,5813.54,3553.66,6120.39,1589.67,5220.19,1337.8,3014.92,3386.18,1836.72,5485.02,1730.74
2016/12/1,3415.16,3636.44,3369.6,2632.11,3843.85,3263.07,5617.07,7752.28,3719.4,3567.41,8269.4,3013.59,2864.33,5224.38,5166.45,5908.99,3600.66,5779.82,3499.56,6123.75,1583.01,5264.33,1347.59,3071.53,3362.48,1820.6,5475.65,1730.81
2016/12/2,3441.82,3633.81,3385.5,2663.97,3877.32,3264.74,5603.61,7738.13,3739.41,3575.31,8291.94,3025.6,2885.26,5306.48,5203.51,5952.63,3630.8,5825.39,3488.01,6144.62,1606.96,5253.21,1348.55,3110.72,3364.19,1833.22,5533.03,1735.79
2016/12/5,3344.09,3551.57,3313.32,2622.26,3775.94,3196.79,5274.56,7512.86,3631.8,3483.9,8103.84,2965.54,2825.65,5154.99,5067.15,5819.66,3537.13,5661.39,3408.72,6018.78,1550.71,5089.83,1314.87,2991.72,3331.93,1783.61,5402.68,1686.12
2016/12/6,3371.65,3579.01,3329.98,2637.45,3816.24,3221.61,5259.13,7524.4,3654.31,3490.55,8128.84,2973.23,2835.02,5121.26,5078.2,5830.46,3570.72,5705.81,3309.31,6048.27,1583.31,5133.25,1323.14,3020.46,3359.33,1767.7,5411.73,1690.81
2016/12/7,3366.91,3583.33,3341.46,2622.8,3792.82,3226.67,5279.92,7624.2,3658.68,3500.45,8159.79,2965.64,2815.31,5116.66,5104.26,5848.02,3589.9,5757.81,3303.26,6054.49,1578.63,5107.06,1308.58,3002.7,3347.68,1764.26,5429.05,1693.27
2016/12/8,3408.6,3621.22,3378,2716.56,3838.69,3249.74,5312.48,7684.31,3709.18,3535.46,8228.17,2988.37,2840.96,5150.96,5292.6,5908.22,3623.84,5852.9,3338.52,6126.07,1602.11,5148.91,1316.23,3024.89,3348.66,1779.57,5480.04,1712.16
2016/12/9,3381.93,3589.35,3367.1,2671.74,3827.17,3233.06,5307.2,7727.78,3685.66,3512.75,8169.12,2961.82,2822,5113.88,5200.13,5860.9,3625.26,5817.87,3283.09,6093.72,1574,5089.04,1305.8,3012.04,3371.04,1763.07,5455.4,1697.64
2016/12/12,3396.97,3619.43,3370.82,2701.39,3836.24,3210.86,5327,7727.63,3693.34,3513.39,8119.48,2961.72,2821.43,5139.17,5241.93,5826.35,3600.34,5786.16,3326.28,6059.95,1568.63,5055.7,1297.44,2993.13,3434.63,1777.76,5436.36,1692.54
2016/12/13,3286.41,3448.44,3211.24,2610.68,3659.66,3041.69,5130.96,7451.83,3533.31,3337.1,7769.84,2862.72,2706.55,4950.84,4983.27,5568.81,3443.65,5538.48,3188.71,5775.85,1494.74,4740.16,1226.29,2847.91,3418.27,1734.5,5191.45,1600.37
2016/12/14,3341.69,3482.8,3246.32,2660.65,3667.3,3050.57,5153.74,7573.03,3564.43,3371.51,7790.91,2867.29,2711.43,4969.46,4998.4,5557.2,3479.11,5606.01,3175.22,5794.16,1530.98,4746.45,1227.97,2877.41,3391.44,1736.6,5241.72,1610.97
2016/12/15,3312.51,3462.11,3246.26,2600.67,3648.42,3009.48,5080.47,7514.22,3545.36,3359.12,7713.53,2845.32,2686.26,4926.49,4994.64,5518.04,3440.95,5580.27,3104.37,5769.12,1535.23,4683.68,1216.97,2822.41,3387.3,1716.56,5177.26,1595.88
2016/12/16,3344.26,3482.13,3284.43,2628.46,3655.99,3046.53,5063.71,7477.95,3605.65,3397.66,7733.62,2855.28,2699.58,4961.07,5131.03,5568.39,3524.85,5612.99,3125.05,5827.41,1558.07,4740.32,1229.89,2858.57,3294.14,1699.31,5189.16,1617.57
2016/12/19,3398.81,3495.73,3318.81,2617.06,3655.52,3073.99,5151.14,7513.62,3611.65,3433.34,7809.06,2877.77,2713.18,4985.83,5190.33,5645.1,3565.57,5685.88,3150.74,5865.61,1551.83,4776.61,1241.68,2890.53,3273.16,1694.66,5254.84,1631.98
2016/12/20,3411.18,3507.85,3322.81,2617.44,3634.61,3058.09,5087.37,7535.46,3612.56,3434.37,7805.29,2873.72,2724.17,4947.54,5194.65,5629.01,3573.82,5643.83,3139.82,5856.38,1545.91,4752.1,1235.35,2882.98,3264.92,1688.46,5234.81,1626.26
2016/12/21,3397.06,3487.4,3321.76,2581.43,3636.45,3069.53,5084.89,7499.47,3619.62,3445.67,7818.11,2868.4,2726.13,4920.23,5167.14,5629.63,3571.14,5646.7,3156.89,5867.69,1536.71,4759.61,1238.25,2903.33,3226.94,1685.88,5235.84,1628.9
2016/12/22,3415.82,3509.13,3345.6,2593.14,3660.24,3081.38,5101.86,7527.53,3622.25,3453.03,7856.96,2901.17,2777.9,4924.39,5184.32,5681.08,3579.05,5686.05,3190.79,5906.36,1564.63,4777.53,1242.18,2922.57,3242.13,1688.76,5271.42,1641.14
2016/12/23,3395.91,3500.17,3350.35,2597.43,3652.02,3086.09,5118.2,7482.06,3600.53,3447.56,7846.35,2907.46,2776.57,4929.23,5190.49,5688.1,3580.75,5682.39,3206.39,5917.46,1565.42,4772.11,1235.34,2935.54,3225.61,1683.6,5309.45,1639.97
2016/12/26,3355.66,3422.82,3305.4,2570.72,3584.95,3046.16,5039.4,7344.79,3552.68,3386.84,7760.16,2868.62,2743.74,4867.11,5112.07,5596.17,3513.05,5578.53,3168.97,5843.13,1553.33,4712.3,1221.93,2885.8,3198.23,1658.1,5221.15,1613.09
2016/12/27,3367.15,3416.84,3324.24,2572.48,3582.3,3073.26,5088.2,7406.42,3581.59,3424.37,7790.96,2888.42,2759.16,4884.86,5133.52,5623.22,3541.41,5631.24,3271.05,5890.33,1565.9,4756.73,1225.19,2911.79,3217.07,1679.03,5256.91,1630.46
2016/12/28,3361.98,3439.4,3330.31,2572.52,3600.94,3072.17,5103.8,7421.82,3590.1,3430.62,7792.99,2890.41,2751.35,4903.48,5158.09,5611.09,3541.41,5674.9,3270.88,5888.94,1561.34,4751.01,1219.89,2899.43,3207.59,1676.43,5262.41,1631.71
2016/12/29,3342.51,3416.32,3316.65,2558.93,3591.11,3064.15,5063.4,7374.15,3582.2,3410.26,7760.51,2879.94,2733.6,4880.66,5119.24,5586.02,3532.47,5647.82,3223.91,5879.21,1552.22,4727.77,1213.21,2893.58,3193.2,1670.85,5226.58,1621.53
2016/12/30,3345.48,3423.35,3304.37,2576.44,3603.96,3051.53,5054.39,7406.69,3576.39,3411.91,7765.66,2878.62,2729.95,4872.44,5147.83,5598.94,3531.22,5648.1,3243.13,5865.19,1547.8,4724.12,1211.57,2892.7,3197.4,1670.72,5221.26,1623.87
2017/1/3,3362.02,3428.34,3319.46,2586.47,3601.93,3067.05,5073.1,7501.72,3586.77,3413.33,7814.04,2888.02,2731.57,4878.81,5136.61,5627.64,3530.12,5650.73,3218.12,5884.53,1545.47,4723.45,1210.05,2898.41,3217.35,1680.22,5237.1,1625.43
2017/1/4,3393.08,3458.34,3350.55,2608.14,3622.29,3083.9,5143.84,7540.15,3614.92,3449.43,7846.33,2905.84,2767.54,4909.17,5188.67,5676.38,3546.72,5699.34,3247.36,5921.36,1585.74,4747.2,1214.66,2931.22,3246.35,1697.21,5282.56,1641.08
2017/1/5,3421.3,3495.34,3403.61,2639.7,3679.8,3124.92,5199.9,7711.62,3638.52,3482.15,7894.74,2921.66,2799.26,4937.7,5241.5,5733.67,3577.53,5736.22,3278.24,5988.35,1598.39,4800.05,1226.57,2955.89,3260.22,1704.2,5358.14,1656.96
2017/1/6,3412.29,3515.63,3408.07,2641.47,3682.41,3115.97,5192.18,7684.57,3635.89,3477.7,7881.42,2924.88,2816.56,4927.54,5234.48,5725.14,3563.11,5727.22,3270.86,5982.02,1625.72,4790.89,1222.36,2971.98,3255.12,1699,5358.91,1661.84
2017/1/9,3406.89,3508.59,3388.43,2651.94,3657.16,3075.05,5153.27,7633.7,3600.86,3446.43,7814.92,2930.56,2806.48,4908.48,5191.63,5709.58,3528.42,5680.9,3250.46,5925.22,1613.48,4715.48,1207.93,2936.93,3237.86,1682.91,5338.54,1648.62
2017/1/10,3396.67,3522.36,3407.51,2678.79,3681.68,3091.43,5141.9,7682.84,3609.95,3462.55,7855.14,2956.88,2824.39,4927.65,5243.54,5729.27,3557.18,5686.96,3275.83,5968.35,1672.66,4739.54,1211.36,2942.68,3239.2,1689.58,5371.84,1665.19
2017/1/11,3366.76,3533.65,3386.21,2703.82,3697.4,3077.59,5143.26,7668.44,3600.61,3450.84,7834.03,2938.42,2815.88,4910.2,5261.56,5703.34,3544.04,5670.36,3242.1,5935.85,1644.65,4713.49,1206.51,2919.72,3241.8,1685.23,5336.02,1656.02
2017/1/12,3342.93,3494.09,3344.16,2708.75,3671.16,3048.38,5085.25,7593.37,3557.06,3408.27,7766.24,2912.91,2782.88,4864.01,5204.49,5660.07,3500.3,5629.33,3214.79,5887.19,1644.18,4669.63,1195.51,2862.33,3227.68,1680.79,5281.93,1640.65
2017/1/13,3323.62,3457.78,3312.19,2669.53,3638.14,3040.01,5042.8,7539.06,3521.56,3362.98,7709.5,2892.02,2760.99,4859.62,5140.63,5622.08,3479.85,5575.63,3192.75,5847.37,1623.16,4629.11,1187.8,2834.5,3220.18,1678.65,5235.9,1623.89
2017/1/16,3259.85,3428.52,3255.81,2662,3571.1,2989.64,4992.34,7464.03,3459.17,3298.47,7605.3,2871.21,2737.06,4825.59,5037.29,5525.71,3405.68,5485.69,3147.42,5763.26,1592.97,4509.11,1174.29,2789.14,3244.01,1682.36,5194.37,1594.52
2017/1/17,3179.81,3355.02,3153.01,2620.4,3479.98,2886.74,4908.57,7364.43,3338.99,3155.51,7420.38,2817.16,2689.24,4713.61,4856.89,5338.8,3273.87,5307.91,3096.58,5571.28,1552.38,4323.45,1131.48,2686.79,3279.81,1684.2,5089.76,1540.08
2017/1/18,3203.64,3376.3,3188.22,2641.61,3517.31,2940.08,4976.82,7459.91,3357.34,3212.51,7475.27,2829.94,2707.85,4732.49,4920.19,5384.53,3294.74,5374.2,3116.1,5627.5,1588.42,4391.69,1154.08,2724.85,3280.95,1685.44,5141.56,1560.23
2017/1/19,3189.8,3379.06,3169.95,2685.28,3500.73,2919.54,5014.39,7536.52,3342.63,3201.05,7446.01,2824.3,2717.24,4745.88,4906.51,5390.38,3292.92,5411.61,3129.49,5604.93,1576.56,4356.14,1145.8,2705.1,3292.44,1682.51,5147.57,1551.64
2017/1/20,3179.39,3365.01,3155.66,2656.76,3490.09,2929.88,4995.67,7511.29,3334.97,3194.85,7436.22,2819.66,2702.67,4728.44,4889.03,5377.19,3286.05,5423.57,3119.89,5584.81,1569.36,4355.49,1145.13,2681.68,3296.72,1680.62,5146.37,1548.43
2017/1/23,3224.36,3397.94,3210.93,2671.7,3536.6,2984.49,5093.86,7579.29,3380.57,3260.78,7540.58,2853.39,2732,4777.21,4966.35,5450.62,3327.53,5528.68,3167.25,5663.14,1612.93,4464.27,1166.02,2735.35,3317.86,1696.4,5228.66,1573.33
2017/1/24,3245.97,3432.16,3241.36,2689.13,3588.93,3001.71,5079.06,7583.4,3401.62,3280.56,7575.1,2863.41,2741.77,4799.85,4987.7,5493.63,3344.6,5591.84,3188.86,5703.09,1621.3,4478.65,1173.23,2745.41,3307.83,1697.96,5251.79,1587.51
2017/1/25,3229.9,3455.44,3233.35,2727.16,3592.64,2982.89,5062.5,7578.9,3388.55,3278.01,7541.18,2848.95,2730.53,4784.62,4944.32,5478.02,3341.55,5657.43,3179.51,5683.99,1603.82,4434.63,1160.12,2720.73,3330.24,1690.9,5247.9,1580.37
2017/1/26,3247.08,3450.57,3246.39,2721.03,3598.07,3005.93,5107.14,7594.82,3417.38,3310.26,7615.16,2854.29,2745.78,4801.49,4967.2,5517.16,3351.4,5656.66,3207.6,5710.12,1621.81,4473.98,1170.29,2746.93,3337.04,1699.04,5278.31,1586.13
2017/2/3,3255.2,3474.71,3260.89,2732.72,3704.5,3018.87,5137.04,7588.73,3437.04,3323.95,7658.57,2863.92,2751.26,4818.85,4987.14,5567.86,3362.54,5666.8,3201.86,5747.04,1639.75,4501.15,1174.81,2761.25,3360.98,1704.72,5288.8,1595.64
2017/2/6,3263.43,3445.64,3251.92,2712.29,3659.21,2988.43,5126.73,7555.87,3419.85,3313.21,7633.78,2855.55,2738.76,4800.3,4966.9,5516.01,3359.3,5671.69,3194.17,5731.84,1640.88,4496.54,1166.92,2755.47,3330.26,1685.11,5272.36,1590.39
2017/2/7,3284.52,3448.74,3281.44,2708.45,3673.19,3020.31,5144.21,7581.46,3448.82,3344.73,7686.69,2874.8,2750.36,4821.9,5007.46,5541.1,3387.09,5693.7,3245.64,5779.23,1651.21,4539.41,1176.88,2782.08,3313.81,1688.28,5333.13,1607.19
2017/2/8,3270.78,3439.62,3275.14,2723.06,3682.65,3022.82,5124.43,7571.05,3456.3,3347.24,7675.15,2869.9,2754.84,4828.58,5034.88,5560.77,3387.09,5728.91,3232.13,5768.87,1631.97,4514.79,1168.14,2779.23,3304.67,1683.76,5348.38,1607.36
2017/2/9,3288.31,3463.25,3298.93,2735.93,3714.86,3049.07,5163.55,7619.59,3475.25,3371.53,7704.7,2890.68,2778,4856.5,5038.47,5575.46,3401.51,5813.19,3248.36,5807.87,1678.59,4563.52,1177.82,2812.86,3311.8,1701.11,5390.15,1620.92
2017/2/10,3305.66,3482.58,3324.53,2775.85,3710.23,3069.85,5205.46,7683.09,3513.69,3402.71,7741.53,2910.61,2790.05,4899.32,5061.76,5616.84,3421.81,5918.75,3314.41,5844.09,1679.67,4588.98,1180.44,2829.11,3328.04,1707.87,5404.51,1636.87
2017/2/13,3303.42,3546.94,3318.64,2858.67,3792.85,3051.4,5213.14,7674.26,3491.03,3382.92,7704.41,2917.24,2809.81,4892.26,5052.75,5585.16,3405.48,6031.94,3378.36,5838.57,1664.47,4550.97,1172.47,2819.44,3345.49,1713.52,5381.58,1640.44
2017/2/14,3317.18,3555.72,3350.49,2845.82,3777.52,3069.24,5329.12,7810.57,3521.12,3409.94,7755.67,2927.87,2832.67,4911.66,5090.33,5634.03,3428.69,5958.79,3388.08,5886.13,1671.43,4592.33,1181.55,2842.91,3369.44,1726.47,5417.23,1647.25
2017/2/15,3301.33,3561.53,3348.1,2881.61,3798.52,3076.03,5306.05,7823.23,3518.06,3413.24,7744.24,2922.09,2832.96,4915.11,5079.27,5601.62,3426.62,5966.26,3413.45,5876.08,1657.73,4585.74,1178.98,2840.74,3359.24,1718.74,5395.15,1645.23
2017/2/16,3272.18,3527.7,3315.7,2848.94,3744.29,3061.82,5299.27,7735.15,3501.84,3386.68,7686.9,2922.08,2827.01,4884.83,5056.3,5554.22,3412.49,5881.52,3363.34,5833.52,1639.3,4533.2,1165.31,2811.96,3395.5,1712.17,5333.19,1629.21
2017/2/17,3289.48,3573.3,3348.78,2869.09,3802.76,3076.73,5406.97,7761.33,3516.34,3421.34,7736.79,2947.7,2855.26,4908.91,5110.58,5574.18,3429.32,5946.61,3385.68,5864.23,1650.42,4551.85,1167.03,2815.29,3398.42,1732.23,5364,1640.5
2017/2/20,3267.23,3510.07,3319.95,2846.52,3755.56,3049.16,5399.57,7772.73,3470.6,3386.37,7666.77,2919.7,2835.37,4866.51,5075.26,5550.39,3425.29,5921.95,3336.59,5818.45,1669.71,4517.36,1157.27,2793.15,3361.41,1721.06,5331.13,1626.52
2017/2/21,3295.93,3553.23,3345.64,2897.77,3805.99,3075.43,5523.2,7977.46,3488.41,3426.89,7737.52,2950.13,2884.52,4936.62,5153.96,5601.87,3458.27,6007.36,3396.73,5865.32,1669.45,4553.02,1165.23,2813.17,3427.5,1742.73,5396.39,1642.23
2017/2/22,3316.75,3563.27,3366.81,2899.83,3840.89,3099.48,5502.96,7973.84,3522.65,3454.18,7794.03,2963.08,2889.15,4959.28,5239.13,5676.26,3475.7,6066.2,3394.3,5913.86,1674.24,4620.27,1180.41,2834.11,3421.97,1745.64,5439.86,1656.55
2017/2/23,3329.78,3571.28,3388.14,2924.16,3842.1,3117.34,5545.92,8032.55,3532.13,3465.21,7795.81,2970.74,2893.21,4976.77,5216.08,5680.65,3483.33,6213.11,3409.8,5920.52,1663.43,4638.42,1182.01,2846.58,3419.48,1740.75,5469.54,1666.32
2017/2/24,3314.37,3533.72,3376.46,2879.46,3873.94,3115.36,5518.95,7990.52,3535.9,3468,7898.53,2956.77,2870.13,4944.56,5176.05,5680.4,3485.41,6089.61,3368.6,5929.63,1643.25,4646.15,1183.86,2849.09,3414.93,1724.42,5447.48,1663.88
2017/2/27,3334.62,3525.53,3387.2,2904.84,3850.06,3126.87,5502.05,7977.57,3551.06,3474.96,7902.75,2969.93,2886.04,4947.52,5177.97,5743.79,3518.79,6032.32,3374.38,5960.45,1666.37,4683.44,1198.42,2892.78,3404.16,1725.75,5461.68,1666.94
2017/2/28,3314.45,3501.16,3350.04,2881.43,3820.65,3111.68,5436.13,7886.36,3528.8,3458.37,7839.88,2959.52,2855.56,4907.56,5139.85,5764.85,3469.17,5990.4,3349.08,5917.34,1645.31,4652.45,1193.27,2882.7,3390.33,1710.67,5430.81,1657.84
2017/3/1,3324.13,3521.16,3364.8,2867.51,3836.17,3113.03,5458.91,7886.93,3558.41,3491.34,7834.92,2965.08,2872.99,4931.81,5158.72,5756.51,3521.46,6030.77,3381.55,5936.76,1655.85,4668.54,1194.2,2885.54,3402.16,1712.69,5450.03,1666.99
2017/3/2,3330.69,3545.98,3388.91,2879.01,3878.61,3123.71,5479.34,7926.4,3561.25,3490.68,7851.48,2976.2,2877.45,4951.59,5168.35,5779.2,3577.74,6074.84,3397.13,5959.2,1676.94,4681.28,1199.55,2898.01,3400.14,1715.81,5477.05,1674.66
2017/3/3,3293.35,3502.83,3358.7,2840.29,3837.85,3107.34,5414.64,7885.07,3536.15,3453.83,7793.16,2956.47,2839.94,4904.93,5100.8,5746.77,3550.98,5955.54,3335.84,5913.04,1656.13,4634.43,1185.59,2873.75,3366.81,1695.83,5432.9,1661.22
2017/3/6,3302.94,3498.13,3387.79,2820.34,3838.37,3162.59,5438.84,7924.18,3549.68,3473.45,7819.85,2971.34,2835.02,4909.52,5101.93,5783.21,3557.86,5933.65,3345.72,5963.31,1672.64,4680.71,1185.97,2891.67,3357.75,1693.91,5478.78,1670.35
2017/3/7,3324.13,3534.45,3415.23,2847.36,3860.34,3212.41,5587.56,7981.41,3573.54,3517.51,7876.08,2988.41,2857.94,4942.6,5138.21,5829.59,3595.81,5989.99,3347.65,6019.78,1697.75,4750.07,1199.64,2938.83,3360.34,1702.32,5515.7,1694.95
2017/3/8,3334.45,3520.64,3409.95,2832.97,3835.45,3218.27,5597.01,8109.73,3576.15,3538.57,7910.41,2991.97,2854.88,4955.93,5150.94,5862.96,3590.34,5990.26,3341.13,6036.26,1690.65,4797.12,1202.07,2941.74,3368.83,1704.6,5522.9,1694.86
2017/3/9,3319.16,3489,3392.08,2803.65,3823.45,3194.04,5579.94,8085.98,3557.51,3516.8,7882.63,2985.38,2855.16,4961.97,5115.9,5840.92,3565.3,5992.28,3351.84,6009.12,1690.49,4743.88,1191.37,2952.01,3365.47,1696.49,5480.1,1688.86
2017/3/10,3283.83,3444.86,3369.47,2791.32,3785.69,3187.31,5553.6,8040.36,3526.62,3497.06,7829.95,2959.42,2830.56,4940.22,5081.91,5799.97,3550.17,5940.96,3318.89,5973.93,1673.63,4740.23,1184.75,2950.07,3346.67,1688.99,5448.03,1678.68
2017/3/13,3277.12,3435.41,3366.65,2800.05,3810.36,3191.64,5661.5,8061.62,3526.37,3520.69,7842.35,2952.28,2815.71,4949.61,5080.12,5799.02,3532.53,5969.31,3303.23,5980.19,1663.33,4738.54,1184.06,2956.98,3339.94,1682.71,5472.22,1679.49
2017/3/14,3293.1,3475.36,3393.84,2818.97,3863.5,3254.42,5667.18,8162.45,3544.34,3549.58,7900.04,2972.91,2840.53,5015.02,5107.47,5783.21,3579.28,6016.63,3342.16,6028.43,1676.75,4793.05,1191.64,2962.75,3363.7,1695.33,5528.9,1693.9
2017/3/15,3273.84,3471.61,3386.27,2827.96,3847.79,3232.93,5639.33,8115.3,3538.1,3538.89,7896.07,2966.6,2833.58,5024.25,5086.95,5722.78,3561.18,6044.14,3343.96,6006.15,1673.24,4766.72,1186.58,2945.05,3362.92,1691.11,5515.61,1693.66
2017/3/16,3275.26,3490.48,3394.77,2844.97,3909.63,3246.17,5726.56,8174.34,3541.03,3565.07,7912.35,2980.07,2840.56,5037.46,5092.22,5704.43,3556.97,6105.33,3382.04,6021.07,1668.07,4765.82,1186.21,2965.91,3366.93,1697.63,5534.18,1696.4
2017/3/17,3298.24,3522.5,3422.18,2859.43,3918.02,3273.36,5695.9,8133.83,3566.44,3598.58,7962.6,3002.49,2863.89,5073.4,5124.65,5735.6,3607.45,6143.89,3410.72,6085,1686.46,4817.51,1196.88,2998.67,3376.75,1722.94,5567.64,1713.14
2017/3/20,3277.35,3542.79,3387.88,2808.09,3876.53,3226.76,5641.86,8136.83,3555.5,3563.86,7904.96,2984.73,2829.56,4990.7,5079.83,5732.87,3573.33,6121.45,3393.3,6046.17,1659.14,4777.27,1185.66,2982.98,3339.73,1691.07,5486.34,1702.55
2017/3/21,3294.62,3555.29,3403.36,2796.52,3876,3251.3,5661.38,8207.98,3569.53,3572.55,7938.68,2993.33,2837.51,4972.83,5093.6,5788.14,3579.09,6170.1,3425.74,6082.62,1656.1,4792.26,1188.76,2983.51,3323.58,1688.16,5489.76,1710.23
2017/3/22,3294.92,3528.91,3402.04,2765.57,3850.41,3255.92,5739.04,8324.94,3569.45,3569.13,7961.34,2996.23,2840.28,4967.45,5079.6,5783.29,3576.25,6124.57,3454.64,6070.79,1648.44,4783.65,1180.04,2975.78,3309.11,1677.07,5491.28,1706.31
2017/3/23,3294.16,3523.8,3402.14,2731.88,3856.43,3276.64,5754.75,8398.62,3575.47,3568.61,8045.27,2988.82,2857.64,4944.83,5069.66,5963.37,3573.91,6133.01,3501.55,6071.55,1640.4,4790.86,1174.15,2973.55,3276.17,1666.64,5491.11,1712.27
2017/3/24,3301.95,3509.92,3395.57,2736.08,3859.35,3285.76,5823.64,8401.51,3574.67,3564.22,8047.53,2976.64,2850.01,4941.07,5059.93,5963.41,3587.81,6164.93,3506.9,6065.48,1647.47,4778.51,1179.41,2978.64,3293.46,1673.95,5502.08,1710.65
2017/3/27,3314.92,3518.13,3419.28,2760.49,3839.01,3314.48,5861.39,8355.07,3578.15,3581.14,8058.13,2991.87,2910.32,4959.1,5092.9,5947,3564.88,6256.94,3569.57,6090.21,1657.11,4815.15,1180.72,2986.23,3298.97,1686.22,5544.61,1726.42
2017/3/28,3292.71,3480.49,3408.1,2743.86,3830,3297.19,5777.79,8270.7,3571.65,3578.54,8001.15,2980.14,2916.8,4934.43,5086.36,5944.56,3568.47,6223.6,3527.71,6075.65,1666.28,4779.43,1176.18,2962.58,3333.92,1688.23,5542.12,1719.78
2017/3/29,3287.06,3483.11,3402.06,2753.41,3845.66,3302.69,5763.49,8254.05,3556.47,3565.28,7992.93,2967.93,2902.01,4930.95,5080.7,5929.77,3524.4,6202.64,3522.33,6056.16,1660.72,4763.12,1174.86,2949.9,3317.7,1680.91,5529.58,1714.83
2017/3/30,3258.09,3494.4,3367.81,2762.28,3820.82,3268.34,5753.4,8235.39,3511.45,3515.72,7913.53,2951.91,2951.98,4889.47,5038.56,5899.23,3471.86,6185.23,3514.23,6001.88,1652.13,4700.8,1159.87,2903.91,3304.47,1664.1,5492.15,1700.01
2017/3/31,3222.69,3450.11,3318.5,2729.16,3740.81,3201.83,5661.88,8173.8,3446.46,3457.08,7794.77,2953.49,2908.04,4818.55,4942.48,5860.35,3395.57,6058.28,3456.15,5901.88,1621.28,4603.29,1138.41,2841.45,3298.44,1661.53,5407.75,1669.93
2017/4/5,3228.07,3499.94,3339.79,2792.78,3774.51,3224.77,5743.21,8203.68,3463.47,3473.6,7856.49,3002.59,2904.68,4919.08,4966.58,5845.35,3432.52,6192.14,3515.5,5938.07,1645.77,4626.3,1143.87,2869.47,3339.69,1666.65,5492.89,1681.02
2017/4/6,3274.51,3550.95,3397.58,2858.89,3878.35,3284.35,5760.97,8284.52,3504.67,3523.52,7941.26,3039.19,2939.5,4971.11,5029.75,5938.4,3493.88,6273.59,3603.31,6037.96,1675.35,4709.01,1157.29,2908.93,3342.72,1686.51,5586.47,1709.13
2017/4/7,3288.62,3538.54,3398.24,2885.29,3878.82,3274.32,5810.78,8284.03,3512.05,3524.04,7944.44,3038.54,2971.71,5000.97,5027.05,5912.26,3498.6,6331.83,3653.8,6066.1,1689.84,4724.53,1155.53,2907.25,3333.76,1680.81,5575.41,1717.78
2017/4/10,3270.93,3557.46,3396.55,2887.26,3878.91,3276.95,5800.34,8248.16,3510.95,3514.67,7933.3,3108.72,2973.85,5021.16,5008.1,5901.13,3486.05,6378.56,3651.07,6051.18,1703.18,4720.08,1153.24,2898.26,3334.94,1677.34,5565.98,1713.86
2017/4/11,3242.2,3542.26,3362.01,2948.83,3832.13,3246.21,5713.5,8106.38,3478.79,3472.39,7828.84,3119,2995.04,5091.13,4963.69,5842.88,3469.53,6526.9,3656.71,6014.42,1700.73,4639.57,1130.62,2869.79,3309.49,1664.15,5536.86,1697.45
2017/4/12,3246.79,3541.47,3366.7,2960.96,3870.59,3243.54,5641.89,8106.18,3500.63,3481.97,7812.56,3138.01,3059.75,5210.42,4991.91,5805.3,3495.95,6669.57,3699.47,6057.28,1794.19,4669.22,1133.07,2885.86,3302.99,1670.16,5591.03,1717.47
2017/4/13,3226.91,3525.86,3338.52,2918.54,3856.38,3222.54,5670.78,8142.17,3475.29,3458.33,7785.56,3117.58,3042.46,5171.84,4980.89,5675.04,3471.9,6566.67,3606.56,6018.26,1765.11,4606.22,1125.93,2853.1,3289.44,1665.14,5539.25,1694.59
2017/4/14,3238.38,3553.11,3356.3,2946,3878.76,3225.31,5728.82,8233,3503.45,3463.74,7841.05,3193.64,3070.07,5213.13,4988.25,5680.67,3501.66,6632.97,3628.48,6049,1758.46,4635,1126.26,2853.41,3276.89,1667.35,5586.6,1694.24
2017/4/17,3199.06,3516.78,3292.26,2900.31,3842.12,3155.87,5650.4,8091.14,3440.09,3384.6,7764.65,3108.3,3000.28,5099.43,4906.57,5613.79,3426.63,6560.06,3572.57,5943.08,1733.85,4575.44,1110.92,2796.38,3247.09,1645.97,5465.8,1662.84
2017/4/18,3163.96,3480.53,3267.04,2851.23,3805.18,3139.93,5701.88,8128.72,3388.55,3355.75,7741.44,3072.57,2970.54,5028.44,4870.7,5577.58,3377.87,6428.51,3573.15,5888.28,1689.01,4549.16,1100.99,2780.33,3243.65,1647.92,5409.86,1642.7
2017/4/19,3120.67,3431.24,3234.87,2784.95,3740.42,3114.39,5767.82,8231.59,3330.34,3332.68,7727.58,3035.97,2946.42,4980.31,4817.81,5516.03,3328.72,6370.19,3557.94,5815.98,1671.9,4476.73,1083,2749.01,3199.56,1624.89,5365.86,1617.46
2017/4/20,3080.4,3366.78,3210.25,2728.2,3680.74,3106.68,5813.3,8222.1,3294.26,3311.52,7712.39,3054.4,2923.41,4950.84,4769.7,5524.98,3294.75,6253.16,3539.7,5760.68,1643.59,4459.37,1081.35,2754.62,3180.93,1622.11,5332.54,1608.08
2017/4/21,3079.72,3342.91,3211.92,2707.07,3647.74,3123.72,5807.61,8392.84,3280.58,3312.8,7811.7,3022.3,2916.58,4931.34,4767.94,5542.72,3245,6142.88,3575.07,5749.66,1642.69,4473.09,1080.68,2755.66,3169.01,1622.37,5340.22,1600.04
2017/4/24,3058.99,3338.28,3176.7,2699.55,3613.63,3104.82,5768.69,8248.5,3251.13,3290.71,7765.31,3017.42,2893.31,4902.38,4746.5,5512.87,3230.37,6077.87,3508.33,5698.12,1621.67,4447.38,1077.13,2729.4,3197.93,1630.71,5325.79,1589.32
2017/4/25,3006.42,3261.07,3114.38,2634.16,3498.64,3052.91,5679.91,8161.42,3192.05,3228.57,7663.47,2949.46,2824.38,4817.94,4646.78,5408.96,3141.04,5899.96,3342.46,5545.42,1568.7,4370.94,1061.47,2689.64,3200.46,1632.22,5221.21,1543.32
2017/4/26,3009.28,3262.53,3115.29,2634.53,3511.68,3071.86,5818.75,8299,3207.98,3225.4,7680.11,2954.66,2820.42,4817.57,4643.65,5429.4,3163.62,5932.74,3345.76,5551.1,1598.95,4389.55,1063.15,2683.17,3206.36,1633.32,5236.19,1550.66
2017/4/27,3023.28,3260.14,3115.13,2643.85,3530.16,3094.62,5785.96,8250.85,3193.79,3211.14,7669.5,2989.03,2806.74,4825.24,4633.93,5408.08,3178.32,6001.74,3324.54,5555.13,1562.16,4383.25,1061.77,2677.32,3185.18,1647.59,5253.23,1555.48
2017/4/28,3027.24,3271.79,3137.93,2633.98,3560.37,3130.77,5793.43,8277.79,3201.15,3213.05,7695.61,2992.66,2827.49,4765.42,4629.9,5409.58,3167.49,5988.01,3363.38,5573.68,1543,4401.87,1071.93,2707.45,3204.19,1656.93,5265.27,1564.94
2017/5/2,3034.87,3295.66,3159.56,2698.8,3575.32,3139.2,5703.64,8112.24,3230.92,3236.88,7674.35,3020.44,2835.79,4806.76,4655.58,5427.76,3172.97,6079.33,3390.64,5596.38,1557.51,4409.77,1077.83,2716.72,3197.28,1655.84,5250.83,1577.83
2017/5/3,3033.31,3287.26,3161.93,2699.5,3581.78,3139.91,5810.85,8110.19,3234.97,3249.03,7662.77,3030.62,2853.2,4787.11,4676.28,5377.09,3180.67,6121.88,3408.78,5599.27,1541.75,4388.15,1075.01,2708.33,3180.54,1646.86,5235.77,1577.09
2017/5/4,3015.55,3266.17,3158.75,2659.41,3554.12,3137.1,5811.66,8118.49,3225.29,3242.74,7651.59,2991.57,2847.22,4737.38,4678.43,5306.37,3163.62,6097.05,3370.63,5573.6,1547.37,4399.29,1073.45,2705.49,3160.3,1637.12,5229.75,1573.19
2017/5/5,2995.14,3227.38,3134.56,2683.58,3501.91,3128.41,5806.35,8107.35,3213.2,3229.95,7623.74,2999.25,2841.48,4729.79,4645.85,5276.85,3163.87,6137.44,3392.79,5582.77,1515.18,4398.86,1065.83,2691.71,3140.47,1625.38,5197.92,1568.87
2017/5/8,2954.63,3169.68,3089.89,2657.92,3456.88,3102.1,5812.64,8054.14,3195.44,3201.6,7565.2,2959.2,2811.29,4688.75,4599.62,5219.21,3105.37,6051.01,3363.39,5506.52,1455.17,4352.35,1058.79,2655.15,3129.41,1600.31,5152.18,1547.72
2017/5/9,2870.3,3129.13,3046.48,2594.42,3413.19,3023.18,5685.36,7882.55,3157.16,3134.7,7473.36,2892.06,2761.93,4599.26,4528.01,5184.08,3015.91,5767.28,3280.22,5361.9,1384.87,4294.02,1059.69,2626.73,3136.5,1606.84,5059.53,1514.33
2017/5/10,2873.13,3151.99,3070.59,2603.87,3456.18,3091.8,5648.99,7927.02,3173.22,3161.44,7469.32,2928.9,2780.21,4620.9,4539.44,5202.93,3047.62,5835.61,3304.31,5398.15,1411.2,4332.38,1070.1,2654.59,3153.13,1611.6,5065.63,1532.17
2017/5/11,2806.97,3103.23,3000.42,2534.94,3347.18,3049.39,5604.78,7846.79,3102.44,3091.09,7360.82,2843.61,2707.04,4529.93,4426.66,5130.3,2966.27,5639.78,3196.27,5255.2,1348.29,4252.1,1049.14,2607.03,3161.54,1618.95,4967.05,1494.43
2017/5/12,2802.54,3092.99,3001.9,2524.34,3350.09,3059.88,5749.27,7891.37,3088.55,3088.07,7370.11,2861.5,2726.02,4538.49,4406.98,5095.5,2935.07,5710.94,3255.43,5256.09,1362.51,4222.62,1044.48,2610.07,3186.13,1624.61,4989.21,1497.15
2017/5/15,2826.12,3105.55,3011.35,2530.71,3360.43,3069.55,5731.57,7904.07,3090.79,3086.46,7416.43,2884.53,2767.78,4563.09,4436.22,5130.01,2950.96,5730.94,3275.89,5259.67,1355.34,4283.98,1041.82,2620.62,3278.01,1653.52,5003.86,1501.72
2017/5/16,2825.72,3130.58,3004.32,2519.54,3357.18,3086.08,5692.94,8011.18,3099.59,3079.15,7453.91,2891.08,2761.81,4578.72,4436.82,5163.01,2970.62,5733.91,3207.6,5242.18,1346.85,4280.16,1041.44,2611.29,3265.6,1651.1,4998.22,1498.14
2017/5/17,2863.44,3170.95,3074.67,2566.44,3440.85,3182.26,5796.64,8185.36,3135.21,3142.67,7590.33,2977.26,2818.27,4627.17,4513.86,5210.39,3030.72,5906.8,3232.14,5360.51,1369.21,4370.29,1056.6,2672.51,3245.77,1658.47,5110.87,1524.17
2017/5/18,2857.78,3164.11,3053.65,2571.13,3422.33,3147.16,5693.11,8077.92,3138.93,3133.45,7546.89,2951.2,2800.75,4605.6,4498.06,5186.98,3015.85,5874.66,3219.83,5336.38,1372.21,4321.24,1062.72,2665.73,3210.23,1636.65,5084.69,1520.89
2017/5/19,2859.5,3226.96,3062.33,2574,3407.82,3149.13,5707.51,8121.97,3139.05,3128.67,7567.66,2939.98,2802.19,4621.04,4514.8,5214.21,3018.09,5814.43,3205.7,5347.92,1368.7,4336.5,1066.26,2674.28,3207.9,1635.87,5079.77,1522.91
2017/5/22,2850.74,3257.75,3052.04,2595.14,3389.83,3127.38,5762.32,8220.57,3133.9,3118.74,7580.52,2951.58,2799.13,4624.75,4512.17,5188.27,3014.59,5797.34,3177.73,5334.7,1364.5,4325.95,1059.56,2660.21,3208.97,1636.55,5069.9,1520.21
2017/5/23,2816.29,3207.72,2995.67,2596.04,3352.08,3082.94,5798.65,8201.68,3084.52,3058.65,7513.91,2908.76,2759.05,4569.67,4439.87,5124.03,2944.93,5691.3,3119.44,5234.25,1340.4,4269.5,1045.89,2612,3218.1,1649.87,5016.06,1487.65
2017/5/24,2766.55,3124.44,2921.65,2551.08,3256.67,3005.18,5753.79,8241.25,3007.62,2981.64,7424.99,2835.39,2723.17,4512.2,4330.21,5023.55,2838.41,5501.86,3050.22,5089.55,1269.56,4145.03,1023.51,2559.46,3275.07,1649.25,4928.1,1441.67
2017/5/25,2779.35,3161.97,2948.06,2569.05,3277.97,3039.61,5752.84,8191.85,3016.7,2994.31,7466,2867.76,2734.48,4530.37,4357.44,5054.42,2864.89,5554.02,3080.36,5133.3,1290.19,4187.93,1027.97,2574.75,3264.36,1652.76,4954.06,1460.5
2017/5/26,2767.94,3210.78,2973.47,2618.55,3313.17,3042.1,5759.27,8251.14,3036.77,3015.95,7490.56,2885.07,2764.57,4637.95,4396.87,5089.85,2901.41,5612.07,3125.18,5172.44,1303.52,4223.09,1033.59,2598.68,3377.38,1721.17,4983.2,1471.81
2017/5/31,2795.19,3240.44,2990.64,2636.26,3346.67,3042.06,5826.72,8271.1,3069.15,3055.92,7535.93,2905.52,2786.91,4723.58,4452.8,5147.1,2935.22,5659.62,3175.84,5225.19,1318.89,4263.21,1044.09,2616.16,3370.02,1730.62,5048.62,1488.68
2017/6/1,2777.24,3181.09,2947.78,2585.64,3294.08,2999.66,5808.53,8199.94,3034.42,3015.9,7465.4,2876.82,2773.78,4658.74,4444.98,5047.19,2897.28,5556.81,3137.93,5161.77,1300.97,4189.45,1030.74,2586.28,3376.16,1730.39,4992.85,1464.09
2017/6/2,2728.84,3123.25,2881.35,2533.52,3207.97,2947.57,5794.85,8220.44,2975.02,2932.07,7408.21,2830.41,2740.23,4637.39,4337.8,5008.15,2806.19,5399.28,3108.62,5039.75,1271.83,4092.78,1010.34,2544.2,3400.33,1730.97,4923.82,1424.69
2017/6/5,2747.68,3184.22,2920.3,2561.15,3248.68,2989.78,5789.68,8202.18,2995.47,2982.06,7448.7,2872.67,2763.72,4674.39,4387.1,5062.27,2846.56,5488.12,3140.03,5110.99,1297.67,4162.27,1026.84,2576.34,3364.39,1714.28,4994.05,1447.47
2017/6/6,2748.08,3191,2931.67,2552.68,3265.02,3020.34,5796.97,8157.8,3006.4,2995.7,7434.15,2880.56,2765.38,4680.43,4409.27,5102.51,2864.27,5521.16,3141,5132.48,1307.89,4181.95,1033.35,2579.97,3323.66,1705.18,4986.08,1452.54
2017/6/7,2768.31,3202.93,2949.15,2573.2,3285.22,3032.08,5953.07,8271.31,3019.38,3024.94,7480.86,2882.06,2771.57,4716.27,4414.56,5112.78,2874.94,5553.22,3161.8,5148.8,1326.08,4226.14,1038.93,2598.32,3332.44,1727.74,5018.36,1458.38
2017/6/8,2815.03,3238.31,3005.28,2608.35,3337.91,3091.81,6044.95,8447.57,3089.76,3086.99,7612.1,2928.91,2813.55,4776.2,4492.57,5203.04,2945.39,5691.89,3227.59,5257,1341.64,4329.24,1063.25,2643.49,3357.07,1737.91,5093.23,1488.92
2017/6/9,2813.11,3230.8,2999.09,2609.62,3333.29,3104.34,6191.82,8566.72,3085.61,3091.69,7646.79,2927.21,2827.96,4767.94,4510.42,5220.25,2942.3,5739.34,3227.42,5243.2,1337.77,4323.42,1066.14,2642.74,3370.45,1760.98,5131.55,1481.47
2017/6/12,2802.52,3231.47,2989.28,2593.61,3323.97,3095.33,6156.56,8647.06,3087.08,3086.03,7634.82,2923.83,2824.28,4778.07,4489.77,5212.26,2942.97,5721.37,3245.49,5256.63,1336.79,4323.95,1063.11,2643.99,3380.54,1760.06,5143.55,1478.98
2017/6/13,2797.03,3197.25,2964.16,2568.8,3290.72,3054.77,6200.4,8734.22,3061.41,3061.02,7630.94,2907.01,2802.13,4744.79,4477.34,5161,2910.47,5680.83,3220.17,5192.89,1316.34,4259.65,1050.66,2611.72,3369.54,1758.65,5153.42,1459.83
2017/6/14,2822.43,3257.25,3005.13,2586.74,3397.89,3093.02,6226.53,8741.84,3095.08,3086.89,7684.83,2926.46,2834,4764.21,4513.66,5210.31,2967.64,5730.5,3231.36,5277.41,1331.65,4322.87,1063.3,2631.94,3329.95,1763.26,5226.4,1479.5
2017/6/15,2812.94,3245.53,3005.02,2579.46,3400.82,3074.65,6111.89,8692.11,3086.49,3083.69,7629.96,2900.67,2816.39,4700.17,4520.73,5187.99,2966.17,5694.61,3202.84,5271.55,1338.78,4292.31,1059.76,2633.31,3303.45,1741.34,5204.47,1479.33
2017/6/16,2837.62,3261.42,3039.51,2603.67,3426.33,3109.68,6154.39,8572.02,3114.97,3114.32,7666.74,2913.38,2812.47,4718.93,4550.61,5197.87,2996.15,5774.56,3228.55,5326.27,1353.2,4371.9,1078.81,2675.81,3283.72,1741,5189.59,1496.42
2017/6/19,2833.66,3271.09,3032.31,2596.07,3438.6,3114.89,6117.27,8545.08,3098.85,3103.49,7648.07,2913.53,2810.69,4714.18,4539.03,5165.16,2997.33,5756.19,3204.7,5317.83,1366.97,4357.94,1071.64,2680.46,3284.74,1745.52,5161.09,1493.73
2017/6/20,2853.62,3295.48,3053.36,2638.46,3467.76,3133.36,6260.94,8634.97,3110.96,3122.93,7695.34,2931.08,2835.99,4745.72,4557.87,5223.46,3015.74,5804.02,3240.73,5345.04,1397.85,4388.48,1077.03,2703.95,3303.96,1789.87,5220.32,1503.75
2017/6/21,2853.61,3292.02,3062.43,2646.47,3493.1,3155.63,6281.31,8606.53,3104.78,3117.95,7676.85,2941.05,2832.28,4757.52,4579.7,5201.82,3012.87,5789.77,3246.97,5373.51,1394.53,4382.71,1077.24,2706.88,3312.14,1792.37,5219.99,1509.61
2017/6/22,2856.85,3277.13,3068.45,2659.3,3490.79,3161.14,6425.35,8727.61,3097.96,3110.65,7715.08,2946.88,2835.86,4762.13,4571.38,5227.14,3009.13,5815.43,3241.69,5357.35,1382.17,4409.43,1069.57,2708.25,3302.82,1788.72,5249.64,1505.86
2017/6/23,2814.19,3234.71,3021.89,2613.38,3441.09,3110.61,6379.23,8650.36,3052.98,3062.39,7609.8,2900.38,2803.82,4720.69,4500.7,5161.77,2944.07,5702.85,3207.72,5276.84,1360.97,4350.22,1051.66,2667.14,3357.92,1792.15,5183.32,1486.49
2017/6/26,2823.44,3243.11,3046.53,2611.55,3483.72,3139.42,6529.72,8744.95,3046.51,3077.15,7676.26,2904.19,2811.62,4834.53,4505.87,5154.64,2945.66,5702.36,3221.43,5274.15,1365.78,4368.06,1052.72,2692.14,3380.9,1803.13,5224.3,1489.65
2017/6/27,2853.98,3275.14,3082.04,2654.88,3526.63,3191.54,6607.84,8880.44,3076.12,3122.68,7767.41,2922.11,2841.79,4920.5,4567.48,5222.98,2982.32,5796.18,3260.08,5354.89,1381.43,4428.64,1064.81,2722.17,3380.38,1819,5317.33,1514.3
2017/6/28,2844.75,3294.47,3076.49,2656.22,3529.59,3174.3,6589.85,8913.19,3071.86,3114.16,7780.64,2921.16,2839.86,4891.01,4560.44,5252.42,2990.07,5761.05,3261.81,5345.24,1386.07,4420.1,1065.72,2723.56,3412.27,1811.68,5310.66,1511.8
2017/6/29,2838.58,3305.13,3075.39,2681.55,3547.75,3154.12,6507.76,8797.56,3047.92,3106.89,7730.37,2909.41,2817.96,4852.74,4532.69,5225.83,2989.47,5760.78,3255.24,5321.43,1374.2,4397.23,1061.01,2714.8,3443.18,1799.46,5284.34,1504.68
2017/6/30,2832.28,3318.24,3080.92,2679.5,3541.32,3168.15,6502.29,8804.68,3057.72,3109.21,7754.98,2904.03,2820.88,4833.71,4551.33,5268.8,2988.97,5813.26,3251.99,5317.47,1377.64,4440.51,1058.41,2723.3,3434.61,1807.16,5285.66,1506.98
2017/7/3,2860.65,3328.74,3103.79,2685.09,3572.42,3187.74,6552.38,8863.79,3067.16,3136.61,7813.74,2917.75,2837.76,4835.81,4570.15,5345.98,3020.07,5840.16,3265.05,5355.43,1374.24,4455.01,1058.99,2726.74,3433.08,1810.34,5315.92,1512.88
2017/7/4,2877.78,3362.13,3120.93,2771.96,3599.22,3179.48,6457.35,8682.67,3081.23,3169.18,7807.62,2930.96,2846.26,4845.81,4586.82,5347.68,3035.05,5903.62,3273.33,5391.12,1377.86,4497.77,1066.52,2724.85,3426.31,1791.59,5320.65,1521.13
2017/7/5,2875.41,3369.8,3118.58,2739.05,3571.86,3177.8,6303.81,8586.28,3069.13,3160.83,7745.1,2920.62,2830.72,4780.19,4560.15,5293.84,3038.57,5860.86,3245.49,5387.18,1385.37,4491.22,1058.37,2728.56,3394.28,1775.21,5302.7,1519.18
2017/7/6,2885.26,3393.58,3146.93,2760.53,3650.09,3216.16,6461.3,8680.63,3092.91,3192.07,7786.63,2931.63,2850.99,4811.45,4589.09,5331.02,3052.27,5908.79,3268.84,5421.14,1389.67,4508.91,1061.81,2753.84,3420.88,1817.02,5363.66,1529.78
2017/7/7,2887.38,3407.91,3149.79,2787.7,3715.16,3234.14,6395.62,8595.5,3088.74,3190.41,7722.81,2920.21,2860.35,4790.66,4569.89,5286.6,3044.72,5883.62,3261.72,5427.99,1388.82,4492.84,1052.77,2752.99,3415.61,1822.63,5389.38,1526.84
2017/7/10,2892.61,3387.8,3172.54,2830.03,3837.6,3245.59,6331.61,8507.6,3099.8,3225.16,7696.78,2926.02,2873.91,4813.04,4590.4,5254.86,3067.87,5935.79,3255.47,5436.49,1416.26,4485.02,1049.33,2755.25,3403.79,1833.57,5380.17,1534.65
2017/7/11,2897.06,3393.7,3165.44,2888.53,3827.64,3196.58,6359.57,8568.09,3085.7,3194.23,7649.25,2896.59,2856.18,4828.51,4594.15,5240.06,3056.19,5943.49,3281.98,5411.12,1398.4,4436.49,1036.94,2727.26,3390.55,1841.83,5328.77,1530.21
2017/7/12,2874.8,3334.51,3131.22,2845.98,3756.32,3176.93,6521.42,8670.77,3050.1,3162.1,7620.41,2872.31,2842.82,4827.18,4578.17,5197.39,3022.98,5926.19,3249.53,5358.77,1386.36,4363,1026.33,2703.3,3460.78,1852.87,5294.84,1510.67
2017/7/13,2868.61,3354.02,3141.03,2837.51,3828.88,3178.7,6404.52,8555.6,3034.64,3159.99,7589.62,2853.72,2834.85,4803.09,4532.19,5220.08,3021.24,5921.57,3267.2,5345.19,1380.87,4341.08,1022.72,2701.84,3479.39,1840.84,5264.26,1510.2
2017/7/14,2874.03,3367.64,3142.12,2873.73,3816.88,3155.13,6410.2,8529.88,3038.41,3161.42,7602,2833.54,2845.15,4808.14,4543.03,5210.78,3019.06,5974.28,3319.65,5337.36,1391.07,4331.25,1017.38,2692.86,3551.63,1872.19,5237.06,1510.29
2017/7/17,2821.82,3358.46,3131.4,2864.63,3832.28,3146.47,6420.11,8581.68,3030.36,3156.78,7536.71,2805.99,2864.99,4817.85,4531.64,5184.9,2984.26,5921.52,3306.29,5298.14,1383.63,4267.65,1004.38,2675.61,3590.4,1886.85,5226.25,1502.91
2017/7/18,2685.16,3290.77,3004.98,2784.99,3737.14,3023.24,6286.68,8388.54,2880.58,3020.3,7268.87,2700.24,2772.85,4655.96,4322.7,4978.5,2811.96,5646.14,3180.12,5053.72,1300.43,4007.98,959.18,2553.28,3610.67,1857.95,5054.1,1431.88
2017/7/19,2706.26,3403.6,3053.03,2883.83,3833.2,3047.99,6260.15,8429.71,2907.96,3058.09,7293.64,2720.76,2804.29,4691.73,4355.56,5039.08,2845.61,5734.87,3264.46,5100.26,1315.91,4043.38,963.38,2557.02,3593.85,1859.17,5077.2,1447.04
2017/7/20,2740.55,3525.15,3116.97,2983.82,3973.19,3129.34,6287.59,8518.45,2939.61,3107.22,7367.58,2752.22,2843.16,4746.53,4427.52,5079.24,2920.75,5904.28,3306.76,5173.99,1329.99,4084.28,972.83,2600.23,3630.61,1919.11,5144.01,1465.66
2017/7/21,2744.35,3513.89,3136.74,2943.01,3989.1,3154.93,6410.36,8646.71,2947.58,3109,7381.59,2770.03,2847.78,4826.53,4453.03,5075.2,2943.61,5940.1,3322.46,5198.86,1337.92,4117.82,974.64,2601.88,3617.85,1907.21,5170.73,1467.99
2017/7/24,2754.57,3523.19,3148.54,2940.73,4015.94,3148.32,6364.53,8701.25,2956.45,3114.51,7357.65,2772.55,2863.02,4824.97,4501.49,5063.94,2941.61,5950.86,3324.52,5211.45,1343.52,4094.53,972.98,2598.05,3588.32,1886.17,5176.73,1467.29
2017/7/25,2764.85,3511.91,3174.9,2931.74,3993.43,3159.39,6487,8834.09,2980.38,3127.72,7379.34,2791.12,2889.82,4807.37,4510.06,5087.63,2968.16,5956.45,3331.58,5242.21,1375.17,4112.86,975.67,2608.33,3642.6,1895.84,5212.26,1476.72
2017/7/26,2759.39,3510.36,3154.92,2934.57,4085.47,3144.98,6486.66,8771.6,2972.12,3120.97,7369.72,2771.75,2872.31,4764.86,4500.34,5099.37,2972.59,5951.01,3298.29,5224.12,1357.93,4096.96,983.79,2595.14,3637.57,1880.29,5196.9,1473.62
2017/7/27,2747.28,3506.59,3188.97,2935.37,4067.72,3118.09,6347.21,8672.4,2966.12,3103.9,7308.68,2769.56,2865.78,4760.32,4517.12,5093.93,2966.07,5903.32,3285.82,5227.23,1364.19,4080.37,981.8,2580.3,3632.21,1876.04,5124.79,1470.23
2017/7/28,2789.17,3436.25,3190.79,2908.98,4007.69,3162.52,6281.39,8684.25,2994.1,3122.49,7381.99,2791.55,2878.6,4789.68,4553.5,5171.6,2988.7,5893.78,3278.51,5286.41,1375.12,4258.03,1013.4,2619.31,3613.11,1882.83,5157.7,1485.5
2017/7/31,2788.28,3500.53,3212.53,2991.22,4133.56,3176.83,6313.33,8897.11,2983.24,3129.71,7395.09,2787.49,2881.09,4817.38,4558.7,5172.68,3019.72,5917.55,3286.25,5312.53,1369.84,4218.73,1007.71,2626.97,3628.71,1872.06,5171.35,1483.14
2017/8/1,2811.08,3589.67,3278.68,3123.32,4294.07,3186.92,6283.98,8937.95,2996.49,3161.64,7431.85,2793.9,2902.98,4813.14,4630.37,5154.94,3050.67,5985.91,3301.02,5350.82,1352.82,4239.66,1009.26,2629.99,3624.37,1887.34,5180.44,1491.67
2017/8/2,2808.17,3530.46,3277.3,3092.32,4266.25,3184.22,6296.63,8940.61,2997.11,3158.16,7438.83,2805.63,2911.93,4840.06,4614.26,5162.24,3058.89,6029.65,3307.71,5351.68,1343.7,4254.1,1008.28,2633.57,3669.89,1936.59,5194.33,1495.2
2017/8/3,2775.57,3537.05,3254.08,3124.07,4294,3148.12,6226.58,8929.26,2960.88,3125.85,7375,2788.17,2898.13,4788.42,4561.34,5114.46,3051.12,5949.24,3240.98,5318.18,1318.65,4196.43,1000.06,2602.19,3697.65,1934.73,5140.98,1479.85
2017/8/4,2787.77,3583.24,3266.15,3270.39,4352.21,3113.87,6161.46,8866.77,2969.09,3127.59,7372.35,2793.65,2909.64,4770.17,4559.03,5097.47,3075.26,5977.75,3224.88,5332.13,1329.66,4220.16,1009.85,2606.52,3643.28,1912.34,5122.61,1488.57
2017/8/7,2777.22,3556.52,3253.76,3371.65,4279.57,3086.26,6086.91,8751.19,2949.28,3116.66,7360.65,2776.27,2903.63,4720.65,4532.56,5059.21,3044.97,5912.96,3211.98,5287.87,1404.57,4204.2,1002.45,2591.3,3613.8,1893.61,5095.2,1487.25
2017/8/8,2794.99,3621.7,3262.95,3433.72,4440.78,3110.51,6172.91,8977.7,2967.25,3146.35,7434.69,2805.95,2921.12,4743.68,4549.74,5072.36,3090.25,5980.31,3235.83,5342.37,1389.14,4221.76,1006.04,2607.44,3619.15,1891.1,5137.52,1496.02
2017/8/9,2907.84,3593.38,3248.8,3343.71,4503.9,3104.9,6164.32,8984.08,2969.58,3142.33,7467.28,2803.48,2932.35,4735.83,4552.44,5078.85,3087.92,6015.25,3242,5325.54,1394.86,4281.75,1014.67,2612.88,3608.89,1893.58,5112.99,1497.71
2017/8/10,2873.51,3652.2,3257.49,3364.56,4522.6,3114.06,6236.5,9226.75,2974.76,3147.27,7533.97,2814.65,2916.01,4742.01,4544.98,5092.32,3087.11,6029.03,3220.74,5324.3,1395.9,4264.9,1014.91,2622.28,3556.46,1877.06,5127.88,1499.11
2017/8/11,2824.72,3609.66,3203.69,3241.5,4420.7,3105.24,6147.4,9223.52,2929.38,3111.98,7472.78,2792.13,2903.25,4688.08,4490.26,5033.52,3039.28,6037.5,3198.22,5255.99,1402.38,4204.3,1001.75,2587.53,3525.58,1847.72,5065.36,1474.81
2017/8/14,2799.24,3484.71,3142.97,3108.73,4244.56,3097.36,6105.59,9100.75,2897.42,3085.22,7463.97,2783.7,2870.44,4634.93,4459.03,5003.4,3019.37,5957.21,3176.66,5251.54,1392.42,4211.44,1001.9,2582.42,3489.84,1826.24,5028.81,1464.53
2017/8/15,2840.08,3497.18,3201.58,3108.65,4311.63,3202.95,6194.36,9283.91,2939.59,3136.49,7566.42,2819.98,2890.75,4678.13,4526.06,5063.31,3070.43,6052.75,3243.95,5339.69,1408.16,4387.98,1019.84,2628.51,3495.39,1853.37,5090.53,1492.16
2017/8/16,2834.62,3515.18,3219.96,3131.83,4336.93,3228.47,6157.28,9291.46,2943.78,3141.59,7553.69,2820.24,2900.39,4695.46,4539.32,5074.41,3082.57,6004.93,3242.22,5352.54,1409.81,4397.96,1019.95,2632,3534.31,1848.99,5103.88,1491.69
2017/8/17,2844.58,3546.55,3217.64,3162.71,4362.86,3257.72,6104.94,9261.44,2960.61,3148.01,7572.02,2831.06,2909.89,4699.32,4557.64,5129.64,3089.71,5979.6,3237.95,5360.66,1427.13,4488.81,1034.7,2673.94,3518.57,1858.6,5113.77,1497.02
2017/8/18,2838.42,3523.9,3220.29,3135.42,4255.04,3233.1,6093.77,9175.5,2966.02,3148.43,7579.4,2840.85,2929.38,4703.37,4588.48,5147.48,3117,6000.5,3268.88,5373.76,1431.49,4563.9,1035.71,2691.7,3511.21,1867.38,5117.93,1506.37
2017/8/21,2856.29,3548.21,3237.81,3142.72,4260.62,3236,6138.47,9179.43,2991.16,3171.99,7603.26,2856.44,2981.65,4768.45,4637.88,5173.91,3117.75,6026.96,3288.78,5388.4,1425.69,4562.98,1033.91,2759.57,3526.89,1876.21,5150.17,1509.1
2017/8/22,2880.61,3583.75,3258.4,3213.69,4304.88,3259.91,6226.02,9162.76,3003.32,3184.48,7646.22,2864.82,2973.11,4793.46,4637.59,5213.77,3146.55,6090.89,3302.28,5431.87,1425.96,4608.58,1035.32,2795.78,3529.35,1879.26,5180.8,1518.73
2017/8/23,2883.4,3546.42,3238.47,3145.12,4327.47,3243.9,6249.5,9085.18,2987.91,3172.31,7615.31,2849.24,2945.58,4785.74,4612.8,5183.1,3125.72,6049.32,3281.72,5397.93,1405.25,4552.8,1026.9,2774.93,3551.09,1897.39,5168.23,1511.18
2017/8/24,2869.19,3526.98,3205.28,3125.73,4289.92,3235.43,6262.91,9154.87,2980.84,3146.22,7584.86,2852.44,2924.56,4769.5,4588.52,5155.64,3110.04,6011.29,3267.42,5387.45,1404.83,4530.66,1020.56,2746.75,3600.96,1910.99,5158.01,1507.59
2017/8/25,2858.95,3536.29,3183.93,3119.56,4232.32,3212.66,6307.63,9066.43,2963.05,3125.37,7527.31,2850.66,2904.28,4754.15,4568.07,5107.62,3087.79,5976.92,3255.41,5343.58,1395.66,4494.27,1011.44,2712.77,3603.18,1887.25,5145.64,1497.92
2017/8/28,2878.55,3595.89,3220.83,3140.13,4310.09,3239.32,6384.73,9155.4,2993.98,3161.92,7593.46,2866.96,2937.6,4798.56,4601.27,5123.6,3113.23,6054.24,3316.94,5405.28,1404.47,4572.57,1027.28,2745.69,3717.26,1951.02,5194.71,1515.28
2017/8/29,2906.25,3637.85,3245.35,3180.42,4413.22,3294.79,6395.47,9157.07,3013.09,3186.58,7641.36,2886.02,2974.83,4832.09,4637.05,5162.97,3134.65,6087.76,3351.27,5474.96,1411.58,4605.15,1038.18,2773.51,3712.99,2004.35,5224.56,1531.52
2017/8/30,2900.09,3613.89,3236.27,3201.69,4373.3,3285.88,6341.14,9164.18,3017.51,3188.25,7609.41,2886.11,2993.81,4837.34,4654.3,5138.56,3153.26,6116.74,3342.72,5459.5,1395.16,4571.25,1036.6,2764.49,3733.28,2003.97,5216.42,1523.13
2017/8/31,2921.2,3676.03,3269.25,3312.8,4460.87,3320.95,6377.05,9257.83,3019.71,3209.05,7619.11,2871.99,3000.06,4842.06,4655.09,5176.88,3152.72,6128.24,3348.63,5453.35,1399.71,4595.12,1039.22,2764.55,3699.95,1996.7,5206.37,1524.41
2017/9/1,2940.57,3777.79,3285.35,3335.34,4528.4,3333.72,6274.65,9213.08,3038.55,3224.85,7635.7,2884.95,2995.34,4826.96,4655.85,5208.93,3174.71,6096.34,3336.3,5482.71,1400.82,4632.04,1044.05,2762.17,3657.92,2006.76,5211.9,1530.62
2017/9/4,2944.02,3904.31,3311.11,3532.89,4663.88,3359.3,6231.24,9256.88,3040.75,3243.15,7644.33,2894.82,2986.58,4810.61,4653.6,5214.85,3181.44,6133.7,3320.1,5494.78,1412.66,4724.26,1047.95,2754.94,3629.58,2000.62,5207.6,1538.83
2017/9/5,2941.1,3842.9,3317.85,3461.79,4676.86,3409.85,6249.52,9198.67,3048.23,3247.45,7674.16,2891.68,2994.44,4815.48,4658.47,5441.16,3203.53,6096.55,3333.79,5533.81,1418.21,4807.03,1053.94,2790.38,3672.6,1999.15,5236.68,1550.35
2017/9/6,2942.73,3803.72,3311.56,3388.59,4620.72,3410.65,6264.69,9223.24,3049.79,3242.65,7701.68,2873.67,2984.21,4846.22,4658.49,5412.64,3217.07,6081.33,3316.57,5551.76,1407.51,4799.85,1049.3,2769.3,3695.01,2001.02,5231.31,1551.27
2017/9/7,2950.16,3851.44,3357.16,3433.99,4691.82,3439.22,6250.19,9184.89,3063.36,3245.74,7705.46,2877.01,2990.8,4861.39,4657.13,5416.65,3222.88,6104.86,3355.39,5609.24,1420.75,4873.61,1058.14,2812.79,3679.83,1996.88,5268,1561.32
2017/9/8,2932.96,3802.48,3330.79,3377.95,4646.42,3408.56,6221.73,9068.97,3054.16,3233.72,7707.1,2873.19,2989.28,4949.21,4640.78,5368.69,3219.28,6104.04,3339.88,5569.4,1406.92,4808.81,1054.88,2807.37,3645.93,1974.99,5257.19,1552.86
2017/9/11,2942.96,3791.54,3359.63,3326.93,4685.88,3413.35,6200.64,8991.91,3059.99,3264.18,7752.29,2873.27,3000.66,4963.88,4659.24,5450.78,3227.68,6079.47,3325.64,5614.34,1400.55,4783.93,1053.43,2811.63,3663.42,1969.22,5300.46,1554.07
2017/9/12,2966.39,3900.17,3398.93,3409.96,4850.03,3456.73,6187.95,9054.22,3078.06,3309.34,7735,2878.95,3007.97,4944.28,4696.75,5451.93,3266.08,6073.79,3344.44,5746.9,1411.48,4803.71,1058.33,2826.77,3649.14,1963.52,5377.76,1570.25
2017/9/13,2955.26,3861.39,3392.74,3372.88,4792.05,3443.86,6174.82,9163.88,3060.24,3304.47,7708.8,2867.87,2986.57,4920.8,4676.35,5430.98,3241.29,6115.01,3323.89,5728.7,1402.6,4806.57,1046.37,2814.81,3649.59,1976.14,5417.44,1560.57
2017/9/14,2990.12,3897.29,3422.67,3414.75,4834.12,3432.09,6255.75,9295.14,3083.5,3317.52,7742.66,2874.81,2986.45,4953.39,4686.8,5474.38,3260.22,6250.42,3340.55,5806.51,1406.39,4807.35,1048.16,2816.94,3632.96,1973.91,5431.78,1572.85
2017/9/15,2985.86,3829.94,3404.76,3334.81,4758.7,3409.24,6229.86,9282.73,3072.38,3303.03,7754.35,2867.86,2989.7,5052.7,4672.89,5585.46,3260.58,6288.97,3340.53,5770.67,1402.68,4769.19,1048.32,2829.09,3599.66,1955.11,5400.73,1569.14
2017/9/18,2991.03,3717.86,3378.56,3183.37,4633.7,3403.57,6325.33,9324.25,3075.62,3299.96,7742.28,2863.02,2966.67,5151.91,4688.52,5573.22,3281.01,6190.97,3374.61,5741.49,1418.81,4718.74,1045.95,2811.33,3597.63,1954.97,5379.4,1563.67
2017/9/19,3013.42,3756.64,3399.98,3200.27,4696.89,3447.82,6326.22,9510.42,3083.37,3323.99,7789.75,2869.26,2967.61,5128.4,4722.34,5549.4,3300.44,6192.28,3396.15,5788.68,1419.97,4769.32,1052.09,2829.64,3594.09,1973.36,5494.95,1573.56
2017/9/20,2999.09,3746.77,3371.49,3176.51,4666.54,3406.21,6302.09,9473.95,3065.89,3292.98,7758.35,2862.1,2963.89,5187.34,4728.41,5504.12,3290.01,6177.04,3367.35,5770.22,1414.31,4719.56,1046.44,2808.59,3593.13,1951.77,5437.55,1564.1
2017/9/21,3005.02,3783.59,3406.16,3196.76,4767.05,3458.64,6390.31,9531.44,3080.7,3309.73,7785.01,2873.08,2965.53,5177.03,4775.76,5546.6,3318.64,6248.2,3367.06,5814.03,1423.37,4789.16,1050.74,2830.87,3592.8,1948.73,5504.92,1578.42
2017/9/22,2964.21,3695.8,3354.25,3119.11,4619.36,3431.85,6386.13,9467.22,3060.8,3275.99,7733.74,2845.44,2937.16,5103.38,4764.36,5488.19,3258.05,6194.1,3333.78,5743.31,1408.34,4699.85,1036.38,2823.26,3609.66,1948.27,5471.82,1560.15
2017/9/25,2940.47,3679.02,3333.76,3112.02,4581.69,3435.06,6492.71,9531.1,3053.69,3266.66,7725.47,2830.76,2924.7,5029.95,4729.67,5477.34,3233.41,6166.66,3311.19,5735.95,1408.12,4670.82,1032.38,2916.1,3611.39,1951.4,5481.14,1556.05
2017/9/26,2900.71,3651.07,3311.6,3088.66,4495.89,3374.49,6406.8,9631.81,3018.69,3222.91,7753.38,2818.43,2898.7,4881.66,4679.39,5429.65,3174.42,6132.26,3273.38,5660.49,1399.13,4616.1,1021.09,2866.12,3608.47,1946.5,5409.74,1536.91
2017/9/27,2907.73,3701.25,3336.96,3168.33,4526.03,3394.08,6362.08,9602.09,3011.34,3230.78,7732.98,2819.63,2907.3,4921.3,4685.12,5481.3,3186.4,6140.97,3280.81,5675.1,1416.2,4605.34,1020.89,2872.11,3596.58,1947.43,5464.88,1536.92
2017/9/28,2909.24,3723.48,3356.49,3205.67,4586.36,3437.09,6438.55,9602.89,3014.47,3264.75,7743.66,2823.3,2912.58,4954.07,4689.59,5446.29,3199.54,6156.81,3282.63,5712.42,1416.29,4638.61,1023.59,2975.85,3578.09,1935.74,5507.24,1547.16
2017/9/29,2902.94,3685.94,3349.89,3161.43,4576.77,3473.17,6403.4,9808.61,2994.23,3254.96,7774.25,2813.81,2896.59,4885.72,4701.91,5461.08,3185.78,6132.67,3261.77,5717.05,1429.47,4648.1,1020.46,2979.4,3563.18,1934.77,5539.69,1542.52
2017/10/9,2946.06,3734.76,3396.4,3243.13,4634.02,3546.26,6529.36,9975.96,3031.84,3327.53,7868.16,2846.22,2929.77,4983.48,4784.15,5536.97,3240.04,6216.1,3311.22,5796.7,1440.18,4746.62,1035.85,3085.61,3683.93,2002.8,5663.55,1563.5
2017/10/10,2956.57,3698.01,3392.26,3203.91,4595.73,3561.12,6666.89,9964.84,3037.14,3311.61,7894.34,2853.23,2936.47,4933.01,4826.53,5433.5,3238.31,6240.28,3314.29,5799.3,1430.75,4784.52,1036.71,3052.96,3612.07,1959.04,5704.04,1566.71
2017/10/11,3005.67,3665.98,3399.28,3154.09,4533.89,3555.36,6629.32,10071.68,3065.68,3323.93,8105.85,2867.63,2961.56,4941.13,4863.7,5476.39,3271.27,6242.42,3326.53,5801.29,1434.16,4867.59,1053.31,3032.13,3633.09,1958.72,5686.58,1576.09
2017/10/12,3029.12,3659.52,3382.96,3135.9,4469.49,3528.78,6729.13,10297.47,3080.13,3319.18,8100.45,2868.95,2972.64,4931.42,4871.61,5537.45,3245.6,6220.3,3329.94,5792.18,1429.07,4795.42,1051.17,2989.56,3640.03,1959.27,5662,1572.4
2017/10/13,3013.11,3614.96,3376.56,3177.73,4443.88,3554.66,6792.78,10235.15,3066.67,3309.17,8111.11,2864.04,2968.4,4915.25,4901.45,5499.56,3214.28,6222,3308.31,5783.85,1450.39,4786.65,1050.32,3015.65,3637.62,1977.53,5659.86,1568.87
2017/10/16,3027.34,3642.02,3386.37,3202.53,4454.5,3612.51,6823.47,10281.57,3080.06,3325.08,8125.91,2924.66,2980.94,4919.86,4922.64,5525.51,3236.91,6290.22,3338.11,5805.69,1446.67,4793.62,1053.55,3018.05,3628.24,1984.32,5676.04,1579.65
2017/10/17,3001.57,3589.99,3324.41,3180.57,4438.42,3572.12,6727.85,10167.1,3029.74,3291.68,8013.76,2877.79,2943.22,4838.09,4867.89,5426.7,3169.2,6231.21,3299.71,5681.25,1441.18,4635.38,1031.62,2978.38,3655.69,1977.64,5563.67,1551.87
2017/10/18,2993.66,3574.27,3331.35,3149.44,4386.15,3584.01,6845.6,10187.26,3031.2,3294.28,8045.35,2881.36,2955.24,4857.43,4891.3,5428.53,3183.39,6259.64,3305.97,5719.97,1439.84,4626.06,1032.01,2980.22,3650.66,1980.92,5576.95,1555.51
2017/10/19,2975.64,3524.5,3294.04,3067.49,4314.07,3603.63,6916.62,10362.49,3010.11,3255.26,8102.64,2870.8,2952.64,4839.28,4845.43,5426.39,3141.38,6237.31,3303.05,5677.26,1428.01,4551.61,1023.34,2932.09,3663.01,1989.82,5572.26,1539.37
2017/10/20,2950.94,3484.52,3259.89,3036.36,4291.48,3531.63,6862.7,10525.38,2977.51,3217.46,8131.94,2846.13,2974.55,4804.82,4818.67,5407.06,3089.09,6126.06,3259.85,5618.15,1401.25,4488.53,1015.49,2866.5,3656.33,1964.32,5540.91,1522.7
2017/10/23,2990.4,3516.24,3303.56,3088.6,4371.68,3571.64,6813.14,10446.85,3009.85,3256.28,8145.09,2868.51,3035.46,4862.27,4868.29,5443.55,3125.29,6239.61,3285.14,5686.65,1414.21,4550,1029.52,2901.03,3639.35,1975.95,5612.15,1539.99
2017/10/24,2999.65,3515.35,3319.48,3089.53,4376.69,3599.8,6855.24,10488.84,3015.46,3278.91,8248.16,2884.9,3005.31,4869.72,4880.03,5455.1,3145.94,6324.03,3297.11,5699.31,1410.97,4570.76,1032.75,2911.61,3608.96,1968.6,5584.84,1548.18
2017/10/25,2998.04,3521.9,3323.05,3116.11,4380.68,3605.21,6918.41,10523.91,3005.5,3266.96,8240.91,2886.47,2988.39,4922.46,4846.76,5457.34,3140.91,6313.62,3315.58,5694.33,1394.71,4535.09,1028.06,2888.61,3623.86,1988.91,5598.27,1545.22
2017/10/26,3029.99,3541.14,3338.83,3108.68,4393.07,3667.81,7108.27,10789.91,3020.29,3294.71,8316.34,2889.62,2992.87,4944.59,4868.58,5494.62,3151.77,6342.56,3330.84,5721.36,1397.42,4567.17,1032.72,2909.07,3611.43,1987.92,5634.91,1554.05
2017/10/27,3053.99,3574.56,3362.16,3146.57,4423.38,3689.29,7117.25,10698.9,3037.06,3301.68,8289.68,2886.41,3001.01,4946.31,4905.68,5542.36,3157.61,6315.11,3366.9,5759.98,1405.99,4579.27,1033.01,2940.28,3591.54,2011.48,5647.39,1570.99
2017/10/30,3047.12,3522.18,3336.07,3121.61,4341.02,3703.51,7202.42,11003.73,3014.16,3289.39,8291.8,2871.08,3006.66,4920.84,4871.54,5552.73,3138.67,6248.26,3342.85,5735.96,1392.88,4523.16,1026.34,2925.89,3647.85,2029.78,5621.9,1557.88
2017/10/31,3017.64,3438.55,3274.34,3040.92,4232,3667.69,7182.77,10830.05,2952.77,3221.24,8169.83,2826.88,2974.84,4878.95,4806.57,5510.57,3069.43,6121.57,3287.5,5661.6,1354.1,4403.04,997.37,2891.22,3628.92,1998.6,5528.85,1533.87
2017/11/1,3031.24,3470.91,3293.15,3069.63,4334.92,3719.6,7123.27,10849.42,2987.74,3250.11,8213.13,2838.45,3015.8,4917.25,4832.18,5632.01,3102.01,6147.81,3307.7,5710.02,1358.24,4451.4,1002.08,2922.09,3605.74,2011.86,5539.55,1551.02
2017/11/2,3059.64,3479.53,3293.78,3077.59,4330.64,3699.32,7025.78,10816.73,2978.72,3251.7,8179.95,2834.18,3010.76,4913.29,4792.57,5587.76,3096.34,6113,3340.74,5700.4,1359.46,4476.06,1000.31,2911.43,3579.24,2005.59,5503.61,1552.54
2017/11/3,3036.27,3463.03,3249.04,3060.74,4271.54,3667.83,7058.27,10865.17,2943.28,3229.98,8186.99,2810.85,2993.36,4887.28,4739.8,5526.54,3103.82,6013.99,3306.71,5649.51,1344.79,4463.28,995.82,2879.33,3575.73,2004.77,5448.79,1536.59
2017/11/6,3022.91,3420.4,3225.51,3017.4,4229.61,3686.4,7004.81,11011.13,2917.74,3187.94,8179.84,2794.05,2964.51,4820.35,4710.33,5496.27,3050.57,5947.89,3268.33,5631.27,1357.8,4448.41,986.72,2888.85,3567.09,2008.56,5425.05,1527.27
2017/11/7,3045.84,3461.2,3253.54,3074.9,4251.24,3773.09,7265.58,11261.93,2940.14,3209.6,8385.79,2812.76,2977.57,4797.94,4788.59,5568.08,3064.96,5957.86,3261.6,5693.4,1362.55,4504.67,994.06,2951.47,3544.4,2002.01,5481.24,1535.62
2017/11/8,3052.37,3494.6,3276.78,3135.03,4257.57,3788.54,7304.03,11223.35,2952.15,3217.4,8378.23,2828.42,2977.59,4819.5,4811.23,5563.23,3112.82,6017.92,3267.98,5703.83,1381.3,4564.86,1001.01,2974.41,3588.62,2031.05,5505.69,1545.44
2017/11/9,3035.99,3518,3294.34,3169.53,4297.19,3770.79,7215.56,11175.91,2961.8,3229.92,8308.22,2837.23,2977.85,4829.01,4807.3,5627.17,3167.57,6030.22,3266.44,5730.2,1384.08,4570.69,1010.11,2968.21,3596.17,2030.7,5536.88,1547.38
2017/11/10,3053.41,3536.98,3314.21,3156.92,4279.67,3848.19,7339.48,11199.2,2959.7,3249.86,8363.28,2846.67,2984.29,4856.1,4817.06,5677.85,3125.65,6063.39,3275.84,5791.41,1388.94,4614.01,1011.92,3032.36,3582.22,2055.65,5576.95,1554.75
2017/11/13,3078.96,3490.58,3320.57,3152.21,4267.24,3920.61,7531.21,11565.05,2961.26,3251.56,8407.89,2838.01,2997.31,4837.04,4802.69,5736.69,3153.11,6034.9,3234.49,5953.67,1379.12,4609.95,1012.6,3082.06,3572.79,2112.51,5630.16,1560.85
2017/11/14,3065.99,3536.38,3339.29,3249.98,4275.06,3955.94,7488.81,11526.23,2944.11,3236.62,8426.24,2825.97,2983.94,4820.97,4728.41,5789.21,3113.27,6167.45,3235.14,5993.62,1372.46,4679.87,1005.96,3102.02,3616.19,2110.77,5655.44,1560.84
2017/11/15,3056.39,3529.71,3312.01,3230.36,4198.52,3869.81,7322.98,11271.04,2919.22,3215.31,8308.91,2815.45,2977.64,4838.59,4694.58,5670.59,3095.34,6195.42,3222.37,5893.38,1380.69,4648.15,994.38,3057.64,3595.89,2086.45,5584.52,1543.09
2017/11/16,3030.8,3503.31,3279.82,3211.15,4128.48,3806.87,7359.4,11375.17,2901.47,3181.93,8298.57,2796.23,2960.69,4835.13,4645.38,5613.73,3059.51,6188.87,3209.91,5790.99,1366.5,4585,987.43,3056.25,3589.05,2065.44,5493.27,1527.97
2017/11/17,3110.26,3470.46,3289.51,3194.29,4085.24,3829.79,7418.8,11513.37,2893.41,3177.01,8397.16,2782.13,2948.02,4893.95,4640.71,5640.54,3054.19,6189.84,3180.2,5793.47,1358.02,4588.69,985.9,3079.74,3573.81,2101.47,5491.74,1522.78
2017/11/20,3032.07,3366.6,3184.57,3113.35,3958.11,3671.39,7333.14,11308.64,2810.3,3074.25,8171.95,2731.03,2914.35,4824.32,4501.16,5492.41,2896,5989.6,3135.3,5602.96,1300.92,4417.31,954.85,2952.73,3651.12,2127.59,5384.34,1469.71
2017/11/21,3108.86,3398.56,3217.27,3132.48,4003.44,3769.9,7422.69,11253.54,2812.43,3090.73,8271.77,2740.01,2921.79,4822.97,4525.29,5482.67,2911.34,6042.19,3142.63,5693.42,1306.34,4496.09,963.23,3056.94,3715.02,2123.11,5402.58,1478.68
2017/11/22,3118.4,3409.43,3224.84,3179.14,4008.61,3820.33,7703.8,11487.63,2811.05,3096.81,8311.43,2749.69,2937.01,4969.69,4560.83,5580.37,2921.08,6029.05,3172.91,5697.17,1303.39,4497.38,967.91,3084.67,3761.82,2213.49,5460.34,1481.97
2017/11/23,3094.04,3453.25,3214.41,3197.19,4026.01,3786.05,7555.92,11112.83,2807.09,3078.45,8220.17,2749.92,2949.64,4972.75,4520.36,5454.7,2921.99,6021.86,3189.56,5668.75,1339.77,4491.74,967.01,3074.49,3832.32,2175.93,5431.78,1493.72
2017/11/24,2993.27,3364.32,3130.84,3123.36,3970.34,3615.29,7201.31,10745.56,2753.32,2998.65,7935.86,2704.01,2869.66,4860.99,4417.4,5345.38,2853.31,5943.78,3106.02,5457.94,1306.27,4362.88,947.24,2975.73,3774.08,2111.06,5255.12,1460.98
2017/11/27,2976.22,3422.05,3149.58,3199.41,4056.48,3559.66,7193.85,10687.77,2749.08,3004.64,7954.23,2711.85,2888.81,4901.3,4424.17,5328.71,2879.02,5932.04,3114.59,5466.69,1307.5,4324.6,953.17,2959.18,3761.84,2115.03,5248.8,1469.49
2017/11/28,2930.04,3385.66,3125.82,3168.28,3957.14,3484.79,7058.37,10574.37,2733.54,2984.49,7857.85,2699.7,2855.51,4861.11,4373.05,5211.02,2865.7,5871.14,3097.24,5384.91,1293.85,4260.16,941.95,2840.86,3732.79,2093.78,5173.09,1456.8
2017/11/29,2961.41,3452.43,3175,3284.22,4026.78,3570.71,7137.11,10801.92,2762.73,3030.57,7955.79,2712.74,2880.37,4859.28,4426.12,5265.76,2888.84,6075.46,3122.76,5475.98,1311.04,4368.75,951.49,2903.39,3707.24,2105.05,5230.14,1470.98
2017/11/30,2950.39,3497.72,3194.7,3385.38,4091.06,3519.63,6943.88,10535.51,2754.54,3054.63,7870.33,2712.95,2893.2,5020.65,4414.12,5298.92,2875.47,6253.9,3120.87,5455.24,1304.89,4322.24,943.85,2858.29,3699.12,2072.89,5187.51,1472.7
2017/12/1,2906.88,3468.56,3181.79,3344.36,4065.73,3496.52,6974.81,10534.65,2753.89,3041.82,7868.04,2700.24,2881.5,4899.55,4395.91,5337.88,2840.6,6163.74,3114.75,5397.53,1305.17,4289.36,940.46,2843.03,3696.6,2049.01,5160.58,1468.72
2017/12/4,2938.9,3484.32,3192.43,3362.15,4077.51,3556.76,6904.32,10443.5,2765.46,3042.62,7921.99,2706.37,2891.69,4910.32,4413.67,5328.31,2842.98,6160.94,3127.42,5454.38,1312.23,4373.55,956.02,2875.88,3663.01,2017.91,5201.79,1478.77
2017/12/5,2947.34,3432.34,3178.59,3308.68,4033.54,3552.34,6950.16,10644.18,2735.64,2988.86,7907.35,2689.24,2896.29,4874.67,4395.41,5241.21,2789.56,6122.61,3097.41,5407.98,1301.6,4289.37,944.03,2860.24,3678.22,2030.66,5127.04,1457.1
2017/12/6,2894.51,3355.62,3102.56,3204.87,3883.61,3484.71,6964.9,10623.18,2683.01,2922.96,7810.37,2662.85,2874.19,4832.92,4322.17,5186.68,2748.29,6016.3,3073.03,5266.57,1274.72,4136.11,927.58,2805.3,3729.84,2064.14,5064.76,1426.89
2017/12/7,2922.31,3355.68,3128.33,3155.87,3910.23,3530.72,6883.35,10568.82,2713.85,2936.9,7849.69,2668.46,2862.61,4846.59,4361.3,5227.3,2775.51,5995.52,3080.78,5295.9,1294.87,4185.65,937.79,2827.33,3692.61,2044.43,5065.53,1437.69
2017/12/8,2916.17,3290.02,3112.76,3102.29,3895.72,3489.95,6766.46,10395.43,2721.02,2935.68,7841.66,2661.77,2851.99,4815.84,4335.74,5161.02,2779.81,5939.2,3081.46,5274.07,1315.01,4182.19,940.23,2821.5,3662.23,2025.17,5050.71,1434.38
2017/12/11,2942.26,3340.54,3144.77,3174.01,3945.32,3568.69,6922.08,10642.33,2746.57,2966.74,7934.29,2678.51,2872.26,4846.87,4436.98,5308.67,2802.28,6007,3090.56,5353.59,1320.8,4303.13,951.61,2882.99,3659.31,2050.79,5093.06,1443.92
2017/12/12,2979.12,3357.68,3174.26,3189.81,3983.68,3622.99,7176.46,11012.62,2747.06,2986.16,8095.6,2691.3,2892.15,4871.94,4490.3,5396.85,2824,6055.31,3107.32,5419.91,1331.24,4351.69,960.6,2914.46,3668.1,2080.75,5176,1458.73
2017/12/13,2948.36,3295.75,3148.38,3126.02,3973.77,3581.45,7090.55,10945.94,2718.39,2952.52,8019.95,2665.9,2850.34,4844.18,4426.01,5371.19,2788.57,5971.37,3066.8,5360.03,1312.87,4301.6,952.19,2879.3,3626,2033.71,5103.95,1435.16
2017/12/14,2967.3,3316.91,3173.24,3157.71,4002.5,3612.01,7258.27,11229.73,2730.89,2969.8,8085.7,2687.64,2892.38,4855.01,4441.79,5381.45,2801.3,5969.63,3082.62,5443.07,1320.36,4327.48,955.28,2916.41,3645.88,2045.25,5158.64,1445.26
2017/12/15,2957.98,3314.3,3177.11,3145.31,3990.92,3574.46,7215.73,11189.55,2731.55,2970.79,8080.89,2692.22,2891.59,4844.65,4499.58,5321.44,2799.3,6020.73,3061.15,5426.77,1320.79,4347.82,954.06,2915.64,3623.19,2009.37,5131.68,1448.36
2017/12/18,2941.97,3299.49,3156.93,3102.37,3966.49,3518.95,7099.19,11129.6,2728.11,2964.18,8006.02,2688.34,2872.95,4788.98,4579.73,5267.16,2802.16,5909.9,3047.72,5395.91,1325.99,4334.63,953.63,2864.42,3589.6,1999.14,5102.27,1447.34
2017/12/19,2940.08,3364.86,3142.94,3105.71,3982.06,3494.88,7212.62,11229.47,2714.04,2964.06,7969.75,2682.78,2852.3,4759.85,4468.27,5265.57,2781.74,5916.11,3041.27,5350.77,1320.2,4261.28,947.1,2818.16,3597.48,2002.88,5097.53,1440.27
2017/12/20,2957.72,3367.38,3177.73,3110.94,3973.89,3521.39,7295.29,11374.05,2728.86,2991.66,8051.86,2699.01,2883.69,4784.91,4490.75,5326.37,2782.34,5951.41,3053.59,5372.18,1324.8,4320.86,952.28,2845.52,3649.94,2043.99,5128.72,1449.53
2017/12/21,2958.18,3347.3,3149.17,3034.28,3922.21,3478.95,7282.03,11573.64,2703.29,2970.38,8004.11,2690.66,2880.88,4737.35,4504.29,5329.6,2754.9,5873.98,3029.31,5335.69,1302.28,4263.32,938.51,2809.56,3637.81,2030.67,5060.09,1438.39
2017/12/22,2969.41,3357.31,3165.05,3078.82,3953.67,3556.35,7341.83,11577.69,2701.91,2980.37,8091.8,2708.86,2888.68,4804.82,4484.92,5356.92,2743.09,5954.63,3031.34,5368.64,1307.18,4279.76,938.53,2861.34,3650.16,2050.47,5089.8,1442.45
2017/12/25,2975.05,3394.97,3176.67,3062.66,3987.07,3536.55,7373.51,11558.56,2694.42,2976.34,8110.63,2722.1,2883.54,4831.31,4463.33,5324.22,2737.93,5962.33,3030.98,5410.6,1297.04,4238.5,934.83,2851.06,3628.42,2032.75,5089.38,1442.13
2017/12/26,2948.87,3335.98,3144.41,3008.43,3958.11,3461,7420.84,11543.44,2668.9,2936.11,8094.94,2686.01,2861.38,4842.5,4418.6,5302.05,2703.91,5952.54,3011.61,5347.94,1269.24,4168.4,920.13,2811.6,3626.09,2016.15,5069.12,1424.48
2017/12/27,2942.41,3352.89,3158.49,3022.66,3989.32,3468.88,7312.04,11429.34,2688.32,2950.51,8090.95,2705.6,2897.97,4855.06,4423.74,5304.1,2728.25,6016.68,3029.67,5362.2,1276.47,4200.97,922.07,2815.97,3661.01,2018.5,5122.7,1453.45
2017/12/28,2909.88,3382.09,3146.45,3015.63,4024.88,3409.76,7135.47,11434.55,2690.05,2931.76,7982.09,2683.86,2872.35,4828.28,4380.53,5276.7,2727.51,5923.08,3008.92,5325.89,1273.19,4147.09,913.67,2779.13,3619.73,1966.31,5154.52,1445.65
2017/12/29,2917.47,3435.7,3164.95,3090.57,4154.51,3428.52,7222.03,11664.25,2706.02,2948.95,8009.56,2679.51,2885.02,4842.79,4402.69,5360.76,2743.65,5973.25,2996.47,5341.11,1276.97,4150.45,923.4,2771.51,3617.89,1982.63,5163.15,1448.52
2018/1/2,2938.44,3437.33,3196.93,3101.91,4161.84,3487.45,7278.9,11569.43,2736.48,2977.42,8083.82,2686.02,2910.29,4935.13,4428.97,5416.41,2775.09,6023.73,3019.45,5392.39,1284.77,4196.92,929.12,2806.51,3647.82,1976.32,5198.93,1466.73
2018/1/3,2951.35,3516.08,3269.91,3189.01,4186.35,3487.02,7376.55,11561.17,2753.4,3012.78,8110.33,2710.19,2913.6,5040.89,4463.29,5416.36,2792.71,6283.03,3066.13,5413.77,1290.34,4223.02,933.41,2802.34,3688.38,2022.43,5215.8,1483.05
2018/1/4,2972.6,3528.78,3290.17,3194.33,4198.86,3531.47,7397.29,11700.72,2759.22,3024.6,8138.35,2748.72,2945.89,5087.82,4473.44,5523.11,2852.87,6305.82,3094.15,5466.81,1302.06,4265.45,936.95,2861.19,3706.96,2007.19,5253.45,1495.08
2018/1/5,2987.55,3587.11,3326.86,3218.14,4260.15,3548.95,7511.14,12014.93,2759.56,3032.09,8193.57,2737.99,2958.95,5107.95,4498.39,5536.94,2841.82,6365.57,3083.17,5456.07,1301.93,4275.25,934.56,2868.09,3693.91,2007.92,5239.04,1496.08
2018/1/8,3032.61,3578.63,3327.57,3195.51,4225.68,3504.27,7564.75,11935.81,2761.34,3036.05,8182.46,2736.81,2982.01,5334.9,4506.63,5529.63,2838.8,6441.62,3108.97,5416.85,1296.34,4258.19,935.05,2844.81,3697.7,2001.06,5249.38,1493.53
2018/1/9,3062.56,3666.3,3350.28,3286.51,4314.88,3489.68,7570.9,12022.94,2759.49,3063.93,8190.01,2738.81,2973.46,5386.22,4508.25,5551.05,2833.35,6469.34,3121.47,5398.5,1293.39,4234.13,931.45,2827.69,3689.46,2012.49,5287.61,1488.41
2018/1/10,3058.97,3661.16,3341.56,3237.44,4304.1,3519.97,7763.46,12400.82,2759.82,3046.09,8301.39,2729.43,2972.21,5423.78,4513.93,5539.23,2830.85,6409.8,3103.11,5388.13,1299.89,4228.47,930.44,2838.73,3686.84,2021.8,5277.01,1484.68
2018/1/11,3030.13,3640.04,3307.35,3227.53,4276.74,3489.32,7841.27,12508.69,2740.74,3021.35,8237.99,2717.87,2955.87,5395.56,4471.24,5541.88,2782.6,6349.77,3085.71,5307.33,1284.07,4265.61,928.57,2801.1,3768.79,2006.88,5251.81,1467.22
2018/1/12,3037.04,3597,3312.49,3189.34,4270.84,3514.68,7840.62,12389.24,2753.15,3036.56,8252.99,2720.39,2952.19,5391.87,4512.9,5542.97,2791.12,6230.34,3089.59,5344.05,1288.77,4414.73,939.55,2839.97,3789.44,2026.57,5252.31,1473.1
2018/1/15,3036.46,3596.98,3293.74,3190.34,4254.34,3476.63,8045.6,12618.18,2737.84,3040.76,8275.08,2703.91,2944.09,5467.11,4498.82,5549.57,2791.46,6242.61,3063.47,5319.82,1270.53,4302.06,929.98,2796.66,3794.45,2053.28,5257.06,1462.97
2018/1/16,2982.14,3496.93,3242.86,3100.91,4084.55,3381.21,8051.08,12491.75,2688.57,2998.17,8168.95,2663.78,2913.21,5429.86,4417.49,5547.86,2711.93,6162.75,2993.42,5168.52,1226.34,4195.72,908.41,2731.43,3850.2,2068.3,5137.63,1429.18
2018/1/17,3047.66,3493.53,3254.72,3121.04,4092.92,3360.44,8060.86,12570.35,2718.59,3032.06,8231.52,2667,2925.78,5728.69,4490.97,5650.57,2738.67,6247.52,3035.64,5168.03,1220.18,4153.58,913.69,2784.26,3886.91,2102,5141.91,1439.04
2018/1/18,3027.08,3526.64,3230.05,3152.77,4049.73,3361.53,7833.21,12327.39,2721.11,3017.89,8190.83,2659.4,2924.35,5663.2,4503.15,5616.77,2734.63,6183.88,3048.19,5162.68,1220.49,4116.88,917.86,2753.26,3943.05,2139.82,5139.96,1436.24
2018/1/19,3022,3538.72,3267.77,3216.36,4071.35,3353.04,7856.17,12321.89,2729.28,3036.23,8175.48,2655.27,2928.51,5648.36,4497.38,5645.89,2747.42,6268.54,3124.6,5203.09,1227.73,4113.9,918.89,2755.42,4035.67,2137.13,5133.11,1447.58
2018/1/22,2993.36,3565.45,3254.82,3254.65,4073,3356.02,7785.6,12229.43,2726.3,3020.73,8138.94,2653.62,2930.83,5586.7,4498.47,5626.4,2742.33,6220.11,3116.59,5206.21,1240.57,4112.72,916,2760.03,4008.76,2140.99,5126.65,1436.69
2018/1/23,3040.69,3590.17,3281.42,3276.63,4139.07,3405.56,8204.08,12624.08,2734.16,3034.43,8236.97,2668.95,2954.82,5645.59,4577.3,5752.29,2755.08,6293.87,3130.45,5245.65,1245.14,4179.08,939.41,2768.65,4003.01,2179.4,5201.58,1445.54
2018/1/24,3060.25,3629.86,3281.88,3264.49,4174.87,3393.45,8250.83,12616.17,2738.82,3041.73,8232.15,2665.54,2975.41,5738.56,4590.19,5755.7,2766.64,6314.56,3147.82,5264.43,1246.46,4177.65,940.12,2768.25,4151.48,2175.54,5210.92,1454.3
2018/1/25,3055.46,3642.39,3300.12,3287.27,4198.54,3407.25,8111.56,12446.25,2747.55,3040.62,8279.53,2677.24,2982.93,5720.17,4615.39,5773.13,2771.56,6285.1,3153.02,5311.71,1256.3,4275.9,967.41,2808.19,4144.15,2160.1,5200.46,1458.67
2018/1/26,3056.6,3638.96,3292.3,3304.47,4177.13,3382.83,8083.03,12330.24,2745.05,3045.59,8209.58,2676.18,3003.33,5644.72,4579.29,5739.21,2770.32,6324.16,3141.69,5296.79,1269.9,4242.86,962.29,2791.86,4106.13,2134.83,5197.03,1458.31
2018/1/29,3063.96,3667.94,3294.33,3333.53,4171.93,3353.53,8190.12,12471.44,2760.89,3050.62,8202.39,2676.5,3039.95,5734.81,4563.99,5801.26,2758.25,6437.87,3167.44,5264.46,1271.42,4254.63,962.72,2767.64,4142.7,2157.07,5189.93,1459.25
2018/1/30,3029.31,3685.05,3256.16,3365.05,4142.78,3267.96,7929.21,11887.58,2751.78,3028.67,8031.13,2652.19,3005.42,5641.04,4544.24,5699.6,2733.77,6385.72,3126.57,5206.33,1250.79,4174.83,949.03,2654.25,4102.69,2089.2,5098.69,1433.76
2018/1/31,2983.62,3625.25,3249.47,3283.36,4111.33,3251.58,7813.71,11914.23,2748.71,3025.28,8022.55,2623.85,2982.89,5539.02,4528.05,5711.29,2713.37,6246.73,3080.22,5202.07,1246.91,4143.34,934.21,2628.99,4023.32,2067.17,5072.97,1427.24
2018/2/1,2935.15,3613.1,3199.4,3323.38,4079.93,3198.81,7991.16,12140.36,2730.03,2988.79,7962.24,2572.71,2968.98,5581.22,4482.14,5721.87,2639.88,6236.22,3061.61,5089.25,1226.07,4026.36,916.69,2568.27,4100.03,2083.18,5017.49,1400.58
2018/2/2,2790.96,3521.28,3083.83,3286.64,3885.34,3089.49,7794.84,11883.64,2616.97,2879.22,7709.63,2499.12,2894.95,5394.13,4273.84,5601.01,2516.8,5995.71,2966.58,4850.98,1170.95,3867.08,885.6,2465.07,4105.11,2056.41,4842.91,1343.66
2018/2/5,2781.94,3646.45,3077.93,3377.39,3936.07,3082.9,7769.01,11625.6,2597.51,2852.25,7635.41,2471.69,2889.37,5398.83,4240.44,5672.24,2485.29,6105.11,2945.05,4805.75,1170.84,3824.41,883.69,2436.21,4075.21,2042.05,4813.21,1326.4
2018/2/6,2741.81,3648.96,3075.1,3425.55,3910.54,3021.78,7456.05,11155.09,2584.29,2853.4,7495.46,2456.11,2898.94,5368.56,4196.35,5582.38,2460.58,6074.66,2943.53,4727.82,1161.05,3764.67,872.57,2402.89,4191.61,2044.47,4765.11,1320.62
2018/2/7,2681.02,3635.34,3031.68,3442.17,3893.15,2994.43,7564.59,11389.08,2546.76,2810.83,7428.76,2430.85,2885.59,5324.62,4117.27,5462.39,2386.53,5981.5,2940.52,4679.36,1122.79,3696.22,865.69,2375.36,4220.36,2045.75,4749.29,1302.62
2018/2/8,2648.44,3460.88,2960.41,3286.07,3770.94,2931.94,7121.1,10837.39,2498.12,2768.16,7281.25,2397.49,2801.72,4965.03,4051.62,5314.09,2330.29,5771.11,2877.29,4624.46,1097.09,3664.63,856.53,2328.9,4012.83,1963.1,4671.07,1282.47
2018/2/9,2604.91,3313.59,2910.66,3210.86,3704.83,2951.44,7035.69,10696.44,2480.56,2738.85,7226.19,2372.87,2728.36,4818.66,4019.84,5222.05,2326.25,5574.16,2758.82,4575.79,1092.71,3652.42,843.85,2330.49,3820.37,1880.02,4598.46,1265.56
2018/2/12,2593.09,3212.38,2878,3126.9,3633.82,2987.72,7061.09,10889.58,2475.54,2709.38,7211.85,2342.16,2696.86,4717.12,4001.09,5253.21,2313.06,5476.64,2702.79,4562.74,1072.38,3684.88,840.02,2335.24,3773.75,1810.7,4569.83,1257.93
2018/2/13,2648.67,3258.49,2960.26,3187.84,3781.2,3090.27,7395.65,11205.37,2524.74,2772.07,7422.37,2371.14,2744.79,4825.19,4080.33,5418.28,2351.96,5624.56,2741.55,4694.88,1091.22,3816.88,859.22,2397.59,3784.76,1829.93,4677.01,1287.55
2018/2/14,2645.2,3246.55,2965.31,3187.84,3782.41,3082.47,7415.81,11285.63,2511.11,2781.31,7444.79,2367.11,2742.84,4868.55,4088.08,5486.73,2356.84,5635.86,2733.71,4685.72,1093.23,3792.79,852.46,2388.3,3811.53,1845.39,4692.19,1286.16
2018/2/22,2693.01,3316.6,2997.42,3296.72,3844.18,3110.21,7699.67,11471.78,2535.92,2811.28,7516.52,2384.91,2773.16,4962.9,4146.73,5598.28,2388.06,5757.43,2754.85,4732.2,1099.65,3810.7,861.01,2415.73,3884.11,1884.6,4748.59,1296.81
2018/2/23,2697.47,3348.39,3041.97,3318.15,3946.96,3143.67,7735.07,11774.41,2569.47,2841.45,7588.89,2408.62,2830.07,4993.11,4184.52,5684.92,2427.05,5858.8,2783.48,4765.25,1105.49,3879.18,866.59,2442.76,3900.12,1892.73,4790.16,1309.05
2018/2/26,2719.84,3428.2,3070.94,3420.04,3968.58,3166.2,7718.31,11749.69,2574.87,2879.11,7601.99,2433.3,2859.84,5056.4,4208.28,5719.84,2438.32,5929.68,2833.15,4766.55,1114.2,3901.74,865.81,2470.57,3946.46,1914.56,4833.41,1313.94
2018/2/27,2740.28,3429.2,3118.39,3407.11,3980.56,3298.32,7720.26,11778.45,2601.54,2911.44,7736.25,2463.54,2899.34,5002.29,4248.28,5763.96,2467.45,6016.11,2860.97,4877.32,1139.48,3993.82,882.39,2546.52,3935.38,1934.8,4902.49,1336.87
2018/2/28,2705.56,3313.1,3083.43,3301.7,3891.37,3263.4,7356.38,11410.47,2590.87,2872.72,7679.85,2461.87,2859.08,4875.96,4216.59,5624.01,2465.26,5802.16,2835.8,4861.82,1159.38,4007.33,887.96,2531.57,3813.61,1888.93,4854.56,1333.33
2018/3/1,2711.46,3297.03,3084.86,3320.42,3926.12,3284.56,7394.92,11303.45,2606.96,2880.44,7683.29,2461.22,2842.54,4894.92,4215.1,5662.12,2461.32,5820.16,2833.66,4887.92,1167.58,4045.51,892.41,2559.7,3769.41,1860.95,4826.56,1332.09
2018/3/2,2727.5,3292.28,3105.03,3304.91,3943.47,3344.39,7385.36,11384.29,2631.73,2910.6,7778.91,2476.36,2845.28,4887.06,4230.91,5758.06,2482.51,5883.24,2835.66,4973.07,1176.8,4240.52,905.56,2597.78,3774.46,1872,4848.07,1347.67
2018/3/5,2730.01,3286.3,3114.25,3264.47,3967.81,3326.93,7525.68,11401.7,2636.86,2916.35,7777.17,2492.37,2856.65,4930.05,4250.83,5751.03,2480.31,5891.83,2840.11,4972.99,1197.23,4253,906.6,2593.47,3773.61,1864.35,4892.38,1354.24
2018/3/6,2723.03,3270.82,3102.51,3222.5,3957.62,3370.19,7505.35,11305.12,2639.69,2917.16,7869.08,2502.22,2866.44,4940.64,4283.65,5725.46,2495.87,5845.87,2855.8,4995.26,1195.55,4313.51,912.31,2615.55,3786.29,1880.03,4926.28,1362.28
2018/3/7,2745.87,3322.57,3135.08,3270.52,4006.55,3397.38,7523.7,11259.93,2652.75,2947.03,8010.67,2507.2,2882.68,5048.56,4329.86,5810.54,2526,5920.81,2872.83,5022.1,1204.97,4291.9,913.99,2629,3806.22,1900.77,4948.76,1369.87
2018/3/8,2731.32,3275.55,3098.31,3205.35,3960.59,3355.14,7517.5,11146.93,2634.57,2923.78,7985.38,2508.41,2861.15,5015.07,4290.65,5819.99,2516.45,5890.61,2850.39,4985.98,1189.02,4252.97,904.58,2601.99,3805.16,1891.12,4938.39,1362.43
2018/3/9,2746.99,3287.14,3120.97,3223.47,3955.87,3381.2,7758.71,11423.47,2651.3,2950.04,8182.68,2554.89,2883.18,5072.91,4308.09,5889.3,2541.06,6007.31,2881.03,5020,1192.19,4276.65,908.77,2608.36,3810.74,1919.78,4972.03,1372.12
2018/3/12,2789.96,3303.45,3156.48,3174.51,4005.68,3494.88,7865.92,11498.65,2687.53,2979.91,8285.44,2563.78,2909.6,5068.23,4379.96,5977.85,2562.65,6026.65,2900.16,5130.58,1214.83,4466.69,939.28,2719.29,3822.2,1948.83,5050.65,1396.37
2018/3/13,2797.95,3315.44,3204.36,3197.12,4078.3,3525.82,7867.07,11411.33,2712.85,3002.36,8317.77,2567.76,2921.11,4981.81,4421.59,5999.1,2571.53,6117.07,2908.38,5211.64,1232.3,4498.6,949.8,2742.14,3790.27,1946.99,5105.68,1408.17
2018/3/14,2796.3,3303,3189.16,3173.79,4069.74,3474.68,7806.1,11274.92,2706.36,2972.98,8195.68,2544.5,2901.74,4967.72,4385.89,5967.87,2544.97,6124.53,2879.72,5169.78,1211.2,4485.07,942.86,2697.8,3772.24,1899.97,5074.52,1393.91
2018/3/15,2769.58,3302,3172.82,3210.94,4090.94,3426.14,7714.57,11409.57,2688.73,2949.07,8128.31,2530.84,2866.83,4960.71,4347.85,5951.64,2503.9,6216.41,2852.7,5128.82,1185.48,4362.86,929.84,2660.12,3732.5,1887.34,5030.99,1378.7
2018/3/16,2759.08,3325.14,3166.28,3213.1,4066.19,3439.74,7871.67,11650.61,2691.11,2938.89,8161.98,2529.43,2879.5,4951.19,4417.07,5924.59,2484.12,6196.64,2851.05,5133.05,1192.84,4393.45,930.82,2664.35,3744.84,1917.14,5033.11,1375.84
2018/3/19,2754.31,3259.3,3142.79,3139.95,4001.73,3376.24,7776.22,11500.69,2683.28,2940.52,8145.71,2524.39,2856.94,4961.83,4377.99,5863.26,2512.43,6175.47,2839.19,5108.01,1188.57,4374.25,925.84,2635.9,3703.9,1908.64,5031.92,1369.78
2018/3/20,2707.31,3177.15,3126.17,3055.72,3982.29,3378.33,7703.84,11485.74,2674.81,2927.6,8258.53,2510.49,2822.08,4856.73,4365.7,5860.98,2486.52,6036.81,2829.53,5088.15,1188.18,4369.68,919.99,2628.51,3709.86,1929.03,5006.15,1363.86
2018/3/21,2736.04,3229.65,3157.71,3113.81,3987.3,3427.77,7712.72,11515.52,2685.29,2949.84,8521.97,2527.43,2838.95,4879.87,4377.68,5885.73,2497.34,6144.36,2843.7,5158.86,1192.04,4442.94,929.07,2675.86,3760.78,1976.58,5006.02,1375.22
2018/3/22,2732.04,3213.77,3142.87,3078.81,3978.65,3395.58,7616.32,11402.9,2675.86,2930.13,8401.54,2515.55,2826.74,4889.86,4374.81,5901.33,2489.74,6047.81,2827.85,5125.95,1193.2,4357.3,915.45,2640.07,3751.48,1935.38,4972.77,1365.46
2018/3/23,2698.33,3106.63,3044.26,2941.1,3844.74,3210.47,7141.05,10769.23,2614.33,2854.32,8108.17,2458.46,2743.69,4702.68,4319.38,5704.05,2425.53,5763.8,2755.03,4977.85,1146.1,4200.88,891.29,2516.34,3653.18,1858.32,4806.48,1327.35
2018/3/26,2712.84,3012.48,2948.22,2811.76,3712.01,3122.47,7110.05,10808.34,2491.82,2762.5,7985.98,2376.05,2688.65,4622.97,4170.8,5634.92,2325.89,5626.77,2680.69,4808.59,1146.15,4028.24,857.35,2415.57,3610.23,1816.82,4680.84,1275.46
2018/3/27,2695.34,3072.03,3042.48,2872.21,3879.03,3286.69,7255.93,10954.8,2566.64,2847.75,8354.48,2441.72,2735.01,4719.45,4293.47,5723.99,2407.24,5812.44,2749.93,5006.12,1206.11,4310.36,890.63,2549.74,3590.08,1846.93,4783.91,1313.63
2018/3/28,2717.02,3039.55,3022.62,2824.83,3882.07,3280.74,7048,10733.03,2577.51,2841.19,8357.81,2450.59,2717.45,4674.79,4294.7,5744.26,2413.73,5774.13,2742.7,5013.51,1221.13,4400.38,894.05,2573.5,3515.5,1805.99,4725.29,1316.98
2018/3/29,2702.59,3026.3,3020.42,2867.1,3875.03,3300.76,6965.14,10484.25,2583.13,2842.82,8377.36,2472.61,2720.09,4729.52,4287.27,5797.94,2423.93,5788.1,2768.96,5040.42,1222.18,4482.88,901.5,2611.05,3541.83,1790.62,4712.84,1327.76
2018/3/30,2713.72,3081.65,3063.67,2926.9,3885.03,3282.54,7129.67,10695.06,2600.4,2878.47,8353.51,2486.83,2737.7,4874.6,4326.27,5732.01,2452.15,5903.65,2797.22,5056.08,1214.67,4519.45,900.6,2616.96,3593.67,1815.92,4759.94,1340.31
2018/4/2,2746.99,3084.07,3082.12,2932.11,3913.42,3354.81,7039.38,10695.65,2618.41,2892.71,8572.53,2493.53,2759.89,4861.81,4352.58,5754.61,2458.74,5935.48,2810.37,5134.34,1251.47,4694.29,915.18,2683.03,3564.82,1799.26,4806.2,1359.54
2018/4/3,2732.11,3027.94,3039.81,2879.77,3852.18,3318.84,6929.12,10606.65,2589.77,2850.84,8449.77,2463.72,2720.79,4798.33,4311.8,5799.25,2439.37,5833.19,2781.59,5045.56,1267.38,4636.31,896.23,2634.36,3516.71,1788.22,4731.32,1348.26
2018/4/4,2774.75,3024.92,3050.9,2860.74,3852.45,3337.26,6988.16,10777.33,2599.68,2869.88,8628.99,2469.89,2740.79,4798.31,4330.2,5803.24,2443.24,5916.46,2784.57,5095.31,1276.92,4676.78,892.79,2659.05,3517.65,1811.99,4760.14,1353.05
2018/4/9,2792.26,2972.61,3033.94,2817.13,3808.52,3259.28,6993.78,11047.25,2577.46,2837.21,8493.68,2444.86,2720.71,4779.24,4281.55,5752.51,2409.44,5834.31,2750.87,5012.29,1281.77,4533.41,876.6,2598.15,3506.53,1798.35,4742.22,1334.17
2018/4/10,2760.89,2984.97,3043.43,2872.55,3872.36,3261.61,6891.5,11016.77,2599.55,2839.93,8549.05,2448.11,2738.3,4762.09,4272.53,5814.43,2406.43,5913.2,2757.76,5042.62,1315.91,4611.97,874.37,2627.77,3509.46,1819.51,4766.36,1341.68
2018/4/11,2737.43,3044.36,3089.54,2966.31,3956.65,3301.86,7070.64,11094.76,2609.71,2868.72,8618.42,2461.97,2761.51,4855.3,4301.05,5786.71,2432.88,5967.65,2793.17,5057.99,1274.7,4579.99,878.51,2637.5,3616.11,1859.23,4791.12,1349.2
2018/4/12,2753.04,3026.31,3094.78,2924.17,3947.5,3298.31,7061.69,11108.24,2619.51,2888.36,8587.19,2464.35,2765.86,4886.27,4298.57,5753.7,2431.61,5947.37,2792.55,5059.55,1278.11,4593.97,883.43,2639.61,3648,1853,4770.65,1350.48
2018/4/13,2741.72,3010.01,3088.08,2914.66,3905.76,3299.4,7035.64,11081.75,2616.95,2882.23,8676.91,2456.51,2753.02,4873.37,4293.76,5802.02,2434.07,5913.41,2782.68,5041.18,1275.31,4624.06,881.92,2638.94,3619.04,1847.85,4765.55,1349.09
2018/4/16,2732.28,3002.29,3063.18,2907.13,3875.55,3264.6,6919.76,10840.33,2619,2866.44,8467.18,2433.05,2743.26,4801.98,4263.06,6002.03,2410.51,5853.34,2767.34,4999.22,1273.56,4599.15,872.65,2606.79,3560.38,1808.48,4751.23,1335.99
2018/4/17,2713.96,2948.13,3039.7,2854.28,3850.65,3280.15,6769.81,10868.45,2599.29,2847.47,8500.37,2419.68,2721.36,4699.03,4254.59,5794.5,2389.44,5763.96,2745.47,4989.52,1272.96,4767.18,876.24,2636.06,3477.21,1774.66,4708.69,1330.59
2018/4/18,2681.39,2935.32,3001.08,2877.05,3778.29,3203.72,6763.45,10754.9,2560.47,2800.72,8326.3,2393.09,2683.56,4679.32,4193.47,5563.57,2349.55,5685.53,2708.64,4886.63,1261.87,4600.16,858.65,2560.16,3505.12,1775.64,4623.97,1310.4
2018/4/19,2675.59,2942.76,3017.04,2900.16,3796.78,3230.45,6674.8,10691.72,2560.31,2797.97,8323.47,2384.8,2670.72,4659.37,4159.32,5549.85,2350.2,5664.84,2712.35,4944.25,1273.47,4754.08,861.59,2564.87,3495.68,1777.39,4584.06,1316.11
2018/4/20,2691.73,2973,3014.03,2939.31,3823.57,3227.36,6900.24,10937.8,2566.19,2786.28,8357.04,2395.07,2676.12,4666.89,4169.16,5631.68,2363.18,5708.22,2723.03,4985.25,1297.91,4713.52,859.55,2543.28,3491.58,1780.46,4605.43,1316.68
2018/4/23,2660.97,2926.68,2957.29,2888.73,3744.84,3180.4,6879.06,10723.43,2524.87,2727.41,8251.8,2364.45,2640.32,4594.09,4098.15,5530.77,2339.91,5608.13,2678.97,4911.1,1292.77,4659.79,838.98,2513.13,3458.72,1748.02,4506.93,1293.59
2018/4/24,2629.01,2941.72,2949.08,2924.33,3701.32,3106.71,7002.37,10811.03,2509.22,2715.16,8208.75,2357.53,2640.49,4616.66,4073.33,5497.2,2318.46,5615.66,2664.37,4884.6,1236.2,4513.53,834.03,2511.76,3490.69,1772.76,4478.18,1291.66
2018/4/25,2658.15,2952.68,2995.72,2937.97,3756.54,3167.32,7096.93,11022.16,2540.75,2759.79,8336.32,2381.58,2681.01,4683.07,4137.28,5570.79,2336.04,5716.66,2706,4966.19,1248.57,4651.17,857.04,2557.45,3531.9,1801.71,4546.46,1313.65
2018/4/26,2648.26,2954.37,3000.99,2943.11,3756.67,3165.45,6809.63,11103.97,2549.86,2768.57,8542.71,2387.57,2697.39,4691.78,4173.81,5595.06,2339.47,5708.63,2715.78,4965.8,1258.81,4725.16,856.23,2597.21,3526.22,1800.01,4567.68,1320.97
2018/4/27,2620.91,2918.98,2966.59,2921.98,3686.98,3107.06,6862.17,10829.12,2511.9,2720.15,8431.57,2359.07,2686.42,4588.29,4123.97,5513.56,2302.16,5614.58,2681.11,4899.73,1247.34,4672.87,840.78,2562.64,3504.17,1758.87,4484.65,1302.35
2018/5/2,2626.6,2914.5,2972.36,2899.78,3696.62,3094.96,6704.46,10498.39,2513.05,2713.7,8584.45,2378.36,2707.69,4572.51,4144.14,5554.15,2284.12,5611.9,2689.1,4882.29,1217.51,4607.22,845.88,2549.91,3538.45,1755.59,4475.75,1303.26
2018/5/3,2623.73,2869.5,2969.64,2891.22,3669.01,3060.47,6766.75,10635.2,2517.47,2721.58,8620.77,2378.42,2698.08,4554.45,4157.28,5629.81,2268.41,5609.48,2672.87,4845.33,1212.43,4523.26,838.3,2515.92,3493.54,1739.6,4486.73,1288.22
2018/5/4,2650.57,2894.76,3003.97,2902.26,3671.07,3119.97,6877.28,10770.21,2540.99,2741.85,8616.05,2388.82,2723.89,4566.62,4190.81,5681.39,2271.61,5617.46,2680.21,4880.68,1205.53,4592.13,846.79,2551.75,3491.3,1767.36,4514.72,1302
2018/5/7,2667.02,2906.82,3018.35,2888.79,3679.06,3119.65,6871.35,10745.09,2548.04,2756.97,8756.28,2397.36,2734.25,4576.38,4207.68,5675.29,2274.3,5661.39,2676,4875.95,1213.95,4574.06,845.95,2551.83,3472.74,1759.46,4515.97,1300.09
2018/5/8,2693.84,2966.04,3081.5,2900.4,3752.43,3159.19,6975.13,11228.01,2577.8,2808.84,8925.6,2427.11,2740.98,4632.32,4266.17,5766.1,2293.27,5729.02,2702.85,4975.24,1230.17,4680.51,855.59,2580.46,3491.95,1776.7,4575.75,1323.49
2018/5/9,2710.74,2981.38,3089.42,2905.25,3761.5,3178.36,7103.36,11356.28,2595.41,2826.32,8907.9,2432.68,2762.55,4693.84,4300.53,5820.96,2302.84,5768.6,2718.12,4988.7,1229.74,4691.54,859.25,2587.09,3537.32,1805.85,4622.1,1329.72
2018/5/10,2713.38,3031.53,3114.22,2886.67,3766.9,3185.92,7137.95,11350.04,2600.91,2831.03,8927.74,2442.23,2765.24,4681.39,4292.42,5845.06,2304.93,5774.72,2719.11,4999.44,1226.61,4686.47,858.44,2583.9,3548.3,1804.5,4641.41,1335.37
2018/5/11,2730.09,3029.78,3120.27,2897.09,3783.87,3186.31,7167.26,11543.66,2616.05,2858.25,9098.45,2443.37,2780.94,4703.3,4299.18,5933.87,2308.3,5779.33,2730.7,5011.19,1210.5,4645.38,861.52,2588.4,3546.28,1811.37,4662.66,1338.74
2018/5/14,2709.82,3036.19,3095.12,2894.09,3824.29,3154.57,7096.93,11474.23,2589.28,2837.16,8881.17,2425.43,2760.66,4658.37,4259.92,5888.82,2283.61,5685.21,2703.47,4977.81,1207.4,4554.35,853.51,2568.66,3569.88,1798.11,4652.26,1318.34
2018/5/15,2734.72,3032.4,3093.74,2899.05,3830.68,3180.51,7205.88,11723.34,2585.72,2830.72,8903.37,2422.99,2773.59,4645.03,4269.87,5930.06,2277.47,5666.3,2699.55,4967.49,1177.26,4504.71,850.55,2550.83,3590.73,1811.74,4684.84,1311.63
2018/5/16,2755.11,3013.49,3113.88,2879.6,3817.26,3173.81,7156.49,11772.26,2594.26,2845.05,9055.92,2440.98,2772.15,4643.02,4279.43,5952.56,2273.86,5676.6,2706.26,4995.87,1195.4,4562.87,857.02,2560.89,3561.51,1793.87,4690.84,1324.29
2018/5/17,2781.78,3013.4,3104.77,2865.93,3794.67,3168.15,7126.18,11841,2609.93,2836.05,9155,2443.17,2764.7,4619.58,4275.8,5977,2271.38,5709.2,2694.84,4960.47,1198.22,4522.2,853.1,2548.27,3530.66,1777.59,4666.4,1316.33
2018/5/18,2786.61,3032.02,3142.97,2848.32,3771.68,3141.31,7021.02,11625.56,2619.56,2813.3,9033.19,2432.33,2737.94,4596.92,4243.62,5927,2252.41,5663.11,2689.59,4905.84,1185.61,4503.48,847.27,2552.83,3517.5,1756.01,4641.4,1311.61
2018/5/21,2778.8,3162.26,3198.72,2884.33,3823.71,3167.17,7137.98,11814.74,2637.02,2843.74,9097.98,2474.96,2782.56,4644.14,4300.14,5989.05,2289.22,5711.55,2718.22,4921.24,1195.4,4526.99,857.44,2581.68,3584.74,1795.76,4695.71,1332.28
2018/5/22,2802.8,3159.84,3230.59,2862.82,3813.07,3214.53,7108.38,11729.78,2638.81,2858.4,9088.92,2476.87,2795.86,4626.39,4311.25,6000.87,2301.27,5766.66,2716.24,4958.14,1202.11,4596,862.47,2629.35,3563.18,1795.72,4733.3,1336.5
2018/5/23,2842.6,3116.88,3230.8,2839.87,3815.12,3222.19,6991.17,11778.68,2636.41,2863.26,9241.12,2479.55,2795.72,4565.24,4340.38,5987.69,2309.67,5738.12,2706.51,4949.3,1194.84,4604.19,862.18,2648.81,3531.75,1778.15,4739.51,1333.68
2018/5/24,2822.69,3021.18,3172.27,2789.43,3749.96,3189.31,6907.13,11567.74,2618.67,2840.83,9202.1,2475.53,2769.38,4525.39,4317.01,5947.56,2294.09,5618.91,2670.71,4906.06,1193.63,4602.41,852.78,2615.38,3496.55,1754.83,4728.7,1317.43
2018/5/25,2816.33,3020.11,3158.32,2791.14,3742.51,3143.7,6816.47,11420.21,2604.52,2831.53,9260.1,2458.27,2775.43,4508.52,4342.27,5931,2286.84,5610.06,2651.66,4855.86,1182.06,4572.34,848.15,2600.78,3467.77,1742.09,4691.89,1312.52
2018/5/28,2813.15,2975.25,3103.53,2766.21,3680.41,3066.39,6812.65,11511.2,2584.93,2805.57,9309.18,2436.65,2769.75,4486.48,4348.38,5950.16,2265.8,5575.18,2630.09,4796.51,1172.93,4473.38,840.58,2564.5,3462.31,1735.1,4711.88,1302.34
2018/5/29,2797.64,2966.54,3086.03,2707.76,3647.07,3066.89,6903.76,11881.6,2587.39,2793.91,9369.7,2409.14,2758.51,4447.8,4349.17,5947.92,2231.85,5520.18,2613.91,4747.99,1138.42,4418.73,834.92,2540.62,3442.8,1738.43,4668,1287.7
2018/5/30,2750.15,2917.53,3018.07,2709.75,3596.27,3003.39,6756.13,11699.34,2558.47,2748.7,8936.74,2378.55,2734.45,4349.11,4276.97,5983.88,2207.39,5342.56,2578.67,4648.42,1117.42,4327.36,818.74,2473.91,3411.64,1701.55,4607.54,1263.66
2018/5/31,2751.19,2878.28,2987.22,2680.66,3560.68,2976.44,6814.33,12010.92,2557.9,2725.54,8979.52,2340.03,2703.39,4297.26,4266.89,6055.17,2165.77,5296.46,2544.91,4591.11,1099.85,4303.88,809.19,2429.22,3391.95,1681.36,4551.24,1240.4
2018/6/1,2772.78,2888.56,2994.51,2691.6,3556.64,2973.28,6996.08,12331.94,2609.13,2766.58,9097.32,2356.06,2723.32,4319.67,4357.84,6296.41,2166.35,5339.56,2551.24,4584.71,1088.1,4283.36,813.39,2421.06,3404.48,1694.47,4599.53,1241.23
2018/6/4,2743.97,2918.93,2988.56,2733.59,3561.38,2944.32,7008.94,12241.5,2596.62,2760.66,8872.08,2358.39,2721.61,4357.85,4343.13,6278.03,2160.13,5387.81,2541.96,4451.36,1089.61,4280.85,806.2,2422.91,3421.98,1705.03,4577.8,1241.51
2018/6/5,2698.1,2898.89,2986.97,2746.73,3514.13,2944.63,7172.2,12579.15,2571.34,2759.55,8840.96,2351.93,2745.75,4415.76,4309.21,6230.72,2155.08,5392.65,2543.19,4374.81,1084.93,4250.01,799.92,2417.59,3436.86,1719.23,4576.45,1236.98
2018/6/6,2732.83,2902.59,3027.41,2746.67,3571.66,3035.59,7239.63,12672.67,2593.38,2788.09,9084.13,2365.54,2754.21,4438.14,4315.13,6275,2174.16,5449.46,2552.98,4428.82,1103.06,4369.39,809.87,2467.84,3425.58,1731.17,4622.69,1251.9
2018/6/7,2744.24,2932.1,3044.36,2778.41,3632.88,3052.58,7234.37,12735.6,2600.11,2793.19,9171.05,2367.47,2792.05,4427.52,4316.06,6273.15,2181.92,5511.7,2550.21,4442.87,1112.07,4390.46,813.79,2464.53,3413.78,1724.56,4630.51,1254.94
2018/6/8,2729.44,2929.15,3027.69,2776.31,3601.97,3015.57,7134.76,12515.79,2549.23,2758.24,9012.19,2340.54,2763.89,4431.31,4262.62,6245.85,2171.89,5452.27,2531.2,4410.11,1091.95,4325.67,804.3,2439.47,3408.45,1720.96,4604.47,1241.78
2018/6/11,2688.51,2859.44,2985.64,2754.46,3536.95,2997.67,7179.69,12427.92,2511.3,2721.68,8964.93,2306.36,2734.04,4359.01,4196.24,6208.11,2130.43,5379.09,2494.09,4362.13,1066.39,4282.33,791.93,2406.05,3347.83,1687.42,4574.95,1226.81
2018/6/12,2642.59,2853.3,2976.72,2804.32,3550.39,2991.78,7259.37,12445.25,2511.31,2708.11,8784.56,2307.7,2730.43,4414.75,4161.42,6068.12,2116.58,5404.3,2492.83,4348.43,1064.7,4269.54,791.92,2397.33,3360.28,1702.82,4588.12,1219.51
2018/6/13,2670.82,2895.28,2991.94,2801.12,3543.03,2998.4,7390.53,12813.55,2516.27,2713.91,8892.17,2326.24,2759.61,4415.86,4175.33,6244.86,2126.7,5461.4,2498.36,4346.61,1072.55,4278.52,796.06,2368.21,3358.65,1714.13,4641.15,1229.96
2018/6/14,2647.51,2853.74,2954.19,2804.69,3490.49,2937.5,7323.68,12634.17,2464.29,2662.19,8722.3,2306.16,2732.61,4392.64,4102.04,6217.38,2090.05,5392.08,2468.85,4275.64,1044.19,4182.87,783.62,2298.92,3335.04,1697.69,4590.87,1209.93
2018/6/15,2622.64,2872.1,2946.55,2853.32,3499.81,2942.29,7204.5,12370.02,2459.47,2664.1,8673.78,2302.44,2727.39,4389.31,4089.68,6177.63,2092.74,5397.33,2465.14,4256.67,1040.5,4177.29,781.28,2279.5,3335.71,1713.06,4586.03,1207.85
2018/6/19,2565.94,2836.03,2847.52,2815.52,3369.89,2814.8,7043.28,12129.02,2365.93,2584.28,8408.67,2249.95,2647.58,4345.17,3961.37,5998.5,2019.78,5277.33,2422.76,4123.28,994.38,3959.1,754.35,2161.8,3337.52,1688.6,4449.33,1165.19
2018/6/20,2465.61,2714.58,2703.06,2672.28,3167.43,2689.91,6885.35,11685.99,2264.06,2424,8144.98,2143.97,2555.75,4167.31,3708.14,5836.74,1886.35,4969.67,2348.78,3942.82,936.24,3706.82,717.03,2020.6,3315.5,1615.2,4264.47,1096.69
2018/6/21,2472.51,2745.89,2743.79,2733.22,3192,2725.88,6979.65,12031.54,2284.48,2457.19,8364.26,2167.56,2562.98,4230.6,3768.3,5897.28,1903.14,5043.87,2377.68,4016.57,966.16,3773.49,725.95,2029.89,3307.96,1612.9,4299.24,1110.86
2018/6/22,2405.03,2714.71,2684.66,2726.26,3088.69,2594.92,6834.7,11825.32,2230.17,2396.4,8223.58,2113.5,2504.16,4200.55,3664.49,5858.38,1843.02,5011.33,2338.43,3914.42,932.17,3591.82,702.46,1940.07,3293.9,1567.46,4201.86,1078.66
2018/6/25,2452.54,2811.81,2769.44,2790.86,3203.76,2679.18,6925.34,12043.25,2271.02,2448.15,8419.49,2146.01,2541.05,4296.1,3764.07,5968.2,1891.95,5142.73,2369.21,4013.95,968.18,3727.47,723.43,1986.64,3314.05,1596.72,4281.89,1110.18
2018/6/26,2384.17,2694.87,2689.44,2685.56,3106.45,2583.52,6761.58,11992.02,2259.72,2387.76,8263.97,2103.71,2474.35,4049.58,3655.28,5959.92,1848.39,4950.66,2318.84,3932,944.33,3606.12,706.37,1931.02,3220.33,1541.99,4198.53,1084.09
2018/6/27,2407.95,2734.12,2745.65,2668.55,3175.04,2674.69,6800.42,11916.12,2299.72,2412.29,8351.23,2126.21,2471.03,4023.38,3705.56,5943.59,1887.92,4905.48,2333.33,4018.32,983.12,3805.65,722.78,1988.89,3165.18,1557.22,4251.28,1107.32
2018/6/28,2379.52,2733.9,2721.52,2618.7,3151.56,2635.85,6507.9,11318.18,2280.64,2389.01,8108.35,2111.22,2423.38,3900.49,3636.19,5704.66,1880.58,4836.13,2317.68,3983.83,979.96,3785.53,713.74,1978.76,3110.3,1525.47,4225.87,1101.2
2018/6/29,2363.19,2704.61,2694.81,2603.57,3128.32,2634.82,6533.5,11244.28,2272.66,2371.14,8051.91,2098.02,2404.6,3885.16,3609.06,5747.32,1862.19,4773.59,2297.91,3953.31,969.72,3763.39,707.54,1979.73,3118.71,1533.56,4166.95,1093.34
2018/7/2,2408.94,2737.07,2765.84,2619.08,3196.26,2741.89,6729.98,11568.3,2306.18,2428.61,8325.26,2125.55,2444.6,3976.14,3690.24,5897.22,1908.2,4883.66,2328.44,4038.44,1001.58,3954,732.8,2042.91,3148.76,1562.79,4272.15,1121.21
2018/7/3,2382.13,2654.8,2736.84,2554.21,3129.06,2701.23,6472.97,11320.8,2283.49,2381.43,8285.93,2104.55,2398.19,3817.81,3624.77,5816.35,1883.94,4763.49,2283.52,3980.61,997.49,3900.75,725.97,2009.24,3050.3,1510.16,4170.2,1103.47
2018/7/4,2371.77,2658.34,2747.37,2574.52,3140.98,2723.69,6392.98,11074.82,2259.9,2376.32,8208.38,2120.29,2391.55,3819.02,3607.64,5664.64,1905.47,4774.96,2283.11,3993.76,1035.87,4003,732.64,2059.12,3055.15,1526.32,4160.63,1113.99
2018/7/5,2350.19,2638.45,2706.23,2560.12,3111.36,2654.74,6271,11063.48,2227.94,2339.21,8060.37,2109.49,2391.54,3755.68,3558.93,5644.02,1876.38,4713.76,2259.97,3915.84,1022,3899.16,721.96,2015.21,3045.85,1512.28,4113.8,1091.45
2018/7/6,2292.55,2564.35,2641.67,2504.49,3025.62,2605.74,6218.12,10998.47,2165.99,2284.82,7856.78,2070.02,2359.96,3705.82,3501.85,5571.99,1837.63,4637.01,2227.57,3837.93,995.74,3834.73,711.74,1970.19,3068.36,1508.94,4055.87,1069.12
2018/7/9,2321.9,2565.69,2657.99,2540.41,3047.29,2626.28,6333.44,11174.15,2170.14,2296.17,7903.47,2064.22,2360.74,3698.92,3517.56,5556.31,1844.21,4688.07,2227.15,3878.42,1010.52,3874.55,715.12,1992.81,3097.39,1533.06,4071.98,1067.32
2018/7/10,2375.01,2609.95,2740.72,2580.62,3118.17,2709.24,6505.09,11428.01,2209.8,2342.12,8172.23,2094.53,2396.37,3793.99,3594.84,5729.25,1870.48,4860.77,2258.54,3947.6,1030.63,3929.36,721.69,2018.17,3193.99,1564.66,4145.66,1088.6
2018/7/11,2349.66,2573.67,2718.21,2566,3088.98,2670.7,6296.83,11151.42,2196.18,2326.02,8105.6,2080.17,2394.52,3756.09,3547.14,5704.12,1873.95,4827.99,2245.99,3899.56,1017.54,3860.84,711.42,1997.3,3122.42,1523.8,4121.62,1077.26
2018/7/12,2355.71,2545.91,2714.2,2597.41,3078.54,2672.35,6314.55,11238.53,2184.63,2290.69,8165.6,2058.58,2369.63,3727.2,3524.7,5751.26,1842.14,4848.49,2219.29,3871.68,998.81,3793.24,702.26,1999.41,3117.84,1519.51,4093.44,1067.22
2018/7/13,2390.68,2594.65,2780.07,2640.1,3150.58,2785.11,6463.94,11588.84,2225.49,2363.82,8377.76,2099.87,2417.76,3830.66,3622.03,5890.35,1878.23,4973.75,2273.42,3977.19,1026.26,3945.92,718.92,2062.61,3169.71,1565.77,4171.32,1096.14
2018/7/16,2397.83,2584.13,2805.82,2639.96,3176.6,2802.14,6511.39,11771.97,2225.38,2354.76,8478.97,2099.33,2425.02,3794.53,3633.5,6058.48,1879.7,4987.63,2266.51,3980.11,1019.09,3940.99,721.39,2067.86,3133.5,1557.07,4151.63,1093.67
2018/7/17,2393.66,2582.71,2797.49,2623.82,3157.3,2803.61,6432.27,11797.73,2227.32,2360.76,8522.33,2097.11,2420.84,3738.26,3647.87,6113.01,1889.54,4928.35,2257.95,3974.06,1028.83,3950.92,718.44,2097.57,3079.32,1542.8,4095.39,1091.53
2018/7/18,2412.72,2569.2,2817.59,2605.32,3171.13,2828.47,6379.15,11598.45,2228.66,2364.24,8440.72,2098.87,2414.97,3747.61,3652.08,6091.82,1906.44,4934.26,2251.58,4000.93,1035.45,3972.53,721.4,2120.84,3079.77,1543.96,4092.21,1093.9
2018/7/19,2389.78,2557.33,2795.93,2609.15,3139.85,2792.22,6305.68,11551.35,2231,2353.36,8395.98,2127.6,2402.41,3711.39,3628.83,6177.66,1898.03,4897.9,2241.18,3981.31,1020.26,3916.74,720.52,2084.04,3075.99,1536.9,4076.56,1087.81
2018/7/20,2365.1,2535.65,2771.77,2631.98,3100.64,2770.37,6275.28,11465.92,2222.8,2327.92,8235.74,2122.26,2350.81,3682.48,3604.82,6103.77,1874.7,4900.47,2251.06,3926.24,1003.41,3873.11,717.69,2079.07,3057.8,1534.57,4031.72,1081.33
2018/7/23,2388.7,2551.63,2797.3,2649.79,3137.27,2797.82,6275.58,11448.79,2231.44,2356.3,7994.82,2146.54,2362.6,3720.86,3614.22,6129.5,1900.43,4972.98,2272.66,3985.31,1024.51,3984.86,719.19,2093.81,3187.01,1585.54,4067.62,1092.17
2018/7/24,2425.36,2614.64,2843.83,2777.25,3191.16,2849.45,6343.03,11365.25,2245.53,2361.28,7887.48,2173.91,2393.14,3831.31,3669.5,6017.23,1910.31,5203.31,2393.51,4031.14,1067.25,4068.15,726.26,2136.72,3250.61,1609.44,4110.69,1113.27
2018/7/25,2456.73,2685.59,2881.17,2810.9,3272.53,2877.34,6491.89,11637.59,2270.83,2415.31,8057.48,2197.38,2435.47,3907.06,3722.47,6083.91,1945.77,5376.46,2483.98,4105.52,1076.44,4110.13,735.1,2157.03,3280.29,1632.78,4172.45,1133.57
2018/7/26,2454.9,2683.62,2869.29,2851.14,3245.97,2863.34,6414.3,11586.32,2261.07,2419.99,8171.26,2186.96,2440.93,3907.06,3728.53,6216.77,1945.24,5373.74,2460.93,4086.15,1076.48,4103.59,739.18,2147.22,3279.4,1630.29,4189.75,1133.15
2018/7/27,2456.31,2689.3,2848.53,2866.16,3215.31,2797.8,6380.29,11430.31,2267.29,2413.85,8084.85,2199.18,2427.26,3878.39,3710.66,6130.49,1962.8,5328.65,2454.9,4077.87,1062.54,4020.64,736.22,2104.16,3243.24,1604.67,4154.12,1127.97
2018/7/30,2436.41,2683.7,2834.64,2887.25,3195.15,2783.85,6291.73,11517.27,2254.41,2399.66,8011.77,2185.45,2416.02,3874.11,3703.38,6098.09,1957.33,5335.61,2445.06,4050.59,1064.36,3962.97,723.96,2100.82,3238.4,1599.83,4117.05,1123.02
2018/7/31,2409.56,2682.49,2823.66,2884.07,3186.93,2733.88,6268.9,11252.59,2233.22,2371.55,7778.6,2187.18,2395.45,3859.18,3632.05,5966.52,1932.31,5336.48,2449.74,3998.42,1053.18,3908.75,711.49,2057.89,3274.09,1602.46,4095.95,1118.94
2018/8/1,2430.61,2678.66,2829.7,2918.15,3176.33,2746.91,6313.68,11379.52,2241.56,2378.26,7827.31,2186.53,2419.26,3865.53,3658.68,5997.98,1944.03,5357.36,2472.47,3988.94,1051.41,3906.76,712.52,2062.51,3298.09,1609.25,4119.01,1124.35
2018/8/2,2379.91,2607.78,2784.37,2792.42,3092.14,2663.46,6102.89,11106.2,2205.99,2332.65,7666.59,2153.54,2380.28,3753.05,3594.18,5936.53,1906.62,5219.92,2410.29,3905.07,1010.65,3834.11,698.69,2017.26,3214.4,1556.94,4030.82,1098.75
2018/8/3,2351.06,2573.67,2733.74,2790.57,3020.77,2607.1,5853.76,10802.02,2148.58,2253.29,7608.76,2110.62,2335.58,3656.37,3519.72,5729.24,1869.06,5191.25,2388.61,3812.93,973.18,3735.31,678.85,1970.84,3164.05,1521.59,3921.99,1076.78
2018/8/6,2341.67,2604.16,2694.92,2766.32,2977.46,2531.61,5670.73,10500.97,2129,2237.67,7381.79,2104.77,2308.05,3622.69,3490.2,5571.75,1856.88,5032.84,2356.8,3756.06,966.17,3646.74,668.88,1918.74,3175.44,1510.97,3859.61,1060.12
2018/8/7,2275.34,2612.35,2639.62,2769.89,2893.3,2505.17,5665.42,10367.57,2090.61,2187.68,7176.6,2072.3,2262.6,3567.82,3431.65,5382.88,1842.69,5030.21,2366.55,3688.69,946.37,3600.2,661.63,1910.08,3191.39,1506.4,3804.95,1049.66
2018/8/8,2304.17,2690.91,2719.03,2832.52,2942.32,2557.37,5848.59,10603.99,2121.83,2224.54,7309.02,2105.46,2318.22,3660.31,3507.34,5385.62,1876.76,5204.37,2455.41,3758.23,964.34,3694.34,674.61,1957.06,3246.69,1540.08,3872.89,1079.94
2018/8/9,2293.53,2671.77,2678.47,2830.36,2912.8,2487.01,5700.51,10348.17,2077.74,2175.86,7130.45,2086.54,2299.18,3608.84,3422.45,5331.06,1855.85,5161.88,2423.74,3718.77,944.05,3617.07,666.19,1915.63,3195.05,1512.38,3789.75,1060.87
2018/8/10,2339.17,2712.06,2739.72,2871.42,2972.11,2601.49,5870.81,10673.01,2115.99,2227.26,7377.67,2117.17,2345.02,3734.18,3491.72,5489.05,1893.34,5258.9,2457.28,3811.37,975.56,3797.22,681.17,2000.96,3257.14,1555.67,3873.39,1086.46
2018/8/13,2352,2685.24,2727.41,2837.49,2943.45,2591.59,5825.1,10604.43,2112.82,2224.48,7440.49,2089.77,2320.74,3692.35,3480.59,5476.17,1877.98,5191.33,2435.94,3776.49,972.47,3801.62,674.66,2001.87,3211.65,1538.46,3854.53,1079.24
2018/8/14,2362.65,2699.1,2753.23,2896.11,2968.78,2644.97,5858.58,10614.59,2135.64,2249.46,7571.61,2102.59,2335.34,3707.33,3505.35,5548.54,1894.69,5275.02,2450.45,3822.78,995.59,3935.7,680.88,2060.2,3180.59,1537.61,3885.03,1092.88
2018/8/15,2366.63,2729.82,2757.48,2853.31,2974.01,2620.07,5776.49,10598.77,2136.37,2251.47,7545.24,2107.45,2330.55,3673.24,3506.76,5546.36,1901.97,5279.16,2452.01,3812.34,991.44,3896.68,676.16,2061.04,3175.34,1532.49,3896.85,1092.3
2018/8/16,2309.49,2632.91,2679.65,2751.07,2857.93,2521.5,5531.91,10146.41,2089.52,2181.16,7233.12,2048.84,2267.29,3573.19,3414.75,5273.28,1857.58,5030.77,2389.95,3696.12,964.82,3759.05,655.63,1994.1,3092.17,1477.02,3776.53,1058.6
2018/8/17,2279.2,2661.5,2701.24,2786.29,2895.53,2571.18,5647.59,10209.48,2081.56,2204.43,7315.43,2052.22,2280.33,3643.16,3438.62,5350.61,1860.66,5091,2398.91,3727.43,977.45,3820.01,658.06,2067.33,3149.62,1512.19,3795.64,1066.02
2018/8/20,2210.18,2644.29,2621.94,2761.22,2838,2504.31,5471.85,9887.66,2033.5,2146.78,7026.48,2022.21,2217.26,3591.84,3371.02,5159.71,1805.28,4911.83,2331.8,3625.6,952.9,3695.16,637.72,2011.16,3131.33,1491.47,3716.51,1037.47
2018/8/21,2188.29,2659.75,2644.61,2794.15,2874.56,2529.82,5553.67,9994.02,2022.32,2168.9,6995.37,2027.36,2223.14,3622.82,3376.94,5177.12,1803.96,4953.28,2327.26,3660.8,963.78,3782.11,642.27,2068.12,3157.83,1514.93,3732.17,1040.48
2018/8/22,2209.75,2676.75,2670.99,2793.86,2894.53,2551.52,5638.09,10330.59,2035.59,2198.2,7208.77,2037.22,2263.3,3647.13,3412.72,5339.93,1809.93,5044.98,2366.19,3684.89,976.01,3794.73,649.28,2065.94,3175.75,1557.03,3772.64,1048.93
2018/8/23,2216.53,2674.82,2650.29,2784.43,2862.51,2512.18,5546.21,10318.73,2005.41,2177.78,7170.29,2015.05,2242.59,3615.97,3390.76,5226.77,1798.26,5004,2339.62,3655.58,973.13,3732.7,644.95,2042.29,3167.79,1548.53,3756.51,1040.02
2018/8/24,2204.43,2653.29,2654.34,2755.3,2869.91,2538.88,5517.32,10294.25,2013.81,2181.17,7214.98,2018.28,2237.44,3603.25,3402.71,5223.7,1797.91,5003.8,2342.56,3672.95,983.07,3792.36,645.94,2070.31,3165.36,1554.23,3754.89,1044.35
2018/8/27,2216.83,2652.59,2653.86,2747.97,2874.77,2539.83,5556.47,10246.16,2015.47,2189.05,7261.85,2019.59,2264.3,3623.12,3400.39,5237.54,1796,5014.57,2328.07,3678.24,973.85,3801.63,645.33,2057.03,3248.2,1577.05,3761.61,1047.21
2018/8/28,2249.24,2694.04,2703.53,2775.08,2918.7,2613.82,5720.98,10633.93,2059.31,2231.07,7483.1,2045.9,2289.86,3707.86,3470.03,5475.07,1823.99,5126.91,2355.53,3738.2,1002.05,3906.95,658.14,2131.8,3277.54,1594.85,3828.92,1064.24
2018/8/29,2253.49,2688.25,2710.63,2770.41,2936.47,2611.17,5715.18,10502.56,2047.18,2222.69,7461.22,2044.88,2277.62,3703.9,3477.94,5481.76,1820.43,5080.68,2354.35,3754.23,1011.01,3901.58,656.55,2143.45,3267.99,1575.94,3825.57,1064.22
2018/8/30,2253.91,2681.1,2699.64,2747.84,2911.34,2588.79,5688.09,10474.47,2038.5,2209.74,7412.98,2034.08,2253.1,3714.84,3457.33,5405.23,1816.02,5073.09,2341.52,3727.27,1010.98,3881.65,650.86,2139.39,3267.14,1576.77,3809.46,1060.01
2018/8/31,2225.12,2638.29,2660.24,2686.81,2862.93,2533.65,5552.63,10187.96,2014.14,2180.07,7271.4,2017.42,2238.34,3666.77,3416.8,5429.5,1795.54,4969.35,2294.8,3674.24,992.24,3798.17,641.18,2071.65,3224.93,1553.62,3782,1037.42
2018/9/3,2216.49,2605.2,2631.51,2684.84,2837.82,2513.11,5499.83,10004.67,1992.19,2158.98,7162.82,2001.12,2217.31,3688.57,3392.31,5302.68,1778.93,4943.16,2286.07,3655.78,987,3759.77,634.01,2055.71,3247.45,1554.43,3748.21,1028.99
2018/9/4,2238.8,2609.5,2628.95,2675.02,2827,2500.26,5509.5,10091.93,1984.38,2156.16,7181.31,2003.57,2196.39,3689.72,3399.08,5306.09,1775.75,4936.73,2276.26,3653.84,1005.93,3821.57,636.46,2029.91,3250.32,1558.96,3735.73,1030.02
2018/9/5,2253.6,2630.54,2642.23,2693.37,2830.09,2531.52,5515.45,10166.46,2001.32,2175.03,7218.49,2021.44,2211.12,3717.65,3414.77,5292.05,1780.73,4964.36,2280.39,3686.47,1037.21,3908.65,646.19,2066.22,3268.45,1579.73,3751.3,1040.38
2018/9/6,2222.45,2597.91,2593.45,2646.13,2781.46,2485.06,5406.14,9905.98,1971.5,2130.18,7099.47,1997.28,2181.01,3655.62,3365.83,5163.15,1768.84,4850.57,2242.74,3644.28,1031.06,3838.76,640.34,2044.38,3214.08,1542.34,3681.55,1024.11
2018/9/7,2229.23,2622.85,2582.92,2659.47,2773.62,2486.97,5353.46,9770.66,1967.34,2115.78,7081.4,1998.41,2166.78,3616.37,3348.31,5129.71,1765.37,4821.74,2230.47,3652.86,1041.01,3891.84,637.29,2064.56,3209.32,1538.86,3680.48,1024.53
2018/9/10,2241.08,2637.29,2584.12,2672.77,2772.96,2445.11,5332.66,9862.41,1970.24,2123.94,7154.45,2002.72,2178.67,3642.55,3346.1,5217.82,1763.23,4856.9,2238.88,3675.09,1030.6,3775.56,633.08,2018.55,3207.34,1545.03,3682.36,1028.03
2018/9/11,2218.86,2614.15,2537.48,2634.22,2711.73,2366.93,5293.62,9759.9,1937.74,2078.96,7034.22,1981.83,2144.03,3630.4,3290,5097.8,1727.69,4669.54,2223.76,3615.84,1008.71,3685.21,616.38,1975,3203.41,1518.1,3617.84,1011.08
2018/9/12,2220.53,2607.53,2513.89,2551.69,2711.33,2375.27,5305.74,9776.58,1939.27,2079.86,7058.63,1981.82,2147.83,3610.39,3283.48,5133,1726.12,4583.23,2211.45,3632.25,1024.61,3716.4,616.26,1994.48,3167.06,1510.44,3611.81,1015.13
2018/9/13,2227.49,2627.21,2539.62,2569.65,2756.61,2382.43,5322.66,9740.95,1947.77,2103.07,6998.15,1992.7,2161.17,3632.51,3301.49,5125.28,1733.93,4607.67,2234.01,3665.83,1045.73,3749.02,621.88,2010.73,3217.17,1529.37,3648.65,1023.68
2018/9/14,2216.73,2647.16,2551.79,2563.44,2757.68,2380.17,5338.88,9702.59,1942.74,2104.23,6833.11,2004.67,2162.95,3628.24,3313.14,5135.13,1742.23,4618.45,2236.08,3672.02,1059.74,3760.55,616.29,2034.18,3231.34,1542.84,3681.5,1024.22
2018/9/17,2195.87,2638.18,2528.85,2554.62,2736.07,2323.3,5337.69,9779.41,1923.1,2073.51,6728.52,1995.63,2153.7,3611.38,3276.02,5101.61,1733.15,4592.08,2210.07,3639.32,1023.72,3616.88,609.49,1978.76,3209.02,1532.18,3661.39,1010.35
2018/9/18,2164.97,2606.24,2480.7,2512.51,2686.35,2282.34,5288.97,9760.66,1893.38,2032.62,6601.72,1983.8,2137.62,3567.77,3232.3,5070.57,1696.16,4508.56,2167.31,3615.47,1015.19,3580.47,599.53,1961.28,3186.98,1526.23,3603.61,999.84
2018/9/19,2190.56,2657.46,2533.02,2590.5,2736.41,2312.47,5334.05,10035.93,1917.98,2060.35,6734.11,2010.84,2171.87,3622.91,3304.48,5175.91,1728.34,4703.49,2275.11,3676.15,1027.77,3655.92,612.46,1983.74,3235.96,1565.14,3652.3,1022.74
2018/9/20,2209.37,2721.35,2561.01,2609.91,2777.62,2348.42,5453.9,10288.45,1938.86,2100.17,6832.51,2031.31,2209.37,3732.25,3347.98,5268.56,1748.57,4742.17,2285.3,3708.68,1040.74,3705.05,617.73,2007.01,3266.28,1586.17,3701.95,1036.72
2018/9/21,2209.98,2713.01,2570.69,2617.39,2790.12,2349.3,5502.71,10326.83,1944.44,2109.87,6827.61,2032.5,2211.4,3745.37,3361.34,5361.09,1745.56,4752.38,2286.62,3707.6,1029.83,3694.17,618.72,2003.53,3280.88,1584.94,3704.43,1034.02
2018/9/25,2228.51,2754.14,2596.05,2640.4,2825.27,2367.26,5538.76,10529.67,1963.69,2120.96,6903.67,2038.1,2239.53,3754.76,3389.33,5415.98,1756.05,4772.59,2294.32,3707.4,1028.96,3690.99,623.46,2013.76,3362.2,1615.12,3797.61,1039.47
2018/9/26,2256.52,2763.87,2600.09,2649.36,2839.57,2374.14,5541.65,10586.69,1970.99,2125.59,6968.47,2041.47,2248.85,3728.52,3402.26,5466.74,1753.64,4810.73,2297.87,3716.71,1040.68,3718.82,626.68,2030.81,3365.18,1620.4,3823.61,1041.04
2018/9/27,2298.76,2779.32,2619.91,2655.72,2842.8,2382.97,5538.5,10859.59,1975.67,2128.54,7033.77,2044.48,2266.11,3726.59,3404.07,5461.09,1758.03,4813.06,2301.47,3743.81,1040.05,3716.75,629.24,2035.9,3392.48,1629.54,3835.71,1045.91
2018/9/28,2275.5,2796.19,2592.34,2633.56,2805.93,2338.54,5537.16,10864.91,1949.9,2100.79,7045.09,2033.87,2248.07,3694.53,3376.36,5367.88,1728.98,4776.02,2292.19,3696.89,1021.3,3659.7,621.58,2000.68,3402.2,1621.77,3797.45,1030.68
2018/10/8,2247.15,2778.37,2573.16,2644.52,2800.46,2294.52,5481.11,10690.49,1944.07,2092.69,6983.99,2016.35,2227.9,3602.78,3367.41,5366.21,1719.7,4702.05,2270.45,3678.25,1008.95,3587.83,613.38,1947.28,3359.01,1604.8,3794.68,1021.76
2018/10/9,2244.41,2775.19,2533.4,2608.02,2771.36,2231.42,5440.3,10351.1,1921.2,2050.58,6831.27,1996.01,2198.67,3523.12,3318.08,5161.38,1686.25,4608.6,2247.87,3613.6,992.71,3517.48,604.54,1915.22,3304.13,1565.4,3705.33,1005.6
2018/10/10,2249.75,2854.02,2546.11,2625.9,2813.9,2213.14,5452.87,10434.82,1915.22,2057.45,6824.95,1992.2,2193.67,3508.97,3308.78,5161.34,1686.83,4611.75,2249.88,3607.53,972.66,3478.46,601.55,1907.92,3310.8,1568.85,3710.04,1008.87
2018/10/11,2210.33,2765.56,2470.62,2564.32,2689.48,2123.75,5308.3,9733.46,1871.48,2001.12,6522.51,1953.5,2132.96,3415.41,3208.61,4896.76,1639.37,4476.88,2222.24,3488.93,947.75,3341.09,581.05,1835.28,3245.04,1510.81,3585.01,981.93
2018/10/12,2139.3,2683.75,2373.55,2477.92,2572.49,2034.48,5215.89,9795.58,1776.03,1892.84,6360.8,1867.16,2049.37,3260.49,3056.82,4771.39,1532.45,4336.55,2124.62,3327.12,904.46,3153.08,553.3,1727.78,3210.68,1478.18,3438.29,927.17
2018/10/15,2165.83,2731.13,2403.79,2558.21,2561.78,2062.18,5260.36,10024.26,1786.53,1898.03,6414.8,1853.3,2067.44,3310.7,3052.6,4944.6,1536.6,4426.68,2153.91,3357.2,914.33,3170.7,556.28,1748.94,3268.48,1492.48,3452.37,932.14
2018/10/16,2148.2,2645.14,2357.88,2500.72,2515.09,2037.83,5168.2,9875.95,1760.6,1850.85,6324.82,1826.27,2045.63,3254.95,2979.24,4885.84,1509.1,4342.48,2108.72,3295.26,914.07,3120.89,546.95,1725.96,3229.78,1471.71,3356.19,919.63
2018/10/17,2117.63,2650.3,2329.58,2491.71,2482.27,2014.93,5193.49,9971.09,1751.46,1836.1,6249.13,1825.88,2036,3201.65,2930.9,4861.63,1497.83,4308.14,2094.64,3277.53,906.88,3056.69,544.68,1717.47,3277.91,1496.1,3334.94,914.46
2018/10/18,2108.74,2605.79,2290.08,2471.09,2425.45,1996.07,5153.81,9678.52,1736.02,1821,6081.17,1810.28,2021.5,3179.45,2900.69,4493.68,1486.3,4243.56,2084.59,3249.11,885.91,3074.59,544.95,1700.44,3263.56,1469.91,3303.82,903.07
2018/10/19,2024.99,2467.36,2178.73,2369.24,2321.69,1939.12,5033.94,9452.5,1664.63,1760.32,5832.95,1745.8,1947.26,3105.81,2817.73,4378.32,1424.46,4090.85,1998.58,3135.19,850.98,2995.76,529.17,1638.44,3202.7,1432.28,3203.43,868.37
2018/10/22,2108.54,2558.52,2269.69,2462.08,2416.2,2047.17,5216.94,10028.48,1725.94,1831.42,6128.03,1801.69,2032,3255.49,2961.65,4604.95,1498.7,4267.23,2072.51,3295.93,887.07,3218.23,553.66,1752.96,3322.63,1527.8,3327.47,906.36
2018/10/23,2162.36,2648.24,2348.1,2541.68,2517.6,2131.92,5307.38,10324.99,1795.53,1900.6,6379.09,1865.47,2105.57,3375.05,3072.37,4922.32,1560.89,4430.43,2139.87,3405.09,924.16,3330.82,573.44,1815.17,3393.8,1636.29,3450.04,940.39
2018/10/24,2144.25,2583.73,2281.1,2484.55,2467.76,2069.17,5216.18,9621.36,1763.47,1855.86,6223.72,1832.58,2071.26,3303.01,3008.92,4760.62,1533.52,4285.8,2103.93,3343.88,907.75,3255.34,561.5,1772.81,3325.36,1570.35,3369,922.56
2018/10/25,2121.56,2548.62,2229.77,2444.52,2436.39,1990.69,5124.94,9232.21,1727.02,1800.94,6002.35,1799.11,2017.12,3264.28,2954.89,4558.78,1495.16,4152.99,2049.44,3267.4,882.75,3124.26,545.96,1720.33,3323.62,1554.18,3284.77,900.63
2018/10/26,2158.41,2624.79,2297.17,2524.8,2520.95,2071.3,5220.84,9314.91,1769.57,1847.4,6173.21,1835.37,2071.39,3430.97,3049.12,4730.81,1543.7,4236.46,2092.69,3354.75,907.63,3217.4,564.14,1785.45,3425.21,1636.57,3387.83,927.5
2018/10/29,2153.57,2636.35,2278.9,2528.57,2501.65,2046.11,5033.77,8603.95,1767.29,1844.63,6082.62,1836.93,2047.87,3498.94,3037.97,4522,1543.76,4223.79,2097.47,3322.06,897.53,3155.15,559.22,1770.16,3434.55,1604.6,3366.16,920.95
2018/10/30,2127.06,2571.97,2238.41,2494.47,2456.78,2013.2,4757.74,8089.51,1723.49,1804.64,5958.83,1815.83,2008.31,3429.07,2971.13,4325.02,1529.29,4152.44,2070.1,3285.01,888.87,3140.39,547.12,1749.48,3370.95,1534.69,3306.02,911.48
2018/10/31,2132.27,2606.39,2272.44,2520.21,2502.33,2034.11,4913.04,8288.46,1743.01,1837.4,6080.43,1832.64,2032.94,3480.95,2995.35,4493.75,1555.08,4206.15,2087.99,3324.56,897.17,3175.9,555.98,1749.44,3417.39,1594.13,3334.15,921.26
2018/11/1,2158.58,2634.05,2304.46,2568.28,2562.43,2093.67,5081.06,8635.58,1766.12,1870.01,6264.9,1861.18,2072,3563.41,3031.34,4693.78,1583.51,4436.72,2166.2,3392.18,910.88,3291.31,564.74,1787.54,3427.68,1613.66,3374.78,947.5
2018/11/2,2192.74,2629.64,2331.58,2548.82,2603.88,2162.02,5305.02,8994.93,1798.45,1897.11,6412.35,1875.92,2137.4,3596.89,3084.46,4732.59,1603.8,4449.01,2172.33,3441.04,928.66,3363.06,580.04,1832.58,3433.69,1666.08,3419.91,955.94
2018/11/5,2212.1,2642.82,2373.85,2566.92,2633.31,2189.35,5327.87,9099.49,1820.18,1931.06,6524.02,1900.93,2156.03,3556.78,3116.53,4920.63,1623.55,4460.19,2194.36,3542.8,940.37,3391.1,586.77,1843.11,3432.89,1658.73,3461.01,968.7
2018/11/6,2227.28,2664.28,2369.86,2544.33,2622.84,2177.12,5333.44,8950.45,1835.1,1939.56,6509.62,1915.97,2140.21,3559.12,3127.5,4874.77,1670.94,4489.03,2193.67,3561.74,941.79,3397.15,584.58,1846.57,3416.83,1661.29,3469.2,972.97
2018/11/7,2237.94,2673.82,2363.57,2538.28,2657.85,2167.46,5283.54,8886.38,1832.48,1947.24,6533.14,1916.14,2138.88,3603.86,3142.5,4833.3,1697.05,4476.47,2193.69,3549.1,938.55,3394.25,581.78,1855.54,3402.72,1657.86,3462.71,973.76
2018/11/8,2238.18,2662.97,2364.09,2535.3,2656.71,2180.93,5339.59,8981.41,1845.84,1943.07,6566.09,1915,2139.42,3591.76,3132.22,4868.04,1681.4,4492.72,2196.9,3550.55,938.37,3410.49,582.51,1887.04,3413.21,1655.73,3462.6,976.3
2018/11/9,2224.63,2639.95,2329.12,2504.45,2594.55,2123.53,5233.37,8846.19,1834.99,1927.51,6470.99,1898.26,2101.31,3552.78,3079.71,4809.56,1693.87,4435.3,2161.59,3494.88,916.46,3324.7,567.4,1841,3374.74,1617.49,3432.47,965.71
2018/11/12,2191.28,2612.36,2322.89,2476.39,2567.67,2131.23,5195.31,8769.03,1841.17,1945.84,6461.27,1896.56,2088.36,3541.75,3089.67,4786.68,1703.7,4363.92,2151.88,3501.77,918.19,3337.11,567.44,1868.34,3293.37,1603.37,3426.7,962.25
2018/11/13,2230.49,2607.91,2352.77,2486.84,2591.51,2171.57,5222.48,8730,1863.56,1973.26,6535.24,1928.43,2100.62,3575.12,3130.32,4782.41,1753.77,4416.31,2173.85,3582.86,928.48,3432.01,582.55,1904.06,3277.78,1598.46,3477.99,979.51
2018/11/14,2289.96,2628.33,2400.99,2534.8,2659.57,2222.16,5374.7,9075.35,1926.07,2043.21,6705.76,1974,2182.07,3673.56,3216.99,4896.37,1811.94,4537.88,2219.34,3668.82,946.03,3516.62,610.63,1936.75,3322.81,1641.07,3555.74,1002.45
2018/11/15,2291.8,2629.11,2386.47,2553.39,2645.7,2213.55,5311.34,8916.06,1922.24,2032.18,6666.78,1969.6,2160.87,3689.6,3204.67,4892.22,1823.94,4546.83,2222.7,3658.89,947.07,3516.83,611.95,1927.93,3286.27,1618.7,3547.95,1000.13
2018/11/16,2317.06,2657.67,2412.69,2551.57,2690.43,2260.65,5356.88,8998.98,1956.95,2071.78,6749.93,1994.64,2185.8,3746.04,3253.26,4946.81,1866.51,4616.5,2259.08,3720.14,970.54,3618.65,623.9,1970.24,3314.75,1659.51,3580.89,1017.03
2018/11/19,2326.25,2645.98,2430.12,2516.91,2697.32,2291.09,5416.72,8985.68,1978.25,2088.73,6709.77,2010.35,2207.04,3831.75,3294.82,4971.46,1907.03,4599.46,2277.06,3725.21,974.07,3647.06,629.29,1997.48,3327.14,1681.67,3596.3,1021.74
2018/11/20,2307.56,2646.14,2421.85,2494.92,2688.99,2263.18,5419.24,9043.2,1972.1,2081.57,6690.47,2007.62,2193.35,3895.22,3284.25,4943.15,1896.8,4659.86,2283.83,3712.53,968.96,3593.47,620.55,1967.44,3344.62,1694.68,3588.44,1020.39
2018/11/21,2251.17,2565.59,2345.65,2443.13,2636.2,2172.9,5242.6,8833.55,1907.94,2015.32,6531.48,1946.2,2151.96,3793.58,3213.34,4828.49,1834.5,4490.51,2223.36,3589.53,959.79,3483.58,602.38,1899.53,3291.79,1637.13,3505.78,992.77
2018/11/22,2289.74,2598.81,2385.05,2463.98,2662.99,2212.6,5343.18,9031.34,1942.49,2050.42,6706.8,1975.02,2183.31,3881.75,3288.08,4921.93,1873.48,4576.19,2266.07,3676.97,974.25,3540.43,615.94,1943.85,3320.06,1657.93,3558.62,1016.59
2018/11/23,2276.36,2579.66,2376.16,2431.09,2641.89,2196.86,5324.65,8987.27,1943.11,2042.09,6718.78,1963.88,2170.45,3837.04,3261,4875.14,1852.54,4546.15,2255.29,3661.22,971.03,3528.89,613.22,1933.32,3297.9,1632.58,3582.46,1014.32
2018/11/26,2227.73,2491.34,2276.43,2326.33,2509.82,2113.75,5185.36,8836.44,1857.13,1958.12,6532.53,1898.19,2127.81,3714.44,3143.72,4790.92,1769.71,4406.54,2190.94,3518.25,931.47,3371.74,586.1,1850.14,3276.33,1601.29,3458.11,976.99
2018/11/27,2237.23,2488.56,2279.33,2301.77,2518.46,2119.7,5226.06,8787.62,1870.72,1968.6,6542.88,1909.61,2124.79,3738.73,3161.37,4763.85,1788.83,4459.7,2193.3,3551.6,938.91,3396.64,591.95,1892.07,3279.66,1607.53,3463.8,981.09
2018/11/28,2227.35,2473.22,2282.96,2283.35,2516.64,2115.52,5169.27,8754.83,1870.92,1960.27,6529.26,1904.25,2104.71,3705.7,3152.62,4740.3,1785.07,4434,2186.02,3558.01,945.34,3402.35,593.19,1916.2,3259.74,1599.32,3471.03,983.49
2018/11/29,2282.74,2506.64,2312.14,2301.26,2567.23,2179.79,5289.1,8952.98,1891.03,1987.9,6610.48,1923.43,2140.78,3783.28,3180.38,4870.6,1807.19,4492.94,2219.16,3643.47,958.29,3456.51,611.79,1955.21,3297.69,1638.93,3514.61,996.29
2018/11/30,2265.29,2460.74,2258.03,2238.55,2519.24,2098.9,5141.67,8848.63,1837.11,1937.9,6478.81,1879.32,2086.01,3671.62,3098.32,4754.59,1747.41,4383.36,2172.95,3551.72,933.42,3315.67,583.85,1860.73,3264.94,1588.47,3436.63,971.62
2018/12/3,2309.59,2538.42,2343.87,2299.61,2610.77,2221.64,5281.19,9294.52,1898.73,1997.54,6694.48,1927.97,2169.18,3769.05,3197.94,4978.64,1802.65,4509.77,2242.24,3682.13,958.71,3451.24,600.89,1958.96,3356.97,1670.46,3536.78,1001.3
2018/12/4,2343.38,2537.91,2363.47,2303.31,2624.45,2230.54,5316.28,9413.71,1905.13,2009.87,6747.55,1939.09,2168.43,3732.87,3204.79,4979.07,1806.45,4523.98,2240.65,3692.54,963.34,3459.24,604.07,1968.38,3351.49,1652.02,3576.43,1006.64
2018/12/5,2332.97,2521.47,2345.24,2311.34,2599.19,2185.17,5272.22,9296.44,1886.62,1996.26,6736.24,1928.45,2158.06,3658.35,3168.28,4986.54,1807.94,4476.15,2232.48,3646.5,944.83,3394.49,596.89,1940.76,3333.1,1633.41,3526.41,999.58
2018/12/6,2399.14,2519.22,2362.46,2320.34,2629.65,2176.96,5224.48,9319.3,1900.61,2004.3,6833.55,1940.21,2152.54,3677.76,3184.35,5030.84,1813.1,4486.94,2231.15,3686.99,948.31,3416.65,601.8,1922.92,3305.61,1623.64,3542.64,1005.59
2018/12/7,2372.51,2499.78,2338.71,2295.28,2617.57,2146.52,5175.5,9219.04,1881.26,1983.44,6584.78,1923.57,2124.5,3665.7,3138.61,4984.89,1791.69,4462.14,2217.81,3666.84,946.21,3376.06,593.51,1894.19,3308.49,1609.96,3513.87,994.69
2018/12/10,2355.58,2503.24,2328.54,2297.36,2599.48,2135.28,5089.86,9047.05,1879.13,1967.21,6330,1923.72,2109.36,3660.03,3113.17,4938.99,1779.93,4465.53,2230.81,3650.6,936.23,3347.56,588.32,1885.76,3271.24,1590.16,3487.47,994.17
2018/12/11,2362.98,2492.39,2324.89,2300.49,2584.28,2136.62,5018.53,9047.61,1868.9,1954.91,6322.35,1920.01,2106.2,3633.57,3126.77,4903.1,1783.46,4444.97,2240.4,3640.93,926.75,3358.3,594.42,1914.8,3265.69,1584.19,3470.77,991.51
2018/12/12,2356.26,2507.8,2342.9,2303.47,2607.31,2162.23,5086.25,9205.55,1880.03,1979.49,6374.43,1929.04,2122.05,3714.6,3146.7,4941.65,1788.94,4452.97,2247.73,3675.09,932.47,3378.67,604.82,1953.16,3289.37,1597.8,3503.55,999.46
2018/12/13,2348.04,2502.89,2345.6,2308.3,2608.41,2153.31,5109.93,9223.48,1873.82,1982.36,6320.02,1936.26,2116.22,3747.12,3148.76,4968.52,1792.13,4453.33,2252.89,3685.9,931.82,3362.28,599.75,1925.08,3273.69,1597.95,3541.62,1000.79
2018/12/14,2347.32,2515.52,2361.09,2329.72,2607.03,2168.9,5275.53,9348.26,1883.04,2000.67,6357.73,1949.28,2132.07,3779.25,3149.77,5019.84,1799.59,4553.79,2301.29,3703.73,940.47,3383.53,600.73,1939.81,3279.5,1604.17,3552.23,1012.02
2018/12/17,2290.47,2461.78,2307.56,2279.81,2535.82,2098.67,5243.76,9218.44,1841.54,1956.71,6159.59,1923.78,2094.97,3699.99,3065.99,4897.56,1739.27,4465.15,2275,3613.14,914.57,3276.5,583.83,1885.3,3253.8,1569.83,3489.16,988.9
2018/12/18,2287.59,2452.19,2299.82,2289.01,2551.24,2077.9,5172.09,9107.83,1841.09,1952.25,6086.15,1914.85,2086.52,3691.21,3050.8,4884.09,1747.64,4472.67,2298.31,3602.93,914.71,3257.63,582.2,1871.91,3245.94,1562.96,3474.01,987.34
2018/12/19,2292.64,2436.9,2297.3,2284.47,2558.41,2079.03,5156.69,9128.26,1834.93,1953.54,6087.02,1922.56,2093.56,3654.91,3045.25,4881.77,1751.53,4422.03,2278.34,3610.77,920.33,3268.35,582.76,1879.87,3240.47,1557.81,3486,984.68
2018/12/20,2244.71,2407.17,2255.74,2260.46,2522.65,2041.94,5083.3,8941.46,1811.55,1928.95,5899.63,1900.37,2065.76,3634.98,3013.04,4795.77,1727.72,4360.01,2244.72,3548.1,903.73,3202.77,572.54,1857.5,3190.13,1536.2,3449.18,971.39
2018/12/21,2279.6,2400.14,2249.56,2257.73,2536.99,2049.07,5070.74,8898.61,1815.28,1930.19,5873.77,1902.9,2060.16,3604.27,3012.87,4800.84,1736.48,4347.9,2203.57,3556.66,898.09,3226.07,577.43,1871.96,3128.26,1526.84,3438.99,970.49
2018/12/24,2267.9,2384.96,2234.56,2243.37,2501.82,2031.89,5007.65,8794.9,1806.26,1911.11,5801.47,1895.17,2040.93,3524,2993.69,4759.36,1707.86,4280.3,2184.56,3541.72,888.1,3234.87,578.2,1876.7,3085.16,1504.15,3433.24,965.88
2018/12/25,2292.33,2369.27,2234.07,2236.23,2495.36,2038.93,4983.68,8794.33,1802.17,1913.09,5858.54,1886.91,2047.27,3496.89,2995.4,4789.87,1699.01,4270.18,2163.24,3540.01,892.93,3242.88,572.22,1910.24,3066.59,1488.73,3435.54,967.17
2018/12/26,2289.63,2339.54,2221.85,2193.07,2465.16,2055.91,5005.31,8850.36,1796.33,1918.13,5900.79,1881.09,2042.67,3501.7,2985.23,4814.6,1694.34,4249.2,2140.6,3537.15,893.07,3249.86,569.5,1954.96,3081.27,1485.06,3425.82,958.89
2018/12/27,2308.44,2364.53,2246.26,2209.79,2493.76,2076.57,5077.51,8924.27,1824.26,1941.32,5957.39,1901.83,2061.82,3552.97,3023.34,4844.63,1729.07,4312.51,2165.58,3600.49,901.85,3285.97,579.51,1956.09,3104.33,1494.97,3469.78,970.63
2018/12/28,2245.89,2310.6,2177.1,2173.96,2437.2,2015.51,4963.56,8795.71,1782.8,1889.46,5819.76,1873.57,2030.84,3482.16,2961.23,4793.07,1677.04,4193.47,2114.02,3502.71,886.71,3191.02,561.06,1924.73,3088.2,1468.21,3407.05,945.75
2019/1/2,2279.13,2306.67,2181.75,2179.56,2443.4,2007.83,5007.91,9123.89,1797.19,1889.41,5835.99,1888.45,2031.68,3492.49,2989.45,4841.41,1691.51,4206.36,2139.35,3507.61,886.2,3165.67,563.8,1924.91,3105.84,1470.89,3416.14,947.49
2019/1/3,2269.78,2280.57,2159.13,2140.42,2409.18,1986.71,4920.97,8940.32,1776.78,1871.32,5646.99,1861.3,2017.48,3455,2964.87,4725.07,1672.14,4141.76,2120.09,3477.68,894.25,3147.02,557.74,1951.73,3050.89,1454.74,3359.58,938.8
2019/1/4,2251.27,2263.85,2117.92,2132.35,2425.49,1928.87,4866.04,8686.48,1751.91,1841.44,5506.93,1842.12,1999.5,3429.45,2942.74,4554.1,1637.14,4027.57,2097.05,3453.97,915.15,3103.14,549.26,1880.83,3066.86,1465.24,3299.4,929.94
2019/1/7,2328.62,2336.24,2194.76,2198.64,2505.27,2013.21,5067.5,8997.5,1805.38,1902.41,5739.85,1887.47,2054.61,3586.78,3048.56,4668.46,1707.66,4194.2,2181.24,3616.68,953.74,3278.88,573.46,1957.43,3162.72,1551.33,3401.71,968.28
2019/1/8,2354.84,2357.84,2209.04,2215.17,2540.6,2050.22,5026.2,8994.21,1818.13,1917.37,5746.58,1896.11,2067.69,3578.94,3066.86,4696.76,1729.18,4227.1,2188.63,3703.04,984.45,3339.88,579.14,2003.21,3142.11,1531.65,3432.12,983.95
2019/1/9,2358.02,2367.61,2221.67,2217.23,2513.85,2069.55,5176.4,9036.17,1827.02,1923.28,5762.97,1912.53,2069.53,3578.76,3087.02,4746.26,1735.59,4262.42,2198.13,3702.02,966.54,3339.32,581.24,1997.58,3138.57,1535.88,3475.53,986.45
2019/1/10,2353.78,2371.81,2239.49,2229.09,2510.44,2079.43,5220.66,9097.64,1833.83,1930.04,5790.18,1901.75,2081.98,3578.51,3089.44,4809.93,1735.29,4258.71,2184.89,3722.03,956.89,3329.09,583.09,2006.33,3143.21,1551.87,3479.33,983.2
2019/1/11,2347.15,2369.39,2230.94,2224.82,2504.02,2084.34,5261.12,9141.09,1832.62,1928.65,5768.69,1896.35,2073.29,3564.89,3082.63,4804.35,1728.56,4289.6,2179.32,3774.09,956.74,3325.85,581.93,2045.27,3152.99,1548.1,3451.88,982.7
2019/1/14,2366.54,2402.04,2243.27,2238.86,2532.32,2092.89,5271.04,9228.72,1837.9,1939.24,5775.48,1903.83,2090.02,3576.08,3107.78,4801.98,1739.6,4330.33,2191.17,3791.2,968.42,3352.1,585.66,2050.42,3170.12,1554.06,3486.91,991.21
2019/1/15,2363.71,2420.94,2227.5,2261.59,2524.82,2067.07,5241.26,9173.03,1827.9,1921.83,5690.12,1894.34,2072.03,3552.6,3103.01,4718.66,1741.1,4319.22,2172.99,3754.89,959.97,3303.3,577.83,2031.83,3157.35,1540.27,3460.55,990.19
2019/1/16,2371.2,2414.66,2251.4,2270.39,2544.85,2108.99,5384.84,9588.38,1850.15,1938.18,5809.4,1903.63,2084.8,3579.37,3129.54,4831.4,1754.96,4400.45,2196.24,3829.9,967.94,3391.46,585.91,2063.24,3180.52,1574.72,3493.58,1007.59
2019/1/17,2372.25,2440.35,2243.18,2269.08,2526.04,2084.01,5353.03,9619.63,1851.13,1938.75,5866.06,1904.76,2086.21,3601.65,3134.06,4838.71,1729.36,4384.24,2191.55,3802.32,955.89,3382.35,587.05,2044.1,3199.55,1577.99,3494.23,1001.73
2019/1/18,2363.55,2465.78,2225.92,2274.07,2517.37,2060.38,5372.72,9620.05,1838.58,1932.61,5838.35,1897.74,2077.69,3578.7,3109.99,4735.12,1729.88,4373.42,2178.39,3784.03,945.65,3334.02,584.03,2018.88,3190.3,1573.92,3477.02,995.59
2019/1/21,2403.94,2504.44,2250.98,2336.28,2567.53,2077.41,5452.48,9834.21,1843.08,1947.25,5973.5,1911.18,2105.87,3614.17,3132.51,4789.17,1737.6,4433.19,2201.88,3814.84,951.44,3356.72,586.02,2012.79,3230.38,1589.88,3489.33,999.71
2019/1/22,2383.94,2510.69,2272.14,2335.66,2573.45,2098.21,5489.47,9888.67,1851.56,1959.56,5989.68,1917.2,2110.49,3599.55,3144.97,4845.37,1736.2,4440.86,2203.07,3813.38,950,3368.66,587.1,2046.24,3239.92,1591.2,3519.92,1003.56
2019/1/23,2366.05,2450.83,2245.51,2281.32,2535.06,2067.59,5382.64,9706.61,1837.17,1935.79,5868.57,1891.83,2083,3582.44,3096.9,4797.54,1705.09,4356.9,2175.68,3762.62,936.91,3308.53,577.73,2012.1,3213.16,1570.16,3471.07,993.34
2019/1/24,2396.01,2453.27,2272.14,2281.48,2549.07,2075.17,5457.45,9760.78,1840.64,1951.43,5871.79,1898.77,2085.66,3589.11,3119.76,4591.96,1714.46,4410.34,2178.19,3782.41,941.48,3318.93,579.01,2019.83,3230.94,1571.09,3511.13,997.57
2019/1/25,2427.6,2448.62,2266.79,2281.97,2535.66,2104.27,5485.2,9832.56,1844.81,1947.38,5895.5,1899.85,2086.91,3595.51,3126.18,4663.4,1717.54,4421.06,2161.54,3806.71,951.13,3364.93,581.41,2028.4,3260.45,1589.47,3515.13,999.84
2019/1/28,2415.78,2448.85,2269.83,2288.43,2543.12,2128.03,5535.66,9903.15,1833.54,1962.05,5894.73,1894.33,2098.24,3626.09,3117.72,4703.41,1718.59,4447.71,2170.76,3809.32,945.1,3366.02,583.58,2006.15,3316.03,1610.97,3547.45,1005.82
2019/1/29,2402.35,2426.62,2238.67,2262.13,2507.96,2105.01,5508.63,9861.29,1813,1944.09,5786.12,1874.7,2088.33,3589.13,3121.36,4619.12,1687.7,4424.79,2139.91,3779.45,932.25,3331.11,571.3,1968.54,3292.24,1586.51,3511.58,993.24
2019/1/30,2388.36,2423.28,2217.31,2278.6,2447.41,2053.5,5544.31,9895.26,1782.35,1907.08,5745.26,1857.23,2071.89,3607.58,3102.07,4603.77,1654.87,4406.91,2121.13,3709.79,912.27,3269.53,555.6,1931.83,3314.31,1571.59,3450.33,978.23
2019/1/31,2370.87,2410.01,2204.07,2277.38,2440.24,2040.37,5544.43,9788.46,1768.66,1875.54,5714.35,1837.49,2062.71,3649.55,3056.54,4497.89,1627.49,4392.54,2114.24,3694.68,915.32,3229.85,544.8,1903.25,3318.49,1580.81,3416.72,966.87
2019/2/1,2359.76,2411.07,2192.91,2273.39,2403.56,2050.12,5676.88,9949.13,1757.38,1854.83,5723.49,1826.92,2058.56,3660.41,2997.95,4524.15,1616.29,4383.84,2111.63,3667.03,905.96,3197.69,540.32,1906.3,3379.53,1618.76,3406.92,956.73
2019/2/11,2404.21,2441.05,2243.32,2311,2461.52,2125.35,5675.02,10029.02,1791.3,1896.04,5870.54,1860.95,2079.57,3660.26,3072.22,4583.1,1657.93,4451.99,2135.61,3789.24,927.35,3316.62,557.95,1951.72,3347.34,1619.43,3467.27,979.99
2019/2/12,2528.65,2466.14,2287.05,2328.81,2524.38,2202.78,5848.44,10408.87,1821.94,1938.28,6034.35,1898.83,2111.11,3717.77,3126.35,4735.01,1692.6,4543.57,2168.72,3869.23,944.28,3422.27,570.13,2015.4,3372.02,1651.66,3540.07,999.14
2019/2/13,2553.11,2500.34,2322.07,2349.93,2551.01,2264.2,5921.9,10446.97,1843.98,1970.82,6187.94,1917.53,2136.46,3748.25,3173.3,4784.98,1714.47,4585.99,2195.39,3889.83,952.11,3457.34,578.05,2033.8,3372.01,1662.43,3590.37,1012.02
2019/2/14,2563.75,2518.52,2366.26,2377.86,2612.66,2359.74,5988.29,10539.86,1859.91,2003.37,6252.85,1938.52,2164.41,3806.32,3214.12,4902.94,1744.56,4656.1,2212.71,3931.37,971.1,3538.61,588.66,2110.57,3406.46,1695.06,3648.32,1026.32
2019/2/15,2570.07,2519.63,2375.73,2376.31,2606.67,2347.86,6001.59,10675.44,1864.87,2007.14,6282.9,1938.39,2173.68,3810.58,3227.51,4973.11,1745.58,4650.44,2214.74,3985.32,971.88,3542.93,591.97,2103.59,3389.35,1689.83,3644.56,1033.07
2019/2/18,2655.89,2515.78,2374.13,2361.93,2622.93,2375.09,5901.2,10624.83,1870.52,2002.14,6287.57,1954.99,2166.53,3776.75,3224.67,4928.3,1753.39,4616.33,2217.79,3983.82,973.46,3560.03,591.45,2125.78,3355.81,1672.72,3604.68,1037.36
2019/2/19,2752.76,2557.42,2440.1,2403.33,2691.68,2487.62,6042.72,10842.66,1917.26,2065.94,6490.65,2001.17,2218.79,3879.88,3308.88,5043.12,1800.87,4772.88,2272.75,4139.45,1004.7,3687.56,611.13,2204.56,3397.82,1740.92,3721.2,1071.61
2019/2/20,2781.99,2556.81,2435.81,2398.92,2702.95,2474.89,6036.96,10773.45,1909.59,2069.37,6418.7,1989.47,2228.78,3853.14,3293.88,5038.42,1805.23,4771.16,2263.86,4104.58,1013.98,3701.37,609.65,2177.66,3411.01,1758.26,3720.98,1063.59
2019/2/21,2796.86,2580.84,2434.09,2414.11,2739.51,2482.09,6056.68,10645.48,1908.09,2089.26,6389.04,1988.72,2236.51,3894.59,3292.4,5067.34,1811.67,4792.93,2259.42,4107.43,1026.32,3670.91,612.78,2192.36,3399.8,1753.42,3740.79,1064.47
2019/2/22,2824.23,2558.62,2409.91,2394.39,2717.04,2479.91,5987.46,10549.97,1895.96,2084.02,6360.34,1973.17,2223.13,3848.35,3250.8,5052.59,1803.28,4726.19,2245.78,4099.85,1009.16,3662.95,618.2,2239.28,3378.22,1770.12,3744.57,1058.23
2019/2/25,2874.3,2594.88,2470.32,2427.42,2790.95,2639.97,6132.86,10705.97,1947.07,2140.42,6485.28,2020.49,2302.65,3957.49,3390.85,5128.36,1904.86,4809.15,2289.35,4256.17,1042.95,3952.03,653.63,2436.15,3455.18,1943.42,3812.57,1094.53
2019/2/26,2899.37,2705.48,2565.76,2538.8,2966.29,2727.66,6297.02,11003.24,2020.08,2216.46,6746.6,2100.14,2383.72,4151.56,3536.49,5300.75,1982.94,4998.5,2388.38,4384.51,1093.55,4151.1,683.4,2482.35,3648.7,2073.23,3973.27,1144.25
2019/2/27,2985.85,2730.22,2558.96,2602.23,2961.12,2664.77,6194.7,10882.98,2005.95,2182.46,6781.24,2094.4,2368.05,4096.81,3494.17,5211.55,1961.27,4976.56,2422.6,4322.4,1081.89,4110.86,679.07,2396.39,3591.47,2003.98,3931.91,1143.31
2019/2/28,2882.08,2733.95,2562.48,2601.18,2945.26,2616.33,6166.74,10999.26,2028.84,2175.82,6758.34,2095.83,2371.45,4138.67,3519.74,5226.36,1980.53,4980.07,2413.13,4251.05,1120.24,4076.72,677.16,2430.73,3633.75,1987.43,3925.41,1135.36
2019/3/1,2907.43,2740.49,2589.42,2612.24,2948.21,2648.3,6223.4,11226.26,2039.26,2204.21,6976.76,2103.64,2371.9,4138.57,3529.67,5347.93,1980.36,5079.7,2413.85,4298.91,1108.42,4093.89,680.27,2436.65,3643.3,1971.36,3942.89,1142.29
2019/3/4,3010.99,2774.03,2614.61,2652.06,2960.27,2691.06,6393.63,11577.66,2053.51,2218.64,6983.73,2117.31,2399.29,4187.4,3560.73,5362.24,2009.4,5242.87,2445.78,4345.4,1115.08,4193.98,696.54,2484.13,3762.65,2042.21,3981.57,1161.39
2019/3/5,3119.16,2774.28,2618.99,2652.13,2978.76,2690.18,6494.9,11582.06,2065.39,2249.63,7025.72,2155.96,2400.73,4287.66,3591.54,5335.74,2012.29,5276.57,2452.42,4370.58,1130.65,4205.88,695.3,2497.6,3747.58,2023.61,4000.6,1178.43
2019/3/6,3183.22,2798.96,2672.2,2674.15,3067.01,2833.53,6645.02,11520.06,2113.51,2326.05,7162.55,2201.9,2425.39,4417.13,3683.31,5359.18,2123.38,5319.65,2512.68,4498.37,1174.04,4475.49,722.3,2658.57,3743.93,2044.14,4069.49,1215.98
2019/3/7,3280.2,2860.5,2700.16,2784.44,3114.35,2814.27,6636.06,11386.73,2142.67,2355.03,7216.46,2237.56,2463.17,4399.89,3722.27,5351.77,2142.25,5356.48,2536.81,4537.32,1170.14,4544.74,733.1,2658.14,3754.13,2120.09,4132.43,1225.81
2019/3/8,3205.67,2847.18,2669.19,2740.23,3136.3,2751.22,6374.16,11015.73,2140.24,2342.71,7091.53,2220.84,2450.98,4290.09,3687.21,5295.54,2160.75,5275.84,2504.59,4482.57,1144.67,4539.95,722.7,2607.91,3650.44,2034.1,4068.76,1210.62
2019/3/11,3366.6,2726.62,2597.9,2609.76,3007.97,2833.62,6242.21,10973.9,2076.08,2271.39,7040.65,2151.02,2372.12,4132.6,3596.72,5183.31,2100.21,5141.42,2416.47,4429.66,1129.43,4735.24,711.6,2631.52,3557.42,1990.82,3965.42,1184.43
2019/3/12,3385.28,2796.79,2716.71,2706.42,3103.81,2926.77,6462.3,11361.92,2162.65,2362.03,7320.33,2232.37,2468.34,4294.63,3734.91,5367.42,2197.72,5313.04,2500.56,4849.36,1174.51,4822.76,749.84,2706.31,3607.46,2029.16,4082.18,1235.69
2019/3/13,3638.45,2801.65,2724,2690.22,3110.91,2948.53,6366.28,11244.32,2173.27,2392.7,7326.1,2256.62,2463.47,4323.73,3742.98,5356.51,2252.23,5331.49,2512.07,4813.77,1213.63,4961.88,775.21,2722.83,3592.19,2052.6,4122.97,1248.69
2019/3/14,3330.9,2756.51,2674.68,2640.86,3064.11,2808.65,6304.43,11254.58,2147.54,2345.13,7247.59,2202.98,2430.06,4367.7,3668.39,5309.42,2224.86,5259.53,2476.1,4660.37,1178.16,4592.11,740.88,2589.57,3581.17,2010.79,4021.39,1215.12
2019/3/15,3263.45,2742.62,2663.06,2643.04,3042.17,2777.45,6375.05,11404.4,2107.11,2310.84,7185.22,2171.06,2418.48,4298.31,3612.55,5288.69,2167.27,5317.08,2450.2,4580.49,1163.93,4503.96,725.86,2576.75,3588.89,2014.51,3999.33,1205.85
2019/3/18,3333.6,2783.58,2722.79,2674.11,3096.42,2783.31,6507.5,11607.3,2160.42,2349.07,7313.28,2194.32,2450.49,4440.55,3680.49,5378.87,2221.91,5333.92,2493.23,4637.81,1155.78,4457.38,728.15,2548.03,3607.13,2028.01,4067.17,1227.46
2019/3/19,3385.59,2861.76,2788.17,2766.32,3153.26,2831.72,6690.94,12221.59,2195.7,2396.34,7560.49,2238.51,2502.26,4562.67,3766.5,5537.08,2238.94,5503.31,2587.44,4676.91,1181.24,4562.1,738.58,2600.79,3671.57,2074,4130.85,1255
2019/3/20,3365.72,2861.93,2787.12,2732.58,3135.93,2849.79,6632.63,12035.59,2193.96,2396.71,7497.7,2250.88,2491.2,4540.77,3767.3,5545.28,2289.82,5500.15,2561.47,4675.12,1194.65,4663.74,745.53,2603.76,3635.79,2051.82,4128.51,1251.6
2019/3/21,3297.18,2857.14,2788.31,2729.73,3130.8,2815.51,6560.95,12077.17,2203.28,2404.34,7525.82,2263.14,2513.99,4586.2,3782,5599.58,2317.36,5599.26,2570.37,4660.1,1186.94,4639.1,749.05,2598.18,3651.87,2094.86,4134.39,1256.23
2019/3/22,3341.77,2853.53,2807.5,2723.88,3146.15,2859.15,6565.22,12048.18,2220.18,2425.29,7552.47,2278.85,2508.28,4594.11,3804.76,5641.22,2357.57,5613.3,2573.86,4690.17,1193.81,4735.56,766.73,2615.79,3634.55,2096.05,4153.78,1261.68
2019/3/25,3219.39,2802.83,2785.11,2674.3,3086.3,2809.71,6514.07,11956.21,2226.3,2425.96,7501.49,2259.97,2509.67,4546.56,3786.92,5697.5,2328.9,5549.31,2554.63,4606.61,1198.95,4631.51,744.12,2553.28,3577.52,2038.13,4134.18,1240.1
2019/3/26,3311.62,2812.01,2824.97,2662.66,3093.06,2845.95,6509.83,11928.13,2267.33,2483.25,7531.85,2262.2,2499.63,4545.38,3809.28,5691.37,2328.03,5531.64,2563.81,4653.04,1269.12,4722.76,740.21,2599.16,3545.61,2020.73,4143.06,1256.89
2019/3/27,3254.12,2761.22,2765.88,2606.12,3026.22,2767.28,6432.33,11973.59,2214.51,2453.03,7392.67,2208.53,2456.72,4462.06,3702.84,5654.72,2265.59,5491.49,2502.68,4572.59,1195.69,4644.9,716.8,2508.98,3525.45,1987.6,4061.48,1225.37
2019/3/28,3225.54,2749.71,2793.41,2597.82,2978.69,2744.58,6481.89,12269.38,2239.48,2478.07,7539.18,2193.16,2478.46,4470.36,3720.84,5752.49,2230.54,5529.28,2476.44,4530.69,1179.56,4530.55,706.06,2493.12,3529.92,1973.21,4040.51,1217.79
2019/3/29,3232.07,2727.19,2758,2564.77,2942.99,2744.66,6450.34,12540.21,2201.63,2441.24,7471.73,2174.84,2471.34,4414.05,3687.64,5781.25,2187.63,5491.02,2457.4,4489.32,1190.66,4516.01,693.29,2495.37,3525.96,1984.65,3975.87,1209.31
2019/4/1,3409.8,2829.92,2851.67,2660.87,3053.32,2841.03,6699.32,12976.04,2262.78,2532.5,7727.6,2230.46,2556.42,4673.89,3823.49,6013.34,2262.57,5691.71,2535.53,4614.35,1242.46,4765.71,722.54,2587.14,3650.22,2113.83,4111.1,1252.63
2019/4/2,3605.26,2935.97,2971.25,2743.16,3195.75,2949.98,6970.77,13082.51,2322.71,2632.49,7890.71,2287.29,2627.14,4807.41,3924.49,6106.57,2327.92,5884.51,2605.08,4778.29,1304.74,4972.06,749.33,2666.85,3708.76,2144.75,4228.32,1291.48
2019/4/3,3486.77,2936.42,2983.14,2724.79,3209.02,2919.82,6867.24,12835.37,2307.73,2603.71,7817.93,2269.9,2608.33,4770.14,3930.09,6053.29,2329.5,5859.51,2585.86,4747.35,1287.89,4946.54,744.33,2640.52,3677.6,2128.35,4243.26,1280.67
2019/4/4,3549.52,3008.12,3033.94,2781.36,3271.66,2961.77,6939.77,12898.39,2351.5,2645.46,7934.94,2300.64,2796.43,4891.14,4044.6,6144.56,2373.5,6061.44,2656.51,4798.21,1312.99,5049.39,759.14,2669.19,3742.22,2218.32,4339.05,1306.4
2019/4/8,3629.57,3073.79,3207.6,2798.91,3306.32,2946.67,7005.99,13484.43,2351.43,2664.05,7983.76,2313.79,2747.91,4896.82,4058.86,6182.84,2381.88,6100.69,2671.62,4816.35,1338.62,5033.11,759.53,2662.79,3816.41,2228.16,4434.14,1318.16
2019/4/9,3563.25,3084.24,3178.53,2890.45,3298.12,2850.67,7250.79,13425.89,2332.2,2630.75,7910.85,2292.9,2688.66,4871.93,3990.43,6098.18,2349.4,6243.33,2656.04,4744.61,1307.91,4855.26,742.42,2593.57,3815.5,2181.97,4388.17,1305.91
2019/4/10,3508.23,3046.63,3107.4,2809.49,3231.42,2858.78,7426.43,13522.73,2340.55,2617.71,7990.99,2295.56,2675.8,4929.41,4015.53,6171.23,2339.11,6141.3,2657.14,4783.18,1295.08,4842.67,749.74,2631.4,3767.93,2182.17,4405.29,1303.52
2019/4/11,3527.1,3040.45,3103.87,2799.09,3219.57,2857.85,7437.29,13848.96,2344.47,2638.89,8180.71,2306.44,2709.49,4926.78,4027.96,6149.25,2334.77,6117.51,2672.03,4787.75,1293.44,4833.22,745.45,2650,3772.24,2178.7,4536.88,1311.92
2019/4/12,3510.64,2991.41,3010.22,2727.6,3153.31,2797.6,7141.35,13205.4,2307.89,2572.07,7900.23,2286.63,2655.24,4836.81,3943.89,6030.07,2292.61,5934.93,2604.68,4743.58,1273.78,4719.58,731.02,2580.6,3736.65,2136.21,4517.45,1285.85
2019/4/15,3620.23,3029.9,3044.26,2745.84,3194.67,2842.79,7201.41,13515.25,2326.87,2582.05,7902.12,2333.46,2691.33,4872.71,4013.72,6060.42,2327.01,6002.92,2654.34,4814.51,1274.19,4825.91,744.24,2631.39,3806.86,2194.83,4533.07,1305.26
2019/4/16,3485.85,2968.39,2962.43,2685.69,3101.97,2772.44,7129.05,13111.66,2276.82,2522.87,7716.85,2274.49,2648.61,4740.09,3920.25,6015.93,2269.55,5841.95,2600.36,4692.41,1250.63,4652.15,715.08,2574.22,3746.72,2122.87,4403.49,1267.15
2019/4/17,3487.56,3071.76,3029.98,2743.2,3206.65,2887.27,7361.7,13452.58,2323.87,2569.65,7873.83,2314.15,2698.18,4835.91,3999.67,6133.5,2323.59,5987.59,2658.16,4786.94,1275.78,4803.32,733.99,2755.56,3896.72,2205.01,4499.15,1299.34
2019/4/18,3586.23,3104.55,3058.64,2733.75,3220.51,2909.3,7421.16,13577.08,2338.12,2592.19,7893.68,2316.86,2709.24,4786.05,3993.88,6161.58,2328.37,5982.57,2651.33,4855.22,1283.01,4784.06,737.3,2730.46,3888.01,2195.1,4713.9,1310.3
2019/4/19,3568.95,3080.33,3048.4,2731.66,3176.62,2885.4,7422.38,13619.08,2309.8,2578.2,7835.51,2308.11,2685.82,4741.57,3952.34,6222.66,2319.78,6005.16,2649.84,4840.78,1297.62,4736.3,735.31,2735.37,3868.9,2202.82,4592.76,1300.4
2019/4/22,3601.68,3183.88,3074.08,2756.63,3204.02,2915.71,7713.29,13691.84,2318.58,2585.46,7892.43,2319.5,2713.61,4758.67,3985.28,6279.41,2353.81,5988.67,2686.09,4922.71,1304.55,4782.44,743.59,2817,3884.08,2250.21,4674.78,1316.67
2019/4/23,3671.7,3134.34,3033.86,2696.17,3130.95,2892.51,7389.83,13539.39,2278.33,2531.19,7782.32,2301.6,2665.36,4613.7,3923.86,6245.4,2312.47,5791.8,2611.39,4827.92,1274.32,4666.1,728.14,2789.56,3773.58,2170.37,4546.28,1288.32
2019/4/24,3673.2,3072.32,2990.15,2671.82,3090.32,2841.29,7404,13831.45,2248.82,2502.52,7748.71,2279.64,2656.29,4649.71,3880.19,6135.97,2289.6,5748.09,2559.47,4709.6,1222.16,4605.06,726.58,2716.84,3807.92,2192.88,4460.43,1268.68
2019/4/25,3719.39,3078.31,2990.35,2665.44,3093.83,2882.09,7276.67,13705.85,2251.51,2513.65,7763.73,2285.88,2647.23,4599.2,3891.4,6136.96,2303.24,5755.7,2564.53,4742.61,1219.25,4684.79,720.86,2736.17,3779.69,2179.34,4485.69,1275.08
2019/4/26,3666.65,2933.26,2868.52,2566.9,2981.1,2760.99,7064.69,13464.93,2168.12,2409.77,7593.97,2204.73,2572.27,4470.67,3744.18,6018.14,2190.98,5539.34,2464.19,4527.03,1164.68,4475.63,689.95,2626.86,3735.16,2122.57,4277.9,1218.12
2019/4/29,3552.22,2905.87,2831.38,2522.95,2919.64,2755.16,6900.27,13442.23,2155.17,2387.77,7509.87,2167.32,2568.61,4445.03,3727.96,5988.48,2184.92,5521.49,2438.34,4464.79,1158.07,4522.58,680.68,2669.3,3708.7,2139.97,4216.77,1207.02
2019/4/30,3421.41,2823.9,2749.88,2466.17,2785.51,2646.48,6902.25,13595.88,2096.64,2304.21,7460.81,2113.31,2524.45,4385.79,3691.86,5917.17,2090.76,5411.45,2378.45,4329.07,1116.52,4315.02,655.22,2492.86,3750.84,2114.22,4099.55,1172.32
2019/5/6,3446.17,2787.37,2685.53,2447.1,2741.15,2556.22,6727.28,13248.86,2080.16,2263.44,7295.1,2103.05,2474.56,4296.4,3625.95,5691.26,2072.88,5275.56,2330.89,4215.08,1102.63,4142.46,636.21,2379.17,3674.09,2018.41,4012.96,1144.63
2019/5/7,3410.82,2716.04,2594.4,2365.61,2641.84,2454.09,6621.39,12838.2,1996.96,2176.84,7093.9,2043.45,2402.02,4172.57,3527.79,5586.09,2004.18,5147.77,2238.89,4062.72,1053.59,3968.64,617.27,2279,3675.81,1966.78,3864.41,1104.43
2019/5/8,3291.72,2680.43,2555.73,2308.42,2610.23,2415.3,6631.52,12809.28,1985.42,2157.13,7075.11,2024.89,2376.94,4142.15,3516.36,5542.7,1994.92,5106.07,2211.03,4010.14,1035.22,3867.84,608.5,2218.95,3616.85,1911.22,3817.33,1092.97
2019/5/9,3213.43,2668.36,2565.28,2303.7,2637.53,2443.7,6609.69,12855.51,2005.47,2182.06,7093.1,2021.93,2368.63,4149.41,3533.99,5443.64,2007.71,5113.89,2221.27,4022.23,1061.72,3954.81,613.79,2240.31,3582.94,1903.2,3850.76,1100.98
2019/5/10,3308.78,2687.84,2593.54,2306.76,2655.69,2472.22,6676.89,12791.41,2021.95,2193.75,7055.69,2030.33,2371.29,4145.01,3523.67,5506.63,2013.63,5160.48,2237.1,4079.6,1075.63,4031.78,621.01,2267.82,3558.51,1916.73,3878.86,1114.35
2019/5/13,3367.97,2707.49,2616.82,2326.05,2683.41,2511.87,6712.94,13052.14,2047.56,2224.27,7121.65,2046.91,2406.03,4186.31,3563.68,5608.57,2030.2,5228.11,2250.13,4120.86,1104.42,4142.97,628.61,2310.36,3558.71,1942.73,3921.59,1132.55
2019/5/14,3346.83,2688.61,2573.53,2285.15,2672.61,2445.67,6673.38,13015.03,2043.07,2202.03,7094.34,2024.68,2401.17,4177.4,3546.66,5550.46,2003.25,5194.52,2235.16,4056.32,1086.48,4085.1,618.86,2275.52,3519.6,1907.8,3837.95,1120.22
2019/5/15,3377.18,2713.43,2613.64,2305.93,2696.94,2487.29,6763.03,13208.12,2059.74,2237.25,7152.26,2037.35,2415.96,4220.29,3568.28,5601.86,2042.76,5245.95,2254.29,4133.27,1108.86,4155.27,629.4,2357.89,3561.54,1933.39,3883.35,1133.51
2019/5/16,3450.94,2753.09,2650.45,2333.12,2721.84,2498.44,6847.99,13696.59,2087.7,2272.06,7264.89,2056.47,2450.33,4250.48,3617.24,5702.68,2061.81,5332.71,2271.67,4225.81,1112.86,4184.32,634.43,2358.95,3588.95,1958.41,3943.04,1147.26
2019/5/17,3461.38,2774.56,2683.88,2388.64,2832.22,2497.6,6891.87,13800.54,2092.6,2281.63,7332.73,2070.4,2468.12,4290.44,3648.91,5754.46,2080.58,5436.11,2286.9,4250.4,1126.9,4193.36,635.44,2342.56,3601.95,1965.51,3956.97,1154.89
2019/5/20,3394.98,2672.84,2582.24,2310.57,2697.81,2434.45,6739.66,13432.73,2024.27,2185.82,7111.96,2002.2,2397.44,4149.27,3524.67,5545.93,2009.27,5222.97,2211.19,4076.73,1091.83,4048.46,607.76,2268.49,3542.28,1884.02,3789.86,1111.41
2019/5/21,3232.13,2648.63,2553.71,2316.68,2739.47,2414.84,6713.6,13194.24,2002.39,2161.16,7017.54,1991.25,2370.14,4115.3,3473.42,5527.16,1985.39,5204.16,2206.69,4055.14,1109.24,4094.86,606.13,2278.64,3550.56,1894.97,3741.31,1112.33
2019/5/22,3317.99,2710.07,2598.9,2345.26,2838.99,2447.48,6866.11,13283.24,2010.46,2210.09,7146.16,2022.79,2404.15,4170.47,3531.47,5597.16,2030.65,5334.02,2230.79,4121.85,1122.83,4182.11,614.52,2333.93,3577.32,1916.91,3803.03,1129.99
2019/5/23,3299.51,2676.69,2565.55,2320.23,2788.26,2459.32,6782.79,13120.74,1989.4,2183.85,7088.03,2007.04,2388.07,4129.72,3483.54,5587.6,2008.31,5286.16,2192.34,4080.32,1112.13,4243.29,609.34,2339.22,3554.43,1881.73,3752.6,1118.87
2019/5/24,3206.74,2644.7,2510.89,2289.67,2727.21,2368.56,6599.8,12879.91,1958.59,2143.67,6923.48,1983.64,2360.86,4082.15,3417.88,5488.19,1982.78,5194.69,2162.63,3998.14,1091.23,4062.18,594.08,2242.09,3555.36,1875.15,3650.95,1098.66
2019/5/27,3172.49,2650.17,2508.71,2300.71,2727.77,2356.22,6652.05,13001.8,1962.57,2142.21,6924.68,1990.54,2355.81,4071.54,3384.89,5485.47,1955.62,5215.45,2168.38,4010.74,1073.49,4032.68,593.77,2224.74,3549.88,1881.94,3690.13,1101.01
2019/5/28,3314.77,2682.86,2562.67,2334.43,2786.8,2448.81,6678.9,13039.99,1997.25,2173.19,7030.49,2022.58,2384.02,4128.02,3457.86,5552.63,2012.35,5279.96,2205.05,4112.05,1108.1,4213.67,606.96,2309.53,3570.74,1918.43,3738.76,1127.71
2019/5/29,3361.85,2663.92,2555.29,2343.93,2816.89,2441.61,6687.98,13133.15,1994.71,2166.45,7023.73,2022.07,2391.02,4147.17,3448.32,5565.82,2017.74,5274.85,2200.96,4095.93,1104.23,4185.66,605.55,2289.67,3570.48,1915.74,3771.06,1126.15
2019/5/30,3450.9,2679.38,2553.15,2338.9,2847.44,2455.12,6644.4,13295.67,1986.8,2170.87,6987.19,2025.32,2382.15,4116.85,3451.34,5542.82,2013.83,5292.24,2197.1,4090.35,1109.15,4159.14,604.65,2289.69,3569.84,1941.28,3757.62,1125.13
2019/5/31,3504.87,2701.93,2548.31,2297.95,2873.29,2442.86,6573.24,13267.81,1979.58,2161.79,6972.49,2040.39,2396.61,4100.54,3437.5,5519.17,2014.74,5266.36,2188.2,4092.76,1106.16,4109.93,603.08,2267.98,3564.67,1930.96,3748.18,1118.83
2019/6/3,3552.67,2668.98,2528.23,2309.59,2908.02,2453.98,6594.32,13155.13,1979.21,2161.83,6956.47,2046.68,2417.92,4113.42,3416.6,5535.62,2004.9,5251.85,2195.85,4095.47,1127.77,4119.59,603.34,2289.82,3550.54,1933.76,3741.25,1117.59
2019/6/4,3441.7,2621.21,2477.26,2290.75,2853.8,2433.69,6579.48,13198.58,1954.08,2133.15,6882.38,2033.72,2388.11,4069.96,3381.21,5470.37,1986.28,5205.31,2182.73,4022.91,1096.04,4031.64,592.73,2325.71,3560.92,1919.21,3694.24,1100.58
2019/6/5,3391.77,2620.99,2474.67,2281.74,2826.46,2428.37,6562.49,13024.09,1934.99,2116.46,6819.82,2027.69,2382.29,4067.28,3378.03,5443.27,1977.7,5112.8,2174.37,4004.09,1078.82,4017.28,594.12,2347.96,3576.46,1924.72,3696.09,1094.61
2019/6/6,3374.91,2595.82,2439.9,2263.13,2800.65,2403.58,6541.11,12899.1,1920.02,2090.81,6604.42,2016.84,2344.05,4071.61,3349.3,5390.18,1970.03,5064.72,2167.43,3968.42,1063.76,3978.71,589.79,2360.61,3579.12,1905.56,3661.16,1086.47
2019/6/10,3270.19,2565.79,2407.32,2243.24,2814.59,2336.3,6507.21,12734.76,1891.58,2054.13,6492.23,1994.85,2307.2,4044.64,3301.58,5317.56,1925.29,5029.25,2141.17,3889.58,1037.76,3898.06,575.72,2270.69,3580.22,1894.94,3652.36,1067.74
2019/6/11,3275.08,2580.43,2423.32,2240.54,2822.82,2389.87,6533.9,13028.04,1897.99,2066.54,6547.26,2012.02,2328.91,4092.76,3336.65,5406.16,1945.8,5146.52,2192.06,3942.15,1040.45,3937.47,580.68,2325.39,3616.08,1898.46,3666.72,1080.55
2019/6/12,3383.04,2637.37,2495.05,2301.31,2945.53,2463.21,6710.69,13570.58,1949.19,2128.94,6744.96,2056.02,2389.57,4181.54,3433.36,5573.7,2010.54,5365,2254.05,4047.66,1075.57,4088.83,601.17,2365.85,3648.36,1966.14,3761.36,1116.14
2019/6/13,3431.87,2630.76,2468.13,2284.84,2955.56,2453.24,6648.02,13502.62,1931.76,2105.34,6726.3,2047.32,2371.9,4150.25,3399.64,5567.84,1994.52,5325.55,2245.25,4020.6,1072.73,4058.79,599.37,2371.34,3645.4,1954.19,3729.34,1110.13
2019/6/14,3415.05,2673.78,2500.69,2288.67,2979.64,2455.83,6587.57,13460.19,1939.49,2127.26,6766.96,2052.25,2372.03,4154.51,3420,5562.61,2007.05,5327.83,2234.85,4069.93,1077.16,4119,605.87,2368.67,3651.25,1960.96,3742.71,1121.37
2019/6/17,3369.81,2616.86,2441.29,2256,2929.35,2387.44,6534.57,13334.34,1913.05,2081.38,6738.79,2021.37,2345.21,4102.6,3353.51,5556.93,1964.85,5254.69,2194.72,3986.75,1070.46,3998.06,590.42,2301.25,3636.87,1931.98,3665.28,1100.17
2019/6/18,3325.2,2631.29,2448.38,2264.62,2922.82,2374.44,6503.42,13342.73,1905.32,2066.65,6749.17,2017.26,2352.59,4117.36,3372.53,5601.81,1960.52,5291.47,2210.86,3963.81,1066.14,4000.95,592.01,2308.42,3656.15,1944.8,3671.98,1101.2
2019/6/19,3461.16,2667,2498,2283.39,2926.37,2463.45,6678.51,13647.08,1927.71,2107.48,6889.61,2050.12,2404.27,4161.26,3451.15,5663.92,1988.34,5308.34,2238.01,4045.02,1079.96,4151.7,610.23,2370.91,3710.92,2045.35,3728.94,1124.33
2019/6/20,3354.99,2637.26,2472.32,2266.95,2934.86,2432.5,6661.84,13513.7,1921.97,2102.65,6857.66,2056.24,2401.2,4105.26,3422.26,5710.19,1978.47,5228.55,2219.95,4003.5,1075.05,4079.62,602.3,2325.29,3690.2,1999.63,3700.53,1113.42
2019/6/21,3363.38,2701.2,2531.78,2289.61,2967.34,2499.93,6839.32,14018.59,1959.06,2152.15,7018.94,2120.32,2453.1,4195.75,3500.78,5895.63,2030.96,5364.87,2259.26,4110.99,1102.15,4224.72,619.88,2383.39,3774.29,2113.48,3774.13,1144.47
2019/6/24,3295.27,2703.74,2549.27,2322.97,3011.49,2514.35,6790.06,14091.41,1986.37,2172.54,7042.78,2139.46,2458.97,4204.21,3542.03,5891.29,2054.46,5334.74,2267.99,4132.29,1119.95,4336.72,628.68,2393.31,3742.8,2138.42,3813.06,1156.97
2019/6/25,3313.7,2714.49,2549.75,2351.65,3041.24,2495.7,6826.95,14238.17,1973.62,2173.32,7043.67,2116.96,2460.32,4199.7,3531.5,5914.13,2050.59,5373.99,2259.94,4122.01,1113.27,4291.97,624.24,2368.51,3745.01,2123.21,3813.96,1154.25
2019/6/26,3246.97,2692.7,2509.7,2314.42,2982.69,2450.92,6741.54,14197.84,1958.85,2147.6,6985.88,2093.79,2434.01,4160.15,3486.64,5853.28,2024.81,5290.58,2233.65,4069.57,1109.58,4198.69,611.68,2340.17,3644.4,2085.36,3747.44,1140.17
2019/6/27,3239.86,2708.99,2529.54,2318.27,2949.48,2502.29,6821.36,14279.62,1968.79,2163.6,7103.1,2097.88,2438.92,4162.5,3507.24,5890.3,2033.65,5352.33,2240.13,4103.51,1136.26,4233.98,617.45,2361.6,3669.47,2096.08,3782.15,1147.68
2019/6/28,3248.84,2695.46,2545.7,2314.02,2969.6,2554,6845.21,14455.9,1975.95,2175.97,7158,2096.31,2453.59,4168.6,3509.29,5954.49,2035.48,5415.39,2242.41,4105.31,1128.52,4233.54,615.67,2400.33,3689.63,2111.95,3786.82,1151.8
2019/7/1,3260.81,2706.47,2563.05,2319.88,2940.77,2618.75,6971.72,14765.24,1982.71,2185.8,7203.35,2121.89,2488.63,4200.61,3540.99,6061.86,2044.43,5506.23,2250.94,4125.21,1132.8,4299.75,617.4,2435.11,3726.74,2175.22,3818.88,1159.56
2019/7/2,3311.13,2720.1,2593.41,2327.41,2968.24,2678.26,7132,15069.58,1998.02,2210.47,7292.39,2120.55,2507.43,4235.79,3564.7,6137.43,2056.12,5521.39,2264.83,4157.63,1172.21,4366.99,623.72,2451.49,3725.86,2171.91,3849.39,1167.77
2019/7/3,3338.17,2722.01,2586.9,2319.14,3027.76,2634.95,7192.02,15065.91,1995.51,2213.37,7366.64,2108.17,2501.84,4254.81,3551.45,6163.94,2049.46,5566.98,2255.44,4134.09,1155.86,4323.76,619.76,2428.06,3705.59,2156.76,3896.11,1160.61
2019/7/4,3308.49,2707.11,2572.28,2303.65,2971.82,2606.74,7133.87,14767.31,1986,2191.28,7293.74,2126.36,2475.09,4284.12,3525.89,5986.82,2032.32,5536.27,2254.22,4119.77,1180.04,4271.88,612.36,2390.94,3705.65,2135.61,3888.94,1155.72
2019/7/5,3262.32,2689.71,2561.38,2299.43,2939.06,2583.72,7092.44,14630.66,1979.43,2189.78,7211.26,2124.14,2467.68,4300.89,3507.38,5896.37,2019.66,5547.22,2266.27,4110.21,1193.36,4239.62,607.89,2377.16,3681.09,2124.67,3884.09,1152.39
2019/7/8,3380.26,2666.26,2560.9,2296.36,2921.68,2589.21,7129.69,14836.62,1981.76,2189.66,7255.96,2112.35,2465.27,4265.4,3491.87,5999.86,2014.08,5557.81,2255.76,4093.26,1181.17,4246.85,607.51,2370.33,3662.78,2120.48,3874.63,1152.45
2019/7/9,3354.9,2596.79,2487.95,2239.91,2817.72,2507.98,7003.83,14554.54,1920.51,2121.75,7096.69,2062.17,2402.49,4174.51,3393.6,5871.79,1962,5395.49,2191.79,3962.2,1144.2,4093.54,586.47,2276.67,3600.56,2078.24,3753.54,1116.13
2019/7/10,3379.01,2597.71,2513.68,2237.53,2828.28,2529.76,7007.04,14675.05,1930.78,2133.04,7135.41,2054.34,2409.8,4183.08,3388.19,5907.91,1960.27,5421.38,2196.05,3988.08,1149.52,4103.91,588.77,2283.88,3593.34,2080.96,3800.74,1123.8
2019/7/11,3371.45,2589.15,2501.07,2219.69,2818.71,2541.04,6996.96,14719.43,1928.96,2122.22,7138.83,2048.73,2401.84,4142.28,3377.08,5996.89,1953.22,5328.51,2183.12,4004.29,1150.17,4093.56,584.38,2283.68,3572.78,2087.32,3758.03,1117.63
2019/7/12,3350.66,2578.12,2509.33,2203.85,2810.89,2520.26,6972.25,14582.96,1919.59,2116.98,7141.8,2047.9,2387.21,4109.69,3342.51,5932.34,1935.9,5341.35,2174.22,3965.58,1139.39,4043.6,581.32,2255.45,3559.58,2077.43,3718.35,1114.74
2019/7/15,3343.92,2579.9,2527.86,2200.56,2806.95,2504.7,6967.95,14531.6,1918.27,2114.68,7152.28,2044.1,2393.7,4121.31,3363.73,6008.73,1939.66,5356.75,2173.64,4000,1138.66,4031.16,581.32,2238.4,3581.79,2085.16,3705.26,1115.17
2019/7/16,3428.79,2587.5,2539.26,2208.34,2826.06,2546,6991.22,14564.02,1930.26,2125.27,7191.01,2054.23,2405.28,4144.35,3383.27,6002.97,1971.55,5418.38,2193,4030.23,1170.84,4156.26,591.05,2273.14,3593.08,2106,3748.65,1130.95
2019/7/17,3428.43,2597.08,2556.19,2215.09,2830.84,2569.39,6861.14,14350.51,1932.06,2122.66,7163.64,2056.96,2403.64,4170.22,3387.72,5928.51,1974.54,5404.74,2202.06,4029.51,1173.76,4158.26,593.62,2290.32,3575.66,2090.65,3741.19,1131.02
2019/7/18,3441.27,2592.18,2556.9,2210.23,2852.14,2581.28,6788.44,14299.72,1920.43,2111.32,7121.31,2031.83,2401.55,4186.24,3374.84,5877.56,1965.29,5375.23,2193.08,4039.14,1164.18,4121.83,590.73,2268.04,3574.06,2079.85,3737.07,1130.92
2019/7/19,3435.11,2583.29,2525.71,2193.73,2862.4,2546.93,6815.94,14192.78,1897.89,2086.04,7058.49,2020.04,2389.31,4201.24,3329.99,5863.49,1951.29,5320.63,2179.01,3994.5,1148.72,4060.99,585.05,2228.41,3584.36,2086.3,3695.81,1121.05
2019/7/22,3448.3,2601.88,2529.05,2199.25,2849.7,2561.83,6770.85,14241.13,1903.44,2093.04,7048.06,2032.54,2413.5,4257.75,3346.8,5860.18,1973.02,5326.82,2191.86,4024.25,1147.66,4079.2,587.92,2227.35,3613.59,2115.56,3720.66,1128.72
2019/7/23,3357.65,2562.5,2461.38,2163.72,2747.75,2511.95,6729.72,14223.38,1860.86,2044.63,6952.35,2001.67,2381.97,4199.44,3282.64,5890.02,1911.71,5240.3,2149.66,3955.95,1110.05,3980.3,570.51,2168.11,3607.95,2080.85,3637.83,1101.89
2019/7/24,3390.01,2582.64,2500.14,2180.59,2768.27,2574.95,6816.8,14115.83,1873.85,2064.5,7013.13,2020.64,2393.6,4168.77,3328.93,5887.23,1942.18,5262.7,2176.6,4032.52,1131.91,4064.24,578.18,2209.63,3624.76,2088.79,3692.8,1117.88
2019/7/25,3403.33,2602.68,2515.27,2186.09,2787.28,2631.97,6829.09,14045.7,1893.84,2090.4,7058.5,2022.55,2403.67,4171.64,3342.17,5898.36,1953.88,5269.75,2180.8,4063.76,1144.7,4128.23,581.66,2250.97,3639.75,2107.7,3726.58,1129.41
2019/7/26,3433.2,2592.57,2506.35,2178.06,2759.86,2687.17,6813.84,14172.4,1896.38,2092.7,7060.93,2024.24,2418.01,4160.52,3342.77,5945.96,1950.95,5273.4,2178.02,4063.17,1146.68,4147.3,582.04,2257.55,3672.59,2103.14,3713.09,1126.56
2019/7/29,3402.24,2596.13,2514.98,2174.82,2769.34,2697.63,6873.87,14231.82,1895.36,2101.19,7119.36,2038.44,2441.7,4175.26,3353.96,6026.6,1951.45,5330.74,2190.92,4088.26,1164.9,4146.09,582.49,2264.64,3686.34,2112.26,3734.68,1141.56
2019/7/30,3466.6,2594.34,2518.52,2170.13,2763.36,2724.8,6855.56,14358.52,1894.7,2101.58,7084.22,2041.77,2440.07,4159.11,3340.75,6054.81,1952.1,5341.53,2190.71,4095.42,1169.83,4137.92,580.75,2270.93,3681.06,2108.32,3731.8,1136.79
2019/7/31,3463.03,2603.37,2528.3,2176.66,2780.08,2694.7,6933.23,14233.54,1891.88,2108.33,7109.72,2044.51,2432.43,4148.47,3350.43,6023.84,1957.94,5283.27,2188.55,4095.04,1164.9,4143.81,592.34,2273.16,3681.09,2107.94,3742.33,1140.89
2019/8/1,3445.3,2591.18,2503.24,2161.1,2747.59,2680.91,6867.34,14075.34,1880.22,2085.21,7046.25,2032.83,2415.42,4060.56,3326.39,6026.98,1933.28,5203.57,2158.27,4063.75,1168.62,4113.99,585.48,2255.96,3654.63,2074.78,3707.43,1129.77
2019/8/2,3478.07,2533.5,2464.01,2118.71,2772.12,2612.39,6566.16,13648.51,1851.2,2038.9,6899.84,2011.21,2355.34,3939.62,3243.18,5935.23,1901.04,5074.77,2116.93,3976.9,1129.21,4018.61,574.07,2195.94,3587.26,2023.4,3612.44,1109.93
2019/8/5,3548.4,2521.85,2466.23,2109.11,2782.54,2622.05,6602.57,13686.96,1848.94,2039.36,6936.12,2004.56,2350.47,3929.03,3243.81,5961.21,1898.57,5073.61,2108.87,3992.23,1128.33,4042.46,575.38,2195.8,3576.33,2000.39,3611.28,1107.45
2019/8/6,3458.77,2444.99,2382.71,2056.49,2784.32,2527.05,6377.73,13375.72,1829.14,1993.49,6719.52,1956.97,2272.66,3812.05,3182.59,5646.15,1845.68,4906.88,2054.89,3875.69,1099.42,3923.93,555.27,2131.47,3476.81,1936.56,3487.02,1075.04
2019/8/7,3522.93,2423.01,2373.54,2022.27,2794.25,2565.54,6452.01,13570.94,1810.82,1978.2,6775.23,1953.06,2273.36,3836.54,3158.14,5735.03,1830.93,4968.02,2042.89,3884.56,1105.95,3922.61,555.05,2142.15,3502.3,1975.59,3481.98,1074.24
2019/8/8,3467.53,2435.97,2364.7,2020.42,2871.68,2527.9,6387.55,13561.3,1813.77,1977.77,6797.51,1959.75,2247.84,3842.69,3139.66,5721.25,1827.08,4949.32,2029.5,3858.09,1088.82,3869.44,550.99,2115.06,3503.36,1975.35,3468.28,1066.45
2019/8/9,3482.91,2446.53,2387.88,2032.37,2833.43,2582.33,6458.39,13791.59,1824.18,1986.13,6907.37,1973.18,2256.6,3847.57,3163.48,5809.47,1851.08,5005.01,2040.6,3880.16,1117.57,3905.99,556.15,2144.97,3548.87,1978.57,3512.5,1071.4
2019/8/12,3370.44,2413.03,2354.63,2020.97,2785.69,2543.56,6334.52,13841.21,1789.7,1963.14,6862.13,1948.85,2228.92,3779.96,3128.33,5731.4,1826.21,4911.27,2017.83,3817.05,1087.38,3833.74,548.71,2070.39,3531.18,1959.84,3468.56,1056.45
2019/8/13,3374.03,2422.42,2360.18,2021.96,2783.07,2626.41,6380.58,13923.83,1798.1,1977.05,6905.36,1957.81,2245.38,3823.22,3138.3,5734.62,1835.47,4906.19,2023.9,3849.36,1091.83,3882.22,554.2,2101.55,3555.32,1976.36,3482.13,1066.18
2019/8/14,3391.36,2442.83,2392.44,2029.81,2785.21,2705.14,6479.93,14117,1815.98,2004.84,7011.9,1974.33,2285.54,3850.99,3162.91,5746.52,1855.03,4919.4,2031.92,3895.16,1113.19,3938.37,560.46,2150.73,3565.94,1994.96,3504.95,1076.84
2019/8/15,3293.49,2386.2,2328.89,1990.02,2770.67,2592.35,6251.11,13976.62,1774.74,1963.45,6937.6,1939.65,2223.49,3726.21,3102.6,5690.59,1814.94,4800.73,1979.68,3786.46,1096.13,3795.56,542.37,2053.96,3478.07,1924.28,3420.77,1041.33
2019/8/16,3331.74,2421.93,2382.61,2020.54,2801.54,2710.85,6341.32,14251.05,1802.6,2009.14,7110.56,1975.07,2266.96,3809.3,3165.66,5744.15,1849.61,4909.06,2013.09,3889.7,1118.95,3966.69,558,2134.86,3523.61,1981.71,3502.46,1066.93
2019/8/19,3400.73,2433.09,2400.29,2024.11,2794.13,2787.16,6423.46,14469.47,1815.55,2029.82,7223.69,1989.78,2300.43,3870.18,3200.84,5932.38,1893.36,4989.15,2025.63,3900.91,1121.52,4080.44,567.35,2166.62,3503.53,2015.09,3536.73,1077.13
2019/8/20,3345.14,2476.1,2450.73,2059.24,2832.32,2858.3,6537.12,14534.94,1852.01,2080.76,7336.58,2028.96,2344.85,3921.18,3272.62,5968.52,1932.97,5097.36,2065.29,4002.25,1147.96,4233.27,588.82,2249.41,3515.85,2065.93,3586.8,1097.06
2019/8/21,3395.88,2473.01,2439.71,2057.07,2859.11,2841.66,6519.1,14628.48,1850.73,2073.54,7329.74,2016.52,2336.46,3934.99,3264.32,5972.06,1927.16,5103.8,2068.45,3976.64,1152.38,4202.65,586.03,2230.5,3517.7,2050.7,3568.86,1096.05
2019/8/22,3360.38,2479.43,2452.71,2055.92,2834.67,2892.09,6660.03,14565.55,1852.67,2083.76,7329.87,2026.75,2352.51,3965.23,3275.83,5986.7,1947.93,5147.84,2076.59,4067.23,1159.7,4228.64,587.91,2247.23,3521.8,2058.03,3569.26,1097.25
2019/8/23,3383.56,2465.48,2449.46,2042.16,2829.7,2874.55,6673.55,14800.39,1857.9,2093.84,7359.12,2023.09,2360.31,3938.02,3271,6119.22,1944.45,5109.91,2069.28,4064.21,1170.73,4246.99,592.45,2237.02,3509.11,2055.15,3580.87,1097.57
2019/8/26,3309.67,2423.02,2398.13,2012.04,2846.06,2801.91,6525,14719.77,1824.46,2059.2,7417.03,1990.31,2317.6,3844.89,3221.08,6052.98,1901.67,5033.73,2024.76,3964.53,1140.64,4108.75,574.62,2145.7,3495.79,2031.39,3523.35,1073.65
2019/8/27,3372.87,2466.15,2433.77,2036.88,2832.69,2858.95,6612.27,14802.05,1842.46,2080.32,7618.19,2010.96,2357.04,3895.88,3274.07,6101.2,1942.38,5110.25,2047.55,4016.36,1170.85,4198.35,583,2187.24,3505.75,2042.6,3606.13,1087.7
2019/8/28,3445.41,2492.12,2460.14,2063.18,2867.32,2872.3,6763.23,14936.57,1859,2097.09,7673.54,2034.22,2371.17,3910.92,3337.21,6138.46,1960.07,5143.95,2071.29,4064.84,1184.99,4273.12,592.97,2214.97,3496.12,2046.64,3718.76,1099.57
2019/8/29,3551.56,2499.52,2466.11,2069.7,2844.32,2862.47,6750.22,15025.02,1878.56,2098.39,7566.94,2030.02,2370.57,3907.61,3338.95,6162.89,1951.69,5121.93,2073.64,4081.66,1192.76,4278.98,597.35,2206.96,3473.36,2031.93,3706.08,1100.37
2019/8/30,3523.63,2501.79,2476.65,2066.5,2846.23,2892.59,6757.23,15148.58,1884.62,2100.8,7603.41,2025.65,2370.24,3867.43,3353.2,6205.26,1952.91,5112.48,2073.47,4081.59,1198.68,4363.55,604.04,2206.7,3475.94,2040.03,3701.97,1099.83
2019/9/2,3495.82,2471.71,2438.4,2045.19,2858.65,2818.88,6875.23,15334.66,1865.21,2062.65,7558.4,1992.08,2345.18,3804.14,3281.61,6186.39,1920.01,5045.51,2045.52,4022.98,1230.36,4277.06,591,2146.93,3464.89,2015.86,3658.58,1082.93
2019/9/3,3517.8,2530.91,2488.34,2077.61,2889.01,2920.16,7023.85,15388.97,1906.37,2099.03,7677.6,2009.98,2373.4,3848.43,3320.32,6176,1964.77,5203.14,2086.6,4131.65,1274.09,4452.46,611.91,2208.66,3484.79,2053.98,3698.34,1111.11
2019/9/4,3508.4,2529.65,2494.72,2079.1,2907.26,3007.8,6963.85,15292.15,1900.24,2102.41,7621.44,2016.53,2368.99,3831,3305.09,6158.18,1967.36,5271.97,2099.59,4142.17,1269.03,4468.48,614.24,2249.63,3480.02,2046.27,3665.23,1112.88
2019/9/5,3538.12,2572.78,2542.58,2128.95,2944.6,3052.94,7106.64,15224.31,1917.16,2123.57,7649.5,2031.77,2405.12,3946.29,3342.49,6183.53,1991.43,5419.91,2171.42,4191.82,1271.39,4578.75,624.71,2291.6,3547.12,2099.25,3700.89,1132.26
2019/9/6,3542.36,2570.88,2559.96,2127.17,2940.26,3096.04,7062.64,15354.69,1923.9,2131.98,7667.58,2041.38,2415.06,3952.49,3358.31,6190.86,1999.86,5398.99,2159.73,4211.03,1272.74,4661.62,629.37,2339.2,3599.22,2139.57,3756.22,1144.12
2019/9/9,3443.81,2588.09,2590.96,2135.72,2935.65,3130.03,7104.38,15413.52,1940.12,2142.93,7742.31,2058.11,2439.64,3980.28,3370.74,6245.19,2000.66,5430.14,2172.44,4237.05,1285.68,4722.21,634.96,2418.49,3628.36,2172.39,3837.52,1157.18
2019/9/10,3436.79,2598.74,2625.15,2147.58,2956.16,3219.44,7110.96,15322.16,1954.03,2164.58,7761.82,2064.24,2431.89,4004.91,3392.91,6239.86,2025.85,5420.36,2178.76,4324.78,1293.39,4865.69,646.93,2550.26,3594.37,2154.15,3838.05,1170.39
2019/9/11,3472.39,2603.83,2637.17,2154.8,2976.67,3179.95,7099.32,15244.94,1954.85,2192.18,7861.58,2070.09,2424.27,4005.26,3409.08,6203.41,2029.47,5424.15,2179.84,4330.44,1280.77,4831.6,647.53,2511.91,3590.15,2165.06,3818.68,1171.15
2019/9/12,3417.63,2604.59,2633.26,2155.47,2972.98,3161.88,7075.02,14682.72,1939.67,2185.31,7727.08,2066.99,2409.71,4000.51,3392.32,6110.78,2037.44,5401.98,2176.91,4311.7,1266.64,4766.88,642.66,2468.37,3618.39,2167,3811.72,1167.19
2019/9/16,3410.13,2663.38,2673.51,2172.87,2977.6,3168.52,7137.74,14855.15,1950.63,2189.08,7756.07,2079.59,2425.73,4075.43,3409.6,6187.04,2041.3,5440.08,2194.59,4351.65,1273.37,4799.77,645.26,2485.81,3622.77,2204.55,3841.1,1177.93
2019/9/17,3415.56,2637.95,2648.68,2165.95,2970.26,3180.2,7058.51,14838.76,1951.38,2178.98,7748.38,2076.39,2413.25,4040.53,3387.8,6163.37,2044.83,5399.32,2178.58,4319.66,1266.56,4817.27,644.61,2474.29,3591.63,2162.21,3821.54,1170.31
2019/9/18,3379.87,2577.33,2600.85,2124.5,2908.35,3134.32,6979.93,14891.54,1938.5,2144.45,7646.46,2043.27,2386.55,3990.32,3333.05,6099.86,1996.77,5316.79,2142.98,4225.98,1233.44,4704.55,632.04,2424.49,3560.99,2126.26,3746.48,1146.91
2019/9/19,3376.88,2563.5,2592.87,2119.41,2890.08,3147.09,7030.43,15305,1950.51,2146.61,7722.39,2045.93,2405.34,4024.18,3342.85,6197.98,1999.55,5338.81,2139.41,4214.93,1223.7,4666.83,634.92,2412.86,3564.29,2128.4,3751.15,1149.74
2019/9/20,3395.38,2564.4,2606.51,2124.09,2924.02,3231.25,7036.75,15290.43,1956.92,2159.93,7768.21,2044.89,2408.83,4014.52,3358.17,6318.62,2011.4,5361.38,2158.59,4251.42,1243.56,4768.45,635.12,2453.23,3567.67,2125.37,3781.47,1164.57
2019/9/23,3376.05,2556.77,2587.12,2112.97,2925.28,3244.47,7008.99,15339.93,1938.39,2151.39,7806.1,2050.18,2397.77,3992.26,3359.35,6231.55,2000.96,5359.19,2137.31,4255.83,1231.48,4720.04,631.07,2420.04,3563.07,2108.18,3773.71,1165.94
2019/9/24,3320.38,2531.4,2565.7,2095.81,2897.65,3280.89,6952.63,15216.15,1930.1,2135.18,7711.19,2033.47,2374.38,3945.05,3325.46,6182.84,1980.44,5287.54,2113.98,4232.67,1227.2,4712.34,629.28,2416.37,3548.06,2095.97,3753.13,1154.57
2019/9/25,3263.19,2514.56,2554.6,2082.54,2897.69,3263.57,6929.02,15385.85,1931.26,2129.69,7746.43,2032.48,2375.12,3931.21,3324.92,6189.74,1984.16,5269.69,2100.67,4247.35,1220.71,4716.99,629.79,2430.98,3533.2,2076.61,3735.85,1153.9
2019/9/26,3261.15,2492.33,2541.54,2066.99,2863.46,3171.23,6879.23,15379.97,1913.97,2105.97,7704.38,2010.66,2369.32,3915.9,3326.39,6201.38,1972.41,5250.86,2083.92,4191.15,1200.55,4653.79,624.03,2397.48,3562.8,2088.5,3691.24,1142.74
2019/9/27,3067.45,2465.23,2480.69,2051.43,2769.45,3050.07,6819.44,15173.93,1876.41,2063.62,7542.22,1987.01,2342.78,3885.8,3271.96,6119.69,1922.45,5199.4,2054.31,4088.99,1147.93,4444.63,605.62,2289.37,3603.01,2062.2,3610.62,1116.46
2019/9/30,3176.13,2459.24,2500.38,2052.15,2774.33,3113.66,6792.8,15144.13,1885.55,2074.98,7569.61,1979.07,2335.57,3868.62,3276.05,6095.1,1939.79,5169.6,2061.45,4120.42,1153.93,4504.07,612.24,2315.11,3586.33,2061.91,3628.29,1124.89
2019/10/8,3257.8,2450.78,2488.12,2038.19,2743.27,3050.22,6816.6,15029.6,1877.01,2067,7529.64,1969.73,2327.39,3866.11,3254.61,6104.75,1930.68,5174.9,2054.59,4076.26,1140.98,4429.94,602.73,2279.55,3562.45,2029.62,3602.14,1114.58
2019/10/9,3281.95,2444.69,2480.48,2039.48,2742.48,2970.4,6883.26,15158.25,1873.27,2061.16,7564.4,1978.03,2303.97,3918.14,3243.36,6123.13,1945.82,5273,2052.13,4069.74,1124.29,4355.27,592.36,2239.45,3595.61,2020.46,3578.13,1116.55
2019/10/10,3299.94,2469.52,2515.23,2060.7,2786.57,3000.49,6868.65,14851.45,1890.76,2086.68,7595.22,1989.31,2337.24,4010.52,3265.81,6031.71,1960.36,5304.33,2067.43,4130.56,1134.77,4430.31,597.91,2277.57,3657.18,2039.54,3602.93,1129.43
2019/10/11,3364.86,2483.56,2546.32,2069.25,2782.42,3082.06,6956.12,15121.3,1918.31,2108.15,7800.19,2002.92,2389.28,4029.03,3308.53,6122.7,1991.93,5345.23,2078.85,4175.34,1145.76,4527.68,605.72,2321.72,3667.4,2057.47,3646.05,1141.89
2019/10/14,3335.23,2517.12,2562.1,2079.93,2773.33,3103.03,7048.51,15315.22,1924.45,2129.17,7865.63,2020.82,2427.5,4061.4,3336.05,6123.04,2015.11,5483,2099.29,4181.32,1148.17,4583.85,615.33,2337.66,3752.66,2110.38,3680.41,1153.47
2019/10/15,3338.65,2514.24,2567.23,2089.39,2779.9,3110.29,7055.86,15240.72,1930.71,2138.19,7866.19,2027.82,2409.96,4083.43,3352.21,6118.91,2029.09,5473.72,2108.34,4202.16,1153.5,4590.21,622.05,2322.93,3807.89,2110.67,3721.74,1155.44
2019/10/16,3331.95,2492.95,2545.99,2077.48,2735.81,3054.72,7051.61,15179.63,1922.81,2126.86,7877.32,2014.7,2410.41,4068.86,3332.96,6150.27,2033.99,5454.78,2099.79,4153.46,1133.32,4489.75,618.61,2294.55,3823.27,2100.74,3681.72,1148.06
2019/10/17,3296.63,2472.84,2534.04,2064.75,2713.57,3032.34,7061.5,15198.8,1907.84,2114.47,7917.23,2010.03,2402.2,4083.26,3307.26,6186.8,2026.69,5434.75,2085.93,4084.18,1122.77,4497.94,617.94,2265.78,3794.12,2094.33,3653.53,1136.37
2019/10/18,3293.92,2472.92,2530.05,2059.77,2712.49,3045.67,7023.92,15163.68,1901.78,2126.12,7918.83,2007.89,2401.36,4067.93,3305.2,6219.52,2007.47,5436.97,2092.49,4073.44,1116.52,4518.61,621.23,2273.78,3798.3,2103.73,3660.37,1135.96
2019/10/21,3317.72,2434.88,2498.75,2035.58,2664.82,2971.78,6924.87,15042.15,1896.68,2106.03,7858.6,1985.65,2360.81,3994.16,3281.11,6115.87,1982.89,5352.23,2058.22,4000.32,1098.13,4433.6,614.81,2244.76,3721.58,2037.22,3595.45,1120.3
2019/10/22,3418.09,2436.07,2489.64,2035.32,2657.22,2989.12,7029.59,15103.65,1891.19,2095.76,7779.63,1978.58,2363.5,4056.54,3274.56,6134.71,1973.04,5366.3,2058.68,3994.97,1100.67,4418.65,609.47,2231.39,3783.03,2050.32,3573.25,1116.02
2019/10/23,3442.92,2439.39,2507.84,2038.96,2676.3,3035.05,7040.96,15069.19,1908.98,2128.66,7866.69,1986.56,2369.65,4047.79,3294.81,6095.24,1982.46,5380.34,2066.15,4023.97,1108.88,4521.33,614.65,2250.8,3752.96,2050.23,3593.79,1126.03
2019/10/24,3454.89,2426.38,2487.01,2023.12,2657.4,3018.49,7035.21,14939.11,1896.9,2119.37,7760.26,1980.3,2345.4,4002.2,3266.22,6026.2,1963.02,5355.09,2062.64,4015.07,1094.96,4469.56,611.19,2230.88,3766.29,2038.48,3578.11,1115.54
2019/10/25,3510.2,2429.32,2477.59,2033.26,2652.12,3014.36,7015.34,14743.52,1890.1,2117.31,7717.85,1989.27,2330.19,4031.36,3246.09,5895.86,1966.41,5350.22,2061.35,4011.32,1099.93,4457.15,613.86,2217.41,3798.92,2023,3581.4,1112.48
2019/10/28,3575.02,2441.88,2492.19,2036.35,2659.68,3070.03,6994.77,14920.68,1897.34,2153.92,7796.18,1991.64,2349.74,4040.11,3276.84,5975.95,1984.89,5363.58,2066.67,4044.06,1111.7,4733.48,630.68,2279.86,3787.74,2039.88,3615.06,1119.07
2019/10/29,3637.69,2455.51,2525.19,2050.55,2698.61,3130.41,7068.86,15170.96,1915.55,2184.19,7892.23,2007.82,2361.58,4034.11,3300.24,6065.74,2014.14,5357.22,2077.08,4099.26,1123.56,4787.22,639.77,2305.36,3771.02,2057.46,3657.7,1132
2019/10/30,3687.25,2426.57,2490.19,2028.44,2653.52,3055.5,7074.89,15258.02,1894.44,2164.18,7897.91,1983.56,2326.05,3984.77,3259.1,5957.06,1977.66,5301.49,2051.52,4018.32,1101.29,4585.19,626.1,2243.77,3756.09,2026.15,3612.22,1109.94
2019/10/31,3712.97,2417.08,2473.86,2011.3,2629.92,3078.67,7055.49,15418.42,1867.71,2140.74,7860.52,1977.58,2320.35,3969.2,3251.79,5974.15,1947.84,5282.73,2033.53,4004.32,1090.71,4548.07,621.31,2238.96,3750.72,2021.9,3585.9,1103.39
2019/11/1,3561.59,2390.66,2457.07,1982.64,2616,3026.44,7145.16,15290.91,1837.36,2106.25,7890.69,1963.77,2297.09,3931.91,3218.03,5969.51,1935.46,5241.82,2010.69,3960.16,1081.52,4442.88,612.08,2219.55,3723.09,2015.44,3547.6,1087.92
2019/11/4,3542.04,2415.93,2484.77,1998.46,2643.01,3082.8,7627.36,15443.29,1858.58,2127.58,8031.87,1985.08,2326.84,4009.09,3268.68,6021.49,1965.74,5402.27,2037.7,4003.24,1090.8,4526.25,622.25,2253.85,3815.8,2058.85,3633.83,1102.58
2019/11/5,3585.23,2414.11,2493.23,1989.79,2655.26,3124.84,7655.39,15550.23,1853.57,2142.16,8113.05,1987.07,2355.69,3999.2,3262.95,6107.87,1975.74,5466.89,2039.3,4010.89,1087.23,4554.7,620.9,2267.84,3822.89,2064.38,3637.57,1102.11
2019/11/6,3641.86,2423.28,2499.26,1995.52,2656.43,3160.28,7677.94,15596.19,1856.21,2159.75,8112.88,1989.61,2357.39,4007.51,3257.29,6101.19,1961.35,5493.3,2049.26,4054.29,1097.67,4561.42,620.1,2254.39,3866.96,2076.22,3650.01,1102.32
2019/11/7,3517.66,2409.41,2487.71,2003.86,2662.95,3121.98,7644.74,15472.13,1841.19,2132.01,8070.99,1976.92,2329.62,3966.83,3212.93,6053.81,1950.44,5449.9,2032.27,4029.74,1102.2,4497.72,611.65,2215.79,3880.44,2060.48,3624.82,1094.1
2019/11/8,3586.28,2417.26,2512.8,2003,2661.5,3167.6,7729.44,15619.37,1873.92,2160.69,8193.7,1983.38,2345.26,4003.26,3244.58,6061.16,1971.07,5505.1,2037.66,4067.48,1104.37,4591.04,623.08,2240.31,3891.3,2082.93,3674.85,1104.13
2019/11/11,3480.45,2392.08,2482.92,1981.08,2635.17,3136.19,7525.09,15522.58,1843.19,2133.8,8076.17,1970.7,2311.02,3943.04,3214.21,6004.34,1957.16,5421.99,2013.35,4018.19,1087.91,4511.56,614.69,2193.89,3802.35,2033.31,3647.61,1089.68
2019/11/12,3471.48,2340.63,2433.87,1938.29,2580.27,3099.99,7279.98,15472.29,1813.7,2102.73,7935.96,1939,2275.61,3874.5,3136.82,5891.07,1918.71,5322.79,1966.46,3959.81,1063.29,4427.79,606.34,2149.99,3769.75,2017.22,3609.55,1069.42
2019/11/13,3497.29,2350.77,2440.53,1941.06,2571.82,3084.76,7279.85,15531.77,1820.5,2113.96,7959.62,1938.89,2275.94,3876.76,3134.09,5861.16,1912.85,5340.39,1971.35,3960.52,1065.17,4410.68,606.94,2152.39,3763.8,2014.57,3607.65,1074.31
2019/11/14,3458.43,2333.29,2430.45,1920.9,2567.24,3127.7,7258.57,15666.45,1803.11,2109.78,8034.58,1928.57,2262.06,3850.72,3123.28,5806.33,1916.54,5342.38,1967.01,3945.64,1060.47,4410.34,604.32,2157.49,3762.85,2007,3591.61,1070.31
2019/11/15,3430.08,2324.54,2440,1929.08,2564.54,3186.07,7279.86,15712.13,1795.84,2114.43,8119.07,1923.58,2259.94,3853.41,3125.9,5795.65,1925.84,5375.51,1976.11,3957.93,1062.92,4466.86,605.49,2175.01,3748.2,2000.91,3590.86,1078.39
2019/11/18,3324.69,2291.67,2405.93,1929.72,2542.38,3161.73,7208.17,15599.26,1774.27,2084.85,8050.68,1904.21,2239.34,3817.24,3087.12,5708.23,1913.53,5284.6,1942.49,3890.74,1053.7,4432.64,602.2,2137.33,3731.34,1988.92,3552.11,1066.72
2019/11/19,3396.66,2310.18,2424.97,1966.03,2565.56,3159.66,7240.92,15628.04,1777.87,2109.93,8093.32,1916.8,2254.81,3843.67,3108.92,5789.45,1920.5,5375.15,1952.29,3937.26,1060.46,4485.19,610.18,2158.49,3769.01,2006.25,3583.48,1076.15
2019/11/20,3405.79,2333.55,2458.69,1993.35,2613.2,3203.69,7353.89,15718.95,1793.11,2154.62,8241.1,1933.91,2275.36,3896.05,3137.23,5846.98,1962.47,5505.74,1971.76,4020.57,1075.9,4574.91,639.02,2206.43,3763.88,2017.96,3625.87,1093.62
2019/11/21,3356.93,2335.77,2442.69,1978.31,2626.07,3147.29,7239.42,15731.31,1776.46,2132.45,8223.91,1921.41,2255.68,3860.79,3106.78,5805.63,1954.29,5441.13,1951.81,3970.25,1064.49,4525.67,628.46,2172.72,3695.68,1986.37,3588.28,1081.25
2019/11/22,3357.18,2350.79,2454.33,1997.34,2626.07,3175.08,7182.91,15673.09,1771.96,2139.37,8160.83,1926.26,2259.67,3875.94,3117.94,5812.84,1961.47,5476.54,1960.15,4027.47,1071.66,4544.56,630.58,2180.83,3713.67,1979.73,3594.87,1086.46
2019/11/25,3308.11,2372.14,2441.32,2039.44,2627.42,3091.56,7090.81,15252.66,1765.96,2108.02,7884.51,1921.93,2243.24,3878.54,3105.54,5724.15,1946.2,5497.54,1969.42,4004.46,1072.11,4459.08,621.15,2148.72,3696.36,1962.57,3589.53,1080.05
2019/11/26,3283.43,2435.07,2469.85,2109.47,2656.69,3047.94,7223.5,15275.36,1776.63,2103.89,7846.12,1942.26,2269.26,3972.14,3114.52,5693.38,1951.86,5681.07,2011.89,4009.79,1067,4350.64,616.08,2128.39,3743.41,1979.99,3632.53,1086.07
2019/11/27,3293.63,2404.16,2465.01,2056.6,2662.53,3058.17,7103.37,15369.59,1774.06,2100.62,7837.27,1935.03,2264.6,3941.23,3096.93,5772.76,1937.33,5627.57,2002.13,4029.07,1068.83,4337.17,612.71,2123.41,3711.87,1967.04,3632.64,1082.91
2019/11/28,3283.89,2396.9,2461.66,2060.15,2669.71,3129.5,7095.86,15410.53,1765,2093.27,7824.52,1931.73,2254.09,3930.1,3084.54,5703.83,1938.67,5615.7,1994.29,4009.16,1063.11,4333.11,609.58,2130.59,3708.19,1958.52,3617.68,1084.39
2019/11/29,3282.76,2381.61,2458.13,2030.88,2641.51,3130.45,7096.39,15199.42,1758.63,2086.44,7819.43,1927.68,2248.68,3894.63,3084.02,5671.33,1931.78,5583.37,1990.94,4012.81,1064.11,4313.33,606.27,2123.84,3691.8,1950.31,3599.81,1078.41
2019/12/2,3280.31,2373.73,2456.4,2031.4,2636.29,3154.7,7041.51,14818.87,1762.06,2080.83,7641.47,1926.61,2241.54,3898.35,3095.27,5708.17,1924.35,5569.18,1989.2,4048.81,1066.04,4347.29,609.32,2134.11,3678.49,1964.08,3618.05,1077.66
2019/12/3,3295.98,2367.74,2452.11,2029.89,2631.85,3160.65,7135.76,14874.64,1756.33,2070.56,7582.46,1925.99,2242.5,3926.73,3080.38,5713.74,1914.01,5556.17,1973.34,4030.18,1063.49,4334.77,610.01,2117.7,3667.66,1943.22,3602.13,1075.17
2019/12/4,3274.92,2373.41,2459.33,2012.7,2658.05,3198.42,7156.74,15014.75,1767.57,2083.39,7577.46,1928.42,2242.66,3944,3092.74,5737.56,1930.1,5544.76,1978.78,4041.78,1069.89,4347.5,610.1,2127.26,3674.74,1952.72,3647.96,1078.07
2019/12/5,3278.81,2377.43,2479.11,2021.93,2701.3,3239.31,7323.14,14906.64,1778.35,2092.12,7658.84,1935.46,2254.99,3943.97,3116.5,5791.09,1942.95,5544.09,1981.75,4049.53,1085.47,4395.11,614.39,2137.55,3686.64,1969.53,3662.64,1085.68
2019/12/6,3278.67,2378.25,2492.72,2025.37,2710.45,3297.51,7310.1,14989.39,1783.76,2109.57,7733.87,1941.14,2269.51,3940.39,3128.76,5883.75,1960.97,5587.85,1987.95,4098.35,1092.35,4464.8,618.82,2178.6,3697.37,1988.35,3687.87,1096.78
2019/12/9,3277.81,2379.89,2512.11,2040.42,2710.59,3362.29,7373.62,15344.56,1796.28,2129.72,7787.28,1940.79,2284.15,3964.59,3158.82,5905.76,1971.31,5618.16,1995.51,4141.92,1096.52,4496.87,630.28,2202.75,3692.68,1995.54,3681.34,1106.53
2019/12/10,3240.25,2395.15,2515.05,2077.79,2714.69,3329.61,7384.25,15168.1,1799.17,2134.86,7634.85,1942.88,2271.5,4015.14,3153.84,5848.77,1975.13,5655.06,2011.04,4128.68,1091.54,4551.17,629.92,2194.51,3678.24,1975.92,3664.95,1106.44
2019/12/11,3168.26,2396.36,2527.37,2072.65,2744.76,3397.72,7435.5,15223.76,1798.32,2140.07,7720.74,1942.65,2273.17,4026.33,3171.57,5948.22,2000.5,5706.49,2010.16,4142.13,1089.77,4612.05,637.77,2217.73,3683.32,1982.78,3690.71,1115.66
2019/12/12,3157.52,2393.12,2521.67,2086.55,2740.14,3363.22,7394.8,15094.53,1795.1,2133.21,7704.47,1936.7,2278.36,4030,3167.76,5938.43,1993.79,5736.44,2003.78,4119.64,1086.86,4591.56,636.14,2206.61,3716.75,1989.35,3716.77,1112.1
2019/12/13,3145.97,2389.34,2538.07,2083.63,2730.86,3423.66,7443.65,15056.96,1797.3,2130.94,7727.78,1943.51,2294.75,4036.94,3166.89,6020.34,1988.53,5706.98,2004.06,4136.44,1095.57,4641.32,637.32,2245.46,3732.33,2009.28,3731.8,1115.29
2019/12/16,3177.99,2406.67,2560.44,2098.34,2754.21,3445.05,7561.77,15235.64,1811.07,2153.88,7836.59,1958.96,2315.87,4057.57,3186.11,6072.44,2015.44,5752.95,2020.06,4186.15,1101.37,4689.75,644.62,2250.04,3769.4,2045.34,3755.14,1126.18
2019/12/17,3173.87,2420.57,2589.49,2108.4,2774.13,3545.98,7585.55,15132.3,1823.49,2171.08,7862.7,1976.66,2329.82,4107.14,3210.06,5932.39,2036.71,5784.93,2034.62,4252.36,1130.03,4805.35,658.49,2290.54,3765.66,2059.97,3794.98,1137.17
2019/12/18,3222.26,2453.82,2615.53,2127.02,2837.14,3606.3,7674.18,15331.16,1841.42,2209.56,7933.03,1995.79,2351.76,4188.12,3247.5,5985.42,2053.84,5804.28,2060.77,4283.53,1149.66,4832.51,664.55,2323.63,3813.84,2095.12,3821.61,1147.77
2019/12/19,3215.82,2449.18,2609.22,2113.77,2839.96,3590.59,7660.6,15255.33,1842.72,2227.36,7865.6,1986.34,2346.19,4179.04,3240.76,5972.17,2047.64,5800.57,2063.3,4284.97,1145.76,4833.43,678.58,2328.57,3828.51,2103.32,3822.91,1151.35
2019/12/20,3222.65,2467.65,2624.6,2117.34,2850.13,3549.16,7698.79,15203.9,1864.63,2232.57,7904.81,1996.35,2364.1,4214.94,3254.76,6006.08,2063.75,5825.21,2076.3,4298.7,1140.7,4839.17,685.48,2334.26,3832.89,2097.93,3841.81,1154.03
2019/12/23,3265.58,2445.8,2605.2,2091.54,2807.83,3459.07,7695.89,14988.19,1856.1,2201.57,7807.55,1985.15,2351.56,4232.4,3233.61,6069.2,2032.87,5817.97,2062.7,4225.75,1121.59,4689.22,671.59,2277.45,3840.5,2097.66,3838.78,1143.53
2019/12/24,3173.56,2408.73,2579.02,2058.46,2795.47,3424.97,7626.24,15058.3,1827.93,2183.39,7748.37,1956.28,2317.17,4146.2,3192.31,6005.82,2010.57,5856.65,2025.7,4180.9,1100.63,4585.73,656.94,2235,3794.03,2056.2,3790.36,1131.34
2019/12/25,3170.01,2440.21,2621.28,2074.96,2905.34,3477,7663.4,15098.16,1851.07,2212.43,7773.64,1964.61,2326.73,4117.9,3221.38,6056.78,2031.89,5897.68,2036.32,4267.21,1113.13,4634.14,670.2,2262.97,3811.92,2056.9,3853.22,1150.16
2019/12/26,3161.49,2432.54,2628.02,2061.32,2908.9,3544.32,7646.1,14970.39,1853.19,2213.64,7787.14,1955.05,2324.84,4133.56,3210.55,6092.5,2070.24,5939.99,2033.01,4319.9,1116.93,4691.5,676.88,2285.81,3794.96,2061.54,3849.31,1158.72
2019/12/27,3153.88,2462.1,2656.01,2081.82,2950.82,3564.49,7731.98,15109.14,1879.78,2227.2,7837.67,1966.6,2339.84,4208.01,3228.74,6158.51,2103.46,6054.25,2058.37,4336.53,1122.08,4724.81,684.26,2303.53,3817.71,2091.25,3868.86,1167.7
2019/12/30,3201.74,2460.92,2655.23,2091.73,3000.93,3435.38,7641.78,15252.67,1875.67,2200.2,7766.54,1957.2,2336.6,4223.05,3203.77,6131.23,2089.86,6088.6,2045.71,4304.78,1118.09,4596.77,670.72,2254.39,3803.47,2065.39,3850.64,1159.42
2019/12/31,3261.76,2499.11,2692.18,2116.81,3023.7,3471.64,7751.27,15534.63,1890.64,2238.11,7820.68,1973.12,2367.42,4258.56,3224.73,6162.65,2110.64,6193.78,2069.42,4366.14,1123.17,4652.78,676.86,2288.28,3817.41,2145.02,3890.78,1166.64
2020/1/2,3347.27,2529.54,2718.55,2147.22,3054.57,3507.71,7826.91,15288.74,1931.67,2269.16,8025.76,1991.29,2392.38,4350.99,3259.5,6189.06,2137.34,6373.67,2107.91,4384.28,1133.01,4714.39,686.43,2324.34,3859.81,2169.95,3938.61,1180.25
2020/1/3,3420.59,2535.91,2746.62,2153.91,3081.96,3612.68,8027.27,15303.42,1967.36,2304.36,8027.46,2003.1,2396.41,4355.57,3316.34,6294.77,2162.38,6426.2,2143.94,4465.69,1145.91,4806.86,715.18,2372.11,3889.64,2160.73,3995.43,1198.46
2020/1/6,3426.8,2564.91,2753.21,2133.81,3155.55,3584.66,7836.88,14957.99,1937.26,2294.62,7950.98,2001.16,2368.31,4270.89,3299.22,6244.59,2151.77,6315.69,2132.2,4467.3,1185.03,4801.39,712.8,2361.16,3875.6,2141.77,3991.21,1192.19
2020/1/7,3531.88,2598.14,2772.19,2138.76,3201.98,3671.57,7807.64,14952.3,1954.39,2311.32,7945.51,2008.83,2364.91,4271.57,3341.25,6303.18,2215.57,6351.94,2151.26,4547,1177.89,4892.21,733.09,2399.43,3881.75,2158.32,4031.98,1200.92
2020/1/8,3634.48,2653.33,2780.88,2169.19,3235.07,3643.25,7847.73,15075.37,1958.91,2333.65,8019.65,2017.89,2367.49,4272.24,3367.1,6324.78,2220.7,6347.65,2153.8,4584,1200.14,4951.02,745.89,2399.07,3864.09,2149.47,4062.91,1206.5
2020/1/9,3582.81,2580.18,2765.62,2150.43,3186.44,3659.96,8059.94,15165,1943.87,2319.63,8030.52,2005.29,2363.72,4294.36,3342.05,6369.57,2202.71,6338.46,2144.76,4615.02,1192.93,4963.94,744.79,2385.61,3849.95,2139.55,4148.79,1203.25
2020/1/10,3565.13,2584.25,2784.02,2149.45,3165.04,3720.93,8135.82,15367.06,1969.29,2350.91,8208.71,2012.01,2382,4320.09,3407.46,6499.29,2217.77,6382.47,2157.2,4643.27,1195.68,5088.94,749.42,2441.72,3846.53,2156.22,4148.11,1214.65
2020/1/13,3480.89,2552.84,2772.54,2130.73,3154.35,3733.38,8155.53,15519.33,1951.06,2358.04,8230.5,1998.46,2371.51,4272.14,3401.7,6365.71,2204.49,6379.67,2146.63,4615.51,1178.45,5037.02,737.67,2422.39,3847.07,2128.16,4150.54,1211.09
2020/1/14,3515.16,2565.45,2817.99,2139.4,3189.18,3868.18,8188.83,15786.86,1966.95,2383.26,8282.47,2011.94,2387.26,4315.88,3429.02,6399.77,2242.12,6389.91,2161.31,4689.66,1189.17,5164.03,748.9,2459.86,3856.45,2173.18,4235.72,1219.62
2020/1/15,3538.07,2569.51,2815.13,2145.2,3229.89,3815.37,8158.27,15565.42,1976.12,2370.91,8228.75,2023.76,2370.14,4289.5,3404.17,6295.07,2224.16,6370.51,2161.41,4641.35,1176.79,5086.52,745.74,2427.76,3842.63,2150.28,4179.37,1215.64
2020/1/16,3467.83,2542.72,2805.49,2127.92,3183.83,3866.72,8122,15715.04,1984.95,2376.34,8269.09,2013.46,2354.81,4251.48,3392.67,6287.78,2231.41,6320.06,2142.53,4630.11,1169.87,5168.75,744,2439.41,3806.2,2144.26,4168.36,1208.16
2020/1/17,3459.15,2530.35,2801.46,2111.33,3169.92,3880.64,8049.67,15727.3,1979.51,2362.88,8288.51,1998.34,2340.04,4238.64,3364.61,6290.65,2228.17,6323.47,2131.27,4627.69,1179.23,5215.3,739.27,2432.9,3781.03,2136.03,4171.04,1207.57
2020/1/20,3433.32,2531.63,2798.93,2103.42,3147.06,3836.94,8081.27,15684.44,1973.17,2372.38,8450.52,1982.59,2321.15,4214.58,3345.05,6209.44,2207.01,6297.84,2126.48,4581.55,1176.55,5205.78,732.14,2425.97,3781.86,2152.98,4170.29,1201.5
2020/1/21,3441.12,2513.56,2816.01,2104.22,3156.07,3958.89,8036.98,15414.24,1991.26,2388.35,8577.25,1986.13,2326.82,4174.31,3336.63,5939.24,2227.45,6311.99,2134.65,4659.8,1195.99,5253.72,728.62,2450.63,3778.2,2153,4164.66,1213.75
2020/1/22,3372.55,2471.09,2771.91,2056.03,3071.6,3923.55,7837.37,15079.96,1947.34,2341.35,8690.63,1963.11,2284.72,4094.97,3263.67,5774.25,2192.99,6122.02,2095.34,4603.82,1177.02,5140.1,714.17,2391.21,3728.87,2106.93,4077.65,1189.04
2020/1/23,3290.92,2462.78,2781.93,2051.97,3079.68,4022.79,7771.85,15134.41,1924.31,2317.68,8524.91,1950.33,2272.18,4115.14,3229.79,5724.3,2189.79,6147.09,2086.58,4693.37,1176.92,5187.32,712.48,2406.82,3721.54,2094.73,4093.58,1192.89
2020/2/3,2866.17,2158.97,2449.82,1805.25,2726.27,3561.3,6838,13368.66,1740.1,2029.75,7974.39,1740.52,2012.63,3618.29,2839.95,5076.19,1988.02,5356.1,1831.77,4178.93,1049.56,4536.41,632.83,2113.19,3340.93,1860.29,3602.22,1045.24
2020/2/4,2771.87,2084.62,2380.05,1731.66,2608.4,3418.99,6934.76,13401.2,1672.36,1923.05,8118.62,1688.35,1946.89,3532.71,2749.43,4998.61,1936.73,5262.51,1749.23,4144.61,991.58,4369.22,609.98,2029.84,3409.49,1825.69,3520.19,996.56
2020/2/5,2966.37,2167.28,2514.93,1821.24,2762.59,3689.51,7254.59,13917.49,1752.49,2030.11,8449.64,1765.07,2039.48,3656.46,2891.95,5203.85,2061.01,5557.9,1828.39,4417.65,1044.19,4702.9,652.32,2155.39,3481.83,1901.69,3728.79,1059.51
2020/2/6,3074.7,2197.48,2562.52,1854.67,2789.02,3684.94,7350.16,14070.68,1807.81,2080.1,8793.78,1795.85,2098.91,3709.21,2930.65,5281.91,2096.53,5614.51,1860.03,4415.31,1077.2,4828.54,669.06,2197.09,3495.71,1919.75,3757.6,1076.46
2020/2/7,3135.48,2205.9,2649.43,1854.08,2831.02,3788.23,7376.7,14222.13,1850.7,2122.84,9098.19,1824.56,2122.89,3711.93,2988.84,5351.89,2173.53,5643.13,1878.36,4549.61,1112.2,5081.64,705.14,2283.1,3472.59,1934.47,3833.56,1097.02
2020/2/10,3123.13,2194.9,2662.08,1859.1,2823.04,3813.03,7324.59,14265.86,1889.91,2133.93,8870,1864.88,2118.98,3699.38,3010.14,5391.65,2197.16,5633.58,1886.34,4576.1,1126.88,5279.14,719.24,2333.89,3464.88,1931.42,3826.96,1104.74
2020/2/11,3350.91,2255,2692.71,1904.28,2951.95,3850.29,7456.53,14351.59,1879.09,2162.25,8709.62,1870.49,2150.34,3809.78,3113.29,5452.09,2265.34,5943.21,1932.7,4716.21,1129.2,5284.02,722.48,2377.24,3484.43,1965.46,3988.87,1130.42
2020/2/12,3268.69,2270.72,2664.26,1919.07,2935.08,3875.34,7574.65,14586.45,1831.42,2162.34,8719.47,1853.62,2152.28,3833.78,3062.41,5477.72,2207.61,5997.34,1933.83,4682.02,1113.47,5199.5,709.42,2344.05,3505.94,1953.71,3933.47,1128.12
2020/2/13,3307.76,2302.51,2721.23,1929.48,3087.99,3975.33,7625.38,14672.67,1855.07,2197.87,8822.31,1869.17,2161.9,3876.7,3082.77,5508.57,2243.46,6108.21,1953.44,4806.89,1136.28,5450.6,727.47,2391.85,3509.15,1973.02,3973.01,1147.01
2020/2/14,3297.08,2282.37,2686.46,1908.56,3092.59,3984.88,7491.22,14517.16,1823.34,2167.57,8736.7,1856.93,2136.79,3909.9,3044.53,5419.81,2192.65,6079.9,1933.74,4731.51,1124.4,5376.96,710.27,2343.76,3482.47,1945.74,3953.05,1139.43
2020/2/17,3423.52,2295.8,2718.33,1919.77,3140.69,4057.06,7444.69,14454.23,1825.27,2167.31,8744.4,1859.43,2147.15,4025.82,3042.62,5492.68,2198.87,6150.73,1949.44,4702.1,1152.39,5468.52,717.21,2385.45,3515.55,2001.15,3951.58,1150.57
2020/2/18,3456.18,2341.25,2788.16,1963.74,3227.4,4202.69,7599.89,14604.69,1869.15,2244.2,8935.62,1895.39,2195.12,4019.05,3111.8,5592.63,2268.23,6221.99,1990.6,4836.43,1229.43,5624.23,738.02,2486.53,3565.22,2034.08,4099.55,1185.78
2020/2/19,3477.17,2345.04,2828.22,1958.85,3240.99,4289.91,7539.6,14570.41,1897.12,2265.01,8868.71,1900.12,2191.27,3992.9,3141.11,5553.78,2339.89,6165.82,1986.72,4987.78,1238.96,5721.42,745.78,2529.67,3538.66,2018.69,4174.04,1197.4
2020/2/20,3544.28,2342.29,2819.28,1949.97,3189.64,4314.94,7528.18,14764.69,1870.61,2263.13,8712.05,1901.59,2205.61,4002.01,3132.78,5796.83,2286.8,6240.42,1984.62,4968.21,1230.51,5654.49,733.88,2519.79,3546.93,2038.09,4142.2,1200.38
2020/2/21,3526.65,2375.11,2853.47,1964.97,3212.49,4459.31,7720.97,15066.08,1891.76,2303.63,8764.92,1920.33,2240.46,4044.41,3171.64,5912.61,2317.67,6269.98,2004.14,5053.75,1246.05,5784.36,753.1,2560.29,3573.17,2105.48,4234.2,1214.75
2020/2/24,3513.03,2371.27,2875.72,1964.37,3263.9,4571.79,7710.43,15009.32,1904.36,2321.94,8889.43,1923.91,2220.55,3997.55,3169.38,5782.1,2342.06,6321.68,2003.95,5077.99,1268.32,5976.8,762.4,2655.35,3560.87,2081.51,4275.29,1223.42
2020/2/25,3519.43,2315.23,2834.6,1928.76,3167.5,4651.43,7561.92,14635.02,1910.71,2281.12,8838.57,1893.33,2147.82,3916.47,3104.39,5618.46,2336.93,6261.4,1959.72,4986.16,1248.51,5988.79,756.46,2754.4,3499.13,2046.69,4211.04,1210.39
2020/2/26,3616.26,2303.16,2854.89,1925.53,3201.9,4758.68,7489.22,14520.56,1940.27,2276.67,8990.47,1874.73,2149.24,3915.36,3100.1,5585.81,2377.81,6208.9,1941.6,5077.61,1264.23,6028.52,762.54,2829.95,3469.33,2053.83,4334.08,1210.24
2020/2/27,3612.32,2331.41,2841.96,1971.36,3177.39,4561.43,7529.44,14614.58,1939.42,2298.31,8822.76,1900.04,2176.84,4063.76,3159.33,5636.38,2361.17,6436.35,2055.89,5002.25,1265.9,5896.58,750.63,2780.01,3507.11,2067.69,4314.4,1227.86
2020/2/28,3510.7,2272.87,2741.33,1924.35,3026.1,4229.23,7398.73,14510.59,1905.34,2241.82,8650.64,1884.72,2118.78,3935.02,3092.06,5432.46,2274.17,6380.98,1995.77,4779.29,1201.96,5716.78,728.24,2620.75,3491.32,2008.2,4148.98,1194.24
2020/3/2,3463.96,2244.83,2728.11,1915.25,2946.42,4253.54,7350.67,14270.01,1945.85,2215.09,8637.84,1863.36,2097.84,3960.79,3028.7,5449.71,2245.14,6448,2024.59,4730.34,1184.78,5671.92,718.16,2650.44,3443.62,1984.09,4084.65,1182.74
2020/3/3,3636.9,2339.56,2841.34,2037.8,3075.4,4390.15,7616.41,14792.4,1986.06,2310.52,8877.7,1935.94,2173.02,4154.02,3144.08,5604.66,2336.67,7096.21,2232.78,4952.77,1232.54,5962.86,742.32,2870.07,3515.33,2065.16,4296.13,1254.85
2020/3/4,3610.82,2308.8,2820.64,1999.26,3074.24,4250.46,7505.55,14893.94,2012.13,2283.98,8929.74,1938.48,2160.81,4119.5,3129.79,5544.66,2330.23,6798.83,2156.03,4839.63,1225.98,5952.92,727.72,2746.22,3496.09,2040.45,4202.27,1231.19
2020/3/5,3732.18,2362.29,2876.69,2065.05,3113.66,4298.97,7618.61,15171.4,2060.65,2344.24,9023.92,1973.44,2207.69,4229.59,3242.85,5607.11,2367.3,7082,2246.11,4977.57,1262.14,6075.53,750.08,2883.49,3525.18,2105.44,4288.67,1261.82
2020/3/6,3875.36,2357.66,2875.26,2058.42,3112.83,4176.58,7758.83,15542.78,2080.39,2352.65,9093.31,1977.3,2203.55,4230.24,3262.93,5744.66,2361.85,6957.85,2205.03,4980.3,1237.78,5779.07,740.8,2736.37,3573.53,2111.29,4250.13,1248.65
2020/3/9,3797.09,2302.06,2869.05,2032.45,3100.81,4119.78,7562.01,15165.63,2138.95,2343.76,9131.58,1953.38,2199.4,4104.6,3273.17,5670.5,2378.28,6730.94,2138.36,4929.87,1223.38,5665.22,726.77,2717.54,3500.67,2039.15,4164.1,1240.54
2020/3/10,3764.17,2233.62,2768.71,1968.58,2921.51,3919.49,7427.42,14787.32,2056.31,2244.45,8962.5,1906.47,2159.19,4035.14,3188.99,5477.84,2284.77,6530.96,2075.63,4759.29,1165.75,5398.56,696.97,2703.95,3442.47,2017.31,3977.17,1197.02
2020/3/11,3773.4,2296.41,2841.71,2023.84,3021.4,4183.95,7664.05,15337.73,2045.69,2323.93,9060.49,1960.26,2214.45,4121.23,3283.41,5703.93,2341.03,6808.56,2162.15,5015.81,1236.46,5724.1,726.78,2936.18,3498.41,2064.48,4172.73,1240.25
2020/3/12,3694.53,2246.21,2755.61,2017.22,2917.47,3939.33,7441.7,15049.23,2040.4,2256.81,8874.95,1937.27,2191.63,4035.95,3223.26,5718.89,2296,6586.29,2099.49,4822.42,1212.32,5452.88,702.07,2793.27,3458.54,1998.96,4051.55,1199.5
2020/3/13,3424.39,2143.92,2569.82,1962.7,2726.22,3744.47,6995.59,14290.33,1892.3,2118.39,8231.81,1850.76,2082.31,3844.23,3076.89,5389.14,2125.1,6224.97,2001.92,4555.28,1150.12,5198.46,662.54,2718.2,3344.65,1890.44,3828.31,1129.47
2020/3/16,3656.1,2208.61,2682.61,2005.18,2850.66,3965.01,7212.06,14617.15,1956.79,2219.19,8581.22,1904.68,2152.88,4002.89,3187.01,5770.35,2249.55,6510.18,2089.52,4881.84,1214.52,5549.36,696.09,2811.16,3414.07,1966.86,3998.58,1184.81
2020/3/17,3487.79,2142.31,2565.21,1939.12,2727.69,3702.88,6803.39,14048.96,1898.28,2129.28,8298.44,1845.83,2077.56,3863.81,3062.52,5517.11,2150.54,6243.65,2037.48,4581.3,1155.74,5293.01,667.86,2635.64,3315.23,1884.04,3767.39,1122.32
2020/3/18,3475.56,2141.8,2577.91,1932.9,2714.91,3686.26,6778.16,13950.04,1879.46,2117.93,8302.27,1856.55,2068.92,3808.63,3062.79,5465.59,2147.77,6241.88,2038.94,4634.16,1152.38,5338.56,670.27,2589.6,3315.39,1884.07,3747.37,1130.09
2020/3/19,3486.26,2088.82,2514.49,1904.11,2616.51,3600.32,6688.84,13448.16,1831.64,2061.83,8141.52,1818.19,2016.68,3644.6,3008.06,5276.31,2097.39,6184.08,1985.79,4515.43,1114.56,5188.22,652.55,2472.52,3213.54,1808.91,3631.18,1096.32
2020/3/20,3533.21,2086.51,2554.05,1928.66,2657.66,3722.02,6618.43,13438.88,1829.35,2081.51,8124.9,1827.56,2011.27,3639.91,3099.49,5274.03,2098.72,6233.81,1998.06,4606.92,1138.31,5354.81,670.05,2612.35,3170.17,1820.38,3656.85,1114.56
2020/3/23,3397.93,2051.63,2486.01,1878.34,2587.45,3522.05,6418.03,13333.01,1807.53,2049.43,8119.23,1806.36,1975.89,3575.56,3034.89,5300.21,2057.77,6191.41,1965.42,4391.48,1102.64,5115.1,654.28,2515.11,3144.96,1758.99,3528.14,1093.38
2020/3/24,3460.58,2068.06,2471.9,1892.26,2646.01,3478.36,6401.94,13726.8,1786.6,2058.61,8231.51,1824.87,1987.95,3600.24,3056.3,5281.43,2020.68,6394.43,1983.71,4410.82,1098.65,5132.01,660.59,2600.66,3187.8,1794.43,3492.91,1102.58
2020/3/25,3553.59,2124.64,2521.15,1934.3,2735.12,3539.24,6697.08,14364.16,1825.04,2115.32,8437.48,1861.08,2039.81,3681.55,3107.79,5412.16,2074.81,6603.34,2013.96,4471.98,1117.45,5244.69,668.01,2659.1,3272.5,1847.72,3663.95,1128.86
2020/3/26,3535.05,2113.08,2513.51,1902.13,2700.84,3525.21,6679.05,14222.77,1851.02,2111.79,8533.88,1848.7,2041.02,3735.01,3104.55,5319.51,2104.36,6456.7,1998.17,4457.38,1106.79,5188.76,668.82,2602.49,3254.43,1826.95,3705.98,1120.78
2020/3/27,3635.73,2116.09,2529.97,1905.08,2718.93,3539.67,6763.77,14512.62,1857.99,2130.02,8862.54,1847.85,2052.33,3782.24,3151.2,5334.91,2125.65,6462.72,1994.18,4455.15,1109,5250.41,674.41,2601.22,3322.18,1848.83,3719.61,1124.23
2020/3/30,3503.39,2080.72,2467.04,1883.16,2633.7,3355.43,6563.39,14310.32,1865.38,2085.7,8662.78,1822.93,2007.3,3720.95,3115.94,5146.6,2066.77,6402.08,1995.9,4298.86,1077.79,4980.52,645.94,2461.84,3268.17,1799.46,3620.88,1102.64
2020/3/31,3600.04,2093.93,2470.77,1889.27,2622.38,3388.09,6606.12,14548.49,1869.71,2084.8,8625.17,1834.88,2018.59,3750.15,3155.51,5005.86,2065.8,6502.36,2034.94,4355.63,1090.03,4932.18,641.4,2452.98,3311.33,1828.58,3666.33,1109.09
2020/4/1,3816.02,2075.68,2463.66,1871.72,2613.28,3309.19,6533.33,14914.75,1837.48,2071.18,8637.33,1824.92,2015.53,3706.05,3165.82,4911.05,2055.77,6391.76,2003.77,4298.54,1070.41,4840.8,631.34,2378.44,3255.09,1796.63,3671.94,1090.6
2020/4/2,3749.21,2059.27,2439.3,1856.6,2634.42,3351.47,6497.88,14655.67,1825.32,2048.62,8510.63,1804.01,1995.06,3690.23,3096.23,4922.9,2034.51,6344.31,1975.33,4266.7,1061.45,4838.95,627.17,2376.09,3235.37,1783.95,3597.12,1083.5
2020/4/3,3708.92,2129.92,2513.48,1893.12,2689.97,3533.72,6626.79,14952.51,1882.03,2095.9,8634.38,1836.1,2021.67,3737.39,3114.01,5075.73,2083,6402.52,2015.43,4420.22,1097.03,5030.62,642.07,2447.74,3257.29,1812.48,3673.92,1112.4
2020/4/7,3821.11,2132.54,2544.54,1911.68,2723.33,3619.58,6692.28,15266.84,1891.83,2115.6,8834.14,1848.25,2045.73,3799.61,3151.8,5253.93,2136.38,6503.29,2026.26,4433.1,1110.16,5095.33,646.92,2470.83,3299.32,1830.81,3693.11,1127.29
2020/4/8,3950.3,2130.12,2565.89,1932.55,2740.47,3595.64,6643.14,15371.35,1909.06,2134.43,8936.59,1856.52,2054.02,3779.77,3198.17,5247.94,2153.72,6671.49,2042.29,4446.77,1122.47,5163.11,656.19,2468.59,3282.36,1822.89,3703.49,1141.05
2020/4/9,3899.67,2155.79,2593.78,1945.22,2781.15,3657.78,6638.15,15470.8,1918.52,2151.4,9008.55,1870.68,2076.49,3797.09,3211.59,5384.25,2158.36,6753.29,2055.36,4477.89,1160.56,5229.14,665.32,2531.18,3283.14,1835.94,3727.25,1150.45
2020/4/10,3891.03,2138.01,2587.91,1967.11,2792.3,3600.61,6622.11,15480.28,1902.75,2165.67,9201.99,1869.19,2078.73,3786.74,3227.92,5433.35,2179.54,6778.97,2050.19,4471.18,1151.7,5252.64,676.89,2527.27,3278.49,1834.94,3757.59,1149.39
2020/4/13,3797.15,2111.79,2540.36,1930.44,2701.02,3419.61,6762.2,15450.14,1849.27,2119.28,9075.68,1845.43,2045.6,3739.31,3151.57,5364.04,2126.95,6633.84,2008.13,4314.76,1130.04,5006.85,650.03,2399.13,3254.33,1817.41,3638.78,1130.8
2020/4/14,3787.54,2105.44,2568.48,1943.58,2728.54,3417.5,6929.74,15561.37,1876,2128.9,9192.21,1847.85,2043.28,3760.81,3160.29,5431.91,2128.66,6790.78,2018.81,4335.16,1141.13,4973.81,648.2,2387.38,3258.99,1822.41,3660.87,1141.29
2020/4/15,3822.49,2129.41,2600.73,1962.97,2788.22,3508.28,6824.52,15770.07,1887.41,2153.36,9297.15,1867.2,2062.53,3811.38,3196.11,5451.59,2157.45,6848.79,2034.64,4493.58,1148.31,5096.27,664.78,2434.89,3279.19,1842.58,3732.13,1155.11
2020/4/16,3772.61,2104.89,2568.93,1931.67,2746.23,3473,6764.38,15597.76,1889.72,2128.3,9296.25,1852.2,2039.66,3761.12,3156.65,5308.39,2138.6,6679.35,2007.35,4446.96,1129.09,5029.07,656.94,2397.25,3251.73,1823.58,3679.07,1132.29
2020/4/17,3768.78,2120.34,2593.63,1958.96,2767.59,3582.83,6836.05,15708.18,1884.64,2155.71,9444.97,1877.49,2059.97,3798.91,3196.69,5418.14,2158.95,6715.8,2026.2,4658.43,1151.76,5214.7,674.3,2444.73,3273.95,1854.31,3729.56,1146.76
2020/4/20,3778.62,2113.25,2598.68,1948.01,2739.68,3588.68,6820.17,15797.95,1885.65,2151.28,9335.59,1868.69,2076.88,3795.59,3191.96,5582.88,2164.47,6857.48,2072.28,4626.37,1145.05,5179.94,666.83,2428.31,3282.41,1868.13,3718.12,1156.69
2020/4/21,3786.37,2102.34,2618.66,1948.05,2732.82,3587.22,6860.49,15793.13,1892.59,2155.45,9450.71,1864.57,2077.75,3770.18,3210.7,5601.24,2171.89,6925.84,2076.24,4610.13,1161.98,5256.59,671.3,2461.4,3275.4,1864.61,3705.42,1156.42
2020/4/22,3744.87,2065.18,2591.84,1932.51,2684.02,3510.12,6734.05,15609.35,1861.55,2132.14,9313.24,1853.55,2056.45,3721.03,3189.66,5583.81,2149.01,6944.93,2076.42,4547.67,1151.88,5253.64,666.52,2459.86,3254.3,1834.5,3640.26,1144.63
2020/4/23,3930.55,2082.76,2648.55,1947.44,2737.4,3582.07,6893.23,16149.33,1892.64,2160.5,9537.67,1877.27,2074.07,3772.17,3276.54,5802.99,2189.24,7027.31,2097.71,4673.44,1170.14,5332.18,678.9,2505.45,3262.39,1850.69,3693.21,1162.85
2020/4/24,3943.48,2092.41,2633.69,1929.84,2713.15,3516.41,6943.86,16201.51,1880.96,2148.02,9505.39,1867.11,2092.58,3757.29,3279.99,5715.57,2183.2,6899.8,2073.44,4585.63,1173.32,5224.3,666.68,2441.55,3246.65,1825.52,3665.67,1154.19
2020/4/27,3918.7,2062.21,2592.07,1911.57,2677.68,3460.59,6827.44,16259.72,1827.36,2119.82,9303.92,1854.58,2073.93,3731.04,3251.23,5779.8,2135.05,6880.68,2048.79,4557.99,1151.51,5127.22,656.33,2411.29,3245.81,1808.64,3633.92,1143.71
2020/4/28,3905.68,2049.72,2572.14,1907.4,2651.76,3454.59,6844.51,16416.44,1811.29,2110.01,9355.36,1860.08,2065.19,3769.12,3265.94,5680.89,2131.35,6909.46,2038.23,4578.36,1131.36,5078.17,653.42,2394.05,3299.97,1826.02,3603.7,1138.47
2020/4/29,3871.79,2004.36,2520.71,1880.84,2604.03,3472.58,6854.99,16496.67,1744.23,2069.32,9283.69,1838.02,2057.59,3747.95,3233.22,5749.73,2088.29,6828.9,1985.97,4529.86,1104.3,5000.65,644.49,2345.03,3304.84,1825.46,3544.59,1112.79
2020/4/30,3827.01,2030.69,2542.66,1891.82,2622.74,3556.82,6961.81,16240.55,1730.83,2072,9199.79,1842.66,2089.24,3821.71,3207.89,5913.09,2098.45,6987.99,1993,4621.04,1128.4,5032.61,657.79,2357.27,3388.68,1861.89,3609.06,1127.74
2020/5/6,3774.69,2053.97,2562.91,1914.1,2664.41,3665.41,6938.31,16022.06,1731.62,2072.3,9074.6,1852.07,2073.13,3807.56,3174.67,5901.07,2092.77,6906.15,2014.79,4672.51,1148.13,5177.39,660.56,2417.99,3347.32,1845.47,3663.6,1139.03
2020/5/7,3825.78,2070.32,2629.44,1936.73,2736.19,3841.43,7058.17,16495.84,1758.17,2110.75,9316.02,1871.1,2081.91,3814.37,3230.48,5896.61,2150.98,7000.8,2038.97,4808.7,1175.1,5362.01,678.77,2538.34,3355.28,1870.34,3789.97,1168
2020/5/8,3876.26,2068.79,2636.73,1942.33,2760.03,3816.15,7059.85,16753.8,1754.72,2113.59,9374.06,1869.18,2077.14,3813.66,3250.86,5995.95,2159.6,7094.56,2038.21,4790.73,1179.63,5364.01,681,2516.83,3355.24,1867.22,3787.48,1173.15
2020/5/11,3858.87,2085.77,2660.13,1955.25,2765.89,3854.45,7364.89,16873.28,1773.86,2143.55,9457.06,1876.25,2090.6,3836.19,3269.32,6013.38,2194.92,7153.53,2040.67,4788.32,1191.91,5466.54,691.25,2553.39,3371.36,1881.34,3838.5,1187.05
2020/5/12,3783.7,2090.88,2647.13,1938.58,2729.43,3820.28,7424.71,16754.51,1779.99,2151.7,9328.06,1870.62,2089.7,3835.56,3244.47,5904.13,2173.92,7243.89,2045.68,4758.85,1193.33,5376.26,684.61,2550.92,3370.28,1884.35,3842.75,1189.87
2020/5/13,3795.06,2070.96,2641.84,1922.91,2709.63,3825.29,7454.99,16959.89,1759.75,2145.84,9452.6,1861.07,2074.27,3785.24,3255.14,5909.88,2172.23,7190.98,2018.35,4754.07,1192.31,5360.42,683.52,2518.2,3336.42,1866.16,3807.66,1183.21
2020/5/14,3790.14,2066.06,2651.62,1937.83,2733.51,3836.11,7434.57,17195.46,1767.4,2156.8,9550.77,1865.12,2075.72,3790.69,3289.99,5867.76,2193.97,7168.47,2022.01,4771.22,1187.9,5373.49,689.47,2515.75,3332,1862.18,3792.91,1184.57
2020/5/15,3727.7,2065.62,2641.22,1923.12,2740,3870.44,7464.01,17198.01,1765.26,2151.4,9538.44,1857.18,2067.8,3772.32,3290.8,5867.68,2193.63,7036.83,2007.99,4758.44,1200.42,5385.07,690.69,2510.53,3321.12,1856.34,3759.85,1183.83
2020/5/18,3735.83,2070.79,2642.87,1909.4,2781.73,3904.89,7403.69,16951.45,1771.38,2135.41,9455.39,1856.99,2065.89,3777.06,3286.98,5812.99,2178.19,7042.42,2021.66,4791.12,1202.3,5397.87,688.43,2504.31,3298.25,1843.74,3721.01,1180.82
2020/5/19,3836.85,2089.1,2651.75,1920.43,2817.61,3774.02,7490.06,17611.55,1769.23,2146.38,9649.73,1856.73,2091.75,3824.02,3322.68,5873.45,2148.79,7059.01,2022.42,4785.72,1225.13,5348.87,684.1,2463.73,3339.26,1858.77,3721.03,1183.37
2020/5/20,3777,2095.03,2675.35,1916.79,2821.62,3844.12,7470.13,17522.4,1760.73,2162.59,9638.8,1850.84,2097.94,3785.76,3360.33,5936.47,2157.15,7023.7,2017.93,4849.18,1224.7,5404.21,687.67,2463.13,3327.93,1850.18,3723.19,1193.45
2020/5/21,3743.92,2085.4,2662.75,1910.14,2804.32,3823.72,7495.79,17474.93,1769.33,2147.51,9562.39,1840.15,2086.69,3763.2,3332.47,5892.91,2128.32,6982.73,2005.55,4843.74,1192.21,5343.66,682.6,2454.54,3353.98,1854.44,3746.63,1184.74
2020/5/22,3657.45,2064.92,2620.14,1900.97,2741.37,3718.46,7398.5,17477.77,1741.3,2124.23,9600.04,1820.58,2065.53,3738.16,3303.15,5891.02,2086.43,6941.23,1978.41,4755.2,1169.13,5196.86,673.9,2396.62,3328.85,1828.24,3680.5,1160.92
2020/5/25,3641.25,2028.45,2565.81,1876.01,2706.86,3625.55,7266.12,17023.45,1703.09,2099.52,9372.06,1804.91,2045.38,3676.01,3286.38,5783.66,2042.69,6759.49,1940.12,4640.69,1153.57,5082.88,657.6,2346.22,3292.08,1782.57,3636.87,1145.36
2020/5/26,3681.08,2038.2,2573.44,1875.87,2705.43,3618.27,7226.47,17485.03,1710.91,2113.39,9517.86,1813.12,2053.51,3719.28,3325.74,5903.57,2069.82,6824.53,1933.03,4649.72,1143.88,5063.19,659.68,2314.61,3281.97,1788.39,3646.91,1150.5
2020/5/27,3678.52,2050.69,2616.46,1892.36,2732.61,3708.33,7378.39,17550.26,1740.4,2162.96,9697.3,1823.24,2085.6,3750.03,3376.56,6127.52,2105.4,6888.98,1951.41,4723.76,1156.53,5166.53,674.43,2348.14,3286.58,1792.55,3701.44,1167.68
2020/5/28,3650.28,2055.34,2605.9,1896.2,2737.94,3634.3,7422.43,17370.95,1741.41,2196.46,9511.94,1823.34,2081.7,3760.16,3378.45,6219.72,2101.46,6799.82,1947.31,4685.15,1148.1,5069.65,666.99,2307.09,3302.11,1784.77,3689.39,1155.75
2020/5/29,3579.71,2053.87,2590.71,1884.8,2769.44,3608.37,7347.47,17300.6,1715.53,2184.34,9387.04,1824.65,2080.51,3745.25,3347.3,6114.61,2096.71,6808.23,1942.59,4649.8,1146.3,5041.26,669.35,2282.7,3322.7,1794.38,3679.77,1147.68
2020/6/1,3653.6,2044.03,2627.33,1901.14,2796.85,3676.77,7524.95,17820.33,1754.89,2233.1,9655.36,1826.72,2113.46,3747.11,3456.09,6447.99,2146.2,6907.02,1947.38,4734.07,1160.84,5168.49,691.3,2312.99,3332.94,1823.04,3704.02,1167.94
2020/6/2,3709.63,2080.73,2684.37,1918.39,2862.88,3857.39,7639.44,18200.69,1804.56,2278.75,9769.98,1854.67,2166.82,3823.63,3548.41,6636.8,2190.04,7031.38,1983.52,4874,1180.03,5312.25,716.77,2408.13,3354.94,1844.41,3821.15,1193.4
2020/6/3,3734.14,2103.4,2704.85,1904,2849.23,3919.53,7581.18,18058.33,1801.77,2257.91,9709.06,1869.08,2171.7,3904.31,3597.89,6454.68,2158.04,6978.71,1993.95,4833.57,1189.04,5310.43,710.47,2420.89,3401.74,1880.61,3819.97,1196.71
2020/6/4,3700.64,2094.52,2722.76,1911.41,2827.97,3938.34,7569.91,17910.1,1831.19,2269.23,9764.68,1866.04,2164.63,3892.92,3611.25,6448.65,2161.8,6958.24,1983.68,4823.21,1182.69,5267.56,711.86,2413.97,3404.13,1875.32,3895.78,1199.94
2020/6/5,3710.97,2075.86,2717.78,1897.41,2836.99,3936.91,7642.4,18101.72,1827.28,2280.93,9826.79,1857.03,2163.59,3858.69,3639.15,6439.34,2172.65,6880.39,1973.02,4806.26,1171.75,5224.67,712.58,2393.26,3386.24,1863.95,3915.75,1199.84
2020/6/8,3663.73,2088.78,2729.63,1895.55,2831.9,4005.82,7761.87,18231.92,1822.63,2277.32,9944.67,1857.39,2204.24,3863.2,3567.02,6639.33,2183.62,6854.95,1976.91,4847.43,1173.09,5267.61,722.71,2410.61,3392.71,1881.58,3919.75,1208.76
2020/6/9,3664.7,2102.39,2730.97,1902.25,2865.81,3976.34,7857.94,18216.24,1802.18,2253.36,9822.86,1856.14,2205.88,3870.89,3514.58,6693.23,2150.07,6811.94,1968.26,4859.25,1171.34,5218.49,715.7,2409.45,3387.97,1886.32,3906.94,1203.41
2020/6/10,3662.45,2102.71,2735.26,1896.31,2860.72,3977.88,7892.91,18327.26,1813.4,2262.22,10006.57,1861.24,2223.48,3872.12,3583.81,6721.62,2164.88,6863.59,1971.02,4894.42,1164.58,5239.96,730.21,2405.16,3395.37,1891.11,3908.82,1205.76
2020/6/11,3643.42,2084.06,2725.04,1898.3,2857.85,4013.65,7767.97,18277.06,1826.65,2272.73,10160.12,1847.24,2209.36,3836.05,3581.35,6666.1,2168.26,6987.36,1956.98,4888.4,1165.72,5265.38,730.78,2393.97,3364.54,1867.53,3906.04,1208.62
2020/6/12,3489.59,2031.13,2659.09,1862.49,2790.82,3869.37,7483.33,17775.67,1786.12,2201.57,9931.29,1810.67,2146.99,3758.32,3509.64,6635.78,2110.57,6769.53,1916.02,4811.72,1150.15,5187,715.69,2334.14,3302.87,1820.95,3836.88,1183.56
2020/6/15,3579.56,2026.41,2701.41,1893.28,2811.29,3904.28,7561.58,18042.64,1835.22,2247.72,10369.85,1826.14,2169.75,3787.5,3646.66,7080.08,2195.15,6843.56,1934.22,4847.19,1169.54,5278.44,751.8,2373,3307.91,1842.42,3901.54,1198.92
2020/6/16,3637.62,2020.43,2711.74,1889.78,2812,3930.45,7515.44,18036.83,1841.37,2252.72,10455.68,1831.16,2170.21,3818.01,3694.24,7092.11,2191.96,6862.57,1936.64,4914.21,1159.9,5335.57,763.52,2390.42,3305.88,1846.55,3894.93,1204.09
2020/6/17,3635.33,2042.03,2744.85,1956.33,2872.08,3977.22,7561.01,18213.44,1852.92,2285.24,10635.04,1844.85,2178.94,3841.05,3720.05,7231.18,2197.39,6953.92,1956.9,4942.32,1179.13,5392.1,766.24,2434.89,3307.29,1844.73,3906.29,1218.16
2020/6/18,3681.02,2049.55,2738.16,2011.26,2871.39,3959.62,7493.22,18169.75,1858.7,2283.41,10853.82,1854.72,2174.4,3826.77,3740.42,7121.06,2205.53,6837.28,1954.67,4895.06,1177.85,5378.65,771.48,2423.62,3290.93,1836.72,3879.44,1216.27
2020/6/19,3725.42,2097.02,2750.2,2040.17,2892.2,4076.6,7561.59,18244.63,1834.44,2279.62,10600.98,1865.57,2180.63,3848.97,3690.39,7221.74,2198.63,6852.94,1966.44,4926.02,1164.88,5408.65,763.74,2492.73,3292.76,1853.25,3910.32,1216.65
2020/6/22,3771.19,2089.55,2778.08,2013.24,2915.65,4145.49,7670.22,18605.37,1837.6,2306.7,10833.31,1868.49,2181.33,3853.14,3773.09,7338.19,2234.49,6880.23,1973.68,4992.06,1177.44,5451.4,774.17,2478.37,3295.51,1880.48,3957.78,1223.25
2020/6/23,3784.65,2073.01,2771.99,1965.8,2935.78,4208.56,7617.22,18488.87,1836.78,2286.33,10841.59,1858.31,2150.96,3833.4,3731.62,7192.45,2223.6,6785.99,1959.99,5028.7,1193.07,5503.78,776.55,2490.02,3280.31,1893.69,3943.11,1218.38
2020/6/24,3768.14,2066.46,2768.42,1961.4,2936.64,4212.77,7603.86,18931.91,1820.34,2278.23,11027.72,1869.23,2152.08,3829.25,3721.76,7239.69,2247.95,6768.64,1940.87,5077.34,1185.25,5586.4,793.74,2458.43,3272.75,1906.6,3937.03,1217.79
2020/6/29,3757.46,2050.19,2758.34,1939.1,2912.13,4215.43,7663.41,18805.59,1799.9,2274.18,10945.3,1869.48,2136.05,3867.25,3680.83,7191.42,2222.99,6752.56,1930.86,5096.7,1175.15,5587.55,784.38,2438.34,3320.5,1890.44,3917.54,1214.59
2020/6/30,3805.13,2040.99,2759.12,1925.66,2899.63,4249.66,7673.02,19028.46,1795.02,2280.41,11078.08,1868.73,2129.75,3852.3,3707.36,7781.97,2230.8,6752.55,1925.07,5160.35,1180.64,5556.72,778.44,2444.67,3291.45,1865.02,3902.2,1218.63
2020/7/1,3877.74,2051.34,2789.05,1916.24,2941.32,4335,7675.3,19220.32,1804.34,2310.04,11239.85,1875.24,2140.98,3907.26,3759.38,8178.34,2296.31,6809.65,1931.02,5229.56,1194.69,5708.47,799.1,2478.91,3290.31,1889.86,3952.49,1236.12
2020/7/2,3926.03,2065.9,2796.24,1914.82,2949.89,4360.86,7798.33,19840.03,1805.58,2341.71,11073.49,1887.35,2153.35,4117.43,3774.73,8456.15,2304.93,7015.29,1956.72,5218.57,1192.11,5662.83,795.89,2453.85,3343,1929.85,3961.92,1243.94
2020/7/3,3893.08,2141.42,2844.84,1956.35,3014.89,4426.23,7939.12,20309.26,1832.3,2367.51,11010.16,1910.26,2209.58,4246.16,3866.41,8536.38,2312.34,7160.95,2001.11,5258.34,1211.9,5733.76,809.16,2512.42,3439.29,2070.72,4041.59,1264.48
2020/7/6,3957.94,2242.31,2894.13,1994.51,3080,4450.81,7924.31,20092.95,1851.27,2386.99,11170.48,1938.29,2248.05,4327.04,3934.38,9389.56,2369.94,7230.4,2047.68,5337.63,1228.12,5839.93,816.03,2586.15,3563.3,2226.15,4167.02,1282.15
2020/7/7,4165.19,2386.59,3009.37,2110.23,3308.2,4711.9,8257.92,20727.13,1905.24,2483.63,11224.37,2012.65,2357.28,4652.14,4144.07,10284.59,2448.64,7482.04,2163.46,5620.8,1304.72,6125.83,849.27,2708.29,3933.8,2416.75,4342.62,1333.99
2020/7/8,4094.5,2304.01,3019.03,2067.2,3279.21,4767.48,8186.64,21349.42,1901.45,2528.3,11521.01,1987.32,2334.85,4517.36,4175.86,9377.17,2476.35,7402.31,2119.62,5699.19,1309.44,6235.26,859.22,2708.36,3803.7,2321.8,4327.53,1328.31
2020/7/9,4158.79,2359.38,3071.01,2133.63,3444.49,4868.85,8191.98,21543.93,1929.28,2552.27,11543.04,2018.64,2367.94,4568.64,4296.83,9622.9,2520.72,7473.15,2168.54,5816.78,1460.16,6440.84,873.85,2781.42,3821.85,2421.03,4382.79,1348.63
2020/7/10,4268.83,2400.08,3129.48,2159.32,3517.67,4972.49,8281.23,21676.29,1990.35,2591.83,11953.4,2042.8,2385.6,4563.82,4435.86,9722.47,2605.56,7622.82,2183.64,5928.17,1482.99,6632.91,897.01,2828.39,3739.12,2410.49,4438.61,1374.95
2020/7/13,4283.54,2328.43,3139.46,2109.95,3485.35,4988.2,8132.4,21928.9,1984.46,2568.28,12184.45,2033.24,2402.35,4527.28,4585.97,10250.72,2654.03,7613.59,2155.12,5922,1443.24,6578.51,897.19,2789.84,3579.46,2361.18,4505.18,1368.67
2020/7/14,4557.6,2379.36,3227.61,2179.45,3575.31,5154.35,8272.47,22832.52,2032.51,2659.94,12620.34,2088.36,2426.47,4572.25,4630.03,9684.78,2727.15,7934.53,2208.37,6118.23,1473.46,6703.6,920.92,2876.47,3579.48,2376.39,4642.35,1412.75
2020/7/15,4542.79,2397.92,3195.43,2154.65,3578.04,5061.93,8113.18,22687.11,2008.38,2658.5,12551.48,2096.5,2412.43,4532.2,4487.36,9887.49,2699.23,7983.8,2203.45,6159.17,1499.39,6583.33,927.73,2828.95,3523.91,2403.57,4634.35,1408.02
2020/7/16,4469.95,2320.48,3156.83,2084.04,3430.94,4816.16,8169.54,22792.02,1961.05,2626.24,12607.82,2075.89,2368,4390.12,4369.48,9852.18,2650.04,7849.59,2140.8,5991.81,1429.32,6382.54,891.49,2697.29,3447.72,2334.06,4494.09,1381
2020/7/17,4187.49,2233.16,3029.84,2021.33,3269.24,4531.4,7837.27,20918.18,1879.61,2505.13,11742.65,2006.57,2288.05,4244.13,4184.34,9319.52,2539.76,7609,2086.05,5698.07,1383,6039.34,846.4,2571.5,3438.96,2242.97,4278.17,1319.19
2020/7/20,4327.82,2225.29,3121.61,2011.45,3301.96,4651.76,8061.43,21607.28,1893.37,2557.06,12011.51,2030.86,2288.25,4241.15,4183.91,9905.12,2580.07,7917.69,2101.59,5836.24,1447.51,6056.05,853.01,2570.19,3435.67,2214.56,4349.35,1339.83
2020/7/21,4367.17,2313.48,3221.67,2110.7,3472.53,4676.02,8311.16,21393.17,1929.31,2639.4,11930.73,2082.45,2359.32,4387.63,4247.03,9965.83,2618.83,8382.02,2176.18,6039.07,1545.56,6199.1,864.96,2627.4,3516.15,2313.49,4523.8,1389.54
2020/7/22,4350.51,2314.11,3230.47,2090.75,3521.7,4701.3,8298.33,21664.47,1945.79,2659.65,12257.45,2060.35,2351.57,4361.66,4239.86,10110.22,2612.58,8294.15,2170.36,6017.58,1473.24,6105.51,867.91,2612.3,3479.03,2254.98,4507.13,1392.17
2020/7/23,4355.71,2296.58,3229.59,2068.44,3474.61,4692.84,8313.91,21985.45,1941.17,2642.16,12358.52,2047.43,2337.85,4319.45,4220.45,10277.7,2614.1,8217.38,2156.26,6000.76,1521.2,6161.72,868.66,2594.93,3437.53,2227.21,4478.41,1385.38
2020/7/24,4330.12,2292.72,3234.68,2056.09,3470.6,4661.37,8437.61,22000.27,1937.77,2634.33,12661.5,2040.35,2320.78,4278.5,4254.8,10933.23,2640.41,8235.96,2157.43,6127.28,1581.02,6095.85,864.54,2557.51,3398.3,2234.25,4487.39,1389.99
2020/7/27,4300.97,2248.93,3114.54,1992.07,3389.64,4451.32,8151.58,21339.21,1864.96,2530.18,12056.72,1984.4,2260.93,4195.88,4037.58,9897.43,2523.59,7979.19,2089.57,5921.4,1524.22,5841.96,823.22,2465.16,3341.71,2141.48,4343.84,1340.94
2020/7/28,4287.35,2258.26,3129.4,1998.92,3557.64,4521.08,8126.7,21560.22,1864.09,2540.81,12260.42,1994.78,2268.89,4130.29,3998.96,9949.87,2497.2,7996.82,2077.78,5935.42,1506.21,5888.06,827.52,2475.82,3316.26,2149.33,4409.65,1345.51
2020/7/29,4373.88,2264.03,3144.84,2002.23,3468.39,4527.88,8133.37,22257.94,1879.03,2551.66,12165.01,1993.26,2257.74,4113.4,4001.99,10013.42,2508.57,7960.92,2082.02,5911.42,1514.68,5862.93,830.22,2489.05,3305.09,2119.64,4387.94,1345.33
2020/7/30,4451.98,2304.14,3251.85,2035.22,3530.27,4746.23,8589.81,22321.47,1905.22,2617.71,12746.39,2024.37,2311.72,4195.24,4123.67,10456.29,2556.51,8209.16,2120.28,6122.08,1568.12,6069.52,858.47,2565.5,3352.49,2198.6,4511.36,1383.84
2020/7/31,4450.1,2291.64,3243.45,2018.07,3454.13,4690.64,8425.85,22421.77,1889.82,2610.15,12708.27,2034.87,2304.85,4167.87,4104.51,10693.95,2540.53,8269.16,2114.67,6164.89,1532.01,5950.15,844.69,2536.23,3317.96,2164.28,4454.14,1371.88
2020/8/3,4522.76,2308.36,3316.59,2036.82,3513.37,4870.18,8550.08,22611.03,1915.52,2665.66,13072.13,2055.13,2330.05,4216.96,4185.8,11490.43,2567.32,8514.16,2147.36,6350.57,1539.94,6093.38,866.66,2575.48,3341.82,2219.59,4522.66,1395.4
2020/8/4,4635.1,2347.76,3392.44,2075.83,3615.09,4948.97,8655.72,22675.22,1949.56,2700.91,13256.68,2083.04,2371.52,4292.12,4253.1,11147.48,2616.01,8585.81,2181.76,6422.38,1651.92,6283.32,880,2636.67,3354.69,2237.29,4655.83,1427.91
2020/8/5,4592.18,2334.03,3373.08,2064.65,3627.41,4958.88,8557.74,22424.35,1938.15,2687.1,12987.8,2080.75,2362.22,4305.86,4171.86,10711.67,2616.02,8495.18,2193.95,6351.44,1594.27,6271.44,866.79,2618.74,3412.92,2231.34,4650.35,1420.39
2020/8/6,4747.27,2351.85,3440.81,2076.8,3690.42,4885.64,8594.28,22626.18,1950.03,2744.37,13344.14,2077.06,2363.98,4278.2,4230.22,10918.46,2676.34,8601.49,2195.87,6421.44,1664.17,6254.89,872.99,2618.8,3398.37,2226.4,4684.61,1434.3
2020/8/7,4635.08,2345.73,3421.62,2092.09,3785.69,4885.69,8494.36,22197.83,1928.81,2728.94,13065.54,2060.59,2351.31,4265.05,4176.42,10762.29,2663.6,8614.38,2210.86,6297.58,1717.7,6235.16,855.87,2604.27,3408.14,2238.21,4665.66,1429.8
2020/8/10,4586.72,2304.07,3399.5,2059.91,3655.01,4722.48,8505.23,21995.77,1902.63,2709.15,12826.77,2039.72,2331.78,4238.51,4122.97,10598.7,2617.59,8767.73,2184.55,6295.38,1774,6140.73,844.44,2552.85,3390.51,2197.04,4653.85,1419.43
2020/8/11,4607.72,2330.38,3418.83,2088.3,3617.11,4745.42,8677.9,22160.65,1923.29,2767.96,12846.14,2070.52,2372.13,4342.97,4146.03,10496.74,2630.39,8649.56,2249.04,6367.46,1720.88,6149.83,857.13,2564.64,3426.48,2247.96,4715.63,1439.38
2020/8/12,4617.03,2290.44,3336.77,2042.75,3440.71,4661.04,8495.71,22129.52,1893.83,2690.35,12635.12,2035.54,2352,4284.78,4054.42,10516.6,2583.59,8429.47,2187.85,6229.15,1710.41,5945.63,838.49,2509.57,3439.2,2185.13,4639.31,1411.49
2020/8/13,4588.92,2320.2,3313.41,2041.2,3450.32,4725.14,8464.33,21937.84,1895.32,2672.83,12315.23,2045.88,2379.7,4340.45,4051.7,10260.27,2569.63,8325.42,2213.68,6190.49,1656.08,5898.93,838.13,2520.18,3458.94,2200.46,4654.49,1401.87
2020/8/14,4679.35,2325.89,3322.8,2065.71,3431.93,4672.19,8445.02,21930.15,1904.75,2681.1,12091.69,2055.77,2375.6,4308.06,4077.87,10083.75,2593.47,8315.78,2205.49,6185.43,1659.91,5858.89,836.53,2517.81,3434.56,2180.04,4636.99,1398.59
2020/8/17,4660.7,2332.44,3360.65,2068.93,3440.74,4774.97,8645.68,22516.01,1921.02,2718.09,12212.79,2072.94,2399.43,4370.59,4099.63,10254.71,2598.45,8412.61,2225.03,6254.65,1739.87,6020.36,851.61,2560.74,3493.46,2261.49,4679.08,1413.59
2020/8/18,4701.3,2392.65,3425.54,2102.07,3586.08,4868.61,8731.42,22803.42,1939.77,2765.45,12361.51,2095.14,2423.21,4445.07,4145.26,10356.59,2632.81,8634.07,2266.62,6323.86,1760.01,6108.59,863.31,2602.69,3576.27,2335.11,4803.81,1443.35
2020/8/19,4755.79,2397.81,3445.12,2123.69,3600.89,4814.58,8695.88,23074.36,1945.38,2777.47,12489.97,2100.09,2440.01,4414.96,4199.4,10455.54,2674.6,8734.99,2276.05,6346.2,1764.24,6100.14,868.88,2601.01,3546.85,2314.33,4823.35,1447.93
2020/8/20,4710.51,2388.2,3377.16,2108.66,3499.4,4637.63,8498.18,22980.62,1915.2,2737.83,12075.94,2120.1,2428.18,4340.31,4096.83,9772.35,2626.69,8694.96,2243.35,6133.29,1703.22,5886.29,841.08,2516.93,3508.59,2256.68,4690.41,1423.23
2020/8/21,4649.63,2361.25,3381.31,2098.53,3493.34,4726.49,8456.87,22940.28,1923.02,2741.94,12161.66,2114.88,2410.72,4348.74,4078.08,9938.44,2606.72,8616.99,2236.12,6123.21,1673.1,5928.39,855.22,2532.55,3491.72,2255.32,4675.97,1420.16
2020/8/24,4696.85,2359.65,3397.46,2105.1,3486.8,4741.05,8479.18,23314.15,1931.23,2786.05,12240.98,2119.67,2440.11,4347.99,4078.54,10137.96,2633.25,8652.51,2242.78,6181.88,1661.94,5940.75,873.47,2535.87,3487.13,2274.36,4687.74,1422.55
2020/8/25,4787.42,2348.74,3421.75,2087.3,3519.68,4832,8540.58,23446.39,1939.06,2782.57,12250.42,2116.21,2440.79,4324.95,4070.15,10378.04,2653.19,8723.54,2244.54,6317.84,1662.41,6032.61,883.55,2552.78,3466.91,2252.66,4719.6,1442.8
2020/8/26,4707.29,2315.59,3410.81,2064.43,3440.85,4784.44,8537.24,23902.69,1941.83,2748.93,12262.22,2102.45,2442.55,4304.41,4004.38,10338.14,2612.09,8608.57,2227.35,6303.43,1598.38,6060.32,887.05,2549.99,3461.74,2236.05,4672.76,1448.81
2020/8/27,4599.9,2290.58,3344.16,2042.97,3388.79,4640.93,8405.24,24000.92,1916.41,2711.82,12186.74,2104.67,2419.82,4248.41,3906.68,10065.25,2590.45,8464.72,2182.72,6202.77,1558.6,5899.39,878.08,2494.14,3435.35,2194.24,4627.45,1422.63
2020/8/28,4621.83,2294.74,3363.48,2046.93,3382.79,4674.46,8324.33,24289.88,1917.7,2728.9,12314.94,2094.07,2420.02,4230.24,3905.52,10164.63,2593.55,8423.59,2196.43,6362.52,1577.91,5971.81,877.7,2519.69,3421.65,2192.54,4680.33,1433.09
2020/8/31,4752.1,2325.73,3435.01,2087.68,3471.46,4784.57,8685.56,25108.57,1940.1,2760.55,12725.34,2104.77,2465.2,4309.23,3964.49,10777.5,2627.84,8681.5,2230.34,6449.48,1624.52,6093.98,895.95,2547.31,3516.74,2260.8,4725.38,1464.49
2020/9/1,4722.16,2318.12,3414.68,2070.72,3481.75,4717.24,8520.42,25108.06,1950.35,2785.42,12587.11,2105.27,2435.57,4255.77,3932.01,10307.88,2610.28,8530.98,2212.76,6393.45,1638.46,6029.39,881.4,2527.07,3467.56,2216.96,4714.16,1453.73
2020/9/2,4768.63,2328.5,3456.81,2086.41,3521.13,4787.3,8661.15,25277.19,1959.56,2806.56,12646.33,2117.33,2451.56,4257.69,3936.59,10856.48,2613.61,8527.63,2218.08,6576.23,1672.81,6077.81,884.9,2549.23,3471.44,2240.61,4863.16,1472.5
2020/9/3,4741.06,2309.75,3469.26,2083.89,3458.91,4791.56,8602.9,25141.49,1941.63,2804.52,12646.58,2129.36,2447.55,4250.28,3976.92,10851.33,2587.03,8466.4,2221.23,6557.6,1637.73,6112.4,892.64,2565.28,3451.04,2229.11,4849.06,1487.23
2020/9/4,4568.99,2286.19,3393.27,2058.47,3365.57,4661.98,8381.26,24530.68,1924.13,2744.2,12386.63,2090.47,2398.12,4187.98,3880.13,10611.23,2517,8275.67,2169.07,6324.39,1597.02,5921.43,868.91,2490.99,3408.46,2177.3,4710.35,1443.49
2020/9/7,4592.64,2305.84,3446.64,2073.02,3420.14,4793.22,8392.5,24356.77,1943.37,2772.15,12393.81,2108.67,2430.39,4230.57,3926.16,10610.19,2548.07,8362.59,2195.69,6449.96,1618.98,6043.06,884.4,2534.93,3413.98,2187.91,4787.41,1468.58
2020/9/8,4388.03,2284.78,3388.01,2055.15,3379.26,4652,8295.3,23810.65,1939.24,2727.19,12052.86,2091.63,2415.97,4244.65,3865.84,10480.31,2495.96,8167.64,2184.19,6258.95,1581.04,5975.67,871.73,2499.17,3422.59,2159.49,4769.29,1447.62
2020/9/9,4290.26,2327.05,3339.14,2068.64,3346.51,4552.51,8217.27,23174.89,1938.06,2705.81,11885.59,2113.77,2416.78,4213.17,3829.04,10083.19,2483.34,8074.13,2203.36,6225.41,1556.18,5929.09,870.66,2477.01,3439.71,2169.64,4716.35,1447.08
2020/9/10,4212.91,2345.82,3308.34,2149.97,3354.72,4507.7,8179.78,23161.92,1950.06,2671.05,11658.26,2101.78,2433.5,4245.41,3778.63,10022.9,2445.66,8009.38,2192.1,6194.2,1565.36,5818.14,848.44,2441.55,3463.47,2179.11,4694.47,1425.32
2020/9/11,4130.63,2262.66,3200.52,2058.59,3259.01,4361.71,8093.22,22991.13,1882.46,2608.89,11394.11,2029.22,2363.37,4194.24,3713.51,9991.43,2358.39,7850.37,2106.96,5989.77,1487.22,5528.37,808.39,2290.56,3434.68,2127.65,4603.64,1366.4
2020/9/14,4172.25,2273.95,3271.29,2067.73,3307.55,4533.31,8198.33,23723.93,1910.61,2668.66,11759.93,2064.75,2380.59,4202.25,3775.89,10209.44,2421.34,7994.69,2136.85,6387.39,1504.12,5672.44,834.3,2338.88,3413.57,2152.67,4682.76,1405.62
2020/9/15,4135.99,2274.4,3298.55,2075.17,3369.2,4559.25,8361.69,23732.94,1928.18,2674.38,11606.28,2095.57,2376.43,4175.03,3767.72,10527.24,2431.45,8076.98,2148.86,6470.41,1502.27,5731.3,843.24,2366.05,3415.74,2154.19,4716.58,1423.57
2020/9/16,4141.97,2266.77,3333.63,2070.39,3355.09,4557.9,8470.53,23850.73,1941.79,2688.18,11737.27,2084.02,2394.45,4198.33,3778.55,10908.13,2447.96,8160.35,2150.69,6482.65,1514.84,5728.83,844.91,2357.16,3435.36,2163.73,4785.58,1435.06
2020/9/17,4071.84,2276.16,3326.45,2046.26,3343.96,4509.54,8380.93,23186.48,1919.82,2669.21,11492.44,2074.41,2388.29,4228.16,3772.74,10792.79,2404.32,8137.82,2144.44,6457.85,1491.52,5656.56,837.85,2337.7,3446,2152.78,4864.7,1430.69
2020/9/18,4023.65,2272.99,3348.79,2068.47,3329.63,4563.35,8477.48,22867.53,1914.66,2668.47,11373.18,2073.08,2392.95,4216.29,3757.06,10489.99,2419.45,8110.01,2151.3,6567.25,1501.47,5683.57,836.7,2353.67,3437.43,2150.32,5017.11,1445.2
2020/9/21,4079.95,2336.26,3406.12,2086.15,3410.49,4620.36,8523.65,23240.21,1936.2,2713.16,11533.6,2094.53,2428.36,4355.98,3825.15,10759.54,2449.56,8328.78,2192.59,6608.7,1548.03,5812.88,853.89,2387.47,3506.75,2296.34,5057,1459.8
2020/9/22,4031.85,2305.13,3361.55,2062.21,3329.27,4545.06,8460.59,22724.17,1939.32,2677.17,11409.98,2066.7,2393.75,4285.56,3796.14,10444.79,2405.41,8188.95,2170.53,6504.47,1561,5697.75,834.98,2368.91,3464.54,2209,4921.86,1440.56
2020/9/23,4001.26,2280.41,3333.84,2053.58,3311.14,4546,8455.48,22562.31,1946.63,2674.83,11512.72,2057.87,2356.6,4279.9,3773.34,10322.04,2403.08,8174.52,2150.91,6458.64,1555.72,5684.8,831.78,2364.78,3443.34,2220.54,4885.97,1435.15
2020/9/24,4002.29,2249.7,3308.89,2031.88,3240.14,4512.06,8453.14,22646.85,1932.38,2658.02,11707.45,2045.11,2346.28,4227.6,3759.27,10624.28,2405.48,8125.53,2127.2,6523.67,1532.77,5644.12,834.03,2345.29,3416.58,2185.75,4842.13,1431.43
2020/9/25,3982.19,2228.22,3267.39,2003.18,3182.19,4470.41,8379.39,22486.44,1915.67,2605.73,11608.09,2008.57,2320.18,4156.13,3691.76,10470.33,2363.36,7979.39,2091.12,6359.9,1504.69,5559.22,822.94,2302.63,3384.85,2180.86,4773.78,1407.45
2020/9/28,3960.87,2233.2,3237.24,2004.94,3167.07,4425.03,8314.81,22606.3,1905.37,2584.88,11615.82,1990.78,2310.22,4089.34,3697.73,10633.11,2359.88,7867.55,2071.45,6387.29,1506.18,5524.83,822.74,2281.4,3381.06,2186.2,4746.38,1399.98
2020/9/29,3886.58,2251.38,3216.23,1995.86,3171.95,4439.75,8305.94,22830.56,1851.29,2562.06,11396.74,1987.27,2307.52,4111.03,3654.6,10729.64,2335.96,7802.98,2059.42,6434.46,1490.65,5492.28,812.86,2256.42,3400.53,2205.58,4742.44,1390.79
2020/9/30,3942.12,2232.38,3244.8,2010.71,3178.38,4473.37,8413.9,22812.96,1851.23,2559.33,11513.14,1990.44,2308.73,4117.37,3648.81,10844.12,2344.87,7807.52,2061.8,6477.89,1545.52,5546.49,817.5,2279.7,3354.82,2193.32,4727.19,1396.81
2020/10/9,3964.23,2235.83,3277.39,2014.05,3196.68,4551.99,8505.35,23244.01,1864.52,2578.46,11728.55,2001.63,2327.26,4093.49,3660.39,10721.01,2364.42,7924.55,2071.68,6836.47,1575.51,5605.39,821.79,2307.24,3367.16,2194.78,4876.1,1420.89
2020/10/12,3957.56,2270.91,3360.05,2036.27,3258.62,4669.74,8555.98,23452.6,1914.44,2618.12,11962.61,2021.15,2362.7,4130.44,3715.56,10025.36,2458.39,8019.84,2099.72,7024.57,1583.86,5757.93,833.87,2340.39,3360.02,2217.57,4982.87,1446.56
2020/10/13,4071.78,2313.79,3446.86,2057.94,3315.03,4755.48,8707.02,24266.16,1946.63,2658.72,12229.42,2057.42,2395.95,4185.68,3817.87,10548.06,2509.7,8162.53,2136.84,7150.35,1638.34,5896.28,840.49,2410.91,3436.85,2267.67,5071.53,1486.82
2020/10/14,4164.44,2310.99,3479.86,2044.35,3303.59,4719.39,8844.62,24291.08,1975.03,2669.7,12333.2,2058.13,2404.37,4150.43,3805.15,10243.95,2500.49,8178.2,2133.43,7209.93,1656.58,5906.99,856.74,2417.71,3449.55,2268.76,5156.32,1492.58
2020/10/15,4073.06,2300.69,3497.57,2035.9,3290.57,4655.93,8866.79,24208.31,2010,2662.29,12297.76,2043.72,2392.84,4096.34,3752.74,10018.72,2486.1,8209.8,2113.15,7309.65,1627.4,5842.86,840.42,2400.74,3449.96,2256.67,5175.6,1496.67
2020/10/16,4026.63,2315.61,3464.82,2039.01,3297.08,4627.24,8883.64,24148.65,2046.89,2647.75,12179.02,2035.68,2368.46,4086.96,3731.03,9874.34,2456.15,8096.74,2096.35,7166.55,1621.66,5769.62,831.29,2378.06,3493.47,2258.27,5101.02,1479.9
2020/10/19,4037.63,2345.28,3468.69,2070.91,3273.62,4621.09,8825.15,24106.83,2053.47,2665.68,12311.5,2048.25,2378.33,4114.09,3719.97,9772.82,2488.85,8085.25,2107.61,7064.43,1615.71,5805.2,834.24,2410.36,3587.42,2287.7,5056.02,1486.54
2020/10/20,4001.64,2305.45,3421.95,2062.13,3273.65,4554,8741.21,23654.72,2040.85,2631.51,11939.47,2025.56,2357.29,4076.44,3694.71,9727.52,2446.3,7931.77,2096.71,6900.78,1600.59,5707.3,826,2363.72,3572.58,2246.72,4996.18,1467.47
2020/10/21,4022.37,2310.1,3467.7,2059.94,3313.15,4616.48,8855.9,24311.17,2040.19,2673.82,12115.95,2038.94,2374.15,4070.67,3744.93,9915.02,2456.9,7970.15,2103.69,7065.46,1607.33,5771.25,838.93,2391.35,3562.48,2252.86,5173.22,1485.23
2020/10/22,3948.66,2276.65,3406.45,2054.06,3281.06,4494.55,8911.85,24320.16,2016.91,2648.88,11980.59,2016.86,2357.78,4047.93,3717.19,9597.96,2436.43,7775.18,2085.59,6824.46,1555.66,5647.95,830.88,2340.39,3627.54,2244.66,5134.95,1458.97
2020/10/23,3878.93,2272.46,3389.98,2049.78,3268.06,4547.55,8954.75,24370.02,2005.31,2639.45,11858.91,2009.57,2349.5,4057.03,3710.18,9673.67,2432.27,7715.6,2085.12,6845.26,1550.02,5662.08,827.71,2332.28,3602.55,2252.88,5147.85,1456.44
2020/10/26,3772.53,2250.15,3333.09,2040.03,3235.07,4443.55,8765.7,23124.4,1958.82,2592.77,11424.38,1987.67,2322.01,4053.36,3666.57,9512.03,2400.64,7593.77,2084.33,6667.62,1518.93,5535.61,804.11,2294.75,3643.18,2236.27,5073.66,1415.1
2020/10/27,3771.58,2232.78,3324.52,2044.12,3232.51,4494.45,8810.9,23425.65,1950.47,2591.95,11583.19,1988.88,2307.02,4011.51,3640.31,9183.9,2390,7568.36,2065.49,6875.2,1525.09,5519.91,807.81,2295.21,3567.71,2179.91,5102.11,1436.57
2020/10/28,3822.06,2232.59,3361.99,2058.04,3268.95,4547.68,8779.82,23558.53,1963.11,2617.66,11837.64,1993.27,2309.9,3975.72,3624.67,9423.55,2413.04,7706.86,2076.15,6838.2,1545.13,5525.76,808.26,2302.16,3555.96,2173.75,5112.77,1441.15
2020/10/29,3735.82,2208.35,3368.68,2050.94,3238.67,4530.52,8781.4,23971.98,1938.61,2609.78,11747.89,1977.49,2281.24,3909.57,3586.72,9553.92,2410.38,7567.61,2061.98,6855.24,1508.2,5403.31,803.14,2251.19,3483.94,2142.15,5144.83,1425.31
2020/10/30,3831.7,2217.33,3380.53,2066.35,3284.1,4597.64,9265.12,24322.98,1939.53,2684.18,12093.1,1986.04,2296.93,3942.39,3620.22,9797.17,2439.82,7794.49,2079.46,7047.49,1525.7,5462.15,811.6,2274.05,3527.12,2169.47,5378.42,1449.38
2020/11/2,3742.17,2184.75,3304.24,2037.45,3205.63,4515.88,9048.64,23853.55,1883.92,2607.51,11816.11,1955.32,2253.02,3887.77,3532.07,9638.09,2381.6,7627.03,2039.64,6929.5,1480.83,5348,788.68,2214.14,3498.7,2122.16,5331.49,1421.54
2020/11/3,3744.58,2195.93,3357.71,2064.16,3267.39,4617.28,9436.38,23982.94,1889.35,2634.11,11755.72,1977.45,2244.25,3894.18,3526.36,9566.38,2411.51,7715.45,2036.12,7215.19,1476.03,5307.67,790.52,2186.79,3508.11,2106.72,5509.47,1441.16
2020/11/4,3774.95,2248.29,3380.71,2084.07,3387.34,4658.67,9425.39,24192.02,1914.76,2658.29,11881.69,1994.29,2264.55,3931.02,3575.19,9666.8,2414.61,7781.41,2058.36,7166.6,1517.92,5432.24,802.08,2250.37,3567.13,2142.99,5463.51,1446.63
2020/11/5,3777.26,2263.7,3425.21,2106.69,3420.18,4741.91,9784.59,24536.78,1907.67,2683.16,11969.44,1994.61,2295.13,3951.8,3570.86,9927.35,2427.62,7957.99,2066.33,7240.43,1523.24,5464.74,801.79,2253.68,3603.51,2170.18,5690.44,1457.76
2020/11/6,3794.07,2272.3,3488.58,2162.36,3484.53,4773.06,9844.9,24802.83,1920.85,2714.65,11945.53,2015.57,2311.42,4030.86,3627.51,9793.64,2473.52,7983.73,2088.14,7445.79,1521.64,5523.57,810.28,2355.33,3567.53,2174.73,5901.24,1480.57
2020/11/9,3740.41,2293.91,3480.27,2197.32,3528.18,4858.72,10246.93,24620.94,1908.35,2714.18,11688.42,2012.98,2316.27,4052.95,3632.68,9703.76,2436.87,8036.95,2091.22,7279.53,1496.02,5476.38,805.99,2367.06,3575.29,2200.49,5853.27,1478.9
2020/11/10,3794.02,2350.13,3539.7,2237.79,3571.06,4956.73,10153.85,25063.96,1938.38,2740.44,11951.48,2036.01,2434.04,4077.27,3670.16,9720.09,2459.21,8098.35,2107.93,7353.69,1529.09,5606.02,819.79,2405.24,3622.88,2265.52,5839.7,1497.71
2020/11/11,3765.71,2330.05,3536.5,2213.38,3530.93,4866.38,9983.9,25109.83,1913.36,2716.97,11686.15,2026.63,2375.41,4039.72,3598.45,9582.45,2427.6,8069.17,2082.69,7336.08,1502.42,5515.03,803.25,2349.55,3620.22,2224.3,5672.57,1478.2
2020/11/12,3730.44,2355.95,3540.87,2235.2,3508.49,4768.07,10055.65,25046.65,1900.66,2693.18,11498.19,2036.19,2342.97,4073.28,3589.05,9464.8,2401.34,8232.51,2103.66,7258.57,1474.62,5397,791.13,2322.42,3628.97,2207.81,5567.99,1476.59
2020/11/13,3682.7,2348.8,3568.79,2246.84,3541.23,4729.43,10081.7,25014.59,1899.17,2709.97,11512.45,2027.25,2351.31,4038.18,3576.31,9803.6,2417.94,8243.06,2080.35,7170.71,1466.45,5365.56,786.4,2289.58,3583.48,2165.9,5667.54,1474.11
2020/11/16,3715.67,2352.71,3592.86,2256.63,3576.91,4770.67,10229.72,24763.72,1912.92,2712.8,11559.65,2022.35,2382.09,3998.02,3571.97,9627.36,2405.6,8234.94,2072.49,7118.19,1501.78,5394.94,786.6,2303.36,3543.13,2163.13,5637.94,1478.93
2020/11/17,3798.45,2427.2,3666.22,2328.16,3715.55,4686.25,10088.77,25228.1,1918.87,2742.71,11574.8,2029.8,2397.33,4021.74,3615.84,9631.21,2416.42,8360.09,2096.86,7152.34,1506.91,5400.09,788.11,2301.32,3551.01,2184.37,5651.77,1481.95
2020/11/18,3792.95,2406.92,3622.09,2301.74,3675.84,4663.76,10145.85,24904.74,1918.82,2722.8,11357.52,2017.83,2420.31,4097.8,3574.08,9509.27,2378.82,8328.11,2089.73,6985.92,1478.91,5314.68,779.26,2280.38,3590.27,2199.61,5654.82,1469.19
2020/11/19,3787.87,2416.35,3635.5,2324.78,3687.35,4659.7,10054.04,24595.96,1909.91,2721.02,11192.48,2023.04,2422.86,4130.05,3561.12,9366.7,2378.77,8305.99,2090.3,6900.64,1486.29,5267.42,776.75,2278.47,3678.03,2203.44,5736.61,1461.1
2020/11/20,3838.49,2389.04,3624.58,2305.82,3646.8,4709.85,10355.26,25033.98,1918.91,2743.02,11298,2019.47,2416.49,4136.76,3550.26,9673.98,2386.74,8231.1,2090.59,7013.67,1557.51,5346.46,782.82,2301.59,3690.3,2219.67,5668.29,1476.4
2020/11/23,3826.53,2465.61,3668.5,2355.57,3822.43,4696.73,10202.36,25574.46,1918.62,2763.23,11380.03,2029.27,2432.23,4121.2,3554.99,9658.71,2419.34,8272.9,2093.08,7164.15,1566.76,5350.71,785.28,2309.68,3680.36,2213.45,5863.35,1498.77
2020/11/24,3811.27,2540.21,3700.34,2362.93,3855.31,4679.68,10385.08,25546.38,1921.68,2781.16,11316.24,2038.87,2447.64,4137.01,3562.75,9716.43,2448.89,8339.03,2106.69,7278.41,1572.66,5325.98,777.72,2298.92,3752.4,2254.81,6006.87,1508.38
2020/11/25,3825.85,2597.29,3728.89,2395.24,3943.06,4702.93,10113.12,25483.79,1922.14,2780.8,11228.34,2036.6,2462.03,4134.21,3546.9,9952.11,2440.24,8309.59,2116.52,7314.8,1577.28,5315.65,774.28,2309.83,3767.66,2255.28,5905.4,1512.64
2020/11/26,3755.48,2525.9,3623.4,2305.4,3831.98,4653.32,9978.65,24689.83,1893.38,2713.65,11008.39,2018.22,2415,4092.41,3489.92,9723.73,2412.92,8068.75,2076.83,7168.25,1542.38,5216.76,762.16,2300.71,3712.3,2234.61,5838.38,1484.78
2020/11/27,3796.52,2518.52,3596.31,2295.76,3831.83,4628.89,9835.45,24783.38,1892.45,2691.78,10976.38,2045.92,2427.33,4101.05,3487.77,9760.15,2376.91,8010.68,2073.47,7138.85,1576.38,5194.02,761.51,2291.2,3779.95,2266.19,5738.24,1479.48
2020/11/30,3887.85,2520.22,3587.31,2289.07,3808.05,4685.04,9881.75,24854.97,1886.62,2690.54,11019.63,2037.8,2427.98,4169.37,3509.07,9811.37,2376.93,8002.55,2087.05,7142.44,1599.27,5176.57,761.53,2270.57,3876.33,2321.41,5752.55,1491.86
2020/12/1,3828.94,2514.96,3552.34,2253.97,3823.95,4684.66,9748.1,24475.73,1884.11,2668.16,11038.83,2024.47,2416.01,4117.57,3496.88,9857.72,2358.36,7939.86,2082.65,7049.6,1605.45,5189.69,770.56,2259.55,3812.25,2309.49,5693.69,1482.65
2020/12/2,3893.93,2538.77,3602.54,2278.02,3898.94,4770.68,9985.62,24861.01,1901,2704.5,11318.05,2042.8,2449.19,4150.99,3514.32,9966.71,2389.91,8046.85,2101.9,7202.31,1631.62,5296.87,792.89,2289.39,3908.27,2387.77,5816.24,1522.17
2020/12/3,3911.21,2558.71,3609.25,2285.75,3832.52,4828.75,10076.79,24806.59,1891.82,2704.94,11299.56,2033.68,2452.13,4182.19,3513.5,9879.4,2388.71,8031.31,2105.52,7134.44,1625.81,5292.82,791.12,2301.17,3900.76,2376.57,5768.73,1527.75
2020/12/4,3951.81,2498.94,3575.88,2251.67,3741.39,4758.48,9986.34,25058.96,1901.49,2701.96,11518.21,2033.09,2457.84,4150.78,3529.52,9849.18,2392.44,7955.94,2092.06,7108.03,1595.15,5333.23,793.03,2281.69,3882.15,2366.98,5702.44,1512.79
2020/12/7,3945.02,2522.56,3601.54,2247.02,3831.56,4827.61,10024.21,25859.96,1894.86,2739.51,11597.71,2030.22,2461.38,4096.55,3523.51,9959.45,2399.06,7992.7,2081.17,7182.8,1618.2,5341.23,794.31,2278.53,3837.01,2356.71,5675.4,1527.02
2020/12/8,4009.82,2480.55,3589.96,2225.92,3825.51,4788.52,9940.55,26041.1,1898.15,2731.36,11585.48,2017.15,2430.28,4036.13,3509.7,10318.91,2393.69,7915.55,2062.95,7271.49,1616.4,5340.87,786.38,2253.25,3756.08,2305.57,5657.66,1524.35
2020/12/9,3960.94,2478.59,3605.26,2207.54,3818.77,4788.29,9742.19,26444.83,1894.64,2717.22,11577.86,2008.46,2413.48,4021.25,3485.35,10259.76,2414.93,7876.23,2055.63,7338.98,1610.62,5333.55,785.61,2254.12,3744.14,2296.04,5705.57,1520.36
2020/12/10,3859.47,2491.86,3539.73,2199.7,3726.57,4686.4,9452.66,26077.97,1857.54,2652.57,11349.12,1982.62,2356.44,3951.78,3397.08,10052.87,2371.38,7716.78,2025.45,7215.46,1573.36,5206.6,764.11,2199.31,3724.67,2237.7,5495.64,1488.37
2020/12/11,3822.33,2527.63,3552.81,2261.47,3778.49,4715.03,9584.64,26260.03,1859.97,2660.78,11534.48,1983.6,2353.58,3950.37,3393.95,10273,2390.76,7760.89,2025.65,7336.1,1578.43,5216.41,769.21,2198.93,3714.06,2241.37,5487.29,1497.43
2020/12/14,3789.64,2434.56,3507.16,2208.89,3638.49,4633.51,9562.01,26223.64,1837.36,2621.97,11417.4,1958.34,2327.57,3914.68,3343.68,10048.54,2355.46,7698.61,2000.71,7264.46,1540.99,5107.93,744.16,2157.16,3686.89,2207.72,5425.98,1477.12
2020/12/15,3868.27,2381.07,3532.67,2178.97,3684.07,4647.73,9429.79,26717.18,1843.84,2647.33,11536.44,1964.6,2325.23,3935.68,3379.92,10365.48,2353.28,7737.29,1996.74,7405.25,1572.18,5130.79,749.24,2166.46,3703.88,2204.67,5526.08,1491.38
2020/12/16,3832.07,2383.45,3539.74,2179.17,3704.54,4656.84,9473.55,26653.86,1842.48,2655.75,11754,1965.97,2323.89,3908.9,3359.13,10553.29,2325.91,7788.56,1996.48,7556.15,1574.2,5163.46,755.92,2170.57,3689.07,2207.79,5616,1492.25
2020/12/17,3829.25,2363.89,3525.3,2165.84,3688.54,4590.66,9584.15,27125.23,1819.27,2642.23,11853.96,1958.55,2326.6,3886.52,3336.26,10636.66,2307.22,7725.72,1975.44,7509.66,1558.56,5093.93,739.79,2124.24,3677.56,2194.12,5489.18,1483.41
2020/12/18,3837.71,2463.65,3570.37,2228.63,3863.98,4647,9693.65,27156.79,1816.71,2657.82,11995.61,1982.56,2348.59,3912.74,3352.1,10677.41,2334.97,7765.13,1987.54,7553.89,1558.08,5144.17,751.98,2148.14,3694.67,2243.6,5516.77,1499.29
2020/12/21,3817.48,2536.95,3573.55,2289.91,3941.49,4566.62,9702.75,27044.08,1806.41,2641.2,11911.31,1984.39,2341.44,3875.39,3329.04,10432.43,2354.6,7750.33,1986.72,7853.41,1554.45,5079.48,747.76,2127.18,3648.61,2213.62,5617.46,1484.2
2020/12/22,3870.62,2519.05,3628.68,2302.99,3982.62,4656.48,9622.42,27371.17,1801.83,2655.15,12060.92,1986.07,2340.03,3857.94,3331.56,10756.05,2374.34,7789.48,1982.11,8097.11,1605.83,5131.64,748.32,2131.55,3637.91,2224.28,5751.88,1497.94
2020/12/23,3790.47,2412.44,3557.3,2219.15,3839.32,4584.1,9630.84,27754.93,1799.79,2606.86,12007.08,1946.76,2327.39,3830.74,3291.74,10915.52,2355.3,7678.53,1942.84,8053.49,1586.3,5002.23,736.31,2077.57,3576.39,2148.35,5579.19,1482.03
2020/12/24,3819.52,2476.29,3571.9,2238.09,3934.6,4674.94,9800.08,27096.84,1788.58,2592.88,11938.11,1975.19,2330.47,3812.31,3313.43,11395.02,2379.32,7676.77,1943.53,8281.02,1666.4,4984.49,732.07,2089.44,3596.23,2164.86,5683.68,1501.02
2020/12/25,3802,2466.68,3543.82,2215.17,3899.93,4646.87,9789.08,26639.17,1740.3,2541.08,11831.06,1956.15,2305.89,3769.07,3228.8,11231.87,2335.05,7672.69,1915.69,8196.04,1661.64,4851.05,714.55,2043.52,3609.83,2134.1,5568.61,1484.85
2020/12/28,3811.01,2544.03,3628.05,2262.49,4119.83,4649.93,9801.72,26971.33,1769.4,2564.34,12080.59,2034.11,2336.5,3777.8,3224.26,11642.86,2364.15,7737.09,1928.01,8441.96,1683.84,4875.82,710.27,2043.71,3605.08,2143.03,5606.42,1513.12
2020/12/29,3915.94,2526.76,3595.28,2231.74,4130.85,4602.61,9987.08,27754.58,1761.86,2552.3,11908.08,2023.28,2334.9,3774.27,3192.23,11356.79,2331.53,7639.42,1908.7,8364.43,1678.45,4813.01,703.82,2013.29,3645.53,2162.9,5662.57,1505.1
2020/12/30,3858.57,2433.72,3565.83,2204.48,3955.2,4590.71,9915.11,27491.71,1764.75,2551.58,11786.32,1982.79,2343.87,3791.06,3198.12,11305.47,2343.14,7662.76,1910.99,8124.55,1654.44,4909.2,715.14,2103.11,3641.41,2163.49,5510.67,1492.56
2020/12/31,3873.85,2482.03,3598.63,2221.16,4031.99,4670.14,9967.31,28272.88,1776.44,2569.54,11949.56,1994.39,2369.2,3777.18,3182.36,11811.21,2386.11,7706.29,1907.79,8361.45,1700.38,4998.94,723.29,2091.44,3656.17,2208.15,5641.5,1517.18
2021/1/4,3962.95,2470.59,3668.75,2242.3,4143.93,4741.05,10239.28,28825.21,1776.78,2610.8,12045.12,2000,2390.24,3800.7,3239.76,12282.84,2393.72,7815.84,1921.23,8538.46,1810.37,5154.58,735.64,2097.92,3661.1,2285.97,5727.09,1539.46
2021/1/5,4222.56,2525.61,3731.76,2281.87,4324.63,4779.85,10270.52,29460.46,1774.63,2640.22,12028.88,2005.32,2412.23,3723.18,3228.27,12513.84,2430.09,7925.48,1917.84,9008.32,1874.09,5203.57,735.58,2122.22,3608.8,2244.95,5886.56,1550.51
2021/1/6,4381.8,2492.13,3828.18,2275.06,4402.28,5012.91,10734.72,30967.95,1758.28,2684.84,12313.01,1979.92,2437.18,3720.7,3267.84,12464.35,2451.03,7963.29,1916.68,9202.56,1888.67,5254.61,730.62,2150.91,3575.73,2250.61,5850.52,1574.28
2021/1/7,4325.02,2482.46,3837.82,2282.47,4353.87,4912.9,10566.09,31094.11,1746.35,2669.71,12446.89,1992.11,2410.86,3761.31,3219.46,12530.41,2419.72,8115.82,1927.49,9166.25,1913.13,5118.15,726.38,2094.09,3678.6,2266.57,5788.66,1577.42
2021/1/8,4371.87,2512.71,3867.74,2314.35,4574.76,4942.02,10695.09,31508.48,1698.17,2645.52,12424.57,1955.55,2381.54,3696.89,3154.5,12987.29,2403.4,8120.38,1884.64,9496.93,1954.42,4963.34,709.06,2039.9,3720.84,2284.07,5915.89,1594.79
2021/1/11,4254.7,2497.48,3841.39,2327.45,4489.94,5003.87,10665.27,30573.79,1713.58,2651.52,12402.9,1971.82,2391.07,3747.01,3199.41,12342.88,2381.47,8203.71,1902.66,9271.41,1924.08,5074.64,731.37,2086.04,3744.2,2279.39,5997.19,1584.83
2021/1/12,4075.29,2397.24,3771.16,2264.43,4261.96,4998.54,10385.48,29745.63,1689.31,2600.9,12215.96,1922.67,2345.27,3725.88,3125.51,12421.6,2319.22,8180.47,1868.52,8816.64,1846.42,5030.56,727.31,2089.31,3781.17,2210.38,5965.68,1558.9
2021/1/13,4136.06,2438.04,3867.59,2306.92,4449.03,5136.02,10838.62,30904.08,1691.19,2671.23,12434.55,1926.97,2368.83,3741.3,3139.42,13066.68,2394.33,8348.12,1890.97,9111.24,1943.24,5097.01,729.15,2110.9,3818.18,2351.73,6063.87,1627.26
2021/1/14,4031.99,2427.37,3808.24,2286.84,4274.35,5186.99,10773.47,30420.36,1666.62,2612.5,12202.53,1934.39,2382.77,3740.55,3095.32,12289.02,2306.79,8286.4,1910.34,8813.2,1877.87,5017.67,720.12,2114.46,3824.01,2305.87,5982.25,1608.94
2021/1/15,3945.7,2418.69,3779.75,2325.5,4233.68,5131.56,10422.61,29515.66,1666.9,2624.6,12118.24,1934.59,2358.32,3776.55,3099.86,11855.86,2280.87,8207.75,1948.1,8613.58,1784.42,5084.56,719.44,2141.05,3902.89,2257.27,5881.02,1593.33
2021/1/18,3952.09,2450.01,3827.06,2280.74,4254.3,5056.98,10445.75,28929.91,1696.63,2662.09,12097.06,1950.9,2357.84,3801.36,3131.96,11841.49,2303.38,8201.42,1936.69,8675.51,1783.19,5042.25,724.77,2119.28,3939.27,2268.67,5862.56,1595.91
2021/1/19,3997.26,2492.12,3939.28,2284.21,4346.31,5247.66,10611.99,29119.34,1708.22,2710.08,12199.44,1957.32,2389.9,3851.59,3149.13,11792.82,2319.89,8305.98,1944.25,8932.44,1799.6,5192.07,739.18,2169.03,4016.33,2290.28,5912.4,1617.98
2021/1/20,3923.63,2495.3,3923.37,2305.13,4246.02,5150.5,10313.38,28277.49,1733.54,2692.79,12066.55,1961.08,2376.55,3915.78,3187.56,11628.92,2308.95,8211.13,1945.82,8791.62,1775.52,5198.13,737.3,2146.32,4011.78,2292.59,5874.16,1586.7
2021/1/21,3969.04,2505.79,3986.27,2359.12,4342.7,5203.53,10316.36,28708.94,1728.92,2698.72,12461.24,1941.15,2374.78,3861.3,3172.47,11646.66,2315.73,8208.35,1936.08,9121.88,1795.76,5209.15,742.46,2144.47,4004.73,2272.99,5938.56,1610.41
2021/1/22,4007.4,2528.84,4044.01,2361.93,4477.08,5262.81,10507.04,29264.72,1730.32,2721.17,12623.49,1942.14,2407.24,3823.8,3169.68,11576.5,2371.93,8274.26,1933,9385.66,1811.47,5283.23,747.99,2137.47,3992.59,2275.82,6034.44,1631.42
2021/1/25,3947.57,2465.81,4084.65,2326.2,4530.74,5154.46,10490.18,29332.25,1720.76,2744.02,13112.52,1924.46,2403.55,3736.07,3131.97,12081.48,2424.54,8240.18,1899.4,9674.21,1830.56,5207.51,741.45,2089.18,3895.25,2238.59,6066.29,1629.55
2021/1/26,4010.55,2445.52,4066.68,2309.47,4562.34,5143.81,10473.85,30756.93,1697.92,2728.64,12997.24,1913.33,2390.05,3701.95,3069.03,12532.79,2388.76,8140.17,1879.34,9534.89,1783.94,5116.24,733.9,2045.85,3922.56,2227.57,6085.14,1628.71
2021/1/27,4023.92,2461.3,4021.68,2317.81,4508.42,5052.39,10160.93,29872.93,1695.42,2706.16,12666.27,1909.69,2395.9,3714.55,3039.05,12469.58,2328.67,8047.48,1871.54,9449.37,1671.61,5040.98,727.93,2031.8,3919.48,2174.09,5973.48,1600.11
2021/1/28,4038.28,2430.03,3982.47,2307.7,4365.81,5003.95,10109.49,29020.44,1683.49,2702.24,12455.77,1919.03,2398.11,3657.94,3047.88,12229.21,2288.32,8013.95,1871.21,9462.63,1658.44,4993.26,745.24,2023.94,3929.7,2153.22,5926.59,1587.35
2021/1/29,4012.55,2402.42,3945.88,2291.34,4399.39,4898.21,9956.67,29093.19,1676.11,2696.64,12341.3,1923.98,2372.62,3634.18,3031.35,12346.02,2299.61,7978.06,1866.97,9293.48,1659.62,4961.92,744.04,2006.25,3951.4,2153.14,5915.35,1583.18
2021/2/1,3915.83,2330.05,3895.67,2242.92,4282.07,4804.65,9889.91,29274.75,1636.88,2673.19,12152.91,1901.42,2331.84,3562.53,2984.9,12854.13,2290.37,7926.98,1842.79,8882.14,1596.88,4882.93,730,1957.51,3924.19,2117.14,5818.98,1548.57
2021/2/2,4031.84,2376.67,4049.84,2242.93,4312.4,4852.83,9956.95,29225.18,1647.39,2738.37,12399.69,1906.55,2330.94,3593.37,3002.42,12896.11,2326.98,8035.38,1863.07,8952.66,1586.61,4951.95,738.93,1972,4002.68,2108.79,5888.95,1582.88
2021/2/3,4022.77,2350.98,4103.65,2270.06,4365.9,4887.07,10281.08,30133.86,1647.87,2766.83,12505.06,1903.45,2319.01,3603.2,3013.11,13580.75,2346.26,8131.81,1870.18,9235.25,1604.99,4987.06,733.97,1977.71,3983.08,2094,6150.36,1603.56
2021/2/4,4125.47,2339.04,4087.67,2294.2,4377.58,4690.55,9985.25,30052.73,1633.24,2776.82,12460.02,1868.65,2292.75,3556.29,2989.59,13742.07,2306.32,8006.71,1833.9,9105.72,1546.63,4854.19,727.4,1923.88,4025.36,2074.9,6012.13,1580.88
2021/2/5,4111.43,2344.62,4087.77,2253.78,4212.1,4694.8,10033.82,30876.33,1614.48,2782.07,12438.18,1849.23,2272.3,3528.63,2933.03,13734.88,2316.07,8010.75,1805.16,9215.76,1549.32,4738.07,708.95,1901.85,4079.96,2074.27,6018.39,1564.51
2021/2/8,4136.34,2293.09,3923.58,2235.89,4080.96,4577.59,10115.57,31172.24,1612.26,2732.93,12630.54,1834.24,2285.6,3603.06,2917.29,14140.09,2287.47,7937.8,1809.99,9007.39,1511.92,4657.85,701.12,1881.51,4188.8,2065.89,5840.31,1538.8
2021/2/9,4213.73,2328.39,4078.88,2233.57,4243.46,4630.57,10153.71,31310.44,1595.45,2761.99,12844.37,1841.24,2292.92,3597.3,2921.33,14708.6,2290.06,8205.36,1818.28,9243.48,1512.68,4730.67,704.98,1880.03,4201.56,2054.21,5932.23,1583.43
2021/2/10,4264.27,2381.61,4209.94,2270.55,4403.54,4750.77,10411.33,32381.04,1613.56,2797.33,13096.49,1855.45,2354,3588.09,2963.23,14674.58,2296.97,8357.77,1846.61,9565.77,1588.43,4810.58,714.18,1909.99,4226.69,2083.03,6074.26,1629.66
2021/2/18,4451.7,2462.74,4425.6,2336.92,4775.48,4911.47,10741.84,33772.04,1643.04,2864.12,13546.62,1881.87,2419.61,3622.12,2996.16,15988.82,2358.05,8560.07,1871.37,9832.39,1592.9,4975.71,736.86,1956.19,4222.96,2148.35,6196.63,1680.58
2021/2/19,4327.89,2501.63,4336.95,2382.26,4781.06,4813.48,10072.68,31914.92,1670.92,2849.36,12912.89,1894.62,2412.29,3692.39,3043.76,15459.81,2352.99,8463.33,1883.86,9425.98,1575.62,4965.04,732.78,1970.26,4234.24,2128.95,6096.99,1648.43
2021/2/22,4619.09,2602.48,4377.46,2428.26,5006.51,4883.02,10191.64,32201.55,1723.53,2882.22,13004.02,1937.24,2457.22,3760.08,3137.79,15506.21,2425.18,8635.9,1964.23,9343.15,1598.53,5036.91,746.02,2024.8,4219.42,2188.01,6162.32,1650.59
2021/2/23,4492.22,2639.65,4341.36,2556.2,4984.85,4734.47,9574.2,29774.18,1726.24,2840.79,12448.27,1950.86,2433.55,3769.29,3136.63,13946.28,2416.47,8462.3,1973.12,8973.47,1539.12,4931.23,728.09,2002.62,4152.71,2130.05,5860.82,1619.18
2021/2/24,4411.91,2613.33,4306.09,2521.17,4986.08,4779.01,9931.79,30203.56,1730.69,2844.14,12553.02,1948.19,2451.14,3761.53,3121.48,14169.03,2440.17,8420.98,1952.88,9033.5,1607.23,4929.6,718.76,1999.84,4204.54,2143.03,5840.79,1631.44
2021/2/25,4425.09,2609.51,4258.91,2499.13,4935.99,4764.77,9849.78,28932.06,1727.86,2805.91,12233.47,1944.47,2443.39,3812.32,3124.11,13837.91,2400.63,8334.68,1960.02,8818.52,1599.78,4922.98,723.75,2016.43,4158.31,2148.53,5766.48,1614.51
2021/2/26,4267.69,2505.89,4049.64,2420.44,4514.59,4603.17,9681.2,27623.46,1697.21,2720.42,11908.92,1918.18,2399.43,3945.57,3066.29,13254.96,2319.34,8192.28,1950.27,8306.65,1590.22,4745.39,702.51,1962.61,4134.99,2133.46,5522.12,1569.06
2021/3/1,4284.43,2501.03,4095.82,2423.2,4566.34,4691.59,9762.52,28159.98,1720.16,2741.57,12064.72,1947.83,2408.69,3941.42,3098.13,13535.12,2319.72,8272.42,1964.66,8588.39,1579,4836.32,709.8,1995.48,4050.36,2129.74,5581.19,1593.79
2021/3/2,4351.03,2541.33,4194.63,2557.84,4680.85,4820.46,9983.04,28316.46,1756.11,2793.1,12172.47,1964.35,2427.28,3964.51,3143.42,14182.47,2331.34,8439.1,1986.85,8859.38,1615.42,4920.35,725.43,2024.02,4049.89,2115.89,5736.25,1651.3
2021/3/3,4297.84,2529.98,4089.45,2526.33,4560.93,4795.88,9842.41,26983.52,1745.23,2760.25,11858.61,1989.19,2368.72,3921.26,3101.29,13672.79,2291.43,8449.06,1957.32,8715.56,1599.15,4853.44,711.27,2009.69,4006.33,2083.03,5641.87,1622.43
2021/3/4,4342.01,2607.09,4115.44,2686.96,4603.76,4816.58,9763.2,27390.26,1762.29,2795.01,11962.03,2007.66,2401.53,3962.83,3116.7,13792.04,2307.96,8426.7,1981.08,8588.51,1605.51,4871.53,717.46,2014.48,4153.5,2127.41,5689.68,1634.16
2021/3/5,4211.5,2603.91,3960.74,2670.94,4362.02,4643.57,9386.7,25996.68,1748.73,2716.94,11490.31,2016.7,2365.58,3889.39,3080.98,13111.95,2302.45,8248.09,1979.72,8023.19,1576.14,4744.79,703.98,1969.67,4121.88,2097.17,5473.32,1570.95
2021/3/8,4283.17,2635.95,4047.25,2660.42,4476.58,4784.84,9537.43,26857.32,1765.61,2786.46,11777.64,2025.76,2392.1,3884.2,3144.42,13267.6,2334.82,8289.75,2010.78,8303.1,1569.99,4872.74,724.82,2007.06,4123.5,2135.33,5638.14,1610.8
2021/3/9,4077.12,2572.58,3887.72,2566.27,4272.94,4608.87,9177.53,25069.03,1748.73,2700.79,11147.03,2036.42,2342.05,3821.84,3090.99,12401.02,2297.68,8032.44,1998.71,7748.8,1459.28,4716.56,703.38,1978.35,4051.54,2098.62,5373.94,1550.91
2021/3/10,4026.39,2543.32,3844.86,2605.9,4275.13,4504.8,9229.57,25203.14,1735.12,2669.94,11055.45,1990.45,2351.07,3784.93,3062.72,12788.56,2271.51,7923.71,1988.47,7817.42,1412.66,4670.27,701.92,1958.16,3976.34,2069.91,5367.84,1523.98
2021/3/11,3980.83,2541.76,3812.61,2578.93,4247.39,4405.9,9226.6,25299.57,1709.94,2642.6,11030.9,1981.1,2328.99,3734.66,3027.56,12970.97,2267.61,7936.77,1950.08,7733.2,1387.32,4540.2,685.74,1904.59,3989.36,2045.33,5302.43,1502.29
2021/3/12,4033.76,2601.89,3924.88,2744.5,4481.23,4493.99,9339.06,26295.59,1727.54,2698.4,11288.25,2034.57,2375.08,3781.65,3049.66,13307.35,2298.79,8168.61,1983.21,8082.94,1412.18,4616.76,690.73,1938.99,4084.37,2083.84,5443.18,1536.16
2021/3/15,3985.62,2616.92,3930.6,2752.01,4414.05,4389.53,9296.23,25949.28,1727.11,2688.74,11184.67,2112.97,2391.48,3825.32,3038.91,13237.03,2271.99,8198.59,2005.77,8076.33,1394.59,4514.76,680.07,1913.88,4116.79,2062.26,5394.18,1528.07
2021/3/16,3947.34,2655.03,3902.64,2731.32,4448.64,4326.18,9146.85,25119.98,1729.74,2670.92,10965.9,2102.14,2420.8,3832.04,3090.79,13293.35,2286.66,8179.57,2030.23,7806.55,1396.71,4485.57,673.33,1878.5,4173.25,2054.74,5355.02,1517.79
2021/3/17,3981.76,2613.46,3913.02,2703.69,4315.07,4280.31,9225.26,25519.73,1760.17,2696.34,11007.37,2144.24,2438.78,3922.76,3108.33,13169.98,2323.41,8210.24,2049.43,7872.98,1391.19,4519.58,682.65,1915.73,4186.38,2052.67,5361.94,1521
2021/3/18,4048.63,2626.15,3973.5,2692.68,4432.42,4386.92,9497.61,25974.95,1767.96,2729.77,11168.74,2095.16,2455.15,3929.37,3136.14,13738.08,2336.78,8258.2,2032.33,8018.7,1413.13,4561.16,688.48,1917.03,4140.06,2032.85,5425.46,1539.81
2021/3/19,3994.62,2580.84,3947,2681.79,4297.7,4305.79,9436.81,25944.87,1780.58,2770.12,11162.22,2088.7,2424.89,3907.24,3113.17,13509.93,2331.89,8183.75,2020.37,7939.27,1408.24,4501.77,681.16,1890.79,4149.61,2010.02,5342.47,1527.71
2021/3/22,3940.51,2574.49,3913.9,2747.18,4307.27,4285.38,9338.16,25733.1,1771.92,2775.81,11177.82,2148.11,2398.89,3821.36,3107.74,13507.02,2349.98,8111.53,2018.46,7925.8,1431.16,4509.28,673.93,1888.82,4037.82,1999.34,5319.43,1539.33
2021/3/23,4021.37,2608.32,3923.67,2715.6,4347.62,4367.04,9343.1,25754.77,1790.63,2825.51,11266.9,2240.05,2435.49,3882.78,3147.19,13870.9,2376.5,8200.57,2064.19,7927.23,1448.36,4605.18,685.88,1905.62,4117.15,2010.87,5400.76,1565.39
2021/3/24,3963.56,2504.44,3763.54,2597.2,4096.48,4298.1,9251.44,25649.6,1758.03,2767.75,11149.02,2175.93,2390,3835.27,3125.25,13193.13,2361.2,8079.57,2038.52,7757.36,1427.86,4583.15,680.63,1890.36,4100.51,2011.4,5249.93,1533.24
2021/3/25,3956.25,2476.01,3662.92,2503.59,3971.7,4213.33,9159.39,25487.36,1804.25,2713.54,11062.46,2205.87,2337.51,3788.23,3104.13,12768.78,2389.8,7936.05,2024.07,7489.16,1407.66,4550.83,683.82,1863.56,4051.28,2004.1,5103.54,1498.73
2021/3/26,3934.03,2502.07,3726.2,2514.75,4007.63,4257.54,9253.9,25741.18,1806.54,2733.37,11270.38,2147.93,2352.93,3779.95,3119.54,13267.11,2380.66,8001.1,2018.28,7653.17,1415.46,4643.58,684.23,1873.34,4019.26,2011.01,5141.07,1510.18
2021/3/29,3942.07,2566.11,3793.69,2583.81,4145.72,4376.29,9327.46,26590.03,1830.45,2779.07,11528.4,2186.18,2394.56,3788.02,3148.07,13734,2397.74,8299.55,2036.85,7946.11,1445.69,4717.04,682.13,1895.98,4042.36,2020.29,5259.13,1551.07
2021/3/30,3927.81,2604.28,3814.07,2577.31,4094.73,4343.75,9346.86,26702.39,1798.01,2783.66,11504.52,2202.31,2386.05,3807.91,3116.46,13833.82,2371.36,8286.32,2042,7860.72,1459.14,4658.04,674.86,1883.08,4051.46,2010.64,5192.35,1556.57
2021/3/31,3945.36,2593.51,3832.11,2618.15,4132.36,4364.82,9384.24,26857.38,1795.63,2784.55,11651.52,2186.38,2392.48,3798.71,3083.15,13872.51,2377.36,8351.61,2029.05,8041.1,1479.65,4637.8,672.6,1868.14,4067.78,2009.37,5274.8,1559.36
2021/4/1,3941.18,2583.75,3807.05,2579.05,4090.21,4378.4,9407.24,26609.76,1802.27,2780.13,11600.52,2216.74,2402.24,3784.07,3100.43,13624.48,2400.15,8319.59,2075.75,8070.62,1436.61,4664.53,670.97,1882.97,4087.43,1991.29,5242.45,1534.55
2021/4/2,3973.52,2590.95,3848.16,2665.72,4108.3,4467.8,9630.52,27272.55,1820.57,2811.14,11828.78,2224.53,2405.57,3790.63,3119.18,13991.77,2406.87,8402.77,2070.26,8159.46,1445.15,4706.53,675.79,1885.49,4077.28,2007.08,5310.87,1543.47
2021/4/6,4001.36,2564.4,3866.29,2654.29,4177.88,4596.85,9712.76,28156.28,1830.67,2819.43,11860.87,2183.39,2411.4,3812.92,3121.84,14449.76,2411.05,8376.54,2059.09,8239.89,1456.47,4721.55,680.32,1902.16,4031.06,2009.11,5369.8,1544.05
2021/4/7,3993.13,2582.45,3885.4,2664.44,4174.24,4567.61,9552.42,27678.27,1840.71,2856.19,11774.46,2204.16,2433.91,3795.84,3118.27,13784.16,2440.98,8397.1,2066.44,8267.3,1469.4,4766.23,683.53,1911.46,4040.5,2000.67,5423.02,1556
2021/4/8,3960.07,2617.51,3879.28,2788.96,4193.49,4549.89,9470.49,26660.64,1856.85,2857.87,11672.83,2222.14,2449.41,3815.68,3133.97,13530.22,2483.42,8446.27,2075.04,8028.42,1464.85,4719.8,686.35,1911.94,4012.31,1983.94,5323.05,1555.65
2021/4/9,3939.61,2595.53,3895.31,2852.93,4276.08,4560.89,9522.88,27083.27,1840.66,2850.1,11861.78,2161.82,2390.69,3780.85,3114.72,13627.08,2466.36,8438.08,2050.81,7986.76,1471.79,4705.43,683.52,1896.1,4019.65,1991.25,5345.19,1549.67
2021/4/12,3924.35,2636.14,3864.36,2825.91,4224.36,4528.28,9359.63,26716.71,1841.2,2867.18,11703.68,2170.75,2380.35,3781.55,3150.82,13360.84,2492.16,8402.3,2048.02,7866.26,1467.88,4664.56,685.76,1882.15,3988.92,1966.4,5306.63,1535.08
2021/4/13,3886.23,2624.59,3732.69,2845.13,4060.91,4419.39,9187.52,26571.1,1813.81,2758.92,11443.39,2181.22,2352.04,3776.49,3115.51,13139.4,2463,8195.49,2041.16,7648.83,1424.69,4583.76,673.23,1860.85,3990.77,1946.25,5207.32,1494.39
2021/4/14,3874.07,2579.17,3741.9,2774.48,4069.15,4439.65,9143.85,26787.93,1798.21,2732.12,11556.84,2140.33,2320.47,3741.44,3069.99,12023.75,2470.23,8188.52,2008.57,7719.7,1417.17,4609.83,669.97,1850.32,3973.46,1937.12,5229.92,1489.17
2021/4/15,3877.95,2611.1,3799.35,2850.16,4167.76,4483.92,9287.92,26873.44,1823.75,2775.14,11570.9,2139,2329.44,3766.96,3149.83,12974.31,2463.04,8261.36,2023.31,7853.61,1436.96,4664.6,682.13,1859.72,3922.54,1937.3,5283.17,1504.64
2021/4/16,3850.53,2634.66,3799.52,2832.94,4270.81,4491.56,9333.27,26748.5,1822.5,2768.58,11590.55,2107.16,2324.42,3777.18,3141.19,12920.55,2484.18,8248.93,2017.96,7920.53,1436.28,4649.01,675.14,1855.6,3890.64,1928.78,5306.23,1512.63
2021/4/19,3835.08,2685.93,3808.86,2836.1,4194.15,4506.55,9304.85,27050.5,1847.82,2800.36,11526.48,2120.17,2355.16,3818.7,3182.7,12963.18,2500.77,8286.26,2042.11,7867.69,1443.96,4716.99,683.53,1885.59,3894.81,1934.96,5494.62,1518.86
2021/4/20,3919.93,2698.51,3896.24,2836,4323.78,4633.24,9390.98,27370.03,1841.35,2810.18,11782.73,2125.81,2372.55,3806.43,3161.87,13257.48,2489.55,8416.99,2052.63,8186.2,1462.21,4824.39,691.91,1906.1,3940.02,1966.63,5702.86,1547.37
2021/4/21,3966.23,2678.33,3892.83,2841.86,4289.52,4580.35,9286.97,27452.67,1814.89,2803.99,11782.75,2120.87,2347.55,3782.97,3157.06,13039.03,2533.74,8366.24,2033.68,8223.29,1457.47,4787.02,690.98,1874.96,3981.97,1948.65,5585.71,1539.96
2021/4/22,3983.32,2701.04,3937.62,2800.72,4325.43,4637.88,9317.32,28047.62,1817.17,2838.13,12091.92,2108.24,2357.95,3812.83,3154.99,13400.85,2544.41,8433.82,2025.12,8322.36,1453.75,4795.96,693.01,1871.58,4047.46,1955.96,5550.68,1545.07
2021/4/23,3969.13,2697.94,3919.65,2837.98,4299.61,4667.17,9322.14,27824.27,1817.79,2846.09,12097.55,2105.28,2346.51,3793.95,3134.61,13384.7,2549.83,8448.6,2021.41,8263.55,1448.72,4798.55,703.31,1888.26,4005.46,1942.13,5502.48,1540.66
2021/4/26,3960.31,2692.22,3942.13,2935.29,4395.16,4687.04,9523.02,28485.85,1802.04,2837.65,12417.21,2077.69,2343.34,3746.28,3086.48,13388.69,2530.09,8476.22,1998.57,8416.57,1445.68,4755.39,694.06,1869.15,4055.69,1943.1,5517.02,1549.16
2021/4/27,3879.46,2708.52,3939.48,2857.52,4410.63,4655.73,9238.42,27876.62,1800.22,2799.24,12254.16,2057.66,2336.31,3720.63,3071.28,13421.62,2512.01,8426.22,1984.22,8253.68,1432.52,4690.31,692.33,1858.27,3980.72,1899.79,5464.43,1526.45
2021/4/28,3861.8,2668.69,3921.61,2828.39,4366.12,4628.1,9282.29,27515.5,1819.07,2813.73,12522.52,2038.87,2312.98,3728.88,3057.82,13496.28,2511.16,8400.11,1971.58,8244.76,1413.01,4656.4,688.39,1841.08,3991.55,1898.82,5397.28,1521.08
2021/4/29,3910.38,2722.06,3953.16,2875.61,4429.23,4644.96,9422.33,28306.62,1831.33,2812.96,12690.64,2045.49,2327.67,3738.16,3094.45,13591.57,2528.08,8410.44,1978.8,8460.5,1422.71,4651.76,689.23,1835.12,3982.77,1904.85,5431.61,1533.24
2021/4/30,3959.02,2734.6,3933.33,2838.2,4422.18,4655.22,9585.78,28290.48,1835.12,2813.74,12641.15,2047.26,2330.51,3748.72,3074.89,13530.59,2514,8425.66,1988.67,8404.5,1411.65,4631.25,690.76,1828.54,4033.2,1940.73,5414.6,1526.42
2021/5/6,3923.18,2697.07,3937.32,2872.59,4516.97,4607.26,9216.22,27921.83,1832.53,2822.94,12682.5,2029.5,2346.25,3708.37,3056.03,13914.95,2498.4,8366.14,1963.63,8575.33,1376.26,4562.68,682.85,1804.1,3975.79,1915.74,5363.88,1523.56
2021/5/7,3833.96,2801.72,3981.08,3021.5,4616.19,4587.18,9218.11,27488.44,1851.49,2834.01,12478.89,2046.43,2336.3,3700.25,3052.19,12951.13,2525.54,8429.91,1970.23,8556.77,1401.62,4532.57,679.32,1804.84,4036.54,1890.48,5355.86,1527.26
2021/5/10,3833.35,2916.73,3998.81,3128.52,4730.66,4393.42,9016.06,26684.91,1823.74,2831.12,12149.51,2052.7,2330.6,3684.53,3025.61,12702.46,2482.71,8440.73,1972.85,8282.8,1385.85,4496.27,675.3,1795.13,4065.31,1865.24,5252.42,1499.94
2021/5/11,3741.72,2977.72,3942.81,3113.85,4748.05,4341.52,9052.21,26328.31,1824.09,2808.62,12175.31,2064.55,2324.52,3637.92,3012.79,12921.71,2485.7,8372.02,1970.04,8273.87,1370.29,4482.53,668.72,1785.02,4020.16,1848.97,5285.76,1478.28
2021/5/12,3777.91,2954.5,3887.17,3048.67,4642.94,4375.36,9153.88,27227.42,1833.12,2783.3,12376.58,2082.96,2330.51,3677.32,3057.93,13072.2,2462.51,8284.97,1972.62,8264.36,1400.95,4536.22,670.11,1794.1,4043.59,1866.58,5297.99,1472.13
2021/5/13,3801.13,2957.88,3928.88,3027.64,4580.7,4354.77,8949.39,27382.09,1857.63,2766.41,12548,2063.95,2320.05,3661.15,3072.26,12980.75,2488.63,8289.76,1969.65,8178.22,1393.68,4565.54,679.01,1805.54,4055.7,1858.89,5396.37,1469.46
2021/5/14,3786.9,2892.66,3900.32,2920.29,4520.97,4385.51,8831.32,27817.99,1864.56,2755.08,12804.95,2068.46,2332.82,3694.69,3100.8,12970.85,2500.75,8225.36,1974.83,8187.66,1405.88,4571.37,680.53,1820.57,4059.78,1867.83,5324.78,1473.74
2021/5/17,3851.42,2860.2,3919.11,2893.68,4528.02,4452.06,8979.11,28344.28,1852.76,2766.44,13064.05,2087.12,2347.28,3720.04,3124.06,13447.23,2540.6,8311.52,1982.58,8335.11,1467.91,4644.7,686.68,1842.23,4097.38,1944.59,5428.22,1498.9
2021/5/18,3872.99,2878.37,3991.01,2916.02,4683.36,4462.27,9139.55,28917.5,1828.13,2800.45,13179.21,2078.76,2364.01,3717.88,3089.59,13646.09,2529.52,8404.6,1973.15,8556.55,1446.73,4665.24,689.24,1836.33,4123.68,1942.07,5487.76,1501.13
2021/5/19,3860.48,2893.64,4001.32,2899.16,4634.43,4452.64,9012,28813.79,1842.96,2810.94,13070.3,2091.99,2390.05,3753.01,3123.43,13625.56,2503.97,8326.81,1971.13,8506.26,1471.46,4703.86,693.11,1844.96,4109.47,1944.64,5488.65,1503.1
2021/5/20,3815.89,2778.42,3988.4,2764.37,4563.15,4504.8,9081.34,28934.59,1836.79,2785.42,12980.48,2108.19,2372.13,3711.62,3118.26,13819.15,2511.82,8346.37,1959,8691.36,1467.61,4678.7,690.94,1835.16,4046.76,1941.27,5594.81,1504.58
2021/5/21,3852.39,2748.81,3983.32,2750.09,4534.34,4540.94,9240,29221.29,1829.83,2777.29,13091.59,2091.94,2368.86,3709.78,3123.29,13896.52,2523.61,8357.45,1958.41,8756,1475.53,4702.13,695.03,1840.22,4097.13,1969.24,5556.86,1504.12
2021/5/24,3829.99,2795.27,3964.22,2752.86,4559.36,4503.14,9251.85,29057.83,1836.37,2806.8,12888.94,2120.85,2367.74,3681.87,3136.79,13565.33,2528.11,8312.64,1966.51,8658.63,1443.47,4649.27,690.97,1833.64,4034.16,1944.1,5527.01,1490.09
2021/5/25,3742.92,2803.53,3984.28,2765.39,4560.51,4557.61,9237.09,29594.09,1838.66,2819.84,12939.25,2105.8,2376.84,3700.14,3152.5,13760.47,2531.9,8309.97,1964.25,8661.49,1462.01,4791.59,697.48,1852.62,4040.26,1959.63,5504.5,1503.89
2021/5/26,3797.47,2813.53,4069.36,2761.34,4599.23,4652.26,9290.18,30816.06,1866.1,2846.61,13128.25,2112.56,2393.87,3747.11,3173.2,14371.54,2560.87,8451.72,1978.1,8811.24,1514.23,4927.39,710.03,1872.4,4193.63,2054.96,5574.67,1512.69
2021/5/27,3792.82,2834.53,4092.27,2784.04,4633.69,4608.65,9501.81,30628.27,1865.23,2866.96,13147.61,2118.14,2404.71,3785.49,3210.89,14372.69,2563.98,8460.89,1983.1,8691.23,1509.97,4874.93,702.17,1876.86,4207.35,2032.32,5615.35,1520.38
2021/5/28,3799.82,2880,4158.52,2854.03,4710.73,4697.77,9410.19,30857.11,1881.77,2849.29,13225.98,2122.24,2434.27,3811.62,3222.83,14459,2554.54,8446.1,1985.65,8761.92,1511.83,4901.1,709.29,1909.36,4191.33,2040.27,5621.09,1547.62
2021/5/31,3745.91,2854.92,4158.8,2811.75,4741.38,4697.23,9325.09,30527.57,1874.42,2828.48,13036.56,2107.83,2426.33,3798.84,3219.82,14461.29,2554.29,8419.56,1966.39,8953.26,1524.15,4917.03,701.32,1912.56,4197.92,2054.43,5644.77,1542.59
2021/6/1,3756.52,2843.05,4200.09,2767.43,4791.14,4724.51,9182.09,30735.58,1912.26,2857.7,13277.96,2121.77,2401.08,3791.84,3262.85,14087.2,2565.35,8582.78,1967.69,9164.59,1555.03,4934.27,703.31,1929.59,4162.76,2038.47,5688.76,1555.01
2021/6/2,3776.3,2917.74,4286.09,2783.96,4799.11,4761.24,9146.94,30955.19,1917.86,2872.07,13422.74,2116.01,2423.1,3763.98,3270.59,14284.23,2557.99,8572.92,1974.56,9213.45,1543.76,4963.49,705.83,1938.08,4143.4,2024.9,5773.13,1572.17
2021/6/3,3791.44,2949.87,4259.9,2729.5,4738.16,4681.51,9134.83,30529.15,1923.11,2841.32,13107.65,2120.94,2429.37,3772.49,3260.08,14016.48,2588.91,8506.82,1968.06,9053.12,1509.77,4859.18,693.33,1911.33,4144.25,1998.26,5752.69,1552.7
2021/6/4,3776.34,2909.53,4225.59,2764.01,4662.08,4629.91,8997.91,30580.8,1917.26,2848.3,12971.11,2115.93,2430.95,3770.89,3264.96,13828.52,2570.33,8414.35,1964.67,8859.18,1492.34,4802.12,693.6,1945.81,4106.13,1983.32,5649.05,1536.59
2021/6/7,3799.14,2922.75,4301.33,2751.26,4747.17,4749.7,9039.62,31147.03,1887.51,2865.63,13102.71,2101.96,2425.7,3725.43,3261.31,13749.74,2590.34,8402.34,1957.05,8945.98,1518.48,4810.66,700.08,1956.13,4152.94,2003.45,5755.27,1547.45
2021/6/8,3764.28,2923.92,4309.76,2718.47,4741.36,4799.17,8950.63,31260.54,1876.08,2861.82,13153.79,2101.25,2412.03,3700.51,3271.95,13652.11,2624.2,8413.42,1962.87,8786.95,1531.16,4930.68,707.82,1989.79,4128.29,2004.84,5762,1551.44
2021/6/9,3729.69,2930.25,4252.49,2735.13,4645.59,4754.5,8916.56,29813.82,1885.99,2842.75,12931.7,2098.62,2408.74,3699.66,3240.62,13548.2,2630.34,8396.62,1965.6,8822.27,1574.2,4918.97,712.1,1983.48,4120.74,2014.76,5806.24,1543.65
2021/6/10,3722.48,3000.94,4302.77,2785.58,4650.3,4762.78,8874.61,30014.23,1893.57,2827.2,13010.92,2107.28,2420.28,3677.57,3209.86,13436.55,2659.31,8376.46,1964.54,8893.97,1566.09,4932.26,710.6,1983.97,4117.33,1997.08,5819.7,1548.04
2021/6/11,3678.44,3004.07,4340.73,2816.86,4690.28,4814.71,8876.46,30228.54,1888.79,2813.33,13108.11,2107.14,2448.47,3656.62,3217.26,13503.75,2719.07,8494.5,1963.03,9296.85,1574.6,5172.18,712.99,2016.9,4107.59,1999.44,5943.32,1551.89
2021/6/15,3621.93,3045.36,4328.13,2825.02,4671.75,4766.33,8744.96,29746.38,1872.61,2783.45,12958.67,2123.82,2451.39,3627.58,3170.29,13356.98,2756.53,8386.76,1970.62,9363.13,1514.19,5121.15,705.08,1987.63,4048.78,1965.29,6051.5,1542.94
2021/6/16,3593.48,3009.84,4270.96,2756.33,4496.29,4818.46,8726.21,29720.79,1830.59,2761.52,12796.08,2085.86,2430.01,3558.07,3112.5,12970.08,2707.27,8279.36,1945.05,9212.18,1519.86,5056.46,695.75,1982.38,4000.28,1926.46,6000.52,1531.04
2021/6/17,3539.65,2965.54,4137.34,2703.24,4319.1,4685.06,8744.82,29289.63,1807.04,2726.59,12437.61,2065.21,2399.58,3566.76,3100.49,12650.67,2672.55,8071.14,1947.74,8910.68,1516.59,4997.76,684.16,1970.79,4013.9,1919.07,5759.24,1502.81
2021/6/18,3501.45,2972.63,4166.48,2647.38,4323.92,4896.31,8642.84,29662.63,1821.02,2728.32,12569.71,2074.91,2412.04,3570.62,3077.14,12475.51,2739.17,8034.85,1941.17,9111.78,1520.53,5100.83,680.89,1997.36,3988.88,1912.95,5901.73,1513.24
2021/6/21,3477.97,2902.09,4178.27,2693.88,4425.31,4920.16,8563.82,29062.92,1853.06,2733.72,12612.29,2082.55,2436.13,3546.79,3062.19,12473.14,2759.43,7952.97,1941.9,9351.97,1551.99,5076.97,682.18,2019.31,3946.78,1914.07,6065.94,1527.12
2021/6/22,3450.91,2914.64,4216.5,2734.32,4475.74,5001.83,8472.75,29142.73,1876.35,2753.73,12789.31,2109.17,2449.72,3547.05,3083.74,12407.66,2780.13,7903.32,1952.17,9549.74,1617.73,5167.77,690.13,2021.97,3925.09,1916.37,6144.87,1553.18
2021/6/23,3499.76,2948.21,4264.55,2721.45,4492,4991.3,8427.63,29160.41,1896.32,2758.38,13007.07,2144.27,2454.44,3541.36,3079.53,12588.58,2809.35,7971.72,1968.58,9566.45,1601.74,5111.55,687.01,1998.68,3967.82,1913.11,6174.55,1575.97
2021/6/24,3531.02,3000.14,4294.86,2754.91,4578.89,5152.38,8709.6,28467.68,1903.07,2788.05,12979.63,2172.5,2455.52,3552.73,3077.29,13024.35,2836.83,8051.85,1984.2,9799.87,1604.86,5121.21,691.12,2022.09,3946.29,1927.93,6308.62,1576
2021/6/25,3511.83,3036.83,4281.85,2778.86,4544.94,5142.33,8645.52,28497.29,1884.02,2761.49,12818.72,2138.35,2466.61,3542.16,3082.69,12718.41,2840.17,8061.19,1999.97,9881.02,1570.1,5018.95,679.41,1992.75,3966.06,1938.01,6283.13,1562.15
2021/6/28,3602.11,2988.44,4381.49,2819.22,4643.43,5190.43,8762.98,29136.78,1895.62,2798.94,13072.12,2152.21,2465.66,3559.63,3093.02,12952.69,2845.29,8123.94,2015.73,9977.39,1585.31,5000.28,680.24,1983.21,4013.34,1983.26,6254.05,1580.2
2021/6/29,3666.33,2916.49,4398.48,2793.06,4622.21,5221.58,8756.59,29386.45,1922.24,2811.11,13292.18,2138.42,2436.94,3507.44,3109.21,13153.95,2813.74,8120.24,2008.15,10260.9,1583.07,5053.83,683.98,2001.55,3912.03,1949.72,6344.21,1581.41
2021/6/30,3617.9,2903.13,4405.63,2764.57,4556.95,5184.94,8561.52,28835.84,1939.86,2766.77,13169.78,2112.55,2414.74,3489.04,3100.24,12904.74,2781.03,8002.56,1979.91,10259.52,1553.56,5031.1,679.65,1963.86,3906.03,1923.84,6200.29,1575.68
2021/7/1,3622.55,2907.89,4448.94,2795.81,4620.46,5306.88,8617.77,28928.97,1930.85,2761.16,13218.53,2106.29,2437.01,3486.66,3104.09,12916.32,2833.28,7978.05,1979.93,10528.26,1584.09,5123.18,679.39,1994.93,3944.83,1955.81,6225.75,1597.6
2021/7/2,3552.92,2862.44,4327.66,2742.18,4521.63,5161.32,8594.54,29027.85,1930.76,2738.29,13368.09,2080.43,2405.42,3540.6,3100.94,12720.84,2745.95,7968.62,1966.69,10200.67,1505.65,5000.01,671.84,1940.48,3967.17,1892.16,6038.86,1562.22
2021/7/5,3544.57,2865.13,4325.42,2752.21,4629.49,5145.36,8446.59,28061.85,1920.44,2717.84,12855.68,2064.03,2401.19,3486.94,3110.11,12152.94,2727.53,7870.35,1968.33,10158.76,1459.61,4980.95,666.6,1920.46,3896.18,1842.03,6018.99,1557.76
2021/7/6,3559.97,2931.56,4406.62,2755.72,4836.1,5254.15,8263.7,27993.87,1931.31,2715.7,12846.09,2065.93,2409.38,3470.62,3138.25,12338.17,2739.75,7933.55,1968.03,10281.54,1472.89,5024.69,658.5,1942.09,3889.67,1851.79,6141.73,1564.26
2021/7/7,3549.93,2892.28,4403.7,2736.85,4775.85,5153.78,8308.58,27884.8,1915.7,2712.51,12349.64,2091.2,2407.37,3504.09,3140.23,12059.98,2705.4,7927.73,1972.3,10123.93,1472.17,4982.42,656.99,1938.17,3921.67,1853.89,6079.86,1553.77
2021/7/8,3536.53,2894.57,4527.74,2803.98,4983.03,5306.71,8442.55,28101.72,1952.1,2769.19,12705.96,2110.74,2418.74,3504.22,3166.68,12110.01,2760.75,8115.01,1977.15,10773.56,1518.85,5046.97,662.24,1948.07,3937.23,1868.26,6261.29,1586.84
2021/7/9,3496.66,2812.36,4494.05,2748.05,4958.2,5362.74,8337.75,27399.47,1904.19,2709.97,12354.68,2089.39,2385.26,3450.45,3107.17,11763.56,2799.93,7869.66,1957.79,10821.23,1568.35,5034.84,649.43,1933.63,3792.78,1833.15,6173.66,1576.7
2021/7/12,3517.01,2843.1,4658.2,2884.38,5334.09,5379.64,8380.99,27078.98,1914.71,2744.86,12470.92,2126.06,2388.19,3494.28,3138.05,11853.89,2883.94,7973.17,1984.44,11018.77,1568.16,5045.7,651.46,1963.15,3800.14,1858.18,6354.23,1604.4
2021/7/13,3506.2,2850.39,4730.21,2883.86,5367.26,5406.4,8410.51,27389.92,1931.52,2764.32,12672.37,2110.32,2381.24,3442.98,3136.23,12394.29,2921.04,7991.03,1988.54,11076.39,1577.01,5273.65,658.06,2044.24,3734.13,1853.27,6452.54,1612.4
2021/7/14,3522.39,2921.57,4742.57,2929.59,5337.49,5321.67,8562.25,27627.26,1938.85,2803.05,12687.08,2168.22,2407.81,3454.6,3153.79,12487.88,2967.75,8198.58,2015.62,11030.15,1564.3,5259.17,668.77,2047.22,3742.36,1850.34,6401.1,1622.78
2021/7/15,3508.27,2909.62,4682.98,2870.72,5190.1,5267.19,8481.38,27690.75,1932.91,2787.59,12837.1,2135.99,2374.28,3401.82,3132.53,12219.8,2910.63,8056.5,1998.57,10824.73,1535.51,5187.76,660.65,2041.7,3678.44,1822.31,6156.61,1599
2021/7/16,3465.16,2933.64,4771.57,2994.09,5317.79,5263.83,8453.86,28275.76,1917.08,2777.44,12854.78,2119.67,2353.59,3410.71,3154.89,12313.26,2896.57,8111.54,2006.43,11198.43,1533.06,5177.69,658.65,2027.5,3759.03,1861.41,6099.05,1609.98
2021/7/19,3383.56,3012,4755.82,3045.43,5360.48,5217.1,8392.55,27702.34,1902.24,2757.05,12746.07,2103.54,2344.82,3401.44,3122.59,12023.34,2866.22,8055.06,2001.9,10926.4,1609.29,5109.85,654.7,2010.73,3756.36,1846.2,6038.34,1582.42
2021/7/20,3364.96,2925.11,4624.98,2944.84,5238.52,5200,8394.04,27886.45,1885.86,2728.58,12960.07,2072.89,2348.83,3341.79,3099.39,12594.98,2808.23,7903.83,1978.2,10700.71,1574.35,5107.34,645.93,2054.25,3733.73,1829.38,5997.63,1577.54
2021/7/21,3384.53,2977.58,4718.36,2977.84,5403.37,5348.28,8404.71,28092.19,1883.38,2752.61,13045.77,2078.95,2350.59,3344.75,3113.51,12694.11,2847.85,8031.29,2007.13,11037.14,1615.98,5107.85,650.01,2065.63,3692.73,1832.13,6142.49,1612.72
2021/7/22,3362.38,2975.18,4816.84,3026.07,5629.3,5453.6,8303.14,27902.87,1874.83,2750.33,13137.73,2084.45,2330.05,3331.52,3125.69,12194,2891.65,8071.31,2007.03,11491.69,1632.05,5207.77,651.98,2060.17,3667.78,1844.56,6294.31,1635.5
2021/7/23,3329.64,3015.21,4890.8,3218.03,5724.95,5493.15,8298.48,27476.05,1861.13,2753.4,12732.56,2088.3,2329.45,3352.44,3116.84,12161.82,2939.65,8110.31,2025.46,11511.42,1630.24,5208.44,651.88,2060.24,3691.88,1875.56,6297.34,1659.74
2021/7/26,3270.49,3026.14,4827.9,3268.12,5796.34,5450.68,8075.33,26597.32,1831.06,2689.82,12327.88,2064.27,2276.78,3307.99,3060.09,11811.18,2832.85,7990.38,2034.65,11470.53,1670.33,5064.35,629.56,2015.55,3658.78,1869.89,6324.84,1642.73
2021/7/27,3228.53,2998.29,4786.56,3189.71,5861.91,5427.44,7966.64,25239.92,1790.68,2645.83,11797.44,2051.8,2248.1,3187.91,2985.08,11317.26,2827.41,7809.65,2002.99,11403.66,1664.85,4965.77,611.8,1988.94,3556.08,1810.98,6178.06,1624.92
2021/7/28,3123.73,2895.25,4539.15,3015.02,5480.63,5272.59,7628.65,23943,1741.55,2529.32,11418.99,2006.68,2169.09,3065.17,2914.04,10906.1,2689.59,7349.19,1936.43,10558.8,1621.05,4867.15,594.42,1996.24,3465.58,1745.73,5926.87,1556.85
2021/7/29,3084.8,2907.45,4603.93,3031.07,5577.7,5354.97,7849.01,25081.02,1742.6,2562.42,11930.15,1984.67,2171.05,3081.71,2885.79,10959.06,2710.09,7456.57,1931.05,11114.86,1576.13,4831.91,596.42,2037.4,3522.93,1761.24,5989.45,1573.31
2021/7/30,3064.35,2940,4687.48,3088.82,5778.76,5444.97,7764.61,24140.24,1745.74,2561.99,11912.87,1993.78,2157.07,3054.28,2912.87,10829.6,2724.12,7513.67,1933.21,11568.51,1625.29,4859.05,597.45,2035.47,3470.38,1744.94,6081.24,1610.61
2021/8/2,3063.76,2917.14,4664.64,3157.97,5940.47,5477.64,7791.06,23027.63,1750.48,2554.11,11859.29,2041.14,2137.89,3058.5,2902.54,9907.58,2734.82,7607.9,1961.68,11722.22,1633.06,4881.49,596.22,2093.65,3420.67,1726.2,6271.78,1629.09
2021/8/3,3189.22,2915.38,4807.35,3059.68,5814.65,5478.43,7998.77,24189.48,1763.31,2581.32,12026.92,2058.86,2179.12,3095.64,2955.1,10258.91,2754.26,7942.59,1993.48,11845.41,1703.13,5022.91,603.5,2141.52,3465.73,1771.72,6535.11,1693.2
2021/8/4,3221.11,2886.89,4745.27,2984.62,5565.28,5334.36,8351.13,24612.23,1796,2610.91,12481.06,2057.06,2198.1,3098.17,2971.68,10885.46,2782.57,8077.57,2003.51,11383.35,1672.84,5051.05,600.46,2117.33,3459.81,1785.94,6396.15,1685.08
2021/8/5,3189.73,2952.48,4881.61,3089.12,5759.61,5493.2,8243.29,23932.67,1784.22,2608.56,12393.67,2073.07,2184.47,3094.35,2965.13,10844.88,2843.41,8184.08,2000.47,12087.42,1721.17,5081.27,595.84,2133.16,3418.21,1776.12,6606.44,1728.34
2021/8/6,3185.5,2961.26,4865.86,3084.95,5817.14,5527.81,8280.13,23903.28,1773.41,2606.53,12268.59,2075.72,2183.43,3102.24,2978.78,10720.18,2917.7,8197.26,1994.8,12160.16,1784.9,4995.92,585.18,2122.08,3409.69,1758.54,6744.65,1731.11
2021/8/9,3186.31,3068.38,4869.19,3128,5834.97,5432.11,8202.68,23680.06,1760.89,2594.51,11890.94,2080.97,2168.85,3112.33,2966.5,10737.86,2884.03,8079.06,2001.68,12017.41,1796.29,4974.97,580.69,2102.8,3435.48,1752.74,6636.73,1725.75
2021/8/10,3313.78,3035.25,4885.47,3168.42,5815.9,5420.51,8387.8,24533.9,1792.2,2661.79,12129.52,2095.34,2196.35,3219.75,3020.96,11038.76,2853.82,8310.24,2021.27,11783.03,1779.28,5043.72,596.61,2110.02,3526.02,1793.17,6658.97,1751.36
2021/8/11,3324.98,3076.57,4860.8,3207.87,5832.51,5431.01,8452.98,25528.78,1806.8,2670.15,12186.21,2108.15,2211.24,3263.16,3052.94,11362.78,2879.67,8252.39,2036.95,11808.48,1834.97,5085.13,606.3,2120.72,3597.07,1823.38,6679.15,1766.09
2021/8/12,3355.04,3148.89,4888.98,3237.39,5889.9,5441.48,8431.15,25137.81,1795.94,2698.22,11914.36,2133.71,2225.73,3316.61,3046.97,10971.66,2860.95,8198.68,2055.75,11925.18,1831.2,5039.67,606.33,2084.58,3618.45,1812.27,6676.57,1773.57
2021/8/13,3296.48,3170.05,4974.99,3297.66,5989.89,5459.97,8335,24633.68,1795.22,2682.59,11852.7,2134.61,2235.6,3287.94,3052.31,10865.95,2852.93,8157.79,2034.27,11615.87,1787.62,5044.61,603.2,2104.84,3607.78,1790.19,6787.09,1763.54
2021/8/16,3304.41,3250.31,5067.93,3333.37,6057.81,5326.68,8402.76,24773.29,1789.96,2703.16,11779.65,2150.18,2233.2,3270.58,3053.53,11097.36,2863.11,8171.01,2028.66,11603.09,1788.43,4942.64,600.69,2071.41,3627.11,1794.66,6715.81,1766.1
2021/8/17,3295.05,3226.28,4961.39,3312.71,5851.72,5325.32,8599.01,24900.96,1809.33,2715.84,11827.92,2172.15,2231.79,3288.74,3063.52,11332.27,2839.23,8123.64,2042,11469.88,1764.28,4924.77,602.14,2069.06,3607.04,1802.48,6648.18,1748.55
2021/8/18,3196.24,3176.6,4845.15,3254.76,5785.83,5142.1,8416.52,23814.35,1773.75,2645.66,11458.51,2126.8,2221.23,3290.36,2994.49,10803.44,2794.89,8130.42,2025.83,11316.94,1736.43,4794.82,588.08,2012.34,3576.75,1790.79,6472.22,1700.23
2021/8/19,3180.85,3168.1,4873.88,3242.65,5768.41,5150.48,8491.99,23808,1776.27,2654.82,11474.28,2153.16,2239.99,3317.65,2993.58,10542.56,2803.91,8141.99,2047.86,11273.12,1784.47,4848.87,590.11,2018.16,3686.26,1890.04,6452.1,1715.76
2021/8/20,3160.89,3135.32,4862.48,3260.2,5837.84,5194.83,8274.6,22848.55,1780.27,2658.68,11368.84,2147.54,2230.27,3288.88,2983.2,10498.43,2915.77,8065.24,2020.56,11284.96,1814.68,4840.35,593.05,2047.92,3624.4,1832.59,6513.19,1707.82
2021/8/23,3122.49,3200.69,4934.14,3339.99,5954.69,5232.88,8147.12,22417.88,1770.68,2631.53,10976.2,2162.88,2226.12,3286.44,2971.16,10416.77,2886.9,8182.08,2016.03,11392.32,1838.81,4847.4,587.33,2022.61,3604.18,1843.33,6487.08,1728.19
2021/8/24,3160.89,3303.24,5039.94,3317.61,6075.03,5350.18,8174.7,22726.32,1810.25,2685.16,11163,2205.15,2256.62,3284.69,2998.53,10535.14,2911.37,8204.57,2030.05,11724.12,1840.95,4979.2,602.01,2043.73,3610.09,1830.63,6676.34,1793.08
2021/8/25,3167.05,3307.9,5090.6,3427.78,6211.91,5376.38,8188.22,23337.64,1816.37,2683.25,11296.17,2217.34,2269.3,3285.97,3012.74,10804.2,2979.74,8231.41,2035.58,11867.46,1876.05,4982.38,602.44,2028.39,3623.68,1842.4,6675.72,1780.48
2021/8/26,3189.67,3405.39,5128.16,3446.63,6334.16,5336.42,8108.14,23636.35,1830.49,2705.36,11390.64,2233.07,2306.65,3249.74,3035.22,10980.99,3008.28,8267.75,2078.99,12197.4,1868.25,4959.55,613.67,2007.86,3591.58,1826.59,6673.77,1769.09
2021/8/27,3097.23,3433.82,5076.74,3524.72,6368.93,5238.4,7968.93,22788.78,1819.54,2661.89,11037.07,2231.11,2298.77,3227.71,3032.37,10894.14,2917.86,8192.32,2075,11937.22,1871.34,4843.15,603.81,1977.29,3525.95,1809.5,6525.06,1759.81
2021/8/30,3086.31,3560.8,5198.74,3619.47,6628.71,5296.89,7995.63,23010.81,1810.16,2692.66,11085.8,2239.49,2298.86,3191.45,3020.93,10852.76,2960.3,8190.43,2105.14,12116.05,1851.64,4911.97,597.82,1991.22,3533.51,1821.5,6627.56,1774.42
2021/8/31,3077.82,3633.59,5223.76,3627.96,6734.9,5199.73,7844.24,22737.32,1802.85,2682.55,10989,2254.96,2296.67,3152.21,3044.16,10840.95,2953.92,8120.47,2102.91,12412.84,1887.51,4837.74,591.05,1968.85,3473.35,1773.31,6706.54,1771.9
2021/9/1,3075.5,3895.61,5261.51,3904.54,6940.35,5126.08,7852.22,22302.13,1804.51,2699.51,10856.05,2280.49,2302.33,3219.29,3054.67,10495.52,3020.39,8205.07,2156.22,12237.7,1896.66,4811.1,596.68,1958.11,3510.9,1800.22,6669.89,1773.45
2021/9/2,3129.11,3728.08,5087.72,3734.54,6372.75,5081.29,8068.93,23143.97,1807.79,2687.62,10957.52,2275.58,2338.98,3330.92,3061.32,10880.26,2915.66,8434.21,2197.07,11765.39,1844.2,4829.04,608.13,1969.96,3603.9,1860.7,6547.88,1775.7
2021/9/3,3104.31,3830.56,5256,3833.59,6532.32,5033.09,7966.88,22625.22,1816.83,2698.91,10705.98,2380.64,2344.44,3392.22,3110.91,10439.5,3009.01,8479.33,2266.06,12266.03,1841.74,4855.51,612.3,1972.47,3646.85,1946.06,6597.91,1790.48
2021/9/6,3180.76,3818.23,5140.44,3746.69,6383.76,5017.33,8032.73,23008.91,1826.67,2722.14,10830.63,2416.62,2361.49,3368.88,3129.18,10909.22,2844.9,8478.05,2244.57,12011.28,1774.32,4847.01,612.18,1980.97,3632.01,1877.6,6521.54,1765.32
2021/9/7,3230.13,3887.41,5202.79,3776.23,6395.16,5121.66,8199.8,23549.07,1859.61,2743.49,11273.73,2409.86,2395.14,3364.77,3148.07,11099.71,2861.49,8569.08,2257.89,12043,1798.08,4930.66,617.11,2011.83,3647.88,1909.12,6665.02,1790.21
2021/9/8,3232.84,4000.33,5396.81,3935.03,6508.91,5158.09,8246.8,23704.32,1875.6,2769.32,11274.7,2452.74,2430.47,3372,3188.54,11298.88,2912.1,8577.04,2291.8,12266.82,1829.05,4975.07,632.55,2016.39,3704.72,1948.45,6757.7,1806.81
2021/9/9,3247.33,4174.91,5469.95,3947.42,6573.71,5175.36,8210.35,23320.42,1891.04,2815.51,11174.55,2502.75,2445.94,3371.69,3227.82,11301.97,2896.86,8478.38,2299.38,11958.95,1808.32,4977.83,646.54,2040.73,3688.65,1932.95,6684.91,1791.01
2021/9/10,3234.89,4296.1,5495.98,4158.45,6742.3,5122.37,8163.47,23334.15,1887.9,2807.89,11164.88,2512,2489.56,3386.97,3251.58,11120.66,2871.86,8652.57,2358.26,11849.05,1863.73,4947.63,641.7,2041.89,3686.66,1948.34,6710.86,1792.58
2021/9/13,3208.45,4243.55,5536.13,4070.66,6976.55,5219.49,8177.9,23594,1873.63,2820.34,11142.38,2484.74,2466.99,3392.43,3211.4,11295.12,2809.19,8715.16,2308.89,12016.63,1834.91,4934.57,638.61,2028.64,3761.56,1956,6671.91,1783.72
2021/9/14,3202.59,4345.36,5673.35,4133.53,6950.9,5124.15,8049.14,23464.95,1900.79,2816.26,11085.33,2524.23,2513.31,3469.13,3195.99,11124.74,2786.33,8763.51,2331.22,11811.7,1816.17,4928.02,649.95,2012.87,3776.31,1964.71,6600.38,1774.28
2021/9/15,3134.64,4295.89,5666.82,3978.69,6826.87,5094.08,7844.16,23132.67,1855.57,2787.29,11120.27,2458.9,2453.38,3358.43,3131.78,10928.35,2826.11,8538.91,2257.01,11995.43,1786.84,4914.57,636.34,1985.91,3655.44,1904.36,6576.11,1765.59
2021/9/16,3148.3,4497.74,5820.14,4059.75,6933.26,5065.25,7703.33,22587.26,1864.15,2772.8,11011.79,2499.69,2459,3332.26,3136.61,10518.01,2824.34,8361.42,2281.44,12183.13,1802.02,4868.11,642.48,2002.02,3628.34,1902.11,6552.99,1781.94
2021/9/17,3224.02,4260.55,5626.52,3927.09,6510.95,4952.38,7615.59,22706.75,1844.92,2728.67,11017.32,2434.33,2406.08,3247.06,3091.73,10661.74,2744.41,8080.7,2228.86,11626.22,1781.23,4794.88,634,1971.71,3598.56,1870.37,6370.34,1739.67
2021/9/22,3178.29,4084.48,5603.62,3712.38,6288.2,4891.13,7603.17,23084.22,1816.08,2681.58,11275.67,2500.16,2396.78,3211.63,3050.02,10818.7,2733.54,7954.97,2178.24,11572.67,1722.52,4733.94,621.75,1946.54,3504.15,1843.03,6255.35,1709.8
2021/9/23,3164.08,4398.66,5740.81,3839.24,6460.34,4975.64,7640.26,22881.06,1831.46,2702.97,11410.61,2692.98,2480.69,3354.59,3099.71,10458.99,2805.11,8103.88,2263.34,11973.55,1787.24,4802.65,628.33,1982.45,3540.85,1874.09,6328.61,1744.26
2021/9/24,3221.08,4204.53,5541.22,3824.11,6369.46,5023.8,7598.51,22997.38,1835.62,2769.92,11363.42,2685.85,2485.09,3407.87,3126.52,10467.14,2807.52,8172.89,2278.47,11780.79,1827.54,4854.84,629.22,1992.87,3515.75,1878.84,6319,1741.84
2021/9/27,3231.47,4067.28,5370.26,3635.26,6102.26,5026.07,7592.51,24353.3,1816.66,2690.3,11455.11,2683.78,2463.03,3371.03,3084.36,10934.8,2758.1,7787.3,2222.55,11989.47,1802.63,4903.06,625.65,1989.76,3485.11,1855.42,6287.17,1715.73
2021/9/28,3305.38,3957.55,5125.58,3426.59,5744.96,4944.89,7597.6,25208.64,1752.19,2634.88,11460.8,2560.05,2392.71,3321.85,3015.82,11107.33,2631.32,7532.79,2116.4,11739.71,1730.25,4788.8,613.08,1938.4,3496.42,1837.14,6178.09,1654.65
2021/9/29,3276.36,4075.41,5050.2,3395.79,5680.97,4918.23,7721.5,24966.31,1745.9,2612.14,11346.92,2630.03,2384.45,3389.81,3010.55,10946.49,2614.22,7584.25,2125.38,11505.74,1741.67,4752.43,604.28,1947.28,3537.69,1841.93,6069.02,1649.44
2021/9/30,3336.27,3850.43,4920.57,3264.89,5574.02,4858.52,7751.68,24957.17,1711.52,2568.14,11241.39,2580.31,2347.78,3386.34,2957.79,11304.24,2582.24,7473.34,2089.14,11587.83,1689.82,4677.14,595.81,1911.67,3587.93,1838.76,5982.75,1628.26
2021/10/8,3381.7,4095.68,5137.48,3366.08,5787.89,5001.13,7798.02,25199.49,1751.51,2623.38,11383.24,2675.32,2388.83,3426.98,3026.92,11679.95,2662.01,7651.45,2131.99,12062.52,1714.91,4801.95,612.57,1949.5,3560.18,1856.77,6155.69,1675.4
2021/10/11,3517.51,3943.97,5004.78,3248.88,5657.22,4967.54,7978.65,25817.59,1796.86,2668.24,11466.58,2605.1,2410.8,3388.22,3064.98,11692.05,2661.86,7682.05,2117.11,11740.82,1682.06,4851.38,624.4,1976.24,3634.74,1878.51,6187.14,1661.36
2021/10/12,3517.13,3976.64,4964.96,3203.49,5674.01,4943.18,7872.27,25652.45,1800.23,2659.95,11338.8,2472.6,2403.65,3412.02,3060.85,11536.89,2618.17,7673.32,2084,11490.8,1699.58,4835.88,621.34,1992.56,3681.67,1861.36,6240.41,1648.34
2021/10/13,3500.58,3864.69,4843.16,3078.04,5527.14,4828.87,7888.85,25796.91,1792.05,2625.33,11323.86,2427.96,2372.67,3432.71,3040.97,11537.9,2586.9,7574.04,2052.61,11290.7,1642.7,4767.1,613.62,1977.6,3690.33,1826.94,6188.81,1613.26
2021/10/14,3458.02,3639.25,4835.4,3089.64,5616.35,4900.5,7848.22,26553.39,1789.72,2620.66,11554.6,2337.71,2358.98,3407.8,3044.71,11946.16,2614.01,7672.78,2040.28,11648.23,1659.04,4777.83,614.06,1986.46,3691.4,1829.76,6361.38,1626.58
2021/10/15,3396.64,3676.69,4863.04,3107.72,5713.08,4902.3,7839.92,26060.67,1793.74,2617.43,11293.6,2346.5,2363.23,3347.78,3070.82,11928.36,2638.42,7671.57,2044.77,11802.52,1702.95,4798.23,618.03,1989.26,3657.14,1815.69,6433.37,1651.11
2021/10/18,3358.97,3783.3,4909.97,3087.86,5829.07,4959.2,7875.07,25810.79,1764.11,2585.56,11232.35,2352.55,2324.9,3327.48,3025.92,11797.6,2628.23,7678.63,2022,12221.36,1706.96,4818.93,613.43,1974.22,3685.17,1824.04,6496.52,1652.3
2021/10/19,3421.62,3960.79,5006.8,3144.16,5917.79,4929.14,7728.61,24681.11,1783.46,2588.17,11068.01,2405.05,2347.59,3295.56,3020.99,11455.56,2653.38,7656.31,2046.54,12497.76,1730.29,4785.4,609.21,1971.71,3654.8,1809.49,6575.65,1670.56
2021/10/20,3569.5,3738.97,5022.16,3127.9,5874.03,4984.51,7823.51,25365.63,1777.95,2617.45,11223.78,2418.8,2361.74,3277.53,3053.86,11569.88,2609.49,7669.88,2055.4,12394.73,1732.67,4849.28,614.53,1978.83,3697.34,1840.3,6577.52,1683.09
2021/10/21,3521.74,3775.27,5109.39,3190.31,6003.45,4962.3,7679.97,25328.38,1763.21,2595.01,11128.63,2467.8,2346.72,3263.66,3072.47,11283.39,2640.05,7611.29,2058.23,12568.27,1749.97,4796.9,612.29,1966.84,3681.41,1832.5,6629.44,1688.46
2021/10/22,3464.47,3850.39,5121.12,3141.14,5936.84,4928.59,7820.24,25524.31,1759.32,2591.43,11087.77,2441.38,2347.55,3344.12,3072.61,11314.26,2606.21,7635.75,2065.99,12516.88,1729.59,4779.76,608.42,1939.96,3747.37,1863.64,6596.63,1671.31
2021/10/25,3513.65,3732.21,5065.52,3031.81,5751.49,4969.98,8062.62,25770.34,1741.5,2611.97,11099.58,2381.94,2295.06,3296.88,3042.36,11468.67,2603.38,7647.87,2039.03,12460.84,1726.37,4769.15,610.26,1930.6,3718.46,1852.15,6605.2,1655.9
2021/10/26,3428.78,3833.65,5214.42,3062.97,5914.92,4995.44,7948.83,25659.95,1742.87,2587.8,11126.69,2413.05,2315.29,3294.53,3044.28,11486.27,2691.64,7649.28,2076.12,13057.58,1747.98,4775.26,605.82,1948.68,3743.64,1861.62,6892.88,1680.74
2021/10/27,3393.63,3736.66,5133.46,3053.07,5876.47,5041.9,7731.92,25528.41,1721.53,2573.73,11051.6,2421.2,2305.79,3222.55,3032.86,11392.63,2658.32,7445.65,2088.77,12770.95,1773.47,4764.81,603.19,1948.68,3741.39,1838.6,6758.21,1670.38
2021/10/28,3380.27,3591.25,5136.93,2986.87,5771.5,4963,7489.06,25217.31,1697.33,2507.84,10764.81,2461.8,2280.72,3183.53,2987.57,11253.75,2634.38,7257.71,2064.15,13058.24,1736.47,4655.27,591.65,1916.63,3701,1793.85,6717.44,1648.54
2021/10/29,3364.63,3438.59,4997.16,2910.45,5606.57,4938.81,7554.71,25418.4,1683.87,2502.88,10731.27,2419.65,2276.39,3111.6,2960.37,11370.41,2653.62,7220.54,2029.77,12923.99,1714.61,4646.47,591.24,1899.51,3702.72,1784.3,6560.23,1610.86
2021/11/1,3429.47,3419.65,5014.9,2910.73,5617.6,5008.48,7781.22,25018.39,1713.12,2516.16,10956.69,2415.56,2310.99,3081.23,3025.82,10911.36,2678.78,7244.25,2046.6,13222.64,1774.4,4754.65,608.85,1924.01,3671.35,1774.08,6629.74,1634.09
2021/11/2,3493.79,3485.4,5026.68,2893.78,5608.19,5125.25,7905.16,25142.46,1740.59,2542.48,10768.15,2446.36,2285.74,3067.81,3053.75,10439.72,2657.86,7262.45,2072.65,13276.64,1816.92,4781.93,613.64,1949,3713.95,1790.94,6684.99,1653.41
2021/11/3,3546.78,3373.17,4887.17,2803.49,5502.6,5152.85,7701.78,25265.82,1720.9,2512.87,10698.87,2377.97,2267.66,3003.43,3015.77,10205.08,2597.94,7067.21,2016.81,13136.69,1834.01,4755.84,604.77,1950.47,3602.01,1767.01,6664.51,1642.18
2021/11/4,3634.12,3405.55,4904.02,2813.32,5498.19,5149.66,7707.52,25086.88,1738.45,2535.42,10780.6,2390.85,2281.37,3043.49,3025.52,10438.52,2603.73,7188.94,2035.11,13107.23,1823.34,4808.2,615.13,1953.9,3602.92,1776.25,6681.84,1649.09
2021/11/5,3705.24,3380.8,4900.39,2785.67,5499.38,5236.67,7733.26,25692.98,1744.11,2572.53,10779.06,2407.7,2266.64,3029.86,3026.39,10549.52,2647.87,7153.43,2032.23,13193.56,1847.06,4838.6,619.28,1998.63,3576.75,1763.66,6841.84,1668.62
2021/11/8,3626.14,3283.71,4737.4,2729.05,5512.6,5199.36,7743.96,25745.61,1733.66,2570.4,10767.22,2327.49,2261.72,3010.58,2990.96,10512.27,2603.66,7009.73,1992,13005.2,1811.83,4883.79,633.08,1998.14,3562.72,1763.76,6830.75,1666.97
2021/11/9,3610.45,3299.84,4823.75,2785.1,5739.51,5177.04,7734.71,25630.18,1742.58,2573.34,10593.46,2363.25,2280.57,3024.12,3013.06,10595.42,2674.86,7089.5,2007.6,13517.95,1824.85,4870.76,636.02,1996.81,3562.88,1786.48,6879.32,1679.19
2021/11/10,3624.65,3255.95,4847.28,2765.2,5703.09,5236.54,7638.68,25363.62,1754.98,2570.75,10714.5,2339.2,2263.36,3037.41,3017.16,10573.53,2670.91,7073.3,2010.83,13319.23,1887.59,4934.91,639.21,2016.14,3551.28,1779.29,6850.18,1684.77
2021/11/11,3612.59,3214.42,4818.54,2791.57,5632.09,5255.64,7616.17,24909.05,1748.36,2573.58,10855.35,2330.14,2247.59,3117.43,2996.64,10503.86,2645.41,7073.27,2016.03,13345.64,1880.83,4931.34,637.14,2031.55,3537.77,1776.26,6819.67,1677.78
2021/11/12,3627.83,3219.66,4855.83,2816.86,5693.8,5341.02,7877.34,25145.47,1750.39,2624.26,10884.94,2329.75,2281.11,3283.17,3024.67,10705.2,2639.22,7415.9,2048.75,13411.81,1889.71,4973.77,648.01,2059.78,3639.18,1833.18,6875.95,1693.44
2021/11/15,3699.51,3180.86,4876.74,2783.47,5680.62,5401.9,7920.57,24928.32,1753.67,2663.86,10880.05,2339.51,2290.16,3242.49,3006.7,10625.52,2632.33,7370.92,2053.51,13477.4,1956.77,5040.91,650.02,2102.16,3633.08,1829.65,6959.02,1707.58
2021/11/16,3665.12,3177.06,4790.34,2787.15,5563.3,5362.19,8011.93,25145.24,1778.51,2688.77,11065.56,2346.05,2281.61,3209.9,2994.36,10737.25,2618.62,7354.1,2052.07,13072.02,1919.42,5046.05,664.21,2095.05,3643.13,1815.97,6813.65,1694
2021/11/17,3636.79,3133.16,4745.21,2732.36,5497.38,5313.11,8009.44,25547.52,1765.37,2677.19,11338.78,2330.73,2288.69,3196.5,3007.57,10748.87,2600.45,7270.14,2026.84,13003.36,1859.24,5005.97,667.99,2097.66,3611.47,1795.44,6801.67,1683.39
2021/11/18,3630.26,3200.93,4825.55,2781.48,5651.81,5333.42,7956.25,25352.37,1786.84,2684.03,11291.75,2352.22,2292.74,3200.45,3020.88,10684.73,2610.01,7283.45,2037.93,13234.92,1892.28,5047.92,673.48,2140.24,3591.32,1791.96,6829.34,1715.19
2021/11/19,3614.15,3192.52,4833.47,2821.14,5739.77,5282.7,7814.25,25311.21,1787.7,2650.39,11071.95,2364.12,2305.03,3152.05,2999.18,10489.59,2591.4,7240.03,2029.29,13230.08,1947.89,4954.33,654.33,2105.71,3570.57,1772.47,6769.18,1714.21
2021/11/22,3600.56,3281.62,4904.2,2878.98,5807.88,5378.13,7882.63,25739.46,1810.87,2668.13,11126.66,2389.08,2342.88,3255.93,3032.82,10467.75,2595.19,7388.98,2044.32,13524.99,1953.28,5022.54,657.15,2128.3,3604.44,1800,6882.93,1734.69
2021/11/23,3598.86,3301.49,4989.76,2908.59,6024.7,5502.02,7879.58,25742.96,1797.32,2677.82,11035.98,2391.14,2342.28,3199.41,3060.52,10510.29,2623.89,7376.09,2048.66,13809.35,1964.38,5059.01,655.26,2156.1,3579.78,1807.24,7055.94,1756.26
2021/11/24,3565.82,3365.24,4977.23,2935.66,5975.9,5479.24,7920.4,26054.59,1816.01,2696.25,11071.07,2397.23,2336.59,3217.61,3096.86,10307.24,2607.39,7367.2,2058.38,13712.03,1959.54,5059.72,657.83,2158.98,3579.08,1810.87,7048.68,1769.5
2021/11/25,3511.78,3411.39,4933.55,2968.65,6086.2,5463.26,7871.39,26687.33,1844.59,2699.36,11181.31,2403.68,2336.2,3240.83,3114.65,10332.44,2616.31,7387.97,2055.98,13410.69,1924.83,5028.82,662.18,2180.17,3582.87,1811.04,6999.39,1755.49
2021/11/26,3516.08,3332.31,4917.02,2899.91,6044.49,5423.78,7788.55,26487.86,1830.55,2699.32,11348.37,2392.19,2315.98,3227.49,3082.46,9994.22,2592.72,7386.58,2053.38,13374.75,1914.91,5018.09,651.14,2143.08,3567.54,1798.71,6899.32,1747.06
2021/11/29,3455.01,3248.38,4876.29,2925.48,6031.33,5274.15,7669.93,26197.2,1806.45,2654.46,11450.87,2359.06,2268.33,3176.28,3037.26,9666.91,2565.59,7221.78,2020.72,13319.75,1887.98,4959.78,636,2094.26,3524.24,1769.64,6790.64,1725.22
2021/11/30,3505.92,3301.66,4995.52,2984.78,6215.65,5415.22,7667.92,26577.76,1812.9,2673.89,11315.53,2411.9,2293.98,3166.38,3061.36,9675.32,2599.65,7298.9,2071.12,13820.33,1960.23,5024.7,642.42,2126.55,3522.25,1781.13,7036.01,1760.26
2021/12/1,3462.74,3276.48,4999.73,2946.82,6116.82,5430.19,7674.37,26249.21,1810.46,2672.17,11302.12,2413.18,2305.78,3154.64,3048.56,9659.32,2589.76,7234.13,2073.64,13669.53,1991.57,5118.69,636.76,2136.08,3516.69,1773.45,7024.7,1755.17
2021/12/2,3466.66,3361.56,5032.73,2956.07,6114.14,5445.86,7715.1,26211.17,1824.33,2735.14,11179.62,2449.1,2326.87,3192.35,3090.03,9644.67,2594.81,7261.53,2104.47,13465.04,1969.42,5152.76,642.95,2161.7,3539.86,1793.12,7031.88,1769.97
2021/12/3,3475.28,3384.34,5001.98,2996.55,6074.11,5428.93,7749.94,26217.89,1805.74,2704.51,11065.12,2421.23,2350.88,3228.7,3074.93,9590.82,2571.88,7387.81,2135.35,13468.61,1955.04,5065.54,635.33,2128.22,3562.93,1810.03,7101.64,1757.81
2021/12/6,3540.38,3480.6,5005.06,3006.96,6112.66,5489.57,7755.74,26917.35,1804.21,2699.32,11099.5,2487.4,2358.56,3302.86,3097.67,9801.34,2577.99,7561.08,2188.47,13424.98,1992.01,5071.45,633.89,2124.72,3591.32,1826.31,7055.6,1762.41
2021/12/7,3444.86,3494.64,5007.18,3006.48,6096.97,5450.02,7908.53,26888.56,1781.14,2686.77,10958.32,2467.99,2383.52,3328.84,3093.8,9899.74,2542.48,7766.19,2171.63,13283.08,1987.64,5033.27,631.36,2101.06,3629.61,1853.05,7024.35,1746.74
2021/12/8,3493.02,3480.14,4927.64,2983.95,5972.15,5350.35,8023.23,26868.08,1778.51,2687.03,10999.01,2478.3,2380.21,3302.72,3091.8,9949.5,2537.17,7777.68,2191.59,13051.05,1922.95,4995.53,634.42,2083.02,3634.72,1853.71,6889.08,1729.22
2021/12/9,3536.76,3470.55,4990.16,3010.7,6041.27,5494.96,8087.76,27849.77,1782.61,2722.98,11114.36,2485.97,2404.92,3291.72,3105.3,10112.16,2539.24,7745.02,2172.49,13179.5,1955.08,5089.55,644.14,2103.49,3639.17,1863.92,7003.02,1750.41
2021/12/10,3550.74,3446.661,4968.56,3024.05,5984.01,5534.24,8106.8,28078.22,1801.88,2746.66,11285.71,2478.25,2407.78,3333.68,3119.86,10483.69,2566.24,7828.72,2161.06,12996.05,1938.26,5114.91,651.46,2104.72,3656.86,1883.63,6973.47,1744.88
