week_start,net_flow,week_end,industry,year,week,rolling_percentile
2018-01-01,-371474.07875675464,2018-01-05,交通运输,2018,1,
2018-01-08,911432.7749923854,2018-01-12,交通运输,2018,2,1.0
2018-01-15,3082274.10676512,2018-01-19,交通运输,2018,3,1.0
2018-01-22,-3185201.541353464,2018-01-26,交通运输,2018,4,0.0
2018-01-29,-89430.05311389384,2018-02-02,交通运输,2018,5,0.5
2018-02-05,2444998.5088133477,2018-02-09,交通运输,2018,6,0.8
2018-02-12,-1348990.7865638493,2018-02-16,交通运输,2018,7,0.16666666666666666
2018-02-19,-2581607.7664516424,2018-02-23,交通运输,2018,8,0.14285714285714285
2018-02-26,191585.62184538867,2018-03-02,交通运输,2018,9,0.625
2018-03-05,2527466.804426318,2018-03-09,交通运输,2018,10,0.8888888888888888
2018-03-12,1753857.4618523438,2018-03-16,交通运输,2018,11,0.7
2018-03-19,-4980643.312571484,2018-03-23,交通运输,2018,12,0.0
2018-03-26,2630783.837177275,2018-03-30,交通运输,2018,13,0.9166666666666666
2018-04-02,-283597.2687631195,2018-04-06,交通运输,2018,14,0.38461538461538464
2018-04-09,1691743.647757214,2018-04-13,交通运输,2018,15,0.6428571428571429
2018-04-16,-5861595.989571645,2018-04-20,交通运输,2018,16,0.0
2018-04-23,-350081.9518902956,2018-04-27,交通运输,2018,17,0.375
2018-04-30,-2047775.4139073403,2018-05-04,交通运输,2018,18,0.23529411764705882
2018-05-07,-1080349.9841180365,2018-05-11,交通运输,2018,19,0.3333333333333333
2018-05-14,-17178.09279764176,2018-05-18,交通运输,2018,20,0.5789473684210527
2018-05-21,6291525.370387388,2018-05-25,交通运输,2018,21,1.0
2018-05-28,1720094.5645834378,2018-06-01,交通运输,2018,22,0.7142857142857143
2018-06-04,1166524.0339407127,2018-06-08,交通运输,2018,23,0.6363636363636364
2018-06-11,3728496.9010107135,2018-06-15,交通运输,2018,24,0.9565217391304348
2018-06-18,2862112.807622019,2018-06-22,交通运输,2018,25,0.875
2018-06-25,-221114.86821730333,2018-06-29,交通运输,2018,26,0.4
2018-07-02,-2057659.4841459359,2018-07-06,交通运输,2018,27,0.15384615384615385
2018-07-09,1262949.742422211,2018-07-13,交通运输,2018,28,0.6296296296296297
2018-07-16,1632221.5278214924,2018-07-20,交通运输,2018,29,0.6428571428571429
2018-07-23,-2925601.432610657,2018-07-27,交通运输,2018,30,0.10344827586206896
2018-07-30,75289.21624553576,2018-08-03,交通运输,2018,31,0.5
2018-08-06,-1395293.1369347707,2018-08-10,交通运输,2018,32,0.22580645161290322
2018-08-13,3923075.770008538,2018-08-17,交通运输,2018,33,0.96875
2018-08-20,3401197.2764645754,2018-08-24,交通运输,2018,34,0.9090909090909091
2018-08-27,-2939071.028698438,2018-08-31,交通运输,2018,35,0.08823529411764706
2018-09-03,854615.7246808507,2018-09-07,交通运输,2018,36,0.5428571428571428
2018-09-10,-952661.1454872943,2018-09-14,交通运输,2018,37,0.3055555555555556
2018-09-17,610461.1267974682,2018-09-21,交通运输,2018,38,0.5405405405405406
2018-09-24,-1585764.3522916913,2018-09-28,交通运输,2018,39,0.21052631578947367
2018-10-01,-526340.4243654837,2018-10-05,交通运输,2018,40,0.3333333333333333
2018-10-08,-87395.21665239614,2018-10-12,交通运输,2018,41,0.475
2018-10-15,-1623879.9220122902,2018-10-19,交通运输,2018,42,0.1951219512195122
2018-10-22,2114266.3097883314,2018-10-26,交通运输,2018,43,0.7857142857142857
2018-10-29,-143778.0528859743,2018-11-02,交通运输,2018,44,0.4418604651162791
2018-11-05,805503.5750387777,2018-11-09,交通运输,2018,45,0.5909090909090909
2018-11-12,347001.97010427015,2018-11-16,交通运输,2018,46,0.5555555555555556
2018-11-19,-2551654.5968900365,2018-11-23,交通运输,2018,47,0.13043478260869565
2018-11-26,-551744.6942299427,2018-11-30,交通运输,2018,48,0.3191489361702128
2018-12-03,1498008.440676167,2018-12-07,交通运输,2018,49,0.7083333333333334
2018-12-10,5649651.305533181,2018-12-14,交通运输,2018,50,0.9795918367346939
2018-12-17,-1555136.6768064273,2018-12-21,交通运输,2018,51,0.22
2018-12-24,-2988785.9265562897,2018-12-28,交通运输,2018,52,0.058823529411764705
2018-12-31,2017995.7232616616,2019-01-04,交通运输,2018,1,0.7884615384615384
2019-01-07,-79518.3276293868,2019-01-11,交通运输,2019,2,0.49056603773584906
2019-01-14,2188059.526549716,2019-01-18,交通运输,2019,3,0.8148148148148148
2019-01-21,309944.5335407257,2019-01-25,交通运输,2019,4,0.5454545454545454
2019-01-28,3018833.0713239107,2019-02-01,交通运输,2019,5,0.8928571428571429
2019-02-04,-1735445.9369859085,2019-02-08,交通运输,2019,6,0.17543859649122806
2019-02-11,456475.531024694,2019-02-15,交通运输,2019,7,0.5689655172413793
2019-02-18,4223856.156193768,2019-02-22,交通运输,2019,8,0.9661016949152542
2019-02-25,2201582.0979065015,2019-03-01,交通运输,2019,9,0.8
2019-03-04,-1209571.472886611,2019-03-08,交通运输,2019,10,0.26229508196721313
2019-03-11,3476573.734222468,2019-03-15,交通运输,2019,11,0.9193548387096774
2019-03-18,-263845.58262721053,2019-03-22,交通运输,2019,12,0.38095238095238093
2019-03-25,2634608.4911966957,2019-03-29,交通运输,2019,13,0.84375
2019-04-01,-278703.3928094398,2019-04-05,交通运输,2019,14,0.36923076923076925
2019-04-08,1481479.7338141873,2019-04-12,交通运输,2019,15,0.6515151515151515
2019-04-15,625473.4973606053,2019-04-19,交通运输,2019,16,0.5671641791044776
2019-04-22,527979.5134608822,2019-04-26,交通运输,2019,17,0.5441176470588235
2019-04-29,-73860.91047185019,2019-05-03,交通运输,2019,18,0.4492753623188406
2019-05-06,-801344.6075551664,2019-05-10,交通运输,2019,19,0.2714285714285714
2019-05-13,-1881764.487070037,2019-05-17,交通运输,2019,20,0.14084507042253522
2019-05-20,3510346.0347244833,2019-05-24,交通运输,2019,21,0.9305555555555556
2019-05-27,-2598236.4142252756,2019-05-31,交通运输,2019,22,0.0821917808219178
2019-06-03,2506414.7976090955,2019-06-07,交通运输,2019,23,0.8108108108108109
2019-06-10,-1126348.6049391718,2019-06-14,交通运输,2019,24,0.25333333333333335
2019-06-17,-3643367.8927968033,2019-06-21,交通运输,2019,25,0.02631578947368421
2019-06-24,-3034195.9150880813,2019-06-28,交通运输,2019,26,0.05194805194805195
2019-07-01,-2606591.3577116085,2019-07-05,交通运输,2019,27,0.10256410256410256
2019-07-08,-1139605.5119410132,2019-07-12,交通运输,2019,28,0.27848101265822783
2019-07-15,1656562.4749583257,2019-07-19,交通运输,2019,29,0.7125
2019-07-22,2033307.5386957314,2019-07-26,交通运输,2019,30,0.7654320987654321
2019-07-29,1387596.9275528477,2019-08-02,交通运输,2019,31,0.6585365853658537
2019-08-05,-680111.9868886552,2019-08-09,交通运输,2019,32,0.3253012048192771
2019-08-12,-1232254.8204031168,2019-08-16,交通运输,2019,33,0.25
2019-08-19,599938.0981960045,2019-08-23,交通运输,2019,34,0.5764705882352941
2019-08-26,2183126.7887900807,2019-08-30,交通运输,2019,35,0.7906976744186046
2019-09-02,-652127.5126704351,2019-09-06,交通运输,2019,36,0.3333333333333333
2019-09-09,-557412.4875999929,2019-09-13,交通运输,2019,37,0.3409090909090909
2019-09-16,-42554.17444460571,2019-09-20,交通运输,2019,38,0.4943820224719101
2019-09-23,390345.44993228035,2019-09-27,交通运输,2019,39,0.5555555555555556
2019-09-30,-2183539.0691921376,2019-10-04,交通运输,2019,40,0.13186813186813187
2019-10-07,453386.6933209897,2019-10-11,交通运输,2019,41,0.5652173913043478
2019-10-14,4065835.008890065,2019-10-18,交通运输,2019,42,0.967741935483871
2019-10-21,-2746424.0088725667,2019-10-25,交通运输,2019,43,0.0851063829787234
2019-10-28,178274.24833020172,2019-11-01,交通运输,2019,44,0.5157894736842106
2019-11-04,741846.0449589035,2019-11-08,交通运输,2019,45,0.625
2019-11-11,-393054.57578718127,2019-11-15,交通运输,2019,46,0.36082474226804123
2019-11-18,896013.0883045965,2019-11-22,交通运输,2019,47,0.6530612244897959
2019-11-25,-5113887.038724575,2019-11-29,交通运输,2019,48,0.010101010101010102
2019-12-02,-1622924.13169759,2019-12-06,交通运输,2019,49,0.2
2019-12-09,2414517.48707106,2019-12-13,交通运输,2019,50,0.8316831683168316
2019-12-16,1273355.757928291,2019-12-20,交通运输,2019,51,0.6862745098039216
2019-12-23,-611732.8889533002,2019-12-27,交通运输,2019,52,0.3300970873786408
2019-12-30,-2807141.326788227,2020-01-03,交通运输,2019,1,0.08653846153846154
2020-01-06,1024679.5748104864,2020-01-10,交通运输,2020,2,0.6634615384615384
2020-01-13,654888.1948381783,2020-01-17,交通运输,2020,3,0.6153846153846154
2020-01-20,-55718.647699433146,2020-01-24,交通运输,2020,4,0.4807692307692308
2020-01-27,-5759992.079479809,2020-01-31,交通运输,2020,5,0.009615384615384616
2020-02-03,760968.3515125666,2020-02-07,交通运输,2020,6,0.6346153846153846
2020-02-10,-2502376.171424993,2020-02-14,交通运输,2020,7,0.14423076923076922
2020-02-17,-5439008.788793147,2020-02-21,交通运输,2020,8,0.019230769230769232
2020-02-24,-1191898.4811850516,2020-02-28,交通运输,2020,9,0.2692307692307692
2020-03-02,-1454377.0492582407,2020-03-06,交通运输,2020,10,0.2403846153846154
2020-03-09,-154532.8960471488,2020-03-13,交通运输,2020,11,0.4519230769230769
2020-03-16,3547574.921800771,2020-03-20,交通运输,2020,12,0.9423076923076923
2020-03-23,2234105.4861849565,2020-03-27,交通运输,2020,13,0.8461538461538461
2020-03-30,-1550538.5669528148,2020-04-03,交通运输,2020,14,0.23076923076923078
2020-04-06,-1000972.3554372023,2020-04-10,交通运输,2020,15,0.3173076923076923
2020-04-13,-2337489.6550018517,2020-04-17,交通运输,2020,16,0.14423076923076922
2020-04-20,241615.8876996599,2020-04-24,交通运输,2020,17,0.5480769230769231
2020-04-27,573358.0373646424,2020-05-01,交通运输,2020,18,0.6057692307692307
2020-05-04,4155853.9878957635,2020-05-08,交通运输,2020,19,0.9711538461538461
2020-05-11,-3798803.4771719924,2020-05-15,交通运输,2020,20,0.028846153846153848
2020-05-18,1755088.8323264518,2020-05-22,交通运输,2020,21,0.7788461538461539
2020-05-25,3613897.1510954164,2020-05-29,交通运输,2020,22,0.9423076923076923
2020-06-01,-359170.41229592764,2020-06-05,交通运输,2020,23,0.40384615384615385
2020-06-08,-3367482.931580639,2020-06-12,交通运输,2020,24,0.04807692307692308
2020-06-15,-309754.3203757125,2020-06-19,交通运输,2020,25,0.4230769230769231
2020-06-22,-1603914.0460364842,2020-06-26,交通运输,2020,26,0.22115384615384615
2020-06-29,491658.7527631859,2020-07-03,交通运输,2020,27,0.6057692307692307
2020-07-06,699039.5746652888,2020-07-10,交通运输,2020,28,0.6634615384615384
2020-07-13,-1354765.087684637,2020-07-17,交通运输,2020,29,0.2692307692307692
2020-07-20,2989103.587973515,2020-07-24,交通运输,2020,30,0.8942307692307693
2020-07-27,-769363.8706243895,2020-07-31,交通运输,2020,31,0.34615384615384615
2020-08-03,-68360.5591597142,2020-08-07,交通运输,2020,32,0.5096153846153846
2020-08-10,-62596.450557783595,2020-08-14,交通运输,2020,33,0.5096153846153846
2020-08-17,-2084101.2741347621,2020-08-21,交通运输,2020,34,0.16346153846153846
2020-08-24,-2238251.545834046,2020-08-28,交通运输,2020,35,0.15384615384615385
2020-08-31,-2441371.91236607,2020-09-04,交通运输,2020,36,0.1346153846153846
2020-09-07,1560263.337977094,2020-09-11,交通运输,2020,37,0.7884615384615384
2020-09-14,3339534.4181942567,2020-09-18,交通运输,2020,38,0.9230769230769231
2020-09-21,187792.6166650015,2020-09-25,交通运输,2020,39,0.5576923076923077
2020-09-28,-1544691.5896450388,2020-10-02,交通运输,2020,40,0.25
2020-10-05,1139049.7695862814,2020-10-09,交通运输,2020,41,0.7307692307692307
2020-10-12,1376992.5486632038,2020-10-16,交通运输,2020,42,0.7403846153846154
2020-10-19,62100.577572385955,2020-10-23,交通运输,2020,43,0.5192307692307693
2020-10-26,4432691.477782221,2020-10-30,交通运输,2020,44,0.9903846153846154
2020-11-02,2548637.9690512405,2020-11-06,交通运输,2020,45,0.875
2020-11-09,5948692.412562429,2020-11-13,交通运输,2020,46,1.0
2020-11-16,709876.9128659348,2020-11-20,交通运输,2020,47,0.6538461538461539
2020-11-23,-109893.7022655487,2020-11-27,交通运输,2020,48,0.4423076923076923
2020-11-30,3092478.290718988,2020-12-04,交通运输,2020,49,0.8942307692307693
2020-12-07,3341914.690925956,2020-12-11,交通运输,2020,50,0.9038461538461539
2020-12-14,-5174964.358629599,2020-12-18,交通运输,2020,51,0.019230769230769232
2020-12-21,-82441.24606077478,2020-12-25,交通运输,2020,52,0.4423076923076923
2020-12-28,1756768.8911121706,2021-01-01,交通运输,2020,53,0.7692307692307693
2021-01-04,770829.3444190625,2021-01-08,交通运输,2021,1,0.6730769230769231
2021-01-11,1906082.1588537118,2021-01-15,交通运输,2021,2,0.7788461538461539
2021-01-18,-214261.37059808202,2021-01-22,交通运输,2021,3,0.41346153846153844
2021-01-25,-1122162.7452893425,2021-01-29,交通运输,2021,4,0.2980769230769231
2021-02-01,-1920074.6099503557,2021-02-05,交通运输,2021,5,0.17307692307692307
2021-02-08,-47113.72713168134,2021-02-12,交通运输,2021,6,0.5
2021-02-15,-1122333.341440343,2021-02-19,交通运输,2021,7,0.2980769230769231
2021-02-22,1460013.7525034319,2021-02-26,交通运输,2021,8,0.75
2021-03-01,964782.2081653783,2021-03-05,交通运输,2021,9,0.7019230769230769
2021-03-08,1933632.0490935193,2021-03-12,交通运输,2021,10,0.8173076923076923
2021-03-15,1231732.724522347,2021-03-19,交通运输,2021,11,0.7211538461538461
2021-03-22,-70640.1479088813,2021-03-26,交通运输,2021,12,0.46153846153846156
2021-03-29,-834013.9829784497,2021-04-02,交通运输,2021,13,0.3173076923076923
2021-04-05,1809873.7873196062,2021-04-09,交通运输,2021,14,0.8173076923076923
2021-04-12,1888494.2990649503,2021-04-16,交通运输,2021,15,0.8173076923076923
2021-04-19,912983.8259092565,2021-04-23,交通运输,2021,16,0.6826923076923077
2021-04-26,-38098.7640805447,2021-04-30,交通运输,2021,17,0.5192307692307693
2021-05-03,-1122116.278915313,2021-05-07,交通运输,2021,18,0.3076923076923077
2021-05-10,307025.1496219572,2021-05-14,交通运输,2021,19,0.5576923076923077
2021-05-17,-214338.75362500548,2021-05-21,交通运输,2021,20,0.40384615384615385
2021-05-24,-3060925.92356313,2021-05-28,交通运输,2021,21,0.0673076923076923
2021-05-31,588826.1092173553,2021-06-04,交通运输,2021,22,0.6057692307692307
2021-06-07,2860894.557514486,2021-06-11,交通运输,2021,23,0.9038461538461539
2021-06-14,1157695.916157004,2021-06-18,交通运输,2021,24,0.7211538461538461
2021-06-21,-273058.69256344484,2021-06-25,交通运输,2021,25,0.38461538461538464
2021-06-28,-1534718.9616605272,2021-07-02,交通运输,2021,26,0.20192307692307693
2021-07-05,1369029.303200303,2021-07-09,交通运输,2021,27,0.7403846153846154
2021-07-12,1685116.785676781,2021-07-16,交通运输,2021,28,0.7884615384615384
2021-07-19,-76447.01638271939,2021-07-23,交通运输,2021,29,0.4230769230769231
2021-07-26,-228115.5150172821,2021-07-30,交通运输,2021,30,0.375
2021-08-02,1467008.9094081756,2021-08-06,交通运输,2021,31,0.7788461538461539
2021-08-09,-2423766.1720719584,2021-08-13,交通运输,2021,32,0.10576923076923077
2021-08-16,-750420.827481766,2021-08-20,交通运输,2021,33,0.2980769230769231
2021-08-23,-435627.8972730967,2021-08-27,交通运输,2021,34,0.33653846153846156
2021-08-30,-1695535.744192957,2021-09-03,交通运输,2021,35,0.16346153846153846
2021-09-06,4386382.453075914,2021-09-10,交通运输,2021,36,0.9807692307692307
2021-09-13,193422.73432320257,2021-09-17,交通运输,2021,37,0.5384615384615384
2021-09-20,-2224306.699608081,2021-09-24,交通运输,2021,38,0.1346153846153846
2021-09-27,242191.44268619048,2021-10-01,交通运输,2021,39,0.5576923076923077
2021-10-04,-394696.55673495936,2021-10-08,交通运输,2021,40,0.33653846153846156
2021-10-11,-1835544.3936704611,2021-10-15,交通运输,2021,41,0.16346153846153846
2021-10-18,-2733268.8922250536,2021-10-22,交通运输,2021,42,0.08653846153846154
2021-10-25,-209588.15478204435,2021-10-29,交通运输,2021,43,0.4230769230769231
2021-11-01,792203.7250402711,2021-11-05,交通运输,2021,44,0.6730769230769231
2021-11-08,-2076081.6172505862,2021-11-12,交通运输,2021,45,0.15384615384615385
2021-11-15,4241351.088878552,2021-11-19,交通运输,2021,46,0.9711538461538461
2021-11-22,2065905.045783392,2021-11-26,交通运输,2021,47,0.8557692307692307
2021-11-29,-1122959.1322301435,2021-12-03,交通运输,2021,48,0.25961538461538464
2021-12-06,783136.1625276974,2021-12-10,交通运输,2021,49,0.6538461538461539
2021-12-13,-2310606.43374401,2021-12-17,交通运输,2021,50,0.11538461538461539
2021-12-20,-863958.7307224202,2021-12-24,交通运输,2021,51,0.3076923076923077
2021-12-27,-1090389.6962256245,2021-12-31,交通运输,2021,52,0.2980769230769231
2022-01-03,-2113832.817209806,2022-01-07,交通运输,2022,1,0.1346153846153846
2022-01-10,-4105876.3738897373,2022-01-14,交通运输,2022,2,0.028846153846153848
2022-01-17,-3046702.879671068,2022-01-21,交通运输,2022,3,0.0673076923076923
2022-01-24,1595697.2808873784,2022-01-28,交通运输,2022,4,0.7884615384615384
2022-01-31,2440628.578554038,2022-02-04,交通运输,2022,5,0.875
2022-02-07,-1150239.4137561298,2022-02-11,交通运输,2022,6,0.2692307692307692
2022-02-14,3749986.3743996467,2022-02-18,交通运输,2022,7,0.9519230769230769
2022-02-21,-3041937.7615578403,2022-02-25,交通运输,2022,8,0.057692307692307696
2022-02-28,2113814.475509292,2022-03-04,交通运输,2022,9,0.8461538461538461
2022-03-07,-1046172.1480519713,2022-03-11,交通运输,2022,10,0.2980769230769231
2022-03-14,-845451.5996103429,2022-03-18,交通运输,2022,11,0.3269230769230769
2022-03-21,-2348999.671273457,2022-03-25,交通运输,2022,12,0.09615384615384616
2022-03-28,-282444.0364645041,2022-04-01,交通运输,2022,13,0.41346153846153844
2022-04-04,-177808.17002072383,2022-04-08,交通运输,2022,14,0.46153846153846156
2022-04-11,-15961.793514997466,2022-04-15,交通运输,2022,15,0.5384615384615384
2022-04-18,-4648048.3921607295,2022-04-22,交通运输,2022,16,0.009615384615384616
2022-04-25,3171643.3780094115,2022-04-29,交通运输,2022,17,0.9134615384615384
2022-05-02,-2764869.5002647135,2022-05-06,交通运输,2022,18,0.07692307692307693
2022-05-09,-1856383.9913140642,2022-05-13,交通运输,2022,19,0.19230769230769232
2022-05-16,564543.4945158316,2022-05-20,交通运输,2022,20,0.6153846153846154
2022-05-23,1382983.8204481537,2022-05-27,交通运输,2022,21,0.75
2022-05-30,-1480856.0197227017,2022-06-03,交通运输,2022,22,0.2403846153846154
2022-06-06,1973237.3955979121,2022-06-10,交通运输,2022,23,0.8557692307692307
2022-06-13,405016.54220565065,2022-06-17,交通运输,2022,24,0.5961538461538461
2022-06-20,3923188.9469919074,2022-06-24,交通运输,2022,25,0.9615384615384616
2022-06-27,-2074580.1522523211,2022-07-01,交通运输,2022,26,0.16346153846153846
2022-07-04,-753017.8239707755,2022-07-08,交通运输,2022,27,0.3557692307692308
2022-07-11,-279520.9208715374,2022-07-15,交通运输,2022,28,0.40384615384615385
2022-07-18,-2800253.1593065253,2022-07-22,交通运输,2022,29,0.057692307692307696
2022-07-25,-556061.3409777008,2022-07-29,交通运输,2022,30,0.375
2022-08-01,-1988.8469290188514,2022-08-05,交通运输,2022,31,0.5576923076923077
2022-08-08,1093367.6814023606,2022-08-12,交通运输,2022,32,0.6923076923076923
2022-08-15,-1906328.2453700341,2022-08-19,交通运输,2022,33,0.19230769230769232
2022-08-22,2612950.0296545285,2022-08-26,交通运输,2022,34,0.8942307692307693
2022-08-29,-3488746.9153766553,2022-09-02,交通运输,2022,35,0.028846153846153848
2022-09-05,428079.647318886,2022-09-09,交通运输,2022,36,0.5961538461538461
2022-09-12,-3859084.4232652616,2022-09-16,交通运输,2022,37,0.028846153846153848
2022-09-19,5932256.27272616,2022-09-23,交通运输,2022,38,0.9903846153846154
2022-09-26,-5661610.835778857,2022-09-30,交通运输,2022,39,0.0
2022-10-03,-4060583.092640801,2022-10-07,交通运输,2022,40,0.038461538461538464
2022-10-10,3695967.9737573666,2022-10-14,交通运输,2022,41,0.9326923076923077
2022-10-17,-1250929.6961225579,2022-10-21,交通运输,2022,42,0.25961538461538464
2022-10-24,750220.1305303524,2022-10-28,交通运输,2022,43,0.6442307692307693
2022-10-31,1746675.9333035098,2022-11-04,交通运输,2022,44,0.7884615384615384
2022-11-07,1124898.4581278726,2022-11-11,交通运输,2022,45,0.7115384615384616
2022-11-14,1322377.2469159202,2022-11-18,交通运输,2022,46,0.7403846153846154
2022-11-21,672374.2031253045,2022-11-25,交通运输,2022,47,0.6346153846153846
2022-11-28,-3970797.536834448,2022-12-02,交通运输,2022,48,0.04807692307692308
2022-12-05,214874.89992668602,2022-12-09,交通运输,2022,49,0.5769230769230769
2022-12-12,1466438.361782848,2022-12-16,交通运输,2022,50,0.7884615384615384
2022-12-19,902108.8396591842,2022-12-23,交通运输,2022,51,0.6826923076923077
2022-12-26,2974224.9455692926,2022-12-30,交通运输,2022,52,0.9326923076923077
2023-01-02,1106184.391086888,2023-01-06,交通运输,2023,1,0.7115384615384616
2023-01-09,578064.6839231154,2023-01-13,交通运输,2023,2,0.6153846153846154
2023-01-16,228878.00842184015,2023-01-20,交通运输,2023,3,0.5673076923076923
2023-01-23,1019450.2806938505,2023-01-27,交通运输,2023,4,0.7019230769230769
2023-01-30,-1758667.1806774032,2023-02-03,交通运输,2023,5,0.23076923076923078
2023-02-06,-2300681.9903471246,2023-02-10,交通运输,2023,6,0.15384615384615385
2023-02-13,1739085.6145261782,2023-02-17,交通运输,2023,7,0.8269230769230769
2023-02-20,-2465098.0676780352,2023-02-24,交通运输,2023,8,0.125
2023-02-27,-130122.10971194878,2023-03-03,交通运输,2023,9,0.4807692307692308
2023-03-06,3398754.1740460466,2023-03-10,交通运输,2023,10,0.9423076923076923
2023-03-13,-1927726.230835732,2023-03-17,交通运输,2023,11,0.21153846153846154
2023-03-20,542058.9131353535,2023-03-24,交通运输,2023,12,0.6153846153846154
2023-03-27,-1180451.1712775147,2023-03-31,交通运输,2023,13,0.2980769230769231
2023-04-03,-1043048.3172474476,2023-04-07,交通运输,2023,14,0.3557692307692308
2023-04-10,1847977.6123778094,2023-04-14,交通运输,2023,15,0.8461538461538461
2023-04-17,-361089.00576247356,2023-04-21,交通运输,2023,16,0.4326923076923077
2023-04-24,-262199.0595669093,2023-04-28,交通运输,2023,17,0.47115384615384615
2023-05-01,722344.7574223066,2023-05-05,交通运输,2023,18,0.6730769230769231
2023-05-08,305291.3340630095,2023-05-12,交通运输,2023,19,0.5865384615384616
2023-05-15,-1744740.7778296736,2023-05-19,交通运输,2023,20,0.25961538461538464
2023-05-22,72244.82242342306,2023-05-26,交通运输,2023,21,0.5480769230769231
2023-05-29,-3550811.5185617274,2023-06-02,交通运输,2023,22,0.057692307692307696
2023-06-05,-4301335.173537848,2023-06-09,交通运输,2023,23,0.019230769230769232
2023-06-12,-1286860.6108772908,2023-06-16,交通运输,2023,24,0.3076923076923077
2023-06-19,-3088134.6737507964,2023-06-23,交通运输,2023,25,0.08653846153846154
2023-06-26,857168.831187409,2023-06-30,交通运输,2023,26,0.7211538461538461
2023-07-03,-3093036.792322896,2023-07-07,交通运输,2023,27,0.08653846153846154
2023-07-10,-3285073.663692937,2023-07-14,交通运输,2023,28,0.08653846153846154
2023-07-17,4406308.109338023,2023-07-21,交通运输,2023,29,0.9903846153846154
2023-07-24,2715509.3511366905,2023-07-28,交通运输,2023,30,0.9038461538461539
2023-07-31,3485673.5560436654,2023-08-04,交通运输,2023,31,0.9326923076923077
2023-08-07,-3221079.4925931627,2023-08-11,交通运输,2023,32,0.09615384615384616
2023-08-14,-873186.5847580167,2023-08-18,交通运输,2023,33,0.40384615384615385
2023-08-21,-447346.6525967279,2023-08-25,交通运输,2023,34,0.4519230769230769
2023-08-28,649746.8611437669,2023-09-01,交通运输,2023,35,0.6634615384615384
2023-09-04,-985091.8689974943,2023-09-08,交通运输,2023,36,0.3942307692307692
2023-09-11,-2037908.35275293,2023-09-15,交通运输,2023,37,0.25
2023-09-18,2245413.672170341,2023-09-22,交通运输,2023,38,0.875
2023-09-25,3891638.1577293705,2023-09-29,交通运输,2023,39,0.9615384615384616
2023-10-02,-925259.0860242343,2023-10-06,交通运输,2023,40,0.40384615384615385
2023-10-09,-237842.49280658562,2023-10-13,交通运输,2023,41,0.5096153846153846
2023-10-16,-198915.05007107503,2023-10-20,交通运输,2023,42,0.5192307692307693
2023-10-23,1264241.8623948314,2023-10-27,交通运输,2023,43,0.7596153846153846
2023-10-30,3743496.2097608075,2023-11-03,交通运输,2023,44,0.9423076923076923
2023-11-06,1031771.4153561026,2023-11-10,交通运输,2023,45,0.7115384615384616
2023-11-13,-2410242.0664753816,2023-11-17,交通运输,2023,46,0.17307692307692307
2023-11-20,796962.3760446006,2023-11-24,交通运输,2023,47,0.6826923076923077
2023-11-27,296131.97104078357,2023-12-01,交通运输,2023,48,0.5769230769230769
2023-12-04,886227.7862354747,2023-12-08,交通运输,2023,49,0.7019230769230769
2023-12-11,-1140854.1639551702,2023-12-15,交通运输,2023,50,0.33653846153846156
2023-12-18,-642093.6969213135,2023-12-22,交通运输,2023,51,0.4230769230769231
2023-12-25,4190203.16519266,2023-12-29,交通运输,2023,52,0.9807692307692307
2024-01-01,-287436.65451963234,2024-01-05,交通运输,2024,1,0.4423076923076923
2024-01-08,3767027.703450208,2024-01-12,交通运输,2024,2,0.9519230769230769
2024-01-15,509759.3806816243,2024-01-19,交通运输,2024,3,0.5865384615384616
2024-01-22,5422359.718780472,2024-01-26,交通运输,2024,4,0.9903846153846154
2024-01-29,-1366223.7971654243,2024-02-02,交通运输,2024,5,0.25961538461538464
2024-02-05,856006.8344198975,2024-02-09,交通运输,2024,6,0.6730769230769231
2024-02-12,4208425.693874533,2024-02-16,交通运输,2024,7,0.9711538461538461
2024-02-19,541201.7337386729,2024-02-23,交通运输,2024,8,0.5865384615384616
2024-02-26,3581685.5675545814,2024-03-01,交通运输,2024,9,0.9038461538461539
2024-03-04,2394880.307823388,2024-03-08,交通运输,2024,10,0.8365384615384616
2024-03-11,68238.10484019539,2024-03-15,交通运输,2024,11,0.49038461538461536
2024-03-18,2856958.2768738098,2024-03-22,交通运输,2024,12,0.8557692307692307
2024-03-25,4310260.718984352,2024-03-29,交通运输,2024,13,0.9711538461538461
2024-04-01,852903.3397890434,2024-04-05,交通运输,2024,14,0.6346153846153846
2024-04-08,729499.6650449069,2024-04-12,交通运输,2024,15,0.6057692307692307
2024-04-15,-874860.7973487924,2024-04-19,交通运输,2024,16,0.3173076923076923
2024-04-22,1937420.5894973841,2024-04-26,交通运输,2024,17,0.7884615384615384
2024-04-29,1401981.2052158015,2024-05-03,交通运输,2024,18,0.75
2024-05-06,-6487599.7225711,2024-05-10,交通运输,2024,19,0.0
2024-05-13,1910560.6107177567,2024-05-17,交通运输,2024,20,0.7884615384615384
2024-05-20,-1499139.156883095,2024-05-24,交通运输,2024,21,0.21153846153846154
2024-05-27,2952164.0626012776,2024-05-31,交通运输,2024,22,0.8557692307692307
2024-06-03,1604706.2764855013,2024-06-07,交通运输,2024,23,0.7403846153846154
2024-06-10,-5200405.452697639,2024-06-14,交通运输,2024,24,0.019230769230769232
2024-06-17,605061.0131077268,2024-06-21,交通运输,2024,25,0.5480769230769231
2024-06-24,-3494357.424190907,2024-06-28,交通运输,2024,26,0.07692307692307693
2024-07-01,-184908.43332577893,2024-07-05,交通运输,2024,27,0.4230769230769231
2024-07-08,666039.1599545677,2024-07-12,交通运输,2024,28,0.5673076923076923
2024-07-15,1654725.4884470082,2024-07-19,交通运输,2024,29,0.7596153846153846
2024-07-22,3822577.70167861,2024-07-26,交通运输,2024,30,0.9326923076923077
2024-07-29,1301370.8919865177,2024-07-31,交通运输,2024,31,0.7019230769230769
2018-01-01,1840813.2332023217,2018-01-05,传媒,2018,1,
2018-01-08,-1617273.6486176457,2018-01-12,传媒,2018,2,0.0
2018-01-15,1381263.3147155251,2018-01-19,传媒,2018,3,0.5
2018-01-22,2977223.5804933216,2018-01-26,传媒,2018,4,1.0
2018-01-29,2185994.918817123,2018-02-02,传媒,2018,5,0.75
2018-02-05,-2424612.0686879307,2018-02-09,传媒,2018,6,0.0
2018-02-12,1414922.5363672671,2018-02-16,传媒,2018,7,0.5
2018-02-19,2537280.450337516,2018-02-23,传媒,2018,8,0.8571428571428571
2018-02-26,-3338702.353234459,2018-03-02,传媒,2018,9,0.0
2018-03-05,177925.37110965466,2018-03-09,传媒,2018,10,0.3333333333333333
2018-03-12,-81390.2358127766,2018-03-16,传媒,2018,11,0.3
2018-03-19,-885348.0610717239,2018-03-23,传媒,2018,12,0.2727272727272727
2018-03-26,-1018965.0314490311,2018-03-30,传媒,2018,13,0.25
2018-04-02,-656499.7920363748,2018-04-06,传媒,2018,14,0.38461538461538464
2018-04-09,-3063880.429974477,2018-04-13,传媒,2018,15,0.07142857142857142
2018-04-16,762284.2548652187,2018-04-20,传媒,2018,16,0.6
2018-04-23,-2488044.9433498206,2018-04-27,传媒,2018,17,0.125
2018-04-30,1973890.2697558543,2018-05-04,传媒,2018,18,0.8235294117647058
2018-05-07,-173994.03323773947,2018-05-11,传媒,2018,19,0.4444444444444444
2018-05-14,3552392.433761529,2018-05-18,传媒,2018,20,1.0
2018-05-21,-2132887.3545399527,2018-05-25,传媒,2018,21,0.2
2018-05-28,2298399.463200913,2018-06-01,传媒,2018,22,0.8571428571428571
2018-06-04,-570724.7400122177,2018-06-08,传媒,2018,23,0.4090909090909091
2018-06-11,-3277227.7115225634,2018-06-15,传媒,2018,24,0.043478260869565216
2018-06-18,1416090.551054732,2018-06-22,传媒,2018,25,0.7083333333333334
2018-06-25,2907622.7897276618,2018-06-29,传媒,2018,26,0.92
2018-07-02,-1383084.0874721739,2018-07-06,传媒,2018,27,0.2692307692307692
2018-07-09,-2507602.0324113457,2018-07-13,传媒,2018,28,0.1111111111111111
2018-07-16,-1612108.5706613692,2018-07-20,传媒,2018,29,0.2857142857142857
2018-07-23,-919364.3686602411,2018-07-27,传媒,2018,30,0.3793103448275862
2018-07-30,2570916.9637491023,2018-08-03,传媒,2018,31,0.9
2018-08-06,-5172417.202484186,2018-08-10,传媒,2018,32,0.0
2018-08-13,1579035.5996648266,2018-08-17,传媒,2018,33,0.71875
2018-08-20,-1001150.1533984918,2018-08-24,传媒,2018,34,0.36363636363636365
2018-08-27,1325697.7662882959,2018-08-31,传媒,2018,35,0.6176470588235294
2018-09-03,86584.56011392595,2018-09-07,传媒,2018,36,0.5428571428571428
2018-09-10,1466087.351527959,2018-09-14,传媒,2018,37,0.7222222222222222
2018-09-17,-3237116.266183639,2018-09-21,传媒,2018,38,0.08108108108108109
2018-09-24,-48327.90025908935,2018-09-28,传媒,2018,39,0.5263157894736842
2018-10-01,-1126868.3211035654,2018-10-05,传媒,2018,40,0.3076923076923077
2018-10-08,-4427308.829776609,2018-10-12,传媒,2018,41,0.025
2018-10-15,455160.3721035655,2018-10-19,传媒,2018,42,0.6097560975609756
2018-10-22,223262.54656255984,2018-10-26,传媒,2018,43,0.5952380952380952
2018-10-29,-4107877.960935399,2018-11-02,传媒,2018,44,0.046511627906976744
2018-11-05,1612604.6263975264,2018-11-09,传媒,2018,45,0.7954545454545454
2018-11-12,370561.0435119565,2018-11-16,传媒,2018,46,0.6
2018-11-19,3079207.2603621385,2018-11-23,传媒,2018,47,0.9782608695652174
2018-11-26,-2841766.556998471,2018-11-30,传媒,2018,48,0.14893617021276595
2018-12-03,-582959.2527718986,2018-12-07,传媒,2018,49,0.4375
2018-12-10,2264041.6986592137,2018-12-14,传媒,2018,50,0.8571428571428571
2018-12-17,3135759.0022859927,2018-12-21,传媒,2018,51,0.98
2018-12-24,-1674691.526190595,2018-12-28,传媒,2018,52,0.23529411764705882
2018-12-31,-1705077.4017833425,2019-01-04,传媒,2018,1,0.23076923076923078
2019-01-07,-2194317.2642221414,2019-01-11,传媒,2019,2,0.20754716981132076
2019-01-14,-1048026.4700265769,2019-01-18,传媒,2019,3,0.35185185185185186
2019-01-21,1596872.5283338635,2019-01-25,传媒,2019,4,0.7636363636363637
2019-01-28,1201015.9852430178,2019-02-01,传媒,2019,5,0.6428571428571429
2019-02-04,-3002409.3024822064,2019-02-08,传媒,2019,6,0.12280701754385964
2019-02-11,1706385.1240309847,2019-02-15,传媒,2019,7,0.7931034482758621
2019-02-18,2674592.448821788,2019-02-22,传媒,2019,8,0.9152542372881356
2019-02-25,1906088.5122930487,2019-03-01,传媒,2019,9,0.8
2019-03-04,-1828494.1681086726,2019-03-08,传媒,2019,10,0.22950819672131148
2019-03-11,-2491807.0782986525,2019-03-15,传媒,2019,11,0.16129032258064516
2019-03-18,2814622.5208471315,2019-03-22,传媒,2019,12,0.9206349206349206
2019-03-25,1649379.4467816462,2019-03-29,传媒,2019,13,0.75
2019-04-01,1070745.5015883008,2019-04-05,传媒,2019,14,0.6
2019-04-08,-341809.07496406825,2019-04-12,传媒,2019,15,0.45454545454545453
2019-04-15,-2673910.186580387,2019-04-19,传媒,2019,16,0.13432835820895522
2019-04-22,-478083.1148125152,2019-04-26,传媒,2019,17,0.45588235294117646
2019-04-29,-3410946.904229564,2019-05-03,传媒,2019,18,0.043478260869565216
2019-05-06,2784727.029091825,2019-05-10,传媒,2019,19,0.9142857142857143
2019-05-13,203379.29430010938,2019-05-17,传媒,2019,20,0.5492957746478874
2019-05-20,-3355817.778401953,2019-05-24,传媒,2019,21,0.05555555555555555
2019-05-27,-991831.301035606,2019-05-31,传媒,2019,22,0.3835616438356164
2019-06-03,3702178.8291327124,2019-06-07,传媒,2019,23,1.0
2019-06-10,325777.19469605177,2019-06-14,传媒,2019,24,0.5733333333333334
2019-06-17,77985.91648357082,2019-06-21,传媒,2019,25,0.5131578947368421
2019-06-24,-923911.7413645193,2019-06-28,传媒,2019,26,0.37662337662337664
2019-07-01,-3054505.9595352365,2019-07-05,传媒,2019,27,0.11538461538461539
2019-07-08,2867802.8795399917,2019-07-12,传媒,2019,28,0.9240506329113924
2019-07-15,1165610.220875516,2019-07-19,传媒,2019,29,0.6375
2019-07-22,3944302.020701906,2019-07-26,传媒,2019,30,1.0
2019-07-29,-2613410.702625402,2019-08-02,传媒,2019,31,0.15853658536585366
2019-08-05,3292903.659581449,2019-08-09,传媒,2019,32,0.963855421686747
2019-08-12,-208240.31188824459,2019-08-16,传媒,2019,33,0.4642857142857143
2019-08-19,1661457.1117460947,2019-08-23,传媒,2019,34,0.7529411764705882
2019-08-26,403885.46414789953,2019-08-30,传媒,2019,35,0.5813953488372093
2019-09-02,-2970876.3372147307,2019-09-06,传媒,2019,36,0.12643678160919541
2019-09-09,836429.5622365831,2019-09-13,传媒,2019,37,0.6136363636363636
2019-09-16,1954064.7303949296,2019-09-20,传媒,2019,38,0.797752808988764
2019-09-23,2347003.4792216076,2019-09-27,传媒,2019,39,0.8444444444444444
2019-09-30,2231680.104940973,2019-10-04,传媒,2019,40,0.8131868131868132
2019-10-07,1738084.5278547239,2019-10-11,传媒,2019,41,0.75
2019-10-14,-1747670.8757558009,2019-10-18,传媒,2019,42,0.23655913978494625
2019-10-21,-1639243.9183971805,2019-10-25,传媒,2019,43,0.26595744680851063
2019-10-28,-2679196.512212056,2019-11-01,传媒,2019,44,0.1368421052631579
2019-11-04,3333123.6856957264,2019-11-08,传媒,2019,45,0.96875
2019-11-11,-3435262.4773420934,2019-11-15,传媒,2019,46,0.030927835051546393
2019-11-18,2791428.280899362,2019-11-22,传媒,2019,47,0.8877551020408163
2019-11-25,-2021727.5268882052,2019-11-29,传媒,2019,48,0.23232323232323232
2019-12-02,-1112293.9867948305,2019-12-06,传媒,2019,49,0.33
2019-12-09,994815.17324743,2019-12-13,传媒,2019,50,0.6039603960396039
2019-12-16,2845064.750827314,2019-12-20,传媒,2019,51,0.9019607843137255
2019-12-23,-1995140.4323058638,2019-12-27,传媒,2019,52,0.23300970873786409
2019-12-30,431070.2433320642,2020-01-03,传媒,2019,1,0.5673076923076923
2020-01-06,2542831.14760033,2020-01-10,传媒,2020,2,0.8461538461538461
2020-01-13,298443.88525829616,2020-01-17,传媒,2020,3,0.5288461538461539
2020-01-20,-1316040.224679677,2020-01-24,传媒,2020,4,0.3076923076923077
2020-01-27,-433248.2243121571,2020-01-31,传媒,2020,5,0.4423076923076923
2020-02-03,-3144644.0614329753,2020-02-07,传媒,2020,6,0.08653846153846154
2020-02-10,399848.2805371498,2020-02-14,传媒,2020,7,0.5769230769230769
2020-02-17,1737740.1347525876,2020-02-21,传媒,2020,8,0.7596153846153846
2020-02-24,-403557.5661361407,2020-02-28,传媒,2020,9,0.4519230769230769
2020-03-02,455501.1747464899,2020-03-06,传媒,2020,10,0.6153846153846154
2020-03-09,-1131400.4009095882,2020-03-13,传媒,2020,11,0.3076923076923077
2020-03-16,-470549.2837349549,2020-03-20,传媒,2020,12,0.4423076923076923
2020-03-23,-1215590.1187490344,2020-03-27,传媒,2020,13,0.3076923076923077
2020-03-30,-4459593.753556144,2020-04-03,传媒,2020,14,0.009615384615384616
2020-04-06,-1729041.4853685026,2020-04-10,传媒,2020,15,0.25961538461538464
2020-04-13,86797.43148505513,2020-04-17,传媒,2020,16,0.5192307692307693
2020-04-20,-944021.6623147766,2020-04-24,传媒,2020,17,0.38461538461538464
2020-04-27,-1170995.3545016097,2020-05-01,传媒,2020,18,0.3173076923076923
2020-05-04,-48356.82090740366,2020-05-08,传媒,2020,19,0.5
2020-05-11,1879380.6967317103,2020-05-15,传媒,2020,20,0.7884615384615384
2020-05-18,1996472.6488627216,2020-05-22,传媒,2020,21,0.8173076923076923
2020-05-25,2232601.538502721,2020-05-29,传媒,2020,22,0.8269230769230769
2020-06-01,-2065489.2130352783,2020-06-05,传媒,2020,23,0.19230769230769232
2020-06-08,-1069073.3044051796,2020-06-12,传媒,2020,24,0.3557692307692308
2020-06-15,-2869129.9510239093,2020-06-19,传媒,2020,25,0.11538461538461539
2020-06-22,249127.6067714375,2020-06-26,传媒,2020,26,0.5576923076923077
2020-06-29,-5628181.163591309,2020-07-03,传媒,2020,27,0.0
2020-07-06,2414749.6147642257,2020-07-10,传媒,2020,28,0.8653846153846154
2020-07-13,1239643.1844304942,2020-07-17,传媒,2020,29,0.6826923076923077
2020-07-20,-1456816.0306022805,2020-07-24,传媒,2020,30,0.27884615384615385
2020-07-27,2620108.8872357234,2020-07-31,传媒,2020,31,0.8846153846153846
2020-08-03,498407.9062324655,2020-08-07,传媒,2020,32,0.625
2020-08-10,6919559.218433179,2020-08-14,传媒,2020,33,1.0
2020-08-17,-2461887.170004608,2020-08-21,传媒,2020,34,0.17307692307692307
2020-08-24,-2326076.5535980184,2020-08-28,传媒,2020,35,0.18269230769230768
2020-08-31,4192794.2739448054,2020-09-04,传媒,2020,36,0.9903846153846154
2020-09-07,-196504.47095478,2020-09-11,传媒,2020,37,0.47115384615384615
2020-09-14,577129.8607696737,2020-09-18,传媒,2020,38,0.6346153846153846
2020-09-21,-2470700.470638718,2020-09-25,传媒,2020,39,0.16346153846153846
2020-09-28,-499840.8157905207,2020-10-02,传媒,2020,40,0.41346153846153844
2020-10-05,1937629.7342030453,2020-10-09,传媒,2020,41,0.7788461538461539
2020-10-12,-3267152.2387546627,2020-10-16,传媒,2020,42,0.057692307692307696
2020-10-19,-1809733.207458595,2020-10-23,传媒,2020,43,0.2403846153846154
2020-10-26,-3885888.445369392,2020-10-30,传媒,2020,44,0.028846153846153848
2020-11-02,-436530.56447356706,2020-11-06,传媒,2020,45,0.4423076923076923
2020-11-09,1849514.4033566597,2020-11-13,传媒,2020,46,0.75
2020-11-16,-2754317.267130143,2020-11-20,传媒,2020,47,0.125
2020-11-23,2348943.4438832644,2020-11-27,传媒,2020,48,0.8461538461538461
2020-11-30,1338060.0829287851,2020-12-04,传媒,2020,49,0.6826923076923077
2020-12-07,-1791447.6583513822,2020-12-11,传媒,2020,50,0.25
2020-12-14,-2969028.8228035583,2020-12-18,传媒,2020,51,0.10576923076923077
2020-12-21,-2709922.7735726815,2020-12-25,传媒,2020,52,0.1346153846153846
2020-12-28,-1698877.5950345914,2021-01-01,传媒,2020,53,0.3076923076923077
2021-01-04,-4506181.999144905,2021-01-08,传媒,2021,1,0.009615384615384616
2021-01-11,1004838.2440238523,2021-01-15,传媒,2021,2,0.6538461538461539
2021-01-18,463390.4093621336,2021-01-22,传媒,2021,3,0.6057692307692307
2021-01-25,-696965.8560509806,2021-01-29,传媒,2021,4,0.41346153846153844
2021-02-01,-2544178.232843652,2021-02-05,传媒,2021,5,0.18269230769230768
2021-02-08,-540707.7861816199,2021-02-12,传媒,2021,6,0.4230769230769231
2021-02-15,-5044316.2843099255,2021-02-19,传媒,2021,7,0.009615384615384616
2021-02-22,-1513890.9057062776,2021-02-26,传媒,2021,8,0.3269230769230769
2021-03-01,-1393511.755278528,2021-03-05,传媒,2021,9,0.34615384615384615
2021-03-08,1671619.6207889917,2021-03-12,传媒,2021,10,0.7596153846153846
2021-03-15,-2105946.8858715184,2021-03-19,传媒,2021,11,0.22115384615384615
2021-03-22,-274858.99060016754,2021-03-26,传媒,2021,12,0.5192307692307693
2021-03-29,1338722.616157547,2021-04-02,传媒,2021,13,0.75
2021-04-05,-2126516.05101184,2021-04-09,传媒,2021,14,0.22115384615384615
2021-04-12,2039862.4718853706,2021-04-16,传媒,2021,15,0.8365384615384616
2021-04-19,2958793.261382076,2021-04-23,传媒,2021,16,0.9423076923076923
2021-04-26,1275279.887068445,2021-04-30,传媒,2021,17,0.7115384615384616
2021-05-03,220794.64671764226,2021-05-07,传媒,2021,18,0.5576923076923077
2021-05-10,2838551.997857487,2021-05-14,传媒,2021,19,0.9134615384615384
2021-05-17,-1188492.1450384008,2021-05-21,传媒,2021,20,0.3557692307692308
2021-05-24,-2542580.641058738,2021-05-28,传媒,2021,21,0.16346153846153846
2021-05-31,5155474.786681333,2021-06-04,传媒,2021,22,0.9903846153846154
2021-06-07,337775.9199251232,2021-06-11,传媒,2021,23,0.5865384615384616
2021-06-14,1099314.9270981492,2021-06-18,传媒,2021,24,0.6826923076923077
2021-06-21,-3754115.342684439,2021-06-25,传媒,2021,25,0.04807692307692308
2021-06-28,1174942.1929645296,2021-07-02,传媒,2021,26,0.6923076923076923
2021-07-05,219342.31112407544,2021-07-09,传媒,2021,27,0.5288461538461539
2021-07-12,2570335.783980692,2021-07-16,传媒,2021,28,0.8942307692307693
2021-07-19,2034811.6564097512,2021-07-23,传媒,2021,29,0.8173076923076923
2021-07-26,-1876449.7816833672,2021-07-30,传媒,2021,30,0.25
2021-08-02,1580292.3130057447,2021-08-06,传媒,2021,31,0.7307692307692307
2021-08-09,1889149.885774258,2021-08-13,传媒,2021,32,0.7980769230769231
2021-08-16,568363.7308926171,2021-08-20,传媒,2021,33,0.625
2021-08-23,705843.7016588598,2021-08-27,传媒,2021,34,0.6442307692307693
2021-08-30,2120395.5104047037,2021-09-03,传媒,2021,35,0.8461538461538461
2021-09-06,-3156992.0227758037,2021-09-10,传媒,2021,36,0.07692307692307693
2021-09-13,-782830.6629239145,2021-09-17,传媒,2021,37,0.41346153846153844
2021-09-20,-2413566.4269897523,2021-09-24,传媒,2021,38,0.18269230769230768
2021-09-27,3783897.705789154,2021-10-01,传媒,2021,39,0.9711538461538461
2021-10-04,-1941968.9137717145,2021-10-08,传媒,2021,40,0.25
2021-10-11,4699151.643537169,2021-10-15,传媒,2021,41,0.9807692307692307
2021-10-18,-1566428.4246689742,2021-10-22,传媒,2021,42,0.3173076923076923
2021-10-25,-5125825.979345701,2021-10-29,传媒,2021,43,0.009615384615384616
2021-11-01,-4718771.70002586,2021-11-05,传媒,2021,44,0.028846153846153848
2021-11-08,114050.31770848599,2021-11-12,传媒,2021,45,0.5480769230769231
2021-11-15,-1910162.1939110607,2021-11-19,传媒,2021,46,0.25961538461538464
2021-11-22,2372924.521286749,2021-11-26,传媒,2021,47,0.8846153846153846
2021-11-29,2031885.1731464015,2021-12-03,传媒,2021,48,0.8269230769230769
2021-12-06,-2690086.1738076457,2021-12-10,传媒,2021,49,0.14423076923076922
2021-12-13,-4645489.182367429,2021-12-17,传媒,2021,50,0.038461538461538464
2021-12-20,1453044.753782003,2021-12-24,传媒,2021,51,0.75
2021-12-27,-1300738.9041858423,2021-12-31,传媒,2021,52,0.36538461538461536
2022-01-03,2339976.3713194104,2022-01-07,传媒,2022,1,0.875
2022-01-10,-1775735.367502452,2022-01-14,传媒,2022,2,0.2980769230769231
2022-01-17,-474471.41593532637,2022-01-21,传媒,2022,3,0.4807692307692308
2022-01-24,-18357.25284999539,2022-01-28,传媒,2022,4,0.5480769230769231
2022-01-31,-1515895.8792397648,2022-02-04,传媒,2022,5,0.33653846153846156
2022-02-07,-613437.4266830661,2022-02-11,传媒,2022,6,0.4519230769230769
2022-02-14,-3117538.822753099,2022-02-18,传媒,2022,7,0.10576923076923077
2022-02-21,1409703.082819871,2022-02-25,传媒,2022,8,0.75
2022-02-28,2544707.5594179267,2022-03-04,传媒,2022,9,0.9134615384615384
2022-03-07,-4939221.533014693,2022-03-11,传媒,2022,10,0.028846153846153848
2022-03-14,918198.0027459518,2022-03-18,传媒,2022,11,0.6634615384615384
2022-03-21,-1550206.0477829103,2022-03-25,传媒,2022,12,0.34615384615384615
2022-03-28,134531.40051163489,2022-04-01,传媒,2022,13,0.5673076923076923
2022-04-04,167108.33205549582,2022-04-08,传媒,2022,14,0.5673076923076923
2022-04-11,1968172.0554786138,2022-04-15,传媒,2022,15,0.8076923076923077
2022-04-18,-2411313.4006637293,2022-04-22,传媒,2022,16,0.21153846153846154
2022-04-25,-431242.4818903324,2022-04-29,传媒,2022,17,0.49038461538461536
2022-05-02,-5385352.136276234,2022-05-06,传媒,2022,18,0.009615384615384616
2022-05-09,-2089094.9919778476,2022-05-13,传媒,2022,19,0.25961538461538464
2022-05-16,695199.1709243843,2022-05-20,传媒,2022,20,0.6442307692307693
2022-05-23,2113058.5382407885,2022-05-27,传媒,2022,21,0.8461538461538461
2022-05-30,-772952.2006000174,2022-06-03,传媒,2022,22,0.4423076923076923
2022-06-06,-1579895.3035890693,2022-06-10,传媒,2022,23,0.33653846153846156
2022-06-13,-2515154.6379518714,2022-06-17,传媒,2022,24,0.19230769230769232
2022-06-20,3320753.9843233903,2022-06-24,传媒,2022,25,0.9519230769230769
2022-06-27,-3408552.0410414604,2022-07-01,传媒,2022,26,0.09615384615384616
2022-07-04,1619222.0033520686,2022-07-08,传媒,2022,27,0.7596153846153846
2022-07-11,-1432572.0480177798,2022-07-15,传媒,2022,28,0.3942307692307692
2022-07-18,1343609.8589118733,2022-07-22,传媒,2022,29,0.7307692307692307
2022-07-25,2164785.5088657695,2022-07-29,传媒,2022,30,0.8653846153846154
2022-08-01,-1272849.7627971957,2022-08-05,传媒,2022,31,0.41346153846153844
2022-08-08,-676549.3842290072,2022-08-12,传媒,2022,32,0.46153846153846156
2022-08-15,309062.92052347155,2022-08-19,传媒,2022,33,0.6057692307692307
2022-08-22,-1026812.1479385598,2022-08-26,传媒,2022,34,0.4230769230769231
2022-08-29,-882678.7955060946,2022-09-02,传媒,2022,35,0.4230769230769231
2022-09-05,3271695.3102298263,2022-09-09,传媒,2022,36,0.9615384615384616
2022-09-12,1539763.3177783072,2022-09-16,传媒,2022,37,0.7596153846153846
2022-09-19,-1823617.7346488794,2022-09-23,传媒,2022,38,0.27884615384615385
2022-09-26,-1055255.6472307984,2022-09-30,传媒,2022,39,0.41346153846153844
2022-10-03,-767301.7287589997,2022-10-07,传媒,2022,40,0.46153846153846156
2022-10-10,470006.17532985134,2022-10-14,传媒,2022,41,0.6346153846153846
2022-10-17,591155.2698089214,2022-10-21,传媒,2022,42,0.6442307692307693
2022-10-24,-2977780.5544820493,2022-10-28,传媒,2022,43,0.11538461538461539
2022-10-31,739813.4590562421,2022-11-04,传媒,2022,44,0.6634615384615384
2022-11-07,2785433.025363245,2022-11-11,传媒,2022,45,0.9326923076923077
2022-11-14,3720604.821853831,2022-11-18,传媒,2022,46,0.9711538461538461
2022-11-21,1223062.5041663945,2022-11-25,传媒,2022,47,0.6923076923076923
2022-11-28,2734912.6649442553,2022-12-02,传媒,2022,48,0.9134615384615384
2022-12-05,310678.52041128394,2022-12-09,传媒,2022,49,0.5769230769230769
2022-12-12,-3260772.3609925737,2022-12-16,传媒,2022,50,0.08653846153846154
2022-12-19,846341.2818964531,2022-12-23,传媒,2022,51,0.6538461538461539
2022-12-26,-2610943.7207400594,2022-12-30,传媒,2022,52,0.1346153846153846
2023-01-02,777290.8368014542,2023-01-06,传媒,2023,1,0.6442307692307693
2023-01-09,1205022.3097658833,2023-01-13,传媒,2023,2,0.6923076923076923
2023-01-16,1901045.690166433,2023-01-20,传媒,2023,3,0.7980769230769231
2023-01-23,2884638.5057186643,2023-01-27,传媒,2023,4,0.9326923076923077
2023-01-30,1109583.8237781865,2023-02-03,传媒,2023,5,0.6538461538461539
2023-02-06,2884874.310766104,2023-02-10,传媒,2023,6,0.9326923076923077
2023-02-13,1229992.5663548675,2023-02-17,传媒,2023,7,0.6730769230769231
2023-02-20,639808.4465780889,2023-02-24,传媒,2023,8,0.5576923076923077
2023-02-27,2053076.2068949435,2023-03-03,传媒,2023,9,0.8173076923076923
2023-03-06,-1244953.5748250133,2023-03-10,传媒,2023,10,0.3076923076923077
2023-03-13,1965343.5677691924,2023-03-17,传媒,2023,11,0.7692307692307693
2023-03-20,-1976854.3909522053,2023-03-24,传媒,2023,12,0.18269230769230768
2023-03-27,1464588.3794599196,2023-03-31,传媒,2023,13,0.7115384615384616
2023-04-03,-1546753.6652157952,2023-04-07,传媒,2023,14,0.2692307692307692
2023-04-10,761928.1879534345,2023-04-14,传媒,2023,15,0.5769230769230769
2023-04-17,-2195099.2152516902,2023-04-21,传媒,2023,16,0.16346153846153846
2023-04-24,-1495012.5603455894,2023-04-28,传媒,2023,17,0.28846153846153844
2023-05-01,-1941623.409869656,2023-05-05,传媒,2023,18,0.20192307692307693
2023-05-08,-956536.1014932395,2023-05-12,传媒,2023,19,0.375
2023-05-15,-4448414.001803479,2023-05-19,传媒,2023,20,0.04807692307692308
2023-05-22,4242155.953163949,2023-05-26,传媒,2023,21,0.9807692307692307
2023-05-29,1151408.1627481342,2023-06-02,传媒,2023,22,0.6538461538461539
2023-06-05,-627434.2818119468,2023-06-09,传媒,2023,23,0.4230769230769231
2023-06-12,-1398752.3860195354,2023-06-16,传媒,2023,24,0.3173076923076923
2023-06-19,2556126.314867353,2023-06-23,传媒,2023,25,0.8942307692307693
2023-06-26,-119608.7962952794,2023-06-30,传媒,2023,26,0.46153846153846156
2023-07-03,1190884.685092077,2023-07-07,传媒,2023,27,0.6634615384615384
2023-07-10,1019512.5283836786,2023-07-14,传媒,2023,28,0.6346153846153846
2023-07-17,591793.9713135435,2023-07-21,传媒,2023,29,0.5576923076923077
2023-07-24,1441106.3622965459,2023-07-28,传媒,2023,30,0.7307692307692307
2023-07-31,1412402.721221184,2023-08-04,传媒,2023,31,0.7211538461538461
2023-08-07,-2297161.1598543962,2023-08-11,传媒,2023,32,0.15384615384615385
2023-08-14,-2188358.7517312705,2023-08-18,传媒,2023,33,0.17307692307692307
2023-08-21,-656185.3453627005,2023-08-25,传媒,2023,34,0.4326923076923077
2023-08-28,43164.96797727584,2023-09-01,传媒,2023,35,0.5
2023-09-04,-3673437.5171490507,2023-09-08,传媒,2023,36,0.057692307692307696
2023-09-11,-1487621.3389030115,2023-09-15,传媒,2023,37,0.3076923076923077
2023-09-18,545261.4708386902,2023-09-22,传媒,2023,38,0.5673076923076923
2023-09-25,-3341456.9825939657,2023-09-29,传媒,2023,39,0.07692307692307693
2023-10-02,430390.1654590479,2023-10-06,传媒,2023,40,0.5576923076923077
2023-10-09,380449.72621665424,2023-10-13,传媒,2023,41,0.5480769230769231
2023-10-16,1323539.865408226,2023-10-20,传媒,2023,42,0.7403846153846154
2023-10-23,-33348.3010265295,2023-10-27,传媒,2023,43,0.47115384615384615
2023-10-30,-103892.98267944163,2023-11-03,传媒,2023,44,0.46153846153846156
2023-11-06,-724859.8759067056,2023-11-10,传媒,2023,45,0.38461538461538464
2023-11-13,2145539.9225462833,2023-11-17,传媒,2023,46,0.875
2023-11-20,722594.784537633,2023-11-24,传媒,2023,47,0.6057692307692307
2023-11-27,1565749.1531853843,2023-12-01,传媒,2023,48,0.8076923076923077
2023-12-04,-3548790.0740931546,2023-12-08,传媒,2023,49,0.04807692307692308
2023-12-11,-485868.17817956826,2023-12-15,传媒,2023,50,0.4230769230769231
2023-12-18,-2495666.5261224206,2023-12-22,传媒,2023,51,0.11538461538461539
2023-12-25,-1664605.1901080902,2023-12-29,传媒,2023,52,0.21153846153846154
2024-01-01,-4828574.798089502,2024-01-05,传媒,2024,1,0.019230769230769232
2024-01-08,1455794.1791434577,2024-01-12,传媒,2024,2,0.7980769230769231
2024-01-15,2085508.2436729458,2024-01-19,传媒,2024,3,0.875
2024-01-22,-4706474.230053782,2024-01-26,传媒,2024,4,0.028846153846153848
2024-01-29,-4578773.0575800575,2024-02-02,传媒,2024,5,0.038461538461538464
2024-02-05,-3064785.629744399,2024-02-09,传媒,2024,6,0.11538461538461539
2024-02-12,-110033.187683586,2024-02-16,传媒,2024,7,0.46153846153846156
2024-02-19,-1923380.8582195078,2024-02-23,传媒,2024,8,0.22115384615384615
2024-02-26,2741579.52760462,2024-03-01,传媒,2024,9,0.9326923076923077
2024-03-04,2953856.652471361,2024-03-08,传媒,2024,10,0.9615384615384616
2024-03-11,3103509.4176212987,2024-03-15,传媒,2024,11,0.9615384615384616
2024-03-18,2301060.234875748,2024-03-22,传媒,2024,12,0.8846153846153846
2024-03-25,1636469.371517132,2024-03-29,传媒,2024,13,0.7980769230769231
2024-04-01,-2072550.8891766085,2024-04-05,传媒,2024,14,0.19230769230769232
2024-04-08,-648474.20210169,2024-04-12,传媒,2024,15,0.41346153846153844
2024-04-15,3733970.4721314125,2024-04-19,传媒,2024,16,0.9903846153846154
2024-04-22,-1407246.7572179008,2024-04-26,传媒,2024,17,0.28846153846153844
2024-04-29,2555158.553193114,2024-05-03,传媒,2024,18,0.875
2024-05-06,-671785.5695389938,2024-05-10,传媒,2024,19,0.3942307692307692
2024-05-13,2693244.3318528514,2024-05-17,传媒,2024,20,0.8846153846153846
2024-05-20,-4652069.680792438,2024-05-24,传媒,2024,21,0.019230769230769232
2024-05-27,1235343.2788324738,2024-05-31,传媒,2024,22,0.6923076923076923
2024-06-03,-2067498.1479844109,2024-06-07,传媒,2024,23,0.18269230769230768
2024-06-10,514998.72897406295,2024-06-14,传媒,2024,24,0.5288461538461539
2024-06-17,566723.8004021874,2024-06-21,传媒,2024,25,0.5384615384615384
2024-06-24,-53811.59380592962,2024-06-28,传媒,2024,26,0.4519230769230769
2024-07-01,298126.50521323597,2024-07-05,传媒,2024,27,0.47115384615384615
2024-07-08,-730957.5837544401,2024-07-12,传媒,2024,28,0.34615384615384615
2024-07-15,1229606.79253169,2024-07-19,传媒,2024,29,0.6923076923076923
2024-07-22,-2565153.455197757,2024-07-26,传媒,2024,30,0.11538461538461539
2024-07-29,-3350700.574576807,2024-07-31,传媒,2024,31,0.0673076923076923
2018-01-01,-2447672.686432505,2018-01-05,公用事业,2018,1,
2018-01-08,3611867.3334063226,2018-01-12,公用事业,2018,2,1.0
2018-01-15,1028671.0175733443,2018-01-19,公用事业,2018,3,0.5
2018-01-22,526860.7488328421,2018-01-26,公用事业,2018,4,0.3333333333333333
2018-01-29,-3029780.717685563,2018-02-02,公用事业,2018,5,0.0
2018-02-05,4862657.869174517,2018-02-09,公用事业,2018,6,1.0
2018-02-12,-2648741.658969936,2018-02-16,公用事业,2018,7,0.16666666666666666
2018-02-19,-2176036.462357933,2018-02-23,公用事业,2018,8,0.42857142857142855
2018-02-26,2543057.24988411,2018-03-02,公用事业,2018,9,0.75
2018-03-05,802239.2418215662,2018-03-09,公用事业,2018,10,0.5555555555555556
2018-03-12,-1913705.5339236036,2018-03-16,公用事业,2018,11,0.4
2018-03-19,-2704573.67635088,2018-03-23,公用事业,2018,12,0.09090909090909091
2018-03-26,-3070383.9550637673,2018-03-30,公用事业,2018,13,0.0
2018-04-02,2785244.4231474,2018-04-06,公用事业,2018,14,0.8461538461538461
2018-04-09,-77173.29914543772,2018-04-13,公用事业,2018,15,0.5
2018-04-16,630167.7553579438,2018-04-20,公用事业,2018,16,0.6
2018-04-23,-1438465.4100158243,2018-04-27,公用事业,2018,17,0.4375
2018-04-30,1325906.5401995853,2018-05-04,公用事业,2018,18,0.7647058823529411
2018-05-07,-6784.180002402165,2018-05-11,公用事业,2018,19,0.5
2018-05-14,5688675.181068588,2018-05-18,公用事业,2018,20,1.0
2018-05-21,969591.8643927237,2018-05-25,公用事业,2018,21,0.65
2018-05-28,-5471907.2931214785,2018-06-01,公用事业,2018,22,0.0
2018-06-04,737688.6392338867,2018-06-08,公用事业,2018,23,0.5909090909090909
2018-06-11,-1599572.8358075565,2018-06-15,公用事业,2018,24,0.34782608695652173
2018-06-18,2125485.1664486565,2018-06-22,公用事业,2018,25,0.7916666666666666
2018-06-25,-1159028.4860306652,2018-06-29,公用事业,2018,26,0.4
2018-07-02,1083584.4237425562,2018-07-06,公用事业,2018,27,0.7307692307692307
2018-07-09,-3769978.7973404257,2018-07-13,公用事业,2018,28,0.037037037037037035
2018-07-16,2745130.951321791,2018-07-20,公用事业,2018,29,0.8571428571428571
2018-07-23,1492918.862650533,2018-07-27,公用事业,2018,30,0.7586206896551724
2018-07-30,2299764.0640273145,2018-08-03,公用事业,2018,31,0.8
2018-08-06,-273285.87914527406,2018-08-10,公用事业,2018,32,0.3870967741935484
2018-08-13,-2040576.574465814,2018-08-17,公用事业,2018,33,0.25
2018-08-20,187994.95122983272,2018-08-24,公用事业,2018,34,0.48484848484848486
2018-08-27,-1824399.7203573184,2018-08-31,公用事业,2018,35,0.29411764705882354
2018-09-03,722751.060924557,2018-09-07,公用事业,2018,36,0.5714285714285714
2018-09-10,-2896940.2848584573,2018-09-14,公用事业,2018,37,0.1111111111111111
2018-09-17,1641202.552312251,2018-09-21,公用事业,2018,38,0.7837837837837838
2018-09-24,-380097.3084692084,2018-09-28,公用事业,2018,39,0.39473684210526316
2018-10-01,437100.5371239005,2018-10-05,公用事业,2018,40,0.5128205128205128
2018-10-08,2625306.127712611,2018-10-12,公用事业,2018,41,0.875
2018-10-15,-586463.045526277,2018-10-19,公用事业,2018,42,0.36585365853658536
2018-10-22,1846407.0418651213,2018-10-26,公用事业,2018,43,0.7857142857142857
2018-10-29,2710095.950845208,2018-11-02,公用事业,2018,44,0.8837209302325582
2018-11-05,-1107960.374924627,2018-11-09,公用事业,2018,45,0.3409090909090909
2018-11-12,1697924.5198178473,2018-11-16,公用事业,2018,46,0.7555555555555555
2018-11-19,-853878.7034329199,2018-11-23,公用事业,2018,47,0.34782608695652173
2018-11-26,-3148680.710414417,2018-11-30,公用事业,2018,48,0.0425531914893617
2018-12-03,-1527210.6092282385,2018-12-07,公用事业,2018,49,0.2916666666666667
2018-12-10,2547139.960067434,2018-12-14,公用事业,2018,50,0.8571428571428571
2018-12-17,-2446136.199335912,2018-12-21,公用事业,2018,51,0.18
2018-12-24,3475931.8836766705,2018-12-28,公用事业,2018,52,0.9411764705882353
2018-12-31,1318748.2369628546,2019-01-04,公用事业,2018,1,0.6730769230769231
2019-01-07,-326184.7051010381,2019-01-11,公用事业,2019,2,0.41509433962264153
2019-01-14,2547332.7517511817,2019-01-18,公用事业,2019,3,0.8518518518518519
2019-01-21,-2569329.218654843,2019-01-25,公用事业,2019,4,0.14545454545454545
2019-01-28,1706364.029901586,2019-02-01,公用事业,2019,5,0.75
2019-02-04,-557954.8895156402,2019-02-08,公用事业,2019,6,0.38596491228070173
2019-02-11,1900355.6714742137,2019-02-15,公用事业,2019,7,0.7758620689655172
2019-02-18,2885607.36918466,2019-02-22,公用事业,2019,8,0.9322033898305084
2019-02-25,948094.5003126406,2019-03-01,公用事业,2019,9,0.5833333333333334
2019-03-04,-2891367.6292763664,2019-03-08,公用事业,2019,10,0.09836065573770492
2019-03-11,1941190.8574996763,2019-03-15,公用事业,2019,11,0.7741935483870968
2019-03-18,302242.02441373514,2019-03-22,公用事业,2019,12,0.47619047619047616
2019-03-25,2008364.8412814932,2019-03-29,公用事业,2019,13,0.78125
2019-04-01,-1497690.0125298686,2019-04-05,公用事业,2019,14,0.27692307692307694
2019-04-08,-2423148.7090908648,2019-04-12,公用事业,2019,15,0.18181818181818182
2019-04-15,-3633696.948604053,2019-04-19,公用事业,2019,16,0.029850746268656716
2019-04-22,-4172814.7420414714,2019-04-26,公用事业,2019,17,0.014705882352941176
2019-04-29,4969882.102919011,2019-05-03,公用事业,2019,18,0.9855072463768116
2019-05-06,-1439816.8607636765,2019-05-10,公用事业,2019,19,0.3142857142857143
2019-05-13,-4213.428300501895,2019-05-17,公用事业,2019,20,0.4788732394366197
2019-05-20,457730.72258386214,2019-05-24,公用事业,2019,21,0.5277777777777778
2019-05-27,3478699.9330334514,2019-05-31,公用事业,2019,22,0.9452054794520548
2019-06-03,3481110.9162588147,2019-06-07,公用事业,2019,23,0.9459459459459459
2019-06-10,1373148.092989278,2019-06-14,公用事业,2019,24,0.6666666666666666
2019-06-17,-449229.5894440543,2019-06-21,公用事业,2019,25,0.3815789473684211
2019-06-24,3301699.0585149326,2019-06-28,公用事业,2019,26,0.9090909090909091
2019-07-01,1945052.603610688,2019-07-05,公用事业,2019,27,0.7564102564102564
2019-07-08,130097.68079122616,2019-07-12,公用事业,2019,28,0.45569620253164556
2019-07-15,-538584.8548782484,2019-07-19,公用事业,2019,29,0.3625
2019-07-22,907586.0027118493,2019-07-26,公用事业,2019,30,0.5802469135802469
2019-07-29,-596759.0787102245,2019-08-02,公用事业,2019,31,0.32926829268292684
2019-08-05,-2841499.7776049706,2019-08-09,公用事业,2019,32,0.10843373493975904
2019-08-12,-1480268.0577075668,2019-08-16,公用事业,2019,33,0.27380952380952384
2019-08-19,183212.66196509916,2019-08-23,公用事业,2019,34,0.4823529411764706
2019-08-26,969163.5858932541,2019-08-30,公用事业,2019,35,0.6162790697674418
2019-09-02,1049405.2228515889,2019-09-06,公用事业,2019,36,0.6436781609195402
2019-09-09,-4992523.308084721,2019-09-13,公用事业,2019,37,0.011363636363636364
2019-09-16,-2469232.654283828,2019-09-20,公用事业,2019,38,0.15730337078651685
2019-09-23,-359770.62355071434,2019-09-27,公用事业,2019,39,0.4111111111111111
2019-09-30,133902.03633977717,2019-10-04,公用事业,2019,40,0.4835164835164835
2019-10-07,-55278.521628960734,2019-10-11,公用事业,2019,41,0.44565217391304346
2019-10-14,-3844066.665047711,2019-10-18,公用事业,2019,42,0.03225806451612903
2019-10-21,1261666.8126285323,2019-10-25,公用事业,2019,43,0.6808510638297872
2019-10-28,-2339561.4189019194,2019-11-01,公用事业,2019,44,0.2
2019-11-04,1444852.7993063205,2019-11-08,公用事业,2019,45,0.71875
2019-11-11,1983665.6538137798,2019-11-15,公用事业,2019,46,0.8041237113402062
2019-11-18,1089312.0655552861,2019-11-22,公用事业,2019,47,0.6632653061224489
2019-11-25,-717358.3375768716,2019-11-29,公用事业,2019,48,0.3333333333333333
2019-12-02,1108655.6149131944,2019-12-06,公用事业,2019,49,0.67
2019-12-09,-904435.1614039866,2019-12-13,公用事业,2019,50,0.31683168316831684
2019-12-16,3276674.1708764825,2019-12-20,公用事业,2019,51,0.9215686274509803
2019-12-23,3274169.529773592,2019-12-27,公用事业,2019,52,0.912621359223301
2019-12-30,-2015261.1879439557,2020-01-03,公用事业,2019,1,0.21153846153846154
2020-01-06,408563.3383345216,2020-01-10,公用事业,2020,2,0.5096153846153846
2020-01-13,1193986.1375699807,2020-01-17,公用事业,2020,3,0.6730769230769231
2020-01-20,-2392579.208112492,2020-01-24,公用事业,2020,4,0.17307692307692307
2020-01-27,2657645.525995397,2020-01-31,公用事业,2020,5,0.875
2020-02-03,1450206.8843634091,2020-02-07,公用事业,2020,6,0.7115384615384616
2020-02-10,357826.7426597019,2020-02-14,公用事业,2020,7,0.5096153846153846
2020-02-17,-1980395.2838706197,2020-02-21,公用事业,2020,8,0.20192307692307693
2020-02-24,1485599.6845888668,2020-02-28,公用事业,2020,9,0.7211538461538461
2020-03-02,-1268828.3702342757,2020-03-06,公用事业,2020,10,0.27884615384615385
2020-03-09,552444.0090875939,2020-03-13,公用事业,2020,11,0.5480769230769231
2020-03-16,-686746.922621304,2020-03-20,公用事业,2020,12,0.3269230769230769
2020-03-23,2559477.0525525934,2020-03-27,公用事业,2020,13,0.8653846153846154
2020-03-30,-5875155.752720211,2020-04-03,公用事业,2020,14,0.0
2020-04-06,396715.5337323551,2020-04-10,公用事业,2020,15,0.5096153846153846
2020-04-13,227145.5770186059,2020-04-17,公用事业,2020,16,0.4807692307692308
2020-04-20,1798624.6888720195,2020-04-24,公用事业,2020,17,0.7692307692307693
2020-04-27,-3884455.073790522,2020-05-01,公用事业,2020,18,0.038461538461538464
2020-05-04,-447966.1482352426,2020-05-08,公用事业,2020,19,0.375
2020-05-11,-101231.43663180096,2020-05-15,公用事业,2020,20,0.4230769230769231
2020-05-18,2340285.8056849893,2020-05-22,公用事业,2020,21,0.8557692307692307
2020-05-25,1871474.6624730565,2020-05-29,公用事业,2020,22,0.7788461538461539
2020-06-01,-789436.8792905589,2020-06-05,公用事业,2020,23,0.2980769230769231
2020-06-08,-3020630.17726405,2020-06-12,公用事业,2020,24,0.07692307692307693
2020-06-15,1672269.3925869297,2020-06-19,公用事业,2020,25,0.7307692307692307
2020-06-22,2734762.937955586,2020-06-26,公用事业,2020,26,0.9134615384615384
2020-06-29,-257498.47373504564,2020-07-03,公用事业,2020,27,0.41346153846153844
2020-07-06,-1029227.3103892267,2020-07-10,公用事业,2020,28,0.2692307692307692
2020-07-13,-1697056.6550687193,2020-07-17,公用事业,2020,29,0.20192307692307693
2020-07-20,533203.5770987967,2020-07-24,公用事业,2020,30,0.5673076923076923
2020-07-27,-2755560.3137095054,2020-07-31,公用事业,2020,31,0.10576923076923077
2020-08-03,113012.03459449107,2020-08-07,公用事业,2020,32,0.47115384615384615
2020-08-10,5401.174949328328,2020-08-14,公用事业,2020,33,0.46153846153846156
2020-08-17,3742817.2370975763,2020-08-21,公用事业,2020,34,0.9903846153846154
2020-08-24,-164268.72699526278,2020-08-28,公用事业,2020,35,0.4230769230769231
2020-08-31,3019232.913512397,2020-09-04,公用事业,2020,36,0.9230769230769231
2020-09-07,928622.5335078208,2020-09-11,公用事业,2020,37,0.5961538461538461
2020-09-14,3138036.5273823435,2020-09-18,公用事业,2020,38,0.9230769230769231
2020-09-21,538106.3178239175,2020-09-25,公用事业,2020,39,0.5673076923076923
2020-09-28,2130517.966867983,2020-10-02,公用事业,2020,40,0.8173076923076923
2020-10-05,1896772.1353570903,2020-10-09,公用事业,2020,41,0.7596153846153846
2020-10-12,691161.9658673555,2020-10-16,公用事业,2020,42,0.5673076923076923
2020-10-19,3081097.732058983,2020-10-23,公用事业,2020,43,0.9134615384615384
2020-10-26,-1398443.5063755668,2020-10-30,公用事业,2020,44,0.23076923076923078
2020-11-02,-2824856.85037108,2020-11-06,公用事业,2020,45,0.09615384615384616
2020-11-09,4906709.966392698,2020-11-13,公用事业,2020,46,0.9903846153846154
2020-11-16,1328493.7594550406,2020-11-20,公用事业,2020,47,0.6730769230769231
2020-11-23,-72683.72102328108,2020-11-27,公用事业,2020,48,0.40384615384615385
2020-11-30,798183.5022682169,2020-12-04,公用事业,2020,49,0.5673076923076923
2020-12-07,1427963.2620843328,2020-12-11,公用事业,2020,50,0.6826923076923077
2020-12-14,-369347.3603618437,2020-12-18,公用事业,2020,51,0.33653846153846156
2020-12-21,-288389.9121188406,2020-12-25,公用事业,2020,52,0.3557692307692308
2020-12-28,-182470.42172285053,2021-01-01,公用事业,2020,53,0.375
2021-01-04,1412077.0244795515,2021-01-08,公用事业,2021,1,0.6923076923076923
2021-01-11,-2094473.6830044333,2021-01-15,公用事业,2021,2,0.15384615384615385
2021-01-18,260963.01488428144,2021-01-22,公用事业,2021,3,0.49038461538461536
2021-01-25,3465616.824915407,2021-01-29,公用事业,2021,4,0.9519230769230769
2021-02-01,-2123996.9207472624,2021-02-05,公用事业,2021,5,0.14423076923076922
2021-02-08,-2765525.171091809,2021-02-12,公用事业,2021,6,0.09615384615384616
2021-02-15,2699189.462164273,2021-02-19,公用事业,2021,7,0.8653846153846154
2021-02-22,-1400732.6347319772,2021-02-26,公用事业,2021,8,0.23076923076923078
2021-03-01,354436.22915310005,2021-03-05,公用事业,2021,9,0.5192307692307693
2021-03-08,-3015620.358552887,2021-03-12,公用事业,2021,10,0.0673076923076923
2021-03-15,-1186629.9147666553,2021-03-19,公用事业,2021,11,0.25961538461538464
2021-03-22,-1276670.4826848558,2021-03-26,公用事业,2021,12,0.25
2021-03-29,2669275.327816748,2021-04-02,公用事业,2021,13,0.8653846153846154
2021-04-05,472795.08716944815,2021-04-09,公用事业,2021,14,0.5673076923076923
2021-04-12,1019788.5558532861,2021-04-16,公用事业,2021,15,0.6442307692307693
2021-04-19,3069027.4206881374,2021-04-23,公用事业,2021,16,0.8942307692307693
2021-04-26,1094015.2215712506,2021-04-30,公用事业,2021,17,0.6538461538461539
2021-05-03,-1287683.9688868823,2021-05-07,公用事业,2021,18,0.21153846153846154
2021-05-10,-971617.7942350034,2021-05-14,公用事业,2021,19,0.25
2021-05-17,2277445.1056085858,2021-05-21,公用事业,2021,20,0.8269230769230769
2021-05-24,4703069.090529246,2021-05-28,公用事业,2021,21,0.9903846153846154
2021-05-31,2328572.5702162636,2021-06-04,公用事业,2021,22,0.8269230769230769
2021-06-07,1415815.42204677,2021-06-11,公用事业,2021,23,0.7115384615384616
2021-06-14,2505273.9031846,2021-06-18,公用事业,2021,24,0.8461538461538461
2021-06-21,-623828.6818118044,2021-06-25,公用事业,2021,25,0.2980769230769231
2021-06-28,-1163307.7924039327,2021-07-02,公用事业,2021,26,0.2403846153846154
2021-07-05,-4724106.39377669,2021-07-09,公用事业,2021,27,0.019230769230769232
2021-07-12,197181.02604820306,2021-07-16,公用事业,2021,28,0.4807692307692308
2021-07-19,-2343686.1022298,2021-07-23,公用事业,2021,29,0.125
2021-07-26,1284737.334466226,2021-07-30,公用事业,2021,30,0.6923076923076923
2021-08-02,245491.33842008392,2021-08-06,公用事业,2021,31,0.49038461538461536
2021-08-09,566646.5601295833,2021-08-13,公用事业,2021,32,0.5769230769230769
2021-08-16,502886.6940625226,2021-08-20,公用事业,2021,33,0.5384615384615384
2021-08-23,-2154592.6476850226,2021-08-27,公用事业,2021,34,0.1346153846153846
2021-08-30,-3505469.671338157,2021-09-03,公用事业,2021,35,0.04807692307692308
2021-09-06,3799001.885332315,2021-09-10,公用事业,2021,36,0.9807692307692307
2021-09-13,-1214597.0735462173,2021-09-17,公用事业,2021,37,0.2403846153846154
2021-09-20,-561896.672597202,2021-09-24,公用事业,2021,38,0.3269230769230769
2021-09-27,1011778.83754033,2021-10-01,公用事业,2021,39,0.6153846153846154
2021-10-04,-2671979.638821475,2021-10-08,公用事业,2021,40,0.09615384615384616
2021-10-11,-2500852.5260921605,2021-10-15,公用事业,2021,41,0.10576923076923077
2021-10-18,1258090.4221531646,2021-10-22,公用事业,2021,42,0.6634615384615384
2021-10-25,1984351.2769629452,2021-10-29,公用事业,2021,43,0.7980769230769231
2021-11-01,-831530.5439630155,2021-11-05,公用事业,2021,44,0.28846153846153844
2021-11-08,3475299.2454114137,2021-11-12,公用事业,2021,45,0.9615384615384616
2021-11-15,-901590.5231569991,2021-11-19,公用事业,2021,46,0.28846153846153844
2021-11-22,-1759794.9566705937,2021-11-26,公用事业,2021,47,0.17307692307692307
2021-11-29,409771.0625756033,2021-12-03,公用事业,2021,48,0.5288461538461539
2021-12-06,-2537498.973196515,2021-12-10,公用事业,2021,49,0.09615384615384616
2021-12-13,834503.2818919418,2021-12-17,公用事业,2021,50,0.6153846153846154
2021-12-20,-238234.49514189066,2021-12-24,公用事业,2021,51,0.3942307692307692
2021-12-27,-848134.4551438957,2021-12-31,公用事业,2021,52,0.3076923076923077
2022-01-03,1656512.3254326158,2022-01-07,公用事业,2022,1,0.7596153846153846
2022-01-10,1063310.1164606258,2022-01-14,公用事业,2022,2,0.6538461538461539
2022-01-17,-2460005.2974532056,2022-01-21,公用事业,2022,3,0.11538461538461539
2022-01-24,-513701.268530301,2022-01-28,公用事业,2022,4,0.3557692307692308
2022-01-31,1612051.2117979098,2022-02-04,公用事业,2022,5,0.7596153846153846
2022-02-07,2876871.130800663,2022-02-11,公用事业,2022,6,0.9038461538461539
2022-02-14,4555.086281385235,2022-02-18,公用事业,2022,7,0.4519230769230769
2022-02-21,-1098977.3757762697,2022-02-25,公用事业,2022,8,0.25961538461538464
2022-02-28,754023.1097152593,2022-03-04,公用事业,2022,9,0.6153846153846154
2022-03-07,3252313.5660597524,2022-03-11,公用事业,2022,10,0.9423076923076923
2022-03-14,-5688753.808130443,2022-03-18,公用事业,2022,11,0.009615384615384616
2022-03-21,-3148155.2430261252,2022-03-25,公用事业,2022,12,0.04807692307692308
2022-03-28,707590.1086000053,2022-04-01,公用事业,2022,13,0.6057692307692307
2022-04-04,-493829.84426422766,2022-04-08,公用事业,2022,14,0.3557692307692308
2022-04-11,1494494.0189882163,2022-04-15,公用事业,2022,15,0.7403846153846154
2022-04-18,-3037446.1797383893,2022-04-22,公用事业,2022,16,0.04807692307692308
2022-04-25,2754665.6494688615,2022-04-29,公用事业,2022,17,0.8846153846153846
2022-05-02,1788842.7437997276,2022-05-06,公用事业,2022,18,0.7692307692307693
2022-05-09,2030220.3301706633,2022-05-13,公用事业,2022,19,0.7980769230769231
2022-05-16,1139083.84526637,2022-05-20,公用事业,2022,20,0.6538461538461539
2022-05-23,306254.47440570255,2022-05-27,公用事业,2022,21,0.49038461538461536
2022-05-30,4305294.7368537765,2022-06-03,公用事业,2022,22,0.9807692307692307
2022-06-06,-1606579.5519110118,2022-06-10,公用事业,2022,23,0.19230769230769232
2022-06-13,3299617.698110775,2022-06-17,公用事业,2022,24,0.9326923076923077
2022-06-20,1802512.934692814,2022-06-24,公用事业,2022,25,0.7596153846153846
2022-06-27,4097700.363783233,2022-07-01,公用事业,2022,26,0.9711538461538461
2022-07-04,2550585.8207186614,2022-07-08,公用事业,2022,27,0.8269230769230769
2022-07-11,3274787.1218610103,2022-07-15,公用事业,2022,28,0.9134615384615384
2022-07-18,-1500652.0133855836,2022-07-22,公用事业,2022,29,0.18269230769230768
2022-07-25,2635416.842417501,2022-07-29,公用事业,2022,30,0.8173076923076923
2022-08-01,-58482.47520320167,2022-08-05,公用事业,2022,31,0.3942307692307692
2022-08-08,-2290538.930985716,2022-08-12,公用事业,2022,32,0.125
2022-08-15,-1231020.6897840854,2022-08-19,公用事业,2022,33,0.23076923076923078
2022-08-22,-34409.86179197059,2022-08-26,公用事业,2022,34,0.4230769230769231
2022-08-29,3798451.9681239044,2022-09-02,公用事业,2022,35,0.9519230769230769
2022-09-05,1709567.7050974765,2022-09-09,公用事业,2022,36,0.7211538461538461
2022-09-12,628705.6040782492,2022-09-16,公用事业,2022,37,0.5288461538461539
2022-09-19,2051660.7764305712,2022-09-23,公用事业,2022,38,0.7788461538461539
2022-09-26,-1042368.2723677217,2022-09-30,公用事业,2022,39,0.27884615384615385
2022-10-03,-1775452.378378963,2022-10-07,公用事业,2022,40,0.16346153846153846
2022-10-10,-543793.3780789492,2022-10-14,公用事业,2022,41,0.3557692307692308
2022-10-17,-2998513.124268171,2022-10-21,公用事业,2022,42,0.057692307692307696
2022-10-24,1075291.1351800181,2022-10-28,公用事业,2022,43,0.6346153846153846
2022-10-31,-3542566.478294463,2022-11-04,公用事业,2022,44,0.019230769230769232
2022-11-07,2338798.264602675,2022-11-11,公用事业,2022,45,0.8173076923076923
2022-11-14,5398084.944898922,2022-11-18,公用事业,2022,46,1.0
2022-11-21,1401253.9058489483,2022-11-25,公用事业,2022,47,0.6730769230769231
2022-11-28,3051080.8165819445,2022-12-02,公用事业,2022,48,0.8846153846153846
2022-12-05,-345419.249386215,2022-12-09,公用事业,2022,49,0.3942307692307692
2022-12-12,2552454.688337951,2022-12-16,公用事业,2022,50,0.8269230769230769
2022-12-19,-107347.02945666085,2022-12-23,公用事业,2022,51,0.4230769230769231
2022-12-26,-4585674.123850959,2022-12-30,公用事业,2022,52,0.019230769230769232
2023-01-02,-3459379.7071444346,2023-01-06,公用事业,2023,1,0.04807692307692308
2023-01-09,431318.2711652033,2023-01-13,公用事业,2023,2,0.5192307692307693
2023-01-16,-7057039.69934427,2023-01-20,公用事业,2023,3,0.0
2023-01-23,-284467.8761886092,2023-01-27,公用事业,2023,4,0.41346153846153844
2023-01-30,1606284.6918186564,2023-02-03,公用事业,2023,5,0.7019230769230769
2023-02-06,1869936.0537353826,2023-02-10,公用事业,2023,6,0.75
2023-02-13,721060.8108240832,2023-02-17,公用事业,2023,7,0.5576923076923077
2023-02-20,-2644664.047727967,2023-02-24,公用事业,2023,8,0.11538461538461539
2023-02-27,-1591641.7291330856,2023-03-03,公用事业,2023,9,0.21153846153846154
2023-03-06,-2716860.5930473832,2023-03-10,公用事业,2023,10,0.10576923076923077
2023-03-13,-455944.0324642153,2023-03-17,公用事业,2023,11,0.3942307692307692
2023-03-20,-2981486.1716247583,2023-03-24,公用事业,2023,12,0.09615384615384616
2023-03-27,-139205.68373376376,2023-03-31,公用事业,2023,13,0.4230769230769231
2023-04-03,-264262.1437285484,2023-04-07,公用事业,2023,14,0.41346153846153844
2023-04-10,904554.5949952333,2023-04-14,公用事业,2023,15,0.5961538461538461
2023-04-17,2445979.247172567,2023-04-21,公用事业,2023,16,0.8269230769230769
2023-04-24,1697741.767975537,2023-04-28,公用事业,2023,17,0.7307692307692307
2023-05-01,3262107.31424096,2023-05-05,公用事业,2023,18,0.9134615384615384
2023-05-08,1048227.6210031293,2023-05-12,公用事业,2023,19,0.6057692307692307
2023-05-15,1264857.6595363452,2023-05-19,公用事业,2023,20,0.6442307692307693
2023-05-22,-145412.80986151367,2023-05-26,公用事业,2023,21,0.41346153846153844
2023-05-29,2191072.329693719,2023-06-02,公用事业,2023,22,0.8076923076923077
2023-06-05,-661200.7195398818,2023-06-09,公用事业,2023,23,0.3173076923076923
2023-06-12,2456263.015344594,2023-06-16,公用事业,2023,24,0.8365384615384616
2023-06-19,-1360081.5958337425,2023-06-23,公用事业,2023,25,0.2403846153846154
2023-06-26,2422287.210305351,2023-06-30,公用事业,2023,26,0.8269230769230769
2023-07-03,1514407.5033447598,2023-07-07,公用事业,2023,27,0.6923076923076923
2023-07-10,1350009.177991514,2023-07-14,公用事业,2023,28,0.6634615384615384
2023-07-17,191720.1945121255,2023-07-21,公用事业,2023,29,0.46153846153846156
2023-07-24,-660288.6131865619,2023-07-28,公用事业,2023,30,0.3076923076923077
2023-07-31,-275722.853775206,2023-08-04,公用事业,2023,31,0.38461538461538464
2023-08-07,1162355.4559599597,2023-08-11,公用事业,2023,32,0.6346153846153846
2023-08-14,-2525340.792987119,2023-08-18,公用事业,2023,33,0.1346153846153846
2023-08-21,-6437539.501644955,2023-08-25,公用事业,2023,34,0.009615384615384616
2023-08-28,-606679.8705650392,2023-09-01,公用事业,2023,35,0.3269230769230769
2023-09-04,283731.392382979,2023-09-08,公用事业,2023,36,0.49038461538461536
2023-09-11,-2861374.205558584,2023-09-15,公用事业,2023,37,0.09615384615384616
2023-09-18,-3702977.3449431527,2023-09-22,公用事业,2023,38,0.038461538461538464
2023-09-25,-1823070.9502752027,2023-09-29,公用事业,2023,39,0.19230769230769232
2023-10-02,-559580.2960475083,2023-10-06,公用事业,2023,40,0.34615384615384615
2023-10-09,2833648.3841371234,2023-10-13,公用事业,2023,41,0.8942307692307693
2023-10-16,109145.34028449282,2023-10-20,公用事业,2023,42,0.4807692307692308
2023-10-23,725533.881445887,2023-10-27,公用事业,2023,43,0.5673076923076923
2023-10-30,-502371.1927522288,2023-11-03,公用事业,2023,44,0.3557692307692308
2023-11-06,2964541.264395425,2023-11-10,公用事业,2023,45,0.9038461538461539
2023-11-13,1031160.5150409408,2023-11-17,公用事业,2023,46,0.6057692307692307
2023-11-20,-2613084.6042557857,2023-11-24,公用事业,2023,47,0.1346153846153846
2023-11-27,592343.066169225,2023-12-01,公用事业,2023,48,0.5288461538461539
2023-12-04,7733385.0482867975,2023-12-08,公用事业,2023,49,1.0
2023-12-11,138325.4719053076,2023-12-15,公用事业,2023,50,0.47115384615384615
2023-12-18,3481294.065522338,2023-12-22,公用事业,2023,51,0.9519230769230769
2023-12-25,-1338616.1978050573,2023-12-29,公用事业,2023,52,0.23076923076923078
2024-01-01,-3250674.671124746,2024-01-05,公用事业,2024,1,0.0673076923076923
2024-01-08,2364639.0024906723,2024-01-12,公用事业,2024,2,0.7980769230769231
2024-01-15,-3654822.377284704,2024-01-19,公用事业,2024,3,0.04807692307692308
2024-01-22,1050131.3964600163,2024-01-26,公用事业,2024,4,0.6057692307692307
2024-01-29,1818802.1809334506,2024-02-02,公用事业,2024,5,0.7403846153846154
2024-02-05,548460.2484934124,2024-02-09,公用事业,2024,6,0.5096153846153846
2024-02-12,396407.5691244913,2024-02-16,公用事业,2024,7,0.5
2024-02-19,-798419.7264826883,2024-02-23,公用事业,2024,8,0.27884615384615385
2024-02-26,-1199456.7877443326,2024-03-01,公用事业,2024,9,0.25961538461538464
2024-03-04,1001291.1149530062,2024-03-08,公用事业,2024,10,0.5865384615384616
2024-03-11,1545663.2000242067,2024-03-15,公用事业,2024,11,0.7019230769230769
2024-03-18,1852735.5378281954,2024-03-22,公用事业,2024,12,0.7596153846153846
2024-03-25,-7563.031827035476,2024-03-29,公用事业,2024,13,0.4326923076923077
2024-04-01,2732961.7266103937,2024-04-05,公用事业,2024,14,0.875
2024-04-08,-1633774.7295163,2024-04-12,公用事业,2024,15,0.18269230769230768
2024-04-15,-5418930.003597015,2024-04-19,公用事业,2024,16,0.019230769230769232
2024-04-22,-794497.2220700285,2024-04-26,公用事业,2024,17,0.27884615384615385
2024-04-29,-2148644.807707064,2024-05-03,公用事业,2024,18,0.16346153846153846
2024-05-06,-3750237.7008319525,2024-05-10,公用事业,2024,19,0.038461538461538464
2024-05-13,1244797.4277726167,2024-05-17,公用事业,2024,20,0.6634615384615384
2024-05-20,-1438237.6008467125,2024-05-24,公用事业,2024,21,0.2403846153846154
2024-05-27,3954987.980461004,2024-05-31,公用事业,2024,22,0.9615384615384616
2024-06-03,2854032.835890415,2024-06-07,公用事业,2024,23,0.8942307692307693
2024-06-10,-2347252.49495643,2024-06-14,公用事业,2024,24,0.16346153846153846
2024-06-17,2842621.8391436697,2024-06-21,公用事业,2024,25,0.8942307692307693
2024-06-24,1483662.7656217006,2024-06-28,公用事业,2024,26,0.6923076923076923
2024-07-01,-1754550.1034873566,2024-07-05,公用事业,2024,27,0.21153846153846154
2024-07-08,3384580.43293693,2024-07-12,公用事业,2024,28,0.9519230769230769
2024-07-15,-3066017.566749055,2024-07-19,公用事业,2024,29,0.09615384615384616
2024-07-22,-1140767.337284468,2024-07-26,公用事业,2024,30,0.2980769230769231
2024-07-29,-1069637.8198701416,2024-07-31,公用事业,2024,31,0.3076923076923077
2018-01-01,1731791.04002776,2018-01-05,农林牧渔,2018,1,
2018-01-08,-285373.62255999335,2018-01-12,农林牧渔,2018,2,0.0
2018-01-15,-3194423.631313286,2018-01-19,农林牧渔,2018,3,0.0
2018-01-22,-1170055.0138202345,2018-01-26,农林牧渔,2018,4,0.3333333333333333
2018-01-29,-2844979.5985247507,2018-02-02,农林牧渔,2018,5,0.25
2018-02-05,2087171.6298232693,2018-02-09,农林牧渔,2018,6,1.0
2018-02-12,1426083.1606134616,2018-02-16,农林牧渔,2018,7,0.6666666666666666
2018-02-19,3255795.9131656447,2018-02-23,农林牧渔,2018,8,1.0
2018-02-26,2302408.6525525395,2018-03-02,农林牧渔,2018,9,0.875
2018-03-05,1228967.2773636575,2018-03-09,农林牧渔,2018,10,0.4444444444444444
2018-03-12,-99253.14543353685,2018-03-16,农林牧渔,2018,11,0.4
2018-03-19,75345.24963813717,2018-03-23,农林牧渔,2018,12,0.45454545454545453
2018-03-26,322424.99563609133,2018-03-30,农林牧渔,2018,13,0.5
2018-04-02,-212027.7314348654,2018-04-06,农林牧渔,2018,14,0.3076923076923077
2018-04-09,-2554800.6818290036,2018-04-13,农林牧渔,2018,15,0.14285714285714285
2018-04-16,1333471.7032352153,2018-04-20,农林牧渔,2018,16,0.6666666666666666
2018-04-23,-970800.4644972865,2018-04-27,农林牧渔,2018,17,0.25
2018-04-30,55512.32470113179,2018-05-04,农林牧渔,2018,18,0.47058823529411764
2018-05-07,-1324621.4649933805,2018-05-11,农林牧渔,2018,19,0.16666666666666666
2018-05-14,305722.29081352893,2018-05-18,农林牧渔,2018,20,0.5789473684210527
2018-05-21,-1145688.1017438553,2018-05-25,农林牧渔,2018,21,0.25
2018-05-28,-1316787.30730431,2018-06-01,农林牧渔,2018,22,0.19047619047619047
2018-06-04,1044576.1129952766,2018-06-08,农林牧渔,2018,23,0.6818181818181818
2018-06-11,1354228.3748261973,2018-06-15,农林牧渔,2018,24,0.782608695652174
2018-06-18,-471045.710586689,2018-06-22,农林牧渔,2018,25,0.3333333333333333
2018-06-25,-808829.6301023429,2018-06-29,农林牧渔,2018,26,0.32
2018-07-02,1169534.576315086,2018-07-06,农林牧渔,2018,27,0.6923076923076923
2018-07-09,4995091.549283973,2018-07-13,农林牧渔,2018,28,1.0
2018-07-16,3562548.0695528258,2018-07-20,农林牧渔,2018,29,0.9642857142857143
2018-07-23,2217111.006942611,2018-07-27,农林牧渔,2018,30,0.8620689655172413
2018-07-30,1781231.7427406055,2018-08-03,农林牧渔,2018,31,0.8
2018-08-06,-4955149.915516946,2018-08-10,农林牧渔,2018,32,0.0
2018-08-13,-1811178.4256243706,2018-08-17,农林牧渔,2018,33,0.125
2018-08-20,-3458092.4255990535,2018-08-24,农林牧渔,2018,34,0.030303030303030304
2018-08-27,-1098428.0424334076,2018-08-31,农林牧渔,2018,35,0.29411764705882354
2018-09-03,2588478.6903200056,2018-09-07,农林牧渔,2018,36,0.9142857142857143
2018-09-10,-1400670.8268243494,2018-09-14,农林牧渔,2018,37,0.16666666666666666
2018-09-17,1189283.9292972637,2018-09-21,农林牧渔,2018,38,0.6486486486486487
2018-09-24,-138530.67876064172,2018-09-28,农林牧渔,2018,39,0.4473684210526316
2018-10-01,-3359132.106975767,2018-10-05,农林牧渔,2018,40,0.05128205128205128
2018-10-08,230308.98381329444,2018-10-12,农林牧渔,2018,41,0.55
2018-10-15,53982.03748066712,2018-10-19,农林牧渔,2018,42,0.4878048780487805
2018-10-22,2061358.9710038295,2018-10-26,农林牧渔,2018,43,0.8333333333333334
2018-10-29,3226406.0257663666,2018-11-02,农林牧渔,2018,44,0.9302325581395349
2018-11-05,591374.0959065424,2018-11-09,农林牧渔,2018,45,0.5909090909090909
2018-11-12,-2991774.1590719633,2018-11-16,农林牧渔,2018,46,0.08888888888888889
2018-11-19,-1249077.1564218896,2018-11-23,农林牧渔,2018,47,0.2391304347826087
2018-11-26,472864.5646479237,2018-11-30,农林牧渔,2018,48,0.5957446808510638
2018-12-03,2819108.1207114663,2018-12-07,农林牧渔,2018,49,0.9166666666666666
2018-12-10,-2865564.642389667,2018-12-14,农林牧渔,2018,50,0.10204081632653061
2018-12-17,-1878043.7476244166,2018-12-21,农林牧渔,2018,51,0.16
2018-12-24,-3161828.683273822,2018-12-28,农林牧渔,2018,52,0.0784313725490196
2018-12-31,2599013.6148880487,2019-01-04,农林牧渔,2018,1,0.9038461538461539
2019-01-07,-2551198.5737137203,2019-01-11,农林牧渔,2019,2,0.16981132075471697
2019-01-14,3164473.266067741,2019-01-18,农林牧渔,2019,3,0.9259259259259259
2019-01-21,4444646.810466249,2019-01-25,农林牧渔,2019,4,0.9818181818181818
2019-01-28,2754249.7907791426,2019-02-01,农林牧渔,2019,5,0.875
2019-02-04,325350.54959492426,2019-02-08,农林牧渔,2019,6,0.5614035087719298
2019-02-11,-5586377.218533832,2019-02-15,农林牧渔,2019,7,0.0
2019-02-18,-4801317.516161472,2019-02-22,农林牧渔,2019,8,0.03389830508474576
2019-02-25,691138.4972586905,2019-03-01,农林牧渔,2019,9,0.6166666666666667
2019-03-04,-1776765.6751867963,2019-03-08,农林牧渔,2019,10,0.22950819672131148
2019-03-11,164531.523425336,2019-03-15,农林牧渔,2019,11,0.5161290322580645
2019-03-18,1359709.7969204404,2019-03-22,农林牧渔,2019,12,0.7301587301587301
2019-03-25,3076354.8023735015,2019-03-29,农林牧渔,2019,13,0.90625
2019-04-01,-3766180.791778953,2019-04-05,农林牧渔,2019,14,0.046153846153846156
2019-04-08,-1809306.959399786,2019-04-12,农林牧渔,2019,15,0.22727272727272727
2019-04-15,427486.07695615897,2019-04-19,农林牧渔,2019,16,0.582089552238806
2019-04-22,-766210.1531668737,2019-04-26,农林牧渔,2019,17,0.38235294117647056
2019-04-29,4113076.5846893676,2019-05-03,农林牧渔,2019,18,0.9710144927536232
2019-05-06,178309.50446012057,2019-05-10,农林牧渔,2019,19,0.5142857142857142
2019-05-13,536259.6786845264,2019-05-17,农林牧渔,2019,20,0.6056338028169014
2019-05-20,6104290.100124398,2019-05-24,农林牧渔,2019,21,1.0
2019-05-27,1439357.1190398496,2019-05-31,农林牧渔,2019,22,0.7397260273972602
2019-06-03,615122.9998004534,2019-06-07,农林牧渔,2019,23,0.6081081081081081
2019-06-10,1197849.3943084772,2019-06-14,农林牧渔,2019,24,0.6666666666666666
2019-06-17,3230781.8483367097,2019-06-21,农林牧渔,2019,25,0.9210526315789473
2019-06-24,446775.67857620295,2019-06-28,农林牧渔,2019,26,0.5454545454545454
2019-07-01,728158.6984086818,2019-07-05,农林牧渔,2019,27,0.6153846153846154
2019-07-08,371216.3874711673,2019-07-12,农林牧渔,2019,28,0.5189873417721519
2019-07-15,-228124.08708287397,2019-07-19,农林牧渔,2019,29,0.3625
2019-07-22,2765469.003704092,2019-07-26,农林牧渔,2019,30,0.8641975308641975
2019-07-29,-2147228.2959462954,2019-08-02,农林牧渔,2019,31,0.15853658536585366
2019-08-05,4874847.722431416,2019-08-09,农林牧渔,2019,32,0.9759036144578314
2019-08-12,779182.710954397,2019-08-16,农林牧渔,2019,33,0.6190476190476191
2019-08-19,-1935609.6171710193,2019-08-23,农林牧渔,2019,34,0.16470588235294117
2019-08-26,-1987524.7759469582,2019-08-30,农林牧渔,2019,35,0.16279069767441862
2019-09-02,6564007.238123284,2019-09-06,农林牧渔,2019,36,1.0
2019-09-09,-873744.6370174281,2019-09-13,农林牧渔,2019,37,0.3181818181818182
2019-09-16,2788415.640588502,2019-09-20,农林牧渔,2019,38,0.8539325842696629
2019-09-23,1837902.5617785917,2019-09-27,农林牧渔,2019,39,0.7555555555555555
2019-09-30,-179388.06314414932,2019-10-04,农林牧渔,2019,40,0.38461538461538464
2019-10-07,-3009210.901753787,2019-10-11,农林牧渔,2019,41,0.08695652173913043
2019-10-14,268687.7899053969,2019-10-18,农林牧渔,2019,42,0.4838709677419355
2019-10-21,-3142960.884682182,2019-10-25,农林牧渔,2019,43,0.0851063829787234
2019-10-28,-420190.0329043055,2019-11-01,农林牧渔,2019,44,0.35789473684210527
2019-11-04,-2283548.302612421,2019-11-08,农林牧渔,2019,45,0.15625
2019-11-11,-1145524.6582072545,2019-11-15,农林牧渔,2019,46,0.29896907216494845
2019-11-18,-797542.2241401236,2019-11-22,农林牧渔,2019,47,0.3469387755102041
2019-11-25,-1516873.7736607983,2019-11-29,农林牧渔,2019,48,0.23232323232323232
2019-12-02,-2314650.061748768,2019-12-06,农林牧渔,2019,49,0.15
2019-12-09,-2846012.9217994106,2019-12-13,农林牧渔,2019,50,0.1188118811881188
2019-12-16,-417790.115845609,2019-12-20,农林牧渔,2019,51,0.4019607843137255
2019-12-23,-979611.2664909407,2019-12-27,农林牧渔,2019,52,0.3300970873786408
2019-12-30,59710.52612086292,2020-01-03,农林牧渔,2019,1,0.49038461538461536
2020-01-06,-1222357.7044383837,2020-01-10,农林牧渔,2020,2,0.28846153846153844
2020-01-13,-48158.80041474709,2020-01-17,农林牧渔,2020,3,0.47115384615384615
2020-01-20,2339515.8029325935,2020-01-24,农林牧渔,2020,4,0.8269230769230769
2020-01-27,4380267.618634555,2020-01-31,农林牧渔,2020,5,0.9519230769230769
2020-02-03,1359424.2258173286,2020-02-07,农林牧渔,2020,6,0.7211538461538461
2020-02-10,1451844.5263567402,2020-02-14,农林牧渔,2020,7,0.7596153846153846
2020-02-17,2569019.625982593,2020-02-21,农林牧渔,2020,8,0.8173076923076923
2020-02-24,438000.6360149615,2020-02-28,农林牧渔,2020,9,0.5769230769230769
2020-03-02,-1184322.7042094925,2020-03-06,农林牧渔,2020,10,0.27884615384615385
2020-03-09,-594963.7288261525,2020-03-13,农林牧渔,2020,11,0.375
2020-03-16,1493556.298017764,2020-03-20,农林牧渔,2020,12,0.7692307692307693
2020-03-23,601664.6515266702,2020-03-27,农林牧渔,2020,13,0.625
2020-03-30,-2085686.2411673362,2020-04-03,农林牧渔,2020,14,0.16346153846153846
2020-04-06,177288.81079574698,2020-04-10,农林牧渔,2020,15,0.5
2020-04-13,-3228566.641999454,2020-04-17,农林牧渔,2020,16,0.057692307692307696
2020-04-20,4534895.400265039,2020-04-24,农林牧渔,2020,17,0.9615384615384616
2020-04-27,1172577.5966710637,2020-05-01,农林牧渔,2020,18,0.6826923076923077
2020-05-04,-2795264.8550270763,2020-05-08,农林牧渔,2020,19,0.125
2020-05-11,-4290214.402810817,2020-05-15,农林牧渔,2020,20,0.028846153846153848
2020-05-18,4494281.873434494,2020-05-22,农林牧渔,2020,21,0.9519230769230769
2020-05-25,2965629.9382500863,2020-05-29,农林牧渔,2020,22,0.8653846153846154
2020-06-01,-1975537.0268056802,2020-06-05,农林牧渔,2020,23,0.20192307692307693
2020-06-08,-840790.1592212757,2020-06-12,农林牧渔,2020,24,0.34615384615384615
2020-06-15,1136077.1674770648,2020-06-19,农林牧渔,2020,25,0.6538461538461539
2020-06-22,4205565.960571782,2020-06-26,农林牧渔,2020,26,0.9230769230769231
2020-06-29,4707050.425701165,2020-07-03,农林牧渔,2020,27,0.9615384615384616
2020-07-06,1522527.7330035933,2020-07-10,农林牧渔,2020,28,0.7211538461538461
2020-07-13,-4758858.868551901,2020-07-17,农林牧渔,2020,29,0.028846153846153848
2020-07-20,898768.8068607,2020-07-24,农林牧渔,2020,30,0.6442307692307693
2020-07-27,-2261569.8727762206,2020-07-31,农林牧渔,2020,31,0.18269230769230768
2020-08-03,-1414131.9649105538,2020-08-07,农林牧渔,2020,32,0.28846153846153844
2020-08-10,1408486.0232699388,2020-08-14,农林牧渔,2020,33,0.7211538461538461
2020-08-17,-1198901.016699263,2020-08-21,农林牧渔,2020,34,0.3076923076923077
2020-08-24,1860526.6475555906,2020-08-28,农林牧渔,2020,35,0.7692307692307693
2020-08-31,-183601.72524214128,2020-09-04,农林牧渔,2020,36,0.41346153846153844
2020-09-07,134348.3806371219,2020-09-11,农林牧渔,2020,37,0.47115384615384615
2020-09-14,2394233.0195809626,2020-09-18,农林牧渔,2020,38,0.7980769230769231
2020-09-21,3207972.9475635444,2020-09-25,农林牧渔,2020,39,0.8846153846153846
2020-09-28,-5224138.68897519,2020-10-02,农林牧渔,2020,40,0.009615384615384616
2020-10-05,52080.572864099406,2020-10-09,农林牧渔,2020,41,0.4326923076923077
2020-10-12,-995055.5449942178,2020-10-16,农林牧渔,2020,42,0.3173076923076923
2020-10-19,-2695443.820324049,2020-10-23,农林牧渔,2020,43,0.1346153846153846
2020-10-26,4139874.722552731,2020-10-30,农林牧渔,2020,44,0.9134615384615384
2020-11-02,1292754.8774787304,2020-11-06,农林牧渔,2020,45,0.6826923076923077
2020-11-09,183510.32512470684,2020-11-13,农林牧渔,2020,46,0.5096153846153846
2020-11-16,1720035.9467277261,2020-11-20,农林牧渔,2020,47,0.75
2020-11-23,-1956079.933497287,2020-11-27,农林牧渔,2020,48,0.21153846153846154
2020-11-30,-2154913.2243328234,2020-12-04,农林牧渔,2020,49,0.17307692307692307
2020-12-07,-1366060.4732362435,2020-12-11,农林牧渔,2020,50,0.28846153846153844
2020-12-14,909128.0337646217,2020-12-18,农林牧渔,2020,51,0.6442307692307693
2020-12-21,-285344.24279354664,2020-12-25,农林牧渔,2020,52,0.40384615384615385
2020-12-28,1752876.6222619456,2021-01-01,农林牧渔,2020,53,0.7596153846153846
2021-01-04,-62572.62573297217,2021-01-08,农林牧渔,2021,1,0.4326923076923077
2021-01-11,-3235605.7602025974,2021-01-15,农林牧渔,2021,2,0.057692307692307696
2021-01-18,-2127527.07902396,2021-01-22,农林牧渔,2021,3,0.17307692307692307
2021-01-25,457545.5996832731,2021-01-29,农林牧渔,2021,4,0.5865384615384616
2021-02-01,1963429.6151474554,2021-02-05,农林牧渔,2021,5,0.8173076923076923
2021-02-08,1497380.3537977568,2021-02-12,农林牧渔,2021,6,0.7596153846153846
2021-02-15,1495275.2296759645,2021-02-19,农林牧渔,2021,7,0.75
2021-02-22,579899.2991488138,2021-02-26,农林牧渔,2021,8,0.5769230769230769
2021-03-01,-5596571.982307829,2021-03-05,农林牧渔,2021,9,0.0
2021-03-08,1195459.6683403156,2021-03-12,农林牧渔,2021,10,0.6634615384615384
2021-03-15,-160953.74320071604,2021-03-19,农林牧渔,2021,11,0.4230769230769231
2021-03-22,1783522.7284297796,2021-03-26,农林牧渔,2021,12,0.7884615384615384
2021-03-29,-2610391.251574555,2021-04-02,农林牧渔,2021,13,0.11538461538461539
2021-04-05,3914503.18363683,2021-04-09,农林牧渔,2021,14,0.9038461538461539
2021-04-12,-1686610.5551476318,2021-04-16,农林牧渔,2021,15,0.22115384615384615
2021-04-19,-532172.3946666638,2021-04-23,农林牧渔,2021,16,0.36538461538461536
2021-04-26,-2517840.450358271,2021-04-30,农林牧渔,2021,17,0.11538461538461539
2021-05-03,2705191.257662,2021-05-07,农林牧渔,2021,18,0.8557692307692307
2021-05-10,-836711.9370781501,2021-05-14,农林牧渔,2021,19,0.34615384615384615
2021-05-17,-1267357.1594116408,2021-05-21,农林牧渔,2021,20,0.2692307692307692
2021-05-24,-2036161.4663543475,2021-05-28,农林牧渔,2021,21,0.19230769230769232
2021-05-31,3427397.1003898187,2021-06-04,农林牧渔,2021,22,0.9134615384615384
2021-06-07,1537634.1607009394,2021-06-11,农林牧渔,2021,23,0.7596153846153846
2021-06-14,1500491.8556433618,2021-06-18,农林牧渔,2021,24,0.7403846153846154
2021-06-21,-3205917.7028824044,2021-06-25,农林牧渔,2021,25,0.057692307692307696
2021-06-28,4016299.2088124678,2021-07-02,农林牧渔,2021,26,0.9230769230769231
2021-07-05,418552.3589687953,2021-07-09,农林牧渔,2021,27,0.5673076923076923
2021-07-12,-2140440.9794339803,2021-07-16,农林牧渔,2021,28,0.18269230769230768
2021-07-19,-3420477.702448631,2021-07-23,农林牧渔,2021,29,0.038461538461538464
2021-07-26,2114257.177782939,2021-07-30,农林牧渔,2021,30,0.8269230769230769
2021-08-02,1065500.6818805735,2021-08-06,农林牧渔,2021,31,0.6346153846153846
2021-08-09,1760684.1142320114,2021-08-13,农林牧渔,2021,32,0.7884615384615384
2021-08-16,2156316.534992442,2021-08-20,农林牧渔,2021,33,0.8365384615384616
2021-08-23,-4267158.284282666,2021-08-27,农林牧渔,2021,34,0.038461538461538464
2021-08-30,2523731.6110724825,2021-09-03,农林牧渔,2021,35,0.8557692307692307
2021-09-06,2983699.5071093654,2021-09-10,农林牧渔,2021,36,0.9038461538461539
2021-09-13,11067.164918088762,2021-09-17,农林牧渔,2021,37,0.4807692307692308
2021-09-20,-402283.5036593841,2021-09-24,农林牧渔,2021,38,0.4230769230769231
2021-09-27,-3809631.040716757,2021-10-01,农林牧渔,2021,39,0.04807692307692308
2021-10-04,-496490.72581045685,2021-10-08,农林牧渔,2021,40,0.41346153846153844
2021-10-11,2055992.796066109,2021-10-15,农林牧渔,2021,41,0.8173076923076923
2021-10-18,-366483.1536363598,2021-10-22,农林牧渔,2021,42,0.4423076923076923
2021-10-25,2062367.7154935398,2021-10-29,农林牧渔,2021,43,0.8173076923076923
2021-11-01,-818835.5741166061,2021-11-05,农林牧渔,2021,44,0.36538461538461536
2021-11-08,1705250.2254097958,2021-11-12,农林牧渔,2021,45,0.7403846153846154
2021-11-15,-3043994.4848815557,2021-11-19,农林牧渔,2021,46,0.09615384615384616
2021-11-22,-1657785.2148983434,2021-11-26,农林牧渔,2021,47,0.25
2021-11-29,1618840.6732826761,2021-12-03,农林牧渔,2021,48,0.7307692307692307
2021-12-06,1906993.9297687402,2021-12-10,农林牧渔,2021,49,0.7884615384615384
2021-12-13,430349.92585641635,2021-12-17,农林牧渔,2021,50,0.5192307692307693
2021-12-20,-2261764.5160824256,2021-12-24,农林牧渔,2021,51,0.14423076923076922
2021-12-27,-701894.5313894083,2021-12-31,农林牧渔,2021,52,0.34615384615384615
2022-01-03,-2512109.565921443,2022-01-07,农林牧渔,2022,1,0.14423076923076922
2022-01-10,-779439.2095317995,2022-01-14,农林牧渔,2022,2,0.34615384615384615
2022-01-17,-2617854.9394229287,2022-01-21,农林牧渔,2022,3,0.125
2022-01-24,1000854.0571662099,2022-01-28,农林牧渔,2022,4,0.5865384615384616
2022-01-31,3624042.9510936053,2022-02-04,农林牧渔,2022,5,0.9326923076923077
2022-02-07,-4265843.392225938,2022-02-11,农林牧渔,2022,6,0.04807692307692308
2022-02-14,2198014.5388193317,2022-02-18,农林牧渔,2022,7,0.8461538461538461
2022-02-21,2816152.142037658,2022-02-25,农林牧渔,2022,8,0.8846153846153846
2022-02-28,-2014646.094514542,2022-03-04,农林牧渔,2022,9,0.2403846153846154
2022-03-07,3583303.602468814,2022-03-11,农林牧渔,2022,10,0.9230769230769231
2022-03-14,2599161.1095576626,2022-03-18,农林牧渔,2022,11,0.8557692307692307
2022-03-21,1652685.2786100598,2022-03-25,农林牧渔,2022,12,0.7019230769230769
2022-03-28,717277.3450781552,2022-04-01,农林牧渔,2022,13,0.5480769230769231
2022-04-04,-787454.5378940703,2022-04-08,农林牧渔,2022,14,0.3557692307692308
2022-04-11,803072.151991766,2022-04-15,农林牧渔,2022,15,0.5480769230769231
2022-04-18,-42085.383542951546,2022-04-22,农林牧渔,2022,16,0.4519230769230769
2022-04-25,-4238127.561720638,2022-04-29,农林牧渔,2022,17,0.057692307692307696
2022-05-02,-1406244.0916854707,2022-05-06,农林牧渔,2022,18,0.28846153846153844
2022-05-09,618354.7377608927,2022-05-13,农林牧渔,2022,19,0.5480769230769231
2022-05-16,-1396584.752678073,2022-05-20,农林牧渔,2022,20,0.27884615384615385
2022-05-23,-4422982.361374081,2022-05-27,农林牧渔,2022,21,0.028846153846153848
2022-05-30,853710.5192989423,2022-06-03,农林牧渔,2022,22,0.5865384615384616
2022-06-06,-834979.1769364686,2022-06-10,农林牧渔,2022,23,0.34615384615384615
2022-06-13,-3033952.104107277,2022-06-17,农林牧渔,2022,24,0.11538461538461539
2022-06-20,-2755453.961528031,2022-06-24,农林牧渔,2022,25,0.125
2022-06-27,-861494.409436176,2022-07-01,农林牧渔,2022,26,0.34615384615384615
2022-07-04,-1813261.6700224648,2022-07-08,农林牧渔,2022,27,0.25961538461538464
2022-07-11,1341876.7595142517,2022-07-15,农林牧渔,2022,28,0.6826923076923077
2022-07-18,1353495.028246456,2022-07-22,农林牧渔,2022,29,0.6826923076923077
2022-07-25,439305.6288124159,2022-07-29,农林牧渔,2022,30,0.5576923076923077
2022-08-01,672257.3844876594,2022-08-05,农林牧渔,2022,31,0.5865384615384616
2022-08-08,651771.4000368995,2022-08-12,农林牧渔,2022,32,0.5769230769230769
2022-08-15,890073.5690544217,2022-08-19,农林牧渔,2022,33,0.625
2022-08-22,-45787.38889451325,2022-08-26,农林牧渔,2022,34,0.46153846153846156
2022-08-29,3915073.5895812386,2022-09-02,农林牧渔,2022,35,0.9807692307692307
2022-09-05,-323195.92218634905,2022-09-09,农林牧渔,2022,36,0.4230769230769231
2022-09-12,-1939936.7798737148,2022-09-16,农林牧渔,2022,37,0.2403846153846154
2022-09-19,-1342107.6205389784,2022-09-23,农林牧渔,2022,38,0.3076923076923077
2022-09-26,-902944.1481589589,2022-09-30,农林牧渔,2022,39,0.33653846153846156
2022-10-03,2306615.638793121,2022-10-07,农林牧渔,2022,40,0.8846153846153846
2022-10-10,1743725.9799125586,2022-10-14,农林牧渔,2022,41,0.7788461538461539
2022-10-17,-1539549.9393919047,2022-10-21,农林牧渔,2022,42,0.2692307692307692
2022-10-24,1604382.708377709,2022-10-28,农林牧渔,2022,43,0.7307692307692307
2022-10-31,-1639244.7519798232,2022-11-04,农林牧渔,2022,44,0.25961538461538464
2022-11-07,-5200615.051453888,2022-11-11,农林牧渔,2022,45,0.009615384615384616
2022-11-14,1500187.693307911,2022-11-18,农林牧渔,2022,46,0.7115384615384616
2022-11-21,1796219.9018765388,2022-11-25,农林牧渔,2022,47,0.8173076923076923
2022-11-28,1545627.7569599655,2022-12-02,农林牧渔,2022,48,0.7307692307692307
2022-12-05,-1681747.7756055915,2022-12-09,农林牧渔,2022,49,0.2403846153846154
2022-12-12,2471143.3965741326,2022-12-16,农林牧渔,2022,50,0.8942307692307693
2022-12-19,-480918.7613676464,2022-12-23,农林牧渔,2022,51,0.41346153846153844
2022-12-26,-3942314.0797386435,2022-12-30,农林牧渔,2022,52,0.057692307692307696
2023-01-02,3037772.4640917317,2023-01-06,农林牧渔,2023,1,0.9423076923076923
2023-01-09,2191978.1184038385,2023-01-13,农林牧渔,2023,2,0.8557692307692307
2023-01-16,-1245091.5120895517,2023-01-20,农林牧渔,2023,3,0.3173076923076923
2023-01-23,1068380.6511629298,2023-01-27,农林牧渔,2023,4,0.625
2023-01-30,-4910119.48171155,2023-02-03,农林牧渔,2023,5,0.019230769230769232
2023-02-06,1677282.2816776275,2023-02-10,农林牧渔,2023,6,0.75
2023-02-13,-1402696.6128744672,2023-02-17,农林牧渔,2023,7,0.28846153846153844
2023-02-20,1933651.533838474,2023-02-24,农林牧渔,2023,8,0.8076923076923077
2023-02-27,849613.467814388,2023-03-03,农林牧渔,2023,9,0.5865384615384616
2023-03-06,-2571478.7024082057,2023-03-10,农林牧渔,2023,10,0.14423076923076922
2023-03-13,-997380.7975607053,2023-03-17,农林牧渔,2023,11,0.33653846153846156
2023-03-20,-441403.5974306222,2023-03-24,农林牧渔,2023,12,0.4519230769230769
2023-03-27,-1396330.2768446929,2023-03-31,农林牧渔,2023,13,0.3076923076923077
2023-04-03,-2708071.0576631716,2023-04-07,农林牧渔,2023,14,0.125
2023-04-10,-2174775.8495286815,2023-04-14,农林牧渔,2023,15,0.18269230769230768
2023-04-17,-3877213.873870913,2023-04-21,农林牧渔,2023,16,0.0673076923076923
2023-04-24,-2186869.4813411804,2023-04-28,农林牧渔,2023,17,0.19230769230769232
2023-05-01,4021156.864557386,2023-05-05,农林牧渔,2023,18,1.0
2023-05-08,2604736.034070714,2023-05-12,农林牧渔,2023,19,0.9134615384615384
2023-05-15,-580056.1399779139,2023-05-19,农林牧渔,2023,20,0.4326923076923077
2023-05-22,1210338.9050184959,2023-05-26,农林牧渔,2023,21,0.6538461538461539
2023-05-29,873418.6158007598,2023-06-02,农林牧渔,2023,22,0.6057692307692307
2023-06-05,-2098281.3921253174,2023-06-09,农林牧渔,2023,23,0.21153846153846154
2023-06-12,-422842.08166062646,2023-06-16,农林牧渔,2023,24,0.46153846153846156
2023-06-19,-326556.85252457974,2023-06-23,农林牧渔,2023,25,0.49038461538461536
2023-06-26,-4822677.858469434,2023-06-30,农林牧渔,2023,26,0.019230769230769232
2023-07-03,3740188.2381800385,2023-07-07,农林牧渔,2023,27,0.9807692307692307
2023-07-10,-1714498.0040019269,2023-07-14,农林牧渔,2023,28,0.25
2023-07-17,-1689424.4404073453,2023-07-21,农林牧渔,2023,29,0.25
2023-07-24,-937615.8714960793,2023-07-28,农林牧渔,2023,30,0.3557692307692308
2023-07-31,-516046.8843818321,2023-08-04,农林牧渔,2023,31,0.4423076923076923
2023-08-07,1785550.311781304,2023-08-11,农林牧渔,2023,32,0.7980769230769231
2023-08-14,-285428.7493776649,2023-08-18,农林牧渔,2023,33,0.5288461538461539
2023-08-21,831801.3396157436,2023-08-25,农林牧渔,2023,34,0.6346153846153846
2023-08-28,-323188.1306652814,2023-09-01,农林牧渔,2023,35,0.5192307692307693
2023-09-04,-1263634.200116428,2023-09-08,农林牧渔,2023,36,0.3269230769230769
2023-09-11,-1460663.9714073858,2023-09-15,农林牧渔,2023,37,0.27884615384615385
2023-09-18,-100046.5604879295,2023-09-22,农林牧渔,2023,38,0.5576923076923077
2023-09-25,149291.86399733473,2023-09-29,农林牧渔,2023,39,0.5769230769230769
2023-10-02,113729.88381897728,2023-10-06,农林牧渔,2023,40,0.5673076923076923
2023-10-09,211438.39186768723,2023-10-13,农林牧渔,2023,41,0.5769230769230769
2023-10-16,1011262.0220861174,2023-10-20,农林牧渔,2023,42,0.7115384615384616
2023-10-23,-1666838.0973876324,2023-10-27,农林牧渔,2023,43,0.2403846153846154
2023-10-30,1968898.6391123433,2023-11-03,农林牧渔,2023,44,0.875
2023-11-06,-2618571.301821208,2023-11-10,农林牧渔,2023,45,0.11538461538461539
2023-11-13,2188869.966244202,2023-11-17,农林牧渔,2023,46,0.875
2023-11-20,575469.8455309044,2023-11-24,农林牧渔,2023,47,0.5961538461538461
2023-11-27,-1060936.1321309689,2023-12-01,农林牧渔,2023,48,0.34615384615384615
2023-12-04,1464678.7654317406,2023-12-08,农林牧渔,2023,49,0.7596153846153846
2023-12-11,3810319.7187516997,2023-12-15,农林牧渔,2023,50,0.9807692307692307
2023-12-18,2954645.544896768,2023-12-22,农林牧渔,2023,51,0.9326923076923077
2023-12-25,84568.95360208681,2023-12-29,农林牧渔,2023,52,0.5384615384615384
2024-01-01,-4528948.853606919,2024-01-05,农林牧渔,2024,1,0.028846153846153848
2024-01-08,8552968.936881475,2024-01-12,农林牧渔,2024,2,1.0
2024-01-15,1879851.891181363,2024-01-19,农林牧渔,2024,3,0.8173076923076923
2024-01-22,685087.4232763499,2024-01-26,农林牧渔,2024,4,0.5961538461538461
2024-01-29,-749731.7287070665,2024-02-02,农林牧渔,2024,5,0.3942307692307692
2024-02-05,3069111.1599373347,2024-02-09,农林牧渔,2024,6,0.9423076923076923
2024-02-12,505002.15522820625,2024-02-16,农林牧渔,2024,7,0.5576923076923077
2024-02-19,796053.0870558063,2024-02-23,农林牧渔,2024,8,0.625
2024-02-26,-2326672.9815653213,2024-03-01,农林牧渔,2024,9,0.125
2024-03-04,-381448.31958800904,2024-03-08,农林牧渔,2024,10,0.4423076923076923
2024-03-11,79450.11578175472,2024-03-15,农林牧渔,2024,11,0.5192307692307693
2024-03-18,-301569.1654295621,2024-03-22,农林牧渔,2024,12,0.4807692307692308
2024-03-25,4275325.588036396,2024-03-29,农林牧渔,2024,13,0.9903846153846154
2024-04-01,5467454.333379768,2024-04-05,农林牧渔,2024,14,0.9903846153846154
2024-04-08,2383178.724252969,2024-04-12,农林牧渔,2024,15,0.8846153846153846
2024-04-15,-1744149.9169792298,2024-04-19,农林牧渔,2024,16,0.18269230769230768
2024-04-22,-1300055.145490597,2024-04-26,农林牧渔,2024,17,0.3076923076923077
2024-04-29,1960076.542574711,2024-05-03,农林牧渔,2024,18,0.8365384615384616
2024-05-06,1033518.5909284488,2024-05-10,农林牧渔,2024,19,0.6923076923076923
2024-05-13,-4875537.422045266,2024-05-17,农林牧渔,2024,20,0.019230769230769232
2024-05-20,-601221.6068460429,2024-05-24,农林牧渔,2024,21,0.38461538461538464
2024-05-27,1790721.6682400338,2024-05-31,农林牧渔,2024,22,0.7980769230769231
2024-06-03,1903377.1184207941,2024-06-07,农林牧渔,2024,23,0.8173076923076923
2024-06-10,-2411944.3378410623,2024-06-14,农林牧渔,2024,24,0.11538461538461539
2024-06-17,3166639.7753468547,2024-06-21,农林牧渔,2024,25,0.9326923076923077
2024-06-24,2330987.6715582893,2024-06-28,农林牧渔,2024,26,0.8653846153846154
2024-07-01,918223.4009880263,2024-07-05,农林牧渔,2024,27,0.6346153846153846
2024-07-08,-621932.7393521748,2024-07-12,农林牧渔,2024,28,0.33653846153846156
2024-07-15,1804094.114827376,2024-07-19,农林牧渔,2024,29,0.7788461538461539
2024-07-22,-595778.3657108224,2024-07-26,农林牧渔,2024,30,0.3557692307692308
2024-07-29,2713010.9694921956,2024-07-31,农林牧渔,2024,31,0.8942307692307693
2018-01-01,3726486.3999284822,2018-01-05,医药生物,2018,1,
2018-01-08,2276370.4116874803,2018-01-12,医药生物,2018,2,0.0
2018-01-15,-1925387.4090415456,2018-01-19,医药生物,2018,3,0.0
2018-01-22,-6287475.618309552,2018-01-26,医药生物,2018,4,0.0
2018-01-29,3355169.5729756914,2018-02-02,医药生物,2018,5,0.75
2018-02-05,-4831838.267754729,2018-02-09,医药生物,2018,6,0.2
2018-02-12,-276521.19561643904,2018-02-16,医药生物,2018,7,0.5
2018-02-19,-1362400.9262880431,2018-02-23,医药生物,2018,8,0.42857142857142855
2018-02-26,309998.8506549132,2018-03-02,医药生物,2018,9,0.625
2018-03-05,136173.6682159396,2018-03-09,医药生物,2018,10,0.5555555555555556
2018-03-12,1665064.1811038237,2018-03-16,医药生物,2018,11,0.7
2018-03-19,1670560.0026188842,2018-03-23,医药生物,2018,12,0.7272727272727273
2018-03-26,-6207360.718482634,2018-03-30,医药生物,2018,13,0.08333333333333333
2018-04-02,-1264539.635232724,2018-04-06,医药生物,2018,14,0.38461538461538464
2018-04-09,1427285.832769206,2018-04-13,医药生物,2018,15,0.6428571428571429
2018-04-16,1358492.6389175581,2018-04-20,医药生物,2018,16,0.6
2018-04-23,-2308005.7528513446,2018-04-27,医药生物,2018,17,0.1875
2018-04-30,4577333.693647677,2018-05-04,医药生物,2018,18,1.0
2018-05-07,1247412.0956139723,2018-05-11,医药生物,2018,19,0.5555555555555556
2018-05-14,539031.9941305326,2018-05-18,医药生物,2018,20,0.5263157894736842
2018-05-21,1108517.7114948868,2018-05-25,医药生物,2018,21,0.55
2018-05-28,-2547522.2517729043,2018-06-01,医药生物,2018,22,0.14285714285714285
2018-06-04,3393833.136722617,2018-06-08,医药生物,2018,23,0.9090909090909091
2018-06-11,2125108.8862474733,2018-06-15,医药生物,2018,24,0.782608695652174
2018-06-18,1716634.1790046778,2018-06-22,医药生物,2018,25,0.75
2018-06-25,-1419947.0805016407,2018-06-29,医药生物,2018,26,0.24
2018-07-02,-629393.1196528699,2018-07-06,医药生物,2018,27,0.34615384615384615
2018-07-09,-3939399.111320206,2018-07-13,医药生物,2018,28,0.1111111111111111
2018-07-16,987348.4876269049,2018-07-20,医药生物,2018,29,0.5357142857142857
2018-07-23,2758898.1898247423,2018-07-27,医药生物,2018,30,0.8620689655172413
2018-07-30,1424693.24615243,2018-08-03,医药生物,2018,31,0.6333333333333333
2018-08-06,2513000.4408447035,2018-08-10,医药生物,2018,32,0.8387096774193549
2018-08-13,-1736877.9584752205,2018-08-17,医药生物,2018,33,0.21875
2018-08-20,1571521.4443438558,2018-08-24,医药生物,2018,34,0.6666666666666666
2018-08-27,-1589213.7531510605,2018-08-31,医药生物,2018,35,0.23529411764705882
2018-09-03,2036196.8385751445,2018-09-07,医药生物,2018,36,0.7714285714285715
2018-09-10,448757.3843391782,2018-09-14,医药生物,2018,37,0.4444444444444444
2018-09-17,642364.4897505736,2018-09-21,医药生物,2018,38,0.4864864864864865
2018-09-24,2895417.578538174,2018-09-28,医药生物,2018,39,0.8947368421052632
2018-10-01,-6526693.641718829,2018-10-05,医药生物,2018,40,0.0
2018-10-08,-212392.60774753103,2018-10-12,医药生物,2018,41,0.375
2018-10-15,2151036.4330620347,2018-10-19,医药生物,2018,42,0.8048780487804879
2018-10-22,-84767.289194902,2018-10-26,医药生物,2018,43,0.38095238095238093
2018-10-29,141637.5865026391,2018-11-02,医药生物,2018,44,0.4186046511627907
2018-11-05,-14416.290952788317,2018-11-09,医药生物,2018,45,0.38636363636363635
2018-11-12,201159.95385019784,2018-11-16,医药生物,2018,46,0.4444444444444444
2018-11-19,-1608716.5606167866,2018-11-23,医药生物,2018,47,0.1956521739130435
2018-11-26,2452550.614173807,2018-11-30,医药生物,2018,48,0.851063829787234
2018-12-03,1675208.948440413,2018-12-07,医药生物,2018,49,0.7291666666666666
2018-12-10,-1849024.4111398375,2018-12-14,医药生物,2018,50,0.16326530612244897
2018-12-17,-1451689.8517496262,2018-12-21,医药生物,2018,51,0.24
2018-12-24,38053.328528512735,2018-12-28,医药生物,2018,52,0.4117647058823529
2018-12-31,3895046.7757268874,2019-01-04,医药生物,2018,1,0.9807692307692307
2019-01-07,-867684.4558044669,2019-01-11,医药生物,2019,2,0.3018867924528302
2019-01-14,-1258168.9880181346,2019-01-18,医药生物,2019,3,0.2962962962962963
2019-01-21,904835.6517425551,2019-01-25,医药生物,2019,4,0.5636363636363636
2019-01-28,-1749049.9286947213,2019-02-01,医药生物,2019,5,0.16071428571428573
2019-02-04,28751.08372706035,2019-02-08,医药生物,2019,6,0.42105263157894735
2019-02-11,1555931.3279262378,2019-02-15,医药生物,2019,7,0.6896551724137931
2019-02-18,-7756.204410943552,2019-02-22,医药生物,2019,8,0.4067796610169492
2019-02-25,2120187.118266998,2019-03-01,医药生物,2019,9,0.8
2019-03-04,1885749.503905414,2019-03-08,医药生物,2019,10,0.7704918032786885
2019-03-11,-1337749.4788270295,2019-03-15,医药生物,2019,11,0.25806451612903225
2019-03-18,4046193.3740512286,2019-03-22,医药生物,2019,12,0.9841269841269841
2019-03-25,2450939.637207905,2019-03-29,医药生物,2019,13,0.84375
2019-04-01,-298266.37752980395,2019-04-05,医药生物,2019,14,0.3230769230769231
2019-04-08,1194645.3167652343,2019-04-12,医药生物,2019,15,0.5909090909090909
2019-04-15,-1683956.2882674802,2019-04-19,医药生物,2019,16,0.16417910447761194
2019-04-22,-2063899.0277298144,2019-04-26,医药生物,2019,17,0.10294117647058823
2019-04-29,1241989.8440024743,2019-05-03,医药生物,2019,18,0.6086956521739131
2019-05-06,202692.1666635001,2019-05-10,医药生物,2019,19,0.4857142857142857
2019-05-13,1676304.5237454937,2019-05-17,医药生物,2019,20,0.7464788732394366
2019-05-20,-976504.2679077411,2019-05-24,医药生物,2019,21,0.2916666666666667
2019-05-27,2685118.3000869453,2019-05-31,医药生物,2019,22,0.8904109589041096
2019-06-03,2102661.3727593105,2019-06-07,医药生物,2019,23,0.7837837837837838
2019-06-10,2565559.9454569127,2019-06-14,医药生物,2019,24,0.88
2019-06-17,1508485.2325929117,2019-06-21,医药生物,2019,25,0.6447368421052632
2019-06-24,3639707.6383041013,2019-06-28,医药生物,2019,26,0.948051948051948
2019-07-01,-1319026.5044492427,2019-07-05,医药生物,2019,27,0.24358974358974358
2019-07-08,2605190.056484829,2019-07-12,医药生物,2019,28,0.8734177215189873
2019-07-15,2195474.167965822,2019-07-19,医药生物,2019,29,0.8
2019-07-22,-2495959.7767186724,2019-07-26,医药生物,2019,30,0.07407407407407407
2019-07-29,-2013924.1230448955,2019-08-02,医药生物,2019,31,0.10975609756097561
2019-08-05,4092896.0122445957,2019-08-09,医药生物,2019,32,0.9879518072289156
2019-08-12,4490577.349299892,2019-08-16,医药生物,2019,33,0.9880952380952381
2019-08-19,656748.2475126333,2019-08-23,医药生物,2019,34,0.5058823529411764
2019-08-26,368653.9447719143,2019-08-30,医药生物,2019,35,0.46511627906976744
2019-09-02,-2048337.6105329962,2019-09-06,医药生物,2019,36,0.10344827586206896
2019-09-09,4412550.60854074,2019-09-13,医药生物,2019,37,0.9772727272727273
2019-09-16,1983771.5519814098,2019-09-20,医药生物,2019,38,0.7191011235955056
2019-09-23,-398539.78343806555,2019-09-27,医药生物,2019,39,0.3111111111111111
2019-09-30,-1985341.9385460322,2019-10-04,医药生物,2019,40,0.12087912087912088
2019-10-07,1538211.170395936,2019-10-11,医药生物,2019,41,0.6304347826086957
2019-10-14,-723834.1924596799,2019-10-18,医药生物,2019,42,0.3010752688172043
2019-10-21,-1714532.8174073256,2019-10-25,医药生物,2019,43,0.1702127659574468
2019-10-28,686559.4675995745,2019-11-01,医药生物,2019,44,0.5263157894736842
2019-11-04,57911.251967199816,2019-11-08,医药生物,2019,45,0.4166666666666667
2019-11-11,-1319181.705306088,2019-11-15,医药生物,2019,46,0.24742268041237114
2019-11-18,1658513.4705528833,2019-11-22,医药生物,2019,47,0.673469387755102
2019-11-25,2101431.707554311,2019-11-29,医药生物,2019,48,0.7575757575757576
2019-12-02,-2592117.6670005945,2019-12-06,医药生物,2019,49,0.05
2019-12-09,-1237466.069491217,2019-12-13,医药生物,2019,50,0.2871287128712871
2019-12-16,856049.3430501734,2019-12-20,医药生物,2019,51,0.5392156862745098
2019-12-23,852227.8243148967,2019-12-27,医药生物,2019,52,0.5339805825242718
2019-12-30,1137628.949845299,2020-01-03,医药生物,2019,1,0.5769230769230769
2020-01-06,1623684.4138927837,2020-01-10,医药生物,2020,2,0.6826923076923077
2020-01-13,-682471.4376009558,2020-01-17,医药生物,2020,3,0.3173076923076923
2020-01-20,-489525.0606071745,2020-01-24,医药生物,2020,4,0.3269230769230769
2020-01-27,360959.64528249274,2020-01-31,医药生物,2020,5,0.47115384615384615
2020-02-03,-663903.9629366428,2020-02-07,医药生物,2020,6,0.3076923076923077
2020-02-10,-2515886.139454131,2020-02-14,医药生物,2020,7,0.04807692307692308
2020-02-17,-1086080.021749801,2020-02-21,医药生物,2020,8,0.2692307692307692
2020-02-24,1005920.5113478336,2020-02-28,医药生物,2020,9,0.5769230769230769
2020-03-02,6865863.252414876,2020-03-06,医药生物,2020,10,1.0
2020-03-09,475042.5818089487,2020-03-13,医药生物,2020,11,0.4807692307692308
2020-03-16,1608958.583796737,2020-03-20,医药生物,2020,12,0.6923076923076923
2020-03-23,-1024602.4984183654,2020-03-27,医药生物,2020,13,0.2692307692307692
2020-03-30,2011623.1445848765,2020-04-03,医药生物,2020,14,0.7692307692307693
2020-04-06,2265798.8896954516,2020-04-10,医药生物,2020,15,0.8365384615384616
2020-04-13,-1007870.2303828204,2020-04-17,医药生物,2020,16,0.25961538461538464
2020-04-20,-1323507.2761593612,2020-04-24,医药生物,2020,17,0.20192307692307693
2020-04-27,-2103824.726001552,2020-05-01,医药生物,2020,18,0.057692307692307696
2020-05-04,374612.97790335654,2020-05-08,医药生物,2020,19,0.4807692307692308
2020-05-11,2642211.0387211964,2020-05-15,医药生物,2020,20,0.8942307692307693
2020-05-18,-849374.6038220611,2020-05-22,医药生物,2020,21,0.2980769230769231
2020-05-25,444091.9095573199,2020-05-29,医药生物,2020,22,0.5
2020-06-01,118792.1931860147,2020-06-05,医药生物,2020,23,0.4326923076923077
2020-06-08,-590827.6520420967,2020-06-12,医药生物,2020,24,0.33653846153846156
2020-06-15,-795700.9999557661,2020-06-19,医药生物,2020,25,0.2980769230769231
2020-06-22,-2357287.574666486,2020-06-26,医药生物,2020,26,0.04807692307692308
2020-06-29,-2224906.889883455,2020-07-03,医药生物,2020,27,0.057692307692307696
2020-07-06,3095527.531285614,2020-07-10,医药生物,2020,28,0.9326923076923077
2020-07-13,-1390063.4048155653,2020-07-17,医药生物,2020,29,0.18269230769230768
2020-07-20,3771050.2319176607,2020-07-24,医药生物,2020,30,0.9423076923076923
2020-07-27,-1541554.2880286714,2020-07-31,医药生物,2020,31,0.17307692307692307
2020-08-03,-281775.48686926346,2020-08-07,医药生物,2020,32,0.3942307692307692
2020-08-10,-230012.2320779818,2020-08-14,医药生物,2020,33,0.40384615384615385
2020-08-17,3043246.107094043,2020-08-21,医药生物,2020,34,0.9134615384615384
2020-08-24,286304.1191671147,2020-08-28,医药生物,2020,35,0.5096153846153846
2020-08-31,2661107.979299169,2020-09-04,医药生物,2020,36,0.8846153846153846
2020-09-07,-2360167.132758882,2020-09-11,医药生物,2020,37,0.038461538461538464
2020-09-14,-4248889.524470781,2020-09-18,医药生物,2020,38,0.009615384615384616
2020-09-21,-474649.4005260753,2020-09-25,医药生物,2020,39,0.375
2020-09-28,-1777816.7696406345,2020-10-02,医药生物,2020,40,0.1346153846153846
2020-10-05,1629372.1954220943,2020-10-09,医药生物,2020,41,0.7211538461538461
2020-10-12,756226.4219773043,2020-10-16,医药生物,2020,42,0.5961538461538461
2020-10-19,2309439.189366656,2020-10-23,医药生物,2020,43,0.8365384615384616
2020-10-26,-784619.534196608,2020-10-30,医药生物,2020,44,0.3269230769230769
2020-11-02,-2373179.12791068,2020-11-06,医药生物,2020,45,0.038461538461538464
2020-11-09,-310354.35092238244,2020-11-13,医药生物,2020,46,0.41346153846153844
2020-11-16,1600442.1733308956,2020-11-20,医药生物,2020,47,0.6923076923076923
2020-11-23,717700.8873597782,2020-11-27,医药生物,2020,48,0.5769230769230769
2020-11-30,1594884.3102497414,2020-12-04,医药生物,2020,49,0.6923076923076923
2020-12-07,-2206591.7634221874,2020-12-11,医药生物,2020,50,0.07692307692307693
2020-12-14,2543643.7797730765,2020-12-18,医药生物,2020,51,0.8557692307692307
2020-12-21,-457899.33977579116,2020-12-25,医药生物,2020,52,0.38461538461538464
2020-12-28,-857936.838992114,2021-01-01,医药生物,2020,53,0.2980769230769231
2021-01-04,-1638453.5735707162,2021-01-08,医药生物,2021,1,0.17307692307692307
2021-01-11,546598.73263672,2021-01-15,医药生物,2021,2,0.5576923076923077
2021-01-18,2366035.423429186,2021-01-22,医药生物,2021,3,0.8461538461538461
2021-01-25,1428509.3470570631,2021-01-29,医药生物,2021,4,0.6538461538461539
2021-02-01,2125494.636371766,2021-02-05,医药生物,2021,5,0.8076923076923077
2021-02-08,185630.45399921492,2021-02-12,医药生物,2021,6,0.46153846153846156
2021-02-15,2989430.441542351,2021-02-19,医药生物,2021,7,0.9134615384615384
2021-02-22,-1069926.3516657082,2021-02-26,医药生物,2021,8,0.25
2021-03-01,2791914.6228361735,2021-03-05,医药生物,2021,9,0.9038461538461539
2021-03-08,1727202.7971671293,2021-03-12,医药生物,2021,10,0.7403846153846154
2021-03-15,2988243.189462004,2021-03-19,医药生物,2021,11,0.9038461538461539
2021-03-22,-1487501.8191429526,2021-03-26,医药生物,2021,12,0.18269230769230768
2021-03-29,1144453.5489059177,2021-04-02,医药生物,2021,13,0.625
2021-04-05,2483883.8736980744,2021-04-09,医药生物,2021,14,0.8365384615384616
2021-04-12,-1729396.29887621,2021-04-16,医药生物,2021,15,0.14423076923076922
2021-04-19,-368368.79986106814,2021-04-23,医药生物,2021,16,0.40384615384615385
2021-04-26,-1163411.8629443028,2021-04-30,医药生物,2021,17,0.23076923076923078
2021-05-03,2175611.1525655957,2021-05-07,医药生物,2021,18,0.7884615384615384
2021-05-10,-1123687.4144906523,2021-05-14,医药生物,2021,19,0.2403846153846154
2021-05-17,265770.54019630206,2021-05-21,医药生物,2021,20,0.4807692307692308
2021-05-24,-3880441.893832887,2021-05-28,医药生物,2021,21,0.009615384615384616
2021-05-31,799.4514269683277,2021-06-04,医药生物,2021,22,0.4519230769230769
2021-06-07,1802354.5403279082,2021-06-11,医药生物,2021,23,0.75
2021-06-14,-252399.07779682102,2021-06-18,医药生物,2021,24,0.4423076923076923
2021-06-21,3717552.6449472904,2021-06-25,医药生物,2021,25,0.9519230769230769
2021-06-28,194229.44131670706,2021-07-02,医药生物,2021,26,0.5
2021-07-05,-363410.0799055059,2021-07-09,医药生物,2021,27,0.41346153846153844
2021-07-12,961193.9996825652,2021-07-16,医药生物,2021,28,0.6442307692307693
2021-07-19,2171079.0598212946,2021-07-23,医药生物,2021,29,0.8173076923076923
2021-07-26,648365.6308115867,2021-07-30,医药生物,2021,30,0.5769230769230769
2021-08-02,-1424648.232831155,2021-08-06,医药生物,2021,31,0.17307692307692307
2021-08-09,99002.8922590735,2021-08-13,医药生物,2021,32,0.47115384615384615
2021-08-16,2638814.495960379,2021-08-20,医药生物,2021,33,0.8942307692307693
2021-08-23,-1798349.4707596,2021-08-27,医药生物,2021,34,0.11538461538461539
2021-08-30,-2690581.8748141984,2021-09-03,医药生物,2021,35,0.019230769230769232
2021-09-06,1935718.1669649845,2021-09-10,医药生物,2021,36,0.7788461538461539
2021-09-13,-1292060.3957999577,2021-09-17,医药生物,2021,37,0.22115384615384615
2021-09-20,1572502.46488061,2021-09-24,医药生物,2021,38,0.7115384615384616
2021-09-27,27505.745841316006,2021-10-01,医药生物,2021,39,0.47115384615384615
2021-10-04,4882951.876627451,2021-10-08,医药生物,2021,40,0.9903846153846154
2021-10-11,-2368495.799530524,2021-10-15,医药生物,2021,41,0.057692307692307696
2021-10-18,-1199477.2693027211,2021-10-22,医药生物,2021,42,0.2403846153846154
2021-10-25,-3803664.8360784766,2021-10-29,医药生物,2021,43,0.019230769230769232
2021-11-01,5191903.821409304,2021-11-05,医药生物,2021,44,0.9903846153846154
2021-11-08,755805.4080383462,2021-11-12,医药生物,2021,45,0.6057692307692307
2021-11-15,-3417962.40432743,2021-11-19,医药生物,2021,46,0.028846153846153848
2021-11-22,177314.1870718198,2021-11-26,医药生物,2021,47,0.5
2021-11-29,-1155248.8767084423,2021-12-03,医药生物,2021,48,0.25961538461538464
2021-12-06,788900.5983693918,2021-12-10,医药生物,2021,49,0.6346153846153846
2021-12-13,574977.1460365306,2021-12-17,医药生物,2021,50,0.5865384615384616
2021-12-20,2094372.3130205632,2021-12-24,医药生物,2021,51,0.7980769230769231
2021-12-27,-1523215.9500296095,2021-12-31,医药生物,2021,52,0.17307692307692307
2022-01-03,-1134354.0491580789,2022-01-07,医药生物,2022,1,0.25961538461538464
2022-01-10,252166.58561063383,2022-01-14,医药生物,2022,2,0.5384615384615384
2022-01-17,1896189.7513205195,2022-01-21,医药生物,2022,3,0.7692307692307693
2022-01-24,1795573.1019453036,2022-01-28,医药生物,2022,4,0.75
2022-01-31,-3270243.82430103,2022-02-04,医药生物,2022,5,0.038461538461538464
2022-02-07,-1833278.0344435414,2022-02-11,医药生物,2022,6,0.1346153846153846
2022-02-14,3286883.881538827,2022-02-18,医药生物,2022,7,0.9519230769230769
2022-02-21,-3046061.539714978,2022-02-25,医药生物,2022,8,0.04807692307692308
2022-02-28,-765522.6026647248,2022-03-04,医药生物,2022,9,0.36538461538461536
2022-03-07,461471.77048360626,2022-03-11,医药生物,2022,10,0.5769230769230769
2022-03-14,825916.802782478,2022-03-18,医药生物,2022,11,0.6538461538461539
2022-03-21,-867421.1359418862,2022-03-25,医药生物,2022,12,0.3269230769230769
2022-03-28,-60516.40683723206,2022-04-01,医药生物,2022,13,0.46153846153846156
2022-04-04,-639394.2187571266,2022-04-08,医药生物,2022,14,0.375
2022-04-11,232790.40985033748,2022-04-15,医药生物,2022,15,0.5480769230769231
2022-04-18,-1083068.7983078326,2022-04-22,医药生物,2022,16,0.2980769230769231
2022-04-25,1021865.854102988,2022-04-29,医药生物,2022,17,0.6923076923076923
2022-05-02,2847475.9153844793,2022-05-06,医药生物,2022,18,0.9134615384615384
2022-05-09,-1345872.9963439798,2022-05-13,医药生物,2022,19,0.22115384615384615
2022-05-16,1970675.9748947094,2022-05-20,医药生物,2022,20,0.7980769230769231
2022-05-23,-1675386.2529370121,2022-05-27,医药生物,2022,21,0.16346153846153846
2022-05-30,203456.01985226007,2022-06-03,医药生物,2022,22,0.5384615384615384
2022-06-06,-3916038.4672870953,2022-06-10,医药生物,2022,23,0.009615384615384616
2022-06-13,2907513.2337685074,2022-06-17,医药生物,2022,24,0.9134615384615384
2022-06-20,-362160.27657509205,2022-06-24,医药生物,2022,25,0.41346153846153844
2022-06-27,-1580790.2690602397,2022-07-01,医药生物,2022,26,0.18269230769230768
2022-07-04,-1786839.2462954486,2022-07-08,医药生物,2022,27,0.1346153846153846
2022-07-11,1721177.9104151572,2022-07-15,医药生物,2022,28,0.7403846153846154
2022-07-18,1986926.5010192054,2022-07-22,医药生物,2022,29,0.7980769230769231
2022-07-25,43994.12338332087,2022-07-29,医药生物,2022,30,0.4807692307692308
2022-08-01,1296833.8861182253,2022-08-05,医药生物,2022,31,0.6826923076923077
2022-08-08,1846982.7181150476,2022-08-12,医药生物,2022,32,0.7692307692307693
2022-08-15,458639.54966894176,2022-08-19,医药生物,2022,33,0.5480769230769231
2022-08-22,-1231046.6336484312,2022-08-26,医药生物,2022,34,0.2403846153846154
2022-08-29,1213006.861882539,2022-09-02,医药生物,2022,35,0.6730769230769231
2022-09-05,-1427270.0403754315,2022-09-09,医药生物,2022,36,0.21153846153846154
2022-09-12,-505931.2712060635,2022-09-16,医药生物,2022,37,0.36538461538461536
2022-09-19,-2743034.5173709905,2022-09-23,医药生物,2022,38,0.057692307692307696
2022-09-26,61902.969996404485,2022-09-30,医药生物,2022,39,0.47115384615384615
2022-10-03,707553.4584215473,2022-10-07,医药生物,2022,40,0.5961538461538461
2022-10-10,2802776.697334011,2022-10-14,医药生物,2022,41,0.9230769230769231
2022-10-17,1251442.6579017495,2022-10-21,医药生物,2022,42,0.6826923076923077
2022-10-24,1738092.0250173183,2022-10-28,医药生物,2022,43,0.7596153846153846
2022-10-31,1066773.2789502125,2022-11-04,医药生物,2022,44,0.6538461538461539
2022-11-07,2434574.1478703087,2022-11-11,医药生物,2022,45,0.875
2022-11-14,-525634.5980015184,2022-11-18,医药生物,2022,46,0.33653846153846156
2022-11-21,448766.637685786,2022-11-25,医药生物,2022,47,0.5288461538461539
2022-11-28,-1566822.2945431164,2022-12-02,医药生物,2022,48,0.16346153846153846
2022-12-05,581816.9791869977,2022-12-09,医药生物,2022,49,0.5865384615384616
2022-12-12,-2490753.086264708,2022-12-16,医药生物,2022,50,0.07692307692307693
2022-12-19,-2074267.6563446587,2022-12-23,医药生物,2022,51,0.09615384615384616
2022-12-26,-400415.741460168,2022-12-30,医药生物,2022,52,0.375
2023-01-02,1942884.9523169098,2023-01-06,医药生物,2023,1,0.8076923076923077
2023-01-09,-2458671.532287757,2023-01-13,医药生物,2023,2,0.08653846153846154
2023-01-16,-3911128.5826744274,2023-01-20,医药生物,2023,3,0.009615384615384616
2023-01-23,-220383.38188658014,2023-01-27,医药生物,2023,4,0.4230769230769231
2023-01-30,-317041.8234442079,2023-02-03,医药生物,2023,5,0.41346153846153844
2023-02-06,-1056483.661323619,2023-02-10,医药生物,2023,6,0.3269230769230769
2023-02-13,117258.70644905453,2023-02-17,医药生物,2023,7,0.5096153846153846
2023-02-20,-1623037.51227259,2023-02-24,医药生物,2023,8,0.17307692307692307
2023-02-27,-852184.5659010311,2023-03-03,医药生物,2023,9,0.34615384615384615
2023-03-06,2076422.5073437283,2023-03-10,医药生物,2023,10,0.8653846153846154
2023-03-13,-1986953.8883587485,2023-03-17,医药生物,2023,11,0.125
2023-03-20,620069.1173581587,2023-03-24,医药生物,2023,12,0.6442307692307693
2023-03-27,326470.7588872011,2023-03-31,医药生物,2023,13,0.5865384615384616
2023-04-03,1968653.1634394908,2023-04-07,医药生物,2023,14,0.8461538461538461
2023-04-10,470223.20480825484,2023-04-14,医药生物,2023,15,0.625
2023-04-17,104392.13610234094,2023-04-21,医药生物,2023,16,0.5096153846153846
2023-04-24,-1560245.388158138,2023-04-28,医药生物,2023,17,0.20192307692307693
2023-05-01,-598405.8073260123,2023-05-05,医药生物,2023,18,0.36538461538461536
2023-05-08,-2515517.438231015,2023-05-12,医药生物,2023,19,0.08653846153846154
2023-05-15,1982086.5906531545,2023-05-19,医药生物,2023,20,0.875
2023-05-22,-3592289.768951742,2023-05-26,医药生物,2023,21,0.038461538461538464
2023-05-29,208857.8288356308,2023-06-02,医药生物,2023,22,0.5576923076923077
2023-06-05,-542070.1452167002,2023-06-09,医药生物,2023,23,0.375
2023-06-12,-2174677.95342486,2023-06-16,医药生物,2023,24,0.125
2023-06-19,-77843.91965352837,2023-06-23,医药生物,2023,25,0.46153846153846156
2023-06-26,650908.5834490408,2023-06-30,医药生物,2023,26,0.6826923076923077
2023-07-03,1300920.1104619065,2023-07-07,医药生物,2023,27,0.7788461538461539
2023-07-10,-3293928.3047971837,2023-07-14,医药生物,2023,28,0.04807692307692308
2023-07-17,-2232843.647710571,2023-07-21,医药生物,2023,29,0.1346153846153846
2023-07-24,-273885.3418375831,2023-07-28,医药生物,2023,30,0.46153846153846156
2023-07-31,-2438866.413488689,2023-08-04,医药生物,2023,31,0.125
2023-08-07,-28810.939267489186,2023-08-11,医药生物,2023,32,0.5
2023-08-14,831256.6506418148,2023-08-18,医药生物,2023,33,0.7307692307692307
2023-08-21,1072710.8768816786,2023-08-25,医药生物,2023,34,0.7596153846153846
2023-08-28,1068246.879774875,2023-09-01,医药生物,2023,35,0.75
2023-09-04,2380690.756264855,2023-09-08,医药生物,2023,36,0.9326923076923077
2023-09-11,6076007.060410387,2023-09-15,医药生物,2023,37,1.0
2023-09-18,2674925.033347745,2023-09-22,医药生物,2023,38,0.9326923076923077
2023-09-25,1924687.6675741659,2023-09-29,医药生物,2023,39,0.8365384615384616
2023-10-02,-116394.19550787962,2023-10-06,医药生物,2023,40,0.4519230769230769
2023-10-09,-4604808.100579578,2023-10-13,医药生物,2023,41,0.0
2023-10-16,498846.7028830111,2023-10-20,医药生物,2023,42,0.625
2023-10-23,-3646846.5021275375,2023-10-27,医药生物,2023,43,0.038461538461538464
2023-10-30,-3249395.9527701368,2023-11-03,医药生物,2023,44,0.07692307692307693
2023-11-06,402896.6980979246,2023-11-10,医药生物,2023,45,0.5865384615384616
2023-11-13,-124176.0322273511,2023-11-17,医药生物,2023,46,0.4519230769230769
2023-11-20,2058735.5101257875,2023-11-24,医药生物,2023,47,0.9038461538461539
2023-11-27,1078912.2784601068,2023-12-01,医药生物,2023,48,0.75
2023-12-04,1901530.6582334703,2023-12-08,医药生物,2023,49,0.8365384615384616
2023-12-11,1150300.3202515193,2023-12-15,医药生物,2023,50,0.7403846153846154
2023-12-18,4114802.547578438,2023-12-22,医药生物,2023,51,0.9903846153846154
2023-12-25,2340898.934936287,2023-12-29,医药生物,2023,52,0.9134615384615384
2024-01-01,-1130628.7089187338,2024-01-05,医药生物,2024,1,0.27884615384615385
2024-01-08,3596000.549704644,2024-01-12,医药生物,2024,2,0.9807692307692307
2024-01-15,1730716.1295031856,2024-01-19,医药生物,2024,3,0.7692307692307693
2024-01-22,-1966435.4327359062,2024-01-26,医药生物,2024,4,0.17307692307692307
2024-01-29,1876093.9676947775,2024-02-02,医药生物,2024,5,0.8076923076923077
2024-02-05,-5853043.792703221,2024-02-09,医药生物,2024,6,0.0
2024-02-12,938478.1113340944,2024-02-16,医药生物,2024,7,0.6634615384615384
2024-02-19,-3990375.038545758,2024-02-23,医药生物,2024,8,0.019230769230769232
2024-02-26,-971249.7787637482,2024-03-01,医药生物,2024,9,0.2980769230769231
2024-03-04,116820.93872340431,2024-03-08,医药生物,2024,10,0.5
2024-03-11,-2954573.538615994,2024-03-15,医药生物,2024,11,0.08653846153846154
2024-03-18,677490.0192050604,2024-03-22,医药生物,2024,12,0.6442307692307693
2024-03-25,7303615.069795479,2024-03-29,医药生物,2024,13,1.0
2024-04-01,-420450.11443121266,2024-04-05,医药生物,2024,14,0.375
2024-04-08,-575625.0232806583,2024-04-12,医药生物,2024,15,0.33653846153846156
2024-04-15,4524183.129130429,2024-04-19,医药生物,2024,16,0.9807692307692307
2024-04-22,3106329.312753902,2024-04-26,医药生物,2024,17,0.9519230769230769
2024-04-29,845411.1513787161,2024-05-03,医药生物,2024,18,0.6442307692307693
2024-05-06,-1451483.4145758862,2024-05-10,医药生物,2024,19,0.25
2024-05-13,-2134892.334864836,2024-05-17,医药生物,2024,20,0.16346153846153846
2024-05-20,51720.96160578898,2024-05-24,医药生物,2024,21,0.4807692307692308
2024-05-27,4035659.4525930863,2024-05-31,医药生物,2024,22,0.9615384615384616
2024-06-03,-2711380.248783798,2024-06-07,医药生物,2024,23,0.10576923076923077
2024-06-10,-1230102.49096625,2024-06-14,医药生物,2024,24,0.27884615384615385
2024-06-17,-486962.7553615067,2024-06-21,医药生物,2024,25,0.375
2024-06-24,-427215.03068283247,2024-06-28,医药生物,2024,26,0.38461538461538464
2024-07-01,-2156639.388107566,2024-07-05,医药生物,2024,27,0.16346153846153846
2024-07-08,-600537.5621913162,2024-07-12,医药生物,2024,28,0.3173076923076923
2024-07-15,-440381.7176286597,2024-07-19,医药生物,2024,29,0.38461538461538464
2024-07-22,-805523.1401568974,2024-07-26,医药生物,2024,30,0.3173076923076923
2024-07-29,2136634.7567374287,2024-07-31,医药生物,2024,31,0.8846153846153846
2018-01-01,-674867.4038970044,2018-01-05,国防军工,2018,1,
2018-01-08,-2788344.79693434,2018-01-12,国防军工,2018,2,0.0
2018-01-15,-4612251.890034097,2018-01-19,国防军工,2018,3,0.0
2018-01-22,1183657.312605793,2018-01-26,国防军工,2018,4,1.0
2018-01-29,2445232.581895646,2018-02-02,国防军工,2018,5,1.0
2018-02-05,1433.3409677812597,2018-02-09,国防军工,2018,6,0.6
2018-02-12,-1412099.82041966,2018-02-16,国防军工,2018,7,0.3333333333333333
2018-02-19,7882918.459050428,2018-02-23,国防军工,2018,8,1.0
2018-02-26,-4370750.47315561,2018-03-02,国防军工,2018,9,0.125
2018-03-05,659916.9125739684,2018-03-09,国防军工,2018,10,0.6666666666666666
2018-03-12,-2414715.846039016,2018-03-16,国防军工,2018,11,0.3
2018-03-19,-3162112.8436763836,2018-03-23,国防军工,2018,12,0.18181818181818182
2018-03-26,-425347.6103454989,2018-03-30,国防军工,2018,13,0.5833333333333334
2018-04-02,2368052.5604745764,2018-04-06,国防军工,2018,14,0.8461538461538461
2018-04-09,1228360.5704292483,2018-04-13,国防军工,2018,15,0.7857142857142857
2018-04-16,-967171.0081578942,2018-04-20,国防军工,2018,16,0.4
2018-04-23,1508053.8703196247,2018-04-27,国防军工,2018,17,0.8125
2018-04-30,5381192.812157018,2018-05-04,国防军工,2018,18,0.9411764705882353
2018-05-07,3434105.8005105993,2018-05-11,国防军工,2018,19,0.8888888888888888
2018-05-14,1050817.4068705654,2018-05-18,国防军工,2018,20,0.5789473684210527
2018-05-21,3823766.0885866517,2018-05-25,国防军工,2018,21,0.9
2018-05-28,1777225.1056652963,2018-06-01,国防军工,2018,22,0.7142857142857143
2018-06-04,155131.42387021577,2018-06-08,国防军工,2018,23,0.45454545454545453
2018-06-11,463738.0866416824,2018-06-15,国防军工,2018,24,0.4782608695652174
2018-06-18,-1498140.7076936015,2018-06-22,国防军工,2018,25,0.20833333333333334
2018-06-25,371369.5727084074,2018-06-29,国防军工,2018,26,0.48
2018-07-02,109790.75810195459,2018-07-06,国防军工,2018,27,0.4230769230769231
2018-07-09,-928735.46662872,2018-07-13,国防军工,2018,28,0.2962962962962963
2018-07-16,1568131.348468128,2018-07-20,国防军工,2018,29,0.75
2018-07-23,-602391.033924445,2018-07-27,国防军工,2018,30,0.3448275862068966
2018-07-30,3267126.6737471577,2018-08-03,国防军工,2018,31,0.8666666666666667
2018-08-06,950451.2493315283,2018-08-10,国防军工,2018,32,0.5806451612903226
2018-08-13,1241922.3999266934,2018-08-17,国防军工,2018,33,0.6875
2018-08-20,3271549.0178408492,2018-08-24,国防军工,2018,34,0.8787878787878788
2018-08-27,-712130.1809416941,2018-08-31,国防军工,2018,35,0.2647058823529412
2018-09-03,4209072.471223633,2018-09-07,国防军工,2018,36,0.9428571428571428
2018-09-10,221868.38319090474,2018-09-14,国防军工,2018,37,0.4444444444444444
2018-09-17,1251422.179445718,2018-09-21,国防军工,2018,38,0.6756756756756757
2018-09-24,-1589967.3068711255,2018-09-28,国防军工,2018,39,0.13157894736842105
2018-10-01,2275506.0230702143,2018-10-05,国防军工,2018,40,0.7692307692307693
2018-10-08,3030021.3599646324,2018-10-12,国防军工,2018,41,0.825
2018-10-15,-2227318.099191527,2018-10-19,国防军工,2018,42,0.12195121951219512
2018-10-22,54653.57005807571,2018-10-26,国防军工,2018,43,0.38095238095238093
2018-10-29,-3415430.554690129,2018-11-02,国防军工,2018,44,0.046511627906976744
2018-11-05,-2260605.2048774757,2018-11-09,国防军工,2018,45,0.13636363636363635
2018-11-12,4051297.361317418,2018-11-16,国防军工,2018,46,0.9333333333333333
2018-11-19,1651096.5922238454,2018-11-23,国防军工,2018,47,0.717391304347826
2018-11-26,177317.2656132889,2018-11-30,国防军工,2018,48,0.44680851063829785
2018-12-03,1238968.4809429173,2018-12-07,国防军工,2018,49,0.625
2018-12-10,-1613401.7443069962,2018-12-14,国防军工,2018,50,0.16326530612244897
2018-12-17,-2369633.850368622,2018-12-21,国防军工,2018,51,0.12
2018-12-24,-4081978.6428135755,2018-12-28,国防军工,2018,52,0.0392156862745098
2018-12-31,2331084.4779049573,2019-01-04,国防军工,2018,1,0.7884615384615384
2019-01-07,-2387996.838204693,2019-01-11,国防军工,2019,2,0.1320754716981132
2019-01-14,895763.9571932193,2019-01-18,国防军工,2019,3,0.5555555555555556
2019-01-21,2095699.8748029307,2019-01-25,国防军工,2019,4,0.7636363636363637
2019-01-28,-3868570.4702959,2019-02-01,国防军工,2019,5,0.05357142857142857
2019-02-04,-1047593.0775552525,2019-02-08,国防军工,2019,6,0.2807017543859649
2019-02-11,-927924.0554894523,2019-02-15,国防军工,2019,7,0.3275862068965517
2019-02-18,-1246517.86157769,2019-02-22,国防军工,2019,8,0.2711864406779661
2019-02-25,2217174.2064381377,2019-03-01,国防军工,2019,9,0.7833333333333333
2019-03-04,-56860.79872326797,2019-03-08,国防军工,2019,10,0.4098360655737705
2019-03-11,941113.6624818287,2019-03-15,国防军工,2019,11,0.5806451612903226
2019-03-18,-1754130.1555387597,2019-03-22,国防军工,2019,12,0.19047619047619047
2019-03-25,180241.83749627878,2019-03-29,国防军工,2019,13,0.5
2019-04-01,-656063.6135978131,2019-04-05,国防军工,2019,14,0.36923076923076925
2019-04-08,1324522.2965246423,2019-04-12,国防军工,2019,15,0.7121212121212122
2019-04-15,-1623752.644092193,2019-04-19,国防军工,2019,16,0.19402985074626866
2019-04-22,1308438.6233669908,2019-04-26,国防军工,2019,17,0.7058823529411765
2019-04-29,-665802.5821537762,2019-05-03,国防军工,2019,18,0.36231884057971014
2019-05-06,1032566.5667739186,2019-05-10,国防军工,2019,19,0.6142857142857143
2019-05-13,-354141.5934739844,2019-05-17,国防军工,2019,20,0.4084507042253521
2019-05-20,2387071.9894591197,2019-05-24,国防军工,2019,21,0.8611111111111112
2019-05-27,850283.2863214198,2019-05-31,国防军工,2019,22,0.5616438356164384
2019-06-03,2295575.92114321,2019-06-07,国防军工,2019,23,0.8243243243243243
2019-06-10,1330858.2490609393,2019-06-14,国防军工,2019,24,0.72
2019-06-17,-2465837.4910201714,2019-06-21,国防军工,2019,25,0.09210526315789473
2019-06-24,3313531.580296009,2019-06-28,国防军工,2019,26,0.922077922077922
2019-07-01,1297874.712555932,2019-07-05,国防军工,2019,27,0.6794871794871795
2019-07-08,1340392.2430243283,2019-07-12,国防军工,2019,28,0.7215189873417721
2019-07-15,-2593062.2912392598,2019-07-19,国防军工,2019,29,0.0875
2019-07-22,-229468.82269804756,2019-07-26,国防军工,2019,30,0.3950617283950617
2019-07-29,519237.25618968275,2019-08-02,国防军工,2019,31,0.524390243902439
2019-08-05,387229.7627792043,2019-08-09,国防军工,2019,32,0.5060240963855421
2019-08-12,635750.0001596103,2019-08-16,国防军工,2019,33,0.5357142857142857
2019-08-19,260898.6744554455,2019-08-23,国防军工,2019,34,0.4823529411764706
2019-08-26,-342867.2192909466,2019-08-30,国防军工,2019,35,0.37209302325581395
2019-09-02,372378.225413952,2019-09-06,国防军工,2019,36,0.5057471264367817
2019-09-09,-3182624.1590487696,2019-09-13,国防军工,2019,37,0.056818181818181816
2019-09-16,-712651.2749428205,2019-09-20,国防军工,2019,38,0.29213483146067415
2019-09-23,278534.44365797273,2019-09-27,国防军工,2019,39,0.5
2019-09-30,-1302056.8881332567,2019-10-04,国防军工,2019,40,0.23076923076923078
2019-10-07,-130023.87688425306,2019-10-11,国防军工,2019,41,0.40217391304347827
2019-10-14,-1463180.084283214,2019-10-18,国防军工,2019,42,0.21505376344086022
2019-10-21,-695439.5524582146,2019-10-25,国防军工,2019,43,0.3191489361702128
2019-10-28,-1235295.5629063211,2019-11-01,国防军工,2019,44,0.25263157894736843
2019-11-04,761684.9559397191,2019-11-08,国防军工,2019,45,0.6041666666666666
2019-11-11,526417.1281678895,2019-11-15,国防军工,2019,46,0.5773195876288659
2019-11-18,674996.3155282573,2019-11-22,国防军工,2019,47,0.6020408163265306
2019-11-25,-758655.8741402811,2019-11-29,国防军工,2019,48,0.29292929292929293
2019-12-02,-2855183.0354128443,2019-12-06,国防军工,2019,49,0.07
2019-12-09,5760744.989190893,2019-12-13,国防军工,2019,50,0.9900990099009901
2019-12-16,-751623.1580447,2019-12-20,国防军工,2019,51,0.30392156862745096
2019-12-23,4155852.106964241,2019-12-27,国防军工,2019,52,0.9611650485436893
2019-12-30,3815827.633253726,2020-01-03,国防军工,2019,1,0.9326923076923077
2020-01-06,4957487.139758138,2020-01-10,国防军工,2020,2,0.9711538461538461
2020-01-13,-1631910.271454572,2020-01-17,国防军工,2020,3,0.15384615384615385
2020-01-20,-3477765.123432262,2020-01-24,国防军工,2020,4,0.028846153846153848
2020-01-27,-502893.7487828802,2020-01-31,国防军工,2020,5,0.36538461538461536
2020-02-03,38919.35604835069,2020-02-07,国防军工,2020,6,0.4423076923076923
2020-02-10,-1488753.426881391,2020-02-14,国防军工,2020,7,0.20192307692307693
2020-02-17,1775881.7003105534,2020-02-21,国防军工,2020,8,0.7884615384615384
2020-02-24,-1655806.4108094552,2020-02-28,国防军工,2020,9,0.15384615384615385
2020-03-02,-302516.84742693836,2020-03-06,国防军工,2020,10,0.40384615384615385
2020-03-09,-707138.7251211163,2020-03-13,国防军工,2020,11,0.3269230769230769
2020-03-16,-333129.71629748424,2020-03-20,国防军工,2020,12,0.40384615384615385
2020-03-23,-6518416.741073542,2020-03-27,国防军工,2020,13,0.0
2020-03-30,-226570.64067840693,2020-04-03,国防军工,2020,14,0.4230769230769231
2020-04-06,-1105906.9449818484,2020-04-10,国防军工,2020,15,0.2403846153846154
2020-04-13,-1790620.8573220843,2020-04-17,国防军工,2020,16,0.125
2020-04-20,2133024.753975794,2020-04-24,国防军工,2020,17,0.8269230769230769
2020-04-27,1027629.6305475072,2020-05-01,国防军工,2020,18,0.6730769230769231
2020-05-04,-1573195.6689661024,2020-05-08,国防军工,2020,19,0.19230769230769232
2020-05-11,-4255347.159007319,2020-05-15,国防军工,2020,20,0.009615384615384616
2020-05-18,-287942.4626958132,2020-05-22,国防军工,2020,21,0.4423076923076923
2020-05-25,-1098354.0168737837,2020-05-29,国防军工,2020,22,0.27884615384615385
2020-06-01,-299382.72243145225,2020-06-05,国防军工,2020,23,0.4519230769230769
2020-06-08,3332598.1407228224,2020-06-12,国防军工,2020,24,0.9423076923076923
2020-06-15,-3501925.3524259296,2020-06-19,国防军工,2020,25,0.038461538461538464
2020-06-22,1736154.2277652912,2020-06-26,国防军工,2020,26,0.8173076923076923
2020-06-29,3168068.9065484097,2020-07-03,国防军工,2020,27,0.9038461538461539
2020-07-06,779126.2874627308,2020-07-10,国防军工,2020,28,0.6442307692307693
2020-07-13,-4240355.700056034,2020-07-17,国防军工,2020,29,0.019230769230769232
2020-07-20,1962045.2369625058,2020-07-24,国防军工,2020,30,0.8173076923076923
2020-07-27,586245.7080883407,2020-07-31,国防军工,2020,31,0.6057692307692307
2020-08-03,1932999.5333031015,2020-08-07,国防军工,2020,32,0.8173076923076923
2020-08-10,-251130.17299739982,2020-08-14,国防军工,2020,33,0.46153846153846156
2020-08-17,-4047603.7534272303,2020-08-21,国防军工,2020,34,0.038461538461538464
2020-08-24,397947.08604068984,2020-08-28,国防军工,2020,35,0.6057692307692307
2020-08-31,-3301026.927542169,2020-09-04,国防军工,2020,36,0.08653846153846154
2020-09-07,-1470242.9456618396,2020-09-11,国防军工,2020,37,0.25961538461538464
2020-09-14,-2939658.6013631374,2020-09-18,国防军工,2020,38,0.10576923076923077
2020-09-21,723115.3334570708,2020-09-25,国防军工,2020,39,0.6730769230769231
2020-09-28,1685587.403818218,2020-10-02,国防军工,2020,40,0.8076923076923077
2020-10-05,-649003.4940177327,2020-10-09,国防军工,2020,41,0.41346153846153844
2020-10-12,2154616.357179749,2020-10-16,国防军工,2020,42,0.8846153846153846
2020-10-19,523187.80383565975,2020-10-23,国防军工,2020,43,0.625
2020-10-26,-3943060.65910389,2020-10-30,国防军工,2020,44,0.04807692307692308
2020-11-02,1513129.27497304,2020-11-06,国防军工,2020,45,0.7980769230769231
2020-11-09,249570.06208445877,2020-11-13,国防军工,2020,46,0.5480769230769231
2020-11-16,2333872.5465076817,2020-11-20,国防军工,2020,47,0.9230769230769231
2020-11-23,2440836.61695941,2020-11-27,国防军工,2020,48,0.9326923076923077
2020-11-30,-744774.8345823754,2020-12-04,国防军工,2020,49,0.34615384615384615
2020-12-07,-2830400.3911162456,2020-12-11,国防军工,2020,50,0.125
2020-12-14,3882580.4152212925,2020-12-18,国防军工,2020,51,0.9711538461538461
2020-12-21,1809968.76483408,2020-12-25,国防军工,2020,52,0.8173076923076923
2020-12-28,1724.787925656041,2021-01-01,国防军工,2020,53,0.5096153846153846
2021-01-04,364941.63443501457,2021-01-08,国防军工,2021,1,0.5673076923076923
2021-01-11,-813173.3504545061,2021-01-15,国防军工,2021,2,0.2980769230769231
2021-01-18,1141071.2833305767,2021-01-22,国防军工,2021,3,0.7307692307692307
2021-01-25,-1905619.1240546575,2021-01-29,国防军工,2021,4,0.14423076923076922
2021-02-01,-395745.39008131606,2021-02-05,国防军工,2021,5,0.40384615384615385
2021-02-08,739025.2783922695,2021-02-12,国防军工,2021,6,0.6730769230769231
2021-02-15,2837541.6056821654,2021-02-19,国防军工,2021,7,0.9230769230769231
2021-02-22,-3494523.899270458,2021-02-26,国防军工,2021,8,0.057692307692307696
2021-03-01,1128510.0890366356,2021-03-05,国防军工,2021,9,0.7307692307692307
2021-03-08,-1026461.8512493167,2021-03-12,国防军工,2021,10,0.27884615384615385
2021-03-15,-6572601.916568394,2021-03-19,国防军工,2021,11,0.0
2021-03-22,-285739.7011086313,2021-03-26,国防军工,2021,12,0.46153846153846156
2021-03-29,-901972.2972645652,2021-04-02,国防军工,2021,13,0.28846153846153844
2021-04-05,-2682107.4830914563,2021-04-09,国防军工,2021,14,0.1346153846153846
2021-04-12,-1383106.369942084,2021-04-16,国防军工,2021,15,0.25
2021-04-19,-1597214.3855492393,2021-04-23,国防军工,2021,16,0.20192307692307693
2021-04-26,-83426.98299284873,2021-04-30,国防军工,2021,17,0.5288461538461539
2021-05-03,-1720538.1770008216,2021-05-07,国防军工,2021,18,0.18269230769230768
2021-05-10,-1352889.6788182303,2021-05-14,国防军工,2021,19,0.2692307692307692
2021-05-17,1139170.364704892,2021-05-21,国防军工,2021,20,0.75
2021-05-24,-1075202.071874099,2021-05-28,国防军工,2021,21,0.3173076923076923
2021-05-31,233416.41955693252,2021-06-04,国防军工,2021,22,0.5673076923076923
2021-06-07,-1935832.0568976353,2021-06-11,国防军工,2021,23,0.16346153846153846
2021-06-14,234627.91317727976,2021-06-18,国防军工,2021,24,0.5865384615384616
2021-06-21,2200839.87104032,2021-06-25,国防军工,2021,25,0.8942307692307693
2021-06-28,2250709.583102992,2021-07-02,国防军工,2021,26,0.9038461538461539
2021-07-05,302805.8294993796,2021-07-09,国防军工,2021,27,0.6153846153846154
2021-07-12,-965262.7908067734,2021-07-16,国防军工,2021,28,0.33653846153846156
2021-07-19,-1112504.0342790564,2021-07-23,国防军工,2021,29,0.28846153846153844
2021-07-26,1540819.9244884895,2021-07-30,国防军工,2021,30,0.8076923076923077
2021-08-02,-1767811.0740315116,2021-08-06,国防军工,2021,31,0.17307692307692307
2021-08-09,922439.8849883669,2021-08-13,国防军工,2021,32,0.75
2021-08-16,1562587.333650728,2021-08-20,国防军工,2021,33,0.8076923076923077
2021-08-23,489105.2554185813,2021-08-27,国防军工,2021,34,0.6538461538461539
2021-08-30,582958.0626763783,2021-09-03,国防军工,2021,35,0.6730769230769231
2021-09-06,595626.752758946,2021-09-10,国防军工,2021,36,0.6826923076923077
2021-09-13,-4369264.308691325,2021-09-17,国防军工,2021,37,0.019230769230769232
2021-09-20,1987445.6010136176,2021-09-24,国防军工,2021,38,0.8653846153846154
2021-09-27,3688953.366076643,2021-10-01,国防军工,2021,39,0.9519230769230769
2021-10-04,-282781.31491874973,2021-10-08,国防军工,2021,40,0.49038461538461536
2021-10-11,-2435456.17278184,2021-10-15,国防军工,2021,41,0.14423076923076922
2021-10-18,-718108.8470997578,2021-10-22,国防军工,2021,42,0.3942307692307692
2021-10-25,3972154.4306317084,2021-10-29,国防军工,2021,43,0.9711538461538461
2021-11-01,-2729256.0101344394,2021-11-05,国防军工,2021,44,0.1346153846153846
2021-11-08,1701953.7027718215,2021-11-12,国防军工,2021,45,0.7884615384615384
2021-11-15,-384917.33485689317,2021-11-19,国防军工,2021,46,0.4423076923076923
2021-11-22,-101772.68466784887,2021-11-26,国防军工,2021,47,0.5288461538461539
2021-11-29,-758629.5690384859,2021-12-03,国防军工,2021,48,0.36538461538461536
2021-12-06,3813386.053049517,2021-12-10,国防军工,2021,49,0.9423076923076923
2021-12-13,1494640.0702859485,2021-12-17,国防军工,2021,50,0.7403846153846154
2021-12-20,-3225545.8318054075,2021-12-24,国防军工,2021,51,0.10576923076923077
2021-12-27,3770005.958125254,2021-12-31,国防军工,2021,52,0.9519230769230769
2022-01-03,-4550889.07381201,2022-01-07,国防军工,2022,1,0.019230769230769232
2022-01-10,-1815096.3860136128,2022-01-14,国防军工,2022,2,0.19230769230769232
2022-01-17,-1070543.0009717364,2022-01-21,国防军工,2022,3,0.33653846153846156
2022-01-24,113135.16791846287,2022-01-28,国防军工,2022,4,0.5673076923076923
2022-01-31,858142.0346229044,2022-02-04,国防军工,2022,5,0.7019230769230769
2022-02-07,3242708.655616776,2022-02-11,国防军工,2022,6,0.9423076923076923
2022-02-14,151908.49334686308,2022-02-18,国防军工,2022,7,0.5480769230769231
2022-02-21,-901612.7738135972,2022-02-25,国防军工,2022,8,0.3557692307692308
2022-02-28,2729073.346900177,2022-03-04,国防军工,2022,9,0.9134615384615384
2022-03-07,1525148.9782819722,2022-03-11,国防军工,2022,10,0.7596153846153846
2022-03-14,3139470.837183333,2022-03-18,国防军工,2022,11,0.9230769230769231
2022-03-21,1784127.6313280445,2022-03-25,国防军工,2022,12,0.7980769230769231
2022-03-28,-1184318.8338336437,2022-04-01,国防军工,2022,13,0.25961538461538464
2022-04-04,3728932.7629271643,2022-04-08,国防军工,2022,14,0.9615384615384616
2022-04-11,-31484.788654796313,2022-04-15,国防军工,2022,15,0.4807692307692308
2022-04-18,-791565.9029052514,2022-04-22,国防军工,2022,16,0.34615384615384615
2022-04-25,-313933.45749636483,2022-04-29,国防军工,2022,17,0.41346153846153844
2022-05-02,3928887.072736173,2022-05-06,国防军工,2022,18,0.9903846153846154
2022-05-09,3301893.5896411017,2022-05-13,国防军工,2022,19,0.9230769230769231
2022-05-16,214524.35217635636,2022-05-20,国防军工,2022,20,0.5096153846153846
2022-05-23,-312082.56659051345,2022-05-27,国防军工,2022,21,0.40384615384615385
2022-05-30,885882.0353845637,2022-06-03,国防军工,2022,22,0.6538461538461539
2022-06-06,-182446.106577987,2022-06-10,国防军工,2022,23,0.4326923076923077
2022-06-13,-807162.7214627946,2022-06-17,国防军工,2022,24,0.3173076923076923
2022-06-20,2119566.2892959705,2022-06-24,国防军工,2022,25,0.8269230769230769
2022-06-27,-2579443.041116128,2022-07-01,国防军工,2022,26,0.125
2022-07-04,986540.0226541497,2022-07-08,国防军工,2022,27,0.6826923076923077
2022-07-11,-1016034.0394231172,2022-07-15,国防军工,2022,28,0.27884615384615385
2022-07-18,-2107721.8339363616,2022-07-22,国防军工,2022,29,0.1346153846153846
2022-07-25,-2545357.9847081034,2022-07-29,国防军工,2022,30,0.125
2022-08-01,130370.7964315766,2022-08-05,国防军工,2022,31,0.5192307692307693
2022-08-08,-1794210.9464463342,2022-08-12,国防军工,2022,32,0.18269230769230768
2022-08-15,-194034.647107318,2022-08-19,国防军工,2022,33,0.46153846153846156
2022-08-22,104905.70413565706,2022-08-26,国防军工,2022,34,0.5096153846153846
2022-08-29,-2359019.3761240332,2022-09-02,国防军工,2022,35,0.1346153846153846
2022-09-05,1053685.73231941,2022-09-09,国防军工,2022,36,0.7019230769230769
2022-09-12,3952893.7741144313,2022-09-16,国防军工,2022,37,0.9903846153846154
2022-09-19,-2712499.87684239,2022-09-23,国防军工,2022,38,0.07692307692307693
2022-09-26,417366.61166968656,2022-09-30,国防军工,2022,39,0.5961538461538461
2022-10-03,-1297225.4300688114,2022-10-07,国防军工,2022,40,0.23076923076923078
2022-10-10,-26881.4267067014,2022-10-14,国防军工,2022,41,0.49038461538461536
2022-10-17,3125986.9654732207,2022-10-21,国防军工,2022,42,0.8942307692307693
2022-10-24,-632520.3501457856,2022-10-28,国防军工,2022,43,0.38461538461538464
2022-10-31,710272.8511026724,2022-11-04,国防军工,2022,44,0.6442307692307693
2022-11-07,-617653.0641156527,2022-11-11,国防军工,2022,45,0.38461538461538464
2022-11-14,1299392.8323801826,2022-11-18,国防军工,2022,46,0.7403846153846154
2022-11-21,-494129.1745518135,2022-11-25,国防军工,2022,47,0.3942307692307692
2022-11-28,4569286.80435042,2022-12-02,国防军工,2022,48,1.0
2022-12-05,-2035143.2809600264,2022-12-09,国防军工,2022,49,0.1346153846153846
2022-12-12,2720332.459160558,2022-12-16,国防军工,2022,50,0.8557692307692307
2022-12-19,-4382510.955018751,2022-12-23,国防军工,2022,51,0.019230769230769232
2022-12-26,1084906.4314006492,2022-12-30,国防军工,2022,52,0.7211538461538461
2023-01-02,-604687.6014966243,2023-01-06,国防军工,2023,1,0.3942307692307692
2023-01-09,-2815622.5692755072,2023-01-13,国防军工,2023,2,0.057692307692307696
2023-01-16,3122678.479120106,2023-01-20,国防军工,2023,3,0.8846153846153846
2023-01-23,3824501.5794844558,2023-01-27,国防军工,2023,4,0.9615384615384616
2023-01-30,-1862972.7299200993,2023-02-03,国防军工,2023,5,0.16346153846153846
2023-02-06,-2335932.052769228,2023-02-10,国防军工,2023,6,0.1346153846153846
2023-02-13,1768149.1177259402,2023-02-17,国防军工,2023,7,0.7884615384615384
2023-02-20,-1383300.3618763795,2023-02-24,国防军工,2023,8,0.23076923076923078
2023-02-27,993453.8944866486,2023-03-03,国防军工,2023,9,0.6923076923076923
2023-03-06,-3306723.9396648016,2023-03-10,国防军工,2023,10,0.038461538461538464
2023-03-13,-1280906.2153157743,2023-03-17,国防军工,2023,11,0.2692307692307692
2023-03-20,-3242633.6718455795,2023-03-24,国防军工,2023,12,0.038461538461538464
2023-03-27,1643653.4290824463,2023-03-31,国防军工,2023,13,0.7788461538461539
2023-04-03,1634868.1688400782,2023-04-07,国防军工,2023,14,0.7692307692307693
2023-04-10,-59862.35232985881,2023-04-14,国防军工,2023,15,0.49038461538461536
2023-04-17,1508766.2767653216,2023-04-21,国防军工,2023,16,0.7307692307692307
2023-04-24,-863221.3445857724,2023-04-28,国防军工,2023,17,0.3173076923076923
2023-05-01,1798799.2528362605,2023-05-05,国防军工,2023,18,0.8076923076923077
2023-05-08,-831970.4021454816,2023-05-12,国防军工,2023,19,0.3173076923076923
2023-05-15,-670471.4883867598,2023-05-19,国防军工,2023,20,0.3557692307692308
2023-05-22,-1628713.3060369543,2023-05-26,国防军工,2023,21,0.20192307692307693
2023-05-29,1185061.3756872658,2023-06-02,国防军工,2023,22,0.6923076923076923
2023-06-05,1381862.1097300714,2023-06-09,国防军工,2023,23,0.7019230769230769
2023-06-12,-208439.1622513599,2023-06-16,国防军工,2023,24,0.4326923076923077
2023-06-19,-1159442.1776471117,2023-06-23,国防军工,2023,25,0.2403846153846154
2023-06-26,242632.39343435052,2023-06-30,国防军工,2023,26,0.5576923076923077
2023-07-03,-4300897.453989036,2023-07-07,国防军工,2023,27,0.028846153846153848
2023-07-10,-2608468.2411342575,2023-07-14,国防军工,2023,28,0.09615384615384616
2023-07-17,1278025.7851107835,2023-07-21,国防军工,2023,29,0.7019230769230769
2023-07-24,3464865.5666010734,2023-07-28,国防军工,2023,30,0.9134615384615384
2023-07-31,2487957.167508049,2023-08-04,国防军工,2023,31,0.8365384615384616
2023-08-07,-1571165.14097978,2023-08-11,国防军工,2023,32,0.21153846153846154
2023-08-14,-5550014.874667959,2023-08-18,国防军工,2023,33,0.0
2023-08-21,2740480.5170206036,2023-08-25,国防军工,2023,34,0.8557692307692307
2023-08-28,1250294.2540624058,2023-09-01,国防军工,2023,35,0.6826923076923077
2023-09-04,1128157.6852539666,2023-09-08,国防军工,2023,36,0.6634615384615384
2023-09-11,-488171.0666991399,2023-09-15,国防军工,2023,37,0.41346153846153844
2023-09-18,2682513.1547001847,2023-09-22,国防军工,2023,38,0.8269230769230769
2023-09-25,131380.4110662958,2023-09-29,国防军工,2023,39,0.5480769230769231
2023-10-02,-1240816.377815007,2023-10-06,国防军工,2023,40,0.25
2023-10-09,1454411.12251978,2023-10-13,国防军工,2023,41,0.7211538461538461
2023-10-16,-1866910.1900602875,2023-10-20,国防军工,2023,42,0.16346153846153846
2023-10-23,2671216.7193049025,2023-10-27,国防军工,2023,43,0.8269230769230769
2023-10-30,1676396.6440929906,2023-11-03,国防军工,2023,44,0.7692307692307693
2023-11-06,3540086.0152234593,2023-11-10,国防军工,2023,45,0.9326923076923077
2023-11-13,469162.86675170355,2023-11-17,国防军工,2023,46,0.5769230769230769
2023-11-20,1589601.9050462502,2023-11-24,国防军工,2023,47,0.7403846153846154
2023-11-27,-2031800.0482386658,2023-12-01,国防军工,2023,48,0.15384615384615385
2023-12-04,1115898.918024376,2023-12-08,国防军工,2023,49,0.6346153846153846
2023-12-11,-1326405.2781641118,2023-12-15,国防军工,2023,50,0.23076923076923078
2023-12-18,-3300257.2878147685,2023-12-22,国防军工,2023,51,0.04807692307692308
2023-12-25,-3562572.2424658844,2023-12-29,国防军工,2023,52,0.038461538461538464
2024-01-01,-1402199.2022877317,2024-01-05,国防军工,2024,1,0.23076923076923078
2024-01-08,4138876.504079955,2024-01-12,国防军工,2024,2,0.9903846153846154
2024-01-15,2844027.0109395296,2024-01-19,国防军工,2024,3,0.875
2024-01-22,1905867.5050163125,2024-01-26,国防军工,2024,4,0.7980769230769231
2024-01-29,1060311.9316410965,2024-02-02,国防军工,2024,5,0.6153846153846154
2024-02-05,-569686.869819025,2024-02-09,国防军工,2024,6,0.38461538461538464
2024-02-12,-4340410.289286905,2024-02-16,国防军工,2024,7,0.019230769230769232
2024-02-19,-985913.221876632,2024-02-23,国防军工,2024,8,0.3076923076923077
2024-02-26,992231.2530473918,2024-03-01,国防军工,2024,9,0.5961538461538461
2024-03-04,2484274.135751362,2024-03-08,国防军工,2024,10,0.8269230769230769
2024-03-11,2482890.350309613,2024-03-15,国防军工,2024,11,0.8173076923076923
2024-03-18,-97339.7003987875,2024-03-22,国防军工,2024,12,0.47115384615384615
2024-03-25,-771458.5512527629,2024-03-29,国防军工,2024,13,0.3557692307692308
2024-04-01,400877.69261418027,2024-04-05,国防军工,2024,14,0.5576923076923077
2024-04-08,1840219.8619456987,2024-04-12,国防军工,2024,15,0.8076923076923077
2024-04-15,-1408719.7229485752,2024-04-19,国防军工,2024,16,0.22115384615384615
2024-04-22,779286.0299071275,2024-04-26,国防军工,2024,17,0.5865384615384616
2024-04-29,-2753504.7471594047,2024-05-03,国防军工,2024,18,0.08653846153846154
2024-05-06,-1428024.0468619303,2024-05-10,国防军工,2024,19,0.23076923076923078
2024-05-13,-8709.679014839247,2024-05-17,国防军工,2024,20,0.5096153846153846
2024-05-20,1364541.5174350915,2024-05-24,国防军工,2024,21,0.7307692307692307
2024-05-27,-2753314.420494971,2024-05-31,国防军工,2024,22,0.09615384615384616
2024-06-03,-1905869.6412067579,2024-06-07,国防军工,2024,23,0.19230769230769232
2024-06-10,-2165445.8758033067,2024-06-14,国防军工,2024,24,0.16346153846153846
2024-06-17,-1955648.272490507,2024-06-21,国防军工,2024,25,0.20192307692307693
2024-06-24,2686205.54113599,2024-06-28,国防军工,2024,26,0.8942307692307693
2024-07-01,-1570516.7734471953,2024-07-05,国防军工,2024,27,0.25961538461538464
2024-07-08,2837129.8452376276,2024-07-12,国防军工,2024,28,0.9134615384615384
2024-07-15,1404577.2870060273,2024-07-19,国防军工,2024,29,0.7307692307692307
2024-07-22,-1564143.6929177456,2024-07-26,国防军工,2024,30,0.25961538461538464
2024-07-29,-1216557.4982609707,2024-07-31,国防军工,2024,31,0.33653846153846156
2018-01-01,589761.754714459,2018-01-05,基础化工,2018,1,
2018-01-08,1656334.032672379,2018-01-12,基础化工,2018,2,1.0
2018-01-15,-4101615.81532727,2018-01-19,基础化工,2018,3,0.0
2018-01-22,902517.303446964,2018-01-26,基础化工,2018,4,0.6666666666666666
2018-01-29,-179250.18078638904,2018-02-02,基础化工,2018,5,0.25
2018-02-05,-1238466.719166592,2018-02-09,基础化工,2018,6,0.2
2018-02-12,466192.2229107439,2018-02-16,基础化工,2018,7,0.5
2018-02-19,1284965.6120576472,2018-02-23,基础化工,2018,8,0.8571428571428571
2018-02-26,-4239531.064766914,2018-03-02,基础化工,2018,9,0.0
2018-03-05,2043010.4351610716,2018-03-09,基础化工,2018,10,1.0
2018-03-12,1011469.6912836385,2018-03-16,基础化工,2018,11,0.7
2018-03-19,1489767.1224863087,2018-03-23,基础化工,2018,12,0.8181818181818182
2018-03-26,1170168.5206624123,2018-03-30,基础化工,2018,13,0.6666666666666666
2018-04-02,1826707.9758631336,2018-04-06,基础化工,2018,14,0.9230769230769231
2018-04-09,-2377747.565492497,2018-04-13,基础化工,2018,15,0.14285714285714285
2018-04-16,-1599548.3040049528,2018-04-20,基础化工,2018,16,0.2
2018-04-23,1898504.666108023,2018-04-27,基础化工,2018,17,0.9375
2018-04-30,-1198609.2397741578,2018-05-04,基础化工,2018,18,0.29411764705882354
2018-05-07,2506854.201290842,2018-05-11,基础化工,2018,19,1.0
2018-05-14,-1335164.6472439477,2018-05-18,基础化工,2018,20,0.21052631578947367
2018-05-21,-2701997.5158227733,2018-05-25,基础化工,2018,21,0.1
2018-05-28,-994706.5267407859,2018-06-01,基础化工,2018,22,0.38095238095238093
2018-06-04,-335223.11818566965,2018-06-08,基础化工,2018,23,0.4090909090909091
2018-06-11,60825.8017611024,2018-06-15,基础化工,2018,24,0.4782608695652174
2018-06-18,-3981891.6393230306,2018-06-22,基础化工,2018,25,0.08333333333333333
2018-06-25,-2886027.5473069632,2018-06-29,基础化工,2018,26,0.12
2018-07-02,1968635.5178002298,2018-07-06,基础化工,2018,27,0.9230769230769231
2018-07-09,-2328043.3114319574,2018-07-13,基础化工,2018,28,0.2222222222222222
2018-07-16,3811820.726572506,2018-07-20,基础化工,2018,29,1.0
2018-07-23,-1903747.9952980254,2018-07-27,基础化工,2018,30,0.2413793103448276
2018-07-30,-739554.3046827347,2018-08-03,基础化工,2018,31,0.43333333333333335
2018-08-06,3502234.5816227547,2018-08-10,基础化工,2018,32,0.967741935483871
2018-08-13,-1692473.236872722,2018-08-17,基础化工,2018,33,0.25
2018-08-20,2937045.8740660544,2018-08-24,基础化工,2018,34,0.9393939393939394
2018-08-27,-257416.37833686714,2018-08-31,基础化工,2018,35,0.47058823529411764
2018-09-03,-265821.9087041833,2018-09-07,基础化工,2018,36,0.45714285714285713
2018-09-10,548521.6005573528,2018-09-14,基础化工,2018,37,0.5833333333333334
2018-09-17,-3154923.4807419307,2018-09-21,基础化工,2018,38,0.08108108108108109
2018-09-24,-507305.95949943,2018-09-28,基础化工,2018,39,0.42105263157894735
2018-10-01,1562061.2615194593,2018-10-05,基础化工,2018,40,0.7692307692307693
2018-10-08,55232.24824493415,2018-10-12,基础化工,2018,41,0.525
2018-10-15,484043.71352776594,2018-10-19,基础化工,2018,42,0.5853658536585366
2018-10-22,-2446554.098898054,2018-10-26,基础化工,2018,43,0.14285714285714285
2018-10-29,-1791144.1102025793,2018-11-02,基础化工,2018,44,0.23255813953488372
2018-11-05,307826.49020779924,2018-11-09,基础化工,2018,45,0.5681818181818182
2018-11-12,1570971.0872553377,2018-11-16,基础化工,2018,46,0.8
2018-11-19,-821287.5004733482,2018-11-23,基础化工,2018,47,0.3695652173913043
2018-11-26,-15840.849814458401,2018-11-30,基础化工,2018,48,0.5106382978723404
2018-12-03,-526014.4862681755,2018-12-07,基础化工,2018,49,0.3958333333333333
2018-12-10,-1419913.8273081393,2018-12-14,基础化工,2018,50,0.2653061224489796
2018-12-17,-2196864.793066142,2018-12-21,基础化工,2018,51,0.18
2018-12-24,-2297997.9838271393,2018-12-28,基础化工,2018,52,0.17647058823529413
2018-12-31,-72994.32599556085,2019-01-04,基础化工,2018,1,0.5384615384615384
2019-01-07,2581188.283969393,2019-01-11,基础化工,2019,2,0.9433962264150944
2019-01-14,1124233.3134477083,2019-01-18,基础化工,2019,3,0.7222222222222222
2019-01-21,607936.0873983623,2019-01-25,基础化工,2019,4,0.6727272727272727
2019-01-28,-20194.428963428712,2019-02-01,基础化工,2019,5,0.5178571428571429
2019-02-04,-1356866.6857943456,2019-02-08,基础化工,2019,6,0.2807017543859649
2019-02-11,-5016682.880794055,2019-02-15,基础化工,2019,7,0.0
2019-02-18,744511.8847034184,2019-02-22,基础化工,2019,8,0.6949152542372882
2019-02-25,2772777.9470891557,2019-03-01,基础化工,2019,9,0.95
2019-03-04,-2489711.1856620163,2019-03-08,基础化工,2019,10,0.11475409836065574
2019-03-11,1120774.123881924,2019-03-15,基础化工,2019,11,0.7258064516129032
2019-03-18,2096067.0760020553,2019-03-22,基础化工,2019,12,0.9047619047619048
2019-03-25,-502409.9850906505,2019-03-29,基础化工,2019,13,0.421875
2019-04-01,-2403782.5135297477,2019-04-05,基础化工,2019,14,0.13846153846153847
2019-04-08,-503259.82773308776,2019-04-12,基础化工,2019,15,0.42424242424242425
2019-04-15,-161848.74102804146,2019-04-19,基础化工,2019,16,0.5074626865671642
2019-04-22,-3734810.918769872,2019-04-26,基础化工,2019,17,0.058823529411764705
2019-04-29,-1841454.7758492308,2019-05-03,基础化工,2019,18,0.2318840579710145
2019-05-06,1264040.8788170705,2019-05-10,基础化工,2019,19,0.7714285714285715
2019-05-13,3531471.2291152915,2019-05-17,基础化工,2019,20,0.9859154929577465
2019-05-20,-908915.8646425591,2019-05-24,基础化工,2019,21,0.3611111111111111
2019-05-27,-4095706.653221245,2019-05-31,基础化工,2019,22,0.0410958904109589
2019-06-03,518027.5505488254,2019-06-07,基础化工,2019,23,0.6351351351351351
2019-06-10,2035605.2347317296,2019-06-14,基础化工,2019,24,0.88
2019-06-17,-3967752.5446138065,2019-06-21,基础化工,2019,25,0.06578947368421052
2019-06-24,5556219.379022304,2019-06-28,基础化工,2019,26,1.0
2019-07-01,-1578090.555088346,2019-07-05,基础化工,2019,27,0.28205128205128205
2019-07-08,-2394197.4885138106,2019-07-12,基础化工,2019,28,0.16455696202531644
2019-07-15,2101501.072179239,2019-07-19,基础化工,2019,29,0.9
2019-07-22,-1669200.9227030817,2019-07-26,基础化工,2019,30,0.2716049382716049
2019-07-29,4981985.060026419,2019-08-02,基础化工,2019,31,0.9878048780487805
2019-08-05,243945.40496673994,2019-08-09,基础化工,2019,32,0.5783132530120482
2019-08-12,-1466020.5446637003,2019-08-16,基础化工,2019,33,0.2976190476190476
2019-08-19,-1331719.4310274702,2019-08-23,基础化工,2019,34,0.3411764705882353
2019-08-26,-4859511.19062941,2019-08-30,基础化工,2019,35,0.011627906976744186
2019-09-02,-3985541.578288664,2019-09-06,基础化工,2019,36,0.05747126436781609
2019-09-09,1086977.6904544546,2019-09-13,基础化工,2019,37,0.7159090909090909
2019-09-16,-3803116.2226790437,2019-09-20,基础化工,2019,38,0.0898876404494382
2019-09-23,508549.2950102163,2019-09-27,基础化工,2019,39,0.6333333333333333
2019-09-30,-1614434.4457694725,2019-10-04,基础化工,2019,40,0.2857142857142857
2019-10-07,-106709.86934714485,2019-10-11,基础化工,2019,41,0.532608695652174
2019-10-14,883870.1952889068,2019-10-18,基础化工,2019,42,0.6989247311827957
2019-10-21,901637.5297709849,2019-10-25,基础化工,2019,43,0.7021276595744681
2019-10-28,480116.04461788066,2019-11-01,基础化工,2019,44,0.6105263157894737
2019-11-04,-186856.8797668451,2019-11-08,基础化工,2019,45,0.4895833333333333
2019-11-11,405534.6204123895,2019-11-15,基础化工,2019,46,0.5979381443298969
2019-11-18,-158566.41296796838,2019-11-22,基础化工,2019,47,0.5102040816326531
2019-11-25,-4764288.914094079,2019-11-29,基础化工,2019,48,0.020202020202020204
2019-12-02,4170074.5886705434,2019-12-06,基础化工,2019,49,0.98
2019-12-09,75928.13214406242,2019-12-13,基础化工,2019,50,0.5742574257425742
2019-12-16,-3851831.263643465,2019-12-20,基础化工,2019,51,0.08823529411764706
2019-12-23,720073.3573073662,2019-12-27,基础化工,2019,52,0.6893203883495146
2019-12-30,1471691.2175463,2020-01-03,基础化工,2019,1,0.7980769230769231
2020-01-06,-967394.9839715048,2020-01-10,基础化工,2020,2,0.375
2020-01-13,-2903311.279952676,2020-01-17,基础化工,2020,3,0.125
2020-01-20,973593.9447257777,2020-01-24,基础化工,2020,4,0.7307692307692307
2020-01-27,994059.8089211807,2020-01-31,基础化工,2020,5,0.7307692307692307
2020-02-03,-136465.9823277289,2020-02-07,基础化工,2020,6,0.5096153846153846
2020-02-10,-2118951.915636603,2020-02-14,基础化工,2020,7,0.22115384615384615
2020-02-17,309279.88699356397,2020-02-21,基础化工,2020,8,0.6057692307692307
2020-02-24,-762063.4316217663,2020-02-28,基础化工,2020,9,0.40384615384615385
2020-03-02,-5030868.266664708,2020-03-06,基础化工,2020,10,0.0
2020-03-09,1043072.9380253792,2020-03-13,基础化工,2020,11,0.7596153846153846
2020-03-16,-1583353.913240967,2020-03-20,基础化工,2020,12,0.2980769230769231
2020-03-23,219949.65317770047,2020-03-27,基础化工,2020,13,0.6057692307692307
2020-03-30,-986213.7045152971,2020-04-03,基础化工,2020,14,0.38461538461538464
2020-04-06,2590384.3172688577,2020-04-10,基础化工,2020,15,0.9230769230769231
2020-04-13,-3551091.932648312,2020-04-17,基础化工,2020,16,0.10576923076923077
2020-04-20,548796.2665722956,2020-04-24,基础化工,2020,17,0.7019230769230769
2020-04-27,724955.092486266,2020-05-01,基础化工,2020,18,0.7307692307692307
2020-05-04,-3323063.0323861167,2020-05-08,基础化工,2020,19,0.11538461538461539
2020-05-11,3431755.119757453,2020-05-15,基础化工,2020,20,0.9423076923076923
2020-05-18,-2636.4656608059013,2020-05-22,基础化工,2020,21,0.5673076923076923
2020-05-25,-1746943.334934872,2020-05-29,基础化工,2020,22,0.25961538461538464
2020-06-01,389646.1429741049,2020-06-05,基础化工,2020,23,0.6346153846153846
2020-06-08,-1262655.2323452914,2020-06-12,基础化工,2020,24,0.3557692307692308
2020-06-15,-220453.1467566343,2020-06-19,基础化工,2020,25,0.4807692307692308
2020-06-22,-239176.91220302315,2020-06-26,基础化工,2020,26,0.47115384615384615
2020-06-29,810913.0499306815,2020-07-03,基础化工,2020,27,0.7403846153846154
2020-07-06,-2005844.3408976127,2020-07-10,基础化工,2020,28,0.21153846153846154
2020-07-13,-1039289.3312282588,2020-07-17,基础化工,2020,29,0.34615384615384615
2020-07-20,-1304931.5441901344,2020-07-24,基础化工,2020,30,0.33653846153846156
2020-07-27,-894630.7493702234,2020-07-31,基础化工,2020,31,0.38461538461538464
2020-08-03,-29289.806783003383,2020-08-07,基础化工,2020,32,0.5480769230769231
2020-08-10,1299942.7565291426,2020-08-14,基础化工,2020,33,0.8557692307692307
2020-08-17,-1171657.1671796062,2020-08-21,基础化工,2020,34,0.33653846153846156
2020-08-24,444166.72701427445,2020-08-28,基础化工,2020,35,0.6634615384615384
2020-08-31,2808677.7860880275,2020-09-04,基础化工,2020,36,0.9519230769230769
2020-09-07,-263108.87741357693,2020-09-11,基础化工,2020,37,0.4519230769230769
2020-09-14,890717.1444057466,2020-09-18,基础化工,2020,38,0.7692307692307693
2020-09-21,3494920.9660638464,2020-09-25,基础化工,2020,39,0.9615384615384616
2020-09-28,2084773.580471131,2020-10-02,基础化工,2020,40,0.8846153846153846
2020-10-05,-1760261.6780425534,2020-10-09,基础化工,2020,41,0.22115384615384615
2020-10-12,1673315.1492441979,2020-10-16,基础化工,2020,42,0.8653846153846154
2020-10-19,-6461013.079693114,2020-10-23,基础化工,2020,43,0.0
2020-10-26,-1128493.0204080245,2020-10-30,基础化工,2020,44,0.34615384615384615
2020-11-02,868835.3713752616,2020-11-06,基础化工,2020,45,0.7307692307692307
2020-11-09,3203444.1191847064,2020-11-13,基础化工,2020,46,0.9423076923076923
2020-11-16,-864969.2291831002,2020-11-20,基础化工,2020,47,0.3942307692307692
2020-11-23,223655.25966954516,2020-11-27,基础化工,2020,48,0.5865384615384616
2020-11-30,3530011.3587955814,2020-12-04,基础化工,2020,49,0.9615384615384616
2020-12-07,3162146.7641723836,2020-12-11,基础化工,2020,50,0.9230769230769231
2020-12-14,630306.8840189315,2020-12-18,基础化工,2020,51,0.6634615384615384
2020-12-21,2119021.2436610367,2020-12-25,基础化工,2020,52,0.875
2020-12-28,-958485.9275311865,2021-01-01,基础化工,2020,53,0.34615384615384615
2021-01-04,2883961.7027215157,2021-01-08,基础化工,2021,1,0.9134615384615384
2021-01-11,-254286.62380033522,2021-01-15,基础化工,2021,2,0.4230769230769231
2021-01-18,884655.8780709521,2021-01-22,基础化工,2021,3,0.7211538461538461
2021-01-25,-1959914.3526236513,2021-01-29,基础化工,2021,4,0.18269230769230768
2021-02-01,-175826.9090842639,2021-02-05,基础化工,2021,5,0.47115384615384615
2021-02-08,-5390243.376474625,2021-02-12,基础化工,2021,6,0.009615384615384616
2021-02-15,-1339249.0450488282,2021-02-19,基础化工,2021,7,0.2692307692307692
2021-02-22,-1810667.8591355407,2021-02-26,基础化工,2021,8,0.20192307692307693
2021-03-01,3546387.568984331,2021-03-05,基础化工,2021,9,0.9711538461538461
2021-03-08,2716025.0738618895,2021-03-12,基础化工,2021,10,0.8846153846153846
2021-03-15,-1972763.1580033647,2021-03-19,基础化工,2021,11,0.17307692307692307
2021-03-22,735361.1649209862,2021-03-26,基础化工,2021,12,0.6923076923076923
2021-03-29,-3413525.579754534,2021-04-02,基础化工,2021,13,0.11538461538461539
2021-04-05,-1499325.3348548112,2021-04-09,基础化工,2021,14,0.2692307692307692
2021-04-12,5060106.518386658,2021-04-16,基础化工,2021,15,0.9903846153846154
2021-04-19,-264754.3976004834,2021-04-23,基础化工,2021,16,0.4230769230769231
2021-04-26,1079997.4056199326,2021-04-30,基础化工,2021,17,0.7692307692307693
2021-05-03,-721353.4311833398,2021-05-07,基础化工,2021,18,0.40384615384615385
2021-05-10,3894276.2372084823,2021-05-14,基础化工,2021,19,0.9615384615384616
2021-05-17,1251454.8203332932,2021-05-21,基础化工,2021,20,0.7884615384615384
2021-05-24,428633.1915933965,2021-05-28,基础化工,2021,21,0.5865384615384616
2021-05-31,-30.230352115584537,2021-06-04,基础化工,2021,22,0.5096153846153846
2021-06-07,460614.65435341955,2021-06-11,基础化工,2021,23,0.6057692307692307
2021-06-14,-19908.356007114984,2021-06-18,基础化工,2021,24,0.5
2021-06-21,-1358984.1447636331,2021-06-25,基础化工,2021,25,0.25
2021-06-28,3117385.7962908107,2021-07-02,基础化工,2021,26,0.9038461538461539
2021-07-05,469526.4318191055,2021-07-09,基础化工,2021,27,0.6153846153846154
2021-07-12,-455091.5316029478,2021-07-16,基础化工,2021,28,0.375
2021-07-19,2106288.056186445,2021-07-23,基础化工,2021,29,0.8461538461538461
2021-07-26,-4928845.171421295,2021-07-30,基础化工,2021,30,0.028846153846153848
2021-08-02,363001.6562800956,2021-08-06,基础化工,2021,31,0.5673076923076923
2021-08-09,-2585178.288333616,2021-08-13,基础化工,2021,32,0.125
2021-08-16,-553633.8856553859,2021-08-20,基础化工,2021,33,0.375
2021-08-23,-85882.01557622489,2021-08-27,基础化工,2021,34,0.4807692307692308
2021-08-30,1348841.7709941743,2021-09-03,基础化工,2021,35,0.8173076923076923
2021-09-06,3122774.167319539,2021-09-10,基础化工,2021,36,0.9134615384615384
2021-09-13,-329361.7402997089,2021-09-17,基础化工,2021,37,0.36538461538461536
2021-09-20,-851668.4861987614,2021-09-24,基础化工,2021,38,0.3173076923076923
2021-09-27,2313007.940640867,2021-10-01,基础化工,2021,39,0.8557692307692307
2021-10-04,-879338.8724922481,2021-10-08,基础化工,2021,40,0.2980769230769231
2021-10-11,1208926.9469571414,2021-10-15,基础化工,2021,41,0.7692307692307693
2021-10-18,-3438398.719117501,2021-10-22,基础化工,2021,42,0.0673076923076923
2021-10-25,-188007.7598153813,2021-10-29,基础化工,2021,43,0.4326923076923077
2021-11-01,-1253729.4028223553,2021-11-05,基础化工,2021,44,0.2403846153846154
2021-11-08,5155911.643340456,2021-11-12,基础化工,2021,45,1.0
2021-11-15,2085661.4652602468,2021-11-19,基础化工,2021,46,0.8173076923076923
2021-11-22,1841150.8653881499,2021-11-26,基础化工,2021,47,0.7980769230769231
2021-11-29,-3019972.5023084246,2021-12-03,基础化工,2021,48,0.08653846153846154
2021-12-06,-1397090.1886644494,2021-12-10,基础化工,2021,49,0.20192307692307693
2021-12-13,-1967496.8110161643,2021-12-17,基础化工,2021,50,0.14423076923076922
2021-12-20,1129468.346548216,2021-12-24,基础化工,2021,51,0.7403846153846154
2021-12-27,-1289789.3451751906,2021-12-31,基础化工,2021,52,0.2403846153846154
2022-01-03,3145040.5864609065,2022-01-07,基础化工,2022,1,0.9134615384615384
2022-01-10,615637.120605306,2022-01-14,基础化工,2022,2,0.625
2022-01-17,-805496.3063626655,2022-01-21,基础化工,2022,3,0.34615384615384615
2022-01-24,1275692.373254895,2022-01-28,基础化工,2022,4,0.7596153846153846
2022-01-31,-1706217.6987794058,2022-02-04,基础化工,2022,5,0.17307692307692307
2022-02-07,-2822026.2076672707,2022-02-11,基础化工,2022,6,0.08653846153846154
2022-02-14,3901709.1863115253,2022-02-18,基础化工,2022,7,0.9807692307692307
2022-02-21,-2974402.921670035,2022-02-25,基础化工,2022,8,0.08653846153846154
2022-02-28,-775556.6476494091,2022-03-04,基础化工,2022,9,0.375
2022-03-07,-57116.29636718129,2022-03-11,基础化工,2022,10,0.49038461538461536
2022-03-14,-3079441.2301888657,2022-03-18,基础化工,2022,11,0.0673076923076923
2022-03-21,2617457.157404921,2022-03-25,基础化工,2022,12,0.8461538461538461
2022-03-28,-1370757.5084872716,2022-04-01,基础化工,2022,13,0.21153846153846154
2022-04-04,607100.531572859,2022-04-08,基础化工,2022,14,0.6153846153846154
2022-04-11,-1653603.3825808268,2022-04-15,基础化工,2022,15,0.19230769230769232
2022-04-18,4817417.207447498,2022-04-22,基础化工,2022,16,0.9807692307692307
2022-04-25,103372.36731372529,2022-04-29,基础化工,2022,17,0.5384615384615384
2022-05-02,1274239.7859911274,2022-05-06,基础化工,2022,18,0.7307692307692307
2022-05-09,1598901.7727339994,2022-05-13,基础化工,2022,19,0.7596153846153846
2022-05-16,-37940.52678976639,2022-05-20,基础化工,2022,20,0.49038461538461536
2022-05-23,351978.64029713534,2022-05-27,基础化工,2022,21,0.5480769230769231
2022-05-30,629275.1732116303,2022-06-03,基础化工,2022,22,0.625
2022-06-06,-951833.9054105174,2022-06-10,基础化工,2022,23,0.2980769230769231
2022-06-13,-1167981.0716389795,2022-06-17,基础化工,2022,24,0.25961538461538464
2022-06-20,-2153793.0252305428,2022-06-24,基础化工,2022,25,0.09615384615384616
2022-06-27,-4839607.377024501,2022-07-01,基础化工,2022,26,0.028846153846153848
2022-07-04,306373.7586146839,2022-07-08,基础化工,2022,27,0.5480769230769231
2022-07-11,2988606.245515148,2022-07-15,基础化工,2022,28,0.875
2022-07-18,2307088.780438925,2022-07-22,基础化工,2022,29,0.8173076923076923
2022-07-25,733193.5471210316,2022-07-29,基础化工,2022,30,0.625
2022-08-01,2624208.7433939897,2022-08-05,基础化工,2022,31,0.8365384615384616
2022-08-08,-5144240.639504921,2022-08-12,基础化工,2022,32,0.019230769230769232
2022-08-15,-69212.44698969598,2022-08-19,基础化工,2022,33,0.4519230769230769
2022-08-22,-2531285.750617854,2022-08-26,基础化工,2022,34,0.11538461538461539
2022-08-29,-1981231.3090470955,2022-09-02,基础化工,2022,35,0.1346153846153846
2022-09-05,-14421.993650977267,2022-09-09,基础化工,2022,36,0.5
2022-09-12,3217227.8870276622,2022-09-16,基础化工,2022,37,0.9230769230769231
2022-09-19,114855.05620086158,2022-09-23,基础化工,2022,38,0.5192307692307693
2022-09-26,-1071136.5969380462,2022-09-30,基础化工,2022,39,0.2980769230769231
2022-10-03,3935892.546101022,2022-10-07,基础化工,2022,40,0.9711538461538461
2022-10-10,969660.8201607612,2022-10-14,基础化工,2022,41,0.6730769230769231
2022-10-17,226959.8774436271,2022-10-21,基础化工,2022,42,0.5384615384615384
2022-10-24,-2826341.909996383,2022-10-28,基础化工,2022,43,0.08653846153846154
2022-10-31,-49205.384904292136,2022-11-04,基础化工,2022,44,0.46153846153846156
2022-11-07,177330.97919639573,2022-11-11,基础化工,2022,45,0.5288461538461539
2022-11-14,-1108733.8239281904,2022-11-18,基础化工,2022,46,0.27884615384615385
2022-11-21,-1460382.2780258988,2022-11-25,基础化工,2022,47,0.21153846153846154
2022-11-28,697555.6807891525,2022-12-02,基础化工,2022,48,0.6538461538461539
2022-12-05,3526969.4350581504,2022-12-09,基础化工,2022,49,0.9326923076923077
2022-12-12,3911685.280550469,2022-12-16,基础化工,2022,50,0.9615384615384616
2022-12-19,-3408414.0480279955,2022-12-23,基础化工,2022,51,0.057692307692307696
2022-12-26,4587067.25453648,2022-12-30,基础化工,2022,52,0.9711538461538461
2023-01-02,1691957.2365429031,2023-01-06,基础化工,2023,1,0.7692307692307693
2023-01-09,1307096.6955580916,2023-01-13,基础化工,2023,2,0.75
2023-01-16,1525945.820957262,2023-01-20,基础化工,2023,3,0.7596153846153846
2023-01-23,-1479696.0009832997,2023-01-27,基础化工,2023,4,0.22115384615384615
2023-01-30,-2348915.4060567566,2023-02-03,基础化工,2023,5,0.1346153846153846
2023-02-06,-542367.981549113,2023-02-10,基础化工,2023,6,0.3942307692307692
2023-02-13,-715946.8033325002,2023-02-17,基础化工,2023,7,0.375
2023-02-20,3365789.4742820277,2023-02-24,基础化工,2023,8,0.9038461538461539
2023-02-27,234958.4640753318,2023-03-03,基础化工,2023,9,0.5384615384615384
2023-03-06,-2108662.4286379036,2023-03-10,基础化工,2023,10,0.14423076923076922
2023-03-13,-599271.0203808562,2023-03-17,基础化工,2023,11,0.375
2023-03-20,1484527.0321127325,2023-03-24,基础化工,2023,12,0.7596153846153846
2023-03-27,-770903.9706025406,2023-03-31,基础化工,2023,13,0.34615384615384615
2023-04-03,-584081.4682231329,2023-04-07,基础化工,2023,14,0.375
2023-04-10,-676140.8956425898,2023-04-14,基础化工,2023,15,0.3557692307692308
2023-04-17,236665.71307597146,2023-04-21,基础化工,2023,16,0.5673076923076923
2023-04-24,3860647.127427603,2023-04-28,基础化工,2023,17,0.9326923076923077
2023-05-01,2466887.8825760223,2023-05-05,基础化工,2023,18,0.8365384615384616
2023-05-08,-2119496.914324397,2023-05-12,基础化工,2023,19,0.1346153846153846
2023-05-15,-44849.551002310596,2023-05-19,基础化工,2023,20,0.47115384615384615
2023-05-22,-1779360.3617119612,2023-05-26,基础化工,2023,21,0.17307692307692307
2023-05-29,845828.3377868598,2023-06-02,基础化工,2023,22,0.6826923076923077
2023-06-05,1817368.0354444175,2023-06-09,基础化工,2023,23,0.7884615384615384
2023-06-12,573520.134095043,2023-06-16,基础化工,2023,24,0.6153846153846154
2023-06-19,-1887579.501782962,2023-06-23,基础化工,2023,25,0.17307692307692307
2023-06-26,-5052875.90398775,2023-06-30,基础化工,2023,26,0.009615384615384616
2023-07-03,-4468173.478333918,2023-07-07,基础化工,2023,27,0.038461538461538464
2023-07-10,4369153.980987908,2023-07-14,基础化工,2023,28,0.9711538461538461
2023-07-17,-1823100.4766951804,2023-07-21,基础化工,2023,29,0.20192307692307693
2023-07-24,-241194.81032121417,2023-07-28,基础化工,2023,30,0.4519230769230769
2023-07-31,2106901.632433722,2023-08-04,基础化工,2023,31,0.8173076923076923
2023-08-07,1309328.2906786455,2023-08-11,基础化工,2023,32,0.7307692307692307
2023-08-14,5022604.10948585,2023-08-18,基础化工,2023,33,0.9903846153846154
2023-08-21,182168.22896583623,2023-08-25,基础化工,2023,34,0.5384615384615384
2023-08-28,3187040.23193649,2023-09-01,基础化工,2023,35,0.8846153846153846
2023-09-04,825453.4853737213,2023-09-08,基础化工,2023,36,0.6442307692307693
2023-09-11,2209588.688510985,2023-09-15,基础化工,2023,37,0.8076923076923077
2023-09-18,1089135.9504958238,2023-09-22,基础化工,2023,38,0.6634615384615384
2023-09-25,2033727.8710624133,2023-09-29,基础化工,2023,39,0.7788461538461539
2023-10-02,-2336638.592876875,2023-10-06,基础化工,2023,40,0.125
2023-10-09,4283121.018990361,2023-10-13,基础化工,2023,41,0.9519230769230769
2023-10-16,581218.5899625657,2023-10-20,基础化工,2023,42,0.5769230769230769
2023-10-23,-1474506.0817665472,2023-10-27,基础化工,2023,43,0.23076923076923078
2023-10-30,-888398.4551945826,2023-11-03,基础化工,2023,44,0.3269230769230769
2023-11-06,-536628.721828046,2023-11-10,基础化工,2023,45,0.40384615384615385
2023-11-13,3448177.122599441,2023-11-17,基础化工,2023,46,0.9038461538461539
2023-11-20,4071253.8898852114,2023-11-24,基础化工,2023,47,0.9519230769230769
2023-11-27,-692366.214244654,2023-12-01,基础化工,2023,48,0.36538461538461536
2023-12-04,596665.2276684097,2023-12-08,基础化工,2023,49,0.5865384615384616
2023-12-11,1940368.277128712,2023-12-15,基础化工,2023,50,0.7692307692307693
2023-12-18,655835.3426551378,2023-12-22,基础化工,2023,51,0.6057692307692307
2023-12-25,2131269.2375780726,2023-12-29,基础化工,2023,52,0.7884615384615384
2024-01-01,-1282241.691676329,2024-01-05,基础化工,2024,1,0.2403846153846154
2024-01-08,-985159.7507862987,2024-01-12,基础化工,2024,2,0.27884615384615385
2024-01-15,-3003199.391537427,2024-01-19,基础化工,2024,3,0.057692307692307696
2024-01-22,2462684.357958596,2024-01-26,基础化工,2024,4,0.8173076923076923
2024-01-29,340127.32747512934,2024-02-02,基础化工,2024,5,0.5480769230769231
2024-02-05,1323424.3898985733,2024-02-09,基础化工,2024,6,0.7019230769230769
2024-02-12,821943.8649684933,2024-02-16,基础化工,2024,7,0.625
2024-02-19,-2145442.3311064527,2024-02-23,基础化工,2024,8,0.125
2024-02-26,-192040.1710730004,2024-03-01,基础化工,2024,9,0.3942307692307692
2024-03-04,2024082.506313303,2024-03-08,基础化工,2024,10,0.7692307692307693
2024-03-11,-4452296.054395335,2024-03-15,基础化工,2024,11,0.038461538461538464
2024-03-18,-4141906.0692779236,2024-03-22,基础化工,2024,12,0.04807692307692308
2024-03-25,-1203014.1950677657,2024-03-29,基础化工,2024,13,0.25
2024-04-01,2215058.6672939803,2024-04-05,基础化工,2024,14,0.8173076923076923
2024-04-08,1324128.2266890295,2024-04-12,基础化工,2024,15,0.7019230769230769
2024-04-15,-71896.9214491169,2024-04-19,基础化工,2024,16,0.3942307692307692
2024-04-22,-337122.25121819635,2024-04-26,基础化工,2024,17,0.375
2024-04-29,-788195.9802244428,2024-05-03,基础化工,2024,18,0.2980769230769231
2024-05-06,1861523.6019646595,2024-05-10,基础化工,2024,19,0.7596153846153846
2024-05-13,-351147.4024355345,2024-05-17,基础化工,2024,20,0.38461538461538464
2024-05-20,632487.253736796,2024-05-24,基础化工,2024,21,0.5961538461538461
2024-05-27,-864313.0384768002,2024-05-31,基础化工,2024,22,0.2980769230769231
2024-06-03,-3862248.9433140354,2024-06-07,基础化工,2024,23,0.057692307692307696
2024-06-10,-37795.10575284029,2024-06-14,基础化工,2024,24,0.47115384615384615
2024-06-17,-43535.95110008685,2024-06-21,基础化工,2024,25,0.46153846153846156
2024-06-24,1859693.6685722258,2024-06-28,基础化工,2024,26,0.75
2024-07-01,1650091.7751524649,2024-07-05,基础化工,2024,27,0.7211538461538461
2024-07-08,485799.7527309479,2024-07-12,基础化工,2024,28,0.5384615384615384
2024-07-15,-1199418.411112616,2024-07-19,基础化工,2024,29,0.23076923076923078
2024-07-22,472282.21010499285,2024-07-26,基础化工,2024,30,0.5480769230769231
2024-07-29,-3731845.729577584,2024-07-31,基础化工,2024,31,0.057692307692307696
2018-01-01,3036508.4155872436,2018-01-05,家用电器,2018,1,
2018-01-08,48146.41314728372,2018-01-12,家用电器,2018,2,0.0
2018-01-15,-1873866.3159928333,2018-01-19,家用电器,2018,3,0.0
2018-01-22,-4854074.8678433765,2018-01-26,家用电器,2018,4,0.0
2018-01-29,-368426.65404724027,2018-02-02,家用电器,2018,5,0.5
2018-02-05,1318727.6932004483,2018-02-09,家用电器,2018,6,0.8
2018-02-12,606908.8682673589,2018-02-16,家用电器,2018,7,0.6666666666666666
2018-02-19,3879381.510172842,2018-02-23,家用电器,2018,8,1.0
2018-02-26,-3086532.953248139,2018-03-02,家用电器,2018,9,0.125
2018-03-05,3716431.021577732,2018-03-09,家用电器,2018,10,0.8888888888888888
2018-03-12,-1165851.4742793685,2018-03-16,家用电器,2018,11,0.3
2018-03-19,-571820.2595599501,2018-03-23,家用电器,2018,12,0.36363636363636365
2018-03-26,-3789413.9615876134,2018-03-30,家用电器,2018,13,0.08333333333333333
2018-04-02,389439.33080931916,2018-04-06,家用电器,2018,14,0.6153846153846154
2018-04-09,-697476.1801387714,2018-04-13,家用电器,2018,15,0.35714285714285715
2018-04-16,549879.8744208717,2018-04-20,家用电器,2018,16,0.6666666666666666
2018-04-23,3141555.978397929,2018-04-27,家用电器,2018,17,0.875
2018-04-30,-3047367.8952522585,2018-05-04,家用电器,2018,18,0.17647058823529413
2018-05-07,-395227.43251042604,2018-05-11,家用电器,2018,19,0.4444444444444444
2018-05-14,-1467735.8811071138,2018-05-18,家用电器,2018,20,0.2631578947368421
2018-05-21,-2410156.672147156,2018-05-25,家用电器,2018,21,0.2
2018-05-28,-4833088.711909161,2018-06-01,家用电器,2018,22,0.047619047619047616
2018-06-04,-17809.69948215183,2018-06-08,家用电器,2018,23,0.5909090909090909
2018-06-11,999869.5406790406,2018-06-15,家用电器,2018,24,0.782608695652174
2018-06-18,2181870.8018558817,2018-06-22,家用电器,2018,25,0.8333333333333334
2018-06-25,-4020634.4536304334,2018-06-29,家用电器,2018,26,0.08
2018-07-02,-2510551.8255273243,2018-07-06,家用电器,2018,27,0.23076923076923078
2018-07-09,-1109125.742579511,2018-07-13,家用电器,2018,28,0.4074074074074074
2018-07-16,-4190025.086114144,2018-07-20,家用电器,2018,29,0.07142857142857142
2018-07-23,-2530557.9403483174,2018-07-27,家用电器,2018,30,0.2413793103448276
2018-07-30,289577.06021357456,2018-08-03,家用电器,2018,31,0.6666666666666666
2018-08-06,1380878.1502311686,2018-08-10,家用电器,2018,32,0.8387096774193549
2018-08-13,-3993149.063518682,2018-08-17,家用电器,2018,33,0.125
2018-08-20,-206357.78934742542,2018-08-24,家用电器,2018,34,0.5757575757575758
2018-08-27,2001017.5279300536,2018-08-31,家用电器,2018,35,0.8529411764705882
2018-09-03,-1020229.605935514,2018-09-07,家用电器,2018,36,0.42857142857142855
2018-09-10,4582748.777913585,2018-09-14,家用电器,2018,37,1.0
2018-09-17,-128824.10005630972,2018-09-21,家用电器,2018,38,0.5675675675675675
2018-09-24,-1122945.5171681803,2018-09-28,家用电器,2018,39,0.3684210526315789
2018-10-01,-1171279.0278234705,2018-10-05,家用电器,2018,40,0.3333333333333333
2018-10-08,2083015.845687985,2018-10-12,家用电器,2018,41,0.85
2018-10-15,617655.4868577272,2018-10-19,家用电器,2018,42,0.7317073170731707
2018-10-22,1947942.0321925827,2018-10-26,家用电器,2018,43,0.8095238095238095
2018-10-29,-2643252.7444562204,2018-11-02,家用电器,2018,44,0.18604651162790697
2018-11-05,4215655.298864621,2018-11-09,家用电器,2018,45,0.9772727272727273
2018-11-12,308919.96100861067,2018-11-16,家用电器,2018,46,0.6222222222222222
2018-11-19,-1796411.1768744364,2018-11-23,家用电器,2018,47,0.2826086956521739
2018-11-26,-1021520.017164527,2018-11-30,家用电器,2018,48,0.40425531914893614
2018-12-03,2640547.6664310666,2018-12-07,家用电器,2018,49,0.875
2018-12-10,746850.809099877,2018-12-14,家用电器,2018,50,0.7142857142857143
2018-12-17,2618926.039895572,2018-12-21,家用电器,2018,51,0.86
2018-12-24,26869.86787419615,2018-12-28,家用电器,2018,52,0.5490196078431373
2018-12-31,95905.31854038441,2019-01-04,家用电器,2018,1,0.5769230769230769
2019-01-07,-1658505.793999951,2019-01-11,家用电器,2019,2,0.2641509433962264
2019-01-14,3809530.065161434,2019-01-18,家用电器,2019,3,0.9444444444444444
2019-01-21,1526460.381562485,2019-01-25,家用电器,2019,4,0.7636363636363637
2019-01-28,6305149.705668975,2019-02-01,家用电器,2019,5,1.0
2019-02-04,1281258.35567965,2019-02-08,家用电器,2019,6,0.7017543859649122
2019-02-11,1070372.7557911295,2019-02-15,家用电器,2019,7,0.6896551724137931
2019-02-18,3172930.937743307,2019-02-22,家用电器,2019,8,0.8983050847457628
2019-02-25,1216403.9367648128,2019-03-01,家用电器,2019,9,0.6833333333333333
2019-03-04,1421760.2605232012,2019-03-08,家用电器,2019,10,0.7377049180327869
2019-03-11,-3758024.6359256837,2019-03-15,家用电器,2019,11,0.0967741935483871
2019-03-18,405742.19723216374,2019-03-22,家用电器,2019,12,0.5714285714285714
2019-03-25,-1561222.7542443762,2019-03-29,家用电器,2019,13,0.25
2019-04-01,-2458263.709824504,2019-04-05,家用电器,2019,14,0.18461538461538463
2019-04-08,1643111.1750317619,2019-04-12,家用电器,2019,15,0.7727272727272727
2019-04-15,-397015.59275554284,2019-04-19,家用电器,2019,16,0.40298507462686567
2019-04-22,1637022.7407539594,2019-04-26,家用电器,2019,17,0.7647058823529411
2019-04-29,2261895.008770673,2019-05-03,家用电器,2019,18,0.8405797101449275
2019-05-06,2261295.631985157,2019-05-10,家用电器,2019,19,0.8285714285714286
2019-05-13,2287011.4447318763,2019-05-17,家用电器,2019,20,0.8450704225352113
2019-05-20,-2128139.1069957255,2019-05-24,家用电器,2019,21,0.19444444444444445
2019-05-27,-712728.674315575,2019-05-31,家用电器,2019,22,0.3561643835616438
2019-06-03,-531570.4737587712,2019-06-07,家用电器,2019,23,0.3918918918918919
2019-06-10,3418644.7368424637,2019-06-14,家用电器,2019,24,0.92
2019-06-17,2420941.727728747,2019-06-21,家用电器,2019,25,0.8421052631578947
2019-06-24,2090764.1867451104,2019-06-28,家用电器,2019,26,0.7792207792207793
2019-07-01,883831.6363503318,2019-07-05,家用电器,2019,27,0.6025641025641025
2019-07-08,-831556.7816473879,2019-07-12,家用电器,2019,28,0.3291139240506329
2019-07-15,1381221.027787678,2019-07-19,家用电器,2019,29,0.6875
2019-07-22,2141245.483704297,2019-07-26,家用电器,2019,30,0.7901234567901234
2019-07-29,279744.2996808884,2019-08-02,家用电器,2019,31,0.4878048780487805
2019-08-05,2080245.707764293,2019-08-09,家用电器,2019,32,0.7590361445783133
2019-08-12,1846248.0542923673,2019-08-16,家用电器,2019,33,0.7261904761904762
2019-08-19,-4955257.669801811,2019-08-23,家用电器,2019,34,0.0
2019-08-26,2859484.7441173336,2019-08-30,家用电器,2019,35,0.8837209302325582
2019-09-02,2393173.614362129,2019-09-06,家用电器,2019,36,0.8390804597701149
2019-09-09,3658010.2750409446,2019-09-13,家用电器,2019,37,0.9318181818181818
2019-09-16,-639206.3828721403,2019-09-20,家用电器,2019,38,0.33707865168539325
2019-09-23,-3241086.2175664064,2019-09-27,家用电器,2019,39,0.08888888888888889
2019-09-30,1418182.0151205054,2019-10-04,家用电器,2019,40,0.6593406593406593
2019-10-07,-976369.7677206272,2019-10-11,家用电器,2019,41,0.30434782608695654
2019-10-14,14061.452913346002,2019-10-18,家用电器,2019,42,0.44086021505376344
2019-10-21,-363960.9712731864,2019-10-25,家用电器,2019,43,0.40425531914893614
2019-10-28,1518172.8122984997,2019-11-01,家用电器,2019,44,0.6842105263157895
2019-11-04,2353991.178561444,2019-11-08,家用电器,2019,45,0.8333333333333334
2019-11-11,-495658.237477308,2019-11-15,家用电器,2019,46,0.36082474226804123
2019-11-18,-2437690.798271614,2019-11-22,家用电器,2019,47,0.15306122448979592
2019-11-25,1243873.7445574137,2019-11-29,家用电器,2019,48,0.6161616161616161
2019-12-02,2199893.6507857954,2019-12-06,家用电器,2019,49,0.8
2019-12-09,-1574143.2141874204,2019-12-13,家用电器,2019,50,0.2079207920792079
2019-12-16,1823725.414968612,2019-12-20,家用电器,2019,51,0.7156862745098039
2019-12-23,-208118.67349160026,2019-12-27,家用电器,2019,52,0.4077669902912621
2019-12-30,4365932.902899492,2020-01-03,家用电器,2019,1,0.9807692307692307
2020-01-06,-244371.39304962277,2020-01-10,家用电器,2020,2,0.40384615384615385
2020-01-13,-1301124.4442169976,2020-01-17,家用电器,2020,3,0.23076923076923078
2020-01-20,2456428.2933099447,2020-01-24,家用电器,2020,4,0.8653846153846154
2020-01-27,1887570.27102291,2020-01-31,家用电器,2020,5,0.7211538461538461
2020-02-03,1389226.4677950467,2020-02-07,家用电器,2020,6,0.6346153846153846
2020-02-10,562136.9311827883,2020-02-14,家用电器,2020,7,0.5192307692307693
2020-02-17,3966631.0827676356,2020-02-21,家用电器,2020,8,0.9615384615384616
2020-02-24,-2241576.393905122,2020-02-28,家用电器,2020,9,0.15384615384615385
2020-03-02,-1709556.8187668128,2020-03-06,家用电器,2020,10,0.17307692307692307
2020-03-09,2450086.2705082176,2020-03-13,家用电器,2020,11,0.8653846153846154
2020-03-16,-1818666.7619137554,2020-03-20,家用电器,2020,12,0.16346153846153846
2020-03-23,686889.9297358743,2020-03-27,家用电器,2020,13,0.5384615384615384
2020-03-30,-1204132.2460796344,2020-04-03,家用电器,2020,14,0.23076923076923078
2020-04-06,-2274482.730051527,2020-04-10,家用电器,2020,15,0.1346153846153846
2020-04-13,-1439067.025443527,2020-04-17,家用电器,2020,16,0.23076923076923078
2020-04-20,2577159.7744781794,2020-04-24,家用电器,2020,17,0.875
2020-04-27,2729159.735363068,2020-05-01,家用电器,2020,18,0.9038461538461539
2020-05-04,3400455.716665046,2020-05-08,家用电器,2020,19,0.9230769230769231
2020-05-11,6025649.222617971,2020-05-15,家用电器,2020,20,0.9903846153846154
2020-05-18,-5463330.442357114,2020-05-22,家用电器,2020,21,0.0
2020-05-25,-2745414.976119136,2020-05-29,家用电器,2020,22,0.07692307692307693
2020-06-01,956208.0488357814,2020-06-05,家用电器,2020,23,0.5288461538461539
2020-06-08,-3064415.006548971,2020-06-12,家用电器,2020,24,0.0673076923076923
2020-06-15,-1727095.0307413023,2020-06-19,家用电器,2020,25,0.18269230769230768
2020-06-22,-2512911.412273987,2020-06-26,家用电器,2020,26,0.10576923076923077
2020-06-29,-1285732.9786869173,2020-07-03,家用电器,2020,27,0.25
2020-07-06,3403707.4002105705,2020-07-10,家用电器,2020,28,0.9134615384615384
2020-07-13,1207340.5923295077,2020-07-17,家用电器,2020,29,0.5480769230769231
2020-07-20,1332273.8100661794,2020-07-24,家用电器,2020,30,0.5769230769230769
2020-07-27,4736107.770168021,2020-07-31,家用电器,2020,31,0.9807692307692307
2020-08-03,-1105081.929109088,2020-08-07,家用电器,2020,32,0.25961538461538464
2020-08-10,-996185.7804387498,2020-08-14,家用电器,2020,33,0.28846153846153844
2020-08-17,-441934.9761160712,2020-08-21,家用电器,2020,34,0.34615384615384615
2020-08-24,-475450.26451737486,2020-08-28,家用电器,2020,35,0.34615384615384615
2020-08-31,369510.6115040398,2020-09-04,家用电器,2020,36,0.46153846153846156
2020-09-07,2109089.944659719,2020-09-11,家用电器,2020,37,0.7307692307692307
2020-09-14,-1864197.5945189078,2020-09-18,家用电器,2020,38,0.125
2020-09-21,3210714.3357988354,2020-09-25,家用电器,2020,39,0.8942307692307693
2020-09-28,1530527.2187652094,2020-10-02,家用电器,2020,40,0.6346153846153846
2020-10-05,2826961.2516702977,2020-10-09,家用电器,2020,41,0.8653846153846154
2020-10-12,-32767.71488064929,2020-10-16,家用电器,2020,42,0.38461538461538464
2020-10-19,1261391.2558056342,2020-10-23,家用电器,2020,43,0.5480769230769231
2020-10-26,-477946.2652889149,2020-10-30,家用电器,2020,44,0.3269230769230769
2020-11-02,6177416.169909212,2020-11-06,家用电器,2020,45,0.9903846153846154
2020-11-09,1346245.602943446,2020-11-13,家用电器,2020,46,0.5769230769230769
2020-11-16,-19008.142207815545,2020-11-20,家用电器,2020,47,0.3942307692307692
2020-11-23,-2493637.949109074,2020-11-27,家用电器,2020,48,0.0673076923076923
2020-11-30,3886028.1191327516,2020-12-04,家用电器,2020,49,0.9423076923076923
2020-12-07,-894858.9039076383,2020-12-11,家用电器,2020,50,0.25961538461538464
2020-12-14,-161820.1753150418,2020-12-18,家用电器,2020,51,0.38461538461538464
2020-12-21,-593639.656927696,2020-12-25,家用电器,2020,52,0.2980769230769231
2020-12-28,1466969.3259531863,2021-01-01,家用电器,2020,53,0.625
2021-01-04,855802.6616848458,2021-01-08,家用电器,2021,1,0.4807692307692308
2021-01-11,2249121.289546594,2021-01-15,家用电器,2021,2,0.75
2021-01-18,-2388862.285119733,2021-01-22,家用电器,2021,3,0.09615384615384616
2021-01-25,1394899.7191101778,2021-01-29,家用电器,2021,4,0.6057692307692307
2021-02-01,-2284545.8869879288,2021-02-05,家用电器,2021,5,0.10576923076923077
2021-02-08,2265862.367338656,2021-02-12,家用电器,2021,6,0.7884615384615384
2021-02-15,-1456374.0065847693,2021-02-19,家用电器,2021,7,0.20192307692307693
2021-02-22,-1738476.315304455,2021-02-26,家用电器,2021,8,0.16346153846153846
2021-03-01,551343.1612345304,2021-03-05,家用电器,2021,9,0.49038461538461536
2021-03-08,1256748.4309411284,2021-03-12,家用电器,2021,10,0.5673076923076923
2021-03-15,44360.0171466968,2021-03-19,家用电器,2021,11,0.4519230769230769
2021-03-22,2637520.9784080978,2021-03-26,家用电器,2021,12,0.8653846153846154
2021-03-29,640677.7690933926,2021-04-02,家用电器,2021,13,0.49038461538461536
2021-04-05,-3640319.265379746,2021-04-09,家用电器,2021,14,0.019230769230769232
2021-04-12,8568.993849792401,2021-04-16,家用电器,2021,15,0.4326923076923077
2021-04-19,587588.4915882621,2021-04-23,家用电器,2021,16,0.49038461538461536
2021-04-26,-3620509.418560797,2021-04-30,家用电器,2021,17,0.028846153846153848
2021-05-03,-21553.024563508836,2021-05-07,家用电器,2021,18,0.4230769230769231
2021-05-10,-3012903.0719531975,2021-05-14,家用电器,2021,19,0.057692307692307696
2021-05-17,-3487961.110227408,2021-05-21,家用电器,2021,20,0.038461538461538464
2021-05-24,349929.63823263,2021-05-28,家用电器,2021,21,0.49038461538461536
2021-05-31,-752304.6284097927,2021-06-04,家用电器,2021,22,0.3076923076923077
2021-06-07,407241.148717646,2021-06-11,家用电器,2021,23,0.5
2021-06-14,3719885.1615188904,2021-06-18,家用电器,2021,24,0.9423076923076923
2021-06-21,1517483.6064492525,2021-06-25,家用电器,2021,25,0.6923076923076923
2021-06-28,-2051592.98638794,2021-07-02,家用电器,2021,26,0.15384615384615385
2021-07-05,1791236.2846428258,2021-07-09,家用电器,2021,27,0.7211538461538461
2021-07-12,-1708322.533965036,2021-07-16,家用电器,2021,28,0.21153846153846154
2021-07-19,1864391.1235228565,2021-07-23,家用电器,2021,29,0.7403846153846154
2021-07-26,1352459.5169738075,2021-07-30,家用电器,2021,30,0.6442307692307693
2021-08-02,-1342704.815685093,2021-08-06,家用电器,2021,31,0.25
2021-08-09,-356551.5967773703,2021-08-13,家用电器,2021,32,0.40384615384615385
2021-08-16,-52367.26472513366,2021-08-20,家用电器,2021,33,0.4423076923076923
2021-08-23,40043.56737845857,2021-08-27,家用电器,2021,34,0.49038461538461536
2021-08-30,-4351296.567048372,2021-09-03,家用电器,2021,35,0.009615384615384616
2021-09-06,1088572.699073428,2021-09-10,家用电器,2021,36,0.6153846153846154
2021-09-13,3325416.8216643217,2021-09-17,家用电器,2021,37,0.9134615384615384
2021-09-20,-726730.5935455804,2021-09-24,家用电器,2021,38,0.33653846153846156
2021-09-27,-3532626.6627264014,2021-10-01,家用电器,2021,39,0.038461538461538464
2021-10-04,3661364.446145607,2021-10-08,家用电器,2021,40,0.9326923076923077
2021-10-11,1039126.8656655409,2021-10-15,家用电器,2021,41,0.6057692307692307
2021-10-18,-4637379.01203005,2021-10-22,家用电器,2021,42,0.009615384615384616
2021-10-25,333681.3891411839,2021-10-29,家用电器,2021,43,0.5
2021-11-01,3673889.9931984404,2021-11-05,家用电器,2021,44,0.9326923076923077
2021-11-08,163107.1545770266,2021-11-12,家用电器,2021,45,0.5
2021-11-15,211381.01671030768,2021-11-19,家用电器,2021,46,0.5
2021-11-22,265759.3626315417,2021-11-26,家用电器,2021,47,0.5
2021-11-29,1613651.6945446501,2021-12-03,家用电器,2021,48,0.7403846153846154
2021-12-06,999122.2054869701,2021-12-10,家用电器,2021,49,0.6153846153846154
2021-12-13,1042307.1523716222,2021-12-17,家用电器,2021,50,0.625
2021-12-20,525066.0911058998,2021-12-24,家用电器,2021,51,0.5384615384615384
2021-12-27,2009018.084464136,2021-12-31,家用电器,2021,52,0.7884615384615384
2022-01-03,-2085392.6966446857,2022-01-07,家用电器,2022,1,0.15384615384615385
2022-01-10,939788.8733642718,2022-01-14,家用电器,2022,2,0.5961538461538461
2022-01-17,-6406374.822570292,2022-01-21,家用电器,2022,3,0.0
2022-01-24,-558244.5767691518,2022-01-28,家用电器,2022,4,0.34615384615384615
2022-01-31,-427713.215889769,2022-02-04,家用电器,2022,5,0.38461538461538464
2022-02-07,2989540.9642419983,2022-02-11,家用电器,2022,6,0.8846153846153846
2022-02-14,3345254.554412417,2022-02-18,家用电器,2022,7,0.9038461538461539
2022-02-21,807001.8360332279,2022-02-25,家用电器,2022,8,0.5961538461538461
2022-02-28,-1297959.177359006,2022-03-04,家用电器,2022,9,0.25961538461538464
2022-03-07,239180.28283305722,2022-03-11,家用电器,2022,10,0.49038461538461536
2022-03-14,-1341496.6839446255,2022-03-18,家用电器,2022,11,0.25
2022-03-21,2658531.1121567674,2022-03-25,家用电器,2022,12,0.8557692307692307
2022-03-28,-2734846.5281968606,2022-04-01,家用电器,2022,13,0.10576923076923077
2022-04-04,259161.72680834634,2022-04-08,家用电器,2022,14,0.5
2022-04-11,582296.9953762791,2022-04-15,家用电器,2022,15,0.5673076923076923
2022-04-18,299405.3420639392,2022-04-22,家用电器,2022,16,0.5
2022-04-25,-1374583.8133420197,2022-04-29,家用电器,2022,17,0.22115384615384615
2022-05-02,2867114.7059977795,2022-05-06,家用电器,2022,18,0.875
2022-05-09,-682031.0852241684,2022-05-13,家用电器,2022,19,0.3173076923076923
2022-05-16,-2813036.6997017,2022-05-20,家用电器,2022,20,0.09615384615384616
2022-05-23,4167298.6741614575,2022-05-27,家用电器,2022,21,0.9807692307692307
2022-05-30,-2908817.551889493,2022-06-03,家用电器,2022,22,0.08653846153846154
2022-06-06,-1905997.764664814,2022-06-10,家用电器,2022,23,0.17307692307692307
2022-06-13,13716.106699819677,2022-06-17,家用电器,2022,24,0.4519230769230769
2022-06-20,-3319.413138723816,2022-06-24,家用电器,2022,25,0.4326923076923077
2022-06-27,1212154.0153732365,2022-07-01,家用电器,2022,26,0.6923076923076923
2022-07-04,-2859699.180098551,2022-07-08,家用电器,2022,27,0.08653846153846154
2022-07-11,1653682.7362084896,2022-07-15,家用电器,2022,28,0.7980769230769231
2022-07-18,987216.7308337198,2022-07-22,家用电器,2022,29,0.6442307692307693
2022-07-25,-2119933.5337205133,2022-07-29,家用电器,2022,30,0.14423076923076922
2022-08-01,1076235.877843685,2022-08-05,家用电器,2022,31,0.6923076923076923
2022-08-08,-844331.0019947214,2022-08-12,家用电器,2022,32,0.27884615384615385
2022-08-15,5649329.368460354,2022-08-19,家用电器,2022,33,0.9903846153846154
2022-08-22,-4784263.249524609,2022-08-26,家用电器,2022,34,0.009615384615384616
2022-08-29,-1502933.1342969465,2022-09-02,家用电器,2022,35,0.22115384615384615
2022-09-05,-2822247.181043216,2022-09-09,家用电器,2022,36,0.10576923076923077
2022-09-12,1227528.4610616274,2022-09-16,家用电器,2022,37,0.7115384615384616
2022-09-19,-1147508.6644406316,2022-09-23,家用电器,2022,38,0.27884615384615385
2022-09-26,344159.83182287,2022-09-30,家用电器,2022,39,0.5480769230769231
2022-10-03,25625.171894334897,2022-10-07,家用电器,2022,40,0.46153846153846156
2022-10-10,-3470891.6485205297,2022-10-14,家用电器,2022,41,0.07692307692307693
2022-10-17,55401.422774374834,2022-10-21,家用电器,2022,42,0.49038461538461536
2022-10-24,927474.5132530611,2022-10-28,家用电器,2022,43,0.6634615384615384
2022-10-31,-2190498.880528752,2022-11-04,家用电器,2022,44,0.17307692307692307
2022-11-07,-99259.02375409678,2022-11-11,家用电器,2022,45,0.40384615384615385
2022-11-14,2053031.8148292336,2022-11-18,家用电器,2022,46,0.8653846153846154
2022-11-21,-1104471.3840399177,2022-11-25,家用电器,2022,47,0.3076923076923077
2022-11-28,-1337858.118007741,2022-12-02,家用电器,2022,48,0.27884615384615385
2022-12-05,-203849.2666417146,2022-12-09,家用电器,2022,49,0.40384615384615385
2022-12-12,4271732.402119771,2022-12-16,家用电器,2022,50,0.9903846153846154
2022-12-19,866950.1712399907,2022-12-23,家用电器,2022,51,0.6634615384615384
2022-12-26,128206.6509201997,2022-12-30,家用电器,2022,52,0.49038461538461536
2023-01-02,2762415.1541220527,2023-01-06,家用电器,2023,1,0.9038461538461539
2023-01-09,-1518768.6844308998,2023-01-13,家用电器,2023,2,0.23076923076923078
2023-01-16,-1812423.5336871427,2023-01-20,家用电器,2023,3,0.21153846153846154
2023-01-23,-1393383.389375908,2023-01-27,家用电器,2023,4,0.25961538461538464
2023-01-30,393285.05659910175,2023-02-03,家用电器,2023,5,0.6057692307692307
2023-02-06,-3711313.929977796,2023-02-10,家用电器,2023,6,0.038461538461538464
2023-02-13,3878499.0725127785,2023-02-17,家用电器,2023,7,0.9711538461538461
2023-02-20,-1068509.7721776697,2023-02-24,家用电器,2023,8,0.3269230769230769
2023-02-27,957960.1714675953,2023-03-03,家用电器,2023,9,0.7019230769230769
2023-03-06,-523119.8253555182,2023-03-10,家用电器,2023,10,0.375
2023-03-13,-1806226.7061143222,2023-03-17,家用电器,2023,11,0.21153846153846154
2023-03-20,-2966603.6156684505,2023-03-24,家用电器,2023,12,0.10576923076923077
2023-03-27,-4331645.295947215,2023-03-31,家用电器,2023,13,0.038461538461538464
2023-04-03,-247857.30437023938,2023-04-07,家用电器,2023,14,0.4326923076923077
2023-04-10,1646804.1453860705,2023-04-14,家用电器,2023,15,0.8269230769230769
2023-04-17,-4914229.225967955,2023-04-21,家用电器,2023,16,0.009615384615384616
2023-04-24,5215096.652805213,2023-04-28,家用电器,2023,17,0.9903846153846154
2023-05-01,166358.40345499432,2023-05-05,家用电器,2023,18,0.5384615384615384
2023-05-08,65805.2141763512,2023-05-12,家用电器,2023,19,0.5096153846153846
2023-05-15,-666548.1076072978,2023-05-19,家用电器,2023,20,0.375
2023-05-22,-1767822.787275533,2023-05-26,家用电器,2023,21,0.21153846153846154
2023-05-29,731004.8171513623,2023-06-02,家用电器,2023,22,0.6538461538461539
2023-06-05,1120609.3828316587,2023-06-09,家用电器,2023,23,0.7596153846153846
2023-06-12,-4204685.783453459,2023-06-16,家用电器,2023,24,0.057692307692307696
2023-06-19,-2579864.4333161954,2023-06-23,家用电器,2023,25,0.15384615384615385
2023-06-26,1509734.8409096703,2023-06-30,家用电器,2023,26,0.8076923076923077
2023-07-03,-518228.92535216,2023-07-07,家用电器,2023,27,0.40384615384615385
2023-07-10,-1949251.5662233708,2023-07-14,家用电器,2023,28,0.19230769230769232
2023-07-17,-620815.5604647875,2023-07-21,家用电器,2023,29,0.38461538461538464
2023-07-24,-897870.4946341715,2023-07-28,家用电器,2023,30,0.34615384615384615
2023-07-31,-4365504.455208871,2023-08-04,家用电器,2023,31,0.038461538461538464
2023-08-07,929413.6591280648,2023-08-11,家用电器,2023,32,0.7115384615384616
2023-08-14,-2429435.1553088473,2023-08-18,家用电器,2023,33,0.17307692307692307
2023-08-21,376517.0063340557,2023-08-25,家用电器,2023,34,0.6346153846153846
2023-08-28,-117414.66694344755,2023-09-01,家用电器,2023,35,0.47115384615384615
2023-09-04,2316970.2769226735,2023-09-08,家用电器,2023,36,0.875
2023-09-11,-4049982.071184124,2023-09-15,家用电器,2023,37,0.0673076923076923
2023-09-18,1284901.3298204052,2023-09-22,家用电器,2023,38,0.8173076923076923
2023-09-25,-1393956.9598611067,2023-09-29,家用电器,2023,39,0.27884615384615385
2023-10-02,-1845978.621703201,2023-10-06,家用电器,2023,40,0.22115384615384615
2023-10-09,1704074.8581047151,2023-10-13,家用电器,2023,41,0.8653846153846154
2023-10-16,2263306.447354313,2023-10-20,家用电器,2023,42,0.8846153846153846
2023-10-23,-2721983.2411573483,2023-10-27,家用电器,2023,43,0.14423076923076922
2023-10-30,-1694623.600984555,2023-11-03,家用电器,2023,44,0.25961538461538464
2023-11-06,-899233.7801102236,2023-11-10,家用电器,2023,45,0.375
2023-11-13,124110.88712753961,2023-11-17,家用电器,2023,46,0.5576923076923077
2023-11-20,2405816.195844517,2023-11-24,家用电器,2023,47,0.9038461538461539
2023-11-27,-1448532.8627846916,2023-12-01,家用电器,2023,48,0.28846153846153844
2023-12-04,4305483.501106235,2023-12-08,家用电器,2023,49,0.9807692307692307
2023-12-11,-4182885.823919689,2023-12-15,家用电器,2023,50,0.057692307692307696
2023-12-18,-2088254.5007649674,2023-12-22,家用电器,2023,51,0.20192307692307693
2023-12-25,3675517.3264038768,2023-12-29,家用电器,2023,52,0.9423076923076923
2024-01-01,4726196.050373824,2024-01-05,家用电器,2024,1,0.9807692307692307
2024-01-08,2398044.5591295864,2024-01-12,家用电器,2024,2,0.8653846153846154
2024-01-15,-1634277.6200084873,2024-01-19,家用电器,2024,3,0.27884615384615385
2024-01-22,-1287427.4345542155,2024-01-26,家用电器,2024,4,0.36538461538461536
2024-01-29,-2716761.1797181796,2024-02-02,家用电器,2024,5,0.15384615384615385
2024-02-05,2791559.491962714,2024-02-09,家用电器,2024,6,0.8942307692307693
2024-02-12,385122.79382368294,2024-02-16,家用电器,2024,7,0.6538461538461539
2024-02-19,-5068446.090200656,2024-02-23,家用电器,2024,8,0.0
2024-02-26,-966445.6769851234,2024-03-01,家用电器,2024,9,0.4230769230769231
2024-03-04,-776652.440734604,2024-03-08,家用电器,2024,10,0.4519230769230769
2024-03-11,10884.74305116525,2024-03-15,家用电器,2024,11,0.5576923076923077
2024-03-18,-2058473.1979784542,2024-03-22,家用电器,2024,12,0.22115384615384615
2024-03-25,6351858.981573943,2024-03-29,家用电器,2024,13,1.0
2024-04-01,-212881.72018133127,2024-04-05,家用电器,2024,14,0.5096153846153846
2024-04-08,1456672.198434601,2024-04-12,家用电器,2024,15,0.7980769230769231
2024-04-15,6471117.698966736,2024-04-19,家用电器,2024,16,1.0
2024-04-22,268070.5635309663,2024-04-26,家用电器,2024,17,0.6346153846153846
2024-04-29,-1167264.5348957565,2024-05-03,家用电器,2024,18,0.36538461538461536
2024-05-06,-5162221.6804890055,2024-05-10,家用电器,2024,19,0.0
2024-05-13,1436667.0643796541,2024-05-17,家用电器,2024,20,0.7884615384615384
2024-05-20,-653058.3712931366,2024-05-24,家用电器,2024,21,0.46153846153846156
2024-05-27,-6377110.9247580655,2024-05-31,家用电器,2024,22,0.0
2024-06-03,342803.5053442572,2024-06-07,家用电器,2024,23,0.6442307692307693
2024-06-10,472121.0210931841,2024-06-14,家用电器,2024,24,0.6826923076923077
2024-06-17,912614.9382202683,2024-06-21,家用电器,2024,25,0.7019230769230769
2024-06-24,-928849.8260243839,2024-06-28,家用电器,2024,26,0.40384615384615385
2024-07-01,1624727.535853693,2024-07-05,家用电器,2024,27,0.8173076923076923
2024-07-08,-6646887.357468191,2024-07-12,家用电器,2024,28,0.0
2024-07-15,2692296.1750951237,2024-07-19,家用电器,2024,29,0.8942307692307693
2024-07-22,2129713.3442001147,2024-07-26,家用电器,2024,30,0.8461538461538461
2024-07-29,2155336.561963766,2024-07-31,家用电器,2024,31,0.8461538461538461
2018-01-01,2769282.4262340935,2018-01-05,建筑材料,2018,1,
2018-01-08,-1203670.60481756,2018-01-12,建筑材料,2018,2,0.0
2018-01-15,589095.6488442577,2018-01-19,建筑材料,2018,3,0.5
2018-01-22,1871867.8210580626,2018-01-26,建筑材料,2018,4,0.6666666666666666
2018-01-29,630609.6963524041,2018-02-02,建筑材料,2018,5,0.5
2018-02-05,-1114603.7233887864,2018-02-09,建筑材料,2018,6,0.2
2018-02-12,-11502.608020808315,2018-02-16,建筑材料,2018,7,0.3333333333333333
2018-02-19,-289266.39826644724,2018-02-23,建筑材料,2018,8,0.2857142857142857
2018-02-26,-4112812.4383969237,2018-03-02,建筑材料,2018,9,0.0
2018-03-05,-28967.34599568881,2018-03-09,建筑材料,2018,10,0.4444444444444444
2018-03-12,2667773.468691723,2018-03-16,建筑材料,2018,11,0.9
2018-03-19,-1486009.9979590378,2018-03-23,建筑材料,2018,12,0.09090909090909091
2018-03-26,-4006034.0768223023,2018-03-30,建筑材料,2018,13,0.08333333333333333
2018-04-02,-2743571.7502514394,2018-04-06,建筑材料,2018,14,0.15384615384615385
2018-04-09,3006938.135307487,2018-04-13,建筑材料,2018,15,1.0
2018-04-16,5928686.961138003,2018-04-20,建筑材料,2018,16,1.0
2018-04-23,-848431.2910923334,2018-04-27,建筑材料,2018,17,0.375
2018-04-30,323216.60015288915,2018-05-04,建筑材料,2018,18,0.5882352941176471
2018-05-07,730567.4592783952,2018-05-11,建筑材料,2018,19,0.7222222222222222
2018-05-14,3111122.407933996,2018-05-18,建筑材料,2018,20,0.9473684210526315
2018-05-21,1280812.1182437115,2018-05-25,建筑材料,2018,21,0.7
2018-05-28,-4354293.065803253,2018-06-01,建筑材料,2018,22,0.0
2018-06-04,394838.63597729383,2018-06-08,建筑材料,2018,23,0.5454545454545454
2018-06-11,331812.11461406306,2018-06-15,建筑材料,2018,24,0.5217391304347826
2018-06-18,238896.8337319818,2018-06-22,建筑材料,2018,25,0.4583333333333333
2018-06-25,-1465292.603194631,2018-06-29,建筑材料,2018,26,0.2
2018-07-02,-2225714.5204385836,2018-07-06,建筑材料,2018,27,0.15384615384615385
2018-07-09,1756477.9217827413,2018-07-13,建筑材料,2018,28,0.7777777777777778
2018-07-16,-2029676.4562457693,2018-07-20,建筑材料,2018,29,0.17857142857142858
2018-07-23,-1633199.5891755843,2018-07-27,建筑材料,2018,30,0.20689655172413793
2018-07-30,-3013207.7253813553,2018-08-03,建筑材料,2018,31,0.1
2018-08-06,492901.5687360343,2018-08-10,建筑材料,2018,32,0.6451612903225806
2018-08-13,-381709.7972472075,2018-08-17,建筑材料,2018,33,0.40625
2018-08-20,-801796.8808488533,2018-08-24,建筑材料,2018,34,0.3939393939393939
2018-08-27,-1602453.7173296935,2018-08-31,建筑材料,2018,35,0.23529411764705882
2018-09-03,1888308.8042501104,2018-09-07,建筑材料,2018,36,0.8571428571428571
2018-09-10,-816768.7334195907,2018-09-14,建筑材料,2018,37,0.3888888888888889
2018-09-17,488026.3853951616,2018-09-21,建筑材料,2018,38,0.6486486486486487
2018-09-24,-626817.1232398644,2018-09-28,建筑材料,2018,39,0.42105263157894735
2018-10-01,-3022340.8163446053,2018-10-05,建筑材料,2018,40,0.07692307692307693
2018-10-08,4520.864281074377,2018-10-12,建筑材料,2018,41,0.55
2018-10-15,-323557.4146204024,2018-10-19,建筑材料,2018,42,0.4634146341463415
2018-10-22,73208.35002318642,2018-10-26,建筑材料,2018,43,0.5714285714285714
2018-10-29,-629924.9493327569,2018-11-02,建筑材料,2018,44,0.3953488372093023
2018-11-05,-1577439.981260424,2018-11-09,建筑材料,2018,45,0.22727272727272727
2018-11-12,3724612.952678555,2018-11-16,建筑材料,2018,46,0.9777777777777777
2018-11-19,-593358.4621309726,2018-11-23,建筑材料,2018,47,0.43478260869565216
2018-11-26,-1749105.2131868647,2018-11-30,建筑材料,2018,48,0.1702127659574468
2018-12-03,390051.8846329143,2018-12-07,建筑材料,2018,49,0.6666666666666666
2018-12-10,-1415595.304812497,2018-12-14,建筑材料,2018,50,0.2857142857142857
2018-12-17,-1220964.4506720302,2018-12-21,建筑材料,2018,51,0.3
2018-12-24,1727294.8222980746,2018-12-28,建筑材料,2018,52,0.8235294117647058
2018-12-31,562336.2306928625,2019-01-04,建筑材料,2018,1,0.7307692307692307
2019-01-07,-575138.3300690138,2019-01-11,建筑材料,2019,2,0.4528301886792453
2019-01-14,903755.9679697938,2019-01-18,建筑材料,2019,3,0.7962962962962963
2019-01-21,-1362475.410049882,2019-01-25,建筑材料,2019,4,0.2727272727272727
2019-01-28,211612.89741522382,2019-02-01,建筑材料,2019,5,0.5892857142857143
2019-02-04,4172119.9186905622,2019-02-08,建筑材料,2019,6,0.9824561403508771
2019-02-11,-4215559.358635819,2019-02-15,建筑材料,2019,7,0.017241379310344827
2019-02-18,186425.21237742275,2019-02-22,建筑材料,2019,8,0.576271186440678
2019-02-25,-1161323.7059661322,2019-03-01,建筑材料,2019,9,0.31666666666666665
2019-03-04,3340318.927742478,2019-03-08,建筑材料,2019,10,0.9508196721311475
2019-03-11,397473.2971844794,2019-03-15,建筑材料,2019,11,0.6774193548387096
2019-03-18,666662.8876145396,2019-03-22,建筑材料,2019,12,0.7619047619047619
2019-03-25,-1939135.8213389055,2019-03-29,建筑材料,2019,13,0.140625
2019-04-01,-1583876.5398243878,2019-04-05,建筑材料,2019,14,0.2
2019-04-08,-1286913.0050807004,2019-04-12,建筑材料,2019,15,0.2878787878787879
2019-04-15,-649091.948179308,2019-04-19,建筑材料,2019,16,0.40298507462686567
2019-04-22,566163.0000940261,2019-04-26,建筑材料,2019,17,0.7352941176470589
2019-04-29,-2301867.693613498,2019-05-03,建筑材料,2019,18,0.10144927536231885
2019-05-06,4172951.3735439777,2019-05-10,建筑材料,2019,19,0.9857142857142858
2019-05-13,-69601.20546012599,2019-05-17,建筑材料,2019,20,0.5070422535211268
2019-05-20,3346220.4437530665,2019-05-24,建筑材料,2019,21,0.9444444444444444
2019-05-27,-2084742.5089719205,2019-05-31,建筑材料,2019,22,0.1232876712328767
2019-06-03,-937067.4213590098,2019-06-07,建筑材料,2019,23,0.35135135135135137
2019-06-10,730504.9520726276,2019-06-14,建筑材料,2019,24,0.7733333333333333
2019-06-17,5568959.464564972,2019-06-21,建筑材料,2019,25,0.9868421052631579
2019-06-24,-2794495.7632015087,2019-06-28,建筑材料,2019,26,0.07792207792207792
2019-07-01,3188989.441598375,2019-07-05,建筑材料,2019,27,0.9102564102564102
2019-07-08,-4214609.685216982,2019-07-12,建筑材料,2019,28,0.02531645569620253
2019-07-15,3345648.303805595,2019-07-19,建筑材料,2019,29,0.925
2019-07-22,1791395.4571130723,2019-07-26,建筑材料,2019,30,0.8148148148148148
2019-07-29,1903586.1120579918,2019-08-02,建筑材料,2019,31,0.8414634146341463
2019-08-05,492328.4945962919,2019-08-09,建筑材料,2019,32,0.6506024096385542
2019-08-12,-3592778.4168370566,2019-08-16,建筑材料,2019,33,0.05952380952380952
2019-08-19,5475528.480275841,2019-08-23,建筑材料,2019,34,0.9764705882352941
2019-08-26,-114522.23043062724,2019-08-30,建筑材料,2019,35,0.47674418604651164
2019-09-02,331862.7425624777,2019-09-06,建筑材料,2019,36,0.5977011494252874
2019-09-09,564824.5461687384,2019-09-13,建筑材料,2019,37,0.6818181818181818
2019-09-16,-912131.1518206655,2019-09-20,建筑材料,2019,38,0.33707865168539325
2019-09-23,327134.35647563846,2019-09-27,建筑材料,2019,39,0.5777777777777777
2019-09-30,971366.2858905902,2019-10-04,建筑材料,2019,40,0.7692307692307693
2019-10-07,-2119384.1976983985,2019-10-11,建筑材料,2019,41,0.13043478260869565
2019-10-14,387989.8344043704,2019-10-18,建筑材料,2019,42,0.6021505376344086
2019-10-21,1125876.4065423217,2019-10-25,建筑材料,2019,43,0.776595744680851
2019-10-28,-1053545.5748069454,2019-11-01,建筑材料,2019,44,0.3157894736842105
2019-11-04,1872636.7417805383,2019-11-08,建筑材料,2019,45,0.8333333333333334
2019-11-11,-956754.3489201583,2019-11-15,建筑材料,2019,46,0.31958762886597936
2019-11-18,3526369.7881372105,2019-11-22,建筑材料,2019,47,0.9387755102040817
2019-11-25,77894.75916327961,2019-11-29,建筑材料,2019,48,0.5151515151515151
2019-12-02,2537768.162318743,2019-12-06,建筑材料,2019,49,0.85
2019-12-09,-5217461.813320167,2019-12-13,建筑材料,2019,50,0.0
2019-12-16,-48422.67229288537,2019-12-20,建筑材料,2019,51,0.47058823529411764
2019-12-23,651188.5606220553,2019-12-27,建筑材料,2019,52,0.7087378640776699
2019-12-30,3703656.8087470825,2020-01-03,建筑材料,2019,1,0.9423076923076923
2020-01-06,1959861.721126537,2020-01-10,建筑材料,2020,2,0.8461538461538461
2020-01-13,4249212.213814481,2020-01-17,建筑材料,2020,3,0.9711538461538461
2020-01-20,-1707096.5332436836,2020-01-24,建筑材料,2020,4,0.17307692307692307
2020-01-27,-1117464.3190827065,2020-01-31,建筑材料,2020,5,0.28846153846153844
2020-02-03,-4351085.4679294005,2020-02-07,建筑材料,2020,6,0.019230769230769232
2020-02-10,273211.4967905943,2020-02-14,建筑材料,2020,7,0.5576923076923077
2020-02-17,-828921.2586782535,2020-02-21,建筑材料,2020,8,0.3557692307692308
2020-02-24,-1965983.6769441906,2020-02-28,建筑材料,2020,9,0.16346153846153846
2020-03-02,3431693.184675651,2020-03-06,建筑材料,2020,10,0.9134615384615384
2020-03-09,1724464.0272646279,2020-03-13,建筑材料,2020,11,0.7596153846153846
2020-03-16,-2132598.1286544283,2020-03-20,建筑材料,2020,12,0.125
2020-03-23,-374501.153336131,2020-03-27,建筑材料,2020,13,0.4423076923076923
2020-03-30,2989359.5276674274,2020-04-03,建筑材料,2020,14,0.8461538461538461
2020-04-06,-1949019.1979027865,2020-04-10,建筑材料,2020,15,0.15384615384615385
2020-04-13,1919869.4254603868,2020-04-17,建筑材料,2020,16,0.8269230769230769
2020-04-20,1338888.1283941683,2020-04-24,建筑材料,2020,17,0.7596153846153846
2020-04-27,-2552861.652447836,2020-05-01,建筑材料,2020,18,0.08653846153846154
2020-05-04,4562946.6268368,2020-05-08,建筑材料,2020,19,0.9807692307692307
2020-05-11,-284957.60797454603,2020-05-15,建筑材料,2020,20,0.4519230769230769
2020-05-18,-1409463.1016912155,2020-05-22,建筑材料,2020,21,0.25961538461538464
2020-05-25,-773110.0805742271,2020-05-29,建筑材料,2020,22,0.38461538461538464
2020-06-01,-2094346.4980974721,2020-06-05,建筑材料,2020,23,0.125
2020-06-08,-4031855.817853927,2020-06-12,建筑材料,2020,24,0.038461538461538464
2020-06-15,3810782.06287531,2020-06-19,建筑材料,2020,25,0.9423076923076923
2020-06-22,-3418072.8562804605,2020-06-26,建筑材料,2020,26,0.057692307692307696
2020-06-29,4601871.32391076,2020-07-03,建筑材料,2020,27,0.9807692307692307
2020-07-06,502253.88226703694,2020-07-10,建筑材料,2020,28,0.6442307692307693
2020-07-13,2993637.2546397164,2020-07-17,建筑材料,2020,29,0.8461538461538461
2020-07-20,-949632.3281563888,2020-07-24,建筑材料,2020,30,0.3269230769230769
2020-07-27,-719009.9710461996,2020-07-31,建筑材料,2020,31,0.38461538461538464
2020-08-03,-1619521.93937191,2020-08-07,建筑材料,2020,32,0.19230769230769232
2020-08-10,-2299730.544657858,2020-08-14,建筑材料,2020,33,0.10576923076923077
2020-08-17,2983516.3706189273,2020-08-21,建筑材料,2020,34,0.8269230769230769
2020-08-24,-2516446.008078018,2020-08-28,建筑材料,2020,35,0.09615384615384616
2020-08-31,-653769.0772659917,2020-09-04,建筑材料,2020,36,0.3942307692307692
2020-09-07,275837.5174870101,2020-09-11,建筑材料,2020,37,0.5673076923076923
2020-09-14,1823870.6978383774,2020-09-18,建筑材料,2020,38,0.7692307692307693
2020-09-21,-678237.9500007507,2020-09-25,建筑材料,2020,39,0.38461538461538464
2020-09-28,-5647551.570668512,2020-10-02,建筑材料,2020,40,0.0
2020-10-05,-2581211.1963019166,2020-10-09,建筑材料,2020,41,0.08653846153846154
2020-10-12,2125179.011486789,2020-10-16,建筑材料,2020,42,0.8076923076923077
2020-10-19,-3526995.3251298554,2020-10-23,建筑材料,2020,43,0.0673076923076923
2020-10-26,883276.3039561398,2020-10-30,建筑材料,2020,44,0.6826923076923077
2020-11-02,239683.17373542394,2020-11-06,建筑材料,2020,45,0.5288461538461539
2020-11-09,-2508036.4742844333,2020-11-13,建筑材料,2020,46,0.125
2020-11-16,-1705278.589421183,2020-11-20,建筑材料,2020,47,0.2403846153846154
2020-11-23,1590745.9108196914,2020-11-27,建筑材料,2020,48,0.7307692307692307
2020-11-30,-587674.8037602867,2020-12-04,建筑材料,2020,49,0.4326923076923077
2020-12-07,1814451.8510333172,2020-12-11,建筑材料,2020,50,0.7596153846153846
2020-12-14,398106.41175275226,2020-12-18,建筑材料,2020,51,0.5865384615384616
2020-12-21,274765.2900762952,2020-12-25,建筑材料,2020,52,0.5288461538461539
2020-12-28,-618413.865706861,2021-01-01,建筑材料,2020,53,0.41346153846153844
2021-01-04,-927748.3581696146,2021-01-08,建筑材料,2021,1,0.34615384615384615
2021-01-11,-1574310.1387495408,2021-01-15,建筑材料,2021,2,0.25961538461538464
2021-01-18,3024546.6952081947,2021-01-22,建筑材料,2021,3,0.8557692307692307
2021-01-25,4785514.043951086,2021-01-29,建筑材料,2021,4,0.9807692307692307
2021-02-01,2435677.158264336,2021-02-05,建筑材料,2021,5,0.7980769230769231
2021-02-08,714430.3818397785,2021-02-12,建筑材料,2021,6,0.6538461538461539
2021-02-15,-2501876.1570652504,2021-02-19,建筑材料,2021,7,0.125
2021-02-22,2431454.370522213,2021-02-26,建筑材料,2021,8,0.7980769230769231
2021-03-01,3646213.6249890258,2021-03-05,建筑材料,2021,9,0.9134615384615384
2021-03-08,2111663.5347160366,2021-03-12,建筑材料,2021,10,0.7788461538461539
2021-03-15,-1706456.33720408,2021-03-19,建筑材料,2021,11,0.23076923076923078
2021-03-22,2422365.3058736087,2021-03-26,建筑材料,2021,12,0.7884615384615384
2021-03-29,-1468099.1249094699,2021-04-02,建筑材料,2021,13,0.2692307692307692
2021-04-05,-882196.7689969359,2021-04-09,建筑材料,2021,14,0.3557692307692308
2021-04-12,514192.0985912683,2021-04-16,建筑材料,2021,15,0.5865384615384616
2021-04-19,1393009.1494475596,2021-04-23,建筑材料,2021,16,0.6730769230769231
2021-04-26,548466.057471958,2021-04-30,建筑材料,2021,17,0.5865384615384616
2021-05-03,-2114434.5877480996,2021-05-07,建筑材料,2021,18,0.16346153846153846
2021-05-10,-23068.20787615569,2021-05-14,建筑材料,2021,19,0.47115384615384615
2021-05-17,-1540237.6337776522,2021-05-21,建筑材料,2021,20,0.25961538461538464
2021-05-24,1344359.5036373858,2021-05-28,建筑材料,2021,21,0.6826923076923077
2021-05-31,1076863.9870866695,2021-06-04,建筑材料,2021,22,0.6538461538461539
2021-06-07,-293184.8209421576,2021-06-11,建筑材料,2021,23,0.4230769230769231
2021-06-14,1439699.0348534859,2021-06-18,建筑材料,2021,24,0.6923076923076923
2021-06-21,-2826198.1420407,2021-06-25,建筑材料,2021,25,0.07692307692307693
2021-06-28,-1168115.8354933653,2021-07-02,建筑材料,2021,26,0.27884615384615385
2021-07-05,1124808.646603614,2021-07-09,建筑材料,2021,27,0.6634615384615384
2021-07-12,-1051490.060386878,2021-07-16,建筑材料,2021,28,0.2980769230769231
2021-07-19,1656733.2753119997,2021-07-23,建筑材料,2021,29,0.7307692307692307
2021-07-26,-1937103.8400103357,2021-07-30,建筑材料,2021,30,0.19230769230769232
2021-08-02,-273240.0108007843,2021-08-06,建筑材料,2021,31,0.46153846153846156
2021-08-09,894826.6878146131,2021-08-13,建筑材料,2021,32,0.6538461538461539
2021-08-16,-801126.7036940003,2021-08-20,建筑材料,2021,33,0.36538461538461536
2021-08-23,-830780.7137944982,2021-08-27,建筑材料,2021,34,0.3557692307692308
2021-08-30,3095162.5889837397,2021-09-03,建筑材料,2021,35,0.9134615384615384
2021-09-06,366762.81635213946,2021-09-10,建筑材料,2021,36,0.5576923076923077
2021-09-13,2870540.742217694,2021-09-17,建筑材料,2021,37,0.8653846153846154
2021-09-20,659871.8615649482,2021-09-24,建筑材料,2021,38,0.6153846153846154
2021-09-27,2806667.339301267,2021-10-01,建筑材料,2021,39,0.8557692307692307
2021-10-04,-3142468.12771439,2021-10-08,建筑材料,2021,40,0.057692307692307696
2021-10-11,4313783.312969361,2021-10-15,建筑材料,2021,41,0.9711538461538461
2021-10-18,2972534.4172791266,2021-10-22,建筑材料,2021,42,0.8557692307692307
2021-10-25,-1667720.0116714432,2021-10-29,建筑材料,2021,43,0.22115384615384615
2021-11-01,-1428495.6831916873,2021-11-05,建筑材料,2021,44,0.2692307692307692
2021-11-08,-1163449.2010161602,2021-11-12,建筑材料,2021,45,0.2980769230769231
2021-11-15,-1553453.1147571625,2021-11-19,建筑材料,2021,46,0.25
2021-11-22,-48522.49870577338,2021-11-26,建筑材料,2021,47,0.49038461538461536
2021-11-29,-3152009.76444921,2021-12-03,建筑材料,2021,48,0.057692307692307696
2021-12-06,2895964.9054480833,2021-12-10,建筑材料,2021,49,0.8557692307692307
2021-12-13,-2501162.1497893063,2021-12-17,建筑材料,2021,50,0.125
2021-12-20,-124997.07227770891,2021-12-24,建筑材料,2021,51,0.5
2021-12-27,-780913.617711531,2021-12-31,建筑材料,2021,52,0.40384615384615385
2022-01-03,2553114.990411979,2022-01-07,建筑材料,2022,1,0.8365384615384616
2022-01-10,1011406.6614500551,2022-01-14,建筑材料,2022,2,0.6634615384615384
2022-01-17,-1999542.5624271482,2022-01-21,建筑材料,2022,3,0.17307692307692307
2022-01-24,1986928.0546857307,2022-01-28,建筑材料,2022,4,0.7884615384615384
2022-01-31,1588258.172070737,2022-02-04,建筑材料,2022,5,0.7211538461538461
2022-02-07,-1197557.2268067603,2022-02-11,建筑材料,2022,6,0.2980769230769231
2022-02-14,69596.10885201544,2022-02-18,建筑材料,2022,7,0.5288461538461539
2022-02-21,387629.7395111272,2022-02-25,建筑材料,2022,8,0.5673076923076923
2022-02-28,1928504.0689813984,2022-03-04,建筑材料,2022,9,0.7788461538461539
2022-03-07,-1886879.2167934966,2022-03-11,建筑材料,2022,10,0.19230769230769232
2022-03-14,-734443.588950593,2022-03-18,建筑材料,2022,11,0.40384615384615385
2022-03-21,-1239824.5855983992,2022-03-25,建筑材料,2022,12,0.28846153846153844
2022-03-28,2098399.727501525,2022-04-01,建筑材料,2022,13,0.7980769230769231
2022-04-04,647301.0381562122,2022-04-08,建筑材料,2022,14,0.6153846153846154
2022-04-11,-1909935.37955065,2022-04-15,建筑材料,2022,15,0.17307692307692307
2022-04-18,2793837.12291256,2022-04-22,建筑材料,2022,16,0.8653846153846154
2022-04-25,1895252.8845022582,2022-04-29,建筑材料,2022,17,0.7692307692307693
2022-05-02,-1494306.9313055049,2022-05-06,建筑材料,2022,18,0.25
2022-05-09,-1006465.501668588,2022-05-13,建筑材料,2022,19,0.33653846153846156
2022-05-16,3360192.4366468056,2022-05-20,建筑材料,2022,20,0.9519230769230769
2022-05-23,-2062753.8336103214,2022-05-27,建筑材料,2022,21,0.14423076923076922
2022-05-30,1147651.679243204,2022-06-03,建筑材料,2022,22,0.6826923076923077
2022-06-06,-4425776.515476476,2022-06-10,建筑材料,2022,23,0.009615384615384616
2022-06-13,362051.88126777427,2022-06-17,建筑材料,2022,24,0.5384615384615384
2022-06-20,-2375126.0685975878,2022-06-24,建筑材料,2022,25,0.11538461538461539
2022-06-27,1014730.8114213451,2022-07-01,建筑材料,2022,26,0.6634615384615384
2022-07-04,6167105.478346654,2022-07-08,建筑材料,2022,27,1.0
2022-07-11,-1378982.7783387909,2022-07-15,建筑材料,2022,28,0.27884615384615385
2022-07-18,-695566.522707202,2022-07-22,建筑材料,2022,29,0.4230769230769231
2022-07-25,1649276.6459907424,2022-07-29,建筑材料,2022,30,0.75
2022-08-01,1194082.9677665979,2022-08-05,建筑材料,2022,31,0.6923076923076923
2022-08-08,-1540232.705303181,2022-08-12,建筑材料,2022,32,0.2403846153846154
2022-08-15,-23969.76417772926,2022-08-19,建筑材料,2022,33,0.4807692307692308
2022-08-22,-1736609.1541379883,2022-08-26,建筑材料,2022,34,0.17307692307692307
2022-08-29,-782059.1742727237,2022-09-02,建筑材料,2022,35,0.375
2022-09-05,-2776180.7780290437,2022-09-09,建筑材料,2022,36,0.057692307692307696
2022-09-12,678224.5931678184,2022-09-16,建筑材料,2022,37,0.6153846153846154
2022-09-19,-2134838.564647466,2022-09-23,建筑材料,2022,38,0.11538461538461539
2022-09-26,-994228.8323388627,2022-09-30,建筑材料,2022,39,0.3557692307692308
2022-10-03,1506951.7292011664,2022-10-07,建筑材料,2022,40,0.7403846153846154
2022-10-10,-5188343.945080216,2022-10-14,建筑材料,2022,41,0.0
2022-10-17,864429.4671675081,2022-10-21,建筑材料,2022,42,0.6346153846153846
2022-10-24,3898364.5166049367,2022-10-28,建筑材料,2022,43,0.9711538461538461
2022-10-31,-1209739.008676987,2022-11-04,建筑材料,2022,44,0.28846153846153844
2022-11-07,494384.1348982195,2022-11-11,建筑材料,2022,45,0.5673076923076923
2022-11-14,-359879.2257967347,2022-11-18,建筑材料,2022,46,0.4423076923076923
2022-11-21,-4745413.196779827,2022-11-25,建筑材料,2022,47,0.009615384615384616
2022-11-28,-801366.6503385791,2022-12-02,建筑材料,2022,48,0.375
2022-12-05,730976.0754331371,2022-12-09,建筑材料,2022,49,0.6346153846153846
2022-12-12,-918128.0378175802,2022-12-16,建筑材料,2022,50,0.3557692307692308
2022-12-19,-1600027.6574490457,2022-12-23,建筑材料,2022,51,0.19230769230769232
2022-12-26,2583618.7973767715,2022-12-30,建筑材料,2022,52,0.875
2023-01-02,2462719.360388357,2023-01-06,建筑材料,2023,1,0.8557692307692307
2023-01-09,1928924.1672870296,2023-01-13,建筑材料,2023,2,0.7884615384615384
2023-01-16,824830.3645803155,2023-01-20,建筑材料,2023,3,0.6153846153846154
2023-01-23,284893.40945157805,2023-01-27,建筑材料,2023,4,0.5096153846153846
2023-01-30,-2011644.0038421208,2023-02-03,建筑材料,2023,5,0.125
2023-02-06,-3650164.0978393303,2023-02-10,建筑材料,2023,6,0.028846153846153848
2023-02-13,588603.5873164147,2023-02-17,建筑材料,2023,7,0.5961538461538461
2023-02-20,-2636813.392843305,2023-02-24,建筑材料,2023,8,0.07692307692307693
2023-02-27,705496.682020784,2023-03-03,建筑材料,2023,9,0.6346153846153846
2023-03-06,708242.9496155567,2023-03-10,建筑材料,2023,10,0.6442307692307693
2023-03-13,-715685.9643037487,2023-03-17,建筑材料,2023,11,0.4423076923076923
2023-03-20,112014.8024561053,2023-03-24,建筑材料,2023,12,0.5288461538461539
2023-03-27,3359525.7316962746,2023-03-31,建筑材料,2023,13,0.9615384615384616
2023-04-03,-2864485.554594583,2023-04-07,建筑材料,2023,14,0.057692307692307696
2023-04-10,-1274674.207512876,2023-04-14,建筑材料,2023,15,0.27884615384615385
2023-04-17,-949593.0021009571,2023-04-21,建筑材料,2023,16,0.36538461538461536
2023-04-24,-249017.50978463213,2023-04-28,建筑材料,2023,17,0.49038461538461536
2023-05-01,473052.51492495416,2023-05-05,建筑材料,2023,18,0.5961538461538461
2023-05-08,-2620400.602750412,2023-05-12,建筑材料,2023,19,0.09615384615384616
2023-05-15,-590267.8479536669,2023-05-19,建筑材料,2023,20,0.46153846153846156
2023-05-22,-729500.4952428013,2023-05-26,建筑材料,2023,21,0.4326923076923077
2023-05-29,2708750.033762633,2023-06-02,建筑材料,2023,22,0.8942307692307693
2023-06-05,4244165.736698803,2023-06-09,建筑材料,2023,23,0.9807692307692307
2023-06-12,-1793888.5434241665,2023-06-16,建筑材料,2023,24,0.19230769230769232
2023-06-19,-226375.44632979803,2023-06-23,建筑材料,2023,25,0.5096153846153846
2023-06-26,-569245.9334256013,2023-06-30,建筑材料,2023,26,0.47115384615384615
2023-07-03,-3079853.1358147264,2023-07-07,建筑材料,2023,27,0.057692307692307696
2023-07-10,1632466.832983409,2023-07-14,建筑材料,2023,28,0.7788461538461539
2023-07-17,-1078409.3883556977,2023-07-21,建筑材料,2023,29,0.3269230769230769
2023-07-24,-34912.76404165779,2023-07-28,建筑材料,2023,30,0.5384615384615384
2023-07-31,2247180.236652725,2023-08-04,建筑材料,2023,31,0.8461538461538461
2023-08-07,-2165315.8745266506,2023-08-11,建筑材料,2023,32,0.125
2023-08-14,-2277762.32585869,2023-08-18,建筑材料,2023,33,0.125
2023-08-21,-352207.0385464085,2023-08-25,建筑材料,2023,34,0.49038461538461536
2023-08-28,1082266.680167071,2023-09-01,建筑材料,2023,35,0.7307692307692307
2023-09-04,-1055302.3925650325,2023-09-08,建筑材料,2023,36,0.34615384615384615
2023-09-11,-1583672.969052528,2023-09-15,建筑材料,2023,37,0.2403846153846154
2023-09-18,2940642.5314651895,2023-09-22,建筑材料,2023,38,0.9326923076923077
2023-09-25,95734.54928440135,2023-09-29,建筑材料,2023,39,0.5769230769230769
2023-10-02,-2754613.515168315,2023-10-06,建筑材料,2023,40,0.08653846153846154
2023-10-09,-2385228.744695065,2023-10-13,建筑材料,2023,41,0.11538461538461539
2023-10-16,1571348.7672723879,2023-10-20,建筑材料,2023,42,0.7884615384615384
2023-10-23,-2993691.288858995,2023-10-27,建筑材料,2023,43,0.057692307692307696
2023-10-30,1422386.1025348406,2023-11-03,建筑材料,2023,44,0.7788461538461539
2023-11-06,-1758210.772486434,2023-11-10,建筑材料,2023,45,0.23076923076923078
2023-11-13,2823964.454743463,2023-11-17,建筑材料,2023,46,0.9326923076923077
2023-11-20,2343355.3479753775,2023-11-24,建筑材料,2023,47,0.875
2023-11-27,921028.7732404284,2023-12-01,建筑材料,2023,48,0.7019230769230769
2023-12-04,-3245186.806810547,2023-12-08,建筑材料,2023,49,0.038461538461538464
2023-12-11,-2924179.6405570693,2023-12-15,建筑材料,2023,50,0.0673076923076923
2023-12-18,1130097.740406182,2023-12-22,建筑材料,2023,51,0.7403846153846154
2023-12-25,-3195519.557867986,2023-12-29,建筑材料,2023,52,0.04807692307692308
2024-01-01,1103026.0379615116,2024-01-05,建筑材料,2024,1,0.7307692307692307
2024-01-08,79988.95580057125,2024-01-12,建筑材料,2024,2,0.5480769230769231
2024-01-15,2410020.3875739207,2024-01-19,建筑材料,2024,3,0.8942307692307693
2024-01-22,-1658861.8845795246,2024-01-26,建筑材料,2024,4,0.25
2024-01-29,-762985.9036108329,2024-02-02,建筑材料,2024,5,0.4230769230769231
2024-02-05,-2205739.5877115782,2024-02-09,建筑材料,2024,6,0.16346153846153846
2024-02-12,3897527.311138401,2024-02-16,建筑材料,2024,7,0.9711538461538461
2024-02-19,-1398395.4619300102,2024-02-23,建筑材料,2024,8,0.3076923076923077
2024-02-26,824030.6316843554,2024-03-01,建筑材料,2024,9,0.6826923076923077
2024-03-04,-6872929.713455406,2024-03-08,建筑材料,2024,10,0.0
2024-03-11,54049.725591573224,2024-03-15,建筑材料,2024,11,0.5576923076923077
2024-03-18,866121.4179982529,2024-03-22,建筑材料,2024,12,0.7115384615384616
2024-03-25,2081930.4704764932,2024-03-29,建筑材料,2024,13,0.8461538461538461
2024-04-01,-136263.55255299446,2024-04-05,建筑材料,2024,14,0.5192307692307693
2024-04-08,-3581525.445612657,2024-04-12,建筑材料,2024,15,0.04807692307692308
2024-04-15,619329.3755930058,2024-04-19,建筑材料,2024,16,0.6346153846153846
2024-04-22,1050382.3047214232,2024-04-26,建筑材料,2024,17,0.7403846153846154
2024-04-29,-2219550.3379162885,2024-05-03,建筑材料,2024,18,0.18269230769230768
2024-05-06,1773846.2863509036,2024-05-10,建筑材料,2024,19,0.8461538461538461
2024-05-13,690021.4363317176,2024-05-17,建筑材料,2024,20,0.6442307692307693
2024-05-20,-2651229.8148982115,2024-05-24,建筑材料,2024,21,0.1346153846153846
2024-05-27,3242152.9666238255,2024-05-31,建筑材料,2024,22,0.9519230769230769
2024-06-03,-2282205.540991043,2024-06-07,建筑材料,2024,23,0.18269230769230768
2024-06-10,-1146882.396966405,2024-06-14,建筑材料,2024,24,0.34615384615384615
2024-06-17,-1419766.3012537775,2024-06-21,建筑材料,2024,25,0.3076923076923077
2024-06-24,-401684.4053317191,2024-06-28,建筑材料,2024,26,0.4807692307692308
2024-07-01,1503665.3886179544,2024-07-05,建筑材料,2024,27,0.7980769230769231
2024-07-08,2128590.3054330535,2024-07-12,建筑材料,2024,28,0.875
2024-07-15,1765503.148528745,2024-07-19,建筑材料,2024,29,0.8365384615384616
2024-07-22,985766.208282011,2024-07-26,建筑材料,2024,30,0.7211538461538461
2024-07-29,-286672.70772276114,2024-07-31,建筑材料,2024,31,0.49038461538461536
2018-01-01,-230640.00919019128,2018-01-05,房地产,2018,1,
2018-01-08,690562.9690546853,2018-01-12,房地产,2018,2,1.0
2018-01-15,-1616371.1357248162,2018-01-19,房地产,2018,3,0.0
2018-01-22,1985427.8163350653,2018-01-26,房地产,2018,4,1.0
2018-01-29,-999838.215731339,2018-02-02,房地产,2018,5,0.25
2018-02-05,731689.5842916174,2018-02-09,房地产,2018,6,0.8
2018-02-12,3721198.22653863,2018-02-16,房地产,2018,7,1.0
2018-02-19,1727767.2750302167,2018-02-23,房地产,2018,8,0.7142857142857143
2018-02-26,-5174884.978233676,2018-03-02,房地产,2018,9,0.0
2018-03-05,-231899.39871266554,2018-03-09,房地产,2018,10,0.3333333333333333
2018-03-12,-2874378.0447380785,2018-03-16,房地产,2018,11,0.1
2018-03-19,-3927698.5392291145,2018-03-23,房地产,2018,12,0.09090909090909091
2018-03-26,483477.4816228425,2018-03-30,房地产,2018,13,0.5833333333333334
2018-04-02,792468.8251584173,2018-04-06,房地产,2018,14,0.7692307692307693
2018-04-09,-3222457.6278063217,2018-04-13,房地产,2018,15,0.14285714285714285
2018-04-16,1076009.427781439,2018-04-20,房地产,2018,16,0.8
2018-04-23,-94449.70400749822,2018-04-27,房地产,2018,17,0.5
2018-04-30,1584673.7388009145,2018-05-04,房地产,2018,18,0.8235294117647058
2018-05-07,1724197.128046705,2018-05-11,房地产,2018,19,0.8333333333333334
2018-05-14,-1139288.6794791697,2018-05-18,房地产,2018,20,0.2631578947368421
2018-05-21,2303282.180247235,2018-05-25,房地产,2018,21,0.95
2018-05-28,2985172.522853083,2018-06-01,房地产,2018,22,0.9523809523809523
2018-06-04,1274738.6592510464,2018-06-08,房地产,2018,23,0.6818181818181818
2018-06-11,1281664.8482345915,2018-06-15,房地产,2018,24,0.6956521739130435
2018-06-18,-2746503.9682023805,2018-06-22,房地产,2018,25,0.16666666666666666
2018-06-25,-886602.6931670026,2018-06-29,房地产,2018,26,0.32
2018-07-02,-798601.9280778939,2018-07-06,房地产,2018,27,0.34615384615384615
2018-07-09,242847.55725772172,2018-07-13,房地产,2018,28,0.48148148148148145
2018-07-16,1892211.335396745,2018-07-20,房地产,2018,29,0.8571428571428571
2018-07-23,-1168116.5325485729,2018-07-27,房地产,2018,30,0.20689655172413793
2018-07-30,3152212.7909013564,2018-08-03,房地产,2018,31,0.9666666666666667
2018-08-06,1084774.4567589033,2018-08-10,房地产,2018,32,0.6451612903225806
2018-08-13,1892927.3202964559,2018-08-17,房地产,2018,33,0.84375
2018-08-20,-321716.1715512533,2018-08-24,房地产,2018,34,0.3333333333333333
2018-08-27,-1159949.7162169092,2018-08-31,房地产,2018,35,0.20588235294117646
2018-09-03,1189727.913768468,2018-09-07,房地产,2018,36,0.6571428571428571
2018-09-10,-123560.76957237488,2018-09-14,房地产,2018,37,0.4166666666666667
2018-09-17,4032941.4542428534,2018-09-21,房地产,2018,38,1.0
2018-09-24,-4847472.550101547,2018-09-28,房地产,2018,39,0.02631578947368421
2018-10-01,771159.0802147895,2018-10-05,房地产,2018,40,0.5641025641025641
2018-10-08,-470501.8511757093,2018-10-12,房地产,2018,41,0.325
2018-10-15,1582058.2727697543,2018-10-19,房地产,2018,42,0.7317073170731707
2018-10-22,1189386.403526165,2018-10-26,房地产,2018,43,0.6428571428571429
2018-10-29,-5052101.07497241,2018-11-02,房地产,2018,44,0.023255813953488372
2018-11-05,-27517.242853360673,2018-11-09,房地产,2018,45,0.45454545454545453
2018-11-12,-388885.54655480094,2018-11-16,房地产,2018,46,0.3333333333333333
2018-11-19,5095269.630932469,2018-11-23,房地产,2018,47,1.0
2018-11-26,-709032.5204200607,2018-11-30,房地产,2018,48,0.2978723404255319
2018-12-03,-2838643.452990811,2018-12-07,房地产,2018,49,0.125
2018-12-10,-3040699.3473498574,2018-12-14,房地产,2018,50,0.10204081632653061
2018-12-17,1645958.2384263813,2018-12-21,房地产,2018,51,0.78
2018-12-24,1935195.0674298008,2018-12-28,房地产,2018,52,0.8627450980392157
2018-12-31,4085347.0239385855,2019-01-04,房地产,2018,1,0.9807692307692307
2019-01-07,955794.2208174902,2019-01-11,房地产,2019,2,0.5849056603773585
2019-01-14,6069049.281165376,2019-01-18,房地产,2019,3,1.0
2019-01-21,-1111698.2186853208,2019-01-25,房地产,2019,4,0.23636363636363636
2019-01-28,501311.6320536944,2019-02-01,房地产,2019,5,0.5
2019-02-04,-716437.1313595407,2019-02-08,房地产,2019,6,0.2982456140350877
2019-02-11,-1186185.090262826,2019-02-15,房地产,2019,7,0.1724137931034483
2019-02-18,1677713.7905889163,2019-02-22,房地产,2019,8,0.7627118644067796
2019-02-25,-1128526.4040476321,2019-03-01,房地产,2019,9,0.23333333333333334
2019-03-04,-3451036.3436880857,2019-03-08,房地产,2019,10,0.06557377049180328
2019-03-11,-3948439.019632785,2019-03-15,房地产,2019,11,0.04838709677419355
2019-03-18,311417.7751203594,2019-03-22,房地产,2019,12,0.5079365079365079
2019-03-25,-911520.9356174548,2019-03-29,房地产,2019,13,0.296875
2019-04-01,-1412039.4441939527,2019-04-05,房地产,2019,14,0.18461538461538463
2019-04-08,1645818.4592076323,2019-04-12,房地产,2019,15,0.7575757575757576
2019-04-15,-266574.23936092516,2019-04-19,房地产,2019,16,0.417910447761194
2019-04-22,2727035.809545663,2019-04-26,房地产,2019,17,0.8970588235294118
2019-04-29,3945871.802022533,2019-05-03,房地产,2019,18,0.9420289855072463
2019-05-06,-1110141.3143500867,2019-05-10,房地产,2019,19,0.2714285714285714
2019-05-13,-1120316.6069951488,2019-05-17,房地产,2019,20,0.2535211267605634
2019-05-20,-4206300.206751146,2019-05-24,房地产,2019,21,0.041666666666666664
2019-05-27,-2357054.247863747,2019-05-31,房地产,2019,22,0.1643835616438356
2019-06-03,-4158155.484471157,2019-06-07,房地产,2019,23,0.05405405405405406
2019-06-10,4558186.08779044,2019-06-14,房地产,2019,24,0.9733333333333334
2019-06-17,-1866981.1762548862,2019-06-21,房地产,2019,25,0.18421052631578946
2019-06-24,-2472600.952702645,2019-06-28,房地产,2019,26,0.16883116883116883
2019-07-01,-5976680.41806102,2019-07-05,房地产,2019,27,0.0
2019-07-08,3279393.0134306177,2019-07-12,房地产,2019,28,0.9113924050632911
2019-07-15,-76878.18610012368,2019-07-19,房地产,2019,29,0.5125
2019-07-22,-68333.90060151069,2019-07-26,房地产,2019,30,0.5185185185185185
2019-07-29,440044.34914143384,2019-08-02,房地产,2019,31,0.5609756097560976
2019-08-05,76274.84096602933,2019-08-09,房地产,2019,32,0.5301204819277109
2019-08-12,793883.3023371428,2019-08-16,房地产,2019,33,0.6428571428571429
2019-08-19,1300344.138707592,2019-08-23,房地产,2019,34,0.7294117647058823
2019-08-26,-773351.5848097792,2019-08-30,房地产,2019,35,0.36046511627906974
2019-09-02,-2066117.6818817817,2019-09-06,房地产,2019,36,0.1839080459770115
2019-09-09,533219.0398274112,2019-09-13,房地产,2019,37,0.5909090909090909
2019-09-16,-3213365.1757977214,2019-09-20,房地产,2019,38,0.11235955056179775
2019-09-23,7438250.0618442185,2019-09-27,房地产,2019,39,1.0
2019-09-30,-1333550.1353255298,2019-10-04,房地产,2019,40,0.23076923076923078
2019-10-07,-1428738.7914454257,2019-10-11,房地产,2019,41,0.21739130434782608
2019-10-14,-3311065.3838551166,2019-10-18,房地产,2019,42,0.0967741935483871
2019-10-21,-3210754.8171270615,2019-10-25,房地产,2019,43,0.1276595744680851
2019-10-28,-4155667.096496662,2019-11-01,房地产,2019,44,0.06315789473684211
2019-11-04,2042763.3292612415,2019-11-08,房地产,2019,45,0.8645833333333334
2019-11-11,-1228567.7334002126,2019-11-15,房地产,2019,46,0.26804123711340205
2019-11-18,-43015.92195710493,2019-11-22,房地产,2019,47,0.5306122448979592
2019-11-25,349973.9664616479,2019-11-29,房地产,2019,48,0.5757575757575758
2019-12-02,-4326827.885506248,2019-12-06,房地产,2019,49,0.04
2019-12-09,848109.2980396458,2019-12-13,房地产,2019,50,0.6732673267326733
2019-12-16,591028.8990845345,2019-12-20,房地产,2019,51,0.6176470588235294
2019-12-23,-453615.18531057704,2019-12-27,房地产,2019,52,0.42718446601941745
2019-12-30,65897.62817091215,2020-01-03,房地产,2019,1,0.5384615384615384
2020-01-06,1165253.426374056,2020-01-10,房地产,2020,2,0.7115384615384616
2020-01-13,-183741.19375380734,2020-01-17,房地产,2020,3,0.47115384615384615
2020-01-20,766328.7452479077,2020-01-24,房地产,2020,4,0.6346153846153846
2020-01-27,-73698.03819922777,2020-01-31,房地产,2020,5,0.5
2020-02-03,3086439.695866511,2020-02-07,房地产,2020,6,0.9038461538461539
2020-02-10,-307281.11170345056,2020-02-14,房地产,2020,7,0.4326923076923077
2020-02-17,-707157.7753553812,2020-02-21,房地产,2020,8,0.3942307692307692
2020-02-24,-2089930.8652954963,2020-02-28,房地产,2020,9,0.20192307692307693
2020-03-02,2568901.6147691216,2020-03-06,房地产,2020,10,0.8846153846153846
2020-03-09,-906491.8835762136,2020-03-13,房地产,2020,11,0.34615384615384615
2020-03-16,213275.54683131073,2020-03-20,房地产,2020,12,0.5576923076923077
2020-03-23,134877.69122427897,2020-03-27,房地产,2020,13,0.5480769230769231
2020-03-30,-1367664.9597094385,2020-04-03,房地产,2020,14,0.22115384615384615
2020-04-06,1085053.448198636,2020-04-10,房地产,2020,15,0.7115384615384616
2020-04-13,-3460097.045758892,2020-04-17,房地产,2020,16,0.07692307692307693
2020-04-20,-2898282.2568751033,2020-04-24,房地产,2020,17,0.1346153846153846
2020-04-27,-1815070.4018253756,2020-05-01,房地产,2020,18,0.21153846153846154
2020-05-04,1395304.3332852733,2020-05-08,房地产,2020,19,0.7788461538461539
2020-05-11,-606084.804417066,2020-05-15,房地产,2020,20,0.4230769230769231
2020-05-18,4687486.2520565605,2020-05-22,房地产,2020,21,0.9711538461538461
2020-05-25,-1483416.533691431,2020-05-29,房地产,2020,22,0.22115384615384615
2020-06-01,-3590544.342430673,2020-06-05,房地产,2020,23,0.07692307692307693
2020-06-08,-1066886.5051598141,2020-06-12,房地产,2020,24,0.3557692307692308
2020-06-15,7494598.40168027,2020-06-19,房地产,2020,25,1.0
2020-06-22,-2307682.9372169226,2020-06-26,房地产,2020,26,0.18269230769230768
2020-06-29,-1549219.395856183,2020-07-03,房地产,2020,27,0.23076923076923078
2020-07-06,1732587.9119573534,2020-07-10,房地产,2020,28,0.8269230769230769
2020-07-13,3512870.855618286,2020-07-17,房地产,2020,29,0.9134615384615384
2020-07-20,-1761203.647848631,2020-07-24,房地产,2020,30,0.23076923076923078
2020-07-27,1197426.9231821543,2020-07-31,房地产,2020,31,0.7596153846153846
2020-08-03,1089703.6296672674,2020-08-07,房地产,2020,32,0.7307692307692307
2020-08-10,-3143960.8780177063,2020-08-14,房地产,2020,33,0.1346153846153846
2020-08-17,-640581.337719352,2020-08-21,房地产,2020,34,0.4423076923076923
2020-08-24,5181910.098218881,2020-08-28,房地产,2020,35,0.9711538461538461
2020-08-31,-1290257.2317640227,2020-09-04,房地产,2020,36,0.3076923076923077
2020-09-07,1495703.9860287006,2020-09-11,房地产,2020,37,0.7884615384615384
2020-09-14,940975.7115184788,2020-09-18,房地产,2020,38,0.7019230769230769
2020-09-21,-1113272.0178250384,2020-09-25,房地产,2020,39,0.3557692307692308
2020-09-28,-1938477.608421078,2020-10-02,房地产,2020,40,0.21153846153846154
2020-10-05,-2341507.1150768013,2020-10-09,房地产,2020,41,0.18269230769230768
2020-10-12,907525.6384311536,2020-10-16,房地产,2020,42,0.7019230769230769
2020-10-19,-1132614.7266664864,2020-10-23,房地产,2020,43,0.34615384615384615
2020-10-26,1559822.7259777582,2020-10-30,房地产,2020,44,0.8076923076923077
2020-11-02,-2290387.7711547846,2020-11-06,房地产,2020,45,0.19230769230769232
2020-11-09,719264.4347143339,2020-11-13,房地产,2020,46,0.6730769230769231
2020-11-16,2670781.9565068055,2020-11-20,房地产,2020,47,0.875
2020-11-23,2487869.166223294,2020-11-27,房地产,2020,48,0.8653846153846154
2020-11-30,299602.57541650464,2020-12-04,房地产,2020,49,0.5961538461538461
2020-12-07,596010.4926944685,2020-12-11,房地产,2020,50,0.6538461538461539
2020-12-14,-821149.3760464181,2020-12-18,房地产,2020,51,0.41346153846153844
2020-12-21,4547886.196400465,2020-12-25,房地产,2020,52,0.9423076923076923
2020-12-28,1295290.5833827532,2021-01-01,房地产,2020,53,0.7692307692307693
2021-01-04,2174065.138928157,2021-01-08,房地产,2021,1,0.8557692307692307
2021-01-11,-614952.7720189232,2021-01-15,房地产,2021,2,0.46153846153846156
2021-01-18,-3573683.199546064,2021-01-22,房地产,2021,3,0.0673076923076923
2021-01-25,2018777.5970089857,2021-01-29,房地产,2021,4,0.8461538461538461
2021-02-01,1747070.9358706889,2021-02-05,房地产,2021,5,0.8365384615384616
2021-02-08,2608788.6066323053,2021-02-12,房地产,2021,6,0.8846153846153846
2021-02-15,590205.8875727145,2021-02-19,房地产,2021,7,0.625
2021-02-22,-1654039.6175166562,2021-02-26,房地产,2021,8,0.25
2021-03-01,460446.7036288756,2021-03-05,房地产,2021,9,0.6153846153846154
2021-03-08,-1070626.8675606046,2021-03-12,房地产,2021,10,0.36538461538461536
2021-03-15,-300725.8950011765,2021-03-19,房地产,2021,11,0.47115384615384615
2021-03-22,-2923157.5472964756,2021-03-26,房地产,2021,12,0.11538461538461539
2021-03-29,786342.78116592,2021-04-02,房地产,2021,13,0.6730769230769231
2021-04-05,1040299.0062223623,2021-04-09,房地产,2021,14,0.7115384615384616
2021-04-12,1662332.3168676211,2021-04-16,房地产,2021,15,0.8076923076923077
2021-04-19,-66276.35897222694,2021-04-23,房地产,2021,16,0.5096153846153846
2021-04-26,2712616.899391618,2021-04-30,房地产,2021,17,0.9038461538461539
2021-05-03,1354157.9528768733,2021-05-07,房地产,2021,18,0.7788461538461539
2021-05-10,771737.4128302964,2021-05-14,房地产,2021,19,0.6538461538461539
2021-05-17,-217423.1228604624,2021-05-21,房地产,2021,20,0.4519230769230769
2021-05-24,204306.29092372046,2021-05-28,房地产,2021,21,0.5384615384615384
2021-05-31,282360.9696090601,2021-06-04,房地产,2021,22,0.5480769230769231
2021-06-07,1791416.2972129644,2021-06-11,房地产,2021,23,0.8365384615384616
2021-06-14,2216651.610553737,2021-06-18,房地产,2021,24,0.875
2021-06-21,-2648386.3719027755,2021-06-25,房地产,2021,25,0.11538461538461539
2021-06-28,3829325.720466819,2021-07-02,房地产,2021,26,0.9519230769230769
2021-07-05,-1755569.9193608295,2021-07-09,房地产,2021,27,0.19230769230769232
2021-07-12,2677477.588714621,2021-07-16,房地产,2021,28,0.9134615384615384
2021-07-19,1227091.0989144756,2021-07-23,房地产,2021,29,0.7307692307692307
2021-07-26,-2510420.8548782947,2021-07-30,房地产,2021,30,0.11538461538461539
2021-08-02,-3750520.6422703858,2021-08-06,房地产,2021,31,0.019230769230769232
2021-08-09,-262191.87009218265,2021-08-13,房地产,2021,32,0.4326923076923077
2021-08-16,-3194324.3508089464,2021-08-20,房地产,2021,33,0.08653846153846154
2021-08-23,504465.4964944254,2021-08-27,房地产,2021,34,0.5769230769230769
2021-08-30,2985288.5280384296,2021-09-03,房地产,2021,35,0.9230769230769231
2021-09-06,-316591.2142291211,2021-09-10,房地产,2021,36,0.40384615384615385
2021-09-13,3179638.735584471,2021-09-17,房地产,2021,37,0.9326923076923077
2021-09-20,2719258.648519806,2021-09-24,房地产,2021,38,0.9038461538461539
2021-09-27,676517.6992759543,2021-10-01,房地产,2021,39,0.5961538461538461
2021-10-04,2206007.347956774,2021-10-08,房地产,2021,40,0.8365384615384616
2021-10-11,1391856.5432694368,2021-10-15,房地产,2021,41,0.7307692307692307
2021-10-18,-1832551.5197165105,2021-10-22,房地产,2021,42,0.17307692307692307
2021-10-25,3099427.616354347,2021-10-29,房地产,2021,43,0.9326923076923077
2021-11-01,1019142.3079531675,2021-11-05,房地产,2021,44,0.6346153846153846
2021-11-08,41624.716721269535,2021-11-12,房地产,2021,45,0.4423076923076923
2021-11-15,2441061.839398727,2021-11-19,房地产,2021,46,0.8365384615384616
2021-11-22,2029716.832245106,2021-11-26,房地产,2021,47,0.7980769230769231
2021-11-29,-2973853.9530489743,2021-12-03,房地产,2021,48,0.0673076923076923
2021-12-06,-3072322.777921239,2021-12-10,房地产,2021,49,0.057692307692307696
2021-12-13,-2274002.7017477485,2021-12-17,房地产,2021,50,0.14423076923076922
2021-12-20,-1113089.6056980686,2021-12-24,房地产,2021,51,0.27884615384615385
2021-12-27,-1760184.009429687,2021-12-31,房地产,2021,52,0.20192307692307693
2022-01-03,2380879.449205417,2022-01-07,房地产,2022,1,0.8269230769230769
2022-01-10,-2570327.29493279,2022-01-14,房地产,2022,2,0.10576923076923077
2022-01-17,-875603.1270771441,2022-01-21,房地产,2022,3,0.33653846153846156
2022-01-24,-1713095.0320029687,2022-01-28,房地产,2022,4,0.23076923076923078
2022-01-31,1634044.2511853895,2022-02-04,房地产,2022,5,0.7307692307692307
2022-02-07,693875.727196812,2022-02-11,房地产,2022,6,0.5673076923076923
2022-02-14,-4198291.335252375,2022-02-18,房地产,2022,7,0.0
2022-02-21,1592769.3235122534,2022-02-25,房地产,2022,8,0.7307692307692307
2022-02-28,-3761323.465970491,2022-03-04,房地产,2022,9,0.009615384615384616
2022-03-07,-1104362.8827612367,2022-03-11,房地产,2022,10,0.3269230769230769
2022-03-14,-2715052.1944665927,2022-03-18,房地产,2022,11,0.11538461538461539
2022-03-21,3774029.4031085474,2022-03-25,房地产,2022,12,0.9519230769230769
2022-03-28,-1590862.6966613098,2022-04-01,房地产,2022,13,0.2692307692307692
2022-04-04,2649515.646059588,2022-04-08,房地产,2022,14,0.8653846153846154
2022-04-11,3337235.7227648525,2022-04-15,房地产,2022,15,0.9326923076923077
2022-04-18,-3959180.800144874,2022-04-22,房地产,2022,16,0.009615384615384616
2022-04-25,14191.847222386074,2022-04-29,房地产,2022,17,0.4519230769230769
2022-05-02,2054323.1396502177,2022-05-06,房地产,2022,18,0.7788461538461539
2022-05-09,2519161.4166467264,2022-05-13,房地产,2022,19,0.8365384615384616
2022-05-16,2482067.5064245695,2022-05-20,房地产,2022,20,0.8173076923076923
2022-05-23,-957021.4090478531,2022-05-27,房地产,2022,21,0.34615384615384615
2022-05-30,-1885213.9264870929,2022-06-03,房地产,2022,22,0.19230769230769232
2022-06-06,2367389.096990616,2022-06-10,房地产,2022,23,0.7980769230769231
2022-06-13,-522855.70959866105,2022-06-17,房地产,2022,24,0.375
2022-06-20,3518528.0983435577,2022-06-24,房地产,2022,25,0.9615384615384616
2022-06-27,-104166.68781158415,2022-07-01,房地产,2022,26,0.41346153846153844
2022-07-04,3759729.703912656,2022-07-08,房地产,2022,27,0.9615384615384616
2022-07-11,-2552530.9577346295,2022-07-15,房地产,2022,28,0.125
2022-07-18,-1317717.8641802256,2022-07-22,房地产,2022,29,0.25961538461538464
2022-07-25,-3312874.10491938,2022-07-29,房地产,2022,30,0.04807692307692308
2022-08-01,-3919015.7401991156,2022-08-05,房地产,2022,31,0.019230769230769232
2022-08-08,-2130600.3096544156,2022-08-12,房地产,2022,32,0.19230769230769232
2022-08-15,-551582.0417498193,2022-08-19,房地产,2022,33,0.38461538461538464
2022-08-22,1144545.6407606902,2022-08-26,房地产,2022,34,0.625
2022-08-29,1452405.3682877612,2022-09-02,房地产,2022,35,0.6730769230769231
2022-09-05,2744840.6222034506,2022-09-09,房地产,2022,36,0.9134615384615384
2022-09-12,4962039.6827121675,2022-09-16,房地产,2022,37,1.0
2022-09-19,2361491.0975079155,2022-09-23,房地产,2022,38,0.7788461538461539
2022-09-26,-860240.7523349684,2022-09-30,房地产,2022,39,0.33653846153846156
2022-10-03,-3409132.6953633823,2022-10-07,房地产,2022,40,0.057692307692307696
2022-10-10,-633741.2890092251,2022-10-14,房地产,2022,41,0.34615384615384615
2022-10-17,1665543.2965219435,2022-10-21,房地产,2022,42,0.6923076923076923
2022-10-24,868717.5011558238,2022-10-28,房地产,2022,43,0.5673076923076923
2022-10-31,-1201953.0048853904,2022-11-04,房地产,2022,44,0.2692307692307692
2022-11-07,-495565.2423010203,2022-11-11,房地产,2022,45,0.375
2022-11-14,-1074096.6560909548,2022-11-18,房地产,2022,46,0.28846153846153844
2022-11-21,-1690518.200881851,2022-11-25,房地产,2022,47,0.23076923076923078
2022-11-28,2110192.095566324,2022-12-02,房地产,2022,48,0.7596153846153846
2022-12-05,-2064288.6941856341,2022-12-09,房地产,2022,49,0.18269230769230768
2022-12-12,1266556.0509161714,2022-12-16,房地产,2022,50,0.625
2022-12-19,-2403189.3165500807,2022-12-23,房地产,2022,51,0.16346153846153846
2022-12-26,1391525.303220561,2022-12-30,房地产,2022,52,0.6538461538461539
2023-01-02,-1091977.8412182094,2023-01-06,房地产,2023,1,0.3173076923076923
2023-01-09,-1675422.4194352792,2023-01-13,房地产,2023,2,0.25961538461538464
2023-01-16,-2081053.7149870708,2023-01-20,房地产,2023,3,0.19230769230769232
2023-01-23,557008.7229523862,2023-01-27,房地产,2023,4,0.5384615384615384
2023-01-30,-333281.4107213908,2023-02-03,房地产,2023,5,0.4230769230769231
2023-02-06,-1615221.8965224677,2023-02-10,房地产,2023,6,0.27884615384615385
2023-02-13,1136539.1159127913,2023-02-17,房地产,2023,7,0.6442307692307693
2023-02-20,-21591.8783936135,2023-02-24,房地产,2023,8,0.5
2023-02-27,2271323.7763450216,2023-03-03,房地产,2023,9,0.8076923076923077
2023-03-06,-3681656.517050787,2023-03-10,房地产,2023,10,0.04807692307692308
2023-03-13,1573966.7889171743,2023-03-17,房地产,2023,11,0.7019230769230769
2023-03-20,1706103.1837195742,2023-03-24,房地产,2023,12,0.7403846153846154
2023-03-27,-5222416.429564053,2023-03-31,房地产,2023,13,0.0
2023-04-03,-2102646.868927956,2023-04-07,房地产,2023,14,0.19230769230769232
2023-04-10,1999677.8379831866,2023-04-14,房地产,2023,15,0.75
2023-04-17,-3405827.4636465074,2023-04-21,房地产,2023,16,0.07692307692307693
2023-04-24,-2158993.1295944704,2023-04-28,房地产,2023,17,0.19230769230769232
2023-05-01,-197308.0686181666,2023-05-05,房地产,2023,18,0.49038461538461536
2023-05-08,3878339.3996401606,2023-05-12,房地产,2023,19,0.9903846153846154
2023-05-15,1709047.5267826128,2023-05-19,房地产,2023,20,0.7307692307692307
2023-05-22,-1505884.5284588356,2023-05-26,房地产,2023,21,0.3269230769230769
2023-05-29,-288055.9254116432,2023-06-02,房地产,2023,22,0.4807692307692308
2023-06-05,1196434.5109290387,2023-06-09,房地产,2023,23,0.625
2023-06-12,-4289800.527012855,2023-06-16,房地产,2023,24,0.009615384615384616
2023-06-19,-755095.4991672959,2023-06-23,房地产,2023,25,0.4326923076923077
2023-06-26,6471782.557419442,2023-06-30,房地产,2023,26,1.0
2023-07-03,1340599.5219301437,2023-07-07,房地产,2023,27,0.6634615384615384
2023-07-10,-954134.3671298368,2023-07-14,房地产,2023,28,0.3942307692307692
2023-07-17,107352.54507487395,2023-07-21,房地产,2023,29,0.5576923076923077
2023-07-24,-2533701.7578698825,2023-07-28,房地产,2023,30,0.16346153846153846
2023-07-31,1618925.7034568824,2023-08-04,房地产,2023,31,0.7211538461538461
2023-08-07,1773449.9729590302,2023-08-11,房地产,2023,32,0.7596153846153846
2023-08-14,-454024.90671391244,2023-08-18,房地产,2023,33,0.46153846153846156
2023-08-21,1680263.7980809407,2023-08-25,房地产,2023,34,0.7307692307692307
2023-08-28,771794.8175361406,2023-09-01,房地产,2023,35,0.5769230769230769
2023-09-04,1712783.0225763435,2023-09-08,房地产,2023,36,0.7596153846153846
2023-09-11,-972283.1313004539,2023-09-15,房地产,2023,37,0.36538461538461536
2023-09-18,-3697326.849515695,2023-09-22,房地产,2023,38,0.057692307692307696
2023-09-25,-2052759.2925788923,2023-09-29,房地产,2023,39,0.23076923076923078
2023-10-02,-3622128.5089508053,2023-10-06,房地产,2023,40,0.07692307692307693
2023-10-09,907310.1728650884,2023-10-13,房地产,2023,41,0.6153846153846154
2023-10-16,-278766.73008379934,2023-10-20,房地产,2023,42,0.5192307692307693
2023-10-23,5183508.600376415,2023-10-27,房地产,2023,43,0.9903846153846154
2023-10-30,-508751.6479045402,2023-11-03,房地产,2023,44,0.47115384615384615
2023-11-06,-1800531.3150220928,2023-11-10,房地产,2023,45,0.25961538461538464
2023-11-13,-2653745.6053351257,2023-11-17,房地产,2023,46,0.14423076923076922
2023-11-20,-1549477.2728093136,2023-11-24,房地产,2023,47,0.33653846153846156
2023-11-27,-295450.16684419324,2023-12-01,房地产,2023,48,0.5384615384615384
2023-12-04,76341.19269038679,2023-12-08,房地产,2023,49,0.5961538461538461
2023-12-11,4522551.141372613,2023-12-15,房地产,2023,50,0.9711538461538461
2023-12-18,-841487.2542586962,2023-12-22,房地产,2023,51,0.4326923076923077
2023-12-25,1823134.0902858847,2023-12-29,房地产,2023,52,0.8076923076923077
2024-01-01,-132156.8507606096,2024-01-05,房地产,2024,1,0.5384615384615384
2024-01-08,934983.7616966523,2024-01-12,房地产,2024,2,0.6442307692307693
2024-01-15,-1226926.553591138,2024-01-19,房地产,2024,3,0.3173076923076923
2024-01-22,2390819.317306941,2024-01-26,房地产,2024,4,0.875
2024-01-29,-1288282.7799907376,2024-02-02,房地产,2024,5,0.3076923076923077
2024-02-05,-2353929.8088109656,2024-02-09,房地产,2024,6,0.16346153846153846
2024-02-12,-207426.482795251,2024-02-16,房地产,2024,7,0.5288461538461539
2024-02-19,-1689835.2370768012,2024-02-23,房地产,2024,8,0.25
2024-02-26,-1649694.7664587328,2024-03-01,房地产,2024,9,0.2692307692307692
2024-03-04,2128511.7612986546,2024-03-08,房地产,2024,10,0.8365384615384616
2024-03-11,-1680302.8836702115,2024-03-15,房地产,2024,11,0.25
2024-03-18,3788910.91529443,2024-03-22,房地产,2024,12,0.9519230769230769
2024-03-25,596816.0473227538,2024-03-29,房地产,2024,13,0.6057692307692307
2024-04-01,3875544.5677076224,2024-04-05,房地产,2024,14,0.9519230769230769
2024-04-08,1895078.3012432235,2024-04-12,房地产,2024,15,0.7980769230769231
2024-04-15,5809679.30638701,2024-04-19,房地产,2024,16,0.9903846153846154
2024-04-22,-925067.4573225775,2024-04-26,房地产,2024,17,0.375
2024-04-29,-216153.79745697306,2024-05-03,房地产,2024,18,0.5096153846153846
2024-05-06,2683684.4398143925,2024-05-10,房地产,2024,19,0.8942307692307693
2024-05-13,2565984.1545530953,2024-05-17,房地产,2024,20,0.8846153846153846
2024-05-20,801896.0208625982,2024-05-24,房地产,2024,21,0.6153846153846154
2024-05-27,1712215.3780526437,2024-05-31,房地产,2024,22,0.7692307692307693
2024-06-03,-377825.94957166957,2024-06-07,房地产,2024,23,0.4519230769230769
2024-06-10,1517000.9547145737,2024-06-14,房地产,2024,24,0.7115384615384616
2024-06-17,1192162.8724781033,2024-06-21,房地产,2024,25,0.6538461538461539
2024-06-24,-731275.7427360498,2024-06-28,房地产,2024,26,0.3942307692307692
2024-07-01,-614089.2816233309,2024-07-05,房地产,2024,27,0.41346153846153844
2024-07-08,-2668027.415676797,2024-07-12,房地产,2024,28,0.08653846153846154
2024-07-15,182110.2872632867,2024-07-19,房地产,2024,29,0.5769230769230769
2024-07-22,837380.9437681315,2024-07-26,房地产,2024,30,0.6153846153846154
2024-07-29,-1215810.2319883178,2024-07-31,房地产,2024,31,0.28846153846153844
2018-01-01,695585.0967424008,2018-01-05,有色金属,2018,1,
2018-01-08,-2043751.7077153865,2018-01-12,有色金属,2018,2,0.0
2018-01-15,-674924.1448820067,2018-01-19,有色金属,2018,3,0.5
2018-01-22,-4956231.937673436,2018-01-26,有色金属,2018,4,0.0
2018-01-29,1831842.9456270426,2018-02-02,有色金属,2018,5,1.0
2018-02-05,-2790580.7662675395,2018-02-09,有色金属,2018,6,0.2
2018-02-12,-1998772.7115185934,2018-02-16,有色金属,2018,7,0.5
2018-02-19,-1200986.9527783196,2018-02-23,有色金属,2018,8,0.5714285714285714
2018-02-26,-2651134.946453519,2018-03-02,有色金属,2018,9,0.25
2018-03-05,-2455162.3642768506,2018-03-09,有色金属,2018,10,0.3333333333333333
2018-03-12,-5589602.704655671,2018-03-16,有色金属,2018,11,0.0
2018-03-19,501571.49879591516,2018-03-23,有色金属,2018,12,0.8181818181818182
2018-03-26,-683411.7052362178,2018-03-30,有色金属,2018,13,0.6666666666666666
2018-04-02,-1673609.8543298873,2018-04-06,有色金属,2018,14,0.5384615384615384
2018-04-09,-431289.5365839374,2018-04-13,有色金属,2018,15,0.7857142857142857
2018-04-16,4726602.783632469,2018-04-20,有色金属,2018,16,1.0
2018-04-23,-2158929.8806267283,2018-04-27,有色金属,2018,17,0.3125
2018-04-30,1466797.8007481743,2018-05-04,有色金属,2018,18,0.8823529411764706
2018-05-07,1169434.3631933976,2018-05-11,有色金属,2018,19,0.8333333333333334
2018-05-14,119912.36425318394,2018-05-18,有色金属,2018,20,0.6842105263157895
2018-05-21,-1631497.2806626954,2018-05-25,有色金属,2018,21,0.45
2018-05-28,-2487355.539883472,2018-06-01,有色金属,2018,22,0.19047619047619047
2018-06-04,-2792818.798206217,2018-06-08,有色金属,2018,23,0.09090909090909091
2018-06-11,-1748000.6382928337,2018-06-15,有色金属,2018,24,0.43478260869565216
2018-06-18,3616861.9534967598,2018-06-22,有色金属,2018,25,0.9583333333333334
2018-06-25,728647.2879942684,2018-06-29,有色金属,2018,26,0.8
2018-07-02,-677141.7226270585,2018-07-06,有色金属,2018,27,0.5769230769230769
2018-07-09,-3138343.4792511193,2018-07-13,有色金属,2018,28,0.07407407407407407
2018-07-16,-2844922.242252268,2018-07-20,有色金属,2018,29,0.10714285714285714
2018-07-23,3271455.178728633,2018-07-27,有色金属,2018,30,0.9310344827586207
2018-07-30,3484026.3830989646,2018-08-03,有色金属,2018,31,0.9333333333333333
2018-08-06,-1113580.4140716598,2018-08-10,有色金属,2018,32,0.5161290322580645
2018-08-13,321651.9161221379,2018-08-17,有色金属,2018,33,0.6875
2018-08-20,-1556375.0368098025,2018-08-24,有色金属,2018,34,0.45454545454545453
2018-08-27,-2319.2408860444557,2018-08-31,有色金属,2018,35,0.6470588235294118
2018-09-03,-340950.1659677175,2018-09-07,有色金属,2018,36,0.6285714285714286
2018-09-10,-1287491.6546651179,2018-09-14,有色金属,2018,37,0.4444444444444444
2018-09-17,821570.60647853,2018-09-21,有色金属,2018,38,0.8108108108108109
2018-09-24,-430373.39263949014,2018-09-28,有色金属,2018,39,0.6052631578947368
2018-10-01,-319632.5406856346,2018-10-05,有色金属,2018,40,0.6410256410256411
2018-10-08,1185965.1591465827,2018-10-12,有色金属,2018,41,0.85
2018-10-15,-4060119.839344741,2018-10-19,有色金属,2018,42,0.04878048780487805
2018-10-22,3271095.1576606603,2018-10-26,有色金属,2018,43,0.9047619047619048
2018-10-29,-2327307.696803326,2018-11-02,有色金属,2018,44,0.23255813953488372
2018-11-05,3308219.4887024667,2018-11-09,有色金属,2018,45,0.9318181818181818
2018-11-12,2340504.67862547,2018-11-16,有色金属,2018,46,0.8666666666666667
2018-11-19,-262137.0738338502,2018-11-23,有色金属,2018,47,0.6086956521739131
2018-11-26,-342689.16605405137,2018-11-30,有色金属,2018,48,0.5531914893617021
2018-12-03,263006.3336289533,2018-12-07,有色金属,2018,49,0.6666666666666666
2018-12-10,-40899.30608993955,2018-12-14,有色金属,2018,50,0.6122448979591837
2018-12-17,-284777.5874117429,2018-12-21,有色金属,2018,51,0.58
2018-12-24,-1544725.4205812356,2018-12-28,有色金属,2018,52,0.35294117647058826
2018-12-31,377220.2723598435,2019-01-04,有色金属,2018,1,0.7115384615384616
2019-01-07,-3906526.839120554,2019-01-11,有色金属,2019,2,0.05660377358490566
2019-01-14,2431283.0646675583,2019-01-18,有色金属,2019,3,0.8888888888888888
2019-01-21,-2733596.9055669317,2019-01-25,有色金属,2019,4,0.14545454545454545
2019-01-28,498325.9031140165,2019-02-01,有色金属,2019,5,0.7142857142857143
2019-02-04,3454476.1107093496,2019-02-08,有色金属,2019,6,0.9473684210526315
2019-02-11,6271269.842433193,2019-02-15,有色金属,2019,7,1.0
2019-02-18,2532677.21426287,2019-02-22,有色金属,2019,8,0.864406779661017
2019-02-25,-1973806.1767087162,2019-03-01,有色金属,2019,9,0.26666666666666666
2019-03-04,3963514.4385618856,2019-03-08,有色金属,2019,10,0.9672131147540983
2019-03-11,-896218.7949548013,2019-03-15,有色金属,2019,11,0.4032258064516129
2019-03-18,2995675.5966164004,2019-03-22,有色金属,2019,12,0.8571428571428571
2019-03-25,835888.9121710112,2019-03-29,有色金属,2019,13,0.734375
2019-04-01,3276460.605438119,2019-04-05,有色金属,2019,14,0.8923076923076924
2019-04-08,1285397.140129805,2019-04-12,有色金属,2019,15,0.7575757575757576
2019-04-15,-1989985.1253111304,2019-04-19,有色金属,2019,16,0.23880597014925373
2019-04-22,-1504401.5344854214,2019-04-26,有色金属,2019,17,0.3382352941176471
2019-04-29,-2908530.517217082,2019-05-03,有色金属,2019,18,0.07246376811594203
2019-05-06,-2575563.61609537,2019-05-10,有色金属,2019,19,0.15714285714285714
2019-05-13,-4555133.765010128,2019-05-17,有色金属,2019,20,0.028169014084507043
2019-05-20,-3129871.1721967803,2019-05-24,有色金属,2019,21,0.08333333333333333
2019-05-27,2187132.6408802597,2019-05-31,有色金属,2019,22,0.8082191780821918
2019-06-03,1423498.6668049525,2019-06-07,有色金属,2019,23,0.7702702702702703
2019-06-10,2059507.8971706233,2019-06-14,有色金属,2019,24,0.8
2019-06-17,1132860.886861327,2019-06-21,有色金属,2019,25,0.7105263157894737
2019-06-24,3598310.028838632,2019-06-28,有色金属,2019,26,0.948051948051948
2019-07-01,-7682292.356506386,2019-07-05,有色金属,2019,27,0.0
2019-07-08,2340191.750632654,2019-07-12,有色金属,2019,28,0.810126582278481
2019-07-15,3042643.2794256606,2019-07-19,有色金属,2019,29,0.8625
2019-07-22,-935964.842460149,2019-07-26,有色金属,2019,30,0.3950617283950617
2019-07-29,803242.1398962813,2019-08-02,有色金属,2019,31,0.6585365853658537
2019-08-05,-1048530.5110720464,2019-08-09,有色金属,2019,32,0.3855421686746988
2019-08-12,-1938733.470447655,2019-08-16,有色金属,2019,33,0.27380952380952384
2019-08-19,-3199433.2807094697,2019-08-23,有色金属,2019,34,0.07058823529411765
2019-08-26,2823228.135456942,2019-08-30,有色金属,2019,35,0.8488372093023255
2019-09-02,-3537930.084235497,2019-09-06,有色金属,2019,36,0.06896551724137931
2019-09-09,-627829.7614466394,2019-09-13,有色金属,2019,37,0.4659090909090909
2019-09-16,-54983.452657475835,2019-09-20,有色金属,2019,38,0.550561797752809
2019-09-23,-1878705.365200695,2019-09-27,有色金属,2019,39,0.28888888888888886
2019-09-30,-1376371.2054016981,2019-10-04,有色金属,2019,40,0.3626373626373626
2019-10-07,129008.14807425765,2019-10-11,有色金属,2019,41,0.5978260869565217
2019-10-14,-2716607.9455127954,2019-10-18,有色金属,2019,42,0.16129032258064516
2019-10-21,49766.482947604556,2019-10-25,有色金属,2019,43,0.5851063829787234
2019-10-28,-5165599.733415573,2019-11-01,有色金属,2019,44,0.021052631578947368
2019-11-04,271819.6758898464,2019-11-08,有色金属,2019,45,0.625
2019-11-11,-1342082.7656429089,2019-11-15,有色金属,2019,46,0.3711340206185567
2019-11-18,2636783.964384019,2019-11-22,有色金属,2019,47,0.8571428571428571
2019-11-25,-92447.2201512052,2019-11-29,有色金属,2019,48,0.5454545454545454
2019-12-02,-1548753.630927884,2019-12-06,有色金属,2019,49,0.33
2019-12-09,-1490641.0473359167,2019-12-13,有色金属,2019,50,0.3564356435643564
2019-12-16,-247856.31571077812,2019-12-20,有色金属,2019,51,0.5490196078431373
2019-12-23,-2255449.053865546,2019-12-27,有色金属,2019,52,0.21359223300970873
2019-12-30,-2890493.9658373618,2020-01-03,有色金属,2019,1,0.11538461538461539
2020-01-06,519878.3270011761,2020-01-10,有色金属,2020,2,0.6923076923076923
2020-01-13,-6651537.768171165,2020-01-17,有色金属,2020,3,0.009615384615384616
2020-01-20,-1035555.6344475448,2020-01-24,有色金属,2020,4,0.4326923076923077
2020-01-27,1416940.1444545896,2020-01-31,有色金属,2020,5,0.7692307692307693
2020-02-03,1100472.9422846735,2020-02-07,有色金属,2020,6,0.7307692307692307
2020-02-10,-1138566.26854053,2020-02-14,有色金属,2020,7,0.3942307692307692
2020-02-17,-405362.3409383049,2020-02-21,有色金属,2020,8,0.49038461538461536
2020-02-24,2491835.074752225,2020-02-28,有色金属,2020,9,0.8461538461538461
2020-03-02,-3449718.282791349,2020-03-06,有色金属,2020,10,0.07692307692307693
2020-03-09,-3230279.856123743,2020-03-13,有色金属,2020,11,0.08653846153846154
2020-03-16,-1447543.8589118398,2020-03-20,有色金属,2020,12,0.33653846153846156
2020-03-23,-348791.3285336244,2020-03-27,有色金属,2020,13,0.49038461538461536
2020-03-30,-1373011.8253385534,2020-04-03,有色金属,2020,14,0.3557692307692308
2020-04-06,2676380.709767777,2020-04-10,有色金属,2020,15,0.8653846153846154
2020-04-13,1697717.6418529316,2020-04-17,有色金属,2020,16,0.7788461538461539
2020-04-20,-2100375.920239261,2020-04-24,有色金属,2020,17,0.22115384615384615
2020-04-27,-2252458.207373334,2020-05-01,有色金属,2020,18,0.21153846153846154
2020-05-04,-1099402.1694145428,2020-05-08,有色金属,2020,19,0.40384615384615385
2020-05-11,-378597.62766270497,2020-05-15,有色金属,2020,20,0.49038461538461536
2020-05-18,1780872.8370127592,2020-05-22,有色金属,2020,21,0.7884615384615384
2020-05-25,494866.7608826412,2020-05-29,有色金属,2020,22,0.6538461538461539
2020-06-01,-2425552.4845386185,2020-06-05,有色金属,2020,23,0.18269230769230768
2020-06-08,769256.2546125606,2020-06-12,有色金属,2020,24,0.6826923076923077
2020-06-15,1967827.4761871274,2020-06-19,有色金属,2020,25,0.7884615384615384
2020-06-22,1679167.4631590117,2020-06-26,有色金属,2020,26,0.7692307692307693
2020-06-29,-2961281.8308694772,2020-07-03,有色金属,2020,27,0.11538461538461539
2020-07-06,107827.67994868767,2020-07-10,有色金属,2020,28,0.5865384615384616
2020-07-13,-427649.2129783812,2020-07-17,有色金属,2020,29,0.4423076923076923
2020-07-20,-5264437.854828401,2020-07-24,有色金属,2020,30,0.019230769230769232
2020-07-27,1299317.278612119,2020-07-31,有色金属,2020,31,0.75
2020-08-03,2738367.0256284405,2020-08-07,有色金属,2020,32,0.9038461538461539
2020-08-10,2091677.6551246664,2020-08-14,有色金属,2020,33,0.8173076923076923
2020-08-17,-2299338.0099797877,2020-08-21,有色金属,2020,34,0.19230769230769232
2020-08-24,-272418.1378451076,2020-08-28,有色金属,2020,35,0.5096153846153846
2020-08-31,-1293019.0678841253,2020-09-04,有色金属,2020,36,0.34615384615384615
2020-09-07,-1733619.1962178997,2020-09-11,有色金属,2020,37,0.2692307692307692
2020-09-14,-790070.4202978282,2020-09-18,有色金属,2020,38,0.4230769230769231
2020-09-21,3006685.7098352453,2020-09-25,有色金属,2020,39,0.9230769230769231
2020-09-28,-1577032.1428580268,2020-10-02,有色金属,2020,40,0.27884615384615385
2020-10-05,1579423.7065079678,2020-10-09,有色金属,2020,41,0.75
2020-10-12,-4472785.597552493,2020-10-16,有色金属,2020,42,0.04807692307692308
2020-10-19,-503409.62257618736,2020-10-23,有色金属,2020,43,0.4519230769230769
2020-10-26,-293689.08450008684,2020-10-30,有色金属,2020,44,0.5096153846153846
2020-11-02,-3178819.5630461425,2020-11-06,有色金属,2020,45,0.10576923076923077
2020-11-09,2969077.6862816773,2020-11-13,有色金属,2020,46,0.9230769230769231
2020-11-16,2003406.4432089191,2020-11-20,有色金属,2020,47,0.8076923076923077
2020-11-23,-2885945.342733474,2020-11-27,有色金属,2020,48,0.15384615384615385
2020-11-30,-3872185.106487126,2020-12-04,有色金属,2020,49,0.0673076923076923
2020-12-07,3266729.7083840566,2020-12-11,有色金属,2020,50,0.9519230769230769
2020-12-14,-288096.4638894318,2020-12-18,有色金属,2020,51,0.5288461538461539
2020-12-21,-717606.785998471,2020-12-25,有色金属,2020,52,0.46153846153846156
2020-12-28,-1146728.024892849,2021-01-01,有色金属,2020,53,0.38461538461538464
2021-01-04,1646488.5989797618,2021-01-08,有色金属,2021,1,0.75
2021-01-11,26424.888895797543,2021-01-15,有色金属,2021,2,0.5769230769230769
2021-01-18,-755240.1607833141,2021-01-22,有色金属,2021,3,0.4519230769230769
2021-01-25,-894486.1352631607,2021-01-29,有色金属,2021,4,0.4326923076923077
2021-02-01,-174110.20396372606,2021-02-05,有色金属,2021,5,0.5673076923076923
2021-02-08,3997875.586455868,2021-02-12,有色金属,2021,6,0.9903846153846154
2021-02-15,2444378.2671311414,2021-02-19,有色金属,2021,7,0.8557692307692307
2021-02-22,4293786.563814381,2021-02-26,有色金属,2021,8,1.0
2021-03-01,1460504.423307887,2021-03-05,有色金属,2021,9,0.7403846153846154
2021-03-08,-3883877.3814220494,2021-03-12,有色金属,2021,10,0.057692307692307696
2021-03-15,-1568785.5520268683,2021-03-19,有色金属,2021,11,0.28846153846153844
2021-03-22,-232887.92146428666,2021-03-26,有色金属,2021,12,0.5673076923076923
2021-03-29,-265912.9346901421,2021-04-02,有色金属,2021,13,0.5576923076923077
2021-04-05,-4496761.657895791,2021-04-09,有色金属,2021,14,0.04807692307692308
2021-04-12,-1321253.3233428355,2021-04-16,有色金属,2021,15,0.375
2021-04-19,-1194089.9657824745,2021-04-23,有色金属,2021,16,0.38461538461538464
2021-04-26,-4609799.672641052,2021-04-30,有色金属,2021,17,0.038461538461538464
2021-05-03,602851.4500691232,2021-05-07,有色金属,2021,18,0.6923076923076923
2021-05-10,-1164744.3640207178,2021-05-14,有色金属,2021,19,0.375
2021-05-17,2485313.6013122867,2021-05-21,有色金属,2021,20,0.8846153846153846
2021-05-24,-490214.8311077128,2021-05-28,有色金属,2021,21,0.4807692307692308
2021-05-31,-723657.7150858156,2021-06-04,有色金属,2021,22,0.4519230769230769
2021-06-07,-1344293.078330792,2021-06-11,有色金属,2021,23,0.3173076923076923
2021-06-14,-1130159.3760559834,2021-06-18,有色金属,2021,24,0.3942307692307692
2021-06-21,373430.26970721944,2021-06-25,有色金属,2021,25,0.6923076923076923
2021-06-28,-5765015.735697765,2021-07-02,有色金属,2021,26,0.019230769230769232
2021-07-05,-421372.0366032432,2021-07-09,有色金属,2021,27,0.5288461538461539
2021-07-12,-4935083.69058502,2021-07-16,有色金属,2021,28,0.038461538461538464
2021-07-19,-90015.8882181212,2021-07-23,有色金属,2021,29,0.6538461538461539
2021-07-26,280772.3865797607,2021-07-30,有色金属,2021,30,0.7115384615384616
2021-08-02,-2875787.472103616,2021-08-06,有色金属,2021,31,0.17307692307692307
2021-08-09,1545824.8513357954,2021-08-13,有色金属,2021,32,0.8076923076923077
2021-08-16,-573148.3213983647,2021-08-20,有色金属,2021,33,0.49038461538461536
2021-08-23,-1522808.6595637163,2021-08-27,有色金属,2021,34,0.27884615384615385
2021-08-30,-806605.4020708146,2021-09-03,有色金属,2021,35,0.4423076923076923
2021-09-06,3548302.498312877,2021-09-10,有色金属,2021,36,0.9807692307692307
2021-09-13,1631206.0581763422,2021-09-17,有色金属,2021,37,0.8173076923076923
2021-09-20,551827.1899984584,2021-09-24,有色金属,2021,38,0.7307692307692307
2021-09-27,-1336362.929398698,2021-10-01,有色金属,2021,39,0.3269230769230769
2021-10-04,2777124.8167806105,2021-10-08,有色金属,2021,40,0.9423076923076923
2021-10-11,621896.5266393407,2021-10-15,有色金属,2021,41,0.7307692307692307
2021-10-18,1439303.4606158882,2021-10-22,有色金属,2021,42,0.7692307692307693
2021-10-25,-3070132.4949336033,2021-10-29,有色金属,2021,43,0.125
2021-11-01,1018314.5743701354,2021-11-05,有色金属,2021,44,0.7307692307692307
2021-11-08,6101251.784379474,2021-11-12,有色金属,2021,45,1.0
2021-11-15,-560938.7245118351,2021-11-19,有色金属,2021,46,0.46153846153846156
2021-11-22,-1771881.3718070667,2021-11-26,有色金属,2021,47,0.21153846153846154
2021-11-29,1924283.1826519438,2021-12-03,有色金属,2021,48,0.8461538461538461
2021-12-06,252497.65888348222,2021-12-10,有色金属,2021,49,0.6346153846153846
2021-12-13,-1771347.773916886,2021-12-17,有色金属,2021,50,0.22115384615384615
2021-12-20,-1134511.536242489,2021-12-24,有色金属,2021,51,0.36538461538461536
2021-12-27,-5122135.648284643,2021-12-31,有色金属,2021,52,0.028846153846153848
2022-01-03,3949131.0491818567,2022-01-07,有色金属,2022,1,0.9711538461538461
2022-01-10,4182946.754383839,2022-01-14,有色金属,2022,2,0.9807692307692307
2022-01-17,4207998.700380823,2022-01-21,有色金属,2022,3,0.9807692307692307
2022-01-24,208656.06266955682,2022-01-28,有色金属,2022,4,0.6057692307692307
2022-01-31,3617821.282706066,2022-02-04,有色金属,2022,5,0.9423076923076923
2022-02-07,1996040.5703821937,2022-02-11,有色金属,2022,6,0.8173076923076923
2022-02-14,-1570794.4325638798,2022-02-18,有色金属,2022,7,0.23076923076923078
2022-02-21,1344463.96989489,2022-02-25,有色金属,2022,8,0.7019230769230769
2022-02-28,-1087115.0338307845,2022-03-04,有色金属,2022,9,0.375
2022-03-07,27947.960082297097,2022-03-11,有色金属,2022,10,0.5865384615384616
2022-03-14,1815867.950381852,2022-03-18,有色金属,2022,11,0.7980769230769231
2022-03-21,-440570.0271001817,2022-03-25,有色金属,2022,12,0.4519230769230769
2022-03-28,1806683.5844852384,2022-04-01,有色金属,2022,13,0.7884615384615384
2022-04-04,1249666.5155887888,2022-04-08,有色金属,2022,14,0.6730769230769231
2022-04-11,-2966097.8584652836,2022-04-15,有色金属,2022,15,0.10576923076923077
2022-04-18,-2561368.561575126,2022-04-22,有色金属,2022,16,0.14423076923076922
2022-04-25,3351597.3106358666,2022-04-29,有色金属,2022,17,0.9230769230769231
2022-05-02,2881728.8022598433,2022-05-06,有色金属,2022,18,0.8846153846153846
2022-05-09,-5034761.384558177,2022-05-13,有色金属,2022,19,0.028846153846153848
2022-05-16,-1607670.517912098,2022-05-20,有色金属,2022,20,0.21153846153846154
2022-05-23,1535377.6260506774,2022-05-27,有色金属,2022,21,0.7211538461538461
2022-05-30,4423412.217169514,2022-06-03,有色金属,2022,22,0.9903846153846154
2022-06-06,-451490.3522750398,2022-06-10,有色金属,2022,23,0.4423076923076923
2022-06-13,-100414.82527309703,2022-06-17,有色金属,2022,24,0.5384615384615384
2022-06-20,3766425.9963389123,2022-06-24,有色金属,2022,25,0.9326923076923077
2022-06-27,-55504.53136821673,2022-07-01,有色金属,2022,26,0.5576923076923077
2022-07-04,2067511.5704672697,2022-07-08,有色金属,2022,27,0.8076923076923077
2022-07-11,-2931751.919204275,2022-07-15,有色金属,2022,28,0.125
2022-07-18,1873920.0617755991,2022-07-22,有色金属,2022,29,0.7692307692307693
2022-07-25,2592296.3007166013,2022-07-29,有色金属,2022,30,0.8365384615384616
2022-08-01,1076226.1571769791,2022-08-05,有色金属,2022,31,0.6442307692307693
2022-08-08,-1105446.4080253325,2022-08-12,有色金属,2022,32,0.3269230769230769
2022-08-15,2052582.4857161266,2022-08-19,有色金属,2022,33,0.8076923076923077
2022-08-22,-22766.363193908124,2022-08-26,有色金属,2022,34,0.5480769230769231
2022-08-29,-1372205.7354754577,2022-09-02,有色金属,2022,35,0.23076923076923078
2022-09-05,-605785.7362274132,2022-09-09,有色金属,2022,36,0.3942307692307692
2022-09-12,246529.05612303363,2022-09-16,有色金属,2022,37,0.5769230769230769
2022-09-19,-1730639.0414469477,2022-09-23,有色金属,2022,38,0.17307692307692307
2022-09-26,1522348.665466409,2022-09-30,有色金属,2022,39,0.7019230769230769
2022-10-03,-4427664.273777103,2022-10-07,有色金属,2022,40,0.0673076923076923
2022-10-10,322658.12239790283,2022-10-14,有色金属,2022,41,0.6057692307692307
2022-10-17,-1894980.6426916989,2022-10-21,有色金属,2022,42,0.15384615384615385
2022-10-24,4051667.5650418308,2022-10-28,有色金属,2022,43,0.9519230769230769
2022-10-31,-184514.03510574775,2022-11-04,有色金属,2022,44,0.4807692307692308
2022-11-07,713491.2139120251,2022-11-11,有色金属,2022,45,0.6346153846153846
2022-11-14,410213.136816659,2022-11-18,有色金属,2022,46,0.6057692307692307
2022-11-21,1274491.7556792535,2022-11-25,有色金属,2022,47,0.6826923076923077
2022-11-28,2600347.040706734,2022-12-02,有色金属,2022,48,0.8557692307692307
2022-12-05,1647289.3185665102,2022-12-09,有色金属,2022,49,0.75
2022-12-12,-3331850.0763096744,2022-12-16,有色金属,2022,50,0.07692307692307693
2022-12-19,1671239.7486807306,2022-12-23,有色金属,2022,51,0.7596153846153846
2022-12-26,1900271.9048927426,2022-12-30,有色金属,2022,52,0.7884615384615384
2023-01-02,3696156.68397645,2023-01-06,有色金属,2023,1,0.9134615384615384
2023-01-09,-943101.7109148521,2023-01-13,有色金属,2023,2,0.3076923076923077
2023-01-16,210532.29561269737,2023-01-20,有色金属,2023,3,0.5192307692307693
2023-01-23,1023314.5725723606,2023-01-27,有色金属,2023,4,0.625
2023-01-30,-2925998.3294668826,2023-02-03,有色金属,2023,5,0.11538461538461539
2023-02-06,-2610312.4626882034,2023-02-10,有色金属,2023,6,0.1346153846153846
2023-02-13,-317375.0252034932,2023-02-17,有色金属,2023,7,0.4230769230769231
2023-02-20,-6629618.417636368,2023-02-24,有色金属,2023,8,0.0
2023-02-27,-1103944.0520580919,2023-03-03,有色金属,2023,9,0.3269230769230769
2023-03-06,-1830627.5898895275,2023-03-10,有色金属,2023,10,0.17307692307692307
2023-03-13,314402.06956166786,2023-03-17,有色金属,2023,11,0.5769230769230769
2023-03-20,3337254.1552989013,2023-03-24,有色金属,2023,12,0.8942307692307693
2023-03-27,1219130.7665317368,2023-03-31,有色金属,2023,13,0.6634615384615384
2023-04-03,-9701.041632937733,2023-04-07,有色金属,2023,14,0.49038461538461536
2023-04-10,-485181.77040827076,2023-04-14,有色金属,2023,15,0.3942307692307692
2023-04-17,1223383.4291960397,2023-04-21,有色金属,2023,16,0.6634615384615384
2023-04-24,-1196408.3080597823,2023-04-28,有色金属,2023,17,0.25
2023-05-01,-664803.7877136767,2023-05-05,有色金属,2023,18,0.33653846153846156
2023-05-08,196489.1994831292,2023-05-12,有色金属,2023,19,0.5
2023-05-15,450493.06089549675,2023-05-19,有色金属,2023,20,0.5865384615384616
2023-05-22,1849484.2502553258,2023-05-26,有色金属,2023,21,0.7884615384615384
2023-05-29,3406588.1481155055,2023-06-02,有色金属,2023,22,0.9038461538461539
2023-06-05,979762.7021936313,2023-06-09,有色金属,2023,23,0.6057692307692307
2023-06-12,-4806667.34211071,2023-06-16,有色金属,2023,24,0.04807692307692308
2023-06-19,-2634147.56896207,2023-06-23,有色金属,2023,25,0.125
2023-06-26,1613454.1769342462,2023-06-30,有色金属,2023,26,0.7211538461538461
2023-07-03,-2116431.666058065,2023-07-07,有色金属,2023,27,0.14423076923076922
2023-07-10,2236019.827485905,2023-07-14,有色金属,2023,28,0.8365384615384616
2023-07-17,4652664.259413413,2023-07-21,有色金属,2023,29,0.9903846153846154
2023-07-24,1084621.7618574917,2023-07-28,有色金属,2023,30,0.6057692307692307
2023-07-31,-795238.7125473036,2023-08-04,有色金属,2023,31,0.3076923076923077
2023-08-07,618764.9328512388,2023-08-11,有色金属,2023,32,0.5384615384615384
2023-08-14,2451761.666620479,2023-08-18,有色金属,2023,33,0.8269230769230769
2023-08-21,1327678.5550142867,2023-08-25,有色金属,2023,34,0.6442307692307693
2023-08-28,-253351.05205656518,2023-09-01,有色金属,2023,35,0.36538461538461536
2023-09-04,2263860.8802920883,2023-09-08,有色金属,2023,36,0.8173076923076923
2023-09-11,1350350.4850226056,2023-09-15,有色金属,2023,37,0.6538461538461539
2023-09-18,2733145.498465859,2023-09-22,有色金属,2023,38,0.8557692307692307
2023-09-25,1370505.4257049887,2023-09-29,有色金属,2023,39,0.6538461538461539
2023-10-02,1226946.0907464523,2023-10-06,有色金属,2023,40,0.5961538461538461
2023-10-09,-3660833.344946308,2023-10-13,有色金属,2023,41,0.04807692307692308
2023-10-16,1341643.5656785865,2023-10-20,有色金属,2023,42,0.6346153846153846
2023-10-23,-1580892.2249856174,2023-10-27,有色金属,2023,43,0.20192307692307693
2023-10-30,1620615.63012983,2023-11-03,有色金属,2023,44,0.7019230769230769
2023-11-06,-1995604.828833105,2023-11-10,有色金属,2023,45,0.1346153846153846
2023-11-13,1302612.156439764,2023-11-17,有色金属,2023,46,0.625
2023-11-20,-1847112.5300452062,2023-11-24,有色金属,2023,47,0.15384615384615385
2023-11-27,-554504.9420236549,2023-12-01,有色金属,2023,48,0.3173076923076923
2023-12-04,1126038.237588087,2023-12-08,有色金属,2023,49,0.5769230769230769
2023-12-11,-189158.95794867416,2023-12-15,有色金属,2023,50,0.375
2023-12-18,348501.38856456697,2023-12-22,有色金属,2023,51,0.49038461538461536
2023-12-25,-567679.2424088619,2023-12-29,有色金属,2023,52,0.2980769230769231
2024-01-01,-2280137.941492108,2024-01-05,有色金属,2024,1,0.11538461538461539
2024-01-08,154863.45479751425,2024-01-12,有色金属,2024,2,0.4326923076923077
2024-01-15,-464586.77904121485,2024-01-19,有色金属,2024,3,0.3269230769230769
2024-01-22,-715963.8004278073,2024-01-26,有色金属,2024,4,0.27884615384615385
2024-01-29,-2977337.9261232386,2024-02-02,有色金属,2024,5,0.057692307692307696
2024-02-05,1490073.2575748728,2024-02-09,有色金属,2024,6,0.7211538461538461
2024-02-12,-315161.859947243,2024-02-16,有色金属,2024,7,0.38461538461538464
2024-02-19,-1865134.463181985,2024-02-23,有色金属,2024,8,0.16346153846153846
2024-02-26,-462077.5004207685,2024-03-01,有色金属,2024,9,0.3557692307692308
2024-03-04,655149.4795712119,2024-03-08,有色金属,2024,10,0.5673076923076923
2024-03-11,79111.6087310767,2024-03-15,有色金属,2024,11,0.46153846153846156
2024-03-18,1503019.6212383378,2024-03-22,有色金属,2024,12,0.7403846153846154
2024-03-25,-4822936.891838767,2024-03-29,有色金属,2024,13,0.019230769230769232
2024-04-01,2460686.191624777,2024-04-05,有色金属,2024,14,0.8846153846153846
2024-04-08,-2165364.647148339,2024-04-12,有色金属,2024,15,0.14423076923076922
2024-04-15,-3580524.3097510505,2024-04-19,有色金属,2024,16,0.057692307692307696
2024-04-22,-3611238.9245686876,2024-04-26,有色金属,2024,17,0.057692307692307696
2024-04-29,3205213.7882009,2024-05-03,有色金属,2024,18,0.9326923076923077
2024-05-06,1085562.7424097527,2024-05-10,有色金属,2024,19,0.6346153846153846
2024-05-13,-853733.3220733528,2024-05-17,有色金属,2024,20,0.27884615384615385
2024-05-20,2200567.2717078715,2024-05-24,有色金属,2024,21,0.8557692307692307
2024-05-27,-294923.7523890119,2024-05-31,有色金属,2024,22,0.3942307692307692
2024-06-03,2270356.6133294106,2024-06-07,有色金属,2024,23,0.8846153846153846
2024-06-10,-1142757.911024878,2024-06-14,有色金属,2024,24,0.2403846153846154
2024-06-17,1445070.8142938341,2024-06-21,有色金属,2024,25,0.7307692307692307
2024-06-24,3326330.368520035,2024-06-28,有色金属,2024,26,0.9519230769230769
2024-07-01,-262114.71412792534,2024-07-05,有色金属,2024,27,0.40384615384615385
2024-07-08,2198931.424599316,2024-07-12,有色金属,2024,28,0.8461538461538461
2024-07-15,3115236.7413589535,2024-07-19,有色金属,2024,29,0.9326923076923077
2024-07-22,3736101.202843417,2024-07-26,有色金属,2024,30,0.9807692307692307
2024-07-29,-566246.887540709,2024-07-31,有色金属,2024,31,0.3269230769230769
2018-01-01,-1453821.9664712218,2018-01-05,汽车,2018,1,
2018-01-08,-3999708.921726778,2018-01-12,汽车,2018,2,0.0
2018-01-15,1277819.9751433912,2018-01-19,汽车,2018,3,1.0
2018-01-22,1236104.2647736361,2018-01-26,汽车,2018,4,0.6666666666666666
2018-01-29,562745.5769723371,2018-02-02,汽车,2018,5,0.5
2018-02-05,-2535439.063730543,2018-02-09,汽车,2018,6,0.2
2018-02-12,900477.5491103893,2018-02-16,汽车,2018,7,0.6666666666666666
2018-02-19,-54083.68334905163,2018-02-23,汽车,2018,8,0.42857142857142855
2018-02-26,2514084.978435252,2018-03-02,汽车,2018,9,1.0
2018-03-05,2469164.0437490926,2018-03-09,汽车,2018,10,0.8888888888888888
2018-03-12,2540964.7254442247,2018-03-16,汽车,2018,11,1.0
2018-03-19,4873055.26305067,2018-03-23,汽车,2018,12,1.0
2018-03-26,379289.2773987738,2018-03-30,汽车,2018,13,0.3333333333333333
2018-04-02,3491657.6227983222,2018-04-06,汽车,2018,14,0.9230769230769231
2018-04-09,1652198.1109767521,2018-04-13,汽车,2018,15,0.6428571428571429
2018-04-16,-3076734.943660445,2018-04-20,汽车,2018,16,0.06666666666666667
2018-04-23,-1543686.1777000148,2018-04-27,汽车,2018,17,0.1875
2018-04-30,-2123462.1921579726,2018-05-04,汽车,2018,18,0.17647058823529413
2018-05-07,-4522779.038380899,2018-05-11,汽车,2018,19,0.0
2018-05-14,1263094.5110882889,2018-05-18,汽车,2018,20,0.631578947368421
2018-05-21,-506924.51772982406,2018-05-25,汽车,2018,21,0.35
2018-05-28,2665348.918890322,2018-06-01,汽车,2018,22,0.9047619047619048
2018-06-04,-501744.6264515696,2018-06-08,汽车,2018,23,0.36363636363636365
2018-06-11,1487706.2855067563,2018-06-15,汽车,2018,24,0.6956521739130435
2018-06-18,2146868.668250699,2018-06-22,汽车,2018,25,0.75
2018-06-25,-698000.4816930578,2018-06-29,汽车,2018,26,0.28
2018-07-02,2086431.846003109,2018-07-06,汽车,2018,27,0.7307692307692307
2018-07-09,-581851.4777688652,2018-07-13,汽车,2018,28,0.2962962962962963
2018-07-16,1829762.0119877853,2018-07-20,汽车,2018,29,0.7142857142857143
2018-07-23,1892039.7923553134,2018-07-27,汽车,2018,30,0.7241379310344828
2018-07-30,714214.2189887288,2018-08-03,汽车,2018,31,0.4666666666666667
2018-08-06,2917810.002338695,2018-08-10,汽车,2018,32,0.9354838709677419
2018-08-13,125391.39930048853,2018-08-17,汽车,2018,33,0.375
2018-08-20,-2564199.983889875,2018-08-24,汽车,2018,34,0.09090909090909091
2018-08-27,-1479553.3071506522,2018-08-31,汽车,2018,35,0.20588235294117646
2018-09-03,-3334093.158192699,2018-09-07,汽车,2018,36,0.05714285714285714
2018-09-10,1053636.6484077,2018-09-14,汽车,2018,37,0.5555555555555556
2018-09-17,2758861.0504741487,2018-09-21,汽车,2018,38,0.918918918918919
2018-09-24,4106499.005608542,2018-09-28,汽车,2018,39,0.9736842105263158
2018-10-01,-667177.1912945898,2018-10-05,汽车,2018,40,0.28205128205128205
2018-10-08,3575503.405870598,2018-10-12,汽车,2018,41,0.95
2018-10-15,407670.4681407792,2018-10-19,汽车,2018,42,0.43902439024390244
2018-10-22,-1262752.8478511667,2018-10-26,汽车,2018,43,0.23809523809523808
2018-10-29,72257.20213492168,2018-11-02,汽车,2018,44,0.3953488372093023
2018-11-05,545522.6695250252,2018-11-09,汽车,2018,45,0.4772727272727273
2018-11-12,3572059.073459077,2018-11-16,汽车,2018,46,0.9333333333333333
2018-11-19,-602799.8487283649,2018-11-23,汽车,2018,47,0.2826086956521739
2018-11-26,-1482347.012211038,2018-11-30,汽车,2018,48,0.1702127659574468
2018-12-03,356613.43265537603,2018-12-07,汽车,2018,49,0.4375
2018-12-10,2397701.1815404715,2018-12-14,汽车,2018,50,0.7755102040816326
2018-12-17,2287606.4542283774,2018-12-21,汽车,2018,51,0.76
2018-12-24,-1481781.2870300757,2018-12-28,汽车,2018,52,0.17647058823529413
2018-12-31,-886948.9052698482,2019-01-04,汽车,2018,1,0.25
2019-01-07,-168327.3856686874,2019-01-11,汽车,2019,2,0.37735849056603776
2019-01-14,-967605.4085076817,2019-01-18,汽车,2019,3,0.24074074074074073
2019-01-21,556525.9285920439,2019-01-25,汽车,2019,4,0.5272727272727272
2019-01-28,-1638990.2692557422,2019-02-01,汽车,2019,5,0.125
2019-02-04,1612595.516989238,2019-02-08,汽车,2019,6,0.6842105263157895
2019-02-11,-3665106.953332261,2019-02-15,汽车,2019,7,0.034482758620689655
2019-02-18,467912.32847586786,2019-02-22,汽车,2019,8,0.5084745762711864
2019-02-25,-128588.8275304772,2019-03-01,汽车,2019,9,0.4
2019-03-04,-1905301.2264997654,2019-03-08,汽车,2019,10,0.13114754098360656
2019-03-11,-2873417.2976106973,2019-03-15,汽车,2019,11,0.08064516129032258
2019-03-18,-2300184.4595171697,2019-03-22,汽车,2019,12,0.12698412698412698
2019-03-25,3354263.77384818,2019-03-29,汽车,2019,13,0.921875
2019-04-01,-1290674.05657201,2019-04-05,汽车,2019,14,0.26153846153846155
2019-04-08,528025.3495889143,2019-04-12,汽车,2019,15,0.5454545454545454
2019-04-15,-4642174.748283594,2019-04-19,汽车,2019,16,0.0
2019-04-22,3544438.88390914,2019-04-26,汽车,2019,17,0.9411764705882353
2019-04-29,572495.6853948883,2019-05-03,汽车,2019,18,0.5942028985507246
2019-05-06,-4294105.989704078,2019-05-10,汽车,2019,19,0.02857142857142857
2019-05-13,-2306911.742413194,2019-05-17,汽车,2019,20,0.14084507042253522
2019-05-20,1069597.2822691076,2019-05-24,汽车,2019,21,0.6527777777777778
2019-05-27,-2150752.0069882064,2019-05-31,汽车,2019,22,0.1643835616438356
2019-06-03,-965067.763431149,2019-06-07,汽车,2019,23,0.32432432432432434
2019-06-10,-1227894.9036911028,2019-06-14,汽车,2019,24,0.30666666666666664
2019-06-17,-765280.9692388417,2019-06-21,汽车,2019,25,0.35526315789473684
2019-06-24,1058106.3451678478,2019-06-28,汽车,2019,26,0.6623376623376623
2019-07-01,4174298.8657335304,2019-07-05,汽车,2019,27,0.9871794871794872
2019-07-08,860842.9671892948,2019-07-12,汽车,2019,28,0.620253164556962
2019-07-15,-1084944.4206253914,2019-07-19,汽车,2019,29,0.3
2019-07-22,-3764622.5087036584,2019-07-26,汽车,2019,30,0.04938271604938271
2019-07-29,3799476.9723597136,2019-08-02,汽车,2019,31,0.9634146341463414
2019-08-05,846990.0511675745,2019-08-09,汽车,2019,32,0.6144578313253012
2019-08-12,-892589.2570626008,2019-08-16,汽车,2019,33,0.3333333333333333
2019-08-19,3015386.765521532,2019-08-23,汽车,2019,34,0.8941176470588236
2019-08-26,4541145.155572843,2019-08-30,汽车,2019,35,0.9883720930232558
2019-09-02,1852734.6157044289,2019-09-06,汽车,2019,36,0.7471264367816092
2019-09-09,254834.7261806149,2019-09-13,汽车,2019,37,0.4772727272727273
2019-09-16,-1347246.118968858,2019-09-20,汽车,2019,38,0.24719101123595505
2019-09-23,963646.723942799,2019-09-27,汽车,2019,39,0.6333333333333333
2019-09-30,-505709.81763093174,2019-10-04,汽车,2019,40,0.4065934065934066
2019-10-07,-4268156.864852156,2019-10-11,汽车,2019,41,0.03260869565217391
2019-10-14,4827136.530880585,2019-10-18,汽车,2019,42,0.989247311827957
2019-10-21,2676709.8399582957,2019-10-25,汽车,2019,43,0.851063829787234
2019-10-28,654995.2817951952,2019-11-01,汽车,2019,44,0.5789473684210527
2019-11-04,-4718326.991653238,2019-11-08,汽车,2019,45,0.0
2019-11-11,-785134.7028154465,2019-11-15,汽车,2019,46,0.3402061855670103
2019-11-18,2577635.4477102654,2019-11-22,汽车,2019,47,0.8367346938775511
2019-11-25,-431232.14805998304,2019-11-29,汽车,2019,48,0.42424242424242425
2019-12-02,269063.6238959138,2019-12-06,汽车,2019,49,0.49
2019-12-09,-2357359.0818806505,2019-12-13,汽车,2019,50,0.12871287128712872
2019-12-16,3608314.5290204333,2019-12-20,汽车,2019,51,0.9411764705882353
2019-12-23,1252253.0875099483,2019-12-27,汽车,2019,52,0.6796116504854369
2019-12-30,1358439.5994027555,2020-01-03,汽车,2019,1,0.7019230769230769
2020-01-06,-1841132.8615302956,2020-01-10,汽车,2020,2,0.18269230769230768
2020-01-13,742018.7073083979,2020-01-17,汽车,2020,3,0.5865384615384616
2020-01-20,-1406162.962233998,2020-01-24,汽车,2020,4,0.23076923076923078
2020-01-27,-4815707.256000603,2020-01-31,汽车,2020,5,0.0
2020-02-03,-113742.3539126277,2020-02-07,汽车,2020,6,0.4519230769230769
2020-02-10,2559196.7320817183,2020-02-14,汽车,2020,7,0.8269230769230769
2020-02-17,802434.0467599536,2020-02-21,汽车,2020,8,0.6057692307692307
2020-02-24,-1618659.2788026878,2020-02-28,汽车,2020,9,0.19230769230769232
2020-03-02,-3532753.1569192465,2020-03-06,汽车,2020,10,0.07692307692307693
2020-03-09,647141.3367287964,2020-03-13,汽车,2020,11,0.5865384615384616
2020-03-16,302694.4279474078,2020-03-20,汽车,2020,12,0.5096153846153846
2020-03-23,-846947.8252495739,2020-03-27,汽车,2020,13,0.34615384615384615
2020-03-30,-1431031.607986443,2020-04-03,汽车,2020,14,0.25
2020-04-06,-5116857.745283681,2020-04-10,汽车,2020,15,0.0
2020-04-13,1481315.7705251877,2020-04-17,汽车,2020,16,0.75
2020-04-20,220797.1154679081,2020-04-24,汽车,2020,17,0.5096153846153846
2020-04-27,-1076458.0136801782,2020-05-01,汽车,2020,18,0.3076923076923077
2020-05-04,1622665.5412684926,2020-05-08,汽车,2020,19,0.7692307692307693
2020-05-11,3620518.732892313,2020-05-15,汽车,2020,20,0.9519230769230769
2020-05-18,-1853872.5275133955,2020-05-22,汽车,2020,21,0.16346153846153846
2020-05-25,2801299.244193226,2020-05-29,汽车,2020,22,0.875
2020-06-01,869717.5498194377,2020-06-05,汽车,2020,23,0.6634615384615384
2020-06-08,-2996378.191047079,2020-06-12,汽车,2020,24,0.09615384615384616
2020-06-15,-208113.9646337235,2020-06-19,汽车,2020,25,0.4423076923076923
2020-06-22,2464700.6610495714,2020-06-26,汽车,2020,26,0.8269230769230769
2020-06-29,2119197.551249415,2020-07-03,汽车,2020,27,0.7980769230769231
2020-07-06,2497248.143139095,2020-07-10,汽车,2020,28,0.8269230769230769
2020-07-13,-2858419.3829187024,2020-07-17,汽车,2020,29,0.11538461538461539
2020-07-20,-2277008.832635425,2020-07-24,汽车,2020,30,0.16346153846153846
2020-07-27,1415510.1505255727,2020-07-31,汽车,2020,31,0.7403846153846154
2020-08-03,1486270.7297942422,2020-08-07,汽车,2020,32,0.75
2020-08-10,-1978200.2747025476,2020-08-14,汽车,2020,33,0.18269230769230768
2020-08-17,1518396.2482321747,2020-08-21,汽车,2020,34,0.7596153846153846
2020-08-24,718474.3432145193,2020-08-28,汽车,2020,35,0.6153846153846154
2020-08-31,654245.6696313454,2020-09-04,汽车,2020,36,0.5961538461538461
2020-09-07,5319982.792863398,2020-09-11,汽车,2020,37,1.0
2020-09-14,1625744.013866513,2020-09-18,汽车,2020,38,0.7692307692307693
2020-09-21,1321191.6599928425,2020-09-25,汽车,2020,39,0.7019230769230769
2020-09-28,991520.946822382,2020-10-02,汽车,2020,40,0.6730769230769231
2020-10-05,1162682.6899739618,2020-10-09,汽车,2020,41,0.6923076923076923
2020-10-12,555457.24652657,2020-10-16,汽车,2020,42,0.5480769230769231
2020-10-19,-126853.55618857595,2020-10-23,汽车,2020,43,0.4423076923076923
2020-10-26,2243851.7318369206,2020-10-30,汽车,2020,44,0.8173076923076923
2020-11-02,-5820345.427448783,2020-11-06,汽车,2020,45,0.0
2020-11-09,283632.69429384253,2020-11-13,汽车,2020,46,0.49038461538461536
2020-11-16,1582128.068384979,2020-11-20,汽车,2020,47,0.7692307692307693
2020-11-23,3141196.192175544,2020-11-27,汽车,2020,48,0.9134615384615384
2020-11-30,-105273.3677762493,2020-12-04,汽车,2020,49,0.4423076923076923
2020-12-07,-5142224.971367508,2020-12-11,汽车,2020,50,0.009615384615384616
2020-12-14,-272700.3876633735,2020-12-18,汽车,2020,51,0.40384615384615385
2020-12-21,22210.382058691583,2020-12-25,汽车,2020,52,0.47115384615384615
2020-12-28,727488.5057067596,2021-01-01,汽车,2020,53,0.6057692307692307
2021-01-04,1460634.1896383602,2021-01-08,汽车,2021,1,0.7403846153846154
2021-01-11,1596000.2888760015,2021-01-15,汽车,2021,2,0.7788461538461539
2021-01-18,-1303528.4128823623,2021-01-22,汽车,2021,3,0.2692307692307692
2021-01-25,-1237688.5003906437,2021-01-29,汽车,2021,4,0.28846153846153844
2021-02-01,192058.02795913187,2021-02-05,汽车,2021,5,0.4519230769230769
2021-02-08,3305193.246876198,2021-02-12,汽车,2021,6,0.9134615384615384
2021-02-15,-959011.5497578545,2021-02-19,汽车,2021,7,0.3173076923076923
2021-02-22,2154591.391742434,2021-02-26,汽车,2021,8,0.8173076923076923
2021-03-01,1716359.2931018744,2021-03-05,汽车,2021,9,0.7884615384615384
2021-03-08,-4259874.782742996,2021-03-12,汽车,2021,10,0.07692307692307693
2021-03-15,-3621232.967188549,2021-03-19,汽车,2021,11,0.09615384615384616
2021-03-22,5245389.685567346,2021-03-26,汽车,2021,12,0.9903846153846154
2021-03-29,2846896.3017569245,2021-04-02,汽车,2021,13,0.8846153846153846
2021-04-05,-905437.9242155388,2021-04-09,汽车,2021,14,0.3076923076923077
2021-04-12,-2662772.6125019626,2021-04-16,汽车,2021,15,0.1346153846153846
2021-04-19,-4052976.9944569143,2021-04-23,汽车,2021,16,0.07692307692307693
2021-04-26,-721712.3654033749,2021-04-30,汽车,2021,17,0.36538461538461536
2021-05-03,2498299.0440392783,2021-05-07,汽车,2021,18,0.8461538461538461
2021-05-10,-3645890.2655090704,2021-05-14,汽车,2021,19,0.08653846153846154
2021-05-17,1468669.4642627798,2021-05-21,汽车,2021,20,0.7019230769230769
2021-05-24,4396323.1972454265,2021-05-28,汽车,2021,21,0.9615384615384616
2021-05-31,159242.39886211103,2021-06-04,汽车,2021,22,0.4326923076923077
2021-06-07,409352.0483142029,2021-06-11,汽车,2021,23,0.49038461538461536
2021-06-14,1734560.2348953665,2021-06-18,汽车,2021,24,0.7692307692307693
2021-06-21,1630469.9495871714,2021-06-25,汽车,2021,25,0.75
2021-06-28,-1557692.0654226714,2021-07-02,汽车,2021,26,0.20192307692307693
2021-07-05,403658.92693567317,2021-07-09,汽车,2021,27,0.4807692307692308
2021-07-12,2832149.7441428103,2021-07-16,汽车,2021,28,0.8846153846153846
2021-07-19,904650.1697245347,2021-07-23,汽车,2021,29,0.5865384615384616
2021-07-26,1456299.7921685798,2021-07-30,汽车,2021,30,0.6538461538461539
2021-08-02,58170.79737171554,2021-08-06,汽车,2021,31,0.3942307692307692
2021-08-09,254479.06982301502,2021-08-13,汽车,2021,32,0.4326923076923077
2021-08-16,-269893.3275890858,2021-08-20,汽车,2021,33,0.33653846153846156
2021-08-23,-1349760.697339271,2021-08-27,汽车,2021,34,0.22115384615384615
2021-08-30,-1458389.570987122,2021-09-03,汽车,2021,35,0.20192307692307693
2021-09-06,-482406.7080915547,2021-09-10,汽车,2021,36,0.33653846153846156
2021-09-13,-3145284.3302996717,2021-09-17,汽车,2021,37,0.10576923076923077
2021-09-20,2661978.9519021646,2021-09-24,汽车,2021,38,0.8846153846153846
2021-09-27,1688194.4607602255,2021-10-01,汽车,2021,39,0.7788461538461539
2021-10-04,1830709.3072185544,2021-10-08,汽车,2021,40,0.7980769230769231
2021-10-11,363324.1524337471,2021-10-15,汽车,2021,41,0.4807692307692308
2021-10-18,-924731.6697949166,2021-10-22,汽车,2021,42,0.27884615384615385
2021-10-25,-1260184.3728469885,2021-10-29,汽车,2021,43,0.25
2021-11-01,1295600.476062181,2021-11-05,汽车,2021,44,0.6442307692307693
2021-11-08,669520.5537148148,2021-11-12,汽车,2021,45,0.5480769230769231
2021-11-15,-1402581.600774143,2021-11-19,汽车,2021,46,0.22115384615384615
2021-11-22,-4806110.980409554,2021-11-26,汽车,2021,47,0.038461538461538464
2021-11-29,-631762.3074615425,2021-12-03,汽车,2021,48,0.33653846153846156
2021-12-06,-720015.2970773701,2021-12-10,汽车,2021,49,0.33653846153846156
2021-12-13,2730958.897903954,2021-12-17,汽车,2021,50,0.9038461538461539
2021-12-20,-3150803.7798699043,2021-12-24,汽车,2021,51,0.09615384615384616
2021-12-27,391432.9605039088,2021-12-31,汽车,2021,52,0.5096153846153846
2022-01-03,3483402.8113717437,2022-01-07,汽车,2022,1,0.9615384615384616
2022-01-10,1758190.28533618,2022-01-14,汽车,2022,2,0.8076923076923077
2022-01-17,186037.7721663295,2022-01-21,汽车,2022,3,0.4423076923076923
2022-01-24,183551.52377035026,2022-01-28,汽车,2022,4,0.4326923076923077
2022-01-31,-585518.3840308555,2022-02-04,汽车,2022,5,0.3269230769230769
2022-02-07,-1925913.6135079712,2022-02-11,汽车,2022,6,0.15384615384615385
2022-02-14,-1361241.5721600004,2022-02-18,汽车,2022,7,0.22115384615384615
2022-02-21,-824883.2800997408,2022-02-25,汽车,2022,8,0.3173076923076923
2022-02-28,1704415.740099444,2022-03-04,汽车,2022,9,0.7884615384615384
2022-03-07,1764489.2792676685,2022-03-11,汽车,2022,10,0.8173076923076923
2022-03-14,-92794.78528838535,2022-03-18,汽车,2022,11,0.40384615384615385
2022-03-21,835731.982974392,2022-03-25,汽车,2022,12,0.5865384615384616
2022-03-28,-3606549.7152250754,2022-04-01,汽车,2022,13,0.07692307692307693
2022-04-04,2151337.9956738385,2022-04-08,汽车,2022,14,0.8365384615384616
2022-04-11,2372301.8245097892,2022-04-15,汽车,2022,15,0.8557692307692307
2022-04-18,3132031.1701206462,2022-04-22,汽车,2022,16,0.9326923076923077
2022-04-25,775713.9206742587,2022-04-29,汽车,2022,17,0.5576923076923077
2022-05-02,1669531.484368139,2022-05-06,汽车,2022,18,0.7307692307692307
2022-05-09,2056183.8562128982,2022-05-13,汽车,2022,19,0.7980769230769231
2022-05-16,1290555.8960846455,2022-05-20,汽车,2022,20,0.6057692307692307
2022-05-23,1488218.4339122344,2022-05-27,汽车,2022,21,0.6730769230769231
2022-05-30,-1027944.9191106687,2022-06-03,汽车,2022,22,0.23076923076923078
2022-06-06,566269.4332328866,2022-06-10,汽车,2022,23,0.5096153846153846
2022-06-13,-2028892.0667436782,2022-06-17,汽车,2022,24,0.125
2022-06-20,3508131.2656565458,2022-06-24,汽车,2022,25,0.9711538461538461
2022-06-27,508947.002581891,2022-07-01,汽车,2022,26,0.49038461538461536
2022-07-04,-2737879.23698681,2022-07-08,汽车,2022,27,0.10576923076923077
2022-07-11,1155217.65666619,2022-07-15,汽车,2022,28,0.6057692307692307
2022-07-18,1785487.4471428015,2022-07-22,汽车,2022,29,0.8173076923076923
2022-07-25,763253.492216347,2022-07-29,汽车,2022,30,0.5480769230769231
2022-08-01,-447663.00385054527,2022-08-05,汽车,2022,31,0.3173076923076923
2022-08-08,-2784993.0872714766,2022-08-12,汽车,2022,32,0.09615384615384616
2022-08-15,2083755.6479757617,2022-08-19,汽车,2022,33,0.8365384615384616
2022-08-22,2003548.3183661464,2022-08-26,汽车,2022,34,0.8173076923076923
2022-08-29,1164696.2883455781,2022-09-02,汽车,2022,35,0.6153846153846154
2022-09-05,589390.9172283509,2022-09-09,汽车,2022,36,0.5192307692307693
2022-09-12,-4367561.031830081,2022-09-16,汽车,2022,37,0.028846153846153848
2022-09-19,1458087.018043093,2022-09-23,汽车,2022,38,0.6730769230769231
2022-09-26,-900602.0872078915,2022-09-30,汽车,2022,39,0.2692307692307692
2022-10-03,1156553.9798565558,2022-10-07,汽车,2022,40,0.6153846153846154
2022-10-10,-3292799.2852299702,2022-10-14,汽车,2022,41,0.08653846153846154
2022-10-17,-313415.9732919101,2022-10-21,汽车,2022,42,0.3557692307692308
2022-10-24,2700400.1723532747,2022-10-28,汽车,2022,43,0.9038461538461539
2022-10-31,-824035.6932040983,2022-11-04,汽车,2022,44,0.2980769230769231
2022-11-07,1689782.1322390062,2022-11-11,汽车,2022,45,0.75
2022-11-14,640637.2914153489,2022-11-18,汽车,2022,46,0.5384615384615384
2022-11-21,4494827.613050913,2022-11-25,汽车,2022,47,0.9903846153846154
2022-11-28,2828808.6863607946,2022-12-02,汽车,2022,48,0.9134615384615384
2022-12-05,636240.8796091028,2022-12-09,汽车,2022,49,0.5288461538461539
2022-12-12,2086215.4970334512,2022-12-16,汽车,2022,50,0.8365384615384616
2022-12-19,-2413238.246738938,2022-12-23,汽车,2022,51,0.125
2022-12-26,-4125614.3691725046,2022-12-30,汽车,2022,52,0.028846153846153848
2023-01-02,11477.612965552253,2023-01-06,汽车,2023,1,0.3942307692307692
2023-01-09,-488684.34800418944,2023-01-13,汽车,2023,2,0.34615384615384615
2023-01-16,70753.4931253455,2023-01-20,汽车,2023,3,0.4230769230769231
2023-01-23,647356.472601587,2023-01-27,汽车,2023,4,0.5576923076923077
2023-01-30,1661196.1646665025,2023-02-03,汽车,2023,5,0.7019230769230769
2023-02-06,-29188.946584478253,2023-02-10,汽车,2023,6,0.38461538461538464
2023-02-13,-1258588.925243672,2023-02-17,汽车,2023,7,0.22115384615384615
2023-02-20,972406.6100410951,2023-02-24,汽车,2023,8,0.6057692307692307
2023-02-27,-1744178.1338295299,2023-03-03,汽车,2023,9,0.16346153846153846
2023-03-06,1748708.2254647086,2023-03-10,汽车,2023,10,0.7788461538461539
2023-03-13,-3083908.1189492485,2023-03-17,汽车,2023,11,0.09615384615384616
2023-03-20,-1848430.2622146946,2023-03-24,汽车,2023,12,0.15384615384615385
2023-03-27,344453.27757193753,2023-03-31,汽车,2023,13,0.47115384615384615
2023-04-03,-987139.559370119,2023-04-07,汽车,2023,14,0.25
2023-04-10,-2171429.1099087344,2023-04-14,汽车,2023,15,0.1346153846153846
2023-04-17,1998180.243001817,2023-04-21,汽车,2023,16,0.8365384615384616
2023-04-24,4821425.245325306,2023-04-28,汽车,2023,17,1.0
2023-05-01,1777358.4188726284,2023-05-05,汽车,2023,18,0.7980769230769231
2023-05-08,-2492687.5990630705,2023-05-12,汽车,2023,19,0.10576923076923077
2023-05-15,1542603.4718486888,2023-05-19,汽车,2023,20,0.7019230769230769
2023-05-22,-1170790.844856745,2023-05-26,汽车,2023,21,0.23076923076923078
2023-05-29,-4080919.011456539,2023-06-02,汽车,2023,22,0.028846153846153848
2023-06-05,-3039446.180655138,2023-06-09,汽车,2023,23,0.08653846153846154
2023-06-12,-202788.67375403526,2023-06-16,汽车,2023,24,0.3942307692307692
2023-06-19,-3653540.4048215444,2023-06-23,汽车,2023,25,0.038461538461538464
2023-06-26,-784963.2313072783,2023-06-30,汽车,2023,26,0.3269230769230769
2023-07-03,2692925.041044925,2023-07-07,汽车,2023,27,0.9134615384615384
2023-07-10,1237521.1915741982,2023-07-14,汽车,2023,28,0.6634615384615384
2023-07-17,-1686534.6871478087,2023-07-21,汽车,2023,29,0.19230769230769232
2023-07-24,59102.615360538046,2023-07-28,汽车,2023,30,0.46153846153846156
2023-07-31,-544437.0959222362,2023-08-04,汽车,2023,31,0.36538461538461536
2023-08-07,80007.99921916798,2023-08-11,汽车,2023,32,0.4807692307692308
2023-08-14,-7615.303651592636,2023-08-18,汽车,2023,33,0.4519230769230769
2023-08-21,1812416.6208583247,2023-08-25,汽车,2023,34,0.8269230769230769
2023-08-28,2778557.45534598,2023-09-01,汽车,2023,35,0.9423076923076923
2023-09-04,-2149525.658480278,2023-09-08,汽车,2023,36,0.15384615384615385
2023-09-11,-357991.09200236725,2023-09-15,汽车,2023,37,0.38461538461538464
2023-09-18,-39369.60981375782,2023-09-22,汽车,2023,38,0.41346153846153844
2023-09-25,1120856.7982825683,2023-09-29,汽车,2023,39,0.6346153846153846
2023-10-02,3619044.7504471964,2023-10-06,汽车,2023,40,0.9807692307692307
2023-10-09,-2290891.2645429154,2023-10-13,汽车,2023,41,0.1346153846153846
2023-10-16,2334243.2435667003,2023-10-20,汽车,2023,42,0.8846153846153846
2023-10-23,1140.2783504077233,2023-10-27,汽车,2023,43,0.4423076923076923
2023-10-30,1084275.5951318033,2023-11-03,汽车,2023,44,0.625
2023-11-06,1907290.2096976517,2023-11-10,汽车,2023,45,0.8173076923076923
2023-11-13,2087872.785640213,2023-11-17,汽车,2023,46,0.8653846153846154
2023-11-20,821206.82933298,2023-11-24,汽车,2023,47,0.5865384615384616
2023-11-27,3097998.277375512,2023-12-01,汽车,2023,48,0.9423076923076923
2023-12-04,-640867.9446449357,2023-12-08,汽车,2023,49,0.2980769230769231
2023-12-11,-3256487.425360947,2023-12-15,汽车,2023,50,0.057692307692307696
2023-12-18,-566090.7542212519,2023-12-22,汽车,2023,51,0.3173076923076923
2023-12-25,954205.1431553826,2023-12-29,汽车,2023,52,0.5961538461538461
2024-01-01,-2698750.055658247,2024-01-05,汽车,2024,1,0.10576923076923077
2024-01-08,315538.748011015,2024-01-12,汽车,2024,2,0.49038461538461536
2024-01-15,-525529.0579568334,2024-01-19,汽车,2024,3,0.33653846153846156
2024-01-22,3371724.5929982224,2024-01-26,汽车,2024,4,0.9615384615384616
2024-01-29,587370.6399964688,2024-02-02,汽车,2024,5,0.5192307692307693
2024-02-05,-732801.8724364105,2024-02-09,汽车,2024,6,0.2980769230769231
2024-02-12,1052411.7951432848,2024-02-16,汽车,2024,7,0.6153846153846154
2024-02-19,4114667.1491901614,2024-02-23,汽车,2024,8,0.9807692307692307
2024-02-26,1648516.0387781628,2024-03-01,汽车,2024,9,0.7019230769230769
2024-03-04,-1035964.9595852147,2024-03-08,汽车,2024,10,0.22115384615384615
2024-03-11,1627972.8481789127,2024-03-15,汽车,2024,11,0.7115384615384616
2024-03-18,-1949225.4421644849,2024-03-22,汽车,2024,12,0.17307692307692307
2024-03-25,-1820615.1995456922,2024-03-29,汽车,2024,13,0.19230769230769232
2024-04-01,-3407421.9806322744,2024-04-05,汽车,2024,14,0.038461538461538464
2024-04-08,-545173.3937762938,2024-04-12,汽车,2024,15,0.3269230769230769
2024-04-15,215574.00834342674,2024-04-19,汽车,2024,16,0.4807692307692308
2024-04-22,940556.4795922842,2024-04-26,汽车,2024,17,0.6057692307692307
2024-04-29,2582515.450003062,2024-05-03,汽车,2024,18,0.8942307692307693
2024-05-06,38897.9003205949,2024-05-10,汽车,2024,19,0.4519230769230769
2024-05-13,-2751102.5693912962,2024-05-17,汽车,2024,20,0.09615384615384616
2024-05-20,365967.1811936607,2024-05-24,汽车,2024,21,0.5288461538461539
2024-05-27,1047300.0051242858,2024-05-31,汽车,2024,22,0.6538461538461539
2024-06-03,-982446.4140725769,2024-06-07,汽车,2024,23,0.2692307692307692
2024-06-10,6895407.473963628,2024-06-14,汽车,2024,24,1.0
2024-06-17,2028729.6526799311,2024-06-21,汽车,2024,25,0.8365384615384616
2024-06-24,-1497444.1091876002,2024-06-28,汽车,2024,26,0.22115384615384615
2024-07-01,305181.3052854027,2024-07-05,汽车,2024,27,0.5096153846153846
2024-07-08,2469362.314669171,2024-07-12,汽车,2024,28,0.8846153846153846
2024-07-15,-2957632.047012466,2024-07-19,汽车,2024,29,0.08653846153846154
2024-07-22,3005727.663798324,2024-07-26,汽车,2024,30,0.9326923076923077
2024-07-29,-991840.038042343,2024-07-31,汽车,2024,31,0.25961538461538464
2018-01-01,-2299079.4476360343,2018-01-05,煤炭,2018,1,
2018-01-08,-1735247.9739854848,2018-01-12,煤炭,2018,2,1.0
2018-01-15,-2687926.369416197,2018-01-19,煤炭,2018,3,0.0
2018-01-22,-1038389.2590114634,2018-01-26,煤炭,2018,4,1.0
2018-01-29,-6120285.168273101,2018-02-02,煤炭,2018,5,0.0
2018-02-05,-2203711.57077805,2018-02-09,煤炭,2018,6,0.6
2018-02-12,58169.399974659085,2018-02-16,煤炭,2018,7,1.0
2018-02-19,-4698900.061257249,2018-02-23,煤炭,2018,8,0.14285714285714285
2018-02-26,-4342712.6642609155,2018-03-02,煤炭,2018,9,0.25
2018-03-05,-1506549.0532746585,2018-03-09,煤炭,2018,10,0.7777777777777778
2018-03-12,-2435242.853074548,2018-03-16,煤炭,2018,11,0.4
2018-03-19,-160211.6997396527,2018-03-23,煤炭,2018,12,0.9090909090909091
2018-03-26,-1341843.0938357078,2018-03-30,煤炭,2018,13,0.75
2018-04-02,-2525133.9182275683,2018-04-06,煤炭,2018,14,0.3076923076923077
2018-04-09,659838.8171337154,2018-04-13,煤炭,2018,15,1.0
2018-04-16,2396465.337578685,2018-04-20,煤炭,2018,16,1.0
2018-04-23,-2411334.2092705704,2018-04-27,煤炭,2018,17,0.375
2018-04-30,-2107856.0907434523,2018-05-04,煤炭,2018,18,0.5294117647058824
2018-05-07,-1731523.1721496407,2018-05-11,煤炭,2018,19,0.6111111111111112
2018-05-14,-1668249.1343188565,2018-05-18,煤炭,2018,20,0.631578947368421
2018-05-21,527731.6123836837,2018-05-25,煤炭,2018,21,0.9
2018-05-28,2089755.5714250933,2018-06-01,煤炭,2018,22,0.9523809523809523
2018-06-04,-77827.94163471917,2018-06-08,煤炭,2018,23,0.7727272727272727
2018-06-11,1178691.0171067934,2018-06-15,煤炭,2018,24,0.9130434782608695
2018-06-18,-259415.60231618583,2018-06-22,煤炭,2018,25,0.6666666666666666
2018-06-25,-804264.8838702446,2018-06-29,煤炭,2018,26,0.64
2018-07-02,-1060382.5485056438,2018-07-06,煤炭,2018,27,0.5769230769230769
2018-07-09,2702841.1495483625,2018-07-13,煤炭,2018,28,1.0
2018-07-16,-3248233.9048075806,2018-07-20,煤炭,2018,29,0.10714285714285714
2018-07-23,-2707019.6793894903,2018-07-27,煤炭,2018,30,0.13793103448275862
2018-07-30,1604078.0656192894,2018-08-03,煤炭,2018,31,0.9
2018-08-06,4581773.308600763,2018-08-10,煤炭,2018,32,1.0
2018-08-13,-141813.3997667788,2018-08-17,煤炭,2018,33,0.6875
2018-08-20,-1686629.0135749646,2018-08-24,煤炭,2018,34,0.42424242424242425
2018-08-27,2058739.266580516,2018-08-31,煤炭,2018,35,0.8823529411764706
2018-09-03,1387862.150019396,2018-09-07,煤炭,2018,36,0.8285714285714286
2018-09-10,360141.9241516595,2018-09-14,煤炭,2018,37,0.7222222222222222
2018-09-17,-837989.1988895874,2018-09-21,煤炭,2018,38,0.5405405405405406
2018-09-24,-2903532.23279864,2018-09-28,煤炭,2018,39,0.10526315789473684
2018-10-01,-1866851.1236519988,2018-10-05,煤炭,2018,40,0.3333333333333333
2018-10-08,-3135864.796813613,2018-10-12,煤炭,2018,41,0.1
2018-10-15,1424624.0527517495,2018-10-19,煤炭,2018,42,0.8536585365853658
2018-10-22,-365888.44550855947,2018-10-26,煤炭,2018,43,0.5952380952380952
2018-10-29,7786567.136981677,2018-11-02,煤炭,2018,44,1.0
2018-11-05,751259.5532926854,2018-11-09,煤炭,2018,45,0.7727272727272727
2018-11-12,2098795.815063985,2018-11-16,煤炭,2018,46,0.9111111111111111
2018-11-19,-1635352.268573087,2018-11-23,煤炭,2018,47,0.41304347826086957
2018-11-26,-1317220.7343899293,2018-11-30,煤炭,2018,48,0.46808510638297873
2018-12-03,204948.0377268132,2018-12-07,煤炭,2018,49,0.6875
2018-12-10,-2498666.6226824825,2018-12-14,煤炭,2018,50,0.1836734693877551
2018-12-17,3269365.689912295,2018-12-21,煤炭,2018,51,0.96
2018-12-24,368549.9262635085,2018-12-28,煤炭,2018,52,0.7058823529411765
2018-12-31,-400905.2193619822,2019-01-04,煤炭,2018,1,0.5384615384615384
2019-01-07,-2290899.688827673,2019-01-11,煤炭,2019,2,0.24528301886792453
2019-01-14,-832026.4078654977,2019-01-18,煤炭,2019,3,0.5185185185185185
2019-01-21,317162.5662142828,2019-01-25,煤炭,2019,4,0.6909090909090909
2019-01-28,304949.82086647867,2019-02-01,煤炭,2019,5,0.6785714285714286
2019-02-04,424013.7372655292,2019-02-08,煤炭,2019,6,0.7368421052631579
2019-02-11,1203645.099443369,2019-02-15,煤炭,2019,7,0.8103448275862069
2019-02-18,-532853.2912398365,2019-02-22,煤炭,2019,8,0.5084745762711864
2019-02-25,-729963.7545702996,2019-03-01,煤炭,2019,9,0.5
2019-03-04,5434864.177778036,2019-03-08,煤炭,2019,10,0.9836065573770492
2019-03-11,-4911330.248673811,2019-03-15,煤炭,2019,11,0.016129032258064516
2019-03-18,1638705.0702908253,2019-03-22,煤炭,2019,12,0.8571428571428571
2019-03-25,4114509.5809395732,2019-03-29,煤炭,2019,13,0.953125
2019-04-01,-2997569.8449366214,2019-04-05,煤炭,2019,14,0.09230769230769231
2019-04-08,1719944.2944967533,2019-04-12,煤炭,2019,15,0.8484848484848485
2019-04-15,-1035834.7776920273,2019-04-19,煤炭,2019,16,0.43283582089552236
2019-04-22,-3852021.024741797,2019-04-26,煤炭,2019,17,0.058823529411764705
2019-04-29,-356095.7676043677,2019-05-03,煤炭,2019,18,0.5507246376811594
2019-05-06,2059711.9015904362,2019-05-10,煤炭,2019,19,0.8714285714285714
2019-05-13,2864624.1022176943,2019-05-17,煤炭,2019,20,0.9295774647887324
2019-05-20,178200.63086308294,2019-05-24,煤炭,2019,21,0.6111111111111112
2019-05-27,-2154593.1258931467,2019-05-31,煤炭,2019,22,0.2465753424657534
2019-06-03,-947588.9675305064,2019-06-07,煤炭,2019,23,0.43243243243243246
2019-06-10,956781.9036617365,2019-06-14,煤炭,2019,24,0.7466666666666667
2019-06-17,-1533690.5664480156,2019-06-21,煤炭,2019,25,0.34210526315789475
2019-06-24,1600840.9493586924,2019-06-28,煤炭,2019,26,0.8051948051948052
2019-07-01,3876173.8538662866,2019-07-05,煤炭,2019,27,0.9487179487179487
2019-07-08,5115132.643687911,2019-07-12,煤炭,2019,28,0.9746835443037974
2019-07-15,2787046.8282840047,2019-07-19,煤炭,2019,29,0.9
2019-07-22,-671291.395225116,2019-07-26,煤炭,2019,30,0.4691358024691358
2019-07-29,2919872.3711724016,2019-08-02,煤炭,2019,31,0.9146341463414634
2019-08-05,7384761.092541191,2019-08-09,煤炭,2019,32,0.9879518072289156
2019-08-12,2914975.415040996,2019-08-16,煤炭,2019,33,0.8928571428571429
2019-08-19,1472435.3027157213,2019-08-23,煤炭,2019,34,0.7411764705882353
2019-08-26,-4695508.077748085,2019-08-30,煤炭,2019,35,0.03488372093023256
2019-09-02,-309337.9376662434,2019-09-06,煤炭,2019,36,0.5057471264367817
2019-09-09,2183825.703771337,2019-09-13,煤炭,2019,37,0.8409090909090909
2019-09-16,328517.3665761737,2019-09-20,煤炭,2019,38,0.6067415730337079
2019-09-23,-1882152.0379404004,2019-09-27,煤炭,2019,39,0.23333333333333334
2019-09-30,-433993.6115555811,2019-10-04,煤炭,2019,40,0.46153846153846156
2019-10-07,-1485742.390646977,2019-10-11,煤炭,2019,41,0.32608695652173914
2019-10-14,399588.8362025501,2019-10-18,煤炭,2019,42,0.6451612903225806
2019-10-21,2261469.1044172384,2019-10-25,煤炭,2019,43,0.851063829787234
2019-10-28,2688364.2358030425,2019-11-01,煤炭,2019,44,0.8631578947368421
2019-11-04,1699677.8043589958,2019-11-08,煤炭,2019,45,0.7708333333333334
2019-11-11,182712.73313641347,2019-11-15,煤炭,2019,46,0.5567010309278351
2019-11-18,-18767.15419072134,2019-11-22,煤炭,2019,47,0.5306122448979592
2019-11-25,607793.1710603437,2019-11-29,煤炭,2019,48,0.6565656565656566
2019-12-02,3602661.4078934398,2019-12-06,煤炭,2019,49,0.93
2019-12-09,1739652.8530484103,2019-12-13,煤炭,2019,50,0.7821782178217822
2019-12-16,569508.1134420703,2019-12-20,煤炭,2019,51,0.6372549019607843
2019-12-23,177443.8189136762,2019-12-27,煤炭,2019,52,0.5242718446601942
2019-12-30,-2813980.8480815743,2020-01-03,煤炭,2019,1,0.09615384615384616
2020-01-06,2194613.6419534893,2020-01-10,煤炭,2020,2,0.8365384615384616
2020-01-13,-300321.3686978216,2020-01-17,煤炭,2020,3,0.4519230769230769
2020-01-20,-1133591.6425374048,2020-01-24,煤炭,2020,4,0.2980769230769231
2020-01-27,2594461.4318955736,2020-01-31,煤炭,2020,5,0.8557692307692307
2020-02-03,-2161599.1098873615,2020-02-07,煤炭,2020,6,0.16346153846153846
2020-02-10,213080.99307053338,2020-02-14,煤炭,2020,7,0.5384615384615384
2020-02-17,3713469.0585185117,2020-02-21,煤炭,2020,8,0.9326923076923077
2020-02-24,118978.29175389092,2020-02-28,煤炭,2020,9,0.4807692307692308
2020-03-02,693802.281832967,2020-03-06,煤炭,2020,10,0.6346153846153846
2020-03-09,-4590636.255618539,2020-03-13,煤炭,2020,11,0.019230769230769232
2020-03-16,17630.08299315325,2020-03-20,煤炭,2020,12,0.46153846153846156
2020-03-23,2318527.2879300257,2020-03-27,煤炭,2020,13,0.8269230769230769
2020-03-30,2881234.5358511517,2020-04-03,煤炭,2020,14,0.8846153846153846
2020-04-06,3342773.1485265857,2020-04-10,煤炭,2020,15,0.9134615384615384
2020-04-13,1368527.076078556,2020-04-17,煤炭,2020,16,0.6442307692307693
2020-04-20,-467464.68877047324,2020-04-24,煤炭,2020,17,0.33653846153846156
2020-04-27,-838889.8128461773,2020-05-01,煤炭,2020,18,0.2692307692307692
2020-05-04,-1555761.8018089233,2020-05-08,煤炭,2020,19,0.19230769230769232
2020-05-11,1208969.8532203687,2020-05-15,煤炭,2020,20,0.6442307692307693
2020-05-18,536428.7259097749,2020-05-22,煤炭,2020,21,0.5673076923076923
2020-05-25,-1582827.0633065915,2020-05-29,煤炭,2020,22,0.17307692307692307
2020-06-01,5774170.045267495,2020-06-05,煤炭,2020,23,0.9807692307692307
2020-06-08,-54318.14888708154,2020-06-12,煤炭,2020,24,0.41346153846153844
2020-06-15,-575596.9263219851,2020-06-19,煤炭,2020,25,0.3173076923076923
2020-06-22,-969374.4623025979,2020-06-26,煤炭,2020,26,0.25
2020-06-29,-2419769.939676362,2020-07-03,煤炭,2020,27,0.10576923076923077
2020-07-06,610267.3023334469,2020-07-10,煤炭,2020,28,0.5961538461538461
2020-07-13,-1488835.3264536152,2020-07-17,煤炭,2020,29,0.21153846153846154
2020-07-20,96804.50843033066,2020-07-24,煤炭,2020,30,0.4423076923076923
2020-07-27,-2267239.8530109543,2020-07-31,煤炭,2020,31,0.10576923076923077
2020-08-03,-938969.645061498,2020-08-07,煤炭,2020,32,0.2692307692307692
2020-08-10,-1201299.6764932848,2020-08-14,煤炭,2020,33,0.23076923076923078
2020-08-17,1927353.0628855107,2020-08-21,煤炭,2020,34,0.7596153846153846
2020-08-24,-1397436.683759738,2020-08-28,煤炭,2020,35,0.21153846153846154
2020-08-31,1522011.754974843,2020-09-04,煤炭,2020,36,0.7115384615384616
2020-09-07,-1878818.8398792911,2020-09-11,煤炭,2020,37,0.14423076923076922
2020-09-14,-2133885.2645197674,2020-09-18,煤炭,2020,38,0.1346153846153846
2020-09-21,-2073485.3953435204,2020-09-25,煤炭,2020,39,0.14423076923076922
2020-09-28,1879243.4285650959,2020-10-02,煤炭,2020,40,0.7596153846153846
2020-10-05,-4608730.970681233,2020-10-09,煤炭,2020,41,0.019230769230769232
2020-10-12,-1493179.5720663455,2020-10-16,煤炭,2020,42,0.20192307692307693
2020-10-19,-708650.5651991246,2020-10-23,煤炭,2020,43,0.33653846153846156
2020-10-26,1820411.8541815137,2020-10-30,煤炭,2020,44,0.75
2020-11-02,-1001800.3648450284,2020-11-06,煤炭,2020,45,0.27884615384615385
2020-11-09,278620.86464021006,2020-11-13,煤炭,2020,46,0.5384615384615384
2020-11-16,2053202.0284152373,2020-11-20,煤炭,2020,47,0.7884615384615384
2020-11-23,1070272.4078754634,2020-11-27,煤炭,2020,48,0.6538461538461539
2020-11-30,-3603875.9156987937,2020-12-04,煤炭,2020,49,0.04807692307692308
2020-12-07,708644.881397077,2020-12-11,煤炭,2020,50,0.6346153846153846
2020-12-14,-1059210.5860921948,2020-12-18,煤炭,2020,51,0.25
2020-12-21,2880002.3676267355,2020-12-25,煤炭,2020,52,0.8846153846153846
2020-12-28,-3747397.9748844462,2021-01-01,煤炭,2020,53,0.04807692307692308
2021-01-04,901010.8091737663,2021-01-08,煤炭,2021,1,0.6346153846153846
2021-01-11,-1732045.8551450754,2021-01-15,煤炭,2021,2,0.16346153846153846
2021-01-18,-3312727.7337732897,2021-01-22,煤炭,2021,3,0.0673076923076923
2021-01-25,2620113.230233256,2021-01-29,煤炭,2021,4,0.8461538461538461
2021-02-01,-280289.5143103674,2021-02-05,煤炭,2021,5,0.4326923076923077
2021-02-08,217048.96915548155,2021-02-12,煤炭,2021,6,0.5288461538461539
2021-02-15,-1128660.1412338964,2021-02-19,煤炭,2021,7,0.2692307692307692
2021-02-22,1922407.0045253513,2021-02-26,煤炭,2021,8,0.7596153846153846
2021-03-01,-2095145.7081758443,2021-03-05,煤炭,2021,9,0.14423076923076922
2021-03-08,-98218.56694336236,2021-03-12,煤炭,2021,10,0.4423076923076923
2021-03-15,-963764.9814604573,2021-03-19,煤炭,2021,11,0.3173076923076923
2021-03-22,-3161151.489819805,2021-03-26,煤炭,2021,12,0.0673076923076923
2021-03-29,2297737.8329762965,2021-04-02,煤炭,2021,13,0.8365384615384616
2021-04-05,-656949.0641691291,2021-04-09,煤炭,2021,14,0.375
2021-04-12,-172985.28751753457,2021-04-16,煤炭,2021,15,0.4519230769230769
2021-04-19,-713494.1886234374,2021-04-23,煤炭,2021,16,0.34615384615384615
2021-04-26,-341247.1956884528,2021-04-30,煤炭,2021,17,0.41346153846153844
2021-05-03,-4105379.4779638387,2021-05-07,煤炭,2021,18,0.028846153846153848
2021-05-10,428428.20272183756,2021-05-14,煤炭,2021,19,0.5961538461538461
2021-05-17,-1758031.1414886322,2021-05-21,煤炭,2021,20,0.17307692307692307
2021-05-24,2853954.353997983,2021-05-28,煤炭,2021,21,0.8942307692307693
2021-05-31,-256641.57154957575,2021-06-04,煤炭,2021,22,0.4519230769230769
2021-06-07,-535985.308170455,2021-06-11,煤炭,2021,23,0.38461538461538464
2021-06-14,-1928597.2155781153,2021-06-18,煤炭,2021,24,0.14423076923076922
2021-06-21,-5118836.530930763,2021-06-25,煤炭,2021,25,0.0
2021-06-28,1489931.6321975035,2021-07-02,煤炭,2021,26,0.7211538461538461
2021-07-05,-296498.5615931371,2021-07-09,煤炭,2021,27,0.4519230769230769
2021-07-12,4153126.668640993,2021-07-16,煤炭,2021,28,0.9807692307692307
2021-07-19,-255267.32516612345,2021-07-23,煤炭,2021,29,0.4807692307692308
2021-07-26,4073099.8825191148,2021-07-30,煤炭,2021,30,0.9711538461538461
2021-08-02,1606443.3404106607,2021-08-06,煤炭,2021,31,0.75
2021-08-09,440519.6971787965,2021-08-13,煤炭,2021,32,0.625
2021-08-16,565669.8998426873,2021-08-20,煤炭,2021,33,0.6442307692307693
2021-08-23,-3643874.8836266547,2021-08-27,煤炭,2021,34,0.057692307692307696
2021-08-30,-423305.9006768721,2021-09-03,煤炭,2021,35,0.41346153846153844
2021-09-06,-998898.1835000146,2021-09-10,煤炭,2021,36,0.3076923076923077
2021-09-13,3068140.7531292,2021-09-17,煤炭,2021,37,0.9423076923076923
2021-09-20,6050073.9425764065,2021-09-24,煤炭,2021,38,1.0
2021-09-27,1841837.8115763243,2021-10-01,煤炭,2021,39,0.7884615384615384
2021-10-04,7605924.207562437,2021-10-08,煤炭,2021,40,1.0
2021-10-11,-3076848.9184839604,2021-10-15,煤炭,2021,41,0.08653846153846154
2021-10-18,2153190.245057886,2021-10-22,煤炭,2021,42,0.8173076923076923
2021-10-25,1417298.900560777,2021-10-29,煤炭,2021,43,0.7115384615384616
2021-11-01,3663538.3511376046,2021-11-05,煤炭,2021,44,0.9423076923076923
2021-11-08,-2284579.4078874914,2021-11-12,煤炭,2021,45,0.11538461538461539
2021-11-15,-4378366.015353004,2021-11-19,煤炭,2021,46,0.028846153846153848
2021-11-22,-874579.0649165628,2021-11-26,煤炭,2021,47,0.3557692307692308
2021-11-29,-1822918.5691794232,2021-12-03,煤炭,2021,48,0.20192307692307693
2021-12-06,851300.1438135984,2021-12-10,煤炭,2021,49,0.6826923076923077
2021-12-13,2222828.449093207,2021-12-17,煤炭,2021,50,0.8461538461538461
2021-12-20,-1120499.1606360963,2021-12-24,煤炭,2021,51,0.3076923076923077
2021-12-27,-997011.8871155318,2021-12-31,煤炭,2021,52,0.34615384615384615
2022-01-03,-608889.0036740492,2022-01-07,煤炭,2022,1,0.4230769230769231
2022-01-10,-1685665.8043158117,2022-01-14,煤炭,2022,2,0.22115384615384615
2022-01-17,-5309648.394912328,2022-01-21,煤炭,2022,3,0.0
2022-01-24,95758.93160293833,2022-01-28,煤炭,2022,4,0.5673076923076923
2022-01-31,-3517578.6353767086,2022-02-04,煤炭,2022,5,0.08653846153846154
2022-02-07,602112.4135925745,2022-02-11,煤炭,2022,6,0.6634615384615384
2022-02-14,2313761.2253451818,2022-02-18,煤炭,2022,7,0.8653846153846154
2022-02-21,-1216140.4987103934,2022-02-25,煤炭,2022,8,0.28846153846153844
2022-02-28,-608255.5430889665,2022-03-04,煤炭,2022,9,0.4519230769230769
2022-03-07,-2907860.2150707836,2022-03-11,煤炭,2022,10,0.125
2022-03-14,594012.2479610306,2022-03-18,煤炭,2022,11,0.6634615384615384
2022-03-21,-566682.5634685956,2022-03-25,煤炭,2022,12,0.47115384615384615
2022-03-28,-1395067.9041532138,2022-04-01,煤炭,2022,13,0.28846153846153844
2022-04-04,699939.8257962465,2022-04-08,煤炭,2022,14,0.7019230769230769
2022-04-11,-2168127.2952508414,2022-04-15,煤炭,2022,15,0.15384615384615385
2022-04-18,805388.2348085225,2022-04-22,煤炭,2022,16,0.7307692307692307
2022-04-25,-5082308.917952774,2022-04-29,煤炭,2022,17,0.019230769230769232
2022-05-02,581646.4237871785,2022-05-06,煤炭,2022,18,0.6730769230769231
2022-05-09,-1690118.3570629656,2022-05-13,煤炭,2022,19,0.25
2022-05-16,-3240383.9713322874,2022-05-20,煤炭,2022,20,0.10576923076923077
2022-05-23,1658208.6206041856,2022-05-27,煤炭,2022,21,0.8076923076923077
2022-05-30,871312.9782319947,2022-06-03,煤炭,2022,22,0.7403846153846154
2022-06-06,3704197.0622916743,2022-06-10,煤炭,2022,23,0.9615384615384616
2022-06-13,-47849.36668926047,2022-06-17,煤炭,2022,24,0.5865384615384616
2022-06-20,-542284.2331972793,2022-06-24,煤炭,2022,25,0.49038461538461536
2022-06-27,1844631.1254733303,2022-07-01,煤炭,2022,26,0.8269230769230769
2022-07-04,-2475695.7731387466,2022-07-08,煤炭,2022,27,0.14423076923076922
2022-07-11,467835.5451647197,2022-07-15,煤炭,2022,28,0.6442307692307693
2022-07-18,706814.4854634732,2022-07-22,煤炭,2022,29,0.6923076923076923
2022-07-25,241444.3231790727,2022-07-29,煤炭,2022,30,0.5961538461538461
2022-08-01,2930801.159201246,2022-08-05,煤炭,2022,31,0.9326923076923077
2022-08-08,701925.1461259263,2022-08-12,煤炭,2022,32,0.6730769230769231
2022-08-15,-3133653.920071205,2022-08-19,煤炭,2022,33,0.125
2022-08-22,-4752735.429376294,2022-08-26,煤炭,2022,34,0.028846153846153848
2022-08-29,3148445.1941992976,2022-09-02,煤炭,2022,35,0.9423076923076923
2022-09-05,797769.8360821478,2022-09-09,煤炭,2022,36,0.7019230769230769
2022-09-12,-4481656.295752779,2022-09-16,煤炭,2022,37,0.04807692307692308
2022-09-19,3687311.292343844,2022-09-23,煤炭,2022,38,0.9519230769230769
2022-09-26,-2143585.4382635322,2022-09-30,煤炭,2022,39,0.20192307692307693
2022-10-03,-406621.37269022554,2022-10-07,煤炭,2022,40,0.47115384615384615
2022-10-10,-875547.7498745123,2022-10-14,煤炭,2022,41,0.36538461538461536
2022-10-17,-552408.7508936117,2022-10-21,煤炭,2022,42,0.4326923076923077
2022-10-24,3980597.999745534,2022-10-28,煤炭,2022,43,0.9615384615384616
2022-10-31,-2608514.928481329,2022-11-04,煤炭,2022,44,0.16346153846153846
2022-11-07,433094.39687494497,2022-11-11,煤炭,2022,45,0.5961538461538461
2022-11-14,1092113.5776182842,2022-11-18,煤炭,2022,46,0.75
2022-11-21,4408851.787827301,2022-11-25,煤炭,2022,47,0.9807692307692307
2022-11-28,-3958273.016448193,2022-12-02,煤炭,2022,48,0.0673076923076923
2022-12-05,2402895.3990777573,2022-12-09,煤炭,2022,49,0.8557692307692307
2022-12-12,-1601416.5095788743,2022-12-16,煤炭,2022,50,0.27884615384615385
2022-12-19,-606511.0810847292,2022-12-23,煤炭,2022,51,0.41346153846153844
2022-12-26,2038759.8281448106,2022-12-30,煤炭,2022,52,0.8173076923076923
2023-01-02,734477.774924448,2023-01-06,煤炭,2023,1,0.6826923076923077
2023-01-09,-1007051.3613210141,2023-01-13,煤炭,2023,2,0.3173076923076923
2023-01-16,-3378849.6401663264,2023-01-20,煤炭,2023,3,0.09615384615384616
2023-01-23,286951.9931049985,2023-01-27,煤炭,2023,4,0.5769230769230769
2023-01-30,-2214804.4040795406,2023-02-03,煤炭,2023,5,0.18269230769230768
2023-02-06,-2026370.8994204858,2023-02-10,煤炭,2023,6,0.22115384615384615
2023-02-13,-461573.0965926256,2023-02-17,煤炭,2023,7,0.47115384615384615
2023-02-20,-1124036.0189187268,2023-02-24,煤炭,2023,8,0.3076923076923077
2023-02-27,-856005.5884451035,2023-03-03,煤炭,2023,9,0.38461538461538464
2023-03-06,2060300.4953658062,2023-03-10,煤炭,2023,10,0.8269230769230769
2023-03-13,1065860.1146288456,2023-03-17,煤炭,2023,11,0.7403846153846154
2023-03-20,-1035934.8713393051,2023-03-24,煤炭,2023,12,0.3173076923076923
2023-03-27,2864031.089587628,2023-03-31,煤炭,2023,13,0.8846153846153846
2023-04-03,-2984102.107355454,2023-04-07,煤炭,2023,14,0.1346153846153846
2023-04-10,1952666.3507762775,2023-04-14,煤炭,2023,15,0.8076923076923077
2023-04-17,-3443296.4342446863,2023-04-21,煤炭,2023,16,0.09615384615384616
2023-04-24,-1435421.306252849,2023-04-28,煤炭,2023,17,0.28846153846153844
2023-05-01,-817715.5711788002,2023-05-05,煤炭,2023,18,0.40384615384615385
2023-05-08,896282.6774638767,2023-05-12,煤炭,2023,19,0.7211538461538461
2023-05-15,1309903.5906288964,2023-05-19,煤炭,2023,20,0.7403846153846154
2023-05-22,629122.1328102383,2023-05-26,煤炭,2023,21,0.625
2023-05-29,-946419.403964229,2023-06-02,煤炭,2023,22,0.3557692307692308
2023-06-05,-78779.5307403364,2023-06-09,煤炭,2023,23,0.5192307692307693
2023-06-12,-1243732.526681282,2023-06-16,煤炭,2023,24,0.28846153846153844
2023-06-19,169632.1501174128,2023-06-23,煤炭,2023,25,0.5384615384615384
2023-06-26,613416.8796538734,2023-06-30,煤炭,2023,26,0.625
2023-07-03,-529653.656608046,2023-07-07,煤炭,2023,27,0.4519230769230769
2023-07-10,-737544.5538176796,2023-07-14,煤炭,2023,28,0.3942307692307692
2023-07-17,-1077765.4853062816,2023-07-21,煤炭,2023,29,0.3076923076923077
2023-07-24,3109729.162913176,2023-07-28,煤炭,2023,30,0.9134615384615384
2023-07-31,-1281552.199329798,2023-08-04,煤炭,2023,31,0.2692307692307692
2023-08-07,4405496.035171324,2023-08-11,煤炭,2023,32,0.9711538461538461
2023-08-14,3696823.704269494,2023-08-18,煤炭,2023,33,0.9423076923076923
2023-08-21,941596.8864737875,2023-08-25,煤炭,2023,34,0.7307692307692307
2023-08-28,1515149.7592087698,2023-09-01,煤炭,2023,35,0.7692307692307693
2023-09-04,2335600.6331615066,2023-09-08,煤炭,2023,36,0.8557692307692307
2023-09-11,-142391.42550219642,2023-09-15,煤炭,2023,37,0.49038461538461536
2023-09-18,-362640.51388927177,2023-09-22,煤炭,2023,38,0.49038461538461536
2023-09-25,-1176543.283677791,2023-09-29,煤炭,2023,39,0.28846153846153844
2023-10-02,2547971.933405484,2023-10-06,煤炭,2023,40,0.8846153846153846
2023-10-09,3149372.45038531,2023-10-13,煤炭,2023,41,0.9326923076923077
2023-10-16,-1420049.3103519094,2023-10-20,煤炭,2023,42,0.2403846153846154
2023-10-23,1422976.2481069048,2023-10-27,煤炭,2023,43,0.7788461538461539
2023-10-30,-3557030.006518335,2023-11-03,煤炭,2023,44,0.057692307692307696
2023-11-06,1318353.2426312794,2023-11-10,煤炭,2023,45,0.7788461538461539
2023-11-13,122597.37095600762,2023-11-17,煤炭,2023,46,0.5480769230769231
2023-11-20,-2178314.4870124664,2023-11-24,煤炭,2023,47,0.15384615384615385
2023-11-27,33627.96356257307,2023-12-01,煤炭,2023,48,0.5288461538461539
2023-12-04,477740.05913734017,2023-12-08,煤炭,2023,49,0.5961538461538461
2023-12-11,-101658.74247826557,2023-12-15,煤炭,2023,50,0.5
2023-12-18,912586.849818869,2023-12-22,煤炭,2023,51,0.7403846153846154
2023-12-25,-267778.13413481985,2023-12-29,煤炭,2023,52,0.4807692307692308
2024-01-01,-3986369.8108486175,2024-01-05,煤炭,2024,1,0.038461538461538464
2024-01-08,2475913.4510204154,2024-01-12,煤炭,2024,2,0.8846153846153846
2024-01-15,-4363087.772190225,2024-01-19,煤炭,2024,3,0.038461538461538464
2024-01-22,-214149.89367145894,2024-01-26,煤炭,2024,4,0.47115384615384615
2024-01-29,-132603.60165259382,2024-02-02,煤炭,2024,5,0.49038461538461536
2024-02-05,-1727171.4278251731,2024-02-09,煤炭,2024,6,0.19230769230769232
2024-02-12,307361.17758012295,2024-02-16,煤炭,2024,7,0.5769230769230769
2024-02-19,-273037.0212356694,2024-02-23,煤炭,2024,8,0.46153846153846156
2024-02-26,1046929.445234064,2024-03-01,煤炭,2024,9,0.75
2024-03-04,529661.6579538044,2024-03-08,煤炭,2024,10,0.6057692307692307
2024-03-11,-2453650.588320742,2024-03-15,煤炭,2024,11,0.1346153846153846
2024-03-18,-1260356.0532604302,2024-03-22,煤炭,2024,12,0.25961538461538464
2024-03-25,676072.0833521388,2024-03-29,煤炭,2024,13,0.6442307692307693
2024-04-01,-764730.7819461884,2024-04-05,煤炭,2024,14,0.3557692307692308
2024-04-08,-2301837.2113930117,2024-04-12,煤炭,2024,15,0.14423076923076922
2024-04-15,-2626783.652716506,2024-04-19,煤炭,2024,16,0.11538461538461539
2024-04-22,1878599.1367396484,2024-04-26,煤炭,2024,17,0.8269230769230769
2024-04-29,-3069029.2599195465,2024-05-03,煤炭,2024,18,0.09615384615384616
2024-05-06,-212171.32356160646,2024-05-10,煤炭,2024,19,0.4807692307692308
2024-05-13,2183359.5981181366,2024-05-17,煤炭,2024,20,0.8557692307692307
2024-05-20,1541944.9827230303,2024-05-24,煤炭,2024,21,0.7884615384615384
2024-05-27,-767726.3836734996,2024-05-31,煤炭,2024,22,0.34615384615384615
2024-06-03,-3368418.8021525913,2024-06-07,煤炭,2024,23,0.07692307692307693
2024-06-10,-2097630.8613134315,2024-06-14,煤炭,2024,24,0.19230769230769232
2024-06-17,-2351145.8590805493,2024-06-21,煤炭,2024,25,0.15384615384615385
2024-06-24,1517000.104148177,2024-06-28,煤炭,2024,26,0.7980769230769231
2024-07-01,-438388.6986513769,2024-07-05,煤炭,2024,27,0.4423076923076923
2024-07-08,91890.08738237119,2024-07-12,煤炭,2024,28,0.5480769230769231
2024-07-15,2240308.440818463,2024-07-19,煤炭,2024,29,0.8653846153846154
2024-07-22,477952.377924302,2024-07-26,煤炭,2024,30,0.625
2024-07-29,3247009.1503856247,2024-07-31,煤炭,2024,31,0.9519230769230769
2018-01-01,-867300.4131554272,2018-01-05,电力设备,2018,1,
2018-01-08,-4615007.2212948315,2018-01-12,电力设备,2018,2,0.0
2018-01-15,-839986.8208683984,2018-01-19,电力设备,2018,3,1.0
2018-01-22,-4724354.162826205,2018-01-26,电力设备,2018,4,0.0
2018-01-29,2622382.1326454845,2018-02-02,电力设备,2018,5,1.0
2018-02-05,-2541421.663711223,2018-02-09,电力设备,2018,6,0.4
2018-02-12,1213892.983037186,2018-02-16,电力设备,2018,7,0.8333333333333334
2018-02-19,-1686029.6000533202,2018-02-23,电力设备,2018,8,0.42857142857142855
2018-02-26,380587.22685453156,2018-03-02,电力设备,2018,9,0.75
2018-03-05,2362831.549153203,2018-03-09,电力设备,2018,10,0.8888888888888888
2018-03-12,3416123.1957982876,2018-03-16,电力设备,2018,11,1.0
2018-03-19,-252390.35993939042,2018-03-23,电力设备,2018,12,0.5454545454545454
2018-03-26,-3721.5279573871303,2018-03-30,电力设备,2018,13,0.5833333333333334
2018-04-02,-1027253.9138094974,2018-04-06,电力设备,2018,14,0.3076923076923077
2018-04-09,-1341163.126926451,2018-04-13,电力设备,2018,15,0.2857142857142857
2018-04-16,1029074.8482547789,2018-04-20,电力设备,2018,16,0.7333333333333333
2018-04-23,-4830998.941242285,2018-04-27,电力设备,2018,17,0.0
2018-04-30,-1094610.6875721784,2018-05-04,电力设备,2018,18,0.35294117647058826
2018-05-07,3730372.3788030148,2018-05-11,电力设备,2018,19,1.0
2018-05-14,3393475.3419313873,2018-05-18,电力设备,2018,20,0.8947368421052632
2018-05-21,6155255.923722884,2018-05-25,电力设备,2018,21,1.0
2018-05-28,4506835.108884413,2018-06-01,电力设备,2018,22,0.9523809523809523
2018-06-04,-1484470.730410052,2018-06-08,电力设备,2018,23,0.22727272727272727
2018-06-11,1146025.35400264,2018-06-15,电力设备,2018,24,0.6521739130434783
2018-06-18,3901668.1427377705,2018-06-22,电力设备,2018,25,0.9166666666666666
2018-06-25,-1723351.4827177227,2018-06-29,电力设备,2018,26,0.16
2018-07-02,1250624.0187467723,2018-07-06,电力设备,2018,27,0.6923076923076923
2018-07-09,936848.9674470628,2018-07-13,电力设备,2018,28,0.5555555555555556
2018-07-16,861577.0283080852,2018-07-20,电力设备,2018,29,0.5357142857142857
2018-07-23,-3824093.5136183016,2018-07-27,电力设备,2018,30,0.10344827586206896
2018-07-30,-1171823.8957866926,2018-08-03,电力设备,2018,31,0.3
2018-08-06,-2459339.4187292457,2018-08-10,电力设备,2018,32,0.16129032258064516
2018-08-13,-1256797.140724151,2018-08-17,电力设备,2018,33,0.3125
2018-08-20,-1837069.4830256905,2018-08-24,电力设备,2018,34,0.18181818181818182
2018-08-27,1869802.2166974323,2018-08-31,电力设备,2018,35,0.7647058823529411
2018-09-03,-645559.9331547782,2018-09-07,电力设备,2018,36,0.4857142857142857
2018-09-10,2987533.1513499515,2018-09-14,电力设备,2018,37,0.8333333333333334
2018-09-17,-1904842.2758568798,2018-09-21,电力设备,2018,38,0.16216216216216217
2018-09-24,-3563070.462888442,2018-09-28,电力设备,2018,39,0.10526315789473684
2018-10-01,2879525.5451940163,2018-10-05,电力设备,2018,40,0.8205128205128205
2018-10-08,987934.1345490697,2018-10-12,电力设备,2018,41,0.625
2018-10-15,-131172.77808884438,2018-10-19,电力设备,2018,42,0.5121951219512195
2018-10-22,52550.99911154134,2018-10-26,电力设备,2018,43,0.5476190476190477
2018-10-29,-557325.1409464492,2018-11-02,电力设备,2018,44,0.46511627906976744
2018-11-05,-1249038.56014716,2018-11-09,电力设备,2018,45,0.3181818181818182
2018-11-12,899749.1937095155,2018-11-16,电力设备,2018,46,0.6222222222222222
2018-11-19,1718657.7490538321,2018-11-23,电力设备,2018,47,0.7608695652173914
2018-11-26,-1503195.1535395584,2018-11-30,电力设备,2018,48,0.23404255319148937
2018-12-03,2575513.542493271,2018-12-07,电力设备,2018,49,0.8125
2018-12-10,-2388256.1712619197,2018-12-14,电力设备,2018,50,0.14285714285714285
2018-12-17,-1396211.623663013,2018-12-21,电力设备,2018,51,0.28
2018-12-24,-1177772.87989051,2018-12-28,电力设备,2018,52,0.35294117647058826
2018-12-31,3603482.527964576,2019-01-04,电力设备,2018,1,0.9230769230769231
2019-01-07,1687831.2390387852,2019-01-11,电力设备,2019,2,0.7358490566037735
2019-01-14,2481754.803702971,2019-01-18,电力设备,2019,3,0.7962962962962963
2019-01-21,1244740.6642220628,2019-01-25,电力设备,2019,4,0.6909090909090909
2019-01-28,-2738236.7835863754,2019-02-01,电力设备,2019,5,0.08928571428571429
2019-02-04,-637951.5286775335,2019-02-08,电力设备,2019,6,0.45614035087719296
2019-02-11,3665142.8077547206,2019-02-15,电力设备,2019,7,0.9310344827586207
2019-02-18,2238843.3359214016,2019-02-22,电力设备,2019,8,0.7627118644067796
2019-02-25,-1648339.3257272,2019-03-01,电力设备,2019,9,0.21666666666666667
2019-03-04,107361.41886231003,2019-03-08,电力设备,2019,10,0.5409836065573771
2019-03-11,783968.1282802983,2019-03-15,电力设备,2019,11,0.5645161290322581
2019-03-18,3940866.150375129,2019-03-22,电力设备,2019,12,0.9682539682539683
2019-03-25,-417910.77037882234,2019-03-29,电力设备,2019,13,0.453125
2019-04-01,2185100.4592781523,2019-04-05,电力设备,2019,14,0.7538461538461538
2019-04-08,2003933.8037578273,2019-04-12,电力设备,2019,15,0.7424242424242424
2019-04-15,-1185479.4511765894,2019-04-19,电力设备,2019,16,0.29850746268656714
2019-04-22,-2127598.0857515363,2019-04-26,电力设备,2019,17,0.1323529411764706
2019-04-29,2295545.3828760106,2019-05-03,电力设备,2019,18,0.782608695652174
2019-05-06,687818.0930967631,2019-05-10,电力设备,2019,19,0.5428571428571428
2019-05-13,1973113.208509252,2019-05-17,电力设备,2019,20,0.7323943661971831
2019-05-20,1181741.517281004,2019-05-24,电力设备,2019,21,0.6388888888888888
2019-05-27,3230567.596714121,2019-05-31,电力设备,2019,22,0.8767123287671232
2019-06-03,-463723.68383016286,2019-06-07,电力设备,2019,23,0.4189189189189189
2019-06-10,-2693770.3750726255,2019-06-14,电力设备,2019,24,0.08
2019-06-17,526017.3030425559,2019-06-21,电力设备,2019,25,0.5263157894736842
2019-06-24,-1834520.5329147596,2019-06-28,电力设备,2019,26,0.16883116883116883
2019-07-01,-3260806.5405465905,2019-07-05,电力设备,2019,27,0.0641025641025641
2019-07-08,-1094522.6483126634,2019-07-12,电力设备,2019,28,0.35443037974683544
2019-07-15,-1983618.9606643203,2019-07-19,电力设备,2019,29,0.15
2019-07-22,-797851.9771018926,2019-07-26,电力设备,2019,30,0.4074074074074074
2019-07-29,439235.3279167148,2019-08-02,电力设备,2019,31,0.5487804878048781
2019-08-05,-1970530.3158875415,2019-08-09,电力设备,2019,32,0.1566265060240964
2019-08-12,-3723634.7370176744,2019-08-16,电力设备,2019,33,0.047619047619047616
2019-08-19,2430315.2515668334,2019-08-23,电力设备,2019,34,0.8235294117647058
2019-08-26,-3117886.160117448,2019-08-30,电力设备,2019,35,0.08139534883720931
2019-09-02,758431.2742920843,2019-09-06,电力设备,2019,36,0.5862068965517241
2019-09-09,-740263.9064234906,2019-09-13,电力设备,2019,37,0.42045454545454547
2019-09-16,1280170.007246063,2019-09-20,电力设备,2019,38,0.7191011235955056
2019-09-23,3539560.3649102747,2019-09-27,电力设备,2019,39,0.9222222222222223
2019-09-30,-3805982.509102287,2019-10-04,电力设备,2019,40,0.04395604395604396
2019-10-07,242310.6101261638,2019-10-11,电力设备,2019,41,0.532608695652174
2019-10-14,1709041.5650253994,2019-10-18,电力设备,2019,42,0.7311827956989247
2019-10-21,-2233754.1600581603,2019-10-25,电力设备,2019,43,0.14893617021276595
2019-10-28,-2042928.1773029778,2019-11-01,电力设备,2019,44,0.16842105263157894
2019-11-04,-5491437.731606232,2019-11-08,电力设备,2019,45,0.0
2019-11-11,2538696.0039338283,2019-11-15,电力设备,2019,46,0.845360824742268
2019-11-18,-711080.915804589,2019-11-22,电力设备,2019,47,0.42857142857142855
2019-11-25,-472143.8843321012,2019-11-29,电力设备,2019,48,0.46464646464646464
2019-12-02,999906.974543159,2019-12-06,电力设备,2019,49,0.65
2019-12-09,5409624.682465417,2019-12-13,电力设备,2019,50,0.9900990099009901
2019-12-16,149626.29721306066,2019-12-20,电力设备,2019,51,0.5294117647058824
2019-12-23,1154021.2698392211,2019-12-27,电力设备,2019,52,0.6699029126213593
2019-12-30,-1601943.3995286701,2020-01-03,电力设备,2019,1,0.25
2020-01-06,3710224.004417208,2020-01-10,电力设备,2020,2,0.9423076923076923
2020-01-13,1485015.1673462822,2020-01-17,电力设备,2020,3,0.7115384615384616
2020-01-20,3879298.8591673207,2020-01-24,电力设备,2020,4,0.9519230769230769
2020-01-27,3957388.842007193,2020-01-31,电力设备,2020,5,0.9711538461538461
2020-02-03,-2918585.081292944,2020-02-07,电力设备,2020,6,0.07692307692307693
2020-02-10,-1006468.9044912476,2020-02-14,电力设备,2020,7,0.3557692307692308
2020-02-17,3483694.476685598,2020-02-21,电力设备,2020,8,0.8846153846153846
2020-02-24,-445978.2617281594,2020-02-28,电力设备,2020,9,0.4326923076923077
2020-03-02,3253874.385827143,2020-03-06,电力设备,2020,10,0.8557692307692307
2020-03-09,-1035827.8591169983,2020-03-13,电力设备,2020,11,0.33653846153846156
2020-03-16,-778133.6221441207,2020-03-20,电力设备,2020,12,0.375
2020-03-23,-5226011.588742823,2020-03-27,电力设备,2020,13,0.009615384615384616
2020-03-30,-519541.363301093,2020-04-03,电力设备,2020,14,0.4423076923076923
2020-04-06,2760917.4191024126,2020-04-10,电力设备,2020,15,0.8269230769230769
2020-04-13,-1880187.0463101282,2020-04-17,电力设备,2020,16,0.19230769230769232
2020-04-20,452758.88859549304,2020-04-24,电力设备,2020,17,0.5384615384615384
2020-04-27,2308874.753969147,2020-05-01,电力设备,2020,18,0.7788461538461539
2020-05-04,-1891892.0864915927,2020-05-08,电力设备,2020,19,0.18269230769230768
2020-05-11,336004.96452457283,2020-05-15,电力设备,2020,20,0.5192307692307693
2020-05-18,-974780.283853253,2020-05-22,电力设备,2020,21,0.3557692307692308
2020-05-25,-401320.82844227087,2020-05-29,电力设备,2020,22,0.4807692307692308
2020-06-01,-571952.2170627795,2020-06-05,电力设备,2020,23,0.4230769230769231
2020-06-08,-1143915.1630673795,2020-06-12,电力设备,2020,24,0.3173076923076923
2020-06-15,-463858.18901488977,2020-06-19,电力设备,2020,25,0.46153846153846156
2020-06-22,426370.9003044227,2020-06-26,电力设备,2020,26,0.5673076923076923
2020-06-29,-742207.7935585624,2020-07-03,电力设备,2020,27,0.375
2020-07-06,81521.60096719526,2020-07-10,电力设备,2020,28,0.5288461538461539
2020-07-13,1865955.3872485105,2020-07-17,电力设备,2020,29,0.7596153846153846
2020-07-20,-1038843.748990142,2020-07-24,电力设备,2020,30,0.3269230769230769
2020-07-27,3106357.153406647,2020-07-31,电力设备,2020,31,0.8942307692307693
2020-08-03,56950.65543584293,2020-08-07,电力设备,2020,32,0.5192307692307693
2020-08-10,2226333.839351833,2020-08-14,电力设备,2020,33,0.7884615384615384
2020-08-17,1299522.6602688122,2020-08-21,电力设备,2020,34,0.6923076923076923
2020-08-24,3328131.8403374115,2020-08-28,电力设备,2020,35,0.9134615384615384
2020-08-31,3245707.9732004143,2020-09-04,电力设备,2020,36,0.8942307692307693
2020-09-07,-2482832.362879228,2020-09-11,电力设备,2020,37,0.09615384615384616
2020-09-14,-1397417.69639727,2020-09-18,电力设备,2020,38,0.23076923076923078
2020-09-21,-2651661.2250615302,2020-09-25,电力设备,2020,39,0.09615384615384616
2020-09-28,-2042286.5083825148,2020-10-02,电力设备,2020,40,0.14423076923076922
2020-10-05,-567309.4952542554,2020-10-09,电力设备,2020,41,0.40384615384615385
2020-10-12,3620075.359990705,2020-10-16,电力设备,2020,42,0.9423076923076923
2020-10-19,2065720.174625479,2020-10-23,电力设备,2020,43,0.7596153846153846
2020-10-26,4028117.865184281,2020-10-30,电力设备,2020,44,0.9903846153846154
2020-11-02,-1145470.0085662873,2020-11-06,电力设备,2020,45,0.27884615384615385
2020-11-09,-5133485.971432131,2020-11-13,电力设备,2020,46,0.019230769230769232
2020-11-16,760048.8650091527,2020-11-20,电力设备,2020,47,0.6057692307692307
2020-11-23,2717906.6291809473,2020-11-27,电力设备,2020,48,0.8365384615384616
2020-11-30,-2203405.315551289,2020-12-04,电力设备,2020,49,0.1346153846153846
2020-12-07,1782801.2270748792,2020-12-11,电力设备,2020,50,0.7115384615384616
2020-12-14,1165878.2110246357,2020-12-18,电力设备,2020,51,0.6346153846153846
2020-12-21,-2624048.773724716,2020-12-25,电力设备,2020,52,0.10576923076923077
2020-12-28,-1925973.1582456976,2021-01-01,电力设备,2020,53,0.19230769230769232
2021-01-04,-2484809.3746496486,2021-01-08,电力设备,2021,1,0.11538461538461539
2021-01-11,1599810.0492309285,2021-01-15,电力设备,2021,2,0.7019230769230769
2021-01-18,5477830.828703145,2021-01-22,电力设备,2021,3,1.0
2021-01-25,3578700.331968122,2021-01-29,电力设备,2021,4,0.9134615384615384
2021-02-01,-1269830.0843719146,2021-02-05,电力设备,2021,5,0.25961538461538464
2021-02-08,-3798233.871967109,2021-02-12,电力设备,2021,6,0.038461538461538464
2021-02-15,-2841180.965815765,2021-02-19,电力设备,2021,7,0.08653846153846154
2021-02-22,1609448.9318998258,2021-02-26,电力设备,2021,8,0.7115384615384616
2021-03-01,-284557.2788826036,2021-03-05,电力设备,2021,9,0.49038461538461536
2021-03-08,-5813303.429599941,2021-03-12,电力设备,2021,10,0.0
2021-03-15,-677857.9412137492,2021-03-19,电力设备,2021,11,0.41346153846153844
2021-03-22,5099437.631995993,2021-03-26,电力设备,2021,12,0.9807692307692307
2021-03-29,-2228224.9684820715,2021-04-02,电力设备,2021,13,0.16346153846153846
2021-04-05,-2422043.463373028,2021-04-09,电力设备,2021,14,0.15384615384615385
2021-04-12,-3401271.500578869,2021-04-16,电力设备,2021,15,0.0673076923076923
2021-04-19,950703.1232842739,2021-04-23,电力设备,2021,16,0.6442307692307693
2021-04-26,-783521.0992384157,2021-04-30,电力设备,2021,17,0.38461538461538464
2021-05-03,-2321026.4553845297,2021-05-07,电力设备,2021,18,0.17307692307692307
2021-05-10,1514715.3350878758,2021-05-14,电力设备,2021,19,0.7211538461538461
2021-05-17,-2112073.129928155,2021-05-21,电力设备,2021,20,0.21153846153846154
2021-05-24,-1960725.4724825516,2021-05-28,电力设备,2021,21,0.25961538461538464
2021-05-31,-1613705.942104294,2021-06-04,电力设备,2021,22,0.3076923076923077
2021-06-07,4269341.348254412,2021-06-11,电力设备,2021,23,0.9711538461538461
2021-06-14,-462380.1274771258,2021-06-18,电力设备,2021,24,0.5192307692307693
2021-06-21,-316056.0592473049,2021-06-25,电力设备,2021,25,0.5480769230769231
2021-06-28,-1174700.184449369,2021-07-02,电力设备,2021,26,0.3269230769230769
2021-07-05,-1010285.1992817321,2021-07-09,电力设备,2021,27,0.375
2021-07-12,-512505.96126797004,2021-07-16,电力设备,2021,28,0.49038461538461536
2021-07-19,-805411.0618256861,2021-07-23,电力设备,2021,29,0.38461538461538464
2021-07-26,1584633.3664956961,2021-07-30,电力设备,2021,30,0.7307692307692307
2021-08-02,539536.7963911495,2021-08-06,电力设备,2021,31,0.625
2021-08-09,-2820804.171069349,2021-08-13,电力设备,2021,32,0.10576923076923077
2021-08-16,1212077.258878583,2021-08-20,电力设备,2021,33,0.6826923076923077
2021-08-23,-1379375.4066615663,2021-08-27,电力设备,2021,34,0.28846153846153844
2021-08-30,1960526.240079039,2021-09-03,电力设备,2021,35,0.7884615384615384
2021-09-06,-184900.7218702447,2021-09-10,电力设备,2021,36,0.5480769230769231
2021-09-13,-1144024.7910226353,2021-09-17,电力设备,2021,37,0.3173076923076923
2021-09-20,2064344.489392193,2021-09-24,电力设备,2021,38,0.7884615384615384
2021-09-27,-83594.91839759494,2021-10-01,电力设备,2021,39,0.5576923076923077
2021-10-04,1272742.630052607,2021-10-08,电力设备,2021,40,0.6923076923076923
2021-10-11,576224.7434444813,2021-10-15,电力设备,2021,41,0.625
2021-10-18,-4211188.456236084,2021-10-22,电力设备,2021,42,0.038461538461538464
2021-10-25,3442513.107573914,2021-10-29,电力设备,2021,43,0.8942307692307693
2021-11-01,335830.0260625654,2021-11-05,电力设备,2021,44,0.5769230769230769
2021-11-08,-1849410.1350024613,2021-11-12,电力设备,2021,45,0.22115384615384615
2021-11-15,-3297428.858893378,2021-11-19,电力设备,2021,46,0.057692307692307696
2021-11-22,1346618.6637881645,2021-11-26,电力设备,2021,47,0.7115384615384616
2021-11-29,1494869.8766192817,2021-12-03,电力设备,2021,48,0.7211538461538461
2021-12-06,2454335.5575769884,2021-12-10,电力设备,2021,49,0.8269230769230769
2021-12-13,-3431571.9672383238,2021-12-17,电力设备,2021,50,0.04807692307692308
2021-12-20,68062.76064374234,2021-12-24,电力设备,2021,51,0.5576923076923077
2021-12-27,-1499741.3275445977,2021-12-31,电力设备,2021,52,0.2692307692307692
2022-01-03,29351.488198993437,2022-01-07,电力设备,2022,1,0.5480769230769231
2022-01-10,-815124.7357984844,2022-01-14,电力设备,2022,2,0.38461538461538464
2022-01-17,-1796813.8223726403,2022-01-21,电力设备,2022,3,0.25
2022-01-24,-2140784.2059191708,2022-01-28,电力设备,2022,4,0.18269230769230768
2022-01-31,-353272.5458894414,2022-02-04,电力设备,2022,5,0.5384615384615384
2022-02-07,-2034878.775983797,2022-02-11,电力设备,2022,6,0.20192307692307693
2022-02-14,1308853.2781837329,2022-02-18,电力设备,2022,7,0.7307692307692307
2022-02-21,-1268668.027130757,2022-02-25,电力设备,2022,8,0.3173076923076923
2022-02-28,1604164.011169847,2022-03-04,电力设备,2022,9,0.7884615384615384
2022-03-07,-1720351.5087779202,2022-03-11,电力设备,2022,10,0.2692307692307692
2022-03-14,-500174.6464659019,2022-03-18,电力设备,2022,11,0.5
2022-03-21,-176145.3607112773,2022-03-25,电力设备,2022,12,0.5673076923076923
2022-03-28,-1643573.1765673244,2022-04-01,电力设备,2022,13,0.2692307692307692
2022-04-04,1833261.558984942,2022-04-08,电力设备,2022,14,0.8173076923076923
2022-04-11,552264.2958849963,2022-04-15,电力设备,2022,15,0.6634615384615384
2022-04-18,2163680.452478347,2022-04-22,电力设备,2022,16,0.8653846153846154
2022-04-25,-3572396.572761231,2022-04-29,电力设备,2022,17,0.038461538461538464
2022-05-02,-5635200.134369977,2022-05-06,电力设备,2022,18,0.009615384615384616
2022-05-09,-2654841.7681239475,2022-05-13,电力设备,2022,19,0.10576923076923077
2022-05-16,-58515.899402925046,2022-05-20,电力设备,2022,20,0.5865384615384616
2022-05-23,-2080552.9296944726,2022-05-27,电力设备,2022,21,0.21153846153846154
2022-05-30,1558899.7378076706,2022-06-03,电力设备,2022,22,0.7692307692307693
2022-06-06,-2501264.8426438905,2022-06-10,电力设备,2022,23,0.1346153846153846
2022-06-13,3436192.5576583967,2022-06-17,电力设备,2022,24,0.9326923076923077
2022-06-20,-64203.48414145848,2022-06-24,电力设备,2022,25,0.5576923076923077
2022-06-27,452402.23314333154,2022-07-01,电力设备,2022,26,0.625
2022-07-04,672280.383148521,2022-07-08,电力设备,2022,27,0.6538461538461539
2022-07-11,-830616.7868000553,2022-07-15,电力设备,2022,28,0.41346153846153844
2022-07-18,-1117074.9015432643,2022-07-22,电力设备,2022,29,0.3942307692307692
2022-07-25,-640470.2742833073,2022-07-29,电力设备,2022,30,0.46153846153846156
2022-08-01,-2291566.8855681806,2022-08-05,电力设备,2022,31,0.18269230769230768
2022-08-08,175530.1439148559,2022-08-12,电力设备,2022,32,0.6153846153846154
2022-08-15,-2397255.3143883045,2022-08-19,电力设备,2022,33,0.17307692307692307
2022-08-22,1377588.0913453111,2022-08-26,电力设备,2022,34,0.7596153846153846
2022-08-29,-2193895.426933338,2022-09-02,电力设备,2022,35,0.22115384615384615
2022-09-05,-2227597.2971402733,2022-09-09,电力设备,2022,36,0.21153846153846154
2022-09-12,-651829.3551653539,2022-09-16,电力设备,2022,37,0.49038461538461536
2022-09-19,-470939.6833558826,2022-09-23,电力设备,2022,38,0.5288461538461539
2022-09-26,1891536.891012085,2022-09-30,电力设备,2022,39,0.8653846153846154
2022-10-03,-1293374.343370651,2022-10-07,电力设备,2022,40,0.34615384615384615
2022-10-10,582237.745557369,2022-10-14,电力设备,2022,41,0.6826923076923077
2022-10-17,-279669.5102185939,2022-10-21,电力设备,2022,42,0.5576923076923077
2022-10-24,2459095.920367627,2022-10-28,电力设备,2022,43,0.9230769230769231
2022-10-31,-631565.9473717753,2022-11-04,电力设备,2022,44,0.49038461538461536
2022-11-07,-2465898.546543273,2022-11-11,电力设备,2022,45,0.14423076923076922
2022-11-14,-2043835.1673516224,2022-11-18,电力设备,2022,46,0.25
2022-11-21,136338.88094258227,2022-11-25,电力设备,2022,47,0.6442307692307693
2022-11-28,672367.2841949674,2022-12-02,电力设备,2022,48,0.7307692307692307
2022-12-05,1626739.1179096242,2022-12-09,电力设备,2022,49,0.8653846153846154
2022-12-12,-886494.0618101308,2022-12-16,电力设备,2022,50,0.41346153846153844
2022-12-19,-258746.62938114157,2022-12-23,电力设备,2022,51,0.5769230769230769
2022-12-26,-537580.627024328,2022-12-30,电力设备,2022,52,0.49038461538461536
2023-01-02,-586829.832074259,2023-01-06,电力设备,2023,1,0.4807692307692308
2023-01-09,3186393.619038947,2023-01-13,电力设备,2023,2,0.9423076923076923
2023-01-16,1110293.8084256626,2023-01-20,电力设备,2023,3,0.75
2023-01-23,-3231417.120275283,2023-01-27,电力设备,2023,4,0.07692307692307693
2023-01-30,1699849.29553925,2023-02-03,电力设备,2023,5,0.8846153846153846
2023-02-06,-3039861.6960756085,2023-02-10,电力设备,2023,6,0.08653846153846154
2023-02-13,-856649.5202293484,2023-02-17,电力设备,2023,7,0.3942307692307692
2023-02-20,-2035198.2475261576,2023-02-24,电力设备,2023,8,0.23076923076923078
2023-02-27,3384348.3339362596,2023-03-03,电力设备,2023,9,0.9615384615384616
2023-03-06,3050112.413512091,2023-03-10,电力设备,2023,10,0.9423076923076923
2023-03-13,-662422.3857753791,2023-03-17,电力设备,2023,11,0.4423076923076923
2023-03-20,854360.52469886,2023-03-24,电力设备,2023,12,0.7307692307692307
2023-03-27,1905466.93519392,2023-03-31,电力设备,2023,13,0.8942307692307693
2023-04-03,-1215977.3158874698,2023-04-07,电力设备,2023,14,0.3269230769230769
2023-04-10,545765.998492036,2023-04-14,电力设备,2023,15,0.6730769230769231
2023-04-17,-1865061.4924284073,2023-04-21,电力设备,2023,16,0.22115384615384615
2023-04-24,2036010.3205467374,2023-04-28,电力设备,2023,17,0.9038461538461539
2023-05-01,395885.4753685065,2023-05-05,电力设备,2023,18,0.6442307692307693
2023-05-08,135434.93518593535,2023-05-12,电力设备,2023,19,0.6057692307692307
2023-05-15,608240.108248093,2023-05-19,电力设备,2023,20,0.7115384615384616
2023-05-22,-828630.3656898354,2023-05-26,电力设备,2023,21,0.375
2023-05-29,1026338.7410335931,2023-06-02,电力设备,2023,22,0.7403846153846154
2023-06-05,1627038.9013013542,2023-06-09,电力设备,2023,23,0.8461538461538461
2023-06-12,-771831.2739977599,2023-06-16,电力设备,2023,24,0.38461538461538464
2023-06-19,-1998470.7719211038,2023-06-23,电力设备,2023,25,0.19230769230769232
2023-06-26,-2006583.4392463914,2023-06-30,电力设备,2023,26,0.19230769230769232
2023-07-03,-76697.59738736914,2023-07-07,电力设备,2023,27,0.5480769230769231
2023-07-10,2561699.7766013513,2023-07-14,电力设备,2023,28,0.9519230769230769
2023-07-17,2461788.347707668,2023-07-21,电力设备,2023,29,0.9423076923076923
2023-07-24,2411226.0995453065,2023-07-28,电力设备,2023,30,0.9134615384615384
2023-07-31,-2044493.3442346985,2023-08-04,电力设备,2023,31,0.16346153846153846
2023-08-07,-469415.8906473615,2023-08-11,电力设备,2023,32,0.47115384615384615
2023-08-14,1442737.217875538,2023-08-18,电力设备,2023,33,0.7788461538461539
2023-08-21,-400218.8688639552,2023-08-25,电力设备,2023,34,0.47115384615384615
2023-08-28,3075570.360976289,2023-09-01,电力设备,2023,35,0.9615384615384616
2023-09-04,-822423.3830465097,2023-09-08,电力设备,2023,36,0.3557692307692308
2023-09-11,-3444780.0523374984,2023-09-15,电力设备,2023,37,0.028846153846153848
2023-09-18,-2360407.721145478,2023-09-22,电力设备,2023,38,0.11538461538461539
2023-09-25,-369868.3494031865,2023-09-29,电力设备,2023,39,0.49038461538461536
2023-10-02,-1923755.7329780052,2023-10-06,电力设备,2023,40,0.23076923076923078
2023-10-09,218625.2717905818,2023-10-13,电力设备,2023,41,0.625
2023-10-16,197951.08803673973,2023-10-20,电力设备,2023,42,0.625
2023-10-23,2709.1778402362834,2023-10-27,电力设备,2023,43,0.5673076923076923
2023-10-30,-3252564.586934207,2023-11-03,电力设备,2023,44,0.04807692307692308
2023-11-06,780457.4154232556,2023-11-10,电力设备,2023,45,0.7307692307692307
2023-11-13,-594264.0214520977,2023-11-17,电力设备,2023,46,0.4326923076923077
2023-11-20,-2587422.367627592,2023-11-24,电力设备,2023,47,0.07692307692307693
2023-11-27,2591045.1504628914,2023-12-01,电力设备,2023,48,0.9519230769230769
2023-12-04,5315546.854257037,2023-12-08,电力设备,2023,49,1.0
2023-12-11,-3691507.9036900774,2023-12-15,电力设备,2023,50,0.009615384615384616
2023-12-18,1949096.1020516835,2023-12-22,电力设备,2023,51,0.875
2023-12-25,1655540.0254771663,2023-12-29,电力设备,2023,52,0.8269230769230769
2024-01-01,-2082963.8331946048,2024-01-05,电力设备,2024,1,0.16346153846153846
2024-01-08,1657105.769591129,2024-01-12,电力设备,2024,2,0.8269230769230769
2024-01-15,-967652.6883571321,2024-01-19,电力设备,2024,3,0.3269230769230769
2024-01-22,1659148.6258276901,2024-01-26,电力设备,2024,4,0.8269230769230769
2024-01-29,-2084216.3078821944,2024-02-02,电力设备,2024,5,0.15384615384615385
2024-02-05,3580969.1130224313,2024-02-09,电力设备,2024,6,0.9903846153846154
2024-02-12,-2584835.0291139646,2024-02-16,电力设备,2024,7,0.08653846153846154
2024-02-19,-1840336.7145016594,2024-02-23,电力设备,2024,8,0.25961538461538464
2024-02-26,859679.8861580247,2024-03-01,电力设备,2024,9,0.7115384615384616
2024-03-04,2531546.3120069215,2024-03-08,电力设备,2024,10,0.9134615384615384
2024-03-11,-5069722.901385963,2024-03-15,电力设备,2024,11,0.009615384615384616
2024-03-18,-578116.4532747916,2024-03-22,电力设备,2024,12,0.4423076923076923
2024-03-25,-147213.04068159556,2024-03-29,电力设备,2024,13,0.5192307692307693
2024-04-01,1805263.1171312807,2024-04-05,电力设备,2024,14,0.8173076923076923
2024-04-08,-890957.15409426,2024-04-12,电力设备,2024,15,0.3173076923076923
2024-04-15,-1393941.8190840953,2024-04-19,电力设备,2024,16,0.27884615384615385
2024-04-22,2672998.275824625,2024-04-26,电力设备,2024,17,0.9326923076923077
2024-04-29,3692543.066086102,2024-05-03,电力设备,2024,18,0.9903846153846154
2024-05-06,-988587.9888470151,2024-05-10,电力设备,2024,19,0.2980769230769231
2024-05-13,3500114.26890158,2024-05-17,电力设备,2024,20,0.9711538461538461
2024-05-20,-478383.00341476325,2024-05-24,电力设备,2024,21,0.4519230769230769
2024-05-27,-380083.7857546164,2024-05-31,电力设备,2024,22,0.4807692307692308
2024-06-03,-419715.7034272817,2024-06-07,电力设备,2024,23,0.47115384615384615
2024-06-10,-340177.95715295046,2024-06-14,电力设备,2024,24,0.5
2024-06-17,2125289.868558659,2024-06-21,电力设备,2024,25,0.8557692307692307
2024-06-24,3176463.8625303004,2024-06-28,电力设备,2024,26,0.9423076923076923
2024-07-01,3593104.2873520283,2024-07-05,电力设备,2024,27,0.9807692307692307
2024-07-08,1115515.8624028885,2024-07-12,电力设备,2024,28,0.7019230769230769
2024-07-15,2243380.670868854,2024-07-19,电力设备,2024,29,0.8365384615384616
2024-07-22,-2354280.06859594,2024-07-26,电力设备,2024,30,0.10576923076923077
2024-07-29,-68265.68149384414,2024-07-31,电力设备,2024,31,0.5288461538461539
2018-01-01,-2106714.3533603298,2018-01-05,电子,2018,1,
2018-01-08,715985.9492613502,2018-01-12,电子,2018,2,1.0
2018-01-15,3315353.104023479,2018-01-19,电子,2018,3,1.0
2018-01-22,-923162.1781845168,2018-01-26,电子,2018,4,0.3333333333333333
2018-01-29,2124338.629305466,2018-02-02,电子,2018,5,0.75
2018-02-05,296515.6305765306,2018-02-09,电子,2018,6,0.4
2018-02-12,3562923.7960385373,2018-02-16,电子,2018,7,1.0
2018-02-19,706765.1674879438,2018-02-23,电子,2018,8,0.42857142857142855
2018-02-26,3475012.006509731,2018-03-02,电子,2018,9,0.875
2018-03-05,-790143.6958528096,2018-03-09,电子,2018,10,0.2222222222222222
2018-03-12,1646515.1830320295,2018-03-16,电子,2018,11,0.6
2018-03-19,1469750.79025626,2018-03-23,电子,2018,12,0.5454545454545454
2018-03-26,-2907359.5387830264,2018-03-30,电子,2018,13,0.0
2018-04-02,-1043078.7348603223,2018-04-06,电子,2018,14,0.15384615384615385
2018-04-09,1506531.978662421,2018-04-13,电子,2018,15,0.6428571428571429
2018-04-16,1468743.7027277693,2018-04-20,电子,2018,16,0.5333333333333333
2018-04-23,-2556504.2817427414,2018-04-27,电子,2018,17,0.0625
2018-04-30,-1438251.410016194,2018-05-04,电子,2018,18,0.17647058823529413
2018-05-07,103077.79133607529,2018-05-11,电子,2018,19,0.3888888888888889
2018-05-14,-2831120.8276211196,2018-05-18,电子,2018,20,0.05263157894736842
2018-05-21,-1451027.456441056,2018-05-25,电子,2018,21,0.2
2018-05-28,901723.0836867417,2018-06-01,电子,2018,22,0.6190476190476191
2018-06-04,-1591150.2054986604,2018-06-08,电子,2018,23,0.18181818181818182
2018-06-11,-4526711.799666921,2018-06-15,电子,2018,24,0.0
2018-06-18,-615293.8598569201,2018-06-22,电子,2018,25,0.4583333333333333
2018-06-25,-560755.8700548704,2018-06-29,电子,2018,26,0.48
2018-07-02,-572848.7217091502,2018-07-06,电子,2018,27,0.46153846153846156
2018-07-09,-3089389.621222019,2018-07-13,电子,2018,28,0.037037037037037035
2018-07-16,-2519025.268995529,2018-07-20,电子,2018,29,0.17857142857142858
2018-07-23,2922746.355777633,2018-07-27,电子,2018,30,0.896551724137931
2018-07-30,-2370781.7142736195,2018-08-03,电子,2018,31,0.2
2018-08-06,-209291.36712937563,2018-08-10,电子,2018,32,0.5483870967741935
2018-08-13,1810438.2908233888,2018-08-17,电子,2018,33,0.84375
2018-08-20,-1233028.534166729,2018-08-24,电子,2018,34,0.3333333333333333
2018-08-27,1967234.2619195334,2018-08-31,电子,2018,35,0.8529411764705882
2018-09-03,2608791.8145643463,2018-09-07,电子,2018,36,0.8857142857142857
2018-09-10,-609097.3695848829,2018-09-14,电子,2018,37,0.4444444444444444
2018-09-17,1815254.9678131633,2018-09-21,电子,2018,38,0.8108108108108109
2018-09-24,-1252102.1731584864,2018-09-28,电子,2018,39,0.2894736842105263
2018-10-01,215770.11501128075,2018-10-05,电子,2018,40,0.5641025641025641
2018-10-08,1193131.4362969943,2018-10-12,电子,2018,41,0.675
2018-10-15,3879210.1360487426,2018-10-19,电子,2018,42,1.0
2018-10-22,246691.62230034557,2018-10-26,电子,2018,43,0.5476190476190477
2018-10-29,-2657425.9284986784,2018-11-02,电子,2018,44,0.09302325581395349
2018-11-05,-419939.7997966616,2018-11-09,电子,2018,45,0.4772727272727273
2018-11-12,-3608940.675434975,2018-11-16,电子,2018,46,0.022222222222222223
2018-11-19,1675531.8824063442,2018-11-23,电子,2018,47,0.782608695652174
2018-11-26,-1670490.6005639804,2018-11-30,电子,2018,48,0.2127659574468085
2018-12-03,-1052443.123384981,2018-12-07,电子,2018,49,0.3333333333333333
2018-12-10,-127454.37028443714,2018-12-14,电子,2018,50,0.5306122448979592
2018-12-17,-2207869.72546018,2018-12-21,电子,2018,51,0.18
2018-12-24,1620952.9150494235,2018-12-28,电子,2018,52,0.7647058823529411
2018-12-31,-1806805.4565765127,2019-01-04,电子,2018,1,0.21153846153846154
2019-01-07,-1571551.5672169095,2019-01-11,电子,2019,2,0.2641509433962264
2019-01-14,1434156.275835056,2019-01-18,电子,2019,3,0.7037037037037037
2019-01-21,-1232074.167308177,2019-01-25,电子,2019,4,0.34545454545454546
2019-01-28,1492736.2361028446,2019-02-01,电子,2019,5,0.75
2019-02-04,-1462411.9749948974,2019-02-08,电子,2019,6,0.2631578947368421
2019-02-11,-2373816.4395946767,2019-02-15,电子,2019,7,0.13793103448275862
2019-02-18,-827595.7529180587,2019-02-22,电子,2019,8,0.423728813559322
2019-02-25,1873266.6408553119,2019-03-01,电子,2019,9,0.8666666666666667
2019-03-04,-3442576.643682789,2019-03-08,电子,2019,10,0.03278688524590164
2019-03-11,3900033.1379336943,2019-03-15,电子,2019,11,1.0
2019-03-18,1307417.1605359388,2019-03-22,电子,2019,12,0.6825396825396826
2019-03-25,-1653701.1049422545,2019-03-29,电子,2019,13,0.234375
2019-04-01,3807419.9595238846,2019-04-05,电子,2019,14,0.9692307692307692
2019-04-08,1185847.0322238603,2019-04-12,电子,2019,15,0.6515151515151515
2019-04-15,1991908.576211289,2019-04-19,电子,2019,16,0.8656716417910447
2019-04-22,-812895.1596231374,2019-04-26,电子,2019,17,0.4117647058823529
2019-04-29,1194188.3639644915,2019-05-03,电子,2019,18,0.6666666666666666
2019-05-06,4384168.873604618,2019-05-10,电子,2019,19,1.0
2019-05-13,1569993.046027933,2019-05-17,电子,2019,20,0.7464788732394366
2019-05-20,3060453.825001726,2019-05-24,电子,2019,21,0.9027777777777778
2019-05-27,1415450.7111821105,2019-05-31,电子,2019,22,0.6575342465753424
2019-06-03,-366177.9568712298,2019-06-07,电子,2019,23,0.47297297297297297
2019-06-10,1379735.0934406286,2019-06-14,电子,2019,24,0.6533333333333333
2019-06-17,804015.987184959,2019-06-21,电子,2019,25,0.5789473684210527
2019-06-24,2979797.1251445427,2019-06-28,电子,2019,26,0.8961038961038961
2019-07-01,-696587.2951357255,2019-07-05,电子,2019,27,0.38461538461538464
2019-07-08,-1092344.1198047001,2019-07-12,电子,2019,28,0.3037974683544304
2019-07-15,3591566.6768989135,2019-07-19,电子,2019,29,0.95
2019-07-22,-1970560.9541968894,2019-07-26,电子,2019,30,0.16049382716049382
2019-07-29,1413443.9788489672,2019-08-02,电子,2019,31,0.6585365853658537
2019-08-05,833170.169696085,2019-08-09,电子,2019,32,0.5783132530120482
2019-08-12,1758387.098052295,2019-08-16,电子,2019,33,0.7857142857142857
2019-08-19,-942839.0758884703,2019-08-23,电子,2019,34,0.32941176470588235
2019-08-26,-811022.9496528018,2019-08-30,电子,2019,35,0.37209302325581395
2019-09-02,-1100176.3672909415,2019-09-06,电子,2019,36,0.28735632183908044
2019-09-09,6580504.943209215,2019-09-13,电子,2019,37,1.0
2019-09-16,393777.6280291837,2019-09-20,电子,2019,38,0.5393258426966292
2019-09-23,493761.8572222279,2019-09-27,电子,2019,39,0.5444444444444444
2019-09-30,-1665522.929084128,2019-10-04,电子,2019,40,0.17582417582417584
2019-10-07,-5353281.204717585,2019-10-11,电子,2019,41,0.0
2019-10-14,-373966.2131983767,2019-10-18,电子,2019,42,0.46236559139784944
2019-10-21,2712446.1772992564,2019-10-25,电子,2019,43,0.8723404255319149
2019-10-28,-2531740.374262432,2019-11-01,电子,2019,44,0.09473684210526316
2019-11-04,-728013.3384300221,2019-11-08,电子,2019,45,0.3958333333333333
2019-11-11,-1535082.2797647326,2019-11-15,电子,2019,46,0.2268041237113402
2019-11-18,-967088.3538881408,2019-11-22,电子,2019,47,0.336734693877551
2019-11-25,-4537186.412075016,2019-11-29,电子,2019,48,0.010101010101010102
2019-12-02,2706374.126126442,2019-12-06,电子,2019,49,0.87
2019-12-09,-3112580.725448849,2019-12-13,电子,2019,50,0.04950495049504951
2019-12-16,-956038.4828006963,2019-12-20,电子,2019,51,0.35294117647058826
2019-12-23,-1752247.9053891,2019-12-27,电子,2019,52,0.18446601941747573
2019-12-30,1351663.3377557117,2020-01-03,电子,2019,1,0.6730769230769231
2020-01-06,375762.80299810285,2020-01-10,电子,2020,2,0.5576923076923077
2020-01-13,670789.4936476464,2020-01-17,电子,2020,3,0.5865384615384616
2020-01-20,1099348.6193051059,2020-01-24,电子,2020,4,0.6346153846153846
2020-01-27,323365.6782905188,2020-01-31,电子,2020,5,0.5480769230769231
2020-02-03,-781085.3368986404,2020-02-07,电子,2020,6,0.40384615384615385
2020-02-10,676507.2557180827,2020-02-14,电子,2020,7,0.5961538461538461
2020-02-17,2041972.1348050062,2020-02-21,电子,2020,8,0.875
2020-02-24,-3173137.421952004,2020-02-28,电子,2020,9,0.04807692307692308
2020-03-02,3907188.3845826997,2020-03-06,电子,2020,10,0.9807692307692307
2020-03-09,-148701.78519571671,2020-03-13,电子,2020,11,0.5096153846153846
2020-03-16,-1635980.5195174993,2020-03-20,电子,2020,12,0.22115384615384615
2020-03-23,4052631.349618652,2020-03-27,电子,2020,13,0.9807692307692307
2020-03-30,323621.3546146158,2020-04-03,电子,2020,14,0.5673076923076923
2020-04-06,3040526.3951437473,2020-04-10,电子,2020,15,0.9134615384615384
2020-04-13,2022329.2676641871,2020-04-17,电子,2020,16,0.8461538461538461
2020-04-20,2350353.67918277,2020-04-24,电子,2020,17,0.8557692307692307
2020-04-27,-3004526.7258913363,2020-05-01,电子,2020,18,0.07692307692307693
2020-05-04,289808.4238572169,2020-05-08,电子,2020,19,0.5384615384615384
2020-05-11,61478.678467238904,2020-05-15,电子,2020,20,0.5096153846153846
2020-05-18,1469116.6101221072,2020-05-22,电子,2020,21,0.7307692307692307
2020-05-25,1264900.4937039623,2020-05-29,电子,2020,22,0.6634615384615384
2020-06-01,2189692.568506672,2020-06-05,电子,2020,23,0.8461538461538461
2020-06-08,1731506.513711331,2020-06-12,电子,2020,24,0.7596153846153846
2020-06-15,-3987133.383933269,2020-06-19,电子,2020,25,0.019230769230769232
2020-06-22,5231572.945885308,2020-06-26,电子,2020,26,0.9903846153846154
2020-06-29,2389885.4268954266,2020-07-03,电子,2020,27,0.8461538461538461
2020-07-06,-2453199.3200022806,2020-07-10,电子,2020,28,0.11538461538461539
2020-07-13,2198358.561268603,2020-07-17,电子,2020,29,0.8269230769230769
2020-07-20,-149653.28542428743,2020-07-24,电子,2020,30,0.4230769230769231
2020-07-27,1747657.623963873,2020-07-31,电子,2020,31,0.7403846153846154
2020-08-03,-1246216.7080475963,2020-08-07,电子,2020,32,0.23076923076923078
2020-08-10,-1871029.255623789,2020-08-14,电子,2020,33,0.1346153846153846
2020-08-17,-2000513.7596362378,2020-08-21,电子,2020,34,0.125
2020-08-24,133737.95212715142,2020-08-28,电子,2020,35,0.46153846153846156
2020-08-31,-1220387.5527713476,2020-09-04,电子,2020,36,0.2692307692307692
2020-09-07,2421518.4312148457,2020-09-11,电子,2020,37,0.8653846153846154
2020-09-14,1754756.8919734259,2020-09-18,电子,2020,38,0.7596153846153846
2020-09-21,-520504.9789135929,2020-09-25,电子,2020,39,0.3942307692307692
2020-09-28,3960605.1929336404,2020-10-02,电子,2020,40,0.9615384615384616
2020-10-05,-2704697.505047186,2020-10-09,电子,2020,41,0.07692307692307693
2020-10-12,1491981.5824019872,2020-10-16,电子,2020,42,0.6923076923076923
2020-10-19,-2852519.0757503947,2020-10-23,电子,2020,43,0.07692307692307693
2020-10-26,-1446519.2723232307,2020-10-30,电子,2020,44,0.25961538461538464
2020-11-02,-1146077.0726725268,2020-11-06,电子,2020,45,0.28846153846153844
2020-11-09,3043346.2044847417,2020-11-13,电子,2020,46,0.9038461538461539
2020-11-16,-2717194.807971976,2020-11-20,电子,2020,47,0.07692307692307693
2020-11-23,52898.4093548322,2020-11-27,电子,2020,48,0.47115384615384615
2020-11-30,-2219323.909292952,2020-12-04,电子,2020,49,0.125
2020-12-07,4083926.161683476,2020-12-11,电子,2020,50,0.9711538461538461
2020-12-14,-512378.9826031099,2020-12-18,电子,2020,51,0.41346153846153844
2020-12-21,-2443967.3865380185,2020-12-25,电子,2020,52,0.11538461538461539
2020-12-28,-2379832.694816372,2021-01-01,电子,2020,53,0.125
2021-01-04,5682779.901851643,2021-01-08,电子,2021,1,0.9903846153846154
2021-01-11,2495348.225543203,2021-01-15,电子,2021,2,0.8365384615384616
2021-01-18,2381681.255950588,2021-01-22,电子,2021,3,0.8076923076923077
2021-01-25,-266370.6283457221,2021-01-29,电子,2021,4,0.4230769230769231
2021-02-01,6220589.87706686,2021-02-05,电子,2021,5,0.9903846153846154
2021-02-08,2461495.4448876986,2021-02-12,电子,2021,6,0.8173076923076923
2021-02-15,-557905.3853344631,2021-02-19,电子,2021,7,0.36538461538461536
2021-02-22,-234596.17654036754,2021-02-26,电子,2021,8,0.41346153846153844
2021-03-01,2602626.727748229,2021-03-05,电子,2021,9,0.8269230769230769
2021-03-08,-2201487.7868412025,2021-03-12,电子,2021,10,0.1346153846153846
2021-03-15,-1750947.1588409874,2021-03-19,电子,2021,11,0.18269230769230768
2021-03-22,-728033.5574641034,2021-03-26,电子,2021,12,0.34615384615384615
2021-03-29,5400226.629830905,2021-04-02,电子,2021,13,0.9711538461538461
2021-04-05,3184972.8857634896,2021-04-09,电子,2021,14,0.8942307692307693
2021-04-12,-382064.28242913366,2021-04-16,电子,2021,15,0.3942307692307692
2021-04-19,47533.37384695979,2021-04-23,电子,2021,16,0.46153846153846156
2021-04-26,-1630990.3619989976,2021-04-30,电子,2021,17,0.21153846153846154
2021-05-03,-497767.6833088104,2021-05-07,电子,2021,18,0.3942307692307692
2021-05-10,788573.6977566445,2021-05-14,电子,2021,19,0.5865384615384616
2021-05-17,-842435.1659076423,2021-05-21,电子,2021,20,0.3173076923076923
2021-05-24,-1904121.4283825392,2021-05-28,电子,2021,21,0.16346153846153846
2021-05-31,2569753.5262822527,2021-06-04,电子,2021,22,0.8365384615384616
2021-06-07,-686369.5293205148,2021-06-11,电子,2021,23,0.38461538461538464
2021-06-14,-589440.4161923245,2021-06-18,电子,2021,24,0.3942307692307692
2021-06-21,-3216379.610242754,2021-06-25,电子,2021,25,0.028846153846153848
2021-06-28,1677212.395599485,2021-07-02,电子,2021,26,0.7019230769230769
2021-07-05,1006100.1940392726,2021-07-09,电子,2021,27,0.6346153846153846
2021-07-12,-1273275.0649596578,2021-07-16,电子,2021,28,0.25961538461538464
2021-07-19,-2996784.1293811603,2021-07-23,电子,2021,29,0.0673076923076923
2021-07-26,1510558.2809984498,2021-07-30,电子,2021,30,0.7019230769230769
2021-08-02,-1153561.7279894967,2021-08-06,电子,2021,31,0.28846153846153844
2021-08-09,-1931788.6912655253,2021-08-13,电子,2021,32,0.17307692307692307
2021-08-16,2211323.2708769003,2021-08-20,电子,2021,33,0.7884615384615384
2021-08-23,2337302.6967252158,2021-08-27,电子,2021,34,0.7884615384615384
2021-08-30,-461093.1972033577,2021-09-03,电子,2021,35,0.4423076923076923
2021-09-06,-3279869.684369471,2021-09-10,电子,2021,36,0.028846153846153848
2021-09-13,-307573.80131126265,2021-09-17,电子,2021,37,0.47115384615384615
2021-09-20,2379848.120917647,2021-09-24,电子,2021,38,0.8076923076923077
2021-09-27,2226199.6980313994,2021-10-01,电子,2021,39,0.7788461538461539
2021-10-04,393902.9299613767,2021-10-08,电子,2021,40,0.5865384615384616
2021-10-11,2543911.143883326,2021-10-15,电子,2021,41,0.8557692307692307
2021-10-18,-3248112.991804457,2021-10-22,电子,2021,42,0.028846153846153848
2021-10-25,-1912464.0238090022,2021-10-29,电子,2021,43,0.19230769230769232
2021-11-01,602249.2608279329,2021-11-05,电子,2021,44,0.5865384615384616
2021-11-08,2466610.170149632,2021-11-12,电子,2021,45,0.8461538461538461
2021-11-15,-3236980.5299071902,2021-11-19,电子,2021,46,0.038461538461538464
2021-11-22,-4333404.244110868,2021-11-26,电子,2021,47,0.009615384615384616
2021-11-29,2901614.8057673727,2021-12-03,电子,2021,48,0.8942307692307693
2021-12-06,977365.4533995023,2021-12-10,电子,2021,49,0.6057692307692307
2021-12-13,-317515.937615657,2021-12-17,电子,2021,50,0.4230769230769231
2021-12-20,1819500.84113802,2021-12-24,电子,2021,51,0.7115384615384616
2021-12-27,4252448.385216249,2021-12-31,电子,2021,52,0.9615384615384616
2022-01-03,-4501550.867047752,2022-01-07,电子,2022,1,0.0
2022-01-10,-1688087.6697493151,2022-01-14,电子,2022,2,0.23076923076923078
2022-01-17,1510366.024263868,2022-01-21,电子,2022,3,0.6442307692307693
2022-01-24,-789565.1110502247,2022-01-28,电子,2022,4,0.3269230769230769
2022-01-31,949681.0029655484,2022-02-04,电子,2022,5,0.5865384615384616
2022-02-07,305700.3145090423,2022-02-11,电子,2022,6,0.5288461538461539
2022-02-14,1495749.9751488746,2022-02-18,电子,2022,7,0.6346153846153846
2022-02-21,714903.4385335485,2022-02-25,电子,2022,8,0.5673076923076923
2022-02-28,-1679543.882369907,2022-03-04,电子,2022,9,0.23076923076923078
2022-03-07,-756618.5416787822,2022-03-11,电子,2022,10,0.33653846153846156
2022-03-14,-1576617.8878182706,2022-03-18,电子,2022,11,0.25961538461538464
2022-03-21,-1312996.962058651,2022-03-25,电子,2022,12,0.2692307692307692
2022-03-28,1829221.7586165224,2022-04-01,电子,2022,13,0.7307692307692307
2022-04-04,-852343.9354329669,2022-04-08,电子,2022,14,0.3269230769230769
2022-04-11,869847.648163615,2022-04-15,电子,2022,15,0.5961538461538461
2022-04-18,-219293.80340266554,2022-04-22,电子,2022,16,0.49038461538461536
2022-04-25,-1771237.1824334376,2022-04-29,电子,2022,17,0.21153846153846154
2022-05-02,-952342.6326676366,2022-05-06,电子,2022,18,0.3269230769230769
2022-05-09,-611480.2278431018,2022-05-13,电子,2022,19,0.3942307692307692
2022-05-16,1169025.3699734786,2022-05-20,电子,2022,20,0.6442307692307693
2022-05-23,-625645.9819564032,2022-05-27,电子,2022,21,0.3942307692307692
2022-05-30,1281817.112370968,2022-06-03,电子,2022,22,0.6634615384615384
2022-06-06,2674553.8969490207,2022-06-10,电子,2022,23,0.9038461538461539
2022-06-13,-2077609.6071400307,2022-06-17,电子,2022,24,0.15384615384615385
2022-06-20,3305080.7192439074,2022-06-24,电子,2022,25,0.9326923076923077
2022-06-27,221715.2710080053,2022-07-01,电子,2022,26,0.5673076923076923
2022-07-04,2328150.5559795583,2022-07-08,电子,2022,27,0.7980769230769231
2022-07-11,-1979183.0282772004,2022-07-15,电子,2022,28,0.15384615384615385
2022-07-18,43665.58732829522,2022-07-22,电子,2022,29,0.5384615384615384
2022-07-25,-2022841.8282407066,2022-07-29,电子,2022,30,0.14423076923076922
2022-08-01,-1310169.241707184,2022-08-05,电子,2022,31,0.28846153846153844
2022-08-08,1223895.1847768282,2022-08-12,电子,2022,32,0.6826923076923077
2022-08-15,-1250065.024080616,2022-08-19,电子,2022,33,0.2980769230769231
2022-08-22,-1651099.1774189807,2022-08-26,电子,2022,34,0.23076923076923078
2022-08-29,-2262619.765443596,2022-09-02,电子,2022,35,0.11538461538461539
2022-09-05,-1392445.3902036822,2022-09-09,电子,2022,36,0.27884615384615385
2022-09-12,944498.5373922415,2022-09-16,电子,2022,37,0.6442307692307693
2022-09-19,2091422.2312548996,2022-09-23,电子,2022,38,0.7788461538461539
2022-09-26,191103.97143780952,2022-09-30,电子,2022,39,0.5673076923076923
2022-10-03,-1210320.1025452255,2022-10-07,电子,2022,40,0.3269230769230769
2022-10-10,-2051708.3791445568,2022-10-14,电子,2022,41,0.14423076923076922
2022-10-17,-1402201.1100691832,2022-10-21,电子,2022,42,0.27884615384615385
2022-10-24,555976.1944042463,2022-10-28,电子,2022,43,0.6153846153846154
2022-10-31,294527.2147973031,2022-11-04,电子,2022,44,0.5865384615384616
2022-11-07,-683056.1361485226,2022-11-11,电子,2022,45,0.40384615384615385
2022-11-14,2311054.668822698,2022-11-18,电子,2022,46,0.8173076923076923
2022-11-21,2790060.807941137,2022-11-25,电子,2022,47,0.9230769230769231
2022-11-28,-2843123.198120298,2022-12-02,电子,2022,48,0.0673076923076923
2022-12-05,-1472747.5119972792,2022-12-09,电子,2022,49,0.25
2022-12-12,1518741.43538213,2022-12-16,电子,2022,50,0.75
2022-12-19,1601023.772146064,2022-12-23,电子,2022,51,0.75
2022-12-26,711608.240794068,2022-12-30,电子,2022,52,0.6057692307692307
2023-01-02,-8863.596360204509,2023-01-06,电子,2023,1,0.5096153846153846
2023-01-09,4128618.7580381455,2023-01-13,电子,2023,2,0.9711538461538461
2023-01-16,3905316.0074312147,2023-01-20,电子,2023,3,0.9615384615384616
2023-01-23,-2046296.9284665256,2023-01-27,电子,2023,4,0.11538461538461539
2023-01-30,-1739717.5302735572,2023-02-03,电子,2023,5,0.19230769230769232
2023-02-06,-333194.0115608136,2023-02-10,电子,2023,6,0.4807692307692308
2023-02-13,1104266.4841495743,2023-02-17,电子,2023,7,0.7019230769230769
2023-02-20,2521142.447471005,2023-02-24,电子,2023,8,0.8846153846153846
2023-02-27,-2572744.9793728665,2023-03-03,电子,2023,9,0.07692307692307693
2023-03-06,-3456853.445894453,2023-03-10,电子,2023,10,0.019230769230769232
2023-03-13,-2279938.935347767,2023-03-17,电子,2023,11,0.09615384615384616
2023-03-20,3051037.93518994,2023-03-24,电子,2023,12,0.9423076923076923
2023-03-27,445645.9424033656,2023-03-31,电子,2023,13,0.5865384615384616
2023-04-03,1306957.6443403298,2023-04-07,电子,2023,14,0.7307692307692307
2023-04-10,-3920122.3179911575,2023-04-14,电子,2023,15,0.019230769230769232
2023-04-17,761851.6535658587,2023-04-21,电子,2023,16,0.6346153846153846
2023-04-24,2171747.941717534,2023-04-28,电子,2023,17,0.8269230769230769
2023-05-01,1555643.7684440184,2023-05-05,电子,2023,18,0.7692307692307693
2023-05-08,-1729281.096483513,2023-05-12,电子,2023,19,0.22115384615384615
2023-05-15,961366.3322014106,2023-05-19,电子,2023,20,0.6538461538461539
2023-05-22,307995.88839244936,2023-05-26,电子,2023,21,0.5480769230769231
2023-05-29,-3103882.6080344906,2023-06-02,电子,2023,22,0.07692307692307693
2023-06-05,991244.50250448,2023-06-09,电子,2023,23,0.6730769230769231
2023-06-12,-597134.5295528348,2023-06-16,电子,2023,24,0.4230769230769231
2023-06-19,4386548.361367002,2023-06-23,电子,2023,25,1.0
2023-06-26,-2050268.8258047549,2023-06-30,电子,2023,26,0.14423076923076922
2023-07-03,-2952447.5579879805,2023-07-07,电子,2023,27,0.08653846153846154
2023-07-10,-2524428.9159729765,2023-07-14,电子,2023,28,0.11538461538461539
2023-07-17,-126456.431550426,2023-07-21,电子,2023,29,0.49038461538461536
2023-07-24,-2570471.271292934,2023-07-28,电子,2023,30,0.10576923076923077
2023-07-31,2703323.6865263884,2023-08-04,电子,2023,31,0.9230769230769231
2023-08-07,355084.67876385176,2023-08-11,电子,2023,32,0.5576923076923077
2023-08-14,196466.31815451256,2023-08-18,电子,2023,33,0.5096153846153846
2023-08-21,-3028639.6234649573,2023-08-25,电子,2023,34,0.07692307692307693
2023-08-28,1773558.037133299,2023-09-01,电子,2023,35,0.7980769230769231
2023-09-04,-740936.8134636972,2023-09-08,电子,2023,36,0.3942307692307692
2023-09-11,-3928230.204159083,2023-09-15,电子,2023,37,0.019230769230769232
2023-09-18,-3227413.228670437,2023-09-22,电子,2023,38,0.0673076923076923
2023-09-25,2749412.01967997,2023-09-29,电子,2023,39,0.9230769230769231
2023-10-02,-1074483.5867952802,2023-10-06,电子,2023,40,0.36538461538461536
2023-10-09,456518.7888303562,2023-10-13,电子,2023,41,0.5961538461538461
2023-10-16,-1205678.0583963273,2023-10-20,电子,2023,42,0.36538461538461536
2023-10-23,4334218.997469551,2023-10-27,电子,2023,43,0.9903846153846154
2023-10-30,1904641.291625635,2023-11-03,电子,2023,44,0.8269230769230769
2023-11-06,2976405.3021366214,2023-11-10,电子,2023,45,0.9326923076923077
2023-11-13,-1498647.8399136015,2023-11-17,电子,2023,46,0.27884615384615385
2023-11-20,-1698209.6024499477,2023-11-24,电子,2023,47,0.23076923076923078
2023-11-27,-1359732.640837497,2023-12-01,电子,2023,48,0.3076923076923077
2023-12-04,-3134170.9264681055,2023-12-08,电子,2023,49,0.04807692307692308
2023-12-11,-1927559.408966091,2023-12-15,电子,2023,50,0.20192307692307693
2023-12-18,2035767.6094557107,2023-12-22,电子,2023,51,0.8365384615384616
2023-12-25,-2877251.0485502565,2023-12-29,电子,2023,52,0.08653846153846154
2024-01-01,-261662.09983876318,2024-01-05,电子,2024,1,0.5
2024-01-08,-292257.71885844343,2024-01-12,电子,2024,2,0.49038461538461536
2024-01-15,-977206.7563705521,2024-01-19,电子,2024,3,0.38461538461538464
2024-01-22,-3634403.316403823,2024-01-26,电子,2024,4,0.019230769230769232
2024-01-29,367647.0805692116,2024-02-02,电子,2024,5,0.6153846153846154
2024-02-05,77240.21056755359,2024-02-09,电子,2024,6,0.5480769230769231
2024-02-12,-3092177.4625893477,2024-02-16,电子,2024,7,0.0673076923076923
2024-02-19,-6664087.441935499,2024-02-23,电子,2024,8,0.0
2024-02-26,-3128566.107898428,2024-03-01,电子,2024,9,0.0673076923076923
2024-03-04,644256.9819746655,2024-03-08,电子,2024,10,0.6730769230769231
2024-03-11,-178420.12763771115,2024-03-15,电子,2024,11,0.5288461538461539
2024-03-18,-227835.5805543717,2024-03-22,电子,2024,12,0.5096153846153846
2024-03-25,-5767609.80908018,2024-03-29,电子,2024,13,0.009615384615384616
2024-04-01,-4108658.5667813364,2024-04-05,电子,2024,14,0.019230769230769232
2024-04-08,229461.97987525514,2024-04-12,电子,2024,15,0.6057692307692307
2024-04-15,-3767793.5362676443,2024-04-19,电子,2024,16,0.04807692307692308
2024-04-22,2070995.92628349,2024-04-26,电子,2024,17,0.8461538461538461
2024-04-29,842793.0372616447,2024-05-03,电子,2024,18,0.7019230769230769
2024-05-06,-3153091.11864673,2024-05-10,电子,2024,19,0.08653846153846154
2024-05-13,-1058116.3802040983,2024-05-17,电子,2024,20,0.4230769230769231
2024-05-20,-1379040.5265149935,2024-05-24,电子,2024,21,0.36538461538461536
2024-05-27,-740221.6501062718,2024-05-31,电子,2024,22,0.46153846153846156
2024-06-03,-1267164.47627901,2024-06-07,电子,2024,23,0.3942307692307692
2024-06-10,1767230.1078411415,2024-06-14,电子,2024,24,0.8173076923076923
2024-06-17,2938334.25147132,2024-06-21,电子,2024,25,0.9326923076923077
2024-06-24,-2628233.825489928,2024-06-28,电子,2024,26,0.17307692307692307
2024-07-01,-950432.5504285882,2024-07-05,电子,2024,27,0.46153846153846156
2024-07-08,2684510.0515202163,2024-07-12,电子,2024,28,0.9038461538461539
2024-07-15,-1175368.3292781063,2024-07-19,电子,2024,29,0.4230769230769231
2024-07-22,-2371583.387802802,2024-07-26,电子,2024,30,0.21153846153846154
2024-07-29,-630885.4462888385,2024-07-31,电子,2024,31,0.5
2018-01-01,-966440.4548991887,2018-01-05,计算机,2018,1,
2018-01-08,-272098.0481353814,2018-01-12,计算机,2018,2,1.0
2018-01-15,928589.0132235696,2018-01-19,计算机,2018,3,1.0
2018-01-22,73566.90494491905,2018-01-26,计算机,2018,4,0.6666666666666666
2018-01-29,3354423.5273655243,2018-02-02,计算机,2018,5,1.0
2018-02-05,-846154.6002599807,2018-02-09,计算机,2018,6,0.2
2018-02-12,-4048446.041922768,2018-02-16,计算机,2018,7,0.0
2018-02-19,-1864488.7541468074,2018-02-23,计算机,2018,8,0.14285714285714285
2018-02-26,-6952615.652167942,2018-03-02,计算机,2018,9,0.0
2018-03-05,1873407.5282639125,2018-03-09,计算机,2018,10,0.8888888888888888
2018-03-12,-117156.81104114547,2018-03-16,计算机,2018,11,0.6
2018-03-19,340035.5163761391,2018-03-23,计算机,2018,12,0.7272727272727273
2018-03-26,23046.82628075441,2018-03-30,计算机,2018,13,0.5833333333333334
2018-04-02,-1879831.3338109008,2018-04-06,计算机,2018,14,0.15384615384615385
2018-04-09,-3878734.606600649,2018-04-13,计算机,2018,15,0.14285714285714285
2018-04-16,-2046315.0338645303,2018-04-20,计算机,2018,16,0.2
2018-04-23,-411634.3277183431,2018-04-27,计算机,2018,17,0.5
2018-04-30,-1853039.8261590134,2018-05-04,计算机,2018,18,0.35294117647058826
2018-05-07,903751.0945166636,2018-05-11,计算机,2018,19,0.8333333333333334
2018-05-14,1008782.049223748,2018-05-18,计算机,2018,20,0.8947368421052632
2018-05-21,-779515.445181304,2018-05-25,计算机,2018,21,0.45
2018-05-28,-1087119.6255416835,2018-06-01,计算机,2018,22,0.3333333333333333
2018-06-04,-117757.10301693203,2018-06-08,计算机,2018,23,0.5909090909090909
2018-06-11,-5515746.475177101,2018-06-15,计算机,2018,24,0.043478260869565216
2018-06-18,-1499126.0079060418,2018-06-22,计算机,2018,25,0.3333333333333333
2018-06-25,490989.2308226754,2018-06-29,计算机,2018,26,0.8
2018-07-02,-683850.2679910477,2018-07-06,计算机,2018,27,0.5
2018-07-09,-2300340.1244771457,2018-07-13,计算机,2018,28,0.14814814814814814
2018-07-16,-1305997.6621039638,2018-07-20,计算机,2018,29,0.35714285714285715
2018-07-23,-562229.0603150021,2018-07-27,计算机,2018,30,0.5517241379310345
2018-07-30,-1396305.1362375403,2018-08-03,计算机,2018,31,0.3333333333333333
2018-08-06,890786.9793409554,2018-08-10,计算机,2018,32,0.8387096774193549
2018-08-13,1532211.167871321,2018-08-17,计算机,2018,33,0.9375
2018-08-20,-4007214.0254210327,2018-08-24,计算机,2018,34,0.09090909090909091
2018-08-27,-2559002.3713413803,2018-08-31,计算机,2018,35,0.14705882352941177
2018-09-03,-1151552.4488303456,2018-09-07,计算机,2018,36,0.4
2018-09-10,4150071.279616526,2018-09-14,计算机,2018,37,1.0
2018-09-17,-1082218.644757652,2018-09-21,计算机,2018,38,0.43243243243243246
2018-09-24,3733050.744854848,2018-09-28,计算机,2018,39,0.9736842105263158
2018-10-01,-1769980.0574963954,2018-10-05,计算机,2018,40,0.28205128205128205
2018-10-08,-4382578.20078804,2018-10-12,计算机,2018,41,0.05
2018-10-15,-2116732.602539306,2018-10-19,计算机,2018,42,0.1951219512195122
2018-10-22,-2894114.6842991924,2018-10-26,计算机,2018,43,0.14285714285714285
2018-10-29,550255.0485161911,2018-11-02,计算机,2018,44,0.7906976744186046
2018-11-05,1998123.0212116882,2018-11-09,计算机,2018,45,0.9318181818181818
2018-11-12,2530200.0956392433,2018-11-16,计算机,2018,46,0.9333333333333333
2018-11-19,1914439.7188218469,2018-11-23,计算机,2018,47,0.8913043478260869
2018-11-26,1759872.459498771,2018-11-30,计算机,2018,48,0.851063829787234
2018-12-03,-2421971.0901573026,2018-12-07,计算机,2018,49,0.16666666666666666
2018-12-10,38512.27219099016,2018-12-14,计算机,2018,50,0.6530612244897959
2018-12-17,1626898.9046409815,2018-12-21,计算机,2018,51,0.84
2018-12-24,143239.51203208856,2018-12-28,计算机,2018,52,0.6666666666666666
2018-12-31,-1207067.057634942,2019-01-04,计算机,2018,1,0.36538461538461536
2019-01-07,2714871.8687414383,2019-01-11,计算机,2019,2,0.9433962264150944
2019-01-14,-3133882.3697144287,2019-01-18,计算机,2019,3,0.1111111111111111
2019-01-21,1264261.5962170553,2019-01-25,计算机,2019,4,0.8
2019-01-28,-756133.2187379864,2019-02-01,计算机,2019,5,0.48214285714285715
2019-02-04,1237189.4618394168,2019-02-08,计算机,2019,6,0.7894736842105263
2019-02-11,-4213271.035037752,2019-02-15,计算机,2019,7,0.05172413793103448
2019-02-18,-1609162.2621487645,2019-02-22,计算机,2019,8,0.3050847457627119
2019-02-25,-1188212.8500119178,2019-03-01,计算机,2019,9,0.38333333333333336
2019-03-04,2474889.1407992095,2019-03-08,计算机,2019,10,0.9180327868852459
2019-03-11,2717030.220861774,2019-03-15,计算机,2019,11,0.9516129032258065
2019-03-18,245540.7515540938,2019-03-22,计算机,2019,12,0.6507936507936508
2019-03-25,-1812367.2561480356,2019-03-29,计算机,2019,13,0.265625
2019-04-01,-2824435.6466617454,2019-04-05,计算机,2019,14,0.13846153846153847
2019-04-08,2925440.4806865444,2019-04-12,计算机,2019,15,0.9545454545454546
2019-04-15,1244718.1244459373,2019-04-19,计算机,2019,16,0.7761194029850746
2019-04-22,-441184.1375863001,2019-04-26,计算机,2019,17,0.5147058823529411
2019-04-29,566984.524908273,2019-05-03,计算机,2019,18,0.6956521739130435
2019-05-06,-366068.21893457853,2019-05-10,计算机,2019,19,0.5285714285714286
2019-05-13,-2337401.9002102357,2019-05-17,计算机,2019,20,0.16901408450704225
2019-05-20,-1446352.523664056,2019-05-24,计算机,2019,21,0.3194444444444444
2019-05-27,-2891165.595153087,2019-05-31,计算机,2019,22,0.1232876712328767
2019-06-03,1518228.787142398,2019-06-07,计算机,2019,23,0.8108108108108109
2019-06-10,-766697.9186013159,2019-06-14,计算机,2019,24,0.4666666666666667
2019-06-17,-794789.7423019881,2019-06-21,计算机,2019,25,0.4473684210526316
2019-06-24,-1718942.7566430317,2019-06-28,计算机,2019,26,0.2857142857142857
2019-07-01,-2714683.5147436643,2019-07-05,计算机,2019,27,0.14102564102564102
2019-07-08,-4372884.160028949,2019-07-12,计算机,2019,28,0.0379746835443038
2019-07-15,1070790.5893878483,2019-07-19,计算机,2019,29,0.775
2019-07-22,1374146.7499034826,2019-07-26,计算机,2019,30,0.8148148148148148
2019-07-29,-247966.0613477946,2019-08-02,计算机,2019,31,0.573170731707317
2019-08-05,2175186.1687570577,2019-08-09,计算机,2019,32,0.9036144578313253
2019-08-12,2801566.3994697095,2019-08-16,计算机,2019,33,0.9523809523809523
2019-08-19,-2967482.0932475594,2019-08-23,计算机,2019,34,0.10588235294117647
2019-08-26,1497275.1016301685,2019-08-30,计算机,2019,35,0.8023255813953488
2019-09-02,-3314697.3020888083,2019-09-06,计算机,2019,36,0.09195402298850575
2019-09-09,-241716.664465643,2019-09-13,计算机,2019,37,0.5681818181818182
2019-09-16,2931417.81145085,2019-09-20,计算机,2019,38,0.9662921348314607
2019-09-23,-778170.7531360141,2019-09-27,计算机,2019,39,0.45555555555555555
2019-09-30,1405507.7678282794,2019-10-04,计算机,2019,40,0.7912087912087912
2019-10-07,-2995348.3171113376,2019-10-11,计算机,2019,41,0.10869565217391304
2019-10-14,-6273376.97691367,2019-10-18,计算机,2019,42,0.010752688172043012
2019-10-21,-182361.27719651896,2019-10-25,计算机,2019,43,0.574468085106383
2019-10-28,3847752.6874549203,2019-11-01,计算机,2019,44,0.9894736842105263
2019-11-04,1514720.1247187445,2019-11-08,计算机,2019,45,0.8020833333333334
2019-11-11,999591.0668725889,2019-11-15,计算机,2019,46,0.711340206185567
2019-11-18,-2087921.8270831436,2019-11-22,计算机,2019,47,0.22448979591836735
2019-11-25,2086691.2789431517,2019-11-29,计算机,2019,48,0.8787878787878788
2019-12-02,2310191.003385144,2019-12-06,计算机,2019,49,0.89
2019-12-09,-811513.3721662723,2019-12-13,计算机,2019,50,0.4158415841584158
2019-12-16,-1116385.6749691619,2019-12-20,计算机,2019,51,0.37254901960784315
2019-12-23,323239.7076112771,2019-12-27,计算机,2019,52,0.6310679611650486
2019-12-30,1012385.3768116292,2020-01-03,计算机,2019,1,0.7211538461538461
2020-01-06,-3312591.4091504933,2020-01-10,计算机,2020,2,0.09615384615384616
2020-01-13,-622500.5289732808,2020-01-17,计算机,2020,3,0.4807692307692308
2020-01-20,3891883.0840845583,2020-01-24,计算机,2020,4,0.9903846153846154
2020-01-27,2272820.459602365,2020-01-31,计算机,2020,5,0.875
2020-02-03,114335.97649132623,2020-02-07,计算机,2020,6,0.5961538461538461
2020-02-10,134130.3573568589,2020-02-14,计算机,2020,7,0.5961538461538461
2020-02-17,-314717.747163572,2020-02-21,计算机,2020,8,0.5096153846153846
2020-02-24,-4305297.3977141,2020-02-28,计算机,2020,9,0.04807692307692308
2020-03-02,-1511670.0101713892,2020-03-06,计算机,2020,10,0.28846153846153844
2020-03-09,884853.0935837908,2020-03-13,计算机,2020,11,0.6730769230769231
2020-03-16,-1110777.4719453861,2020-03-20,计算机,2020,12,0.375
2020-03-23,-3678010.5806763005,2020-03-27,计算机,2020,13,0.07692307692307693
2020-03-30,-666319.138333823,2020-04-03,计算机,2020,14,0.4807692307692308
2020-04-06,2776932.9812963586,2020-04-10,计算机,2020,15,0.9326923076923077
2020-04-13,-2131900.0249166265,2020-04-17,计算机,2020,16,0.20192307692307693
2020-04-20,327857.6515743106,2020-04-24,计算机,2020,17,0.625
2020-04-27,-236179.8631143833,2020-05-01,计算机,2020,18,0.5384615384615384
2020-05-04,3693255.706819541,2020-05-08,计算机,2020,19,0.9615384615384616
2020-05-11,1671645.8622424682,2020-05-15,计算机,2020,20,0.8076923076923077
2020-05-18,4224564.386618682,2020-05-22,计算机,2020,21,1.0
2020-05-25,-1810246.4480401005,2020-05-29,计算机,2020,22,0.2403846153846154
2020-06-01,652480.1608978887,2020-06-05,计算机,2020,23,0.6442307692307693
2020-06-08,344493.58005705604,2020-06-12,计算机,2020,24,0.6057692307692307
2020-06-15,-2187508.597079997,2020-06-19,计算机,2020,25,0.19230769230769232
2020-06-22,1163442.3841060866,2020-06-26,计算机,2020,26,0.6923076923076923
2020-06-29,4113502.317260408,2020-07-03,计算机,2020,27,0.9807692307692307
2020-07-06,1093191.1006225105,2020-07-10,计算机,2020,28,0.6730769230769231
2020-07-13,-663473.1744051762,2020-07-17,计算机,2020,29,0.4230769230769231
2020-07-20,-455704.975695143,2020-07-24,计算机,2020,30,0.4423076923076923
2020-07-27,-431529.22353789466,2020-07-31,计算机,2020,31,0.4519230769230769
2020-08-03,-2384222.7183391103,2020-08-07,计算机,2020,32,0.17307692307692307
2020-08-10,-5584477.158402342,2020-08-14,计算机,2020,33,0.009615384615384616
2020-08-17,1720610.6402155212,2020-08-21,计算机,2020,34,0.7884615384615384
2020-08-24,-4078041.010658889,2020-08-28,计算机,2020,35,0.057692307692307696
2020-08-31,1643308.7695559878,2020-09-04,计算机,2020,36,0.7692307692307693
2020-09-07,-1727692.4144028877,2020-09-11,计算机,2020,37,0.25961538461538464
2020-09-14,-2588860.9851148557,2020-09-18,计算机,2020,38,0.16346153846153846
2020-09-21,-1113164.263173039,2020-09-25,计算机,2020,39,0.34615384615384615
2020-09-28,-2442666.707089074,2020-10-02,计算机,2020,40,0.17307692307692307
2020-10-05,2953249.871066086,2020-10-09,计算机,2020,41,0.9519230769230769
2020-10-12,-158388.96963441127,2020-10-16,计算机,2020,42,0.5192307692307693
2020-10-19,-410510.99598820624,2020-10-23,计算机,2020,43,0.4519230769230769
2020-10-26,-2425041.9147710977,2020-10-30,计算机,2020,44,0.16346153846153846
2020-11-02,1510048.9763949243,2020-11-06,计算机,2020,45,0.7403846153846154
2020-11-09,509525.75425654964,2020-11-13,计算机,2020,46,0.6057692307692307
2020-11-16,3548552.1548534078,2020-11-20,计算机,2020,47,0.9519230769230769
2020-11-23,1408283.3070882885,2020-11-27,计算机,2020,48,0.7403846153846154
2020-11-30,-29111.598692542684,2020-12-04,计算机,2020,49,0.5288461538461539
2020-12-07,883086.5869097499,2020-12-11,计算机,2020,50,0.6346153846153846
2020-12-14,1919501.2340240476,2020-12-18,计算机,2020,51,0.8269230769230769
2020-12-21,-347556.38693418476,2020-12-25,计算机,2020,52,0.46153846153846156
2020-12-28,-366294.15777697205,2021-01-01,计算机,2020,53,0.4519230769230769
2021-01-04,1334238.4948675008,2021-01-08,计算机,2021,1,0.7211538461538461
2021-01-11,-4511751.9160944475,2021-01-15,计算机,2021,2,0.019230769230769232
2021-01-18,433514.5144534445,2021-01-22,计算机,2021,3,0.5961538461538461
2021-01-25,-766885.8921971772,2021-01-29,计算机,2021,4,0.3557692307692308
2021-02-01,1370372.300481862,2021-02-05,计算机,2021,5,0.7307692307692307
2021-02-08,-3100398.5738759916,2021-02-12,计算机,2021,6,0.09615384615384616
2021-02-15,1278185.1503317072,2021-02-19,计算机,2021,7,0.7115384615384616
2021-02-22,-181475.75113703404,2021-02-26,计算机,2021,8,0.5096153846153846
2021-03-01,34788.77525030414,2021-03-05,计算机,2021,9,0.5288461538461539
2021-03-08,1379729.124336453,2021-03-12,计算机,2021,10,0.75
2021-03-15,607793.0344388451,2021-03-19,计算机,2021,11,0.625
2021-03-22,-1430625.3974429446,2021-03-26,计算机,2021,12,0.27884615384615385
2021-03-29,3022482.704067756,2021-04-02,计算机,2021,13,0.9423076923076923
2021-04-05,-2697198.54347677,2021-04-09,计算机,2021,14,0.1346153846153846
2021-04-12,-2311025.3622989003,2021-04-16,计算机,2021,15,0.19230769230769232
2021-04-19,-126073.56110045931,2021-04-23,计算机,2021,16,0.5288461538461539
2021-04-26,-1569186.0983860185,2021-04-30,计算机,2021,17,0.25961538461538464
2021-05-03,185869.53013642348,2021-05-07,计算机,2021,18,0.5769230769230769
2021-05-10,-298065.124367455,2021-05-14,计算机,2021,19,0.46153846153846156
2021-05-17,-1050007.0197947696,2021-05-21,计算机,2021,20,0.3173076923076923
2021-05-24,4200981.9755748715,2021-05-28,计算机,2021,21,0.9903846153846154
2021-05-31,-1323174.9151308392,2021-06-04,计算机,2021,22,0.2692307692307692
2021-06-07,1217851.8052786915,2021-06-11,计算机,2021,23,0.7115384615384616
2021-06-14,-862682.0441211155,2021-06-18,计算机,2021,24,0.3173076923076923
2021-06-21,-51970.98282255465,2021-06-25,计算机,2021,25,0.5192307692307693
2021-06-28,-1229605.0015640066,2021-07-02,计算机,2021,26,0.2692307692307692
2021-07-05,194422.30507503764,2021-07-09,计算机,2021,27,0.5673076923076923
2021-07-12,-396321.8453207896,2021-07-16,计算机,2021,28,0.3942307692307692
2021-07-19,3020818.1133580636,2021-07-23,计算机,2021,29,0.9230769230769231
2021-07-26,-1450106.2729728771,2021-07-30,计算机,2021,30,0.23076923076923078
2021-08-02,3584882.933256319,2021-08-06,计算机,2021,31,0.9423076923076923
2021-08-09,-1463347.5292934952,2021-08-13,计算机,2021,32,0.23076923076923078
2021-08-16,631715.7169936763,2021-08-20,计算机,2021,33,0.6442307692307693
2021-08-23,-132877.5355350129,2021-08-27,计算机,2021,34,0.5
2021-08-30,-369496.0670379925,2021-09-03,计算机,2021,35,0.41346153846153844
2021-09-06,-725308.8746026859,2021-09-10,计算机,2021,36,0.33653846153846156
2021-09-13,1594608.4198842007,2021-09-17,计算机,2021,37,0.8076923076923077
2021-09-20,2130228.119111129,2021-09-24,计算机,2021,38,0.8653846153846154
2021-09-27,-2588135.0809059814,2021-10-01,计算机,2021,39,0.10576923076923077
2021-10-04,-1260796.608599061,2021-10-08,计算机,2021,40,0.25961538461538464
2021-10-11,-569670.7043063169,2021-10-15,计算机,2021,41,0.375
2021-10-18,3737721.4930034853,2021-10-22,计算机,2021,42,0.9519230769230769
2021-10-25,-1807463.355371113,2021-10-29,计算机,2021,43,0.17307692307692307
2021-11-01,1210340.935621152,2021-11-05,计算机,2021,44,0.7211538461538461
2021-11-08,-25845.949746496346,2021-11-12,计算机,2021,45,0.5384615384615384
2021-11-15,2403757.600722649,2021-11-19,计算机,2021,46,0.8846153846153846
2021-11-22,1879982.7438414083,2021-11-26,计算机,2021,47,0.8269230769230769
2021-11-29,-1873624.2211945406,2021-12-03,计算机,2021,48,0.15384615384615385
2021-12-06,1053131.5438668323,2021-12-10,计算机,2021,49,0.7019230769230769
2021-12-13,-2891348.6187882037,2021-12-17,计算机,2021,50,0.0673076923076923
2021-12-20,1346633.1765998022,2021-12-24,计算机,2021,51,0.7596153846153846
2021-12-27,732241.9757271556,2021-12-31,计算机,2021,52,0.6538461538461539
2022-01-03,403828.32549060823,2022-01-07,计算机,2022,1,0.6057692307692307
2022-01-10,-466713.38736762677,2022-01-14,计算机,2022,2,0.36538461538461536
2022-01-17,1908977.1889233855,2022-01-21,计算机,2022,3,0.8461538461538461
2022-01-24,-2900442.1008263067,2022-01-28,计算机,2022,4,0.057692307692307696
2022-01-31,-2445512.791225122,2022-02-04,计算机,2022,5,0.10576923076923077
2022-02-07,-1809467.1734797885,2022-02-11,计算机,2022,6,0.19230769230769232
2022-02-14,-776329.6030711397,2022-02-18,计算机,2022,7,0.33653846153846156
2022-02-21,-3839055.632208243,2022-02-25,计算机,2022,8,0.038461538461538464
2022-02-28,14592.383145569242,2022-03-04,计算机,2022,9,0.5576923076923077
2022-03-07,1017809.4898111831,2022-03-11,计算机,2022,10,0.6923076923076923
2022-03-14,942744.4525804284,2022-03-18,计算机,2022,11,0.6826923076923077
2022-03-21,-2009548.6302586528,2022-03-25,计算机,2022,12,0.17307692307692307
2022-03-28,-1789922.41654011,2022-04-01,计算机,2022,13,0.21153846153846154
2022-04-04,-2138140.8450869713,2022-04-08,计算机,2022,14,0.15384615384615385
2022-04-11,-4912172.3994749505,2022-04-15,计算机,2022,15,0.009615384615384616
2022-04-18,-1883031.322742377,2022-04-22,计算机,2022,16,0.18269230769230768
2022-04-25,-376302.5192305322,2022-04-29,计算机,2022,17,0.4423076923076923
2022-05-02,2645804.531639508,2022-05-06,计算机,2022,18,0.9038461538461539
2022-05-09,1643219.619498026,2022-05-13,计算机,2022,19,0.8269230769230769
2022-05-16,-1388032.0604286932,2022-05-20,计算机,2022,20,0.28846153846153844
2022-05-23,1797600.1776612857,2022-05-27,计算机,2022,21,0.8653846153846154
2022-05-30,2478744.7065732484,2022-06-03,计算机,2022,22,0.9134615384615384
2022-06-06,-536394.1941575347,2022-06-10,计算机,2022,23,0.3942307692307692
2022-06-13,-3183407.9432999147,2022-06-17,计算机,2022,24,0.04807692307692308
2022-06-20,-3760368.144297023,2022-06-24,计算机,2022,25,0.04807692307692308
2022-06-27,-552071.186214359,2022-07-01,计算机,2022,26,0.40384615384615385
2022-07-04,714190.4781393261,2022-07-08,计算机,2022,27,0.6730769230769231
2022-07-11,-1294470.010506434,2022-07-15,计算机,2022,28,0.3076923076923077
2022-07-18,-2248469.300341786,2022-07-22,计算机,2022,29,0.17307692307692307
2022-07-25,-2443140.867280218,2022-07-29,计算机,2022,30,0.1346153846153846
2022-08-01,-201179.33731433644,2022-08-05,计算机,2022,31,0.5192307692307693
2022-08-08,748114.5400421438,2022-08-12,计算机,2022,32,0.6923076923076923
2022-08-15,-190982.6474667174,2022-08-19,计算机,2022,33,0.5096153846153846
2022-08-22,-2731944.4581021187,2022-08-26,计算机,2022,34,0.08653846153846154
2022-08-29,625884.9794708256,2022-09-02,计算机,2022,35,0.6634615384615384
2022-09-05,1755900.3777021207,2022-09-09,计算机,2022,36,0.8557692307692307
2022-09-12,-1324875.299076955,2022-09-16,计算机,2022,37,0.28846153846153844
2022-09-19,-1581487.0448261322,2022-09-23,计算机,2022,38,0.23076923076923078
2022-09-26,-1730141.8986485726,2022-09-30,计算机,2022,39,0.23076923076923078
2022-10-03,403979.96769490687,2022-10-07,计算机,2022,40,0.625
2022-10-10,-138240.54103218042,2022-10-14,计算机,2022,41,0.5288461538461539
2022-10-17,2524936.797580274,2022-10-21,计算机,2022,42,0.9326923076923077
2022-10-24,-386257.34821171686,2022-10-28,计算机,2022,43,0.4326923076923077
2022-10-31,1847576.5738616744,2022-11-04,计算机,2022,44,0.8653846153846154
2022-11-07,-763711.845254638,2022-11-11,计算机,2022,45,0.36538461538461536
2022-11-14,249044.79921765707,2022-11-18,计算机,2022,46,0.6153846153846154
2022-11-21,-1747489.4508925234,2022-11-25,计算机,2022,47,0.21153846153846154
2022-11-28,1903025.1108286812,2022-12-02,计算机,2022,48,0.8846153846153846
2022-12-05,1380492.3632271544,2022-12-09,计算机,2022,49,0.8173076923076923
2022-12-12,488689.8430831112,2022-12-16,计算机,2022,50,0.6538461538461539
2022-12-19,1427891.8087747386,2022-12-23,计算机,2022,51,0.8269230769230769
2022-12-26,-3243722.95319003,2022-12-30,计算机,2022,52,0.038461538461538464
2023-01-02,1328710.7178689092,2023-01-06,计算机,2023,1,0.7692307692307693
2023-01-09,-106216.26370788692,2023-01-13,计算机,2023,2,0.5480769230769231
2023-01-16,1093466.1680778102,2023-01-20,计算机,2023,3,0.7403846153846154
2023-01-23,711404.6656076976,2023-01-27,计算机,2023,4,0.6730769230769231
2023-01-30,-381898.17023161525,2023-02-03,计算机,2023,5,0.4423076923076923
2023-02-06,2815801.7171975705,2023-02-10,计算机,2023,6,0.9519230769230769
2023-02-13,-620390.8146859938,2023-02-17,计算机,2023,7,0.375
2023-02-20,-4294791.789739392,2023-02-24,计算机,2023,8,0.009615384615384616
2023-02-27,-3049190.190406476,2023-03-03,计算机,2023,9,0.057692307692307696
2023-03-06,-2127731.3891520854,2023-03-10,计算机,2023,10,0.16346153846153846
2023-03-13,1869334.63561351,2023-03-17,计算机,2023,11,0.8653846153846154
2023-03-20,1009035.6347212914,2023-03-24,计算机,2023,12,0.7211538461538461
2023-03-27,-1139455.1021603472,2023-03-31,计算机,2023,13,0.34615384615384615
2023-04-03,2308497.1281292997,2023-04-07,计算机,2023,14,0.9134615384615384
2023-04-10,1337674.448918201,2023-04-14,计算机,2023,15,0.7788461538461539
2023-04-17,-99413.70765277476,2023-04-21,计算机,2023,16,0.5480769230769231
2023-04-24,4987313.234579592,2023-04-28,计算机,2023,17,1.0
2023-05-01,1375277.4137480718,2023-05-05,计算机,2023,18,0.7788461538461539
2023-05-08,-263436.5751828973,2023-05-12,计算机,2023,19,0.4807692307692308
2023-05-15,4806321.040097146,2023-05-19,计算机,2023,20,0.9903846153846154
2023-05-22,-2270230.31727989,2023-05-26,计算机,2023,21,0.125
2023-05-29,2550182.2169583794,2023-06-02,计算机,2023,22,0.9326923076923077
2023-06-05,-111752.15351050755,2023-06-09,计算机,2023,23,0.5096153846153846
2023-06-12,2201330.956818079,2023-06-16,计算机,2023,24,0.8846153846153846
2023-06-19,-487615.41934005765,2023-06-23,计算机,2023,25,0.3942307692307692
2023-06-26,1974002.518130473,2023-06-30,计算机,2023,26,0.8653846153846154
2023-07-03,1181671.249280795,2023-07-07,计算机,2023,27,0.7019230769230769
2023-07-10,-1181863.8439877268,2023-07-14,计算机,2023,28,0.3076923076923077
2023-07-17,725155.6099931397,2023-07-21,计算机,2023,29,0.625
2023-07-24,653522.6870929734,2023-07-28,计算机,2023,30,0.6057692307692307
2023-07-31,1516766.1938363502,2023-08-04,计算机,2023,31,0.7788461538461539
2023-08-07,-394511.1091536586,2023-08-11,计算机,2023,32,0.40384615384615385
2023-08-14,-2460822.822117161,2023-08-18,计算机,2023,33,0.10576923076923077
2023-08-21,-3388308.050686633,2023-08-25,计算机,2023,34,0.038461538461538464
2023-08-28,-2269333.2219509347,2023-09-01,计算机,2023,35,0.15384615384615385
2023-09-04,-1980102.9196124757,2023-09-08,计算机,2023,36,0.20192307692307693
2023-09-11,1889283.2114954568,2023-09-15,计算机,2023,37,0.8557692307692307
2023-09-18,-83731.09350578237,2023-09-22,计算机,2023,38,0.5288461538461539
2023-09-25,2639602.796185365,2023-09-29,计算机,2023,39,0.9519230769230769
2023-10-02,1518858.4995071664,2023-10-06,计算机,2023,40,0.7884615384615384
2023-10-09,-4138313.1571057444,2023-10-13,计算机,2023,41,0.019230769230769232
2023-10-16,-567180.2738933172,2023-10-20,计算机,2023,42,0.36538461538461536
2023-10-23,-1123244.4646745077,2023-10-27,计算机,2023,43,0.33653846153846156
2023-10-30,-990719.0014556426,2023-11-03,计算机,2023,44,0.33653846153846156
2023-11-06,-239251.90475913254,2023-11-10,计算机,2023,45,0.47115384615384615
2023-11-13,-1443229.292786416,2023-11-17,计算机,2023,46,0.27884615384615385
2023-11-20,-2078327.6773439615,2023-11-24,计算机,2023,47,0.19230769230769232
2023-11-27,2862321.6051110383,2023-12-01,计算机,2023,48,0.9807692307692307
2023-12-04,1122083.8519231817,2023-12-08,计算机,2023,49,0.7211538461538461
2023-12-11,1933720.4699823493,2023-12-15,计算机,2023,50,0.8846153846153846
2023-12-18,-658532.5479644043,2023-12-22,计算机,2023,51,0.36538461538461536
2023-12-25,1302783.2303924258,2023-12-29,计算机,2023,52,0.7307692307692307
2024-01-01,1839438.5784034205,2024-01-05,计算机,2024,1,0.8269230769230769
2024-01-08,625543.1226309361,2024-01-12,计算机,2024,2,0.5961538461538461
2024-01-15,1261958.554778152,2024-01-19,计算机,2024,3,0.7115384615384616
2024-01-22,-1434063.758461483,2024-01-26,计算机,2024,4,0.27884615384615385
2024-01-29,4357706.291163374,2024-02-02,计算机,2024,5,0.9807692307692307
2024-02-05,-3297006.7630924582,2024-02-09,计算机,2024,6,0.057692307692307696
2024-02-12,1420822.0275638737,2024-02-16,计算机,2024,7,0.7596153846153846
2024-02-19,2444890.182281493,2024-02-23,计算机,2024,8,0.9038461538461539
2024-02-26,404094.09850616194,2024-03-01,计算机,2024,9,0.5480769230769231
2024-03-04,-1223656.3305684472,2024-03-08,计算机,2024,10,0.28846153846153844
2024-03-11,3318145.523046631,2024-03-15,计算机,2024,11,0.9711538461538461
2024-03-18,-1239350.9561276108,2024-03-22,计算机,2024,12,0.28846153846153844
2024-03-25,1435411.282146647,2024-03-29,计算机,2024,13,0.75
2024-04-01,4415426.587283991,2024-04-05,计算机,2024,14,0.9807692307692307
2024-04-08,-1424407.2633235212,2024-04-12,计算机,2024,15,0.23076923076923078
2024-04-15,-2080142.7684331,2024-04-19,计算机,2024,16,0.14423076923076922
2024-04-22,1156721.9251094128,2024-04-26,计算机,2024,17,0.6442307692307693
2024-04-29,-4122009.365586249,2024-05-03,计算机,2024,18,0.019230769230769232
2024-05-06,-1382343.2438879742,2024-05-10,计算机,2024,19,0.25
2024-05-13,-3115588.2993838596,2024-05-17,计算机,2024,20,0.07692307692307693
2024-05-20,-2094831.5858494858,2024-05-24,计算机,2024,21,0.16346153846153846
2024-05-27,973417.9741196631,2024-05-31,计算机,2024,22,0.6346153846153846
2024-06-03,-1651435.4754167246,2024-06-07,计算机,2024,23,0.22115384615384615
2024-06-10,253666.08970487048,2024-06-14,计算机,2024,24,0.5384615384615384
2024-06-17,-2534283.6057918365,2024-06-21,计算机,2024,25,0.09615384615384616
2024-06-24,-1067653.5427372875,2024-06-28,计算机,2024,26,0.33653846153846156
2024-07-01,-994203.8150270577,2024-07-05,计算机,2024,27,0.34615384615384615
2024-07-08,2770302.687420112,2024-07-12,计算机,2024,28,0.9326923076923077
2024-07-15,4165876.2886491157,2024-07-19,计算机,2024,29,0.9615384615384616
2024-07-22,-2483764.5496683605,2024-07-26,计算机,2024,30,0.09615384615384616
2024-07-29,-689501.083925958,2024-07-31,计算机,2024,31,0.3557692307692308
2018-01-01,-2367263.14162266,2018-01-05,通信,2018,1,
2018-01-08,-822819.966701629,2018-01-12,通信,2018,2,1.0
2018-01-15,-4843664.460776044,2018-01-19,通信,2018,3,0.0
2018-01-22,1829562.086937561,2018-01-26,通信,2018,4,1.0
2018-01-29,1640458.9903602635,2018-02-02,通信,2018,5,0.75
2018-02-05,1645345.7982668004,2018-02-09,通信,2018,6,0.8
2018-02-12,-5036193.296108447,2018-02-16,通信,2018,7,0.0
2018-02-19,-3895223.909919677,2018-02-23,通信,2018,8,0.2857142857142857
2018-02-26,-466946.09343293647,2018-03-02,通信,2018,9,0.625
2018-03-05,4016303.2115677674,2018-03-09,通信,2018,10,1.0
2018-03-12,-1539342.0748816077,2018-03-16,通信,2018,11,0.4
2018-03-19,353259.48923027056,2018-03-23,通信,2018,12,0.6363636363636364
2018-03-26,-2958313.531059254,2018-03-30,通信,2018,13,0.25
2018-04-02,-3782424.6447528168,2018-04-06,通信,2018,14,0.23076923076923078
2018-04-09,1408380.608187196,2018-04-13,通信,2018,15,0.7142857142857143
2018-04-16,694089.7937733949,2018-04-20,通信,2018,16,0.6666666666666666
2018-04-23,1277943.6138422955,2018-04-27,通信,2018,17,0.6875
2018-04-30,3158066.838349276,2018-05-04,通信,2018,18,0.9411764705882353
2018-05-07,110232.12711774034,2018-05-11,通信,2018,19,0.5
2018-05-14,5401195.881081188,2018-05-18,通信,2018,20,1.0
2018-05-21,-917447.3152874103,2018-05-25,通信,2018,21,0.35
2018-05-28,-83744.40975202108,2018-06-01,通信,2018,22,0.47619047619047616
2018-06-04,207447.72955787415,2018-06-08,通信,2018,23,0.5454545454545454
2018-06-11,1248632.8352736416,2018-06-15,通信,2018,24,0.6521739130434783
2018-06-18,-2716670.0727268136,2018-06-22,通信,2018,25,0.20833333333333334
2018-06-25,-3700918.3473265804,2018-06-29,通信,2018,26,0.16
2018-07-02,-4912586.180058821,2018-07-06,通信,2018,27,0.038461538461538464
2018-07-09,4447778.324820702,2018-07-13,通信,2018,28,0.9629629629629629
2018-07-16,1815117.5680287997,2018-07-20,通信,2018,29,0.8214285714285714
2018-07-23,540617.660889871,2018-07-27,通信,2018,30,0.5862068965517241
2018-07-30,-1207320.3309645762,2018-08-03,通信,2018,31,0.3333333333333333
2018-08-06,-3576228.392507948,2018-08-10,通信,2018,32,0.1935483870967742
2018-08-13,-1781280.2636546213,2018-08-17,通信,2018,33,0.3125
2018-08-20,-2764708.5292016915,2018-08-24,通信,2018,34,0.24242424242424243
2018-08-27,-288983.09947839705,2018-08-31,通信,2018,35,0.5
2018-09-03,1657414.396521195,2018-09-07,通信,2018,36,0.8285714285714286
2018-09-10,393801.7185311673,2018-09-14,通信,2018,37,0.6111111111111112
2018-09-17,3200148.932409544,2018-09-21,通信,2018,38,0.918918918918919
2018-09-24,2255586.6106667086,2018-09-28,通信,2018,39,0.868421052631579
2018-10-01,-2302734.2067549834,2018-10-05,通信,2018,40,0.28205128205128205
2018-10-08,-446813.2003472178,2018-10-12,通信,2018,41,0.45
2018-10-15,-2694254.37625224,2018-10-19,通信,2018,42,0.24390243902439024
2018-10-22,-2275707.918821133,2018-10-26,通信,2018,43,0.30952380952380953
2018-10-29,-284182.84870562446,2018-11-02,通信,2018,44,0.5116279069767442
2018-11-05,793472.2745075644,2018-11-09,通信,2018,45,0.6818181818181818
2018-11-12,-1669268.1676728374,2018-11-16,通信,2018,46,0.3333333333333333
2018-11-19,1260805.3839709105,2018-11-23,通信,2018,47,0.717391304347826
2018-11-26,-6674404.759736811,2018-11-30,通信,2018,48,0.0
2018-12-03,-982596.9248527271,2018-12-07,通信,2018,49,0.3958333333333333
2018-12-10,416647.47900839034,2018-12-14,通信,2018,50,0.6326530612244898
2018-12-17,2284427.8614976755,2018-12-21,通信,2018,51,0.9
2018-12-24,3419674.1511658393,2018-12-28,通信,2018,52,0.9411764705882353
2018-12-31,-2275204.6480002836,2019-01-04,通信,2018,1,0.28846153846153844
2019-01-07,3065781.033547888,2019-01-11,通信,2019,2,0.8867924528301887
2019-01-14,-1416454.3581458833,2019-01-18,通信,2019,3,0.35185185185185186
2019-01-21,-323781.1742089961,2019-01-25,通信,2019,4,0.4727272727272727
2019-01-28,-1785784.8374288816,2019-02-01,通信,2019,5,0.2857142857142857
2019-02-04,-787605.0472229844,2019-02-08,通信,2019,6,0.43859649122807015
2019-02-11,1260385.6031335727,2019-02-15,通信,2019,7,0.7068965517241379
2019-02-18,2507089.7904480533,2019-02-22,通信,2019,8,0.8813559322033898
2019-02-25,-1683777.78081985,2019-03-01,通信,2019,9,0.3
2019-03-04,1290175.0154730184,2019-03-08,通信,2019,10,0.7377049180327869
2019-03-11,-1652946.1132334708,2019-03-15,通信,2019,11,0.3225806451612903
2019-03-18,1156475.986931825,2019-03-22,通信,2019,12,0.6666666666666666
2019-03-25,-697160.3144056624,2019-03-29,通信,2019,13,0.4375
2019-04-01,-2993043.320532522,2019-04-05,通信,2019,14,0.12307692307692308
2019-04-08,976880.9451513534,2019-04-12,通信,2019,15,0.6666666666666666
2019-04-15,2242897.9986715047,2019-04-19,通信,2019,16,0.8507462686567164
2019-04-22,1356085.6574847486,2019-04-26,通信,2019,17,0.75
2019-04-29,977889.5794741092,2019-05-03,通信,2019,18,0.6521739130434783
2019-05-06,-4537565.16302422,2019-05-10,通信,2019,19,0.05714285714285714
2019-05-13,-1351832.236667234,2019-05-17,通信,2019,20,0.352112676056338
2019-05-20,1504253.4203144598,2019-05-24,通信,2019,21,0.7777777777777778
2019-05-27,-209537.24334826018,2019-05-31,通信,2019,22,0.5068493150684932
2019-06-03,-933092.91835977,2019-06-07,通信,2019,23,0.3783783783783784
2019-06-10,1397496.1427604076,2019-06-14,通信,2019,24,0.76
2019-06-17,-1555731.9148583137,2019-06-21,通信,2019,25,0.3026315789473684
2019-06-24,5513985.306645823,2019-06-28,通信,2019,26,1.0
2019-07-01,-3034334.626565843,2019-07-05,通信,2019,27,0.11538461538461539
2019-07-08,1296666.142433923,2019-07-12,通信,2019,28,0.7341772151898734
2019-07-15,1025475.3729713792,2019-07-19,通信,2019,29,0.65
2019-07-22,-5068302.735570518,2019-07-26,通信,2019,30,0.012345679012345678
2019-07-29,-1050136.4381377762,2019-08-02,通信,2019,31,0.36585365853658536
2019-08-05,-38418.90239722212,2019-08-09,通信,2019,32,0.5301204819277109
2019-08-12,2534934.6838689893,2019-08-16,通信,2019,33,0.9047619047619048
2019-08-19,-1296006.64440322,2019-08-23,通信,2019,34,0.3411764705882353
2019-08-26,-1848037.362652536,2019-08-30,通信,2019,35,0.23255813953488372
2019-09-02,1582310.4603330507,2019-09-06,通信,2019,36,0.7931034482758621
2019-09-09,1759711.1585391704,2019-09-13,通信,2019,37,0.8295454545454546
2019-09-16,-2078498.4394729864,2019-09-20,通信,2019,38,0.2247191011235955
2019-09-23,3300409.8898193548,2019-09-27,通信,2019,39,0.9444444444444444
2019-09-30,-3721089.203449716,2019-10-04,通信,2019,40,0.08791208791208792
2019-10-07,672295.0094229638,2019-10-11,通信,2019,41,0.5978260869565217
2019-10-14,2928749.843766396,2019-10-18,通信,2019,42,0.9032258064516129
2019-10-21,-84702.2878772052,2019-10-25,通信,2019,43,0.5
2019-10-28,-144094.18859196268,2019-11-01,通信,2019,44,0.49473684210526314
2019-11-04,153179.4193194998,2019-11-08,通信,2019,45,0.5416666666666666
2019-11-11,-686523.5625723109,2019-11-15,通信,2019,46,0.422680412371134
2019-11-18,-2377066.760622956,2019-11-22,通信,2019,47,0.17346938775510204
2019-11-25,2703575.412049938,2019-11-29,通信,2019,48,0.898989898989899
2019-12-02,842225.2644938148,2019-12-06,通信,2019,49,0.63
2019-12-09,542098.6737012039,2019-12-13,通信,2019,50,0.594059405940594
2019-12-16,2053547.7245007278,2019-12-20,通信,2019,51,0.8431372549019608
2019-12-23,996109.0281301875,2019-12-27,通信,2019,52,0.6504854368932039
2019-12-30,2220735.5254006647,2020-01-03,通信,2019,1,0.8461538461538461
2020-01-06,-474.5456804582209,2020-01-10,通信,2020,2,0.5
2020-01-13,-367897.45282315946,2020-01-17,通信,2020,3,0.41346153846153844
2020-01-20,-4180942.542824936,2020-01-24,通信,2020,4,0.04807692307692308
2020-01-27,63765.301182061085,2020-01-31,通信,2020,5,0.5096153846153846
2020-02-03,1465787.069048019,2020-02-07,通信,2020,6,0.7692307692307693
2020-02-10,5417305.629789198,2020-02-14,通信,2020,7,0.9903846153846154
2020-02-17,-990796.8424526227,2020-02-21,通信,2020,8,0.3269230769230769
2020-02-24,-2679169.618783831,2020-02-28,通信,2020,9,0.14423076923076922
2020-03-02,466576.4433427942,2020-03-06,通信,2020,10,0.5673076923076923
2020-03-09,-544003.8918382383,2020-03-13,通信,2020,11,0.3942307692307692
2020-03-16,88571.84526614466,2020-03-20,通信,2020,12,0.5096153846153846
2020-03-23,367066.09992785426,2020-03-27,通信,2020,13,0.5480769230769231
2020-03-30,-1153851.4095190906,2020-04-03,通信,2020,14,0.2980769230769231
2020-04-06,-1023044.251143399,2020-04-10,通信,2020,15,0.3076923076923077
2020-04-13,-1053629.4792400668,2020-04-17,通信,2020,16,0.2980769230769231
2020-04-20,4238070.9182433635,2020-04-24,通信,2020,17,0.9615384615384616
2020-04-27,-1106071.1618326472,2020-05-01,通信,2020,18,0.2980769230769231
2020-05-04,1840482.2996502917,2020-05-08,通信,2020,19,0.8269230769230769
2020-05-11,4207375.2116622785,2020-05-15,通信,2020,20,0.9519230769230769
2020-05-18,-927374.3050167381,2020-05-22,通信,2020,21,0.36538461538461536
2020-05-25,-5044643.322281852,2020-05-29,通信,2020,22,0.019230769230769232
2020-06-01,2691115.315445105,2020-06-05,通信,2020,23,0.8942307692307693
2020-06-08,1998559.165122399,2020-06-12,通信,2020,24,0.8173076923076923
2020-06-15,933505.0589034361,2020-06-19,通信,2020,25,0.6346153846153846
2020-06-22,-1764604.1570957236,2020-06-26,通信,2020,26,0.21153846153846154
2020-06-29,-1245804.0521175708,2020-07-03,通信,2020,27,0.27884615384615385
2020-07-06,-2142770.09818224,2020-07-10,通信,2020,28,0.15384615384615385
2020-07-13,1015692.1785961273,2020-07-17,通信,2020,29,0.6730769230769231
2020-07-20,800790.9058151407,2020-07-24,通信,2020,30,0.625
2020-07-27,2858280.4325494347,2020-07-31,通信,2020,31,0.9134615384615384
2020-08-03,-322145.48153551994,2020-08-07,通信,2020,32,0.4423076923076923
2020-08-10,105218.04228663526,2020-08-14,通信,2020,33,0.5288461538461539
2020-08-17,-2488904.0459625153,2020-08-21,通信,2020,34,0.10576923076923077
2020-08-24,-2131625.9387141378,2020-08-28,通信,2020,35,0.15384615384615385
2020-08-31,2342425.4883445944,2020-09-04,通信,2020,36,0.8653846153846154
2020-09-07,-1623014.7091088635,2020-09-11,通信,2020,37,0.23076923076923078
2020-09-14,-3398546.0631993315,2020-09-18,通信,2020,38,0.057692307692307696
2020-09-21,-1405003.6772247057,2020-09-25,通信,2020,39,0.2692307692307692
2020-09-28,2379339.942889913,2020-10-02,通信,2020,40,0.875
2020-10-05,-1699209.200160919,2020-10-09,通信,2020,41,0.20192307692307693
2020-10-12,-457654.37673169695,2020-10-16,通信,2020,42,0.4326923076923077
2020-10-19,-648187.9095900919,2020-10-23,通信,2020,43,0.41346153846153844
2020-10-26,1766557.296736873,2020-10-30,通信,2020,44,0.7980769230769231
2020-11-02,2892257.724081631,2020-11-06,通信,2020,45,0.9230769230769231
2020-11-09,2004793.462953312,2020-11-13,通信,2020,46,0.8076923076923077
2020-11-16,1711522.6497447658,2020-11-20,通信,2020,47,0.7596153846153846
2020-11-23,1992263.955554221,2020-11-27,通信,2020,48,0.7884615384615384
2020-11-30,2672978.4211791344,2020-12-04,通信,2020,49,0.8846153846153846
2020-12-07,-2696378.7721126364,2020-12-11,通信,2020,50,0.07692307692307693
2020-12-14,963285.7811361336,2020-12-18,通信,2020,51,0.5961538461538461
2020-12-21,-2227182.174883507,2020-12-25,通信,2020,52,0.125
2020-12-28,-321511.41897937306,2021-01-01,通信,2020,53,0.4519230769230769
2021-01-04,1573316.3551481056,2021-01-08,通信,2021,1,0.7403846153846154
2021-01-11,-1237392.9901256775,2021-01-15,通信,2021,2,0.27884615384615385
2021-01-18,-843604.1404729148,2021-01-22,通信,2021,3,0.3557692307692308
2021-01-25,472824.6286842185,2021-01-29,通信,2021,4,0.5576923076923077
2021-02-01,1656926.1866380814,2021-02-05,通信,2021,5,0.7596153846153846
2021-02-08,-1296720.2885611737,2021-02-12,通信,2021,6,0.2403846153846154
2021-02-15,-3112373.7141015856,2021-02-19,通信,2021,7,0.057692307692307696
2021-02-22,-1696583.6350630547,2021-02-26,通信,2021,8,0.19230769230769232
2021-03-01,4330027.154190563,2021-03-05,通信,2021,9,0.9807692307692307
2021-03-08,-2270034.054562849,2021-03-12,通信,2021,10,0.125
2021-03-15,411867.3632085689,2021-03-19,通信,2021,11,0.5480769230769231
2021-03-22,-1140238.565916821,2021-03-26,通信,2021,12,0.2980769230769231
2021-03-29,-2397209.904832401,2021-04-02,通信,2021,13,0.11538461538461539
2021-04-05,2080137.6683897886,2021-04-09,通信,2021,14,0.8365384615384616
2021-04-12,-240777.82391368365,2021-04-16,通信,2021,15,0.4519230769230769
2021-04-19,4602958.3838216,2021-04-23,通信,2021,16,0.9807692307692307
2021-04-26,-1508076.0674815725,2021-04-30,通信,2021,17,0.23076923076923078
2021-05-03,-1423396.8391648876,2021-05-07,通信,2021,18,0.2403846153846154
2021-05-10,-3311980.6185767823,2021-05-14,通信,2021,19,0.04807692307692308
2021-05-17,1243895.4146418818,2021-05-21,通信,2021,20,0.6826923076923077
2021-05-24,-1834270.1224825296,2021-05-28,通信,2021,21,0.18269230769230768
2021-05-31,-1164727.5318085076,2021-06-04,通信,2021,22,0.3076923076923077
2021-06-07,-3482034.470638423,2021-06-11,通信,2021,23,0.038461538461538464
2021-06-14,-4824378.348878862,2021-06-18,通信,2021,24,0.019230769230769232
2021-06-21,-134206.76149477414,2021-06-25,通信,2021,25,0.5
2021-06-28,-2955433.0339102433,2021-07-02,通信,2021,26,0.09615384615384616
2021-07-05,2075676.1903045694,2021-07-09,通信,2021,27,0.8365384615384616
2021-07-12,-889725.4358255757,2021-07-16,通信,2021,28,0.40384615384615385
2021-07-19,1045278.7852287765,2021-07-23,通信,2021,29,0.7019230769230769
2021-07-26,1133607.8579449689,2021-07-30,通信,2021,30,0.7019230769230769
2021-08-02,56257.14848724683,2021-08-06,通信,2021,31,0.5288461538461539
2021-08-09,3071964.668721339,2021-08-13,通信,2021,32,0.9423076923076923
2021-08-16,-375867.9429478759,2021-08-20,通信,2021,33,0.4423076923076923
2021-08-23,5452831.011936351,2021-08-27,通信,2021,34,1.0
2021-08-30,-1191695.9876913857,2021-09-03,通信,2021,35,0.28846153846153844
2021-09-06,-1609373.4959086343,2021-09-10,通信,2021,36,0.23076923076923078
2021-09-13,-2949435.561645985,2021-09-17,通信,2021,37,0.08653846153846154
2021-09-20,1264349.2459187293,2021-09-24,通信,2021,38,0.7211538461538461
2021-09-27,1506957.1896209298,2021-10-01,通信,2021,39,0.7403846153846154
2021-10-04,1057540.493675581,2021-10-08,通信,2021,40,0.6923076923076923
2021-10-11,-4833883.267489922,2021-10-15,通信,2021,41,0.009615384615384616
2021-10-18,-1449574.4798023016,2021-10-22,通信,2021,42,0.25
2021-10-25,3116495.496466542,2021-10-29,通信,2021,43,0.9423076923076923
2021-11-01,1201666.1351205825,2021-11-05,通信,2021,44,0.7019230769230769
2021-11-08,1914202.07696172,2021-11-12,通信,2021,45,0.7884615384615384
2021-11-15,-2083895.0288184946,2021-11-19,通信,2021,46,0.18269230769230768
2021-11-22,2509339.2520919936,2021-11-26,通信,2021,47,0.875
2021-11-29,2032461.7903745475,2021-12-03,通信,2021,48,0.8173076923076923
2021-12-06,-1326526.7328856806,2021-12-10,通信,2021,49,0.27884615384615385
2021-12-13,-3227071.519852092,2021-12-17,通信,2021,50,0.0673076923076923
2021-12-20,-2095100.5370699372,2021-12-24,通信,2021,51,0.18269230769230768
2021-12-27,-667238.5903657182,2021-12-31,通信,2021,52,0.4423076923076923
2022-01-03,1838510.467192768,2022-01-07,通信,2022,1,0.7788461538461539
2022-01-10,-2936818.0019068373,2022-01-14,通信,2022,2,0.10576923076923077
2022-01-17,1527413.4786379987,2022-01-21,通信,2022,3,0.7307692307692307
2022-01-24,2125802.634019806,2022-01-28,通信,2022,4,0.8557692307692307
2022-01-31,-1615185.4379689768,2022-02-04,通信,2022,5,0.25
2022-02-07,3154610.1279239,2022-02-11,通信,2022,6,0.9423076923076923
2022-02-14,-479940.0658784808,2022-02-18,通信,2022,7,0.4807692307692308
2022-02-21,-926991.2780876132,2022-02-25,通信,2022,8,0.4230769230769231
2022-02-28,-660914.545422045,2022-03-04,通信,2022,9,0.4519230769230769
2022-03-07,-3397870.955344889,2022-03-11,通信,2022,10,0.04807692307692308
2022-03-14,-3719836.807436008,2022-03-18,通信,2022,11,0.028846153846153848
2022-03-21,1310386.253964956,2022-03-25,通信,2022,12,0.7019230769230769
2022-03-28,-951769.267917586,2022-04-01,通信,2022,13,0.4230769230769231
2022-04-04,3010500.5851688487,2022-04-08,通信,2022,14,0.9230769230769231
2022-04-11,5031698.849582168,2022-04-15,通信,2022,15,0.9903846153846154
2022-04-18,-1036715.8832769685,2022-04-22,通信,2022,16,0.3942307692307692
2022-04-25,195986.3349784934,2022-04-29,通信,2022,17,0.5673076923076923
2022-05-02,423196.09680269635,2022-05-06,通信,2022,18,0.5769230769230769
2022-05-09,159455.65070445352,2022-05-13,通信,2022,19,0.5576923076923077
2022-05-16,-1130135.342560415,2022-05-20,通信,2022,20,0.38461538461538464
2022-05-23,385267.7195424901,2022-05-27,通信,2022,21,0.5769230769230769
2022-05-30,1773868.1932581733,2022-06-03,通信,2022,22,0.7692307692307693
2022-06-06,-669110.4445463885,2022-06-10,通信,2022,23,0.4326923076923077
2022-06-13,-595628.3074893046,2022-06-17,通信,2022,24,0.47115384615384615
2022-06-20,384706.4559476136,2022-06-24,通信,2022,25,0.5865384615384616
2022-06-27,-6228485.816250811,2022-07-01,通信,2022,26,0.0
2022-07-04,-1637550.1305087337,2022-07-08,通信,2022,27,0.2403846153846154
2022-07-11,1966965.332931729,2022-07-15,通信,2022,28,0.8076923076923077
2022-07-18,-3091643.699451145,2022-07-22,通信,2022,29,0.09615384615384616
2022-07-25,-2259200.293625714,2022-07-29,通信,2022,30,0.17307692307692307
2022-08-01,2081089.9323100734,2022-08-05,通信,2022,31,0.8653846153846154
2022-08-08,-3276478.0534463306,2022-08-12,通信,2022,32,0.07692307692307693
2022-08-15,-1919527.2027622177,2022-08-19,通信,2022,33,0.23076923076923078
2022-08-22,448293.7706819994,2022-08-26,通信,2022,34,0.625
2022-08-29,-3920009.0343475244,2022-09-02,通信,2022,35,0.028846153846153848
2022-09-05,-2584116.0742609566,2022-09-09,通信,2022,36,0.16346153846153846
2022-09-12,2971380.0014964053,2022-09-16,通信,2022,37,0.9230769230769231
2022-09-19,-995422.6547515175,2022-09-23,通信,2022,38,0.40384615384615385
2022-09-26,381605.2392911595,2022-09-30,通信,2022,39,0.5769230769230769
2022-10-03,3960638.541878942,2022-10-07,通信,2022,40,0.9615384615384616
2022-10-10,-686481.521860057,2022-10-14,通信,2022,41,0.4326923076923077
2022-10-17,-2211311.2101933667,2022-10-21,通信,2022,42,0.20192307692307693
2022-10-24,-1720040.5574127757,2022-10-28,通信,2022,43,0.25
2022-10-31,1269270.9010283384,2022-11-04,通信,2022,44,0.7115384615384616
2022-11-07,-3192419.4661500156,2022-11-11,通信,2022,45,0.09615384615384616
2022-11-14,-2733783.188796917,2022-11-18,通信,2022,46,0.15384615384615385
2022-11-21,207735.2376810494,2022-11-25,通信,2022,47,0.5961538461538461
2022-11-28,1422419.0682282336,2022-12-02,通信,2022,48,0.7596153846153846
2022-12-05,164355.4361831239,2022-12-09,通信,2022,49,0.5865384615384616
2022-12-12,2594248.176837838,2022-12-16,通信,2022,50,0.9038461538461539
2022-12-19,-4128945.304155372,2022-12-23,通信,2022,51,0.028846153846153848
2022-12-26,-296369.5841221014,2022-12-30,通信,2022,52,0.5384615384615384
2023-01-02,1499854.3739150618,2023-01-06,通信,2023,1,0.7596153846153846
2023-01-09,1235841.0593271258,2023-01-13,通信,2023,2,0.7115384615384616
2023-01-16,-2220909.146958136,2023-01-20,通信,2023,3,0.21153846153846154
2023-01-23,-2327493.3578715427,2023-01-27,通信,2023,4,0.19230769230769232
2023-01-30,-1419331.4789303963,2023-02-03,通信,2023,5,0.3557692307692308
2023-02-06,-2773370.721529741,2023-02-10,通信,2023,6,0.16346153846153846
2023-02-13,1939354.63893029,2023-02-17,通信,2023,7,0.8269230769230769
2023-02-20,2681463.769813043,2023-02-24,通信,2023,8,0.9038461538461539
2023-02-27,2021311.4472824307,2023-03-03,通信,2023,9,0.8269230769230769
2023-03-06,-3092998.8526172806,2023-03-10,通信,2023,10,0.11538461538461539
2023-03-13,-1795004.4393128874,2023-03-17,通信,2023,11,0.27884615384615385
2023-03-20,138923.05320010975,2023-03-24,通信,2023,12,0.5673076923076923
2023-03-27,1512455.374688664,2023-03-31,通信,2023,13,0.7692307692307693
2023-04-03,-547884.0519417819,2023-04-07,通信,2023,14,0.49038461538461536
2023-04-10,-125613.24981711898,2023-04-14,通信,2023,15,0.5480769230769231
2023-04-17,-2101959.0784590202,2023-04-21,通信,2023,16,0.23076923076923078
2023-04-24,384022.8916044555,2023-04-28,通信,2023,17,0.625
2023-05-01,390807.9373386421,2023-05-05,通信,2023,18,0.6442307692307693
2023-05-08,-722871.8963317065,2023-05-12,通信,2023,19,0.4326923076923077
2023-05-15,-2263881.506860043,2023-05-19,通信,2023,20,0.19230769230769232
2023-05-22,-3727502.6709486945,2023-05-26,通信,2023,21,0.04807692307692308
2023-05-29,923331.4394209054,2023-06-02,通信,2023,22,0.6730769230769231
2023-06-05,2429851.5164387682,2023-06-09,通信,2023,23,0.8942307692307693
2023-06-12,2170224.0623254445,2023-06-16,通信,2023,24,0.8846153846153846
2023-06-19,-182560.10160577844,2023-06-23,通信,2023,25,0.5
2023-06-26,-2611976.3432720937,2023-06-30,通信,2023,26,0.16346153846153846
2023-07-03,-1724099.6773076523,2023-07-07,通信,2023,27,0.2692307692307692
2023-07-10,-630960.1537999779,2023-07-14,通信,2023,28,0.46153846153846156
2023-07-17,-648198.7430712857,2023-07-21,通信,2023,29,0.4519230769230769
2023-07-24,3987159.235579762,2023-07-28,通信,2023,30,0.9807692307692307
2023-07-31,2182014.2094707186,2023-08-04,通信,2023,31,0.875
2023-08-07,809410.5524342364,2023-08-11,通信,2023,32,0.6538461538461539
2023-08-14,2304915.9899475756,2023-08-18,通信,2023,33,0.8846153846153846
2023-08-21,898957.7622911594,2023-08-25,通信,2023,34,0.6538461538461539
2023-08-28,-1312563.6819125605,2023-09-01,通信,2023,35,0.34615384615384615
2023-09-04,3829539.7501561367,2023-09-08,通信,2023,36,0.9711538461538461
2023-09-11,914639.5251059534,2023-09-15,通信,2023,37,0.6538461538461539
2023-09-18,-2087734.943200391,2023-09-22,通信,2023,38,0.23076923076923078
2023-09-25,-4575085.28987301,2023-09-29,通信,2023,39,0.019230769230769232
2023-10-02,-2341179.637531407,2023-10-06,通信,2023,40,0.17307692307692307
2023-10-09,-1333479.7668307137,2023-10-13,通信,2023,41,0.34615384615384615
2023-10-16,1233187.2234957558,2023-10-20,通信,2023,42,0.7019230769230769
2023-10-23,1779012.4022701443,2023-10-27,通信,2023,43,0.7788461538461539
2023-10-30,2347534.691448693,2023-11-03,通信,2023,44,0.8942307692307693
2023-11-06,3913106.018673292,2023-11-10,通信,2023,45,0.9711538461538461
2023-11-13,-6217069.460641738,2023-11-17,通信,2023,46,0.009615384615384616
2023-11-20,2061995.4201940382,2023-11-24,通信,2023,47,0.8269230769230769
2023-11-27,-2720773.1301233675,2023-12-01,通信,2023,48,0.15384615384615385
2023-12-04,388995.7866562219,2023-12-08,通信,2023,49,0.625
2023-12-11,-316312.198377882,2023-12-15,通信,2023,50,0.5
2023-12-18,-896734.7396924698,2023-12-22,通信,2023,51,0.3942307692307692
2023-12-25,-150658.92483542746,2023-12-29,通信,2023,52,0.5192307692307693
2024-01-01,-1948815.5873494206,2024-01-05,通信,2024,1,0.25
2024-01-08,-488934.553926494,2024-01-12,通信,2024,2,0.4807692307692308
2024-01-15,302540.1362546564,2024-01-19,通信,2024,3,0.5865384615384616
2024-01-22,-544436.2178669318,2024-01-26,通信,2024,4,0.47115384615384615
2024-01-29,-396492.12473205617,2024-02-02,通信,2024,5,0.5
2024-02-05,-2445798.6326967375,2024-02-09,通信,2024,6,0.16346153846153846
2024-02-12,-3184079.1060166126,2024-02-16,通信,2024,7,0.09615384615384616
2024-02-19,2770018.2457063575,2024-02-23,通信,2024,8,0.9326923076923077
2024-02-26,2629926.589749976,2024-03-01,通信,2024,9,0.9134615384615384
2024-03-04,1115591.985982277,2024-03-08,通信,2024,10,0.7115384615384616
2024-03-11,-1266528.9212900107,2024-03-15,通信,2024,11,0.33653846153846156
2024-03-18,2771621.1283843415,2024-03-22,通信,2024,12,0.9326923076923077
2024-03-25,-477624.9006769658,2024-03-29,通信,2024,13,0.47115384615384615
2024-04-01,-3449638.9616461084,2024-04-05,通信,2024,14,0.057692307692307696
2024-04-08,-1160703.423589433,2024-04-12,通信,2024,15,0.34615384615384615
2024-04-15,-1092501.163107189,2024-04-19,通信,2024,16,0.36538461538461536
2024-04-22,-2283548.9484265037,2024-04-26,通信,2024,17,0.19230769230769232
2024-04-29,-95637.91661824135,2024-05-03,通信,2024,18,0.5576923076923077
2024-05-06,837503.239911458,2024-05-10,通信,2024,19,0.6923076923076923
2024-05-13,-1715658.029498123,2024-05-17,通信,2024,20,0.3076923076923077
2024-05-20,-3972963.953068916,2024-05-24,通信,2024,21,0.038461538461538464
2024-05-27,-2450329.374844228,2024-05-31,通信,2024,22,0.17307692307692307
2024-06-03,1558606.4869031329,2024-06-07,通信,2024,23,0.7980769230769231
2024-06-10,-3811523.1889225994,2024-06-14,通信,2024,24,0.057692307692307696
2024-06-17,-1193319.053995061,2024-06-21,通信,2024,25,0.3942307692307692
2024-06-24,-212105.284684113,2024-06-28,通信,2024,26,0.5480769230769231
2024-07-01,2089971.699283538,2024-07-05,通信,2024,27,0.8557692307692307
2024-07-08,1323789.6556584395,2024-07-12,通信,2024,28,0.75
2024-07-15,-385459.5335487211,2024-07-19,通信,2024,29,0.5096153846153846
2024-07-22,-1628311.514023538,2024-07-26,通信,2024,30,0.3269230769230769
2024-07-29,-1380903.4037619443,2024-07-31,通信,2024,31,0.33653846153846156
2018-01-01,651992.7824356873,2018-01-05,钢铁,2018,1,
2018-01-08,-591063.8825645362,2018-01-12,钢铁,2018,2,0.0
2018-01-15,1812310.9294194528,2018-01-19,钢铁,2018,3,1.0
2018-01-22,-3723265.4549962906,2018-01-26,钢铁,2018,4,0.0
2018-01-29,-2346584.817123748,2018-02-02,钢铁,2018,5,0.25
2018-02-05,3727957.7623484037,2018-02-09,钢铁,2018,6,1.0
2018-02-12,2446320.8965380206,2018-02-16,钢铁,2018,7,0.8333333333333334
2018-02-19,238794.92961422855,2018-02-23,钢铁,2018,8,0.42857142857142855
2018-02-26,861084.9177916807,2018-03-02,钢铁,2018,9,0.625
2018-03-05,1077344.9705346313,2018-03-09,钢铁,2018,10,0.6666666666666666
2018-03-12,-2199594.043203703,2018-03-16,钢铁,2018,11,0.2
2018-03-19,-1714403.8144252498,2018-03-23,钢铁,2018,12,0.2727272727272727
2018-03-26,357238.1086112672,2018-03-30,钢铁,2018,13,0.5
2018-04-02,-3690661.3585572094,2018-04-06,钢铁,2018,14,0.07692307692307693
2018-04-09,518231.7060928345,2018-04-13,钢铁,2018,15,0.5714285714285714
2018-04-16,-3067123.737613052,2018-04-20,钢铁,2018,16,0.13333333333333333
2018-04-23,8358322.898826243,2018-04-27,钢铁,2018,17,1.0
2018-04-30,-798201.8711529637,2018-05-04,钢铁,2018,18,0.35294117647058826
2018-05-07,2500492.73274838,2018-05-11,钢铁,2018,19,0.8888888888888888
2018-05-14,-1527877.0358269354,2018-05-18,钢铁,2018,20,0.3157894736842105
2018-05-21,-504479.0038991448,2018-05-25,钢铁,2018,21,0.45
2018-05-28,-2930020.157815427,2018-06-01,钢铁,2018,22,0.14285714285714285
2018-06-04,-1110681.2883270811,2018-06-08,钢铁,2018,23,0.36363636363636365
2018-06-11,-1399095.7404734034,2018-06-15,钢铁,2018,24,0.34782608695652173
2018-06-18,-2606214.9960598783,2018-06-22,钢铁,2018,25,0.16666666666666666
2018-06-25,2887228.1157067614,2018-06-29,钢铁,2018,26,0.92
2018-07-02,-184943.94587296539,2018-07-06,钢铁,2018,27,0.5384615384615384
2018-07-09,-1814803.6831503003,2018-07-13,钢铁,2018,28,0.25925925925925924
2018-07-16,4025194.922216325,2018-07-20,钢铁,2018,29,0.9642857142857143
2018-07-23,3636062.052708651,2018-07-27,钢铁,2018,30,0.896551724137931
2018-07-30,3708907.9226632235,2018-08-03,钢铁,2018,31,0.9
2018-08-06,65260.59187391988,2018-08-10,钢铁,2018,32,0.5161290322580645
2018-08-13,1827668.18493583,2018-08-17,钢铁,2018,33,0.75
2018-08-20,3491592.7141526877,2018-08-24,钢铁,2018,34,0.8484848484848485
2018-08-27,-1644159.178841219,2018-08-31,钢铁,2018,35,0.2647058823529412
2018-09-03,-3489966.6204912458,2018-09-07,钢铁,2018,36,0.05714285714285714
2018-09-10,-992965.0181010148,2018-09-14,钢铁,2018,37,0.3888888888888889
2018-09-17,-2663156.548699325,2018-09-21,钢铁,2018,38,0.13513513513513514
2018-09-24,-262065.70600415883,2018-09-28,钢铁,2018,39,0.5
2018-10-01,1947968.8816443426,2018-10-05,钢铁,2018,40,0.7692307692307693
2018-10-08,-3995940.5323371137,2018-10-12,钢铁,2018,41,0.0
2018-10-15,-504895.1924278773,2018-10-19,钢铁,2018,42,0.4634146341463415
2018-10-22,-1888742.7121464913,2018-10-26,钢铁,2018,43,0.23809523809523808
2018-10-29,1156060.9039318354,2018-11-02,钢铁,2018,44,0.7209302325581395
2018-11-05,-157247.53804417394,2018-11-09,钢铁,2018,45,0.5454545454545454
2018-11-12,120575.83468945656,2018-11-16,钢铁,2018,46,0.5777777777777777
2018-11-19,-2193416.175373026,2018-11-23,钢铁,2018,47,0.21739130434782608
2018-11-26,572132.4373560735,2018-11-30,钢铁,2018,48,0.6595744680851063
2018-12-03,4666825.474254238,2018-12-07,钢铁,2018,49,0.9791666666666666
2018-12-10,-2500352.13428721,2018-12-14,钢铁,2018,50,0.16326530612244897
2018-12-17,3480585.9882003544,2018-12-21,钢铁,2018,51,0.86
2018-12-24,-3162034.936147833,2018-12-28,钢铁,2018,52,0.0784313725490196
2018-12-31,905226.4001371132,2019-01-04,钢铁,2018,1,0.6923076923076923
2019-01-07,2969321.921948556,2019-01-11,钢铁,2019,2,0.8490566037735849
2019-01-14,-161669.84106068523,2019-01-18,钢铁,2019,3,0.5
2019-01-21,-1675008.7747348188,2019-01-25,钢铁,2019,4,0.2909090909090909
2019-01-28,4956732.735193111,2019-02-01,钢铁,2019,5,0.9821428571428571
2019-02-04,-2993871.348496603,2019-02-08,钢铁,2019,6,0.10526315789473684
2019-02-11,-1923901.9793629646,2019-02-15,钢铁,2019,7,0.2413793103448276
2019-02-18,1732358.6287819892,2019-02-22,钢铁,2019,8,0.7288135593220338
2019-02-25,2744161.1558936597,2019-03-01,钢铁,2019,9,0.8166666666666667
2019-03-04,-1805996.321574057,2019-03-08,钢铁,2019,10,0.2786885245901639
2019-03-11,-1847637.0773226318,2019-03-15,钢铁,2019,11,0.25806451612903225
2019-03-18,-3802529.8361557936,2019-03-22,钢铁,2019,12,0.015873015873015872
2019-03-25,1932548.720509265,2019-03-29,钢铁,2019,13,0.765625
2019-04-01,-1680343.1800007503,2019-04-05,钢铁,2019,14,0.3230769230769231
2019-04-08,-913290.8105545652,2019-04-12,钢铁,2019,15,0.42424242424242425
2019-04-15,1138809.3836855025,2019-04-19,钢铁,2019,16,0.7014925373134329
2019-04-22,-4757278.338033841,2019-04-26,钢铁,2019,17,0.0
2019-04-29,2108687.878493062,2019-05-03,钢铁,2019,18,0.7971014492753623
2019-05-06,230495.70951087782,2019-05-10,钢铁,2019,19,0.5714285714285714
2019-05-13,2141584.7779376823,2019-05-17,钢铁,2019,20,0.8028169014084507
2019-05-20,-1123472.3122630964,2019-05-24,钢铁,2019,21,0.375
2019-05-27,696004.0814353985,2019-05-31,钢铁,2019,22,0.6438356164383562
2019-06-03,280169.4321673666,2019-06-07,钢铁,2019,23,0.581081081081081
2019-06-10,-1009228.0867374382,2019-06-14,钢铁,2019,24,0.38666666666666666
2019-06-17,3630938.39278489,2019-06-21,钢铁,2019,25,0.9078947368421053
2019-06-24,-525420.6138457842,2019-06-28,钢铁,2019,26,0.44155844155844154
2019-07-01,-2409888.933080864,2019-07-05,钢铁,2019,27,0.16666666666666666
2019-07-08,2355694.4837526088,2019-07-12,钢铁,2019,28,0.810126582278481
2019-07-15,-263070.2623779125,2019-07-19,钢铁,2019,29,0.475
2019-07-22,3494373.741183262,2019-07-26,钢铁,2019,30,0.9012345679012346
2019-07-29,-237626.90386810387,2019-08-02,钢铁,2019,31,0.4878048780487805
2019-08-05,-1069325.138576032,2019-08-09,钢铁,2019,32,0.3614457831325301
2019-08-12,2772753.3803686155,2019-08-16,钢铁,2019,33,0.8452380952380952
2019-08-19,489507.73546517827,2019-08-23,钢铁,2019,34,0.6
2019-08-26,-1971775.8304268322,2019-08-30,钢铁,2019,35,0.19767441860465115
2019-09-02,969959.6318623463,2019-09-06,钢铁,2019,36,0.6781609195402298
2019-09-09,4246936.479641417,2019-09-13,钢铁,2019,37,0.9659090909090909
2019-09-16,-3426742.23710804,2019-09-20,钢铁,2019,38,0.06741573033707865
2019-09-23,679129.4140742032,2019-09-27,钢铁,2019,39,0.6333333333333333
2019-09-30,3142653.832271007,2019-10-04,钢铁,2019,40,0.8681318681318682
2019-10-07,-4585227.879279221,2019-10-11,钢铁,2019,41,0.010869565217391304
2019-10-14,2200117.3366818526,2019-10-18,钢铁,2019,42,0.7849462365591398
2019-10-21,-1089650.4917726957,2019-10-25,钢铁,2019,43,0.35106382978723405
2019-10-28,39061.122286781436,2019-11-01,钢铁,2019,44,0.5157894736842106
2019-11-04,-1199629.8668175733,2019-11-08,钢铁,2019,45,0.3229166666666667
2019-11-11,17963.25844205194,2019-11-15,钢铁,2019,46,0.5154639175257731
2019-11-18,-842832.263177148,2019-11-22,钢铁,2019,47,0.3979591836734694
2019-11-25,7083.650039544329,2019-11-29,钢铁,2019,48,0.5151515151515151
2019-12-02,749772.6111176496,2019-12-06,钢铁,2019,49,0.66
2019-12-09,295652.33172867016,2019-12-13,钢铁,2019,50,0.5841584158415841
2019-12-16,-120879.99234714522,2019-12-20,钢铁,2019,51,0.5
2019-12-23,1066058.9140857914,2019-12-27,钢铁,2019,52,0.6990291262135923
2019-12-30,-1182478.5687059164,2020-01-03,钢铁,2019,1,0.3076923076923077
2020-01-06,175050.4829254885,2020-01-10,钢铁,2020,2,0.5576923076923077
2020-01-13,3264058.0442925855,2020-01-17,钢铁,2020,3,0.8846153846153846
2020-01-20,-1522631.920725091,2020-01-24,钢铁,2020,4,0.28846153846153844
2020-01-27,4393702.960899326,2020-01-31,钢铁,2020,5,0.9711538461538461
2020-02-03,3632149.145134459,2020-02-07,钢铁,2020,6,0.9134615384615384
2020-02-10,-1012935.2131844707,2020-02-14,钢铁,2020,7,0.34615384615384615
2020-02-17,2403524.889187129,2020-02-21,钢铁,2020,8,0.8076923076923077
2020-02-24,-3341061.1956709316,2020-02-28,钢铁,2020,9,0.0673076923076923
2020-03-02,-1237858.6882655038,2020-03-06,钢铁,2020,10,0.2980769230769231
2020-03-09,455.6966056522506,2020-03-13,钢铁,2020,11,0.5192307692307693
2020-03-16,-1347493.7209805169,2020-03-20,钢铁,2020,12,0.28846153846153844
2020-03-23,1596770.416180964,2020-03-27,钢铁,2020,13,0.7211538461538461
2020-03-30,1237107.3308781628,2020-04-03,钢铁,2020,14,0.7115384615384616
2020-04-06,-680333.071068346,2020-04-10,钢铁,2020,15,0.40384615384615385
2020-04-13,-1450005.87234236,2020-04-17,钢铁,2020,16,0.25961538461538464
2020-04-20,-1630345.877849683,2020-04-24,钢铁,2020,17,0.23076923076923078
2020-04-27,-450712.094278489,2020-05-01,钢铁,2020,18,0.4519230769230769
2020-05-04,1993728.5619257123,2020-05-08,钢铁,2020,19,0.7692307692307693
2020-05-11,-289612.73917658033,2020-05-15,钢铁,2020,20,0.4519230769230769
2020-05-18,809945.9437002228,2020-05-22,钢铁,2020,21,0.6634615384615384
2020-05-25,-504760.553818992,2020-05-29,钢铁,2020,22,0.4230769230769231
2020-06-01,-149488.9575397959,2020-06-05,钢铁,2020,23,0.5
2020-06-08,-1846437.8190563316,2020-06-12,钢铁,2020,24,0.17307692307692307
2020-06-15,6021014.068884908,2020-06-19,钢铁,2020,25,1.0
2020-06-22,247153.54767257115,2020-06-26,钢铁,2020,26,0.5769230769230769
2020-06-29,1717694.080456951,2020-07-03,钢铁,2020,27,0.7307692307692307
2020-07-06,-735875.739220619,2020-07-10,钢铁,2020,28,0.36538461538461536
2020-07-13,-771300.175354851,2020-07-17,钢铁,2020,29,0.3557692307692308
2020-07-20,-85330.72486299498,2020-07-24,钢铁,2020,30,0.5
2020-07-27,4011513.523005603,2020-07-31,钢铁,2020,31,0.9519230769230769
2020-08-03,-1696736.3797226248,2020-08-07,钢铁,2020,32,0.18269230769230768
2020-08-10,-798755.9436233871,2020-08-14,钢铁,2020,33,0.36538461538461536
2020-08-17,2008104.980317465,2020-08-21,钢铁,2020,34,0.7980769230769231
2020-08-24,-865822.259821019,2020-08-28,钢铁,2020,35,0.3557692307692308
2020-08-31,-2236199.9431770514,2020-09-04,钢铁,2020,36,0.11538461538461539
2020-09-07,-586917.3460090549,2020-09-11,钢铁,2020,37,0.40384615384615385
2020-09-14,1233796.377150797,2020-09-18,钢铁,2020,38,0.7307692307692307
2020-09-21,-678637.5892442334,2020-09-25,钢铁,2020,39,0.38461538461538464
2020-09-28,1170236.7598602986,2020-10-02,钢铁,2020,40,0.7211538461538461
2020-10-05,1650841.0745196377,2020-10-09,钢铁,2020,41,0.7596153846153846
2020-10-12,-1302452.134707088,2020-10-16,钢铁,2020,42,0.23076923076923078
2020-10-19,-1037155.4242858397,2020-10-23,钢铁,2020,43,0.2980769230769231
2020-10-26,-47578.307406068896,2020-10-30,钢铁,2020,44,0.5096153846153846
2020-11-02,1655870.4090540297,2020-11-06,钢铁,2020,45,0.7596153846153846
2020-11-09,426056.077773858,2020-11-13,钢铁,2020,46,0.6057692307692307
2020-11-16,1502215.2570510681,2020-11-20,钢铁,2020,47,0.7307692307692307
2020-11-23,-4964253.718351711,2020-11-27,钢铁,2020,48,0.0
2020-11-30,2694999.171722131,2020-12-04,钢铁,2020,49,0.8557692307692307
2020-12-07,-1821579.2744722131,2020-12-11,钢铁,2020,50,0.14423076923076922
2020-12-14,3051628.1918923827,2020-12-18,钢铁,2020,51,0.8942307692307693
2020-12-21,-2021983.3875464653,2020-12-25,钢铁,2020,52,0.09615384615384616
2020-12-28,-2761490.7303531766,2021-01-01,钢铁,2020,53,0.0673076923076923
2021-01-04,1486226.010292062,2021-01-08,钢铁,2021,1,0.7211538461538461
2021-01-11,350822.367904927,2021-01-15,钢铁,2021,2,0.6057692307692307
2021-01-18,-933174.9112337972,2021-01-22,钢铁,2021,3,0.3269230769230769
2021-01-25,2195101.86040901,2021-01-29,钢铁,2021,4,0.8365384615384616
2021-02-01,-2861157.404093307,2021-02-05,钢铁,2021,5,0.0673076923076923
2021-02-08,1170502.7132208026,2021-02-12,钢铁,2021,6,0.7019230769230769
2021-02-15,-2274039.597025847,2021-02-19,钢铁,2021,7,0.08653846153846154
2021-02-22,-2057359.6465179247,2021-02-26,钢铁,2021,8,0.10576923076923077
2021-03-01,2303417.486462461,2021-03-05,钢铁,2021,9,0.8653846153846154
2021-03-08,4618860.67194572,2021-03-12,钢铁,2021,10,0.9903846153846154
2021-03-15,3464314.7962861247,2021-03-19,钢铁,2021,11,0.9230769230769231
2021-03-22,-1207814.2896771706,2021-03-26,钢铁,2021,12,0.22115384615384615
2021-03-29,1032472.41063805,2021-04-02,钢铁,2021,13,0.6634615384615384
2021-04-05,427777.39372402645,2021-04-09,钢铁,2021,14,0.5961538461538461
2021-04-12,-2460577.100650869,2021-04-16,钢铁,2021,15,0.0673076923076923
2021-04-19,-746595.8522530149,2021-04-23,钢铁,2021,16,0.3557692307692308
2021-04-26,-479728.87614031066,2021-04-30,钢铁,2021,17,0.41346153846153844
2021-05-03,772105.1010880588,2021-05-07,钢铁,2021,18,0.6538461538461539
2021-05-10,2145128.0422317185,2021-05-14,钢铁,2021,19,0.8173076923076923
2021-05-17,2844273.68466571,2021-05-21,钢铁,2021,20,0.8846153846153846
2021-05-24,-96595.0285160531,2021-05-28,钢铁,2021,21,0.47115384615384615
2021-05-31,-2428335.251700774,2021-06-04,钢铁,2021,22,0.0673076923076923
2021-06-07,-1700836.7309053598,2021-06-11,钢铁,2021,23,0.15384615384615385
2021-06-14,138985.8699632511,2021-06-18,钢铁,2021,24,0.5480769230769231
2021-06-21,-2286054.490525583,2021-06-25,钢铁,2021,25,0.08653846153846154
2021-06-28,1624947.913337484,2021-07-02,钢铁,2021,26,0.7596153846153846
2021-07-05,-2017354.0945217554,2021-07-09,钢铁,2021,27,0.125
2021-07-12,91944.71749391127,2021-07-16,钢铁,2021,28,0.5480769230769231
2021-07-19,-555713.1871768554,2021-07-23,钢铁,2021,29,0.40384615384615385
2021-07-26,-2563181.812156529,2021-07-30,钢铁,2021,30,0.057692307692307696
2021-08-02,-973016.4916510776,2021-08-06,钢铁,2021,31,0.3173076923076923
2021-08-09,-4576926.465026896,2021-08-13,钢铁,2021,32,0.019230769230769232
2021-08-16,-2148259.8299918557,2021-08-20,钢铁,2021,33,0.125
2021-08-23,-1758502.787319948,2021-08-27,钢铁,2021,34,0.19230769230769232
2021-08-30,647466.7319709411,2021-09-03,钢铁,2021,35,0.6442307692307693
2021-09-06,690892.2263770602,2021-09-10,钢铁,2021,36,0.6634615384615384
2021-09-13,3521860.6339425044,2021-09-17,钢铁,2021,37,0.9519230769230769
2021-09-20,4893498.722169034,2021-09-24,钢铁,2021,38,0.9903846153846154
2021-09-27,149181.19211604865,2021-10-01,钢铁,2021,39,0.5769230769230769
2021-10-04,-1118940.8694372722,2021-10-08,钢铁,2021,40,0.28846153846153844
2021-10-11,-1918670.0221971758,2021-10-15,钢铁,2021,41,0.14423076923076922
2021-10-18,-4811256.5715444,2021-10-22,钢铁,2021,42,0.009615384615384616
2021-10-25,-3204441.987146267,2021-10-29,钢铁,2021,43,0.038461538461538464
2021-11-01,1164402.4069877055,2021-11-05,钢铁,2021,44,0.7211538461538461
2021-11-08,2385373.228215304,2021-11-12,钢铁,2021,45,0.875
2021-11-15,-1051813.3713325784,2021-11-19,钢铁,2021,46,0.3076923076923077
2021-11-22,-5561689.620748013,2021-11-26,钢铁,2021,47,0.0
2021-11-29,-1760555.382579666,2021-12-03,钢铁,2021,48,0.20192307692307693
2021-12-06,-3959172.5868845414,2021-12-10,钢铁,2021,49,0.038461538461538464
2021-12-13,-283594.05657613254,2021-12-17,钢铁,2021,50,0.5096153846153846
2021-12-20,2270191.296778241,2021-12-24,钢铁,2021,51,0.8557692307692307
2021-12-27,604979.2211351321,2021-12-31,钢铁,2021,52,0.6442307692307693
2022-01-03,129625.16392550198,2022-01-07,钢铁,2022,1,0.5673076923076923
2022-01-10,-1385083.8229010156,2022-01-14,钢铁,2022,2,0.27884615384615385
2022-01-17,-4587617.283376075,2022-01-21,钢铁,2022,3,0.028846153846153848
2022-01-24,-1821684.1907707974,2022-01-28,钢铁,2022,4,0.21153846153846154
2022-01-31,188161.9338450093,2022-02-04,钢铁,2022,5,0.6153846153846154
2022-02-07,764158.3475119371,2022-02-11,钢铁,2022,6,0.6923076923076923
2022-02-14,-1356620.9923994031,2022-02-18,钢铁,2022,7,0.2980769230769231
2022-02-21,1345556.9407818597,2022-02-25,钢铁,2022,8,0.7788461538461539
2022-02-28,-292018.12137633906,2022-03-04,钢铁,2022,9,0.5
2022-03-07,-175126.9360833614,2022-03-11,钢铁,2022,10,0.5192307692307693
2022-03-14,1239450.4797559627,2022-03-18,钢铁,2022,11,0.7692307692307693
2022-03-21,-1779330.8933187264,2022-03-25,钢铁,2022,12,0.22115384615384615
2022-03-28,-1063010.6771607408,2022-04-01,钢铁,2022,13,0.33653846153846156
2022-04-04,-1869021.4833657197,2022-04-08,钢铁,2022,14,0.19230769230769232
2022-04-11,2634026.1518138354,2022-04-15,钢铁,2022,15,0.9134615384615384
2022-04-18,5859314.4693765445,2022-04-22,钢铁,2022,16,0.9903846153846154
2022-04-25,2450170.4980728463,2022-04-29,钢铁,2022,17,0.8942307692307693
2022-05-02,319994.33430152864,2022-05-06,钢铁,2022,18,0.6057692307692307
2022-05-09,2741439.230922195,2022-05-13,钢铁,2022,19,0.9134615384615384
2022-05-16,-1513241.4193667865,2022-05-20,钢铁,2022,20,0.27884615384615385
2022-05-23,2604976.0554351807,2022-05-27,钢铁,2022,21,0.8846153846153846
2022-05-30,1824808.6889359648,2022-06-03,钢铁,2022,22,0.8076923076923077
2022-06-06,1400854.2803577478,2022-06-10,钢铁,2022,23,0.7403846153846154
2022-06-13,300559.00192294794,2022-06-17,钢铁,2022,24,0.5769230769230769
2022-06-20,970255.1498291744,2022-06-24,钢铁,2022,25,0.6730769230769231
2022-06-27,-2346523.609826695,2022-07-01,钢铁,2022,26,0.11538461538461539
2022-07-04,385384.09799624176,2022-07-08,钢铁,2022,27,0.6057692307692307
2022-07-11,-3580817.502348669,2022-07-15,钢铁,2022,28,0.057692307692307696
2022-07-18,1381822.5306175791,2022-07-22,钢铁,2022,29,0.75
2022-07-25,2030175.5918293372,2022-07-29,钢铁,2022,30,0.8269230769230769
2022-08-01,852831.9061053351,2022-08-05,钢铁,2022,31,0.6634615384615384
2022-08-08,-1199490.2200608628,2022-08-12,钢铁,2022,32,0.3269230769230769
2022-08-15,-552563.9314460703,2022-08-19,钢铁,2022,33,0.4423076923076923
2022-08-22,-1945750.4476187022,2022-08-26,钢铁,2022,34,0.20192307692307693
2022-08-29,-4437122.686816772,2022-09-02,钢铁,2022,35,0.04807692307692308
2022-09-05,-635534.5524620063,2022-09-09,钢铁,2022,36,0.4230769230769231
2022-09-12,-1739605.1952627324,2022-09-16,钢铁,2022,37,0.27884615384615385
2022-09-19,-4477843.887636773,2022-09-23,钢铁,2022,38,0.04807692307692308
2022-09-26,-1723429.7486937179,2022-09-30,钢铁,2022,39,0.2980769230769231
2022-10-03,-3313774.0749703865,2022-10-07,钢铁,2022,40,0.08653846153846154
2022-10-10,-121819.37170529063,2022-10-14,钢铁,2022,41,0.5192307692307693
2022-10-17,3452424.034278562,2022-10-21,钢铁,2022,42,0.9519230769230769
2022-10-24,-57810.21031542483,2022-10-28,钢铁,2022,43,0.5192307692307693
2022-10-31,2951379.6060077446,2022-11-04,钢铁,2022,44,0.9326923076923077
2022-11-07,-2764778.926509011,2022-11-11,钢铁,2022,45,0.11538461538461539
2022-11-14,4051255.559279441,2022-11-18,钢铁,2022,46,0.9711538461538461
2022-11-21,976149.3762223539,2022-11-25,钢铁,2022,47,0.7019230769230769
2022-11-28,-282154.8604783083,2022-12-02,钢铁,2022,48,0.49038461538461536
2022-12-05,1570497.79292599,2022-12-09,钢铁,2022,49,0.7884615384615384
2022-12-12,1240651.6255265947,2022-12-16,钢铁,2022,50,0.7403846153846154
2022-12-19,1552606.921487264,2022-12-23,钢铁,2022,51,0.7884615384615384
2022-12-26,1265460.3271684037,2022-12-30,钢铁,2022,52,0.7403846153846154
2023-01-02,-268302.983344516,2023-01-06,钢铁,2023,1,0.47115384615384615
2023-01-09,-237176.4150666732,2023-01-13,钢铁,2023,2,0.4807692307692308
2023-01-16,1732280.4495701792,2023-01-20,钢铁,2023,3,0.8076923076923077
2023-01-23,2502701.876396676,2023-01-27,钢铁,2023,4,0.8846153846153846
2023-01-30,-217228.79546414956,2023-02-03,钢铁,2023,5,0.4807692307692308
2023-02-06,-617711.7852176033,2023-02-10,钢铁,2023,6,0.3942307692307692
2023-02-13,1040136.0673122056,2023-02-17,钢铁,2023,7,0.7019230769230769
2023-02-20,-1416656.5911522224,2023-02-24,钢铁,2023,8,0.28846153846153844
2023-02-27,-1565895.3754630382,2023-03-03,钢铁,2023,9,0.2692307692307692
2023-03-06,3751153.1156631624,2023-03-10,钢铁,2023,10,0.9615384615384616
2023-03-13,-154237.55709839286,2023-03-17,钢铁,2023,11,0.5
2023-03-20,-1962263.8116322865,2023-03-24,钢铁,2023,12,0.17307692307692307
2023-03-27,371642.46817670483,2023-03-31,钢铁,2023,13,0.6057692307692307
2023-04-03,-3942215.489891521,2023-04-07,钢铁,2023,14,0.0673076923076923
2023-04-10,1480402.6909717536,2023-04-14,钢铁,2023,15,0.7884615384615384
2023-04-17,432667.35489425156,2023-04-21,钢铁,2023,16,0.625
2023-04-24,427412.75771197764,2023-04-28,钢铁,2023,17,0.6153846153846154
2023-05-01,-1366764.3995194419,2023-05-05,钢铁,2023,18,0.3173076923076923
2023-05-08,1567638.0031153827,2023-05-12,钢铁,2023,19,0.7980769230769231
2023-05-15,717400.9474912072,2023-05-19,钢铁,2023,20,0.6634615384615384
2023-05-22,-1878869.5527698086,2023-05-26,钢铁,2023,21,0.20192307692307693
2023-05-29,-348356.1130328499,2023-06-02,钢铁,2023,22,0.4326923076923077
2023-06-05,-517759.7333991049,2023-06-09,钢铁,2023,23,0.4230769230769231
2023-06-12,1490467.5062495708,2023-06-16,钢铁,2023,24,0.7980769230769231
2023-06-19,484220.03314118367,2023-06-23,钢铁,2023,25,0.625
2023-06-26,1432638.162401602,2023-06-30,钢铁,2023,26,0.7788461538461539
2023-07-03,-4775267.937207802,2023-07-07,钢铁,2023,27,0.019230769230769232
2023-07-10,-295100.7425838809,2023-07-14,钢铁,2023,28,0.4230769230769231
2023-07-17,184075.5550740033,2023-07-21,钢铁,2023,29,0.5480769230769231
2023-07-24,-3563234.011757249,2023-07-28,钢铁,2023,30,0.09615384615384616
2023-07-31,-1812713.9170788117,2023-08-04,钢铁,2023,31,0.21153846153846154
2023-08-07,405856.1023332996,2023-08-11,钢铁,2023,32,0.5961538461538461
2023-08-14,429001.4143973079,2023-08-18,钢铁,2023,33,0.6057692307692307
2023-08-21,1866871.8785384751,2023-08-25,钢铁,2023,34,0.8557692307692307
2023-08-28,422411.5698821711,2023-09-01,钢铁,2023,35,0.5769230769230769
2023-09-04,-127516.10162021825,2023-09-08,钢铁,2023,36,0.47115384615384615
2023-09-11,-3099610.6905271388,2023-09-15,钢铁,2023,37,0.11538461538461539
2023-09-18,-727535.4034126607,2023-09-22,钢铁,2023,38,0.34615384615384615
2023-09-25,3157201.3502668208,2023-09-29,钢铁,2023,39,0.9615384615384616
2023-10-02,-4081158.899599963,2023-10-06,钢铁,2023,40,0.057692307692307696
2023-10-09,545428.6534496724,2023-10-13,钢铁,2023,41,0.6442307692307693
2023-10-16,-924891.8708790581,2023-10-20,钢铁,2023,42,0.33653846153846156
2023-10-23,-299840.729244324,2023-10-27,钢铁,2023,43,0.3942307692307692
2023-10-30,-938805.0690356077,2023-11-03,钢铁,2023,44,0.3173076923076923
2023-11-06,-2266878.719617282,2023-11-10,钢铁,2023,45,0.1346153846153846
2023-11-13,1636182.211124778,2023-11-17,钢铁,2023,46,0.8461538461538461
2023-11-20,518957.1866347677,2023-11-24,钢铁,2023,47,0.6442307692307693
2023-11-27,1701752.9299011081,2023-12-01,钢铁,2023,48,0.8461538461538461
2023-12-04,537940.9064825957,2023-12-08,钢铁,2023,49,0.6346153846153846
2023-12-11,2928554.5525344606,2023-12-15,钢铁,2023,50,0.9423076923076923
2023-12-18,-3050283.1088261623,2023-12-22,钢铁,2023,51,0.09615384615384616
2023-12-25,3809270.5383188613,2023-12-29,钢铁,2023,52,0.9807692307692307
2024-01-01,2636999.4700127435,2024-01-05,钢铁,2024,1,0.9134615384615384
2024-01-08,-3807230.202012547,2024-01-12,钢铁,2024,2,0.057692307692307696
2024-01-15,585495.9555653832,2024-01-19,钢铁,2024,3,0.6346153846153846
2024-01-22,-2554811.706459745,2024-01-26,钢铁,2024,4,0.11538461538461539
2024-01-29,155413.68816499633,2024-02-02,钢铁,2024,5,0.4807692307692308
2024-02-05,-3133209.40644463,2024-02-09,钢铁,2024,6,0.08653846153846154
2024-02-12,-1895109.1919174336,2024-02-16,钢铁,2024,7,0.17307692307692307
2024-02-19,3106355.0114915697,2024-02-23,钢铁,2024,8,0.9423076923076923
2024-02-26,36787.14617003652,2024-03-01,钢铁,2024,9,0.49038461538461536
2024-03-04,1831413.450328077,2024-03-08,钢铁,2024,10,0.8365384615384616
2024-03-11,-3261275.29798964,2024-03-15,钢铁,2024,11,0.08653846153846154
2024-03-18,235044.4422622755,2024-03-22,钢铁,2024,12,0.5096153846153846
2024-03-25,-752214.9662949869,2024-03-29,钢铁,2024,13,0.3173076923076923
2024-04-01,285829.6236044154,2024-04-05,钢铁,2024,14,0.5096153846153846
2024-04-08,-3632266.107224645,2024-04-12,钢铁,2024,15,0.057692307692307696
2024-04-15,3741527.778153226,2024-04-19,钢铁,2024,16,0.9615384615384616
2024-04-22,726856.0087049938,2024-04-26,钢铁,2024,17,0.6634615384615384
2024-04-29,1806908.2127418332,2024-05-03,钢铁,2024,18,0.8365384615384616
2024-05-06,1228101.0614897883,2024-05-10,钢铁,2024,19,0.7019230769230769
2024-05-13,-1645992.19607125,2024-05-17,钢铁,2024,20,0.2403846153846154
2024-05-20,970519.651156947,2024-05-24,钢铁,2024,21,0.6826923076923077
2024-05-27,3331543.5213922914,2024-05-31,钢铁,2024,22,0.9519230769230769
2024-06-03,716634.7865225418,2024-06-07,钢铁,2024,23,0.6442307692307693
2024-06-10,-633520.910298612,2024-06-14,钢铁,2024,24,0.33653846153846156
2024-06-17,2276145.5136955604,2024-06-21,钢铁,2024,25,0.8846153846153846
2024-06-24,-1315818.8037349095,2024-06-28,钢铁,2024,26,0.27884615384615385
2024-07-01,493492.8781817942,2024-07-05,钢铁,2024,27,0.6057692307692307
2024-07-08,-3493738.780922057,2024-07-12,钢铁,2024,28,0.08653846153846154
2024-07-15,1521888.4668240957,2024-07-19,钢铁,2024,29,0.7788461538461539
2024-07-22,2895643.9829731695,2024-07-26,钢铁,2024,30,0.9038461538461539
2024-07-29,-3136234.91619521,2024-07-31,钢铁,2024,31,0.10576923076923077
2018-01-01,-1195099.2785208859,2018-01-05,银行,2018,1,
2018-01-08,3604328.2707813354,2018-01-12,银行,2018,2,1.0
2018-01-15,-1482803.409095901,2018-01-19,银行,2018,3,0.0
2018-01-22,-975169.7399832992,2018-01-26,银行,2018,4,0.6666666666666666
2018-01-29,-1170984.0860935377,2018-02-02,银行,2018,5,0.5
2018-02-05,2852836.379141822,2018-02-09,银行,2018,6,0.8
2018-02-12,-2998322.8382813176,2018-02-16,银行,2018,7,0.0
2018-02-19,2128212.005276853,2018-02-23,银行,2018,8,0.7142857142857143
2018-02-26,-3554666.426533124,2018-03-02,银行,2018,9,0.0
2018-03-05,44445.669672186894,2018-03-09,银行,2018,10,0.6666666666666666
2018-03-12,203724.0484287873,2018-03-16,银行,2018,11,0.7
2018-03-19,1418482.8562382697,2018-03-23,银行,2018,12,0.7272727272727273
2018-03-26,1016583.7305932438,2018-03-30,银行,2018,13,0.6666666666666666
2018-04-02,141497.31414526812,2018-04-06,银行,2018,14,0.5384615384615384
2018-04-09,-2701024.5311484532,2018-04-13,银行,2018,15,0.14285714285714285
2018-04-16,950044.4207141034,2018-04-20,银行,2018,16,0.6666666666666666
2018-04-23,2261350.0976593066,2018-04-27,银行,2018,17,0.875
2018-04-30,-2796488.5590157146,2018-05-04,银行,2018,18,0.11764705882352941
2018-05-07,-2079106.3098627971,2018-05-11,银行,2018,19,0.2222222222222222
2018-05-14,-229220.0070584563,2018-05-18,银行,2018,20,0.47368421052631576
2018-05-21,-870539.8435395614,2018-05-25,银行,2018,21,0.45
2018-05-28,822847.0395902221,2018-06-01,银行,2018,22,0.6666666666666666
2018-06-04,-1525877.2389577054,2018-06-08,银行,2018,23,0.22727272727272727
2018-06-11,1944421.1125568417,2018-06-15,银行,2018,24,0.8260869565217391
2018-06-18,1745761.0998512045,2018-06-22,银行,2018,25,0.7916666666666666
2018-06-25,-351354.5041426442,2018-06-29,银行,2018,26,0.44
2018-07-02,-1653931.447743283,2018-07-06,银行,2018,27,0.19230769230769232
2018-07-09,3038201.068459509,2018-07-13,银行,2018,28,0.9629629629629629
2018-07-16,4384444.352925557,2018-07-20,银行,2018,29,1.0
2018-07-23,24828.99511839752,2018-07-27,银行,2018,30,0.4827586206896552
2018-07-30,-1202940.8004477702,2018-08-03,银行,2018,31,0.26666666666666666
2018-08-06,2905693.318382196,2018-08-10,银行,2018,32,0.9032258064516129
2018-08-13,1409420.8792710386,2018-08-17,银行,2018,33,0.6875
2018-08-20,-273862.3958924825,2018-08-24,银行,2018,34,0.42424242424242425
2018-08-27,-5603292.408907192,2018-08-31,银行,2018,35,0.0
2018-09-03,2468312.881826911,2018-09-07,银行,2018,36,0.8571428571428571
2018-09-10,-795611.7369113341,2018-09-14,银行,2018,37,0.3888888888888889
2018-09-17,4017885.3575907745,2018-09-21,银行,2018,38,0.972972972972973
2018-09-24,-369284.73264430795,2018-09-28,银行,2018,39,0.39473684210526316
2018-10-01,975738.9060369543,2018-10-05,银行,2018,40,0.6410256410256411
2018-10-08,-1445104.0806856824,2018-10-12,银行,2018,41,0.225
2018-10-15,-1979017.9984696072,2018-10-19,银行,2018,42,0.14634146341463414
2018-10-22,1145193.6211044993,2018-10-26,银行,2018,43,0.6904761904761905
2018-10-29,-2575628.9340537917,2018-11-02,银行,2018,44,0.11627906976744186
2018-11-05,418361.08799706097,2018-11-09,银行,2018,45,0.5909090909090909
2018-11-12,1117303.9389059085,2018-11-16,银行,2018,46,0.6888888888888889
2018-11-19,-3961916.9742907453,2018-11-23,银行,2018,47,0.021739130434782608
2018-11-26,-237071.87797972094,2018-11-30,银行,2018,48,0.46808510638297873
2018-12-03,-1701111.87345648,2018-12-07,银行,2018,49,0.1875
2018-12-10,-4026858.105459485,2018-12-14,银行,2018,50,0.02040816326530612
2018-12-17,485720.41283935227,2018-12-21,银行,2018,51,0.62
2018-12-24,-974555.4088230238,2018-12-28,银行,2018,52,0.37254901960784315
2018-12-31,90363.26942084142,2019-01-04,银行,2018,1,0.5576923076923077
2019-01-07,-954163.9644348654,2019-01-11,银行,2019,2,0.37735849056603776
2019-01-14,-1584749.7075085305,2019-01-18,银行,2019,3,0.2222222222222222
2019-01-21,1407341.9812883933,2019-01-25,银行,2019,4,0.7636363636363637
2019-01-28,1341900.034037955,2019-02-01,银行,2019,5,0.75
2019-02-04,49077.63973444945,2019-02-08,银行,2019,6,0.543859649122807
2019-02-11,-2860089.8811815865,2019-02-15,银行,2019,7,0.08620689655172414
2019-02-18,-2828217.3961172667,2019-02-22,银行,2019,8,0.1016949152542373
2019-02-25,1770730.818358741,2019-03-01,银行,2019,9,0.8333333333333334
2019-03-04,-356151.939807686,2019-03-08,银行,2019,10,0.4426229508196721
2019-03-11,-554714.220154553,2019-03-15,银行,2019,11,0.41935483870967744
2019-03-18,2637208.42120286,2019-03-22,银行,2019,12,0.9047619047619048
2019-03-25,2168416.5566022056,2019-03-29,银行,2019,13,0.859375
2019-04-01,779216.9948503722,2019-04-05,银行,2019,14,0.6307692307692307
2019-04-08,-430918.2024085646,2019-04-12,银行,2019,15,0.4090909090909091
2019-04-15,-1761018.6888614795,2019-04-19,银行,2019,16,0.1791044776119403
2019-04-22,1900410.0595362838,2019-04-26,银行,2019,17,0.8235294117647058
2019-04-29,-2069483.8987438043,2019-05-03,银行,2019,18,0.15942028985507245
2019-05-06,74276.47065279464,2019-05-10,银行,2019,19,0.5571428571428572
2019-05-13,-1494464.7144912574,2019-05-17,银行,2019,20,0.2535211267605634
2019-05-20,889925.8153728473,2019-05-24,银行,2019,21,0.6666666666666666
2019-05-27,1985631.0168726298,2019-05-31,银行,2019,22,0.8493150684931506
2019-06-03,-3372933.0263121724,2019-06-07,银行,2019,23,0.05405405405405406
2019-06-10,-4544900.292163383,2019-06-14,银行,2019,24,0.013333333333333334
2019-06-17,-2501341.100985808,2019-06-21,银行,2019,25,0.15789473684210525
2019-06-24,-1334296.381087148,2019-06-28,银行,2019,26,0.3116883116883117
2019-07-01,2816091.486002915,2019-07-05,银行,2019,27,0.9230769230769231
2019-07-08,-541287.3149593289,2019-07-12,银行,2019,28,0.43037974683544306
2019-07-15,2229046.894810503,2019-07-19,银行,2019,29,0.875
2019-07-22,-9995.28042946216,2019-07-26,银行,2019,30,0.5185185185185185
2019-07-29,-212400.33455307176,2019-08-02,银行,2019,31,0.5121951219512195
2019-08-05,-2576866.4220165857,2019-08-09,银行,2019,32,0.13253012048192772
2019-08-12,-890615.4769672721,2019-08-16,银行,2019,33,0.38095238095238093
2019-08-19,1892370.640598622,2019-08-23,银行,2019,34,0.8117647058823529
2019-08-26,-1242375.913850228,2019-08-30,银行,2019,35,0.3023255813953488
2019-09-02,327834.5764704491,2019-09-06,银行,2019,36,0.6206896551724138
2019-09-09,873726.3024669401,2019-09-13,银行,2019,37,0.6704545454545454
2019-09-16,1227403.2694531288,2019-09-20,银行,2019,38,0.7415730337078652
2019-09-23,-1891007.736302965,2019-09-27,银行,2019,39,0.18888888888888888
2019-09-30,2110823.602698427,2019-10-04,银行,2019,40,0.8571428571428571
2019-10-07,1136783.1307860462,2019-10-11,银行,2019,41,0.717391304347826
2019-10-14,2303217.737818168,2019-10-18,银行,2019,42,0.9032258064516129
2019-10-21,231685.81963794364,2019-10-25,银行,2019,43,0.5851063829787234
2019-10-28,-3078970.7671265015,2019-11-01,银行,2019,44,0.06315789473684211
2019-11-04,2480325.800449346,2019-11-08,银行,2019,45,0.9166666666666666
2019-11-11,-532794.4745844031,2019-11-15,银行,2019,46,0.41237113402061853
2019-11-18,2601364.1396573023,2019-11-22,银行,2019,47,0.9183673469387755
2019-11-25,-1786141.554662244,2019-11-29,银行,2019,48,0.1919191919191919
2019-12-02,305977.433342937,2019-12-06,银行,2019,49,0.59
2019-12-09,1490852.008119725,2019-12-13,银行,2019,50,0.7722772277227723
2019-12-16,-1351499.706523822,2019-12-20,银行,2019,51,0.27450980392156865
2019-12-23,218787.74779006536,2019-12-27,银行,2019,52,0.5728155339805825
2019-12-30,2042091.7832858276,2020-01-03,银行,2019,1,0.8365384615384616
2020-01-06,-1135806.1317887292,2020-01-10,银行,2020,2,0.3173076923076923
2020-01-13,-2566082.2725884863,2020-01-17,银行,2020,3,0.1346153846153846
2020-01-20,-154591.55168805458,2020-01-24,银行,2020,4,0.49038461538461536
2020-01-27,-3127479.938349518,2020-01-31,银行,2020,5,0.057692307692307696
2020-02-03,-247704.53609918198,2020-02-07,银行,2020,6,0.4519230769230769
2020-02-10,-4318545.560542264,2020-02-14,银行,2020,7,0.019230769230769232
2020-02-17,-1286979.2426755992,2020-02-21,银行,2020,8,0.2980769230769231
2020-02-24,2087727.9903732284,2020-02-28,银行,2020,9,0.8653846153846154
2020-03-02,-874547.5930937056,2020-03-06,银行,2020,10,0.3557692307692308
2020-03-09,-852441.6097758883,2020-03-13,银行,2020,11,0.375
2020-03-16,119925.72527666332,2020-03-20,银行,2020,12,0.5673076923076923
2020-03-23,1013300.8681024844,2020-03-27,银行,2020,13,0.7019230769230769
2020-03-30,103924.04549330019,2020-04-03,银行,2020,14,0.5673076923076923
2020-04-06,1222786.6047470956,2020-04-10,银行,2020,15,0.7403846153846154
2020-04-13,1966030.2511982492,2020-04-17,银行,2020,16,0.8365384615384616
2020-04-20,664828.895412633,2020-04-24,银行,2020,17,0.6346153846153846
2020-04-27,434237.8253024598,2020-05-01,银行,2020,18,0.625
2020-05-04,2016734.0649274476,2020-05-08,银行,2020,19,0.8557692307692307
2020-05-11,-1334878.589122064,2020-05-15,银行,2020,20,0.25
2020-05-18,-2196537.9669156233,2020-05-22,银行,2020,21,0.1346153846153846
2020-05-25,-1086697.2736845035,2020-05-29,银行,2020,22,0.3173076923076923
2020-06-01,1548508.14207312,2020-06-05,银行,2020,23,0.7788461538461539
2020-06-08,597935.9417731522,2020-06-12,银行,2020,24,0.625
2020-06-15,456543.30410705943,2020-06-19,银行,2020,25,0.6153846153846154
2020-06-22,-2089327.0972636882,2020-06-26,银行,2020,26,0.14423076923076922
2020-06-29,3079397.8201841833,2020-07-03,银行,2020,27,0.9807692307692307
2020-07-06,-736816.939971852,2020-07-10,银行,2020,28,0.375
2020-07-13,-804838.7132319415,2020-07-17,银行,2020,29,0.36538461538461536
2020-07-20,725030.8771092417,2020-07-24,银行,2020,30,0.6634615384615384
2020-07-27,-1755545.222506509,2020-07-31,银行,2020,31,0.20192307692307693
2020-08-03,3893660.17572196,2020-08-07,银行,2020,32,0.9903846153846154
2020-08-10,-1094623.8581050828,2020-08-14,银行,2020,33,0.3076923076923077
2020-08-17,1497155.9079642012,2020-08-21,银行,2020,34,0.7980769230769231
2020-08-24,5045765.10268787,2020-08-28,银行,2020,35,1.0
2020-08-31,-366390.34619982925,2020-09-04,银行,2020,36,0.4423076923076923
2020-09-07,-1971988.5902939062,2020-09-11,银行,2020,37,0.16346153846153846
2020-09-14,5171963.99802252,2020-09-18,银行,2020,38,1.0
2020-09-21,-3499762.6648203735,2020-09-25,银行,2020,39,0.038461538461538464
2020-09-28,-2008503.608587763,2020-10-02,银行,2020,40,0.16346153846153846
2020-10-05,2162209.098500926,2020-10-09,银行,2020,41,0.8942307692307693
2020-10-12,2122473.63644359,2020-10-16,银行,2020,42,0.8846153846153846
2020-10-19,-2726872.2942662835,2020-10-23,银行,2020,43,0.09615384615384616
2020-10-26,616829.2926072313,2020-10-30,银行,2020,44,0.6442307692307693
2020-11-02,-5162336.797357252,2020-11-06,银行,2020,45,0.0
2020-11-09,-4421281.832175521,2020-11-13,银行,2020,46,0.019230769230769232
2020-11-16,-1938555.393164375,2020-11-20,银行,2020,47,0.20192307692307693
2020-11-23,-235707.48618537793,2020-11-27,银行,2020,48,0.49038461538461536
2020-11-30,-524855.5763754698,2020-12-04,银行,2020,49,0.4423076923076923
2020-12-07,-2796965.3963557775,2020-12-11,银行,2020,50,0.10576923076923077
2020-12-14,670025.0127567403,2020-12-18,银行,2020,51,0.6634615384615384
2020-12-21,2035212.5814694033,2020-12-25,银行,2020,52,0.8461538461538461
2020-12-28,67784.19975873106,2021-01-01,银行,2020,53,0.5192307692307693
2021-01-04,-2029934.3750840744,2021-01-08,银行,2021,1,0.17307692307692307
2021-01-11,383533.28202194464,2021-01-15,银行,2021,2,0.5961538461538461
2021-01-18,-1828177.5308721906,2021-01-22,银行,2021,3,0.22115384615384615
2021-01-25,201762.23582802963,2021-01-29,银行,2021,4,0.5576923076923077
2021-02-01,-813931.2325526681,2021-02-05,银行,2021,5,0.375
2021-02-08,-2438181.414657342,2021-02-12,银行,2021,6,0.14423076923076922
2021-02-15,-16933.904371440643,2021-02-19,银行,2021,7,0.5096153846153846
2021-02-22,2414836.9301804104,2021-02-26,银行,2021,8,0.9230769230769231
2021-03-01,-2635978.344759306,2021-03-05,银行,2021,9,0.09615384615384616
2021-03-08,-5978.958931341767,2021-03-12,银行,2021,10,0.5192307692307693
2021-03-15,-2659092.4187728623,2021-03-19,银行,2021,11,0.09615384615384616
2021-03-22,-1061037.7733322624,2021-03-26,银行,2021,12,0.3557692307692308
2021-03-29,-667606.2455372913,2021-04-02,银行,2021,13,0.4230769230769231
2021-04-05,1060580.2733514342,2021-04-09,银行,2021,14,0.7403846153846154
2021-04-12,30483.81523781456,2021-04-16,银行,2021,15,0.5384615384615384
2021-04-19,-2470105.8025253383,2021-04-23,银行,2021,16,0.14423076923076922
2021-04-26,60559.20775727657,2021-04-30,银行,2021,17,0.5480769230769231
2021-05-03,-335218.7693761391,2021-05-07,银行,2021,18,0.46153846153846156
2021-05-10,-159803.41822789796,2021-05-14,银行,2021,19,0.5
2021-05-17,-331082.8934936303,2021-05-21,银行,2021,20,0.46153846153846156
2021-05-24,880273.8186943976,2021-05-28,银行,2021,21,0.7307692307692307
2021-05-31,1336539.6031870763,2021-06-04,银行,2021,22,0.7884615384615384
2021-06-07,2637255.4433845044,2021-06-11,银行,2021,23,0.9519230769230769
2021-06-14,2565903.3197208573,2021-06-18,银行,2021,24,0.9326923076923077
2021-06-21,-2120328.322313832,2021-06-25,银行,2021,25,0.14423076923076922
2021-06-28,-3064830.1095831096,2021-07-02,银行,2021,26,0.057692307692307696
2021-07-05,-252454.34243657626,2021-07-09,银行,2021,27,0.4519230769230769
2021-07-12,4411806.272045557,2021-07-16,银行,2021,28,0.9807692307692307
2021-07-19,-487760.1577270292,2021-07-23,银行,2021,29,0.41346153846153844
2021-07-26,-1972347.2947768306,2021-07-30,银行,2021,30,0.19230769230769232
2021-08-02,2249267.694116996,2021-08-06,银行,2021,31,0.8942307692307693
2021-08-09,-2993805.9382332973,2021-08-13,银行,2021,32,0.0673076923076923
2021-08-16,-5230702.639167835,2021-08-20,银行,2021,33,0.0
2021-08-23,-3405058.8079988537,2021-08-27,银行,2021,34,0.04807692307692308
2021-08-30,-2955156.1687165517,2021-09-03,银行,2021,35,0.09615384615384616
2021-09-06,1858177.1401118725,2021-09-10,银行,2021,36,0.8076923076923077
2021-09-13,-1413524.3557287762,2021-09-17,银行,2021,37,0.28846153846153844
2021-09-20,2757561.3220654153,2021-09-24,银行,2021,38,0.9519230769230769
2021-09-27,-208392.4942325279,2021-10-01,银行,2021,39,0.5
2021-10-04,-168949.8815402236,2021-10-08,银行,2021,40,0.5096153846153846
2021-10-11,798966.0057950213,2021-10-15,银行,2021,41,0.7211538461538461
2021-10-18,3917929.2232812606,2021-10-22,银行,2021,42,0.9711538461538461
2021-10-25,-2460370.6877191095,2021-10-29,银行,2021,43,0.16346153846153846
2021-11-01,-2710796.3438695464,2021-11-05,银行,2021,44,0.11538461538461539
2021-11-08,-17841.059642724926,2021-11-12,银行,2021,45,0.5480769230769231
2021-11-15,818072.2394134573,2021-11-19,银行,2021,46,0.7307692307692307
2021-11-22,-1511494.7824133893,2021-11-26,银行,2021,47,0.28846153846153844
2021-11-29,-1201215.1649633485,2021-12-03,银行,2021,48,0.3269230769230769
2021-12-06,-1794847.6918758177,2021-12-10,银行,2021,49,0.2692307692307692
2021-12-13,2810677.0825864957,2021-12-17,银行,2021,50,0.9423076923076923
2021-12-20,-2937527.7371361125,2021-12-24,银行,2021,51,0.09615384615384616
2021-12-27,2418538.2622158444,2021-12-31,银行,2021,52,0.9038461538461539
2022-01-03,1226502.880546514,2022-01-07,银行,2022,1,0.7788461538461539
2022-01-10,-817720.2101032992,2022-01-14,银行,2022,2,0.3942307692307692
2022-01-17,-1712849.7645238766,2022-01-21,银行,2022,3,0.28846153846153844
2022-01-24,1444437.7031824482,2022-01-28,银行,2022,4,0.7884615384615384
2022-01-31,4525050.551639891,2022-02-04,银行,2022,5,0.9807692307692307
2022-02-07,1160675.7174896467,2022-02-11,银行,2022,6,0.7403846153846154
2022-02-14,1631255.6661380592,2022-02-18,银行,2022,7,0.7980769230769231
2022-02-21,-2281084.6361472527,2022-02-25,银行,2022,8,0.16346153846153846
2022-02-28,-319347.72996068746,2022-03-04,银行,2022,9,0.47115384615384615
2022-03-07,-1042579.7541816884,2022-03-11,银行,2022,10,0.3557692307692308
2022-03-14,-1097651.5863592075,2022-03-18,银行,2022,11,0.3269230769230769
2022-03-21,-1563171.9327769168,2022-03-25,银行,2022,12,0.28846153846153844
2022-03-28,1294646.9721987736,2022-04-01,银行,2022,13,0.7596153846153846
2022-04-04,2955751.778683762,2022-04-08,银行,2022,14,0.9326923076923077
2022-04-11,2616721.5005384726,2022-04-15,银行,2022,15,0.8942307692307693
2022-04-18,3126722.072477081,2022-04-22,银行,2022,16,0.9423076923076923
2022-04-25,-1145671.1735337307,2022-04-29,银行,2022,17,0.33653846153846156
2022-05-02,2338782.1295579425,2022-05-06,银行,2022,18,0.8461538461538461
2022-05-09,1676864.2538992476,2022-05-13,银行,2022,19,0.7884615384615384
2022-05-16,602525.0535140263,2022-05-20,银行,2022,20,0.6346153846153846
2022-05-23,-1381460.835296575,2022-05-27,银行,2022,21,0.3076923076923077
2022-05-30,3711090.047181298,2022-06-03,银行,2022,22,0.9423076923076923
2022-06-06,-3744849.648473876,2022-06-10,银行,2022,23,0.028846153846153848
2022-06-13,130869.62090805732,2022-06-17,银行,2022,24,0.5961538461538461
2022-06-20,-397512.89310274285,2022-06-24,银行,2022,25,0.4519230769230769
2022-06-27,2122122.5068715247,2022-07-01,银行,2022,26,0.7980769230769231
2022-07-04,-2593449.0523547325,2022-07-08,银行,2022,27,0.14423076923076922
2022-07-11,320700.7897065869,2022-07-15,银行,2022,28,0.6153846153846154
2022-07-18,-1254653.0435227877,2022-07-22,银行,2022,29,0.3269230769230769
2022-07-25,638096.9124699424,2022-07-29,银行,2022,30,0.6538461538461539
2022-08-01,3503348.3122408306,2022-08-05,银行,2022,31,0.9326923076923077
2022-08-08,4227275.50694266,2022-08-12,银行,2022,32,0.9615384615384616
2022-08-15,-3427625.3254219424,2022-08-19,银行,2022,33,0.04807692307692308
2022-08-22,-2007671.8204468463,2022-08-26,银行,2022,34,0.23076923076923078
2022-08-29,246339.2890310071,2022-09-02,银行,2022,35,0.6153846153846154
2022-09-05,-2557336.2374964394,2022-09-09,银行,2022,36,0.16346153846153846
2022-09-12,-1863399.4978679665,2022-09-16,银行,2022,37,0.2692307692307692
2022-09-19,-1439390.6623183275,2022-09-23,银行,2022,38,0.3269230769230769
2022-09-26,-57674.504048347124,2022-09-30,银行,2022,39,0.5384615384615384
2022-10-03,155656.02046805108,2022-10-07,银行,2022,40,0.6057692307692307
2022-10-10,-1467398.1294201852,2022-10-14,银行,2022,41,0.3076923076923077
2022-10-17,5075299.929613906,2022-10-21,银行,2022,42,1.0
2022-10-24,-229275.81820980797,2022-10-28,银行,2022,43,0.5
2022-10-31,2862752.359042739,2022-11-04,银行,2022,44,0.9134615384615384
2022-11-07,348581.11654574994,2022-11-11,银行,2022,45,0.6442307692307693
2022-11-14,1716043.0532713374,2022-11-18,银行,2022,46,0.7884615384615384
2022-11-21,-5242906.954968397,2022-11-25,银行,2022,47,0.0
2022-11-28,-1983641.22346218,2022-12-02,银行,2022,48,0.21153846153846154
2022-12-05,-1553878.0603479487,2022-12-09,银行,2022,49,0.27884615384615385
2022-12-12,-2907345.1531693013,2022-12-16,银行,2022,50,0.08653846153846154
2022-12-19,-144274.35385793794,2022-12-23,银行,2022,51,0.5192307692307693
2022-12-26,974858.1794942045,2022-12-30,银行,2022,52,0.7115384615384616
2023-01-02,-2973902.780891791,2023-01-06,银行,2023,1,0.0673076923076923
2023-01-09,839338.4962897629,2023-01-13,银行,2023,2,0.6923076923076923
2023-01-16,-812057.8168114964,2023-01-20,银行,2023,3,0.41346153846153844
2023-01-23,-2210932.8885330632,2023-01-27,银行,2023,4,0.19230769230769232
2023-01-30,3788226.105696356,2023-02-03,银行,2023,5,0.9519230769230769
2023-02-06,4269524.540170976,2023-02-10,银行,2023,6,0.9711538461538461
2023-02-13,-2830312.9833266977,2023-02-17,银行,2023,7,0.10576923076923077
2023-02-20,667017.1058259136,2023-02-24,银行,2023,8,0.6442307692307693
2023-02-27,3092658.9098244575,2023-03-03,银行,2023,9,0.9038461538461539
2023-03-06,-1330643.5799839667,2023-03-10,银行,2023,10,0.3269230769230769
2023-03-13,-1771540.6283077395,2023-03-17,银行,2023,11,0.25
2023-03-20,-3641674.3202813864,2023-03-24,银行,2023,12,0.028846153846153848
2023-03-27,-2364320.829517013,2023-03-31,银行,2023,13,0.17307692307692307
2023-04-03,1980496.257723275,2023-04-07,银行,2023,14,0.7884615384615384
2023-04-10,-2493275.7510286937,2023-04-14,银行,2023,15,0.15384615384615385
2023-04-17,-2079265.3323209886,2023-04-21,银行,2023,16,0.22115384615384615
2023-04-24,641424.7472104777,2023-04-28,银行,2023,17,0.6346153846153846
2023-05-01,-1233799.0325474865,2023-05-05,银行,2023,18,0.375
2023-05-08,435283.7897221449,2023-05-12,银行,2023,19,0.6057692307692307
2023-05-15,-1668461.9845817916,2023-05-19,银行,2023,20,0.28846153846153844
2023-05-22,-1021900.0586345843,2023-05-26,银行,2023,21,0.4326923076923077
2023-05-29,2398592.1284282664,2023-06-02,银行,2023,22,0.8173076923076923
2023-06-05,-2107062.183508325,2023-06-09,银行,2023,23,0.21153846153846154
2023-06-12,-839417.1034677635,2023-06-16,银行,2023,24,0.4519230769230769
2023-06-19,2729488.2384142606,2023-06-23,银行,2023,25,0.8557692307692307
2023-06-26,-259155.8446590954,2023-06-30,银行,2023,26,0.5
2023-07-03,2564691.592692502,2023-07-07,银行,2023,27,0.8365384615384616
2023-07-10,-1406322.2941798794,2023-07-14,银行,2023,28,0.34615384615384615
2023-07-17,1817069.2940756374,2023-07-21,银行,2023,29,0.7692307692307693
2023-07-24,-4923546.23279642,2023-07-28,银行,2023,30,0.019230769230769232
2023-07-31,-5879394.04592686,2023-08-04,银行,2023,31,0.0
2023-08-07,-37390.67846928623,2023-08-11,银行,2023,32,0.5576923076923077
2023-08-14,-3737724.2330473205,2023-08-18,银行,2023,33,0.04807692307692308
2023-08-21,1052581.140868599,2023-08-25,银行,2023,34,0.7019230769230769
2023-08-28,1052175.003101416,2023-09-01,银行,2023,35,0.6923076923076923
2023-09-04,-2868001.782927818,2023-09-08,银行,2023,36,0.09615384615384616
2023-09-11,3962516.1407962646,2023-09-15,银行,2023,37,0.9615384615384616
2023-09-18,-3900214.9708854384,2023-09-22,银行,2023,38,0.028846153846153848
2023-09-25,-286277.7061262522,2023-09-29,银行,2023,39,0.4807692307692308
2023-10-02,-1896231.3349958858,2023-10-06,银行,2023,40,0.2403846153846154
2023-10-09,653274.3963064351,2023-10-13,银行,2023,41,0.6442307692307693
2023-10-16,2539440.1366038937,2023-10-20,银行,2023,42,0.8365384615384616
2023-10-23,242117.67199467355,2023-10-27,银行,2023,43,0.5769230769230769
2023-10-30,-4146822.512054682,2023-11-03,银行,2023,44,0.028846153846153848
2023-11-06,1703163.000361165,2023-11-10,银行,2023,45,0.7692307692307693
2023-11-13,2190651.6109442115,2023-11-17,银行,2023,46,0.8076923076923077
2023-11-20,753496.1882822055,2023-11-24,银行,2023,47,0.6538461538461539
2023-11-27,-1114564.2612926967,2023-12-01,银行,2023,48,0.3942307692307692
2023-12-04,2412914.3842096925,2023-12-08,银行,2023,49,0.8269230769230769
2023-12-11,1108706.1177133701,2023-12-15,银行,2023,50,0.6826923076923077
2023-12-18,-2912962.9750777627,2023-12-22,银行,2023,51,0.10576923076923077
2023-12-25,1422501.1764391842,2023-12-29,银行,2023,52,0.7211538461538461
2024-01-01,2470998.8221836835,2024-01-05,银行,2024,1,0.8461538461538461
2024-01-08,-1235532.7729898514,2024-01-12,银行,2024,2,0.3557692307692308
2024-01-15,-1945116.367344621,2024-01-19,银行,2024,3,0.23076923076923078
2024-01-22,-1789763.158399604,2024-01-26,银行,2024,4,0.25961538461538464
2024-01-29,1840507.9398681577,2024-02-02,银行,2024,5,0.7788461538461539
2024-02-05,231465.2905712516,2024-02-09,银行,2024,6,0.5480769230769231
2024-02-12,-3045472.843852989,2024-02-16,银行,2024,7,0.08653846153846154
2024-02-19,-342652.0604739557,2024-02-23,银行,2024,8,0.47115384615384615
2024-02-26,-2115338.310521831,2024-03-01,银行,2024,9,0.19230769230769232
2024-03-04,558050.3651421168,2024-03-08,银行,2024,10,0.6153846153846154
2024-03-11,-3688034.6848277906,2024-03-15,银行,2024,11,0.0673076923076923
2024-03-18,-1883839.3227251652,2024-03-22,银行,2024,12,0.2692307692307692
2024-03-25,-2121255.694815626,2024-03-29,银行,2024,13,0.20192307692307693
2024-04-01,-513280.8225360324,2024-04-05,银行,2024,14,0.46153846153846156
2024-04-08,523744.8941903113,2024-04-12,银行,2024,15,0.625
2024-04-15,-1277485.7026945446,2024-04-19,银行,2024,16,0.38461538461538464
2024-04-22,-545511.9027911741,2024-04-26,银行,2024,17,0.47115384615384615
2024-04-29,4069197.131623298,2024-05-03,银行,2024,18,0.9711538461538461
2024-05-06,-1991824.4936998426,2024-05-10,银行,2024,19,0.25
2024-05-13,-2505249.6675387966,2024-05-17,银行,2024,20,0.17307692307692307
2024-05-20,-44076.469397636014,2024-05-24,银行,2024,21,0.5673076923076923
2024-05-27,1558462.0981131855,2024-05-31,银行,2024,22,0.7788461538461539
2024-06-03,2545966.6417405936,2024-06-07,银行,2024,23,0.8942307692307693
2024-06-10,2075986.391927557,2024-06-14,银行,2024,24,0.8269230769230769
2024-06-17,-1321407.656266924,2024-06-21,银行,2024,25,0.38461538461538464
2024-06-24,-1906914.4351588567,2024-06-28,银行,2024,26,0.27884615384615385
2024-07-01,181083.00659140322,2024-07-05,银行,2024,27,0.5865384615384616
2024-07-08,-69183.47332544104,2024-07-12,银行,2024,28,0.5384615384615384
2024-07-15,-637628.1336651864,2024-07-19,银行,2024,29,0.47115384615384615
2024-07-22,-3327778.4139462477,2024-07-26,银行,2024,30,0.08653846153846154
2024-07-29,3722734.7164082783,2024-07-31,银行,2024,31,0.9423076923076923
2018-01-01,-1502147.4386364056,2018-01-05,非银金融,2018,1,
2018-01-08,-290829.67561227735,2018-01-12,非银金融,2018,2,1.0
2018-01-15,1740518.1300618097,2018-01-19,非银金融,2018,3,1.0
2018-01-22,-1206927.662488355,2018-01-26,非银金融,2018,4,0.3333333333333333
2018-01-29,4663450.225474152,2018-02-02,非银金融,2018,5,1.0
2018-02-05,976147.7972821373,2018-02-09,非银金融,2018,6,0.6
2018-02-12,-872899.4971184095,2018-02-16,非银金融,2018,7,0.3333333333333333
2018-02-19,2156436.7324927337,2018-02-23,非银金融,2018,8,0.8571428571428571
2018-02-26,-3541896.0021984633,2018-03-02,非银金融,2018,9,0.0
2018-03-05,-1338153.7291877484,2018-03-09,非银金融,2018,10,0.2222222222222222
2018-03-12,-1517091.8393867684,2018-03-16,非银金融,2018,11,0.1
2018-03-19,-217144.18050195382,2018-03-23,非银金融,2018,12,0.6363636363636364
2018-03-26,1358923.67355082,2018-03-30,非银金融,2018,13,0.75
2018-04-02,206161.96594496118,2018-04-06,非银金融,2018,14,0.6153846153846154
2018-04-09,3162227.3389509483,2018-04-13,非银金融,2018,15,0.9285714285714286
2018-04-16,1556004.0067542077,2018-04-20,非银金融,2018,16,0.7333333333333333
2018-04-23,4436498.856162555,2018-04-27,非银金融,2018,17,0.9375
2018-04-30,3372000.828516843,2018-05-04,非银金融,2018,18,0.8823529411764706
2018-05-07,3182737.904147822,2018-05-11,非银金融,2018,19,0.8333333333333334
2018-05-14,136705.58635964693,2018-05-18,非银金融,2018,20,0.42105263157894735
2018-05-21,1314720.0784269504,2018-05-25,非银金融,2018,21,0.55
2018-05-28,-3555542.1616835548,2018-06-01,非银金融,2018,22,0.0
2018-06-04,593737.6154227708,2018-06-08,非银金融,2018,23,0.5
2018-06-11,-498809.81908628694,2018-06-15,非银金融,2018,24,0.30434782608695654
2018-06-18,-1633847.9738026152,2018-06-22,非银金融,2018,25,0.08333333333333333
2018-06-25,-3369523.2655018405,2018-06-29,非银金融,2018,26,0.08
2018-07-02,1638819.7247091192,2018-07-06,非银金融,2018,27,0.7307692307692307
2018-07-09,-421281.65234538936,2018-07-13,非银金融,2018,28,0.37037037037037035
2018-07-16,1136883.6084766304,2018-07-20,非银金融,2018,29,0.6071428571428571
2018-07-23,-2081500.6121709333,2018-07-27,非银金融,2018,30,0.10344827586206896
2018-07-30,98703.2334092427,2018-08-03,非银金融,2018,31,0.4666666666666667
2018-08-06,3937633.283553862,2018-08-10,非银金融,2018,32,0.9354838709677419
2018-08-13,370641.23951146286,2018-08-17,非银金融,2018,33,0.53125
2018-08-20,-2164786.6569022704,2018-08-24,非银金融,2018,34,0.09090909090909091
2018-08-27,-996096.0205323872,2018-08-31,非银金融,2018,35,0.29411764705882354
2018-09-03,3816038.7904000105,2018-09-07,非银金融,2018,36,0.9142857142857143
2018-09-10,-2199401.598956042,2018-09-14,非银金融,2018,37,0.08333333333333333
2018-09-17,-5911352.8348785825,2018-09-21,非银金融,2018,38,0.0
2018-09-24,-1491364.2700022513,2018-09-28,非银金融,2018,39,0.2631578947368421
2018-10-01,1872035.13245841,2018-10-05,非银金融,2018,40,0.7948717948717948
2018-10-08,452874.3238147537,2018-10-12,非银金融,2018,41,0.575
2018-10-15,-641559.7765760103,2018-10-19,非银金融,2018,42,0.36585365853658536
2018-10-22,-108765.9048692251,2018-10-26,非银金融,2018,43,0.47619047619047616
2018-10-29,-2851797.235841804,2018-11-02,非银金融,2018,44,0.09302325581395349
2018-11-05,2761941.681426983,2018-11-09,非银金融,2018,45,0.8409090909090909
2018-11-12,-1585468.3035418736,2018-11-16,非银金融,2018,46,0.2
2018-11-19,-2890219.6956267944,2018-11-23,非银金融,2018,47,0.08695652173913043
2018-11-26,760769.9339468358,2018-11-30,非银金融,2018,48,0.6382978723404256
2018-12-03,1870099.248375239,2018-12-07,非银金融,2018,49,0.7916666666666666
2018-12-10,-1157534.702079367,2018-12-14,非银金融,2018,50,0.32653061224489793
2018-12-17,-4613988.596172435,2018-12-21,非银金融,2018,51,0.02
2018-12-24,-2623964.8340748316,2018-12-28,非银金融,2018,52,0.13725490196078433
2018-12-31,-3761687.8162065377,2019-01-04,非银金融,2018,1,0.038461538461538464
2019-01-07,-832630.9942487216,2019-01-11,非银金融,2019,2,0.41509433962264153
2019-01-14,621723.5137605898,2019-01-18,非银金融,2019,3,0.6481481481481481
2019-01-21,-647045.716713996,2019-01-25,非银金融,2019,4,0.41818181818181815
2019-01-28,-1011179.0903712772,2019-02-01,非银金融,2019,5,0.35714285714285715
2019-02-04,-2652037.2331152777,2019-02-08,非银金融,2019,6,0.14035087719298245
2019-02-11,1044551.7613293021,2019-02-15,非银金融,2019,7,0.7068965517241379
2019-02-18,619238.2348795226,2019-02-22,非银金融,2019,8,0.6440677966101694
2019-02-25,683007.8082117178,2019-03-01,非银金融,2019,9,0.6666666666666666
2019-03-04,-3133630.998515437,2019-03-08,非银金融,2019,10,0.09836065573770492
2019-03-11,-3318186.559470976,2019-03-15,非银金融,2019,11,0.0967741935483871
2019-03-18,4535457.776464383,2019-03-22,非银金融,2019,12,0.9841269841269841
2019-03-25,130312.11047196257,2019-03-29,非银金融,2019,13,0.546875
2019-04-01,-139452.41435352736,2019-04-05,非银金融,2019,14,0.5076923076923077
2019-04-08,1640988.527415365,2019-04-12,非银金融,2019,15,0.803030303030303
2019-04-15,427252.4737692949,2019-04-19,非银金融,2019,16,0.5970149253731343
2019-04-22,2544873.8039379176,2019-04-26,非银金融,2019,17,0.8676470588235294
2019-04-29,2082894.1209762716,2019-05-03,非银金融,2019,18,0.8405797101449275
2019-05-06,-588837.4914970063,2019-05-10,非银金融,2019,19,0.4142857142857143
2019-05-13,-2276299.4539674465,2019-05-17,非银金融,2019,20,0.16901408450704225
2019-05-20,-3950845.203072625,2019-05-24,非银金融,2019,21,0.027777777777777776
2019-05-27,131393.85363137006,2019-05-31,非银金融,2019,22,0.547945205479452
2019-06-03,-1331354.7397397514,2019-06-07,非银金融,2019,23,0.3108108108108108
2019-06-10,-1835483.164270283,2019-06-14,非银金融,2019,24,0.22666666666666666
2019-06-17,380749.0583036147,2019-06-21,非银金融,2019,25,0.6052631578947368
2019-06-24,-998407.5349878533,2019-06-28,非银金融,2019,26,0.36363636363636365
2019-07-01,920119.789794428,2019-07-05,非银金融,2019,27,0.7051282051282052
2019-07-08,1980855.582724825,2019-07-12,非银金融,2019,28,0.8481012658227848
2019-07-15,4862455.871714311,2019-07-19,非银金融,2019,29,1.0
2019-07-22,3820111.7744976482,2019-07-26,非银金融,2019,30,0.9382716049382716
2019-07-29,61355.245785967214,2019-08-02,非银金融,2019,31,0.5
2019-08-05,-1376035.1016304952,2019-08-09,非银金融,2019,32,0.27710843373493976
2019-08-12,499393.7774904406,2019-08-16,非银金融,2019,33,0.6190476190476191
2019-08-19,1797962.3279220033,2019-08-23,非银金融,2019,34,0.8
2019-08-26,-772452.9229065528,2019-08-30,非银金融,2019,35,0.38372093023255816
2019-09-02,4466394.663324014,2019-09-06,非银金融,2019,36,0.9655172413793104
2019-09-09,2974400.179573649,2019-09-13,非银金融,2019,37,0.875
2019-09-16,-369484.33633500786,2019-09-20,非银金融,2019,38,0.43820224719101125
2019-09-23,1137575.9182708755,2019-09-27,非银金融,2019,39,0.7111111111111111
2019-09-30,-1434142.777545107,2019-10-04,非银金融,2019,40,0.25274725274725274
2019-10-07,-3886027.8044969337,2019-10-11,非银金融,2019,41,0.03260869565217391
2019-10-14,4478037.211276201,2019-10-18,非银金融,2019,42,0.967741935483871
2019-10-21,2733869.190889185,2019-10-25,非银金融,2019,43,0.851063829787234
2019-10-28,-852134.2067023225,2019-11-01,非银金融,2019,44,0.35789473684210527
2019-11-04,-525264.2193837597,2019-11-08,非银金融,2019,45,0.4166666666666667
2019-11-11,-3215595.0161361396,2019-11-15,非银金融,2019,46,0.09278350515463918
2019-11-18,637086.4131342311,2019-11-22,非银金融,2019,47,0.6428571428571429
2019-11-25,-2822203.953938096,2019-11-29,非银金融,2019,48,0.13131313131313133
2019-12-02,-756420.0654132946,2019-12-06,非银金融,2019,49,0.39
2019-12-09,-621483.3719036295,2019-12-13,非银金融,2019,50,0.4158415841584158
2019-12-16,-3190397.678563186,2019-12-20,非银金融,2019,51,0.09803921568627451
2019-12-23,-2835629.4381773844,2019-12-27,非银金融,2019,52,0.13592233009708737
2019-12-30,-3223751.814250218,2020-01-03,非银金融,2019,1,0.08653846153846154
2020-01-06,-5870468.438954782,2020-01-10,非银金融,2020,2,0.009615384615384616
2020-01-13,-4654005.933997918,2020-01-17,非银金融,2020,3,0.019230769230769232
2020-01-20,1780924.3449836879,2020-01-24,非银金融,2020,4,0.7884615384615384
2020-01-27,-378737.4349306696,2020-01-31,非银金融,2020,5,0.4807692307692308
2020-02-03,-488034.0336729565,2020-02-07,非银金融,2020,6,0.47115384615384615
2020-02-10,1842186.9333346854,2020-02-14,非银金融,2020,7,0.8076923076923077
2020-02-17,-1981590.9609311249,2020-02-21,非银金融,2020,8,0.2403846153846154
2020-02-24,766290.7493167953,2020-02-28,非银金融,2020,9,0.7019230769230769
2020-03-02,-642250.6142672962,2020-03-06,非银金融,2020,10,0.41346153846153844
2020-03-09,-89703.81969546597,2020-03-13,非银金融,2020,11,0.5288461538461539
2020-03-16,1919200.080940183,2020-03-20,非银金融,2020,12,0.8365384615384616
2020-03-23,-1122284.84594938,2020-03-27,非银金融,2020,13,0.3173076923076923
2020-03-30,3865956.29406198,2020-04-03,非银金融,2020,14,0.9423076923076923
2020-04-06,3910927.4752939865,2020-04-10,非银金融,2020,15,0.9423076923076923
2020-04-13,-836489.4905421224,2020-04-17,非银金融,2020,16,0.36538461538461536
2020-04-20,2629947.1486082557,2020-04-24,非银金融,2020,17,0.8557692307692307
2020-04-27,-3504792.703169576,2020-05-01,非银金融,2020,18,0.07692307692307693
2020-05-04,307914.5633533908,2020-05-08,非银金融,2020,19,0.5961538461538461
2020-05-11,-1238992.7773751735,2020-05-15,非银金融,2020,20,0.3173076923076923
2020-05-18,1902230.2108961171,2020-05-22,非银金融,2020,21,0.8365384615384616
2020-05-25,369896.10029378365,2020-05-29,非银金融,2020,22,0.6057692307692307
2020-06-01,-3508114.9248767626,2020-06-05,非银金融,2020,23,0.0673076923076923
2020-06-08,2486410.321540064,2020-06-12,非银金融,2020,24,0.8653846153846154
2020-06-15,4142149.234163802,2020-06-19,非银金融,2020,25,0.9615384615384616
2020-06-22,5311078.22220899,2020-06-26,非银金融,2020,26,1.0
2020-06-29,343417.9740796868,2020-07-03,非银金融,2020,27,0.5769230769230769
2020-07-06,-2142022.56359948,2020-07-10,非银金融,2020,28,0.22115384615384615
2020-07-13,-1454369.1502300731,2020-07-17,非银金融,2020,29,0.27884615384615385
2020-07-20,118682.83748745953,2020-07-24,非银金融,2020,30,0.5576923076923077
2020-07-27,383687.6147522274,2020-07-31,非银金融,2020,31,0.625
2020-08-03,5708258.515324983,2020-08-07,非银金融,2020,32,1.0
2020-08-10,-780140.6418383584,2020-08-14,非银金融,2020,33,0.3942307692307692
2020-08-17,-227053.65043324808,2020-08-21,非银金融,2020,34,0.5096153846153846
2020-08-24,1817379.842288939,2020-08-28,非银金融,2020,35,0.7692307692307693
2020-08-31,2046639.748727635,2020-09-04,非银金融,2020,36,0.8269230769230769
2020-09-07,3118741.4607727374,2020-09-11,非银金融,2020,37,0.9038461538461539
2020-09-14,-1044990.142777728,2020-09-18,非银金融,2020,38,0.3173076923076923
2020-09-21,-85751.05293228052,2020-09-25,非银金融,2020,39,0.5192307692307693
2020-09-28,535685.7355319376,2020-10-02,非银金融,2020,40,0.6346153846153846
2020-10-05,515994.67870698345,2020-10-09,非银金融,2020,41,0.6346153846153846
2020-10-12,-1306663.130062262,2020-10-16,非银金融,2020,42,0.2692307692307692
2020-10-19,842710.5247950658,2020-10-23,非银金融,2020,43,0.7019230769230769
2020-10-26,254450.37270366098,2020-10-30,非银金融,2020,44,0.5480769230769231
2020-11-02,-254544.64603663067,2020-11-06,非银金融,2020,45,0.46153846153846156
2020-11-09,-5702157.391090314,2020-11-13,非银金融,2020,46,0.009615384615384616
2020-11-16,876703.5248073558,2020-11-20,非银金融,2020,47,0.7115384615384616
2020-11-23,6219852.527671323,2020-11-27,非银金融,2020,48,1.0
2020-11-30,-2729674.5353135006,2020-12-04,非银金融,2020,49,0.15384615384615385
2020-12-07,832948.8446308812,2020-12-11,非银金融,2020,50,0.6923076923076923
2020-12-14,5607096.994312358,2020-12-18,非银金融,2020,51,0.9807692307692307
2020-12-21,741112.1839443506,2020-12-25,非银金融,2020,52,0.6634615384615384
2020-12-28,-1959610.0205612348,2021-01-01,非银金融,2020,53,0.19230769230769232
2021-01-04,-3072051.274483082,2021-01-08,非银金融,2021,1,0.11538461538461539
2021-01-11,751060.3271993,2021-01-15,非银金融,2021,2,0.6634615384615384
2021-01-18,2624289.754445861,2021-01-22,非银金融,2021,3,0.8461538461538461
2021-01-25,-55944.12121248117,2021-01-29,非银金融,2021,4,0.47115384615384615
2021-02-01,-235542.38872748427,2021-02-05,非银金融,2021,5,0.4230769230769231
2021-02-08,1763597.4620754884,2021-02-12,非银金融,2021,6,0.7307692307692307
2021-02-15,-2094124.9562025517,2021-02-19,非银金融,2021,7,0.17307692307692307
2021-02-22,1572109.0245952085,2021-02-26,非银金融,2021,8,0.7115384615384616
2021-03-01,1774394.1168763088,2021-03-05,非银金融,2021,9,0.7307692307692307
2021-03-08,-901112.2329885282,2021-03-12,非银金融,2021,10,0.28846153846153844
2021-03-15,-3781223.878813559,2021-03-19,非银金融,2021,11,0.04807692307692308
2021-03-22,2564010.0220582313,2021-03-26,非银金融,2021,12,0.8461538461538461
2021-03-29,-137104.3050504754,2021-04-02,非银金融,2021,13,0.4519230769230769
2021-04-05,550213.699013218,2021-04-09,非银金融,2021,14,0.6057692307692307
2021-04-12,-673938.1105602684,2021-04-16,非银金融,2021,15,0.34615384615384615
2021-04-19,618922.7224565386,2021-04-23,非银金融,2021,16,0.6153846153846154
2021-04-26,-18386.895845862804,2021-04-30,非银金融,2021,17,0.49038461538461536
2021-05-03,-1378776.2461448598,2021-05-07,非银金融,2021,18,0.22115384615384615
2021-05-10,-104049.47583170218,2021-05-14,非银金融,2021,19,0.46153846153846156
2021-05-17,-2681160.280471175,2021-05-21,非银金融,2021,20,0.14423076923076922
2021-05-24,-3042076.0993034146,2021-05-28,非银金融,2021,21,0.10576923076923077
2021-05-31,339040.48111619754,2021-06-04,非银金融,2021,22,0.5480769230769231
2021-06-07,442771.13070367277,2021-06-11,非银金融,2021,23,0.5865384615384616
2021-06-14,2222701.404942118,2021-06-18,非银金融,2021,24,0.8269230769230769
2021-06-21,3313438.461650503,2021-06-25,非银金融,2021,25,0.8942307692307693
2021-06-28,-1378612.872753206,2021-07-02,非银金融,2021,26,0.22115384615384615
2021-07-05,1323473.6458603418,2021-07-09,非银金融,2021,27,0.7019230769230769
2021-07-12,-849004.6323421284,2021-07-16,非银金融,2021,28,0.2980769230769231
2021-07-19,-2336738.2446161006,2021-07-23,非银金融,2021,29,0.15384615384615385
2021-07-26,-51519.3906695405,2021-07-30,非银金融,2021,30,0.5
2021-08-02,-392728.5300547283,2021-08-06,非银金融,2021,31,0.40384615384615385
2021-08-09,2559220.8735804334,2021-08-13,非银金融,2021,32,0.8461538461538461
2021-08-16,539906.9621861861,2021-08-20,非银金融,2021,33,0.6153846153846154
2021-08-23,1426940.5596220437,2021-08-27,非银金融,2021,34,0.7307692307692307
2021-08-30,265734.2930148183,2021-09-03,非银金融,2021,35,0.5288461538461539
2021-09-06,-4381840.823571426,2021-09-10,非银金融,2021,36,0.028846153846153848
2021-09-13,-3144163.9212968494,2021-09-17,非银金融,2021,37,0.10576923076923077
2021-09-20,-4257172.180040013,2021-09-24,非银金融,2021,38,0.038461538461538464
2021-09-27,-1048171.8818169376,2021-10-01,非银金融,2021,39,0.2980769230769231
2021-10-04,-1963567.488088934,2021-10-08,非银金融,2021,40,0.22115384615384615
2021-10-11,-1669171.438512728,2021-10-15,非银金融,2021,41,0.23076923076923078
2021-10-18,-515663.17090777645,2021-10-22,非银金融,2021,42,0.41346153846153844
2021-10-25,1329934.6615570292,2021-10-29,非银金融,2021,43,0.7596153846153846
2021-11-01,1197736.8993708978,2021-11-05,非银金融,2021,44,0.7403846153846154
2021-11-08,-2430948.6759724263,2021-11-12,非银金融,2021,45,0.17307692307692307
2021-11-15,-2067848.828251714,2021-11-19,非银金融,2021,46,0.20192307692307693
2021-11-22,-2363501.705689056,2021-11-26,非银金融,2021,47,0.17307692307692307
2021-11-29,1894606.034963341,2021-12-03,非银金融,2021,48,0.8269230769230769
2021-12-06,2930850.045974699,2021-12-10,非银金融,2021,49,0.9134615384615384
2021-12-13,-2737705.5729198684,2021-12-17,非银金融,2021,50,0.1346153846153846
2021-12-20,-4303307.113125925,2021-12-24,非银金融,2021,51,0.038461538461538464
2021-12-27,1188484.2901334385,2021-12-31,非银金融,2021,52,0.7115384615384616
2022-01-03,1114969.95602437,2022-01-07,非银金融,2022,1,0.7019230769230769
2022-01-10,-2904652.979644878,2022-01-14,非银金融,2022,2,0.10576923076923077
2022-01-17,1390221.1801774222,2022-01-21,非银金融,2022,3,0.7403846153846154
2022-01-24,3505116.1489171414,2022-01-28,非银金融,2022,4,0.9326923076923077
2022-01-31,-153806.75529702584,2022-02-04,非银金融,2022,5,0.4230769230769231
2022-02-07,1772490.6105136974,2022-02-11,非银金融,2022,6,0.7692307692307693
2022-02-14,36517.306486319634,2022-02-18,非银金融,2022,7,0.49038461538461536
2022-02-21,-1812813.869472684,2022-02-25,非银金融,2022,8,0.21153846153846154
2022-02-28,96216.83639958757,2022-03-04,非银金融,2022,9,0.5
2022-03-07,-629196.4475889334,2022-03-11,非银金融,2022,10,0.3557692307692308
2022-03-14,-3060455.8925347934,2022-03-18,非银金融,2022,11,0.08653846153846154
2022-03-21,-407961.56585901347,2022-03-25,非银金融,2022,12,0.38461538461538464
2022-03-28,929394.8539637295,2022-04-01,非银金融,2022,13,0.6923076923076923
2022-04-04,2868285.999054227,2022-04-08,非银金融,2022,14,0.9038461538461539
2022-04-11,1621051.1835749943,2022-04-15,非银金融,2022,15,0.7788461538461539
2022-04-18,58538.96369844768,2022-04-22,非银金融,2022,16,0.49038461538461536
2022-04-25,158712.6099665965,2022-04-29,非银金融,2022,17,0.5192307692307693
2022-05-02,3691028.7735908795,2022-05-06,非银金融,2022,18,0.9519230769230769
2022-05-09,183844.6226121732,2022-05-13,非银金融,2022,19,0.5192307692307693
2022-05-16,460193.5338910647,2022-05-20,非银金融,2022,20,0.5865384615384616
2022-05-23,-716742.0079992826,2022-05-27,非银金融,2022,21,0.3173076923076923
2022-05-30,1647169.7538864766,2022-06-03,非银金融,2022,22,0.7884615384615384
2022-06-06,876190.3649335804,2022-06-10,非银金融,2022,23,0.6730769230769231
2022-06-13,2679895.953704355,2022-06-17,非银金融,2022,24,0.8942307692307693
2022-06-20,149819.30103734267,2022-06-24,非银金融,2022,25,0.5
2022-06-27,-1736980.1795629626,2022-07-01,非银金融,2022,26,0.21153846153846154
2022-07-04,-235619.12575724284,2022-07-08,非银金融,2022,27,0.38461538461538464
2022-07-11,611183.3648639194,2022-07-15,非银金融,2022,28,0.6346153846153846
2022-07-18,1629520.0272321736,2022-07-22,非银金融,2022,29,0.7980769230769231
2022-07-25,-1189287.7706430044,2022-07-29,非银金融,2022,30,0.25
2022-08-01,-623717.4476437309,2022-08-05,非银金融,2022,31,0.33653846153846156
2022-08-08,2471419.801531194,2022-08-12,非银金融,2022,32,0.8846153846153846
2022-08-15,1496920.2291199125,2022-08-19,非银金融,2022,33,0.7692307692307693
2022-08-22,3389545.862298322,2022-08-26,非银金融,2022,34,0.9615384615384616
2022-08-29,1017451.3415761665,2022-09-02,非银金融,2022,35,0.6923076923076923
2022-09-05,-3866103.632079839,2022-09-09,非银金融,2022,36,0.038461538461538464
2022-09-12,2512662.5103150858,2022-09-16,非银金融,2022,37,0.8846153846153846
2022-09-19,-718224.6396069891,2022-09-23,非银金融,2022,38,0.2980769230769231
2022-09-26,-428030.5907042064,2022-09-30,非银金融,2022,39,0.3557692307692308
2022-10-03,1426873.2490332874,2022-10-07,非银金融,2022,40,0.7596153846153846
2022-10-10,-1497326.6018652576,2022-10-14,非银金融,2022,41,0.23076923076923078
2022-10-17,1724398.4617992262,2022-10-21,非银金融,2022,42,0.8173076923076923
2022-10-24,2216956.558761905,2022-10-28,非银金融,2022,43,0.8557692307692307
2022-10-31,651938.7326297188,2022-11-04,非银金融,2022,44,0.6057692307692307
2022-11-07,-1127567.4926314498,2022-11-11,非银金融,2022,45,0.2692307692307692
2022-11-14,3300025.7668211674,2022-11-18,非银金融,2022,46,0.9423076923076923
2022-11-21,62682.98394403781,2022-11-25,非银金融,2022,47,0.4807692307692308
2022-11-28,1764695.1694872933,2022-12-02,非银金融,2022,48,0.8173076923076923
2022-12-05,2642097.9786492465,2022-12-09,非银金融,2022,49,0.9134615384615384
2022-12-12,-1318783.9731600683,2022-12-16,非银金融,2022,50,0.2403846153846154
2022-12-19,-579053.7280050903,2022-12-23,非银金融,2022,51,0.34615384615384615
2022-12-26,-251976.82067882596,2022-12-30,非银金融,2022,52,0.3942307692307692
2023-01-02,-5823671.488009162,2023-01-06,非银金融,2023,1,0.0
2023-01-09,3649382.666225328,2023-01-13,非银金融,2023,2,0.9903846153846154
2023-01-16,-816669.6161121147,2023-01-20,非银金融,2023,3,0.28846153846153844
2023-01-23,718119.7966982917,2023-01-27,非银金融,2023,4,0.6346153846153846
2023-01-30,1265515.4261089128,2023-02-03,非银金融,2023,5,0.6923076923076923
2023-02-06,2782708.437705608,2023-02-10,非银金融,2023,6,0.9230769230769231
2023-02-13,1909622.006851445,2023-02-17,非银金融,2023,7,0.8365384615384616
2023-02-20,-1054898.8746839608,2023-02-24,非银金融,2023,8,0.25
2023-02-27,2836499.356501738,2023-03-03,非银金融,2023,9,0.9230769230769231
2023-03-06,1929925.5379112319,2023-03-10,非银金融,2023,10,0.8269230769230769
2023-03-13,-1071542.8732152248,2023-03-17,非银金融,2023,11,0.25
2023-03-20,484369.480641308,2023-03-24,非银金融,2023,12,0.5576923076923077
2023-03-27,-334000.3738790491,2023-03-31,非银金融,2023,13,0.38461538461538464
2023-04-03,3145813.438948782,2023-04-07,非银金融,2023,14,0.9423076923076923
2023-04-10,3357922.063505145,2023-04-14,非银金融,2023,15,0.9615384615384616
2023-04-17,-3381272.9797540954,2023-04-21,非银金融,2023,16,0.04807692307692308
2023-04-24,-395400.57819980977,2023-04-28,非银金融,2023,17,0.375
2023-05-01,-130257.76791054313,2023-05-05,非银金融,2023,18,0.4326923076923077
2023-05-08,1832836.7628763372,2023-05-12,非银金融,2023,19,0.7884615384615384
2023-05-15,2450856.8599637384,2023-05-19,非银金融,2023,20,0.8365384615384616
2023-05-22,-3834167.360246185,2023-05-26,非银金融,2023,21,0.04807692307692308
2023-05-29,872410.157582371,2023-06-02,非银金融,2023,22,0.5865384615384616
2023-06-05,2702807.5487667937,2023-06-09,非银金融,2023,23,0.8846153846153846
2023-06-12,784267.5539169894,2023-06-16,非银金融,2023,24,0.5673076923076923
2023-06-19,-2775196.756202809,2023-06-23,非银金融,2023,25,0.09615384615384616
2023-06-26,119442.5961828588,2023-06-30,非银金融,2023,26,0.4807692307692308
2023-07-03,-2252649.4600311476,2023-07-07,非银金融,2023,27,0.14423076923076922
2023-07-10,-55139.94109996327,2023-07-14,非银金融,2023,28,0.4326923076923077
2023-07-17,-268482.58427099383,2023-07-21,非银金融,2023,29,0.38461538461538464
2023-07-24,-2719387.963060929,2023-07-28,非银金融,2023,30,0.11538461538461539
2023-07-31,-255695.18503236212,2023-08-04,非银金融,2023,31,0.3942307692307692
2023-08-07,656990.7825073217,2023-08-11,非银金融,2023,32,0.5769230769230769
2023-08-14,-1042954.7649041263,2023-08-18,非银金融,2023,33,0.2692307692307692
2023-08-21,-414094.2356125653,2023-08-25,非银金融,2023,34,0.3557692307692308
2023-08-28,933827.8827077528,2023-09-01,非银金融,2023,35,0.6442307692307693
2023-09-04,-449532.94261565746,2023-09-08,非银金融,2023,36,0.34615384615384615
2023-09-11,1068010.397168037,2023-09-15,非银金融,2023,37,0.6538461538461539
2023-09-18,-1066970.5820840527,2023-09-22,非银金融,2023,38,0.23076923076923078
2023-09-25,878715.1857058429,2023-09-29,非银金融,2023,39,0.6153846153846154
2023-10-02,284616.68222937034,2023-10-06,非银金融,2023,40,0.5192307692307693
2023-10-09,-369568.0152125444,2023-10-13,非银金融,2023,41,0.3557692307692308
2023-10-16,2587210.56369167,2023-10-20,非银金融,2023,42,0.8653846153846154
2023-10-23,1002044.0495393085,2023-10-27,非银金融,2023,43,0.625
2023-10-30,-768960.1224533597,2023-11-03,非银金融,2023,44,0.2403846153846154
2023-11-06,-2563517.7326194625,2023-11-10,非银金融,2023,45,0.09615384615384616
2023-11-13,434487.5043405598,2023-11-17,非银金融,2023,46,0.5192307692307693
2023-11-20,1381148.5063791214,2023-11-24,非银金融,2023,47,0.6923076923076923
2023-11-27,1738987.5324889554,2023-12-01,非银金融,2023,48,0.7596153846153846
2023-12-04,-218410.11227880194,2023-12-08,非银金融,2023,49,0.38461538461538464
2023-12-11,1888938.0559719242,2023-12-15,非银金融,2023,50,0.8076923076923077
2023-12-18,661133.9795077451,2023-12-22,非银金融,2023,51,0.5576923076923077
2023-12-25,2140404.3210401083,2023-12-29,非银金融,2023,52,0.8269230769230769
2024-01-01,-3404264.3713278975,2024-01-05,非银金融,2024,1,0.028846153846153848
2024-01-08,-1431701.5471786244,2024-01-12,非银金融,2024,2,0.1346153846153846
2024-01-15,1050909.869150385,2024-01-19,非银金融,2024,3,0.6538461538461539
2024-01-22,-3725372.124855738,2024-01-26,非银金融,2024,4,0.028846153846153848
2024-01-29,-1038766.910812269,2024-02-02,非银金融,2024,5,0.21153846153846154
2024-02-05,3529995.587018787,2024-02-09,非银金融,2024,6,0.9807692307692307
2024-02-12,-1030953.8187657574,2024-02-16,非银金融,2024,7,0.22115384615384615
2024-02-19,-1800484.8321030324,2024-02-23,非银金融,2024,8,0.11538461538461539
2024-02-26,-279475.5792213216,2024-03-01,非银金融,2024,9,0.36538461538461536
2024-03-04,508635.3742907236,2024-03-08,非银金融,2024,10,0.5384615384615384
2024-03-11,-1392058.7101601227,2024-03-15,非银金融,2024,11,0.14423076923076922
2024-03-18,5011948.973404861,2024-03-22,非银金融,2024,12,1.0
2024-03-25,-4638579.822718602,2024-03-29,非银金融,2024,13,0.009615384615384616
2024-04-01,-417742.3897021455,2024-04-05,非银金融,2024,14,0.3173076923076923
2024-04-08,120649.6902240729,2024-04-12,非银金融,2024,15,0.47115384615384615
2024-04-15,721766.4012854897,2024-04-19,非银金融,2024,16,0.6057692307692307
2024-04-22,-2140759.3047767896,2024-04-26,非银金融,2024,17,0.10576923076923077
2024-04-29,-765003.6229687766,2024-05-03,非银金融,2024,18,0.2692307692307692
2024-05-06,182300.3527018784,2024-05-10,非银金融,2024,19,0.5
2024-05-13,-4454440.4070113655,2024-05-17,非银金融,2024,20,0.019230769230769232
2024-05-20,3320344.1156709846,2024-05-24,非银金融,2024,21,0.9519230769230769
2024-05-27,113015.79398474074,2024-05-31,非银金融,2024,22,0.47115384615384615
2024-06-03,5091691.429940875,2024-06-07,非银金融,2024,23,1.0
2024-06-10,586468.2585822928,2024-06-14,非银金融,2024,24,0.5576923076923077
2024-06-17,-3145569.548703608,2024-06-21,非银金融,2024,25,0.07692307692307693
2024-06-24,-714942.6513134101,2024-06-28,非银金融,2024,26,0.3076923076923077
2024-07-01,3226526.823542517,2024-07-05,非银金融,2024,27,0.9230769230769231
2024-07-08,-1169119.6102276526,2024-07-12,非银金融,2024,28,0.19230769230769232
2024-07-15,83989.77920592611,2024-07-19,非银金融,2024,29,0.4807692307692308
2024-07-22,1650419.177692656,2024-07-26,非银金融,2024,30,0.7403846153846154
2024-07-29,-170574.05355517002,2024-07-31,非银金融,2024,31,0.4423076923076923
2018-01-01,-2836927.751542319,2018-01-05,食品饮料,2018,1,
2018-01-08,-967272.9113698072,2018-01-12,食品饮料,2018,2,1.0
2018-01-15,-1601296.021253063,2018-01-19,食品饮料,2018,3,0.5
2018-01-22,-756290.7890759449,2018-01-26,食品饮料,2018,4,1.0
2018-01-29,102530.53230352933,2018-02-02,食品饮料,2018,5,1.0
2018-02-05,458703.65680219047,2018-02-09,食品饮料,2018,6,1.0
2018-02-12,-3426422.4680484673,2018-02-16,食品饮料,2018,7,0.0
2018-02-19,2927339.107192403,2018-02-23,食品饮料,2018,8,1.0
2018-02-26,-415018.732336508,2018-03-02,食品饮料,2018,9,0.625
2018-03-05,-835063.9535335733,2018-03-09,食品饮料,2018,10,0.4444444444444444
2018-03-12,-53014.491064107046,2018-03-16,食品饮料,2018,11,0.7
2018-03-19,1291818.5966700476,2018-03-23,食品饮料,2018,12,0.9090909090909091
2018-03-26,1731757.6483771335,2018-03-30,食品饮料,2018,13,0.9166666666666666
2018-04-02,2643515.3321548244,2018-04-06,食品饮料,2018,14,0.9230769230769231
2018-04-09,-3960267.1097657536,2018-04-13,食品饮料,2018,15,0.0
2018-04-16,-2163625.108902254,2018-04-20,食品饮料,2018,16,0.2
2018-04-23,2159570.5657256297,2018-04-27,食品饮料,2018,17,0.875
2018-04-30,-1640155.9693935628,2018-05-04,食品饮料,2018,18,0.23529411764705882
2018-05-07,-1353782.3233637458,2018-05-11,食品饮料,2018,19,0.3333333333333333
2018-05-14,1255222.7937948157,2018-05-18,食品饮料,2018,20,0.7368421052631579
2018-05-21,3217493.412509476,2018-05-25,食品饮料,2018,21,1.0
2018-05-28,-4315693.542076313,2018-06-01,食品饮料,2018,22,0.0
2018-06-04,991321.3951308953,2018-06-08,食品饮料,2018,23,0.6818181818181818
2018-06-11,-1435835.9099646457,2018-06-15,食品饮料,2018,24,0.30434782608695654
2018-06-18,1673765.7068571956,2018-06-22,食品饮料,2018,25,0.7916666666666666
2018-06-25,5499333.480965002,2018-06-29,食品饮料,2018,26,1.0
2018-07-02,1509746.8799146987,2018-07-06,食品饮料,2018,27,0.7307692307692307
2018-07-09,3410808.483681606,2018-07-13,食品饮料,2018,28,0.9629629629629629
2018-07-16,-1039693.9912115614,2018-07-20,食品饮料,2018,29,0.32142857142857145
2018-07-23,-181837.65370054217,2018-07-27,食品饮料,2018,30,0.4827586206896552
2018-07-30,2457834.0759408628,2018-08-03,食品饮料,2018,31,0.8333333333333334
2018-08-06,1109625.6911587943,2018-08-10,食品饮料,2018,32,0.6129032258064516
2018-08-13,-3276215.781986198,2018-08-17,食品饮料,2018,33,0.09375
2018-08-20,-943244.4487293689,2018-08-24,食品饮料,2018,34,0.36363636363636365
2018-08-27,-1533912.671041008,2018-08-31,食品饮料,2018,35,0.23529411764705882
2018-09-03,-2832679.5285083475,2018-09-07,食品饮料,2018,36,0.14285714285714285
2018-09-10,3165615.415371327,2018-09-14,食品饮料,2018,37,0.9166666666666666
2018-09-17,1486590.3082977158,2018-09-21,食品饮料,2018,38,0.7027027027027027
2018-09-24,-1380269.9528953345,2018-09-28,食品饮料,2018,39,0.2894736842105263
2018-10-01,2547319.2016866766,2018-10-05,食品饮料,2018,40,0.8461538461538461
2018-10-08,1746198.8725023405,2018-10-12,食品饮料,2018,41,0.775
2018-10-15,-503200.1261330423,2018-10-19,食品饮料,2018,42,0.43902439024390244
2018-10-22,406477.0080726476,2018-10-26,食品饮料,2018,43,0.5476190476190477
2018-10-29,-3613922.1527982317,2018-11-02,食品饮料,2018,44,0.046511627906976744
2018-11-05,3358623.7046878664,2018-11-09,食品饮料,2018,45,0.9545454545454546
2018-11-12,2704664.371098941,2018-11-16,食品饮料,2018,46,0.8666666666666667
2018-11-19,1837819.00538755,2018-11-23,食品饮料,2018,47,0.7608695652173914
2018-11-26,-2195319.895030612,2018-11-30,食品饮料,2018,48,0.14893617021276595
2018-12-03,6181356.324196907,2018-12-07,食品饮料,2018,49,1.0
2018-12-10,855303.1805033481,2018-12-14,食品饮料,2018,50,0.5510204081632653
2018-12-17,4142615.3409037683,2018-12-21,食品饮料,2018,51,0.96
2018-12-24,1164291.2705967822,2018-12-28,食品饮料,2018,52,0.5882352941176471
2018-12-31,2034799.641303233,2019-01-04,食品饮料,2018,1,0.75
2019-01-07,1604165.5558545606,2019-01-11,食品饮料,2019,2,0.660377358490566
2019-01-14,-1409344.1302906002,2019-01-18,食品饮料,2019,3,0.24074074074074073
2019-01-21,-782030.7255510872,2019-01-25,食品饮料,2019,4,0.36363636363636365
2019-01-28,-1266340.359850466,2019-02-01,食品饮料,2019,5,0.2857142857142857
2019-02-04,1430260.333920892,2019-02-08,食品饮料,2019,6,0.631578947368421
2019-02-11,-490045.17717093974,2019-02-15,食品饮料,2019,7,0.41379310344827586
2019-02-18,-2677719.7288031224,2019-02-22,食品饮料,2019,8,0.11864406779661017
2019-02-25,1020347.7110300976,2019-03-01,食品饮料,2019,9,0.5666666666666667
2019-03-04,3785927.7773761693,2019-03-08,食品饮料,2019,10,0.9508196721311475
2019-03-11,-2699118.5808461225,2019-03-15,食品饮料,2019,11,0.11290322580645161
2019-03-18,2152146.6237018206,2019-03-22,食品饮料,2019,12,0.7777777777777778
2019-03-25,-381496.78279695986,2019-03-29,食品饮料,2019,13,0.4375
2019-04-01,427967.90277776076,2019-04-05,食品饮料,2019,14,0.5076923076923077
2019-04-08,1253363.9265140812,2019-04-12,食品饮料,2019,15,0.6060606060606061
2019-04-15,1203567.6580773802,2019-04-19,食品饮料,2019,16,0.5970149253731343
2019-04-22,923715.0977605551,2019-04-26,食品饮料,2019,17,0.5294117647058824
2019-04-29,-508860.4162749439,2019-05-03,食品饮料,2019,18,0.36231884057971014
2019-05-06,1528485.8009993327,2019-05-10,食品饮料,2019,19,0.7
2019-05-13,-2242307.5015511466,2019-05-17,食品饮料,2019,20,0.1267605633802817
2019-05-20,718090.7184645899,2019-05-24,食品饮料,2019,21,0.5138888888888888
2019-05-27,3606962.3831660897,2019-05-31,食品饮料,2019,22,0.9452054794520548
2019-06-03,2625928.8789308816,2019-06-07,食品饮料,2019,23,0.8378378378378378
2019-06-10,2363007.5171471834,2019-06-14,食品饮料,2019,24,0.8
2019-06-17,927842.8719199282,2019-06-21,食品饮料,2019,25,0.5263157894736842
2019-06-24,-2520278.1648653387,2019-06-28,食品饮料,2019,26,0.11688311688311688
2019-07-01,-334755.2688193413,2019-07-05,食品饮料,2019,27,0.41025641025641024
2019-07-08,1150084.57047119,2019-07-12,食品饮料,2019,28,0.5822784810126582
2019-07-15,-451008.6780581918,2019-07-19,食品饮料,2019,29,0.375
2019-07-22,1971117.4301517461,2019-07-26,食品饮料,2019,30,0.7654320987654321
2019-07-29,-1653564.6651222105,2019-08-02,食品饮料,2019,31,0.15853658536585366
2019-08-05,2861703.313018977,2019-08-09,食品饮料,2019,32,0.8795180722891566
2019-08-12,-1028191.5337598785,2019-08-16,食品饮料,2019,33,0.27380952380952384
2019-08-19,143376.97028734282,2019-08-23,食品饮料,2019,34,0.4588235294117647
2019-08-26,717922.2336148716,2019-08-30,食品饮料,2019,35,0.5
2019-09-02,1549932.5973961535,2019-09-06,食品饮料,2019,36,0.7011494252873564
2019-09-09,3432045.216889806,2019-09-13,食品饮料,2019,37,0.9431818181818182
2019-09-16,1706397.2814313208,2019-09-20,食品饮料,2019,38,0.7191011235955056
2019-09-23,485744.49428641517,2019-09-27,食品饮料,2019,39,0.4777777777777778
2019-09-30,480849.7973821391,2019-10-04,食品饮料,2019,40,0.4725274725274725
2019-10-07,-1148175.3195714394,2019-10-11,食品饮料,2019,41,0.2391304347826087
2019-10-14,-141352.52607341832,2019-10-18,食品饮料,2019,42,0.40860215053763443
2019-10-21,-3378457.415689517,2019-10-25,食品饮料,2019,43,0.0425531914893617
2019-10-28,-3499778.879668531,2019-11-01,食品饮料,2019,44,0.031578947368421054
2019-11-04,11723.209784592269,2019-11-08,食品饮料,2019,45,0.4375
2019-11-11,4741684.863583443,2019-11-15,食品饮料,2019,46,0.979381443298969
2019-11-18,-2257956.025216852,2019-11-22,食品饮料,2019,47,0.12244897959183673
2019-11-25,2187685.1543843034,2019-11-29,食品饮料,2019,48,0.8080808080808081
2019-12-02,1275911.519680971,2019-12-06,食品饮料,2019,49,0.64
2019-12-09,1576104.2420326907,2019-12-13,食品饮料,2019,50,0.7029702970297029
2019-12-16,-1196974.6339319118,2019-12-20,食品饮料,2019,51,0.24509803921568626
2019-12-23,-3527381.6649068003,2019-12-27,食品饮料,2019,52,0.02912621359223301
2019-12-30,523844.96206960105,2020-01-03,食品饮料,2019,1,0.5096153846153846
2020-01-06,-3578858.1230969285,2020-01-10,食品饮料,2020,2,0.028846153846153848
2020-01-13,-570408.1994743806,2020-01-17,食品饮料,2020,3,0.3269230769230769
2020-01-20,2157780.142651434,2020-01-24,食品饮料,2020,4,0.7980769230769231
2020-01-27,2009075.9248654263,2020-01-31,食品饮料,2020,5,0.7692307692307693
2020-02-03,-1158168.8535241878,2020-02-07,食品饮料,2020,6,0.25
2020-02-10,-814420.8867324825,2020-02-14,食品饮料,2020,7,0.3076923076923077
2020-02-17,-884368.4618733966,2020-02-21,食品饮料,2020,8,0.28846153846153844
2020-02-24,-201838.1037888528,2020-02-28,食品饮料,2020,9,0.40384615384615385
2020-03-02,1049976.414104013,2020-03-06,食品饮料,2020,10,0.5673076923076923
2020-03-09,2541222.9153499864,2020-03-13,食品饮料,2020,11,0.8461538461538461
2020-03-16,2464447.972335181,2020-03-20,食品饮料,2020,12,0.8365384615384616
2020-03-23,501256.17256659234,2020-03-27,食品饮料,2020,13,0.47115384615384615
2020-03-30,-121290.69633854076,2020-04-03,食品饮料,2020,14,0.41346153846153844
2020-04-06,-3460035.544285503,2020-04-10,食品饮料,2020,15,0.057692307692307696
2020-04-13,-3465597.331942252,2020-04-17,食品饮料,2020,16,0.04807692307692308
2020-04-20,576929.7047970805,2020-04-24,食品饮料,2020,17,0.5
2020-04-27,-1309541.5233487014,2020-05-01,食品饮料,2020,18,0.22115384615384615
2020-05-04,-1628162.5448221222,2020-05-08,食品饮料,2020,19,0.16346153846153846
2020-05-11,-2429889.3739513005,2020-05-15,食品饮料,2020,20,0.125
2020-05-18,-678146.8670524668,2020-05-22,食品饮料,2020,21,0.3269230769230769
2020-05-25,-1280954.5394305533,2020-05-29,食品饮料,2020,22,0.23076923076923078
2020-06-01,1234807.282535133,2020-06-05,食品饮料,2020,23,0.6442307692307693
2020-06-08,4240888.255315451,2020-06-12,食品饮料,2020,24,0.9711538461538461
2020-06-15,2372632.8695003726,2020-06-19,食品饮料,2020,25,0.8269230769230769
2020-06-22,1785040.8707217006,2020-06-26,食品饮料,2020,26,0.7403846153846154
2020-06-29,-1082263.0343475258,2020-07-03,食品饮料,2020,27,0.25961538461538464
2020-07-06,987222.2433905876,2020-07-10,食品饮料,2020,28,0.5769230769230769
2020-07-13,-1055698.3809606782,2020-07-17,食品饮料,2020,29,0.2692307692307692
2020-07-20,-219668.31150962273,2020-07-24,食品饮料,2020,30,0.40384615384615385
2020-07-27,-3982392.9307550373,2020-07-31,食品饮料,2020,31,0.0
2020-08-03,3303011.6359174894,2020-08-07,食品饮料,2020,32,0.9230769230769231
2020-08-10,2008679.7551871054,2020-08-14,食品饮料,2020,33,0.7788461538461539
2020-08-17,1440276.0086465548,2020-08-21,食品饮料,2020,34,0.6730769230769231
2020-08-24,-2261066.9696491077,2020-08-28,食品饮料,2020,35,0.125
2020-08-31,4627959.291556221,2020-09-04,食品饮料,2020,36,0.9807692307692307
2020-09-07,1940304.8322702441,2020-09-11,食品饮料,2020,37,0.75
2020-09-14,2956940.27167236,2020-09-18,食品饮料,2020,38,0.9038461538461539
2020-09-21,-880188.5596831728,2020-09-25,食品饮料,2020,39,0.28846153846153844
2020-09-28,1656255.0241444758,2020-10-02,食品饮料,2020,40,0.7019230769230769
2020-10-05,-2114801.882228261,2020-10-09,食品饮料,2020,41,0.15384615384615385
2020-10-12,2532617.6742044324,2020-10-16,食品饮料,2020,42,0.8557692307692307
2020-10-19,-3165080.8963987697,2020-10-23,食品饮料,2020,43,0.07692307692307693
2020-10-26,1705541.5953288728,2020-10-30,食品饮料,2020,44,0.7115384615384616
2020-11-02,-4574600.629811782,2020-11-06,食品饮料,2020,45,0.0
2020-11-09,-445984.4853565099,2020-11-13,食品饮料,2020,46,0.375
2020-11-16,1938045.067103608,2020-11-20,食品饮料,2020,47,0.7596153846153846
2020-11-23,-2325848.0635752375,2020-11-27,食品饮料,2020,48,0.125
2020-11-30,-2706151.7114959923,2020-12-04,食品饮料,2020,49,0.08653846153846154
2020-12-07,-219849.17897719023,2020-12-11,食品饮料,2020,50,0.41346153846153844
2020-12-14,-2032804.248262775,2020-12-18,食品饮料,2020,51,0.18269230769230768
2020-12-21,1742080.1431141822,2020-12-25,食品饮料,2020,52,0.7596153846153846
2020-12-28,-2707429.1418433413,2021-01-01,食品饮料,2020,53,0.08653846153846154
2021-01-04,-816349.1686549231,2021-01-08,食品饮料,2021,1,0.33653846153846156
2021-01-11,-3676488.041616174,2021-01-15,食品饮料,2021,2,0.019230769230769232
2021-01-18,-363396.9563892314,2021-01-22,食品饮料,2021,3,0.4326923076923077
2021-01-25,-2181081.7346227174,2021-01-29,食品饮料,2021,4,0.19230769230769232
2021-02-01,-2208984.6602166086,2021-02-05,食品饮料,2021,5,0.19230769230769232
2021-02-08,2167705.729830122,2021-02-12,食品饮料,2021,6,0.8461538461538461
2021-02-15,421794.73889742047,2021-02-19,食品饮料,2021,7,0.5096153846153846
2021-02-22,-2713352.376413262,2021-02-26,食品饮料,2021,8,0.09615384615384616
2021-03-01,1129793.61274565,2021-03-05,食品饮料,2021,9,0.6346153846153846
2021-03-08,590874.7771331454,2021-03-12,食品饮料,2021,10,0.5769230769230769
2021-03-15,959478.1173474592,2021-03-19,食品饮料,2021,11,0.6153846153846154
2021-03-22,1549158.7712158114,2021-03-26,食品饮料,2021,12,0.7211538461538461
2021-03-29,-2447060.7337477,2021-04-02,食品饮料,2021,13,0.1346153846153846
2021-04-05,2429077.40008091,2021-04-09,食品饮料,2021,14,0.8846153846153846
2021-04-12,-2561287.0139222783,2021-04-16,食品饮料,2021,15,0.125
2021-04-19,1719049.5274279916,2021-04-23,食品饮料,2021,16,0.7596153846153846
2021-04-26,-4074774.039906731,2021-04-30,食品饮料,2021,17,0.009615384615384616
2021-05-03,777567.457734328,2021-05-07,食品饮料,2021,18,0.5961538461538461
2021-05-10,990741.8632693684,2021-05-14,食品饮料,2021,19,0.6346153846153846
2021-05-17,-2459030.0534431594,2021-05-21,食品饮料,2021,20,0.15384615384615385
2021-05-24,-2897261.947900516,2021-05-28,食品饮料,2021,21,0.10576923076923077
2021-05-31,-1203583.4712879227,2021-06-04,食品饮料,2021,22,0.2980769230769231
2021-06-07,584161.5776052389,2021-06-11,食品饮料,2021,23,0.5865384615384616
2021-06-14,-2283684.1503118966,2021-06-18,食品饮料,2021,24,0.20192307692307693
2021-06-21,5823904.29922271,2021-06-25,食品饮料,2021,25,1.0
2021-06-28,952454.2106799363,2021-07-02,食品饮料,2021,26,0.625
2021-07-05,2050181.8387894304,2021-07-09,食品饮料,2021,27,0.8461538461538461
2021-07-12,818041.4200402894,2021-07-16,食品饮料,2021,28,0.6153846153846154
2021-07-19,-1620302.202743924,2021-07-23,食品饮料,2021,29,0.27884615384615385
2021-07-26,1395416.958527546,2021-07-30,食品饮料,2021,30,0.7019230769230769
2021-08-02,-3256679.8491052156,2021-08-06,食品饮料,2021,31,0.09615384615384616
2021-08-09,2735998.392437121,2021-08-13,食品饮料,2021,32,0.9326923076923077
2021-08-16,1733577.482096505,2021-08-20,食品饮料,2021,33,0.7788461538461539
2021-08-23,2254869.783725336,2021-08-27,食品饮料,2021,34,0.875
2021-08-30,-1169856.7625974198,2021-09-03,食品饮料,2021,35,0.3269230769230769
2021-09-06,-2386414.551327123,2021-09-10,食品饮料,2021,36,0.19230769230769232
2021-09-13,-248654.6670595284,2021-09-17,食品饮料,2021,37,0.46153846153846156
2021-09-20,345933.3041329656,2021-09-24,食品饮料,2021,38,0.5288461538461539
2021-09-27,471202.2427615633,2021-10-01,食品饮料,2021,39,0.5480769230769231
2021-10-04,1091178.3382561714,2021-10-08,食品饮料,2021,40,0.6730769230769231
2021-10-11,1848148.1191629958,2021-10-15,食品饮料,2021,41,0.7980769230769231
2021-10-18,3320056.5980059477,2021-10-22,食品饮料,2021,42,0.9615384615384616
2021-10-25,152700.6379052549,2021-10-29,食品饮料,2021,43,0.5
2021-11-01,1066173.7507054326,2021-11-05,食品饮料,2021,44,0.6442307692307693
2021-11-08,4485777.12451301,2021-11-12,食品饮料,2021,45,0.9711538461538461
2021-11-15,910363.1714459942,2021-11-19,食品饮料,2021,46,0.5865384615384616
2021-11-22,-2022472.0022576908,2021-11-26,食品饮料,2021,47,0.25
2021-11-29,2210260.2964315224,2021-12-03,食品饮料,2021,48,0.8653846153846154
2021-12-06,-1560474.7506547456,2021-12-10,食品饮料,2021,49,0.27884615384615385
2021-12-13,2868378.4503603377,2021-12-17,食品饮料,2021,50,0.9326923076923077
2021-12-20,2335245.753246964,2021-12-24,食品饮料,2021,51,0.8653846153846154
2021-12-27,-179345.0991571438,2021-12-31,食品饮料,2021,52,0.46153846153846156
2022-01-03,961999.4784847929,2022-01-07,食品饮料,2022,1,0.6057692307692307
2022-01-10,-368954.7939198684,2022-01-14,食品饮料,2022,2,0.40384615384615385
2022-01-17,435596.23378616804,2022-01-21,食品饮料,2022,3,0.5
2022-01-24,2295242.0289316783,2022-01-28,食品饮料,2022,4,0.8557692307692307
2022-01-31,706923.7009167059,2022-02-04,食品饮料,2022,5,0.5576923076923077
2022-02-07,2141131.371192275,2022-02-11,食品饮料,2022,6,0.8173076923076923
2022-02-14,-2636069.7600848423,2022-02-18,食品饮料,2022,7,0.11538461538461539
2022-02-21,-1307529.1137017992,2022-02-25,食品饮料,2022,8,0.28846153846153844
2022-02-28,2998284.607184807,2022-03-04,食品饮料,2022,9,0.9423076923076923
2022-03-07,-216606.38177952103,2022-03-11,食品饮料,2022,10,0.4326923076923077
2022-03-14,-1893243.294485468,2022-03-18,食品饮料,2022,11,0.25
2022-03-21,4939767.243603897,2022-03-25,食品饮料,2022,12,0.9903846153846154
2022-03-28,-2200048.522041002,2022-04-01,食品饮料,2022,13,0.21153846153846154
2022-04-04,-398850.675405508,2022-04-08,食品饮料,2022,14,0.40384615384615385
2022-04-11,-567932.063248799,2022-04-15,食品饮料,2022,15,0.38461538461538464
2022-04-18,2832793.928281605,2022-04-22,食品饮料,2022,16,0.9038461538461539
2022-04-25,223508.15613949482,2022-04-29,食品饮料,2022,17,0.4807692307692308
2022-05-02,3456669.208038231,2022-05-06,食品饮料,2022,18,0.9519230769230769
2022-05-09,-1423399.4470692463,2022-05-13,食品饮料,2022,19,0.2692307692307692
2022-05-16,4276713.464924869,2022-05-20,食品饮料,2022,20,0.9615384615384616
2022-05-23,-1818620.0173582935,2022-05-27,食品饮料,2022,21,0.2403846153846154
2022-05-30,-1399519.547617202,2022-06-03,食品饮料,2022,22,0.27884615384615385
2022-06-06,-921239.9826712729,2022-06-10,食品饮料,2022,23,0.33653846153846156
2022-06-13,-1106553.2659354655,2022-06-17,食品饮料,2022,24,0.3173076923076923
2022-06-20,1710946.2492474806,2022-06-24,食品饮料,2022,25,0.7115384615384616
2022-06-27,865243.1776697978,2022-07-01,食品饮料,2022,26,0.5769230769230769
2022-07-04,-3495557.5958204227,2022-07-08,食品饮料,2022,27,0.038461538461538464
2022-07-11,-235587.72798557044,2022-07-15,食品饮料,2022,28,0.4326923076923077
2022-07-18,3570592.085827816,2022-07-22,食品饮料,2022,29,0.9519230769230769
2022-07-25,-469067.84903299244,2022-07-29,食品饮料,2022,30,0.375
2022-08-01,-2112689.209771004,2022-08-05,食品饮料,2022,31,0.21153846153846154
2022-08-08,-3290105.09861942,2022-08-12,食品饮料,2022,32,0.038461538461538464
2022-08-15,1858296.145450506,2022-08-19,食品饮料,2022,33,0.7692307692307693
2022-08-22,-2702083.0895486237,2022-08-26,食品饮料,2022,34,0.10576923076923077
2022-08-29,-135390.47502121003,2022-09-02,食品饮料,2022,35,0.4807692307692308
2022-09-05,1495905.4454594147,2022-09-09,食品饮料,2022,36,0.6923076923076923
2022-09-12,-2098906.449566941,2022-09-16,食品饮料,2022,37,0.23076923076923078
2022-09-19,953880.1865609315,2022-09-23,食品饮料,2022,38,0.6346153846153846
2022-09-26,-544843.6343613069,2022-09-30,食品饮料,2022,39,0.38461538461538464
2022-10-03,500024.8468947264,2022-10-07,食品饮料,2022,40,0.5576923076923077
2022-10-10,-1747472.8457768594,2022-10-14,食品饮料,2022,41,0.2692307692307692
2022-10-17,1197051.3511704546,2022-10-21,食品饮料,2022,42,0.7115384615384616
2022-10-24,812834.188237884,2022-10-28,食品饮料,2022,43,0.5961538461538461
2022-10-31,245055.6863869423,2022-11-04,食品饮料,2022,44,0.5096153846153846
2022-11-07,-1790679.5445539404,2022-11-11,食品饮料,2022,45,0.25
2022-11-14,-5641489.732855761,2022-11-18,食品饮料,2022,46,0.0
2022-11-21,505516.5356011946,2022-11-25,食品饮料,2022,47,0.5673076923076923
2022-11-28,-2018889.6926544325,2022-12-02,食品饮料,2022,48,0.23076923076923078
2022-12-05,1490777.006621548,2022-12-09,食品饮料,2022,49,0.7403846153846154
2022-12-12,1461863.889210316,2022-12-16,食品饮料,2022,50,0.7307692307692307
2022-12-19,-633552.0317309648,2022-12-23,食品饮料,2022,51,0.3557692307692308
2022-12-26,1185041.40424583,2022-12-30,食品饮料,2022,52,0.7115384615384616
2023-01-02,1029416.3848269642,2023-01-06,食品饮料,2023,1,0.6730769230769231
2023-01-09,-4064823.2695666067,2023-01-13,食品饮料,2023,2,0.019230769230769232
2023-01-16,-801103.0607979813,2023-01-20,食品饮料,2023,3,0.33653846153846156
2023-01-23,269740.8198076086,2023-01-27,食品饮料,2023,4,0.4807692307692308
2023-01-30,-1002721.6726255065,2023-02-03,食品饮料,2023,5,0.3173076923076923
2023-02-06,1460365.9229055261,2023-02-10,食品饮料,2023,6,0.7307692307692307
2023-02-13,1923010.2665799197,2023-02-17,食品饮料,2023,7,0.8269230769230769
2023-02-20,-560177.6428037246,2023-02-24,食品饮料,2023,8,0.3557692307692308
2023-02-27,-1119381.9332431052,2023-03-03,食品饮料,2023,9,0.28846153846153844
2023-03-06,-2960367.156022694,2023-03-10,食品饮料,2023,10,0.057692307692307696
2023-03-13,644598.7204372035,2023-03-17,食品饮料,2023,11,0.5576923076923077
2023-03-20,-1168539.095156724,2023-03-24,食品饮料,2023,12,0.2980769230769231
2023-03-27,255834.71922104945,2023-03-31,食品饮料,2023,13,0.5
2023-04-03,545385.3966288997,2023-04-07,食品饮料,2023,14,0.5576923076923077
2023-04-10,-4647609.924762322,2023-04-14,食品饮料,2023,15,0.009615384615384616
2023-04-17,1414041.347475174,2023-04-21,食品饮料,2023,16,0.7403846153846154
2023-04-24,-3193941.728299917,2023-04-28,食品饮料,2023,17,0.0673076923076923
2023-05-01,2405851.214398211,2023-05-05,食品饮料,2023,18,0.8942307692307693
2023-05-08,-869186.5834045474,2023-05-12,食品饮料,2023,19,0.33653846153846156
2023-05-15,2267498.1711356286,2023-05-19,食品饮料,2023,20,0.8653846153846154
2023-05-22,1000741.9276954597,2023-05-26,食品饮料,2023,21,0.6634615384615384
2023-05-29,-2531142.620710287,2023-06-02,食品饮料,2023,22,0.09615384615384616
2023-06-05,-778917.987863696,2023-06-09,食品饮料,2023,23,0.33653846153846156
2023-06-12,542806.7642132883,2023-06-16,食品饮料,2023,24,0.5576923076923077
2023-06-19,-1834469.9087603106,2023-06-23,食品饮料,2023,25,0.17307692307692307
2023-06-26,-3952522.808185009,2023-06-30,食品饮料,2023,26,0.028846153846153848
2023-07-03,3986134.6352582197,2023-07-07,食品饮料,2023,27,0.9711538461538461
2023-07-10,408684.10507456865,2023-07-14,食品饮料,2023,28,0.5288461538461539
2023-07-17,-4094741.3151311027,2023-07-21,食品饮料,2023,29,0.019230769230769232
2023-07-24,-3117851.9617400635,2023-07-28,食品饮料,2023,30,0.08653846153846154
2023-07-31,1090626.3028460601,2023-08-04,食品饮料,2023,31,0.7019230769230769
2023-08-07,-2971804.8014030578,2023-08-11,食品饮料,2023,32,0.08653846153846154
2023-08-14,2914175.6641761735,2023-08-18,食品饮料,2023,33,0.9230769230769231
2023-08-21,1689780.6788434032,2023-08-25,食品饮料,2023,34,0.7884615384615384
2023-08-28,384396.40616875025,2023-09-01,食品饮料,2023,35,0.5384615384615384
2023-09-04,2670002.992492228,2023-09-08,食品饮料,2023,36,0.8942307692307693
2023-09-11,-2176515.276327962,2023-09-15,食品饮料,2023,37,0.14423076923076922
2023-09-18,-2291986.7565457383,2023-09-22,食品饮料,2023,38,0.1346153846153846
2023-09-25,784144.3470897465,2023-09-29,食品饮料,2023,39,0.6153846153846154
2023-10-02,1140581.6374428158,2023-10-06,食品饮料,2023,40,0.7115384615384616
2023-10-09,1617343.464078906,2023-10-13,食品饮料,2023,41,0.7788461538461539
2023-10-16,716961.3090658077,2023-10-20,食品饮料,2023,42,0.6057692307692307
2023-10-23,-48670.97487726272,2023-10-27,食品饮料,2023,43,0.47115384615384615
2023-10-30,-1066837.8233802612,2023-11-03,食品饮料,2023,44,0.3173076923076923
2023-11-06,-15145.890195258427,2023-11-10,食品饮料,2023,45,0.49038461538461536
2023-11-13,-2888569.5528434347,2023-11-17,食品饮料,2023,46,0.10576923076923077
2023-11-20,339451.11848825426,2023-11-24,食品饮料,2023,47,0.5480769230769231
2023-11-27,176665.674848462,2023-12-01,食品饮料,2023,48,0.5
2023-12-04,-3076637.176594263,2023-12-08,食品饮料,2023,49,0.08653846153846154
2023-12-11,-3754508.179813667,2023-12-15,食品饮料,2023,50,0.04807692307692308
2023-12-18,-6033.581062568592,2023-12-22,食品饮料,2023,51,0.5096153846153846
2023-12-25,1320920.3696664905,2023-12-29,食品饮料,2023,52,0.7788461538461539
2024-01-01,-3318659.753423873,2024-01-05,食品饮料,2024,1,0.0673076923076923
2024-01-08,-553490.8662461154,2024-01-12,食品饮料,2024,2,0.4230769230769231
2024-01-15,-435302.2235202723,2024-01-19,食品饮料,2024,3,0.4519230769230769
2024-01-22,-3097503.937433238,2024-01-26,食品饮料,2024,4,0.10576923076923077
2024-01-29,637713.1209875605,2024-02-02,食品饮料,2024,5,0.6538461538461539
2024-02-05,-2687796.9024714287,2024-02-09,食品饮料,2024,6,0.16346153846153846
2024-02-12,-2870827.1562105687,2024-02-16,食品饮料,2024,7,0.15384615384615385
2024-02-19,984974.1829310848,2024-02-23,食品饮料,2024,8,0.7307692307692307
2024-02-26,-460894.55620433856,2024-03-01,食品饮料,2024,9,0.46153846153846156
2024-03-04,-49180.48880493763,2024-03-08,食品饮料,2024,10,0.5192307692307693
2024-03-11,-618126.2829543636,2024-03-15,食品饮料,2024,11,0.41346153846153844
2024-03-18,-2250189.3142893296,2024-03-22,食品饮料,2024,12,0.20192307692307693
2024-03-25,1205105.7975086377,2024-03-29,食品饮料,2024,13,0.8076923076923077
2024-04-01,128576.43348106142,2024-04-05,食品饮料,2024,14,0.5480769230769231
2024-04-08,647069.3449491548,2024-04-12,食品饮料,2024,15,0.6826923076923077
2024-04-15,-1004806.1559139797,2024-04-19,食品饮料,2024,16,0.34615384615384615
2024-04-22,-1411477.616551764,2024-04-26,食品饮料,2024,17,0.2980769230769231
2024-04-29,-1209528.452821333,2024-05-03,食品饮料,2024,18,0.3173076923076923
2024-05-06,373246.89240855665,2024-05-10,食品饮料,2024,19,0.6153846153846154
2024-05-13,-302489.6422660628,2024-05-17,食品饮料,2024,20,0.49038461538461536
2024-05-20,1008544.6326667503,2024-05-24,食品饮料,2024,21,0.7788461538461539
2024-05-27,5116274.391116808,2024-05-31,食品饮料,2024,22,1.0
2024-06-03,-802409.7698039575,2024-06-07,食品饮料,2024,23,0.375
2024-06-10,1702880.573191059,2024-06-14,食品饮料,2024,24,0.9038461538461539
2024-06-17,-329337.8941930892,2024-06-21,食品饮料,2024,25,0.46153846153846156
2024-06-24,956734.1755888662,2024-06-28,食品饮料,2024,26,0.7403846153846154
2024-07-01,-4659876.535102984,2024-07-05,食品饮料,2024,27,0.009615384615384616
2024-07-08,-429644.12469098135,2024-07-12,食品饮料,2024,28,0.46153846153846156
2024-07-15,5047141.627419774,2024-07-19,食品饮料,2024,29,0.9903846153846154
2024-07-22,3772769.6158992504,2024-07-26,食品饮料,2024,30,0.9711538461538461
2024-07-29,-918660.5201408468,2024-07-31,食品饮料,2024,31,0.34615384615384615
