,CSI300,SP500,HSI,CR_GOV,CR_CORP,159934.SZ
2006-11-02,0.016694462647737666,-0.03436740249171381,1.4051403112091447,0.026907036352294838,0.041457651603278155,
2006-11-03,0.5818853479795022,-0.22257700539063957,0.18636329356271966,0.03586479012710613,0.016578249374839264,
2006-11-06,1.3083503999464352,1.1282589583801694,0.9916698048370337,-0.04483299783680494,-0.041450777795577626,
2006-11-07,0.5431900644066181,0.2215289291624749,0.014573926532040812,-0.044853106829552104,-0.09955202415015939,
2006-11-08,-1.1897520707009492,0.20805046947438272,-0.6785092738233703,-0.008973036032767022,0.09955202415016197,
2006-11-09,1.756048574445623,-0.5347238731926541,0.7500280101615595,0.0896941489857404,-0.008292217758380236,
2006-11-10,-1.3637403405516886,0.18628390842335413,-0.3261814539802706,0.044816923620217344,-0.04147140606031172,
2006-11-13,-1.8983462111756695,0.2545818857238841,-0.11970441856845893,0.008960974960066048,0.016590626334190794,
2006-11-14,1.2121156433458848,0.6336335480975379,0.052348587677647385,-0.017922752982826275,0.06633499414059724,
2006-11-15,2.7068177753964338,0.24016156127632912,1.1302304956556295,-0.008962581229391555,-0.03316199665609498,
2006-11-16,-0.09608709854198264,0.22815628940812743,0.3193449950542,0.00896258122940058,0.008291530206650707,
2006-11-17,1.8606378007770177,0.10282189869673483,0.14941268060608637,0.017922752982827125,0.4797362385244552,
2006-11-20,1.9697382758944326,-0.04996966231685479,-1.1961123625737613,-0.08964590470370394,-0.016504373696481545,
2006-11-21,1.1911888717752532,0.1648052140394323,0.28274970217771134,-0.02690944986413437,-0.008253208439472698,
2006-11-22,0.7279384313210058,0.23354348612123552,1.2676372968787404,0.008970621221549572,-0.09909166789360249,
2006-11-23,0.6680720607275489,0.0,0.0754489520840634,-0.03588731421972378,0.08258320727006944,
2006-11-24,0.10184950019876239,-0.36622247953419457,-0.02606058009403978,-0.008973841258763916,-0.1486989121578367,
2006-11-27,0.9257509215037063,-1.3691214096989062,-0.292687117925009,-0.06283944728530995,-0.057887121732223455,
2006-11-28,-0.47253953816518934,0.34818825765958683,-2.9834517046130005,0.0628394472853035,-0.03309340644086039,
2006-11-29,1.3969970691387783,0.9159492649209412,0.7557398973500025,0.026919108242762377,-0.10762926898985051,
2006-11-30,2.792788340616314,0.08213963484707253,0.9514819641338488,0.05381648708235112,0.09107845796234158,
2006-12-01,0.8634086455179454,-0.2802664363961991,-1.4324318727801377,0.01793239491939541,-0.05794942005787529,
2006-12-04,2.9354009023917955,0.884592503739639,0.06370082756376146,0.0,-0.08284318260223962,
2006-12-05,0.7549755899763699,0.3994509327143707,1.2827785702158085,-0.044837018192761965,0.04143017004200265,
2006-12-06,-0.8294107220749896,-0.13155756125308088,0.4328097869021278,-0.04485713079298467,0.008283974655777973,
2006-12-07,-0.20798151022283065,-0.397846059992964,-0.9684424641974985,-0.1616524824403046,-0.14092098324134336,
2006-12-08,-3.678333802791508,0.18103535842812069,-0.5481218246952323,-0.08991997728442931,-0.04148516964703074,
2006-12-11,4.4753903312401775,0.22671890910740786,0.9806090316027024,0.09890752953060696,0.008298410859092404,
2006-12-12,0.7161194649065519,-0.1047936086837734,-0.09246183040073043,0.0,0.05806960219589984,
2006-12-13,0.059224033822935646,0.11682368388626606,-1.0045436863555322,0.0,-0.09126737824981838,
2006-12-14,1.7740580037496794,0.8651901646480714,1.0692072306639653,-0.03595505656711227,-0.08304268871179128,
2006-12-15,1.7006284129585312,0.11217916186671262,1.005792063186603,0.05392773813958832,-0.0664838385662238,
2006-12-18,2.562258538712373,-0.32355787166683486,0.4295168723964687,-0.026960233818663203,-0.2580431781034169,
2006-12-19,0.27809413078385653,0.215587700204248,-1.1969493063640682,0.0,-0.12509905305218966,
2006-12-20,0.7829503569343165,-0.1418001838118046,1.4426235284849063,0.008987552246196082,0.1000917591278444,
2006-12-21,-1.4334803073701312,-0.36807310110549446,-0.08985268509019742,-0.01797591232595446,-0.1418262449387209,
2006-12-22,-0.7013064705778421,-0.5330405048294115,0.5068588162593081,0.044933723514943825,0.08345156121459672,
2006-12-25,2.2667388227015715,0.0,0.0,-0.017971066631161353,-0.03337226795529941,
2006-12-26,-0.0446697770998824,0.43428203179134334,0.0,-0.053932585576958576,-0.04173100256696228,
2006-12-27,2.276950743646932,0.699082228469479,2.0756131383077934,0.008990784451994076,0.13347795424639197,
2006-12-28,-0.1485814632348659,-0.147988678874187,1.3903894075039882,0.06291286775611392,-0.03335278943618395,
2006-12-29,3.0399905739981192,-0.4523350765572337,-0.1861053120266587,0.08082985755993051,-0.058394162243249025,
2007-01-02,0.0,0.0,1.715552230837737,0.0,0.0,
2007-01-03,0.0,-0.11993369810396741,0.5068819898675706,0.0,0.0,
2007-01-04,1.2679877169250928,0.1227539361322504,-1.918060175070656,0.0,-0.05007929325930655,
2007-01-05,0.27976032594293815,-0.6103164221243997,0.9230408062399797,0.035903420186428475,0.1668335388630615,
2007-01-08,2.7911837537270454,0.22178535600830898,-0.9026689397171013,0.008973841258766513,0.01666805570989127,
2007-01-09,3.164422105332475,-0.05168233181110816,-0.6590930331805864,0.02691669299818769,0.06664445431604468,
2007-01-10,2.5081812090927893,0.19384786894813752,-1.6710290563168417,0.053811660491342325,0.11652102858093734,
2007-01-11,-1.0846450535036263,0.6319882096763795,-0.9394296236872829,0.017930787209596767,-0.09986685250781666,
2007-01-12,-2.627940548332723,0.4841403021182203,1.1694858099375796,-0.07174244770093531,0.02497606473458469,
2007-01-15,5.093803816187833,0.0,2.2940895392255403,0.04484506106817117,-0.10827469512376905,
2007-01-16,2.8672036748409164,0.08174301709609397,-0.20256133955602298,0.08067046554097197,0.0,
2007-01-17,-1.9277834632594963,-0.08943169552090015,0.18267751781997657,0.0,0.09995003330836451,
2007-01-18,0.3529599044898431,-0.2975161365588242,1.0556816981792794,0.00895936926639359,-0.016651402919172033,
2007-01-19,3.352524828659753,0.28912781310015917,0.24730816986344054,0.026873292587945154,0.03330003360776095,
2007-01-22,3.897038654381861,-0.5291852052066928,2.1631045288105732,0.05372492965899084,-0.19162680306735114,
2007-01-23,0.6727574823211008,0.3535679635791376,-0.012132323219975,-0.026858856869458617,0.016677785228787236,
2007-01-24,1.1219336492947691,0.8465526199141198,0.24693003175934714,0.008953753867286085,0.11666667989967458,
2007-01-25,-3.351392437842472,-1.1333801486081785,-0.7289345011882167,-0.017908309503449783,0.09157128631552863,
2007-01-26,2.4203351807827485,-0.12086801561423474,-1.8984252088143299,-0.01791151715337972,0.02495944103807864,
2007-01-29,2.514750367728401,-0.10975096078435123,-0.21940977477360757,0.1432023873109748,0.04990020063623845,
2007-01-30,-0.9761813253748394,0.5755532761662063,1.099744382014069,0.0,0.024940765810800434,
2007-01-31,-6.749233421151528,0.6571215040463959,-1.7455076112364312,-0.02683483177246225,-0.1247660798155252,
2007-02-01,0.41154688756529284,0.5339485256796659,1.5973073367199855,-0.02684203478738768,0.02496567233038788,
2007-02-02,-4.141455965939697,0.16929656156476677,0.6514172478283167,-0.044752741852321795,0.13304508864238143,
2007-02-05,-1.1469336633208145,-0.09670579399642715,-0.5268751537757592,0.02685404840915109,-0.041557578622440625,
2007-02-06,1.9287682443239251,0.06977571880923032,0.9709442327793277,-0.053715310154583834,0.0166251039451945,
2007-02-07,2.2941246971688916,0.13940554772826375,0.11849555117031964,0.044764761927529165,-0.03325297229078688,
2007-02-08,1.7076016316040494,-0.1179989993143451,0.2673445878106839,-0.06267627908091156,0.10803175521954791,
2007-02-09,-0.5555932680247341,-0.710237640173229,-0.2771614643834269,0.06267627908091106,0.05812264040406488,
2007-02-12,3.6110232260543933,-0.32666679463741255,-0.40827687302626764,-0.0716332408854528,0.016600265642377123,
2007-02-13,1.4871614505316433,0.7568764564710787,-2.2648114825121786,-0.08064877895798944,-0.008299788360159386,
2007-02-14,2.57182126231387,0.7614985272875215,0.38500712867039605,0.04481290686690232,0.0580840575596553,
2007-02-15,3.0546135569096453,0.10370488307995768,1.6124200300113363,0.07165890668519408,0.06634049501122764,
2007-02-16,0.3031411945600601,-0.08721479770640367,0.14348157599692588,0.08055493834576184,0.08286377670036707,
2007-02-20,0.0,0.2840267824148074,0.0,0.0,0.0,
2007-02-21,0.0,-0.14054045250065575,0.40519879512736545,0.0,0.0,
2007-02-22,0.0,-0.08579243562446137,0.7612556103358076,0.0,0.0,
2007-02-23,0.0,-0.3569995227735429,-0.47002943892784393,0.0,0.0,
2007-02-26,1.1492934167155493,-0.12549302471607773,-0.9883728044544774,0.03578137617566908,0.06624161871763865,
2007-02-27,-9.694938470401272,-3.5342692132952407,-1.771404023627212,-0.08052610823007589,-0.3399530656751821,
2007-02-28,3.4820752285255496,0.554555105263509,-2.494439546268668,0.0,0.03321707388122977,
2007-03-01,-2.831012989221399,-0.259787547486464,-1.563748670401559,0.026849241670216344,0.157630596375931,
2007-03-02,1.4124310304701075,-1.1468262190986938,0.4919495306559866,0.04473272273204893,0.016578249374839264,
2007-03-05,-1.32910358558311,-0.9452174281599582,-4.0792505548699625,0.062592213784033,0.033148255876574925,
2007-03-06,1.7889950070783849,1.5374752670107978,2.0872661279602815,0.008938547491972605,-0.016572754429703688,
2007-03-07,2.7064926774612115,-0.24682689453708984,-0.736866504666318,-0.008938547491978463,-0.09949424583294408,
2007-03-08,1.4642207853505929,0.7101316234660379,1.346853349121998,0.008938547491972605,0.0,
2007-03-09,-0.6198503800189253,0.06845554578957194,-0.2103365297307908,0.03574620234667225,0.008294969106001734,
2007-03-12,0.18283852353233587,0.26695632433766825,1.594442925403945,0.02680126875381142,-0.03318400561395587,
2007-03-13,0.9130749591817575,-2.057855742885797,-0.5636555053002547,-0.02680126875381406,0.008297033815172938,
2007-03-14,-1.6348540720595515,0.6668813049787978,-2.600141712580445,-0.044684749838663516,0.024886971798783394,
2007-03-15,1.8383081688005596,0.3676990596971274,0.7009958513482563,-0.06259221378403682,0.07462377528006926,
2007-03-16,-1.5741961093408678,-0.3835599453445597,-0.08406521719426888,0.026830031909813985,-0.27389318695111353,
2007-03-19,2.0969911614335675,1.0835492046144908,1.6391682187307577,-0.05366726425767907,0.14948927291800815,
2007-03-20,0.5010340207456523,0.6313565230855894,0.46686518289256174,0.017892288471427285,-0.058108165832112035,
2007-03-21,1.109740062240017,1.6936574454318394,0.8206705076000946,0.0,0.0332088006372708,
2007-03-22,0.32231762438888023,-0.0348483056795814,0.8867939234558025,-0.04473672512317439,0.008300477282212415,
2007-03-23,0.18218042222128322,0.10938290328232003,0.012137250480776213,0.017897091770374768,0.1327140208062494,
2007-03-26,1.7433063797638673,0.09674243257850866,0.3710739260723228,-0.053700887355136194,-0.15761751987655961,
2007-03-27,0.7205797089508964,-0.6203550115129569,-0.2992454726740349,0.00895215076019677,0.15761751987655478,
2007-03-28,0.4882417694210976,-0.7997681287838405,-0.7790025604359017,-0.008952150760191308,-0.03316199665609498,
2007-03-29,-0.5140351124388243,0.373271414049681,1.3608112338522143,-0.008952952241979497,0.04145077779557531,
2007-03-30,-0.054662199935060364,-0.11746543330489272,-0.1052426849372825,0.03580700065113539,0.07456812972391919,
2007-04-02,2.426408893268288,0.25936522810858775,0.044281043463854385,0.0805189039252626,0.15723924289040694,
2007-04-03,1.3247502746929816,0.9237327764279839,0.9695547713255,0.026825233763942594,-0.07445092787129472,
2007-04-04,0.817461848249028,0.11122157176475703,1.0295917538251942,0.00894014573034373,0.1075224453285568,
2007-04-05,1.1345438457758126,0.30453038140440686,0.0,-0.01788109079417464,0.14868662907778607,
2007-04-06,0.9113721519296696,0.0,0.0,-0.02682763262233527,0.14846588012467485,
2007-04-09,2.2018200123879605,0.05885672711857691,0.0,-0.11633631452143947,0.0,
2007-04-10,1.4182539585951461,0.26132057733051894,0.6813056125263367,-0.0716589066851944,0.08238590019460787,
2007-04-11,1.281711054357231,-0.6594511405361859,0.4978771133893184,-0.03584871879223296,0.024702540370164297,
2007-04-12,1.7504459482744719,0.6187079566869298,-0.3390677278405765,-0.017929179788054996,-0.041174291354541884,
2007-04-13,-0.22705256008868865,0.3481981695319881,-0.19272531957951436,0.03585514559746589,-0.03295164376136986,
2007-04-16,2.7009231112299528,1.069389786644563,2.0271993648234456,-0.017925965809407533,-0.02472086041183833,
2007-04-17,0.8442765776914684,0.20476545871299917,0.14961681541422422,-0.06276619798081295,-0.04121501933625462,
2007-04-18,0.6343878879561718,0.0692939517805177,-0.055430320167648595,-0.26045189629979937,0.19767735619197016,
2007-04-19,-4.778683985824237,-0.120276037780142,-2.324433713480486,-0.05397139647068265,-0.07408322353890842,
2007-04-20,4.31706651903116,0.9218089827972576,1.3061314290121588,-0.1350560687887143,0.14811160446440305,
2007-04-23,4.227514005193385,-0.23066971863989105,-0.04873166458168654,0.027025809812709432,-0.04934616433713502,
2007-04-24,0.40363529665935194,-0.03511923692278205,0.07892170895115207,0.16200165544667208,-0.22235957278030494,
2007-04-25,0.0895049103943517,1.0088027404093753,-0.17523900374429277,-0.07196833703936269,-0.20633028406886744,
2007-04-26,1.3051438657774272,-0.07826951200163834,0.6334832284674291,0.05398110792350076,0.13210041551135362,
2007-04-27,-0.6621981595606137,-0.012046902622057603,-0.6835522936505236,0.03597122340943958,-0.33885730180270257,
2007-04-30,2.509253558187654,-0.7861781364552289,-1.0161309675973345,0.1706868311807135,0.3058485541849345,
2007-05-01,0.0,0.26476518412585975,0.0,0.0,0.0,
2007-05-02,0.0,0.6451592013855597,0.3415101334346587,0.0,0.0,
2007-05-03,0.0,0.4315771246102824,1.4272923108473057,0.0,0.0,
2007-05-04,0.0,0.2147600068780669,0.7682589916083135,0.0,0.0,
2007-05-07,0.0,0.25604471551929586,0.26623415374735737,0.0,0.0,
2007-05-08,3.515215947391982,-0.11666447034482517,-0.9147963982248524,0.00897545214443127,-0.06605020055186582,
2007-05-09,0.41278971214116406,0.3218226132884731,0.6663140673244308,-0.13471644230603164,0.18977686293102042,
2007-05-10,0.6257404314856935,-1.4054591294918806,-0.4737085705384808,0.0,-0.00824368328235839,
2007-05-11,-0.5896783021245487,0.959531203234632,-1.3493520673837354,0.017972681572474777,0.06593044577046629,
2007-05-14,0.8554002174945569,-0.17946166331975535,2.4660426527709682,-0.044937761956978815,0.024712714817484906,
2007-05-15,-3.5371723943216464,-0.13047792713652154,-0.5309304162427612,-0.07194244914611429,-0.07415647355036013,
2007-05-16,2.6189589444313905,0.8589494098609994,0.33062736596054587,0.0,-0.10721208399843087,
2007-05-17,2.0944509688079176,-0.09184344972615331,0.27353912792092966,0.0,0.3048406068196323,
2007-05-18,-0.05230810971719022,0.6588724214163112,-0.4285027004361804,0.04497009564475023,-0.08229775791630867,
2007-05-21,1.4409681837066455,0.15420709455439238,0.10953183769146825,-0.189010451841641,-0.40424094976724034,
2007-05-22,1.0139361011004562,-0.06427873579096997,-0.4013730480106428,-0.10816658707410232,-0.32291479104974063,
2007-05-23,1.753206530801486,-0.12079833401703893,-0.21588327542911806,-0.0992555912751628,0.041457651603278155,
2007-05-24,-0.48855549348608185,-0.9749927885548161,0.0,-0.1535890440607043,-0.22407578154478372,
2007-05-25,1.6573181360396674,0.5437887998219665,-1.3471282722368734,0.06327111884595334,-0.09975063171254137,
2007-05-28,2.1675666783094534,0.0,0.04433572250446524,0.03613695946815025,0.24919026101791175,
2007-05-29,2.32294256940495,0.15689690215897512,-0.29351705916398224,0.0,-0.2575073068080305,
2007-05-30,-7.000717956416848,0.7951910787606866,-0.8626920529974116,0.018063583864161223,-0.0748845564802353,
2007-05-31,1.0619710163245997,0.025483117572593077,1.6649528726646816,-0.07227392129582054,-0.1332667197068257,
2007-06-01,-3.2077118382434273,0.37300823174132985,-0.15325918783934556,-0.027116193052674178,0.008334375135046666,
2007-06-04,-8.00174053743152,0.18468426849634983,0.6131761673025188,-0.11758854414484711,-0.08337502567352303,
2007-06-05,3.4484496325778053,-0.5361349332848856,0.5415230397656832,-0.09054690948232197,-0.35093618904298374,
2007-06-06,1.1746784138431123,-0.8903294354294681,-0.11300803204362363,0.0,0.05020920607571273,
2007-06-07,3.3352271620911194,-1.7725938674770216,-0.08866192445677913,-0.009059201890518294,-0.2345256121438977,
2007-06-08,0.9309544733056938,1.1306188027129123,-1.4089550958322499,0.05434290505984965,0.0,
2007-06-11,2.4196361506372197,0.09612867396528205,0.5171606949496229,-0.06340292771608853,-0.10907413926970454,
2007-06-12,2.6168004038154833,-1.0739180929706307,0.10132872387031668,-0.06344315253359106,0.31012974859088754,
2007-06-13,2.01515775597222,1.5070066867546437,-0.27970322351612653,-0.009066594140121637,-0.36051181364183976,
2007-06-14,-1.0360487831338718,0.48047903298739786,1.3922433558388136,-0.1724216589421347,-0.10924829860899947,
2007-06-15,0.576378790991433,0.6505513996924116,0.7152589530465083,-0.16362152545949826,0.058840837237535006,
2007-06-18,3.0791136657993703,-0.12141152159179064,2.656685809108952,-0.08191126737846613,-0.21030501967787876,
2007-06-19,0.5997492910961344,0.17293421391170744,0.0,-0.03642655536134291,0.07576076796562656,
2007-06-20,-2.2686872082809244,-1.3694437625555844,0.4704688118946707,0.009107882878920946,-0.6415689742244611,
2007-06-21,0.9498952257217428,0.6161408341564246,1.237431387702915,0.018213277529625337,0.30441423812280516,
2007-06-22,-3.53677785342487,-1.2979767316439046,0.20584892848444009,-0.03642987289833174,-0.21976173158618897,
2007-06-25,-4.385509128074491,-0.32130147962474664,-0.8103688476705232,-0.009109542251809277,-0.18633019704531867,
2007-06-26,1.297078846037474,-0.3243466595241122,-0.0860956108664189,-0.04556016298225815,0.18633019704531156,
2007-06-27,2.8179871686286853,0.8969028826472482,-0.4505268929962509,-0.08206063829538142,-0.0931216998510238,
2007-06-28,-4.608027818075564,-0.04183197551082891,1.066187227479857,0.03647970856689432,-0.24591914025936268,
2007-06-29,-2.478126445290044,-0.1568596494518186,-0.7572051886772089,-0.07297272968167087,0.36442262458607894,
2007-07-02,-0.17078515180461615,1.0639313268578126,0.0,0.17322336464423974,-0.23714756604068096,
2007-07-03,1.9651003724067602,0.35738959959952077,1.7230693121821323,0.06374357088760395,0.09323219728599072,
2007-07-04,-2.3403189266537985,0.0,0.303856312115835,0.0,-0.26296829846332626,
2007-07-05,-5.664101884116211,0.03475102239039585,0.15488560497343365,0.027306239645397613,0.16125613509209483,
2007-07-06,4.770626579136009,0.32986050119985877,1.2448600215296952,0.06368557736972387,-0.06786562866515844,
2007-07-09,2.9483048209248373,0.09208795376283511,1.2599735761874917,0.04546487916459021,-0.04243941836817073,
2007-07-10,-1.2026329759786019,-1.4287037429708918,0.2993661114003334,-0.045464879164595746,-0.016980811723615246,
2007-07-11,0.3767900676048903,0.5705094579265149,-1.2257901182414215,0.0,0.5672933379933508,
2007-07-12,0.7111303507431688,1.8875745489392166,0.8895594245856443,-0.018191740999770927,-0.6437426940208377,
2007-07-13,0.08388061580890588,0.30965768889199313,1.2645809363769995,-0.027293818119670573,0.3816636667246342,
2007-07-16,-3.249994406096815,-0.19213292736500157,-0.631228179309248,0.02729381811966783,-0.2627676866887252,
2007-07-17,2.449099165792394,-0.009680885744073471,0.4492822791300856,0.0,0.32200688784565523,
2007-07-18,0.47183105017471516,-0.20674913842960427,-0.9384977820867129,0.03638017320705149,-0.37294499914317125,
2007-07-19,-0.015155154534758478,0.4459150729938324,0.7600871516727264,-0.009093802579822771,0.7360750692445726,
2007-07-20,4.2399851947466205,-1.2296166171457572,1.190734482734044,0.05455041502671559,-0.7615538582906405,
2007-07-23,4.548648213261202,0.48574877590889015,0.31574826918273374,-0.27305013779095366,0.16973610117731397,
2007-07-24,0.11129980140485428,-2.0003222152723077,0.4582568839157316,-0.02734606461596755,0.20330375490454802,
2007-07-25,2.236354779448999,0.4654810278535221,-0.4727236653431962,0.01823154061568451,-0.135489901326679,
2007-07-26,1.1151876926193034,-2.361519388630663,-0.6462444445557968,0.05467468698256132,-0.1187044399179305,
2007-07-27,0.09193610925816556,-1.6120772961745986,-2.8016274706917077,0.02732613762051702,-0.08487523850210868,
2007-07-30,2.366722684445031,1.0201734652928924,0.748133440420153,0.16380020042383697,-0.008491487289091494,
2007-07-31,1.133318130618625,-1.2727283140030712,1.9381839184638963,-0.09096698525955768,-0.042468255617692734,
2007-08-01,-3.8877299865916393,0.7216540281130251,-3.197359148466313,0.06368557736972387,-0.5366510600704114,
2007-08-02,3.3398435217623876,0.43498899430010096,-0.053943764823276,-0.027288852673103253,0.20477822855651914,
2007-08-03,3.5907499298574717,-2.6945862470593616,0.4232395096589847,0.027288852673108543,0.1277737726544384,
2007-08-06,2.2705959143701633,2.3864091109794745,-2.705989502869921,0.01818843220729384,-0.2813181174158327,
2007-08-07,0.4361874103724532,0.6140531049158308,-0.1310990427867929,0.027276446957320306,-0.3677575237373911,
2007-08-08,-1.202233155095495,1.3973732858015566,2.8292349874472604,-0.03637024953713558,0.02570143513826805,
2007-08-09,2.3123251044338344,-3.0098049706837764,-0.4327200592910491,0.03637024953713289,-0.3604225990435731,
2007-08-10,-1.064891482597661,0.037843212583485025,-2.9241049548726474,-0.03637024953713558,-0.28410332914243586,
2007-08-13,-0.1162377914240153,-0.0495431035125495,0.45046513285575174,-0.03638348230057072,0.06033182686773806,
2007-08-14,1.563084795882553,-1.8323392635474025,0.529496376109875,0.03638348230055976,0.09473367629213067,
2007-08-15,0.06633092871568085,-1.4005396155727918,-2.911942682354952,-0.009094629627467828,-0.3621942559039985,
2007-08-16,-1.61353116759465,0.32434724332828335,-3.3456704944750095,0.027281407889850853,-0.5370768280770393,
2007-08-17,-2.040157298337203,2.426962088495262,-1.3895174114081303,0.045452480215268154,0.2948831278191432,
2007-08-20,5.4438109441246985,-0.026975711647980547,5.758715999968306,0.16345808216292745,0.15576327136839008,
2007-08-21,1.7708472114530631,0.10855024279734103,0.6172901850770388,0.07256236146051771,0.27631482911636795,
2007-08-22,1.575728063211373,1.1644854192464795,2.8022832741857555,-0.09071118183700166,-0.42341821738774366,
2007-08-23,1.6538492149848272,-0.10729284798328043,2.73703828119247,0.09977777597712495,0.32852108737436647,
2007-08-24,1.5772947513989979,1.1469021350864046,-0.19647476316304624,0.009065772183351542,-0.21601079812477883,
2007-08-27,0.4888006055251745,-0.8539981844984107,2.8210273271588675,0.009064950375603616,-0.07787825427142518,
2007-08-28,0.1643272060259686,-2.3752906038098094,-0.911651853977097,-0.009064950375598084,0.060577216165984,
2007-08-29,-1.534011841004917,2.1685034082517176,-1.4796636665652432,-0.036268021070329226,-0.0692341005586939,
2007-08-30,1.3330777791305082,-0.41897781561307235,1.9952865070735692,0.009068238500891569,0.19891898451037657,
2007-08-31,1.0549496915476095,1.115431996557325,2.105044625129719,0.018134010386071656,-0.15564205476581952,
2007-09-03,2.283716372594837,0.0,-0.3343204564461911,-0.03627130979191474,-0.12988701657211174,
2007-09-04,-1.0916382644884977,1.0413772946765545,-0.07541301746643067,-0.03628447064483231,0.0,
2007-09-05,0.05442210499812626,-1.1567770658224874,0.7636324612920246,-0.009073175163878112,-0.11270537410467098,
2007-09-06,0.9055225875877787,0.4242866025263865,-0.07801400117239951,0.07256236146051771,0.12136975915537906,
2007-09-07,-2.190128441014638,-1.7053037647481801,-0.2822644052859038,0.0,-0.14739674060624613,
2007-09-10,1.5447621403947203,-0.1273556664693238,0.07123458925871709,0.0,-0.07812161327828385,
2007-09-11,-4.821854534207196,1.3540209396441103,-0.1979482602667531,-0.2723807749030369,-0.226028088926507,
2007-09-12,1.5254366988420263,0.004756969811127039,1.4831699591232126,0.018181818231913286,-0.2614380574070932,
2007-09-13,2.78832478309611,0.8384388875406259,0.9289450257799771,-0.08184422773051053,0.052342319959740924,
2007-09-14,0.8803798992551222,0.020214271344355664,1.4608899459194409,-0.036396724696616076,0.08717636329274611,
2007-09-17,1.8654774663012847,-0.5133585525123787,-1.2072283665265848,-0.15483403976736373,-0.24428558649685425,
2007-09-18,-0.4021417356153663,2.878957889716823,-0.09146703544121898,0.10931949708550279,-0.13986016265836004,
2007-09-19,-1.0567358734761876,0.6067959880852994,3.901396190254891,-0.06375518226793182,0.10491345602975602,
2007-09-20,1.3862368147912907,-0.6745919314823638,0.5716054947917082,0.0,-0.22745176457962657,
2007-09-21,-0.48922779690843476,0.4598464335745744,0.5534993239372986,-0.13675527499431736,0.07004027602033176,
2007-09-24,0.8340428823828729,-0.5270294901641288,2.7032861652798017,-0.018248175233116407,-0.008752352200248139,
2007-09-25,-1.0809230640413985,-0.034267564109241797,-0.4592113762465051,-0.14610540449491574,-0.31559594880543507,
2007-09-26,-1.7307597325090418,0.5396660077380033,0.0,0.10959906111238595,0.06144393434478053,
2007-09-27,1.2353107096440983,0.3899507689342555,2.3736221510900632,0.054754518615647604,0.03509387647878956,
2007-09-28,2.782691559109316,-0.3027996545348895,0.28527373987845717,0.24602499994409652,0.4289034541225454,
2007-10-01,0.0,1.3202134631993176,0.0,0.0,0.0,
2007-10-02,0.0,-0.026505736061067427,3.821345281098597,0.0,0.0,
2007-10-03,0.0,-0.4562223179686361,-2.5856828710893067,0.0,0.0,
2007-10-04,0.0,0.21087266892174716,-1.8583586305994615,0.0,0.0,
2007-10-05,0.0,0.9514881019684316,3.1296493726110617,0.0,0.0,
2007-10-08,1.2875970721159986,-0.3221691633161984,-0.22024471775673815,-0.01820333125987057,-0.20109296394043807,
2007-10-09,0.4023462619199315,0.8063602755944852,1.6349065982113404,0.036403349510136,-0.04376942338008985,
2007-10-10,0.17307294805104845,-0.17137636003905793,1.2017954624826723,-0.027301269678615642,0.5936289802757826,
2007-10-11,1.298638875701585,-0.5171850033208772,1.9538473991661531,0.21820174127101993,-0.3051041899562158,
2007-10-12,-0.397606952944881,0.47429498355492405,-1.0165446691291073,-0.018165304318799206,0.17445922080137582,
2007-10-15,1.4573909517389314,-0.8416675898817,2.4064889533866642,-0.04542770259379483,-0.3317331719613866,
2007-10-16,0.9531942046977808,-0.6594911245262035,-2.004432242967085,-0.06363347335308002,-0.12249542173942515,
2007-10-17,-0.9073398339385332,0.1759872132944804,1.1816128550330818,0.027276446957320306,-0.24544191844673366,
2007-10-18,-3.643278412712725,-0.07529241070709143,0.5661327466959107,-0.05456033599018992,-0.07023705293136252,
2007-10-19,-0.03004504018084331,-2.594934319537974,0.0,-0.06369137197246537,-0.16701098243166407,
2007-10-22,-2.5506272021675347,0.3791208946776367,-3.7744622519365683,-0.12750457100818205,-0.25545048024615274,
2007-10-23,1.2242852686899346,0.8764332750925656,3.474709691105602,0.0,0.16743780073973324,
2007-10-24,0.8613200645623499,-0.24444332161733628,-0.1476059275610625,-0.03645975794650037,0.04401602254260612,
2007-10-25,-4.65615168863405,-0.09768075014050771,1.7604016954236894,-0.027353544734035576,-0.22027410994734836,
2007-10-26,1.1374394331624795,1.3693453914878704,1.8279056910614113,-0.05472954619872737,0.0,
2007-10-29,2.0829569375325407,0.37058028405670435,3.812817348042135,0.18231545615151784,0.2818640111507923,
2007-10-30,1.5797814685383684,-0.6484397720917392,0.16234057371792543,0.10922993986090869,0.017590149561632278,
2007-10-31,1.6389943813332803,1.192067096231093,-0.9069323072063586,0.027288852673108543,0.28102240326356404,
2007-11-01,-1.4753704797406508,-2.6778846694407914,0.44649281930667084,0.027281407889850853,-0.1140701216130592,
2007-11-02,-2.3886325262452104,0.08018316649464065,-3.3073376839204647,-0.08186656208359921,0.04388852385567769,
2007-11-05,-2.0793245570819736,-0.4967106519623009,-5.138322784669813,0.07277358640102823,-0.02633080280276796,
2007-11-06,-0.8008393542467688,1.1977221301780137,1.6985888970890217,0.10906117594687435,-0.14933898326058653,
2007-11-07,0.620164118414705,-2.980971020535981,0.9156901194621212,-0.027254145069903868,0.07030495060654929,
2007-11-08,-4.921572805044199,-0.05761950274483659,-3.2454491679337707,0.0,-0.2903270415667895,
2007-11-09,-1.0488152715135977,-1.4390014979561174,0.08059971626888607,-0.01817355752388659,0.035236082112275156,
2007-11-12,-1.2431417920804388,-1.0038523501742003,-3.9604716365796615,0.09991371919784366,0.008807080898729584,
2007-11-13,-0.786654235285519,2.8677788739688603,0.49620539000447594,-0.0454029519717962,-0.008807080898722822,
2007-11-14,4.098566609412519,-0.7094414891784351,4.784747312255601,0.00908223968654281,-0.044047042953265225,
2007-11-15,-1.266761706455158,-1.3300535255893497,-1.4324136842044324,-0.08176986781878015,0.008810960840979236,
2007-11-16,-1.4561192573557802,0.5216703870487721,-4.034139113012886,-0.036363636764334586,0.008810184579064222,
2007-11-19,-0.2648651159045036,-1.7614502402235384,-0.5601871040444044,0.09996820026431845,0.03523297843193055,
2007-11-20,1.4898428334067653,0.4476211541509222,1.1263281426006326,-0.009083889727828818,0.01761183519875268,
2007-11-21,-1.4257117572214695,-1.6055125765564444,-4.240505590389558,-0.027256621256290605,-0.08809021006569005,
2007-11-22,-4.606700733975381,0.0,-2.3309065776958757,0.027256621256282792,0.026435211855933546,
2007-11-23,1.7353416297170288,1.6749473800682078,2.0408347254773282,-0.018170255342074875,-0.12342415390324141,
2007-11-26,-1.1615206966293776,-2.351297962426997,4.008570250884482,0.1361965071837821,0.19388390668614433,
2007-11-27,-1.870053699194893,1.4819788412660615,-1.518753013624724,-0.08169564290438604,0.08800493395587404,
2007-11-28,-1.3333882740602534,2.8159596429260163,0.5900556588696833,-0.036330608937310174,-0.01759479198698316,
2007-11-29,4.074373387867705,0.0476394654334106,3.9798440855355914,0.13617177901906932,-0.07921489654205276,
2007-11-30,-2.185216455246841,0.7740155083124082,0.5639113674908731,-0.054446462325051646,0.05281690263627673,
2007-12-03,0.7416584137233615,-0.5904755844505086,0.05169101454089565,-0.02723435176381598,0.07037917067137724,
2007-12-04,1.1776986670637482,-0.6561734630711503,0.7687825467380938,-0.027241770883566666,-0.11439131873449103,
2007-12-05,2.7920292952734225,1.5075935173540815,1.6002391454788083,0.07262823741859288,-0.061649568203845574,
2007-12-06,0.10280767680039772,1.4925001760924475,0.7248050850541431,-0.027229407928626447,-0.035245396435005454,
2007-12-07,1.4041812135287923,-0.1779548942397477,-2.4536605866264094,0.027229407928630097,0.08809021006568536,
2007-12-10,1.8125861855085141,0.7481942590558766,-1.1906270666009267,-0.018152114771206346,-0.11453241197375616,
2007-12-11,0.1253314253173758,-2.559591366014849,2.514478214993621,0.03630093514769187,-0.18529144578691883,
2007-12-12,-1.2255729434168476,0.6031918539722882,-2.444470341509992,-0.02722446588800151,-0.044167661157035534,
2007-12-13,-3.8771780084805108,0.12235295644025396,-2.760694156606744,0.027224465887990455,0.0794877498244384,
2007-12-14,1.8932723960239508,-1.3841566425019707,-0.653830729381783,-0.08169564290438604,-0.12367492742467988,
2007-12-17,-2.447783056483925,-1.513490461482305,-3.57148768028913,0.027239297394556054,-0.24780966748308014,
2007-12-18,-0.5652836436215104,0.6260189772571888,0.5111258290273653,0.018155410362129455,0.062010012174396556,
2007-12-19,2.38091628529046,-0.13617702363695644,1.1026088541727368,0.10886329660821298,-0.017713222967219774,
2007-12-20,1.8212589773927095,0.4888239535361804,-0.0450354194342075,0.036261445415903065,0.026568657996259803,
2007-12-21,1.2754231532690157,1.6532445635784168,2.2321030954463588,0.1268116111969106,-0.008855435029038867,
2007-12-24,2.042599737088093,0.8044566700138226,1.8003302823821348,0.081436913517609,0.1327492561864998,
2007-12-25,0.18570706051503932,0.0,0.0,0.10847948993655347,-0.00884447000089813,
2007-12-26,0.9199404802512399,0.08082535817800889,0.0,0.10836193944581388,0.026531063609090966,
2007-12-27,1.928175610405354,-1.4317517770510686,-1.021488832770656,0.05413696784752007,0.0,
2007-12-28,-0.5465272871792922,0.1434924405053477,-1.7109629556793267,0.009019979260172884,0.15903873293866316,
2007-12-31,0.0,-0.687516494015524,1.6021508545831114,0.0,0.0,
2008-01-02,0.8733870553017813,-1.4543116598507804,-0.9106639278353368,-0.08120911793024255,-0.3183308020191376,
2008-01-03,0.6834584174985027,0.0,-2.473100157243364,0.018052170822548435,0.2653459897587159,
2008-01-04,1.1299915830024776,-2.48579500644866,2.3248436147258427,-0.018052170822559586,-0.017667844568922356,
2008-01-07,1.3214213022544543,0.32180407641025216,-1.2439103716767796,0.0541467389819941,0.3263508960441665,
2008-01-08,-0.5149295789005935,-1.8522677387938526,-0.2453015363328493,0.018042399688085704,-0.06166042917229111,
2008-01-09,1.5384515621984987,1.353206422874695,1.8380253865712994,0.009019979260172884,-0.9917729393236538,
2008-01-10,1.0348569286868858,0.7916746302464808,-1.4038994252415065,0.07213055943427454,0.29324231259197,
2008-01-11,0.47475747411189373,-1.368869620951552,-1.345174908086782,0.09009009618334544,0.12414650880649455,
2008-01-14,0.5705600968239599,1.0811990589615703,-1.495777219004087,0.0630148105651853,-0.026589851696655273,
2008-01-15,-0.6178941689284078,-2.5240865236445296,-2.4103605818159393,0.14388491690990785,0.09746157684596538,
2008-01-16,-3.4056166873028677,-0.5627885522233749,-5.517278176817323,0.017971066631165357,-0.017713222967219774,
2008-01-17,-2.577432819296948,-2.952421210282545,2.6799500722066263,-0.09888085663412878,-0.07088428437863735,
2008-01-18,0.9061951280394902,-0.6063725114229976,0.3453717248588555,0.017985611559274903,0.008863283852462135,
2008-01-21,-5.09066081224584,0.0,-5.6440494273616135,0.0,0.2832110929191782,
2008-01-22,-7.92094194292389,-1.114710160302055,-9.051320322496485,0.026972353501362414,-0.07957208324016599,
2008-01-23,4.548907945864105,2.121554790308066,10.183937285710282,0.13475274913343943,0.044214529614503,
2008-01-24,1.041807308890262,1.0012459744009896,-2.3133783165702337,0.10767161201720113,0.10603517826586156,
2008-01-25,0.9939276106809404,-1.5999267724421629,6.508859397709636,0.017934002917508025,-0.10603517826585415,
2008-01-28,-7.048181057941755,1.7403533967513083,-4.347359504594149,0.06274369407649828,-0.04421452961449028,
2008-01-29,0.6361957028442841,0.6133430118371871,0.9853755600851518,0.12536940837920466,0.24734994943284327,
2008-01-30,-1.0858850241514866,-0.47753860832177386,-2.6619716701026204,0.2056234241102864,0.703361436708881,
2008-01-31,-1.9344829458825874,1.663316042666031,-0.8403887078323862,0.10711417608985123,0.21004733786079982,
2008-02-01,-1.0542781749918047,1.2163223094762032,2.807454433019404,0.2583865651048081,0.5405889876079918,
2008-02-04,7.947391065796626,-1.0517919629058887,3.6968416881611406,0.0,0.20847818530777187,
2008-02-05,-0.573241738135008,-3.251852327235014,-0.8963804166357263,0.2754700280205897,0.5538262684821988,
2008-02-06,0.0,-0.7652801618956766,-5.549439660155225,0.0,0.0,
2008-02-07,0.0,0.7854780262272163,0.0,0.0,0.0,
2008-02-08,0.0,-0.4212583997434389,0.0,0.0,0.0,
2008-02-11,0.0,0.5871752402447336,-3.703751731011034,0.0,0.0,
2008-02-12,0.0,0.72396418868341,1.3420267128677144,0.0,0.0,
2008-02-13,-2.1719059675663215,1.3512375749500931,1.0756165268366962,0.05322924185297234,0.43055263273741545,
2008-02-14,1.3235708161175606,-1.3512375749500944,3.6117839331532715,-0.15977280160752008,0.08588852198521214,
2008-02-15,-1.381165297944372,0.08373937536598733,0.5262611712083134,-0.026653636157958443,0.31714765364910835,
2008-02-18,2.009075316304017,0.0,-1.6247439293677624,-0.06221945892026572,-0.1627339659375371,
2008-02-19,2.210396439511299,-0.08967048552325846,1.5200861085966875,-0.07115538857545871,-0.034293553148160065,
2008-02-20,-2.2567318256353395,0.8306278167934724,-2.23253096190285,-0.026696329413286646,-0.3349799138393297,
2008-02-21,-0.6681240014225905,-1.2950864808276388,0.13733339050105486,0.008899568376809674,-0.15498539351705834,
2008-02-22,-3.6292160594589333,0.7849753177005594,-1.3551167518512681,0.008898776424109673,-0.06895957518341157,
2008-02-25,-3.9575219747473236,1.3718099386156906,-0.15416270178041575,0.01779517755387456,-0.008623291515720213,
2008-02-26,-0.09407529993291473,0.6894099057548262,1.8969198247525478,0.05336654044648938,0.09481533270765567,
2008-02-27,2.7141134145330654,-0.0919853322914674,3.1916090664719197,-0.05336654044647868,-0.008615861806900162,
2008-02-28,-0.38247372422173015,-0.8982118109126447,0.4395272903798503,0.008896401411487079,0.29252365348752696,
2008-02-29,1.1293273677281388,-2.7463359417352637,-1.062978701183929,0.035577693161896726,0.19739954056210504,
2008-03-03,2.45528215289916,0.05334395330046612,-3.116914923900469,0.008892445873087462,0.0,
2008-03-04,-2.5280857070106872,-0.34536110983757634,-1.991722378950584,-0.008892445873085533,0.017146776448063675,
2008-03-05,-0.9123629719404246,0.522469192034451,-0.023921680618613772,-0.05337128751490376,0.19697689750050842,
2008-03-06,1.2091082922371483,-2.225986893120629,0.9832382454517495,0.0177935943529866,0.008555417723496777,
2008-03-07,-1.3612961870339055,-0.8445950634337552,-3.6711168024836858,-0.008896401411492689,0.008554685834391491,
2008-03-10,-4.200114672688053,-1.5584285733366992,0.9012948131111866,0.06225819563394771,0.11968882338461725,
2008-03-11,0.21627970737453645,3.645711029237217,1.2704654870601082,-0.017784101060562062,0.1451441023220017,
2008-03-12,-3.006477731477009,-0.9036274796426322,1.8416177643004714,0.1244223409714439,-0.04266757755561047,
2008-03-13,-2.601935466774881,0.5113853194655849,-4.904798085636484,-0.06219181933831701,-0.5134360072583303,
2008-03-14,-0.9833711155519385,-2.1002300610510996,-0.2897703467347823,0.0,0.06003688160089682,
2008-03-17,-4.742694611239051,-0.8999023587571703,-5.3219124429574505,0.017773038347699777,0.0,
2008-03-18,-5.210781177376098,4.153488464321648,1.4128113964584423,0.035536603074758574,-0.042879808555475955,
2008-03-19,3.264790616153345,-2.458703780979666,2.2304402773301653,0.026644167305378948,0.12001715971265232,
2008-03-20,2.863594357099545,2.3662312624081427,-3.5313369126110548,0.07101642553236445,0.0941982514526854,
2008-03-21,0.8955162684980654,0.0,0.0,0.1152942347571975,0.3673804807012118,
2008-03-24,-4.579414654069033,1.5205246313276712,0.0,0.24787548102447768,0.569753656580965,
2008-03-25,1.254269866333504,0.23012585677388694,6.227463764593577,0.04419889574717854,0.2878918161146831,
2008-03-26,0.21984258760690276,-0.8804415997259433,0.6765102319231179,0.04417936895361653,0.26176920161962525,
2008-03-27,-4.318659845124297,-1.1526662274177437,0.20851914625928444,-0.10606329436930181,0.05901446025509775,
2008-03-28,4.4153336460120505,-0.7981927890091816,2.7062704894142926,0.0,-0.13494140531241022,
2008-03-31,-3.311528395642369,0.5671150033056589,-1.8934068613203945,0.017685029668509603,0.23602809575003375,
2008-04-01,-5.634588238294853,3.526701602098519,1.2536843316478217,-0.04421843980958711,-0.17696882383721452,
2008-04-02,-0.9782386722148486,-0.193592515470274,3.1271287490831687,0.0,0.12643825176658752,
2008-04-03,2.8540800287481667,0.1300770414770671,1.6295497847195017,0.0353763159256765,0.0,
2008-04-04,0.0,0.07957046968555229,0.0,0.0,0.0,
2008-04-07,5.206898205583949,0.15603698470965863,1.2862920906159747,-0.053069168059583414,-0.20237800987747975,
2008-04-08,1.1693992840301906,-0.5113083073129692,-1.0925350718766804,-0.017695983058035346,-0.07599747040887804,
2008-04-09,-5.356315825528188,-0.8124955084060884,-1.3546597706560926,-0.026549847494336608,0.13506670971132195,
2008-04-10,1.7894184704744358,0.4464030042589757,0.8408726263820117,-0.00885151582787201,-0.09283876262883668,
2008-04-11,0.7697383465219534,-2.0584528579550376,1.967891085410684,0.026552197350309857,-0.03378093098588353,
2008-04-14,-6.762114912406622,-0.33895152981819104,-3.5342285818856616,0.01769754893565615,0.10974632818196164,
2008-04-15,1.319526658911752,0.4589248501480273,0.3778047703902504,0.026540452228152663,-0.03375527458211257,
2008-04-16,-2.5232093484167786,2.243771746885847,-0.09619152648957488,0.0353763159256765,-0.025323935474884894,
2008-04-17,-3.1216464328180824,0.062264906215237795,1.5813843017160663,0.03536380551396633,-0.05066711812496297,
2008-04-18,-3.428141342686766,1.797652812220311,-0.2525140259483806,-0.04420671129858038,-0.1859993772620636,
2008-04-21,-0.15122204490869487,-0.1554796066316531,2.141929352445872,-0.01768815782447683,0.025383932107368473,
2008-04-22,0.875195700208403,-0.8849199061636077,0.8758670932834152,0.03537318749298673,0.05074854206859363,
2008-04-23,4.666028802706504,0.2895639335615528,1.3940150951822767,0.0,-0.03382949964604055,
2008-04-24,8.881504553483586,0.6421692497021096,1.5363843365656025,0.026521681630072687,-0.13543255836801474,
2008-04-25,0.7539651957898985,0.6473722306730582,-0.6406577225065077,0.03535130394748385,-0.01694197378046509,
2008-04-28,-1.9627237018841477,-0.10521758462081335,0.5842182786019693,0.008835873652753803,0.008471345678308883,
2008-04-29,1.273355399505847,-0.3896234627106107,0.9610693813590319,0.017669405470484685,0.06774494289067026,
2008-04-30,4.710657349362746,-0.3853735865410594,-0.6146779047341334,-0.008834312475379955,-0.0677449428906619,
2008-05-01,0.0,1.6995467987741038,0.0,0.0,0.0,
2008-05-02,0.0,0.3230333917995802,1.8681462752148665,0.0,0.0,
2008-05-05,2.412125185717788,-0.45438674049257205,-0.21772076376489116,0.24706621585692998,0.06774494289067026,
2008-05-06,-1.1130114438028196,0.7622791932013194,0.29813499086384737,0.008812513775271077,-0.008465608470659908,
2008-05-07,-4.841701220845577,-1.8279807287081808,-2.5136877442882657,-0.14109349783348935,0.01693050033672326,
2008-05-08,2.6781146061256123,0.3662758328388545,-0.6283608610709412,-0.08828463538019077,-0.008464891866064807,
2008-05-09,-1.181900145232114,-0.6748148337391352,-1.5308053612465347,0.04415206041082739,-0.02539897571119208,
2008-05-12,0.6679500938733542,1.0960544704932866,0.0,0.044132574969361966,0.04232804296004023,
2008-05-13,-1.3726062381842514,-0.03848045026853084,1.9346287769498847,0.07938958649233574,0.016926201800733315,
2008-05-14,3.1710224173064816,0.3997586857981225,-0.07551934587794648,-0.052919387370111544,-0.025390377183509154,
2008-05-15,-0.6990047227528838,1.0528903189758523,-0.07745774444568763,-0.026470199122225327,-0.06773920665458345,
2008-05-16,-0.3035690502388593,0.12495965008642619,0.4112844248662691,0.00882417825412714,0.0,
2008-05-19,-0.5617456279393382,0.08976220632291142,0.4804035010499721,0.017646020868084106,-0.01694197378046509,
2008-05-20,-5.332592681674869,-0.9316870386124766,-2.2501479196926915,-0.017646020868093307,0.025411884427962918,
2008-05-21,1.9277960758800574,-1.6183741174614172,1.1488628675686017,0.03528892846502604,-0.04235672899956746,
2008-05-22,-1.9109279027683126,0.2613948764187414,-1.6520844371869035,0.026458526414431558,-0.025422651719482138,
2008-05-23,-0.9827887357558317,-1.3298490740090219,-1.3226422028186384,-0.02645852641444415,0.0,
2008-05-26,-3.2052555012296104,0.0,-2.4028323144150407,0.026458526414431558,-0.016952025807666506,
2008-05-27,0.4759368426831127,0.682294917124679,0.6392588494668212,0.0,0.10166907594391411,
2008-05-28,2.758782526549316,0.39550658683036277,-0.13405714374145225,0.008817953358738027,0.07618403043383586,
2008-05-29,-2.6282541419896974,0.5320725327224882,0.5530358405387549,0.03526403986117906,0.06767044751552119,
2008-05-30,0.847089642209702,0.15150218716958305,0.6097271977574685,0.061682162593652085,0.06762468558641761,
2008-06-02,0.4005998871935786,-1.055985118212607,1.208332909605797,0.03522987529832601,0.07602314848556559,
2008-06-03,-0.323621883018437,-0.5804628141956321,-1.8518174587777305,-0.035229875298326115,0.07596539719606542,
2008-06-04,-1.8767412062514583,-0.03266965562571208,-1.0413090151144555,0.008808632465518402,-0.03375527458211257,
2008-06-05,-0.9853524675740922,1.9308465022889003,0.5458632189498933,-0.01761804091942438,-0.025323935474884894,
2008-06-06,-0.6465936227624937,-3.1376342715508834,0.6037734647115948,-0.008810184579067327,0.042202997039142716,
2008-06-09,0.0,0.07934059569021865,0.0,0.0,0.0,
2008-06-10,-8.455969747876265,-0.24409981975666356,-4.298315165387315,-0.07932660942182615,-0.11821330431769517,
2008-06-11,-2.088131682747498,-1.7038716841375152,-0.2052112013783241,-0.01763668434906391,-0.11835321357854794,
2008-06-12,-1.7885330758810243,0.32743286236224395,-1.310613938784463,0.008818730990331716,-0.0761582435794923,
2008-06-13,-3.4805739673495664,1.4934163997003336,-1.8921929255496086,0.0,0.1353523597217123,
2008-06-16,-0.9062066186406462,0.008087729815420748,1.917511277907436,0.08814456278056416,-0.04227793577539724,
2008-06-17,-3.781901964591769,-0.6794391462156973,0.1228094083142354,0.017619593032982828,-0.05075712823629757,
2008-06-18,5.095318725202075,-0.9759295531074037,1.154769698709463,0.0,0.08458090667478775,
2008-06-19,-7.574187590572013,0.3745378617285721,-2.290433820429091,-0.008809408453909791,-0.07611959601273129,
2008-06-20,2.7245322868505544,-1.8717003354418071,-0.22839858064275403,0.0,0.08457375334963668,
2008-06-23,-2.1182047610589754,0.0053112184326833305,-0.1347981839183119,-0.008810184579067327,0.08450228658993683,
2008-06-24,2.1970249805078983,-0.28188402163855825,-1.1465008569151396,-0.008810960840989106,-0.05069280270773855,
2008-06-25,4.041534994490701,0.5826452418515959,0.7945719872105211,0.01762114542004469,-0.09300360002440498,
2008-06-26,0.38215682183213884,-2.9805055998773238,-0.7961306014599836,-0.026432882659747647,0.042285086680196225,
2008-06-27,-5.690272097022304,-0.3724340931871223,-1.8577540627092364,-0.035254715683333784,-0.17771764504821602,
2008-06-30,-0.8631540935887506,0.12664265797244986,0.27029516940661996,-0.026449195657828092,0.101591610498526,
2008-07-01,-3.4053991414954825,0.3828599052312572,0.0,-0.00881795335872782,-0.13547842885058775,
2008-07-02,0.046313930724121134,-1.837133386864391,-1.8151245967191154,-0.017638239749411918,-0.025422651719482138,
2008-07-03,2.2349891668253643,0.10933205547930325,-2.150023571560083,-0.017641351373256314,-0.06782535232458715,
2008-07-04,-0.6818789796180555,0.0,0.8486314189700738,-0.061769249702767835,-0.008481404525662036,
2008-07-07,5.011560475895843,-0.8420817806985111,2.2579418989049715,-0.03531385222538753,-0.03393281335579598,
2008-07-08,0.6596153919058313,1.6936204750574473,-3.2100502116579643,0.017658484947884932,0.0254506894268831,
2008-07-09,3.8296257189861347,-2.303954768548839,2.719414405441854,0.05295675322348465,0.01696352845457643,
2008-07-10,-1.3825235809453509,0.6965377549496208,0.07321055650012016,0.017646020868084106,-0.042414217881470165,
2008-07-11,-0.682615393901483,-1.1151875786283014,1.6487547036462005,0.07055296174133979,-0.03394433162260149,
2008-07-14,0.7547546762624181,-0.9068905128390176,-0.7696590473019125,0.017630465489941974,0.04242861449369603,
2008-07-15,-4.217406583356236,-1.0961099588093584,-3.888913156275146,0.0,0.016966406555788377,
2008-07-16,-3.8365538097309186,2.4754644770638756,0.22986797082593718,0.0,-0.025450689426883274,
2008-07-17,-1.0076839622111466,1.19410122274204,2.380192358813122,-0.017630465489948618,0.0678541162590807,
2008-07-18,3.52050350949627,0.028560095394465992,0.6396421076563976,-0.017633574371216394,-0.008479247047932504,
2008-07-21,3.338781545584019,-0.053953696343506594,2.966906043998939,-0.01763668434906391,0.08476013390990439,
2008-07-22,-0.21692661306909117,1.3401856087015562,-0.024056610379859216,0.026453860213345046,-0.05932454939021985,
2008-07-23,-0.7402510244458841,0.40559763948996824,2.6591273798727504,0.035260931253916605,0.1270809676680328,
2008-07-24,3.209526557865203,-2.339606385062188,-0.20262966757447023,-0.01762891146036693,0.01693193366726031,
2008-07-25,-1.289955763042177,0.4158871468629178,-1.5144164095479962,0.035254715683339634,0.04231729571000861,
2008-07-28,0.7338611080003514,-1.8771642597075022,-0.23553807761404053,-0.008812513775258643,-0.01692476944042079,
2008-07-29,-1.8826492754359885,2.3087465493061026,-1.9099835022994924,0.0,-0.042324459936853305,
2008-07-30,-0.733887529717006,1.6534493021531391,1.9249247258019357,-0.026442201908068032,0.01693193366726031,
2008-07-31,-2.7832956481755877,-1.3230899535757072,0.178328907693476,-0.035267149016561666,-0.05080440414102619,
2008-08-01,1.2603075993133823,-0.5594054996497974,0.5768356796080343,0.06170935092463907,0.05926929600708797,
2008-08-04,-2.4097620264917325,-0.9006484932058016,-1.5324187121809965,0.0,-0.07620983475672548,
2008-08-05,-2.559236455842408,2.831409125599129,-2.5422450625778708,0.0,0.09313746916023312,
2008-08-06,0.6862619499210129,0.33487854081860546,0.0,0.01762425101493916,0.025386080102487225,
2008-08-07,-0.04597460452690888,-1.8096499728183422,0.7011885781585998,0.06166042917228632,0.1352836935843594,
2008-08-08,-4.857217188849468,2.3611866579681027,-0.9956569506010378,0.12320691517200082,0.17728255877839721,
2008-08-11,-5.335802771432898,0.6918740411200743,-0.11827760494014519,-0.03518648875149492,-0.21108632822052922,
2008-08-12,-0.5164707583109855,-1.212388304565934,-1.0043709486697179,0.026391027203974935,0.16890469347859502,
2008-08-13,0.02115026782200677,-0.2919914166580861,-1.6191172169726713,0.026384064178391647,0.02531111593348052,
2008-08-14,-0.04746138941475015,0.5506536428728829,0.4656801281944442,0.043957976882605485,0.04217096170116587,
2008-08-15,0.1677732335480922,0.40677289573533826,-1.0910192963988607,0.0,-0.10124020100361603,
2008-08-18,-5.6394912632640795,-1.5212960266741826,-1.0924469410039064,0.12297963601955098,0.16867677103800105,
2008-08-19,1.5045735502923299,-0.9358530403292878,-2.1553391096830214,-0.02634005019838545,0.11790467931483871,
2008-08-20,7.56157795015957,0.6178130251148909,2.158157899930108,0.0,0.0,
2008-08-21,-3.5753234610634266,0.2491910420998307,-2.609812591500575,0.07022472198707284,-0.042092857463692596,
2008-08-22,-1.610748332142785,1.126895252258454,0.0,0.05263619737282311,0.2102873298789442,
2008-08-25,-0.18229208565019211,-1.9820581334461456,3.435441953639052,-0.01754232089403539,-0.1092942224899466,
2008-08-26,-2.9171482381396814,0.3679559768344541,-0.22831292997364835,-0.12288248715596188,-0.06731740409044372,
2008-08-27,-0.26799396905185735,0.795094213969009,1.9193757463946561,-0.16701098243166407,0.08413967681916179,
2008-08-28,0.4536649648890642,1.4731091918020445,-2.320861452463993,0.035183393801219195,0.05885567916984035,
2008-08-29,2.359705088951082,-1.3818629727739336,1.3714225728203842,0.23716467702221664,0.20991653033458024,
2008-09-01,-3.5090737425653065,0.0,-1.6865241024435307,-0.05265467431878955,0.008387502626023762,
2008-09-02,-1.0342708783275378,-0.4100911461557449,0.649127390743147,0.017554638858386512,0.19271864861191804,
2008-09-03,-1.7411049188011494,-0.20371712313763252,-2.1976731225606465,0.14032628157803187,0.09203866273287485,
2008-09-04,0.23045921907757233,-3.037883751111392,-0.9546488397601931,0.07884708455267432,0.15042623595360807,
2008-09-05,-3.0541469085796744,0.4420895088807897,-2.2628384864151103,0.07003414450656117,0.16687529946789503,
2008-09-08,-2.641205050872942,2.0302677366833564,4.228677128663174,0.06998513101677797,0.09999167569230293,
2008-09-09,0.5920316200080631,-3.4734463182025777,-1.4686334435523702,0.11362147794053974,0.2163062407444672,
2008-09-10,0.18826244882533963,0.613056814138603,-2.4269860057230095,0.18327011282355823,0.49738973471130565,
2008-09-11,-3.371370761812964,1.3711930251064273,-3.102981982688469,0.09586475090348165,-0.03308245832836399,
2008-09-12,0.2756646850743917,0.21193649840399686,-0.1849174619287832,0.20884100872706743,0.5115522706619925,
2008-09-15,0.0,-4.828298274935443,0.0,0.0,0.0,
2008-09-16,-3.7859152613575997,1.7363264468486115,-5.590788642215254,0.7447856372969446,1.6730304129860485,
2008-09-17,-3.640091167361793,-4.827982547511587,-3.6924651787797393,0.18102672932086586,0.693607103649268,
2008-09-18,-1.7330586365377494,4.242881089037334,-0.026821927795465043,-0.11202551906202209,-0.17697695874953331,
2008-09-19,8.931021278213073,3.94674210858101,9.179933072455752,-0.11215115699093968,-0.21762794225955173,
2008-09-22,6.286095195222609,-3.898681119919732,1.5630223081755688,0.04314994673209831,-0.3313803800316951,
2008-09-23,-3.8856983828450646,-1.5756115391864083,-3.9446694003334017,0.0862440760658482,0.32331098321471624,
2008-09-24,0.7214393572798126,-0.1979706554947396,0.47120677627050983,0.16365910884058413,0.27399485269347357,
2008-09-25,3.882721855379062,1.9465761499284553,-0.14544912083358505,-0.03443229783522863,0.07240256138657758,
2008-09-26,0.9010201337661323,0.31624300256987603,-1.341664700634621,0.14625545687909056,0.1847909576585821,
2008-09-29,0.0,-9.200241094593624,-4.384451056830948,0.0,0.0,
2008-09-30,0.0,5.278532512632894,0.7551107852745456,0.0,0.0,
2008-10-01,0.0,-0.45544071644332396,0.0,0.0,0.0,
2008-10-02,0.0,-4.112492454501865,1.0759939205898208,0.0,0.0,
2008-10-03,0.0,-1.359852173202372,-2.946205279765461,0.0,0.0,
2008-10-06,-5.259753825387359,-3.927930133460617,-5.096712371168793,0.10311050922132102,0.360562868090883,
2008-10-07,-1.2407205575842306,-5.9107757716857305,0.0,0.3172564290182324,0.812494512702054,
2008-10-08,-3.8579647171733087,-1.1397429009414908,-8.517689155301339,0.691040586420514,1.425726170465206,
2008-10-09,-1.3729821484110447,-7.922404205270062,3.2609135602081207,0.4326623928618563,1.0657847198519246,
2008-10-10,-4.528256039757748,-1.1828962673529704,-7.461924302331277,0.02539252626957775,0.4555113068222456,
2008-10-13,4.035336939934825,10.957195934756697,9.749517003665584,-0.07619693041060166,0.5684015610474542,
2008-10-14,-2.595331257394371,-0.5336383931182946,3.142327460367924,-0.008469910647493098,-0.15330372464360248,
2008-10-15,-1.0529134224309922,-9.469514468085727,-5.085164996264751,0.12697339497422003,0.2604766660815354,
2008-10-16,-5.004874175419598,4.162885961144602,-4.918115713210098,0.10991334862625347,0.2521683986317789,
2008-10-17,0.6764361831192351,-0.6232200692903124,-4.542101061900283,-0.025353898297662027,-0.3440238858006412,
2008-10-20,3.4036038774099615,4.658283957083309,5.147532136579786,-0.06764183905493928,-0.7841971455358988,
2008-10-21,-0.8113562831409812,-3.1283954978718658,-1.8564512160342699,0.07609385275222383,0.2312852777212206,
2008-10-22,-2.588920247432315,-6.2953125138379455,-5.286996703767436,-0.008452013697281038,0.1538935360665083,
2008-10-23,0.0794416120062971,1.2554946645469935,-3.611969867525091,0.025353898297665264,-0.5628605013852774,
2008-10-24,-2.941386893690631,-3.5120816358308193,-8.664696113340831,-0.03380662642069961,-0.20123845800567725,
2008-10-27,-7.390851684736813,-3.227974691248589,-13.582024421024316,0.168918959084476,-0.5671900524727002,
2008-10-28,3.044373601150594,10.245732795933025,13.406808916308663,0.21916893203732923,-0.3043429716571394,
2008-10-29,-2.8299386472355423,-1.1140925668240704,0.8362646153044979,0.033675703298538966,0.21079759533133702,
2008-10-30,2.3501929015171874,2.547665096269594,12.057980192594561,0.10936778106095718,0.023394549176760322,
2008-10-31,-2.0228481482555685,1.5248574046331105,-2.5527809506610812,0.016815200981263732,-0.05459579747980483,
2008-11-03,-0.6100340815975878,-0.2532235662293958,2.6540565999451258,0.008406540293279032,-0.1952286747137131,
2008-11-04,-1.5715431558233215,4.001446582463477,0.2782584097224462,0.0,-0.1251466725711832,
2008-11-05,3.8364190595997334,-5.411527943060211,3.119690452750452,0.03361909596297075,0.10169359815653521,
2008-11-06,-2.492889169930069,-5.157119317616989,-7.339042689862111,-0.04202563625627011,0.18747076260783288,
2008-11-07,1.6859982681822407,2.844619785769441,3.234915531198569,0.17638910961148127,0.2571997832642907,
2008-11-10,7.121173355059356,-1.27339305802108,3.4583200934812557,0.050339794669896104,-0.04671442003356948,
2008-11-11,-1.1333558470504645,-2.228718992830513,-4.8904449593162695,0.1424919565516484,0.06228104522067023,
2008-11-12,1.1421251283746277,-5.328883804405206,-0.7277375676169912,0.20082008255159672,0.3030658573329512,
2008-11-13,3.9320009362664012,6.692260057882526,-5.286417621823848,0.09190793143932245,-0.10868722442490103,
2008-11-14,3.645076712904358,-4.259348957168463,2.401175592480624,0.04174842460337803,-0.04661642536442721,
2008-11-17,2.2169486534983447,-2.6149375154377363,-0.09699991784557105,-0.03339734522151384,-0.2723631114455883,
2008-11-18,-7.707199597611263,0.9790296168946021,-4.641636766806263,0.0,-0.14036184462895984,
2008-11-19,5.97829125362899,-6.3105522855744685,-0.7779551580062726,-0.1337010310308484,-0.0780640164545852,
2008-11-20,-1.0672866406550412,-6.9481827469396436,-4.1196602357061325,-0.058550459620903224,-0.062495119602972785,
2008-11-21,-0.6069318061133823,6.132796773999996,2.8902041212105054,-0.12558082775601193,0.24195133754496265,
2008-11-24,-4.42246972551214,6.271427030041584,-1.6026052928163381,-0.1760785261865491,-0.062383033838454914,
2008-11-25,-0.18235617003020965,0.652939366290944,3.3208848478250057,-0.07555723819978567,0.007800007803966679,
2008-11-26,0.5003560125960819,3.471842675826701,3.7405234277876676,-0.15969744936346142,0.0,
2008-11-27,1.4528113602522863,0.0,1.356631189657877,0.3191402725510817,0.3192776142107766,
2008-11-28,-2.1916904122451566,0.9596916564055789,2.4503873583979785,0.10894616623370679,0.0077745383906915235,
2008-12-01,1.8560252820687402,-9.35365594547721,1.575911241279621,0.0,-0.01554968126285697,
2008-12-02,0.2371388442529018,3.916369377303816,-5.111037243413829,0.050242841452168875,-0.09334889826061839,
2008-12-03,4.399056536459769,2.5508056258861354,1.3544442535066117,0.08368201325150597,-0.023350846574293087,
2008-12-04,1.537789769108461,-2.9746476327324762,-0.582175378277555,0.025090954842464958,-0.02335630046820093,
2008-12-05,1.513853754684661,3.5849047919391848,2.458901470131419,0.17546062904813894,0.23331788465784253,
2008-12-08,3.9857659195311257,3.7668878408353765,8.303418699331253,-0.025046963186678303,0.031067961414954128,
2008-12-09,-2.6205819232829435,-2.338891182677227,-1.957570525475687,-0.01670146141670499,0.06986764248039361,
2008-12-10,2.685333111835219,1.182399913456479,5.438160810885283,0.13353365362625602,0.16283491365998234,
2008-12-11,-2.4166883284450957,-2.8938804097131,0.2318571014476413,0.008339935787328225,0.3943558174715092,
2008-12-12,-4.291303359679395,0.7003884173428123,-5.634980853677771,0.08336112520082979,0.24664726547426255,
2008-12-15,0.744728139315619,-1.276686104540099,1.936357821766927,0.1165889539127866,0.40717607056378013,
2008-12-16,0.9782709714730244,5.008483224165873,0.5518094563421685,0.09151034289446713,0.16853075844297488,
2008-12-17,0.3488605519676299,-0.9639159140260648,2.1596270368077244,0.14956380021103416,0.32858318639925027,
2008-12-18,2.159073737233726,-2.1389875118303316,0.24090458389958588,0.13275806795520376,0.12960776411191313,
2008-12-19,0.3422815319403127,0.2932619575660306,-2.418378305832062,0.07459903367213952,0.23591198491231202,
2008-12-22,-1.6987072969384773,-1.8471576788863877,-3.396102490857831,0.008285347367923915,0.0,
2008-12-23,-5.010264131431954,-0.9764948269330855,-2.78489372658057,0.057978218379796255,0.3869063734856714,
2008-12-24,-1.675275581266402,0.5764437122881726,-0.258053938793415,0.14893267687525033,0.06055559945853149,
2008-12-25,-0.8680573103843156,0.0,0.0,0.024800562273182083,0.10588414239904133,
2008-12-26,-0.46447031297882063,0.5341923728714281,0.0,-0.0165330247545399,0.2416007215218961,
2008-12-29,-0.39490448170062203,-0.3880111857935365,1.0124726035227374,0.09915717222950275,0.0075406251213852174,
2008-12-30,-1.156243359569644,2.4113982759526236,-0.6510320228988765,0.09905894816963101,0.052768460762342914,
2008-12-31,-0.8607187807200868,1.4059064607297869,1.0619539145663435,0.08247423147902964,-0.03768891613603263,
2009-01-02,0.0,3.111882935494669,4.454175222510623,0.0,0.0,
2009-01-05,3.526040690167264,-0.4679314710008824,3.401608488666536,-0.06597394268654853,0.14314237574272137,
2009-01-06,3.128318220833974,0.7786737515850298,-0.34628368947981897,-0.03300330062958694,0.0677328341981463,
2009-01-07,-0.5997478465488859,-3.046913408850316,-3.4239532709110287,-0.04952538277043861,0.03760953822209844,
2009-01-08,-2.261687865275169,0.3391364089026249,-3.888139367609775,0.05777722912573397,0.18783581164188112,
2009-01-09,1.5959959991579051,-2.153320834173741,-0.26721463734383344,0.02475145427429111,0.10503414575053571,
2009-01-12,0.1209673785690063,-2.2822626270919497,-2.8676558741442797,-0.04125582797077293,-0.06000600240060485,
2009-01-13,-2.34424747455841,0.17565516413395224,-2.1922760242305843,-0.02476166906301067,-0.05253480551611302,
2009-01-14,4.127453403909924,-3.403248389945547,0.26712801562005595,-0.13216588740329407,-0.2706158157549024,
2009-01-15,-0.01892526011257508,0.13283049463657998,-3.4266182105620135,-0.14889571780536953,-0.08283444880434641,
2009-01-16,1.7916429410627341,0.7533125725836394,0.09472245709551651,-0.07453107876788652,-0.2715753027002327,
2009-01-19,1.1118168211922617,0.0,0.635297581442967,-0.041430170041996034,0.060413836605682746,
2009-01-20,0.6303184462500564,-5.426198398389679,-2.8916347008939143,0.16561779207967725,0.06792196782012241,
2009-01-21,-0.1719835359298103,4.257203330792642,-2.9453180945118946,-0.13247228299266162,-0.11322892321267569,
2009-01-22,1.123451752755505,-1.5278458063301996,0.5891873430630218,0.008284660954981286,0.1434016623719517,
2009-01-23,-0.5822102159387814,0.5363235610298395,-0.6291679017575408,0.0,0.1808455017784662,
2009-01-26,0.0,0.5537856072586707,0.0,0.0,0.0,
2009-01-27,0.0,1.086631230822739,0.0,0.0,0.0,
2009-01-28,0.0,3.300683394003662,0.0,0.0,0.0,
2009-01-29,0.0,-3.3681051075314308,4.476162670000184,0.0,0.0,
2009-01-30,0.0,-2.305280959037413,0.9365761785778927,0.0,0.0,
2009-02-02,1.1923134002330285,-0.05329070203387711,-3.188677056740442,0.024849865524448154,-0.12052732155867742,
2009-02-03,2.489198900416192,1.5709929754246528,-0.6599504886947162,-0.3983407756857447,-0.0301545422563811,
2009-02-04,2.6902039715898827,-0.7517662324819685,2.221386519454808,-0.21643228293766942,-0.2869225767852768,
2009-02-05,-0.7153897955403351,1.6233193995534287,0.8765130256859308,-0.0833680748577342,-0.12105623026365678,
2009-02-06,3.9341474217043046,2.6540681179420624,3.5491618447451425,0.10836495037847582,-0.09846620753914337,
2009-02-09,2.6200276250453376,0.14840467724950226,0.8315361816379285,-0.07500937968897195,0.12117541622081714,
2009-02-10,1.3013474440684514,-5.036862018765584,0.8071017458061128,-0.08340979714542521,0.03783722471263974,
2009-02-11,0.18819673589077757,0.7923456469345734,-2.4905143386319004,0.12508862073881646,0.20407399093303175,
2009-02-12,-0.5503853999732272,0.1737640721712224,-2.3231446111630407,0.04999166909648073,0.2262615038733394,
2009-02-13,3.4226371752547244,-1.00480379455834,2.437266336644183,-0.016661113000883698,-0.03013863796171859,
2009-02-16,2.5994457289337105,0.0,-0.7314952158215289,0.07495315778761298,0.02260482999491594,
2009-02-17,-3.175156745484192,-4.662944568299583,-3.8675672548529327,0.207908927651392,0.34596905748282963,
2009-02-18,-4.6971434730789134,-0.0950817457645347,0.543885722925474,0.10794205390662122,0.0,
2009-02-19,0.9867916475663242,-1.2096921708828459,0.05652980868959512,0.04978013875304206,-0.022526750611494648,
2009-02-20,1.9776931475624138,-1.1478573277091093,-2.5208031005483087,-0.008294969105999727,0.18756804838906044,
2009-02-23,2.7830931482097614,-3.531535633340695,3.6792047533298886,0.049759496797160456,-0.007495970919134427,
2009-02-24,-4.611359963678501,3.932005326596915,-2.8999145290962547,0.24842675910038045,-0.007496532857075894,
2009-02-25,0.10429648586598288,-1.0715038409216295,1.601051112140856,0.024808765891140158,0.007496532857078241,
2009-02-26,-5.07696627257784,-1.5905667628585067,-0.85050640056774,0.08265146350338107,0.08242479204801238,
2009-02-27,-2.2951707543010924,-2.3846498003070997,-0.6486317457888939,-0.16537129616292204,-0.07492882112887321,
2009-03-02,1.123176943246234,-4.774186266842116,-3.9330900879838384,0.0,-0.022489598655453042,
2009-03-03,-1.0454212169861983,-0.6427392130160411,-2.329176301676571,0.008275063102070886,0.16480638983851184,
2009-03-04,6.461936523164708,2.3475389702164886,2.4402576276230032,-0.06621968622081417,-0.08986072193721718,
2009-03-05,0.8614304735633137,-4.34632911507607,-0.9771742210256374,-0.0496935574248145,0.059916119228052726,
2009-03-06,-0.799003269549788,0.12152893664452721,-2.4011668781543696,0.04969355742481381,0.029944602709147287,
2009-03-09,-3.745016458794291,-1.007428128983503,-4.960507345360335,0.049668875193290385,0.007484749825735776,
2009-03-10,1.721957453620501,6.171870955078117,3.0340068608726014,0.0,0.11967987066923806,
2009-03-11,-0.9146559678840036,0.24428171152732076,2.003139185414562,0.049644217468373705,-0.014952153137906779,
2009-03-12,-0.210997174815271,3.9921067569756143,0.5922584365144065,0.049619584213573674,0.14942102145018335,
2009-03-13,-0.4649506851761309,0.7709238136172175,4.275637552610561,0.08264463280311186,0.04478280415191854,
2009-03-16,1.6277268312671278,-0.352215612656422,3.5365695089004334,0.03303873822075822,0.022383883697257977,
2009-03-17,3.540628337458317,3.1634285158600726,-0.7628794521269209,-0.04130012861744184,-0.04477277889881142,
2009-03-18,0.4403392252316774,2.0643416236416385,1.8394641275169907,-0.0661157048877691,0.037312041028389975,
2009-03-19,2.1171400977875057,-1.3064130708958284,0.10476953757581292,0.04959087629526466,0.10439971119748077,
2009-03-20,-0.11448005849641213,-1.9967428385974675,-2.29100356406937,-0.04959087629525672,-0.014907573074707695,
2009-03-23,2.4717639600737717,6.836637953493023,4.672754732175964,0.0,-0.059652525816341284,
2009-03-24,0.5065457232790036,-2.0626375806741395,3.3845182397101734,-0.024804663403870362,-0.029839612306449007,
2009-03-25,-2.079401375487323,0.9580320188413651,-2.093824052446512,0.03307151745727178,-0.09704027932784053,
2009-03-26,3.215197469369771,2.305262582737077,3.5117266136071446,0.07437094917844168,-0.014937635400105436,
2009-03-27,0.7689564515039414,-2.052473796615029,0.07453465781385675,-0.02478417130287883,-0.007469654531946458,
2009-03-30,-0.5796840821791679,-3.5439357636644506,-4.810719336762975,0.03304419691363825,0.23130023369357347,
2009-03-31,0.9335288844568477,1.3044211698529868,0.8855373813201123,-0.09916536636126361,0.01490424028392572,
2009-04-01,1.5994372623139859,1.6421015989455108,-0.41689547514580094,-0.016537125885208573,0.0,
2009-04-02,1.0997214617476279,2.8322241179759544,7.1526628757407575,0.02480466340386743,0.029801818131486708,
2009-04-03,-0.22914760897421899,0.968472814649412,0.16320546796717836,-0.024804663403870362,0.0074490670078028775,
2009-04-06,0.0,-0.8367252239400408,3.0624796093470574,0.0,0.0,
2009-04-07,0.2504929475244009,-2.4143677727077004,-0.4615905340165563,0.02480466340386743,-0.02979959792594529,
2009-04-08,-3.861090669012753,1.1714574664767992,-3.0890268993472736,-0.04961548104757656,-0.10436857962448064,
2009-04-09,1.5337851060858096,3.7347060925207334,2.9042487782405617,-0.024816974938141365,-0.20159039193416478,
2009-04-10,3.0457261238093887,0.0,0.0,-0.10761145030855274,0.029890898444033934,
2009-04-13,2.322550803384296,0.2530185750125157,0.0,-0.00828260239840331,-0.12709806951870045,
2009-04-14,0.7632705958319673,-2.026853996927886,4.454247061957242,0.049685327289104346,0.02991996431925567,
2009-04-15,0.377265932671398,1.2470933254115892,0.5725495948098642,0.016556291428533064,0.16439997724565447,
2009-04-16,0.0043170051304695116,1.5419320727716443,-0.5543871176034316,0.0,-0.11953680915357488,
2009-04-17,-1.364441733059678,0.4957068194306566,0.11723864599517189,0.033104361801950595,0.03737060471758543,
2009-04-20,2.1267017783416433,-4.3732254814752185,0.9545820182081759,0.049636003666327894,0.007472445361238169,
2009-04-21,-1.1972778164671303,2.1029381710385584,-2.9967960712723443,0.04134452450673908,-0.07474959235780468,
2009-04-22,-3.776771419942636,-0.7711285650649295,-2.7016323355069645,0.024798512216354398,-0.014956625813094359,
2009-04-23,0.6686105438324248,0.9873448655144579,2.233243411505969,-0.033066049735017006,0.04486316809207514,
2009-04-24,-0.8003988184485475,1.6657836507364097,0.291337116955978,0.016534391572053716,0.059786265886640655,
2009-04-27,-2.3435555804484856,-1.0117621434815707,-2.7805123371638794,0.09914897945181189,0.037348273076547304,
2009-04-28,0.2082347448668078,-0.27442548474696327,-1.9412404516143333,0.0,0.0224022701903962,
2009-04-29,3.389890462647275,2.1379805556003295,2.7233940045849074,0.024771892286371403,-0.04480956012243822,
2009-04-30,0.6715788847422848,-0.09504996564328969,3.7017226625214747,0.008255933957207662,0.0970620153105002,
2009-05-01,0.0,0.5381855271301066,0.0,0.0,0.0,
2009-05-04,3.424397315847131,3.3307276609156498,5.393187755408796,-0.04128648751928805,-0.07465472537844706,
2009-05-05,0.4672776022774123,-0.37989267350558864,0.29886222445920024,-0.016519368997674283,0.0,
2009-05-06,1.3825802311756243,1.725457296237231,2.432070908215643,0.04954992255975654,0.0,
2009-05-07,0.07581269891347692,-1.3290323268540793,2.251444929103553,-0.01651391300922086,-0.029877502463063935,
2009-05-08,0.7970461332735705,2.3783939541346095,0.9938893225254313,0.02476984696643626,0.03734548349785014,
2009-05-11,-2.317724363588235,-2.17472004810747,-1.7514316034041442,0.049521295168532826,-0.08965260219469326,
2009-05-12,2.2941666081640477,-0.09793188465282718,0.38368592456053546,0.07423599136656199,0.22398098060228297,
2009-05-13,0.9082684744377862,-2.726320607983457,-0.5496128499598323,-0.03298697044591705,0.022370530647711807,
2009-05-14,-0.763674826308097,1.0298404457450128,-3.0830406571952977,0.06596306307780413,0.06708158116867842,
2009-05-15,0.12593240930655816,-1.1475674233448352,1.4941300785814395,0.04120482978898847,0.0670366119477285,
2009-05-18,0.5157065797909133,2.993657637361108,1.3734922150353126,0.07412593511589899,0.07443245598572956,
2009-05-19,1.0445252051851257,-0.1738327243176405,3.01536372466826,0.02469643972215363,0.05206977467293873,
2009-05-20,-0.9630092312589773,-0.5144634884210452,-0.3894365466304656,0.04937458954817265,0.08176919243934815,
2009-05-21,-2.259898885240412,-1.689960969556584,-1.5939623417128024,0.01645278055701364,-0.022294058725709012,
2009-05-22,-0.3399577862863371,-0.1498313269999902,-0.799548711134862,-0.02468018604932942,0.022294058725710445,
2009-05-25,0.4383090477565593,0.0,0.3469428368808666,-0.057610799502979974,-0.1561628872853575,
2009-05-26,-1.204294881245829,2.596218882691731,-0.7636923288819599,0.04938271705294293,0.07439369484602515,
2009-05-27,1.4581214620609722,-1.9153403267374252,5.12607188609169,0.016455487942348607,0.12634240467719202,
2009-05-28,0.0,1.5301233587101506,0.0,0.0,0.0,
2009-05-29,0.0,1.3483448796435802,1.5849447620350268,0.0,0.0,
2009-06-01,3.511540999090948,2.548996497720596,3.8731119392517397,-0.03291368416119251,-0.07429972850907456,
2009-06-02,0.23611680942475055,0.19813421329166414,-2.6801025883298437,-0.06585988547927614,0.05944419851073363,
2009-06-03,2.5598151665857953,-1.3834486568385957,1.01387159235753,0.03293536464517083,-0.09661477471091631,
2009-06-04,0.4874831862237025,1.1418207308851205,-0.39752754940823065,0.03292452083409407,-0.0074357735097772635,
2009-06-05,-0.4902389008019291,-0.25178627415764554,0.9507821278959812,0.008229436699697812,0.022305662013010454,
2009-06-08,0.3115605945932496,-0.1011052485248075,-2.307745568146481,-0.008229436699692866,-0.037178867959942304,
2009-06-09,0.40879835249652424,0.34970831305189676,-1.073488189807526,-0.01646090538697575,-0.05951495488868656,
2009-06-10,0.9760838188705616,-0.34864351475131233,3.947787851943892,0.008230791395244566,0.08182393434540783,
2009-06-11,-0.9398471929718148,0.6093307742659376,0.028581549021772342,0.0,-0.07438262764852394,
2009-06-12,-1.8863477419892496,0.13960131292622696,0.5236112875234136,-0.008230791395248405,-0.05954596379888564,
2009-06-15,2.0402997895034796,-2.4055536315656614,-2.09012269020702,0.008230791395244566,-0.08193363834025,
2009-06-16,-0.16776296859800446,-1.280190061924845,-1.8190323532474035,0.03291639266061735,0.0,
2009-06-17,1.6534062937255192,-0.13825797185576352,-0.4463443373102059,0.008227405492305736,0.05959475742527896,
2009-06-18,1.543863113116374,0.8375844448658285,-1.7174386461404285,-0.03291368416119251,0.007446848124969658,
2009-06-19,0.735588200969715,0.31093741076927695,0.8082942600701758,-0.01646090538697575,-0.04468940935391627,
2009-06-22,0.08314721429594778,-3.1078360927762203,0.770532721329191,-0.01646361544713154,-0.11181097657716231,
2009-06-23,0.04320146251596954,0.2304071170416657,-2.9283578553847756,0.00823214653686826,-0.09700407431553348,
2009-06-24,1.187354038375956,0.6503218839248371,1.9971016989565704,-0.016464970811885537,-0.21673339076935513,
2009-06-25,-0.09005152523597663,2.1217576096281383,2.1173578050758453,-0.1565525800728872,0.022442491210707526,
2009-06-26,0.33619708591012826,-0.1478936305583694,1.7639911894718936,0.008245722536112297,0.02243745568666637,
2009-06-29,1.634398730249917,0.9024344474136606,-0.38649321975913586,-0.024739207646892816,0.0822276256385288,
2009-06-30,-0.4253725739708077,-0.8567380664245962,-0.8116609222641636,0.0741992696559317,0.156792506082643,
2009-07-01,2.230723206112981,0.4352434081724914,0.0,-0.032970656414734595,-0.014922032408483254,
2009-07-02,1.3636473164185492,-2.95776472524855,-1.0979195425430859,0.008243683282351618,-0.07464358038596099,
2009-07-03,1.354920210211332,0.0,0.13935675517354706,0.016485328095365678,0.014933174073900437,
2009-07-06,1.4210563151546616,0.2562475638153287,-1.2381175555119357,-0.00824232434013033,0.014930944409983986,
2009-07-07,-1.020373557462869,-1.9879851214312678,-0.6536547231104262,0.03296522198965974,0.04477946190209388,
2009-07-08,0.35190291100753956,-0.16698951392400763,-0.7936339934840648,0.0,-0.06717671459939059,
2009-07-09,1.3050351525014319,0.3540951584310035,0.3915338725988343,0.0,-0.08963920821333778,
2009-07-10,0.059046770229569744,-0.4029951929531129,-0.46294331449344905,-0.024722897649512007,0.022417336167105083,
2009-07-13,-1.103642765081974,2.4627967878931316,-2.595971942206353,-0.08245383052895733,-0.13457945956445022,
2009-07-14,2.7509142497637438,0.5301940041504133,3.5922674944469684,-0.016498927607140508,-0.10479827293442985,
2009-07-15,1.109731543415557,2.9199472375008,2.063629982262569,-0.09079279233740858,-0.06742835992503028,
2009-07-16,0.22689119604175517,0.8604637219621988,0.5636743830474885,-0.01651664055286296,-0.03747985501691318,
2009-07-17,0.5289535308879231,-0.03827507063823333,2.3881656497421475,-0.041303540300545984,-0.2176606105695336,
2009-07-20,2.0058240180591094,1.1366702521417231,3.637810829096911,-0.01652619405512497,-0.10524734094360634,
2009-07-21,-1.4385698562343903,0.3620701753126186,-0.0032817062824525376,0.024788267013925766,-0.02256742026352918,
2009-07-22,1.877606316561611,-0.053440915006703,-1.3087188303443744,-0.04958268013323,0.022567420263525883,
2009-07-23,1.2411142639210544,2.3022629407408077,2.9159486488802373,0.03305785154071668,-0.007521907559299061,
2009-07-24,0.4259025978170751,0.3037510964743119,0.8295925342766917,-0.04132402224185087,-0.03761802700194918,
2009-07-27,2.0529160287885504,0.2977406555528025,1.3363387241378628,-0.0330715174572706,0.030095553609158773,
2009-07-28,0.3251443904650929,-0.2609849580059383,1.8246838589006669,-0.140676095854605,-0.1053740877271746,
2009-07-29,-5.396474847502719,-0.4573436047540637,-2.3997202565201032,-0.04141301256024665,-0.2412728306065869,
2009-07-30,2.1217685063286633,1.182540922436902,0.4883885140586021,0.016567263126038012,-0.1813374127438788,
2009-07-31,2.708756768774128,0.07395288626654475,1.6627265287692063,-0.0165672631260411,-0.1968206539993337,
2009-08-03,1.3936254259393597,1.5225583178395026,1.1306387464255025,-0.041430170041996034,-0.2579667591421798,
2009-08-04,-0.011038273773075147,0.3007551015213105,-0.05206269080757962,-0.2904927967182518,-0.1368405261426203,
2009-08-05,-1.2136632671149972,-0.29177911228645814,-1.4611605716979579,0.14950168897518404,0.06084113047972057,
2009-08-06,-2.1020604201624002,-0.5640579011475083,1.9543063029226888,0.0829600180316123,0.2354103680474386,
2009-08-07,-2.9933457469228943,1.3349737000829562,-2.5385976201981824,0.19054725950938578,0.15158408238305143,
2009-08-10,-0.297367660887112,-0.33505518116208366,2.683378413553173,-0.04139244233113121,0.00757317581490829,
2009-08-11,0.33336584449255885,-1.274093529858868,0.6889415406549184,0.041392442331120646,0.0,
2009-08-12,-4.573133445659093,1.1459208667389598,-3.0789156510144773,-0.09937066071092542,0.03785727851382685,
2009-08-13,1.2699381869143198,0.6856467654583368,2.0634906357723937,0.07453725137011594,0.022707489784599057,
2009-08-14,-2.84039714979479,-0.8567996009098858,0.15342014182675018,0.03310984220297408,-0.0075685903536579675,
2009-08-17,-6.299674164574838,-2.4559914167756864,-3.6838772014252017,0.024825189419554177,-0.04542357561636674,
2009-08-18,1.0048788215173066,1.0094530726770492,0.8338508088302289,0.016546703107163416,-0.09848858707400235,
2009-08-19,-5.090135381270756,0.6837444128079486,-1.7488554417363953,0.07442630072727417,0.0075794899039604725,
2009-08-20,4.216337634445646,1.0889254881918216,1.8600400365790863,0.05784885083437439,0.0,
2009-08-21,1.8662756335867448,1.8451470119857618,-0.640746292286114,-0.0661157048877691,0.08333649484164174,
2009-08-24,0.8075621545284071,-0.05458887887182097,1.6542433487299952,0.23946173863696832,0.10596428481669011,
2009-08-25,-3.77902282389148,0.2366611446575528,-0.4915660362907406,-0.008247762799023714,-0.08324819794356186,
2009-08-26,1.9915923836945217,0.01167247049162505,0.10310196953767288,-0.008248443111030292,0.0,
2009-08-27,-0.5083213827795693,0.2777914466682222,-1.0495176443510705,-0.008249123535305408,0.0681173157842602,
2009-08-28,-3.5315148880715643,-0.19903788774991862,-0.7145548763416923,0.05772957976503904,-0.03783722471263154,
2009-08-31,-7.371315665832133,-0.8109141555451227,-1.8805354741652653,-0.008245042672772285,-0.06056935375966874,
2009-09-01,0.4733554357176709,-2.237220908516203,0.748100100549363,0.08241985136475763,-0.02272296923240906,
2009-09-02,1.6470844882290243,-0.33019063615583627,-1.7784767502699546,0.0329489294579033,-0.015151515180490996,
2009-09-03,5.420845178147834,0.8498592185028414,1.220267419584737,-0.0906356919460013,-0.09095733212554928,
2009-09-04,0.8215926312621283,1.3032209953942668,2.779299806961518,-0.00824368328235839,0.14397759468175045,
2009-09-07,0.8757366263801797,0.0,1.5175173068352608,0.032970656414734095,-0.03029385058004773,
2009-09-08,2.127797830516749,0.8806055564248824,2.1128330128338177,-0.05770578454514177,-0.022726411976155537,
2009-09-09,0.7522016730420528,0.7752278036300136,-1.0437383118163546,0.0,-0.06821024175943174,
2009-09-10,-1.0064850844047841,1.036827402233454,1.042551772957321,-0.008246402511571898,0.07578628631018006,
2009-09-11,2.350317457269111,-0.13513062285225982,0.43503676626104315,0.016492125047691243,0.007575470629728584,
2009-09-14,1.6921714825241119,0.6319121248784946,-1.089106927592158,0.14007335541198965,0.18163934457406783,
2009-09-15,0.28041102443278143,0.3130399279407913,-0.31498711285444025,-0.03294078922976772,-0.007561722563999361,
2009-09-16,-1.3536809584583784,1.520730356377962,2.5388589233192467,0.0,0.022683452518731054,
2009-09-17,1.8807753538621126,-0.3064310702846008,1.6937068775258561,-0.008236893048590455,-0.03780861325239921,
2009-09-18,-3.6940080590328392,0.26338127223454677,-0.6686056144435557,0.03294350219218139,0.022686883297669786,
2009-09-21,0.2782334001020726,-0.3413100605362237,-0.6989027504595408,0.04939491332834043,-0.04537891471005009,
2009-09-22,-2.447520521768818,0.6553348797967812,1.05754472848331,-0.049394913328336724,-0.045399516518276214,
2009-09-23,-2.292328163633023,-1.011952195632226,-0.48789079579130146,-0.024706609143592614,-0.14390126314006985,
2009-09-24,0.6792736420501069,-0.9556580675496985,-2.5550646908827983,0.04117429135453128,0.01515725656559603,
2009-09-25,-0.7296446677143968,-0.6109337622066211,-0.12515708655923474,0.0,-0.09097801992191161,
2009-09-28,-2.848229839387476,1.7652876598941023,-2.0955371890875196,0.19740095240522595,0.022752265844616187,
2009-09-29,-0.01201023596511013,-0.22320702056161432,2.0421087903140034,-0.049313718431762535,-0.007583513445407431,
2009-09-30,1.0881320315179028,-0.3333824374182154,-0.2760172375905562,0.05753030773015883,0.06823092641792537,
2009-10-01,0.0,-2.6097229359217997,0.0,0.0,0.0,
2009-10-02,0.0,-0.4515690913838788,-2.805650371525339,0.0,0.0,
2009-10-05,0.0,1.4765453401865216,0.2626178583681244,0.0,0.0,
2009-10-06,0.0,1.361240580248467,1.8548273546746388,0.0,0.0,
2009-10-07,0.0,0.27079503363128704,2.045389228108899,0.0,0.0,
2009-10-08,0.0,0.7442122654925316,1.1761595707675705,0.0,0.0,
2009-10-09,5.15320833691727,0.562480132669331,0.03042402460736894,-0.008216589298393868,-0.07581501500373616,
2009-10-12,-0.38243434932175757,0.43768229000511405,-0.9350332464954222,0.04928941198941396,-0.04551661434977854,
2009-10-13,1.476685097469558,-0.2791504478616259,0.7857086239451885,0.008212540554035919,0.007587541260920786,
2009-10-14,0.8989284792798359,1.7393670575083282,1.9335452527047703,0.25425480172308984,0.10616517263179041,
2009-10-15,0.37865888700882727,0.41488147676781745,0.5131539717774855,0.024571030878357873,-0.08340600248461494,
2009-10-16,0.0637521328875145,-0.8131019415374443,-0.3149631846213237,0.008189002174675601,0.08340600248462252,
2009-10-19,2.6618759289732714,0.9361384989114528,1.2262006928403426,-0.07372517229289757,-0.00757948990395234,
2009-10-20,1.4438281141896725,-0.6258671758938771,0.8276295396171097,-0.008195042004183093,-0.09099871713109231,
2009-10-21,-0.24571446269868938,-0.889320279002224,-0.299084827203421,0.016389412476254594,0.022757443678714625,
2009-10-22,-0.6540530015531212,1.0587365660837817,-0.48324059990789886,0.1310186889026098,-0.007585239128297139,
2009-10-23,1.9505476868151788,-1.2253261464892762,1.6929327707907382,-0.016367951587398115,0.11371821853968841,
2009-10-26,0.028912524582623042,-1.178649129621555,0.0,0.10634382776507696,0.03787735358342194,
2009-10-27,-2.95808688957106,-0.33233850224763684,-1.8773848219665015,-0.05724800810614338,0.05300420371698947,
2009-10-28,0.4396422580395241,-1.9734358686821434,-1.8575500351724026,-0.0163625951440832,0.022707489784599057,
2009-10-29,-2.5022981661227477,2.227014275721744,-2.3083971196663096,0.024542888821195437,0.07565441426059734,
2009-10-30,1.020963079560427,-2.8465985208026727,2.2683644403318466,0.016358580111735355,0.015124016967726802,
2009-11-02,3.369959280402616,0.6435591961670014,-0.6118102520956828,-0.016358580111722056,0.03780003825014188,
2009-11-03,1.2484220964001977,0.24230363003456684,-1.7738579103053111,0.008179624559796395,-0.03780003825013367,
2009-11-04,0.5359908658920298,0.10421099365118228,1.7487856075744113,0.008178955551935613,0.05291605369723199,
2009-11-05,0.30152348461870665,1.9052882642820033,-0.6297439120876458,-0.00817895555192676,0.030225177803032688,
2009-11-06,0.5384232778406446,0.2500083233736318,1.619290591051295,0.008178955551935613,-0.015111446949805669,
2009-11-09,0.3658794571512881,2.1995170782107922,1.7159977056911566,0.057233965832023365,0.0,
2009-11-10,0.2282428867791628,-0.00640412792005996,0.2725534343141469,-0.08995380252474376,0.02266631417661197,
2009-11-11,-0.2315040072718503,0.501935784042459,1.599530887972452,0.0,0.07551729704907792,
2009-11-12,0.12344787610968531,-1.0312341187162763,-1.0200693540139674,0.22065141956101564,0.022644073010661875,
2009-11-13,0.5337172724507846,0.5722896135947424,0.6943557769736536,0.05712653682919864,0.09806510799845003,
2009-11-16,2.9976546507895745,1.4363914689886566,1.7159564125982352,-0.10611812758620247,-0.03770596930159389,
2009-11-17,0.07046999031110637,0.09190763029704435,-0.1300969062947972,-0.43380465001568513,0.08293437350994236,
2009-11-18,0.05166297724236139,-0.046844315578344745,-0.32267906466093443,0.22122996445661886,-0.07539204217176358,
2009-11-19,0.3357231437925241,-1.3516784012421477,-0.8670013452791537,-0.2868736855304813,0.11306675911515501,
2009-11-20,-0.3141290417629661,-0.32200843821982766,-0.8307105577227336,-0.008208495797759844,0.03012955732343759,
2009-11-23,0.9455534298480879,1.3523927236078708,1.3954209457755469,0.26233823866501693,0.18058695652619058,
2009-11-24,-3.2560594897734227,-0.05334804298521139,-1.5411462086347638,0.34327781972925886,-0.037595398766066976,
2009-11-25,2.27238270893894,0.44940245649862526,0.8378432551718316,0.31770626699205123,-0.030086498910663294,
2009-11-26,-4.044061183256506,0.0,-1.7910796023758917,-0.02440313999176365,0.0,
2009-11-27,-3.0071789912638742,-1.7383686624440835,-4.965432159038715,-0.016272069029477663,-0.022570816030817776,
2009-11-30,3.747338558801278,0.37858050263810983,3.198894601480969,-0.4975743370710674,0.0676971705872216,
2009-12-01,1.3902521550746874,1.2002920255385912,1.3276731878915073,-0.01635590451798565,-0.0601729991830538,
2009-12-02,1.0197681050226726,0.03426355923697408,0.7946401857373105,0.016355904517983622,0.045133143537322784,
2009-12-03,-0.17954417642504364,-0.8437646249111204,1.178781379942822,0.07356848331159394,0.007520210569436136,
2009-12-04,1.4546104096450676,0.5494369867158851,-0.24735862414528362,0.040848005142953316,0.007519645076299666,
2009-12-07,0.6931067308635717,-0.24714505864806444,-0.7727748560088317,0.05715918989575677,0.037589745960019835,
2009-12-08,-1.2289724288862318,-1.030443840928602,-1.1915749423936381,-0.05715918989576533,-0.03758974596003059,
2009-12-09,-1.937541396180912,0.3665636288990314,-1.4554750445724256,0.016334531235274282,-0.15050044228358425,
2009-12-10,0.6382497690861544,0.5822697613629019,-0.19207313152837113,0.016331863501928147,0.08280327169636867,
2009-12-11,-0.06199441857318718,0.36762749892007446,0.9268875350654024,0.024492795158571723,0.030093289423605396,
2009-12-14,1.0499315052401703,0.6935340247747815,0.8349624959685451,0.00816293212975662,0.015043249370225121,
2009-12-15,-0.8174480150161425,-0.5562470463760016,-1.2384306042779718,-0.00816293212975683,0.04511617491370439,
2009-12-16,-0.6331991306536898,0.11275941495411884,-0.9311612574300286,0.00816293212975662,0.060123254479081616,
2009-12-17,-2.288735579445079,-1.1880825020866261,-1.2295959068810254,-0.04082132562708963,0.015025167183259022,
2009-12-18,-2.573466845942939,0.581293852157132,-0.8077928370988166,0.048983591476603736,0.015022909965890206,
2009-12-21,0.14398184551166476,1.044890671699057,-1.0814847984886187,0.024482800954703076,0.1201021012105711,
2009-12-22,-2.7180652003978607,0.35572398592781296,0.6847767988794434,0.016318537895215552,0.037502344336017686,
2009-12-23,0.9315602709270402,0.2296068657847357,1.1159740888441188,-0.01631853789521543,0.02249465761369732,
2009-12-24,3.021115785275556,0.5242394308515762,0.8787861362815816,0.04079135279893156,0.007497094879249115,
2009-12-25,-0.4089404848130589,0.0,0.0,0.0,-0.007497094879237249,
2009-12-28,1.5543792977492605,0.1153371966066168,-0.17108086974387798,-0.2449980808984324,0.08243714634810027,
2009-12-29,0.6391612736622069,-0.1401964754604196,0.08943766088977087,-0.03271180925473199,-0.04495729133117047,
2009-12-30,1.646590813814307,0.019532810744783545,-0.013117481015907585,0.024534860069914732,0.09738193211244725,
2009-12-31,0.47170606212727956,-1.0100374956649936,1.733442652566879,0.04905166874020039,-0.00748755194838157,
2010-01-01,0.0,-0.02242202749365617,0.0,0.0,0.0,
2010-01-04,-1.137840850216016,1.6140289167345379,-0.22528500837987317,-0.00817360742617479,0.22438304103915793,
2010-01-05,0.8116093714907487,0.30228143982579164,2.0693273979484843,-0.049055679178510954,-0.119608297133031,
2010-01-06,-0.6279710437661618,0.05718081167812329,0.613431461874374,0.032706459817301206,0.044869878108471296,
2010-01-07,-2.004035879684661,0.3958489359200275,-0.6589094450071035,-0.008175612153506396,0.02242739141461459,
2010-01-08,0.2495546915949313,0.29302320103540236,0.12251438720251878,0.008175612153495463,0.08965930068648893,
2010-01-11,0.055212577000301834,0.18150567388628597,0.5134184441039045,0.016349219361202687,0.17162262168719708,
2010-01-12,1.5067761509473603,-0.9504401053397343,-0.3794528064854039,0.0,0.05217456235824963,
2010-01-13,-3.2714538625108576,0.834419173666354,-2.6231196663947234,0.0,0.014902019251194172,
2010-01-14,1.3906071457809193,0.2432274590118801,-0.14563260142265905,0.0,0.11169441572251113,
2010-01-15,0.39376965225087424,-1.090849870131239,-0.2895477836199558,0.0,-0.03721761180330531,
2010-01-18,0.5139611927942721,0.0,-0.9006380610809805,0.0163465468283843,0.04465947227185056,
2010-01-19,0.194002314789067,1.2396328788923339,1.0105795613128887,0.07352641154741683,0.07438816083562509,
2010-01-20,-3.276136976743718,-1.0637328854287733,-1.8239432741856199,-0.08987295837578854,0.05203880725547218,
2010-01-21,0.4156990661268555,-1.9333145864226402,-2.009612851021603,0.09803922353895089,0.08172059442198991,
2010-01-22,-1.2510401517954457,-2.233095026748965,-0.6563802078611406,0.024494794978575415,0.22994484040557706,
2010-01-25,-1.1407890816005195,0.47433519907708827,-0.6176950499468865,0.0,0.08146639961765055,
2010-01-26,-2.5939500676330036,-0.4294558002572722,-2.403679849693137,0.0,0.051807720508965406,
2010-01-27,-1.3733644636887172,0.49599334401322437,-0.37994784437896945,0.04081132979145977,0.08875083786460358,
2010-01-28,0.24992456573083208,-1.2008137397926333,1.6009476992502072,0.0978792900329093,0.08128579793588916,
2010-01-29,-0.07534249602780957,-0.9897675907332729,-1.1580638119182292,-0.05708460909347958,0.05907547062961192,
2010-02-01,-1.6186956190546122,1.4295997284104267,0.6032857036258925,0.13857756446324843,0.20648974888547952,
2010-02-02,-0.20695697552228745,1.2835366710517815,0.14033988441652373,0.008145644121297693,0.05891884100328275,
2010-02-03,2.6511595847737133,-0.5462482964292389,2.1950295671653524,0.01628929796728175,-0.07365397696159358,
2010-02-04,-0.3694234327445173,-3.162787347766823,-1.8529781781406394,0.06513067070584458,0.051563479467389574,
2010-02-05,-2.0627267688177007,0.3211933864467348,-3.3825542655048655,0.47903310862698323,0.18393854282914612,
2010-02-08,-0.06659184979768153,-0.9184184976354216,-0.5823664325015389,0.08096510846311553,0.12488523202556151,
2010-02-09,0.5759980280466078,1.2946472989326299,1.2170098382412482,0.0323676973209395,0.029362108410304823,
2010-02-10,1.4080679803615717,-0.22725263335057963,0.6644783655701839,-0.02427479074913438,0.11736229616753652,
2010-02-11,0.19482398654845887,0.977344560172922,1.8326468429487701,-0.05666410480671275,0.05130272383399569,
2010-02-12,0.9543195413289157,-0.16981319993475352,-0.10848293123596094,0.016193020843419517,0.0805654271431429,
2010-02-16,0.0,1.6697677057242308,0.0,0.0,0.0,
2010-02-17,0.0,0.4228991255194203,1.300520502673698,0.0,0.0,
2010-02-18,0.0,0.6563166615592702,-0.5462439747381569,0.0,0.0,
2010-02-19,0.0,0.21841952435944148,-2.6200912068491635,0.0,0.0,
2010-02-22,-0.5530944733780011,-0.10463743185851612,2.4000879906165378,0.040471083963296975,0.12438267563000303,
2010-02-23,-1.0793361413529303,-1.2176613827442042,1.1986893857788035,0.08897877230128946,0.0,
2010-02-24,1.4232171760440544,0.967350622884524,-0.7556969715265962,0.01616945593302753,0.04386285617513902,
2010-02-25,1.45781487683987,-0.20831642635576905,-0.3336165909999083,0.024249282744221203,-0.014618814440167391,
2010-02-26,-0.3182943923298251,0.14043482735503401,1.019949453972377,0.024243403892624266,0.10228685044667502,
2010-03-01,1.2944904940340842,1.0107283593191703,2.1516405364294178,0.03231539856850448,0.16052539018027986,
2010-03-02,-0.39745916298586126,0.23276435966405676,-0.7188261356615991,0.06459948545062541,0.09473493147938795,
2010-03-03,0.717543334407967,0.042912700135530314,-0.1403445180326473,-0.016145959508714728,0.06553318762220768,
2010-03-04,-2.566567843513473,0.3729217083266287,-1.4523359634101505,0.0,0.036388778102504835,
2010-03-05,0.2823511626526864,1.39102995934497,1.025979807526196,-0.008073957454629162,0.17448205080912085,
2010-03-08,0.8070387230550067,-0.017565431276499767,1.9479075263571406,0.04036326997282609,0.0435729854388586,
2010-03-09,0.5972371383111352,0.17113148387610982,0.05037210850107488,-0.03228931251819435,0.0,
2010-03-10,-0.7947433372674771,0.45143248760070065,0.003489262502297888,0.0,0.05806779578132065,
2010-03-11,-0.09117810575818032,0.4033370016998894,0.09383434615292532,0.032289312518184884,0.029021258275230305,
2010-03-12,-1.3388873229636449,-0.021736956824699425,-0.08699763072523806,0.0,0.03626473294504459,
2010-03-15,-1.5567831495376734,0.045207564343076406,-0.6178481868190913,0.04841442844506864,0.04350032693840913,
2010-03-16,0.6509338400635502,0.7749057161496351,-0.2668281473660337,0.13704706083090282,0.02174306948228081,
2010-03-17,2.1595843951606346,0.5804795137565081,1.7052146111647077,0.0,0.0579584164597782,
2010-03-18,-0.19448231154594878,-0.03258949274998341,-0.25199497546261995,0.03221909008943712,-0.043465662811236414,
2010-03-19,0.8021470060380466,-0.5099485194476214,0.1880496995854944,0.03220871273515827,0.05070810351692517,
2010-03-22,0.2655046303866566,0.5082329887481449,-2.068763623738771,0.056340296874430394,0.06515837334602041,
2010-03-23,-0.822569956428709,0.7145390618215695,0.260155968283365,0.024136127877735614,0.0940427602134471,
2010-03-24,0.03345419812704137,-0.5508385371629813,0.0992466102361019,0.4975134640113929,0.028918450172609973,
2010-03-25,-1.4615225850394373,-0.17056294177613757,-1.1011625088456412,0.024010564763782345,0.014456089652943154,
2010-03-26,1.410634802793556,0.07374631602661291,1.3127088080194609,-0.537614133395555,0.050579863067550336,
2010-03-29,2.518787595871038,0.5667141985337086,0.8716898252781833,-0.0402365916988609,-0.0288996461804909,
2010-03-30,0.24290565987003682,0.004261684474056481,0.6446999277044441,0.040236591698856586,-0.10844811820931649,
2010-03-31,-0.6287270341084351,-0.32782716003415246,-0.6356596944226215,0.04022040837713323,0.09399516255473675,
2010-04-01,1.3752413019821959,0.738652065793466,1.3916792993522673,-0.016086222185425162,0.08668641733333872,
2010-04-02,0.453313413298721,0.0,0.0,-0.03218020944906375,-0.06500776710571891,
2010-04-05,0.0,0.7896758064435914,0.0,0.0,0.0,
2010-04-06,-0.06461660137479937,0.16828787923777017,0.0,0.008046023257346135,-0.057820180853426835,
2010-04-07,-0.5358006980244517,-0.5894050934860441,1.802708704307612,-0.016092693951702604,-0.04338708579161314,
2010-04-08,-1.1941583250975978,0.33686695230149477,-0.2818992998611263,0.2892730020382376,0.028926815359368804,
2010-04-09,0.9642184311214539,0.6661622998832402,1.5494618173249823,-0.24100268734393027,-0.007230919414564037,
2010-04-12,-0.8228674640076438,0.1765063092874738,-0.317183044241897,0.016084928456744467,-0.07957464159180322,
2010-04-13,1.193454543995357,0.0685108934048995,-0.15659437624966938,-0.056308572456699325,0.03617814156168814,
2010-04-14,0.3529143791493895,1.108838371569334,0.08094976672661257,0.0,-0.00723458130175939,
2010-04-15,-0.2686857308314767,0.0842167888871758,0.1643659646116636,-0.06439150254682309,0.07955162234756762,
2010-04-16,-1.1329563486113654,-1.6257950246036472,-1.3291405644212682,0.11265793418130411,0.06504065269931852,
2010-04-19,-5.509299009202249,0.4511128525653854,-2.126659430944359,0.0,0.06499837732899862,
2010-04-20,-0.09603457352516163,0.8026025643238168,1.014265508202324,0.06431902456821684,0.03609196271179026,
2010-04-21,1.9752428953396743,-0.10194314445029012,-0.5213958667678233,0.008036970066617176,0.0,
2010-04-22,-1.091554774082641,0.22612356970690672,-0.2606256160669047,-0.04823151218902375,0.11540682181066239,
2010-04-23,-0.36103991564893834,0.7098279974131414,-0.9857354258410177,0.04823151218902153,-0.014418571144592045,
2010-04-26,-0.5660499238564233,-0.43057205731718795,1.5996493469225943,0.08836406567659925,0.20886607758810066,
2010-04-27,-2.025033826759991,-2.3659566893072763,-1.5182496057302914,0.02408574536953658,0.050350657420499476,
2010-04-28,-0.35631439611253807,0.6441937673680552,-1.480155870228314,0.02407994553515239,0.12935682723665112,
2010-04-29,-1.2112044989640163,1.286014370883258,-0.8170995070461795,0.04814250273517044,0.10049530671345219,
2010-04-30,0.23830560762666844,-1.6787736487182545,1.5741055370948733,0.008021497617902128,0.05738057824919055,
2010-05-03,0.0,1.3035199954753045,-1.4181075174678497,0.0,0.0,
2010-05-04,-1.574452244495344,-2.4127171031983345,-0.23240268109123546,-0.024066423444541192,0.12898604439705427,
2010-05-05,0.5596262724718393,-0.6582626889526156,-2.1198347779222146,0.09623096171645182,0.021481508084477585,
2010-05-06,-4.704461617551188,-3.291419799872393,-0.9595992663131383,0.02404327801604735,0.021476894523621684,
2010-05-07,-2.0953232237057087,-1.5426628935558497,-1.064181392901528,0.09611534580548009,0.13591332254229546,
2010-05-10,0.7530823005271194,4.303472538226554,2.510112099693141,0.008005443705991802,0.10002858793466175,
2010-05-11,-2.0292441392715164,-0.34031265568998903,-1.3808858881233292,0.01600896505460122,0.1641157741078726,
2010-05-12,0.6173029387051548,1.364598869249329,0.32696577606389543,0.04001120367066623,0.01425821632129949,
2010-05-13,2.4102882635309077,-1.2219411759088954,1.0334545448151515,-0.03200768211690297,-0.028518465899828743,
2010-05-14,-0.6564130125612332,-1.8979079305601414,-1.3657811945438956,0.02400672199743325,0.0712809211163526,
2010-05-17,-5.493596673079694,0.11088524514465206,-2.1587551824349105,0.15190888389965843,0.014250089087180362,
2010-05-18,2.0646868926194295,-1.4297726886780986,1.1585565241980382,-0.047946301062348776,0.09969380587860595,
2010-05-19,-0.3315793595935394,-0.5143469084670231,-1.8518935308111137,0.05593511672467752,0.12092329958041845,
2010-05-20,-1.317464715583793,-3.975572015145415,-0.16945773248622345,0.05590384684187644,0.04974947687983012,
2010-05-21,1.5567359153436628,1.4912654559367986,0.0,0.055872611901677284,0.014209591498149328,
2010-05-24,3.7109247842044106,-1.2992122932899615,0.621878246558128,-0.007979890679721187,-0.04974240642624886,
2010-05-25,-2.0933308046619294,0.035387022644471175,-3.530521699422712,0.04786979507400649,0.07105300853140487,
2010-05-26,3.553731621463947e-05,-0.5677005694772115,1.1049836186584936,0.00797607178885891,0.028407073552319122,
2010-05-27,1.6227224150793675,3.2347212928041498,1.2163404319967297,-0.015952779805700645,0.02130001073053891,
2010-05-28,-0.338932856850594,-1.2451870600623243,1.7110439150972137,0.031903015105494495,-0.014199503041256953,
2010-05-31,-2.7399987726452824,0.0,-0.007689992136724187,-0.015950235299793118,-0.021303035763146676,
2010-06-01,-1.054921983065728,-1.7314285467303576,-1.3664266574701744,-0.015952779805700645,-0.03551514758359541,
2010-06-02,0.48585175535271735,2.5514387180073492,-0.12907780460952126,-0.039893087057168895,0.1348905106737079,
2010-06-03,-0.7809486423085609,0.4043236276677301,1.6043235181735327,0.03989308705716994,0.06383205294932079,
2010-06-04,0.3034415271600599,-3.5017486522915466,-0.03356350990569924,-0.039893087057168895,0.07087674830692733,
2010-06-07,-1.789571712792332,-1.362443369109628,-2.0528722446743095,0.11963154914034602,-0.021257750301470358,
2010-06-08,0.13423415436543173,1.0916239754216572,0.56260654146874,-0.03188775537224099,0.028342662982892387,
2010-06-09,3.021208285175283,-0.5959341239087247,0.6840444871165392,-0.0318979269052361,0.021251726782772765,
2010-06-10,-1.1608624411502455,2.9079821612060597,0.058389044898862354,-0.03190810492930205,0.0,
2010-06-11,0.32104504539455186,0.4370106659325958,1.2134284546878067,0.007977980777284514,0.007082905410749541,
2010-06-14,0.0,-0.18063207783149315,0.8993583109352487,0.0,0.0,
2010-06-15,0.0,2.322247259286971,0.05105441943511188,0.0,0.0,
2010-06-16,0.0,-0.05560937250901565,0.0,0.0,0.0,
2010-06-17,-0.586485719634175,0.12821376691954428,0.37934849866379805,-0.01595659808714749,-0.035419544874962586,
2010-06-18,-1.7124104682635901,0.1316290400703783,0.7337551606552275,0.015956598087145817,-0.014171331420290378,
2010-06-21,3.085862462231162,-0.3864245341811379,3.036577249452446,0.07177319977954236,0.021256244101711237,
2010-06-22,0.10987742244057061,-1.620132244496867,-0.446189041291652,-0.031892840327732416,0.042498938166238565,
2010-06-23,-0.910292155214857,-0.29899215361501785,0.18010504514708012,0.031892840327731695,-0.00708190220190645,
2010-06-24,-0.03614942987987795,-1.6946192862424503,-0.592065706289126,-0.007972256551436307,0.0495627864431407,
2010-06-25,-0.7721854930858757,0.2855218289774183,-0.20615935931060603,0.07969397935336145,-0.0849798224074635,
2010-06-28,-0.715564066285934,-0.20359505575433148,0.17330855304885676,0.03185981707554344,0.07082153270520293,
2010-06-29,-4.7009142546812805,-3.1508270947024664,-2.3321288166499126,0.02388820332259034,0.02831457511661266,
2010-06-30,-1.123134995705048,-1.0164425453543184,-0.5939406566352162,0.04775929407027424,0.21210415191630724,
2010-07-01,-1.4540627539612587,-0.3245746455147631,0.0,-0.02387679584745308,-0.028254573897085633,
2010-07-02,0.31753862911566805,-0.4673293219507561,-1.117403183732341,-0.007960199009165897,0.12708276209051633,
2010-07-05,-0.8502146422790239,0.0,-0.31760498797988557,0.02387869633665352,0.08463220760464066,
2010-07-06,1.9801839127453844,0.5344685605450303,1.211847025402536,0.11930802767389789,0.07047216641198317,
2010-07-07,0.6834055356334557,3.0850061581731634,-1.136933805610743,-0.039753528649159105,-0.07047216641198119,
2010-07-08,-0.1767125495587159,0.9368673372673071,0.9696968533202656,0.0635980624027948,0.0422892591585733,
2010-07-09,2.725907216515629,0.7178100004060206,1.6231191359786918,-0.2546352931521656,0.007046471482324337,
2010-07-12,1.0938391585707665,0.07325973685221687,0.4346567309542605,0.4451871570823175,-0.1692525086691178,
2010-07-13,-1.5675892960605793,1.5261853940210992,-0.17785502392510735,0.007931786639101138,0.06350326549621951,
2010-07-14,0.7191889403648548,-0.015521499590610117,0.6330544730906996,0.04757751259362884,0.021158796848692804,
2010-07-15,-1.7137972930479626,0.11954464955711873,-1.4954550785907672,-0.0317158264631338,0.05640158073938673,
2010-07-16,0.29127347281366534,-2.924293209874971,-0.026959115627784434,0.06342159717895383,0.07045727058186112,
2010-07-19,2.5043395382464957,0.5964074173225686,-0.7893229839497186,0.0,-0.04931487647936374,
2010-07-20,2.1767552708804723,1.1351892195398525,0.8605563032231786,-0.023778385559672266,-0.06344059705955798,
2010-07-21,0.21250407443897845,-1.2902685652813712,1.0926737266930069,0.007926756771612007,0.11979847104158248,
2010-07-22,1.2282059771663905,2.2263615685037745,0.4989185538287046,-0.015854141927776726,0.07040270637176524,
2010-07-23,0.42300868083165355,0.8186429368369252,1.089878371889053,0.015854141927775293,-0.007038040612396046,
2010-07-26,0.641636024654981,1.1137930955885433,0.11801637850550925,0.007926128486697036,0.09145591407450179,
2010-07-27,-0.546875067091612,-0.10498688628368148,0.6384593104129556,-0.07928956964718681,-0.021097788326795455,
2010-07-28,2.40317686867346,-0.6946067738954189,0.5600452251103173,0.007931786639101138,0.04922125051031402,
2010-07-29,0.49643935664610406,-0.41673144027251485,0.012516297278403839,-0.01586420246049495,-0.014060742430368594,
2010-07-30,-0.31774109869165723,0.005446820873557561,-0.30391516243360345,-0.05554453624257739,0.042176297546336956,
2010-08-02,1.6740103062891556,2.178371523758277,1.8047452087998268,0.07933989625967713,0.035133331352501886,
2010-08-03,-1.7742750659442,-0.4798990650839814,0.20932841332163563,0.007930528573867616,0.04916593602113157,
2010-08-04,0.36441217847653984,0.6032851860419904,0.4288556906083412,0.24553495365923572,-0.042140750728976994,
2010-08-05,-0.8941503330338836,-0.1269390552379728,0.008537966113176634,0.03954601230008805,0.04916248299320867,
2010-08-06,1.6293340441373545,-0.37108765803768484,0.5879196736132416,0.0,0.028081999622925725,
2010-08-09,0.7077867887441036,0.5468065530920585,0.5648078429133674,0.02372010289833437,0.07017051722913564,
2010-08-10,-2.97726045607271,-0.5985299233984591,-1.5158629253770852,-0.007906075823379712,0.014028196698337696,
2010-08-11,0.6184593682756159,-2.858332684063827,-0.837357183440188,-0.03163055537996449,0.04207278654024614,
2010-08-12,-1.193852386214782,-0.5402508227850175,-0.8907081841173382,0.007908576855717372,0.1541156171941618,
2010-08-13,1.3808915685848344,-0.40224757753530205,-0.1618881419385509,-0.031638060850792085,0.0349931766876811,
2010-08-16,2.303329967548713,0.01204467649919063,0.19225445896269674,0.08698059299818829,0.013993842732061397,
2010-08-17,0.689181146529686,1.2118458371228051,0.11981194132334133,0.06321112726276025,0.013991884729675679,
2010-08-18,-0.16766299489628067,0.14816850014889338,-0.5441169245418519,0.015796540590474976,0.06993007277986146,
2010-08-19,0.6120414024260693,-1.708040915809832,0.23627413552475893,0.0,0.02795834225243077,
2010-08-20,-1.949656953809454,-0.36696947092675236,-0.43106261884500696,-0.007897958381864727,0.11873582676615146,
2010-08-23,-0.07389734611310374,-0.40579006988215505,-0.4433165141420304,0.023692004059500792,0.05582693794681754,
2010-08-24,0.5383948560602102,-1.4618915413270654,-1.1086161103808476,-0.03159058626809386,0.06973987311043424,
2010-08-25,-2.391279654711057,0.32934886143250264,-0.11493282684201774,0.007898582208605447,0.03485170634378299,
2010-08-26,0.24837026452432237,-0.7714480246337092,-0.11113525896184377,-0.03159807278049097,0.04180602067577146,
2010-08-27,0.2968475160942545,1.6441321201717338,-0.07139146435135658,0.04739336581601461,-0.04877539029912672,
2010-08-30,1.9553149840253157,-1.4819291783146056,0.6767726571802098,-0.0315930813780139,-0.013940196579331125,
2010-08-31,-0.4063806790197134,0.03908018636654939,-0.9726849493930236,0.02369574672434865,0.03484684845519125,
2010-09-01,-0.6616661114649031,2.907765834807642,0.42438995171911603,0.015794045677623842,-0.06273307284116461,
2010-09-02,1.286777489679137,0.9030738029773586,1.1813767489225173,-0.03159058626809386,0.041826420965301044,
2010-09-03,-0.04067380248960268,1.3141536067803143,0.4903402285661794,0.06317119603633888,0.03484199192071892,
2010-09-06,1.8620471345494727,0.0,1.815758765901309,0.03946174235337438,0.05572194892383887,
2010-09-07,0.2691419398960576,-1.154661015956692,0.2152602616717736,0.007890480139813501,0.01392563712039916,
2010-09-08,-0.07179655158492518,0.6418091223832271,-1.4729624413926552,0.007889857592161363,-0.027853213744580555,
2010-09-09,-1.845424307257109,0.4829699271177251,0.37111817856584717,-0.023671440517681226,-0.00696451579484735,
2010-09-10,0.20802142468143459,0.4851549676828218,0.42484788588640066,-0.039464857057460286,0.013928546578673724,
2010-09-13,1.0098691850132804,1.1069148848932673,1.8686461765710334,0.16564783909967581,-0.006964030783823783,
2010-09-14,0.09076603098999726,-0.07222502420529704,0.17386940282134064,-0.007881773403085572,-0.041794372299655685,
2010-09-15,-1.762999408956126,0.35438296161544514,0.13633744518873842,-0.03153330731687561,0.0069669418636714095,
2010-09-16,-1.9201824838052808,-0.03644881870614647,-0.1574956178192455,-0.06309646080456015,0.027862914641133843,
2010-09-17,0.12519327032364697,0.08176906030118217,1.2798856230268583,0.11827322490493941,0.02785515338345088,
2010-09-20,-0.4041540051679057,1.5104175976696166,0.029489262572569626,0.01575919946527303,0.03480803404560669,
2010-09-21,0.26800761192473405,-0.2567373008776423,0.11482511579396362,-0.2524457004919084,0.0278377063527914,
2010-09-22,0.0,-0.483717291908741,0.20485679225488365,0.0,0.0,
2010-09-23,0.0,-0.8366175280827978,0.0,0.0,0.0,
2010-09-24,0.0,2.097283822184383,0.3247666162576975,0.0,0.0,
2010-09-27,1.6504655340916785,-0.5683544849854091,0.9959985863512048,-0.07902015425008027,0.006958215916231595,
2010-09-28,-0.833819791915082,0.4838733205657932,-1.0388660203743434,0.04741958517688595,0.04173913104074534,
2010-09-29,-0.21178943163307376,-0.25911383655897063,1.208053961046728,0.015801532781546362,0.013909173122099409,
2010-09-30,2.091572405020915,-0.3088460981688114,-0.09164706955101007,0.07897023232797146,0.04866687619952479,
2010-10-01,0.0,0.4406680092947396,0.0,0.0,0.0,
2010-10-04,0.0,-0.8067420805565715,1.1583426960692185,0.0,0.0,
2010-10-05,0.0,2.064674827330452,0.09050374255009255,0.0,0.0,
2010-10-06,0.0,-0.06722052030153325,1.0600819183686385,0.0,0.0,
2010-10-07,0.0,-0.1647951434844234,0.01708739463561123,0.0,0.0,
2010-10-08,3.634597623404982,0.6103642814175685,0.2612349696901818,0.01578656566543578,-0.03475963745937488,
2010-10-11,2.8708516113682214,0.012873050287025609,1.1403005675205655,-0.03157562388092261,-0.05564056340513541,
2010-10-12,1.2633658058996273,0.382858369138705,-0.3695744737139918,-0.007895464059996504,0.013913043500680757,
2010-10-13,1.4037436561921013,0.7087334701661268,1.442680239135378,0.0,0.006955795919772647,
2010-10-14,0.20376561934717488,-0.363961454542178,1.6676825616243403,-0.01579279851672912,-0.055659919338599144,
2010-10-15,3.1610017999126327,0.20255326074200258,-0.39714564757976184,0.007896711023968479,-0.03480318832332103,
2010-10-18,-0.6488870936370756,0.7217617846340957,-1.220714923275459,0.031580609768238094,-0.013924667571047917,
2010-10-19,2.0807613008119703,-1.600469794135919,1.246387589350261,0.03157063956765293,-0.09752700180897408,
2010-10-20,0.626206078957502,1.0469066254142374,-0.8758677833675445,-0.12634240467719063,-0.11157602273287692,
2010-10-21,-0.655508224430858,0.1772365978304534,0.39393365095477656,-0.023706981817141752,-0.05583473065209532,
2010-10-22,0.1175714670759361,0.23864542032575106,-0.559460165762294,0.007902951756589059,-0.04189651621929682,
2010-10-25,2.9865176428010622,0.2136202679209713,0.46821146740285136,-0.03161555511633661,-0.06986655772219356,
2010-10-26,-0.4317451304471716,0.002530311017554493,-0.11293873734688543,-0.0711715660108748,-0.013979171057928319,
2010-10-27,-1.811181924571905,-0.2694155990308462,-1.867486512067389,-0.11873195679865964,0.06987632175873398,
2010-10-28,-0.1817229596221207,0.11241511941456764,0.1995884690829613,0.0395929846404373,0.05586592324070335,
2010-10-29,-0.5225697691210969,-0.04393673181400836,-0.49469751166241704,0.023748268467046422,0.006981046461685939,
2010-11-01,2.7146654186908017,0.09460898477315377,2.3814122630464696,0.02374263000350339,-0.034910106830376826,
2010-11-02,-0.2844240906159305,0.7729385187609348,0.07809931688172435,-0.047490898470556396,-0.013967455850615314,
2010-11-03,-1.243283947084861,0.36712940509606173,1.979523852917978,-0.07127866297904392,-0.0349271771913665,
2010-11-04,1.743714449437669,1.909922381617784,1.6062695009489398,-0.023770849127427066,-0.07688275758753568,
2010-11-05,1.151027026111098,0.39069893174087644,1.3810099381686962,-0.03170325777524757,-0.020978287549405773,
2010-11-08,0.7855909756266483,-0.22458797563924573,0.3513162107381619,-0.03964321161929658,-0.09795690679739055,
2010-11-09,-0.6959923577864464,-0.7863456754538397,-1.021730693163018,0.01585917059861931,-0.07002801406624812,
2010-11-10,-0.7074718408365182,0.425131900612684,-0.8534286173148932,-0.10312959543218252,-0.05605774093966221,
2010-11-11,0.30999787133820916,-0.40618041224615137,0.8117374109244321,-0.11118171412135362,-0.05608918326951747,
2010-11-12,-6.416436245732178,-1.2126886704017643,-1.9530133323173702,0.04766444322843146,-0.04208754270881379,
2010-11-15,0.6980793102535281,-0.14938891041222882,-0.8099566432411902,0.0,0.007015820678487397,
2010-11-16,-4.483950964753093,-1.581782669408248,-1.4005199558413153,0.04764173506024383,0.04208459064708334,
2010-11-17,-2.092451758570619,0.01357531331362708,-2.040512961655764,0.05555335248623604,-0.021040081432604947,
2010-11-18,1.4093940968747058,1.511397716978829,1.8054419972721867,-0.02380480074720477,-0.07718486156616712,
2010-11-19,0.9762978522685662,0.25122181230727914,-0.13411484321948802,0.015870496779863477,0.0491245316731935,
2010-11-22,-0.2174534501287943,-0.15266095971228447,-0.34666051262377684,0.0,-0.021050415823445884,
2010-11-23,-2.062942825824989,-1.4294125597163638,-2.7053689392320996,-0.007934933549104024,-0.12639563511255253,
2010-11-24,2.2236614887866946,1.4736498224016503,0.556273211441717,-0.02380857913710546,-0.07732049729746081,
2010-11-25,1.451187223025683,-0.0008344842261704777,0.13377161948270744,-0.023814248971449865,0.02109333809894468,
2010-11-26,-0.8921684825919467,-0.748828748140547,-0.7725818729585667,0.06349206562501691,-0.007030618345788766,
2010-11-29,-0.15044867262534029,-0.12956094120297645,1.2552216160994045,0.03173092204951138,0.1264755649199683,
2010-11-30,-1.6774443096508003,-0.6215291334895955,-0.6853636234115329,-0.023797247564022524,0.02808397125807724,
2010-12-01,-0.030639203849958472,2.1279805988023632,1.0454982938719648,0.015865460924921485,-0.00702025343402278,
2010-12-02,0.605144077365922,1.2845354738657522,0.8521938106727707,0.0,0.06316454573625857,
2010-12-03,0.09811166730194865,0.24938586356934453,-0.5484808262611137,0.023793472769595356,0.13321649647596243,
2010-12-06,0.23448212009701394,-0.11439498563300071,-0.3558130236864343,0.0,-0.06308042963684324,
2010-12-07,1.0923607526950103,0.017167592532546714,0.8162761349143424,0.039643211619287674,-0.007011393517328735,
2010-12-08,-0.89316391184681,0.3883436659400479,-1.442953523591026,0.0317032577752431,0.14013455208062567,
2010-12-09,-1.5413836137285508,0.38440799409815507,0.342726652430725,-0.03170325777524757,-0.10508249942408952,
2010-12-10,1.228619844458609,0.5903873256246613,-0.03837296104404281,0.007926756771612007,0.04905224161984168,
2010-12-13,3.085513766712596,0.027412722900029978,0.6656576614439138,0.04754735013105901,-0.00700599012443214,
2010-12-14,0.25765131506331806,0.0886367723338615,0.4859171721337507,0.02376519993756738,0.08403950351049677,
2010-12-15,-0.6699305320357234,-0.47552819449516986,-1.9646138740296926,0.015840329511974782,0.013999720028474069,
2010-12-16,-0.524181198429132,0.5825932930512042,-1.3433254619686115,0.0,-0.02800140025295597,
2010-12-17,-0.15501079102827184,0.0940904061019344,0.20302481676627215,0.03958984967976036,0.028001400252965367,
2010-12-20,-1.4679109943482955,0.24967398820430714,-0.3341279156724188,0.007916089455938306,0.07696344616389078,
2010-12-21,2.2045127462423855,0.5995557278727401,1.5549607301262294,-0.00791608945594748,0.041955108649819196,
2010-12-22,-1.053565821970319,0.3278326216996099,0.22298471088633248,-0.06335128498224776,-0.06293926568832385,
2010-12-23,-0.8384105476049466,-0.16378196812514895,-0.6190474403282374,0.03168065922269147,0.04895618519292368,
2010-12-24,-0.8077427086925419,0.0,-0.3024702126334471,0.0,0.08386916902014818,
2010-12-27,-2.0198481105419637,0.06840761659418024,0.0,0.0,0.006985923367280777,
2010-12-28,-1.7829995310609248,0.09378552416497946,-0.9330945593695383,-0.015839075031133725,0.0,
2010-12-29,0.5534535619194128,0.09211028474900967,1.5247592950923892,0.015839075031136303,-0.006985923367274062,
2010-12-30,0.07404592752721766,-0.15329934096939385,0.13069781605969852,0.007918596828785901,0.09077895948297149,
2010-12-31,2.072402339878759,-0.011924304529074723,0.15688138212900357,-0.00791859682878064,0.1255580522092635,
2011-01-03,0.0,1.0722521760062576,1.724110146360407,0.0,0.0,
2011-01-04,1.9443966207497263,-0.08498049107667707,0.9868770006233254,0.03167062575957444,0.03484927723021111,
2011-01-05,-0.44051107596076594,0.4837376523145477,0.3767534286952395,0.015831552316777568,-0.055764674524706584,
2011-01-06,-0.5057068014581758,-0.22116094937892028,0.11980452433012799,0.01582904633301056,0.05576467452471302,
2011-01-07,0.22069896302477585,-0.17209070832027637,-0.4199030750671592,0.015826541142464973,-0.020908108937721406,
2011-01-10,-1.862643815781569,-0.13772860202608395,-0.6751005065997503,0.023735116215705357,0.020908108937715122,
2011-01-11,0.5369724871270516,0.372609718035366,0.9858055286410687,0.0,0.05573359486613471,
2011-01-12,0.5557467729507438,0.896726885011282,1.525612772311301,0.007910453668651011,-0.013930486893054598,
2011-01-13,-0.03351570726041368,-0.17122492236479142,0.4688149228354856,0.007909827965364056,0.02785903347171756,
2011-01-14,-1.585813511119073,0.7357425505636377,0.18239075370632135,-0.007909827965364461,-0.006964030783823783,
2011-01-17,-3.874797069178445,0.0,-0.5213037350553531,0.015819030326427595,-0.06269811066097125,
2011-01-18,0.11081994105256426,0.137544163308385,-0.01237814617107821,0.023723854446802747,0.07662568728516479,
2011-01-19,2.2318240146786374,-1.0167184992425786,1.0937737713286826,0.0,0.0069630609643997945,
2011-01-20,-3.344060824412747,-0.12957717508255115,-1.7178922413770756,0.007906700933165787,0.0487278558943663,
2011-01-21,1.3071001047824744,0.24028721188488433,-0.5298196040692796,0.007906075823378062,-0.006959668722576861,
2011-01-24,-0.9843641490354392,0.5819367902989181,-0.3149421294691198,0.03952100592878543,-0.02784351960074883,
2011-01-25,-0.5287065213110104,0.027110662014784966,-0.054422501916344665,-0.007902951756599944,-0.04874482182794448,
2011-01-26,1.3444998406770807,0.42120619810420096,0.2284596225422782,0.02370698181715522,0.048744821827951756,
2011-01-27,1.5998950392605353,0.22417647678586913,-0.2671827683041708,0.0,-0.020887728535458568,
2011-01-28,0.3387322907103488,-1.8021583519635085,-0.6861272777720785,0.0,0.01392563712039916,
2011-01-31,1.3012262457764767,0.7633386529132172,-0.7210582919788969,0.03949915128180713,0.055683164242424775,
2011-02-01,0.025187725878151202,1.6555941848818052,0.1517570287088069,0.007897958381861402,0.055652175349395476,
2011-02-02,0.0,-0.2718631178844176,1.7978658169668693,0.0,0.0,
2011-02-03,0.0,0.23438228812492673,0.0,0.0,0.0,
2011-02-04,0.0,0.28877466629054205,0.0,0.0,0.0,
2011-02-07,0.0,0.6220741603444068,-1.4975033621260692,0.0,0.0,
2011-02-08,0.0,0.4176097943201374,-0.2946137682544205,0.0,0.0,
2011-02-09,-1.1877427055840761,-0.2789697324153496,-1.3731468299617389,0.08683639779924422,0.06952169356766288,
2011-02-10,2.0574476073299897,0.0749219598001667,-1.9856056386981906,0.007890480139813501,-0.0069499947902900245,
2011-02-11,0.5395251314948918,0.5492239439842426,0.5283565157818255,0.03155569606495623,0.05558643834067468,
2011-02-14,3.097580992027939,0.23821433260880176,1.2715737257418318,0.04731488141262171,0.013891783032671636,
2011-02-15,-0.045736913499765317,-0.3240202358999328,-0.9616586976918859,-0.007884259080844587,-0.09728303178465883,
2011-02-16,0.9543856903258291,0.623798624559996,1.1168511603241453,0.007884259080835322,-0.06258910458503421,
2011-02-17,-0.08068447972939687,0.3070890617279297,0.6236512280385171,0.00788363751441543,-0.05566766548322659,
2011-02-18,-1.0539627926083674,0.19229055205082848,1.2512669362381899,-0.01576789659526142,0.034795922269046514,
2011-02-21,1.4230081489285875,0.0,-0.46651936985207565,0.007884259080835322,0.06955554290299397,
2011-02-22,-2.938160606218956,-2.0742153105926633,-2.1285232210327845,0.0,-0.04868379968881022,
2011-02-23,0.35227036643509047,-0.6130778227341465,-0.36563956451994134,0.06305170448481501,-0.02782995913042676,
2011-02-24,0.5087608098229582,-0.10024910060581212,-1.34422523005339,0.01575671633291921,0.020873195414102562,
2011-02-25,0.20918675896047959,1.050288218445458,1.803597452091859,0.023630420337593046,0.020868839420454716,
2011-02-28,1.3031364540959331,0.5545705724534893,1.4051892915519175,0.023624837689130325,0.01391014051483176,
2011-03-01,0.47221931872107,-1.586485022463909,0.24992288512668848,-0.007874325764926776,0.020861583469841825,
2011-03-02,-0.3568689287746752,0.16139090306173223,-1.497538594373415,0.0,0.03475963745938693,
2011-03-03,-0.6675955681703366,1.7072411809528822,0.31950763442533026,-0.007874945863811126,0.03474755933358077,
2011-03-04,1.5078876249140387,-0.7405430280443107,1.2311873572302745,0.015749271628749333,0.02084274159072141,
2011-03-07,1.9332108140024395,-0.8376200503835498,-0.40952883578457766,0.03149110402343718,0.055559415277384505,
2011-03-08,0.08833977121442095,0.8883205891223348,1.6949302390524879,0.007871226734749458,0.006942756971564828,
2011-03-09,0.041969260604538296,-0.13626868232272332,0.41416831839224755,0.023609963514223925,0.020825379270708835,
2011-03-10,-1.770644966104391,-1.9058975751243539,-0.8232835114790035,0.023604390526208042,0.0,
2011-03-11,-1.0075097077480066,0.7063252133554305,-1.5581775657906078,0.0,0.013881177146122966,
2011-03-14,0.47752143795152907,-0.6067685794074694,0.41248535274351844,0.031463856155118715,0.048568951518498785,
2011-03-15,-1.8234643147889678,-1.1271330419811698,-2.901420776174034,0.023591397113315638,0.03467767139514047,
2011-03-16,1.3711600595713433,-1.9679688509867395,0.09973748670786683,0.03144654113962837,0.020800832108274134,
2011-03-17,-1.585530853021599,1.3309293117774694,-1.8515461927251973,0.0,0.05544774192516956,
2011-03-18,0.5796249845447673,0.3432847380551907,0.07087639857036625,0.03143665539879055,-0.006929286632707727,
2011-03-21,-0.2670178666725081,1.5742733370447488,1.711661879302244,0.2119393234162278,0.07619575750490817,
2011-03-22,0.4930282141024209,-0.35568966767270527,0.7583179522640024,0.007840984831708541,0.05537865294513205,
2011-03-23,1.2936595614109376,0.29097272498432947,-0.14228396583848973,0.01568012547313782,0.0207590908263725,
2011-03-24,-0.416341993368645,0.9297397442382285,0.39299859854048114,0.015677667195237086,0.020754782322251874,
2011-03-25,1.3175876867744483,0.3156139934757779,1.0565287501329244,0.007837911984272916,0.02075047560618821,
2011-03-28,-0.11884488316539546,-0.27515366122545676,-0.3914612220875637,0.031345506094753804,0.06913717089552235,
2011-03-29,-0.9954041462254872,0.7035239293778787,-0.03394860699154495,-0.023508208390992616,-0.02073613278555112,
2011-03-30,-0.058304662386265214,0.6662410865996059,1.6816347675817727,0.05484389215699338,0.034557832876671905,
2011-03-31,-1.0122061280655263,-0.18311366072702207,0.3239325976243864,-0.05484389215700211,-0.05529826642607698,
2011-04-01,1.5222236853007272,0.49506541464152937,1.159460960429032,0.023508208390987,0.04147656633496486,
2011-04-04,0.0,0.034517949676367794,1.4542986949532795,0.0,0.0,
2011-04-05,0.0,0.2001192388772088,0.0,0.0,0.0,
2011-04-06,1.164630050336979,-0.15211407740053193,0.5552538306337779,0.039168070689933415,0.04145937041144159,
2011-04-07,0.40244280587037096,-0.4012508764839378,-0.013383614563641252,0.007831773509110409,0.11047436047280294,
2011-04-08,0.8667309843788791,0.0,0.46949552188961413,0.015661707158096373,-0.06212680971580504,
2011-04-11,-0.5961327910101998,-0.279722571113611,-0.3819373937774162,0.02348796252724571,0.1655857974591696,
2011-04-12,-0.19987400422245352,-0.780715094764831,-1.353391782110521,0.015655577331407447,0.055134391472437205,
2011-04-13,1.3513069565494609,0.019021749525698333,0.6595550125709375,-0.007827482294324395,0.0068896620648242314,
2011-04-14,-0.549276530192617,0.008368423660124306,-0.50273185112369,0.007827482294328302,0.048214348146168574,
2011-04-15,0.16041707102394703,0.39177029836831534,-0.02469697799425004,-0.007827482294324395,-0.041325160723111924,
2011-04-18,0.01470592177969529,-1.1078968252260089,-0.7431723990125473,0.023480609038348827,-0.02755959780431085,
2011-04-19,-1.9121126495021044,0.5714825161644651,-1.3080816611247503,0.007825644641466392,0.013780748316439242,
2011-04-20,-0.001638456392066146,1.342444242333191,1.5837782478644975,0.007825032282240234,0.0,
2011-04-21,0.6535208969465693,0.5262893837745056,1.008493922783125,0.0,0.04133085407048801,
2011-04-22,-0.5266503430639182,0.0,0.0,0.015648227870130895,0.04819774940966495,
2011-04-25,-1.5380981733164731,-0.15939358990673605,0.0,0.007823195779478782,0.041293875328701865,
2011-04-26,-0.5744604129601436,0.8939515038808828,-0.5438921854176506,0.0,0.0,
2011-04-27,-0.6663210203343082,0.623036533863236,-0.47824506155325397,0.02346591586504639,0.006880655041073802,
2011-04-28,-1.498220145609461,0.3549158040161472,-0.36567251393330796,-0.007821360138521067,0.0206391249743725,
2011-04-29,0.9740262660657728,0.22980161282694822,-0.3569385380186951,0.007821360138526735,0.020634866118553752,
2011-05-02,0.0,-0.17542383289275007,0.0,0.0,0.0,
2011-05-03,0.5749365252462705,-0.3385044294317407,-0.3698103173791256,0.04691531871179655,0.041256962697572466,
2011-05-04,-2.5901109758751524,-0.6878877987061037,-1.3547394761089904,-0.01563599409017714,0.0,
2011-05-05,-0.09307538706617914,-0.9111238759396648,-0.23028617736389978,0.007818302650466135,0.02749518851525004,
2011-05-06,-0.1511321672672069,0.38126611430211355,-0.4414843208499807,0.06252442563985915,0.03435835800850265,
2011-05-09,0.2675667133309359,0.4533804653547277,0.7607713537982493,0.046867677783407405,-0.03435835800851031,
2011-05-10,0.7468465299948103,0.8041619839871084,0.0,0.007809144512188186,0.10303967938964016,
2011-05-11,-0.2583553268284632,-1.1173631758988236,-0.18958652666015754,0.015616459780319012,0.02745932604609383,
2011-05-12,-1.3921842197379386,0.48834428253912787,-0.9405326165315074,0.015614021422914945,0.020589547445864574,
2011-05-13,0.8504479082066171,-0.8100043542688503,0.8738345524900946,0.015611583826901127,0.006862240524206488,
2011-05-16,-0.8872098521407242,-0.6223682001732073,-1.3653376559091737,0.023412806912272537,0.027444254031628767,
2011-05-17,0.5007658669974615,-0.03686358634158104,-0.25969390791383257,0.0078030509968940055,0.04115226395525826,
2011-05-18,0.7465895812859614,0.8765217224823568,0.47943754765150226,0.007802442168340527,-0.027432960874339312,
2011-05-19,-0.5987221116854661,0.21756308222586782,0.6594136837778369,0.01560305823107945,0.006858945782731999,
2011-05-20,0.03066209482654289,-0.7718007432380335,0.15534018886784684,0.007800616252624092,0.04114379815292508,
2011-05-23,-3.210130966072241,-1.1997246485370225,-2.127571597954624,0.015599407254167271,-0.04800274393566154,
2011-05-24,0.10722074662355421,-0.08277486091439203,0.08696839141694852,0.023394549176760322,0.020575426155375838,
2011-05-25,-1.1927210754931354,0.317815760069947,0.07256246517103773,0.007796966983796827,0.05484711504557411,
2011-05-26,-0.40082322503255724,0.3945344779678825,0.6725829972272137,0.0155921104237337,-0.00685424449359591,
2011-05-27,-0.50736524022104,0.40725894613520325,0.9443155029333187,0.0077951436294649385,0.034266525367004905,
2011-05-30,-0.29747492877735987,0.0,0.2861625294484401,0.023381785695547788,0.041104337086249734,
2011-05-31,1.5799358271708543,1.0537032813141154,2.1329015486575535,0.0077927138165397244,0.013697691960321464,
2011-06-01,0.08715012501020997,-2.304829914304651,-0.24392029436215418,0.007792106599952547,0.020543020581034438,
2011-06-02,-1.626512104091751,-0.12255043417858898,-1.5895720962459927,-0.015584820416493611,-0.020543020581026878,
2011-06-03,1.03143699718928,-0.9781563581920035,-1.3171515476586462,0.015584820416489323,0.0,
2011-06-06,0.0,-1.0818523892467404,0.0,0.0,0.0,
2011-06-07,0.598037608785478,-0.09567852747120464,-0.3530912653774433,0.03895142806228305,0.06846032991419113,
2011-06-08,0.14601907760575542,-0.41957558140942136,-0.9094665621443421,0.007788465286874823,-0.04791730933317778,
2011-06-09,-1.9046833513451205,0.7350455121099007,-0.22884184696394388,0.007787858732169673,0.006846735821361698,
2011-06-10,0.3396453715654546,-1.407846751476718,-0.8414846834568723,0.0,-0.020541613958365314,
2011-06-13,-0.3918628624935561,0.06685517452423052,0.39044352264724014,0.02335993781305353,-0.006848142444035852,
2011-06-14,1.4539851063374953,1.2525117934662113,-0.05368402282690557,-0.031147796545232653,0.027389756402394955,
2011-06-15,-1.0220550776413135,-1.7577843237479334,-0.678998062947873,0.007787858732169673,-0.06848846237167779,
2011-06-16,-1.548860974322846,0.1752821147853282,-1.7638719864856074,0.0,-0.006851426812324258,
2011-06-17,-0.8751229526528638,0.30404018474758765,-1.181501162723086,0.046714420033581186,0.034252440821277125,
2011-06-20,-0.5986090831196239,0.5372877995728994,-0.4423174259067308,0.015566625187114748,0.0616248436086292,
2011-06-21,1.1817974050427498,1.3341975079900932,1.1557294217752134,0.015564202366046364,-0.01369112817034782,
2011-06-22,-0.016879653439939666,-0.6489456149024326,0.04291869124524776,-0.007781798377518903,-0.027387881033904073,
2011-06-23,1.672225664170529,-0.28319814775847074,-0.46232112299247724,0.00778179837751333,-0.020545834404365877,
2011-06-24,2.3339353390323576,-1.1795038682533874,1.8794077310596191,0.0,0.0,
2011-06-27,0.29752851823196974,0.913470531319359,-0.5888686868395407,0.015561780299065233,0.05477951383219629,
2011-06-28,0.17251751293722048,1.2869051693310678,0.0907410009988042,0.01555935898581619,-0.05477951383220267,
2011-06-29,-1.3759127126947077,0.824864128276027,-0.0027196724790744036,-0.015559358985812543,-0.05480953823152442,
2011-06-30,1.4533057002182346,1.0068386646291336,1.5156630959582422,0.01555935898581619,0.006852835363323578,
2011-07-01,0.18563031497573665,1.430684739491854,0.0,0.023334500164227695,-0.03426887391750036,
2011-07-04,2.340943535609684,0.0,1.6488387222294096,0.03887873770832864,0.07537602714091034,
2011-07-05,0.01665470947786933,-0.1337043391655041,-0.09894896104665413,-0.031101780827641923,-0.04110715322342171,
2011-07-06,-0.28183794319741307,0.10010833453429403,-1.0180026278243526,0.007776352117139172,-0.08912351050965688,
2011-07-07,-0.3871683404651512,1.0399582665769433,0.056073859130910016,0.023325428710501996,-0.020578248863647407,
2011-07-08,0.24160905335997282,-0.6985516092543226,0.8672820616620674,0.007773934003199616,0.08228759978827464,
2011-07-11,0.12930726640686485,-1.8256123199656975,-1.6826188357866114,0.05440062306302021,0.04111842163196083,
2011-07-12,-1.8250097171331434,-0.44433883819261905,-3.1089254043350456,-0.023310929046078427,-0.006851896264968727,
2011-07-13,1.6012278860259732,0.310106049315579,1.2100159471325493,0.054383717301987135,-0.04112123969945682,
2011-07-14,0.3053043905434652,-0.6738800871784166,0.06072891293137683,0.0077666886761846325,-0.03428062150055815,
2011-07-15,0.420970049198393,0.5539040679880189,-0.29587670544503586,0.015531567943009708,-0.1578423962888306,
2011-07-18,-0.2012001339702541,-0.8163061525228132,-0.3233967552626331,-0.023298256619195094,-0.0412172843645202,
2011-07-19,-0.8837695082152963,1.617711948389583,0.4468383890368955,0.0077666886761846325,-0.054982819254569645,
2011-07-20,-0.11502109341357038,-0.06710473490973827,0.4613946707285909,0.038824397738927235,-0.03437962010004134,
2011-07-21,-1.0544578286406974,1.3455200670761065,-0.07456074295125173,-0.015527950341772463,0.0343796201000329,
2011-07-22,0.28874904918525196,0.09074613278100097,2.0594402386782953,0.015527950341777839,-0.027502750448402564,
2011-07-25,-3.303530178199295,-0.5659020861895794,-0.6773225197124165,0.015525539543685882,-0.05502820334208387,
2011-07-26,0.3187662416442281,-0.4113335911232914,1.2428007988140402,0.023283790706303337,0.006880181639510592,
2011-07-27,0.7456266902333364,-2.0517780024378287,-0.1347260696535584,0.0,-0.03440564286476151,
2011-07-28,-0.6370136239713237,-0.3239229716375921,0.1287893559064096,0.0,-0.03441748442166385,
2011-07-29,-0.2997777682627739,-0.32111903212575393,-0.5798155764810643,0.015519515822240868,-0.05509262586837696,
2011-08-01,0.18965349057502495,-0.740101851596056,0.9893743341531323,0.007758854796920031,-0.03444831065102555,
2011-08-02,-0.7191681159344423,-2.588899365648244,-1.0731428801972969,0.007758252845373329,-0.034460181601572354,
2011-08-03,-0.051190501676709445,0.5003212008481522,-1.9307046447047571,0.02327114776044566,0.013785497678297193,
2011-08-04,0.18389981208861436,-4.900163740665529,-0.4921899215923793,0.015511090460733274,-0.03446730809981874,
2011-08-05,-2.1474004341875403,-0.05751318168909164,-4.383520910665238,0.023262125487753037,0.04135934435464597,
2011-08-08,-3.6382254992374254,-6.895833042745466,-2.198960087043028,0.01550507794409308,-0.006892036254830007,
2011-08-09,0.15353841395390444,4.631738118329726,-5.827027460714969,0.031002945528129853,0.006892036254841564,
2011-08-10,0.9224032061348175,-4.515678075483553,2.316234422967141,-0.03875518399085974,-0.006892036254830007,
2011-08-11,1.5042866358312874,4.525059058532175,-0.957527362859077,0.015503876000023033,0.01378359754078059,
2011-08-12,0.2939944708398454,0.5247837853274869,0.12683875152460514,0.015501472670950053,0.08954710431334642,
2011-08-15,1.4678730627839598,2.1550785789564535,3.2103470821429148,0.10070104263197607,0.013769363188691219,
2011-08-16,-0.6982102365826927,-0.9786291472722999,-0.23729891759569224,0.007742035384951673,-0.04131377873263841,
2011-08-17,-0.40002861287299063,0.09469340577277266,0.3799900427006592,0.007741436040260836,-0.10335918232825482,
2011-08-18,-1.8097201623357044,-4.561860806650028,-1.3534903051351914,0.01548107441747452,0.0,
2011-08-19,-0.9425942338378601,-1.5122760800306434,-3.12765004927702,0.007739638562767312,0.020680384728854775,
2011-08-22,-1.0698253357832537,0.0258081742149381,0.4471963096229756,-0.054190053580813774,0.006892511289218743,
2011-08-23,1.5437927945500078,3.3710221597341987,1.9748421405843604,0.12381985794910035,-0.01378549767830257,
2011-08-24,-0.3902318192348318,1.303465109654281,-2.0779390089072836,0.023199164934125296,-0.013787398339767129,
2011-08-25,3.2842788631025766,-1.5687972317898855,1.4569116321739028,0.0,-0.027580500760935676,
2011-08-26,-0.0903006459407567,1.5008393630514818,-0.8623337932131445,0.015463120488506395,-0.006896313922940952,
2011-08-29,-1.6825836534188578,2.788758282049167,1.4309211476480095,0.015460729777251709,-0.006896789547196601,
2011-08-30,-0.3887582296948551,0.23442024767237163,1.6924092117290137,-0.007730066095908127,0.020688941834426905,
2011-08-31,0.17705852688621498,0.4909932925226356,1.6234424034125945,0.015459534698782768,0.08960265271922638,
2011-09-01,-0.4309223326213076,-1.194248526115398,0.24552434040276291,0.007728871202193212,-0.006889662064813898,
2011-09-02,-1.088300321962753,-2.5606955849665676,-1.8257177009046124,0.015455950571743217,-0.07581762778320877,
2011-09-05,-2.164488266552589,0.0,-2.995555811189964,-0.03091429037680865,-0.0689750337733644,
2011-09-06,-0.7504534846721713,-0.7464093032212225,0.4785537613432108,0.015458339805078701,-0.006900120754861849,
2011-09-07,2.0278054155352674,2.8243820652058065,1.6977909477254631,-0.007728871202206014,-0.06902740662017066,
2011-09-08,-0.8305084866795088,-1.066891504794603,-0.6765652739075911,0.023184821773933027,0.11731825644278462,
2011-09-09,-0.18194368761154972,-2.7068525002559385,-0.23223056507292386,0.01545356207682349,-0.020693223043321277,
2011-09-12,0.0,0.694153445616869,-4.299638261041791,0.0,0.0,
2011-09-13,-1.126309522997985,0.9078747147885844,0.0,0.04634636264019393,-0.013797861353391047,
2011-09-14,0.4703504166085194,1.3389711169736476,0.0782645686890285,0.03860556740220902,-0.11045148161399787,
2011-09-15,-0.1485493463681891,1.7041104018524895,0.7118570022013898,-0.023161551927514745,0.06214396885648971,
2011-09-16,0.18070536368905676,0.5690455416002148,1.4173767654319647,-0.007721709590337107,-0.0759589858018678,
2011-09-19,-2.021661399393478,-0.9850912270881551,-2.800883371474385,0.061756988221877675,0.027628125607445316,
2011-09-20,0.3939201777062486,-0.16623864054958565,0.5106416510842876,0.007716942551181821,-0.006906315828580426,
2011-09-21,2.9728664423235314,-2.9831031890565054,-1.007594090430637,0.023147255224691046,-0.1451429221179143,
2011-09-22,-3.127530206034362,-3.240250026243683,-4.967359454069173,0.0,-0.13150155890236098,
2011-09-23,-0.6053985818186346,0.6063593439679295,-1.3666017650349476,-0.03086419777586312,-0.020779220853971908,
2011-09-26,-2.2180681041391224,2.30681105462693,-1.4883688580519934,0.10798304173058874,0.055401663466904644,
2011-09-27,1.0272918522195111,1.0631619216616885,4.067997912858131,0.007708614380367482,-0.05540166346690781,
2011-09-28,-1.039893573309531,-2.0908242602619342,-0.6612347118614357,0.0,-0.16638938946953807,
2011-09-29,-0.8619391573111612,0.8081516300173678,0.0,0.007708020198836639,-0.2779323634574538,
2011-09-30,-0.26439525640524336,-2.529129228036273,-2.3518454617830016,0.023120496422977446,0.2362917215898854,
2011-10-03,0.0,-2.886354629481778,-4.477108863404884,0.0,0.0,
2011-10-04,0.0,2.2239331806361013,-3.458694637270527,0.0,0.0,
2011-10-05,0.0,1.7707849893700365,0.0,0.0,0.0,
2011-10-06,0.0,1.813821922314528,5.518693182084089,0.0,0.0,
2011-10-07,0.0,-0.819680252892006,3.0664150529155982,0.0,0.0,
2011-10-10,-0.9446140665494077,3.3555597853170505,0.02286968215746848,0.13091527032455505,0.17338839867695918,
2011-10-11,-0.1991750242915554,0.054383522296828565,2.401778925059115,0.02308491411121646,0.05542085351411,
2011-10-12,3.570455335814376,0.9747079611157515,1.0302509071371282,0.038463018282573404,-0.04156276036554685,
2011-10-13,0.6723896847613025,-0.2978130791599371,2.3100597507964413,0.030759766468309455,0.020783539511589712,
2011-10-14,-0.33176722178175017,1.7231013084970264,-1.3742714863423442,0.038436407437881334,0.11769186861626316,
2011-10-17,0.4950079957144707,-1.9559961287189291,1.9917299609203192,0.023054755145328596,0.06916586248899113,
2011-10-18,-2.8425464372250064,2.02130331972888,-4.317424443638203,0.06145337418780723,0.027652955585828032,
2011-10-19,-0.3527535448393494,-1.2729818838075795,1.279421877349321,-0.015359803424724906,0.05528298116057685,
2011-10-20,-2.4512882153413065,0.4543831804408512,-1.797233013168958,0.023038820514295726,0.2139333482161622,
2011-10-21,-0.5033411847805256,1.8634079544892792,0.23671989197219437,0.007678427461853347,0.2684935005944327,
2011-10-24,2.7060900987730356,1.2790853398772921,4.055718224224825,0.015355086402513296,0.020623517757758815,
2011-10-25,1.874530820677715,-2.024843264612944,1.0407083644748476,-0.030712530953935297,-0.013748539239354235,
2011-10-26,0.9940054293505536,1.04814702724337,0.5171073557185707,0.015357444551415009,0.02749518851525004,
2011-10-27,0.2194710748666737,3.3716617775602886,3.21099007703513,-0.015357444551420223,-0.020620682617664705,
2011-10-28,1.9208285719133529,0.03891535181890043,1.66489440192528,-0.007679606807894531,-0.04813146859515956,
2011-10-31,-0.5073725931685911,-2.504868216973945,-0.7740966056556087,0.023037051359311913,0.03438198417916375,
2011-11-01,0.08259098039759985,-2.834004470968389,-2.5229432704252783,0.04605818765691834,0.1374098464233098,
2011-11-02,1.6491780639675355,1.597636762997209,1.8604928509790415,0.046036983856146345,0.02745932604609383,
2011-11-03,0.0696594751654569,1.860760756451947,-2.5206966451182202,-0.007671358985016433,0.03431355762317957,
2011-11-04,0.7060608154305453,-0.6299784593889073,3.071934254362284,0.015342129517682138,0.027442371193074595,
2011-11-07,-0.999936695225724,0.6188768639196299,-0.8345046540992438,0.03067719941229634,0.17134440983132634,
2011-11-08,-0.31252095822014586,1.1746662354220356,0.0029474270488677855,0.0,0.10266589998656349,
2011-11-09,0.8739756077538643,-3.7198478539239908,1.6928368698538883,0.030667791392691948,0.12306010987604592,
2011-11-10,-1.9103016648384825,0.8408243881529486,-5.391686883898158,0.0153303694919458,0.2933653818135719,
2011-11-11,-0.1700222298543771,1.929320293467885,0.9095872644503655,0.02299114850914147,0.0612932903038429,
2011-11-14,2.0272871779745363,-0.9596079408942322,1.9201347585523763,0.01532449623718271,-0.061293290303844616,
2011-11-15,-0.20073256814122983,0.4805575097530124,-0.8222068718266785,0.10720576874843431,0.013623978222707651,
2011-11-16,-2.7542575412740757,-1.6747694761230163,-2.023283201605311,0.007653158845029186,0.03405182720954395,
2011-11-17,-0.30378110329693614,-1.6926064888407293,-0.7593270390101872,0.015304560788986519,-0.04767580543226303,
2011-11-18,-2.10776991853724,-0.041944066968800715,-1.7489128033539247,0.007651402123158734,-0.040883074976636014,
2011-11-21,0.1223883828608462,-1.8824534649997566,-1.4455649592107371,0.015301048151653127,0.04769529610397514,
2011-11-22,-0.00812390955163611,-0.4149488108607474,0.1411283482187543,0.0,0.013623050221989662,
2011-11-23,-0.9806208798816839,-2.2342971201496673,-2.144061451616846,0.16815719012525013,0.02043109619937811,
2011-11-24,0.1896026144244728,0.0,0.39481016537031566,0.01527300499342422,0.027234969869437343,
2011-11-25,-0.7343476006117806,-0.26891236049403244,-1.3789574057541387,-0.10696005298129324,0.05444769752697085,
2011-11-28,0.13018895956099027,2.88210760216857,1.9499997768338995,0.0,0.006803878213191367,
2011-11-29,1.360451250338567,0.22112969383296607,1.2034637992586246,0.04585403213701498,-0.013608219385485436,
2011-11-30,-3.393990082454016,4.240342063777991,-1.472483223637377,-0.038210233165205915,-0.07487832622412344,
2011-12-01,2.432691261235916,-0.1910465594686547,0.07168339586120392,-0.038224838965494334,0.1293000962747725,
2011-12-02,-1.0232491082552353,-0.024107422792193238,5.606576226240321,-0.04588910214371622,0.06798558967414373,
2011-12-05,-1.4147962098202147,1.0234521802755792,0.7289394308508557,0.038242380671825366,0.0,
2011-12-06,-0.2002491475528933,0.11051262280358551,-1.245808559581985,0.11463947145686415,-0.01359342080525622,
2011-12-07,0.4712799845269431,0.20162897586126602,1.5627769253931105,0.015275337996555716,0.013593420805254672,
2011-12-08,-0.12772033243178454,-2.136847142775983,-0.6924438314230934,0.03054367769621728,-0.020390824199775386,
2011-12-09,-0.8567284290861001,1.6742439809384415,-2.7676168034685564,0.007634461965025784,0.09512162695755459,
2011-12-12,-1.0346692779460498,-1.5026409891996106,-0.05688623632996491,0.022899889417284987,0.04073872951508513,
2011-12-13,-2.2763564505433305,-0.8723960779886827,-0.6941150413532622,0.05341269059875135,-0.020367290202459223,
2011-12-14,-1.0145731473373256,-1.141322310898112,-0.5040008929646632,0.022882422585631126,0.04751722588811643,
2011-12-15,-2.3930560899633213,0.3237808535543156,-1.8009203852956341,0.007626310775857311,-0.027149935685675062,
2011-12-16,2.0859714564136893,0.3210961077953536,1.4240621927061112,-0.022880677367875052,0.05429250218194011,
2011-12-19,-0.23964638824638826,-1.1802150179861204,-1.1837654323386508,0.015254366592024199,0.013568521052025153,
2011-12-20,-0.3080976613049199,2.938923633991441,0.05526908410887621,0.022877187730834615,0.04069452036626138,
2011-12-21,-1.6100238772184001,0.19476710569789915,1.8426870104915223,0.03049477800561239,0.061010746562533615,
2011-12-22,0.0951619395027475,0.8231553613984919,-0.2077474990740416,0.022864982379265104,0.03387878204304972,
2011-12-23,0.7583920085896665,0.8994515513423386,1.3561819858936206,0.0,0.02709476410261706,
2011-12-26,-0.9992711260173883,0.0,0.0,0.030478512884508636,0.04739817944306747,
2011-12-27,-1.321662762016881,0.007902764391107807,0.0,0.007618176973945327,0.020306630184504133,
2011-12-28,0.12542916035890664,-1.2556475533817963,-0.5949219438454645,0.015234613070279134,0.12175326179368051,
2011-12-29,0.1486376207268139,1.0650168721478699,-0.6541797637623152,0.015232292489477032,0.006759725557702098,
2011-12-30,1.4765241233134665,-0.4300535862919215,0.19803271594253008,0.060905978281705145,0.36434828781687256,
2012-01-03,0.0,1.5355418375209207,2.3748027197416812,0.0,0.0,
2012-01-04,-2.023496776646244,0.018791399857992466,-0.7983082823133598,0.03804740752820607,-0.06063260198554134,
2012-01-05,-0.9778143619124284,0.2939385158613289,0.4587027151733594,0.007607744687759608,-0.06066938741484959,
2012-01-06,0.6225570174707662,-0.25401851188711094,-1.1781520618585042,0.015213753262271418,0.0067428609984780665,
2012-01-09,3.347216896712299,0.2259128343552906,1.4558125790050003,0.06843326123432764,0.04044762088312212,
2012-01-10,3.27190003961682,0.8846519498231472,0.7317698352708824,0.015201033699565653,0.006739679867746634,
2012-01-11,-0.48089805530307494,0.03095304447903228,0.7739799022230169,0.0,0.020216314634707695,
2012-01-12,-0.015972646978719647,0.23338676271165534,-0.2957595001650024,0.0075996504197276184,0.06735821351269054,
2012-01-13,-1.6931578028984924,-0.49601779332832635,0.5694039896217012,0.015197568418308063,0.006733326602555171,
2012-01-16,-2.0542990190358346,0.0,-1.0059582504978783,0.04557885220197853,0.0,
2012-01-17,4.784350637943906,0.35465972840967364,3.1863502871863862,-0.01519064259338243,-0.006733326602568432,
2012-01-18,-1.57339522803569,1.104669323633066,0.3010074594346048,0.015190642593366775,-0.013468013488357978,
2012-01-19,1.8878234454885698,0.49265315806270227,1.2921241588149623,-0.007595032852163492,0.04039860006465036,
2012-01-20,1.4373886472678008,0.06692320811931822,0.8359904999291219,0.015189488902912336,0.11437415045719114,
2012-01-23,0.0,0.04712356341335194,0.0,0.0,0.0,
2012-01-24,0.0,-0.10415756863237843,0.0,0.0,0.0,
2012-01-25,0.0,0.8656882391948185,0.0,0.0,0.0,
2012-01-26,0.0,-0.5755335397523469,1.6216087664491983,0.0,0.0,
2012-01-27,0.0,-0.16168397727432415,0.305465615467223,0.0,0.0,
2012-01-30,-1.7469807648189346,-0.25101369413741237,-1.67855659430777,0.09108851396471221,0.11424348542703579,
2012-01-31,0.14375695371958136,-0.04723053922994167,1.1347835387594933,-0.015175658273314343,0.006716142250423661,
2012-02-01,-1.4414379720345512,0.8860356545338346,-0.2805236903285819,-0.015177961628905145,0.013430931455263022,
2012-02-02,2.329354476373547,0.11020449330580387,1.9774304863244434,0.01517796162891301,-0.040298207275129234,
2012-02-03,0.7953045007460752,1.4499737264160701,0.08448920084355892,0.007588117012399191,0.047012996601164675,
2012-02-06,-0.07057304163330824,-0.04239131710832324,-0.2268797401782957,0.015174506857651784,0.013428226151485744,
2012-02-07,-1.8688742652748003,0.20212685879011624,-0.05192091812359984,0.015172204550439026,-0.01342822615149739,
2012-02-08,2.8192529790963285,0.21579461175579256,1.5306530135458454,0.007585239128298017,0.0,
2012-02-09,0.03934776095772333,0.14730323066491183,-0.04021083857612902,0.0,-0.03357845637809651,
2012-02-10,0.17353849171987018,-0.6910169670604591,-1.082226686579664,0.0075846638133984364,0.020148426811838094,
2012-02-13,-0.0648688580184848,0.6777019788023537,0.49693824028621936,0.03791469239733482,0.03357169266433702,
2012-02-14,-0.3907337016065405,-0.09399505552771627,0.14557989693786277,0.007581213755949208,0.020137607049097585,
2012-02-15,1.0844566357668464,-0.5397732995705936,2.116292898127829,0.007580639051491832,0.05368046830909554,
2012-02-16,-0.532201368594835,1.096532252888617,-0.41249975533883415,0.007580064434199257,0.046946783330971915,
2012-02-17,0.03989623877121493,0.20890655354769663,1.0023254957727084,0.0075794899039604725,0.01340931949712886,
2012-02-20,0.14258168169450114,0.0,-0.31144289104821904,0.030312216055073227,0.15407807436057444,
2012-02-21,0.8523007668265229,0.09768315448678681,0.25140147463154777,0.007576618558773258,0.06022685630571998,
2012-02-22,1.3575201462141369,-0.334575126341362,0.32797277702369665,0.0,-0.026763013675057467,
2012-02-23,0.33745044255512924,0.4262957005584894,-0.7840195835991619,0.01515151518048454,-0.05354752470652093,
2012-02-24,1.5896349273133201,0.16708196763969796,0.12092219240881222,0.0,0.020083682075858998,
2012-02-27,0.3225888304178132,0.13536603940939737,-0.8868151562902552,0.030296145047325748,0.03346384263067013,
2012-02-28,0.22146879274591436,0.33506493568948886,1.6401300752339907,0.0,0.05351886667750194,
2012-02-29,-1.0693742324779492,-0.47482429432547935,0.5149286005249801,-0.015146925203154615,0.0,
2012-03-01,-0.030299072578998706,0.6139220748028996,-1.3565719724394532,0.015146925203152143,0.03343475239276648,
2012-03-02,1.7537266179048823,-0.32510634673347416,0.8116417417708833,0.01514463125717031,-0.006686056232212721,
2012-03-05,-0.6452272886149482,-0.3877164727582936,-1.3867457750532364,0.02271264725666856,0.08020318569211311,
2012-03-06,-1.5764130567415577,-1.5489527433395318,-2.182368420312176,0.015138899430927475,0.020040749591098517,
2012-03-07,-0.6909217029153285,0.6876907208801029,-0.8614711324735473,0.030270925007899702,0.02003673407940218,
2012-03-08,1.25167798275884,0.9770027761206329,1.3145375573991365,-0.015134317092836908,0.07343369601329905,
2012-03-09,1.0758782917648142,0.36247016059477616,0.8825226564303857,0.0,0.12004803362498619,
2012-03-12,-0.3722715696663075,0.016046915379674783,0.2282321909291095,0.03783149895688308,0.0866118179331232,
2012-03-13,0.9997693609454416,1.796914314001119,0.9677552603900729,0.03781719214604659,-0.07994670645668092,
2012-03-14,-2.8743722172795265,-0.11970340792054288,-0.14917610068486953,0.0075617225640056745,-0.053333334597521785,
2012-03-15,-0.753666113080521,0.5949504120039123,0.21396389249053197,0.015121729954734956,0.04666822312106274,
2012-03-16,1.4580223293864694,0.11187237741202927,-0.16723156511620965,-0.007560579143974655,0.04664645404941662,
2012-03-19,0.24718616238150778,0.3966002810361202,-0.9547327331151595,0.02268002277723135,0.05994205780730821,
2012-03-20,-1.7478004427653275,-0.30050426304927036,-1.0811101422240672,0.0075588646621372975,0.0599061488278742,
2012-03-21,0.12946041800876262,-0.18729464492867856,-0.15144378718400467,0.015116015447104577,0.01330760531607888,
2012-03-22,-0.15647179855515664,-0.7232644820101418,0.2151914023966949,-0.007557722106147065,0.059862318459282686,
2012-03-23,-1.1995034689575053,0.3104067527188104,-1.1198480477562356,0.01511487306385518,0.013297872360020495,
2012-03-26,0.09795666025236534,1.3790282585130287,0.00029029219362018325,0.0377771905818521,0.006648273113493721,
2012-03-27,-0.3252863918083682,-0.28207566873393647,1.812553622607093,0.0,0.0066478311475476,
2012-03-28,-2.8772347740999358,-0.49537726478604227,-0.7702448130205611,0.01510688121312562,0.0,
2012-03-29,-1.2923261535189587,-0.16092170290043856,-1.330451069233098,0.022656043596519133,0.006647389240326417,
2012-03-30,0.4808890241862563,0.3691655299544058,-0.2614360250899435,0.02265091179603868,0.1461308795412944,
2012-04-02,0.0,0.7377914678198886,0.0,0.0,0.0,
2012-04-03,0.0,-0.39474525256184584,1.138680187550903,0.0,0.0,
2012-04-04,0.0,-1.0205367582245235,0.0,0.0,0.0,
2012-04-05,2.3324784088390382,-0.0629236642333092,-0.9568026582885738,0.03019323694435441,0.09951239750449627,
2012-04-06,0.27810349712741583,0.0,0.0,0.015093200541836427,-0.006631079873780364,
2012-04-09,-0.984419440482666,-1.142343410577706,0.0,0.022635530333951565,0.06629101999474445,
2012-04-10,0.9827526474836316,-1.722903544536177,-1.1563713430541254,0.015087507572359698,0.033129037904443256,
2012-04-11,0.009841613524612516,0.7421293181564509,-1.06463449255029,0.0,0.02649533035306755,
2012-04-12,1.9802347188097202,1.3685325404961968,0.9224640194097864,0.030168187874956964,0.07282598223155107,
2012-04-13,0.3889818121372039,-1.2553512960530442,1.8218146493888328,-0.007541193774559908,0.01985243033353326,
2012-04-16,-0.2487149400119285,-0.050368089595887164,-0.43764932479681384,0.022621875449939453,0.07937033289215298,
2012-04-17,-1.2573058087519033,1.5367918875513487,-0.23476589458648767,0.015078407748722461,0.03305238833595139,
2012-04-18,2.257091482859278,-0.40635232720984615,1.0566326625347287,0.015076134507658708,-0.08595894336940128,
2012-04-19,-0.14826895281322536,-0.5952096817443118,1.0258675453257653,0.0,-0.046316208192252316,
2012-04-20,1.1787851928679327,0.11685932847406633,0.07441856379483247,0.01507386195198046,0.21155633964665765,
2012-04-23,-0.7950161855748721,-0.8443048985726151,-1.8554620052075748,0.037674716943391334,0.07261924729104677,
2012-04-24,-0.04498259878754881,0.36729981305998566,0.2555353429347412,0.0,0.026393929549468502,
2012-04-25,0.8076733457314298,1.3552363677729873,-0.1494067206026001,0.015065913399472936,-0.03959350718214375,
2012-04-26,0.20911178510508746,0.6657923951737078,0.7884062451441871,0.015063643923945045,0.10554786915614355,
2012-04-27,-0.20275248099358884,0.24114104160489724,-0.32855911318078784,0.02259121211460699,0.07908785754623171,
2012-04-30,0.0,-0.38910971640511405,1.6864481673679754,0.0,0.0,
2012-05-01,0.0,0.5642498376375206,0.0,0.0,0.0,
2012-05-02,2.159550736205727,-0.24998855665210462,1.0134677716530869,0.03764068249359146,0.05927487248338382,
2012-05-03,0.29882785137031986,-0.7688270722404974,-0.2798495480195408,0.0,0.019750485596972886,
2012-05-04,0.9010311176904007,-1.6279016486759132,-0.7725464324010312,0.03010234821043716,0.006582628445900219,
2012-05-07,0.06989767949342922,0.035053383740709244,-2.6398218353283007,0.015047776719383843,-0.0065826284459072565,
2012-05-08,-0.3192252273887327,-0.4287863738619395,-0.2530387928855678,0.007523039311442312,0.07896295731733842,
2012-05-09,-1.9231283085850315,-0.6724816572818403,-0.7551599157281336,-0.007523039311447267,0.059181326731443044,
2012-05-10,-0.011289383024631673,0.251422215559892,-0.5096919356916405,0.01504551270423162,0.019719328292116596,
2012-05-11,-0.7667773784339937,-0.339310934903185,-1.3069980446719993,0.015043249370225121,0.045996649626528954,
2012-05-14,-0.8142148544095463,-1.1175044036911441,-1.1566471943105237,0.02256063179337917,0.11161814625238942,
2012-05-15,0.07032418975569366,-0.5762452204680382,0.8038025227933652,0.030072927074248558,0.0787143366323109,
2012-05-16,-1.645908772836463,-0.4413555099659481,-3.241218144909771,0.022548761792705437,0.08520400318839645,
2012-05-17,1.5146989398851447,-1.5165749322566031,-0.3062864386754089,0.0075151241909483454,0.0785854657339038,
2012-05-18,-1.54076416174345,-0.741519043358835,-1.3057163267469818,0.01502855428137441,0.09814506627446638,
2012-05-21,0.5136406713332378,1.5908669197356162,-0.15593744224035233,0.015026296046315906,0.10458200835557709,
2012-05-22,1.5454146637088793,0.04862076658294832,0.6155207838749828,0.022535211362962285,0.08489242028751856,
2012-05-23,-0.40637734940030207,0.1692285330010667,-1.3375360073758882,0.0075106087383938515,0.09786332537697179,
2012-05-24,-0.8291860700432119,0.13790283825421373,-0.6396909185083492,0.015019525411211017,0.11730971105471798,
2012-05-25,-0.8574140686633567,-0.2167899276191806,0.25152629071279675,0.01501726988857103,0.03907267567291503,
2012-05-28,1.6032597599444895,0.0,0.46691488660648567,0.05254269214517576,0.13663426440068346,
2012-05-29,1.3736691043196683,1.1017981539835837,1.3444146656037765,0.00750384572447388,0.019503949611604465,
2012-05-30,-0.32479976078151807,-1.4438555426152218,-1.9353282281213784,0.01500600242911566,0.0584890349736544,
2012-05-31,-0.3873883842760396,-0.22792684195200047,-0.32529730124825595,0.0075021568736353215,0.038973693250724174,
2012-06-01,0.03631501415019274,-2.4951359516333107,-0.3828135683328693,0.0,0.025974026120062815,
2012-06-04,-2.849640357918984,0.010953673794903052,-2.0289761468027345,0.05999700194970884,0.05192782149659229,
2012-06-05,-0.0071904941697955235,0.5710556615777151,0.4030229943713022,0.007497094879249115,0.0,
2012-06-06,-0.05633039861882846,2.2787772335250183,1.4220094340534213,-0.007497094879237249,0.06487188031589058,
2012-06-07,-0.5967954319669473,-0.010645902098176339,0.8482040335468051,0.007497094879249115,0.08427057835112194,
2012-06-08,-0.7048269260065554,0.8081387590454859,-0.9464676282581183,0.022487912841659893,0.2135992268149084,
2012-06-11,1.3354009513459146,-1.2700439066485179,2.4098259339995676,0.022482856916374132,0.09693993714848435,
2012-06-12,-0.7095137035507757,1.1583390373813107,-0.4286454656393985,0.007493162492750268,0.08393866513822255,
2012-06-13,1.5801722867231547,-0.7047993222950365,0.8124780175862113,0.014984640771258396,0.032265350520306386,
2012-06-14,-0.7864182086895847,1.075661473224191,-1.1530216874145631,0.0,-0.006452237315539243,
2012-06-15,0.29767155484736335,1.0284752736562524,2.2372848252153807,0.00749147844679403,0.02580645175614027,
2012-06-18,0.5110642425194132,0.14436567200249711,1.0029117926777646,0.022471068593863733,0.019350469309249118,
2012-06-19,-0.8790614588551963,0.9767870585814924,-0.05735692847688203,0.029953572187412437,-0.006449740400198708,
2012-06-20,-0.2351684591824043,-0.16877516747354984,0.5248689863520906,0.007486991356025257,-0.04515983432125037,
2012-06-21,-1.596386449783261,-2.251325877143495,-1.3087053711193954,0.022457611353135898,0.08385203832495636,
2012-06-22,0.0,0.7148981972021055,-1.4110981081371416,0.0,0.0,
2012-06-25,-2.240799229280405,-1.6083465459972661,-0.5155638194392197,0.029935638601038612,-0.012895737976465954,
2012-06-26,-0.06527626690295117,0.47613532585773716,0.44557403066713513,0.007482509637244417,0.04512780916607472,
2012-06-27,-0.31496667280510077,0.8944792352300871,1.0226304363256982,0.007481949799591595,0.038664776870402325,
2012-06-28,-0.8810372931669936,-0.2112076068222122,-0.7940941498125391,0.022442491210707526,0.00644267628995473,
2012-06-29,1.4684322122498101,2.461479803416528,2.1639803592999827,0.014958863154310146,0.1737955443732198,
2012-07-02,0.14719346660327662,0.24563100993451856,0.0,-0.0074791518676747696,0.04500884178216519,
2012-07-03,0.14118482048836842,0.6212764505379634,1.5012665501205875,0.03739016682184791,0.02571024567446549,
2012-07-04,-0.1541255848674784,0.0,-0.1307127426683358,0.02242739141461459,0.0385529786950849,
2012-07-05,-1.41154377781309,-0.46979952180121604,0.5029505365148368,0.014948800386621127,0.02569373087104817,
2012-07-06,1.7232381494743803,-0.9477490437645376,-0.04286821221137379,-0.014948800386614417,0.05778676843846493,
2012-07-09,-2.314771000698908,-0.16401076395319902,-1.8994303448469017,0.052311027609950496,0.05775339461712818,
2012-07-10,-0.38691730304299304,-0.8159128832764184,-0.16345373631539512,0.02241063767644449,0.019243721795168763,
2012-07-11,0.780836527029181,-0.001490912885989825,0.12113491122044819,0.014937635400108973,0.09616310001549944,
2012-07-12,0.968631009275716,-0.49996180683616703,-2.0537083114009427,-0.0074685387838748975,-0.05127547862632899,
2012-07-13,0.05926755760536301,1.636274497101934,0.35427111166173103,0.03733711726160169,0.05768306521102607,
2012-07-16,-2.0989710793718674,-0.2316985120192678,0.15025921358993272,0.029859659821742376,0.025626241411312263,
2012-07-17,0.6011735761932788,0.7382334405661178,1.731607966365181,0.0,0.01921537235694793,
2012-07-18,0.005550336583780899,0.6658286214577447,-1.1135860301295737,-0.02239390895037893,-0.019215372356945995,
2012-07-19,0.4128010802142046,0.2713429495304103,1.6452886708152301,0.029857430989907393,0.0,
2012-07-20,-1.0727117610773602,-1.011263852275059,0.4170940374275917,0.0,0.012810658485355524,
2012-07-23,-1.38645337030804,-0.8948968382666002,-3.0359798078323808,0.037309256859288965,0.038422131620222635,
2012-07-24,0.44547881365442166,-0.9082079512297794,-0.7918017312756567,-0.007460737870427886,0.006402253595456576,
2012-07-25,-0.6718246580751057,-0.0313877889132357,-0.13694886780710713,0.02238054394062432,0.03200512109253792,
2012-07-26,-0.5350967644482953,1.6405659452859416,0.08186365763939683,0.0074590683658125,0.0,
2012-07-27,0.06898613652304098,1.8900849989626385,2.002647641871771,-0.007459068365810487,0.006399795208721911,
2012-07-30,-0.5684233605442697,-0.04835328301134157,1.597754648268971,0.04474606682161615,0.012798361827173277,
2012-07-31,-0.1229888893151933,-0.43260985787338774,1.0736422906637841,0.0,-0.05120327812843108,
2012-08-01,1.0968286303886796,-0.29041927884913227,0.11898876614385326,0.037273100435248195,0.02560491628380644,
2012-08-02,-1.012849092464989,-0.7532002677547947,-0.6589651231254956,0.007452953236180732,0.01919938567862896,
2012-08-03,0.8042923360536939,1.886129520593171,-0.12206408710563506,0.01490424028392572,-0.038402458229247205,
2012-08-06,1.345099814449674,0.2326567712056992,1.6767862337187185,-0.022357193520106743,0.025603277359342654,
2012-08-07,0.1366430595452501,0.5093766155781032,0.36849385379287863,0.02235719352010382,-0.09604610951245719,
2012-08-08,0.03858815935490474,0.062063727884550446,-0.03502908870248296,0.0,0.06404098841992446,
2012-08-09,0.9124304813850705,0.0413544294347905,1.0112893949968453,0.0,0.03200512109253792,
2012-08-10,-0.4966911048391251,0.21860889478816747,-0.660059581595275,0.04469939730239624,0.012799180869911157,
2012-08-13,-2.012828910014025,-0.12526781188120387,-0.27231956771402316,0.022342208247853466,0.03838771640230955,
2012-08-14,0.215971934979703,-0.012820330212278219,1.0418928204934326,0.014892032790011714,0.0,
2012-08-15,-1.083525170210053,0.11390090430037803,-1.1867588124173811,0.014889815393802361,0.0,
2012-08-16,-0.5136226337408769,0.7075434332495446,-0.44653061406353994,0.007444076379656186,-0.006396929476049043,
2012-08-17,-0.2673778762906655,0.187036653705961,0.7640942566916805,0.0074435222781722215,0.012793449771185291,
2012-08-20,-0.5064943191394448,-0.0021154395355287847,-0.05867678064659479,0.022327243050366413,0.05115743812809177,
2012-08-21,0.5163059127770475,-0.35036944682847937,-0.020793764731295787,0.007441306696884572,0.01917729414258096,
2012-08-22,-0.7861122745092989,0.02264156293058998,-1.0618819906677064,0.0,-0.025570542874091332,
2012-08-23,0.2876604521583072,-0.810497516365437,1.2217037402079087,0.007440753007647007,0.031962157078438226,
2012-08-24,-1.1587162579972408,0.6433953540105122,-1.2606799880732644,0.01487984527704723,0.006391205703125111,
2012-08-27,-2.108171073917285,-0.04890894174197595,-0.41009465544183715,0.02975304990708971,0.10220377766047167,
2012-08-28,0.4570359328993119,-0.08085852327604881,0.06629560558558216,0.007436879488793171,-0.044701300274982925,
2012-08-29,-1.0597812082238351,0.08440345349446528,-0.11762535538375311,0.007436326458155231,0.0,
2012-08-30,-0.15561940918133035,-0.7836422697165871,-1.1977341769909995,0.0,0.0,
2012-08-31,-0.2944589806085726,0.506048705423725,-0.3603904762132753,0.022305662013010454,0.05108556943792623,
2012-09-03,1.0602284579934218,0.0,0.3926055545802182,0.03716505041477335,0.012767315689230068,
2012-09-04,-1.0811389252098849,-0.11666288598383129,-0.6632643876705775,0.007431352881197751,0.012765685853816124,
2012-09-05,-0.20579979209109223,-0.10682316087138284,-1.4768390136565537,0.0074308006722108595,0.006382231868637737,
2012-09-06,0.8125543552534433,2.0229498271412947,0.33492955323296975,0.007430248545215901,0.006381824565795421,
2012-09-07,4.382441341666009,0.40417610177212365,3.0396485897567045,0.0,0.02552322627436279,
2012-09-10,0.40858440357465264,-0.616674434215865,0.12621966266081375,0.02971547455190574,0.019138145572109647,
2012-09-11,-0.6370969749581443,0.3129980477784836,0.1547686402313213,-0.03714572309713343,0.012756729191925009,
2012-09-12,0.35324168346207724,0.20905056879527828,1.0893781103793907,0.007430248545215901,0.006377754394857253,
2012-09-13,-0.9358020125581189,1.617821963021452,-0.13837445152159808,0.02971547455190574,0.03188267203796097,
2012-09-14,0.7404016872494461,0.3951115279070497,2.862472066776489,0.0,0.006375314783347629,
2012-09-17,-2.4852145202806364,-0.3129529435335874,0.13723154390326847,-0.022285778051603176,-0.0255036981744641,
2012-09-18,-1.044348273090344,-0.12805984266831857,-0.2723217656543041,0.007429144537446009,0.02550369817447493,
2012-09-19,0.4907769014881536,0.11847815190321101,1.1581102629931472,0.014856633514155596,0.006374908362848353,
2012-09-20,-2.2640716384868047,-0.05408532605288135,-1.2115661431382687,0.0,0.01274859767150467,
2012-09-21,0.14161504468875505,-0.007533188836628922,0.6969998110189676,0.014854426646462185,0.025492320576540693,
2012-09-24,0.7453972929091209,-0.2235143403731278,-0.19425711956018768,0.022277503526583708,0.03185626480381431,
2012-09-25,-0.24231371175996197,-1.0557355654258944,0.019230128161868098,0.029695620114275727,0.019108888876252745,
2012-09-26,-1.1496254640112138,-0.5753239448359475,-0.8293275102278859,0.02226592950898771,0.04457321223787508,
2012-09-27,3.0127094586498577,0.9602673364694815,1.1361705479510515,0.007420874924562854,0.03818980378665956,
2012-09-28,1.8214194150469363,-0.4487821869708478,0.3754090384652833,0.029677993985472686,0.05725737345090485,
2012-10-01,0.0,0.2648034931983999,0.0,0.0,0.0,
2012-10-02,0.0,0.08718999666616195,0.0,0.0,0.0,
2012-10-03,0.0,0.3617864023352092,0.22957852487280056,0.0,0.0,
2012-10-04,0.0,0.7148798295437697,0.09412332859769013,0.0,0.0,
2012-10-05,0.0,-0.03216611430279521,0.4982318413351757,0.0,0.0,
2012-10-08,-1.0103610700046375,-0.3462690436391353,-0.897872845373274,0.08898117152426775,0.13982460648491749,
2012-10-09,2.183123604571334,-0.9940165231843174,0.5398242689077706,0.007411524924650305,0.0,
2012-10-10,0.1705326154178322,-0.6207310017350925,-0.0844783512362057,0.01482140213174987,0.04444867838366385,
2012-10-11,-0.9330360664339441,0.01954351929163438,0.3790680049878587,0.007409877369932979,0.03808314866719368,
2012-10-12,0.0867363737626075,-0.29705448850503113,0.6520893404146241,0.007409328347775208,0.06343970269227614,
2012-10-15,-0.42066528267947856,0.8045443436660634,0.05590677431101019,0.02963182479641593,0.044383857685775414,
2012-10-16,0.14391408223751598,1.021752900308216,0.2777456896217898,0.014812620379621583,0.03169069904514092,
2012-10-17,0.11485194126554579,0.41086129344168737,0.9833573321871791,0.014810426567355204,0.019009599905166714,
2012-10-18,1.5214834313464218,-0.24466730272574805,0.4754599288680266,0.007404390807132773,0.03167463838206527,
2012-10-19,-0.15452348311877584,-1.6710127170061662,0.15346944896051742,0.014807137067110353,0.025332489052503352,
2012-10-22,0.3903248002015637,0.043250785466670966,0.6741867198015417,0.022206595450087345,0.05064573417954385,
2012-10-23,-1.2684785168511645,-1.4542287664205134,0.0,0.0074011027676787996,0.025313251622304814,
2012-10-24,-0.18606645921428383,-0.3090162849686388,0.3047769190080508,0.014800562448386028,0.006327311843677207,
2012-10-25,-0.71928708743082,0.29910856826463456,0.21320056425686926,0.007399459842832115,0.0,
2012-10-26,-1.9093158218450832,-0.07292268041415646,-1.2208898807015491,0.014797277327953138,0.025305244646960583,
2012-10-29,-0.537630307783282,0.0,-0.1603470379061202,0.014795088057777286,0.006325310732990706,
2012-10-30,0.17999279168712537,0.0,-0.38412115522684137,0.007396723254967184,0.006324910662761909,
2012-10-31,0.6646961244284006,0.015580184869156202,0.990200891293099,-0.007396723254963357,0.037941065334351244,
2012-11-01,1.8918552323122912,1.0867260747050345,0.8285123970561374,0.0,0.02528604855751643,
2012-11-02,0.3861312195443706,-0.9423707658092245,1.3177468912405959,0.007396723254967184,0.006320513227769674,
2012-11-05,-0.2123831313696775,0.21614299275310736,-0.47568266933807923,0.029581423082162828,0.03159657519415684,
2012-11-06,-0.4211507707435307,0.7822505758014995,-0.2819971366487568,0.007393988690570064,0.03158659491183954,
2012-11-07,-0.20529686921733234,-2.3990494932418174,0.705747239346388,0.007393442020291867,0.03789074879562425,
2012-11-08,-1.8575798142697948,-1.2279919394418561,-2.4410625551367056,0.007392895430873351,0.0,
2012-11-09,-0.19976250025896014,0.1697276062425998,-0.8499446644713126,0.022175407563978237,0.018939991849297837,
2012-11-12,0.4862931627800835,0.01087015599744822,0.2145059479952371,0.022170491167191685,0.05048911435748281,
2012-11-13,-1.7655233551850835,-0.39716446655476384,-1.1340147500382316,0.007389071566505914,0.044157073734356976,
2012-11-14,0.48111375507310944,-1.394884192572606,1.1885488105687823,0.01477650538337565,0.006306561979829132,
2012-11-15,-1.335260162053789,-0.1602179897590243,-1.565497536218468,0.007387433978153637,0.037831021888779695,
2012-11-16,-0.749649518801371,0.4835627880631183,0.23696458088180686,0.014773230932461585,0.02521273256342942,
2012-11-19,-0.1036251665200158,1.966736976809187,0.4858444292112458,0.022155755047981358,-0.012605571679360439,
2012-11-20,-0.4656373379307224,0.06631347776075759,-0.15900087933719353,0.014767776738059204,0.03151095031587417,
2012-11-21,1.3769270408790173,0.2317514819985913,1.3851061998098795,0.014765596187773036,0.018901805178663845,
2012-11-22,-0.7936110329723698,0.0,1.0115747970301718,0.00738198058873413,0.03149507128172836,
2012-11-23,0.6924161037747297,1.2942205804867957,0.7823724350902056,0.0,0.025188917009751798,
2012-11-26,-0.7818686779402128,-0.2031654720931559,-0.238351036948375,0.029522474197733316,0.050358807560541764,
2012-11-27,-1.1539486617476131,-0.5240224023848536,-0.08136212909229645,0.007379256912197784,0.02516989693630055,
2012-11-28,-1.0036536895739552,0.7825250780979355,-0.620165783449978,0.007378712418026465,0.018873266074716292,
2012-11-29,-0.6353622230530358,0.42606261459933553,0.9805296625670834,-0.05166242411668913,-0.018873266074712125,
2012-11-30,1.127302209092477,0.016242192307947767,0.48915673346706656,0.014763416281318015,0.03774297081981576,
2012-12-03,-1.4504630058536112,0.0,-1.198875318139527,0.02214103850515499,0.03144159749217565,
2012-12-04,1.0670514795190271,-0.6467791733163025,0.147448303905689,0.014757969330226982,0.006287133383592465,
2012-12-05,3.5218583258043576,0.15836215685260085,2.137274893351936,0.007378168004226397,-0.0062871333836016135,
2012-12-06,-0.19385790433743752,0.33011980873050695,-0.09478733308804786,0.00737762367077538,0.025146162199511598,
2012-12-07,1.9394548941182457,0.2916658435379544,-0.2639007242077112,0.007377079417606806,-0.0062859477658393625,
2012-12-10,1.0752675149452207,0.03384309527405416,0.38477249785046536,0.014752526396898523,0.050276521923795045,
2012-12-11,-0.5539642199861277,0.652758967448202,0.21174582458231814,-0.11808119453203822,-0.006283183062601023,
2012-12-12,0.40947707894502666,0.04481290686690232,0.8004541784215549,0.1328315448796026,0.043973993233034005,
2012-12-13,-1.1144133094248958,-0.634146925043068,-0.25704741718575747,0.007374359355889614,0.025119316886658187,
2012-12-14,4.925644983054239,-0.41439789908631847,0.7120760202722358,0.01474708747693746,0.01255729266421546,
2012-12-17,0.4588616148751081,1.1800667190939216,-0.4094457819557119,0.014744913031726304,0.037662419627915625,
2012-12-18,0.059981162644970394,1.1421148426265304,-0.0838955673876712,0.007371641299257648,0.006275691112528892,
2012-12-19,0.12613867767587672,-0.7618159372240999,0.57023832379432,0.014741652565948614,0.01882471062567228,
2012-12-20,0.5764194326994068,0.5473186088517688,0.1608104023079294,-0.01474165256595136,-0.018824710625670777,
2012-12-21,-0.5387648211775027,-0.9423002107227981,-0.6796721117309338,0.014741652565948614,0.01882471062567228,
2012-12-24,0.3877377223686863,-0.24432858581227004,0.15490329191207897,0.022108404968647057,0.018821167595324123,
2012-12-25,2.782100631358615,0.0,0.0,-0.0073689252456027535,0.018817625898399214,
2012-12-26,0.37602872184058034,-0.47989018809801615,0.0,0.0147373075205995,0.0,
2012-12-27,-0.5313939092375549,-0.12191986513380225,0.3480886117722146,0.007367839384433731,-0.018817625898396438,
2012-12-28,1.439926207747181,-1.1111501189478301,0.2067289414935843,0.014734050417121537,0.01254547737186653,
2012-12-31,1.7151326461451302,1.6800106652478264,-0.042671011784965476,0.029461589665838575,0.10657305964343014,
2013-01-02,0.0,2.5086044824864024,2.850206749374718,0.0,0.0,
2013-01-03,0.0,-0.20877620279685177,0.3708799988763829,0.0,0.0,
2013-01-04,0.0577331417534531,0.48533166109664455,-0.2889385611911295,0.03681478523338581,0.0313234145082736,
2013-01-07,0.4575145805783575,-0.3128033257148679,-0.005743574270707731,0.029442072934598485,0.04383630342294779,
2013-01-08,-0.4210374473953609,-0.32476459151946563,-0.9412454338567413,0.0,0.025040691253925468,
2013-01-09,0.03151566623915944,0.2652348745119191,0.46311668051277355,0.0073591640022786335,0.05006257926837014,
2013-01-10,0.17572747192927873,0.7568716794297315,0.5833466896838163,0.007358622469211097,0.05003752919010578,
2013-01-11,-1.8884046519366555,-0.004755160198840902,-0.3871439235342251,-0.01471778647148895,0.043762308847598,
2013-01-14,3.7347094869163233,-0.09311082559243282,0.6392418247960499,0.036790405477340096,0.031247070841365132,
2013-01-15,0.7009100361038021,0.1128093030996665,-0.13569894615185404,0.007356457133549061,0.024990628644389744,
2013-01-16,-0.7254695889717896,0.01969459797129973,-0.1049242155803905,0.01471129094232428,0.0062466814525134065,
2013-01-17,-0.9487288136003618,0.5627103422306787,-0.0737952888880758,0.02206287929522966,0.03122755544846608,
2013-01-18,1.6581330469760114,0.3397465956591006,1.1163788886959247,-0.007353752255417626,0.037460198977119344,
2013-01-21,0.593854966817454,0.0,-0.046066457293401794,0.022059634634842666,0.07487832622410887,
2013-01-22,-0.5376567640274953,0.441827922681335,0.2881701214711633,0.014703720067678757,0.0,
2013-01-23,0.40573775281571595,0.15063419833833688,-0.10102743083525263,0.007351049365611152,0.043653145278665144,
2013-01-24,-0.9518374683090931,0.0006689791044299383,-0.15327944737914084,0.014700477792018645,0.024936101369792296,
2013-01-25,-0.4299609935793701,0.5430698720872255,-0.0782970039785467,0.007349428585221051,0.0685422340446182,
2013-01-28,3.070536313328418,-0.18513960681661246,0.38707150688978337,0.022045045465329833,0.05604508662440949,
2013-01-29,0.9010654409736061,0.5093062252180288,-0.07061501063079335,0.014693997528455639,0.031122592140667545,
2013-01-30,0.4788830339370407,-0.3907241332048655,0.7030346437159286,0.007346189167667768,0.024891101559753086,
2013-01-31,-0.06804830911035456,-0.25666081881304614,-0.3891778036770724,-0.007346189167663716,0.031105166818956694,
2013-02-01,2.0788910305909165,1.000247440417763,-0.03241213085026709,0.022036948706363996,0.018658456999748718,
2013-02-04,0.1713239708761694,-1.1605777551404992,-0.15537842067011007,0.022032093505205828,0.049738871953048734,
2013-02-05,0.8568267050090773,1.036258025857612,-2.291107898775966,0.014685366059136958,0.031074236600693157,
2013-02-06,0.15030145132742923,0.054904893537455465,0.4671872541076603,0.04404316301100455,0.06211951995010842,
2013-02-07,-0.5771267929612679,-0.1807043989846203,-0.3442744516668861,0.007338641620738448,0.04346071530239767,
2013-02-08,0.42862928866999933,0.5641968905585326,0.16451059233399717,-0.058724218086348506,0.06825727049786326,
2013-02-11,0.0,-0.06062723007243433,0.0,0.0,0.0,
2013-02-12,0.0,0.15939722256221328,0.0,0.0,0.0,
2013-02-13,0.0,0.0592152029303837,0.0,0.0,0.0,
2013-02-14,0.0,0.06904011504762424,0.8496587883142367,0.0,0.0,
2013-02-15,0.0,-0.10456502891147328,0.13363836107477034,0.0,0.0,
2013-02-18,-1.2435368577974428,0.0,-0.2674555532787125,0.2053840669156445,0.16115040056225838,
2013-02-19,-1.912810066038524,0.7309758416980312,-1.023225053544717,-0.014656309567497808,0.030960711105240776,
2013-02-20,0.632082221129503,-1.248171740825915,0.7039656793839444,0.007328423293012461,0.03714020469804839,
2013-02-21,-3.466667898729372,-0.6323067010152341,-1.7343201237334072,0.0219820480826653,0.0866068721007494,
2013-02-22,-0.5356106623980273,0.8734258744972729,-0.5438070741598117,0.007326275691032381,0.037094281723635145,
2013-02-25,0.3212882582230947,-1.8479275284333254,0.1650786340216138,0.029299736511986602,0.04325927824468641,
2013-02-26,-1.4447656891300449,0.6090899595964322,-1.3250812489538977,0.007323592957980614,0.0061783695302612615,
2013-02-27,1.0492375626160242,1.2645666418416044,0.2542094249378645,0.02196756132291834,-0.006178369530263853,
2013-02-28,2.9861725394273386,-0.08644953634581831,1.9443000271935538,0.00732144818571471,0.024711188116101304,
2013-03-01,-0.16813418302554614,0.23212270716333072,-0.6102350306332216,0.007320912188919658,0.037055336392389185,
2013-03-04,-4.7230868729020425,0.4600126400740833,-1.5078438562123742,0.043914221594251644,0.061728397021823055,
2013-03-05,2.983356473630309,0.9520494489536513,0.10062462169659467,0.007317162407667184,0.037018756592537165,
2013-03-06,1.0390745200912115,0.10839757653689358,0.9587544000947485,0.007316627038212495,0.04317123629293271,
2013-03-07,-1.1660420471235795,0.1814811952149328,-0.028101432304168516,0.0,0.043152606778804364,
2013-03-08,-0.4803310011920141,0.44711004109199914,1.3976952761574521,0.014631648281256184,0.024650274359106297,
2013-03-11,-0.5598846314234418,0.32438723173948536,-0.004893599930137447,0.021943459108650223,0.06775693997870617,
2013-03-12,-1.4280387518783773,-0.24061516417888235,-0.8708790004277642,0.0073134164657662395,0.030783438753151746,
2013-03-13,-1.1067766365044422,0.13131640123256266,-1.4696423244835346,0.014625228545240485,0.006155550769861878,
2013-03-14,0.26816780756784864,0.5587377217302528,0.2768296229777271,0.014623089884959105,0.018464379187705826,
2013-03-15,0.2207268877803825,-0.16197549581095974,-0.38124358365821326,0.007310743140288905,0.02461387003996361,
2013-03-18,-1.4826644779874325,-0.5525585891369138,-2.016139934442585,0.02192902314989818,0.04920957225466627,
2013-03-19,0.8992042830508598,-0.24254633815200036,-0.18810110062355828,0.00730860588669399,-0.00614987239209895,
2013-03-20,3.31374079481074,0.6675166801552446,0.9688032196913644,0.021922613263286313,0.006149872392091654,
2013-03-21,0.18426228170779782,-0.8316980404400767,-0.13740292686169456,0.007306469882318287,0.02459570817292278,
2013-03-22,0.12687990304358884,0.714866598212655,-0.4987698985131279,0.007305936076308022,0.030736130563164068,
2013-03-25,-0.1992199695292982,-0.3345582130917859,0.6124015988271357,0.021914606172668438,0.06144393434480272,
2013-03-26,-1.4667156528455354,0.7754912943538612,0.2689723388208025,0.0,0.012284257739169632,
2013-03-27,0.32877294288254494,-0.0588494941215648,0.686711396811876,-0.05114155362606778,0.02456398931538058,
2013-03-28,-3.3145187941157532,0.4048485114815581,-0.7380443626016282,0.07305135835128658,0.03683467412263881,
2013-03-29,-0.16894977073495113,0.0,0.0,0.0146038700515285,0.02454891383387033,
2013-04-01,-0.07601834268413467,-0.44836823364220996,0.0,0.036500347158524904,0.07361060325022722,
2013-04-02,-0.2729550262867441,0.5158962029794233,0.3053232408545846,0.014596409309245351,0.07968372115517705,
2013-04-03,-0.11444812029572349,-1.060209550620146,-0.1356886000946082,-0.036495018835057416,0.07349789024434036,
2013-04-04,0.0,0.40402538202902033,0.0,0.0,0.0,
2013-04-05,0.0,-0.4304176550396904,-2.771530863349501,0.0,0.0,
2013-04-08,-0.45392933169912514,0.6283011989032715,-0.040741214444554565,0.07297672366491685,0.104029627226001,
2013-04-09,0.6905281635204061,0.3538040782594966,0.6987668948606848,0.021882636215556268,0.06114338313385797,
2013-04-10,-0.16567707140576382,1.2115446292433605,0.7480748883784568,0.014585764319886417,0.09775171843873467,
2013-04-11,-0.2995256294952961,0.3545946942665359,0.302294307371955,0.021874658295702024,0.030527826350586987,
2013-04-12,-0.6382223401859807,-0.2840786017135281,-0.05530623137142334,0.014580447645576422,0.04882514591958802,
2013-04-15,-1.0326428329723065,-2.3234130479996953,-1.4426497053257827,0.02915451915693313,0.09757883313748837,
2013-04-16,0.930239266231341,1.4205865503323178,-0.46330245124966923,0.03643120008235897,0.04266081668745868,
2013-04-17,-0.04550570272292706,-1.4431354089724242,-0.47343277988678745,0.01456876459451699,0.02436944084192965,
2013-04-18,0.25909339169741197,-0.6723540175262234,-0.2653070028342872,0.0,-0.036556388635951065,
2013-04-19,2.759944864060293,0.8808979549016325,2.302399015672379,0.007283586441192714,-0.006094030898617268,
2013-04-22,-0.1246718246219638,0.46507982154273886,0.1398159106732785,0.007283055973502032,-0.05486299628606025,
2013-04-23,-3.2612006939062272,1.0365294248898438,-1.0844105647672166,0.014564520853024539,-0.07319751455280968,
2013-04-24,1.8648683533461905,0.0006333984678094675,1.7115348894778764,0.029122679492323705,0.07929488963472646,
2013-04-25,-1.1163309946767987,0.40266177447456747,0.9787830731872978,0.0,0.048765621204138285,
2013-04-26,-0.8369628736997385,-0.18437840671979097,0.6517194213791522,0.014558159874288528,0.042650419534562035,
2013-04-29,0.0,0.0,0.1465150428911583,0.0,0.0,
2013-04-30,0.0,0.0,0.689533419526102,0.0,0.0,
2013-05-01,0.0,0.029068481755681386,0.0,0.0,0.0,
2013-05-02,0.09528390359749511,0.9363994353694134,-0.30265205742514134,0.04366176753978788,0.09133254813349594,
2013-05-03,1.7510838320425854,1.04795153331448,0.09550631636409639,0.014549687207390997,0.04867660576793935,
2013-05-06,1.3178788816076004,0.19059883489792062,0.9873109612687525,0.050907240836128985,0.048652923175866836,
2013-05-07,0.15645026125646985,0.52166631841069,0.5743868672552231,0.021809458121406333,0.04862926361714104,
2013-05-08,0.5070253034978394,0.41305507302880856,0.8522577564485035,0.007268762496394752,0.036456434964488006,
2013-05-09,-0.5918063922713365,-0.3693980932139126,-0.14151078771066333,0.007268234185698596,0.04251571627102022,
2013-05-10,0.5146175113481501,0.431240067515143,0.4716691851124385,0.5146990230987545,0.0607053985739906,
2013-05-13,-0.3970346748563686,0.004284660609634314,-1.4312601444667825,0.021689621601143527,0.07279786781093439,
2013-05-14,-1.4900439013204017,1.0091099634557101,-0.25927664056795885,-0.05784944842798053,0.0485024867032419,
2013-05-15,0.5434527519835007,0.5101065117816184,0.4957538801984052,-0.4494715411003054,0.03636143304107418,
2013-05-16,1.809824571984852,-0.5022296573084913,0.1666706075262291,0.0,0.030291097678089015,
2013-05-17,1.5293148623118968,1.0247411805593496,0.0,0.014530659717518376,0.018170255342081776,
2013-05-20,0.6751338447367159,-0.07079094171616472,1.7621228662519324,-0.007265065933681265,0.024221872469151792,
2013-05-21,0.20082465032240193,0.1720907648621843,-0.5405972268737117,-0.0072655937838464035,0.018162554915988442,
2013-05-22,0.12157726286925849,-0.8308039040019749,-0.4516231488570944,0.014530659717518376,0.03631521647464788,
2013-05-23,-1.353060116748445,-0.2928135769918223,-2.575322880633499,0.007264538160182816,0.03630203331252062,
2013-05-24,0.5551669186107111,-0.055149678226770485,-0.22526774135551522,-0.12356897810756437,0.030241630859210604,
2013-05-27,0.09078638212164218,0.0,0.29745267018731597,0.02181738854514341,0.06649941302400417,
2013-05-28,1.7076105638626895,0.632091201300719,1.0445104094251767,0.04362050232741978,0.03021239335346923,
2013-05-29,-0.06801691984433818,-0.7072892060328735,-1.6241634900316184,0.007268234185698596,0.03624282733723245,
2013-05-30,-0.3122299710404755,0.36635955678957277,-0.3135934703764464,0.007267705951799296,0.006039194373296483,
2013-05-31,-1.064628872503495,-1.4410550273650715,-0.4106835030362705,0.014533827509061216,0.06640707781243022,
2013-06-03,-0.1460151622946774,0.5918407082218199,-0.49231929337265207,0.021796781428249326,0.04223610042576355,
2013-06-04,-1.4301688595460358,-0.5526024209600663,0.014943554453196931,0.15969805949213883,0.018095726442007905,
2013-06-05,-0.20003108379517187,-1.3875566725247142,-0.9752356417605724,0.0,0.024122542632942636,
2013-06-06,-1.2850622090853556,0.8454433206696951,-1.0513521944035178,0.007252946512696828,-0.00603009015166589,
2013-06-07,-1.7432586878556557,1.2749947667659598,-1.2123973964048065,0.014504315059160985,0.024118179194378232,
2013-06-10,0.0,-0.034690629921981506,0.18443940042674423,0.0,0.0,
2013-06-11,0.0,-1.020523152075696,-1.2121699049297954,0.0,0.0,
2013-06-12,0.0,-0.8404786017584212,0.0,0.0,0.0,
2013-06-13,-3.449208722581582,1.4676090161454947,-2.2141111898650534,0.05799623187062909,0.04219282181879254,
2013-06-14,0.6989864671002427,-0.5902398007852176,0.39229621666719255,0.007247164550067512,0.0,
2013-06-17,-0.5365308963919632,0.7538839723718171,1.2170301020485526,0.03622794663395652,0.03615111204040315,
2013-06-18,0.6181767893910296,0.7760951788880601,-9.422455313117778e-05,0.014487504552691589,0.0180706563151713,
2013-06-19,-0.7461374046444512,-1.3948298829170962,-1.1323234818089238,0.0,-0.042169945502782934,
2013-06-20,-3.3588553896530384,-2.532835452574456,-2.9203114844322813,-0.007243489916595519,-0.06027364416094324,
2013-06-21,-0.17556041983914086,0.2666148431196402,-0.5882980630671604,0.0,0.0,
2013-06-24,-6.51586626331547,-1.2219313502973375,-2.242411242364955,-0.014488554067656098,-0.1387674058994914,
2013-06-25,-0.26698160109199914,0.9452416382998887,0.2104377668773504,0.0,-0.02415313096700514,
2013-06-26,0.13272669897791814,0.9544802023650156,2.4025973145234114,0.028975009257396697,0.07847635548081255,
2013-06-27,-0.3493625222195331,0.6180727659270395,0.49795792451344767,0.007242440705693435,0.05429373040801523,
2013-06-28,1.8299331143470807,-0.42988374872954704,1.761346805398381,0.014483308012858787,0.048236359090238476,
2013-07-01,0.574452253896217,0.5389242036254582,0.0,0.028960324558041022,0.042187736048369034,
2013-07-02,0.3908195196509065,-0.05450536517269326,-0.6977029378895432,0.021714740775122997,0.060237336921736495,
2013-07-03,-0.8204642153451106,0.08236595098241727,-2.5063337175623355,0.007237199207072883,0.030105066910095193,
2013-07-04,0.8202391909693497,0.0,1.5824643709306665,-0.021713169122326112,0.018058690793987548,
2013-07-05,0.21893415278122422,1.0150057885384196,1.8682479549259168,0.014475969915252865,0.030090572850640655,
2013-07-08,-2.8805299118723187,0.5237838002118209,-1.3151765241695044,0.02171002649913177,0.04211159635100273,
2013-07-09,-0.043917557743246904,0.7203670629321988,0.488645156741994,0.02170531426963645,-0.02406159780617664,
2013-07-10,2.7993495520611886,0.0181546412839013,1.0654726684830615,0.007234057947966602,-0.012032970353253007,
2013-07-11,4.510919453862556,1.3463198150456834,2.517394146299091,-0.007234057947975746,0.006016666167107749,
2013-07-12,-2.2301802111030637,0.30817767542262126,-0.7501421698790067,0.007234057947966602,-0.00601666616710883,
2013-07-15,1.3932714519551435,0.13739002782673193,0.12226229482722924,0.02169903447810582,0.030079711461578246,
2013-07-16,0.4562459469916547,-0.37156612435484215,0.04256648261216238,-0.01446549980824412,0.006014856697854796,
2013-07-17,-1.5220639334059145,0.27701921402020063,0.27874468226135335,-0.007233534669862014,-0.01804565555740764,
2013-07-18,-1.65669166907726,0.5020364936359822,-0.12477443317200192,0.014466546137334814,-0.012032246434912599,
2013-07-19,-2.473182811989536,0.1608772889016856,0.08054765344060594,0.014464453630500399,-0.03008695151619007,
2013-07-22,0.5332080827596299,0.20309250638510862,0.25283494211212193,-0.028930999767826527,0.018053257157505116,
2013-07-23,2.8495892115060206,-0.1853645244921124,2.302884566686555,-0.028939372217608818,-0.006017390259652703,
2013-07-24,-0.7394946120083838,-0.3818459319893381,0.24386837913497444,-0.02171002649913461,-0.006017752371322676,
2013-07-25,-0.5111856142921573,0.25531752308375316,-0.30987109558458276,0.02171002649913177,0.01203514263097443,
2013-07-26,-0.6129982027769832,0.08279370058089733,0.3099621332040565,0.007235628236585052,0.024065940793597928,
2013-07-29,-2.1836431370216465,-0.3742993668069835,-0.5422306303587852,0.07232750206812792,-0.00601594224876357,
2013-07-30,0.6147510585661606,0.037374417942905254,0.4739746765434541,0.0,-0.024067388804501086,
2013-07-31,0.16579925936814546,-0.013643009906418412,-0.32072936561381094,0.00722987384184005,0.02406738880450045,
2013-08-01,2.35876008225965,1.2462579504871754,0.933000039917606,0.007229351168887286,0.012031522603703312,
2013-08-02,0.08453851668955951,0.16390855232919158,0.46152093584417697,0.007228828571465907,0.030072474890560044,
2013-08-05,1.372924822807935,-0.1480913754279429,0.13977897927077676,0.028910089822637503,-0.024057256385944928,
2013-08-06,0.6698231724777804,-0.5739461373172055,-1.3514995710340771,0.021677083794548198,-0.048131882284136056,
2013-08-07,-0.569186000004359,-0.381314875241731,-1.539172895063613,0.0072246505106697,-0.018055430219674394,
2013-08-08,-0.16856087661488434,0.38779527938558256,0.31004966019000557,-0.014449823014800637,-0.018058690793977702,
2013-08-09,0.40448973267924226,-0.35763855287662916,0.6979687561326383,0.0,0.02407752976177196,
2013-08-12,2.8795618285142957,-0.11535425383448847,2.1041257374789137,0.028897558357421492,-0.006018838967791519,
2013-08-13,0.26630676823289445,0.27721724913956086,1.2043684408471071,0.0,-0.024078979167624495,
2013-08-14,-0.42428636413173415,-0.5190051744275638,0.0,0.01444564827359038,-0.006020650834168814,
2013-08-15,-1.1777496746186258,-1.4384523926260437,-0.008340657292995404,-0.007222563290867727,0.006020650834170378,
2013-08-16,-0.7537024515611652,-0.33100734140073595,-0.09516822277433193,0.0072225632908602105,0.012040214330372653,
2013-08-19,1.1772572344956898,-0.5917840093265895,-0.24058785976811672,0.028885037751385085,0.018057603805042403,
2013-08-20,-0.8167758070787077,0.3813963470091846,-2.2209586926035563,0.0,0.012036591251893594,
2013-08-21,-0.16775397599626832,-0.5796413965205477,-0.6968144131468637,0.01443939068282017,0.0,
2013-08-22,-0.20192868855956883,0.8582495040714576,0.3553627101808241,0.01443730602376098,0.0,
2013-08-23,-0.7407358987642061,0.3939218335413213,-0.1457531992711618,-0.050539692783634245,0.01805217082257064,
2013-08-26,2.1065798370307953,-0.4047856913079035,0.6465205201866581,0.028882952038455586,0.018048912602016208,
2013-08-27,0.2251686347495643,-1.6001509567328325,-0.5950324404141757,0.028874612198022984,0.012030798859566184,
2013-08-28,-0.5493769676681161,0.2743889222156611,-1.6135127883693332,0.043296291627434376,0.006014856697854796,
2013-08-29,-0.4194681259094176,0.19614259312179066,0.8333722767809064,0.0072142264576806215,0.036081544681544744,
2013-08-30,-0.1900168979072115,-0.31793224259261554,0.12243259737097378,0.02163955719484521,0.06611570488777567,
2013-09-02,0.27767162239818893,0.0,2.022402189932279,-0.10102468747798918,0.05406217281395786,
2013-09-03,1.4613789589850816,0.4155545375136951,0.983810463736263,-0.021661431905340874,-0.024024024139582326,
2013-09-04,-0.16165094023126927,0.8084226423429193,-0.3057192771304435,0.021661431905336995,0.018018559164650658,
2013-09-05,-0.38206231154563,0.12091315073432651,1.2098306709167863,0.007219434721403999,0.024019696266332033,
2013-09-06,0.6829238990854849,0.005437655767527383,0.10283245696710419,0.007218913556636793,0.01801098675058892,
2013-09-09,3.4526251715156606,0.9943332056093749,0.5705312612641749,0.02887044408359038,0.03601224455218764,
2013-09-10,1.3949968494066336,0.7318922917109201,0.9884766438244844,-0.028870444083594293,0.0,
2013-09-11,0.3225234718996145,0.30476259239930586,-0.1721051986884601,-0.04332130031651171,-0.01800450117389857,
2013-09-12,0.9845492991739522,-0.33861650418574235,0.07225840056782298,0.01444251880039444,-0.012004801935186963,
2013-09-13,-0.7426645163361222,0.27110335432424615,-0.16760779175009666,0.0,0.024008162890664764,
2013-09-16,-0.4232493556916372,0.5677016891980371,1.4604845618527822,0.02165986795947716,0.042000420621607575,
2013-09-17,-2.082056378385933,0.420884948659013,-0.309651178344365,-0.03610238675987929,0.011996880825392166,
2013-09-18,0.21350540392227976,1.2104115967809936,-0.2724527188310894,0.007221520133122515,0.023989444759391344,
2013-09-19,0.0,-0.18446229845168335,1.651948035344249,0.0,0.0,
2013-09-20,0.0,-0.7243093796933789,0.0,0.0,0.0,
2013-09-23,1.6220391597160009,-0.47307188688171364,-0.558818112899942,0.05053604410336961,0.07193382398662539,
2013-09-24,-1.1555051471195394,-0.26005674711671983,-0.8270620787091096,0.021650489024784746,-0.005992509365083686,
2013-09-25,-0.6096985487058533,-0.2743210802944285,0.13188567136749388,0.014431055656757575,0.0,
2013-09-26,-1.8526446617438186,0.347935151561587,-0.36516980597685533,0.014428973403585838,0.04194002637791187,
2013-09-27,0.4405568142112671,-0.4082095793020239,0.35401002220654276,0.0,-0.005990355529384482,
2013-09-30,0.5855960354868007,-0.6047509018760081,-1.5073146803569348,0.02163955719484521,0.07784664604636207,
2013-10-01,0.0,0.7966753720975774,0.0,0.0,0.0,
2013-10-02,0.0,-0.06668889877037676,0.5436671438760299,0.0,0.0,
2013-10-03,0.0,-0.9019995744482426,0.9953570227082706,0.0,0.0,
2013-10-04,0.0,0.7028487065576219,-0.327315021343808,0.0,0.0,
2013-10-07,0.0,-0.8542744623655643,-0.7138660218292948,0.0,0.0,
2013-10-08,1.3512894530986765,-1.2408723348868085,0.8879259599096553,0.07209805647568786,0.11366696805775946,
2013-10-09,0.4809428083258833,0.05736974959952306,-0.6270142123287388,0.01441337563753868,0.0,
2013-10-10,-0.9939257313138546,2.1595603003649866,-0.3595503040893964,-0.02882882902850739,0.0179356112040234,
2013-10-11,1.6003771659998451,0.6266658904207739,1.1567042448598797,0.014415453390973039,-0.017935611204036347,
2013-10-14,0.16328516798207637,0.40664039111895156,0.0,0.028824674120444777,0.03586800612342807,
2013-10-15,-0.20343893597616491,-0.7088815554411442,0.5077893253725678,0.0,0.0,
2013-10-16,-1.887847318881552,1.3732816122981577,-0.4646861084345164,0.05762443435404882,-0.005977107679363551,
2013-10-17,-0.3326372164195749,0.6721323017650933,-0.5761706461232158,-0.007201238616141449,0.0,
2013-10-18,0.5258532623366595,0.6527419550148451,1.0561963400162229,0.014401958691255878,0.0,
2013-10-21,1.8487160994924527,0.009171261857431334,0.4192125340024114,0.02879769638332227,-0.005977464958908232,
2013-10-22,-1.0343756410446183,0.5721110785884598,-0.5225645386222344,0.007198128489717666,0.023907716329302393,
2013-10-23,-1.1265681761824655,-0.47357309912257806,-1.364734927943558,0.007197610396450008,-0.023907716329299476,
2013-10-24,-0.7462160602082168,0.32528719960210106,-0.7161686233915259,0.007197092377781282,0.011954572638263498,
2013-10-25,-1.3399878004848023,0.438517263831988,-0.603856171973953,0.014392630997789226,-0.011954572638266504,
2013-10-28,-0.110043008135208,0.1328835930998072,0.4757296755577912,-0.0359854622617397,-0.029892685482505264,
2013-10-29,0.25745016285159217,0.5568680457237637,0.17505927395558168,-0.021597494774571686,0.01195814650153084,
2013-10-30,1.4820994027697456,-0.48879104801314577,1.9826194323307664,-0.021602160300002542,-0.017937756034822935,
2013-10-31,-1.4119316652908815,-0.3846759576849974,-0.4199067927908359,0.007201238616145397,0.011958861530653116,
2013-11-01,0.47248504370576083,0.2899228335302809,0.18692897838883224,0.007200720075106536,0.02989089844405613,
2013-11-04,-0.18911269169576458,0.35641773126337484,-0.25913349747643855,0.021599049725784865,0.05378111217501544,
2013-11-05,0.1391622740996538,-0.2809483849739196,-0.6518502887198417,0.014396775147243551,-0.041827254053092296,
2013-11-06,-1.2750373955689702,0.42564576101536705,-0.0087247365217599,0.028787333772026236,-0.02988732500801949,
2013-11-07,-0.5545675593458714,-1.327045548901987,-0.6790831526471203,-0.007196056564098016,-0.02989626020055382,
2013-11-08,-1.4029280780151057,1.333823103901602,-0.5989661399645495,-0.007196574433685672,0.02989626020055208,
2013-11-11,0.34361128951201214,0.07226535247450411,1.4208048632726704,0.014392630997789226,0.011956001927194867,
2013-11-12,1.035729826855852,-0.23731640314203425,-0.7328089496824584,-0.007196056564098016,-0.017934538980963213,
2013-11-13,-2.2422157836525356,0.8062719573425563,-1.9292020566166534,0.0,-0.04784116823695498,
2013-11-14,0.7135395578855324,0.48255995473341795,0.8215863480098146,0.0,-0.05983366420354029,
2013-11-15,1.9863452701543272,0.42131136773868577,1.6768742335634277,-0.20170011160267937,0.0,
2013-11-18,3.2712095279892237,-0.3705038906885411,2.6897328505957523,0.07208246545801814,-0.07184768600292907,
2013-11-19,-0.6915859738976271,-0.20450361935312333,-0.009510149132644733,0.0,-0.06590575715623492,
2013-11-20,0.5245811451803185,-0.3642235986195912,0.18180414212507282,0.13681370270878487,-0.005993586863843084,
2013-11-21,-0.614748362940816,0.8095716274424049,-0.5100140810864023,-0.06478315864505982,-0.0359690669905168,
2013-11-22,-0.5002973235811925,0.4949171494279674,0.49068802042428405,0.014399884825803786,0.017986150712472573,
2013-11-25,-0.38996487593963813,-0.1264124540436517,-0.04993591380219814,0.028793550443662438,-0.059966420602444045,
2013-11-26,-0.050795167385597306,0.014978239973848013,-0.013385204892799575,0.07913954152390076,-0.04199790072231853,
2013-11-27,1.1272747668725551,0.24820094847459512,0.5267489204542872,0.007191399089782862,0.0,
2013-11-28,1.0321040623652025,0.0,-0.07252795963901572,0.0,0.0,
2013-11-29,-0.024023905951687918,-0.07860417117517002,0.3868234948726964,0.0,0.04199790072232392,
2013-12-02,-0.8298570473730816,-0.2722704643955981,0.6563484542277542,0.014381246878884837,-0.005998620319139213,
2013-12-03,0.9871784217716713,-0.31979560353163,-0.534235338385149,0.028756290636689403,-0.05400378157708058,
2013-12-04,1.3156567503073104,-0.1304362552406203,-0.7631152352403481,-0.028756290636689733,0.0,
2013-12-05,-0.28070154121020774,-0.43489995429874545,-0.0679998685597629,0.043131335583445424,0.006001860578575607,
2013-12-06,-0.6466866042765002,1.1175230224585924,0.1286674667619074,0.028743892120890895,0.018003420698562145,
2013-12-09,-0.05771789327174864,0.18154350128978636,0.2862836354794297,0.02873563238164582,0.006000420031193022,
2013-12-10,0.0999144896722257,-0.31847248870443096,-0.28169293341918117,0.0,0.017999100093588353,
2013-12-11,-1.6670460663504856,-1.1381383944921049,-1.7244651985923782,0.0,-0.01199904009119699,
2013-12-12,-0.1139592283698592,-0.3777704817573199,-0.5160208682280979,0.007182618067360695,0.005999700016804284,
2013-12-13,-0.14018032239120562,-0.010138503227667498,0.11983451875767373,0.04308487787458936,0.005999340074385597,
2013-12-16,-1.6217968724490477,0.630010001027756,-0.566430522525862,0.021535479786038945,-0.08402353153078686,
2013-12-17,-0.4888354015662984,-0.3105784071481868,-0.19673533196527693,0.01435441041725474,-0.018014231291397703,1.0739467118761032
2013-12-18,0.036065837090757745,1.6510892525584175,0.3228095300902917,0.007176432598437687,-0.04204583057408936,-0.5768454396740532
2013-12-19,-1.058343617049609,-0.05800704533898699,-1.1082266776094474,0.057392927897261414,-0.04206351652922284,-0.7882222929478958
2013-12-20,-2.3544503050465715,0.4801671890893198,-0.33509196267213354,0.04302308972142411,0.0,-1.9769308401031076
2013-12-23,0.283426500863238,0.530950428686434,0.4783348510529628,0.014336917587275884,0.10212357839471625,1.0984478845298302
2013-12-24,0.15946295079001213,0.29115282591196123,1.1192472078253766,0.014334862409865751,-0.018014231291397703,-0.4210532536343382
2013-12-25,0.7341938400673111,0.0,0.0,-0.07169486971856075,-0.036038200882568,0.6728368528684515
2013-12-26,-1.7406188220378556,0.47342647208743666,0.0,0.014343086656826366,0.0,0.0
2013-12-27,1.6697945232192577,-0.03366436658622563,0.2743912632586863,0.028680003064591612,-0.012015620320857588,0.7099633078607406
2013-12-30,-0.17467116736298577,-0.01792275298283738,0.007012545791446457,0.05017022144294376,0.042048356228472764,-0.5424590810912501
2013-12-31,1.3205983322778914,0.39518351004493735,0.2643109372980642,-0.02866561579038298,0.030023718963348114,-0.7138388489792732
2014-01-02,-0.34600176736878746,-0.8901410280449841,0.14431972018573597,0.07164863815858728,-0.024018253988405062,1.505674617910773
2014-01-03,-1.3527474247593954,-0.03330285152322327,-2.2652625461136737,0.0,-0.04204583057408936,0.8267926387301092
2014-01-06,-2.302473586865056,-0.2514940611652187,-0.5851700919760765,0.0,-0.018025054875015822,0.45183892850750074
2014-01-07,-0.028414180654274118,0.606335341031303,0.1261318939218069,-0.12900453304899648,-0.012018508517550392,0.0
2014-01-08,0.17455704454994642,-0.021222353203285235,1.2418182408346599,0.0,-0.02404135123972401,-0.9057287112509456
2014-01-09,-0.8821480945037435,0.0348240572457387,-0.9141264321290902,0.05018820682511819,0.0,0.0
2014-01-10,-0.7847213298161188,0.23040357971461523,0.25823103399504543,0.007167688065294145,0.0,0.6595242372734561
2014-01-13,-0.5079889883532213,-1.2655942268644282,0.18589702830310176,0.028665615790391556,0.012021398103065111,0.6552029991300115
2014-01-14,0.8699426818080249,1.075984662417709,-0.4267953704504431,0.0,-0.06613558034535481,0.2038736689848309
2014-01-15,-0.1766254690779083,0.5152889148329634,0.4846236326106053,0.01432972704323568,0.012027904753475274,-0.6948730187404117
2014-01-16,0.1313341597600542,-0.1348033780458889,0.3678928740569829,0.02149074115511192,-0.024057256385944928,0.04100881747034629
2014-01-17,-1.5195498577963813,-0.39027458285236155,0.6372127573767129,0.0,0.0,-0.041008817470344294
2014-01-20,-0.5752141372907509,0.0,-0.8874995023604053,0.14315369991764526,-0.030079711461581303,0.8576732174975591
2014-01-21,0.9839278736141885,0.27698592046981874,0.4532875841523237,0.028606164823546845,0.03609456815942356,-0.0813669695013499
2014-01-22,2.5450878890959885,0.05747344722354488,0.21307437666789739,0.07862478515186425,0.024055809594017392,-1.0227129435121416
2014-01-23,-0.5320762337426257,-0.8929311341099138,-1.5206721333223796,0.0071446433067142955,0.04208374727694914,-0.3707522269531888
2014-01-24,0.6159167954762321,-2.109646461003822,-1.256391576637651,-0.10007148797951723,0.0660958413727435,1.5561329574530123
2014-01-27,-1.3340264183981279,-0.4888232923261316,-2.133778758922449,0.10721562086340834,0.06004924218155101,0.7690788767972144
2014-01-28,0.1774662565321007,0.6121908511444599,-0.07037390866070262,-0.21454631701014493,0.0,-0.9317466637848746
2014-01-29,0.3564144363617904,-1.0261676387288874,0.8206883582460935,-0.014319467340294953,0.07801014527450914,-0.40783090785074017
2014-01-30,-1.1435645704433564,1.1204049508506286,-0.4807484999380184,-0.057298382888359145,0.08394292374433221,0.40783090785073745
2014-01-31,0.0,-0.6486303697573044,0.0,0.0,0.0,0.0
2014-02-03,0.0,-2.309663228816655,0.0,0.0,0.0,0.0
2014-02-04,0.0,0.7612079911712782,-2.936444770718419,0.0,0.0,0.0
2014-02-05,0.0,-0.20303185904787224,-0.601823123944441,0.0,0.0,0.0
2014-02-06,0.0,1.236303252960314,0.7202699709977894,0.0,0.0,0.0
2014-02-07,0.4545037159690155,1.3214212922079904,0.9926700150970871,0.071617850228635,0.10782318044731858,0.2032934223219845
2014-02-10,2.4577483127449917,0.15680346623456046,-0.26652113802082056,0.05725737345088265,0.07181758642514721,0.9298631786330124
2014-02-11,0.791904858286478,1.1001356953851575,1.7625640477946514,0.03576921739320927,0.0,0.8814159627564436
2014-02-12,0.24838284333712607,-0.026930401563143885,1.4590946914559622,0.007152308410581029,0.023927738344710903,0.1594260999291678
2014-02-13,-0.5115964601954381,0.5793241362750423,-0.5410876140911582,-0.007152308410583455,0.10162906270036029,0.0796178386006977
2014-02-14,0.7003546997404321,0.47976627138052635,0.5976995992206444,0.0357564275987658,0.13733395202240153,1.5791879697891757
2014-02-17,0.6976900698454591,0.0,1.0595992688066764,0.028595939571456133,0.10734733855271139,1.6317378358505212
2014-02-18,-1.271433506191614,0.11578007430249318,0.2295027607590293,-0.08581236224526015,0.0,-0.890271024247902
2014-02-19,1.1419614599722145,-0.6545856467982497,0.33943103694569476,0.04291538582422801,0.03575685377787686,0.11657277403264728
2014-02-20,-0.9233997395938646,0.6013325902815457,-1.200406792367408,0.007150774074343356,0.04170017634072782,-0.2722148287984739
2014-02-21,-1.0168529066792709,-0.19205507490625245,0.7746969952827933,0.014300014324394627,0.02977519748064531,0.4662013105811371
2014-02-24,-2.2232302071590593,0.6221585992379092,-0.7993494053593551,0.03574109191339442,0.05952381128130921,0.5026107623001198
2014-02-25,-2.5891011223563534,-0.14027184704836168,-0.319243250114479,-0.06434316575871368,0.029748624345507804,0.576813750787921
2014-02-26,0.2543672116112191,0.0021678571816661323,0.537331053504031,-0.042918455594415046,0.005948663039753739,1.3709277925033363
2014-02-27,-0.43066526352012424,0.4935878866371388,1.7264745546603173,0.042918455594411736,0.035684548969109754,-1.832112314759636
2014-02-28,1.1476030263613763,0.2778871606797594,0.03845384075551497,0.05004826186762397,0.07133091903233263,0.8438868645864603
2014-03-03,0.5217732313048403,-0.7405881878043588,-1.4835189559570143,0.007147707375899265,0.059403589723559046,0.9882254501731832
2014-03-04,-0.27874292588839034,1.5152293854515366,0.6951574000013301,0.042875518736004814,-0.005938771269964198,-0.45489085263691287
2014-03-05,-0.9335779721088362,-0.005336577974016258,-0.3441845006283089,0.014287755417950097,-0.0594071187197718,-0.3425312578334131
2014-03-06,0.44531509104252276,0.1716949158601179,0.544093739481477,0.007143112257050519,0.023767082702484076,-0.2672267289784436
2014-03-07,-0.24302221637728152,0.053793938560730996,-0.18728735602222274,0.007142602052956262,0.029700912036343112,0.9132483563272474
2014-03-10,-3.3087219538461174,-0.04633562520154853,-1.761008455230258,0.03570535975378054,0.02375437982544803,-1.4114291145796494
2014-03-11,0.5170169331661448,-0.5095076179252814,0.021017394665935094,-0.12145027390325638,0.023748738459883366,1.0319220177244748
2014-03-12,0.25921234937861204,0.030515307410829928,-1.6647294813060025,0.014295925685535628,-0.047503118285348624,1.5843409484726179
2014-03-13,1.2316152021448048,-1.177009932020802,-0.6682415253934538,0.021440057255607308,0.02375437982544803,0.29895388483659857
2014-03-14,-0.8208493843255135,-0.2825787581649674,-1.000526413277002,0.014290818173660713,0.05342673244536154,0.18639334380627326
2014-03-17,0.9471517923864294,0.9567743988496134,-0.30474219556163,0.014288776190616461,0.035601970351716,1.221558776812389
2014-03-18,-0.22914301466603984,0.719365860408948,0.5088561277343273,0.06427423895618326,0.005932429628292076,-1.5946935380982143
2014-03-19,-0.8106636478103345,-0.6150535593061313,-0.0686407831513861,0.007139032664112744,-0.017798344800919692,0.14942102145018335
2014-03-20,-1.6114566061183215,0.6022339367196353,-1.8083408081750765,0.035687520452970786,0.00593313358625173,-1.466467340424674
2014-03-21,3.3839769521836023,-0.3001278196391153,1.1945088469395981,0.021406400595499107,0.011865211214666015,0.0
2014-03-24,0.8191306856668246,-0.48122461174945647,1.8934030500234849,0.06419172147243697,0.04151715607809068,-0.4175371410480733
2014-03-25,-0.09717320531113725,0.4394241920648026,-0.5237883535199664,0.02138808691716852,-0.005929967090414968,-1.1092100720307791
2014-03-26,-0.15616204533718112,-0.7024971200665743,0.7126566180673588,-0.007128854039724165,-0.011860989220393045,0.0
2014-03-27,-0.709079567442838,-0.19018808412744231,-0.24381218878835098,0.12112145686513065,0.01779095631080909,-0.6947152602985714
2014-03-28,-0.17373657703046586,0.4629512997768188,1.0527664670717896,-0.07835595371870052,0.011858879349812092,-0.46583935173223595
2014-03-31,-0.26336192335318254,0.7892887011329989,0.3868688502459966,0.14953540010070732,0.07112375833249435,-0.46801957504774666
2014-04-01,0.7801553462212936,0.7014659430600536,1.3340227789347932,0.014229811479024631,0.017773038347677576,-0.7849333864454981
2014-04-02,0.8108994989914428,0.2849261279041829,0.33531648976436484,0.007114146483259032,-0.0059239951440487725,0.2361276185679907
2014-04-03,-0.7234250847612154,-0.11270826423899495,0.18248350226476323,0.0,0.029616466971986326,0.5488057678775262
2014-04-04,0.9407766927853386,-1.2616514258563742,-0.24403696978823633,-0.09252340434429851,0.029607698217780636,-0.03910068476013444
2014-04-07,0.0,-1.0808351829803233,-0.5922859958231588,0.0,0.0,0.0
2014-04-08,2.3445109622953786,0.37435802443231503,0.9775477563382664,0.07829460523095846,0.10060065351205982,1.5522236371561728
2014-04-09,0.058267143984768364,1.085898956046606,1.0836340257355117,0.014228799113344766,-0.017745704107380383,-0.2699056969165058
2014-04-10,1.557568407307595,-2.1105915074922734,1.493788493592855,-0.03557579460481325,0.011830819298034256,0.5390848634876594
2014-04-11,-0.13621081287134548,-0.9532051442590619,-0.7937587409986555,0.08536065392404645,0.05322137259358742,0.26845653706689826
2014-04-14,-0.09045489999545323,0.8183683881893848,0.15272868611886295,0.0,0.06500990152422982,0.6489810905372162
2014-04-15,-1.7407882234368046,0.6734582113406398,-1.6081708101294416,0.04976008632976972,0.041347943528944206,-1.302201472811208
2014-04-16,0.13729305388831026,1.0433825888179193,0.10910950760485438,-0.021322719438269168,0.02952378162036785,-0.6963277652144878
2014-04-17,-0.3465307464796091,0.1362968261737882,0.2826015905272391,0.021322719438263516,0.02951506765618957,-0.7794271726818797
2014-04-18,-0.014564147679238786,0.0,0.0,0.0071065629138224815,0.04130646504900272,0.3514942107444371
2014-04-21,-1.6878598282128159,0.3767994738389568,0.0,0.035525241057141915,0.058979653729773276,-0.27327754660819426
2014-04-22,0.435534737750322,0.40837708429826225,-0.12996001910039778,-0.007104038648969288,0.017687114982870705,0.07815553348203104
2014-04-23,-0.09686977512172841,-0.22157486947723798,-0.9771891928290573,-0.03552776532199819,0.023577954721659442,-0.27381202321243997
2014-04-24,-0.19128234747168124,0.1715503883693198,0.23588705048899883,0.0071065629138224815,0.023572396832595283,0.2347418918305113
2014-04-25,-1.039313671122527,-0.8129365642879085,-1.5150894923371385,0.0,0.029457684249881474,0.9722028742703689
2014-04-28,-1.527269538509703,0.32307955332088845,-0.4103165505354417,0.007106057917361099,0.041226185100529195,0.7326040092072881
2014-04-29,1.0947510707306307,0.4749512631766084,1.4415401145291769,0.007105552992656883,0.0,-0.5392925243027809
2014-04-30,0.008755818976960846,0.29875523247041835,-1.4350340659348144,0.042622718553923855,0.05298013368956718,-0.2707408344949908
2014-05-01,0.0,-0.014332617611718806,0.0,0.0,0.0,0.0
2014-05-02,0.0,-0.13493343030381874,0.5707911765610578,0.0,0.0,0.0
2014-05-05,-0.10145699874888332,0.18694572336087256,-1.285547916468839,0.05680204640086013,0.08823789507480513,1.0402713730140667
2014-05-06,0.03977933187015999,-0.9028997640356609,0.0,0.06386375948833552,0.04702839425928756,-0.03833620901848464
2014-05-07,-0.9319582644962555,0.5600759982857978,-1.0524176335818722,0.014186409443572717,0.017629947449655105,-0.307219903697014
2014-05-08,-0.08518980521814429,-0.13745926338061829,0.4169485323553142,0.014184397186884542,0.05287120111413366,-1.1605546120308003
2014-05-09,-0.07424919071040666,0.15183361955399688,0.11839788514061414,0.03545219308943938,0.09979161991585993,-0.1167997018124958
2014-05-12,2.1393200843521676,0.9626232902744135,1.806841737507359,0.035439628963632015,0.0645180232943532,0.038948393871130756
2014-05-13,-0.23890308880089406,0.04217073940358064,0.40691328099656104,0.0212577503014576,0.05861664880611708,0.3110422414392552
2014-05-14,-0.11409581236373162,-0.4712130811625354,1.0254423045216048,0.0,0.01757829670832733,0.193911249436949
2014-05-15,-1.3107236579213903,-0.9405875621160416,0.6536246477322583,0.0,0.0175752072862225,0.3480954974969508
2014-05-16,0.0870855218024306,0.37399575698852106,-0.07899873154679454,-0.021257750301470358,0.005857716078172265,-0.5031944041218382
2014-05-19,-1.4460854257799005,0.38374297012765973,-0.037034256669948695,0.014172335624624034,0.03513909260169743,0.0
2014-05-20,0.029686257135565334,-0.6519604456060596,0.5717290236833386,0.021254738115370507,0.05268549807219184,-0.038812342812075636
2014-05-21,0.947115937631349,0.8083301565924459,0.008057594286976161,0.014167316025686456,0.0234068700231829,0.3487699718285327
2014-05-22,-0.23610360053804313,0.23594648720788378,0.5120748603829124,0.1132663295382123,0.01755155774579896,-0.15485872239156523
2014-05-23,0.8200487057247687,0.423937234257786,0.052700785764570185,-0.1132663295382108,0.03509387647878956,-0.1939112494369598
2014-05-26,0.35136257540616,0.0,-0.011670176441932056,0.12741560441148472,0.05261773338973572,0.155159069141885
2014-05-27,-0.40415963340618866,0.5969947749389869,-0.08225239575090193,0.035364430824396,0.05259006169064986,-0.5051497044522619
2014-05-28,1.0226580520446888,-0.11146902132564401,0.5898201820207627,0.014142271272335269,0.035044682328165315,-0.9000256411127665
2014-05-29,-0.6561682697498932,0.5352758739255505,-0.30327531258095464,0.049482205088373116,0.07005254226932939,-1.2260386916420596
2014-05-30,0.06030205014873059,0.18420236241803511,0.3102941212580657,0.028264556434628704,0.046674446588293866,0.0
2014-06-02,0.0,0.0727548660923367,0.0,0.0,0.0,0.0
2014-06-03,-0.30401413723913523,-0.037929861387248805,0.9030807704852359,0.07062645960643829,0.13989277170667624,-0.9194548084838723
2014-06-04,-1.0118379288242951,0.1889868998570514,-0.6000093362376665,-0.014121302007498362,0.08151383275220192,0.0
2014-06-05,1.0436480357772817,0.6504104782935938,-0.1817931962708236,0.0,0.05236668434917943,-0.16077173880968523
2014-06-06,-0.7414186191670842,0.4617093474191693,-0.6889203390253454,0.00706090026770181,0.05233927600508567,1.040425551743289
2014-06-09,-0.02037949436392222,0.09382907902712104,0.7227100208607198,0.007060401739778252,0.0697431156945882,-0.23913921320757675
2014-06-10,1.2565264682696011,-0.02460238963117835,0.8540060229645682,0.09173988858374232,0.034853325940974546,0.0398962702280006
2014-06-11,-0.023229803479439058,-0.35432986633579716,-0.2510037705842059,0.0352621746310335,0.017422108699943446,-0.03989627022799616
2014-06-12,-0.3410156251704816,-0.7114123963848035,-0.3543656823971676,-0.02115581263840822,0.05224812170758,-0.15974444291571754
2014-06-13,1.0546903837483221,0.31296339563013215,0.620079463169806,0.014104372378821093,0.017409975960181432,0.6771585325753775
2014-06-16,0.71486812174921,0.0836357865342108,-0.07936535591317039,0.042301185063934724,0.058011371855442924,0.5147506911456475
2014-06-17,-1.017129141084642,0.21702325923408,-0.4175107442671727,0.02114388421029302,0.005799286689359541,-0.9125236897644603
2014-06-18,-0.4358062128735605,0.7689248112361751,-0.09429710233931891,-0.06344506927423642,0.0,0.27860714539090015
2014-06-19,-1.5550052015271079,0.12766632824317234,-0.060367492709664045,0.028202778160554887,-0.005799286689357761,0.7523298204952493
2014-06-20,0.46073432979710055,0.1728556015696327,0.11358492772093637,0.02114686505607022,0.03479067644972791,2.6086743047167005
2014-06-23,-0.12264570630223637,-0.01324678767336581,-1.6924732784373748,0.0,0.07533830149740676,0.4983717426572728
2014-06-24,0.5006401071550449,-0.6456103946242596,0.3319659525651217,0.04932530135591677,0.005792903694586819,-0.34476188142330183
2014-06-25,-0.5352741222748362,0.48855324556185037,-0.06094343597443829,0.028174966728614744,0.04054093241752949,0.15337426319487185
2014-06-26,0.7334624529569314,-0.1179549508052484,1.4377036026268268,-0.014086491078380795,0.04052450340578102,-0.0766577270195462
2014-06-27,0.0549852618931262,0.19090501895577705,0.10206951220438093,0.007043493575726793,0.028936022656242254,-0.34568884050532644
2014-06-30,0.688702849324919,-0.03723359533374368,-0.13272362860023773,0.02816901427079177,0.0,-0.07698229787419128
2014-07-01,-0.025821787773345702,0.6655590151633005,0.0,0.007041013908914068,-0.005786534735286266,0.5376357036380496
2014-07-02,0.29099813726909884,0.06585713293444535,1.5357485800213344,0.021120067662713057,0.01735859978321703,0.15308077998943348
2014-07-03,0.42863193889052154,0.5464577266607205,-0.07722851143785604,0.007039031432170228,0.01157072607598365,-0.34476188142330183
2014-07-04,-0.06868726162693305,0.0,0.06338444234659264,-0.028159099094903228,0.028920959220573552,-0.03838034973231475
2014-07-07,-0.11049410260930141,-0.3931280911030786,-0.023106027887812755,0.04223567569472799,0.04047529616678306,-0.5774799493883909
2014-07-08,0.19206930680411088,-0.7073729944500342,0.0019540251857674026,0.014074595378632955,0.03468007664374897,0.30840425369613195
2014-07-09,-1.4674163675399177,0.46335189363311335,-1.5639442904821037,0.007036554905624765,0.0,0.7286705299601
2014-07-10,-0.27323433651778173,-0.4139677938001678,0.27111906584375084,0.0,0.023113371188085964,0.4955222641664433
2014-07-11,0.24060478796132811,0.14698966344172243,-0.023842088025697192,0.02110669441823558,0.04043554917468389,-0.19029501460860757
2014-07-14,1.0995611234380527,0.4831845777309738,0.4861310918523698,0.028135331127419633,0.0461920442418554,-0.7264417340933721
2014-07-15,0.14806521806535125,-0.19339917631568573,0.48407766689498005,0.014064697632200434,0.017316517114466128,-0.5386700212625073
2014-07-16,-0.18905424233134066,0.41923269614829217,0.2695430895647673,-0.035165453820917666,0.02885419992897007,-0.8913060362281804
2014-07-17,-0.6377195397012508,-1.1904630539099268,-0.010245694744655332,-0.04221487433409023,0.0,0.8913060362281788
2014-07-18,0.32750100317137376,1.0212621215764002,-0.28133737167568446,0.007037050071526768,0.0,0.34662079764861076
2014-07-21,0.09934328491423958,-0.2322963707646372,-0.2888439781799508,0.03517782426256555,0.04038189792104616,-0.07692308071612093
2014-07-22,1.2114413996883127,0.5003598871257555,1.6747318707908754,0.02110075618871658,0.017301536996353797,0.15378703530750892
2014-07-23,0.23391258785556207,0.17529106323480886,0.7947442236150709,-0.007033090694599366,0.017298544082338184,-0.8487705275951588
2014-07-24,1.7670512961563731,0.04880515519555957,0.705129168225587,0.007033090694589139,-0.005765848878693724,-1.0124697080808993
2014-07-25,1.04232901707245,-0.4860938593827177,0.3081633399449981,0.02812741738534106,0.04611748510859019,0.8961680861327679
2014-07-28,2.7679839804538897,0.02880788446230361,0.8741820435843092,0.014060742430371847,0.0633768350081551,-0.2718976233243116
2014-07-29,0.3210130813810343,-0.4538026355257783,0.8636843068956578,0.0140587656635476,0.01727762264210234,0.3881992452724208
2014-07-30,-0.40220281237013394,0.0060913396397368385,0.3713794509800941,-0.0140587656635426,0.02303218758381818,-0.5049534908761985
2014-07-31,1.2088510403169475,-2.0201982180386895,0.09957757143101932,0.03514320893665358,0.0633111765370558,0.65981221326777
2014-08-01,-0.89105486868424,-0.28632061512498974,-0.9106302661708683,0.028105677531825028,0.017259730215730074,-1.0108950782740609
2014-08-04,1.9646873773633426,0.7163332167737625,0.2753779228899503,0.03512099217780643,0.03451052605283999,0.4678371106100721
2014-08-05,-0.26415339535563,-0.9732663890958775,0.19566147963885402,0.007022718497222794,0.028749676764164716,-0.07782101560060241
2014-08-06,-0.2591403084897922,0.0015623169160183835,-0.26051969555459553,0.014043957610307824,0.028741413700569086,0.0
2014-08-07,-1.5249263771319705,-0.5572092405117981,-0.8027946583407963,0.007021239251633603,0.040224106274277055,0.23328159879530724
2014-08-08,0.1578589218745932,1.146541212583467,-0.23050579625052864,0.00702074630820817,0.04020793299236996,1.5032081086330538
2014-08-11,1.4570735308218732,0.2755584642493888,1.2847318745831693,0.03509633981206296,0.05741187435225532,-0.9996238563376012
2014-08-12,-0.35138941132835516,-0.16379596859127998,0.1758979750958695,0.014035087742327357,0.045905779196019306,-0.4647568396546962
2014-08-13,0.07841469559782697,0.6684782151863076,0.8105369633392536,0.014033118181885497,0.040150277289492185,0.155159069141885
2014-08-14,-0.9779312441503313,0.43363557532498453,-0.3581286013635055,0.014031149174151738,0.040134163311411564,-0.03876720343182647
2014-08-15,1.0514130473625072,-0.006137730678305775,0.617330821386515,0.014029180718837492,0.02865740096988031,0.07751938372689901
2014-08-18,0.5882348784438218,0.8490446467309806,0.0020837340514951977,0.03506434342879872,0.08592296103591436,-0.3881992452724317
2014-08-19,0.00867490783455655,0.4993269222234391,0.6689135079220331,0.0,0.04007213036992667,-0.3506724809210078
2014-08-20,-0.3639813101406844,0.24747310461941838,0.1464121825400859,0.014022295472722204,0.03433476428581242,-0.0780944983071285
2014-08-21,-0.5040278580821221,0.2950573782451105,-0.6606095820209729,0.02803869358060381,0.017162962369422628,-0.19550348358033506
2014-08-22,0.4712264483418953,-0.19996087832775036,0.4715181449714957,0.02102386216091385,0.03431709024756323,-0.4314578177792123
2014-08-25,-0.9558235534141565,0.4776344146317369,0.2175057948764884,0.04203446888288977,0.0571689930960342,-0.039315903789311324
2014-08-26,-0.8044260646485996,0.1050541125247729,-0.36786429445686764,-0.007004517916932141,0.04571167441463399,-0.23622058228378295
2014-08-27,0.15061205374236328,0.004999825007161261,-0.623086132220149,-0.007005008583991034,0.028559189113135194,0.35412195180698375
2014-08-28,-0.7034927360265342,-0.1691328095421374,-0.7158745628200065,0.00700500858398436,0.022841480227219064,0.0
2014-08-29,1.1617991704791912,0.3314911875534921,0.004284294464265036,-0.014010507903810976,0.02854451536522859,-0.03928501327286134
2014-09-01,0.7256715621147463,0.0,0.040530042994162595,0.05603025780425211,0.09699045119201506,-0.03930045246102828
2014-09-02,1.313577074802853,-0.05442312867592464,-0.01240376227497152,0.028003360586271692,0.039909918144257435,-0.19673427553342582
2014-09-03,0.9333377174471427,-0.07794154778782814,2.2727738061991496,-0.007000105004443375,0.03989399648271788,-0.5925358043574712
2014-09-04,0.7191665767130724,-0.1535626069269506,-0.07914514181248247,0.013999720028474069,0.05126890653186344,0.5531424613229038
2014-09-05,0.9449390512170239,0.5023279382596159,-0.22861983119740256,0.03499072781421014,0.028471372227740776,-0.67207210864131
2014-09-08,0.0,-0.30778848267845094,-0.19710261662618894,0.0,0.0,0.0
2014-09-09,-0.16487955578166338,-0.6566472549267278,0.0,0.04197271834966851,0.06829823828380835,-0.8364916331627658
2014-09-10,-0.5244743252963485,0.36394434933185005,-1.9444730296251704,0.006993740605025474,0.011378506014450854,0.31948908965192885
2014-09-11,-0.369819570906488,0.08815118498071217,-0.17306761733533882,0.020978287549405044,0.028440601994848033,-0.3194890896519177
2014-09-12,0.6131066642117589,-0.5980449610726171,-0.2733367029976896,0.006991784655867469,0.028432515616180272,-0.8435478821101575
2014-09-15,-0.04795359463878287,-0.07103865355538411,-0.9737308948469263,0.0279622511433881,0.04547521679096952,-0.040346984610275166
2014-09-16,-2.0068830018530677,0.7456519556098105,-0.9113955813208331,0.02096655841624961,0.011365573689546922,0.0
2014-09-17,0.5244588794488785,0.12948221428846018,0.9910945189198954,0.013975263805859445,0.017045938846350552,-0.7697019972895272
2014-09-18,0.30511521615541026,0.48792375757879136,-0.855662626433711,-0.0069873877679212555,0.03976256123280747,-0.9397413386404927
2014-09-19,0.6846293970023694,-0.04774029371384585,0.5670581063319546,0.07683442560091633,0.06812762838728338,0.04104247954184432
2014-09-22,-1.9271927732757512,-0.8045609973506699,-1.4532291018001882,0.06979828579592072,0.045392647170725726,-1.5715790785511625
2014-09-23,0.8597942377340709,-0.5793240342941877,-0.4955593186281827,0.04185559879731879,0.028359944604602123,0.29136336949295577
2014-09-24,1.7517136523830228,0.7801962174309509,0.3540302550246204,-0.006974716654953123,0.0396904152858668,0.37336695520488095
2014-09-25,-0.20082694624188585,-1.6300883863057503,-0.64366268254531,0.0,0.03400782212676992,-0.4565270431574954
2014-09-26,0.009683707948579,0.853926846933231,-0.37819451930344433,0.020922690734352038,0.02266545793927087,0.6633523495633877
2014-09-29,0.4339003736881332,-0.2550087857627876,-1.9153124035749935,0.06971070341557345,0.07928867153789612,0.33003330286566995
2014-09-30,0.13019551372489097,-0.2789811661869117,-1.2834489279684804,0.06966214144479138,0.06791171738086843,-0.1236348807805344
2014-10-01,0.0,-1.333710386960968,0.0,0.0,0.0,0.0
2014-10-02,0.0,0.000513831047207512,0.0,0.0,0.0,0.0
2014-10-03,0.0,1.110364569816025,0.5721191129199124,0.0,0.0,0.0
2014-10-06,0.0,-0.15663462589335855,1.080140558757012,0.0,0.0,0.0
2014-10-07,0.0,-1.5246801043953608,0.4599306830133536,0.0,0.0,0.0
2014-10-08,1.1115122819742915,1.7316095146622312,-0.6819651648721596,0.08353056311942492,0.14133478905258154,-0.0825082555057792
2014-10-09,0.14402246852672082,-2.087782075594148,1.159040332269694,0.02087174321419301,0.05083166357227446,0.3296253499597545
2014-10-10,-0.6129251171330179,-1.1517102846274005,-1.9132313865242585,0.027822216218962782,0.02258355926489873,-0.3296253499597667
2014-10-13,-0.48125398289480986,-1.6605025431830203,0.23723879830639488,0.027814477614845397,0.06772009288150443,0.3707522269531828
2014-10-14,-0.34209913261883124,0.15776404760320126,-0.41310823644523526,0.0486567277524124,0.03384285666009124,0.0
2014-10-15,0.7051134248427022,-0.8133321486981497,0.39871863737814495,0.027793218633591046,0.0563793215588124,-0.4946423935325574
2014-10-16,-0.7937259455333313,0.014495671456831241,-1.038692477110294,0.04167534963424063,0.07324562966561252,0.4123717183862156
2014-10-17,-0.10900249885733239,1.2801813443832692,0.5324879781422426,-0.0764180800674539,0.08444757715085169,0.0
2014-10-20,0.5301411819906631,0.910636822763762,0.204150463573337,0.09724924356326554,0.12372759016119432,0.1233806448928344
2014-10-21,-0.8723277540563934,1.9380108805740395,0.07937808212657202,0.013885031957893269,0.15163856771059445,0.36923118871275923
2014-10-22,-0.6079945654532505,-0.7326077968841472,1.3567543101900272,0.006941793067936163,0.07292923382900024,0.040941658709045474
2014-10-23,-0.943184346988809,1.2228325652846546,-0.30292841619168,0.0,0.044853106829570485,-0.7395267886156994
2014-10-24,-0.21852488994331307,0.7028685012031182,-0.1328605215917069,0.0416406418675644,0.0392299722014932,-0.8281620831721986
2014-10-27,-0.9191713148032377,-0.1502721736806668,-0.6845479556769629,0.20101902585811451,0.0728148574474712,0.0
2014-10-28,1.9986518346390838,1.1868342458139376,1.6164131877338412,0.0,0.0783567510847289,0.20768439448392906
2014-10-29,1.4269238010960563,-0.1386316024766647,1.265367727786692,-0.01385041553461409,0.07829540134884445,-0.1661129950076487
2014-10-30,0.7130070209915365,0.6210809640156638,-0.4958985927473952,0.020774903990796133,0.09499064777073579,-0.7928270195794137
2014-10-31,1.5832366471229449,1.1663102277224975,1.2411873361291785,0.048457998248451754,0.11163830352878827,-1.9032082181167445
2014-11-03,0.16821779781429888,-0.011893375899205165,-0.3426557119917366,0.04151674568352735,0.10594107322231033,-1.1163705464776916
2014-11-04,0.024832262967562097,-0.2833812080753587,-0.2944206501717465,0.02766825776799019,0.10026180308509312,-0.43271378638813934
2014-11-05,-0.3876718658560639,0.5684325469845496,-0.6312009190780143,0.02074617067709395,0.07791196342700227,-1.970722855103443
2014-11-06,0.104561029904606,0.37683963328125325,-0.1956281898364983,0.020741867533837128,0.09452584873536357,-0.8438868645864708
2014-11-07,-0.15630306962739934,0.034948426815119865,-0.4197927543341833,0.06910850309604681,0.11109260710396324,-0.08924587830196112
2014-11-10,2.509147726738283,0.31153438558825863,0.8223336189184867,0.04834755075699642,0.10542378559991838,2.163917510348103
2014-11-11,-0.27781145669093166,0.06964300884238955,0.26740716517270535,0.14490256114839542,0.0776096274888451,-0.8335209477118342
2014-11-12,1.3858745019638592,-0.07013362458967196,0.5441254513877325,0.04136219554351432,0.049860115711224055,0.9644967359181766
2014-11-13,-0.5631173960630542,0.052972597729773946,0.34096448822265996,0.01378359754078059,0.011076650432229178,-0.08729812863447312
2014-11-14,0.05204576191585105,0.024024613086403534,0.28037331607066385,0.013781697926981118,0.049829749390832394,-0.4376374599799
2014-11-17,-0.543570597831692,0.07350887583099522,-1.2125167816144466,-0.006890611544490414,0.07746362363787443,1.9544596072970346
2014-11-18,-1.0055840643545262,0.512079924412077,-1.1321956075900828,0.006890611544488532,0.038709321134763275,-0.08605852510476507
2014-11-19,-0.16512301633197193,-0.15022487778296995,-0.6646154903199833,0.013779798836743403,0.03316749615811237,0.5580611177708491
2014-11-20,-0.004887352439377085,0.1965149713115464,-0.10132066586098375,0.04132800720072769,0.016579623680528753,-0.21427049123604827
2014-11-21,1.8106348039051618,0.5223212603738253,0.37395238286906696,0.01377220770663739,0.005525930429935921,0.1714531067240452
2014-11-24,2.5151950428490637,0.2859972285084541,1.9270298182113077,0.013770311230789882,0.08285233427083169,0.2993374054664988
2014-11-25,1.361004389288374,-0.11507481131779239,-0.20625496318892197,0.0068844446001488785,0.03864094331979162,0.04268943501330573
2014-11-26,1.3851179342303284,0.28020289550014527,1.1179973605204803,0.05505850104677581,0.03310892867680766,0.12795907056252545
2014-11-27,1.1491483475100788,0.0,-0.44766646395070453,0.0,0.05515719941270995,0.0
2014-11-28,1.9531802802678102,-0.25456552865591014,-0.07013708691025901,0.0206391249743725,0.005514047036238351,-0.213356172250995
2014-12-01,0.390610575725653,-0.6852732470835006,-2.618674856434101,0.013757050510061807,0.049612745980574885,-1.4630209317157223
2014-12-02,3.62618057801216,0.6364114596567206,1.2200888244501156,-0.006878288684480799,0.016532113668376466,3.7852701061586274
2014-12-03,1.4804337739874627,0.37576597991097704,-0.9586564655369939,0.006878288684491778,0.01101989091422942,2.39186660355169
2014-12-04,4.506831624379936,-0.11624963624507377,1.7094361015503883,0.0,-0.038574932283360765,-2.1417622630927884
2014-12-05,0.6592806686398218,0.16637374265151783,0.7111111345417708,0.0,-0.08271071023756514,-0.7521974454688557
2014-12-08,4.014358269389344,-0.7282994123169773,0.18742860631840694,0.04813477830604624,-0.06069802917767686,-0.6734032181344068
2014-12-09,-4.591143647367025,-0.02378565736081461,-2.3640849799645363,0.034367804579251725,-0.292971658656758,1.2589339583563413
2014-12-10,3.6231739825712226,-1.6486095225712945,0.16460208756372813,-0.0343678045792517,0.027675532238765267,2.349170464116135
2014-12-11,-1.2033450236039125,0.4525462792593977,-0.9051868217308504,-0.006874978518415083,0.027667875007035856,-0.8180004711930807
2014-12-12,0.3204085900504157,-1.6346465435817352,-0.272069038103137,-0.02062777192999201,0.03319134842664973,-0.28788833373013156
2014-12-15,0.7488115008466791,-0.6362810672940926,-0.9566369856152744,0.04125128968774981,-0.022126341499734945,0.041177682278355394
2014-12-16,2.643272731139671,-0.8525252460965012,-1.5639833126793827,0.027491409107876445,-0.07748077204261504,-1.7861326344310906
2014-12-17,1.7166087788213455,2.0148061015694454,-0.3741358614249556,0.048091787536765296,-0.09416457338552461,0.20933648004633224
2014-12-18,-0.43751490981086794,2.3731391638557113,1.0849097067532854,0.006868367735098103,0.0,0.5006268278144222
2014-12-19,1.1068467817994743,0.4559675654011466,1.238001362473734,-0.06183229903983001,0.005541547755720099,-0.20829001490093266
2014-12-22,0.33386244045745367,0.38031565245638005,1.254992269634772,-0.02749329868166272,0.011082174333936996,0.0416927252235007
2014-12-23,-2.0704060750434605,0.1744894943896145,-0.3203955651937296,0.006874033341773038,0.0,-1.8511256389176431
2014-12-24,-2.8845491525892126,-0.013928747275794275,0.0670479212093945,0.034363080644675914,0.10521944761418224,-0.042471863029609654
2014-12-25,3.19969834794668,0.0,0.0,0.061823804133027495,0.06639739080872332,0.16977932770942702
2014-12-26,3.256910752122751,0.3304044342253277,0.0,0.034330049429115224,0.06635333392467234,0.54980049680891
2014-12-29,0.2786725568574573,0.08613800797716425,1.7989336311524748,0.027455556490686293,0.09392525345881672,0.46286638498400023
2014-12-30,0.06072609089625887,-0.49006072778080584,-1.151082593706092,0.03430884858849151,0.02208724470603129,-0.4206989797629438
2014-12-31,2.1785492941144713,-1.036428918775506,0.44130199877851156,-0.05489980922956063,-0.011043012545052697,0.7978207340708796
2015-01-02,0.0,-0.03400451807075162,1.065179763912602,0.0,0.0,0.0
2015-01-05,3.0060048111760076,-1.8447215507429586,-0.5737824369868522,0.08233841552053568,0.09934323903284677,0.16715423866908186
2015-01-06,-0.013237030750112334,-0.8933269124887846,-0.9994844543855476,0.013716480372633509,0.00551617618805982,0.7901891812461358
2015-01-07,0.07497753564798687,1.1562716479232131,0.8304640781236944,0.013714599212352456,0.005515871922866232,1.1941669600263602
2015-01-08,-2.3471971626830466,1.7730232270553912,0.649330655713516,0.027423557007191405,0.01654579051289665,-1.0286040083002463
2015-01-09,-0.3528298553229762,-0.8439402894368317,0.3535514162416696,0.10277141119007092,0.005514655197573517,-0.041365047125514164
2015-01-12,-0.9389756309296251,-0.8126593003387722,0.44428842619071895,0.04107900920426298,0.04410629688880311,1.3560922835289766
2015-01-13,0.01320504707925184,-0.2581895102717448,0.7856609827153221,0.041062141283231934,0.02204585546848522,0.5698021114637575
2015-01-14,-0.3311358048954581,-0.5830024197198858,-0.4277807418513356,0.047884530791497515,0.022040996342254468,-0.6106267701242655
2015-01-15,2.862289829894903,-0.9290915347145515,0.9834695043750058,0.10936433079110677,0.03856005776701544,-0.3271986559207692
2015-01-16,0.8571362251401432,1.3334893478396,-1.0211332571088803,0.06146491571347453,0.06606838317736412,2.4282860484659095
2015-01-19,-8.015130618237729,0.0,-1.5260106492587107,0.05460378266856697,0.08252414299385984,2.37071553219062
2015-01-20,1.2165668278834363,0.1548750052890778,0.8918975492156183,0.020468734080264114,0.04398504579381263,-0.03905487259169992
2015-01-21,4.396983230816947,0.4720491566868883,1.662104181922456,0.027285129773627324,0.01099323916899065,2.6596287256272966
2015-01-22,0.5263275064130819,1.5154358001382195,0.6958565954987758,-0.020463149350078633,0.049454626389173986,-2.2697646840615824
2015-01-23,0.11538874944474295,-0.550673692932809,1.3279496334357106,0.0,0.021971985806608727,0.5432687013226967
2015-01-26,1.0098812559806103,0.2565158589374469,0.23894537834142693,0.0545590956723983,0.06588700617202493,0.11603172835367873
2015-01-27,-0.9203569503387768,-1.347826914874784,-0.4128156332868501,0.040899796071174194,0.03841404903871737,-0.8930364145468495
2015-01-28,-1.3973811988386204,-1.3587495823831957,0.21957326743263914,0.0,0.03839929831324884,0.46692691836834715
2015-01-29,-1.2423236245239884,0.948953412967013,-1.075516163544489,0.02725724037319692,0.016452329412737506,-0.5449604767564815
2015-01-30,-1.3709500819556846,-1.3077094111243877,-0.3616898260853498,-0.06815703644436942,0.03837824548872574,-1.3359727189931416
2015-02-02,-2.3697588935763036,1.2879177186226798,-0.09107649074330104,0.12264923859653044,-0.005481704811579788,1.9585428232384652
2015-02-03,2.4586725593225003,1.4336212205417898,0.2856473620619863,0.013618412114206642,0.010963109148732282,-0.6225701042453103
2015-02-04,-1.0433166395721538,-0.4164697065034053,0.5076934544296009,0.03403791856954423,0.010961907382857319,-0.9017900752001018
2015-02-05,-1.0289194434677784,1.0238806024834353,0.34676773161045704,0.034026336712669435,0.03835721573645064,0.4715136437133002
2015-02-06,-1.6327061956983395,-0.3424003889146327,-0.34826694705483746,0.020410246014321627,0.054770512925741456,-0.3534266392412174
2015-02-09,1.0062951927666928,-0.425624879230165,-0.6438589091539492,0.04080799893399109,0.06568504259375559,-1.8662443563780156
2015-02-10,1.8073416272677556,1.0618932294575798,0.028950582373940416,0.0067997144146014,-0.005472105941331749,-0.08019246620612025
2015-02-11,0.7946463039003694,-0.002900568511630124,-0.8725132701463332,0.013598041902919642,0.027357535803799647,-0.321414499282884
2015-02-12,0.2544716378215498,0.9598318580950462,0.4396241002141011,0.11550876093190895,0.03281916668775958,-1.0924648404748796
2015-02-13,0.7798437312035172,0.40664545328546337,1.0605603688458056,0.0950247814665533,0.04920856328282972,0.6892384876810554
2015-02-16,0.8510218291919589,0.0,0.17806451982700838,0.027133360633154538,0.06557377284149164,0.32271105053759536
2015-02-17,0.6505187922668755,0.15962531949234388,0.23570335409206963,0.013563919993666684,0.05461198322613193,-0.2419356018807114
2015-02-18,0.0,-0.03142842202812534,0.19025758223743397,0.0,0.0,0.0
2015-02-19,0.0,-0.1062630993007247,0.0,0.0,0.0,0.0
2015-02-20,0.0,0.6107796303298104,0.0,0.0,0.0,0.0
2015-02-23,0.0,-0.030332041294573772,0.0188448130209968,0.0,0.0,0.0
2015-02-24,0.0,0.27549400403308333,-0.3496496481785182,0.0,0.0,0.0
2015-02-25,-1.2453434032846211,-0.0766077014015406,0.11391456832527183,0.108445178040177,0.1363996174046529,-0.9328804218502681
2015-02-26,2.4860244573845796,-0.1477063185743682,0.49830679955618334,0.02032038480253983,0.05995694181194692,-0.16313217320840853
2015-02-27,0.18343956472538747,-0.296068767526803,-0.31682055888188376,-0.03386960235596235,0.054475133449332455,-0.04082465866050447
2015-03-02,0.7923535218589893,0.6106288914289237,0.25809331550650455,0.054185858816993074,0.04900226052918884,0.8133432393011871
2015-03-03,-2.6267604796090733,-0.45489372363725106,-0.7447470630714338,0.006771168367687827,0.021771077210018072,-0.7725185806406721
2015-03-04,0.6513137194802968,-0.43981612914209806,-0.9656730894199118,0.02031075461435108,0.03264773127267915,-0.24519832472868677
2015-03-05,-0.9812853905205393,0.11953606197183841,-1.1194068522581944,0.013538211622926764,0.02175923416081086,-0.4510977507963325
2015-03-06,-0.5110935152098373,-1.4275342485307394,-0.12010662145985503,0.0,0.02719238629943759,-0.3705995594317536
2015-03-09,1.6884015880599006,0.3936699946892563,-0.1696107333830227,0.006768418561571984,0.0543625998710181,-2.0421630720463466
2015-03-10,-0.4856377758069667,-1.7106870531886451,-0.9415723821911899,0.027069094027361924,0.010868974522949727,-1.058210933053686
2015-03-11,0.11474376101390119,-0.19194991693251123,-0.7519102441079234,0.006766128762019329,0.010867793305248358,0.2549937633272484
2015-03-12,1.9162097729641288,1.2522721054237218,0.3366874038361818,0.006765670987998995,0.032596295176437494,-0.340136382349029
2015-03-13,0.6882489287905819,-0.609321316658598,0.10604528350001557,0.04058441614147787,0.05430355821742871,-0.12785000676071342
2015-03-16,2.4037770242952687,1.3442889619502028,0.5289218983320308,0.0,0.04342162465099385,0.6799856205133218
2015-03-17,1.37888898192853,-0.3364308328732715,-0.200873444590664,0.03380776934730999,0.005426377622935445,-0.0423639065857289
2015-03-18,2.3394708854160378,1.2085578932076502,0.9103888512620432,-0.05409791854952886,0.016277366358068222,-0.5523702168632181
2015-03-19,-0.1643552096703331,-0.4846393438773226,1.4357826155291105,0.06761782663475568,0.021699034478128022,0.4251707085107797
2015-03-20,1.3666239924088748,0.8953370605355112,-0.3834651769076872,0.0,0.02711717347201761,-0.16985142087686442
2015-03-23,2.0214468103774523,-0.17281985462039282,0.48811478187039614,0.040548760439340206,0.0,0.466398979862628
2015-03-24,0.02479513504466165,-0.6158382825834895,-0.3882272085828706,-0.006756985035846161,0.021688445565688066,0.46423379427527345
2015-03-25,-0.8247768547111329,-1.466595021813647,0.5257960401821525,0.013513513534058375,-0.016265893168949844,-0.08424600329778792
2015-03-26,0.24300393775876697,-0.2380259551864185,-0.12707723497071582,0.0,0.005422258371954534,1.089700640393085
2015-03-27,0.5478133536797859,0.23657037582941712,-0.044423322321112055,-0.0067565284982232425,0.005421964379011685,0.08333333815586311
2015-03-30,2.890593474259921,1.2162396804615399,1.4954073986332581,0.02026821612857072,-0.016266775147708565,-0.83647497343905
2015-03-31,-0.9085273138891357,-0.8834638950921472,0.18397782663895332,-0.040540541095785344,0.021688445565688066,-0.7588569299954853
2015-04-01,1.7783984223886913,-0.39732777015764315,0.727681307271674,0.12157235051313606,-0.016265893168949844,0.08460237391256038
2015-04-02,0.021361016904411723,0.3523442754392329,0.7660727173347984,-0.05401390989468355,0.0,1.2605208918982191
2015-04-03,1.103332899345268,0.0,0.0,0.04726376645155602,-0.010845398850157817,-0.2508362519206167
2015-04-06,0.0,0.6586997425284128,0.0,0.0,0.0,0.0
2015-04-07,2.1234444591105848,-0.20640140117176337,0.0,0.026997840336793626,0.027111292019117984,1.1238411728896063
2015-04-08,0.8359010677879679,0.26790260911049435,3.7324206231508965,0.026990553470198252,-0.010843634796997473,-0.2901556439834231
2015-04-09,-0.7867587227373286,0.4447561655731752,2.660982013936182,0.013492545389162263,-0.010844810768682026,-1.0851525516129212
2015-04-10,1.9120430002146038,0.5189316335635196,1.2099722693975734,0.0,0.037951693372098125,0.20959974137504853
2015-04-13,1.7491084490028435,-0.45917462766684586,2.6913076277490475,0.013490725146932118,0.03793729552586927,0.5845528127436188
2015-04-14,0.3862856959007792,0.16283576529126242,-1.6368402847458705,0.060685750825704626,0.016254436142302122,-0.9201235974408601
2015-04-15,-1.3079442950495945,0.5135086608693579,0.2077915859043605,-0.14840801428700692,0.01625179450474241,-0.5054770661624061
2015-04-16,2.9917256533789325,-0.0778797746659118,0.43675362105323995,0.12818352235841637,0.03791058563099887,0.966597145442853
2015-04-17,1.8132853145938377,-1.1375675981876396,-0.3126399952133201,0.0,0.054133060381097886,0.0
2015-04-20,-1.6279489230137427,0.9192762234207431,-2.039193514992135,0.05392289157351739,0.0919590035863849,0.6253929076299451
2015-04-21,2.1277275071618154,-0.1481767624114939,2.7503934961204077,0.05389383046101795,0.05945785424211928,-0.5000010416705751
2015-04-22,2.578415809188959,0.5074620009561437,0.29886545954655075,0.020202700496342704,0.04321988181808322,0.3752349618550372
2015-04-23,0.022740922556720982,0.23549546644853883,-0.38072875744738927,-0.05388294061801595,0.037802079564524395,-0.9617469070948632
2015-04-24,-0.8101037861722149,0.22502621405813722,0.8348071730371415,0.013473457309501542,0.016196517784091723,0.0839983249725032
2015-04-27,2.207206926859039,-0.4149903864416299,1.3191193527622365,0.12117949510347716,0.07015461284467304,-0.5472545756459865
2015-04-28,-1.3766660375929696,0.2765362774477354,0.03221023040229229,0.006727890472465399,0.026969443783828366,1.049768195913303
2015-04-29,0.6823137450142324,-0.3747389861512533,-0.14921781299770592,-0.07403170240868621,0.03235373444236424,0.6661140366782222
2015-04-30,-0.5132194378830071,-1.0180511364075624,-0.9457852404107162,-0.006732873256193672,0.05928800669532461,-0.2908790748231868
2015-05-01,0.0,1.086376271801401,0.0,0.0,0.0,0.0
2015-05-04,0.7938074906820127,0.2936456294242169,-0.03263604335076358,0.04039044147807956,0.07002235615076811,-1.2141660566855557
2015-05-05,-4.069023437725174,-1.1907989281938556,-1.3181444182127533,-0.01346166792098443,0.010768319614141472,-0.2952965655629469
2015-05-06,-0.9510283736947853,-0.446565288921807,-0.41385382496671325,0.006731060481107093,0.04844309376971827,0.25316469217797266
2015-05-07,-1.8449855609358727,0.37666635227395195,-1.2777686241206374,0.0,0.026902693121818595,-0.5917177028088619
2015-05-08,1.9564243320192223,1.336810183819619,1.047518559749739,0.17484873318057648,0.09141505758539754,0.25402215183584
2015-05-11,2.857344659899196,-0.5102547415113406,0.5094816135028742,0.02015519506974822,0.06447799911740623,0.16899032327520944
2015-05-12,1.2055514367841247,-0.2954015158135171,-1.1284214286228544,0.1074258193816836,0.059068333037092476,0.042202997039142716
2015-05-13,-0.6124134474079099,-0.030493615635559614,-0.5777924120329612,0.020129499849900815,0.06439841373143797,0.29492332310169955
2015-05-14,-0.3749361822742488,1.0721548914049037,0.13668080526951612,-0.1611495682121582,0.04827160918641278,1.3787559124506807
2015-05-15,-1.788109088405674,0.07681740692506561,1.944323177035217,-0.02688352728066208,0.058967006988845966,0.33140046900372916
2015-05-18,-0.9209636695777086,0.3043326204180875,-0.8338445091599518,0.09406074329615166,0.07499866425364693,1.273902577742971
2015-05-19,3.354622073617856,-0.06436412462661924,0.37004795252389167,0.14092543351673487,0.026771611543187964,-1.0260709762962636
2015-05-20,0.499614106359053,-0.09309586724919672,-0.3925213696471658,-0.12078106547816342,0.037468219359804114,-1.0784011601745451
2015-05-21,1.7936692139944563,0.23351597649989828,-0.22257809535425824,0.09395343285582518,0.026754421327675634,0.0416927252235007
2015-05-22,2.2540883896715105,-0.22363806280129897,1.6900227606237006,0.006707582925010891,0.05348737825422166,0.457476364500624
2015-05-25,2.9484278031066076,0.0,0.0,-0.013415615796889244,0.048114191941537196,-0.04150238698294245
2015-05-26,1.9309011793626434,-1.0335154142642595,0.9140095873211718,-0.03354691567573844,0.02137665677230166,-0.12461060802470716
2015-05-27,-0.33686750765274504,0.9120904921787637,-0.598783243065403,0.020129499849900815,0.032056419572481475,-0.7090749208814788
2015-05-28,-6.940612158040061,-0.1267591534086388,-2.257750101652056,-0.046975137595034404,0.02136523883781523,-0.3774380660289091
2015-05-29,0.14102566969914454,-0.6338445791358441,-0.10976977513745514,-0.04699721460164644,0.016020934054720423,-0.2524191495906912
2015-06-01,4.747282616441169,0.20573017741854285,0.6287398248551875,0.12080538381940449,0.042709946727916115,-0.0421318733849726
2015-06-02,1.674010372433088,-0.10091607056388198,-0.47377788849565766,0.0,-0.010675776672881887,-0.295421189743152
2015-06-03,-0.35476376934678394,0.21166434256780875,0.6920764236599861,0.020120049697330646,0.005338030801703638,0.0
2015-06-04,0.7327098740330601,-0.8660571815416116,-0.38247184428921577,-0.03353566549422191,0.0213492742057648,-0.4660038087814067
2015-06-05,0.9438439451468477,-0.14372106268171128,-1.0644840129827313,0.053651667841877776,0.0426848795297594,0.12730746467981127
2015-06-08,2.3280619291954845,-0.6495537098383695,0.2056565792117872,0.04692160826106462,0.053330490304574686,0.38095284166676485
2015-06-09,-0.6801502940655594,0.04183265556517879,-1.2034218941812007,0.00670129000081923,0.03198464764194857,-0.5507321693761817
2015-06-10,-0.15713441610746842,1.1970467999834085,-1.1248105630467236,0.006700840958065311,0.021317416409859173,0.2969249265290887
2015-06-11,-0.04751452230757099,0.17370426241117387,0.8217528720778818,-0.006700840958056136,0.005328644127768989,0.21155074528192322
2015-06-12,0.5361014621372613,-0.7018875011890289,1.3755561903254208,0.006700840958065311,0.015984228928185584,-0.1692047781024449
2015-06-15,-2.158961466658665,-0.4633205529385608,-1.5468052227779003,0.07367963091616898,0.02130833163828319,-0.25434519858303667
2015-06-16,-3.0402008370704716,0.5673679086406269,-1.10470234405602,0.020085026680188613,0.0,-0.12741560441146593
2015-06-17,1.4506727323198003,0.19777309251246272,0.701759371660845,0.006694112530527292,0.04792715164830005,-0.34057078469827945
2015-06-18,-4.137520215213451,0.9853976761801558,-0.22126001454883618,-0.0066941125305274305,0.005323821440288394,0.0426348333041021
2015-06-19,-6.1371606365484155,-0.542662641085703,0.246449534048068,-0.006694560671952265,0.04258037109255873,0.806627171261258
2015-06-22,0.0,0.6185328548290588,1.1898795286030903,0.0,0.0,0.0
2015-06-23,3.163516472288442,0.06357354142135757,0.9284756701699091,0.06692544755219773,0.06915445656882045,-0.3812756154556127
2015-06-24,1.945714017500998,-0.7380525755900911,0.26127910749835714,-0.013381506777635251,0.02658513906392744,-0.12741560441146593
2015-06-25,-3.6223149389110247,-0.2977994976722945,-0.9503887433321957,0.08026219412884297,0.031892840327731695,-0.08503401872930129
2015-06-26,-8.195074404026794,-0.033302251539957264,-1.791103086740424,0.020055486914177956,0.03719546258244224,-0.6400704591951901
2015-06-29,-3.39269063427768,-2.114402266065554,-2.6483734617967825,0.0200514654951183,0.058422074583074274,0.8100662502400439
2015-06-30,6.49885279749339,0.26597051177325387,1.0841401006085896,0.006682928461728366,0.031852206034557184,-0.8957193604016829
2015-07-01,-5.042923394757012,0.690733906976403,0.0,-0.046789880871014204,0.02122916895775658,0.12845216923566188
2015-07-02,-3.469421125157507,-0.03081219031646385,0.12293378867148352,0.040106952409281756,-0.005306869744127614,-0.9458368018523629
2015-07-03,-5.557637642920018,0.0,-0.8337197549452167,0.0,0.005306869744116469,-0.8676844025688971
2015-07-06,2.8569577947473177,-0.38692233125439635,-3.2276630523635474,0.060130284090021836,0.06366047960353115,1.25569954771562
2015-07-07,-1.7797517268816894,0.6062523086486957,-1.0394904837753378,0.03339009680761398,0.05831985956458758,-0.6042314455962586
2015-07-08,-6.983830569371683,-1.678806297747781,-6.018288303978935,0.006676681691669156,0.005300119253924061,-3.5694470129970326
2015-07-09,6.207500555830871,0.22547593739953228,3.6582742999365405,-0.21387523190769683,0.03709297130730858,2.0426997999181835
2015-07-10,5.22170185606954,1.2262958517226932,2.0631610942355616,0.03344817236923032,0.026486558226628373,1.353436944395367
2015-07-13,2.5308118553096723,1.1005278427365044,1.287711091858037,0.07354662184226025,0.06353913165158598,-0.13018010083192383
2015-07-14,-2.39471496580462,0.4443342901147857,-0.40957516320107923,0.013366303568637989,0.04233700317260144,-0.1738375057503665
2015-07-15,-3.5996451826674667,-0.07352331138653617,-0.2596825840041065,0.03340794471990278,0.03174099375958141,-0.3049446928551361
2015-07-16,0.7683755038495211,0.7982668716293924,0.42621773556851444,0.006680249843813173,0.04230565901277579,-0.26212334798740816
2015-07-17,3.7835637381116736,0.11056405254354068,0.9984255915745857,-0.006680249843817599,0.052856917558123315,-0.13131978249604723
2015-07-20,0.21935239758763186,0.07708723459965329,-0.04116483149065206,0.21354696136546011,0.07395277924066453,-2.080181225480564
2015-07-21,0.129553221937892,-0.4270764044629494,0.5167533923074418,0.053315562742441036,0.03695589092556362,-0.7181359408664697
2015-07-22,-0.2125466012258127,-0.23905372610337478,-0.9988856949067558,0.033307797663281166,0.05804596347777639,-0.9959339902758579
2015-07-23,2.2276131720386956,-0.5692209947696617,0.4586694259981236,0.03329670726331681,0.05801228968433707,0.1363946562894979
2015-07-24,-1.768778990571825,-1.0761020194054138,-1.0700839294536828,0.013315579247372686,0.042169627950826315,-1.2803101270032045
2015-07-27,-8.950231363702752,-0.579175006922778,-3.139071901206445,-0.02663293177738876,0.04215185267112149,0.9161768161458673
2015-07-28,-0.20023535411204862,1.231002184803006,0.622158184528483,0.06656903454460149,0.03686830157897544,-0.41124115530924366
2015-07-29,3.081996465220779,0.7292110507604485,0.47028599977909846,0.033267906757473556,0.052645434224581934,0.13726838119719523
2015-07-30,-2.9687283089267247,0.0028454898986964685,-0.4946115773458002,0.039906884467094714,0.047357205757607636,-0.7342850798476025
2015-07-31,0.03373902699644393,-0.22361761701058885,0.562948806963391,-0.0532127190951895,0.052592827550749705,-0.6469523489135343
2015-08-03,0.32791572842636524,-0.2798695769603551,-0.9169097648760063,0.026609899039402585,0.06832935011324835,0.7850421291998396
2015-08-04,3.0583333700520967,-0.225225320432502,-0.02171350715674253,-0.05322688083083199,0.0315208828457028,-0.13808978028629307
2015-08-05,-2.0795381768609933,0.310982898558392,0.44169892589791077,0.05322688083083871,0.05776249274476547,-0.09216590514173525
2015-08-06,-0.9104967884948152,-0.7783182188635467,-0.5681405782850238,0.06649378528127331,0.031492756926244606,0.04609357076308552
2015-08-07,1.940755464064186,-0.2879027637921453,0.7242956180125081,0.053163212310102466,0.05246589837035918,0.27611614413280655
2015-08-10,4.441048405220078,1.2726901022967103,-0.1277673154329057,0.026571011183283866,0.06816454134893103,0.45850607606504423
2015-08-11,-0.43418855162691605,-0.9603129968501637,-0.0934733366126724,-0.013284623068363248,-0.03669821006348846,2.4848805064443305
2015-08-12,-1.250647982324289,0.09496130321388531,-2.405152637853773,-0.006642973397327933,0.02097205481392057,3.8087335050401268
2015-08-13,1.4666553672022462,-0.1275950900305485,0.42883297572973644,0.019927596465695134,0.03144983776838694,-1.0362787035546546
2015-08-14,-0.04719595846743891,0.390426203683068,-0.11568465498434106,-0.006642090932663649,0.05763235954453292,-0.7405827793000707
2015-08-17,0.10629079611513745,0.5197938255237148,-0.7379072960956603,0.02656571709851049,0.078536091368829,0.349192847186433
2015-08-18,-6.390908206880051,-0.2628973548012266,-1.4366190386811482,0.006640326706517631,0.015699819484327044,0.3913899321136315
2015-08-19,1.5749044393822618,-0.82892253214385,-1.3169205403405886,0.006639885796421599,0.026160889619453967,0.0
2015-08-20,-3.260965920707666,-2.1325899205105867,-1.7872098585126597,0.033192817379118014,0.04184319324610989,1.8065007397638986
2015-08-21,-4.678272084634489,-3.2369259548499683,-1.5403112196389157,0.03981684305042996,0.03137090896793982,2.108893002191908
2015-08-24,-9.154192022927587,-4.021141628117561,-5.305955595911657,0.013268758727100089,0.05748778542918166,-0.6700192569819562
2015-08-25,-7.366122059867776,-1.3608908109569628,0.719189587870169,-0.026539278287416694,0.02611989044496214,-0.6745388139531538
2015-08-26,-0.5679924038901382,3.8285932135994725,-1.5279446422114495,0.03317299748451841,0.0626599153706141,-1.1487043987130698
2015-08-27,5.7771152897658204,2.400724232625184,3.5333074374518256,0.013266118353238437,0.03131524033940899,-1.2053525184362652
2015-08-28,4.174411521969534,0.0608570807887431,-1.040953747604423,0.006632399272850808,0.03652205711948606,0.5183596919941629
2015-08-31,0.7229199071509692,-0.8427108353350126,0.2688818953886308,0.08618118469033059,0.04693733951464155,0.08613264959720907
2015-09-01,-0.13236597034032546,-3.00226098516122,-2.2641899050392658,0.026502352238864598,0.07296987710415899,1.0704448177577943
2015-09-02,0.11144910917225026,1.8127666183109614,-1.1894147799608263,0.05298364254025291,0.02083876016917072,-0.34129725962399576
2015-09-03,0.0,0.1164105680449443,0.0,0.0,0.0,0.0
2015-09-04,0.0,-1.5448291002620418,-0.4516046362960333,0.0,0.0,0.0
2015-09-07,-3.4870908251837522,0.0,-1.2412731465420546,0.06619010037790497,0.08851631621137564,-1.8111749943046058
2015-09-08,2.5375556929388257,2.4773604592646015,3.229146104843546,-0.006617038877506493,0.03642513374475289,-0.1742160719385037
2015-09-09,1.9391343727121302,-1.3995038527950137,4.021113129975988,0.03969566707765743,0.036411870672002716,0.2612104227924961
2015-09-10,-1.2356299103398267,0.5264075550540028,-2.6037653181383025,0.02645502660931806,0.03639861725440585,-1.1808578064697717
2015-09-11,-0.309428692589109,0.44770015545705893,-0.26995244976723054,0.07271525688109927,0.03118827346207865,-0.13207133770949064
2015-09-14,-1.99321372297671,-0.4098031324803634,0.2671698023563216,0.026428807553897482,0.07273483279930902,0.0
2015-09-15,-4.007765175017976,1.2749719911298718,-0.4959429819579318,-0.019820950809825637,0.02596391031070894,0.0
2015-09-16,4.861035249404097,0.8667694070501722,2.3557410852279075,-0.013216150154709016,0.03633815286435906,-0.1763668887496704
2015-09-17,-2.2074551673601563,-0.25642905425419793,-0.5113050942557371,0.039643211619287674,0.0415131550770114,1.3152315851505367
2015-09-18,0.440013102751095,-1.6270734906886075,0.30245279188471247,0.01981571392592586,0.025936973300636785,0.6944472352810995
2015-09-21,1.7371677691992746,0.45298863463135364,-0.7504998850903094,0.033017466539599985,0.051853773523815316,0.9470583054233404
2015-09-22,0.926199448283115,-1.2394939887069494,0.18207492784731147,0.006602185325739519,0.020733983072415824,-0.42936948746995635
2015-09-23,-2.3024900244298387,-0.20507542933684947,-2.2909393651963468,0.0,0.0414550736582418,-0.3016593539425456
2015-09-24,0.6710932561111013,-0.3368641780216092,-0.9761182098552429,0.01320306312983572,0.010361083778629165,0.6024114603380876
2015-09-25,-1.6280274546856295,-0.0465889157868587,0.4273189370892115,0.013201320151162764,0.025898013767114317,0.8117968102447473
2015-09-28,0.3336371933852895,-2.6001239239395293,0.0,0.026397413206817107,0.04659952967025553,-0.5975263190087068
2015-09-29,-1.9901595037358297,0.12321224333906237,-3.0173633112314437,0.03298697044589452,0.04140358200126062,-1.422744412743241
2015-09-30,0.7550599295570428,1.8895865203796398,1.3994417201606677,0.013191741988668258,0.03621407732483302,-0.1738375057503665
2015-10-01,0.0,0.1971981855787723,0.0,0.0,0.0,0.0
2015-10-02,0.0,1.4213772604289279,3.1159676374519027,0.0,0.0,0.0
2015-10-05,0.0,1.8124561438544924,1.607069915541392,0.0,0.0,0.0
2015-10-06,0.0,-0.359468696646854,-0.10474723821659428,0.0,0.0,0.0
2015-10-07,0.0,0.8003564071616849,3.085613084663553,0.0,0.0,0.0
2015-10-08,2.8784359610446315,0.8779731449656634,-0.7169524725239027,0.07252349089918503,0.11889685807070635,1.253528408814683
2015-10-09,1.314966776577068,0.0724867966759282,0.4636535833084555,0.04612394243798082,0.015497869074031627,0.3858525687529721
2015-10-12,3.1699920748681505,0.12746911096436508,1.2044032551695938,0.12508642468403094,0.046479201394500444,1.1909966387175441
2015-10-13,-0.07690124613385733,-0.684881380942293,-0.5756292064239991,0.07234700568771524,0.015488267668218838,-0.6362693787828769
2015-10-14,-1.1365067861415072,-0.47274552579458295,-0.7129190102136065,0.0525831483129551,0.015485869175352229,1.6459540187604724
2015-10-15,2.341736467348373,1.4743553692310356,1.9779113241871644,0.05255551296896718,0.01548347142522991,0.6675035214052032
2015-10-16,1.3460139287751416,0.4560061340766879,0.779888162700563,0.02626740230498136,0.025800459391276353,-0.4584296421942931
2015-10-19,0.003304921104225063,0.027048493195005824,0.03571507556551387,0.05907644006530169,0.04126689422022583,-0.33472834600570345
2015-10-20,1.2238989938351956,-0.14220938665690214,-0.37508051709617,0.05248310820463507,0.005157164592044663,0.0
2015-10-21,-2.9628868650865137,-0.5842410271440132,0.0,0.03278796055474135,0.025781834262489485,0.25115124126607724
2015-10-22,1.465617870007212,1.6490813232663315,-0.6276939416576585,0.013112174672940841,0.02577518894595854,-0.4609268583659655
2015-10-23,1.3164981864010803,1.0970005786788946,1.3330107328747371,0.026219192599085853,0.05668204104044574,0.4609268583659661
2015-10-26,0.5033177153835359,-0.19149470559137485,-0.15427449000576615,0.04586705188036019,0.04120313202089202,-0.5870037819795155
2015-10-27,0.10075827132913048,-0.25573668722574233,0.11448589178698178,0.0654878870817857,0.05148005261699244,0.12607692361353967
2015-10-28,-1.9096229700464706,1.177038977262058,-0.8076522287189919,0.019638006150897353,0.03602027465812259,0.586266335815292
2015-10-29,0.23764054796558487,-0.04497865982006129,-0.5969454889724262,-0.013091575589826475,0.036007304727912186,-0.7544042484821737
2015-10-30,0.02185532471460696,-0.48215754142581274,-0.7914695040031299,0.019636720730754155,0.03599434413460705,-1.4407028852398192
2015-11-02,-1.6581309784038383,1.1803904793109323,-1.1997456508359436,0.032719301407634564,0.06167446358829987,-0.5563891948049347
2015-11-03,-0.3016545649017692,0.2724357616923586,0.8829463435782732,0.006542575814416973,0.02054970467031729,-0.38701402853091543
2015-11-04,4.5974913754843785,-0.35516762958985526,2.1268611098727273,-0.0065425758144291545,0.010273268963223139,-1.3446309726151755
2015-11-05,2.1115222248436476,-0.11327293322022361,-0.010975041335516224,-0.052356022138383605,0.02567855597912419,-0.8771986072836994
2015-11-06,2.33108822744221,-0.034769107284318417,-0.8001633341329019,0.013091575589814684,0.005134920024738734,0.08806693655934832
2015-11-09,1.2308897952231381,-0.9871351502606852,-0.6165729570114918,-0.039279869572150045,0.02053704376474074,-1.3292176208936701
2015-11-10,-0.1854881386456736,0.15095068126030056,-1.4406675980805277,0.006547716486205024,0.015400015430457815,0.0
2015-11-11,0.010637959871590068,-0.32333213949674144,-0.22134407693432978,0.006547287788375716,0.0,0.04459308881030613
2015-11-12,-1.0046421292139203,-1.4089149017324396,2.3729542606662215,0.006546859146651569,0.0051328114986343995,-0.3573027472539072
2015-11-13,-1.301655148110924,-1.1270674060276151,-2.1764328092359353,0.0065464305610769885,-0.005132811498639696,-0.6283683153241726
2015-11-16,0.4762491758120924,1.4793350640956329,-1.7354471946167505,0.013091575589814684,0.030792917872253554,1.4748870705294186
2015-11-17,-0.1525899931926075,-0.13402769799722192,1.1448102413021526,0.026178010620694712,0.005131231240054349,-1.5649771667127776
2015-11-18,-1.1455167239472417,1.6033163805428428,-0.34189328801107266,0.019629011742294665,0.015392114137259796,-0.8144841406132185
2015-11-19,1.5857488595531462,-0.11236981412047732,1.3961766770227302,0.03924646832166364,0.015389745330099422,0.5437258524588077
2015-11-20,-0.015516562955349342,0.38029879831690383,1.1247509464633547,0.026155757685231693,0.0051293888344476485,0.5407854549291002
2015-11-23,-0.5592200381145327,-0.12357033585728208,-0.3911003998426771,0.026148918237519442,0.030770809002222125,-0.8575994786892854
2015-11-24,0.014748461368742288,0.12213434858008503,-0.34591811090887137,0.006536161314791438,0.020508613689590994,-0.09070295406426149
2015-11-25,0.7356735769993903,-0.012924813505752468,-0.3975994926833986,0.0,0.030755036379584384,0.723330459352006
2015-11-26,-0.5882047351345159,0.0,-0.04027835688529781,0.08493124346809006,0.015373971895915528,-0.315813481527555
2015-11-27,-5.535162143633503,0.05934462650656421,-1.88805368623272,-0.07839550933942999,0.025618035236810117,-0.7711537421628384
2015-11-30,0.26447481280837487,-0.4651706497517027,-0.3263383095384571,0.05227050102677443,0.0512163903641298,-0.9608859106636962
2015-12-01,0.7064409881589664,1.062395243373084,1.7348309936245965,0.02612500831264631,0.02559836184461619,1.596385098901399
2015-12-02,3.5624419193197534,-1.1056653069340217,0.4384212114504417,0.032646665433120045,0.030709387077243955,-0.49898039570374103
2015-12-03,0.7319822281588224,-1.4477878923262812,-0.27921892131393505,0.019582884621485913,0.046046405356837926,-1.1894010298331454
2015-12-04,-1.9310511257314162,2.0317941551718297,-0.8112395535595002,0.04567848948881459,0.06647406478001064,0.6879183285442163
2015-12-07,0.27195749884882825,-0.7014104884478266,-0.14703267408219928,-0.006524221173409094,0.05110384412117349,2.0805816087274205
2015-12-08,-1.7669832160352859,-0.6511062305276754,-1.351646743891104,0.04566061199321085,0.01532606199838023,-0.8089931761971539
2015-12-09,0.35591920837943386,-0.7769041389937937,-0.46384239795476373,0.039121080240753066,0.03575167943289551,0.4053146733166217
2015-12-10,-0.3541527419729665,0.2248863711052729,-0.45577516067678414,0.019554802395864018,0.0612588716895343,-0.22497197340154415
2015-12-11,-0.4155780582024935,-1.9613874846502763,-1.1145237777503918,0.05212745279957006,-0.005103472914424488,-0.09013069560128868
2015-12-14,2.821827590982271,0.4744314616645313,-0.7210035465631027,-0.006514445785819482,0.0510230124850479,0.7635339137356857
2015-12-15,-0.45731005853383905,1.0562534400149612,-0.16663453368310885,0.10418024122369254,0.01530182859836947,-0.7635339137356799
2015-12-16,-0.24251795630470152,1.4410619402612932,1.9864957560455032,-0.03254466784345718,0.03569516368437728,0.0
2015-12-17,1.893490133914814,-1.515475083488926,0.7842003850663085,0.039052330618672,0.040778877107052684,0.0
2015-12-18,0.3196445625852019,-1.7972470781716567,-0.534066616092716,0.09106283964779538,0.03566788145123502,-0.6331997637507186
2015-12-21,2.5690113264308945,0.77632775964334,0.16588885212129761,0.15591505789579843,0.09165903483148848,1.30720815673527
2015-12-22,0.278133220141319,0.8778122039329509,0.1757841160365829,0.07137990634339697,0.03562250362089195,0.3576221960769077
2015-12-23,-0.26736288009544196,1.2341563236114894,0.9599666704558087,0.05188067561246609,0.010175527864286625,-0.2233639525937173
2015-12-24,-0.9610323401231918,-0.1599891742574954,0.45214021643887,0.04537352208778641,0.05086211390864179,0.0
2015-12-25,0.22950597814344603,0.0,0.0,0.032397058630464375,0.035588093616414566,0.2679769357115293
2015-12-28,-2.9230695042907064,-0.21809411946235105,-1.0025029437662007,0.1100715576185493,0.09145412689044848,-0.26797693571153347
2015-12-29,0.9144298209582437,1.0573612487139963,0.36430543187425696,0.05175648688998326,0.04061944711854274,0.17873105740956588
2015-12-30,0.08770236262866962,-0.7243399159519185,-0.5353944501491292,0.012934937283577311,0.06089825105739776,-0.13401833589559792
2015-12-31,-0.9116840079610838,-0.9456404312783973,0.14727190077265045,-0.0582203981901307,0.00507318063168497,-0.5378766889788988
2016-01-04,-7.279210283928152,-1.5422087447211374,-2.7164452718059264,0.07761966754514979,0.0862047161723068,0.1347406446834154
2016-01-05,0.279612025608619,0.2010240491123956,-0.6510537666159851,0.02585983981310789,0.020272667445659597,1.6470436869959775
2016-01-06,1.7390973515964616,-1.320218727875292,-0.9860754182725924,0.019390492256082276,0.030401297356141936,0.7915608612660998
2016-01-07,-7.185337468855181,-2.3985794022258524,-3.1346307047157675,-0.012926577060385204,0.02026239812414721,1.4782877902580691
2016-01-08,2.0186933682324386,-1.0897570278899054,0.5902380753447767,0.019389239033106423,0.06582445362866648,0.6024114603380876
2016-01-11,-5.161748810978291,0.08529006939786754,-2.8022608886702,0.09688984383589563,0.0607226007930675,0.25706955031008916
2016-01-12,0.7259526253223266,0.7772509257391239,-0.8926263288432151,0.07744434075355079,0.060685750825704626,-1.0755104746590067
2016-01-13,-1.8781174506611769,-2.5282362871704307,1.1255549299305077,0.07093799671934242,0.0758054363527857,-0.8251946934363468
2016-01-14,2.0602285421850084,1.6558094217956527,-0.5910116973403515,0.03867225314068161,0.03030609175635014,0.8684379373534789
2016-01-15,-3.244335320353015,-2.1857040199924165,-1.5081817349959175,0.01933051972900196,0.055537325033392496,-0.6071137468257723
2016-01-18,0.38399531043444124,0.0,-1.4620126856954823,-0.006443091397487781,0.04541669898671007,0.17383750575036783
2016-01-19,2.9085564008720115,0.055295326295533014,2.0496039972577544,-0.006443506558486183,0.010089799221552533,-0.04343105388571922
2016-01-20,-1.523967770578958,-1.1762765749513873,-3.8918148546785214,-0.038669760729357974,0.005044517871277819,0.6063249411057718
2016-01-21,-2.97454193530732,0.5181970226003676,-1.839027260281818,0.06444129621121372,0.03026176449178964,0.9881927891293125
2016-01-22,1.0369163263295087,2.0080708854120792,2.862087632838476,0.03864485427458859,0.04537548289301857,-0.6433648612377277
2016-01-25,0.4941547604433161,-1.5761508958281074,1.3515333659430888,-0.025761576750957315,0.06046863373971379,0.12900453304898374
2016-01-26,-6.2094505079193,1.4045211853838186,-2.5097034760907637,0.0,0.0050374027162252205,1.7043446211692304
2016-01-27,-0.34600073722085317,-1.0922893803811027,1.011000810599212,-0.03865481300547363,0.010074044233572365,-0.21146127566762507
2016-01-28,-2.648642676689314,0.551333252261662,0.7497365717939596,0.019329274245940622,0.015109163736527615,-0.2967990306789525
2016-01-29,3.1842843919106425,2.445864829101941,2.506783964909546,-0.01288576768744773,0.035245840096997216,-0.12746974320005838
2016-02-01,-1.540698774846653,-0.04433423964646878,-0.4460959554714627,0.06441224055232293,0.05536123345301218,0.9310266151095901
2016-02-02,2.056779357207694,-1.89209815953702,-0.7615359040698331,-0.019319316156301614,0.010062386806641458,0.5042027488248078
2016-02-03,-0.42961688758461397,0.49796200980441396,-2.3688339401579,-0.0064406015544188405,0.015091681996599724,0.16750422676948956
2016-02-04,1.2175702288717984,0.1525609102635925,1.003291220004481,0.03219886043855273,0.020118700399816086,0.957742069947515
2016-02-05,-0.7050622317131736,-1.867016688952744,0.5462792812984835,0.012876641789631929,0.015086369493802048,1.1127252662215972
2016-02-08,0.0,-1.423904318809347,0.0,0.0,0.0,0.0
2016-02-09,0.0,-0.06638511706025009,0.0,0.0,0.0,0.0
2016-02-10,0.0,-0.018898131031094854,0.0,0.0,0.0,0.0
2016-02-11,0.0,-1.2377431213466799,-3.9248606286911243,0.0,0.0,0.0
2016-02-12,0.0,1.9329975470501772,-1.227291510434462,0.0,0.0,0.0
2016-02-15,-0.5780512352090277,0.0,3.2150816904049444,0.13510472669812817,0.14571768525721449,4.016604172533465
2016-02-16,3.0193669382727473,1.6381776635361385,1.072243819425753,0.0,0.030121994303767018,-1.267845825977095
2016-02-17,0.8617453180024268,1.634611531802933,-1.0382610520083042,0.0,0.02509473274732612,0.7151401157625087
2016-02-18,-0.3145783551806793,-0.46766370852842465,2.2907082306688613,-0.012859255466818938,0.020071253015343446,-0.07920792493325708
2016-02-19,-0.06923511690900536,-0.002607147233575974,-0.40146418936291606,0.04500016147424907,0.015050796466388166,1.5723594379456876
2016-02-22,2.180882739102648,1.4350746375528582,0.9217711181340014,0.038555456074570525,0.055166881210538504,-0.7045038923208896
2016-02-23,-0.95049696296905,-1.2532587736590248,-0.2536597716946266,0.019272155007772573,0.035090358031069795,0.039269586210530213
2016-02-24,0.6511556344291047,0.4429944898265448,-1.151765914246378,0.04495392298676454,0.035078049017948504,0.7432070196124709
2016-02-25,-6.332106517698367,1.1284417050872817,-1.5950465786373311,-0.032107882760998754,0.02504821795024973,2.0444299332130282
2016-02-26,0.9981877495496289,-0.18719154129472615,2.4856911635014556,0.03852822239916929,0.04507098756719748,-0.7281120498138531
2016-02-29,-2.422709994327426,-0.8154095918303473,-1.3110670984389747,-0.025683832168919882,0.020025031356036276,-0.9661910911736858
2016-03-01,1.8328898436946663,2.3588387634097945,1.5344780840247514,-0.012844390230240267,0.03503415866267617,1.4266677298485144
2016-03-02,4.033929331830181,0.4085962101079654,3.0249230093931745,0.044948149856199285,0.03502188903838004,-1.1551918989733985
2016-03-03,0.2320617977499919,0.34925974922729325,-0.30907328976694,-0.0064199274570316866,0.02000700251758425,0.8100333587977651
2016-03-04,1.1529973246107792,0.33004569962263436,1.1712447874506113,0.006419927457045267,0.07499062968603522,1.3735431508758618
2016-03-07,0.3533050416345628,0.08846130395075827,-0.08419190896461072,0.0192573098133492,0.05995204016500422,0.037885963703799236
2016-03-08,0.09120304359872276,-1.130375611146468,-0.7375448219662977,0.012836146606411787,0.014982395713090919,0.4535155165391363
2016-03-09,-1.157557669004672,0.5039672807617217,-0.07658499308536845,0.03849855677965209,0.03495019632651126,-1.1376686982108046
2016-03-10,-1.931392529152926,0.015582470255186083,-0.059228609148849344,0.01282955932224951,0.05988621797902642,-0.6504710136177783
2016-03-11,0.17039744001553736,1.62625475679903,1.0709832255076843,0.03206669900813832,0.03990423037788969,1.4103530894803198
2016-03-14,1.5584206379069652,-0.12618048449994732,1.1602952767800485,0.06410256629762398,0.07477754031236851,-1.0654590898103342
2016-03-15,0.2960427015600361,-0.18386503245784805,-0.7198223994067421,0.0,0.03487705872279384,-1.970316782009603
2016-03-16,0.4948481847075741,0.55847689767839,-0.15325628140403408,0.02562952535333348,0.02490473950062676,0.7385845042516508
2016-03-17,1.0997792993514117,0.657358536675143,1.2075754343655742,0.06404508993091321,0.029877502463058918,1.1934694114024698
2016-03-18,1.5171140406064836,0.4386154239165361,0.815150629895067,0.006402253595456576,0.03484580765526782,0.03826286635547255
2016-03-21,2.4131172975727617,0.09948405662057913,0.06054776566897114,0.012803277656573355,0.04975867147498671,-1.15430292816747
2016-03-22,-0.7303837624944318,-0.08777491176506626,-0.08415778629712378,0.04479856719509486,0.03978911820124434,0.5788169738997747
2016-03-23,0.31885780682706516,-0.6406466530530142,-0.2496005605722045,0.07035722571085982,0.019888623772794864,-0.8500823989125272
2016-03-24,-1.6903543919861361,-0.03781321788883433,-1.3164959220260568,0.019179746246824208,0.029825520924990565,-1.3674758902965711
2016-03-25,0.5005349599755914,0.0,0.0,0.031958071282814755,0.01490942526928487,0.31421864030724955
2016-03-28,-0.8822483801858763,0.054505413835056776,0.0,0.05111168013137684,0.044714942988228576,-0.5505322595355179
2016-03-29,-1.0885991191297721,0.8778031272149313,0.10164102731224244,0.019160146953065168,0.004967093009846516,0.5113088818998758
2016-03-30,2.5464067641384207,0.43409084032825307,2.1234380122523797,0.0,0.009933445920543283,0.820477351315
2016-03-31,0.056341241288600276,-0.2041861276038347,-0.1283787681348091,0.02554115332190634,0.02979441873267829,-0.8989702909808331
2016-04-01,0.11822703944309265,0.6310940191309253,-1.3459964685493269,0.012768130763015608,0.004964873520853169,0.5091062494151114
2016-04-04,0.0,-0.32134091933979764,0.0,0.0,0.0,0.0
2016-04-05,1.3132628117107934,-1.0196376617517549,-1.582885999719813,0.04467562380845733,0.05955926322579202,-0.5483758356256464
2016-04-06,-0.2133759075077942,1.0452861947236771,0.14694060910514783,0.0,0.014884274791201121,0.15698590351200523
2016-04-07,-1.4918711540514817,-1.2048133236940892,0.2934324285910539,-0.006381010116065745,0.014882059704517033,-0.0784621460417818
2016-04-08,-0.7369647441631183,0.2782731266950438,0.5135794557081433,0.006381010116059994,0.01983930172165418,0.9763795589690075
2016-04-11,1.383162152461868,-0.27435530304558237,0.3450525963783115,0.019140587674475067,0.04462404318291905,0.7357245190421163
2016-04-12,-0.3611981288535767,0.9615763308903494,0.31080553286244916,0.025515085932901995,-0.019830449720428876,0.4234847522400109
2016-04-13,1.3251585217770723,0.9990093075086406,3.1410192989545775,-0.03189487476403865,0.00991571641863929,-0.5006750300982095
2016-04-14,0.44205439433096855,0.017286084744860798,0.8428975378904673,0.006379788831152243,0.0,-0.8919973822442917
2016-04-15,-0.11077518802427697,-0.09847461231804666,-0.10006030710389907,0.0063793818400529195,0.009914733301790195,-0.1949698414461028
2016-04-18,-1.3461055162119218,0.6519674261282988,-0.7296520409964177,0.025513458487694925,0.044604139012335974,0.0
2016-04-19,0.30462901699343997,0.307975662601835,1.2898055242022473,0.0063773476632588335,0.0,0.7001195458983561
2016-04-20,-1.7845484269214353,0.07613247417596009,-0.9369095720880939,-0.0063773476632664194,0.009909329641960299,0.42545026464469154
2016-04-21,-0.6440984911654394,-0.5207599968700849,1.8010424633816156,-0.051033428002222186,-0.014864362717824625,1.5320100478182508
2016-04-22,0.45135866523692825,0.004781188891334172,-0.7204141506077496,-0.012762427431027148,-0.0049552786115503586,-1.5706126346709235
2016-04-25,-0.4061306959558631,-0.18136709785938732,-0.7603233898543792,-0.07660878822068194,0.0,-0.6196766537511493
2016-04-26,0.5401961438238395,0.18710422279640287,0.4815082265552034,0.01277220769343933,-0.0049555241715894685,-0.15552102668064743
2016-04-27,-0.41748653692777576,0.16480173786207936,-0.21356663086340288,0.01277057660888628,0.00495552417159828,1.1220856752224957
2016-04-28,-0.16864630413986464,-0.9273710899120031,0.12365020875026837,0.03191930826039538,0.004955278611560053,0.34568884050533083
2016-04-29,-0.12143747121455166,-0.5075944645770556,-1.5121211219511368,0.006382639223500122,0.01981865933255626,1.5975995933724174
2016-05-02,0.0,0.7779663181895582,0.0,0.0,0.0,0.0
2016-05-03,1.7831574777803803,-0.8714589025124733,-1.869113888218106,0.044667071539954355,0.03962553917817554,1.6096173831331033
2016-05-04,-0.12699049819796016,-0.5954583044667261,-0.7334976628978607,0.0191369247545951,0.014855529998359387,-0.6706433481492022
2016-05-05,0.13882098875268745,-0.023892241230235655,-0.37100125164420156,-0.00637856801363594,0.01485332345841959,-0.112212467357048
2016-05-06,-2.6345119810001045,0.31696056255198524,-1.6763341175966502,0.03188877223361851,0.014851117573898247,-0.07487832622412344
2016-05-09,-2.0897892711231267,0.07531895502368041,0.23314572377270748,0.0382531085315051,0.029695620114297924,-0.03746019897710547
2016-05-10,0.11400670063207702,1.2406388310731433,0.42510501650432303,0.01912106828859881,0.024739615672557013,-0.7144230424256257
2016-05-11,0.44526653149994705,-0.9607555492817648,-0.9300287369063359,0.019117412835024307,0.019787286732864284,0.4518079974789136
2016-05-12,0.23744266289072238,-0.016955023208444768,-0.6996644817763941,0.07006592853285604,0.0,-0.41407926660315
2016-05-13,-0.49316958737481026,-0.8514374961630291,-0.9898970064526953,0.05729017630198422,0.019783372140314323,0.6017317892988829
2016-05-16,0.6603782722674337,0.9749011760057352,0.8315529175141395,0.0127266942583658,0.03461148641440298,0.5981326243609838
2016-05-17,-0.3003755461610379,-0.9455886999175739,1.1741827661083546,0.006362739797887367,-0.0049437646778064245,-0.41083157690877253
2016-05-18,-0.5846270329195771,0.020513622093808807,-1.4639813993615578,-0.0063627397978958805,0.004943764677797142,-0.03743215465755834
2016-05-19,-0.18059110995987257,-0.37136112860127357,-0.6684110254418766,0.0,0.014829827754018655,-1.5469087938150554
2016-05-20,0.511931440189073,0.6001445062372706,0.7984055168405623,0.012725074776999211,0.024711493441302346,-0.038030044192899404
2016-05-23,0.29208637934109094,-0.20876223328746188,-0.21769378836089576,-0.012725074776990569,0.034585834975054186,-0.07610350443414483
2016-05-24,-0.7695617177609835,1.3588628383570183,0.10797322707751658,0.012725074776999211,-0.004940101273087942,-0.4960895501372569
2016-05-25,-0.14142920898604439,0.695053918975373,2.674987002985012,-0.012725074776990569,0.01975894098505698,-1.6197808826657196
2016-05-26,0.1628236267108591,-0.021049408780701166,0.14257275046888815,0.012725074776999211,0.014816644057243056,0.5041701585019469
2016-05-27,-0.05587990725148299,0.42777137484011474,0.876954544668257,-0.019088219445223053,0.019752111071076304,-0.5819609053264041
2016-05-30,0.13738153812554002,0.0,0.2553988462051565,0.05089382386077943,0.03455680926941499,-1.0954726139866084
2016-05-31,3.2987551212683797,-0.1005717421002286,0.8961446385971378,-0.03180560441555926,0.004935712347686506,0.9007305855470537
2016-06-01,-0.284760000898176,0.11343381543654862,-0.2602941093324347,0.012723455707713154,0.02960915931618225,0.1947420284395629
2016-06-02,0.20711340733892497,0.28207287425610056,0.4720793386244591,0.006361120831653909,0.014801292673247651,0.0
2016-06-03,0.6993204475733601,-0.2916001771314822,0.42108387104787925,0.0,0.014799102214819629,-0.3508091689740227
2016-06-06,-0.33093659905588896,0.4885314358638568,0.3953555459790862,0.0063607162187803165,0.02466030443313946,1.971840419679647
2016-06-07,-0.054586003565411614,0.1288629446313622,1.4071565280514544,0.006360311657416158,0.01972386594164937,0.15302221807675365
2016-06-08,-0.4121474867599401,0.3303991188786806,-0.14244789407868363,0.0,0.014790346860596161,0.7236748398373163
2016-06-09,0.0,-0.1719171065279513,0.0,0.0,0.0,0.0
2016-06-10,0.0,-0.9217574255820173,-1.2056681962142015,0.0,0.0,0.0
2016-06-13,-3.1347659607633145,-0.8148294359401812,-2.5492511279168353,0.025437202044953783,0.07391893893310361,2.9171851683469208
2016-06-14,0.31395630778244593,-0.180050982836035,-0.6134904568213665,-0.00635869392642505,0.01477723323626131,-0.33228754960770185
2016-06-15,1.304363033102116,-0.18423761246134854,0.3915799990966253,0.03178942710434322,0.024623870504368327,0.4796172263493014
2016-06-16,-0.6985457422734477,0.3128097810598873,-2.1187808633823275,0.012712941791866219,0.02461780864701018,1.6426724542889612
2016-06-17,0.5054746983106431,-0.32632746994190637,0.6543929600911822,0.01906638284717288,0.014767776738059204,-2.2703281976816903
2016-06-20,0.07447174483556325,0.5791368633679743,1.6726962983566902,0.10162602500663716,0.05904930788644295,0.25892376218806284
2016-06-21,-0.20443513406046615,0.2708437354294545,0.7685575769877081,0.0,0.019675356679298026,-0.2589237621880569
2016-06-22,0.8859790595090077,-0.1652952332948847,0.6110444648730188,0.006348198700751241,0.014753977453175285,-1.1922644956906145
2016-06-23,-0.532509979484876,1.3275511311332404,0.3514834119889865,0.019042178482756623,0.019668584417047975,0.07493443587807579
2016-06-24,-1.2967033007194968,-3.663476880713882,-2.9627621774695143,-0.019042178482750846,0.02458029164602638,4.432148214202704
2016-06-27,1.4001842932029325,-1.820825768921334,-0.15723790197346488,0.08248993138846293,0.058968060676768706,0.8917483741610747
2016-06-28,0.5068618128421961,1.76141579169895,-0.27148692805724517,-0.04440919977822551,0.014736583595368526,-0.49839903809806263
2016-06-29,0.4767502021354277,1.6889216752452152,1.2985615600866525,0.038066235709005775,0.009823182719104118,0.4628813676838332
2016-06-30,0.08028787846494691,1.3473821400287618,1.7378353549864083,0.012685525832053615,0.03928308422722542,-0.498576531368211
2016-07-01,0.00885525141003396,0.19467806929598444,0.0,0.06340350199723747,0.0441750320090211,1.3827555895143047
2016-07-04,1.5882303305663288,0.0,1.2655242287882518,0.025350149067880728,0.03434487191230135,1.5720847786948247
2016-07-05,0.0837949812874644,-0.6871075583428663,-1.4756574409764176,-0.01267427124637495,0.009810654378524823,-0.4168119962910215
2016-07-06,0.2932918337002855,0.5338719739026071,-1.2385841221072933,0.031682666678243925,0.034329712703200226,1.9986881731602777
2016-07-07,-0.21314955107724864,-0.08719206389974177,1.027284027377244,0.06966655337340895,0.03431793145581516,-0.3075348400247649
2016-07-08,-0.5521148786385063,1.5138185866623861,-0.6917702889361469,0.0063309170354558545,0.05390439451329648,-0.721280818924091
2016-07-11,0.34553109548139194,0.3402814586803249,1.5265468054644993,0.025319660851803098,0.05387535332956929,0.7212808189241005
2016-07-12,2.157186080843303,0.6984851096364438,1.6351773328965276,0.018985539404553886,0.01958384339186536,-0.617921636595812
2016-07-13,0.29547689404434774,0.013474052016275426,0.458927392964008,-0.012656625760476495,0.029368575835165202,-0.9341012393138849
2016-07-14,-0.18612025638923704,0.5245391042533613,1.1132153606338258,0.006328513117967338,0.024467226272625153,-0.7326040092072897
2016-07-15,-0.014838911767929366,-0.09293745423876834,0.45437049817430186,0.006328112642501186,0.01956947168670956,0.035007877129828786
2016-07-18,-0.43605595467230107,0.23795068786033224,0.6623215781886728,0.03163455785454585,0.048906931086845636,-0.31551296989067995
2016-07-19,-0.42358149910776455,-0.14362676143070066,-0.5979356480973838,0.018975932249600657,0.0439957966669368,0.42046312820318704
2016-07-20,-0.3277605006100026,0.4261212867370133,0.960984241620475,0.04426317692173924,0.03420557584231018,-0.4204631282031924
2016-07-21,0.45970208077042857,-0.36190247858399655,0.5378409185869217,0.06319914259523829,0.024425392759619895,-1.236546404200939
2016-07-22,-0.8447698076445165,0.45435772372509076,-0.16476836536515885,0.01263503697430853,0.024419428218342587,0.602518214742643
2016-07-25,0.17728809627097705,-0.3015996263403,0.13271848911926315,0.018949562637628446,0.04393994944368329,-0.531445006349259
2016-07-26,1.190795074409212,0.03227546677593284,0.6177726280808187,0.006315722994486123,0.0341621730464276,0.10651518848347041
2016-07-27,-1.5828485797177723,-0.11993285198676762,0.40253752770356765,0.006315324136106295,0.024394408922488287,0.07094714735337766
2016-07-28,0.08986891344864949,0.16049295062452704,-0.20115641271309764,0.025257308968002178,0.03901868068816831,1.4084739881739023
2016-07-29,-0.5355941470840886,0.16299621902952421,-1.2843269273887725,0.03156266793870514,0.039003462051678615,-0.5610112890766789
2016-08-01,-0.8501040775170844,-0.12705897060663313,1.080279680162956,0.04417100560853997,0.05360493293730862,0.7356838225708628
2016-08-02,0.3846710813966769,-0.6381913907791874,0.0,0.01892445992085834,0.038967365325042656,0.5221943981151624
2016-08-03,0.13958037475924043,0.31290382452996857,-1.7781889540624305,0.018920879246644286,0.0243468946738486,0.6230549750636163
2016-08-04,0.24336988135545257,0.02125673523035767,0.42739158521213383,0.03152684536975924,0.03894270603662283,-1.0405921161116807
2016-08-05,0.11929636330307712,0.8566643604324631,1.4273638861922346,-0.018914914466405145,0.038927546596382874,1.1785231724622347
2016-08-08,0.9029996227269599,-0.09074743505047164,1.5621435991686463,0.06933720218537022,0.06322496137466493,-2.089212478708728
2016-08-09,0.7024346213754836,0.03896732066463202,-0.129669769552423,0.08817787306875266,0.03402765995451143,-0.03519268028579238
2016-08-10,-0.41968442798916933,-0.28687970506289256,0.11931126526673419,0.05035246833473525,0.03401608507664379,1.3981353230340343
2016-08-11,-0.30819725776225676,0.47233927423996336,0.39101081078637584,0.031457422638229426,0.02914743766082147,-0.9415937047746615
2016-08-12,1.86516084752912,-0.07963678724891166,0.8219249728409345,0.05659843562087081,0.029138944405091682,-0.07010165025952972
2016-08-15,2.9665835270030914,0.2789083240051626,0.7247388471862162,0.06284960297387543,0.05825242883171321,-0.07015082714902483
2016-08-16,-0.44830382056433954,-0.5494141970826596,-0.09453934589857062,0.0251287851554792,0.01455780664950639,0.5249355886143745
2016-08-17,-0.15397054335406538,0.18668145969237696,-0.4859274213914759,-0.006281604323802525,0.00970402717888688,-0.4898540236168055
2016-08-18,-0.25417330025779117,0.21971793405895895,0.9749779019217139,0.012562814086887013,0.01940522977029779,0.5945112806838886
2016-08-19,0.01588824191415433,-0.14413542987100583,-0.37397471544386995,0.0,0.02425124299504561,0.0
2016-08-22,-0.8423081973935092,-0.05633790063612297,0.2642423579229803,-0.018844813020995922,0.048484849434672225,-0.8403410796379505
2016-08-23,0.15077657991004662,0.19498626169790065,0.004435087280640191,0.01256360325791813,0.014540871993237777,0.14054816087349464
2016-08-24,-0.35873092519213734,-0.5254072980571481,-0.7776168714678566,-0.031411968218069,0.03392048102689695,0.10528163808055475
2016-08-25,-0.6293594682544413,-0.13661738453380295,-0.025550155685970754,0.01884836496014384,0.014533827509061216,-0.7746517611104784
2016-08-26,-0.056888824966284786,-0.15800957333464785,0.41373948592048426,0.0188448130209968,0.029061319588444632,0.0
2016-08-29,0.020892318557031633,0.5214500184160159,-0.3857354564879454,0.012561236042130892,0.048416772515483375,-0.3895878842941691
2016-08-30,0.12707394917260412,-0.19556990050680498,0.8498342391165745,-0.018842445805210627,0.009680542117916658,0.24809511219157904
2016-08-31,0.47611901235546755,-0.23786147623904053,-0.1705912553792435,0.012562025014957937,0.0,-0.4256835090684502
2016-09-01,-0.7909419657862728,-0.004145736456113778,0.803919090239446,0.0,0.019358273302465777,-0.3561257325068638
2016-09-02,0.37902360309358707,0.41923000419618495,0.4495469893542813,0.012560447168428085,0.01935452660030539,0.21382759394553705
2016-09-05,0.16781048331221168,0.0,1.632093350882608,0.012558869718217592,0.04353399348026366,1.0623329368727434
2016-09-06,0.6888212590956062,0.29772423433708,0.5823712320339601,0.0,0.024177365268519668,0.035217468228046764
2016-09-07,-0.05412479816442902,-0.015093890890678502,-0.19301706894370532,-0.01883889609641173,0.00966930961882146,1.3638959456924293
2016-09-08,-0.03751881748008009,-0.2220976539467033,0.7449707824845694,0.03139618876062166,0.014502211612678546,-0.10425717712385987
2016-09-09,-0.6464806864577446,-2.4827747563078315,0.7512055557829163,0.03138633464767567,0.014500108776219761,-0.5578815027038998
2016-09-12,-1.6849711194467094,1.4570396678017972,-3.4149546592269577,0.018827073387072405,0.02899391148174196,-0.5961792162898439
2016-09-13,-0.06964040852559074,-1.4941739368126836,-0.3218487303822607,0.025097251982645348,0.019324605113513905,0.10546669987978824
2016-09-14,-0.6648090624313016,-0.058784940521235896,-0.10826094010082685,0.018818806315919704,0.019320871431402462,-0.4931323836187401
2016-09-15,0.0,1.0058521089340136,0.6230914001188503,0.0,0.0,0.0
2016-09-16,0.0,-0.37793821611113665,0.0,0.0,0.0,0.0
2016-09-19,0.7503833241994968,-0.001869910337847447,0.9165265569682143,-0.02509252883125406,0.06759366808149288,-0.4600963699497837
2016-09-20,-0.17547050848636814,0.02991437033863788,-0.08321774024782894,0.03763643251050589,0.019304087700502504,0.1063641298646872
2016-09-21,0.28304261128174896,1.0857950722306076,0.5891447602249401,0.0313528768832621,0.019300361941711197,0.21238946037039447
2016-09-22,0.7467465563396537,0.6478837490987623,0.37908781907074734,0.018807008800683835,0.014472827292074905,0.6696060261574219
2016-09-23,-0.4706906778287755,-0.5753297289882613,-0.3090655721107932,0.01880347242997181,0.01929384532320125,0.17546942561489776
2016-09-26,-1.7051867513477081,-0.8624922689932855,-1.5682257550248422,0.03133126572612977,0.04339754630881405,0.03505696793136148
2016-09-27,0.633671160304996,0.6423572318235906,1.083316096602719,0.0062650753395823025,0.009641342082271015,-0.10520779508037803
2016-09-28,-0.30484390410734075,0.5282490985375705,0.20236680632703413,-0.006265075339571617,0.019279895948289074,-0.6335818449085895
2016-09-29,0.4168784711216974,-0.9365019283515956,0.5060071034217385,0.043847286868674715,0.01927617952090862,-0.21208915691375133
2016-09-30,0.273864402116231,0.7936329103087052,-1.88080282490766,0.031307723871130226,0.01927246452603436,0.35323244075452936
2016-10-03,0.0,-0.3265991580707919,1.2255713047167103,0.0,0.0,0.0
2016-10-04,0.0,-0.49678998383077577,0.44426306843444224,0.0,0.0,0.0
2016-10-05,0.0,0.42874907334568113,0.41649043149716813,0.0,0.0,0.0
2016-10-06,0.0,0.04814257702057039,0.6878419002727242,0.0,0.0,0.0
2016-10-07,0.0,-0.325877386832757,-0.4212177847485203,0.0,0.0,0.0
2016-10-10,1.2397637714891285,0.45953664043352543,0.0,0.12513297009142105,0.14442521285702908,-3.809299947301264
2016-10-11,0.38447261572001556,-1.252460917831065,-1.2755086606303594,0.02500781507248945,0.02405060258351132,-0.44052934679163797
2016-10-12,-0.19820890169864208,0.11412803221992644,-0.6068179050488136,0.0,0.019236318228022697,-0.2947680837342489
2016-10-13,0.07983455080768248,-0.3099456565344709,-1.6183098687995907,0.012501562711630177,0.028847540947214652,0.3683245416296589
2016-10-14,0.09692376037757813,0.02016162125017564,0.8732864443085137,0.02499843772783134,0.028839221540914717,-0.22083188952286545
2016-10-17,-0.8496576213721017,-0.3042627268630379,-0.8461965499757547,0.03748594321042795,0.052850314728611285,0.18406042376561804
2016-10-18,1.316955235407662,0.6141459963406811,1.537119073687765,0.02498282443821668,0.02401363986277138,0.40374435465347175
2016-10-19,-0.15342056266713758,0.21895995806570281,-0.3829607484356103,0.15600140444972224,0.019206760838829554,0.036623329469959054
2016-10-20,0.07125110125025173,-0.13766939590792354,0.29747638496451545,0.11217051092001736,0.02400326455921893,0.7296639450869531
2016-10-21,0.27490618010714696,-0.008406304733510688,0.0,0.06848675671609382,0.02399750437471677,-0.40065615424584683
2016-10-24,1.190033732074127,0.47385172845472384,0.9778172049124609,-0.006224130957718244,0.043181001030810455,0.40065615424584994
2016-10-25,-0.0036555131698003123,-0.3804880140132455,-0.1652350140696611,0.00622413095772551,0.00959324636193865,0.2541297428672548
2016-10-26,-0.37649315438644415,-0.17419369788728073,-1.0223046585645708,-0.012448649337612066,0.004796278089115311,0.5423987262531019
2016-10-27,-0.2717800758593384,-0.2991246171217767,-0.8312110982313556,0.012448649337617444,0.009591866104899741,-0.4336833685623572
2016-10-28,-0.16658540876975167,-0.3113080493690933,-0.7704570133471503,0.024892650573513076,0.01918097253410113,0.10859729574058624
2016-10-31,-0.11528362951734367,-0.01222792860412358,-0.08834294370395845,0.0062221945700355755,0.038350911304167595,0.4692302419239066
2016-11-01,0.6802888045893891,-0.6810051166296054,0.9224135481306562,0.0,0.009585430153527443,0.35945401751486294
2016-11-02,-0.7680118147076697,-0.654687039773644,-1.464725038089048,0.0,0.01916810433318047,0.8574543424583717
2016-11-03,0.9474698497802639,-0.44331988718818316,-0.5582727476561409,0.043544524964107136,0.014373667465997792,0.07112375833249435
2016-11-04,-0.3247414075435183,-0.1667529568162566,-0.18042577688670883,0.018656136368282252,0.014371601739743653,-0.7493344607593913
2016-11-07,0.07202456245417309,2.1980157782961816,0.6987966562990809,-0.03109549451343283,0.04789042761901279,-0.39476096482980993
2016-11-08,0.43182967412616285,0.3764860174332019,0.47284246111412853,0.012439358145150799,0.004787781582307784,0.3589379302357184
2016-11-09,-0.537256999784242,1.1016142751234133,-2.181150815706057,0.018656136368282252,0.019148834373222578,2.68662323470477
2016-11-10,1.113862547894849,0.1948859241445184,1.873556326541367,-0.018656136368279685,0.009573042320167606,-2.0081703555578363
2016-11-11,0.7817270343318574,-0.1398914799700448,-1.357828409180089,-0.012439358145147458,0.014357845390668048,-1.3615402017997733
2016-11-14,0.3804943153742761,-0.01155094545772426,-1.3803443999929914,0.0062198724946141044,0.028709507829137216,-3.1888353366828692
2016-11-15,-0.011034795783432362,0.7452981727622617,0.45656121706809316,-0.04354723388360595,0.0,1.1111225425070628
2016-11-16,-0.008093929472776849,-0.158353887400465,-0.19450984555358314,0.02488645567500467,-0.004784345622049747,0.6607953560032316
2016-11-17,0.20223634853321412,0.46653888648148145,-0.07924853945276751,-0.07467795480539846,0.004784345622040871,-0.5503591216979064
2016-11-18,-0.5567457253369952,-0.2389553027376295,0.3646509562520701,0.0,0.009568004599938257,-1.0726938442224332
2016-11-21,0.6898029062729213,0.7433688411606852,0.06071318264280004,0.031122592140667545,0.03826286635547255,0.814819322980071
2016-11-22,0.7888658427169802,0.21630866034014737,1.4224019315453675,-0.006223743583790198,0.004781829050514241,0.147438286937033
2016-11-23,0.1833535039771207,0.0807684847182356,-0.006085359068935284,0.03733665258059885,0.014344115351275541,0.0
2016-11-24,0.4024235250442054,0.0,-0.3012025195035979,-0.006221807437061454,0.009561600619239927,-1.1111225425070723
2016-11-25,0.9289088397475146,0.39066882037051287,0.5071931465562604,-0.043563494481147685,0.009560686464565706,-0.7101506204311132
2016-11-28,0.39063427093728287,-0.5268331826910543,0.47029964618494036,-0.006224905850316522,0.04301178111185447,0.821820090438634
2016-11-29,0.8158717180042151,0.13344289127455414,-0.41037952029323854,-0.049813201528156145,-0.009556574930808118,-0.44742803949210774
2016-11-30,-0.7332966739201804,-0.2656997068934635,0.23151188854024304,-0.12464167137764494,0.00477840162556245,-0.5997019472374291
2016-12-01,0.7612273608875042,-0.3521731974758958,0.3874052318298201,0.0,-0.004778401625562848,-0.6033200804167809
2016-12-02,-1.0172443878838089,0.03969856521291979,-1.379374708760065,0.024940765810778233,0.00477840162556245,-0.15140048312150717
2016-12-05,-1.7017935659974441,0.5804422368380822,-0.26301108318657335,0.006234219633567761,0.019111323517306794,0.1135718463927207
2016-12-06,-0.29599243128228037,0.34050755798857374,0.7507665734493718,-0.068597801324251,0.004777260242175163,-0.37907551079796675
2016-12-07,0.4785658116097955,1.3077306345682038,0.553127482919879,-0.012477384756353647,0.004777032030902917,-0.11400343244991987
2016-12-08,-0.16138180412017936,0.21570846729904333,0.26682590427676584,0.024953212855605252,-0.014331780748289755,0.7575793808457723
2016-12-09,0.6765772825280966,0.5921379481215525,-0.44214787386346505,-0.037432154657547234,0.014331780748295962,-0.18885746878681361
2016-12-12,-2.4489843866090664,-0.11380520171109239,-1.4513685753167391,-0.09988763472554725,-0.004777032030905696,-0.6447964687898597
2016-12-13,-0.12162517829687064,0.6518478790004478,0.0609629490722328,-0.05623067218857523,-0.019110410454236042,0.26600813709614457
2016-12-14,-0.769174601171859,-0.8150321360078533,0.04418381608033253,-0.03750468852563256,-0.028672465072659113,0.3787883316937156
2016-12-15,-1.1462940585333026,0.38757077378476595,-1.7846633319945868,-0.20652759476640473,-0.04302411807171139,-1.0642441762253867
2016-12-16,0.16740390902915003,-0.17521740727583343,-0.17536242460473003,-0.018796403676777394,-0.009563429453076547,-0.5363997535580421
2016-12-19,-0.510795606111114,0.19731900398514257,-0.8577260798758596,-0.012532898875915265,0.009563429453071308,0.536399753558044
2016-12-20,-0.6001361660447885,0.3630921049278551,-0.4757394697006639,-0.05014730876731209,-0.04304263678686021,-0.6132637081494358
2016-12-21,0.8866987380399797,-0.24603512457385654,0.3708874901789733,0.025076797824344684,-0.028705387241410852,-0.3080479909987193
2016-12-22,-0.08582292238395543,-0.18647241237848297,-0.7991572246741501,0.1190289882114465,-0.00478503241952193,-0.5413779657319487
2016-12-23,-0.8451579554493814,0.12508980027710417,-0.2843724897769736,0.03755868588752576,-0.019142419660291173,0.19368590211475578
2016-12-26,0.44650151615124467,0.0,0.0,0.04380064519546011,0.028712255544909856,0.3476920636171846
2016-12-27,-0.1812199347129835,0.22459178098379176,0.0,-0.06883820166074739,-0.014355097280433689,0.15414261240839622
2016-12-28,-0.4380756494092432,-0.8391657636248402,0.8307551904133131,-0.1440877304886222,-0.004785490394034748,0.2691791665711353
2016-12-29,-0.12497324402671603,-0.029338679703151363,0.16612455351247613,0.10025691672532015,0.0,0.38328908557073604
2016-12-30,0.3727694321920061,-0.46478652506068446,0.9574997219026625,0.07512677996872844,0.03349362456248655,0.6482386856125363
2017-01-03,0.9664811138848765,0.8450767046807911,0.6787647439024321,-0.050078248307905956,0.03348241008965206,-0.22831060145685209
2017-01-04,0.7774228497749764,0.5705998372356855,-0.07194331015126369,0.012521913364709628,0.0,0.19029501460860637
2017-01-05,-0.01551342560940013,-0.07709676024811847,1.4452443424745725,-0.0375704450255321,-0.004782515125611297,0.11400343244992989
2017-01-06,-0.5992969390497952,0.3510797758278467,0.2060512698636747,-0.00626311339570511,0.00956480153766713,0.037972280691699604
2017-01-09,0.4837895379147162,-0.3554871008026604,0.2471279527293036,0.04383355842124017,0.028688916712012322,0.37893186683507346
2017-01-10,-0.16749944746291015,0.0,0.8218388576212543,-0.006260760684462978,0.019121372972853996,0.8286299767076936
2017-01-11,-0.7105073289585152,0.282556930401906,0.8340642307343469,-0.03757279773677283,0.023896575734412288,0.1124648665870261
2017-01-12,-0.5072469361016921,-0.21470565426564803,-0.4646854805788996,0.025050100331388204,0.014335204898520084,0.29928941158284217
2017-01-13,0.06894425844824638,0.18481528138047063,0.47353605477114225,-0.018786986935676094,0.004777945006766798,-0.37425193383383343
2017-01-16,-0.014058588853223109,0.0,-0.9603729712143457,0.03130968434106506,0.028662876993642655,0.8215132086850522
2017-01-17,0.20797498026421168,-0.29763237103144896,0.5391688756694679,-0.06262917471576603,-0.009553379515269531,0.6671633345436454
2017-01-18,0.39032582808338223,0.17666097810699338,1.1201436777351086,0.0062646828524820985,0.004776803841456092,-0.3330252846599978
2017-01-19,-0.3021961272486019,-0.36158590231882887,-0.2093255932143056,0.0,-0.009553835872353011,-1.1931536029047225
2017-01-20,0.7659917017705633,0.33605323797867037,-0.7142596730617957,0.031317528676618675,-0.0047772602421660305,0.29962569232344854
2017-01-23,0.2736046111487604,-0.269370229296495,0.05508422980847699,-0.006262721154403265,0.023884019316297547,0.447761942129448
2017-01-24,0.011000914222430326,0.6547474812575123,0.22395566193817548,0.056350375594988754,0.009552010705509833,-0.2609507538574205
2017-01-25,0.33984295643869794,0.7989645969367982,0.43157545695944,-0.06261348899069065,0.014326305509089384,-0.6741598566919513
2017-01-26,0.3564947888545204,-0.073557418361088,1.40039756832581,0.03131164505653251,0.009549730227382534,-0.6409070006112252
2017-01-27,0.0,-0.0866843719678466,-0.05730187093976831,0.0,0.0,0.0
2017-01-30,0.0,-0.6027656215802972,0.0,0.0,0.0,0.0
2017-01-31,0.0,-0.08903958463327384,0.0,0.0,0.0,0.0
2017-02-01,0.0,0.02983489915560355,-0.18162281656936755,0.0,0.0,0.0
2017-02-02,0.0,0.05701254430369949,-0.5757505059489958,0.0,0.0,0.0
2017-02-03,-0.6951072400334702,0.7238573675816558,-0.23884937056395453,0.05633626639561662,0.10021714551818378,1.3150668573031743
2017-02-06,0.25862855926321443,-0.21176570774647532,0.9425285659039742,-0.03129400745301746,0.02861503262562657,0.9658321735973207
2017-02-07,-0.22318818445456945,0.02267949521675034,-0.07142274447408854,-0.05635390399913477,-0.00953743443737745,0.8100191565006467
2017-02-08,0.5216479810918396,0.06931502647968556,0.6560075814782781,0.012525834550111416,-0.019077598188254337,0.0
2017-02-09,0.3836407437192441,0.5735978912330699,0.17021816577734084,0.031307723871130226,-0.03339455699760782,0.5850108092014727
2017-02-10,0.5049924831800413,0.3559715435258431,0.211634359328202,-0.006260760684462978,-0.004771561494410677,-0.9523881511255365
2017-02-13,0.6653744973676488,0.523217574810087,0.5752251831269586,0.025040691253925468,-0.009543806077100035,0.5505611264333063
2017-02-14,-0.013701821152957766,0.39992937743571816,-0.033618769797973146,0.0,-0.01909034511597914,-0.25655135933363094
2017-02-15,-0.4109685536673305,0.4979922087050161,1.2238013204016756,-0.03130184393415979,-0.00954653938671848,-0.3308218418757626
2017-02-16,0.560135250816381,-0.08644791200295177,0.469123404122103,0.0,-0.01909581330098646,0.5141399500418652
2017-02-17,-0.5680614193787631,0.16771742275309118,-0.30726151186086476,0.012521913364709628,0.004774295195598699,0.43859719432542676
2017-02-20,1.4493768687695139,0.0,0.4663371660102493,0.08760951749355203,0.02864098544566961,-0.21905813798185864
2017-02-21,0.32873327348675757,0.6029862181035704,-0.7584783806796447,0.006254886632223595,-0.004772927953562333,0.14609206396748697
2017-02-22,0.19888484847383436,-0.10828646208509896,0.9896357342447534,0.03752110606210347,0.0,-0.03650301190378993
2017-02-23,-0.47200749672685366,0.041890311468295645,-0.36053736296807015,-0.006252540096446122,0.009545628109592802,0.0729927039707803
2017-02-24,0.015203301434385405,0.14922378935534736,-0.6204606540321955,0.0,0.0047724723802261525,1.4847276180602413
2017-02-27,-0.7985187676467455,0.10175023940541277,-0.1697614247528708,0.0562587919198652,0.028630052206831368,0.14367818563628254
2017-02-28,0.190968847562189,-0.25816606675474185,-0.7733888702851118,0.0,0.02385211698845457,-0.21559476550683643
2017-03-01,0.16284472283388107,1.3581181939563836,0.1505138842340611,-0.006249414119470106,-0.009540164098058754,-0.6495872715445214
2017-03-02,-0.6771966175919701,-0.5877100476420299,-0.2038541848111421,-0.012500000016262518,0.0,0.14471782554660717
2017-03-03,-0.21079836184837605,0.05036683953830516,-0.7417422761004198,0.012500000016263575,-0.004770423375969503,-0.8350021287100287
2017-03-06,0.5417604344606997,-0.3282598257417541,0.18477597570935853,0.012498437711555609,0.014310587474044727,0.18211624046368904
2017-03-07,0.21658046094139494,-0.2917555877758864,0.35869223173074366,0.012496875797328688,-0.01908123843026621,-0.14566644964641554
2017-03-08,-0.15139612711579506,-0.22868650550458713,0.42643502693846363,0.012495314273405214,-0.00954198474006871,-0.58479698824231
2017-03-09,-0.6337580705173373,0.07995177937872365,-1.1873543149568158,-0.024992190070720614,0.014312635696291893,-0.6620105089606241
2017-03-10,0.027653472351488562,0.32633480993077457,0.28514857680724603,0.0,0.00477042337597426,-0.8151212230706312
2017-03-13,0.877334864193802,0.03666191226613433,1.1013155230466336,0.024992190070727907,0.0047701958174442075,0.8520147855625196
2017-03-14,-0.04062595494402749,-0.3384740682155033,-0.007218153154707294,0.012493753139696398,0.0,-0.40657975062449236
2017-03-15,0.20086311798897452,0.8339854388317126,-0.14741460183927005,-0.006246681452507817,-0.004770195817433817,0.11104942840271152
2017-03-16,0.5144032562317347,-0.16279814951152383,2.0608814099331347,0.0,-0.004770423375969503,1.3960550026338272
2017-03-17,-1.0307552955506163,-0.1315228474144621,0.08909793769042655,-0.056237699485745356,0.0,0.0
2017-03-20,0.11043567054596322,-0.20119037369022091,0.7869429891528366,0.02499843772783134,0.009540619193412122,0.5094625284229071
2017-03-21,0.4839309108162561,-1.2485615265953647,0.371239028333262,0.0,-0.009540619193415135,-0.5094625284228963
2017-03-22,-0.47124623293353035,0.188813197147545,-1.1150813516785727,-0.012498437711568139,0.00477042337597426,1.0163426868176058
2017-03-23,0.3451378133960319,-0.10608362855033045,0.02997033206250018,0.018747070825094428,0.0047701958174442075,-0.03612064334018146
2017-03-24,0.794687069947966,-0.08443605323889107,0.1255803428277679,0.031237310096894507,0.009539709046113298,-0.28943580263645263
2017-03-27,-0.33185450444427755,-0.10201534529525073,-0.6779153565155815,0.04371584769072876,0.038149738183261415,1.0810916104215675
2017-03-28,-0.23688497747876952,0.7225317380816645,0.6269956594716531,-0.03746955642414817,0.019069412719875313,-0.2512113289520546
2017-03-29,-0.1331218154607123,0.10848148191858568,0.18950342493056177,0.0374695564241411,-0.0047670122759528605,-0.21582742190911172
2017-03-30,-0.823983237435789,0.29307365363928894,-0.37360542286811943,0.006243561329393192,0.0,0.07199424357041638
2017-03-31,0.5596431217114242,-0.22575567952728323,-0.7828567549431851,0.006243171533176744,0.004767012275949332,-0.7585371389256612
2017-04-03,0.0,-0.16435249677560893,0.6197269667793595,0.0,0.0,0.0
2017-04-04,0.0,0.05594405740311779,0.0,0.0,0.0,0.0
2017-04-05,1.3749676793178263,-0.30595532989129126,0.5726011220980108,0.056171010994786566,0.061950489245715376,0.9742094008137328
2017-04-06,0.28936431318037825,0.1927633684241772,-0.5221635004976632,0.024954769609810346,0.0,0.03590019783665659
2017-04-07,0.09717685456167433,-0.08274931885733613,-0.02645185468882067,0.037420481913522013,0.004763832980909304,0.822167276449267
2017-04-10,-0.35098704437615663,0.06875040056906727,-0.021100576470206644,0.05610448047925776,0.0190530628374853,-0.4281133902283908
2017-04-11,0.34713760542855476,-0.1434958025354097,-0.7185871687630317,-0.012464942365791612,0.0,0.03574620234667225
2017-04-12,-0.22455002853585654,-0.3766995820262467,0.9298863995476079,0.0,0.004762698545888494,1.0664871791036872
2017-04-13,0.1459993546077126,-0.6838028476069099,-0.21344250716179924,0.03739016682184791,0.014286734791069176,0.5290084634536507
2017-04-14,-0.8016445335478141,0.0,0.0,0.006230335505574903,-0.00952426306735069,0.10546669987978824
2017-04-17,-0.18841175982784408,0.857644056804569,0.0,0.0,0.004762244923170555,-0.0702987726666229
2017-04-18,-0.49545200949932466,-0.290757367184553,-1.3992616162664442,0.012459506619661703,0.0,-0.17596344501602681
2017-04-19,-0.4882837948266378,-0.17178170006366042,-0.41323255541660464,-0.012459506619668322,-0.014287415192781818,-0.07047216641198119
2017-04-20,0.45377340201217836,0.7528779642538522,0.9652798284045382,-0.012461059206149278,-0.02381689581840457,-0.10580145582255918
2017-04-21,0.15121674401230764,-0.3039625852145616,-0.062205037453553026,0.01869100656510621,0.0,-0.10591351387261726
2017-04-24,-1.0300922397859098,1.078175277383728,0.404554166733992,0.01868751368070199,0.019053970428715716,-0.46025926532739914
2017-04-25,0.28274962367554085,0.6072128106062107,1.302445677324747,0.031138097713830304,-0.009526531397115783,-0.14204547842911122
2017-04-26,0.12224235429179388,-0.048575605114247196,0.49960978305315007,-0.012454075612329564,-0.00476360605068566,-0.35599895198537834
2017-04-27,0.04460306351600045,0.0552738372021074,0.4872474248441297,0.01868053182679693,-0.02858640259591211,0.035656980231618236
2017-04-28,-0.20234457246328286,-0.19149508153329292,-0.3380408750085627,0.0,0.0333500086465986,0.1780944370994692
2017-05-01,0.0,0.17307386358750435,0.0,0.0,0.0,0.0
2017-05-02,-0.3837979515030131,0.11884089692428136,0.328525666763079,0.03112646708604321,0.0381006815105817,-0.7142887512380114
2017-05-03,-0.3932455485719591,-0.1272152997295754,0.0,0.0,-0.014286054454168856,-0.17937224540268776
2017-05-04,-0.25645136985957423,0.058187604333453276,-0.049615219807749106,-0.012449424230211083,-0.023814627056413303,-1.519566142378128
2017-05-05,-0.6434795735926154,0.40803513003330905,-0.8443053778061064,0.0,-0.019055785870640364,0.036449790817277776
2017-05-08,-0.7042433158971217,0.0037510393509375766,0.4140726824094238,0.0,-0.023824839890639726,-0.18238195826978573
2017-05-09,-0.18714883310459937,-0.10257908036239288,1.2579072101280222,0.0,-0.03336431479199034,-0.18271519791832713
2017-05-10,-0.4433843806724372,0.11299789591918902,0.5065290579658192,-0.0934201170299399,-0.04291333955473284,-0.4398834072483513
2017-05-11,0.5660074600273594,-0.21651757390083515,0.43928219616456066,-0.04985977043150597,-0.01907850811854917,0.14684290450666465
2017-05-12,0.8523544679708842,-0.14795189665720562,0.12246955652796775,-0.049884642800374794,0.0,0.3296102599603694
2017-05-15,0.4072480409697438,0.47650730024741667,0.8520091842939053,-0.1498034110742972,0.0190785081185479,0.43779712391922143
2017-05-16,0.8628078763215188,-0.06870720384216807,-0.14061030333645347,0.13109025255041432,-0.028619127311959387,0.1091504565343171
2017-05-17,-0.5464131934695424,-1.8345513143686252,-0.16713556859821568,-0.0561604956884343,-0.01908396952355968,0.326738355666915
2017-05-18,-0.3482013999690306,0.3680063440703132,-0.6230816616281691,0.006241612834787323,-0.009543350677665556,0.8661187308604694
2017-05-19,0.16867196389440403,0.6744699024732498,0.15245059787652776,-0.024968789143446423,-0.03818251287320738,-0.2878735345355928
2017-05-22,0.21685715589625218,0.514684693721281,0.8561896269416156,-0.04371038815730206,0.014320150863386377,0.2159828053429938
2017-05-23,0.37906350867286664,0.183622590425737,0.04650110755246526,0.018735363052438645,-0.04774181318600184,0.4663685582942165
2017-05-24,-0.000791430253039329,0.24860459084413128,0.09974101608573062,-0.03747423690095852,-0.019103109089086707,-0.9349223079347028
2017-05-25,1.7798663011057387,0.44320390592464876,0.792338075506714,-0.0062470716871930445,-0.019106759074130404,0.32461705692395454
2017-05-26,-0.14997219471536538,0.031050179408999627,0.03311875091834348,-0.1000062587255429,0.014330411546181426,0.25175341475106955
2017-05-29,0.0,0.0,0.2429253506149926,0.0,0.0,0.0
2017-05-30,0.0,-0.1205286007825416,0.0,0.0,0.0,0.0
2017-05-31,0.357075683141357,-0.046013129062012686,-0.15957238929320322,0.14997190838164548,0.052527279578437405,-0.504142227292604
2017-06-01,0.13886318825212263,0.754259171830006,0.5773102307698644,0.0,-0.00954836246309658,-0.07222824438241207
2017-06-02,-0.32160408791856,0.37008707032855426,0.44393168490843127,0.024973465822482804,0.004774295195598699,-0.18079918141436507
2017-06-05,-0.5105096141566403,-0.12184192007356275,-0.23581200352382736,0.024967230639655162,0.02864098544566961,1.2587830302009955
2017-06-06,0.6931674878540226,-0.27829007381501203,0.5173542727962488,-0.04994069646213709,-0.03341528064127249,0.641256205250648
2017-06-07,1.1667028179158117,0.1567105104904475,-0.08843342959525607,0.04369947318036478,0.004774295195598699,0.07099751806925272
2017-06-08,0.7641297664501799,0.02671088361100848,0.34167884636479207,-0.01872600735786923,0.004774067267501856,-0.2487121552093646
2017-06-09,0.4257084490128767,-0.08303258478185228,-0.12581262031559054,0.012484394523093925,-0.04297481264659043,-1.108936422184916
2017-06-12,-0.049811486416173535,-0.09791902303832095,-1.2457076491852919,0.04368311093207901,0.033426450183498296,-0.32426618217043385
2017-06-13,0.22015875295422824,0.4501274608283941,0.5588052122118173,0.01871549336384224,0.0,-0.03609456815942414
2017-06-14,-1.31981582280622,-0.09962549022444363,0.09201980234850077,0.024948543758176955,0.0,0.2163722445310967
2017-06-15,-0.18420208809083619,-0.22421257837553105,-1.2074505712983787,-0.01247349384178533,0.004774295195598699,-0.7230689493145948
2017-06-16,-0.2846805346047071,0.028362322694394308,0.23890542332584314,0.04988464280036951,0.019094901719269263,0.0
2017-06-19,0.9870582290651477,0.8312558992556568,1.1563814092563318,0.04985977043151172,0.042950202287602275,-0.3270946038275303
2017-06-20,-0.20200398710990114,-0.6719188389873109,-0.31490771488139124,-0.006231111943957602,0.014312635696291893,-0.21865897924879646
2017-06-21,1.1622892462132672,-0.058284627643293244,-0.5761244335277548,0.012461835644527852,0.009540619193412122,0.036476381947392444
2017-06-22,0.0665199537365851,-0.045584186772818,-0.0780624815892941,-0.006230723700565998,0.0,0.545555090153718
2017-06-23,0.9022543465296705,0.1559678529930483,-0.017450722204245348,-0.012462612179648598,0.033385000906243814,0.1811922945440571
2017-06-26,1.2401463291442893,0.03157439383918202,0.7832108444893093,-0.05610098323858119,0.04767353255814042,0.07238509183230779
2017-06-27,0.18040244571579067,-0.8105510111856201,-0.12337592076099498,0.0,0.033357954990152816,-0.5441696722314635
2017-06-28,-0.7799263939472167,0.8769477216597062,-0.6074529547795453,0.037404152296959564,0.028583678914059715,-0.03638348230057072
2017-06-29,0.6195868635291731,-0.8637220671771834,1.0916890416859764,-0.01246649630736434,0.04286020495642099,-0.4010944301560938
2017-06-30,-0.055351790359495605,0.1532073698797482,-0.7764972322941106,-0.006233831002852707,0.05711837939097366,-0.8070476672643372
2017-07-03,-0.4359716123344102,0.23081276913972876,0.07600572639712845,0.037397158251861684,0.028546959942644095,-0.3320423637302411
2017-07-04,-0.8489370169184169,0.0,-1.5444334500154149,-0.06233636905508787,0.019026780250508853,-0.7790801787768222
2017-07-05,1.090594171009566,0.14522119983846046,0.5223246627262342,0.0,0.009512032728564861,0.03723701402177658
2017-07-06,0.011399255634387507,-0.9412971248548743,-0.22260502465202572,0.031173041806101715,-0.023781778513475675,0.11162791856819218
2017-07-07,-0.11392524987576937,0.6382740756956851,-0.4895881473430495,0.018699161708737887,0.01426974578491213,-0.14886493258996308
2017-07-10,-0.06135753341008933,0.09273360773855019,0.6263086968114749,-0.01869916170873605,0.0427970238824946,-1.3498517670895342
2017-07-11,0.4675224777110892,-0.07830273058416916,1.4698470263648709,-0.024937655989577503,0.009507962926102634,0.48955096829872874
2017-07-12,-0.3270289792010191,0.7279063026366936,0.6394317151162331,0.006234997040398118,0.004753642479449773,0.3000752439238242
2017-07-13,0.7649881792288709,0.18727975574500866,1.154932086164159,0.0,-0.02852524503511,0.2618292126057367
2017-07-14,0.4377129658592193,0.4662640144143031,0.1633058991480573,0.012468827946344642,0.033278661554127724,-0.4492706920407575
2017-07-17,-1.0734016564415514,-0.005286261211669539,0.30779552262681453,0.012467273423464497,0.061773862117899,0.8593365043095358
2017-07-18,0.09884953455373269,0.05975913588075912,0.20514948835333216,-0.0062334424206115634,0.0047502553271350275,0.26007817000572186
2017-07-19,1.6917130477631894,0.5358270292070911,0.5534902310162152,0.006233442420608625,0.004750029688576394,0.14831296749070627
2017-07-20,0.4851198411312107,-0.015361976712352472,0.2548100255415265,-0.0062334424206115634,0.014248735448832504,0.0
2017-07-21,-0.5159309696680247,-0.036797486863832024,-0.12767957607999317,-0.012468050636421844,0.014246705473455239,0.5910619350031113
2017-07-24,0.3980430375324101,-0.10642496123316407,0.5256121384839996,0.03739948930957152,0.03323442167088818,0.25749508433755397
2017-07-25,-0.6407501910569485,0.28987343902410545,0.01944174633229665,-0.01869799625254904,0.0,0.11015238859331467
2017-07-26,-0.38170283078687545,0.030273002162620827,0.33078640473776383,-0.012467273423456104,-0.009494422034196343,-0.8106160820896889
2017-07-27,0.18351804943682085,-0.09730985474882821,0.7033219251230054,-0.049884642800374794,0.009494422034198055,0.9939341902557925
2017-07-28,0.26087148759696005,-0.13420867417742238,-0.5610010248308513,0.006236941405960306,0.03322338007255489,-0.10995053334168876
2017-07-31,0.4284806641638821,-0.07283910972737437,1.2691829707146365,0.012472715950070313,0.037956066309456964,0.3294895896852706
2017-08-01,0.8659748192126341,0.2446101105449387,0.7882773863469724,-0.06861919735268672,0.009486765968593956,0.07307271059531384
2017-08-02,-0.25308743406424233,0.04925392516085572,0.24352835303898365,0.13719134104889094,0.009485866066680849,-0.10962909923126908
2017-08-03,-0.8820331210649436,-0.21859786914876495,-0.2770122552941117,-0.06857214369621331,-0.018972632035280164,-0.40300475866785124
2017-08-04,-0.5446064422755287,0.1887254323046072,0.11496780661577745,-0.043661313651664285,0.028457598370771307,0.6221429033382688
2017-08-07,0.5169296501513552,0.16459116133836385,0.46216543837954766,0.031188597701603076,0.03319029925444369,-0.9162607624198997
2017-08-08,0.14527672234264036,-0.241735609047731,0.5924914268007698,-0.03118859770159367,0.0047405721879502675,-0.14738396183005528
2017-08-09,-0.031324126322330025,-0.03637142539298117,-0.35179493952651686,0.00623849777176745,0.004740347468368839,0.2577795572184298
2017-08-10,-0.4061579770028071,-1.4580194485226952,-1.1343738225878826,-0.024956326558291466,0.009480020863126715,0.696356121592345
2017-08-11,-1.8625548721311613,0.12747131060238812,-2.063447734142553,0.04366948508215885,0.00473967343740214,0.5826673440205975
2017-08-14,1.289382741238444,0.9993643603759259,1.3548873953386986,0.006236941405960306,0.03317142549075204,-0.07264802353659962
2017-08-15,0.3073614102083343,-0.04989402693533612,-0.27660003755384455,0.12465720886251672,0.0,-0.692801312516614
2017-08-16,-0.1251681353180175,0.14190955851406412,0.8578019451106434,0.024912805310716987,0.00947552945230775,-0.18311669647152068
2017-08-17,0.5350170023601936,-1.5557302982010086,-0.23688085345792237,-0.0062276194944699634,0.004737428051189353,0.9122486179254479
2017-08-18,0.09126570590606256,-0.1837069773336156,-1.0908004365792194,0.006227619494479198,0.014210937708958744,0.07262164444074612
2017-08-21,0.4371832239290388,0.11619475876316547,0.3952239599767371,-0.012455626845528863,0.02841581832996269,-0.036304229841461956
2017-08-22,0.30170740507233695,0.9891739536413192,0.9054553226255097,0.006228007351051,0.01420488176824854,-0.14534886279831974
2017-08-23,0.10096444482368895,-0.3459582133507087,0.0,-0.006228007351057032,0.0,0.036357026395754354
2017-08-24,-0.5725115321418205,-0.20765887523938203,0.4258179236265971,-0.012457178465202383,0.014202864268160961,0.03634381286597347
2017-08-25,1.62301975467989,0.16714396704077059,1.1904756289979868,-0.012458730471472283,0.00946745562836903,0.0
2017-08-28,1.2295162328488496,0.04869774552017658,0.05431558637217161,0.03114391628771426,0.03312903790446546,0.47127149032009297
2017-08-29,-0.2129487413170702,0.08424428066569342,-0.35334569726105935,0.0,0.009463423873807688,1.0433625860471882
2017-08-30,-0.006183466047503645,0.4604515985119675,1.1801148135059325,0.07470584920686013,0.004731376121634964,-1.0433625860471945
2017-08-31,-0.3188893220792988,0.5704748858195643,-0.4434510060274759,0.012445550731686947,0.028383556650171372,-0.10855799871978154
2017-09-01,0.22072156147009003,0.19805188155972675,-0.06129806895599293,0.03110710200216779,-0.009460290437962121,0.5776189345051569
2017-09-04,0.3928534579551534,0.0,-0.7645464654709142,0.0062202593868252,0.00946029043796265,0.8602203582663288
2017-09-05,0.2967833029927107,-0.7579478568344628,0.003929229884060476,-0.031105166818968712,0.0,-0.07140307336570628
2017-09-06,-0.19714542548732172,0.3123866382146231,-0.4609880675918633,-0.11828795153560381,-0.0047300333476176905,0.10708550014930276
2017-09-07,-0.509905547924738,-0.01784758170006678,-0.32950871250140445,0.03736920820766723,0.004730033347606875,-0.25004478110874556
2017-09-08,-0.10140728610560976,-0.14898927557054817,0.5274385639603436,-0.012454851180636592,0.014188757798063107,0.21436235432515907
2017-09-11,-0.008996770212613721,1.0780904250841916,1.030722707147609,0.01868169510680589,0.028371477398548416,-0.28591870800451336
2017-09-12,0.32070681052293354,0.33583535924836666,0.06118650147074956,-0.012454075612329564,0.014182720742354592,-0.53831100744035
2017-09-13,0.1216581244178713,0.07567795189854543,-0.2798109880715502,0.0,0.009454029787235098,0.2515724597247371
2017-09-14,-0.32976500648873264,-0.11013239025146776,-0.41989396229728077,0.006227231686153182,0.009453136084948055,-0.21559476550683643
2017-09-15,0.0350099443590409,0.18455323152087294,0.10934647060111033,0.00622684392616176,0.02362893137337936,0.46653592604940264
2017-09-18,0.3087211702567067,0.1454807314799407,1.2585358627135002,0.012452524765488724,0.03779468084864526,-0.8630042774214928
2017-09-19,-0.2873312217858259,0.11096653781502376,-0.3855465557828059,0.0,0.009446438699637686,0.0
2017-09-20,0.268920114832173,0.06341116368564334,0.27195130397923317,0.006225680935862037,0.01889020076456602,0.0
2017-09-21,-0.12024865890608794,-0.30506088934585734,-0.06212866808318024,-0.006225680935856271,0.009443762401958484,-0.8340936843045507
2017-09-22,-0.0022721504706530015,0.06476347566463679,-0.8208528689306275,-0.02490660037781661,0.009442870639688841,0.0
2017-09-25,-0.5209036129921053,-0.2224499204924677,-1.3730227522215985,0.024906600377808907,0.04248188683465369,-0.07285974821403875
2017-09-26,0.07828949500334316,0.007209372186979258,0.04606154769345534,0.0,0.014156619422940334,1.3753383637612397
2017-09-27,0.010950039461436072,0.40768420216074663,0.4692927389359701,0.006225680935862037,0.014154615607859194,-0.8664314130141081
2017-09-28,0.03502474597141279,0.12038828664962131,-0.8020887098774219,0.018674717599160714,0.009435297454743446,-0.581819823098739
2017-09-29,0.3646074612610034,0.3698243773508062,0.4827579274559394,0.018671230799538092,0.0188679245842944,0.4729861464755017
2017-10-02,0.0,0.3866515132982871,0.0,0.0,0.0,0.0
2017-10-03,0.0,0.21565266962995347,2.221292313353277,0.0,0.0,0.0
2017-10-04,0.0,0.12459783329185144,0.7284251319363235,0.0,0.0,0.0
2017-10-05,0.0,0.5630873397280621,0.0,0.0,0.0,0.0
2017-10-06,0.0,-0.10742150246923345,0.2774943975229204,0.0,0.0,0.0
2017-10-09,1.184312941977477,-0.18060255475314133,-0.4629782206952894,0.06221227026583174,0.1272654598958684,-0.5094625284228963
2017-10-10,0.19701575502637791,0.23197540709582956,0.5781341618879459,0.0,0.0,0.07293946348172502
2017-10-11,0.3291120557876686,0.18018446358107834,-0.3560456922648023,0.012437810961316773,0.0,-0.25552121951619805
2017-10-12,0.2627246234481852,-0.16881541443298048,0.24436849655255555,0.024870981910212767,0.00942063118926517,0.40124073528326754
2017-10-13,0.20546716245297428,0.08777258062376878,0.06112184056019056,0.012433171718115022,0.01883860034770806,-0.07283321516428216
2017-10-16,-0.19287899897451727,0.1749233933479306,0.7569492648951849,0.049717234260055476,0.01883505208751077,0.5811857986523328
2017-10-17,-0.009644139193307078,0.0672268932882235,0.01634422830218617,0.01242544733209976,0.014123961323819455,-0.6176223084378581
2017-10-18,0.7914737579810525,0.0742097670671056,0.049713244098786025,-0.043495821980055006,0.0,-0.29197101033347506
2017-10-19,-0.32793487905036084,0.032790981212586,-1.9436579509251521,0.012429308324991329,0.014121966742702843,-0.21953905634357262
2017-10-20,-0.11192271973201406,0.5103849469401585,1.158605229336798,-0.006214461052856818,0.014119972724838477,0.07323325116752631
2017-10-23,0.10043970605767502,-0.3980402867081287,-0.638671080136391,0.01864222469280158,0.032938851673025335,-0.29325534212777526
2017-10-24,0.7248827442194198,0.16166388736675907,-0.5345663742871815,0.05590583119179319,0.004704664675891208,0.2566454204301988
2017-10-25,0.4423630820797213,-0.46739631114622715,0.5240026400715074,0.012419274730336166,0.00470444334760104,-0.4035962183661894
2017-10-26,0.41719273908937893,0.12701392021270566,-0.35575480306797236,-0.08075286956204919,0.009408222793656322,0.3669728888962402
2017-10-27,0.7084365826590637,0.8040545353815921,0.8349796565908485,-0.031076167937084204,0.004703779487688424,-0.624657552007365
2017-10-30,-0.30493732711187654,-0.3197581257238267,-0.3616381842588835,-0.04352286573504603,0.014110011076242426,0.07369197091038925
2017-10-31,-0.07494349743803358,0.09440395099815038,-0.32042172467570035,0.006218712106722885,0.0,0.220750641521052
2017-11-01,-0.2522898028820987,0.15908062532808775,1.2263434924569394,0.01865381631399243,0.004702894632506845,-0.2575898388431834
2017-11-02,0.012815001485439733,0.018995156292258536,-0.2641095372493025,-0.006217552151713217,0.0047026734707383815,0.0
2017-11-03,-0.1110511546394529,0.30922932168462636,0.2975025061892585,0.012434717747909876,0.004702452329751828,0.18406042376561804
2017-11-06,0.7036003862998055,0.1270523074112308,-0.02381101825031573,0.031080031330232905,0.04231212305433564,-0.2577795572184453
2017-11-07,0.8261678643900625,-0.01891245661079827,1.3805815070089882,-0.0310800313302214,0.014100063473657456,0.5148963196191725
2017-11-08,-0.15405102384266636,0.1442617636431107,-0.2996102199202814,-0.012434717747916173,0.0,0.0
2017-11-09,0.6867192046937809,-0.37690718494426323,0.7889549895715461,0.006217552151711651,0.0,0.36616664859631737
2017-11-10,0.8796400455064404,-0.08980205445067915,-0.05372699845620273,0.031081963387004537,0.004699579388502231,0.219058137981846
2017-11-13,0.39228522156154083,0.09831358177202926,0.2101432772658079,-0.043517454294045216,0.03289087307931582,-0.43859719432543287
2017-11-14,-0.6982116306831353,-0.23122919993494806,-0.1030611583946715,-0.04975743354305323,-0.004698033873698927,0.07323325116752631
2017-11-15,-0.6284453638224415,-0.5540998994613265,-1.0359067330141918,-0.05600672227048736,0.0,0.10974941654008356
2017-11-16,0.7664500025857115,0.8162740022441171,0.5773947296229867,0.012448649337617444,-0.009396729944885884,-0.3663007758737035
2017-11-17,0.3850932011252517,-0.26294963926015347,0.6193314630639635,0.0,0.01409476381857398,0.366300775873702
2017-11-20,0.5561654549717554,0.12749493588078772,0.20961581828881612,0.018670068822321712,0.028183569165836978,0.47419384861584324
2017-11-21,1.766900996951351,0.6519786005639133,1.8882595374397353,-0.01244632523853799,0.0187846342244926,-0.6938132633901513
2017-11-22,0.23362442423838148,-0.07505615129562197,0.6199122650549489,-0.006223743583790198,-0.004695827757908695,0.0
2017-11-23,-3.005521613756193,0.0,-0.9899358082285453,-0.006224130957718244,0.004695827757903878,0.10986999823422802
2017-11-24,0.044032852318716474,0.20540443802283723,0.5317073955548675,0.03733897610125571,0.009390994043614105,0.0731796593214146
2017-11-27,-1.3307749972386596,-0.03843315752633804,-0.6049469597078625,0.02488490743213995,0.023473627487426544,-0.07317965932141177
2017-11-28,0.14498314914854682,0.9800287295721388,-0.017989780236312224,0.01244013188144758,0.004694064356471253,0.3288875612105144
2017-11-29,-0.05106555368281981,-0.03693050444495722,-0.19229516985991582,0.0,0.00938746773747378,-0.03648969206697875
2017-11-30,-1.1825069271435942,0.815758318578807,-1.5186381661004722,0.01865729661186008,0.004693403422345191,-0.6591016170704664
2017-12-01,-0.19896471882695846,-0.20265423397495963,-0.35401645753449473,-0.006218712106717141,0.009386146055323319,-0.5525893597110256
2017-12-04,0.5169181160029381,-0.1052699437952113,0.22002148621811662,0.018654976269015234,0.014077567419601932,-0.14787433378535586
2017-12-05,0.5289310574958369,-0.37464387216745615,-1.0192378547630525,0.024867889466051903,0.0,0.14787433378536682
2017-12-06,-0.6045034716964068,-0.011409360251520883,-2.1659370988834628,0.0,0.0,-0.5556598849682661
2017-12-07,-1.1209553653571425,0.2928081845175483,0.2773495050851014,0.0310761679370883,0.004692082112296109,-0.5587647244266007
2017-12-08,0.8106523546348764,0.5491194628844653,1.182458550383082,0.0,0.014074925543418118,-0.6370641744607667
2017-12-11,1.6381263588608606,0.3196845792997223,1.1299111933454165,0.0,0.03283379095609478,0.18779348242001143
2017-12-12,-1.3229626919694766,0.15476797289272537,-0.5935352021439829,-0.024860161719085044,-0.014070304645311924,-0.3382826003620361
2017-12-13,0.8449328599258595,-0.047306532187143084,1.476240776271659,0.006215619854678669,-0.014072284658637536,0.037643516348898336
2017-12-14,-0.5928787995797189,-0.4079134739528824,-0.19085962475629492,0.018644541864404455,0.0,0.7499097760539049
2017-12-15,-1.1314160442207444,0.8934295194916394,-1.0972196532742502,0.006214074881604484,-0.004691201652159129,0.0
2017-12-18,0.1113612477157036,0.53485331483242,0.6988117252583266,0.03727634237994297,0.037523452597881354,0.03734827307652511
2017-12-19,1.2477500293090553,-0.3235519788593535,0.6972097259542367,-0.01242390360649678,0.0,0.4099130017746835
2017-12-20,-0.12000270427034852,-0.0828246999249518,-0.0669199985649409,0.0062121447449751226,-0.0046896616417840195,-0.1861158177292204
2017-12-21,0.9226328569982019,0.1983661548850703,0.45381439854652766,0.0062117588615296275,0.004689661641773423,-0.07454342499486197
2017-12-22,-0.3262591166558445,-0.04582789284942958,0.7157541778711833,0.018632961763174045,0.023445009837063536,0.03727865840002372
2017-12-25,-0.3225812237172785,0.0,0.0,-0.049695615384797644,0.0421871710384234,0.6686503366991504
2017-12-26,0.29850689153547016,-0.10589429458703715,0.0,0.012426219338769612,0.02811489639436771,0.11100833702391827
2017-12-27,-1.551708441951503,0.07905846262701684,0.06641243173837774,-0.03728329130368718,0.0,-0.03698908864072308
2017-12-28,0.691376970568803,0.18323481522244367,0.8948726725655175,-0.018646859612095435,0.02810699414202472,0.40612941183668183
2017-12-29,0.2970901053686374,-0.5196657936668189,0.18547127351421577,-0.012433171718126572,-0.004683950444654895,-0.03685277358826235
2018-01-02,1.3930877221025126,0.8269096661866973,1.9729781271262126,0.07457585331027826,0.05619293053507054,0.6612808814773232
2018-01-03,0.5852414234214498,0.6378433382130944,0.14945253194988845,-0.018638750015132374,0.009362419255965504,0.4019738648554691
2018-01-04,0.4227911129966085,0.4020568037294825,0.5727172567891743,-0.01864222469279917,0.0,-0.2556145266178118
2018-01-05,0.24042406471347275,0.700917790358176,0.2539678953390177,0.04970487831441251,0.009361542789101672,0.4013871471834807
2018-01-08,0.5159484195580277,0.166094238364022,0.275107170816959,0.062096375567121914,0.023400023506797055,0.03640997673573854
2018-01-09,0.6979691635886268,0.13020551030292105,0.36142278501134534,0.0,0.004679347699783415,0.21818190473335647
2018-01-10,0.4409976294888542,-0.11128245067883981,0.20072445985292553,0.01862139603780023,0.004679128747070098,-0.18178518003673605
2018-01-11,-0.0529369858641328,0.7008997490407507,0.1500785484663679,-0.018621396037800435,0.014036072729894293,0.36324050110071526
2018-01-12,0.46057845390511526,0.6726951075669084,0.9343944881991637,-0.03725319799695792,0.0,0.2534855603188116
2018-01-15,0.0056400762961405886,0.0,-0.23479961277603542,0.006209830163126789,0.037419898467417195,0.2528446353358469
2018-01-16,0.78347470597828,-0.3530688627795424,1.789572140761923,0.012418503586282081,0.009352787137383627,-0.2528446353358526
2018-01-17,-0.24349606240666857,0.937095716052361,0.24624293373488562,0.006208673518891702,-0.023383608197274742,-0.25348556031880665
2018-01-18,0.546989079051022,-0.16176870607860264,0.4321954895708799,0.012416190728642036,-0.004677377862830072,-0.5453567415643882
2018-01-19,0.3267154346892089,0.43756410828246123,0.4130373894160451,-0.006207902662070713,0.009354536957239595,-0.21897818969240412
2018-01-22,1.1877301568188106,0.8034392098314768,0.42853473945654125,0.01862255196417296,0.023382514662163834,0.14603872621066136
2018-01-23,1.0555067633287805,0.2172035902672236,1.645034632563535,0.018619084615456815,0.01870207598492807,0.2550557039454278
2018-01-24,0.16580001500516833,-0.05601875894072049,0.08496057311707342,0.024820054731554797,0.009349726527310533,0.36324050110071526
2018-01-25,-0.5666719908068406,0.06024531651585847,-0.9273818642962663,0.0062040512474394105,0.00934885243516913,0.39804648177147
2018-01-26,0.3709013431685871,1.1771597314994502,1.5185852006069505,0.03101448401252257,0.01402164008746512,-0.6521762246387351
2018-01-29,-1.8261154524616037,-0.6754705760662041,-0.566326801156084,0.0,0.02336503199957311,-0.4371591661496437
2018-01-30,-1.0730496768858173,-1.095860831840555,-1.0967841451905866,0.018604074345928173,0.009344484424869227,-0.8432680584491264
2018-01-31,0.46405377172039797,0.04888208887610065,0.8549769797956874,0.0,0.01401508960271364,0.11039559538837415
2018-02-01,-0.7040985851740781,-0.06482706810167338,-0.7483092894678529,0.0,0.0093423019500027,-0.1840604237656259
2018-02-02,0.5949157411450897,-2.143664501131662,-0.12356717996360578,0.012400793666673444,0.018681985949439234,0.0736648283772351
2018-02-05,0.06819592467287383,-4.184256124518214,-1.099707290677817,0.01859830760761455,0.04668970110028707,-0.8504395866987918
2018-02-06,-2.974464187543662,1.7290591086863922,-5.251949064871578,0.012396950366087884,0.009335324876100533,0.7030556248687343
2018-02-07,-2.400012904596889,-0.5014145306667626,-0.8937228451349141,0.006197898914240398,0.004667335652297366,-1.3736989730179445
2018-02-08,-0.9538004279119664,-3.8259085020510715,0.4214604901513333,0.006197514798571715,0.01400070005787283,-0.37453227301619413
2018-02-09,-4.365930862233555,1.48256265596341,-3.148594386144636,0.01239387744040415,0.004666464454053022,0.4492706920407632
2018-02-12,1.2793720614961817,1.3818684318076369,-0.16209055892522722,0.03097797490774784,0.04665267171155887,0.11200299845499052
2018-02-13,1.1635533790549657,0.2609543983683735,1.2813172988241206,0.024775472409177487,0.013991558449231648,0.40960772220032543
2018-02-14,0.7928830690543001,1.3313461230303598,2.240400372296362,0.030960711105240776,0.018652366573083716,0.8510689667908611
2018-02-15,0.0,1.1996836229864198,1.9465809362559625,0.0,0.0,0.0
2018-02-16,0.0,0.03733924947562478,0.0,0.0,0.0,0.0
2018-02-20,0.0,-0.5858531424820396,-0.7801416132780267,0.0,0.0,0.0
2018-02-21,0.0,-0.5511689809002754,1.7920561137793032,0.0,0.0,0.0
2018-02-22,2.1391106487451252,0.09731208529212047,-1.4943488205177684,0.08045301668600303,0.1071836437865241,-0.8882367798929666
2018-02-23,0.4518988971263035,1.590124602558474,0.9689170868886081,0.04329406011280388,0.023285597962936735,0.2598850543845149
2018-02-26,1.1558748057687147,1.1688421260557076,0.7374435103939307,0.06799567562241231,0.03724568225935184,0.5546325920556355
2018-02-27,-1.4537396383489931,-1.2788286983879777,-0.7326782422259572,0.07412440885440603,0.004654735030043606,-0.5175612292585099
2018-02-28,-0.8744519971607156,-1.1157824195769546,-1.365073300309575,0.061728397021823055,0.01396290523783761,-0.7813993247348626
2018-03-01,0.6303912356162683,-1.3413907890662753,0.644802107130505,0.030849915407401875,-0.05120685352682232,-0.037362227223338214
2018-03-02,-0.8090084089436332,0.5058756308712583,-1.4954593072218594,0.012337301847750344,0.004656252183468482,0.4474280394921107
2018-03-05,0.04072408270897777,1.097163914490453,-2.305582015069819,0.006168080186995863,0.0325876961055122,0.3713335124660849
2018-03-06,1.199018152104988,0.26353184422145337,2.0675232201298623,0.04933095000455411,0.018616773766871833,-0.14836797973919122
2018-03-07,-0.7382557088824577,-0.04839667770615435,-1.0338492598936644,0.0,0.0,0.40748343102726775
2018-03-08,1.009257267049201,0.4453176811945213,1.50401905363965,0.04314462762232868,0.01396030621872921,-0.1850139288161366
2018-03-09,0.7638278759686679,1.7229511513169882,1.1084815985252878,0.012323618229907216,0.009305788206991385,-0.5198674909237666
2018-03-12,0.4565279179009217,-0.12747798242772498,1.911273516705945,0.030802402830939764,0.03256344084782865,0.037223153230823904
2018-03-13,-0.8860809074242421,-0.6383924585162931,0.0225331502518922,0.006159342184218322,0.0,-0.14897581898670803
2018-03-14,-0.43868978535668063,-0.5740941532718953,-0.5280765664359455,-0.0061593421842150884,0.004651054627469357,0.2233805843240554
2018-03-15,0.5586153049198009,-0.07822719394124938,0.33692173224992045,0.006159342184218322,0.009301460335986169,-0.11162791856817755
2018-03-16,-0.974915644516685,0.17020228353889483,-0.12413737156192176,0.018475750629906734,0.013950568508302116,-0.41037177530760555
2018-03-19,0.43847130586978106,-1.4306008195445936,0.03741922893716858,0.030785334110081414,0.03719200414791501,-0.33701585914528726
2018-03-20,0.08479441996437564,0.14807014304161872,0.11470944363110465,0.04923683014290295,0.018590816190390328,0.29962569232344854
2018-03-21,-0.4092499326107085,-0.18456884848011978,-0.4301163871268272,0.030760712660638623,0.004647164068952553,0.11212858584641527
2018-03-22,-1.007289533203283,-2.548489001614073,-1.0993688921862117,0.0307512533559096,0.032524102969939475,0.7813993247348595
2018-03-23,-2.9127448913337783,-2.1189833248420764,-2.4822251308142933,0.08605323537977456,0.027869385660447492,1.069134607788731
2018-03-26,-0.6433689934372874,2.679502611263216,0.7870156758267756,0.036857301234256214,0.04643172298675795,-0.25702235555453934
2018-03-27,0.8565484584295732,-1.7427312133270447,0.7892495435958238,-0.006141940240852226,0.02320777935176284,-0.07355645789540893
2018-03-28,-1.8193782382508124,-0.29208740450646015,-2.5268818574473992,0.036845984204626016,0.027842227558050634,-0.5164157548234264
2018-03-29,1.3270417637119007,1.3675733119263356,0.23571142083176855,0.012278978404413178,0.004639617696321786,-1.1156679500966362
2018-03-30,0.11415780226023604,0.0,0.0,0.04296455490368841,0.01855631847967878,0.07476635862306695
2018-04-02,-0.2974486564282049,-2.2590592580476767,0.0,0.06747845546354407,0.04637573704598769,0.18667169878401024
2018-04-03,-0.630742657604171,1.2535934603553565,0.2877552775749021,0.04904665661439509,0.027815122334072077,0.78023802841848
2018-04-04,-0.19740222410259528,1.1500105825438875,-2.215914473300079,0.024514310351348854,0.0324412006089227,-0.18521953804141292
2018-04-05,0.0,0.6839366240059898,0.0,0.0,0.0,0.0
2018-04-06,0.0,-2.216402280202734,1.0991689177762642,0.0,0.0,0.0
2018-04-09,-0.05016482322799196,0.3331017352751162,1.2805603979963835,0.10411882735123369,0.078741985124135,-0.22271724128242526
2018-04-10,1.9086112963932322,1.6588521255114927,1.637745781231591,-0.006121636927640976,0.018518518571457622,0.037154003771278615
2018-04-11,0.28403748931388356,-0.5540619488903828,0.5483698101180488,-0.012244398203110535,0.027771349403196564,0.7033158734047078
2018-04-12,-1.0133583568970972,0.8216880187239336,-0.21523120868964696,0.01836603513075867,0.03239016292806013,0.2946595133805273
2018-04-13,-0.7076446381222022,-0.2890821874502216,-0.0743028143035497,0.0122421497367668,0.032379675098442307,-0.7012392640050124
2018-04-16,-1.6219428685991557,0.8076322362107757,-1.6124629248428926,0.06730504735979145,0.050861173215253005,0.2958582039745263
2018-04-17,-1.5937291751862186,1.0605144127271393,-0.8375237806974174,0.042806910912043764,0.032352737554849506,0.22132063626486612
2018-04-18,0.46948802891430463,0.08310203745819628,0.7340911551523871,0.1832509217227204,0.06005589998718555,-0.11059908961490092
2018-04-19,1.202449127314426,-0.5742577941307845,1.390975998550022,0.03660992169754518,0.04617231590015616,0.22107599276823894
2018-04-20,-1.3466660173615443,-0.857318047104584,-0.9492148145910406,0.024399170549270443,0.04153686456396348,-0.4796172263492944
2018-04-23,0.14537717880077583,0.005617525182039568,-0.5403758786013407,-0.018298819777194348,0.04613184563059153,-0.4076344351255864
2018-04-24,2.0280532927162263,-1.3470895618345118,1.2541993492721293,-0.006100350772073055,0.013835404822944765,-0.18583911685586577
2018-04-25,-0.3854731991083276,0.18354334726678417,-1.010729781117862,0.0,0.009222539894024133,-0.1861851217416156
2018-04-26,-1.9305850651457481,1.0380129158368219,-1.0622975226614122,0.01220032942402664,0.018442528522917303,0.07451565173409311
2018-04-27,0.03680329656801829,0.11130162199066156,0.9056206241087346,-0.012200329424036743,0.03687485637544483,-0.2983963422612551
2018-04-30,0.0,-0.8221243907144358,1.7279447860787982,0.0,0.0,0.0
2018-05-01,0.0,0.25458022179105094,0.0,0.0,0.0,0.0
2018-05-02,0.18003009068554776,-0.7231903167589714,-0.2748800614253748,0.03659652373873093,0.059892655725991756,-0.3367636484838102
2018-05-03,0.77690940850433,-0.22562397993906033,-1.3451333070605176,0.08533984059536799,0.009211071714689819,0.07493443587807579
2018-05-04,-0.4863375613936681,1.272983193382955,-1.284449381567449,0.02436944084192965,0.009210223354424472,0.11229647446237236
2018-05-07,1.5663686671114112,0.3451995069662222,0.22616545211760242,0.04263223670648604,0.032229103158865964,0.2242153405689727
2018-05-08,1.1536438632792785,-0.026569121971978242,1.3529008328659355,-0.0060892068826771195,0.00460330978056383,-0.11204482964894955
2018-05-09,-0.18222544505816501,0.9635604216150478,0.43758618339181427,-0.024360536052255202,0.004603097885690828,-0.1495886591582691
2018-05-10,0.552279744136965,0.9327000979503942,0.89030956475715,0.012181009820770536,0.0046028860103342,0.07482230053521344
2018-05-11,-0.5206932671784782,0.1706175115176048,1.010289665971108,0.03044603463920536,0.01380738697394944,0.2241315843013917
2018-05-14,0.9368966893457287,0.08831316934816184,1.3373930688602345,0.0,0.027609055945663985,-0.11200299845498521
2018-05-15,0.3779772515686297,-0.6865679959648896,-1.2411411531315866,0.018263172363803332,0.0,-0.41175427816985677
2018-05-16,-0.7996341211463335,0.40523361876279773,-0.13436719595013435,0.024345709189026045,0.009201324997295661,-0.9421588441521689
2018-05-17,-0.742400989556773,-0.08562100552650634,-0.5416407625066249,-0.006085871650841081,0.004600345026688784,-0.41737871253220793
2018-05-18,1.0045771461980648,-0.26356975373117936,0.34121632601215746,0.024341264648865695,0.009200055206817884,0.038015586848246644
2018-05-21,0.46466570128464757,0.7359590175901056,0.598695541524275,0.06690794325211359,0.03219352937869602,-0.22831060145685209
2018-05-22,-0.3841357811983713,-0.31406635129493404,0.0,0.03039790885795282,-0.009197093724877658,0.228310601456855
2018-05-23,-1.3304407802632041,0.3243109408800207,-1.8375641180556221,0.012156576722975869,0.009197093724869449,0.11396012629335743
2018-05-24,-0.712479302852638,-0.20252522464269634,0.3085663987660949,0.006077734222546894,0.018391650242652553,0.5301034753672509
2018-05-25,-0.2804658997988246,-0.23600281824850003,-0.5619390663821887,0.01823098665071765,-0.004597595458386117,0.48973539207902705
2018-05-28,0.4382341779967459,0.0,0.6654276813929908,0.04859972150819967,0.036774846419781376,-0.3765064688663733
2018-05-29,-0.7660000520758945,-1.1631583739263907,-1.0042377700057072,-0.006073673663395949,0.004595905049404442,0.4140792666031387
2018-05-30,-2.1425772726821832,1.2615911702766043,-1.4132389801757148,0.024292481596469163,0.018381508254497848,0.1501501783597133
2018-05-31,2.099629144703934,-0.69033368781207,1.3606740085635212,0.01214402818904995,0.013783914193977405,0.18737123713067644
2018-06-01,-0.8394858995770413,1.079076407564197,0.07988652929458799,0.018213277529625337,0.013782014492932444,-0.3375214154903836
2018-06-04,0.9762068524331616,0.4469595089461682,1.6427843497547088,-0.02428510727737989,0.036742755201407504,-0.4518079974789003
2018-06-05,0.9862570534798203,0.07023711683356189,0.3075144999381092,-0.00607219844130434,0.009183579765835462,-0.07550019233689302
2018-06-06,-0.2073577401091168,0.853088317566569,0.5313347720803957,0.018215489288051275,0.004591473634280328,0.15094342488543405
2018-06-07,-0.16531039804767417,-0.07144506972109346,0.8077884060693911,0.0,0.0,-0.03771450167276967
2018-06-08,-1.3506816165262114,0.31210606659344703,-1.7750187339995314,0.018212171851829502,0.013773156140497235,0.0
2018-06-11,0.009680409323518328,0.10681475490628696,0.3401704388785264,0.030346250953602702,0.03212998903090909,0.2637032984165171
2018-06-12,1.2088496316527606,0.17418322369011133,0.12662717265400453,-0.006068513519465554,0.009178101057321102,-0.0752728676866046
2018-06-13,-0.988000026904556,-0.4034177279463059,-1.2224669169861269,0.006068513519462173,0.018353675375018974,-0.1507159290571363
2018-06-14,-0.3960382046998095,0.24684618120292837,-0.9318419723293183,0.030337044797789627,0.013763046242617571,0.3763647649303802
2018-06-15,-0.5296207802438196,-0.10175922059649557,-0.43022529366283474,-0.00606667273519662,0.009174311933032066,0.1501501783597133
2018-06-18,0.0,-0.2128422800086842,0.0,0.0,0.0,0.0
2018-06-19,-3.5888669688640595,-0.4031549765965106,-2.8150845723140216,0.054586809543445095,0.05502820334210404,-0.8664586134364823
2018-06-20,0.394870798864066,0.1710697336312203,0.7708062189107716,0.03637465938864837,0.0045843170521600906,-0.26520189818912043
2018-06-21,-1.1753372382572898,-0.6365707692292354,-1.35653866157892,0.054537192686398075,0.009168003673635867,-0.3800840759656449
2018-06-22,0.442652447549438,0.18602493447316099,0.14547689730703967,0.0060578524931568485,0.018333486163731767,0.4938281640582577
2018-06-25,-1.3509570140914549,-1.3819790665146472,-1.2943900018155423,0.054504164861768054,0.036656891906072714,0.15145781009650955
2018-06-26,-0.8282112309727857,0.22021541473088704,-0.27657742992802886,0.006054184957217409,0.0,0.03782863672879361
2018-06-27,-2.055730851614087,-0.8641521386801524,-1.8349972217959,0.018160355992879254,0.013742870907353355,0.11340012555241533
2018-06-28,-1.03844323604346,0.6159615039220663,0.4962230679294762,0.030259933053835376,0.009160864792052545,-0.2269289929968933
2018-06-29,2.5225614411043256,0.07580943491275485,1.593665190367342,0.10886000470259603,0.013739723853157849,0.189143237776873
2018-07-02,-2.9781495634955713,0.30633182696388056,0.0,0.05438559520097295,0.04578545018402552,0.22650066308522832
2018-07-03,0.03861677932213714,-0.4959632808581322,-1.4244941981292023,0.06039376919887298,0.009154575005249358,-0.03771450167276967
2018-07-04,-1.3445534255077423,0.0,-1.070321083377531,-0.0060377358508851234,0.004576973248398706,0.3013184953994323
2018-07-05,-0.6355169469703013,0.8583806694084265,-0.2111877058317983,0.07846214604179258,0.018305798412748084,0.03760105327249878
2018-07-06,0.6763975114381641,0.8445532084704199,0.47269260517238876,0.0,0.01830244800349671,0.11271840381872698
2018-07-09,2.7568210351744886,0.8784343615273702,1.308274975370252,0.024129818540182476,0.032021225771648176,-0.07513148362429552
2018-07-10,0.24057068966718648,0.34671897996766143,-0.021788106394723488,0.030154087615039925,0.02286602804192912,-0.26340560855363593
2018-07-11,-1.7450742658102532,-0.7119461953973613,-1.3003670974600245,0.030144997665941434,-0.004572787343318309,0.1882176350866985
2018-07-12,2.1348066686149134,0.8710984661528809,0.5956435815068992,0.012055455108027144,0.009145365592366029,-0.22590371052800787
2018-07-13,0.33364597619537806,0.10786485794734958,0.15650913173604342,0.01205400194323108,0.018288222435775048,-0.11314351574717603
2018-07-16,-0.5916589790701419,-0.1028619276585639,0.04983781784079638,0.04217756818469561,0.054844608321723734,0.15082959118848813
2018-07-17,-0.6561815276597821,0.3965782536343808,-1.2622577430319855,0.03613804773412528,0.022843045534135853,-0.07538635863995997
2018-07-18,-0.5247908333775129,0.2158157835582412,-0.22828083541672678,0.018064127702299034,0.018270680176883252,-0.9852296443011708
2018-07-19,-0.0868759592004376,-0.39607817464154277,-0.3797020967904155,0.03611846896958608,0.05935666681132422,0.3421406112721276
2018-07-20,1.8653507624934003,-0.09489291369751975,0.7597394361565155,0.03610542824154555,0.027383506172659063,0.18957351648991974
2018-07-23,0.9362702980465857,0.1836397184893872,0.11203848156608918,0.042106530141795454,0.05018362750451843,0.5289018751790812
2018-07-24,1.5745874780628117,0.47695465529177933,1.428201909833029,-0.03007428370688088,0.013682074223790712,-0.11310086031273629
2018-07-25,-0.11044133388506532,0.9060376426541358,0.897242674180789,0.006015580354934482,0.027358533753247594,0.07541478487142922
2018-07-26,-1.1669126743320535,-0.30368580797846917,-0.4844205622691865,0.018044570137088517,0.027351050906717675,0.11301564585848177
2018-07-27,-0.4256119360411777,-0.6583879546122514,0.0803675695879271,0.02405436297605298,0.013672720664831028,-0.11301564585848872
2018-07-30,-0.1747366104336344,-0.5770799909402402,-0.24731748011006124,0.018036975849288865,0.05467219599482715,0.1506591622073778
2018-07-31,0.07329722151080377,0.48728581939806326,-0.523832704976732,0.048082703174224056,0.04098454029453818,0.0
2018-08-01,-2.0178185264417876,-0.10409173801414606,-0.851213993579531,0.024032684566546652,0.036416606374779954,0.0
2018-08-02,-2.2419953564654644,0.4914398127409042,-2.2342438558553503,0.012014176742971536,0.036403349510136,-0.22607394707880898
2018-08-03,-1.665368630174887,0.46333873211502113,-0.13807329320327782,0.04203825543098521,0.06367399132673046,0.03771450167277875
2018-08-06,-1.2752920340904368,0.3532051293110495,0.5162196476257545,0.04202059070744991,0.06363347335307105,-0.18871490786519624
2018-08-07,2.878688748876564,0.28201845679715165,1.5314440378344722,0.018003420698562145,0.04542770259378749,0.03777148297975776
2018-08-08,-1.6268182662861996,-0.02624143888119613,0.3895566014741893,-0.012001920321659448,0.04994664893716299,-0.18900024526097942
2018-08-09,2.473959267847368,-0.144275914144179,0.8712553208082482,-0.018005581778983256,0.013617484871593873,0.0
2018-08-10,0.22019108237307786,-0.7139295225622618,-0.8448828225169843,-0.030016509305360792,0.03630422984146559,-0.075700230715689
2018-08-13,-0.43191283177752116,-0.40140031013779487,-1.5276518557375103,-0.012009126950908715,0.04082651058091716,0.26470047597667234
2018-08-14,-0.5154450445881381,0.6368919546678298,-0.6595163024842627,0.030020113701478418,0.0,-0.8723742031174734
2018-08-15,-2.4288977832754375,-0.7631263915857994,-1.559098857093937,0.0,0.02267419459638575,-0.07621951588503165
2018-08-16,-0.46427509349338286,0.7888276759113128,-0.8214489727979591,-0.018010986750575973,0.009068238500891569,-1.2274799304763666
2018-08-17,-1.4480820124350875,0.331762686521854,0.41739246106692857,-0.07808511674049272,0.031732360473884405,-0.15449983760808592
2018-08-20,1.158416995345613,0.2425016695182756,1.4034164503281321,0.012017064245669833,0.04984480244577463,0.5781476886421232
2018-08-21,1.8016869678191054,0.20664306891217007,0.5592344659827531,0.01802288911790758,0.009060022656255756,0.4983717426572728
2018-08-22,-0.5635438427250307,-0.03982685850175957,0.6278355339662314,0.006006907945940363,0.004529703531689844,-0.19138761822842756
2018-08-23,0.3642501329903129,-0.16926632005294404,-0.4921934684562902,0.0,0.022645440437344976,0.1913876182284419
2018-08-24,0.15978068336168277,0.6179719474590772,-0.42764225999532773,0.03002912848006601,0.01811266079938748,-0.11478861027016518
2018-08-27,2.413661670097284,0.7641124395724228,2.1429720909827332,0.006004743749359729,0.04979290780287979,0.5345564466419677
2018-08-28,-0.18813699732636036,0.026923196567344022,0.2838076754216638,0.0,0.01810036658184668,0.3421406112721276
2018-08-29,-0.40069046339428155,0.5685235804660677,0.22836795258011186,0.012008405898562705,0.013573125232916431,-0.5327257652056301
2018-08-30,-1.0531753417970224,-0.4440118245784964,-0.8921508952797068,0.018009905496681158,0.009047726764835154,0.22865863621333582
2018-08-31,-0.49630966599312565,0.013442134217546059,-0.9830131644003747,0.006002581111680462,0.03166059864977625,0.07610350443413563
2018-09-03,-0.3809552225103242,0.0,-0.633119199395401,0.012004081402102322,0.04973212571702774,-0.30476214064748375
2018-09-04,1.2586269027628545,-0.1655675203683984,0.9366895408755975,-0.04802497390899891,0.018078278997071102,-0.3056937802793854
2018-09-05,-1.9741502466815615,-0.2807106722542491,-2.6424106177642415,0.030018311395237487,0.013556564787249861,-0.11487652038734819
2018-09-06,-1.074855090344283,-0.3658974194848502,-0.9923969287765058,-0.006002941443098676,0.01807256138293636,0.30604461531061267
2018-09-07,0.4514324453855149,-0.2215757124654065,-0.005004792553319938,0.006002941443108481,0.01806929579835826,0.34318432156945144
2018-09-10,-1.4621589994254605,0.18960451407243312,-1.3438190508352192,0.012004801935187381,0.045158960305038374,-0.3431843215694565
2018-09-11,-0.18147653586513468,0.3732862156378708,-0.7197787616631927,0.006001860578575607,0.0,0.19080333970285676
2018-09-12,-0.6905095541184463,0.035659819551439806,-0.2937790251423256,-0.030012905774683882,0.004514774600631304,0.07621951588503767
2018-09-13,1.072959328478457,0.5268348654683924,2.509336674217421,0.006003301817809097,0.018057060359639495,0.34227072775021383
2018-09-14,0.1705292269754922,0.027542708586353853,1.00153873315212,0.06001320470582357,0.027079478434206855,0.22753138371356055
2018-09-17,-1.153036734731709,-0.5585314617480499,-1.304204489510048,0.029993101811472984,0.03609456815942356,-0.4175371410480733
2018-09-18,1.992836101832585,0.5354649595431229,0.5620784804052498,0.0119947223365552,0.013532104939567526,0.038030044192902006
2018-09-19,1.3081608972484866,0.12525249991826695,1.1844439370675313,-0.02399088357935075,0.018039958557011525,0.038015586848246644
2018-09-20,-0.07116531927820131,0.7809997394075652,0.25617194938642535,0.011996161242775564,0.013527833538089064,0.18986145821052533
2018-09-21,2.9868491139865756,-0.036857427018063466,1.7171602444480245,0.0119947223365552,0.027050178245283933,0.1516300517964008
2018-09-24,0.0,-0.35219491222055666,-1.6381454658111,0.0,0.0,0.0
2018-09-25,-0.9036877438513952,-0.13059284486635184,0.0,0.03597553702309923,0.05858362980467317,-0.3034903695154047
2018-09-26,1.1015779730180342,-0.32946695026326334,1.1478848571021745,0.041955108649819196,0.022523029893189887,0.15186031771900596
2018-09-27,-0.4002772455734116,0.2759466146894934,-0.3644713965104703,0.0,0.018014772161838246,-0.34201059368581355
2018-09-28,1.0310630317834348,-0.0006863441535533463,0.26250285548799335,0.023966447088953943,0.03151804434114294,-0.7642375752038023
2018-10-01,0.0,0.36344555873070566,0.0,0.0,0.0,0.0
2018-10-02,0.0,-0.03967154747124362,-2.4116299626578286,0.0,0.0,0.0
2018-10-03,0.0,0.07112400153475562,-0.1295519499263832,0.0,0.0,0.0
2018-10-04,0.0,-0.8203069104388573,-1.7402984828901333,0.0,0.0,0.0
2018-10-05,0.0,-0.5543301253226848,-0.19287010898669169,0.0,0.0,0.0
2018-10-08,-4.398072704604592,-0.03951473188331464,-1.4021983165072291,0.08383736044084067,0.12597293248216335,1.1820919343758134
2018-10-09,-0.06712273209352537,-0.14189640475695234,-0.11325911732192773,0.023940627358782933,0.008991997128624567,-0.15174509740336117
2018-10-10,-0.21590537046332764,-3.3416333989061715,0.07699655767344052,-0.01795493316610763,0.017981568940334744,0.4167461989173493
2018-10-11,-4.9179746951178345,-2.078764746357497,-3.602060947647004,0.053855131002766975,0.008989572102435586,0.07558579347014309
2018-10-12,1.4809955846793799,1.4106320709680948,2.095797971149436,0.01196386912954093,0.017976720195822964,1.4626174856081622
2018-10-15,-1.4061959490625715,-0.5922538841602318,-1.3910624132844158,-0.017946340490245915,0.04043580870552136,0.9264472415482523
2018-10-16,-0.8182496140899246,2.1267870038650147,0.0675737817448951,-0.005982829281757784,0.026948125022723493,-0.07380074135703248
2018-10-17,0.5554569264837069,-0.025270816079308065,0.0,0.017947414124935206,0.008981094801487238,-0.33277900926745796
2018-10-18,-2.3969616522507042,-1.449651506164546,-0.030284694029057202,0.047844029379844104,0.00898028827329157,0.0740466527723692
2018-10-19,2.9310645626263785,-0.03612351391023696,0.41888921499940057,0.011957431557947007,0.01795815754129976,0.5167970158442597
2018-10-22,4.226173925612583,-0.4308743988789517,2.2886241055069987,0.011956001927194867,0.04039406710968821,-0.14738396183005528
2018-10-23,-2.6915647709496033,-0.5527097324213361,-3.1327016046440344,0.017931323080837964,0.026920316027620635,0.47820580370583143
2018-10-24,0.14991776887575103,-3.135083200711912,-0.38251832887910153,0.03585300307304263,0.004486014849461996,0.29314788307235184
2018-10-25,0.1913542375020437,1.845372947933219,-1.016324250083158,0.01792168229654892,0.004485813615200695,0.4016802917707905
2018-10-26,-0.6492982531994522,-1.7479090705260276,-1.1137446104395736,0.035833731869333744,0.013456233620514325,-0.07291287235162794
2018-10-29,-3.095862955146051,-0.658123033377329,0.38122650258407287,0.05969436662459288,0.044841039269799085,-0.14598542738655168
2018-10-30,1.0787495650464536,1.5545366655688744,-0.9170960740718496,0.011934598414944092,0.02689497528426464,-0.2926117669388791
2018-10-31,1.390900984142393,1.0792838671999128,1.5905036200466052,0.029830266008858835,0.013444775604542472,-0.8091254146839776
2018-11-01,0.7332499615765938,1.0502452503904893,1.7315802274729544,0.01789388928457519,0.026884129564189042,0.22132063626486612
2018-11-02,3.5014187855767256,-0.6336699810107039,4.125060897867644,-0.011928903747883853,0.022397921566519517,0.03683919732213899
2018-11-05,-0.8365702036225016,0.5584693817028391,-2.1059618758445438,0.0238563846780506,0.04925777588794421,0.03682563105510876
2018-11-06,-0.6051276956503466,0.6239826862749526,0.7168169991028412,0.035773909277309425,0.00895335303668072,0.11039559538837415
2018-11-07,-0.6570820620157931,2.0987099015788777,0.10227929104807444,0.04767864682968532,0.026855250362805682,0.0
2018-11-08,-0.2839737405509324,-0.25121349979599034,0.30560166415852136,0.029787614530219365,0.022373867416317327,-0.4053810600305004
2018-11-09,-1.4209628394483091,-0.924156159302086,-2.4149518057383155,0.02977874415264109,0.03131500685443036,-0.36995972644644576
2018-11-12,1.1830972923802152,-1.98981367275931,0.12202573579018314,0.03572279152063454,0.05366006478530728,-0.5575186342077139
2018-11-13,1.000908158737834,-0.14830044565126616,0.6210491113846089,0.011904761918808895,0.02234986487636061,-0.41083157690877253
2018-11-14,-1.0070859254752393,-0.7596242848709707,-0.5381830889047541,0.05950256036564047,0.04468474983866582,-0.03743215465755834
2018-11-15,1.1610794610305406,1.0538079545354202,1.7347009234070307,0.04757656943740068,0.035733429002705375,0.5600163973222086
2018-11-16,0.4708283794282228,0.2220812515123669,0.30673116547855755,0.05349659829787774,0.040184850852202095,0.14880955127019405
2018-11-19,1.1272415161681666,-1.6783146839093228,0.7172254106339527,0.053467994738817415,0.04909289813638273,0.22279994363129363
2018-11-20,-2.3399002391473385,-1.8317962154308476,-2.036600452847955,0.017816313851809606,0.026767789586563052,0.4071817582103491
2018-11-21,0.2508713864462597,0.3038654446444182,0.506179112373524,-0.005938418600888315,0.022301019248983693,-0.11088524514463205
2018-11-22,-0.3746208863114145,0.0,0.18441701154835985,0.0,0.03121307407233308,0.25854123358107045
2018-11-23,-2.2320268559339573,-0.6576467765855122,-0.3531674068500961,0.041561526500004546,0.026746311397343542,0.036879956162072874
2018-11-26,-0.07102307154421204,1.5413016366781476,1.715020623865775,0.04154426007109434,0.04456129479734984,-0.03687995616208204
2018-11-27,-0.1274861923942222,0.32675801388699244,-0.16779195917291342,0.053388700660092436,0.013364517226700278,-0.18460407679321753
2018-11-28,1.3201633193070952,2.2699178427641185,1.322675792809008,0.005930318756366847,0.026723677337026828,-0.5187117966114883
2018-11-29,-1.3070029407606876,-0.21964639208206352,-0.8715069523332483,0.02371775878298683,0.022264277059576384,0.7770621894313293
2018-11-30,1.110435782943523,0.8152204233588811,0.21043185934685257,0.011856770229688651,0.02671059090804717,0.03685277358826185
2018-12-03,2.7438816811427396,1.0881931492828127,2.515704355568998,0.08295805168823257,0.05339978766979372,-0.3691403231959688
2018-12-04,0.20706554563122248,-3.290020854234479,0.28801059097255555,0.05921364455346285,0.01334549257969835,-0.0739918642710575
2018-12-05,-0.481782831036399,0.0,-1.6300620615990442,0.0710101219258302,0.022238530569568062,0.221811551202158
2018-12-06,-2.186429336877751,-0.15233481015795478,-2.504280857905157,0.035486160769830626,0.017787264365651968,0.4053810600304886
2018-12-07,-0.0034070706399578032,-2.3596383238556005,-0.35472940946558656,0.10638298875648741,0.008892445873087462,0.0735294150775624
2018-12-10,-1.163452697108467,0.1760644000385231,-1.2018793691081464,0.04724502538716644,0.048894322565372426,1.0601451877370662
2018-12-11,0.47751733594703055,-0.03564318930519869,0.074877657720096,0.029516810037483496,0.048870427700330954,-0.14556043327006501
2018-12-12,0.3410011321186899,0.5404856335625491,1.5976203562599107,0.011804284969146489,0.022205937959029653,-0.5111365637235559
2018-12-13,1.5362080961148552,-0.01999392643992198,1.2811148853118692,-0.023609963514224917,0.008880994677235377,-0.0366099216975764
2018-12-14,-1.684500874701418,-1.9271178750727642,-1.6327501471687564,0.017707995206093386,0.004440201585878232,0.0
2018-12-17,-0.1490191488735928,-2.0992280594401733,-0.02610056935905097,0.03540658599482183,0.0443911757633753,-0.10991025103521787
2018-12-18,-1.042046431394138,0.008640835809843542,-1.0548006817388167,0.0058998790541956,0.017750954160410937,0.5847969882423121
2018-12-19,-1.1994898420471534,-1.5515478113209684,0.19791165995943927,0.011798713953881022,0.022184262575175483,0.3274516296831359
2018-12-20,-0.7699457301329583,-1.5897793403096878,-0.9394711673498899,0.01769546116040609,0.0177438673224314,-0.036330608937310174
2018-12-21,-1.2472844143958268,-2.0803200653483116,0.5056363865093444,0.0,0.026609899039402585,0.6158324117727718
2018-12-24,0.2901646793474511,-2.748656592240741,-0.39700624853853367,0.011795234738826287,0.05763050142880691,0.46838493124264374
2018-12-25,-0.6908348989399066,0.0,0.0,0.03537735885954274,0.0044317401234929485,0.7163354413564044
2018-12-26,-0.5066634541426275,4.8403238994109445,0.0,0.023577954721659442,0.017724996722960448,0.1070091059844386
2018-12-27,-0.38471223536812205,0.8526177791668823,-0.674749764522677,0.011786892988672675,0.01772185552463723,-0.24986627313702672
2018-12-28,0.6714694509391028,-0.12423185913211249,0.09932707902974298,0.11190624603356393,0.008859750160836989,0.4991097705128897
2018-12-31,0.0,0.8456582977787399,1.3301098339479065,0.0,0.0,0.0
2019-01-02,-1.3751722119555432,0.12677203464647185,-2.8067963788573143,0.07649534045670457,0.08412850016878919,0.284091100160365
2019-01-03,-0.15816995321003935,-2.506827626353524,-0.2629362258243298,0.05880277718540145,0.03097687822092293,0.7771144724886742
2019-01-04,2.3675613241137574,3.3759378318728883,2.216171499584987,0.017634092624664456,0.03539040072328351,-0.1408450937057961
2019-01-07,0.605202638511489,0.6985975834124729,0.8148624625490578,0.035258859153559086,0.05748270150101253,-0.6362693787828769
2019-01-08,-0.21630598306179885,0.9648598495866724,0.15373863404422447,0.041119629327900746,0.026519337171987123,-0.3552401604367772
2019-01-09,1.004628066077709,0.4089652304170427,2.2427191620782443,0.0,0.022094076667961184,-0.35650661644962567
2019-01-10,-0.1882409023599767,0.4508267632578381,0.22312510731372312,-0.011746740293083376,0.03092350873935146,0.14275519911853238
2019-01-11,0.7164011767437094,-0.01463536754715011,0.548388531725687,0.0,0.01325000554022966,-0.7158226700170477
2019-01-14,-0.8760599755919578,-0.5271432420136155,-1.3931531681060445,0.017619593032982828,0.06622370609124456,0.1435750426104194
2019-01-15,1.9435113786143983,1.0542042980166322,2.002603410647193,0.0,0.026477207691855163,-0.2154399397026214
2019-01-16,0.021139134759275622,0.23421006940466677,0.26728772999865924,0.11151872028818202,0.017647577915739558,0.17956549985599773
2019-01-17,-0.5523959817314661,0.7562782854258203,-0.5459431988626209,0.02346178672267407,0.017644464095180525,0.1792436400314745
2019-01-18,1.8077179967474297,1.3096912647036882,1.2449637495621397,0.0,0.030870322840021766,0.03581020629138082
2019-01-21,0.5496715558999611,0.0,0.38952033460206636,0.01759272838433282,0.05289839224080298,-0.46653592604940985
2019-01-22,-1.3373437086512592,-1.4258454363476867,-0.7051061841407391,0.05275962252699358,0.017626580929600722,0.03596475492821809
2019-01-23,-0.07204859006901075,0.22004713333086962,0.010182611256145042,0.0,-0.004406353963120619,0.2513917646449493
2019-01-24,0.562825759106869,0.13747320396555432,0.41670745131334425,0.01758035692651821,0.030840401169642012,-0.2513917646449595
2019-01-25,0.8099329258855039,0.8452893602496171,1.6391246730970725,0.017577266780272625,0.013214403719257785,-0.1799532607269876
2019-01-28,-0.021729683855788832,-0.7877809121115847,0.028179664587340756,0.029288580591880636,0.057242246339681425,1.0748939035711151
2019-01-29,0.3196146814004265,-0.14572709979783427,-0.1643299859682198,0.02342468972997636,0.008803591871164846,0.32022799113845546
2019-01-30,-0.8011701628187863,1.5429591679246102,0.4029763386863214,0.06438961793573511,0.013203934791744391,0.3192058039341964
2019-01-31,1.040813048322049,0.8560630907940894,1.0780648627142055,0.04095363520748296,0.01760253481046171,-0.07084662003733118
2019-02-01,1.4192759773769528,0.08982318744328292,-0.041987922914506315,0.01169795871953148,0.035195776870141325,0.38903674177572084
2019-02-04,0.0,0.6753348935356753,0.21269317641916613,0.0,0.0,0.0
2019-02-05,0.0,0.46974312794430667,0.0,0.0,0.0,0.0
2019-02-06,0.0,-0.22269728784431775,0.0,0.0,0.0,0.0
2019-02-07,0.0,-0.9401171920809304,0.0,0.0,0.0,0.0
2019-02-08,0.0,0.06760338865466207,-0.15692789312133157,0.0,0.0,0.0
2019-02-11,1.8028127998166308,0.07087905082550859,0.7042975683187322,0.08769109912727564,0.13626675222265847,-0.14129285289493587
2019-02-12,0.7191078467541089,1.2807878037835878,0.09762911905795128,0.029213286410328065,0.017569288928219618,0.10598835120430306
2019-02-13,1.9827824347378948,0.30194138361176875,1.1514728174279998,0.01168292541780718,0.030738829970873505,-0.21208915691375133
2019-02-14,0.1503919608647295,-0.2655145628696972,-0.2302492302950294,0.0,0.021950523608135573,-0.07079646313401279
2019-02-15,-1.8821816172192005,1.0819962367806282,-1.8860234091649581,0.011681560669795945,0.021945706410651685,0.6001783241055358
2019-02-18,3.1557161087942633,0.0,1.5864761338573525,0.0,0.04387696968291687,0.5265941605287048
2019-02-19,-0.1782625228272329,0.14976529973075328,-0.42025587551896626,0.011680196240584896,0.021931267495837885,0.13995803544232635
2019-02-20,0.3575259486906186,0.17755546082880141,1.00779497704532,0.02919452331481359,0.026311173630124047,0.8356594590941492
2019-02-21,-0.2675038869459789,-0.35326446287138236,0.4055376579560616,0.011675423247354856,0.02192069102795112,-0.6958970324303457
2019-02-22,2.2236894716653266,0.6390624438174243,0.6488874427873551,0.017510579353069027,0.021915886914070655,-0.7007737157404689
2019-02-25,5.777507637260326,0.12310380564024775,0.49501966924173185,0.058346462942374916,0.04381736990623478,-0.14074597678797174
2019-02-26,-1.2082297816139544,-0.07906963011304784,-0.6486618590964592,-0.0466744465882829,0.013141467920878473,-0.07044734352636438
2019-02-27,-0.17116197965711277,-0.05441904227899105,-0.05082609900914573,0.01750547050419969,0.02189860952581578,-0.2116402906377724
2019-02-28,-0.24556603881626918,-0.282954605868959,-0.43303311298777314,0.017502406625579836,0.01751543552229743,-0.6731646323753419
2019-03-01,2.1659583449891353,0.6871673980360752,0.6231682085287269,0.0,0.008756567431179167,-0.24915478274506142
2019-03-04,1.1768632426515766,-0.3888149274266251,0.510354262971336,0.011666569458487321,0.03939506737169227,-1.327373749144437
2019-03-05,0.5757929859737223,-0.11321175028613038,0.006940465141706081,-0.005833114593184538,0.01312824105335538,-0.47058910374128393
2019-03-06,0.8370786564533118,-0.6545490992497904,0.2620727303089308,0.005833114593174469,0.013126517772454844,0.28985527540112577
2019-03-07,-1.0249771721790522,-0.8158903888960062,-0.8929951130024932,0.03499154406731386,0.017499343819264893,0.07233273371430259
2019-03-08,-4.052577441024072,-0.21340139198386562,-1.933231891161969,0.011661127644268934,0.02186987433538621,0.6486509229606632
2019-03-11,1.9594608867824552,1.455954294099511,0.9690598173609275,0.029146871289730855,0.04372540515663999,0.21528533611010928
2019-03-12,0.6785933871841623,0.2948976274417827,1.454360978042635,0.0,0.013113894189660538,-0.0717102934996861
2019-03-13,-0.8331516440307221,0.692558154704747,-0.3929445580222016,0.0233113818877389,0.017482517527036726,0.46520033796942206
2019-03-14,-0.6926986787349062,-0.08684201706034471,0.1524137790702506,0.01747997091120481,0.021848849744982378,-0.035707909681332785
2019-03-15,1.2499459437710598,0.49725193739357393,0.556032723380345,-0.005826317477678377,0.021844077065385024,-0.32194626269731325
2019-03-18,2.8104093191098163,0.3699110562037016,1.3582590709688143,0.02330323342906924,0.043673844429192685,-0.10754616559076949
2019-03-19,-0.46281555222481097,-0.013061489628502955,0.19454687378420032,0.017473862059189157,0.021829771528981166,0.5008955016537905
2019-03-20,0.038519299431279956,-0.29486656918281007,-0.49435990265874014,0.0058239422281418825,0.017460386791939574,-0.07140307336570628
2019-03-21,0.03783986945611922,1.0794049627223465,-0.8542582989220291,0.011646867005937244,0.008729050284863241,0.6407996295330256
2019-03-22,-0.08056639284805862,-1.915685423505291,0.14367986478613917,0.011645510668813997,0.02618258000643882,-0.17758839687686442
2019-03-25,-2.401609018684471,-0.08394251681050245,-2.0474125270882966,0.058207219338414114,0.043622405158668956,0.56717628117104
2019-03-26,-1.1389320111184706,0.7157105194891676,0.15260049070768686,0.046541393591290246,0.017443635297836404,0.07067138103323801
2019-03-27,1.1539623075062277,-0.4655198908681941,0.5631904211557325,0.023262576435235282,0.013080729923380687,-0.14139274183092332
2019-03-28,-0.4013103678338908,0.3583117299404196,0.1633293385802957,0.03488372128397133,0.01743831201558847,-0.2833866579477824
2019-03-29,3.788135875700307,0.671171968568772,0.9551045453807252,-0.005813108561437373,0.017435271598514115,-1.7173946251134202
2019-04-01,2.589574083330405,1.1502181500052782,1.7425131297003484,0.01743831201558847,0.030504412481887174,-0.07220216920164764
2019-04-02,-0.06652559298138899,0.0017438524840564604,0.211703081888272,0.017435271598514115,0.0043570137035006005,0.18040777038150246
2019-04-03,1.2728456175082286,0.21461030004631185,1.2136151904885217,-0.017435271598525686,0.026138096424131115,0.14409224395122872
2019-04-04,0.9914079016601028,0.20824685638528734,-0.16711531121593176,-0.017438312015595037,0.01306648665811131,0.0719683370393643
2019-04-05,0.0,0.46256836918425714,0.0,0.0,0.0,0.0
2019-04-08,-0.12321757705419609,0.10469016298636598,0.4693288306927703,0.0058131085614381624,0.047895849216400145,0.430725719758027
2019-04-09,0.4476157444159239,-0.608595272610467,0.2667569612473058,0.0,0.0,-0.03582303459408372
2019-04-10,0.25527636249231855,0.34718343144997493,-0.12585222736141538,0.09296380891465363,0.013058523970073378,0.46470146181585475
2019-04-11,-2.18404230599914,0.003808514800869783,-0.9343451060953156,0.02322745495605057,0.013056818942228484,0.1781578949763078
2019-04-12,-0.22441235681135563,0.6587632286936534,0.23535050071401023,-0.1278178189355585,0.017406440426889797,-0.9658454620855483
2019-04-15,-0.3287840199003918,-0.0629624362145833,-0.33167881703426877,-0.005813784484646168,0.02610398100530282,-0.5767860258684726
2019-04-16,2.735821585833531,0.05092350573861668,1.0648978129222582,0.005813784484650775,0.004350001088179977,-0.10851873012870747
2019-04-17,0.03549969131359115,-0.22763638303940603,-0.017226914856499808,-0.029072303021857662,0.026096033551024477,-0.4716134262799561
2019-04-18,-0.37171054860949665,0.15778199046987368,-0.5372804869313473,0.0,0.0,-0.6933069186912036
2019-04-19,1.1847905533946321,0.0,0.0,0.017444396032025054,0.026089225297990577,0.5113232469925997
2019-04-22,-2.3324001001474155,0.10115259764941317,0.0,0.02906723271344702,0.03477504925287202,0.32733253449691085
2019-04-23,-0.16422415489716502,0.8802364401891406,-6.674843348611162e-05,-0.005812770658763202,0.013037526365139624,-0.5461510025522014
2019-04-24,0.27539514397365994,-0.21941919046150143,-0.5267285033398614,-0.023254462054673075,0.013035826815772604,-0.10958905206370012
2019-04-25,-2.214685481460309,-0.03690150415501984,-0.8627036321021303,0.0,0.013034127709453364,0.47402094228045455
2019-04-26,-1.3418817311819369,0.4674363485904015,0.1866628124768964,-0.017444396032021192,0.017376194657093315,0.181719112335432
2019-04-29,0.283945133991578,0.10708986882482718,0.9674379487633297,0.023258518537216322,0.04776897278980712,-0.18171911233544114
2019-04-30,0.32960997404286935,0.09509481329165209,-0.6500904222407818,0.011627230988050618,0.01736487957478918,0.2543143968303261
2019-05-01,0.0,-0.7530412649501568,0.0,0.0,0.0,0.0
2019-05-02,0.0,-0.2126258023403761,0.8217902775318084,0.0,0.0,0.0
2019-05-03,0.0,0.9592170641481537,0.4577045204365423,0.0,0.0,0.0
2019-05-06,-6.019173350698634,-0.44810396666553265,-2.940707290190316,0.06973500979948123,0.07376711623046708,0.7230689493145981
2019-05-07,0.9736798475485208,-1.664951500981834,0.5231105384435096,0.0,0.0,-0.25247984557331216
2019-05-08,-1.4404714138739343,-0.16066713268179023,-1.2329890765386056,0.02904190767661575,0.013012079565534925,0.5043238354928816
2019-05-09,-1.8648078989208245,-0.30260155887187834,-2.415327448509225,0.02903347580130963,0.017346806062849638,0.07183908354936538
2019-05-10,3.5678681857483996,0.37134177564540916,0.84124481299897,0.0,0.026014568304859573,0.07178751205637172
2019-05-13,-1.6684891745770938,-2.4426544706444164,0.0,-0.017419073929945073,0.030341778694460947,0.6437790474848517
2019-05-14,-0.6446727369720123,0.7984060207655183,-1.511244301607282,-0.011614401871361743,0.02599991348007737,1.240051319845501
2019-05-15,2.223078623879088,0.5821977020810246,0.5202639897621908,0.06966618569136908,0.021661431905336995,-0.6003902901762335
2019-05-16,0.45164242190084186,0.8855919648712163,0.022495843138978365,0.017408965661269503,0.012994607256285118,0.5299429466498593
2019-05-17,-2.5757179130048855,-0.585442365312817,-1.168996084524295,0.011604293601654337,0.021653927024257606,-0.1057641558135535
2019-05-20,-0.8523624947157727,-0.6772240853415356,-0.5700298942146292,0.029004844012238674,0.03463653322932921,-0.743497848751809
2019-05-21,1.344885085235851,0.8459904713623807,-0.47026997192754155,-0.011600928087265806,0.012985607636462738,-0.07109847437789343
2019-05-22,-0.4755675866671933,-0.28283616990028515,0.17592924597534484,-0.01160227405871463,0.02596615758735832,0.07109847437789285
2019-05-23,-1.8087562712919547,-1.1985681943016435,-1.596488317618789,0.023203202145973392,0.02163331538994737,0.2129926257824849
2019-05-24,0.2772213648318633,0.13526195784275824,0.3178263954105046,0.028996433641871367,0.021628636398783464,0.5657723719858855
2019-05-27,1.1971526072606034,0.0,-0.24098681514196427,0.02319109472359147,0.021623959431232593,0.0
2019-05-28,0.9594054955070116,-0.8410890934652838,0.37572124105809457,0.005796933423846224,0.038911347472088346,-0.1411432838407736
2019-05-29,-0.22768022488379372,-0.6935955517473813,-0.5678575782686077,0.011592858811972112,0.01728907334873216,0.28208763416412636
2019-05-30,-0.6221899020526497,0.20962411748005594,-0.44463252032930095,0.017386768712833373,0.01296484368376083,-0.49417679107788565
2019-05-31,-0.3134108723389541,-1.3283188023120185,-0.7915848455582732,0.0,0.012963163029924282,1.0209558845637803
2019-06-03,0.06123549139669164,-0.276903157185015,-0.026879846690188728,0.04055737475566089,0.03456022152940483,1.1838578376124516
2019-06-04,-0.9279147151451426,2.120590232217955,-0.4932972923341593,0.023168259588145432,0.01295700435872155,1.1357891844409582
2019-06-05,-0.03784549975853767,0.8128768500641471,0.49917206668687336,0.028952778221308997,0.017273394696821587,0.6141268022082429
2019-06-06,-0.9055684179698722,0.6116809555866063,0.25933570565863734,0.023156188594833847,0.01727041151047783,-0.06805035989046151
2019-06-07,0.0,1.044294522456708,0.0,0.0,0.0,0.0
2019-06-10,1.284003571726754,0.46492574289522376,2.2491447488156733,0.04629629712320226,0.05610824722608131,-0.3068009906089278
2019-06-11,2.961529198304552,-0.03499380714625,0.7610933867862019,0.0,0.017257744455639018,-0.4448253699184719
2019-06-12,-0.7605647155998182,-0.20396984988729416,-1.7455949627407863,-0.005785865133093736,0.01294135411508437,1.19312818143906
2019-06-13,-0.15461017120563172,0.40890781712417495,-0.05036337740332024,0.023141452229391308,0.0,0.10160881483858265
2019-06-14,-0.831401636774902,-0.1612842169983723,-0.6482290007389104,0.0578302121136562,0.03450209203156971,1.4451604225337926
2019-06-17,-0.0015075848413138367,0.09313357030248211,0.40043840014805965,0.028902569639623423,0.03449019219360981,-1.2422519998557096
2019-06-18,0.3494383635132153,0.9670462557011119,0.9926271884664221,-0.15617321044489887,0.021550330880975743,0.8745430781029715
2019-06-19,1.3088621764941597,0.2980730141062033,2.525658519014996,0.17351074335740788,0.004309508932136694,-0.6383357808313932
2019-06-20,2.9846698383138293,0.9427615127716307,1.227413569491719,0.08664260469813567,0.012927412596375754,2.2330539617655742
2019-06-21,0.1414690141003077,-0.126002618014856,-0.26907918748108234,0.023092021809130257,0.012925741632415975,0.8533035037948931
2019-06-24,0.19094220910248932,-0.17334348561240606,0.13789182153365906,0.02885753057280379,0.034460478480139715,0.6839303650241441
2019-06-25,-1.0456282178658742,-0.9541702315563342,-1.1535432428157308,-0.034630036130451756,0.008613264432553076,2.0241654952429218
2019-06-26,-0.1837580830251416,-0.12347459021461496,0.1276415771380806,0.03463003613046344,0.01722430353480649,-1.9592725662946835
2019-06-27,1.061365672841626,0.3815922557317216,1.4054281582557802,0.0057705069406563,0.0258308938925565,-0.2273097260615785
2019-06-28,-0.24097694753568588,0.5740911810813222,-0.2756979734560894,0.005770173972343818,0.030127612184232395,0.4217362293047179
2019-07-01,2.8405114215023213,0.764299557558019,0.0,0.02884587668198366,0.038722168925267614,-2.5243103998797474
2019-07-02,0.03448503343729426,0.29238703472561084,1.1597153776974336,0.02883755823541151,0.008602890576543433,0.9582098757580442
2019-07-03,-1.1144708341842358,0.7643076127192919,-0.07074225966979136,0.017298544082338184,0.021503989072825903,2.8207413987837215
2019-07-04,-0.5261543643037587,0.0,-0.20596386418823992,0.01153070050284353,0.008600301015842204,-1.0929070532190317
2019-07-05,0.5176373175039403,-0.18074819954691979,-0.07274546703851215,0.028820935727065976,0.01719838339435196,0.12919898438025051
2019-07-08,-2.349715474676046,-0.4847185993376031,-1.5520080544184451,0.01152604888320343,0.03009005546378305,-0.45292862935937983
2019-07-09,-0.25434722774300017,0.12358159804265048,-0.7632198133717609,0.0,0.021487354774452908,-0.8139390532316623
2019-07-10,-0.16862301359550383,0.4500484767317741,0.31395081660644414,0.005762526293122472,0.012890197023036103,-0.09811938644924058
2019-07-11,-0.04009529950862193,0.22826717159195975,0.8019960887547756,0.02880765151141634,0.01288853566537491,1.687256120112706
2019-07-12,0.6191815487468653,0.46094985236418,0.13995646131599582,0.03455823096253171,0.02577208897044536,-0.7103678564431934
2019-07-15,0.4050015814405257,0.017584401022740885,0.2920048018410654,0.06332575554875963,0.05152426047863606,0.42037248646421754
2019-07-16,-0.4545369032223224,-0.3409581359505424,0.22646469201806207,0.011509466548937542,0.01287691814204572,-0.12915726690517687
2019-07-17,-0.057978188346268625,-0.6552626285154947,-0.09246184947241463,-0.03453237444388721,0.012875260205341948,-0.5832809796654747
2019-07-18,-0.9569941561221083,0.3575535665450798,-0.4609959679176988,0.017267677828030018,0.0171644353322244,1.066762985123801
2019-07-19,1.0441313508209051,-0.6195889687754784,1.061535756897062,0.0,0.021451401931383677,1.3414445804489967
2019-07-22,-0.6923124369049161,0.28247279603128134,-1.379661505988704,0.05753740089688991,0.0343126745807009,-0.7963093519928547
2019-07-23,0.21739940907149674,0.6824164701727632,0.335059378089608,0.005751919704799169,0.012864218194875519,-0.6094645970303095
2019-07-24,0.7863377874701536,0.46771636608934397,0.2019985765072708,0.011502846967300603,0.017149717071696234,0.35330051202652113
2019-07-25,0.8143549436106876,-0.5276251069020221,0.2460156770544476,0.01150152396460902,0.017146776448063675,0.16017943517732774
2019-07-26,0.1946214594111988,0.7360474259664691,-0.689783272756543,0.005750265951386001,0.02142933684402121,-0.48131009008227965
2019-07-29,-0.11146091169672305,-0.16173767299502978,-1.0311900331228527,0.022997757819985736,0.047128382869262776,0.12857603828543704
2019-07-30,0.4154842454988661,-0.2581972383093503,0.14253487255076416,0.011496895850791921,0.01284934148892675,0.5126573227273884
2019-07-31,-0.9073555019793259,-1.0945190319276599,-1.3187672404669388,0.02873645814194672,0.008565310497725393,0.4146075146684391
2019-08-01,-0.8349365636683289,-0.9039586726804723,-0.7663094284276717,0.02298322234892594,0.017128420373313344,-1.733590767089959
2019-08-02,-1.484127039139987,-0.7309385354454939,-2.3755491741581554,0.02872160171394988,0.017125487047898322,2.241528367092047
2019-08-05,-1.9331944959407952,-3.0230162083586682,-2.8917087251236557,0.06315850122387935,0.051358871233780835,3.4851069075711805
2019-08-06,-1.0765806080601246,1.2933013700777156,-0.6717393192756065,0.011479079390436986,0.017113763786248275,0.2443495412475845
2019-08-07,-0.41053771768464337,0.07665958837026665,0.08000266717438506,0.02295420645908692,0.025665155415077506,1.8138344918005505
2019-08-08,1.3129912382783668,1.8588425780336086,0.47484825724902907,0.034421433418855965,0.02993435845227253,0.7164209746780467
2019-08-09,-0.9794646519203831,-0.6638529760062074,-0.6971590126533255,0.04587682154093893,0.029925400475547797,0.3859289338069225
2019-08-12,1.7886299940348738,-1.2258544955371096,-0.44270204336155666,0.01719838339435196,0.04273504338543641,-0.5645535719533423
2019-08-13,-0.9057455328847269,1.4883025287182452,-2.1267180732643127,0.034387895799673905,0.01708890506998831,2.5883797960524606
2019-08-14,0.45317587956736044,-2.9730363473091366,0.08295182429960926,0.05155968147220496,0.012814762624056427,-2.7374777810310964
2019-08-15,0.31449233387412107,0.2461236782690441,0.7605886847716944,0.02290688361866241,0.02135428909009007,1.0095097609064938
2019-08-16,0.4466997082010161,1.4323116131046663,0.932122662974553,0.0,0.025619129089750864,0.23605794378547656
2019-08-19,2.147774877629323,1.2033185301994735,2.143700115394277,0.040074424466488845,0.0469513635191083,-0.5615501678316489
2019-08-20,-0.08872613718639216,-0.79462520811493,-0.2296121327023018,0.03433672919166308,0.02560054628481009,-0.4158010148663788
2019-08-21,-0.15785742510702236,0.8213006299499565,0.14666227912024007,-0.0228898427322865,0.02985902297867954,0.14869891215783665
2019-08-22,0.3101729370447891,-0.05062096294763871,-0.8460495629941205,0.05721478586106474,0.025586354084151067,0.2671021027085421
2019-08-23,0.7185838901974463,-2.6288935558066755,0.5001537383509871,-0.011440338646511635,0.017053933104650035,-0.14830196993607328
2019-08-26,-1.4486858026008613,1.092319117394898,-1.924483889278424,0.051471220146393964,0.042622112997128044,3.643124728744904
2019-08-27,1.3460935543640957,-0.3208331880684989,-0.06333699699896833,0.005717389441538137,0.021304246016792188,-0.057257373450908186
2019-08-28,-0.37696593992946587,0.652414118680143,-0.1895103000796176,0.040012575914663645,0.017040129546222593,0.05725737345090485
2019-08-29,-0.3265661733957843,1.260743543874108,0.3430313163327999,0.011429224539557189,0.02129607947228235,1.2231698511478644
2019-08-30,0.24769132899290874,0.06426208211523476,0.08256166391859636,-0.011429224539559142,0.00851716208675768,-1.595930139404175
2019-09-02,1.2744445073590072,0.0,-0.3823862604074834,0.022857142956679066,0.046831429001590014,-0.3741549911006358
2019-09-03,0.13738895465038697,-0.6923029401107575,-0.38589103764290933,0.0,0.017024174368647844,0.4315932465568729
2019-09-04,0.837013275123946,1.0783722026351545,3.825093971535562,0.022851919660690154,0.017021276636858405,0.40114666973745783
2019-09-05,1.006798108609549,1.2925922894213253,-0.029035369809164026,0.028557557951757146,0.012764056434456297,0.4280217691631543
2019-09-06,0.5889018567064386,0.0910203918275309,0.6586839020354615,0.06850488365181995,0.012762427431017399,-3.2116169747811916
2019-09-09,0.6170829672186728,-0.009400484131865216,-0.0350744661484743,0.028529856688340433,0.046781636934585376,0.3815118347190616
2019-09-10,-0.3450087102524376,0.03222655294413983,0.008544913645340204,0.0,0.021257147795961037,-1.3862484193311504
2019-09-11,-0.739355657342721,0.7203659050794233,1.7658549801093306,0.011409663997768249,0.01700246539842292,0.296560122449307
2019-09-12,1.0700540715443225,0.2874970784836015,-0.26335262587753466,-0.005704669273352554,0.025498279004319408,0.0
2019-09-13,0.0,-0.07246184436619996,0.9737712580666019,0.0,0.0,0.0
2019-09-16,-0.3698446528303688,-0.31405356059661416,-0.8375656832020005,0.028520092598433525,0.059470712427771334,0.0
2019-09-17,-1.6944000862452384,0.2578428587944307,-1.2401579778240137,0.017108152076174866,0.01273912399013191,-0.32626456348162713
2019-09-18,0.4835841687665309,0.034262353493549176,-0.13491619090756551,-0.01140510950141573,0.016982974608831355,0.444642795713462
2019-09-19,0.3650182635551606,0.001995503465594414,-1.071613226987913,-0.0057030425747539495,0.008490405846499589,-0.23689676462356207
2019-09-20,0.2867368914951818,-0.4907608960300919,-0.12581133515284976,0.011405759921120449,0.016978649389245083,0.32558856644634515
2019-09-23,-1.1497111678571497,-0.009692756343391435,-0.8100227225109832,0.0228076178431907,0.029705701591267876,0.8533228180593169
2019-09-24,0.2673140961188054,-0.8452012089671584,0.22322373154149638,0.0057010917606002565,0.02121295695360552,0.5551511701145815
2019-09-25,-0.7743700462489368,0.6139678900037132,-1.2853841838969196,0.028500584454902167,0.01272561455831495,0.5810591595465744
2019-09-26,-0.773977565473282,-0.24318711052058747,0.3715528533458299,0.0,0.016964967383144444,-1.370883361970587
2019-09-27,0.2993220585542078,-0.5330508411847584,-0.33509824470968175,0.005699142280615292,0.016962089770128745,-0.9145955477699046
2019-09-30,-0.9945118355292859,0.5034926684707536,0.5282152989463049,0.03418803452102222,0.042392641272449794,-0.1779887743696369
2019-10-01,0.0,-1.2334130226057025,0.0,0.0,0.0,0.0
2019-10-02,0.0,-1.806544138860686,-0.1901987263307915,0.0,0.0,0.0
2019-10-03,0.0,0.7940382236732715,0.2593140869820577,0.0,0.0,0.0
2019-10-04,0.0,1.41167416692291,-1.1140979306426853,0.0,0.0,0.0
2019-10-07,0.0,-0.4488362257589361,0.0,0.0,0.0,0.0
2019-10-08,0.6050795470111037,-1.5683166513284146,0.2798833797156891,0.13094596081002907,0.1059030450789135,-0.14856636219476654
2019-10-09,0.14477698509518042,0.9063350218850439,-0.81662134654997,0.028443837834343712,0.021167157118173827,1.4465196871300134
2019-10-10,0.8136970299079356,0.6395208846051041,0.09776081060763982,0.028435749615799984,0.012698143971686117,-0.558414382733965
2019-10-11,0.9526006886581121,1.0879533213144676,2.3090295632313813,0.005686179741675529,0.012696531747795779,-0.41346780699400887
2019-10-14,1.0557244235901198,-0.13880421740668583,0.8079121307509004,-0.10809274271069917,0.05077001293686613,-1.4907849139264957
2019-10-15,-0.43073314832280674,0.9906435272235942,-0.06758976740071855,-0.1025115415245297,0.00845916339379106,0.2699866646755401
2019-10-16,-0.34519723408775976,-0.2001547773907985,0.6031818117076517,0.028485970852082154,0.016916180366807757,-0.420294824644163
2019-10-17,0.06463379569335288,0.2759018658342625,0.6884739011763586,0.039866731740822156,0.0253689063133911,0.7194275634027231
2019-10-18,-1.43291151611447,-0.3927045645713622,-0.4812951030138599,-0.02277904337867608,0.01690902946201351,-0.14945451892672784
2019-10-21,0.2957880435453303,0.684810749787516,0.022827094587956,0.022779043378665625,0.038034865751703374,0.02990877844936338
2019-10-22,0.38682419841475646,-0.35750557426104745,0.2261928596166226,-0.02277904337867608,0.01267507448302957,-0.4495736629567204
2019-10-23,-0.6385037658147137,0.28430935856431805,-0.822714845908646,0.04555289909085935,0.012673468111498769,0.449573662956723
2019-10-24,-0.010772754489811883,0.19185981834693214,0.8665710988801997,-0.005692977713525838,0.012671862147098166,-0.2095495453218182
2019-10-25,0.6726677233170096,0.40644263323678703,-0.4883921415898572,0.142227303167647,0.021116202540627117,1.0137236482686722
2019-10-28,0.7616363848449756,0.5565861774647979,0.8359856112964964,-0.02274277926563625,0.042219032966889315,-0.14843404833093807
2019-10-29,-0.4174918538003564,-0.08327422880678223,-0.3893591157749657,-0.028435749615793034,0.016882623599795872,-0.9552311440011981
2019-10-30,-0.4871026261859208,0.3248047618049563,-0.4454265352702129,-0.034133576392398196,0.012660097499658433,-0.12004803362497818
2019-10-31,-0.11503248886546286,-0.302745151380397,0.8922599295425364,0.0056897385580365395,0.004219676351457927,0.1500375375234492
2019-11-01,1.6745929106932904,0.9615978507102713,0.7185702237030142,0.022755717472188113,0.016876925064325213,0.7468294607525744
2019-11-04,0.6489997294453441,0.36972108027207484,1.6342755393625354,0.0,0.0337453076134455,-0.1191185370153118
2019-11-05,0.6187565901347389,-0.1186434481407325,0.492842840964325,0.0227505404234598,0.008434547913233508,-0.5677588835722643
2019-11-06,-0.44897136076493704,0.07022791848279718,0.018926519650127337,0.011373329554497902,0.008433836557240388,-1.5096905087154715
2019-11-07,0.17534198998628825,0.27264069235454486,0.571127925368638,0.02274277926562737,0.012649421305853451,0.546117862156735
2019-11-08,-0.47368502750383806,0.2557355729783027,-0.7066543251476465,0.0,0.012647821429625589,-1.832112314759636
2019-11-11,-1.778424165054614,-0.19643733187996348,-2.6554168072706283,0.03410447370066015,0.03371970527207629,-0.1542020351815226
2019-11-12,0.01820239015856364,0.156339803808006,0.5138936957911352,-0.011366865599056369,0.012641958677631283,-0.8990914696861265
2019-11-13,-0.09501427242264535,0.07112973716774344,-1.8414018207162042,0.022732439288608963,0.004213631097232997,0.9299509052033518
2019-11-14,0.15054119066440255,0.08367430830954413,-0.9368413254142551,0.0,0.021065492694436513,0.2465332527553033
2019-11-15,-0.7392555537115896,0.7666003452600061,0.011281976295140736,0.011364282073716276,0.016849199702864637,-0.24653325275529
2019-11-18,0.792292583956696,0.05030044207048551,1.3372960823915139,0.07383637060524581,0.02947926996986141,0.06169031657705618
2019-11-19,0.9958136481306303,-0.059273880698187294,1.5349844637561212,0.039735475787495554,0.008421052636538978,0.6760935403213544
2019-11-20,-0.9974769470009609,-0.3763265763221234,-0.7564952780488237,0.017024657419892963,0.008420343554994282,0.30581063588208723
2019-11-21,-0.46851483670989164,-0.15840312391350533,-1.5845826636788543,0.039712932754661354,0.004209905909211162,-0.21396920894587768
2019-11-22,-1.0234012738468923,0.2172573969691297,0.4832096268087539,0.03969716784486666,0.021046871460263544,-0.21442801905743072
2019-11-25,0.7300903710355269,0.7479298726807982,1.485281872216609,-0.01134044002123254,0.04208045845633674,-0.707804155173878
2019-11-26,0.3461378831659929,0.21931231456042352,-0.2935430111922382,0.017010177797364027,0.0,-0.061785605919802956
2019-11-27,-0.4128791417360389,0.4165779003972946,0.14880844627408457,0.011338511265614958,0.033651621905077984,0.21608281289354678
2019-11-28,-0.3441676978464653,0.0,-0.22385354096802493,0.011337225792978895,0.012616439237042129,-0.24698993723170476
2019-11-29,-0.8745970684524417,-0.40193171713462017,-2.0558114653853337,0.017003429065816384,0.021023862160891648,0.06180469912434874
2019-12-02,0.192787032819121,-0.8668527546202967,0.37214571655990325,-0.0056674884540008665,0.037831817008957686,0.21601613090591307
2019-12-03,0.3910012573047016,-0.6660171838373699,-0.20221060633438714,0.011334655721969742,0.004202651873947476,0.21555050686017607
2019-12-04,-0.032938980479928194,0.6303638685847347,-1.2534608671045544,0.0,0.008404773916523646,1.76833876177069
2019-12-05,0.7645036911084461,0.14991519920369975,0.5909779325290744,0.01699957505157328,0.016807428923140237,-0.45433971840265674
2019-12-06,0.5916810441135707,0.9094252040368331,1.067364062649712,0.005665882887710269,0.016804604501180816,-0.6090152806505476
2019-12-09,-0.17795976477017866,-0.31678491662223224,-0.013737637563092302,0.028324600104410666,0.029401264466165155,-0.7665222261979836
2019-12-10,0.12667028304908914,-0.10975548602935618,-0.21956750903062097,0.022653905063739245,0.008398773783963746,0.15377521098827904
2019-12-11,0.06061411284087119,0.29039810658439486,0.7867483530249566,0.005662674482674368,0.0,0.09215174972504887
2019-12-12,-0.3008814407023755,0.8538608499854607,1.3002151680601952,0.011324387079662322,0.004199122384038746,0.4594892446404071
2019-12-13,1.964549517248232,0.007258531539142115,2.537063286910511,-0.011324387079663186,0.01679472649537305,-1.1681657585585445
2019-12-16,0.48581957704862166,0.7122391651237605,-0.6510295052730084,0.028308563529472922,0.0377778248663565,1.0458415842841198
2019-12-17,1.351393392930136,0.03352146109771036,1.212694485422669,0.011321181943482939,0.004196655266358252,-0.061218244948300006
2019-12-18,-0.2233429179337791,-0.0432353860167047,0.1453490714533951,0.0,0.0,0.03061380706596921
2019-12-19,-0.1397803566406833,0.4449308599583262,-0.3006932355943801,0.022638519537529312,0.012588909187651882,-0.03061380706597192
2019-12-20,-0.24605445493925704,0.49326414590377476,0.2545633062095807,0.033948172782750564,0.008391725763327073,0.24464844006698458
2019-12-23,-1.2563869739876723,0.08657565903054801,0.12571320403453626,0.03959164102507322,0.037754053765570596,0.4266998244990263
2019-12-24,0.6497943361457645,-0.019542791796535865,-0.15133419013051955,0.05088051668689113,0.02516145278727066,0.3945975677122653
2019-12-25,-0.0523809075331489,0.0,0.0,0.016954420905863594,0.004192960020740005,0.7244221236761537
2019-12-26,0.8761796161291392,0.511505318207161,0.0,0.062141628415546615,0.020962163372014366,0.0
2019-12-27,-0.09841184379423033,0.003395098404170214,1.287992070849455,0.04516966933556717,0.020957770169970174,0.3302810388682727
2019-12-30,1.4711048126733142,-0.579760217757659,0.33237386953488657,0.03386386757725623,0.04609163937373775,-0.059970016789795064
2019-12-31,0.3655740460351197,0.29416937024937356,-0.45882923518674396,0.03385240384392916,0.00418909578429335,0.6577004276357329
2020-01-02,1.3495148430566906,0.8343874454693168,1.2471503419058638,0.033840947869496166,0.03350645030510198,-0.4180358431757714
2020-01-03,-0.17538198106827857,-0.7084909578083601,-0.32290568529049396,0.0,0.016749016034454566,1.632325900524479
2020-01-06,-0.37875334263080174,0.3527166358322553,-0.7950612908230367,0.033829499646035606,0.04186027102860259,2.183810761965689
2020-01-07,0.7462949149397089,-0.2807144942889736,0.33907359415068183,0.011273957170900293,0.01673920325300426,-0.9550065347974532
2020-01-08,-1.1583070985175499,0.48904373587368466,-0.830141562240313,0.01690855294996072,0.016736401712712935,1.9009789036424245
2020-01-09,1.257826637832738,0.6633244037575673,1.6702560193333493,0.011270780513487686,0.0167336011099916,-3.661071275440051
2020-01-10,-0.028454932207694243,-0.2859307305046252,0.2699340091332445,0.04507042329814684,0.016730801444418516,0.3839910197503786
2020-01-13,0.9753287635290301,0.6952059592316183,1.0999337539293255,0.056309478372811535,0.05435578082109174,-0.05897965372977257
2020-01-14,-0.3360096286408275,-0.15156867317727837,-0.24135524668516387,0.01688666239131401,0.012539447026827227,-1.276549916316937
2020-01-15,-0.554096215265634,0.18684086233433153,-0.38693234892290984,0.011256190916883332,0.012537874846630487,0.8627154504521195
2020-01-16,-0.42548098601047807,0.833174163220134,0.37966191041880487,0.02250858149167973,0.025071034729358736,0.05922416518976694
2020-01-17,0.1399246972272296,0.385470571772163,0.5984885517484743,0.028128604162864168,0.012533160670637065,-0.029607698217782728
2020-01-20,0.7428058577093128,0.0,-0.9006093992143234,0.0393667580935378,0.04594148805928024,0.11837823223183357
2020-01-21,-1.7234330931583355,-0.2655476937142426,-2.855291886284126,0.05621135617375163,0.025050100331388204,0.8833979710759786
2020-01-22,0.42741001188863714,0.028904605969510905,1.2630486531670477,0.061796018932345945,0.01669658141373764,-0.8538252960120094
2020-01-23,-3.1475665585083163,0.11403144471457104,-1.5357413703353122,0.050531990631994025,0.033384801879158245,0.6777689125087027
2020-01-24,0.0,-0.9083268789936675,0.14508022414854083,0.0,0.0,0.0
2020-01-27,0.0,-1.5855725118383686,0.0,0.0,0.0,0.0
2020-01-28,0.0,1.0003350352589397,0.0,0.0,0.0,0.0
2020-01-29,0.0,-0.08672232910484065,-2.863582107728177,0.0,0.0,0.0
2020-01-30,0.0,0.31294538629889324,-2.654523278394477,0.0,0.0,0.0
2020-01-31,0.0,-1.786447639264373,-0.5174213465846492,0.0,0.0,0.0
2020-02-03,-8.208789245745143,0.7228455862910543,0.1684083496418147,0.2410788037225269,0.1292609374182693,2.580227211038916
2020-02-04,2.6033008785874374,1.4869265218066252,1.2030399487796217,0.1007443976180192,0.02499895850692055,-0.8334579069998391
2020-02-05,1.126585902804228,1.1187822882933645,0.4143453923127694,0.01118755944557521,0.016662501079958588,-0.695050582652319
2020-02-06,1.8438698650183887,0.33201287296620924,2.6049898562789395,0.05032853454478182,0.02498854704600454,-0.4368726913415037
2020-02-07,0.0024154947372948227,-0.5415470514539197,-0.3258046849721379,0.1340857232012691,0.01665556299653371,0.4368726913415168
2020-02-10,0.41290127994590897,0.7299652162371021,-0.5963168232805307,0.05023583036628322,0.054111429237662344,0.3481291592511897
2020-02-11,0.9267205249654655,0.16870749056512097,1.2495871688214601,-0.03348774937808615,0.020804294081329954,-0.2609831842370897
2020-02-12,0.8055635264537582,0.6441867553745035,0.8655193746999428,0.0,0.033277870523404744,-0.2034588697787574
2020-02-13,-0.6171373061519355,-0.16317734419649113,-0.33718782431048566,0.011163829205002621,0.03326680004066434,0.7536267552588196
2020-02-14,0.6999679922883054,0.18418447338326407,0.30821547616500816,0.005581447270720281,0.02078613156789545,0.08659258731295322
2020-02-17,2.224224106422072,0.0,0.5163596722293509,0.005581135762590449,0.0581781931303441,0.3168661732309814
2020-02-18,-0.4895758852166483,-0.29242515783095624,-1.5477027181468717,-0.22908237424351185,0.004154290343953637,0.4877358686140572
2020-02-19,-0.15292237492852212,0.4694788714441035,0.45522485469624774,-0.005593936174653636,0.01246183564450565,1.1666087636671345
2020-02-20,2.277935932332665,-0.3822840477830947,-0.16882307573804314,-0.055956579155769064,0.02491901333601691,0.3106908303479976
2020-02-21,0.11656897079620984,-1.0573815022893411,-1.0938240965992099,0.08392313134186774,0.033215694720993526,2.0101179321087304
2020-02-24,-0.4020975799055517,-3.4088046120521467,-1.802867210367437,0.005592372006042941,0.04150410950257736,2.1600292981391536
2020-02-25,-0.21762958698513815,-3.074792518809927,0.2693893420333312,0.01677523978548167,0.02489419978004681,-2.0495320493273295
2020-02-26,-1.2404675201421003,-0.3785675340731014,-0.7342485980075601,0.22898002241889276,0.016592690957716306,0.5232009732074789
2020-02-27,0.29077878612717645,-4.516817410065284,0.307171185164571,0.06134456317071396,0.0207369927956195,0.054914883313036705
2020-02-28,-3.6098239393596,-0.827244991427585,-2.4522407326174425,0.03901786510300174,0.029024567426729885,-1.3541729665059412
2020-03-02,3.236787232915487,4.501086517277788,0.6171138708869935,0.03343177163807307,0.045593020912892177,-2.3080112588497013
2020-03-03,0.5316818397241564,-2.85105302619053,-0.02609530888868728,0.022281640020875414,0.016574127824470736,-0.17098892738274962
2020-03-04,0.5773768201984381,4.133635094064169,-0.23901636479940264,0.06124892309853699,0.028998115325715782,2.2003708613641377
2020-03-05,2.203289104992335,-3.4510725624696517,2.060086509975127,0.04452112044153155,0.04141129759362315,-0.08374040963884206
2020-03-06,-1.6349315895662495,-1.720100245462004,-2.3480447541542366,0.08342371385633424,0.03311669525650409,2.127445895237826
2020-03-09,-3.4757914060444204,-7.901039484826663,-4.322892347581522,0.3939306561745226,0.057927840083943416,-0.7133089229627085
2020-03-10,2.118902066274294,4.821508053580021,1.3961331978324618,-0.04984906913162965,0.037221613779887065,-1.3024986687463183
2020-03-11,-1.3389800874618087,-5.010285683741073,-0.6356675110379308,0.18818846534688527,0.016538493380943174,0.9439270530021705
2020-03-12,-1.943023828690416,-9.994485184600743,-3.7248041803661667,0.0055295971702574755,0.028935783431533885,-1.1114312797716592
2020-03-13,-1.4172226357878226,8.88083564407466,-1.1425390691225157,-0.06637535505597215,0.012398487400421803,-2.9776763964975537
2020-03-16,-4.394506038846792,-12.765214115647325,-4.116982465479036,0.011065619132689981,0.041317192671421414,-2.595276145467496
2020-03-17,-0.48827112240876186,5.82262866907417,0.864117898058461,-0.02213246288014044,0.012391829669513944,-4.749115595653581
2020-03-18,-1.9991494191387948,-5.322233622142454,-4.267570033996469,0.00553357496750946,0.01652005124971725,2.2665595090233883
2020-03-19,-1.3055305490118363,0.46968462774209585,-2.648688564060493,0.04425757983283666,0.004129586422506054,-0.3944778291016341
2020-03-20,1.771062513213693,-4.43276347431585,4.924997027278279,0.027651044003067234,0.03715860574123154,0.9381215721477268
2020-03-23,-3.422554193523279,-2.9731491257259943,-4.98489760333155,0.1270964169651006,0.037144803250086414,-0.27145243632878985
2020-03-24,2.650140551171263,8.96831569482165,4.362135599971736,0.05520896733837734,0.012378535635039134,5.408311712066447
2020-03-25,2.651444628787693,1.1468998674479098,3.7401513965788094,0.0165567482924611,0.020627488263895107,1.7302941965884635
2020-03-26,-0.6595451348404441,6.054382875166776,-0.7459580366876954,0.022071401071778667,0.016498927607143207,-0.8188666397743124
2020-03-27,0.32432872245010047,-3.426780802262948,0.5634067915705027,0.022066530679268687,0.020619832227626606,1.5194439762380585
2020-03-30,-0.9737039559729034,3.296661622145552,-1.3252403207551742,0.0,0.03298289042475328,-0.8131265886371988
2020-03-31,0.32727922915691293,-1.6142381973062483,1.8315300853154557,0.02757631763332291,0.02473003062641216,0.140666783639446
2020-04-01,-0.3010178193419536,-4.514632872715227,-2.2176882058601888,0.08819314869954255,0.024723916394285908,-1.672611636990776
2020-04-02,1.604837634697223,2.257269570362298,0.8379923450229719,0.03305238833595139,0.012359666304741055,0.5416976895435005
2020-04-03,-0.5723167754230772,-1.5252860231953607,-0.18896660270264407,0.0,0.008238928943888977,0.8775710955487731
2020-04-06,0.0,6.796823056768604,2.1837943010128544,0.0,0.0,0.0
2020-04-07,2.258128002354555,-0.16043316629523077,2.1006801121623493,0.10459388253639575,0.061770339847838966,2.7246611809138095
2020-04-08,-0.466510387385904,3.348934524468995,-1.1733793995450468,0.038507028008340126,0.028813106046328734,-0.8815484086434544
2020-04-09,0.3292157960371772,1.438343869822631,1.3671446212427318,0.06597757002036,0.04114718405584657,0.22111672911848923
2020-04-10,-0.6250307392175125,0.0,0.0,0.02198285346289107,0.020567244678727125,0.5232009732074789
2020-04-13,-0.42331038283361644,-1.0155992507349274,0.0,0.03845836928979198,0.03289879537836961,-0.02746875446471086
2020-04-14,1.911733203498188,3.01144965504564,0.5542970048047526,-0.010986596363510376,0.024666995685016846,1.147240116223678
2020-04-15,-0.7434527687172356,-2.227675067901237,-1.1941499732501275,0.043939144992099693,0.024660912578740236,-0.32644207444072537
2020-04-16,0.13206501313025462,0.5799858992437359,-0.576885657561851,0.021962334684447037,0.02876338030637225,0.8141157583699866
2020-04-17,0.9711445706510576,2.644092907918547,1.5440579811991988,0.016468586209098076,0.061607969912499366,-1.7448643334946408
2020-04-20,0.36313844525207206,-1.8042794099790367,-0.20521452276168942,0.00548892609299275,0.05336288942998925,-0.3581764402292199
2020-04-21,-1.1853610092220859,-3.115516777979546,-2.2296443280854326,0.04938678180882565,0.028722073110483512,0.8246335900205237
2020-04-22,0.8195216459116533,2.2671301062101197,0.4186060524717073,0.05484561098375299,0.032815128068380404,-0.16438359866023924
2020-04-23,-0.251160109517819,-0.05395641810268519,0.3507787484572027,0.07125435364097783,0.02050398809749779,1.7126964792800636
2020-04-24,-0.8596246378152224,1.3822111461719606,-0.6107281999045643,-0.00547930193829927,0.04509398071782237,0.8588351232554162
2020-04-27,0.6771095821278923,1.4606871524449172,1.86576306823793,0.06573181656478394,0.040976889607955445,-0.8049412927943703
2020-04-28,0.6876406273812151,-0.5256139460119837,1.2109997122493672,0.010951103334603647,0.040960105430532016,-0.7843177461026005
2020-04-29,0.4635852328096864,2.623666320724924,0.27480967445662646,0.06568144735307536,0.028662094576405662,0.4334875387388689
2020-04-30,1.170899956138337,-0.925511652526566,0.0,-0.027362027149656333,0.028653881773656527,0.4585308101275202
2020-05-01,0.0,-2.8460220686828817,0.0,0.0,0.0,0.0
2020-05-04,0.0,0.42408122145938704,-4.268553920724631,0.0,0.0,0.0
2020-05-05,0.0,0.8999952189538051,1.0735014466908672,0.0,0.0,0.0
2020-05-06,0.6033196922335173,-0.7003873398600343,1.1199517804065588,0.03283353427768555,0.08182302137967307,-0.16159443322483216
2020-05-07,-0.28899868527085043,1.1438948664053583,-0.6519398020552367,0.005471207770473943,0.0163565733343629,-0.43219948422955834
2020-05-08,0.9818680637865151,1.6730758062550521,1.035212975205826,0.10389611324190386,0.02044195513977716,1.237572964939248
2020-05-11,-0.0868623475543745,0.017747076898242637,1.5231628370160308,-0.03279763886402882,0.04087137834309661,-0.42872520116199236
2020-05-12,0.0014519435533601592,-2.0757791338386404,-1.459172208572172,0.0,0.032685079552298366,-0.16124701155684706
2020-05-13,0.2021848302197205,-1.7616955794106535,-0.2700205126437511,0.0,0.01633853446980738,0.21493828801443507
2020-05-14,-1.0904107606277305,1.1458917804071491,-1.4603871623311722,0.0,0.008168266290026633,0.6420567802922762
2020-05-15,-0.31645208434674515,0.39186922544353264,-0.1355107928352941,-0.027339585155379337,0.020417747176700057,1.4297304700824394
2020-05-18,0.25768648686913403,3.1015221473356873,0.57529409337151,0.016404648020367472,0.04898559105180179,2.4153881673428375
2020-05-19,0.8462321838410712,-1.0539757419425795,1.8764325082145379,-0.054692628797162864,0.016323199383322787,-1.6298381733119305
2020-05-20,-0.5329183477480376,1.651393441786152,0.04845445949609405,0.0,0.016320535349799024,1.089504940506698
2020-05-21,-0.5459831084839416,-0.7803935472623134,-0.49268813413511586,-0.010942116216182894,0.016317872185677894,-0.8030091070912407
2020-05-22,-2.3193734514938473,0.23509655202508628,-5.720199938560752,0.005471207770473943,0.020393596481391198,-0.23434459364156035
2020-05-25,0.13746854294471086,0.0,0.09633328397126145,-0.01094271489849019,0.03669799629352307,-0.2610286003130595
2020-05-26,1.128162222103003,1.2214261971750162,1.8664716608119132,-0.03830893465923194,0.008153281700410787,0.5473752752096996
2020-05-27,-0.7036891004288613,1.4718492616296688,-0.35685238706439676,-0.027372512693843384,0.02038029640005876,-1.071485489620032
2020-05-28,0.28612193535016633,-0.21101714760443074,-0.7261933291105128,0.02189860952581578,0.008150955704059326,0.759066594526178
2020-05-29,0.26906446394998446,0.4800767858804524,-0.7432200883716796,0.005473903168016614,0.01629991853648914,-0.1304631626664858
2020-06-01,2.6618607505175627,0.3744242117017055,3.3028665707544946,0.038308934659224525,0.040738176307910434,0.8579280491589597
2020-06-02,0.3074205203533941,0.8177278702023465,1.1038389871303715,-0.03283533111097529,0.0040729050000576136,-0.20730766688514865
2020-06-03,0.002008229876724991,1.3556655475681827,1.3645466557150066,-0.027371014266943043,0.004072739121263959,-0.8858838550529883
2020-06-04,-0.0367218356989795,-0.3374382935045795,0.16709141666511468,0.00547480222412129,0.012217222226114821,-0.8673993140931184
2020-06-05,0.4776348491166621,2.5874065601552974,1.6448765550480162,-0.021901007533880572,0.008143985671089564,0.026395671263202525
2020-06-08,0.5161040729267489,1.1969668235859063,0.025672500573925425,-0.0054760014251284475,0.02035706295326209,-0.9280193872146766
2020-06-09,0.6215027837446011,-0.7829755338198062,1.1255488904334316,0.0,0.0,-0.1066098181997612
2020-06-10,-0.18114115390478483,-0.5327243376570845,-0.029896052566706573,0.010951703000747956,0.016282667136844748,1.1137744410455803
2020-06-11,-1.0906712768860143,-6.07527591986929,-2.3000463953339145,0.010950503734129344,0.0,0.8926286625285735
2020-06-12,0.17998077734721177,1.2976299868566437,-0.732944621887142,0.02189741071869365,0.0040702525597194755,-0.104602519997987
2020-06-15,-1.2087146329313512,0.8277851423430304,-2.1816514861931138,0.0,0.03255605774899613,-0.28822239263581695
2020-06-16,1.4952650166163504,1.878488465267299,2.357248560183562,-0.04927591876103595,0.00813735861787912,-0.07875049626042703
2020-06-17,0.07529477809265026,-0.36067962213368693,0.5624944427271518,-0.005476601222645528,0.01627273100699135,0.10498688628367948
2020-06-18,0.6646060709465059,0.05940120550401924,-0.06729817696973711,-0.016431603487612315,0.00406776903262893,-0.15752169179978437
2020-06-19,1.3342866475464434,-0.5665482200964774,0.7287927326311971,0.010954702316919184,0.008135041696581012,0.20997383042694737
2020-06-22,0.08136811845599734,0.6474055690439127,-0.5393131973039039,0.016429803700798464,0.04066528460739389,1.0951869570071837
2020-06-23,0.480275327345941,0.42981911703125364,1.602667154008721,-0.08765682914862766,0.004065619092706035,-0.2076843944839117
2020-06-24,0.41630733941057807,-2.619527873275449,-0.5061903882296948,-0.032891130655035766,0.0,0.750812588533204
2020-06-25,0.0,1.0899850173409287,0.0,0.0,0.0,0.0
2020-06-26,0.0,-2.4525217335129468,-0.9389188357532323,0.0,0.0,0.0
2020-06-29,-0.7097652224453106,1.4578907539069856,-1.0182423052122758,0.0383719341422011,0.04064710242128362,0.0
2020-06-30,1.3113409441197674,1.529233363768146,0.5167832284400679,-0.01644331172002393,0.004063801687035172,0.12888260580265212
2020-07-01,1.9929884345320856,0.500954209966413,0.0,0.027404017600454265,-0.008127768525633003,0.641933132611505
2020-07-02,2.0519083467348698,0.453100183265328,2.8134270912839012,0.005479902459122217,0.0,-0.9256944477422442
2020-07-03,1.913177511652984,0.0,0.9859218893711377,-0.0109601052279831,-0.004064132003565235,0.3095179154019278
2020-07-06,5.513121660880355,1.5756943165826314,3.7366459198725215,-0.08223910110151122,0.02844545603024161,0.1801106880824667
2020-07-07,0.5984398267295105,-1.0877508816987262,-1.3896859436377333,-0.06584001115708894,0.008125787190104308,-0.20586728835364096
2020-07-08,1.602161674087557,0.7797026481291787,0.589275177669277,0.010976345985450631,0.008125126959592555,0.3343194575892947
2020-07-09,1.3888639196783052,-0.5659625451287915,0.3094424370593886,-0.038422483113958586,0.008124466836337475,0.6653043987482913
2020-07-10,-1.8270004194841982,1.0411813000986476,-1.8590161337255857,-0.016471298799146702,-0.008124466836341503,-0.6653043987482922
2020-07-13,2.078503265292465,-0.940662366648347,0.1736326961925907,0.03842881110122222,0.020309929594369756,0.4099416450665461
2020-07-14,-0.9580336181996443,1.3317285189446137,-1.1482270253678697,-0.010978153485616532,0.012183978083908262,-0.2816542637776405
2020-07-15,-1.3029283857047433,0.9041044884784207,0.014482097268477738,-0.010979358816469467,0.004060996162909446,0.230503367521705
2020-07-16,-4.929674326555778,-0.3411918313161816,-2.0253101130925573,0.010979358816475078,0.0,-0.3587907488106069
2020-07-17,0.6279160843895698,0.28445899031588195,0.4733541852732058,0.010978153485616749,0.012181999081122526,-0.5664278790096364
2020-07-20,2.940132040586651,0.8371764170464782,-0.1243540173283523,0.010976948419369807,0.024359547032889627,0.48937637911434073
2020-07-21,0.22916459255464583,0.16776413721593886,2.279161220542841,0.05486667535861149,-0.004059512453105532,0.691335489373583
2020-07-22,0.49764453575516615,0.5730639622957727,-2.2793607578955557,0.016454134138308835,-0.004059677256227791,2.3204067570421474
2020-07-23,-0.042637644606463077,-1.2396345287241564,0.8150131340358566,0.0054841097932550546,0.0,0.5469929103315255
2020-07-24,-4.488592687196538,-0.6209630744305032,-2.2321864887548624,0.043862054543884574,0.0,1.011480191338293
2020-07-27,0.5060736341555209,0.7367919510066762,-0.41400553449384625,0.043842824180118825,0.03247280431198005,2.5207345329760096
2020-07-28,0.8752145469647098,-0.6494444344686342,0.6865707921495225,0.032869508348959096,0.004058359205929768,-0.33565123816516457
2020-07-29,2.3954258591717723,1.2351783128253628,0.4445803290506631,-0.010955302377291668,0.012174089494598937,0.191938638580367
2020-07-30,-0.48970663828003047,-0.37573107206831396,-0.6958569007125744,0.021909404699577726,0.008115236360706773,-0.6010355874281625
2020-07-31,0.831889760054069,0.7641191392371668,-0.4674496007642302,-0.02190940469956292,0.012171619854768534,0.8165271110183612
2020-08-03,1.611311512058742,0.7155365883905607,-0.5594724693379949,0.03833830865480648,0.0365059731882038,-0.2874253475768216
2020-08-04,0.09409337120644999,0.36054526780178503,1.97760669471227,0.03284971286041523,0.004055396719734216,0.09590027107557426
2020-08-05,0.027352918228120582,0.6409157519801222,0.6230293302516718,-0.010948705326538388,0.0,2.671869544196967
2020-08-06,-0.30073169025837865,0.6407158132423376,-0.6873873829734928,-0.04380681265981131,0.0,0.7669996927178788
2020-08-07,-1.15807001506316,0.06327942853730395,-1.6132264735750812,0.010953502393334117,0.016219942454758694,0.6231987855673804
2020-08-10,0.359247001676474,0.273848273347593,-0.6305193448829921,0.032853310266490784,0.03648525428129111,-0.7158557298846596
2020-08-11,-0.9160814050230534,-0.8001046543221288,2.0835731992574447,0.016422608494554077,-0.008106683965365402,-2.3447733081572575
2020-08-12,-0.731861616432439,1.3899455827979215,1.4095859773919073,0.03283712814094222,-0.012161258299844116,-6.341617769335303
2020-08-13,-0.25706231729737705,-0.20492235227105188,-0.052897800110503275,0.010943313646302629,0.008107669860127469,1.6545877589994682
2020-08-14,1.4756944673855645,-0.01719466139647112,-0.18907571991792274,0.038292169719286576,0.012160272405079388,0.5455009807764551
2020-08-17,2.323612644012645,0.27062093485908584,0.6504232776219359,-0.02187944434939844,0.0364719473984071,1.4484112301824064
2020-08-18,-0.051302545557540505,0.23007288895721292,0.07903031326229473,-0.005470609153702262,0.00810307106837579,2.2413277074001763
2020-08-19,-1.508972828793647,-0.4414143638946041,-0.7457357342538805,-0.05472255800342947,0.004051289323379042,-1.2711527438785972
2020-08-20,-1.3062837985231537,0.31536808202811933,-1.5510323883618755,-0.005473903168015289,0.012152883286510619,-2.3444297201536255
2020-08-21,0.844625377829779,0.3435228739303047,1.2922673126453612,0.0328389253676335,0.012151406540262807,0.2221400395153598
2020-08-24,0.7811586360143105,0.9993580954932105,1.7280065670058595,0.010943912459602644,0.044542528727380126,-0.8169373321231003
2020-08-25,0.1282145236100936,0.358987425339455,-0.25612403250088805,0.0,0.008096510408451248,0.2234637801416363
2020-08-26,-1.179143848735509,1.0144040989640823,0.021852559651364477,-0.05473154315378139,0.012143536617568736,-0.17376198985407373
2020-08-27,0.5343581667131274,0.16716264045830256,-0.8297380789241992,0.005474502505937567,0.004047517860217626,1.1854917795748805
2020-08-28,2.358603393633957,0.6710014078511689,0.555824227985884,-0.06571381869464045,0.008094544281580933,0.07362866942026516
2020-08-31,-0.5807160177476246,-0.21973891312895358,-0.9684435750729128,0.04381401023044045,0.02832574626930364,0.3917732728901653
2020-09-01,0.5364704197894736,0.7496875851234013,0.030975797427688998,0.0,0.008091596881059626,1.021161317019668
2020-09-02,0.036438123583565935,1.5248997908235746,-0.2574698857603188,-0.010951703000754386,0.004045552926489961,-1.094501987707123
2020-09-03,-0.5546406799537806,-3.5757586556313434,-0.44881457265641567,0.005476001425122174,-0.004045552926493227,-1.7765086005360122
2020-09-04,-0.9778874994954716,-0.8166252396865901,-1.2560762530790501,0.021901007533882196,0.004045552926489961,0.4718747114217262
2020-09-07,-2.1368549427704,0.0,-0.4293393440190656,-0.010949904199283286,0.032358532822904504,-0.04956629593424484
2020-09-08,0.5344384586122838,-2.814886686405828,0.14097619699327532,0.005475101975142715,0.004044080477755942,0.04956629593424123
2020-09-09,-2.366765483140326,1.9944798533671326,-0.6331235182656902,-0.010950503734115382,0.008087670350978503,-0.04956629593424484
2020-09-10,-0.056972262320639615,-1.774123987058698,-0.6370752672460553,0.054740531255246236,0.0,0.7901275674134893
2020-09-11,0.9839110851291968,0.0532921379765575,0.7774813652641351,0.0,0.012130279213462417,-0.27090276387786505
2020-09-14,0.5123366712961365,1.2661314711189058,0.5574291771078081,0.03830055035467815,0.03638201151803389,-0.024663953756778715
2020-09-15,0.8015839598304212,0.5205811831507181,0.37461784064419124,0.010940320562299663,0.008083094212863703,0.2955667176346401
2020-09-16,-0.666057020743151,-0.46296583637453037,-0.028832317628581287,0.005469711474086934,0.0,-0.27090276387786505
2020-09-17,-0.5305503814429285,-0.8447955322129994,-1.5684348578454088,0.02187585461281198,0.01212341639357666,-0.6432481358166005
2020-09-18,2.227983205717658,-1.1245565213035067,0.469545044959246,-0.027345566086898955,0.012121946799504419,0.3716094949014633
2020-09-21,-0.9685713655998145,-1.1638590711243437,-2.0854325875611335,0.07654874888530608,0.03231800949191727,-0.02473104995909972
2020-09-22,-1.193670709894685,1.0463013638868865,-0.981136747735065,0.04371584769072876,0.008077870677678631,-2.200638943901667
2020-09-23,0.3567261074509898,-2.4007294161091854,0.10813463350696846,0.0,0.0,-1.554369426960919
2020-09-24,-1.9372888753561535,0.29829543473573145,-1.833875728046315,0.0,0.008077218210434908,-1.188337414654798
2020-09-25,0.15232311082675792,1.5850478138509476,-0.32505164883073706,-0.04371584769072455,-0.10909753188278876,1.188337414654801
2020-09-28,0.25976830142870894,1.5982150874003724,1.0302913976795864,0.021860312689519507,0.06062443350273895,-0.15420203518153372
2020-09-29,0.21563372298629402,-0.4824244783809024,-0.8578158410925536,0.010928364581119785,0.044434570826645134,1.3031997390576187
2020-09-30,-0.0959561384158417,0.8219833784947334,0.7853753829134339,0.010927170420089722,0.032303654631807135,0.050761422409771245
2020-10-01,0.0,0.5278935121522739,0.0,0.0,0.0,0.0
2020-10-02,0.0,-0.9617802143182246,0.0,0.0,0.0,0.0
2020-10-05,0.0,1.781588530117781,1.3074534028001537,0.0,0.0,0.0
2020-10-06,0.0,-1.4086778930182593,0.8916373178855541,0.0,0.0,0.0
2020-10-07,0.0,1.725604732087949,1.087488588628792,0.0,0.0,0.0
2020-10-08,0.0,0.7975248642444218,-0.20443390283090487,0.0,0.0,0.0
2020-10-09,2.0229536125801197,0.8752272809348647,-0.30725004548717133,0.07645677834084724,0.10894785703890943,-0.02537749030241501
2020-10-12,2.988693241901605,1.628538348497012,2.175861710329584,-0.010918818594680902,0.036289591333934175,1.1356588932335976
2020-10-13,0.3320765679496209,-0.6326880453748811,0.0,0.01637778084730993,0.008062565512696905,-0.4275122819551936
2020-10-14,-0.6655195911471954,-0.6645169155040893,0.07060478909402657,-0.005458962252622109,-0.004031201500151507,-1.140552219521086
2020-10-15,-0.174185780377837,-0.15289711398439404,-2.083202577390992,-0.03276003305302227,0.008062240501016218,-0.10201480099210501
2020-10-16,-0.14723249015277876,0.013491886946954789,0.9403651473142525,-0.00546104906888133,0.01209214213771236,0.30573272222288816
2020-10-19,-0.7580947324676243,-1.6464623898632638,0.6354937331664291,0.032761821850308175,0.03626765569361115,0.1779133777210461
2020-10-20,0.7954692397331964,0.47161384872977136,0.1110934757255623,0.02729332149371247,0.0161147369617971,-0.4836460999439433
2020-10-21,-0.013327358712890768,-0.21980970313859494,0.7496594589622447,-0.06551649065975394,0.004028278515713465,0.3311683067425694
2020-10-22,-0.31019124618266003,0.5205373886326261,0.12801635965117075,0.05460005595649037,0.008056070253302242,0.1270809676680328
2020-10-23,-1.2530374375044238,0.3439866491129748,0.5337513534279148,-0.021836445113509254,0.012082888630611043,-0.3817284187445845
2020-10-26,-0.5792364621097338,-1.8764495369547174,0.0,0.01091881859468527,0.03221390057654825,-0.43439444825053886
2020-10-27,0.17130693857238427,-0.30301938037524706,-0.5294748595390318,0.016375992831165507,0.008051853943732723,0.9684071603840966
2020-10-28,0.8052265130175401,-3.5925571226008888,-0.31675319775299626,-0.021835253102764816,0.012076565439477301,0.07605527049335294
2020-10-29,0.7496834650276579,1.18765014438055,-0.4957876406793148,-0.07099751806924272,0.0,-1.4807521002231032
2020-10-30,-1.638902798866026,-1.2203669046735501,-1.9681902152266075,-0.0218555350012127,-0.008050881575889558,-0.5933204558807255
2020-11-02,0.5415699926437234,1.224294189485278,1.451986216214651,0.027318672482441693,0.016101115036995028,0.8245344317186827
2020-11-03,1.1945216401603784,1.7642760820758658,1.9422575121244605,-0.005463137481227992,0.008049585450700543,0.5884627445798996
2020-11-04,0.7526838285146994,2.180751658433598,-0.21510922203382601,0.03823569621894957,0.008048937544589477,0.35650661644961446
2020-11-05,1.473520996199845,1.927326267001391,3.2021202443880528,0.0,0.004024225840089793,0.0
2020-11-06,0.012404269147779381,-0.028775379869741255,0.06633094246983395,0.0,0.0,0.8605469455759083
2020-11-09,1.9384664101318112,1.1631958050304203,1.1722733925223245,-0.016384936818105076,0.03218797806821075,-0.30287756621607037
2020-11-10,-0.5530658682067191,-0.14007834839128777,1.0906943580273416,0.021845985886990653,0.0,-2.508449927692833
2020-11-11,-0.9935901648628812,0.7622761226929676,-0.283655945568077,0.01092120352747904,-0.004022930705572213,-0.2075766183844531
2020-11-12,0.07265400957911837,-1.0028678908945363,-0.21986268970976489,-0.010921203527472289,-0.028165047362641048,-0.20800839533279947
2020-11-13,-1.0570510889047147,1.3518576706374859,-0.04785362081785224,-0.00546104906888133,-0.008048613630655394,0.4155850137172541
2020-11-16,0.9695842576503763,1.1580731916656504,0.8557962016241905,0.010921799923465023,0.01207267753333411,0.0
2020-11-17,-0.19156329179655565,-0.480347613410369,0.12659869455469078,-0.054620932098647004,0.0,-0.23355401819281865
2020-11-18,-0.06364713837081072,-1.163121347960132,0.4879220879086656,0.005463435956232285,-0.008048289742762237,-0.7039528483527808
2020-11-19,0.7396928814693623,0.39386539225387157,-0.7081902506406534,-0.032785094004386756,-0.00804893754459753,-0.4457854504432072
2020-11-20,0.3099722920323173,-0.6815715636269892,0.35816235336131014,-0.027329124818221067,-0.004024711730565288,0.15756305780740393
2020-11-23,1.2412129999316286,0.5620094595057822,0.13094629635721577,0.027329124818222313,0.04023982992610021,0.23588007267606143
2020-11-24,-0.6161125091724083,1.6032507557285767,0.38436657061401297,0.005464928820668482,0.016091399181873894,-2.5452063203663067
2020-11-25,-1.2865244369756808,-0.15856720266289198,0.306245598021107,0.00546463018250992,0.0,-1.0799241021760273
2020-11-26,0.18089397849228442,0.0,0.5597406237276961,0.010928364581119785,0.016088810267183774,0.0814000858946938
2020-11-27,1.235805607569576,0.23940572799516377,0.2801126973101276,0.027315687569105282,0.008043434550881889,0.0813338800428281
2020-11-30,-0.41269679593215775,-0.4606081438497098,-2.078323485938754,0.021847179069925293,0.036187451391067715,-2.469261259037141
2020-12-01,2.131180060748671,1.1208121636017976,0.8550176764311449,0.02184240712008262,0.012059574311637839,0.7196266870595013
2020-12-02,0.0009157072708887298,0.1789548534859762,-0.13220276176495857,0.016378675001817885,0.004019534940349348,1.4239013849469946
2020-12-03,-0.19921373253678587,-0.06243414287024246,0.7357000034072687,0.027291831724204196,0.004019373380238773,1.0816763117122965
2020-12-04,0.17496834398110467,0.8797424045414703,0.4010876772551925,-0.016374205205374685,0.012057150909854776,0.0806560065233166
2020-12-07,-0.8659955874246816,-0.19374711787083176,-1.2338098470710002,0.02183167785116119,0.0321452970180564,-0.18829864339714422
2020-12-08,-0.24633903917117747,0.2783260589747119,-0.7660881970420552,-0.010915243147885393,-0.004017597075730112,1.496553852940535
2020-12-09,-1.3500225916820758,-0.7980983560702697,0.7509588876360057,0.04910921442108289,0.0,-0.6386397438022628
2020-12-10,-0.043987673354727905,-0.128594253865602,-0.34868309789983915,0.02727247951015161,0.0,-0.8848428826953691
2020-12-11,-1.0355108225073872,-0.12657607983834493,0.3601151814321509,0.0,0.004017597075729915,-0.1887047331775077
2020-12-14,0.9202805813425095,-0.43687962305264194,-0.4399256254574037,0.016359918236890227,0.04418291799628988,0.0269796305427092
2020-12-15,0.20779091128788285,1.2838447626446778,-0.6929345302871119,0.038162737276583515,0.00803116090861064,0.8862687257845545
2020-12-16,0.17712963973308576,0.17712784469306417,0.9607502227180199,-0.02180549507114919,0.0,0.6130900184859597
2020-12-17,1.2759013031903097,0.5741126947631057,0.8208380997449691,-0.010904530843359473,0.012045532125943626,0.4772013297495614
2020-12-18,-0.3496024332990864,-0.3517278505023192,-0.6761598155797516,0.0,0.008029548743669311,0.5801704037326769
2020-12-21,0.9330753183535154,-0.3913931036978114,-0.726900207938518,0.03271002591449816,0.028098344389585826,1.1243418220465449
2020-12-22,-1.6394709610962848,-0.20752684841428568,-0.7150308961965077,0.005450630911872139,0.004013404772483157,-1.4403810632390217
2020-12-23,0.849408252602842,0.07455332737925253,0.8533790747038293,0.021799553195476946,-0.004013404772474535,-0.15839496447856663
2020-12-24,-0.1420606082607069,0.35303368029281484,0.16484084987834283,0.0,0.008026648477251914,0.4481357176825322
2020-12-25,0.836455350840345,0.0,0.0,0.02724276040496938,0.016051364400435173,0.4984924398525463
2020-12-28,0.4433027336315451,0.8684694603369354,-0.2729731327324006,0.03268151889212745,0.040117142592819496,0.18303051259447703
2020-12-29,-0.4250101288915238,-0.22298465500115036,0.9600868859278016,0.038114944241889555,0.004010829239492187,-0.7341406858367745
2020-12-30,1.3936793973684267,0.13406481091209083,2.1544667897651393,0.02177344736704956,0.020051733539531612,-0.026319252685157803
2020-12-31,1.8901872089531135,0.6418196978792083,0.3090209130036405,0.02721014410954508,0.02405677410262961,0.5512548412995232
2021-01-04,1.0770132631680114,-1.4864718123372964,0.8835984114515548,0.03808176745421499,0.05610997702418499,1.326244897702719
2021-01-05,1.8952181943255562,0.7057576170722057,0.6423876377823943,0.021754500548064222,-0.004006811580226489,0.386747935973738
2021-01-06,0.9115956563617159,0.569366086621762,0.15337315464165074,0.03262287980216326,0.02003245264016235,0.28266754013237616
2021-01-07,1.756265991066838,1.4738221178340893,-0.5205582563044204,0.021742675521885982,0.008011857553461938,-0.6435856942241602
2021-01-08,-0.33111221647590544,0.547686553610569,1.1896925156167553,0.02173794911009446,0.016021789668187816,-0.6997566456723242
2021-01-11,-0.9924985935710723,-0.6576373761664375,0.10755302862815996,0.016300361360777327,0.04004324724150363,-2.6084998935710555
2021-01-12,2.812308524467504,0.041574571696605785,1.3118643127595329,0.06517488825102653,0.01200984808985223,0.7181836960276636
2021-01-13,-0.328993811841089,0.22730179027713113,-0.14563190974292026,0.032571521920881016,0.016010887437633247,-0.21225797303165284
2021-01-14,-1.946307652147776,-0.3760500291053589,0.9210312645875256,-0.010855995234033647,0.024011525647624307,-0.6127633399959044
2021-01-15,-0.22647321820208677,-0.7215990506594139,0.26984081056749293,0.010855995234028255,0.012003601094746682,0.2935292300985892
2021-01-18,1.1012499581574684,0.0,1.0060215463938882,0.0,0.036002160518472374,-0.21339031837009775
2021-01-19,-1.4786099147649703,0.8103480771510009,2.664919121051832,0.005427555701627672,0.01599680067397418,0.05339028423675204
2021-01-20,0.7130386322251296,1.3839368887685783,1.0743877962055959,0.021707277449978288,0.007997440823208137,0.31974447704905595
2021-01-21,1.6037381914478552,0.03166807728557909,-0.11591207409373393,0.01085187195856041,0.015992963130330908,0.9531446265552393
2021-01-22,0.08633696001252267,-0.3015127294928243,-1.616557542828423,0.032548551876803694,0.019987607749780593,-0.5284028146605266
2021-01-25,1.0030221377311308,0.3609282023548102,2.3862815328102838,0.04880297252734536,0.03996323435674439,-0.4247418118947071
2021-01-26,-2.0281960217564654,-0.14899457394751567,-2.5786366430381986,-0.016265011285826858,0.01198585670345673,0.26567497029576087
2021-01-27,0.27236026654103473,-2.601328989204868,-0.3194139108685217,-0.010844810768682026,0.007989773094687794,-0.5320576531223458
2021-01-28,-2.7669565078195077,0.9713334927599454,-2.581930616225124,-0.01626942165794354,0.011983462835651913,-0.4544854768677554
2021-01-29,-0.4693427983358953,-1.9500405967127863,-0.9397885423224813,0.005423434662489435,0.011982026973892687,0.45448547686775165
2021-02-01,1.2198138307740969,1.5924269140718335,2.1308485228023213,0.037955809049962944,0.031945054777909467,1.114069878042275
2021-02-02,1.5284680332363738,1.3802541965649213,1.2240622474939038,0.0,0.011976765090070158,-0.8742935542924206
2021-02-03,-0.28928251038237157,0.10082963259948519,0.2006962878825394,0.0,0.0,-1.0432086048340652
2021-02-04,-0.20536822109012143,1.0794829768938023,-0.6640106997808463,-0.016265011285826858,-0.007984350676932315,-0.7286498302327211
2021-02-05,0.1727879901605885,0.38898969855535026,0.5999109121735944,0.005421964379011685,0.003992255025789495,-1.1989244428520733
2021-02-08,1.4690339807556039,0.7372105129886367,0.1050707208217423,0.016264129498316404,0.03193230378787426,0.92770105988012
2021-02-09,2.1632775585823096,-0.11141179817578345,0.5331018349376248,-0.005421082591515543,0.01596232893767784,1.1073712079693618
2021-02-10,2.1136896953192887,-0.034521954387729654,1.8904397328495761,0.02710247462181897,0.015959781384860962,0.05370569409431396
2021-02-11,0.0,0.16610747648429303,0.4479159502368062,0.0,0.0,0.0
2021-02-12,0.0,0.46999211490260484,0.0,0.0,0.0,0.0
2021-02-16,0.0,-0.056943700997991405,1.8814994830050225,0.0,0.0,0.0
2021-02-17,0.0,-0.032045087202880164,1.0942087061029222,0.0,0.0,0.0
2021-02-18,-0.6796390791577607,-0.442558686962702,-1.5878035681062714,0.03793112836397899,0.09171934525306176,-2.997499622079474
2021-02-19,0.1811795355322955,-0.18566165820490527,0.16152844792299878,0.02166847245747163,0.007971621033355884,-0.2492730829602584
2021-02-22,-3.1913135890482676,-0.7762902892533375,-1.0658752427900344,-0.021668472457480322,0.027895670374369505,1.1031551475345758
2021-02-23,-0.316088636363837,0.12554994192235644,1.0264153242038456,-0.005417851823092563,0.007968762455407011,0.9825406554414858
2021-02-24,-2.5797337082003766,1.1287715277782164,-3.0305108425199254,-0.03251327654089219,0.0,-0.27196100526420264
2021-02-25,0.5865924658065119,-2.4783434790564103,1.1905665092300841,-0.021681392030292415,0.011951953162564713,-0.9302392662313561
2021-02-26,-2.4578986014973294,-0.47614837180722747,-3.7053480564341226,0.010841283618609138,0.011950524841441055,-1.5512776457410538
2021-03-01,1.525248477531133,2.3512130081996934,1.6167989600479007,0.016259721994575524,0.039824771533914456,-0.4476784197571377
2021-03-02,-1.2843962343151796,-0.8113671312552936,-1.2185276828419964,0.01625707863878738,0.01194433939270324,-1.782477522559884
2021-03-03,1.899407126639186,-1.3152318131987126,2.6607520375576286,0.0433392931643994,0.01194291289064264,0.45571141240982393
2021-03-04,-3.196172657010949,-1.3508037960082262,-2.177556865728992,-0.010833062517352977,0.007961149594202502,-0.9135090645934016
2021-03-05,-0.3397356572028898,1.9308363815583878,-0.4748438169195516,0.016249153725642094,0.0079605158456429,-0.9508787969027188
2021-03-08,-3.534630235660933,-0.5373684030541239,-1.934371594823615,0.027076056808523926,0.03581448137129883,1.065524839841219
2021-03-09,-2.169519768588273,1.4055441418613446,0.8109747371084305,0.010828370340843954,0.011935310630621504,-0.344333195309398
2021-03-10,0.6539165201911017,0.6012173623113212,0.4656327895623138,0.048713161635524395,0.01193388628422794,0.9156001016490272
2021-03-11,2.459769080192662,1.0341818218279306,1.640332985702738,-0.016235084052217793,0.003977645632082426,0.9637262797795649
2021-03-12,0.35355204431611775,0.10148833501624158,-2.222496065545823,-0.010824853875047094,0.015909000550591242,-1.391870219080182
2021-03-15,-2.1771698972272313,0.6470976590856805,0.3266784763817346,0.04870261737543949,0.0397614319353872,0.9395086899843861
2021-03-16,0.866415801490597,-0.1570921884146989,0.6703279166683883,0.0,0.007950389573267345,0.05665722531163869
2021-03-17,0.4223038576872044,0.28752053049775833,0.022148810125914988,0.005409938057529167,0.007949757536578377,0.3957043037841385
2021-03-18,0.7988228164529472,-1.4870520601810135,1.271752312780289,0.010818998171328361,0.0119234514558771,0.8147256753145508
2021-03-19,-2.65419608202576,-0.06029206064693933,-1.4205845861831485,0.0702949713970622,0.003974167909112758,-0.3644012441595552
2021-03-22,0.9948431169141384,0.7000559550654081,-0.36491674027595533,0.016214901529998292,0.04370542612828747,-0.6197202932314313
2021-03-23,-0.9518094186803951,-0.7660100809949314,-1.352204675501724,0.03782454858268587,0.01588814747542641,0.4229528369133169
2021-03-24,-1.6213105742656164,-0.5482303984823846,-2.053549646037949,0.005402339214207206,0.011914454232807075,-0.16896652851264932
2021-03-25,-0.047455959482012026,0.5226550815926714,-0.06639465288624201,0.016205266747120306,0.011913034859722728,0.25334285189849676
2021-03-26,2.2409453696508206,1.6494413826353245,1.553554573269063,0.0,0.019851904855462576,-0.1969889478993746
2021-03-29,0.17625224258213087,-0.08684019308247895,0.006599060994831502,0.037802079564524395,0.03572350048907146,-0.028172982296494432
2021-03-30,0.9436799896401871,-0.31628196118815716,0.8405448340161206,0.021594774148590318,0.015873015906345243,-1.2760700590214347
2021-03-31,-0.9142918759438923,0.36159929659948986,-0.6993164410951866,0.005397964968519463,0.015870496779863477,-1.061550637125862
2021-04-01,1.2287831590583271,1.175577423688851,1.955465139345396,0.037777598333760626,0.0198345796711229,1.9706478072510611
2021-04-02,0.9886850471916107,0.0,0.0,-0.04317556330226908,0.00793273044997999,1.2366655637211892
2021-04-05,0.0,1.4335038467166317,0.0,0.0,0.0,0.0
2021-04-06,-0.4118683479246685,-0.09740121110818412,0.0,0.08093889555584959,0.04758317231618649,-0.5321396116968241
2021-04-07,-0.7145422387403771,0.14741432833555818,-0.9162493625839652,-0.016182539075687428,0.007928327919809982,0.392377185033045
2021-04-08,0.16573692662383716,0.4211758040807235,1.155537886253807,-0.010789814425661471,0.015854770337225713,0.22352621768458308
2021-04-09,-1.5150987340556255,0.7690316372555687,-1.0718757092250917,0.016184285094541125,0.019814928632022145,0.5288808430947579
2021-04-12,-1.7548435719811402,-0.019620215667317163,-0.8591866135359946,0.1455408175402562,0.0475398154900596,-0.6126446341155393
2021-04-13,-0.1638875792154115,0.31877509108528623,0.15441474815706477,0.06461687802236148,0.015841584191562567,-1.010676766977447
2021-04-14,0.8262744088985301,-0.39947644594044396,1.406272303820997,0.005382855606199364,0.015839075031136303,1.1502441308749243
2021-04-15,-0.6375664850375057,1.103315801615433,-0.3733150104513097,-0.06461339875882581,0.015836566665440883,-0.13956736389746913
2021-04-16,0.3470851827739531,0.3602253326539839,0.611363705096125,0.026927323317508866,0.011875779361987164,0.8898835142130039
2021-04-19,2.4040354994074855,-0.5315778350723632,0.4698690678822132,0.03768607544130919,0.027704668413807983,0.8271345750677114
2021-04-20,-0.07179868352528421,-0.6830407046860276,0.10157640015510064,-0.05384159931931374,0.011871080084376135,-0.9933856524290737
2021-04-21,0.302088884183706,0.9263025469113548,-1.7792398223966883,0.05384159931930933,0.019782002398787163,1.0208393245301208
2021-04-22,-0.18652166417151464,-0.925335185679316,0.4650631294396454,0.00538256587043918,0.01582278484313766,0.02744613712851428
2021-04-23,0.9038940728190753,1.0869423861541934,1.1184177745699042,0.0161459595087154,0.015820281634025223,-0.19228133928599359
2021-04-26,-1.1400880112324985,0.1780637890878801,-0.43397128812282537,-0.026911380985360212,0.03953975774102942,-0.523777903174864
2021-04-27,0.2612632844617457,-0.021494231269923607,-0.039002065807491285,0.005382855606199364,0.011858879349812092,0.05526388645764054
2021-04-28,0.5626512527797332,-0.08458882928303167,0.4474875806835204,0.032291050277900156,0.023713540542709566,-0.498477908391544
2021-04-29,0.8737836995305902,0.6740032543708108,0.794596349276177,0.005380828110745769,0.00790326405216557,0.27723888009746483
2021-04-30,-0.7908585460357973,-0.7220643718202429,-1.9935126452008733,0.03765769202851333,0.01580465450364266,-0.4161470841252158
2021-05-03,0.0,0.27442656970409607,-1.287069016875599,0.0,0.0,0.0
2021-05-04,0.0,-0.6700737740405456,0.7014036389365521,0.0,0.0,0.0
2021-05-05,0.0,0.07032914568740223,-0.48849489646699107,0.0,0.0,0.0
2021-05-06,-1.2246980233125797,0.8132234115911917,0.769360757232793,0.04302000496549713,0.08293348025844491,1.3804747113056313
2021-05-07,-1.2940531405912141,0.7346296237811824,-0.09366248758240485,0.005376199565817872,0.015789058215492698,1.0636947421088474
2021-05-10,-0.07269778958146385,-1.0490499399026396,-0.052406807371711564,0.037625306149490806,0.04340706024787081,0.27092945318061656
2021-05-11,0.6118047457768018,-0.8711731693215893,-2.055735518839693,0.01074748778506115,0.011835019837477052,-0.08120179090115837
2021-05-12,0.42688657497148236,-2.1682768452684535,0.7724478956960699,0.026863667052095124,0.023665838472777978,0.24340782808794756
2021-05-13,-1.0276391799696023,1.2099654192200688,-1.8315888455036171,0.059074677478579404,0.011830819298034256,-0.4331354903674198
2021-05-14,2.3283192842009295,1.480775516646066,1.108247521688938,-0.005368983384280812,0.015772248761059666,0.568106492096361
2021-05-17,1.445212957578898,-0.25332441694025704,0.5923712922640584,0.01610608545075527,0.03941974191696117,1.0732595642955027
2021-05-18,0.050440650077876056,-0.8553781927838235,1.4077879322063855,0.02683771251448165,0.011822893075695154,0.6384698464669836
2021-05-19,-0.2959362676300788,-0.29477755951036366,0.0,0.021464985325242318,0.011821495432934285,0.18545508030978233
2021-05-20,0.2730078218913397,1.0499443868610716,-0.5031906992243765,0.032188841479656484,0.011820098120583806,0.0529240552178492
2021-05-21,-1.0128160728869793,-0.07841270013964567,0.028642354365373685,0.037540557650001354,0.015757957801297493,0.05289606047695034
2021-05-24,0.41671101067443916,0.9862511119055,-0.16240352290351132,0.021445421484720353,0.035446328722287375,0.31679012765566567
2021-05-25,3.1106094198889784,-0.21275639556263348,1.7396560921400257,-0.021445421484721443,0.015749891752060492,-0.34323466040265804
2021-05-26,0.039753472600763166,0.18749737128450622,0.8786687078270363,0.021445421484720353,0.003937085376206237,1.0261897709687853
2021-05-27,0.33099736814139796,0.11647198427041133,-0.18123105805449544,0.005360636844957446,0.011810326175565173,-0.5775810228389667
2021-05-28,-0.3216774122739079,0.07685910772065212,0.038497459419952154,0.02679887460765118,0.011808931502235578,-0.8726751138237195
2021-05-31,0.19677723973122577,0.0,0.09400062913097817,0.010717539263260445,0.027548751625462713,0.7936549595736342
2021-06-01,0.1894493915579741,-0.049249657496948436,1.0788268359308506,0.037502344336017686,-0.007870297501301022,0.6827757617169684
2021-06-02,-0.9726917484396771,0.14458704850342236,-0.5798644765714553,0.016068128900961074,0.015739975635523828,-1.5561437585924276
2021-06-03,-0.6578923246138789,-0.3635298499241423,-1.1382519979700285,-0.032138840064524554,0.007869058864623716,-0.4529113909655861
2021-06-04,0.5122960555661022,0.87952943520972,-0.16560674213895699,-0.026790259222030936,0.00786843969247216,-1.23591041188659
2021-06-07,-0.08807087959255326,-0.07970285684825064,-0.453407374197948,-0.02143737614727527,0.035400318972564196,0.7004338981206064
2021-06-08,-0.8660703096580333,0.017506961427659565,-0.02049726368706007,-0.010720411674068864,0.03145643309991006,0.5888667980027416
2021-06-09,0.08277734180943219,-0.1825541746812573,-0.13472637203603952,-0.06434661597966916,-0.00786318066062848,-0.08009611962045735
2021-06-10,0.6664867062356995,0.4641367023082649,-0.01304767395748166,0.04826384327498722,0.015725743073773283,-0.2406740030565088
2021-06-11,-0.8910567076980908,0.1946594193743096,0.35862556304635534,-0.00536149907643463,-0.003931203931703549,0.7734403138352492
2021-06-14,0.0,0.18135655401930487,0.0,0.0,0.0,0.0
2021-06-15,-1.1190922313067906,-0.20137061101785225,-0.7084151485904564,-0.005361786548561434,0.05502279654616431,-1.6609007571827372
2021-06-16,-1.6799141037062326,-0.5404786783292966,-0.7067526308904061,0.042886244894473076,0.01571523988619034,-0.13515341968108793
2021-06-17,0.42036389486015036,-0.043573191809956224,0.4272278854126216,0.04286786047855397,0.023568230135013447,-1.6912568969012303
2021-06-18,0.011236375575712845,-1.321143494825587,0.8461716887110184,0.005357190690469242,0.011782032414214305,-1.0786994376108732
2021-06-21,-0.23703486958912612,1.3905201143734751,-1.0901435533172286,0.03213711864831617,0.031411968218093084,0.08339124875197608
2021-06-22,0.6222348407515434,0.5111429423335091,-0.6311426340586217,0.026773045058328535,0.01962747067086997,0.33287131984271123
2021-06-23,0.49146351366335017,-0.10838474815418404,1.7761298374915264,0.016060387089839326,0.019623619050782984,0.13837002346092805
2021-06-24,0.16654752730112407,0.5794337776572367,0.2266570559386962,0.005352889223222569,0.011772323281582536,-0.5268277816443264
2021-06-25,1.6159464174880651,0.33250724723028174,1.395089694616094,0.048163113338390844,0.015694275545218486,-0.05561735404768559
2021-06-28,0.22478669035597412,0.231236635141237,-0.06803683268205733,0.010699764615401074,0.047068053428271556,0.11120379238835404
2021-06-29,-1.1724729714395394,0.027731138634168956,-0.9412658059548593,-0.09633912113136536,0.0,-0.33398305467480766
2021-06-30,0.6432635365788018,0.1327232914611209,-0.5746958376378167,0.058884935188288495,0.003921337961024117,-0.952388151125559
2021-07-01,0.10758291791815774,0.5208054995811113,0.0,-0.02676158123393783,0.01960438360293328,1.2307847674596772
2021-07-02,-2.881591084345226,0.7472118231364167,-1.8115467874980393,-0.010706638125866428,0.015680740163077172,0.138908204027741
2021-07-05,0.09196895641789991,0.0,-0.5913512699465436,0.005353462353060147,0.03135410568503709,0.33259454162724117
2021-07-06,-0.052869060271090146,-0.20239476634912454,-0.2513148741031703,0.02141098391650272,0.0156733670631578,0.9363880042048384
2021-07-07,1.1226228576722805,0.33533824363036074,-0.4006181665540105,0.026757284830373897,0.007835762423697856,-0.13715541856582505
2021-07-08,-1.0213129053200676,-0.8597867216573877,-2.9304766468523518,0.07488233126975637,0.01566968311271807,-0.0549148833130239
2021-07-09,-0.3705668618403645,1.1214829918570923,0.7024549382825356,0.010692899924659794,0.01566722810771801,0.21947882610142597
2021-07-12,1.2403962474664831,0.34452147239393166,0.6223158419562921,0.06947599349552341,0.03524229111365053,-0.19201761488944571
2021-07-13,0.1827830302187363,-0.35230289676471216,1.6156836883202654,0.0801046743857031,0.01565925465148801,0.5203352832682892
2021-07-14,-1.1543040254654557,0.11642922750682311,-0.6312030078773135,0.09070779374979959,0.007828707875766677,-0.027318672482422233
2021-07-15,1.3362333295396704,-0.3267568936996537,0.7486447222576036,0.01599872013651075,0.027395652090031523,0.8163310639160836
2021-07-16,-1.1065621040815303,-0.7567500391698109,0.0300352049857021,0.058640084842662435,0.007825950857024273,-0.18988205895075475
2021-07-19,0.3667972364650927,-1.5996800327963308,-1.8557339830553976,0.047952687601362606,-0.007825950857017207,-0.9000469868528042
2021-07-20,-0.08804901559389637,1.50488474881451,-0.8421386184405308,0.026630449413066432,-0.007826563360026935,0.7370034724734911
2021-07-21,0.6836771750779328,0.8208068658883821,-0.12726713477946924,0.03727071895764196,0.03521471228800787,-0.3541755507251113
2021-07-22,0.1497485490911058,0.20146302382427883,1.8172451163312473,0.04789909349410412,0.0,-0.7396280807031904
2021-07-23,-1.2210604347853415,1.0094319060166315,-1.460118641190038,0.015961267358516128,0.007823807851257527,0.466329195096301
2021-07-26,-3.2741204975879152,0.23794199422129486,-4.222526842906386,-0.010640561831712634,0.050839836061122703,0.16406894574600178
2021-07-27,-3.596398253921202,-0.47236186726493745,-4.313917553471268,0.04787361457427308,0.0,-0.8230499136515591
2021-07-28,0.19280487567601368,-0.01863191743724431,1.5326550980650453,0.01595277980569678,0.023455824970709596,1.0141240812429464
2021-07-29,1.8686272244641713,0.41973850116203165,3.249766562554885,0.015950235299779385,0.003908769324475818,0.3267087033448267
2021-07-30,-0.8095128046081285,-0.5420682382193263,-1.3554711622546223,0.05846243954881008,0.0,0.27144424919013577
2021-08-02,2.5156316535476435,-0.18445946098472468,1.0528322815083253,0.1274359010671767,0.03907929238057932,-1.0902261160228042
2021-08-03,0.014638949727404576,0.8170019032652822,-0.1563208992949878,-0.021228042323513732,0.01562744181957065,0.05479452191892126
2021-08-04,0.8955619000572519,-0.46432082296428795,0.8807505315080929,0.03714611733126093,0.01562500003178178,0.1915447295174259
2021-08-05,-0.6079604659089128,0.5987499431547569,-0.8430784230600313,0.06894905998576815,0.023432923364405753,-0.13678021555284905
2021-08-06,-0.5492405832303928,0.167388219492745,-0.09655604197699799,0.026506215862771257,-0.003905105926488442,-0.6040655380946766
2021-08-09,1.291976728022408,-0.09403678951865313,0.39647192384426583,-0.037110669743331694,0.03904419852818296,-2.6794793083662602
2021-08-10,1.1484214595109172,0.09922089864754614,1.2184910467690486,0.010604453880562623,0.027321871327811803,-0.3400399989435545
2021-08-11,-0.5529154915563814,0.2464982197991973,0.2047844565881493,0.005301805265938672,0.023412806912272537,-0.08519097490949178
2021-08-12,-0.8407497086092142,0.2947738741945439,-0.53533564056596,0.021204410596839748,0.0,0.9049835519917856
2021-08-13,-0.5518126518865005,0.1606033834479566,-0.47704243071613567,0.0,0.03900916764893756,0.25305791657170335
2021-08-16,-0.09942905429570183,0.2617430981866714,-0.7995008831667677,0.005300400181458657,0.035095244954593145,0.8110798204546867
2021-08-17,-2.120333204675759,-0.7085769790768185,-1.6777300791796421,0.037094936966529074,0.007797270959098335,1.0529329752702814
2021-08-18,1.1680587379225442,-1.0806639720144597,0.4694185732207658,0.047673280029966965,0.007796663032162505,-0.05514199202308797
2021-08-19,-0.6580129731906379,0.12559520255743906,-2.151876956611626,0.010590976497932267,0.03507746308988446,-0.3314920162622523
2021-08-20,-1.9285754742048165,0.8108577149077302,-1.8603157189211283,0.0423526926760791,0.011689753943973036,0.38663400828534805
2021-08-23,1.3869954261612503,0.8487698356534068,1.0403360006550781,0.015877636382563953,0.04285074372652277,-0.193130146938605
2021-08-24,1.080030050261719,0.14945751943348515,2.432693865891045,0.005291985289512611,0.031152648227014933,0.7702926670806379
2021-08-25,0.19960059137252598,0.22176660815180893,-0.13212279110667718,0.015874275769508076,0.02725060844116968,-0.7979131616630876
2021-08-26,-1.9907899364672392,-0.5841962859469615,-1.0888855776321784,-0.005291145269619616,0.015568442797948799,-0.24892835423589804
2021-08-27,0.5282973630273834,0.876904555289769,-0.030694414133114772,0.03703213902921833,0.023348120582366974,1.0468415158989854
2021-08-30,-0.28573778701406793,0.4297341469056862,0.5168083768733605,0.026443134194343205,0.03112234998860487,0.2736728582759121
2021-08-31,-0.15927844947090822,-0.13500571571324227,1.3203603117040243,0.0,0.015557543495279543,-0.027333606839574042
2021-09-01,1.3198816371313427,0.03117134648978685,0.5752580821870042,0.03172253383901906,0.015555123500157097,-0.19154472951741439
2021-09-02,-0.0009734188874249115,0.2838528167776818,0.23845570054131046,-0.01586000902058581,0.003888402839011085,0.16420364937443893
2021-09-03,-0.5425798916923169,-0.03350829692366939,-0.724878069257497,0.01586000902057508,-0.015554518619015202,-0.10943913540987536
2021-09-06,1.854727615262288,0.0,1.0050478699658538,0.03171247383871497,-0.011667476921344582,0.6548454505989518
2021-09-07,1.190823903338366,-0.3401266163481994,0.7235747979618564,-0.010569707228945228,0.01555633340358227,-0.3814718522457722
2021-09-08,-0.41539606827641284,-0.13194454045593487,-0.12415862306467092,-0.005285272589177858,0.0,-1.1808457958997598
2021-09-09,-0.04262862557105811,-0.46162382762889204,-2.3251073899937453,0.005285272589175768,-0.01166702317226031,-0.38749010565542286
2021-09-10,0.8716126016851936,-0.7752617623130542,1.8871591569039516,0.015854141927775293,0.015555728428349546,0.6633523495633877
2021-09-13,-0.43701624717327126,0.2273922239413449,-1.5075337809669684,0.05811035848563396,0.0038885540416660706,-0.5801922616107831
2021-09-14,-1.5037005911300896,-0.5763174377801672,-1.2143720717651554,0.00528108579246742,-0.011666115780003374,0.19377168692786356
2021-09-15,-1.0188263271322358,0.8438206673245678,-1.8562555995630035,0.010561334962536842,0.0,0.3588685701003147
2021-09-16,-1.2324868843624044,-0.15523011230354106,-1.4702566967161828,0.0,0.0,-0.9135011621559466
2021-09-17,0.9984397338931174,-0.9152683146433817,1.0200414688138955,0.010560219662391634,0.01555451861902712,-0.9499931741903958
2021-09-20,0.0,-1.712302037376946,-3.352503583391131,0.0,0.0,0.0
2021-09-21,0.0,-0.08126796836591718,0.5066164706015867,0.0,0.0,0.0
2021-09-22,-0.7062176930244656,0.9474540664091249,0.0,0.042229730357299294,0.06607972564706903,1.2831417332907376
2021-09-23,0.6496833092983483,1.2061715863250257,1.1878860502215745,0.026384528265777637,0.015541826973032932,-0.9468185463141016
2021-09-24,-0.07766971949922549,0.1459942804959862,-1.3092566688960294,0.005276070384006564,0.015539411864549746,-0.33632318697664365
2021-09-27,0.5745401168918581,-0.27802175328761425,0.0686763548527304,0.010551305733887373,0.046603752445491566,0.0
2021-09-28,0.13232394373443024,-2.0574321587474436,1.1973658510939782,-0.005275513704360428,0.007765180932621005,-0.8174816490461694
2021-09-29,-1.0269930232940807,0.1567936373304978,0.6635382125139904,0.01582570625517435,0.011646640927823262,-0.22669321127762287
2021-09-30,0.6691460119414324,-1.1981220973814677,-0.3568709496000059,0.015823202121687596,0.015526744849128554,-0.36947604913616877
2021-10-01,0.0,1.1425952216359554,0.0,0.0,0.0,0.0
2021-10-04,0.0,-1.3070933999937524,-2.2187608490968387,0.0,0.0,0.0
2021-10-05,0.0,1.0469458977261836,0.28159249126548314,0.0,0.0,0.0
2021-10-06,0.0,0.4094493547635241,-0.5727420159531645,0.0,0.0,0.0
2021-10-07,0.0,0.826404773501655,3.0216676984414335,0.0,0.0,0.0
2021-10-08,1.2976131673548779,-0.1915574290979084,0.5495417706978434,0.08961754995000774,0.06984053362688705,1.216938748233403
2021-10-11,0.12671430694210561,-0.6889463790468167,1.9426904555005078,-0.03689161811584632,0.02714704016981911,-0.4228336109521176
2021-10-12,-1.0662982290104397,-0.24196966754627294,-1.4417299785478355,0.0,0.0038775470642043947,0.5633817718256064
2021-10-13,1.1456214558820854,0.3017978181310264,0.0,0.010541851158815622,0.0,-0.08430518976210055
2021-10-14,-0.5378001533710975,1.6919170336133043,0.0,0.0,0.015508684894614985,1.2849338799638053
2021-10-15,0.37571900162288,0.7432441620921372,1.4649058875508931,0.0105407399697085,0.003876795441361567,-0.16666670524693403
2021-10-18,-1.1692552893949726,0.336912271696709,0.3105595618415457,-0.07380852296269573,0.03488439733820783,-1.3152561226162505
2021-10-19,0.9787862236965015,0.7366160006043284,1.4745673938061468,0.0,0.007750435965885776,0.3374581380145565
2021-10-20,-0.25503354757667274,0.36573205869523145,1.3435806950982003,0.03691107110377565,0.007749835319876103,-0.28113597375462573
2021-10-21,0.3624853969590148,0.299142747209858,-0.45438979272526614,0.015814860730397187,0.0,0.5054770661624054
2021-10-22,0.6413984490404525,-0.10731549583585974,0.41960415551320895,0.01581236002768462,0.011623626972173381,0.41928782600359576
2021-10-25,0.39838274267251367,0.47369422309476855,0.019518184120734045,0.0,0.030989734898395484,-0.27932979056126
2021-10-26,-0.3303980601285361,0.1818128616510003,-0.35943861141380273,0.0,0.007745933388846252,0.33510224041746195
2021-10-27,-1.316970043948072,-0.5064400451443849,-1.5853000853221337,0.005270231100851524,0.007745333440486257,-0.6994013682675674
2021-10-28,-0.6971006715064444,0.978134404008955,-0.28528203776065914,-0.010540739969710649,0.003872441768632325,0.9499931741903929
2021-10-29,0.9133905658576713,0.194744568057697,-0.7008848322699041,0.03161888727861411,0.0,-0.4459316196764876
2021-11-01,-0.3691025707633719,0.17984504334932694,-0.8823058149161218,0.04214297064955184,0.02323150202109359,-0.5040615545139051
2021-11-02,-1.0449555867797935,0.3673611276116367,-0.21749525378229492,0.026330340603406742,-0.007743234352872679,0.6436289184113803
2021-11-03,-0.38782539488679496,0.6440511240473569,-0.29893634995578255,-0.015797372403246517,0.007743234352878162,-0.7278867523527988
2021-11-04,0.983098085796393,0.4173172106260179,0.7977763280020927,0.06843726412782401,-0.015487068328936118,-0.36593988760396123
2021-11-05,-0.5436294228423467,0.37259083006282606,-1.416033418186016,0.01578656566543578,-0.011616875460786933,1.233199484817142
2021-11-08,0.12040009234010089,0.08873067844048929,-0.43010663013577216,0.07363770583117923,0.019360709436847156,1.0253657800577787
2021-11-09,-0.029605183605047672,-0.35048693855752433,0.19912506150926665,0.005257761772031629,0.003871692123536867,0.3028219795165338
2021-11-10,-0.5285917721553265,-0.8259833757375561,0.7348464394004213,-0.04206983654812008,0.01161417705182404,-0.08249691104478912
2021-11-11,1.593894485071449,0.05507757255752215,1.0025135645115895,0.0630981196662952,0.0232243082135345,1.4204008266524841
2021-11-12,-0.21003319880953353,0.7196680911038463,0.3162770085659209,0.005256379932337716,0.0,0.02711864423400564
2021-11-15,-0.12275821522954919,-0.0010677315509449458,0.24819172784865212,0.021022757212021882,0.042563894851979214,-0.18998512974633958
2021-11-16,0.019310447117343,0.38577581225869606,1.2635799018283866,0.0,0.0,0.4337225557610731
2021-11-17,0.049826622282099206,-0.26050195943357246,-0.24803444545420691,0.05253756556696525,-0.003868696443210521,-0.32511543131949777
2021-11-18,-0.9901151325949786,0.3379039774514253,-1.2963151757283233,-0.005252514642583845,-0.0038688461171232907,0.4872776290175598
2021-11-19,1.0781507928948286,-0.13996279870592404,-1.071090883764727,0.03151095031587417,0.007737542560332771,-0.216274753131059
2021-11-22,0.4558355078732283,-0.32022541195681503,-0.3945101755200537,0.06823968139666203,0.03481153457320581,-0.8698070603487736
2021-11-23,0.019269786297804743,0.1655707232782677,-1.2086532372531662,0.010494280626690049,0.003867200340785079,-1.7626454699783518
2021-11-24,0.06738960147175843,0.22912737234973743,0.1375030923776087,0.04196611298016309,0.003867050794220061,-0.5293228684284774
2021-11-25,-0.4120273844247433,0.0,0.2211807481517734,0.015732753002011154,0.01160025521861709,-0.055881532608154746
2021-11-26,-0.7444270840791316,-2.2987044973283766,-2.7024619311084126,0.026215755819300923,0.0115989097154926,0.5018131522846553
2021-11-29,-0.17924024029635618,1.3113857392683799,-0.9525081632302358,0.01048437828598383,0.015463120488506395,-0.418002559307818
2021-11-30,-0.4006222564540432,-1.9143376992336782,-1.5931032614195477,0.005241776963591398,0.0038654065446172307,-0.30764952247480293
2021-12-01,0.24442241022921174,-1.1885550113429817,0.7793110202022863,0.01572368251883652,0.011595323232645111,-0.28050509276086094
2021-12-02,0.25385544003973576,1.409462571569703,0.5480135574964745,0.020961064898834668,-0.003864958355546222,-0.4786718980604095
2021-12-03,0.9194216705463766,-0.8484472537634198,-0.09353259034941543,0.0,0.003864958355557771,-0.226052653479886
2021-12-06,-0.17147053453223632,1.1662655055923081,-1.7714589218982766,0.04190895341344627,0.03477790478856912,0.6766307179519646
2021-12-07,0.6007442179166063,2.049558617174563,2.6802333842491497,-0.057629340167326806,0.03476581396679018,-0.22503525671048225
2021-12-08,1.4887967468882464,0.3080543895616996,0.055064003393789834,-0.010481630951362356,0.019309119757239104,0.14070636907072864
2021-12-09,1.6429833085919086,-0.7207038387208449,1.0693604498463756,0.015722034463648806,0.015444611791749595,-0.3944778291016452
2021-12-10,-0.46523368404896154,0.9503806818878938,-1.0741528563417142,0.020958868297823667,0.019302410931051492,-0.1978240012105596
2021-12-13,0.5658113973555905,-0.9178200213042893,-0.17159438040887948,0.010477787100935802,0.0038600351268039913,0.5923018303122072
2021-12-14,-0.6731246309327015,-0.7498643121874399,-1.33906792432134,0.005238481889164674,0.0,0.0
2021-12-15,-0.8710867839850397,1.6216212899904034,-0.9146049524308703,0.020951183818512395,-0.0038600351267913413,-0.9607307577643794
2021-12-16,0.5743280214357276,-0.8781825842753357,0.23345155823049202,0.015710507743565878,0.01543924659543449,0.848181505590935
2021-12-17,-1.6011606704812265,-1.0341010906645294,-1.2122768332125393,0.005236287473384973,0.007718729500940486,1.2589339583563195
2021-12-20,-1.5117879548551518,-1.14533730102018,-1.949536998582202,0.010471752457338102,0.0347269117760697,-0.22265525480167134
2021-12-21,0.6752696104045923,1.7621763861808752,0.9907730831490748,0.08896564942970397,0.011572957868076009,-0.6429092724521569
2021-12-22,0.01972132578590958,1.0128711352276767,0.5686561606430888,-0.010462439850508288,0.007714561238147556,-0.252702647463051
2021-12-23,0.6952036128708292,0.6204416895324275,0.394462491655746,0.03138403624463395,0.015427337272208613,1.0348295395049214
2021-12-24,-0.555092963658456,0.0,0.12977893732731735,0.026145841652838574,0.0,0.0834376352119583
2021-12-27,-0.041076477423087024,1.3744072068897222,0.0,0.041819132862476335,0.034702809347843006,-0.02780481041130355
2021-12-28,0.742069849461029,-0.10106980314378652,0.24427850249069422,0.015677667195237086,0.011564927442983321,0.3054285312028152
2021-12-29,-1.4733618146385177,0.1400921580224578,-0.8368913837959757,0.0313479626391607,0.011563590122157586,-0.4445686677456156
2021-12-30,0.7757414474152083,-0.2994217530076943,0.11026321207279874,0.07310705286444617,0.011562253110608543,-0.446553909797481
2021-12-31,0.38253182898282034,-0.26296753415458013,1.2284048916890837,0.0,0.026973392838333325,1.0019566149349715
2022-01-03,0.0,0.6353848835552743,-0.5267362789514017,0.0,0.0,0.0
2022-01-04,-0.4586675142669136,-0.06298161854054529,0.06481320045228844,0.04696918386065752,0.04237206588694561,-0.6947367112379681
2022-01-05,-1.014635331807042,-1.9583272775802296,-1.6563759630019177,0.015651493445278847,0.015403573659524125,0.47294565830152385
2022-01-06,-1.0300852400832543,-0.09641755290858113,0.7203580685055145,-0.015651493445283427,0.007700897158331068,-0.6124740749660543
2022-01-07,0.08582660733904354,-0.40584367372055774,1.806164431051367,-0.005217708905195878,-0.0038503744494147547,-0.5319906148825753
2022-01-10,0.4484855776462298,-0.14421248375173315,1.0718156320192291,0.052164842080154476,0.04234596717947088,0.19632596405534053
2022-01-11,-0.9598180001148815,0.9118332112991406,-0.03150428787618345,0.01042970380586814,0.011545788686408116,0.6980343853343935
2022-01-12,0.991472480091817,0.28137340560308904,2.755026999256729,0.020856144817247246,0.0038483000139395273,0.49958471933716697
2022-01-13,-1.6576276804004233,-1.4345962458906216,0.11304078002632958,0.00521335662083191,0.003848151925501461,0.16597514183642492
2022-01-14,-0.8256412974016464,0.08195772127140057,-0.1903178594942581,0.06774891470015226,0.011543567359905875,0.0
2022-01-17,0.8541123391974051,0.0,-0.6801894896828719,0.05208333451071705,0.03077633324285926,-0.4432140219339035
2022-01-18,0.9617611130420469,-1.8559054584436703,-0.4355406680701639,0.020825740690667012,0.011538683449016325,-0.16671301443903833
2022-01-19,-0.6873019128805734,-0.9736769104655738,0.06247845639752262,0.07285595659483377,0.01922818088106824,-0.11129661694207194
2022-01-20,0.8981985673519537,-1.1098789654240206,3.36012311761149,0.015605087290106411,0.0461325550239173,1.3274531208696108
2022-01-21,-0.9204628816751045,-1.9095986358635348,0.052886841424311014,0.036402402960562505,0.026900832166526365,-0.10995053334168876
2022-01-24,0.1552051267918045,0.2767918007616829,-1.2457939432934122,0.11951468075408926,0.03841721138299733,-0.16515280384730646
2022-01-25,-2.2882021063491265,-1.2246661962160472,-1.6885857614873692,0.015578346130419512,0.011522286034290974,0.11013216972199977
2022-01-26,0.7211331036815009,-0.14977525030699157,0.19075485797933614,-0.005192512398282859,0.02304058994103482,0.16497116746699356
2022-01-27,-1.9810451513431557,-0.5398540617999041,-2.008097100469149,0.05710281256727982,0.01919643720020988,-1.801850550267825
2022-01-28,-1.221849856143308,2.4055891707799004,-1.0850437596113915,-0.015570260833325418,0.015354496978454589,-0.2801122279711779
2022-01-31,0.0,1.8709891511396817,1.065131666814045,0.0,0.0,0.0
2022-02-01,0.0,0.6839508503304335,0.0,0.0,0.0,0.0
2022-02-02,0.0,0.9378434574517934,0.0,0.0,0.0,0.0
2022-02-03,0.0,-2.469348416817584,0.0,0.0,0.0,0.0
2022-02-04,0.0,0.5143713090857854,3.1879546550368176,0.0,0.0,0.0
2022-02-07,1.5290351335136536,-0.3708654800609762,0.02547157004088394,0.08819944020360966,0.11508364013757255,0.6709558299210867
2022-02-08,-0.5478186545120942,0.8366130962778838,-1.0225601603030856,0.01037129227230207,0.011501083031342348,0.5279990034907044
2022-02-09,0.9348686351121225,1.441281239835631,2.0363001981227,-0.00518551168152737,0.015332720054552433,0.44247859803556355
2022-02-10,-0.2625593535934055,-1.8281803510329602,0.379304049178316,0.020740433549399594,0.019162594673943018,0.22050725583139755
2022-02-11,-0.8325148590440901,-1.9151696234065794,-0.07099996866660153,-0.031112263668126906,0.0229902675547106,-0.5245008573543687
2022-02-14,-1.0861474353252425,-0.3847942065319174,-1.4155802041086967,0.00518604952794994,0.015323909159218125,1.5653209900975615
2022-02-15,1.0580476620794905,1.5643739212372925,-0.8213116586990458,0.02074150901913729,0.007661074086326523,1.0300985637129858
2022-02-16,0.3880808053772902,0.08808327792157024,1.4801814259119364,0.015553308997843593,0.007660487210730896,-1.3302761666539094
2022-02-17,0.24170907501377373,-2.140050300402348,0.29839451915515824,0.005183898811462338,0.015319214154278617,0.8978430603535963
2022-02-18,0.47564630718757006,-0.7192042117620436,-1.8936048525981661,0.010366991508355943,0.02297442191143425,0.8898535190917144
2022-02-21,-0.36447424040068815,0.0,-0.6500939019647917,0.046638166410848426,0.03062435425686993,-0.21499605164077795
2022-02-22,-1.3066725937621202,-1.0194654042815754,-2.7263967833026457,-0.025907407072553772,0.015308660904805626,1.2565330408018027
2022-02-23,1.0632423969487506,-1.858379019433392,0.5946569769316098,0.01554524966211338,0.007653451710439549,-0.7734403138352511
2022-02-24,-2.0482328369252953,1.484605971153555,-3.259266228902243,0.02590338053597655,-0.0038266526360696486,2.171695517831224
2022-02-25,0.9690736574295752,2.212614836475683,-0.5885005272090748,0.01553880820466892,0.0038266526360649588,-1.2124555486872683
2022-02-28,0.17959888173538047,-0.2445600339325641,-0.23816968967502755,-0.025899355250841163,0.007652866002064957,-0.6117853900044175
2022-03-01,0.8268480327382816,-1.5594426756135318,0.2141409904191585,0.0051804076992383345,0.0076522803832750775,0.10666667678024463
2022-03-02,-0.8933353282261444,1.847098344898933,-1.8525489989124653,-0.010361083778617263,-0.003826066994896746,1.297515886313346
2022-03-03,-0.5908390351454624,-0.5268565551901082,0.550845087051405,0.04143789554786919,0.0076519876075160365,-0.26343534729139295
2022-03-04,-1.2201266247817721,-0.7965657901416315,-2.5334538962699935,0.0,0.0,0.34233081489459655
2022-03-07,-3.246962373772898,-2.9962522550535007,-3.9465195404073268,0.005178529816555873,0.03825115756389975,2.1841741915048853
2022-03-08,-2.0280293911931238,-0.7260127998095253,-1.395219113209318,0.02071143796561328,-0.007649061081492423,1.8854061678166663
2022-03-09,-0.9195992239422945,2.537367234563523,-0.6675456099882475,-0.031068765784301983,-0.007649646207588008,1.701742768223239
2022-03-10,1.5610051975364503,-0.4301081899390585,1.264770410879233,0.005178798002129723,0.00764964620759513,-3.3302774873222543
2022-03-11,0.3182635215426298,-1.3046288284512193,-1.6237669476209515,0.005178529816555873,-0.011474688761644555,0.12818871131088946
2022-03-14,-3.107422743856468,-0.7448628397104685,-5.1008613444947795,0.05694613567291928,0.019123749843140147,-0.6168099740647773
2022-03-15,-4.681717083661809,2.1182551140656725,-5.886684454420299,-0.03105750840223681,0.003824311146420523,-1.9261397144180963
2022-03-16,4.233341308727715,2.2136998842954765,8.692783689148802,0.0,-0.0038243111464131728,-1.109947970234898
2022-03-17,1.9447067992112204,1.2272191404503483,6.8012411735922065,-0.010354646656945502,0.053527051555211015,1.2412677527309444
2022-03-18,0.6633946187459856,1.1594770446318643,-0.4139949329513502,0.041412155059183886,0.0038222646922980567,0.10493180396177548
2022-03-21,-0.16788498519847028,-0.043476799985616855,-0.8962914304341967,0.031047865708658147,0.030572859182612985,-0.20997383042696138
2022-03-22,-0.08106374468966272,1.1240769260246017,3.098974009674499,-0.020697506024420186,-0.0076423385593114845,0.6547096844554252
2022-03-23,0.49748969563544915,-1.234871315104348,1.2024658911812836,-0.041407868086487706,-0.015286429502006272,-0.7598621652274486
2022-03-24,-0.5912733407240969,1.4242030309045384,-0.9439065927754814,0.010353574580869229,0.0,1.1506403100350673
2022-03-25,-1.8213888293254143,0.5053402374178504,-2.496367883208912,0.025879247575916697,0.01146504119117421,0.7512015638722384
2022-03-28,-0.6273665406629653,0.7119559648821333,1.3000460427183769,0.0362196987376255,0.026746652051783375,-0.9854851540494928
2022-03-29,-0.34583817379454307,1.2182027285255537,1.1128091612664963,0.015518713012542665,0.007640586800775356,-0.7061622126205757
2022-03-30,2.8602647281738247,-0.6313610350948985,1.3786556391293268,0.01551630508168897,0.019098913329888913,-0.21019450723722333
2022-03-31,-0.743267097027041,-1.5776327279397289,-1.0634780556914443,0.005171566727291502,0.03055067617132101,-0.13159628165721476
2022-04-01,1.260464865647588,0.3404485526057287,0.19393053647690084,0.05686958922817867,-0.007636794077551891,0.4991472336374635
2022-04-04,0.0,0.805832262263298,2.077940395377181,0.0,0.0,0.0
2022-04-05,0.0,-1.2631155137050305,0.0,0.0,0.0,0.0
2022-04-06,-0.28845222103589074,-0.9764386222700547,-1.89221987509613,0.07233273371430259,0.08778794052223139,-0.3675509519802655
2022-04-07,-1.2921620088142112,0.4244352439511796,-1.237396027414269,0.03098373378775558,-0.007630675318484623,0.13142333341227724
2022-04-08,0.5134476259089511,-0.2654507487977465,0.28859256049731785,0.06193868268629393,0.015260768409305209,0.1837029777866989
2022-04-11,-3.1379156956962673,-1.7021333762949848,-3.081512269494057,-0.0206419651883834,0.03051455186357951,0.9394641121465482
2022-04-12,1.930059551012999,-0.34233936348681704,0.5212177218695967,0.051596925967998954,-0.0076277650685228765,0.5698021114637575
2022-04-13,-0.9672456165582057,1.1112682823133002,0.2587748993451469,-0.020635575805796162,0.0038139552627655,0.4895024588085956
2022-04-14,1.2442724453656957,-1.2218479951525796,0.6700971278191806,0.030951767077123285,0.011440993090679571,0.02569703213420678
2022-04-15,-0.06732920909509534,0.0,0.0,0.01031512714309043,0.007626601590032648,0.38466517491750063
2022-04-18,-0.5353082266565374,-0.020491150171664793,0.0,0.01547069595433163,0.03812428563143307,0.6124030366789639
2022-04-19,-0.7585053824646595,1.5930040161497565,-2.305004244400254,0.01031246778267316,0.007623113283146196,-0.8173736439263027
2022-04-20,-1.5626741925608205,-0.06187189576933424,-0.3959270813817567,-0.041256253485995355,0.011433580438165235,-1.264696170076742
2022-04-21,-1.858549625635768,-1.4862847316476122,-1.2609804749296478,0.05156765790842183,0.00762166076358435,1.2903404835907784
2022-04-22,0.435001970365872,-2.813199052103028,-0.21151613592824614,0.015465113312768971,0.011431402073908798,0.3838776307165667
2022-04-25,-5.068355592304823,0.5681687572860795,-3.7981392507355216,0.02576987515871796,0.038095238555959046,-0.5635260814447824
2022-04-26,-0.8104470811488438,-2.855002843027312,0.3284593340156645,0.01030609090883593,0.011425742209594332,-0.9290389402227787
2022-04-27,2.9017997540977136,0.20959051404105172,0.05842370995250705,0.04636426943421377,0.015232292489477032,0.025923525744661297
2022-04-28,0.6542780554855859,2.444564600458133,1.639963432328511,-0.015452368106158012,0.015229972615503433,-0.2075766183844531
2022-04-29,2.3972302145301865,-3.6959202326858716,3.9323765540223237,0.041201010007564515,0.011420957469347511,1.4440684154794428
2022-05-02,0.0,0.565927003737552,0.0,0.0,0.0,0.0
2022-05-03,0.0,0.4825441551572873,0.05925395183901479,0.0,0.0,0.0
2022-05-04,0.0,2.9425235047606604,-1.107288862650055,0.0,0.0,0.0
2022-05-05,-0.15027316517908443,-3.6300723991250603,-0.36540926415459524,0.03088962133292386,0.06849836632851318,-0.25634466741986117
2022-05-06,-2.560939988841187,-0.5690318260649576,-3.880535990992241,0.06175063233319634,0.007608034087650209,-0.23127339102025557
2022-05-09,-0.8060045395905031,-3.256155498687775,0.0,-0.005144429869691168,0.026623562009506316,0.436401668075982
2022-05-10,1.0883868197312554,0.24548671098168665,-1.8583300544178953,0.0462903441466307,0.007605430280888365,-0.6940009862054031
2022-05-11,1.4324614803433415,-1.6600202520523653,0.9675109291934906,0.015425354171002626,0.011407060983091404,-0.5690651673499184
2022-05-12,-0.44569037960675867,-0.12968422441889949,-2.266292733168308,0.01028224770841556,0.0038020645214786675,0.9809061613025829
2022-05-13,0.7514549462257705,2.3589314531626497,2.6398770606585353,-0.02056555277172179,0.011405326299747564,-1.0328002984297988
2022-05-16,-0.807099235976954,-0.3954237650276509,0.25817488212977596,0.005141784714620977,0.04560830150131774,-0.9911400907600287
2022-05-17,1.2397276884578639,1.9968898134440816,3.2173728814645903,0.02056449547115223,0.007599361657276576,0.7052399609944618
2022-05-18,-0.3497590270721969,-4.123376798543937,0.20248850465272492,0.02569967375560044,0.015196991025044241,-1.0728874339253165
2022-05-19,0.1924919545495968,-0.5850892213605512,-2.569014158030878,0.0,0.030387055348341994,0.36764747293086275
2022-05-20,1.9314574915760674,0.014611357151915558,2.9218062008427443,0.02569307072019799,0.007595321285723952,0.5750146528395017
2022-05-23,-0.5808849033170905,1.8385022946529015,-1.2002873097939895,0.06163644963739079,0.0379679555020652,0.052110475384535226
2022-05-24,-2.366929062488774,-0.8153945948249348,-1.7641706796155594,-0.03594997856040503,0.015183146736327856,0.20817077514975116
2022-05-25,0.6049702218299561,0.9406385602538605,0.2937690791670253,0.12320330100518143,0.022770398580327554,0.07795245295349125
2022-05-26,0.2473904009937255,1.9688139439344956,-0.2733854188373602,0.04103405884413227,0.018971372256255916,0.3629768050578731
2022-05-27,0.20650108508417628,2.4441095491293146,2.8480695311248754,0.04614319854233953,0.011381096011833874,0.43899360364976936
2022-05-30,0.6903640572861194,0.0,2.040036516686157,0.0051257079895339255,0.04171960692375391,-0.8539319583309122
2022-05-31,1.5393303587812266,-0.6294055196399692,1.3694429199050344,-0.010251678721363183,0.015166451837656173,-0.20811662038246231
2022-06-01,-0.20405417200374842,-0.7510923912143033,-0.563146446351514,0.015377123995552602,0.007582363426313951,-0.6531701863215125
2022-06-02,0.1563979052305937,1.8263262738202752,-1.0043723596538887,0.005125182585742745,0.018953393661863167,0.7572826371625692
2022-06-03,0.0,-1.6482457202400496,0.0,0.0,0.0,0.0
2022-06-06,1.8537355985963029,0.3132456264123724,2.6759814581764307,0.010249577213907585,0.04547349352679774,-0.31266309994319735
2022-06-07,0.31259860808895246,0.9478331934066118,-0.5660702238737916,0.020496003351116992,0.007576905595401421,-0.4184106522573985
2022-06-08,0.9687892711944179,-1.0852585537420805,2.2180540813725376,0.0,0.0037882375229399577,0.4705891037412714
2022-06-09,-1.0514674651401994,-2.4086469933734813,-0.6633020123643194,0.025614098139560715,-0.003788237522947114,0.26048464845931957
2022-06-10,1.504993254272511,-2.954242533536117,-0.2878979386024634,0.0,-0.011365573689582147,-0.3909818612888521
2022-06-13,-1.1779647453103594,-3.953987319895819,-3.445804988363848,0.010243802508458029,0.0303053263930136,1.606252150725899
2022-06-14,0.7836468093539762,-0.3780844063995452,0.0019460992221683251,-0.010243802508454298,0.0,-1.8677585759037374
2022-06-15,1.3153817785462498,1.4487056184644878,1.133761749201138,0.0,0.015149219844153296,-0.5513995853284981
2022-06-16,-0.6603091114422981,-3.3052215017083935,-2.1957704891473093,-0.010244851970839918,0.003786946396232621,0.2892075106372804
2022-06-17,1.3782732704676437,0.21984287507105163,1.0952764319853334,0.06145337418780723,0.0,0.732412376834833
2022-06-20,0.4951328234505022,0.0,0.4209868640671639,0.030712530953923095,0.018932581135336007,-0.41786428000524206
2022-06-21,-0.11245613115404184,2.418248850178457,1.8523356633797747,0.030703101254406825,0.01135782839540311,-0.15715037283426384
2022-06-22,-1.2783281528528276,-0.13023811491289689,-2.5901227422173987,0.0,0.0,-0.026215755819296478
2022-06-23,1.7007872553702612,0.94870490606574,1.2560057325076808,-0.051177073788424135,0.011356538539264714,0.1048218125328567
2022-06-24,1.1648200377687492,3.0105537080807645,2.0710656979205515,0.06140934638509962,0.011355248976019864,-0.6569462596793996
2022-06-27,1.119853253130678,-0.2977529930125207,2.3230919255843077,0.015346446049003962,0.02270663043360919,0.6045490879278145
2022-06-28,1.0353497362452435,-2.0348658383248717,0.8486340164351627,-0.0767557924340872,0.0037839371870892254,-0.4991472336374754
2022-06-29,-1.552108826980948,-0.07120065009618694,-1.9006395735520123,0.040943754090590236,0.0,-0.1845262155330277
2022-06-30,1.4294240989372302,-0.8797814830608449,-0.6252203614296826,0.025581335996860813,0.030266344056725212,-0.18486734434428417
2022-07-01,-0.4087015162388046,1.0498459915641862,0.0,0.02046035812764666,0.022693747969861854,-0.929498127471641
2022-07-04,0.6540963520296385,0.0,-0.13476726994145885,0.005114435495298803,0.026469531832904375,0.5056564333728238
2022-07-05,-0.14449839333698677,0.15829235665797978,0.10402116889504233,-0.010229132578487692,0.01134194061818739,-0.1328197831065352
2022-07-06,-1.4712430163867454,0.3566747349581468,-1.226588379574641,-0.03581020629135829,0.0075605791439751595,-1.9595312264300062
2022-07-07,0.43989751209381633,1.485371347119902,0.26333433676348983,0.0,0.0,-1.3097049421242248
2022-07-08,-0.33120360254251174,-0.08305563153684295,0.3790699167816486,0.015348801544550811,0.011339797029768207,-0.05494505632736383
2022-07-11,-1.6887784237041334,-1.159442997810581,-2.808027114044287,0.08182051082901151,0.018896804606581715,-0.05497526251707597
2022-07-12,-0.9459504788425098,-0.9286899019016758,-1.3317664463812489,0.02555518656417837,-0.0037790752607255993,0.05497526251708158
2022-07-13,0.18166136425214963,-0.4466859031662644,-0.2247214082023885,0.015329977801565125,0.003779075260721205,-0.6340476100092666
2022-07-14,0.014172440725910042,-0.30031001895847553,-0.22498659282684652,0.015327628079559272,0.011336368973160715,-0.08299903644269692
2022-07-15,-1.7163020676960457,1.9019223492515371,-2.20959937605943,0.03575533175622744,0.0,-0.6107736921557384
2022-07-18,1.0316896703351535,-0.8398790728860633,2.6662153560949817,0.0,0.030224035894463982,0.30585315098183824
2022-07-19,-0.5430029969549267,2.7253558019802915,-0.8919948781398457,0.010213461350931648,0.015108593041004629,-0.19452555807542118
2022-07-20,0.3381824464275989,0.587850371833506,1.1030337619210402,0.005106339521617844,0.0,0.0
2022-07-21,-1.1208023842099373,0.9813054238448902,-1.5222343455362022,0.02552778713476722,0.0,-0.8660481564447169
2022-07-22,0.05136240463570039,-0.937626992342271,0.16759033025492137,0.0,0.011329946950222089,1.6418902304377254
2022-07-25,-0.6056193831946438,0.13142512363463166,-0.22442402419777957,0.0663417645724891,0.045306955392564796,0.2205680519258397
2022-07-26,0.7881160974413862,-1.161033289574997,1.6540032642143692,0.02550434862965187,0.0,0.05506608068661296
2022-07-27,-0.49439533053763257,2.582003453356371,-1.1345150251537273,0.010199918409492371,0.01887184138158039,-0.2480365058331954
2022-07-28,0.0150898581695364,1.2060363275690102,-0.2293867818186195,-0.010199918409502738,0.011321395562777796,1.043105807158607
2022-07-29,-1.3238137096291935,1.4107749538291978,-2.2864127907707097,0.04589144205160658,0.0075468850267739855,1.2483201451289747
2022-08-01,0.4444794555351318,-0.28270386343187,0.04627706553068797,0.09171975165286932,0.041497689928725795,-0.05395198404406945
2022-08-02,-1.9686587879468702,-0.6684702509967414,-2.39193138361191,0.020370747676870186,0.0075431847361665935,0.7794690721612525
2022-08-03,-0.9799100416606756,1.5517460750035557,0.3947663675532214,0.005092038598738298,0.01885547285684186,-0.34866603647216354
2022-08-04,0.8462130144248199,-0.07776471390832698,2.0378195748374557,0.025456304391224288,0.011311577411551655,0.05372011947616347
2022-08-05,1.3410566060690658,-0.16270689959386672,0.13820100188594503,0.015270672702803835,0.007540340826963454,0.775716073806316
2022-08-08,-0.21279996507610083,-0.12383454103545306,-0.7760480473455114,0.0,0.03769317798116511,-0.5075475033352975
2022-08-09,0.19787430788460333,-0.42577821983481123,-0.21139001624698164,-0.005089965134831799,0.018841262420289318,0.4275794862788672
2022-08-10,-1.1263908664876134,2.1067154907856915,-1.9821784184718403,0.020358306259228156,0.015070454402734025,0.21310610089541127
2022-08-11,2.018680447144849,-0.07056718966173459,2.3762828858977185,0.015266010257875544,-0.003767400682345671,-0.4801289564833005
2022-08-12,-0.0570277182848478,1.717407440983608,0.46296413487260335,0.015263680102901706,0.0,0.4801289564832849
2022-08-15,-0.13066040170212304,0.3961629423932771,-0.6701755319137792,0.1067805760830137,0.030135232080979905,0.15953207318595544
2022-08-16,-0.18753839709140832,0.18739092755182557,-1.0551024385039374,0.08128016703511982,0.022595465939318757,-0.15953207318595475
2022-08-17,0.9320508819420451,-0.726407864047862,0.46250714789369785,0.09136128947331436,0.026354925699880377,-0.3465284022090795
2022-08-18,-0.8779083306508365,0.2266944033161183,-0.7989689322358331,-0.010147133443512354,0.022584409325501157,-0.4817996472061497
2022-08-19,-0.6968026242654508,-1.2983869381359623,0.046134071892023336,0.040582357377339624,0.018816445628962872,-0.02683483177246225
2022-08-22,0.7278233888484915,-2.1632427725287453,-0.5886396432104457,0.03549605777490002,0.05642810269166599,-0.26874512278045304
2022-08-23,-0.487007294530757,-0.2240309064050325,-0.7851373176867318,0.025346615095267932,0.011281800587354769,0.32240758717526846
2022-08-24,-1.908538134629194,0.2911907251337381,-1.2097024671857426,0.040541225913828645,0.011280527940659054,0.5350467552830946
2022-08-25,0.825020077551431,1.3993218645290095,3.566592877749387,-0.010133765716013097,0.011279255581107244,0.3196593025627273
2022-08-26,-0.2114379968170268,-3.4268526748985457,1.0048312652777684,0.0,0.022554695231331516,0.053177347703562285
2022-08-29,-0.4397922147476834,-0.668872350926395,-0.7305734992753395,0.005067011224530611,0.026307383130836075,-0.854249722311449
2022-08-30,-0.3362225284920983,-1.1089367791653617,-0.371207951476102,0.045591551155694396,0.015029683653464817,0.4814130720451717
2022-08-31,0.07471825661562694,-0.784776025709875,0.026864865378644028,-0.005064701563543187,0.011270780513465483,-0.7229915011690317
2022-09-01,-0.8642800635306411,0.29917276491103817,-1.8056857334138445,0.02025726736390643,0.02253775082788337,-0.6470769409990621
2022-09-02,-0.4989602600431504,-1.0794530441166155,-0.743779261513718,0.030378208931919868,0.018777579625170758,-0.08117981774466812
2022-09-05,-0.20367365603991064,0.0,-1.1706593652309267,0.035429584073003055,0.037544584634731135,0.9698351878675897
2022-09-06,0.9136191528958411,-0.410344720981454,-0.11954692260716902,0.010120433163174439,0.007507225708290585,0.4814130720451717
2022-09-07,0.06667601713317303,1.8174804228558856,-0.8284612224787544,0.0354134524228243,0.003753401520557775,-0.64240049613551
2022-09-08,-0.4275259704358225,0.6589013388980101,-1.0009867499390848,-0.01517565827330324,0.011259359354328093,0.7224111684929517
2022-09-09,1.3799320738442802,1.5155971507018435,2.656731740191673,0.03540628751487656,0.007505535335840623,-0.053333334597521785
2022-09-12,0.0,1.0528639881468727,0.0,0.0,0.0,0.0
2022-09-13,0.42236033944338086,-4.419911011958206,-0.1829455878958769,0.015170286494661523,0.045021385918415285,0.07998933902032636
2022-09-14,-1.1192105648596498,0.3381271704881856,-2.5136782320190854,-0.030342874714449266,0.0037508673885265536,-0.7490671729157514
2022-09-15,-0.9450921343383702,-1.1382294724738606,0.44089830717947326,0.020229606097399898,0.022502250319982927,-0.48452315516526984
2022-09-16,-2.3729344201284555,-0.7208044914246866,-0.8951014167945662,0.0,0.011249226627524775,-0.2972573463002989
2022-09-19,-0.11913724882571326,0.6833745439536254,-1.0486689688996549,0.04044693922373777,0.026243275311346258,0.324236976843016
2022-09-20,0.12304036077226527,-1.133612455307255,1.1537748155721945,0.020217336434790557,0.0074968138576399475,0.08089524507486935
2022-09-21,-0.7427083642582392,-1.7264673789774228,-1.8095354227898022,-0.025272309265399542,0.01873957616560513,0.32292816007152114
2022-09-22,-0.8848752286126995,-0.8463309268931809,-1.6215122373925848,0.020218358338203846,-0.0037476343062823217,-0.13442669049438477
2022-09-23,-0.3449108970984191,-1.7382826077567965,-1.1899959778510576,0.0,0.0112424816022827,0.4563153804415832
2022-09-26,-0.502916909361511,-1.0394376865970472,-0.4366224938295323,-0.005054206364333511,0.029973773173078817,-0.8876991715511926
2022-09-27,1.439225239211946,-0.21226109775338642,0.028951056397797135,-0.005054461827250726,0.0,0.2967761519935146
2022-09-28,-1.647107835755761,1.9481144387776417,-3.471777585163512,0.01010866819158584,-0.0037462303561355834,0.1077006027637966
2022-09-29,-0.04092032542780825,-2.135277627216209,-0.4940046511210796,-0.0758399308287368,0.007492320375125171,0.8040783070304621
2022-09-30,-0.5832830032521586,-1.5181392276394086,0.3312719125202581,0.06573126263715194,0.007491759068545815,-0.026698705271392453
2022-10-03,0.0,2.555462879740763,-0.8356329858609235,0.0,0.0,0.0
2022-10-04,0.0,3.012534086530393,0.0,0.0,0.0,0.0
2022-10-05,0.0,-0.20200133350643032,5.736757699182338,0.0,0.0,0.0
2022-10-06,0.0,-1.0297920383574248,-0.4200546230004782,0.0,0.0,0.0
2022-10-07,0.0,-2.8403167167490584,-1.5221734819377342,0.0,0.0,0.0
2022-10-10,-2.231046239879809,-0.752066754461965,-2.994727569097274,0.0858911256542333,0.10482573682739224,0.7448824012990695
2022-10-11,0.18124696783947003,-0.6540572639369859,-2.257429551649584,0.01009998990861053,-0.01122607444064823,-0.21225797303165284
2022-10-12,1.5074766835150348,-0.32961833504644217,-0.7832829991792781,0.005049612443303519,-0.003742304886036129,0.18575035193540268
2022-10-13,-0.8394261014007776,2.563429144689717,-1.8853304289420714,0.0,0.0074844697288384806,0.15894043081068362
2022-10-14,2.364697751985173,-2.394716377195182,1.2043764123095546,0.035340149301307994,-0.0037421648427920645,-0.07943863783298659
2022-10-17,0.10254027826726964,2.613555691190645,0.1518648002649217,0.04541899096521384,0.026192213578848145,-0.47796161091561656
2022-10-18,-0.2119855227317334,1.1362760181543907,1.7996469888072235,0.03531162545836264,-0.007482789587466638,0.23926636431287246
2022-10-19,-1.6214359109143681,-0.6694436704711701,-2.4132188194607105,0.015129737527919188,0.026187314266494125,-0.2658868888944218
2022-10-20,-0.5737707729671163,-0.7982718516093059,-1.4092909700677938,-0.05548689894940741,0.007480830375678848,-0.37343334941185574
2022-10-21,-0.3210002548556734,2.344776785243657,-0.42534474834630226,0.01513584423060564,0.01869962793189472,-0.13370773485510437
2022-10-24,-2.9697314594729707,1.1811917059798283,-6.567320103322608,0.005044772355707363,0.03365052096586367,1.249850068628487
2022-10-25,-0.1630420585316052,1.6135765325269211,-0.099517972194499,0.07564106157281937,0.007476356027551996,0.21119332031435514
2022-10-26,0.80854523840452,-0.7415138056792231,0.9978018214962244,0.010081153292482273,0.0037379684146022435,-0.15835316056441623
2022-10-27,-0.7068561846897027,-0.6101172384332341,0.7173087332562771,0.03023736353229782,0.007475517683084731,-0.23800090568112325
2022-10-28,-2.50457488477579,2.4328034575769397,-3.7301211276802153,0.010077089745013038,-0.011213486097689728,0.18516074593119855
2022-10-31,-0.9255654087809153,-0.7482306966126504,-1.1914829509406457,0.050370222190257,-0.007476356027545456,-0.37066497297124346
2022-11-01,3.5135062295113864,-0.41096940897468526,5.098593498660605,-0.010072014915105329,0.007476356027551996,0.026521681630072687
2022-11-02,1.1934504204356282,-2.53198028276198,2.377803792613202,0.0,-0.029908778449352944,0.26483066325757226
2022-11-03,-0.8165406510091902,-1.064240923898342,-3.129753446018767,0.02014301547750284,-0.007478592532366163,-0.26483066325758176
2022-11-04,3.2174550004190845,1.3526781457993704,5.217904618742128,-0.015106881213105975,0.007478592532359244,0.02651464949910422
2022-11-07,0.21538040745810905,0.9568061802673562,2.654668430316992,0.02517686762714172,0.02990877844936338,0.6079046076382193
2022-11-08,-0.6903231139061722,0.5582267593980096,-0.2328583313580331,0.01006897246986747,0.01495103538704952,0.21058180985294178
2022-11-09,-0.9393584571096609,-2.0996774887089926,-1.2078833614084419,0.005034106069684138,0.04857543299624053,2.1847422923963586
2022-11-10,-0.7724919156991288,5.395250428096393,-1.710792425846621,0.0,0.026146232290129853,-0.05146680504753984
2022-11-11,2.7496634988239665,0.919835904482699,7.4547701312163355,-0.0654631541367871,0.059737158287804334,0.6670111953766393
2022-11-14,0.14713969071710126,-0.8975957665021739,1.6829522214325594,-0.05038544974837816,0.1081827274293323,-0.9763695240761887
2022-11-15,1.8787914712990912,0.8675381307597811,4.023641051315686,-0.0403266463777306,0.0074565655093939975,0.5150668095703451
2022-11-16,-0.820295852199649,-0.8286297872085079,-0.4734486816187954,-0.02521241472650154,0.0037280742636679166,0.6145986055375552
2022-11-17,-0.410971158424564,-0.3094109623737159,-1.1614872845261637,-0.020174509575655766,-0.0037280742636663254,0.051046453380027584
2022-11-18,-0.44868521940259243,0.4747288330235593,-0.294798510860446,-0.010088781283782166,-0.003728213254226758,-0.07657945492304631
2022-11-21,-0.8570387905360253,-0.38912128014762937,-1.8886656021750436,0.020176544835170545,0.0,-0.5120338887975335
2022-11-22,0.011826973461562479,1.3488571921957369,-1.3198474848207096,0.00504350019020158,-0.007456843521613844,-0.07703171519700643
2022-11-23,0.10489055238472716,0.5897283130642713,0.5688430943493038,0.010086237337727039,0.007456843521614892,-0.051387462590209765
2022-11-24,-0.44408444670989017,0.0,0.779262888524938,0.030252609518283055,0.04472938795313822,0.4615392808401183
2022-11-25,0.503631651032515,-0.0283110944129042,-0.4956518658221076,-0.02520987231947044,0.04843427005510542,0.33201409633368906
2022-11-28,-1.1328898234774747,-1.5564652905563017,-1.5809218577232258,0.030251084227878776,0.026070278168553767,0.0
2022-11-29,3.0386165895360007,-0.15931188727940443,5.109128461511797,-0.05546731352658903,0.07817007973104795,-0.25529756015837296
2022-11-30,0.11982406481633548,3.047858758258928,2.1333941013249267,-0.03026787088638668,0.03348276598923773,-0.10230179920346257
2022-12-01,1.0772754997039926,-0.08680002702717911,0.7457645883565261,-0.020183671478350897,0.018596693561491413,0.2810785036958025
2022-12-02,-0.6134907117042016,-0.11953459028422096,-0.3265818304690867,0.04540753338533456,0.007437709189009465,0.5851689513034125
2022-12-05,1.9424967968233346,-1.805628360207544,4.414750221215242,0.015131263741570903,0.05204848061585505,-0.8918392657594955
2022-12-06,0.5387707585699159,-1.4503849921748773,-0.39584779099856165,0.005043245834081905,0.0,-1.1325732388789282
2022-12-07,-0.2461826550684833,-0.18640849162627043,-3.2748639613958868,-0.025218772988161248,-0.00743383883781692,-0.051786640204485146
2022-12-08,0.018664698149652586,0.7493612090724109,3.321403802267438,0.015132026963889246,-0.011151794521151873,0.3103183250515806
2022-12-09,0.981843215143076,-0.737668721482345,2.290455418044135,0.0,0.011151794521154085,0.3093583286995572
2022-12-12,-1.1268394049661412,1.4178262831053963,-2.221585352059184,0.030257186312538233,0.011150551034622331,-0.025743339053220342
2022-12-13,-0.19652816967299247,0.7263262233261697,0.6788074041579399,-0.025213686122341573,-0.018584942533096137,0.0
2022-12-14,0.2330061668831265,-0.6071158028413108,0.39343411334857614,-0.02017552715407298,-0.01115262366626347,1.0755545425190958
2022-12-15,-0.07328307132189436,-2.5237460791963953,-1.561732923172119,0.0,-0.04090359822763972,-0.8184188904261421
2022-12-16,0.05662633556637898,-1.1200267830704025,0.42288349813979376,0.005044263412492486,0.007438262425326581,-0.43752482612159344
2022-12-19,-1.5548374799046807,-0.9048278034291597,-0.5043888201248994,0.030260238278121115,0.01859323583439072,0.7196124602857233
2022-12-20,-1.662856788307226,0.1036747011419641,-1.342158189411467,-0.05548410018508985,0.01858977939285836,-0.025611474080317383
2022-12-21,0.039717708952655056,1.4758594440961796,0.34342996518692875,-0.05046681913823427,0.007434944241343529,0.9179054758996391
2022-12-22,0.1432088539194741,-1.4557129502374848,2.671291036387512,0.06560189976143391,0.0074343914984655035,-0.02538393210735838
2022-12-23,-0.20378265226173123,0.5850906388984781,-0.4387834790196608,-0.0050447723557098196,0.007433838837801429,-0.7389509991494357
2022-12-26,0.3980840032099933,0.0,0.0,0.11092624542857557,0.01858217974314607,0.10224949766100139
2022-12-27,1.1476864678682468,-0.4057826255056132,0.0,0.02015519506974822,0.0037160216276618885,0.1786854336309958
2022-12-28,-0.4276162425663309,-1.209346269904926,1.5489534458840948,-0.030234316178913787,0.0037158835446299576,0.17836671820249111
2022-12-29,-0.37690949823474673,1.7310618960093667,-0.7960173263253785,0.030234316178908652,-0.00371588354463048,-0.15286627180648601
2022-12-30,0.3864511450635922,-0.25439680351095256,0.203782468164968,0.015113730853228528,0.014862705782935437,0.5593708966234303
2023-01-03,0.4192371840768464,-0.40085443908070933,1.8227906392012148,0.04532749189944098,0.048288543552947774,0.050697086003474806
2023-01-04,0.12976738325117976,0.7510674075384772,3.1651167660507546,0.025173064953573864,0.025991868404716616,0.4046540675935648
2023-01-05,1.9241260364231842,-1.171390238451922,1.238196086931268,0.025166729716310392,0.018561484972079052,0.0
2023-01-06,0.30972164148969134,2.2583841176026542,-0.287937947680302,0.01006491873428794,0.025980292238857762,-0.6838066406992719
2023-01-09,0.8063783032646062,-0.07679298504944067,1.87216505002917,0.0,0.03710299834785472,1.011386623692876
2023-01-10,0.1084378267956015,0.6954020552451892,-0.26629353888549123,0.020126798900577367,-0.0037096804114568217,0.0
2023-01-11,-0.1854325223977014,1.2767544131228952,0.48911058187894474,-0.1409727350574278,0.025964873381643917,0.27634736843077085
2023-01-12,0.19527653292073785,0.34101315868827886,0.36344499805002295,0.13594141508957133,0.007417297140310624,-0.15064024942567203
2023-01-13,1.3966188302980416,0.3988850553225138,1.0383708123785367,0.005031319967844883,0.022248591014360546,0.17572491028717338
2023-01-16,1.5486051273287111,0.0,0.037069930594155164,0.005031066838784202,0.022243642117364515,0.5253295383345628
2023-01-17,-0.01745213250770172,-0.20325261125498278,-0.7805348234143354,-0.015093959929037235,0.014826346444751708,0.4729318086753537
2023-01-18,-0.16759248325780657,-1.5685001660276408,0.4640328062866259,0.00503157312239436,0.018529842364071264,-0.3233431495170721
2023-01-19,0.6201420206017175,-0.766766960752083,-0.12472023806006186,0.02515406880323355,0.02593601229826337,0.39781255844452024
2023-01-20,0.6121493109215216,1.874167155917249,1.8019223054895968,0.030176532945381498,0.022225514982580297,0.7416597655049398
2023-01-23,0.0,1.1811328415709266,0.0,0.0,0.0,0.0
2023-01-24,0.0,-0.07117296325210935,0.0,0.0,0.0,0.0
2023-01-25,0.0,-0.018174643434897733,0.0,0.0,0.0,0.0
2023-01-26,0.0,1.0947717569977038,2.3408971326228167,0.0,0.0,0.0
2023-01-27,0.0,0.24917027916841636,0.5396904716108921,0.0,0.0,0.0
2023-01-30,0.4728293031784344,-1.3053559781991078,-2.7668831717919806,0.06535126536468729,0.09625352438679934,-0.07391893893308633
2023-01-31,-1.0645259794948916,1.4536285322318165,-1.0357156224319495,0.015074998144185245,0.0037002090622329223,-0.7422102354993175
