,850531.SL,STIP.P,000300.SH,HSI.HK,SPX.GI,N225.GI,BRN0Y.ICE,CU00.SHF,CBA02001.CB,CBA00603.CB,
,黄金,美国国债0-5年期债券,沪深300,恒生指数,标普500,日经225,布伦特原油连续,沪铜连续,中债企业债总指数(总值)财富指数,中债国债总指数(总值)全价指数,
2013-01-02,--,76.4728,--,23311.98,1462.42,--,--,--,--,--,
2013-01-03,--,76.4282,--,23398.6,1459.37,--,--,--,--,--,
2013-01-04,7895.64,76.4134,2524.409,23331.09,1466.47,10688.11,111.4,57730,125.1711,116.911,
2013-01-05,--,--,--,--,--,--,--,--,125.2289,116.9875,
2013-01-06,--,--,--,--,--,--,--,--,125.2587,117.0297,
2013-01-07,7838.59,76.4579,2535.985,23329.75,1461.89,10599.01,110.59,57630,125.3129,117.0353,
2013-01-08,7838.94,76.4876,2525.33,23111.19,1457.15,10508.06,110.83,57660,125.3475,117.0995,
2013-01-09,7852.44,76.5544,2526.126,23218.47,1461.02,10578.57,110.8,57690,125.452,117.1521,
2013-01-10,7940.29,76.5321,2530.569,23354.31,1472.12,10652.64,110.99,58000,125.491,117.0715,
2013-01-11,7772.68,76.5024,2483.23,23264.07,1472.05,10801.57,109.84,57800,125.5006,117.0077,
2013-01-14,7921.7,76.5469,2577.725,23413.26,1470.68,--,111.14,57750,125.5621,117.0309,
2013-01-15,8044.69,76.5915,2595.856,23381.51,1472.34,10879.08,109.62,57150,125.6025,117.061,
2013-01-16,8208.97,76.5469,2577.092,23356.99,1472.63,10600.44,109.91,57650,125.641,117.0659,
2013-01-17,8022.45,76.5173,2552.758,23339.76,1480.94,10609.64,110.92,57420,125.6814,117.1141,
2013-01-18,8133.11,76.5395,2595.439,23601.78,1485.98,10913.3,111.67,57950,125.7831,117.2097,
2013-01-21,8096.47,--,2610.898,23590.91,--,10747.74,111.8,57840,125.9021,117.2504,
2013-01-22,7974.63,76.5692,2596.898,23658.99,1492.56,10709.93,112.46,58290,125.9446,117.2646,
2013-01-23,7938.07,76.5544,2607.456,23635.1,1494.81,10486.99,112.79,58170,126.0902,117.2543,
2013-01-24,7738.11,76.5544,2582.755,23598.9,1494.82,10620.87,113.36,58100,126.1563,117.1994,
2013-01-25,7753.7,76.4876,2571.674,23580.43,1502.96,10926.65,113.4,58260,126.2221,117.2104,
2013-01-28,7831.05,76.4876,2651.863,23671.88,1500.18,10824.31,113.4,58130,126.2817,117.1097,
2013-01-29,7950.53,76.495,2675.866,23655.17,1507.84,10866.72,114.2,58330,126.2923,117.0892,
2013-01-30,7869.39,76.5915,2688.711,23822.06,1501.96,11113.95,114.95,58620,126.3333,117.1008,
2013-01-31,7978.96,76.6582,2686.882,23729.53,1498.11,11138.66,115.6,58850,126.3718,117.1058,
2013-02-01,7929.32,76.6805,2743.324,23721.84,1513.17,11191.34,116.63,58970,126.3631,117.1548,
2013-02-04,8074.39,76.7102,2748.028,23685.01,1495.71,11260.35,115.49,59170,126.4329,117.1718,
2013-02-05,8100.88,76.6805,2771.675,23148.53,1511.29,11046.92,115.59,59010,126.4659,117.2206,
2013-02-06,8081.14,76.6953,2775.844,23256.93,1512.12,11463.75,115.97,58990,126.5397,117.2172,
2013-02-07,8204.12,76.6508,2759.87,23177,1509.39,11357.07,116.7,58900,126.5659,117.2336,
2013-02-08,8176.31,76.5915,2771.725,23215.16,1517.93,11153.16,117.81,58920,126.6067,117.2856,
2013-02-11,--,76.5766,--,--,1517.01,--,--,--,--,--,
2013-02-12,--,76.5766,--,--,1519.43,11369.12,--,--,--,--,
2013-02-13,--,76.5766,--,--,1520.33,11251.41,--,--,--,--,
2013-02-14,--,76.6434,--,23413.25,1521.38,11307.28,--,--,--,--,
2013-02-15,--,76.5915,--,23444.56,1519.79,11173.83,--,--,--,--,
2013-02-16,--,--,--,--,--,--,--,--,126.8088,117.256,
2013-02-17,--,--,--,--,--,--,--,--,126.8904,117.2606,
2013-02-18,7868.6,--,2737.471,23381.94,--,11407.87,117.4,58390,126.9522,117.1899,
2013-02-19,7769.4,76.5766,2685.606,23143.91,1530.94,11372.34,117.2,58430,127.0577,117.18,
2013-02-20,7814.79,76.5766,2702.635,23307.41,1511.95,11468.28,115.1,58340,127.147,117.3028,
2013-02-21,7500.41,76.5766,2610.549,22906.67,1502.42,11309.13,113.65,57410,127.3155,117.3087,
2013-02-22,7552.75,76.5544,2596.604,22782.44,1515.6,11385.94,114.3,57420,127.4567,117.2714,
2013-02-25,7545.05,76.6211,2604.96,22820.08,1487.85,11662.52,113.34,57050,127.5714,117.1601,
2013-02-26,7447,76.6063,2567.595,22519.69,1496.94,11398.81,112.99,56910,127.4848,117.1349,
2013-02-27,7509.49,76.5915,2594.677,22577.01,1515.99,11253.97,112,57250,127.4912,117.1659,
2013-02-28,7574.71,76.5989,2673.327,23020.27,1514.68,11559.36,111,57400,127.5198,116.8834,
2013-03-01,7531.73,76.6137,2668.836,22880.22,1518.2,11606.38,110.51,56590,127.5748,116.904,
2013-03-04,7349.73,76.6063,2545.715,22537.81,1525.2,11652.29,110.04,56260,127.6267,116.9818,
2013-03-05,7425.65,76.6285,2622.807,22560.5,1539.79,11683.45,110.94,56820,127.6863,117.0076,
2013-03-06,7450.39,76.5915,2650.202,22777.84,1541.46,11932.27,109.98,56580,127.7212,117.0132,
2013-03-07,7488.44,76.5321,2619.479,22771.44,1544.26,11968.08,110.07,56380,127.726,117.0019,
2013-03-08,7412.56,76.5989,2606.927,23091.95,1551.18,12283.62,110.25,56620,127.7389,116.9405,
2013-03-11,7408.8,76.5736,2592.372,23090.82,1556.22,12349.05,109.48,56410,127.829,116.9198,
2013-03-12,7301.57,76.6434,2555.615,22890.6,1552.48,12314.81,109.13,56330,127.8416,116.9287,
2013-03-13,7303.78,76.6656,2527.486,22556.65,1554.52,12239.66,108.18,56750,127.8352,116.9456,
2013-03-14,7196.25,76.7547,2534.273,22619.18,1563.23,12381.19,109.34,56580,127.7876,116.9384,
2013-03-15,7141.42,76.8066,2539.873,22533.11,1560.7,12560.95,110.05,56910,127.8031,116.9311,
2013-03-18,7098.4,76.7918,2502.493,22083.36,1552.1,12220.63,109.4,55380,127.8493,116.9068,
2013-03-19,7202.26,76.7621,2525.097,22041.86,1548.34,12468.23,107.46,55060,127.7989,116.9329,
2013-03-20,7311.57,76.7398,2610.174,22256.44,1558.71,--,108.58,55480,127.8029,116.974,
2013-03-21,7281.23,76.6953,2614.988,22225.88,1545.8,12635.69,107.2,55850,127.8144,116.9524,
2013-03-22,7321.72,76.7027,2618.308,22115.3,1556.89,12338.53,107.5,55700,127.8269,116.9485,
2013-03-25,7273.63,76.7324,2613.097,22251.15,1551.69,12546.46,108.18,55990,127.8725,116.9767,
2013-03-26,7160.96,76.7324,2575.05,22311.08,1563.77,12471.62,109.4,55800,127.8403,116.9888,
2013-03-27,7111.93,76.7465,2583.53,22464.82,1562.85,12493.79,109.84,55620,127.8768,117.0046,
2013-03-28,7150.88,76.7843,2499.302,22299.63,1569.19,12335.96,109.77,55410,127.9916,117.0731,
2013-03-29,7053.51,--,2495.083,--,--,12397.91,--,55000,128.0528,117.0984,
2013-04-01,6920.98,76.8066,2493.187,--,1562.17,12135.02,111.08,53860,128.1861,117.2237,
2013-04-02,6949.8,76.7851,2486.391,22367.82,1570.25,12003.43,110.53,54630,128.3658,117.3567,
2013-04-03,6887.85,76.7331,2483.547,22337.49,1553.69,12362.2,106.89,54200,128.4823,117.4424,
2013-04-04,--,76.7628,--,--,1559.98,12634.54,--,--,--,--,
2013-04-05,--,76.7109,--,21726.9,1553.28,12833.64,--,--,--,--,
2013-04-07,--,--,--,--,--,--,--,--,128.6526,117.5628,
2013-04-08,6984.75,76.6589,2472.299,21718.05,1563.07,13192.59,104.9,54760,128.7536,117.5036,
2013-04-09,6984.5,76.5887,2489.43,21870.34,1568.61,13192.35,106.15,55250,128.8878,117.5854,
2013-04-10,7005.58,76.5327,2485.309,22034.56,1587.73,13288.13,105.65,55300,128.9684,117.6664,
2013-04-11,6915.72,76.5847,2477.876,22101.27,1593.37,13549.16,104.41,55210,128.9559,117.6207,
2013-04-12,6896.47,76.5698,2462.112,22089.05,1588.85,13485.14,102.85,55300,129.0218,117.6618,
2013-04-15,6567.44,76.4436,2436.818,21772.67,1552.36,13275.66,99.31,53630,129.1765,117.7839,
2013-04-16,6459.82,76.4214,2459.592,21672.03,1574.57,13221.44,100.1,53150,129.2998,117.9977,
2013-04-17,6424.52,76.3323,2458.473,21569.67,1552.01,13382.89,97.37,52570,129.3357,117.9162,
2013-04-18,6402.68,76.1022,2464.851,21512.52,1541.61,13220.07,99.6,50830,129.2479,117.7804,
2013-04-19,6516.6,76.2209,2533.827,22013.57,1555.25,13316.48,99.53,51130,129.0339,117.7418,
2013-04-22,6511.73,76.2506,2530.67,22044.37,1562.5,13568.37,100.37,49800,128.7021,117.6333,
2013-04-23,6370.08,76.2283,2449.471,21806.61,1578.78,13529.65,100.31,49720,128.6824,117.7638,
2013-04-24,6420.95,76.3026,2495.579,22183.05,1578.79,13843.46,101.82,51010,128.6876,117.8238,
2013-04-25,6421.26,76.3991,2467.875,22401.24,1585.16,13926.08,103.11,51800,128.7492,117.8935,
2013-04-26,6447.64,76.451,2447.306,22547.71,1582.24,13884.13,102.85,52150,128.867,117.9205,
2013-04-27,--,--,--,--,--,--,--,--,128.9297,117.9576,
2013-04-28,--,--,--,--,--,--,--,--,128.94,117.9419,
2013-04-29,--,76.4214,--,22580.77,1593.61,--,--,--,--,--,
2013-04-30,--,76.3174,--,22737.01,1597.57,13860.86,--,--,--,--,
2013-05-01,--,76.2052,--,--,1582.7,13799.35,--,--,--,--,
2013-05-02,6328.58,76.2349,2449.639,22668.3,1597.59,13694.04,102.7,50270,129.0965,118.0749,
2013-05-03,6378.61,76.287,2492.912,22689.96,1614.42,--,103.71,51610,129.1607,118.1062,
2013-05-06,6442.02,76.339,2525.983,22915.09,1617.5,--,105.46,53310,129.2194,118.018,
2013-05-07,6446.07,76.3538,2529.938,23047.09,1625.96,14180.24,103.75,52820,129.3084,118.1241,
2013-05-08,6433.34,76.3315,2542.798,23244.35,1632.69,14285.69,104.02,53490,129.2846,118.045,
2013-05-09,6419.07,76.3093,2527.794,23211.48,1626.67,14191.48,104.1,53540,129.3777,118.0666,
2013-05-10,6420.37,76.2423,2540.836,23321.22,1633.7,14607.54,103.38,53900,129.4986,118.1151,
2013-05-13,6352.87,76.1683,2530.768,22989.81,1633.77,14782.21,102.64,54010,129.6292,118.1312,
2013-05-14,6291.35,76.1383,2493.338,22930.28,1650.34,14758.42,102.53,53420,129.6999,118.1348,
2013-05-15,6266.92,76.1309,2506.925,23044.24,1658.78,15096.03,103.65,52800,129.7767,118.1004,
2013-05-16,6262.31,76.116,2552.709,23082.68,1650.47,15037.24,103.84,52670,129.8008,118.1081,
2013-05-17,6311.11,76.0484,2592.048,--,1667.47,15138.12,104.72,53400,129.8322,118.1208,
2013-05-20,6379.6,76.064,2609.607,23493.03,1666.29,15360.81,104.79,53020,129.8654,118.0955,
2013-05-21,6383.75,76.0417,2614.853,23366.37,1669.16,15381.02,103.63,53900,129.8527,118.1367,
2013-05-22,6374.58,75.9132,2618.034,23261.08,1655.35,15627.26,102.47,54050,129.8791,118.1939,
2013-05-23,6344.82,75.8337,2582.849,22669.68,1650.51,14483.98,102.66,52880,130.0085,118.2193,
2013-05-24,6367.76,75.8337,2597.228,22618.67,1649.6,14612.45,102.78,53410,130.0906,118.169,
2013-05-27,6337.14,--,2599.587,22686.05,--,14142.65,102.62,53050,130.209,118.1807,
2013-05-28,6472.96,75.7475,2644.359,22924.25,1660.06,14311.98,104.35,53250,130.2693,118.2104,
2013-05-29,6443.44,75.6776,2642.561,22554.93,1648.36,14326.46,102.18,52900,130.3208,118.1401,
2013-05-30,6478.77,75.581,2634.323,22484.31,1654.41,13589.03,102.24,53050,130.374,118.1326,
2013-05-31,6431.49,75.6256,2606.426,22392.16,1630.74,13774.54,100.15,53430,130.3915,118.1179,
2013-06-03,6388.33,75.5884,2602.623,22282.19,1640.42,13261.82,102.17,53500,130.4548,118.0821,
2013-06-04,6350.07,75.6553,2565.666,22285.52,1631.38,13533.76,103.18,53600,130.4542,118.0284,
2013-06-05,6331.86,75.581,2560.539,22069.24,1608.9,13014.87,102.63,54040,130.4512,118.0003,
2013-06-06,6274.04,75.6182,2527.845,21838.43,1622.56,12904.02,103.19,53510,130.3887,117.9565,
2013-06-07,6235.17,75.5364,2484.16,21575.26,1643.38,12877.53,104.55,53680,130.3134,117.8054,
2013-06-08,--,--,--,--,--,--,--,--,130.2903,117.7954,
2013-06-09,--,--,--,--,--,--,--,--,130.3396,117.9615,
2013-06-10,--,75.3802,--,21615.09,1642.81,13514.2,--,--,--,--,
2013-06-11,--,75.3208,--,21354.66,1626.13,13317.62,--,--,--,--,
2013-06-12,--,75.2761,--,--,1612.52,13289.32,--,--,--,--,
2013-06-13,6075.8,75.3727,2399.937,20887.04,1636.36,12445.38,104.95,52310,130.3445,117.5639,
2013-06-14,6092.56,75.4322,2416.771,20969.14,1626.73,12686.52,105.84,52420,130.2458,117.4792,
2013-06-17,6049.76,75.3876,2403.839,21225.9,1639.04,13033.12,105.62,52400,130.2042,117.401,
2013-06-18,6026.96,75.4545,2418.745,21225.88,1651.81,13007.28,106.1,51610,130.157,117.3241,
2013-06-19,5944.21,75.1794,2400.765,20986.89,1628.93,13245.22,105.87,51520,129.9695,116.9355,
2013-06-20,5759.91,74.8745,2321.466,20382.87,1588.19,13014.58,102.06,50320,129.3329,116.0614,
2013-06-21,5761.35,74.458,2317.394,20263.31,1592.43,13230.13,101.09,50250,129.2386,116.3204,
2013-06-24,5472.5,74.2951,2171.21,19813.98,1573.09,13062.78,101.07,48750,129.113,116.3641,
2013-06-25,5365.83,74.3611,2165.421,19855.72,1588.03,12969.34,101.21,49360,129.1205,116.4539,
2013-06-26,5289.41,74.4729,2168.297,20338.55,1603.26,12834.01,101.8,48750,129.5614,116.948,
2013-06-27,5272.66,74.7406,2160.735,20440.08,1613.2,13213.55,102.65,49390,129.7722,117.11,
2013-06-28,5260.51,74.8737,2200.639,20803.29,1606.28,13677.32,101.99,49220,129.9954,117.2495,
2013-07-01,5106.34,74.9191,2213.317,--,1614.96,13852.5,102.93,50100,130.0858,117.2514,
2013-07-02,4991.59,75.0381,2221.984,20658.65,1614.08,14098.74,103.41,50660,130.2345,117.2936,
2013-07-03,4964.31,75.0277,2203.828,20147.31,1615.41,14055.56,105.21,51030,130.3911,117.3182,
2013-07-04,4986.48,--,2221.979,20468.67,--,14018.93,104.84,50640,130.5264,117.3836,
2013-07-05,5078.67,74.9712,2226.849,20854.67,1631.89,14309.97,107.06,50020,130.5756,117.4044,
2013-07-08,4750.54,75.1192,2163.619,20582.19,1640.46,14109.34,106.49,49520,130.6682,117.2743,
2013-07-09,4801.34,75.108,2162.669,20683.01,1652.32,14472.9,107.35,49810,130.6706,117.235,
2013-07-10,4900.5,75.0828,2224.065,20904.56,1652.62,14416.6,107.34,49530,130.6258,116.9594,
2013-07-11,5133.33,75.2465,2326.688,21437.49,1675.02,14472.58,106.64,51250,130.5156,116.8501,
2013-07-12,4968.74,75.3209,2275.373,21277.28,1680.19,14506.25,108.2,50500,130.391,116.7403,
2013-07-15,4987.37,75.3432,2307.297,21303.31,1682.5,--,108.08,50560,130.3708,116.7389,
2013-07-16,4966.86,75.4176,2317.848,21312.38,1676.26,14599.12,107.93,50700,130.3338,116.6775,
2013-07-17,4912.7,75.4994,2282.836,21371.87,1680.91,14615.04,108.74,50340,130.2779,116.4883,
2013-07-18,4757.52,75.492,2245.328,21345.22,1689.37,14808.5,108.83,50130,130.162,116.4438,
2013-07-19,4665.55,75.5813,2190.478,21362.42,1692.09,14589.91,108.3,50040,130.0505,116.389,
2013-07-22,4847.22,75.5441,2202.189,21416.5,1695.53,14658.04,108.16,50790,129.8292,116.1591,
2013-07-23,4954.3,75.4697,2265.845,21915.42,1692.39,14778.51,108.41,50750,129.535,115.9483,
2013-07-24,4886.17,75.2465,2249.151,21968.93,1685.94,14731.28,107.05,50970,129.3663,115.7127,
2013-07-25,4813.13,75.239,2237.683,21900.96,1690.25,14562.93,107.65,50960,129.3928,116.0516,
2013-07-26,4808.7,75.239,2224.008,21968.95,1691.65,14129.98,107.19,50540,129.5237,116.1123,
2013-07-29,4698.76,75.2241,2175.97,21850.15,1685.33,13661.13,107.33,49800,129.5193,116.0549,
2013-07-30,4733.76,75.2167,2189.388,21953.96,1685.96,13869.82,107.01,49560,129.5779,116.0769,
2013-07-31,4744.71,75.3953,2193.021,21883.66,1685.73,13668.32,107.82,49920,129.6154,116.1314,
2013-08-01,4806.6,75.3874,2245.364,22088.79,1706.87,14005.77,109.4,50570,129.7908,116.2188,
2013-08-02,4750.19,75.4933,2247.263,22190.97,1709.67,14466.16,108.07,50600,129.9391,116.2614,
2013-08-05,4806.04,75.4697,2278.329,22222.01,1707.14,14258.04,107.71,50800,129.9707,116.2225,
2013-08-06,4818.52,75.5439,2293.641,21923.7,1697.37,14401.06,107.19,50880,129.9127,116.173,
2013-08-07,4780.85,75.5217,2280.623,21588.84,1690.91,13824.94,105.92,50670,129.8736,115.9602,
2013-08-08,4793.45,75.4771,2276.782,21655.88,1697.48,13605.56,105.5,51900,129.7082,115.6558,
2013-08-09,4975.72,75.4912,2286.01,21807.56,1691.42,13615.19,106.87,51920,129.6303,115.5391,
2013-08-12,5162.48,75.4328,2352.794,22271.28,1689.47,13519.43,107.86,52900,129.6175,115.403,
2013-08-13,5135.75,75.3506,2359.068,22541.13,1694.16,13867,108.1,52600,129.3882,114.9933,
2013-08-14,5049.02,75.2837,2349.08,--,1685.39,14050.16,108.96,52600,129.2128,114.735,
2013-08-15,5076.33,75.0828,2321.576,22539.25,1661.32,13752.94,109.32,52550,128.9628,114.6893,
2013-08-16,5100.56,75.0009,2304.144,22517.81,1655.83,13650.11,110.42,53380,128.9654,114.6486,
2013-08-19,5119.14,74.8893,2331.43,22463.7,1646.06,13758.13,109.59,53070,128.9435,114.3384,
2013-08-20,4981.78,75.0232,2312.465,21970.29,1652.35,13396.38,110.15,52640,128.7664,114.0178,
2013-08-21,5013.25,74.8447,2308.589,21817.73,1642.8,13424.33,109.73,52870,128.7895,114.1366,
2013-08-22,4948.64,74.7926,2303.932,21895.4,1656.96,13365.17,110,53180,128.832,114.1555,
2013-08-23,4926.91,74.986,2286.929,21863.51,1663.5,13660.55,111.05,53070,128.9285,114.3068,
2013-08-26,5054.1,75.0828,2335.616,22005.32,1656.78,13636.28,110.93,53700,128.9869,114.4648,
2013-08-27,5132.05,75.2018,2340.881,21874.77,1630.48,13542.37,115.29,53200,129.0531,114.425,
2013-08-28,5622.31,75.172,2328.056,21524.65,1634.96,13338.46,116.33,52760,129.0764,114.1841,
2013-08-29,5474.83,75.12,2318.311,21704.78,1638.17,13459.71,114.44,52740,129.0777,113.9276,
2013-08-30,5377.87,75.0307,2313.91,21731.37,1632.97,13388.86,114.45,52320,129.0956,113.9529,
2013-09-02,5479.06,--,2320.344,22175.34,--,13572.92,112.44,52850,129.1444,113.9224,
2013-09-03,5380.88,74.9711,2354.502,22394.58,1639.77,13978.44,113.7,52690,129.1679,113.9163,
2013-09-04,5434.64,74.7926,2350.699,22326.22,1653.08,14053.87,113.23,52380,129.1473,113.7925,
2013-09-05,5305.37,74.5098,2341.735,22597.97,1655.08,14064.82,113.7,52060,129.1477,113.8126,
2013-09-06,5349,74.6966,2357.782,22621.22,1655.17,13860.81,114.1,52250,129.2109,113.8187,
2013-09-09,5409.86,74.7405,2440.609,22750.65,1671.71,14205.23,111.77,52600,129.2647,113.7633,
2013-09-10,5378.37,74.6363,2474.894,22976.65,1683.99,14423.36,109.96,52330,129.2915,113.6427,
2013-09-11,5373.13,74.8074,2482.889,22937.14,1689.13,14425.07,110.29,52420,129.2252,113.4189,
2013-09-12,5291.71,74.9191,2507.455,22953.72,1683.42,14387.27,111.89,51880,129.2043,113.3969,
2013-09-13,5217.12,74.9191,2488.902,22915.28,1687.99,14404.67,111.79,51850,129.1232,113.2153,
2013-09-16,5224.32,75.0381,2478.39,23252.41,1697.6,--,109.82,51880,129.0997,113.157,
2013-09-17,5102.65,75.0604,2427.322,23180.52,1704.76,14311.67,107.75,51810,129.1244,113.1863,
2013-09-18,5122.32,75.4251,2432.51,23117.45,1725.52,14505.36,110.74,52030,129.1637,113.1187,
2013-09-19,--,75.3804,--,23502.51,1722.34,14766.18,--,--,--,--,
2013-09-20,--,75.3879,--,--,1709.91,14742.42,--,--,--,--,
2013-09-22,--,--,--,--,--,--,--,--,129.2911,113.4965,
2013-09-23,5182.18,75.335,2472.288,23371.54,1701.84,--,107.16,52380,129.3157,113.3626,
2013-09-24,5079.81,75.2978,2443.885,23179.04,1697.42,14732.61,107.92,52150,129.3016,113.2563,
2013-09-25,5112.95,75.3722,2429.03,23209.63,1692.77,14620.53,107.06,52230,129.3203,113.3306,
2013-09-26,5041.79,75.2837,2384.443,23125.03,1698.67,14799.12,108.09,52560,129.3633,113.5245,
2013-09-27,5018.72,75.3432,2394.971,23207.04,1691.75,14760.07,107.35,52650,129.4072,113.4663,
2013-09-29,--,--,--,--,--,--,--,--,129.4211,113.4459,
2013-09-30,5074.42,75.2614,2409.037,22859.86,1681.55,14455.8,107.27,52990,129.4693,113.4811,
2013-10-01,--,75.2654,--,--,1695,14484.72,--,--,--,--,
2013-10-02,--,75.4027,--,22984.48,1693.87,14170.49,--,--,--,--,
2013-10-03,--,75.4548,--,23214.4,1678.66,14157.25,--,--,--,--,
2013-10-04,--,75.3581,--,23138.54,1690.5,14024.31,--,--,--,--,
2013-10-07,--,75.3581,--,22973.95,1676.12,13853.32,--,--,--,--,
2013-10-08,5092.71,75.3048,2441.811,23178.85,1655.45,13894.61,109.42,52750,129.6586,113.6147,
2013-10-09,5077.41,75.3623,2453.583,23033.97,1656.4,14037.84,108.25,52160,129.6838,113.5079,
2013-10-10,5005.71,75.4474,2429.317,22951.3,1692.56,14194.71,110.87,51950,129.6915,113.5911,
2013-10-11,5031.48,75.4408,2468.508,23218.32,1703.2,14404.74,110.29,52070,129.729,113.5883,
2013-10-12,--,--,--,--,--,--,--,--,129.7318,113.609,
2013-10-14,5001.6,75.3929,2472.542,--,1710.14,--,110.18,52630,129.8252,113.3797,
2013-10-15,5030.16,75.3953,2467.517,23336.52,1698.06,14441.54,109,52310,129.8247,113.2863,
2013-10-16,5143.79,75.4548,2421.371,23228.33,1721.54,14467.14,110.49,52390,129.774,113.1899,
2013-10-17,5012.68,75.5218,2413.33,23094.88,1733.15,14586.51,109,52040,129.7476,113.1947,
2013-10-18,5064.48,75.5508,2426.054,23340.1,1744.5,14561.54,109.94,52370,129.765,113.1293,
2013-10-21,5087.3,75.5516,2471.322,23438.15,1744.66,14693.57,109.77,52510,129.7899,113.0666,
2013-10-22,5044.6,75.5635,2445.891,23315.99,1754.67,14713.25,110.06,52360,129.7557,112.9491,
2013-10-23,5049.48,75.4774,2418.491,22999.95,1746.38,14426.05,107.65,52250,129.6612,112.8783,
2013-10-24,4995.5,75.4772,2400.511,22835.82,1752.07,14486.41,106.99,51930,129.4282,112.6809,
2013-10-25,4914.47,75.5144,2368.559,22698.34,1759.77,14088.19,107.06,51500,129.2398,112.5999,
2013-10-28,4884.82,75.5664,2365.954,22806.58,1762.11,14396.04,109.42,51850,129.2163,112.5889,
2013-10-29,4817.44,75.5292,2372.053,22846.54,1771.95,14325.98,108.81,51800,129.1622,112.4565,
2013-10-30,4837.04,75.5516,2407.471,23304.02,1763.31,14502.35,109.77,52290,129.0436,112.3961,
2013-10-31,4786.71,75.4504,2373.718,23206.37,1756.54,14327.94,108.9,51980,128.9996,112.5721,
2013-11-01,4778.57,75.3581,2384.96,23249.79,1761.64,14201.57,105.91,52300,129.0897,112.7495,
2013-11-04,4774.74,75.3581,2380.454,23189.62,1767.93,--,105.94,51850,129.1401,112.7148,
2013-11-05,4779.95,75.2844,2383.769,23038.95,1762.97,14225.37,105.65,51780,129.1229,112.5294,
2013-11-06,4760.73,75.492,2353.568,23036.94,1770.49,14337.31,104.99,51730,129.0399,112.3616,
2013-11-07,4779.26,75.4399,2340.552,22881.03,1747.15,14228.44,103.46,51620,129.0069,111.9826,
2013-11-08,4720.31,75.3358,2307.945,22744.39,1770.61,14086.8,105.04,51600,128.9045,111.8257,
2013-11-11,4664.79,75.3876,2315.889,23069.85,1771.89,14269.84,106.18,51680,128.667,111.1992,
2013-11-12,4703.33,75.3655,2340,22901.41,1767.69,14588.68,105.82,51550,128.5636,111.2414,
2013-11-13,4632.32,75.4474,2288.116,22463.83,1782,14567.16,106.89,50750,128.3711,110.9089,
2013-11-14,4640.6,75.617,2304.501,22649.15,1790.62,14876.41,108.28,50600,128.1408,110.7361,
2013-11-15,4704.81,75.6037,2350.734,23032.15,1798.18,15165.92,108.5,50350,127.8705,110.1716,
2013-11-18,4762.41,75.6706,2428.903,23660.06,1791.53,15164.3,108.47,50550,127.7971,109.8495,
2013-11-19,4730.65,75.5069,2412.163,23657.81,1787.87,15126.56,107.07,50150,127.5691,109.6388,
2013-11-20,4743.75,75.4399,2424.85,23700.86,1781.37,15076.08,107.92,50660,127.3093,109.4215,
2013-11-21,4684.29,75.5069,2409.989,23580.29,1795.85,15365.6,110.15,50560,127.2586,109.5515,
2013-11-22,4751.41,75.5739,2397.962,23696.28,1804.76,15381.72,110.49,50800,127.2874,109.8238,
2013-11-25,4680.34,75.5069,2388.629,23684.45,1802.48,15619.13,111.05,50780,127.3277,109.7522,
2013-11-26,4698.74,75.5292,2387.416,23681.28,1802.75,15515.24,111.04,51040,127.2592,109.7938,
2013-11-27,4695.55,75.492,2414.481,23806.35,1807.23,15449.63,111.59,50860,127.163,110.1325,
2013-11-28,4748.8,--,2439.53,23789.09,--,15727.12,110.95,50600,127.1616,110.602,
2013-11-29,4732.45,75.4355,2438.944,23881.29,1805.81,15661.87,110.11,50850,127.3564,111.0737,
2013-12-02,4657.16,75.3283,2418.788,24038.55,1800.9,15655.07,111.42,50800,127.4328,110.5742,
2013-12-03,4664.85,75.364,2442.784,23910.47,1795.15,15749.66,112.88,50330,127.4617,110.7373,
2013-12-04,4692.31,75.3134,2475.135,23728.7,1792.81,15407.94,111.17,50550,127.5238,110.7888,
2013-12-05,4708.08,75.2822,2468.197,23712.57,1785.03,15177.49,110.71,50810,127.568,110.4644,
2013-12-06,4689.04,75.2356,2452.287,23743.1,1805.09,15299.86,111.36,51000,127.5765,110.3338,
2013-12-09,4691.14,75.1944,2450.872,23811.17,1808.37,15650.21,108.93,50980,127.6146,110.1551,
2013-12-10,4675.18,75.291,2453.322,23744.19,1802.62,15611.31,109.25,51190,127.5346,109.8074,
2013-12-11,4651.67,75.2687,2412.763,23338.24,1782.22,15515.06,109.32,51140,127.5106,109.4141,
2013-12-12,4605.51,75.2018,2410.015,23218.12,1775.5,15341.82,108.34,51510,127.5399,109.6038,
2013-12-13,4561.85,75.2167,2406.639,23245.96,1775.32,15403.11,108.3,51100,127.5955,109.9314,
2013-12-16,4497.25,75.2302,2367.923,23114.66,1786.54,15152.91,109.04,51250,127.6191,109.8464,
2013-12-17,4496.99,75.2896,2356.376,23069.23,1781,15278.63,108.21,51430,127.5995,109.7803,
2013-12-18,4447.84,75.2241,2357.226,23143.82,1810.65,15587.8,109.28,51280,127.5231,109.6826,
2013-12-19,4421.42,75.1349,2332.41,22888.75,1809.6,15859.22,110.06,51120,127.3943,109.5284,
2013-12-20,4267.78,75.0884,2278.136,22812.18,1818.32,15870.42,111.84,51420,127.273,109.5317,
2013-12-23,4219.44,75.0902,2284.602,22921.56,1827.99,--,111.57,51300,127.2627,109.5203,
2013-12-24,4242.8,75.0511,2288.248,23179.55,1833.32,15889.33,112,51440,127.2947,109.673,
2013-12-25,4268.73,--,2305.11,--,--,16009.99,--,52270,127.3153,109.6622,
2013-12-26,4374.49,75.053,2265.334,--,1842.02,16174.44,112,52140,127.3151,109.7172,
2013-12-27,4343.31,75.1043,2303.478,23243.24,1841.4,16178.94,112.11,52380,127.315,109.7504,
2013-12-30,4337.36,75.1721,2299.458,23244.87,1841.07,16291.31,111.2,52300,127.3562,109.7884,
2013-12-31,4335.06,75.1334,2330.026,23306.39,1848.36,--,110.9,52300,127.37,109.7561,
2014-01-02,4419.9,75.1721,2321.978,23340.05,1831.98,--,107.82,52670,127.3702,109.6371,
2014-01-03,4383.25,75.1274,2290.779,22817.28,1831.37,--,107.03,51940,127.3147,109.5024,
2014-01-06,4263.64,75.2122,2238.637,22684.15,1826.77,15908.88,107,51880,127.2852,109.4409,
2014-01-07,4269.36,75.2762,2238.001,22712.78,1837.88,15814.37,107.01,52000,127.2617,109.5126,
2014-01-08,4174.51,75.1795,2241.911,22996.59,1837.49,16121.45,106.83,52130,127.3071,109.7345,
2014-01-09,4129.59,75.239,2222.221,22787.33,1838.13,15880.33,106,51460,127.3538,109.822,
2014-01-10,4152.89,75.2838,2204.851,22846.25,1842.37,15912.06,106.83,51580,127.3829,109.8324,
2014-01-13,4189.17,75.3283,2193.679,22888.76,1819.2,--,105.59,51850,127.4612,109.8565,
2014-01-14,4159.77,75.239,2212.846,22791.28,1838.88,15422.4,105.25,51980,127.4229,109.8595,
2014-01-15,4102.5,75.1981,2208.941,22902,1848.38,15808.73,105.97,51550,127.475,110.0269,
2014-01-16,4125.13,75.1869,2211.844,22986.41,1845.89,15747.2,105.48,51870,127.519,110.0069,
2014-01-17,4045.18,75.1646,2178.488,23133.35,1838.7,15734.46,106.32,51940,127.5441,110.0082,
2014-01-20,4050.25,--,2165.993,22928.95,--,15641.68,106.33,51890,127.555,110.017,
2014-01-21,4062.06,75.1258,2187.41,23033.12,1843.8,15795.96,106.8,51720,127.6987,110.3576,
2014-01-22,4136.01,75.12,2243.796,23082.25,1844.86,15820.96,108.08,51720,127.8075,110.6819,
2014-01-23,4112.77,75.1944,2231.889,22733.9,1828.46,15695.89,107.58,51540,127.936,110.7568,
2014-01-24,4222.39,75.2241,2245.678,22450.06,1790.29,15391.56,107.89,51350,127.9698,110.6404,
2014-01-26,--,--,--,--,--,--,--,--,127.9979,110.8981,
2014-01-27,4239.78,75.1795,2215.919,21976.1,1781.56,15005.73,106.29,51110,128.0898,110.9206,
2014-01-28,4188.45,75.2317,2219.855,21960.64,1792.5,14980.16,106.89,51070,128.1094,110.8941,
2014-01-29,4183.58,75.3134,2227.781,22141.61,1774.2,15383.91,107.11,51200,128.1345,110.8785,
2014-01-30,4184.36,75.306,2202.45,22035.42,1794.19,15007.06,107.07,51120,128.1802,110.8824,
2014-01-31,--,75.3506,--,--,1782.59,14914.53,--,--,--,--,
2014-02-03,--,75.4766,--,--,1741.89,14619.13,--,--,--,--,
2014-02-04,--,75.4251,--,21397.77,1755.2,14008.47,--,--,--,--,
2014-02-05,--,75.3581,--,21269.38,1751.64,14180.38,--,--,--,--,
2014-02-06,--,75.3995,--,21423.13,1773.43,14155.12,--,--,--,--,
2014-02-07,4149.2,75.5292,2212.483,21636.85,1797.02,14462.41,108.83,51090,128.4068,111.123,
2014-02-08,--,--,--,--,--,--,--,--,128.4718,111.1716,
2014-02-10,4236.48,75.5362,2267.534,21579.26,1799.84,14718.34,107.78,51080,128.5703,111.1516,
2014-02-11,4369.58,75.4511,2285.562,21962.98,1819.75,--,108.2,50450,128.6372,111.1586,
2014-02-12,4366.19,75.4251,2291.246,22285.79,1819.26,14800.06,108.27,50660,128.7259,111.1596,
2014-02-13,4456.92,75.4995,2279.554,22165.53,1829.83,14534.74,108.58,50640,128.9527,111.1917,
2014-02-14,4483.63,75.4399,2295.575,22298.41,1838.63,14313.03,109.07,50550,129.1988,111.2171,
2014-02-17,4550.93,--,2311.647,22535.94,--,14393.11,109.1,51090,129.3571,111.0371,
2014-02-18,4423.55,75.5435,2282.442,22587.72,1840.76,14843.24,110.63,50720,129.4344,110.9251,
2014-02-19,4456.43,75.465,2308.656,22664.52,1828.75,14766.53,110.42,50740,129.558,110.8535,
2014-02-20,4421.18,75.3804,2287.436,22394.08,1839.78,14449.18,110.49,50470,129.7268,110.9295,
2014-02-21,4383,75.419,2264.294,22568.24,1836.25,14865.67,109.84,50530,129.989,110.9792,
2014-02-24,4328.23,75.4325,2214.509,22388.56,1847.61,14837.68,110.71,49960,130.3213,111.0971,
2014-02-25,4274.33,75.5069,2157.909,22317.2,1845.12,15051.6,109.59,49550,130.6013,111.6551,
2014-02-26,4582.43,75.5739,2163.405,22437.44,1845.16,14970.97,109.51,49710,130.8778,111.5721,
2014-02-27,4452.53,75.5613,2154.108,22828.18,1854.29,14923.11,108.77,49230,131.1387,112.0024,
2014-02-28,4551.35,75.5813,2178.971,22836.96,1859.45,14841.07,108.65,49250,131.2589,111.57,
2014-03-03,4665.28,75.7116,2190.37,22500.67,1845.73,14652.23,110.78,48710,131.3574,111.4069,
2014-03-04,4626.72,75.5962,2184.273,22657.63,1873.91,14721.48,108.73,48910,131.2338,111.0948,
2014-03-05,4476.65,75.6037,2163.976,22579.78,1873.81,14897.63,107.28,49300,131.0107,111.0117,
2014-03-06,4441.29,75.5592,2173.634,22702.97,1877.03,15134.75,107.8,49040,130.9008,111.0058,
2014-03-07,4485.43,75.5441,2168.358,22660.49,1878.04,15274.07,108.23,48840,130.8818,111.0294,
2014-03-10,4268.27,75.5664,2097.787,22264.93,1877.17,15120.14,107.38,46560,130.9029,111.1689,
2014-03-11,4297.55,75.559,2108.661,22269.61,1867.63,15224.11,107.77,46200,130.9702,111.1388,
2014-03-12,4414.29,75.5888,2114.134,21901.95,1868.2,14830.39,107.6,44600,131.0071,111.2582,
2014-03-13,4423.49,75.6259,2140.333,21756.08,1846.34,14815.98,106.99,44370,131.0361,111.3411,
2014-03-14,4426.47,75.6104,2122.836,21539.49,1841.13,14327.66,108.5,44380,131.1015,111.4212,
2014-03-17,4480.68,75.5367,2143.038,21473.95,1858.83,14277.67,106.4,44280,131.2118,111.4678,
2014-03-18,4371.94,75.559,2138.133,21583.5,1872.25,14411.27,106.65,45070,131.1829,111.3285,
2014-03-19,4326.28,75.239,2120.87,21568.69,1860.77,14462.52,105.84,44950,131.0646,111.2773,
2014-03-20,4233.43,75.1646,2086.967,21182.16,1872.01,14224.23,106.23,45350,131.0418,111.2049,
2014-03-21,4298.48,75.1944,2158.798,21436.7,1866.52,--,106.94,45400,131.1359,111.2904,
2014-03-24,4294.73,75.1423,2176.554,21846.45,1857.44,14475.3,106.36,45550,131.1631,111.2713,
2014-03-25,4291.02,75.1274,2174.44,21732.32,1865.62,14423.19,106.75,46040,131.1043,111.2839,
2014-03-26,4293.25,75.2241,2171.047,21887.75,1852.56,14477.16,106.9,46300,131.1362,111.3156,
2014-03-27,4226.98,75.187,2155.707,21834.45,1849.04,14622.89,107.55,45920,131.1494,111.2932,
2014-03-28,4188.65,75.1869,2151.965,22065.53,1857.62,14696.03,107.86,46650,131.1546,111.2632,
2014-03-31,4196.96,75.2614,2146.305,22151.06,1872.34,14827.83,107.65,47000,131.1442,111.3447,
2014-04-01,4214.93,75.2316,2163.115,22448.54,1885.52,14791.99,105.31,46930,131.1975,111.3509,
2014-04-02,4232.83,75.1646,2180.727,22523.94,1890.9,14946.32,104.7,47040,131.1686,111.3387,
2014-04-03,4229.01,75.1602,2165.008,22565.08,1888.77,15071.88,106.14,46820,131.1611,111.285,
2014-04-04,4232.41,75.2555,2185.472,22510.08,1865.09,15063.77,106.57,47190,131.2237,111.2672,
2014-04-07,--,75.2539,--,22377.15,1845.04,14808.85,--,--,--,--,
2014-04-08,4305.28,75.291,2237.316,22596.97,1851.96,14606.88,107.48,47300,131.3881,111.3613,
2014-04-09,4331.82,75.3655,2238.62,22843.17,1872.18,14299.69,107.9,47130,131.3965,111.2188,
2014-04-10,4355.95,75.4399,2273.761,23186.96,1833.08,14300.12,107.39,47090,131.442,111.2774,
2014-04-11,4329,75.4667,2270.666,23003.64,1815.69,13960.05,107.15,47600,131.5604,111.354,
2014-04-14,4344.35,75.4287,2268.613,23038.8,1830.61,13910.16,108.96,48100,131.7473,111.5297,
2014-04-15,4261.1,75.4845,2229.463,22671.26,1842.98,13996.81,109.18,48500,131.8524,111.6112,
2014-04-16,4245.23,75.4705,2232.526,22696.01,1862.31,14417.68,109.71,46860,132.0279,111.7471,
2014-04-17,4228.04,75.5739,2224.803,22760.24,1864.85,14417.53,109.76,47180,132.305,112.2508,
2014-04-18,4231.46,--,2224.479,--,--,14516.27,--,47090,132.3775,112.1475,
2014-04-21,4173.8,75.6036,2187.248,--,1871.89,14512.38,109.95,47430,132.4998,112.173,
2014-04-22,4173.27,75.5627,2196.795,22730.68,1879.55,14388.77,109.37,47350,132.5862,112.1758,
2014-04-23,4165.58,75.5816,2194.668,22509.64,1875.39,14546.27,109.14,47700,132.6184,112.025,
2014-04-24,4182.78,75.5903,2190.474,22562.8,1878.61,14404.99,110.39,48100,132.6683,111.9941,
2014-04-25,4152.85,75.5746,2167.826,22223.53,1863.4,14429.26,109.39,49010,132.6971,112.0691,
2014-04-28,4094.29,75.5382,2134.969,22132.53,1869.43,14288.23,108.12,49290,132.7495,112.0807,
2014-04-29,4071.65,75.5603,2158.47,22453.89,1878.33,--,108.91,48790,132.7895,112.1323,
2014-04-30,4092.2,75.6483,2158.659,22133.97,1883.95,14304.11,108.14,48680,132.9231,112.2349,
2014-05-01,--,75.6855,--,--,1883.68,14485.13,--,--,--,--,
2014-05-02,--,75.7287,--,22260.67,1881.14,14457.51,--,--,--,--,
2014-05-04,--,--,--,--,--,--,--,--,133.0493,112.3637,
2014-05-05,4138.27,75.6557,2156.47,21976.33,1884.66,--,107.72,48940,133.1344,112.3455,
2014-05-06,4114.56,75.6409,2157.328,--,1867.72,--,106.54,48840,133.3183,112.5136,
2014-05-07,4066.82,75.7004,2137.316,21746.26,1878.21,14033.45,107.53,48550,133.4699,112.5821,
2014-05-08,4057.6,75.7822,2135.496,21837.12,1875.63,14163.78,107.49,48490,133.7678,112.8894,
2014-05-09,4081.69,75.7674,2133.911,21862.99,1878.48,14199.59,107.36,49090,134.0829,113.5893,
2014-05-12,4226.93,75.745,2180.054,22261.61,1896.65,14149.52,107.77,50180,134.2769,113.5741,
2014-05-13,4175.65,75.7822,2174.852,22352.38,1897.45,14425.44,108.65,50570,134.3643,113.4867,
2014-05-14,4151.96,75.9311,2172.372,22582.77,1888.53,14405.76,109.2,50500,134.3015,113.3785,
2014-05-15,4106.42,76.0426,2144.084,22730.86,1870.85,14298.21,109.02,50740,134.3058,113.2718,
2014-05-16,4101.56,76.0501,2145.952,22712.91,1877.86,14096.59,109.68,49600,134.3289,113.2577,
2014-05-19,4086.17,76.0352,2115.143,22704.5,1885.08,14006.44,109.36,50000,134.3751,113.299,
2014-05-20,4079.64,76.0948,2115.771,22834.68,1872.83,14075.25,109.84,49800,134.3494,113.2717,
2014-05-21,4098.9,76.1245,2135.905,22836.52,1888.03,14042.17,110.54,48970,134.3696,113.289,
2014-05-22,4079.58,76.1618,2130.868,22953.76,1892.49,14337.79,110.39,49170,134.4052,113.3287,
2014-05-23,4106.97,76.1544,2148.414,22965.86,1900.53,14462.17,110.44,49690,134.4545,113.5809,
2014-05-26,4099.43,--,2155.976,22963.18,--,14602.52,110.32,50100,134.5235,113.6303,
2014-05-27,4088.76,76.1618,2147.28,22944.3,1911.91,14636.52,110.19,49890,134.5783,113.6515,
2014-05-28,4081.38,76.1915,2169.352,23080.03,1909.78,14670.95,110.06,49930,134.6368,113.7878,
2014-05-29,4051.77,76.199,2155.164,23010.14,1920.03,14681.72,110.07,49430,134.7488,113.9356,
2014-05-30,4056.95,76.1618,2156.464,23081.65,1923.57,14632.38,109.49,49690,134.8804,114.1101,
2014-06-02,--,76.0947,--,--,1924.97,14935.92,--,--,--,--,
2014-06-03,4051.26,76.0052,2149.918,23291.04,1924.24,15034.25,108.18,49870,135.1789,114.5097,
2014-06-04,4028.51,75.9828,2128.274,23151.71,1927.88,15067.96,107.43,49560,135.2764,114.6305,
2014-06-05,4039.35,76.0798,2150.602,23109.66,1940.46,15079.37,108.19,49690,135.3753,114.5421,
2014-06-06,4023.57,76.035,2134.716,22951,1949.44,15077.24,108.01,49430,135.406,114.412,
2014-06-09,4006.85,76.0201,2134.281,23117.47,1951.27,15124,109.1,48400,135.4588,114.2954,
2014-06-10,4036.47,76.0201,2161.268,23315.74,1950.79,14994.8,108.29,48450,135.5891,114.3959,
2014-06-11,4036.15,76.0276,2160.766,23257.29,1943.89,15069.48,108.84,48600,135.6699,114.139,
2014-06-12,4027.72,76.1618,2153.41,23175.02,1930.11,14973.53,111.9,48650,135.7334,114.1429,
2014-06-13,4042.92,76.0872,2176.242,23319.17,1936.16,15097.84,111.52,49100,135.7706,114.0085,
2014-06-16,4074.18,76.0201,2191.855,23300.67,1937.78,14933.29,112.83,50450,135.8736,114.1323,
2014-06-17,4032.28,76.0276,2169.674,23203.59,1941.99,14975.97,113.31,48730,135.8539,114.1492,
2014-06-18,4048.97,76.1692,2160.239,23181.72,1956.98,15115.8,114.14,48630,135.8594,114.143,
2014-06-19,4005.14,76.2363,2126.907,23167.73,1959.48,15361.16,114.92,48580,135.8456,114.1888,
2014-06-20,4077.02,76.3332,2136.729,23194.06,1962.87,15349.42,114.68,49290,135.9482,114.2117,
2014-06-23,4143.86,76.3034,2134.11,22804.81,1962.61,15369.28,113.97,50020,136.06,114.1933,
2014-06-24,4128.5,76.3552,2144.821,22880.64,1949.98,15376.24,114.13,49840,136.1308,114.2325,
2014-06-25,4094.54,76.363,2133.371,22866.7,1959.53,15266.61,113.71,49980,136.1324,114.1951,
2014-06-26,4104.32,76.3556,2149.076,23197.83,1957.22,15308.49,112.56,50390,136.1956,114.2133,
2014-06-27,4085.59,76.3928,2150.258,23221.52,1960.96,15095,112.77,50400,136.2643,114.2071,
2014-06-30,4099.97,76.4003,2165.118,23190.72,1960.23,15162.1,111.95,50730,136.3483,114.1281,
2014-07-01,4177.22,76.3749,2164.559,--,1973.32,15326.2,111.85,51530,136.2209,114.0147,
2014-07-02,4175.12,76.3151,2170.867,23549.62,1974.62,15369.97,111,51340,136.1853,113.716,
2014-07-03,4200.85,76.3375,2180.192,23531.44,1985.44,15348.29,110.89,52100,136.1993,113.5373,
2014-07-04,4174.24,--,2178.695,23546.36,--,15437.13,110.49,52330,136.0846,113.4024,
2014-07-07,4124.47,76.3226,2176.289,23540.92,1977.65,15379.44,109.85,51700,136.1671,113.6527,
2014-07-08,4117.02,76.3151,2180.473,23541.38,1963.71,15314.41,109.01,52050,136.1096,113.6778,
2014-07-09,4110.95,76.3301,2148.71,23176.07,1972.83,15302.65,108.32,51700,136.1246,113.6625,
2014-07-10,4101.85,76.3375,2142.847,23238.99,1964.68,15216.47,108.85,51320,136.1939,113.6504,
2014-07-11,4147.04,76.3898,2148.009,23233.45,1967.57,15164.04,107.25,51710,136.2622,113.6418,
2014-07-14,4154.93,76.2853,2171.758,23346.67,1977.1,15296.82,107.6,51490,136.3348,113.6388,
2014-07-15,4132.98,76.2354,2174.976,23459.96,1973.28,15395.16,106.75,51200,136.3843,113.492,
2014-07-16,4129.43,76.1881,2170.868,23523.28,1981.57,15379.3,107.08,50780,136.3488,113.1366,
2014-07-17,4130.27,76.2868,2157.068,23520.87,1958.12,15370.26,108.45,50210,136.2162,112.8289,
2014-07-18,4163.44,76.2927,2164.144,23454.79,1978.22,15215.71,107.14,50080,136.1269,112.654,
2014-07-21,4112.18,76.2927,2166.295,23387.14,1973.63,--,107.68,49950,136.1963,112.7277,
2014-07-22,4157.91,76.2329,2192.698,23782.11,1983.53,15343.28,106.89,50150,136.236,112.8653,
2014-07-23,4187.07,76.2255,2197.833,23971.87,1987.01,15328.56,108.18,50240,136.2235,112.8435,
2014-07-24,4233.13,76.1881,2237.015,24141.5,1987.98,15284.42,107.13,50790,136.2753,112.8443,
2014-07-25,4306.03,76.2404,2260.454,24216.01,1978.34,15457.87,108.13,51070,136.3388,112.964,
2014-07-28,4395.59,76.2106,2323.897,24428.63,1978.91,15529.4,107.5,50680,136.443,113.0413,
2014-07-29,4377.8,76.2628,2331.369,24640.53,1969.95,15618.07,107.5,50860,136.4981,112.9765,
2014-07-30,4337.88,76.1806,2322.011,24732.21,1970.07,15646.23,106.03,50380,136.5943,112.9195,
2014-07-31,4569.51,76.1806,2350.251,24756.85,1930.67,15620.77,105.52,50810,136.6877,113.0385,
2014-08-01,4451.67,76.29,2329.402,24532.43,1925.15,15523.11,104.69,50860,136.6874,113.0793,
2014-08-04,4495.97,76.2397,2375.62,24600.08,1938.99,15474.5,106.19,50590,136.7889,113.1639,
2014-08-05,4495.26,76.2166,2369.353,24648.26,1920.21,15320.31,105.59,50840,136.8465,113.144,
2014-08-06,4549.77,76.2443,2363.221,24584.13,1920.24,15159.79,105.27,50140,136.91,113.1667,
2014-08-07,4511.87,76.3049,2327.457,24387.56,1909.57,15232.37,106.37,50170,136.9607,113.1241,
2014-08-08,4622.01,76.2825,2331.134,24331.41,1931.59,14778.37,105.31,50190,137.0183,113.0981,
2014-08-11,4624.79,76.3124,2365.349,24646.02,1936.92,15130.52,105.09,50350,137.1267,113.0883,
2014-08-12,4597.68,76.29,2357.052,24689.41,1933.75,15161.31,103.8,50300,137.1488,113.0661,
2014-08-13,4589.77,76.3948,2358.901,24890.34,1946.72,15213.63,104.68,49900,137.1951,113.1644,
2014-08-14,4537.12,76.29,2335.945,24801.36,1955.18,15314.57,102.08,49490,137.3597,113.4081,
2014-08-15,4554.51,76.2952,2360.635,24954.94,1955.06,15318.34,103.4,50100,137.4893,113.4052,
2014-08-18,4589.79,76.2151,2374.562,24955.46,1971.74,15322.6,101.79,49270,137.5734,113.2965,
2014-08-19,4640.9,76.1695,2374.768,25122.95,1981.6,15449.79,101.6,49620,137.6371,113.1938,
2014-08-20,4635.9,76.0428,2366.14,25159.76,1986.51,15454.45,102.29,49800,137.6444,113.1262,
2014-08-21,4592.71,76.0878,2354.244,24994.1,1992.37,15586.2,102.69,50480,137.6878,113.1264,
2014-08-22,4581.78,76.0279,2365.364,25112.23,1988.4,15539.19,102.1,51030,137.7718,113.0681,
2014-08-25,4533.45,75.9829,2342.863,25166.91,1997.92,15613.25,102.5,50950,137.9179,113.0775,
2014-08-26,4525.33,76.0279,2324.092,25074.5,2000.02,15521.22,102.58,50870,137.9483,113.0654,
2014-08-27,4487.59,76.0803,2327.595,24918.75,2000.12,15534.82,102.6,50570,138.0358,113.185,
2014-08-28,4451.31,76.0803,2311.278,24741,1996.74,15459.86,102.47,50500,138.1458,113.2013,
2014-08-29,4478.8,76.1102,2338.287,24742.06,2003.37,15424.59,103.04,50110,138.1677,112.9607,
2014-09-01,4521.85,--,2355.317,24752.09,--,15476.6,103.1,50030,138.2367,112.9799,
2014-09-02,4560.7,75.9498,2386.46,24749.02,2002.28,15668.6,101.27,50160,138.2619,112.9625,
2014-09-03,4577.42,76.0098,2408.838,25317.95,2000.72,15728.35,102.91,50210,138.2988,112.8837,
2014-09-04,4601.34,75.9498,2426.224,25297.92,1997.65,15676.18,102.3,50130,138.3289,112.8363,
2014-09-05,4623.44,75.9468,2449.259,25240.15,2007.71,15668.68,101.53,50400,138.3659,112.8287,
2014-09-08,--,75.8524,--,25190.45,2001.54,15705.11,--,--,--,--,
2014-09-09,4592.75,75.7325,2445.224,--,1988.44,15749.15,100,50000,138.4801,112.8431,
2014-09-10,4578.07,75.6425,2432.433,24705.36,1995.69,15788.78,98.75,49510,138.5269,112.7812,
2014-09-11,4596.14,75.6725,2423.454,24662.64,1997.45,15909.2,98.95,49100,138.5437,112.7833,
2014-09-12,4614.47,75.6422,2438.358,24595.32,1985.54,15948.29,97.8,49500,138.5942,112.8541,
2014-09-15,4636.99,75.695,2437.189,24356.99,1984.13,--,98,48900,138.7192,113.0053,
2014-09-16,4643.76,75.7137,2388.765,24136.01,1998.98,15911.53,99,49160,138.6849,112.968,
2014-09-17,4739.89,75.3918,2401.326,24376.41,2001.57,15888.67,98.72,49860,138.8271,113.2601,
2014-09-18,4689.48,75.3195,2408.664,24168.72,2011.36,16067.57,98.34,49520,138.9432,113.6382,
2014-09-19,4656.31,75.322,2425.211,24306.16,2010.4,16321.17,99,49210,139.1959,114.1601,
2014-09-22,4564.42,75.2828,2378.92,23955.49,1994.29,16205.9,97.61,48450,139.2263,114.2947,
2014-09-23,4596.6,75.36,2399.462,23837.07,1982.77,--,97.67,48640,139.2703,114.3884,
2014-09-24,4658.27,75.4027,2441.864,23921.61,1998.3,16167.45,97.75,48620,139.307,114.1183,
2014-09-25,4626.8,75.4626,2436.965,23768.13,1965.99,16374.14,97.68,48520,139.3442,114.3165,
2014-09-26,4650.68,75.3577,2437.201,23678.41,1982.85,16229.86,97.45,48660,139.3712,114.2707,
2014-09-28,--,--,--,--,--,--,--,--,139.3984,114.2643,
2014-09-29,4651,75.3577,2447.799,23229.21,1977.8,16310.64,97.68,48520,139.4898,114.3769,
2014-09-30,4698.35,75.3202,2450.988,22932.98,1972.29,16173.52,95.35,48920,139.5182,114.4613,
2014-10-01,--,75.5001,--,--,1946.16,16082.25,--,--,--,--,
2014-10-02,--,75.4267,--,--,1946.17,15661.99,--,--,--,--,
2014-10-03,--,75.3352,--,23064.56,1967.9,15708.65,--,--,--,--,
2014-10-06,--,75.3465,--,23315.04,1964.82,15890.95,--,--,--,--,
2014-10-07,--,75.4027,--,23422.52,1935.1,15783.83,--,--,--,--,
2014-10-08,4689.54,75.635,2478.383,23263.33,1968.89,15595.98,92.14,48430,139.69,114.4887,
2014-10-09,4765.43,75.5582,2481.955,23534.53,1928.21,15478.93,89.23,48500,139.6856,114.4227,
2014-10-10,4713.44,75.5301,2466.789,23088.54,1906.13,15300.55,90.27,48130,139.7544,114.4023,
2014-10-11,--,--,--,--,--,--,--,--,139.7935,114.478,
2014-10-13,4768.86,75.635,2454.946,23143.38,1874.74,--,88.61,48550,139.8723,114.5365,
2014-10-14,4737.52,75.5385,2446.562,23047.97,1877.7,14936.51,86.05,48680,140.0653,115.1202,
2014-10-15,4741.5,75.5106,2463.874,23140.05,1862.49,15073.52,83.75,49000,140.3098,115.5853,
2014-10-16,4775.59,75.4701,2444.395,22900.94,1862.76,14738.38,86.76,47860,140.4777,115.7352,
2014-10-17,4729.38,75.4724,2441.732,23023.21,1886.76,14532.51,86.1,47170,140.7827,115.8198,
2014-10-20,4766.86,75.5526,2454.711,23070.26,1904.01,15111.23,85.34,47490,141.2834,116.2629,
2014-10-21,4787.98,75.5451,2433.391,23088.58,1941.28,14804.28,86.43,47390,141.582,116.3859,
2014-10-22,4701.64,75.4776,2418.641,23403.97,1927.11,15195.77,84.68,47860,141.654,116.0957,
2014-10-23,4582.67,75.3802,2395.936,23333.18,1950.82,15138.96,86.7,47940,141.8114,115.9926,
2014-10-24,4586.7,75.3877,2390.706,23302.2,1964.58,15291.64,86.25,48150,141.9106,116.1417,
2014-10-27,4590.64,75.3502,2368.832,23143.23,1961.63,15388.72,85.43,47840,141.9843,116.3106,
2014-10-28,4670.53,75.3952,2416.653,23520.36,1985.05,15329.91,86.23,48290,142.185,116.5072,
2014-10-29,4721.67,75.3273,2451.384,23819.87,1982.3,15553.91,86.76,48470,142.4414,116.7258,
2014-10-30,4791.11,75.3157,2468.925,23702.04,1994.65,15658.2,86.1,48240,142.5403,116.5489,
2014-10-31,4772.88,75.3577,2508.325,23998.06,2018.05,16413.76,85.96,48600,142.6983,116.61,
2014-11-03,4813.8,75.3277,2512.548,23915.97,2017.81,--,84.71,48150,143.0151,117.0193,
2014-11-04,4859.43,75.2977,2513.172,23845.66,2012.1,16862.47,83.3,48460,143.4195,117.4754,
2014-11-05,4772.1,75.3052,2503.448,23695.62,2023.57,16937.32,83.89,47520,143.7251,117.693,
2014-11-06,4805.13,75.3277,2506.067,23649.31,2031.21,16792.48,83.31,47750,144.0056,117.6241,
2014-11-07,4756.23,75.4551,2502.153,23550.24,2031.92,16880.38,83.6,48020,144.2201,118.02,
2014-11-10,4844.76,75.3878,2565.73,23744.7,2038.26,16780.53,82.5,48250,144.6369,118.4067,
2014-11-11,4782.91,75.3652,2558.612,23808.28,2039.68,17124.11,82,47960,144.8914,118.5425,
2014-11-12,4832.06,75.3652,2594.318,23938.18,2038.25,17197.05,80.67,48110,144.9233,118.2305,
2014-11-13,4891.18,75.3127,2579.75,24019.94,2039.33,17392.79,77.73,48060,144.8933,117.9569,
2014-11-14,4872.83,75.3442,2581.093,24087.38,2039.82,17490.83,79.6,48010,144.7172,117.6306,
2014-11-17,4878.93,75.3277,2567.101,23797.08,2041.32,16973.8,79.08,48150,144.7629,117.3936,
2014-11-18,4881.94,75.3277,2541.416,23529.17,2051.8,17344.06,78.41,47960,144.5974,117.6759,
2014-11-19,4869.2,75.2153,2537.223,23373.31,2048.72,17288.75,78.05,47750,144.4696,117.627,
2014-11-20,4849.1,75.2655,2537.099,23349.64,2052.75,17300.86,79.79,47840,144.1467,117.4411,
2014-11-21,4876,75.3285,2583.455,23437.12,2063.5,17357.51,80.36,47920,143.8818,117.3731,
2014-11-24,4956.99,75.3276,2649.258,23893.14,2069.41,--,79.4,48150,144.6422,118.5188,
2014-11-25,5243.87,75.2658,2685.561,23843.91,2067.03,17407.62,78.17,48150,144.6413,118.2536,
2014-11-26,5228.38,75.2603,2723.018,24111.98,2072.83,17383.58,77.53,47430,144.5917,118.2689,
2014-11-27,5280.84,--,2754.49,24004.28,--,17248.5,72.82,47580,144.5671,118.278,
2014-11-28,5323.11,75.1853,2808.819,23987.45,2067.56,17459.85,70.02,47100,144.6012,118.3169,
2014-12-01,5258.27,75.1478,2819.812,23367.45,2053.44,17590.1,72.79,45470,144.6121,118.4062,
2014-12-02,5373.9,74.9511,2923.94,23654.3,2066.55,17663.22,71.09,46260,144.5463,118.1564,
2014-12-03,5663.1,74.9529,2967.549,23428.62,2074.33,17720.43,70.03,46050,144.0396,117.6541,
2014-12-04,5756.9,74.938,3104.351,23832.56,2071.92,17887.21,69.43,46580,143.6098,117.3134,
2014-12-05,5563.35,74.6982,3124.885,24002.64,2075.37,17920.45,69.05,46820,143.1916,116.5317,
2014-12-08,5672.34,74.6307,3252.881,24047.67,2060.31,17935.64,66.52,46710,142.7918,116.4578,
2014-12-09,5572.11,74.7505,3106.913,23485.83,2059.82,17813.38,66.79,46680,141.239,116.5331,
2014-12-10,5811.15,74.7506,3221.546,23524.52,2026.14,17412.58,64.56,47000,141.1034,116.9047,
2014-12-11,5771.67,74.6232,3183.012,23312.54,2035.33,17257.4,63.55,47000,141.2896,116.545,
2014-12-12,5775.17,74.5407,3193.227,23249.2,2002.33,17371.58,61.92,47160,141.2829,116.4512,
2014-12-15,5771.21,74.3759,3217.228,23027.85,1989.63,17099.4,60.52,47900,141.3718,116.2794,
2014-12-16,5748.01,74.45,3303.402,22670.5,1972.74,16755.32,59.8,46270,141.1286,116.4451,
2014-12-17,5691.79,74.271,3360.598,22585.84,2012.89,16819.73,60.64,46060,141.0695,116.5204,
2014-12-18,5725.84,74.2184,3345.927,22832.21,2061.23,17210.05,59.81,46110,141.0483,116.4328,
2014-12-19,5826.41,74.2709,3383.167,23116.63,2070.65,17621.4,62.15,46320,141.0878,116.6806,
2014-12-22,6034.54,74.2881,3394.481,23408.57,2078.54,17635.14,60.13,46790,141.2317,116.747,
2014-12-23,5715.18,74.1959,3324.924,23333.69,2082.17,--,61.55,46460,141.335,117.032,
2014-12-24,5612.58,74.1134,3230.385,23349.34,2081.88,17854.23,60.15,46450,141.5113,117.4016,
2014-12-25,5699.79,--,3335.419,--,--,17808.75,--,46500,141.7016,117.3271,
2014-12-26,5778.99,74.0985,3445.839,--,2088.77,17818.96,59.45,46410,141.9085,117.3376,
2014-12-29,5749.75,74.0764,3455.455,23773.18,2090.57,17729.84,57.98,45950,142.0682,117.4198,
2014-12-30,5613,74.1042,3457.554,23501.1,2080.35,17450.77,57.9,46180,142.1383,117.3984,
2014-12-31,5768.15,74.2185,3533.705,23605.04,2058.9,--,58.46,46500,142.2167,117.3888,
2015-01-02,--,74.2859,--,23857.82,2058.2,--,--,--,--,--,
2015-01-04,--,--,--,--,--,--,--,--,142.3006,117.4188,
2015-01-05,6173.39,74.2109,3641.541,23721.32,2020.58,17408.71,54.15,45960,142.3681,117.4359,
2015-01-06,6225.13,74.046,3641.059,23485.41,2002.61,16883.19,52,45680,142.5474,117.4081,
2015-01-07,6599.08,74.1285,3643.79,23681.26,2025.9,16885.33,52.09,45430,142.6267,117.4341,
2015-01-08,6368.95,74.2259,3559.259,23835.53,2062.14,17167.1,52.12,45500,142.7406,117.4588,
2015-01-09,6263.47,74.2936,3546.723,23919.95,2044.81,17197.73,51.28,45200,142.8573,117.4552,
2015-01-12,6336.15,74.2859,3513.576,24026.46,2028.26,--,48.46,44750,142.9003,117.4941,
2015-01-13,6274.11,74.2634,3514.04,24215.97,2023.03,17087.71,48,43700,143.0558,117.8319,
2015-01-14,6092.55,74.3783,3502.423,24112.6,2011.27,16795.96,49.73,42070,143.395,118.1206,
2015-01-15,6163.88,74.6456,3604.121,24350.91,1992.67,17108.7,48.36,41150,143.4858,118.1089,
2015-01-16,6430.3,74.5257,3635.146,24103.52,2019.42,16864.16,49.9,41320,143.6339,118.3731,
2015-01-19,6317.04,--,3355.155,23738.49,--,17014.29,48.85,41980,143.7896,118.5401,
2015-01-20,6425.89,74.4957,3396.222,23951.16,2022.55,17366.3,48.17,41450,143.8328,118.586,
2015-01-21,6704.96,74.4283,3548.885,24352.58,2032.12,17280.48,48.75,41450,143.9305,118.65,
2015-01-22,6967.1,74.3984,3567.613,24522.63,2063.15,17329.02,49,41760,143.989,118.7711,
2015-01-23,6860.98,74.5782,3571.732,24850.45,2051.82,17511.75,48.55,41240,144.0463,118.8073,
2015-01-26,6928.62,74.4957,3607.985,24909.9,2057.09,17468.52,48.11,39680,144.1343,118.9435,
2015-01-27,6785.02,74.5932,3574.931,24807.28,2029.55,17768.3,49.26,40690,144.1411,118.9113,
2015-01-28,6715.26,74.7197,3525.323,24861.81,2002.16,17795.73,48.65,40190,144.0895,118.7333,
2015-01-29,6557.88,74.6681,3481.798,24595.85,2021.25,17606.22,49.05,39870,144.0654,118.5947,
2015-01-30,6449.87,74.8555,3434.39,24507.05,1994.99,17674.39,52.95,39570,144.0743,118.5568,
2015-02-02,6489.66,74.9155,3353.96,24484.74,2020.85,17558.04,54.85,40570,144.0832,118.73,
2015-02-03,6557.71,74.9897,3437.445,24554.78,2050.03,17335.85,57,41000,144.042,118.8586,
2015-02-04,6450.12,74.9304,3401.768,24679.76,2041.51,17678.74,55.47,41330,144.0188,118.8767,
2015-02-05,6360.48,74.8812,3366.946,24765.49,2062.52,17504.62,56.57,41260,144.1683,119.1921,
2015-02-06,6183.85,74.579,3312.42,24679.39,2055.47,17648.5,57.8,41790,144.2395,119.0503,
2015-02-09,6119.67,74.5819,3345.921,24521,2046.74,17711.93,58.34,41370,144.3931,119.1671,
2015-02-10,6190.7,74.4583,3406.943,24528.1,2068.59,17652.68,56.43,41300,144.4669,119.1943,
2015-02-11,6230.9,74.3833,3434.124,24315.02,2068.53,--,55.92,41240,144.6097,119.4259,
2015-02-12,6180.86,74.4283,3442.874,24422.15,2088.48,17979.72,59.28,41210,144.7578,119.5091,
2015-02-13,6282.9,74.4128,3469.828,24682.54,2096.99,17913.36,61.52,42200,144.8835,119.6367,
2015-02-15,--,--,--,--,--,--,--,--,144.922,119.7243,
2015-02-16,6296.62,--,3499.483,24726.53,--,18004.77,61.4,42300,145.0708,119.8264,
2015-02-17,6334.29,74.3383,3522.322,24784.88,2100.34,17987.09,62.53,42240,145.1795,119.7932,
2015-02-18,--,74.4433,--,24832.08,2099.68,18199.17,60.53,--,--,--,
2015-02-19,--,74.3554,--,--,2097.45,18264.79,60.21,--,--,--,
2015-02-20,--,74.288,--,--,2110.3,18332.3,60.22,--,--,--,
2015-02-23,--,74.2859,--,24836.76,2109.66,18466.92,58.9,--,--,--,
2015-02-24,--,74.4208,--,24750.07,2115.48,18603.48,58.66,--,--,--,
2015-02-25,6205.12,74.5014,3478.729,24778.28,2113.86,18585.2,61.63,42150,145.4289,119.7713,
2015-02-26,6375.19,74.5257,3566.295,24902.06,2110.74,18785.79,60.05,42690,145.4692,119.6978,
2015-02-27,6448.51,74.6982,3572.843,24823.29,2104.5,18797.94,62.58,42880,145.5061,119.5801,
2015-02-28,--,--,--,--,--,--,--,--,145.5081,119.4376,
2015-03-02,6579.07,74.5482,3601.265,24887.44,2117.39,18826.88,59.54,43350,145.5647,119.2463,
2015-03-03,6434.65,74.5774,3507.9,24702.78,2107.78,18815.16,61.02,42700,145.4098,119.1375,
2015-03-04,6444.29,74.6118,3530.822,24465.38,2098.53,18703.6,60.55,42610,145.3908,119.1471,
2015-03-05,6332.28,74.504,3496.344,24193.04,2101.04,18751.84,60.48,42560,145.3352,118.8278,
2015-03-06,6384.92,74.3009,3478.52,24164,2071.26,18971,59.73,42260,145.2482,118.6387,
2015-03-09,6378.93,74.2334,3537.75,24123.05,2079.43,18790.55,58.43,42410,145.2623,118.4288,
2015-03-10,6372.93,74.2469,3520.611,23896.98,2044.16,18665.11,56.39,42300,145.2081,118.3698,
2015-03-11,6372.06,74.2064,3524.653,23717.97,2040.24,18723.52,57.81,42150,145.3794,118.8013,
2015-03-12,6441.04,74.1809,3592.844,23797.96,2065.95,18991.11,57.08,42500,145.491,118.8732,
2015-03-13,6457.34,74.0887,3617.657,23823.21,2053.4,19254.25,54.67,42670,145.4883,118.5716,
2015-03-16,6613.8,74.046,3705.671,23949.55,2081.19,19246.06,--,42700,145.5116,118.3245,
2015-03-17,6725.53,73.9411,3757.122,23901.49,2074.28,19437,53.51,42410,145.4475,118.2459,
2015-03-18,6932.48,74.3983,3846.055,24120.08,2099.5,19544.48,55.91,41660,145.3534,118.1577,
2015-03-19,7124.74,74.2964,3839.739,24468.89,2089.27,19476.56,54.43,41750,145.3719,118.1266,
2015-03-20,7046,74.3833,3892.574,24375.24,2108.1,19560.22,55.32,42040,145.3816,118.2385,
2015-03-23,7212.54,74.3308,3972.061,24494.51,2104.42,19754.36,55.92,43650,145.4831,118.2304,
2015-03-24,7584.7,74.4924,3973.046,24399.6,2091.5,19713.45,55.11,43880,145.3395,118.1642,
2015-03-25,7503.61,74.4853,3940.412,24528.23,2061.05,19746.2,56.48,43730,145.2193,118.1169,
2015-03-26,7504.69,74.4724,3949.999,24497.08,2056.15,19471.12,59.19,43990,144.9479,117.7481,
2015-03-27,7544.12,74.4504,3971.697,24486.2,2061.02,19285.63,56.41,43870,144.7484,117.6194,
2015-03-30,7508.12,74.3608,4088.178,24855.12,2086.24,19411.4,56.29,43900,144.6378,117.4415,
2015-03-31,7368.2,74.4808,4051.204,24900.89,2067.89,19206.99,55.11,43320,144.3375,117.1339,
2015-04-01,7469.89,74.6854,4123.895,25082.75,2059.69,19034.84,57.1,43330,144.5143,117.4273,
2015-04-02,7649.56,74.6232,4124.776,25275.64,2066.96,19312.79,54.95,43620,144.691,117.766,
2015-04-03,7710.45,--,4170.538,--,--,19435.08,54.95,43390,144.7187,117.5719,
2015-04-06,--,74.8544,--,--,2080.62,19397.98,58.12,--,--,--,
2015-04-07,7938.72,74.818,4260.044,--,2076.33,19640.54,59.1,43550,144.8113,117.4765,
2015-04-08,7773.39,74.7281,4295.803,26236.86,2081.9,19789.81,55.55,43540,144.7802,116.9273,
2015-04-09,7562.91,74.6681,4262.138,26944.39,2091.18,19937.72,56.57,43420,144.8731,116.8938,
2015-04-10,7728.7,74.6457,4344.416,27272.39,2102.06,19907.63,57.87,43620,144.9494,116.9722,
2015-04-13,7890.28,74.6906,4421.073,28016.34,2092.43,19905.46,57.93,43750,145.1155,117.0941,
2015-04-14,7988.79,74.7536,4438.184,27561.49,2095.84,19908.68,59.81,43010,145.2413,117.3387,
2015-04-15,8001.39,74.893,4380.513,27618.82,2106.63,19869.76,63.32,43090,145.5732,117.5132,
2015-04-16,8328.33,74.9448,4513.546,27739.71,2104.99,19885.77,63.98,43480,145.6753,117.6611,
2015-04-17,8431.1,75.0729,4596.136,27653.12,2081.18,19652.88,63.45,43750,145.7187,117.6681,
2015-04-20,8496.28,75.0354,4521.919,27094.93,2100.4,19634.49,63.45,43910,146.315,118.406,
2015-04-21,8596.65,74.938,4619.164,27850.49,2097.29,19909.09,62.08,43470,146.5881,118.6638,
2015-04-22,8728.11,74.908,4739.814,27933.85,2107.96,20133.9,62.85,43400,146.5767,118.6034,
2015-04-23,8763.74,74.9979,4740.892,27827.7,2112.93,20187.65,64.75,43180,146.5606,118.4965,
2015-04-24,8706.9,75.0916,4702.641,28060.98,2117.69,20020.04,65.49,43410,146.4715,118.1981,
2015-04-27,8844.08,75.0879,4807.592,28433.59,2108.92,19983.32,64.83,43950,146.5471,118.3665,
2015-04-28,8853.41,74.9829,4741.861,28442.75,2114.76,20058.95,64.64,43970,146.6667,118.4685,
2015-04-29,9378.32,74.9305,4774.326,28400.34,2106.85,--,65.84,44000,146.735,118.4596,
2015-04-30,9134.76,74.9799,4749.886,28133,2085.51,19520.01,66.78,44440,146.8246,118.6832,
2015-05-01,--,74.893,--,--,2108.29,19531.63,66.46,--,--,--,
2015-05-04,8920.97,74.863,4787.741,28123.82,2114.49,--,66.45,45910,146.9736,118.6393,
2015-05-05,8639.77,74.8855,4596.837,27755.54,2089.46,--,67.52,45830,146.984,118.5365,
2015-05-06,8480.39,74.7956,4553.327,27640.91,2080.15,--,67.77,46260,147.0125,118.2704,
2015-05-07,8441.2,74.7506,4470.089,27289.97,2088,19291.99,65.63,45920,147.1639,118.3023,
2015-05-08,8572.11,74.8555,4558.404,27577.34,2116.1,19379.19,65.59,46020,147.3238,118.6505,
2015-05-11,8765.58,74.6906,4690.532,27718.2,2105.33,19620.91,64.77,45860,147.4838,118.6798,
2015-05-12,8782.28,74.7656,4747.421,27407.18,2099.12,19624.84,67.37,45940,147.6547,118.7481,
2015-05-13,8933.54,74.833,4718.436,27249.28,2098.48,19764.72,67.04,46310,147.8627,118.9351,
2015-05-14,9042.19,74.893,4700.778,27286.55,2121.1,19570.24,66.65,46120,148.3165,119.1937,
2015-05-15,8835.45,74.953,4617.47,27822.28,2122.73,19732.92,66.86,46020,148.4905,119.214,
2015-05-18,9040.36,74.863,4575.14,27591.25,2129.2,19890.27,66.3,46120,148.6937,119.1375,
2015-05-19,9107.41,74.7356,4731.222,27693.54,2127.83,20026.38,64.45,45780,148.6281,119.0196,
2015-05-20,9060.07,74.863,4754.919,27585.05,2125.85,20196.56,64.96,44880,148.6428,119.0072,
2015-05-21,9192.16,74.8987,4840.976,27523.72,2130.82,20202.87,66.48,45220,148.6796,119.0481,
2015-05-22,9379.74,74.953,4951.335,27992.83,2126.06,20264.41,65.57,45160,148.7027,119.1559,
2015-05-25,9521.52,--,5099.495,--,--,20413.77,65.9,44850,148.7584,119.2091,
2015-05-26,9759.15,74.8555,5198.918,28249.86,2104.2,20437.48,63.89,44600,148.7744,118.9494,
2015-05-27,10166.34,74.7731,5181.434,28081.21,2123.48,20472.58,62.25,44500,148.6551,118.9684,
2015-05-28,9862.96,74.7956,4834.007,27454.31,2120.79,20551.46,62.85,44440,148.536,118.6742,
2015-05-29,10143.86,74.923,4840.829,27424.19,2107.39,20563.15,65.45,44470,148.3623,118.6478,
2015-06-01,10622.49,74.8255,5076.179,27597.16,2111.73,20569.87,64.98,43810,148.3465,118.3993,
2015-06-02,10658.18,74.8053,5161.87,27466.72,2109.6,20543.19,65.39,43810,148.4053,118.5832,
2015-06-03,10528.2,74.7056,5143.59,27657.47,2114.07,20473.51,63.72,43650,148.4752,118.6603,
2015-06-04,10309.27,74.7131,5181.416,27551.89,2095.84,20488.19,62.1,43550,148.5414,118.79,
2015-06-05,10712.15,74.6594,5230.552,27260.16,2092.83,20460.9,63.23,42970,148.555,118.8728,
2015-06-08,10647.62,74.7131,5353.751,27316.28,2079.28,20457.19,62.68,43330,148.667,118.9139,
2015-06-09,10611.93,74.7056,5317.461,26989.52,2080.15,20096.3,65.11,43420,148.6957,118.9517,
2015-06-10,10561.31,74.6756,5309.112,26687.64,2105.2,20046.36,65.43,43510,148.705,118.824,
2015-06-11,10617,74.7281,5306.59,26907.85,2108.86,20382.97,64.8,43400,148.7,118.3958,
2015-06-12,10558.19,74.7206,5335.115,27280.54,2094.11,20407.08,63.71,42850,148.6906,118.4148,
2015-06-15,10672.09,74.7399,5221.167,26861.81,2084.43,20387.79,63.94,42700,148.6752,118.1927,
2015-06-16,10390.45,74.8705,5064.821,26566.7,2096.29,20257.94,63.67,42290,148.6595,118.4095,
2015-06-17,10524.13,74.9717,5138.831,26753.79,2100.44,20219.27,63.7,41940,148.6693,118.4501,
2015-06-18,10401.55,74.938,4930.549,26694.66,2121.24,19990.82,64.34,42240,148.6649,118.663,
2015-06-19,9658.96,74.938,4637.052,26760.53,2109.99,20174.24,62.75,41990,148.6785,118.667,
2015-06-22,--,74.8285,--,27080.85,2122.85,20428.19,63.25,--,--,--,
2015-06-23,9528.41,74.8255,4786.091,27333.46,2124.2,20809.42,64.53,42030,148.7246,118.5679,
2015-06-24,9886.8,74.848,4880.126,27404.97,2108.58,20868.03,63.58,42400,148.7018,118.527,
2015-06-25,9404.24,74.7656,4706.516,27145.75,2102.31,20771.4,63.43,42060,148.7168,118.5273,
2015-06-26,8473.78,74.7581,4336.195,26663.87,2101.49,20706.15,63.05,42420,148.6989,118.515,
2015-06-29,7834.08,74.8854,4191.549,25966.98,2057.64,20109.95,61.99,42800,148.7945,118.5497,
2015-06-30,8307.42,74.893,4472.998,26250.03,2063.11,20235.73,63.14,42380,148.7785,118.5819,
2015-07-01,7744.34,74.8255,4253.021,--,2077.42,20329.32,62.02,42280,148.7725,118.5399,
2015-07-02,7065.65,74.9754,4107.996,26282.32,2076.78,20522.5,61.75,42510,148.7808,118.517,
2015-07-03,6484.29,--,3885.917,26064.11,--,20539.79,60.55,42650,148.8215,118.6274,
2015-07-06,6600.36,74.9246,3998.537,25236.28,2068.76,20112.12,56.64,41260,149.1769,119.1664,
2015-07-07,6235.62,74.938,3928.003,24975.31,2081.34,20376.59,57.49,40480,149.7091,119.3838,
2015-07-08,5800.65,74.9305,3663.038,23516.56,2046.68,19737.64,57.23,39060,149.8976,119.3026,
2015-07-09,6195.32,74.908,3897.626,24392.79,2051.31,19855.5,58.54,41140,149.7817,119.3613,
2015-07-10,6680.84,74.815,4106.556,24901.28,2076.62,19779.83,58.72,41160,149.8755,119.0667,
2015-07-13,7244.62,74.7138,4211.812,25224.01,2099.6,20089.77,--,40900,149.8795,119.0542,
2015-07-14,7010.34,74.7356,4112.149,25120.91,2108.95,20385.33,--,41120,149.9158,118.947,
2015-07-15,6422.26,74.7806,3966.759,25055.76,2107.4,20463.33,57.23,41200,149.9462,118.9387,
2015-07-16,6561.7,74.7431,3997.356,25162.78,2124.29,20600.12,56.95,41010,149.9733,119.0317,
2015-07-17,6896.88,74.7131,4151.496,25415.27,2126.64,20650.92,57.01,40820,150.0148,119.1467,
2015-07-20,6898.81,74.6756,4160.612,25404.81,2128.28,--,56.54,40150,150.1322,119.1592,
2015-07-21,7040.71,74.6999,4166.006,25536.43,2119.21,20841.97,56.98,40360,150.1698,119.0731,
2015-07-22,6960.47,74.6606,4157.16,25282.62,2114.15,20593.67,56.09,39460,150.3116,119.0789,
2015-07-23,7157.95,74.6606,4250.805,25398.85,2102.15,20683.95,55.41,39500,150.4294,119.207,
2015-07-24,7040.99,74.6306,4176.279,25128.51,2079.65,20544.53,54.56,38420,150.593,119.3741,
2015-07-27,6371.59,74.6307,3818.731,24351.96,2067.64,20350.1,52.96,38640,150.6175,119.4189,
2015-07-28,6280.25,74.6307,3811.093,24503.94,2093.25,20328.89,52.98,38640,150.7632,119.5034,
2015-07-29,6570.03,74.6606,3930.379,24619.45,2108.57,20302.91,53.55,39390,150.9166,119.5833,
2015-07-30,6395.06,74.6382,3815.412,24497.98,2108.63,20522.83,53.38,39130,150.9245,119.5337,
2015-07-31,6405.2,74.7281,3816.699,24636.28,2103.84,20585.24,51.85,38830,150.9962,119.2903,
2015-08-03,6376.18,74.6007,3829.235,24411.42,2098.04,20548.11,49.59,38530,151.0819,119.2623,
2015-08-04,6606.8,74.4432,3948.155,24406.12,2093.32,20520.36,50.28,38730,151.098,119.2669,
2015-08-05,6481.18,74.3758,3866.9,24514.16,2099.84,20614.06,49.72,38600,151.1868,119.2242,
2015-08-06,6438.92,74.4281,3831.852,24375.28,2083.56,20664.44,49.59,38580,151.2982,119.3133,
2015-08-07,6589.56,74.3891,3906.945,24552.47,2077.57,20724.56,48.49,38520,151.4641,119.4081,
2015-08-10,6940.8,74.4658,4084.365,24521.12,2104.18,20808.69,50.3,38530,151.6265,119.3717,
2015-08-11,7495.58,74.5557,4066.669,24498.21,2084.07,20720.75,49.31,39420,151.4338,119.1055,
2015-08-12,7762.44,74.4882,4016.126,23916.02,2086.05,20392.77,49.71,39580,151.4222,118.987,
2015-08-13,7730.9,74.4058,4075.463,24018.8,2083.39,20595.55,49.65,39700,151.4079,119.1042,
2015-08-14,7517.65,74.3571,4073.54,23991.03,2091.54,20519.45,48.77,39430,151.422,119.1747,
2015-08-17,7590.96,74.3234,4077.872,23814.65,2102.44,20620.26,48.57,39210,151.5339,119.124,
2015-08-18,6909.07,74.2844,3825.412,23474.97,2096.92,20554.47,48.65,38990,151.5357,119.0948,
2015-08-19,7057.96,74.3009,3886.136,23167.85,2079.61,20222.63,46.88,38930,151.5788,119.0489,
2015-08-20,7120.29,74.2783,3761.454,22757.47,2035.73,20033.52,46.25,38820,151.5913,119.0182,
2015-08-21,7003.97,74.3084,3589.536,22409.62,1970.89,19435.83,45.43,39090,151.6516,119.086,
2015-08-24,6460.49,74.2259,3275.534,21251.57,1893.21,18540.68,42.45,38450,151.7666,119.1359,
2015-08-25,5848.58,74.2634,3042.927,21404.96,1867.61,17806.7,43.5,38950,151.8459,119.2484,
2015-08-26,5526.68,74.166,3025.692,21080.39,1940.51,18376.83,43.64,38980,151.8421,119.3663,
2015-08-27,5641.44,74.3833,3205.638,21838.54,1987.66,18574.44,47.4,38970,151.8473,119.6722,
2015-08-28,5968.13,74.4583,3342.286,21612.39,1988.87,19136.32,49.78,39370,151.9146,119.7786,
2015-08-31,5793.7,74.4658,3366.536,21670.58,1972.18,18890.48,53.12,39350,152.0192,119.9291,
2015-09-01,5859.62,74.4208,3362.083,21185.43,1913.85,18165.69,48.64,39370,152.0805,120.0074,
2015-09-02,5644.56,74.3264,3365.832,20934.94,1948.86,18095.4,49.85,39290,152.1516,119.9969,
2015-09-03,--,74.3413,--,--,1951.13,18182.39,50.6,--,--,--,
2015-09-04,--,74.3091,--,20840.61,1921.22,17792.16,49.29,--,--,--,
2015-09-06,--,--,--,--,--,--,--,--,152.2689,119.9331,
2015-09-07,5658.57,--,3250.485,20583.52,--,17860.47,47.76,39540,152.2105,119.7684,
2015-09-08,5774.09,74.2109,3334.023,21259.04,1969.41,17427.08,49.31,39610,152.2703,119.7639,
2015-09-09,5970.14,74.2709,3399.305,22131.31,1942.04,18770.51,47.44,41190,152.2334,119.7919,
2015-09-10,5801.64,74.3144,3357.561,21562.5,1952.29,18299.62,48.75,41080,152.1968,119.7994,
2015-09-11,5790.94,74.3758,3347.188,21504.37,1961.05,18264.22,48.18,41170,152.2475,119.8192,
2015-09-14,5661.58,74.3234,3281.132,21561.9,1953.03,17965.7,47.41,40770,152.3292,119.8771,
2015-09-15,5263.48,74.1884,3152.232,21455.23,1978.09,18026.48,48.12,40280,152.3708,120.0058,
2015-09-16,5627.77,74.1959,3309.248,21966.66,1995.31,18171.6,49.98,40980,152.4745,119.9512,
2015-09-17,5569.61,74.4733,3236.999,21854.63,1990.2,18432.27,49.35,41050,152.5626,119.9438,
2015-09-18,5584.88,74.4808,3251.273,21920.83,1958.03,18070.21,47.78,40750,152.6129,119.9759,
2015-09-21,5681.8,74.3907,3308.247,21756.93,1966.97,--,48.73,40380,152.662,119.8615,
2015-09-22,5701.52,74.4433,3339.03,21796.58,1942.74,--,49.2,40010,152.6791,119.765,
2015-09-23,5565.11,74.4283,3263.028,21302.91,1938.76,--,47.8,39080,152.711,119.7158,
2015-09-24,5655.38,74.3671,3284.999,21095.98,1932.24,17571.83,48.33,38950,152.748,119.7444,
2015-09-25,5682.92,74.26,3231.951,21186.32,1931.34,17880.51,48.34,39120,152.792,119.7559,
2015-09-28,5649.92,74.1959,3242.752,--,1881.77,17645.11,47.4,38400,152.8851,119.9195,
2015-09-29,5555.93,74.271,3178.854,20556.6,1884.09,16930.84,47.94,37940,153.0138,119.9833,
2015-09-30,5572.48,74.4058,3202.948,20846.3,1920.03,17388.15,48.44,38800,153.0586,120.089,
2015-10-01,--,74.4882,--,--,1923.82,17722.42,48.06,--,--,--,
2015-10-02,--,74.6681,--,21506.09,1951.36,17725.13,48.22,--,--,--,
2015-10-05,--,74.6382,--,21854.5,1987.05,18005.49,49.22,--,--,--,
2015-10-06,--,74.7431,--,21831.62,1979.92,18186.1,52.15,--,--,--,
2015-10-07,--,74.7105,--,22515.76,1995.83,18322.98,51.75,--,--,--,
2015-10-08,5752.78,74.7281,3296.482,22354.91,2013.43,18141.17,53.3,39150,153.2666,120.2092,
2015-10-09,5921.59,74.6292,3340.1159,22458.8,2014.89,18438.67,52.43,40210,153.331,120.6245,
2015-10-10,--,--,--,--,--,--,--,--,153.3932,120.6854,
2015-10-12,6222.73,74.6906,3447.6934,22730.93,2017.46,--,50.27,40290,153.4772,120.581,
2015-10-13,6183.36,74.5782,3445.0431,22600.46,2003.69,18234.74,49.22,39870,153.6406,120.6854,
2015-10-14,6208.82,74.6681,3406.1116,22439.91,1994.24,17891,49.58,39660,153.9004,121.129,
2015-10-15,6359.6,74.5932,3486.815,22888.17,2023.86,18096.9,50.33,40070,153.9497,120.9989,
2015-10-16,6354.36,74.5968,3534.0653,23067.37,2033.11,18291.8,50.5,39600,154.0178,120.7096,
2015-10-19,6272.38,74.5407,3534.1821,23075.61,2033.66,18131.23,48.91,39490,154.1111,120.8141,
2015-10-20,6315.23,74.5182,3577.7027,22989.22,2030.77,18207.15,48.52,39280,154.2309,121.1232,
2015-10-21,6095.17,74.4957,3473.2544,--,2018.94,18554.28,47.89,38990,154.365,121.1424,
2015-10-22,6193.68,74.5557,3524.5339,22845.37,2052.51,18435.87,48.22,39310,154.4143,121.16,
2015-10-23,6302.54,74.5032,3571.2411,23151.94,2075.15,18825.3,48.11,39740,154.5551,121.0919,
2015-10-26,6288.41,74.4907,3589.2611,23116.25,2071.18,18947.12,47.46,39130,154.8982,121.3299,
2015-10-27,6238.34,74.5257,3592.8794,23142.73,2065.89,18777.04,47.03,39360,155.0504,121.618,
2015-10-28,6245.51,74.3608,3524.9199,22956.57,2090.35,18903.02,49.12,38920,155.3325,121.5493,
2015-10-29,6193.87,74.3608,3533.3065,22819.94,2089.41,18935.71,48.61,39080,155.4807,121.313,
2015-10-30,6104.26,74.4074,3534.0788,22640.04,2079.36,19083.1,49.5,38880,155.4928,121.1953,
2015-11-02,5982.54,74.3719,3475.9623,22370.04,2104.05,18683.24,48.77,38590,155.564,121.2684,
2015-11-03,6011.89,74.4358,3465.4927,22568.43,2109.79,--,50.25,38560,155.5595,121.0893,
2015-11-04,6203.02,74.3233,3628.5377,23053.57,2102.31,18926.91,48.92,38900,155.522,120.7878,
2015-11-05,6287.36,74.2409,3705.9697,23051.04,2099.93,19116.41,48.12,38300,155.4719,120.7889,
2015-11-06,6437.21,74.136,3793.3739,22867.33,2099.2,19265.6,47.66,38150,155.4696,120.8564,
2015-11-09,6449.72,74.1435,3840.3547,22726.77,2078.58,19642.74,47.3,37700,155.0911,120.2069,
2015-11-10,6680.11,74.1546,3833.2379,22401.7,2081.72,19671.26,47.05,37570,154.7761,120.2983,
2015-11-11,6576.79,74.166,3833.6457,22352.17,2075,19691.39,45.81,37200,154.7866,120.6033,
2015-11-12,6564.9,74.1115,3795.3241,22888.92,2045.97,19697.77,45.2,37260,154.7832,120.601,
2015-11-13,6443.51,74.121,3746.2422,22396.14,2023.04,19596.91,44.6,36190,154.8819,120.6797,
2015-11-16,6742.34,74.1435,3764.1262,22010.82,2053.19,19393.69,44.86,35950,154.9018,120.6425,
2015-11-17,6629.29,74.1285,3758.3869,22264.25,2050.44,19630.63,43.99,35050,154.934,120.6418,
2015-11-18,6545.54,74.136,3715.5796,22188.26,2083.58,19649.18,44.27,34940,154.9416,120.5243,
2015-11-19,6637.45,74.2184,3774.9692,22500.22,2081.24,19859.81,44.26,34840,154.8511,120.4719,
2015-11-20,6695.76,74.2466,3774.3833,22754.72,2089.17,19879.81,44.47,34930,154.8999,120.5446,
2015-11-23,6625.71,74.2426,3753.3351,22665.9,2086.59,--,45.11,33580,154.9165,120.5608,
2015-11-24,6579.94,74.3307,3753.8887,22587.63,2089.14,19924.89,45.91,33870,154.9854,120.6814,
2015-11-25,6708.67,74.2784,3781.6069,22498,2088.87,19847.58,46.28,34600,155.056,120.7817,
2015-11-26,6681.96,--,3759.4286,22488.94,--,19944.41,45.62,35180,155.1184,120.8463,
2015-11-27,6290.35,74.2934,3556.9924,22068.32,2090.11,19883.94,44.87,35360,155.2004,120.8529,
2015-11-30,6210.86,74.2484,3566.4122,21996.42,2080.41,19747.47,44.5,34820,155.3233,121.0247,
2015-12-01,6269.06,74.3609,3591.696,22381.35,2102.63,20012.4,44.28,35230,155.3976,121.0268,
2015-12-02,6306.59,74.2634,3721.9545,22479.69,2079.51,19938.13,42.68,35120,155.4805,121.0314,
2015-12-03,6345.51,74.2109,3749.2985,22417.01,2049.62,19939.9,44.06,34650,155.6402,121.1756,
2015-12-04,6338.18,74.2109,3677.5922,22235.89,2091.69,19504.48,43.22,34970,155.9232,121.2571,
2015-12-07,6458.96,74.1585,3687.6073,22203.22,2077.07,19698.15,40.66,35460,156.1475,121.2631,
2015-12-08,6317.66,74.13,3623.0202,21905.13,2063.59,19492.6,40.46,34940,156.2814,121.3972,
2015-12-09,6373.64,74.1135,3635.9382,21803.76,2047.62,19301.07,40.33,35290,156.3765,121.4383,
2015-12-10,6304.78,74.0235,3623.0842,21704.61,2052.23,19046.55,39.55,35200,156.4214,121.4458,
2015-12-11,6387.13,74.1734,3608.0587,21464.05,2012.37,19230.48,37.98,36250,156.4698,121.2976,
2015-12-14,6739.61,73.9711,3711.322,21309.85,2021.94,18883.42,37.75,36420,156.5408,121.0832,
2015-12-15,6680.82,74.0011,3694.3885,21274.37,2043.41,18565.9,38.45,35750,156.5451,121.1563,
2015-12-16,6773.71,73.8961,3685.4398,21701.21,2073.07,19049.91,37.57,35530,156.6058,121.2664,
2015-12-17,6799.67,73.9744,3755.8881,21872.06,2041.89,19353.56,36.95,35250,156.693,121.3694,
2015-12-18,6682.01,74.0535,3767.9128,21755.56,2005.55,18986.8,36.55,35870,156.7299,121.6254,
2015-12-21,6741.67,73.967,3865.9646,21791.68,2021.15,18916.02,36.23,36330,156.9915,122.0048,
2015-12-22,6793.09,73.9696,3876.7325,21830.02,2038.97,18886.7,36.38,36390,157.2512,122.1871,
2015-12-23,6750.44,74.0685,3866.3814,22040.59,2064.29,--,37.79,36480,157.3375,122.2245,
2015-12-24,6780.11,74.0751,3829.4022,22138.13,2060.99,18789.69,37.93,36280,157.4681,122.5099,
2015-12-25,6810.46,--,3838.201,--,--,18769.06,37.93,36460,157.5701,122.4654,
2015-12-28,6663.14,74.0687,3727.6316,21919.62,2056.5,18873.35,36.6,35900,157.6784,122.5689,
2015-12-29,6764.84,74.0235,3761.8745,21999.62,2078.36,18982.23,37.39,36420,157.7821,122.5247,
2015-12-30,6800.5,74.0011,3765.1752,21882.15,2063.36,19033.71,36.68,36630,157.8544,122.5193,
2015-12-31,6685.72,74.1435,3731.0047,21914.4,2043.94,--,37.6,36710,157.8575,122.5455,
2016-01-04,6223.61,74.1959,3469.0662,21327.12,2012.66,18450.98,37.33,36240,157.8734,122.376,
2016-01-05,6353.41,74.1884,3478.7797,21188.72,2016.71,18374,36.59,36720,157.9194,122.1815,
2016-01-06,6677.8,74.1884,3539.8082,20980.81,1990.26,18191.32,34.38,36450,157.9512,122.3026,
2016-01-07,6213.62,74.2222,3294.3839,20333.34,1943.09,17767.34,33.77,36250,158.0509,122.4807,
2016-01-08,6582.03,74.2934,3361.5632,20453.71,1922.03,17697.96,33.26,36000,158.1894,122.6319,
2016-01-11,6375.99,74.1824,3192.4499,19888.5,1923.67,--,31.21,35010,158.2883,122.7649,
2016-01-12,6005.45,74.166,3215.7099,19711.76,1938.68,17218.96,30.72,34800,158.5349,123.03,
2016-01-13,5813.12,74.2334,3155.879,19934.88,1890.28,17715.63,30.26,34830,158.73,123.5065,
2016-01-14,5894.71,74.2716,3221.5714,19817.41,1921.84,17240.95,31,34830,158.8432,123.3508,
2016-01-15,5604.33,74.1959,3118.7301,19520.77,1880.33,17147.11,29.11,34720,158.8902,123.3976,
2016-01-18,5619.28,--,3130.7289,19237.45,--,16955.57,28.74,34940,158.9732,123.176,
2016-01-19,5774.72,74.2034,3223.1251,19635.81,1881.33,17048.37,28.73,35300,158.9149,122.9967,
2016-01-20,5856.22,74.1899,3174.3781,18886.3,1859.33,16416.19,27.79,35020,158.8988,122.8491,
2016-01-21,5705.49,74.1435,3081.3454,18542.15,1868.99,16017.26,29.72,34820,158.8094,122.9741,
2016-01-22,5649.52,74.1734,3113.4626,19080.51,1906.9,16958.53,32.08,35180,158.9361,123.0737,
2016-01-25,5650.13,74.2238,3128.886,19340.14,1877.08,17110.91,30.05,35000,158.8389,122.5718,
2016-01-26,5411,74.2784,2940.5085,18860.8,1903.63,16708.9,31.09,35030,158.7174,122.548,
2016-01-27,5282.71,74.3758,2930.3519,19052.45,1882.95,17163.92,33.01,35700,158.5208,122.2724,
2016-01-28,4959.77,74.4358,2853.7562,19195.83,1893.36,17041.45,34.55,35470,158.4512,122.3302,
2016-01-29,5087.25,74.5128,2946.0902,19683.11,1940.24,17518.3,34.73,35540,158.5733,122.5875,
2016-02-01,5136.51,74.4058,2901.0477,19595.5,1939.38,17865.23,34.13,35280,158.6737,122.6898,
2016-02-02,5243.16,74.4508,2961.3337,19446.84,1903.03,17750.68,32.57,35430,158.654,122.4531,
2016-02-03,5294.27,74.4733,2948.6386,18991.59,1912.53,17191.25,35.47,35420,158.5265,122.3866,
2016-02-04,5440.04,74.5032,2984.7598,19183.09,1915.45,17044.99,34.39,36180,158.6088,122.6208,
2016-02-05,5667.75,74.3983,2963.7894,19288.17,1880.05,16819.59,34.13,36080,158.6576,122.597,
2016-02-06,--,--,--,--,--,--,--,--,158.6722,122.5991,
2016-02-08,--,74.3084,--,--,1853.44,17004.3,--,--,--,--,
2016-02-09,--,74.2334,--,--,1852.21,16085.44,--,--,--,--,
2016-02-10,--,74.2702,--,--,1851.86,15713.39,--,--,--,--,
2016-02-11,--,74.2969,--,18545.8,1829.08,--,--,--,--,--,
2016-02-12,--,74.3234,--,18319.58,1864.78,14952.61,--,--,--,--,
2016-02-14,--,--,--,--,--,--,--,--,158.9297,122.9332,
2016-02-15,6159.91,--,2946.7066,18918.14,--,16022.58,34.01,35500,158.9765,122.816,
2016-02-16,6268.2,74.2634,3037.0353,19122.08,1895.58,16054.43,32.3,35680,158.9991,122.748,
2016-02-17,6215.69,74.2634,3063.3199,18924.57,1926.82,15836.36,34.87,35410,158.9984,122.7934,
2016-02-18,6092.81,74.3009,3053.6985,19363.08,1917.83,16196.8,33.99,35650,159.0825,122.8118,
2016-02-19,6013.47,74.3383,3051.585,19285.5,1917.78,15967.17,33.12,35810,159.2283,122.8789,
2016-02-22,6105.49,74.3683,3118.8675,19464.09,1945.5,16111.05,34.67,36220,159.2775,122.8393,
2016-02-23,6277.57,74.4508,3089.3632,19414.78,1921.27,16052.05,32.9,36080,159.3391,122.8199,
2016-02-24,6454.46,74.5557,3109.5454,19192.45,1929.8,15915.79,34.41,35710,159.3776,122.7461,
2016-02-25,6097.02,74.6457,2918.7501,18888.75,1951.7,16140.34,35.06,35820,159.3655,122.6396,
2016-02-26,6208.94,74.5858,2948.0306,19364.15,1948.05,16188.41,35.13,35730,159.3684,122.7207,
2016-02-29,6066.67,74.6981,2877.4666,19111.93,1932.23,16026.76,35.97,35750,159.4682,122.6052,
2016-03-01,6405.32,74.6681,2930.6937,19407.46,1978.35,16085.51,36.6,35900,159.5169,122.7521,
2016-03-02,6565.94,74.6644,3051.3327,20003.49,1986.45,16746.55,37.06,36650,159.5244,122.7834,
2016-03-03,6779.59,74.7506,3058.4219,19941.76,1993.4,16960.16,37.08,36700,159.5521,122.7606,
2016-03-04,6810.96,74.7056,3093.8895,20176.7,1999.99,17014.78,38.93,37550,159.6153,122.8181,
2016-03-07,7163.06,74.6756,3104.8397,20159.72,2001.76,16911.32,40.83,37820,159.722,122.6359,
2016-03-08,7005.73,74.7641,3107.6727,20011.58,1979.26,16783.15,39.54,37430,159.8304,122.582,
2016-03-09,6614.74,74.7731,3071.907,19996.26,1989.26,16642.2,40.84,37010,159.9687,122.7992,
2016-03-10,6573.12,74.6606,3013.1457,19984.42,1989.57,16852.35,40.16,37000,160.086,122.9783,
2016-03-11,6661.62,74.6981,3018.2844,20199.6,2022.19,16938.87,40.38,37390,160.1361,123.0014,
2016-03-14,6780.73,74.6606,3065.6904,20435.34,2019.64,17233.75,39.73,37370,160.2272,123.07,
2016-03-15,6466.91,74.6007,3074.7796,20288.77,2015.93,17117.07,38.95,36980,160.2429,123.1639,
2016-03-16,6543.13,74.9754,3090.0328,20257.7,2027.22,16974.45,40.21,37390,160.2827,123.3812,
2016-03-17,6619.56,75.0654,3124.2039,20503.81,2040.59,16936.38,41.41,37780,160.3896,123.4289,
2016-03-18,6731.67,75.1673,3171.963,20671.63,2049.58,16724.81,41.46,38240,160.4394,123.4372,
2016-03-21,6791.64,75.1628,3249.4372,20684.15,2051.6,--,41.42,38050,160.4926,123.4609,
2016-03-22,6928.25,75.0804,3225.7903,20666.75,2049.8,17048.55,41.58,38030,160.4949,123.447,
2016-03-23,6793.41,75.0755,3236.0924,20615.23,2036.71,17000.98,40.54,38030,160.5494,123.5119,
2016-03-24,6532.77,75.0439,3181.8507,20345.61,2035.94,16892.33,40.45,37540,160.6032,123.5477,
2016-03-25,6500.65,--,3197.8169,--,--,17002.75,--,37680,160.6284,123.6699,
2016-03-28,6551.64,75.0354,3169.7283,--,2037.05,17134.37,40.19,37490,160.5829,123.6273,
2016-03-29,6509.57,75.3127,3135.4098,20366.3,2055.01,17103.53,39.27,37500,160.5278,123.6563,
2016-03-30,6651.77,75.4252,3216.2753,20803.39,2063.95,16878.96,39.22,37010,160.5169,123.7529,
2016-03-31,6626.3,75.4626,3218.0879,20776.7,2059.74,16758.67,39.57,36850,160.5368,123.8164,
2016-04-01,6647.98,75.3802,3221.8948,20498.92,2072.78,16164.16,38.75,37120,160.5946,123.8063,
2016-04-04,--,75.4327,--,--,2066.13,16123.27,--,--,--,--,
2016-04-05,6689,75.3502,3264.4858,20177,2045.17,15732.82,38.33,36720,160.6654,123.708,
2016-04-06,6662.23,75.3352,3257.5276,20206.67,2066.66,15715.36,39.75,36710,160.6507,123.6736,
2016-04-07,6624.16,75.4327,3209.2902,20266.05,2041.91,15749.84,39.66,36640,160.6531,123.5298,
2016-04-08,6897.23,75.4476,3185.7258,20370.4,2047.6,15821.52,41.89,35760,160.5864,123.5083,
2016-04-11,7081.78,75.4027,3230.0957,20440.81,2041.99,15751.13,42.81,35800,160.549,123.4719,
2016-04-12,7128.84,75.3427,3218.4497,20504.44,2061.72,15928.79,44.28,35960,160.3459,123.4841,
2016-04-13,7205.13,75.3427,3261.3831,21158.71,2082.42,16381.22,43.95,36800,160.14,123.2933,
2016-04-14,7069.4,75.234,3275.8321,21337.81,2082.78,16911.05,43.78,36630,159.8114,123.2231,
2016-04-15,7050,75.2753,3272.2053,21316.47,2080.73,16848.03,42.85,36700,159.7413,123.2454,
2016-04-18,6958.91,75.2078,3228.4531,21161.5,2094.34,16275.95,43.17,36570,159.8224,123.2513,
2016-04-19,7051.02,75.2808,3238.3029,21436.21,2100.8,16874.44,43.8,36870,159.7733,123.2368,
2016-04-20,6892.28,75.2453,3181.0264,21236.31,2102.4,16906.54,45.59,37280,159.6262,123.0067,
2016-04-21,7114.87,75.2213,3160.6033,21622.25,2091.48,17363.62,44.73,37990,159.3239,122.9468,
2016-04-22,6886.15,75.2348,3174.9012,21467.04,2091.58,17572.49,45.16,37890,158.951,122.6171,
2016-04-25,6801.71,75.203,3162.0331,21304.44,2087.79,17439.3,44.75,38000,158.4488,122.1674,
2016-04-26,6783.05,75.1778,3179.1605,21407.27,2091.7,17353.28,46.42,37650,158.2784,122.2699,
2016-04-27,6982.69,75.2903,3165.9156,21361.6,2095.15,17290.49,47.3,37550,158.4739,122.3653,
2016-04-28,6929.72,75.4476,3160.5809,21388.03,2075.81,16666.05,48.03,37180,158.6388,122.4413,
2016-04-29,7018.17,75.4626,3156.7451,21067.05,2065.3,--,48.14,37590,158.7106,122.4433,
2016-05-02,--,75.3633,--,--,2081.43,16147.38,--,--,--,--,
2016-05-03,7304.38,75.4252,3213.5397,20676.94,2063.37,--,45.23,37730,158.8854,122.5099,
2016-05-04,7239.57,75.4177,3209.4614,20525.83,2051.12,--,44.92,37100,158.9499,122.4331,
2016-05-05,7235.77,75.4701,3213.9199,20449.82,2050.63,--,45.22,36760,159.066,122.3984,
2016-05-06,7031.4,75.4402,3130.3544,20109.87,2057.14,16106.72,45.28,36510,159.1297,122.405,
2016-05-09,6687.58,75.4524,3065.6154,20156.81,2058.69,16216.03,43.46,35760,159.3534,122.5527,
2016-05-10,6587.36,75.5226,3069.1124,20242.68,2084.39,16565.19,45.44,35850,159.5113,122.5437,
2016-05-11,6654.44,75.5161,3082.8086,20055.29,2064.46,16579.01,47.4,35820,159.5876,122.5627,
2016-05-12,6543.69,75.5076,3090.1372,19915.46,2064.11,16646.34,47.91,36090,159.6735,122.6379,
2016-05-13,6683.33,75.5451,3074.9351,19719.29,2046.61,16412.21,47.85,35300,159.7719,122.6405,
2016-05-16,6870.44,75.5151,3095.3085,19883.95,2066.66,16466.4,49.13,35510,159.8431,122.5142,
2016-05-17,6768.98,75.5451,3086.0249,20118.8,2047.21,16652.8,49.36,35850,159.9033,122.4562,
2016-05-18,6709.69,75.3128,3068.0358,19826.41,2047.63,16644.69,48.54,35370,159.9006,122.3291,
2016-05-19,6675.63,75.3294,3062.5002,19694.33,2040.04,16646.66,48.86,35170,159.8737,122.2702,
2016-05-20,6616.47,75.3615,3078.2183,19852.2,2052.32,16736.35,48.74,35310,159.8233,122.2545,
2016-05-23,6660.11,75.3442,3087.2225,19809.03,2048.04,16654.6,48.39,35170,159.904,122.2035,
2016-05-24,6619.65,75.3052,3063.5556,19830.43,2076.06,16498.76,49.04,35190,159.902,122.2417,
2016-05-25,6468.57,75.3652,3059.2259,20368.05,2090.54,16757.35,49.78,35460,159.9835,122.2262,
2016-05-26,6521.26,75.4327,3064.2111,20397.11,2090.1,16772.46,49.33,36000,159.9709,122.1945,
2016-05-27,6499.31,75.4177,3062.4993,20576.77,2099.06,16834.84,49.46,35870,159.9744,122.1527,
2016-05-30,6419.65,--,3066.7095,20629.39,--,17068.02,49.72,35660,160.059,122.046,
2016-05-31,6624.61,75.3877,3169.5598,20815.09,2096.96,17234.98,49.52,35770,160.0162,122.0241,
2016-06-01,6622.41,75.3427,3160.547,20760.98,2099.33,16955.73,49.74,35230,159.9903,121.9884,
2016-06-02,6656.66,75.4177,3167.0997,20859.22,2105.26,16562.55,49.95,35340,159.9836,121.9294,
2016-06-03,6615.96,75.6575,3189.3255,20947.24,2099.13,16642.23,49.84,35790,160.0062,121.9072,
2016-06-06,6855.08,75.695,3178.7883,21030.22,2109.41,16580.03,50.48,36300,160.1054,122.0193,
2016-06-07,6754.34,75.7774,3177.0536,21328.24,2112.13,16675.45,51.49,35940,160.1154,121.9829,
2016-06-08,6820.3,75.8299,3163.9864,21297.88,2119.12,16830.92,52.7,35450,160.1479,121.9662,
2016-06-09,--,75.8711,--,--,2115.48,16668.41,--,--,--,--,
2016-06-10,--,75.8749,--,21042.64,2096.07,16601.36,--,--,--,--,
2016-06-12,--,--,--,--,--,--,--,--,160.2093,121.7174,
2016-06-13,7063.31,75.8504,3066.3413,20512.99,2079.06,16019.18,50,35470,160.2573,121.7585,
2016-06-14,6936.15,75.8448,3075.9834,20387.53,2075.32,15859,49.25,35320,160.3438,121.9359,
2016-06-15,7189.76,75.9723,3116.3682,20467.52,2071.5,15919.58,48.62,35430,160.3961,122.0018,
2016-06-16,7656.25,75.8599,3094.6748,20038.42,2077.99,15434.14,47.03,35440,160.4533,122.0934,
2016-06-17,7413.23,75.8674,3110.3572,20169.98,2071.22,15599.66,49.25,35610,160.5757,122.1212,
2016-06-20,7307.7,75.8072,3112.6744,20510.2,2083.25,15965.3,50.41,35490,160.6554,122.0929,
2016-06-21,7133.65,75.695,3106.3175,20668.44,2088.9,16169.11,50.95,35570,160.6513,122.0811,
2016-06-22,7120.77,75.7774,3133.9611,20795.12,2085.45,16065.72,49.89,36230,160.7464,122.179,
2016-06-23,7123.52,75.8074,3117.3168,20868.34,2113.32,16238.35,51.14,36300,160.788,122.1413,
2016-06-24,7702.02,75.9124,3077.1554,20259.13,2037.41,14952.02,48.41,35950,160.9186,122.0951,
2016-06-27,7642.35,75.9034,3120.5443,20227.3,2000.54,15309.21,47.53,36660,161.1217,122.2524,
2016-06-28,7614.13,75.9873,3136.4013,20172.46,2036.09,15323.14,48.66,37140,161.2057,122.2593,
2016-06-29,7625.89,75.9948,3151.3898,20436.12,2070.77,15566.83,50.15,37120,161.1625,122.2401,
2016-06-30,7498.82,76.0923,3153.921,20794.37,2098.86,15575.92,49.72,37530,161.2882,122.2993,
2016-07-01,7690.21,76.1822,3154.2003,--,2102.95,15682.48,50.55,37270,161.4269,122.4685,
2016-07-04,7973.2,--,3204.6962,21059.2,--,15775.8,50.04,38260,161.6049,122.4463,
2016-07-05,7976.33,76.2421,3207.3827,20750.72,2088.55,15669.33,48.18,37700,161.6691,122.4043,
2016-07-06,8532.45,76.2571,3216.8035,20495.29,2099.73,15378.99,49.25,37360,161.7508,122.461,
2016-07-07,8801.88,76.2421,3209.9542,20706.92,2097.9,15276.24,46.45,36860,161.9432,122.5622,
2016-07-08,8660.88,76.2122,3192.2804,20564.17,2129.9,15106.98,46.44,36620,162.0483,122.6144,
2016-07-11,9240.6,76.1072,3203.3298,20880.5,2137.16,15708.82,46.07,37020,162.1685,122.6206,
2016-07-12,9110.15,76.0847,3273.1823,21224.74,2152.14,16095.65,48.19,37120,162.2022,122.5831,
2016-07-13,9152.37,76.1147,3282.8681,21322.37,2152.43,16231.43,46.56,38530,162.2086,122.4998,
2016-07-14,8917.39,76.0847,3276.7637,21561.06,2163.75,16385.89,47.13,38360,162.2612,122.5258,
2016-07-15,8971.78,76.0615,3276.2775,21659.25,2161.74,16497.85,48.09,38420,162.3444,122.5535,
2016-07-18,8986.51,76.0473,3262.0222,21803.18,2166.89,--,47.03,37800,162.4734,122.5995,
2016-07-19,8980.69,76.0098,3248.2341,21673.2,2163.78,16723.31,46.71,38220,162.5862,122.6467,
2016-07-20,8644.88,75.9378,3237.6051,21882.48,2173.02,16681.89,47.13,38240,162.7132,122.8928,
2016-07-21,8498.26,75.9731,3252.5227,22000.49,2165.17,16810.22,46.19,38580,162.9291,123.2046,
2016-07-22,8348.37,75.9266,3225.1621,21964.27,2175.03,16627.25,45.74,38130,162.9521,123.1298,
2016-07-25,8128.91,75.8674,3230.885,21993.44,2168.48,16620.29,44.68,38130,162.9509,123.054,
2016-07-26,8440.53,75.8412,3269.5882,22129.73,2169.18,16383.04,44.57,37760,163.0057,123.1134,
2016-07-27,8434.75,75.8899,3218.243,22218.99,2166.58,16664.82,43.36,37710,163.0771,123.2069,
2016-07-28,8517.94,75.9124,3221.1365,22174.34,2170.06,16476.84,42.6,37750,163.1672,123.2568,
2016-07-29,8309.58,76.0173,3203.9304,21891.37,2173.6,16569.27,42.49,37490,163.2629,123.3513,
2016-08-01,8418.19,75.836,3176.8091,22129.14,2170.84,16635.77,42.22,38120,163.3724,123.3935,
2016-08-02,8431.52,75.7397,3189.0529,--,2157.03,16391.45,41.97,37840,163.4531,123.418,
2016-08-03,8526.93,75.8849,3193.5073,21739.12,2163.79,16083.11,43.44,37680,163.5392,123.4591,
2016-08-04,8360.74,76.0128,3201.2888,21832.23,2164.25,16254.89,--,37570,163.6091,123.4875,
2016-08-05,8388.38,75.915,3205.1101,22146.09,2182.87,16254.45,44.42,37500,163.709,123.6086,
2016-08-08,7961.45,75.8774,3234.1833,22494.76,2180.89,16650.57,45.18,37440,163.8808,123.7335,
2016-08-09,7970.52,75.8969,3256.9813,22465.61,2181.74,16764.97,44.99,37150,163.9637,123.9821,
2016-08-10,8266.51,75.8774,3243.3409,22492.43,2175.49,16735.12,43.84,37300,164.0959,124.1316,
2016-08-11,8070.75,75.8397,3233.3604,22580.55,2185.79,--,45.96,37360,164.1095,124.1887,
2016-08-12,8096.76,75.9255,3294.2337,22766.91,2184.05,16919.92,47.08,37410,164.2198,124.3718,
2016-08-15,8168.85,75.8397,3393.4239,22932.51,2190.15,16869.56,48.1,37000,164.3438,124.6061,
2016-08-16,8302.45,75.8021,3378.2451,22910.84,2178.15,16596.51,48.9,37160,164.3716,124.5455,
2016-08-17,8149.48,75.8864,3373.0476,22799.78,2182.22,16745.64,49.8,37160,164.3815,124.4295,
2016-08-18,8158.77,76.0053,3364.4851,23023.16,2187.02,16486.01,50.9,37310,164.3544,124.404,
2016-08-19,8064.25,75.9496,3365.0197,22937.22,2183.87,16545.82,50.79,37330,164.3673,124.2415,
2016-08-22,7959.47,75.9827,3336.7949,22997.91,2182.64,16598.19,49.1,37070,164.4007,124.2583,
2016-08-23,8028.44,76.0053,3341.8298,22998.93,2186.9,16497.36,49.58,37090,164.3918,123.9922,
2016-08-24,7979.58,75.9526,3329.8631,22820.78,2175.44,16597.3,49.03,36640,164.3247,123.8604,
2016-08-25,7865.05,75.939,3308.9721,22814.95,2172.47,16555.95,49.68,36330,164.3327,123.8956,
2016-08-26,7883.87,75.766,3307.0902,22909.54,2169.04,16360.71,49.57,36430,164.3573,123.9817,
2016-08-29,7826.82,75.8443,3307.7812,22821.34,2180.38,16737.49,49.2,36420,164.4205,123.7681,
2016-08-30,7827.49,75.7946,3311.9872,23016.11,2176.12,16725.36,48.33,36250,164.3329,123.5555,
2016-08-31,7860.71,75.7562,3327.7938,22976.88,2170.95,16887.4,47.04,36320,164.3942,123.6332,
2016-09-01,7873.83,75.7343,3301.5767,23162.34,2170.86,16926.84,45.82,36500,164.3951,123.5967,
2016-09-02,7853.1,75.7494,3314.1142,23266.7,2179.98,16925.68,46.68,36600,164.4132,123.635,
2016-09-05,7911.22,--,3319.6803,23649.55,--,17037.63,47.4,36500,164.4713,123.6139,
2016-09-06,7880.11,75.9125,3342.6259,23787.68,2186.48,17081.98,47.36,36530,164.4691,123.5702,
2016-09-07,7980.59,75.9684,3340.8172,23741.81,2186.15,17012.44,48.55,36700,164.4713,123.5306,
2016-09-08,7924.04,75.96,3339.564,23919.34,2181.3,16958.77,49.69,36550,164.5103,123.5525,
2016-09-09,7806.17,75.7834,3318.044,24099.7,2127.81,16965.76,47.88,36610,164.5863,123.6353,
2016-09-12,7423.92,75.8529,3262.6043,23290.6,2159.04,16672.92,48.15,36200,164.6387,123.5572,
2016-09-13,7431.01,75.7343,3260.333,23215.76,2127.02,16729.04,47.19,36590,164.6201,123.6451,
2016-09-14,7520.52,75.7947,3238.7299,23190.64,2125.77,16614.24,45.97,36770,164.6929,123.7035,
2016-09-15,--,75.9216,--,23335.59,2147.26,16405.01,46.41,--,--,--,
2016-09-16,--,75.9382,--,--,2139.16,16519.29,46.05,--,--,--,
2016-09-18,--,--,--,--,--,--,--,--,164.7661,123.6987,
2016-09-19,7503.39,75.9004,3263.1242,23550.45,2139.12,--,45.92,37150,164.7992,123.7316,
2016-09-20,7492.55,75.9231,3257.4034,23530.86,2139.76,16492.15,46.2,37240,164.8041,123.7583,
2016-09-21,7613.31,75.9759,3266.6363,23669.9,2163.12,16807.62,47.05,37320,164.7856,123.7787,
2016-09-22,7632.94,76.0816,3291.1211,23759.8,2177.18,--,47.46,37600,164.8537,123.8375,
2016-09-23,7551.2,76.1571,3275.6665,23686.48,2164.69,16754.02,46.07,37820,164.9267,124.0063,
2016-09-26,7328.1,76.1797,3220.2838,23317.92,2146.1,16544.56,46.94,37720,165.0062,124.0624,
2016-09-27,7397.05,76.1322,3240.7546,23571.9,2159.93,16683.93,46.22,37650,165.0099,124.0553,
2016-09-28,7283.6,76.2552,3230.8904,23619.65,2171.37,16465.4,48.91,37490,165.0144,124.0534,
2016-09-29,7280.63,76.2401,3244.3874,23739.47,2151.13,16693.71,49.06,37690,165.0179,124.0668,
2016-09-30,7368.24,76.3156,3253.2848,23297.15,2168.27,16449.84,49.05,37760,165.0444,124.1163,
2016-10-03,--,76.2537,--,23584.43,2161.2,16598.67,50.8,--,--,--,
2016-10-04,--,76.1495,--,23689.44,2150.49,16735.65,51.31,--,--,--,
2016-10-05,--,76.1269,--,23788.31,2159.73,16819.24,51.61,--,--,--,
2016-10-06,--,76.1495,--,23952.5,2160.77,16899.1,52.59,--,--,--,
2016-10-07,--,76.2099,--,23851.82,2153.74,16860.09,51.69,--,--,--,
2016-10-08,--,--,--,--,--,--,--,--,165.1964,124.2565,
2016-10-09,--,--,--,--,--,--,--,--,165.2505,124.3723,
2016-10-10,7230.15,76.1722,3293.8689,--,2163.66,--,52.92,37660,165.3477,124.4437,
2016-10-11,7318.49,76.1797,3306.5573,23549.52,2136.73,17024.76,52.53,38150,165.3868,124.4479,
2016-10-12,7267.81,76.1722,3300.0099,23407.05,2139.18,16840,51.66,37920,165.4161,124.3942,
2016-10-13,7302.21,76.2175,3302.6455,23031.3,2132.55,16774.24,51.96,37710,165.5096,124.3907,
2016-10-14,7243.78,76.2514,3305.8481,23233.31,2132.98,16856.37,52,37490,165.5962,124.4979,
2016-10-17,7455.78,76.308,3277.8787,23037.54,2126.5,16900.12,51.68,37300,165.663,124.523,
2016-10-18,7491.03,76.3684,3321.3324,23394.39,2139.6,16963.61,52.15,37410,165.7048,124.5622,
2016-10-19,7483.94,76.4062,3316.2407,23304.97,2144.29,16998.91,52.54,37210,165.7286,124.7338,
2016-10-20,7486.12,76.3601,3318.6044,23374.4,2141.34,17235.5,51.39,37310,165.8163,124.9016,
2016-10-21,7430.94,76.3458,3327.74,--,2141.16,17184.59,51.92,37200,165.88,125.0845,
2016-10-24,7459.67,76.308,3367.5778,23604.08,2151.33,17234.42,51.48,37360,165.9439,124.9385,
2016-10-25,7575.78,76.2854,3367.4547,23565.11,2143.16,17365.25,50.26,38040,165.9293,124.8631,
2016-10-26,7586.98,76.2854,3354.8003,23325.43,2139.43,17391.84,49.95,37780,165.8078,124.6365,
2016-10-27,7520.25,76.2416,3345.695,23132.35,2133.04,17336.42,50.29,37850,165.7107,124.6143,
2016-10-28,7483.5,76.3005,3340.1262,22954.81,2126.41,17446.41,49.6,38270,165.7479,124.5917,
2016-10-31,7629.18,76.3156,3336.2778,22934.54,2126.15,17425.02,48.32,38410,165.7213,124.4855,
2016-11-01,7742.98,76.3156,3359.0515,23147.07,2111.72,17442.4,47.9,38770,165.6893,124.4365,
2016-11-02,8174.13,76.3156,3333.3524,22810.5,2097.94,17134.68,47.08,38610,165.734,124.4274,
2016-11-03,8111.62,76.2476,3365.085,22683.51,2088.66,--,46.28,38970,165.7826,124.4775,
2016-11-04,7973.19,76.2726,3354.1749,22642.62,2085.18,16906.5,45.6,39100,165.8138,124.4702,
2016-11-07,7902.79,76.2741,3356.5916,22801.4,2131.52,17169.5,46.33,40330,165.8499,124.2309,
2016-11-08,7904.95,76.2175,3371.1177,22909.47,2139.56,17171.38,45.82,40500,165.8004,124.1067,
2016-11-09,8542.29,76.1193,3353.0547,22415.19,2163.26,16238.5,46.5,41640,165.8152,124.1217,
2016-11-10,8192.71,76.1042,3390.6119,22839.11,2167.48,17361.5,45.66,43950,165.7598,123.977,
2016-11-11,8151.57,76.0665,3417.2211,22531.09,2164.45,17374.79,44.52,47000,165.6219,123.8742,
2016-11-14,7997.69,75.8476,3430.2482,22222.22,2164.2,17672.62,44.76,45620,165.5414,123.5009,
2016-11-15,8044.99,75.8853,3429.8697,22323.91,2180.39,17662.5,46.91,43280,165.3823,123.2836,
2016-11-16,8010.65,75.908,3429.5921,22280.53,2176.94,17862.5,46.34,44580,165.3255,123.205,
2016-11-17,7996.21,75.8778,3436.535,22262.88,2187.12,17872.5,46,43650,165.1834,122.9118,
2016-11-18,7807.42,75.8098,3417.4554,22344.21,2181.9,17967.41,46.89,44150,165.0868,122.966,
2016-11-21,7861.26,75.8702,3441.1106,22357.78,2198.18,18106.02,49.04,45130,165.0684,122.9509,
2016-11-22,7895.46,75.9049,3468.3637,22678.07,2202.94,18162.94,49.05,46140,165.1009,123.0248,
2016-11-23,7903.26,75.8249,3474.7289,22676.69,2204.72,--,48.88,45750,165.0807,123.1493,
2016-11-24,7782.96,--,3488.7402,22608.49,--,18333.41,48.86,48130,165.0671,123.1673,
2016-11-25,7698.96,75.7872,3521.2984,22723.45,2213.35,18381.22,47.12,48060,165.0087,123.1005,
2016-11-28,7901.71,75.7947,3535.0807,22830.57,2201.72,18356.89,48.09,49150,164.9922,123.2348,
2016-11-29,7836.31,75.8174,3564.0404,22737.07,2204.66,18307.04,46.34,46640,164.8207,122.8969,
2016-11-30,7752.96,75.9231,3538.001,22789.77,2198.81,18308.48,50.45,45700,164.2927,122.6298,
2016-12-01,7880.15,75.8946,3565.036,22878.23,2191.08,18513.12,53.7,46920,163.7575,122.1829,
2016-12-02,7844.79,75.9702,3528.9547,22564.82,2191.95,18426.08,54.49,46410,163.5096,122.1198,
2016-12-05,7614.31,75.9853,3469.4073,22505.55,2204.71,18274.99,54.19,47070,163.4404,122.0079,
2016-12-06,7537.18,76.0005,3459.1533,22675.15,2212.23,18360.54,53.89,47370,162.9263,121.3646,
2016-12-07,7560.54,76.0534,3475.7473,22800.92,2241.35,18496.69,53.02,48010,162.8877,121.5169,
2016-12-08,7639.94,76.0912,3470.1426,22861.84,2246.19,18765.47,53.98,46950,163.0316,121.621,
2016-12-09,7633.65,76.0307,3493.7004,22760.98,2259.53,18996.37,54.36,47180,163.0311,121.6053,
2016-12-12,7446.48,76.0534,3409.1794,22433.02,2256.96,19155.03,55.45,46950,162.8886,121.0126,
2016-12-13,7415.27,76.0156,3405.0355,22446.7,2271.72,19250.52,55.23,46640,162.4246,120.6369,
2016-12-14,7672.29,75.766,3378.9453,22456.62,2253.28,19253.61,53.72,46260,161.9371,120.3943,
2016-12-15,7469.37,75.6299,3340.4338,22059.4,2262.03,19273.79,54.23,46450,160.9633,119.2503,
2016-12-16,7409.52,75.6224,3346.0305,22020.75,2258.07,19401.15,55.33,46300,160.685,119.2597,
2016-12-19,7432.15,75.6904,3328.9827,21832.68,2262.53,19391.6,55.07,45510,160.4213,118.8116,
2016-12-20,7345.06,75.7963,3309.0641,21729.06,2270.76,19494.53,55.54,44780,159.8914,118.6583,
2016-12-21,7410.62,75.8114,3338.536,21809.8,2265.18,19444.49,54.53,45190,160.0495,118.9912,
2016-12-22,7342,75.8946,3335.672,21636.2,2260.96,19427.67,54.9,44400,160.4077,119.5393,
2016-12-23,7271.92,75.9097,3307.5991,21574.76,2263.79,--,55.08,44960,160.8468,119.8308,
2016-12-26,7203.01,--,3322.4006,--,--,19396.64,--,44040,161.046,120.1229,
2016-12-27,7254.82,75.9248,3316.3852,--,2268.88,19403.06,56.23,44580,161.2547,120.1136,
2016-12-28,7278.71,76.0307,3301.8887,21754.74,2249.92,19401.72,55.93,45440,161.2942,120.2453,
2016-12-29,7371.06,76.0458,3297.7648,21790.91,2249.26,19145.14,56.13,45600,161.5035,120.7166,
2016-12-30,7375.75,76.1668,3310.0808,22000.56,2238.83,19114.37,56.75,45200,161.72,121.0614,
2016-12-31,--,--,--,--,--,--,--,--,161.7501,121.0778,
2017-01-03,7411.46,76.1547,3342.2272,22150.4,2257.83,--,55.56,45450,161.9947,120.7505,
2017-01-04,7431.87,76.2046,3368.3117,22134.47,2270.75,19594.16,56.47,45270,162.1309,120.5227,
2017-01-05,7540.5,76.2803,3367.7892,22456.69,2269,19520.69,56.9,45480,162.1702,120.3291,
2017-01-06,7463.57,76.182,3347.6665,22503.01,2276.98,19454.33,56.75,45090,162.1857,120.407,
2017-01-09,7403.18,76.2046,3363.9014,22558.69,2268.9,--,54.82,45420,162.3007,120.5198,
2017-01-10,7484.54,76.2122,3358.2716,22744.85,2268.9,19301.44,53.63,45910,162.4188,120.5851,
2017-01-11,7445.7,76.2576,3334.4954,22935.35,2275.32,19364.67,55.33,46880,162.5303,120.3711,
2017-01-12,7476.18,76.3446,3317.6241,22829.02,2270.44,19134.7,56.11,46720,162.6024,120.4748,
2017-01-13,7332.4,76.2954,3319.9122,22937.38,2274.64,19287.28,55.59,47100,162.6742,120.4807,
2017-01-16,7322.25,--,3319.4455,22718.15,--,19095.24,55.68,47580,162.7144,120.3488,
2017-01-17,7424.25,76.4164,3326.3563,22840.97,2267.89,18813.53,55.47,46610,162.4934,120.1556,
2017-01-18,7446.1,76.2576,3339.3653,23098.26,2271.89,18894.37,54.25,46480,162.2599,120.1663,
2017-01-19,7292.62,76.2576,3329.2891,23049.96,2263.69,19072.25,54.21,46580,162.1288,120.146,
2017-01-20,7347.57,76.3476,3354.8891,22885.91,2271.31,19137.91,55.49,45980,162.23,120.2206,
2017-01-22,--,--,--,--,--,--,--,--,162.3442,120.2049,
2017-01-23,7450.32,76.4164,3364.0808,22898.52,2265.2,18891.03,55.37,46750,162.3865,120.2376,
2017-01-24,7409.04,76.371,3364.4509,22949.86,2280.07,18787.99,55.16,46940,162.3988,119.9918,
2017-01-25,7356.02,76.3105,3375.9042,23049.12,2298.37,19057.5,55.29,47490,162.2001,119.702,
2017-01-26,7429.52,76.3559,3387.9606,23374.17,2296.68,19402.39,56.18,47770,162.2129,119.6676,
2017-01-27,--,76.4466,--,23360.78,2294.69,19467.4,55.46,--,--,--,
2017-01-30,--,76.4693,--,--,2280.9,19368.85,55.25,--,--,--,
2017-01-31,--,76.5412,--,--,2278.87,19041.34,55.68,--,--,--,
2017-02-01,--,76.5449,--,23318.39,2279.55,19148.08,56.59,--,--,--,
2017-02-02,--,76.5525,--,23184.52,2280.85,18914.58,56.74,--,--,--,
2017-02-03,7465.57,76.5676,3364.4923,23129.21,2297.42,18918.2,56.72,46620,162.0783,119.3219,
2017-02-04,--,--,--,--,--,--,--,--,161.9802,119.3048,
2017-02-06,7490.97,76.6054,3373.2051,23348.24,2292.56,18976.71,55.89,46460,161.7502,118.9048,
2017-02-07,7635.06,76.5449,3365.6849,23331.57,2293.08,18910.78,54.66,46670,161.3305,118.825,
2017-02-08,7582.83,76.5223,3383.2878,23485.13,2294.67,19007.6,55.16,47450,161.2009,118.8517,
2017-02-09,7611.34,76.4693,3396.2924,23525.14,2307.87,18907.67,55.74,47140,161.3497,119.0533,
2017-02-10,7524.52,76.4769,3413.4868,23574.98,2316.1,19378.93,56.61,47350,161.4222,118.9947,
2017-02-13,7588.31,76.3937,3436.275,23710.98,2328.25,19459.15,55.66,49500,161.5161,118.9994,
2017-02-14,7590.79,76.303,3435.8042,23703.01,2337.58,19238.98,55.8,49630,161.5549,119.0242,
2017-02-15,7452.45,76.3559,3421.7131,23994.87,2349.25,19437.98,55.69,48300,161.5513,118.9997,
2017-02-16,7530.46,76.4693,3440.9331,24107.7,2347.22,19347.53,55.81,48560,161.5779,119.1147,
2017-02-17,7487.73,76.5147,3421.4419,24033.74,2351.16,19234.62,55.72,48220,161.6742,119.3228,
2017-02-20,7502.67,--,3471.3926,24146.08,--,19251.08,56.15,48520,161.7865,119.5621,
2017-02-21,7574.81,76.5298,3482.823,23963.63,2365.38,19381.44,56.67,48690,161.8205,119.4252,
2017-02-22,7560.48,76.5903,3489.7567,24201.96,2362.82,19379.87,56.19,48470,161.792,119.5073,
2017-02-23,7607.21,76.6501,3473.3236,24114.86,2363.81,19371.46,56.47,48220,161.8692,119.5848,
2017-02-24,7615.59,76.7416,3473.8517,23965.7,2367.34,19283.54,56.04,47600,161.9976,119.5025,
2017-02-27,7574.24,76.6054,3446.2228,23925.05,2369.73,19107.47,55.88,47530,162.0589,119.5643,
2017-02-28,7530.79,76.5903,3452.8103,23740.73,2363.64,19118.99,55.56,47460,162.0298,119.5214,
2017-03-01,7504.32,76.4466,3458.4376,23776.49,2395.96,19393.54,56.28,48420,161.9849,119.4456,
2017-03-02,7435.82,76.3256,3435.0963,23728.07,2381.92,19564.8,55.03,48440,161.9466,119.438,
2017-03-03,7261.64,76.5147,3427.8628,23552.72,2383.12,19469.17,55.71,48050,161.9035,119.4267,
2017-03-06,7291.86,76.4663,3446.484,23596.28,2375.31,19379.14,55.94,47680,161.8955,119.3545,
2017-03-07,7294.23,76.4693,3453.9565,23681.07,2368.39,19344.15,55.6,47530,161.7861,119.3279,
2017-03-08,7259.89,76.3483,3448.7313,23782.27,2362.98,19254.03,53.16,46910,161.7392,119.1362,
2017-03-09,7173.05,76.25,3426.9438,23501.56,2364.87,19318.58,52.38,46200,161.6404,119.1069,
2017-03-10,7182.5,76.25,3427.8916,23568.67,2372.6,19604.61,51.27,46300,161.5122,119.0947,
2017-03-13,7319.73,76.1971,3458.098,23829.67,2373.47,19633.75,51.33,47020,161.4369,119.2063,
2017-03-14,7279.09,76.1517,3456.6934,23827.95,2365.45,19609.5,51.84,46850,161.4121,119.2625,
2017-03-15,7326.88,76.4693,3463.6436,23792.85,2385.26,19577.38,52,47220,161.5151,119.2566,
2017-03-16,7368.33,76.4164,3481.5066,24288.28,2381.38,19590.14,51.74,47920,161.6572,119.4387,
2017-03-17,7316.84,76.492,3445.8051,24309.93,2378.25,19521.59,51.67,47550,161.6863,119.3412,
2017-03-20,7343.41,76.5215,3449.6126,24501.99,2373.47,--,51.72,47680,161.7277,119.2025,
2017-03-21,7277.93,76.5449,3466.3468,24593.12,2344.02,19455.88,50.85,47100,161.634,119.0792,
2017-03-22,7334.19,76.5752,3450.0502,24320.41,2348.45,19041.38,50.68,46470,161.7177,119.0937,
2017-03-23,7366.39,76.5676,3461.9782,24327.7,2345.96,19085.31,50.51,46950,161.7724,119.0573,
2017-03-24,7265.37,76.5828,3489.5997,24358.27,2343.98,19262.53,50.97,46910,161.9186,119.3006,
2017-03-27,7397.08,76.6281,3478.0385,24193.7,2341.59,18985.59,50.79,46110,162.0911,119.4313,
2017-03-28,7333.3,76.5752,3469.8093,24345.87,2358.57,19202.87,51.35,46580,162.2327,119.4473,
2017-03-29,7318.19,76.6735,3465.1933,24392.05,2361.13,19217.48,52.44,47300,162.2618,119.4174,
2017-03-30,7134.86,76.6274,3436.758,24301.09,2368.06,19063.22,52.86,47240,162.2485,119.4226,
2017-03-31,7125.67,76.7189,3456.0455,24111.59,2362.72,18909.26,52.74,47540,162.2875,119.4405,
2017-04-01,--,--,--,--,--,--,--,--,162.3207,119.4994,
2017-04-03,--,76.7924,--,24261.48,2358.84,18983.23,53.1,--,--,--,
2017-04-04,--,76.747,--,--,2360.16,18810.25,54.26,--,--,--,
2017-04-05,7200.39,76.8227,3503.8932,24400.8,2352.95,18861.27,54.01,47220,162.4522,119.4236,
2017-04-06,7229.91,76.7773,3514.0469,24273.72,2357.49,18597.06,54.9,47620,162.4386,119.4043,
2017-04-07,7453.85,76.6713,3517.4634,24267.3,2355.54,18664.63,55.26,46950,162.501,119.4269,
2017-04-10,7346.48,76.6713,3505.1392,24262.18,2357.16,18797.88,56,46890,162.6169,119.3842,
2017-04-11,7497.54,76.7394,3517.328,24088.46,2353.78,18747.87,56.29,46470,162.6252,119.4024,
2017-04-12,7500.35,76.8303,3509.4387,24313.5,2344.78,18552.61,55.62,46040,162.6784,119.3305,
2017-04-13,7498.42,76.8681,3514.5662,24261.66,2328.95,18426.84,55.64,46250,162.6869,119.3974,
2017-04-14,7605.21,--,3486.5045,--,--,18335.63,--,45900,162.6108,119.164,
2017-04-17,7417.62,76.7092,3479.9417,--,2349.01,18355.26,55.48,46890,162.4347,118.7694,
2017-04-18,7364.05,76.7243,3462.7429,23924.54,2342.19,18418.59,54.82,45780,162.3009,118.5999,
2017-04-19,7313.27,76.6524,3445.8761,23825.88,2338.17,18432.2,53.08,45770,162.197,118.5892,
2017-04-20,7185.37,76.6562,3461.5481,24056.98,2355.84,18430.49,52.99,45550,162.035,118.4762,
2017-04-21,7201.42,76.6713,3466.7865,24042.02,2348.69,18620.75,52.05,45980,161.8506,118.24,
2017-04-24,6965.8,76.6638,3431.2587,24139.48,2374.15,18875.88,51.61,45870,161.6651,117.9654,
2017-04-25,6980.75,76.6486,3440.9743,24455.94,2388.61,19079.33,51.97,45980,161.5509,118.0659,
2017-04-26,6988.33,76.6562,3445.1832,24578.43,2387.45,19289.43,51.5,46160,161.6134,118.0295,
2017-04-27,6981.63,76.6183,3446.7202,24698.48,2388.77,19251.87,51.7,46200,161.71,118.0596,
2017-04-28,7034.41,76.6562,3439.753,24615.13,2384.2,19196.74,51.71,46310,161.7466,117.9782,
2017-05-01,--,76.5812,--,--,2388.33,19310.52,51.46,--,--,--,
2017-05-02,6975.3,76.56,3426.5766,24696.13,2391.17,19445.7,51.13,46680,161.7999,117.8565,
2017-05-03,6959.79,76.475,3413.1282,--,2388.13,--,50.62,46500,161.6269,117.6331,
2017-05-04,6865.16,76.337,3404.3864,24683.88,2389.52,--,48.35,45160,161.5506,117.4735,
2017-05-05,6820.08,76.384,3382.5502,24476.35,2399.29,--,49.48,44980,161.5113,117.4148,
2017-05-08,6747.97,76.3347,3358.8125,24577.91,2399.38,19895.7,49.45,44650,161.3755,117.1869,
2017-05-09,6726.05,76.2779,3352.5324,24889.03,2396.92,19843,48.99,44730,161.2028,117,
2017-05-10,6634.43,76.331,3337.7007,25015.42,2399.63,19900.09,50.28,44790,160.889,116.67,
2017-05-11,6564.23,76.4447,3356.6459,25125.55,2394.44,19961.55,50.77,45150,160.7851,116.8636,
2017-05-12,6598.69,76.4447,3385.3787,25156.34,2390.9,19883.9,50.91,44860,160.7236,116.7248,
2017-05-15,6632.89,76.422,3399.1937,25371.59,2402.32,19869.85,51.8,45280,160.7799,116.7814,
2017-05-16,6687.77,76.422,3428.6491,25335.94,2400.67,19919.82,51.23,45150,160.7146,116.7476,
2017-05-17,6690.48,76.5357,3409.9656,25293.63,2357.03,19814.88,52.09,45360,160.7017,116.4751,
2017-05-18,6581.22,76.5129,3398.1127,25136.52,2365.72,19553.86,52.5,44920,160.6905,116.5019,
2017-05-19,6426.39,76.5888,3403.8492,25174.87,2381.73,19590.76,53.8,45280,160.6495,116.3965,
2017-05-22,6350.92,76.5509,3411.2387,25391.34,2394.02,19678.28,53.74,45780,160.66,116.225,
2017-05-23,6271.32,76.5281,3424.194,25403.15,2398.42,19613.28,54.16,45720,160.5963,116.2395,
2017-05-24,6172.29,76.5653,3424.1669,25428.5,2404.39,19742.98,53.86,45730,160.5966,116.3225,
2017-05-25,6224.05,76.5205,3485.6581,25630.78,2415.07,19813.13,51.33,45950,160.6222,116.4686,
2017-05-26,6300.39,76.566,3480.4345,25639.27,2415.82,19686.84,52.23,45940,160.5959,116.4189,
2017-05-27,--,--,--,--,--,--,--,--,160.6385,116.4745,
2017-05-29,--,--,--,25701.63,--,19682.57,52.25,--,--,--,
2017-05-30,--,76.6115,--,--,2412.91,19677.85,51.8,--,--,--,
2017-05-31,6292.32,76.5964,3492.8845,25660.65,2411.8,19650.57,50.29,45180,160.7465,116.7103,
2017-06-01,6188.51,76.607,3497.7382,25809.22,2430.06,19860.03,50.4,45300,160.7653,116.7079,
2017-06-02,6204.68,76.6549,3486.5074,25924.05,2439.07,20177.28,49.95,45320,160.8163,116.6976,
2017-06-05,6346.96,76.5941,3468.7538,25862.99,2436.1,20170.82,49.48,45200,160.8712,116.8046,
2017-06-06,6392.25,76.6397,3492.8816,25997.14,2429.33,19979.9,49.97,44860,160.9111,116.7321,
2017-06-07,6439.82,76.5637,3533.8718,25974.16,2433.14,19984.62,48.2,44850,160.9201,116.644,
2017-06-08,6391.45,76.5485,3560.9786,26063.06,2433.79,19909.26,47.87,45130,160.9637,116.6005,
2017-06-09,6354.06,76.5182,3576.1703,26030.29,2431.77,20013.26,48.3,45850,161.0037,116.6925,
2017-06-12,6308.24,76.465,3574.3894,25708.04,2429.39,19908.58,48.27,46150,161.1882,117.0824,
2017-06-13,6388.6,76.465,3582.2674,25852.1,2440.35,19898.75,48.23,45710,161.3733,117.1605,
2017-06-14,6414.65,76.2447,3535.2987,25875.9,2437.92,19883.52,46.9,45760,161.5325,117.3045,
2017-06-15,6431.61,76.146,3528.7926,25565.34,2432.46,19831.82,46.79,45310,161.7,117.3308,
2017-06-16,6401.29,76.2295,3518.7611,25626.49,2433.15,19943.26,47.29,45440,161.8342,117.0041,
2017-06-19,6406.23,76.1384,3553.6653,25924.55,2453.46,20067.75,46.81,45570,162.1702,117.3383,
2017-06-20,6420.46,76.1308,3546.494,25843.04,2437.03,20230.41,45.84,45760,162.4266,117.4159,
2017-06-21,6428.95,76.1232,3587.955,25694.58,2435.61,20138.79,44.78,45460,162.6553,117.1921,
2017-06-22,6436.53,76.2447,3590.3425,25674.53,2434.5,20110.51,45.29,45720,162.6744,117.0267,
2017-06-23,6412.11,76.2827,3622.8831,25670.05,2438.3,20132.67,45.61,46560,162.7162,117.0562,
2017-06-26,6437.69,76.3359,3668.0919,25871.89,2439.07,20153.35,45.94,46680,162.8966,117.2277,
2017-06-27,6447.25,76.2903,3674.7152,25839.99,2419.38,20225.09,46.18,46640,163.1012,117.369,
2017-06-28,6466.18,76.3966,3646.1666,25683.5,2440.69,20130.41,47.44,46830,163.2696,117.3278,
2017-06-29,6473.15,76.3055,3668.8279,25965.42,2419.7,20220.3,47.28,47300,163.4214,117.305,
2017-06-30,6490.45,76.2447,3666.7977,25764.58,2423.41,20033.43,47.9,47380,163.4529,117.179,
2017-07-03,6484.9,76.2516,3650.8463,25784.17,2429.01,20055.8,49.6,47380,163.5604,117.0144,
2017-07-04,6493.18,--,3619.9841,25389.01,--,20032.35,49.68,46840,163.5626,116.9953,
2017-07-05,6511.18,76.2364,3659.6795,25521.97,2432.54,20081.63,--,46950,163.6037,117.1452,
2017-07-06,6589.5,76.2135,3660.0967,25465.22,2409.75,19994.06,--,46780,163.6972,117.2599,
2017-07-07,6643.18,76.1298,3655.9293,25340.85,2425.18,19929.09,46.88,46950,163.7436,117.2078,
2017-07-10,6619.14,76.1146,3653.6868,25500.06,2427.43,20080.98,46.99,46580,163.8656,117.1635,
2017-07-11,6521.69,76.1831,3670.8086,25877.64,2425.53,20195.48,48.1,46830,163.9135,117.142,
2017-07-12,6556.12,76.2896,3658.8236,26043.64,2443.25,20098.38,47.71,47020,163.9519,117.1575,
2017-07-13,6749.46,76.2744,3686.9205,26346.17,2447.83,20099.81,48.37,47110,164.0079,117.2116,
2017-07-14,6693.92,76.2516,3703.094,26389.23,2459.27,20118.86,49.04,46890,164.1086,117.2133,
2017-07-17,6674.86,76.2896,3663.5575,26470.58,2459.14,--,48.37,47560,164.3003,117.2208,
2017-07-18,6742.65,76.3505,3667.1807,26524.94,2460.61,19999.91,48.7,47560,164.2603,117.1085,
2017-07-19,6928.56,76.381,3729.7466,26672.16,2473.83,20020.86,49.57,47860,164.2821,117.1551,
2017-07-20,6844.9,76.3353,3747.8843,26740.21,2473.45,20144.59,49.28,47710,164.2831,117.1646,
2017-07-21,6844.4,76.3505,3728.5976,26706.09,2472.54,20099.75,47.93,47890,164.3011,117.0472,
2017-07-24,6845.06,76.3429,3743.4686,26846.83,2469.91,19975.67,48.71,47680,164.4021,116.9309,
2017-07-25,6767.96,76.282,3719.559,26852.05,2477.08,19955.2,50.69,48420,164.4528,116.861,
2017-07-26,6846.86,76.4418,3705.3884,26941.02,2477.83,20050.16,50.89,49890,164.4721,116.6921,
2017-07-27,6877.2,76.4571,3712.1947,27131.17,2475.42,20079.64,51.6,49890,164.4794,116.7484,
2017-07-28,6826.08,76.4951,3721.8914,26979.39,2472.1,19959.84,52.63,49800,164.4913,116.6941,
2017-07-31,6992.46,76.4571,3737.8732,27323.99,2470.3,19925.18,52.62,50540,164.595,116.6206,
2017-08-01,7060.52,76.5035,3770.3828,27540.23,2476.35,19985.79,51.47,50050,164.5545,116.5584,
2017-08-02,6993.13,76.4715,3760.8525,27607.38,2477.57,20080.04,52.29,49900,164.5015,116.6,
2017-08-03,7013.77,76.4959,3727.8264,27531.01,2472.16,20029.26,51.93,49750,164.4854,116.6327,
2017-08-04,7202.95,76.5111,3707.5796,27562.68,2476.83,19952.33,52.46,50120,164.5568,116.6555,
2017-08-07,7120.65,76.5492,3726.7948,27690.36,2480.91,20055.89,52.3,50140,164.553,116.4898,
2017-08-08,7208.78,76.595,3732.2129,27854.91,2474.92,19996.01,51.99,50140,164.4825,116.4918,
2017-08-09,7378.33,76.6407,3731.044,27757.09,2474.02,19738.71,52.82,50920,164.4678,116.4653,
2017-08-10,7433.9,76.6559,3715.9208,27444,2438.21,19729.74,51.82,50450,164.46,116.5283,
2017-08-11,7263.34,76.6483,3647.3503,26883.51,2441.32,--,52.05,49650,164.502,116.6646,
2017-08-14,7194.74,76.4959,3694.6831,27250.23,2465.84,19537.1,50.62,49790,164.5569,116.7385,
2017-08-15,7080.69,76.3969,3706.0566,27174.96,2464.61,19753.31,51,49880,164.6079,116.779,
2017-08-16,6982.29,76.4883,3701.4207,27409.07,2468.11,19729.28,50.4,50060,164.6345,116.7004,
2017-08-17,7161.82,76.5188,3721.277,27344.22,2430.01,19702.63,50.8,51290,164.5991,116.6177,
2017-08-18,7114.96,76.5264,3724.6748,27047.57,2425.55,19470.41,52.86,50930,164.6289,116.458,
2017-08-21,7150.12,76.5264,3740.9941,27154.68,2428.37,19393.13,51.7,51520,164.6317,116.3178,
2017-08-22,7132.98,76.4731,3752.298,27401.67,2452.51,19383.84,51.67,52040,164.6185,116.2529,
2017-08-23,7002.78,76.5797,3756.0884,--,2444.04,19434.64,52.52,51430,164.6088,116.2418,
2017-08-24,6919.26,76.5035,3734.6458,27518.6,2438.97,19353.77,52.13,51770,164.5954,116.1494,
2017-08-25,7004.91,76.5035,3795.7544,27848.16,2443.05,19452.61,52.35,52650,164.5809,116.0939,
2017-08-28,7135.01,76.5721,3842.7119,27863.29,2444.24,19449.9,52.05,52780,164.6081,115.9745,
2017-08-29,7188.05,76.6254,3834.5376,27765.01,2446.3,19362.55,51.95,52540,164.522,116.059,
2017-08-30,7143.09,76.5911,3834.3005,28094.61,2457.59,19506.54,50.82,52600,164.4744,116.0789,
2017-08-31,7126.32,76.6407,3822.0928,27970.3,2471.65,19646.24,52.31,52750,164.3877,116.1296,
2017-09-01,7378.96,76.662,3830.5383,27953.16,2476.55,19691.47,52.69,52680,164.5105,116.087,
2017-09-04,7671.37,--,3845.6163,27740.26,--,19508.25,52.2,53030,164.5381,116.0506,
2017-09-05,7571.19,76.826,3857.0464,27741.35,2457.85,19385.81,53.19,53470,164.5597,115.9759,
2017-09-06,7646.65,76.7116,3849.4499,27613.76,2465.54,19357.97,54.17,53020,164.5752,115.977,
2017-09-07,7444.7,76.91,3829.8713,27522.92,2465.1,19396.52,54.5,52600,164.619,116.1504,
2017-09-08,7597.32,76.9023,3825.9895,27668.47,2461.43,19274.82,53.75,51620,164.7417,116.2115,
2017-09-11,7453.39,76.8108,3825.6453,27955.13,2488.11,19545.77,53.93,51400,164.8675,116.1947,
2017-09-12,7393.81,76.8108,3837.9341,27972.24,2496.48,19776.62,54.28,51470,164.9242,116.1921,
2017-09-13,7335.58,76.7879,3842.6061,27894.08,2498.37,19865.82,55.08,50850,164.9916,116.1172,
2017-09-14,7282.44,76.8184,3829.9554,27777.2,2495.62,19807.44,55.28,50220,165.0271,116.2411,
2017-09-15,7238.86,76.7955,3831.2965,27807.59,2500.23,19909.5,55.48,50290,165.1023,116.1656,
2017-09-18,7182.35,76.7955,3843.1428,28159.77,2503.87,--,55.44,50630,165.1765,116.0444,
2017-09-19,7167.93,76.7726,3832.1161,28051.41,2506.65,20299.38,55.4,50640,165.1841,116.0699,
2017-09-20,7264.21,76.6429,3842.4353,28127.8,2508.24,20310.46,56.18,50720,165.2251,116.0162,
2017-09-21,7037.37,76.6086,3837.8176,28110.33,2500.6,20347.48,56.45,50170,165.2543,115.9623,
2017-09-22,7047.76,76.6811,3837.7304,27880.53,2502.22,20296.45,56.9,49570,165.3113,116.1041,
2017-09-25,7008.81,76.7726,3817.7915,27500.34,2496.66,20397.58,59.12,50230,165.3932,116.2897,
2017-09-26,7047.61,76.7269,3820.7816,27513.01,2496.84,20330.19,58.59,50590,165.431,116.2816,
2017-09-27,7007.98,76.7116,3821.2,27642.43,2507.04,20267.05,57.65,50500,165.4037,116.239,
2017-09-28,6933.49,76.6963,3822.5386,27421.6,2510.06,20363.11,57.54,50610,165.3939,116.2939,
2017-09-29,6986.02,76.5819,3836.5013,27554.3,2519.36,20356.28,57.51,51580,165.4339,116.3165,
2017-09-30,--,--,--,--,--,--,--,--,165.4798,116.3135,
2017-10-02,--,76.5422,--,--,2529.12,20400.78,--,--,--,--,
2017-10-03,--,76.6033,--,28173.21,2534.58,20614.07,--,--,--,--,
2017-10-04,--,76.6338,--,28379.18,2537.74,20626.66,--,--,--,--,
2017-10-05,--,76.6338,--,--,2552.07,20628.56,--,--,--,--,
2017-10-06,--,76.6262,--,28458.04,2549.33,20690.71,--,--,--,--,
2017-10-09,7031.66,76.6185,3882.2076,28326.59,2544.73,--,--,52110,165.6906,116.2568,
2017-10-10,7029.44,76.6796,3889.8637,28490.83,2550.64,20823.51,--,51980,165.6783,116.2404,
2017-10-11,6966.75,76.7025,3902.6868,28389.57,2555.24,20881.27,--,52680,165.7243,116.2523,
2017-10-12,6989.94,76.7254,3912.9536,28459.03,2550.93,20954.72,--,53730,165.7468,116.1307,
2017-10-13,6996.74,76.6948,3921.0017,28476.43,2553.17,21155.18,57.2,53870,165.7463,116.1475,
2017-10-16,7007.41,76.5956,3913.4462,28692.8,2557.64,21255.56,57.92,55300,165.7503,115.9315,
2017-10-17,6858.56,76.5346,3913.0688,28697.49,2559.36,21336.12,58.11,55160,165.6844,115.7081,
2017-10-18,6867.95,76.5269,3944.1626,28711.76,2561.26,21363.05,58.2,55000,165.6957,115.7371,
2017-10-19,6801.22,76.5498,3931.2495,28159.09,2562.1,21448.52,57.33,54700,165.7572,115.8507,
2017-10-20,6820.16,76.5727,3926.852,28487.24,2575.21,21457.64,57.94,55180,165.8132,115.8467,
2017-10-23,6771.59,76.6033,3930.7981,28305.88,2564.98,21696.65,57.33,54500,165.8955,115.7616,
2017-10-24,6847.64,76.5651,3959.3953,28154.97,2569.13,21805.17,58.53,55600,165.8526,115.7586,
2017-10-25,6864.17,76.5804,3976.949,28302.89,2557.15,21707.62,58.44,54750,165.8705,115.5423,
2017-10-26,6825.11,76.5575,3993.5752,28202.38,2560.4,21739.78,59.48,54870,165.8742,115.5441,
2017-10-27,6648.43,76.6872,4021.9676,28438.85,2581.07,22008.45,60.5,54100,165.817,115.3561,
2017-10-30,6521.25,76.7406,4009.7218,28336.19,2572.83,22011.67,60.87,53690,165.6353,114.8524,
2017-10-31,6544.31,76.7559,4006.7179,28245.54,2575.26,22011.61,61.32,53880,165.5435,114.9108,
2017-11-01,6551.9,76.7659,3996.6221,28594.06,2579.36,22420.08,--,54500,165.5555,115.138,
2017-11-02,6562.74,76.7965,3997.1343,28518.64,2579.85,22539.12,--,54060,165.5867,115.0971,
2017-11-03,6526.74,76.7888,3992.6979,28603.61,2587.84,--,--,54320,165.5739,115.0577,
2017-11-06,6489.41,76.85,4020.8896,28596.8,2591.13,22548.35,64.11,54530,165.5684,115.059,
2017-11-07,6536.54,76.8958,4054.2465,28994.34,2590.64,22937.6,63.54,54460,165.52,114.9377,
2017-11-08,6538.93,76.8652,4048.0057,28907.6,2594.38,22913.82,63.49,53390,165.5021,114.9372,
2017-11-09,6558.02,76.8729,4075.8998,29136.57,2584.62,22868.71,63.81,53190,165.4829,114.9576,
2017-11-10,6522.36,76.7965,4111.9112,29120.92,2582.3,22681.42,63.6,53590,165.4404,114.8863,
2017-11-13,6449.11,76.7735,4128.0733,29182.18,2584.84,22380.99,63.13,53540,165.3454,114.7089,
2017-11-14,6449.86,76.7659,4099.351,29152.12,2578.87,22380.01,61.52,53780,165.2021,114.6685,
2017-11-15,6551.31,76.8423,4073.6696,28851.69,2564.62,22028.32,61.84,52620,165.1058,114.7156,
2017-11-16,6477.98,76.7735,4105.0122,29018.76,2585.64,22351.12,61.37,52790,165.1283,114.8683,
2017-11-17,6484.02,76.7965,4120.8508,29199.04,2578.85,22396.8,62.72,52920,165.1046,114.8839,
2017-11-20,6478.99,76.6971,4143.8334,29260.31,2582.14,22261.76,62.15,52920,165.1058,114.8826,
2017-11-21,6444.76,76.6513,4217.7015,29818.07,2599.03,22416.48,62.76,53370,165.0081,114.8352,
2017-11-22,6511.04,76.7659,4227.5666,30003.49,2597.08,22523.15,63.29,54000,164.709,114.6564,
2017-11-23,6523.24,--,4102.3966,29707.94,--,--,63.42,53780,164.5314,114.6488,
2017-11-24,6531.07,76.7735,4104.2034,29866.32,2602.42,22550.85,63.73,54240,164.4414,114.7615,
2017-11-27,6530.73,76.7659,4049.9475,29686.19,2601.42,22495.99,63.76,53730,164.4524,114.7666,
2017-11-28,6547.97,76.7277,4055.8235,29680.85,2627.04,22486.24,63.37,53350,164.4223,114.7318,
2017-11-29,6654.36,76.6589,4053.7529,29623.83,2626.07,22597.2,63.35,53100,164.3529,114.867,
2017-11-30,6554.38,76.6245,4006.0993,29177.35,2647.58,22724.96,63.57,52790,164.3982,114.9656,
2017-12-01,6551.9,76.6912,3998.1365,29074.24,2642.22,22819.03,63.7,52850,164.4474,115.0234,
2017-12-04,6526.17,76.6375,4018.8571,29138.28,2639.44,22723,62.47,53480,164.6087,115.0876,
2017-12-05,6537.79,76.6222,4040.1704,28842.8,2629.57,22622.38,62.68,52490,164.6812,115.1254,
2017-12-06,6442.4,76.6375,4015.8211,28224.8,2629.27,22177.04,61.2,51410,164.7205,115.1657,
2017-12-07,6542.61,76.6452,3971.0569,28303.19,2636.98,22701.35,62.1,51220,164.7758,115.1212,
2017-12-08,6501.24,76.6529,4003.3792,28639.85,2651.5,22811.08,63.39,51620,164.8311,115.054,
2017-12-11,6513.95,76.6452,4069.4997,28965.29,2659.99,22938.73,64.75,51200,164.9174,114.8904,
2017-12-12,6486.46,76.6682,4016.0163,28793.88,2664.11,22866.17,63.86,51850,164.9053,114.837,
2017-12-13,6537.62,76.6759,4050.0927,29222.1,2662.85,22758.07,62.78,52070,164.8609,114.8284,
2017-12-14,6625.72,76.6375,4026.1516,29166.38,2652.01,22694.45,63.39,52110,164.8348,114.8841,
2017-12-15,6720.63,76.5531,3980.8558,28848.11,2675.81,22553.22,63.25,52690,164.859,114.9908,
2017-12-18,6716.94,76.5531,3985.2914,29050.41,2690.16,22901.77,63.39,53480,164.9018,115.0274,
2017-12-19,6692.19,76.5531,4035.3294,29253.66,2681.47,22868,63.88,53280,164.8919,114.9977,
2017-12-20,6632.26,76.5454,4030.4898,29234.09,2679.25,22891.72,64.5,53570,164.9138,114.9851,
2017-12-21,6648.91,76.5522,4067.8485,29367.06,2684.57,22866.1,64.64,54080,164.8656,114.9827,
2017-12-22,6707.61,76.5445,4054.5984,29578.01,2683.34,22902.76,65.04,54330,164.823,115.0415,
2017-12-25,6808.59,--,4041.5401,--,--,22939.18,--,54590,164.8759,115.0467,
2017-12-26,6777.96,76.5599,4053.6224,--,2680.5,22892.69,66.79,55100,164.8856,114.9853,
2017-12-27,6829.71,76.6521,3991.2075,29597.66,2682.62,22911.21,66.37,54820,164.8082,114.9518,
2017-12-28,7173.12,76.6367,4018.8974,29863.71,2687.54,22783.98,66.57,55610,164.8208,114.984,
2017-12-29,7127.15,76.7289,4030.8549,29919.15,2673.61,22764.94,--,55150,164.8572,115.0438,
2017-12-30,--,--,--,--,--,--,--,--,164.8866,115.0605,
2017-12-31,--,--,--,--,--,--,--,--,164.9138,115.073,
2018-01-02,7162.86,76.7443,4087.4012,30515.31,2695.79,--,66.55,55100,165.0237,115.0934,
2018-01-03,7190.19,76.7212,4111.3925,30560.95,2713.06,--,67.98,54680,165.0774,115.0847,
2018-01-04,7202.77,76.7366,4128.8119,30736.48,2723.99,23506.33,68.06,55000,165.1043,115.0415,
2018-01-05,7216.8,76.752,4138.7505,30814.64,2743.15,23714.53,67.79,54690,165.1658,115.1589,
2018-01-08,7378.46,76.7443,4160.1595,30899.53,2747.71,--,67.92,54360,165.2774,115.2929,
2018-01-09,7283.54,76.7212,4189.2977,31011.41,2751.29,23849.99,69.16,54630,165.382,115.3575,
2018-01-10,7224.19,76.7289,4207.8132,31073.72,2748.23,23788.2,69.1,54440,165.3787,115.2893,
2018-01-11,7206.07,76.6867,4205.5863,31120.39,2767.56,23710.43,69.11,54730,165.3388,115.2274,
2018-01-12,7256.23,76.7212,4225.001,31412.54,2786.24,23653.82,69.81,54480,165.3269,115.2695,
2018-01-15,7277.37,--,4225.2393,31338.87,--,23714.88,70.22,54580,165.4117,115.1708,
2018-01-16,7266.98,76.7289,4258.473,31904.75,2776.42,23951.81,69.32,54150,165.4109,115.1455,
2018-01-17,7113.34,76.6828,4248.1164,31983.41,2802.56,23868.34,69.45,53470,165.3822,115.1268,
2018-01-18,7046.02,76.7366,4271.4168,32121.94,2798.03,23763.37,69.14,53560,165.4061,115.0798,
2018-01-19,7089.34,76.6751,4285.395,32254.89,2810.3,23808.06,68.65,53620,165.3776,115.0908,
2018-01-22,7103.45,76.6559,4336.5974,32393.41,2832.97,23816.33,69.24,53780,165.4219,115.1264,
2018-01-23,7195.08,76.7289,4382.6129,32930.7,2839.13,24059.59,69.84,53590,165.4546,115.177,
2018-01-24,7142.57,76.7212,4389.8853,32958.69,2837.54,23940.78,70.75,52620,165.4659,115.1256,
2018-01-25,7481.09,76.7596,4365.0794,32654.45,2839.25,23669.49,70.04,53700,165.4713,115.1374,
2018-01-26,7383.28,76.7135,4381.2996,33154.12,2872.87,23631.88,70.29,53270,165.4722,115.1809,
2018-01-29,7406.88,76.6521,4302.0181,32966.89,2853.53,23629.34,69.41,53440,165.5522,115.1949,
2018-01-30,7263.69,76.5906,4256.1021,32607.29,2822.43,23291.97,68.61,52800,165.5713,115.1974,
2018-01-31,7368.89,76.5368,4275.8986,32887.27,2823.81,23098.29,69.06,52950,165.6104,115.2653,
2018-02-01,7129.6,76.5061,4245.8978,32642.09,2821.98,23486.11,69.78,52790,165.6057,115.3124,
2018-02-02,7358.17,76.5292,4271.2326,32601.78,2762.13,23274.53,68.23,53270,165.7019,115.3239,
2018-02-05,7304.52,76.606,4274.1464,32245.22,2648.94,22682.08,66.91,52790,165.7384,115.2343,
2018-02-06,7337.44,76.4907,4148.8856,30595.42,2695.14,21610.24,67.22,52480,165.8178,115.3957,
2018-02-07,7223.84,76.4907,4050.4972,30323.2,2681.65,21645.37,65.35,52410,165.8412,115.4962,
2018-02-08,6749.81,76.4677,4012.0472,30451.27,2581,21890.86,64.31,51610,165.9478,115.4627,
2018-02-09,6352.82,76.4216,3840.6527,29507.42,2619.55,21382.62,62.71,51060,165.9664,115.5036,
2018-02-11,--,--,--,--,--,--,--,--,166.0742,115.5221,
2018-02-12,6383.99,76.4062,3890.1046,29459.63,2656,--,62.66,51520,166.0913,115.5278,
2018-02-13,6428.82,76.4139,3935.6324,29839.53,2662.94,21244.68,62.61,51910,166.1193,115.5677,
2018-02-14,6589.46,76.437,3966.9614,30515.6,2698.63,21154.17,64.35,52620,166.1645,115.5933,
2018-02-15,--,76.4216,--,31115.43,2731.2,21464.98,64.53,--,--,--,
2018-02-16,--,76.4984,--,--,2732.22,21720.25,64.9,--,--,--,
2018-02-19,--,--,--,--,--,22149.21,65.62,--,--,--,
2018-02-20,--,76.4446,--,30873.63,2716.26,21925.1,65.11,--,--,--,
2018-02-21,--,76.437,--,31431.89,2701.33,21970.81,65.08,--,--,--,
2018-02-22,6706.56,76.4639,4052.7332,30965.68,2703.96,21736.44,66.18,52530,166.4475,115.5472,
2018-02-23,6720.57,76.5829,4071.0889,31267.17,2747.3,21892.78,67.1,53330,166.4738,115.5651,
2018-02-24,--,--,--,--,--,--,--,--,166.5276,115.5975,
2018-02-26,6823.84,76.6444,4118.4186,31498.6,2779.6,22153.63,67.53,53350,166.6427,115.8309,
2018-02-27,6657.18,76.5522,4058.9806,31268.66,2744.28,22389.86,66.41,53110,166.7351,115.9537,
2018-02-28,6559.01,76.5215,4023.6415,30844.72,2713.83,22068.24,65.76,52350,166.8456,116.0386,
2018-03-01,6608.73,76.6444,4049.0863,31044.25,2677.67,21724.47,64.2,52100,166.9308,116.0258,
2018-03-02,6652.43,76.6675,4016.461,30583.45,2691.25,21181.64,64.56,52130,166.9488,115.9839,
2018-03-05,6645.64,76.7135,4018.097,29886.39,2720.94,21042.09,65.56,51740,167.0086,115.9428,
2018-03-06,6637.29,76.6982,4066.5647,30510.73,2728.12,21417.76,65.53,52150,167.043,115.9636,
2018-03-07,6612.81,76.7289,4036.6536,30196.92,2726.8,21252.72,64.58,51950,167.1032,116.0293,
2018-03-08,6809.01,76.7135,4077.6001,30654.52,2738.97,21368.07,63.87,51580,167.1401,116.0251,
2018-03-09,6765.19,76.6828,4108.8652,30996.21,2786.57,21469.2,65.49,50690,167.124,116.0719,
2018-03-12,6812.57,76.6751,4127.6662,31594.33,2783.02,21824.03,64.95,51360,167.2142,116.128,
2018-03-13,6794.13,76.7212,4091.2533,31601.45,2765.31,21968.1,64.73,51140,167.1989,116.0987,
2018-03-14,6868.93,76.7481,4073.3447,31435.01,2749.48,21777.29,64.9,51680,167.2462,116.1014,
2018-03-15,6779.71,76.7443,4096.1627,31541.1,2747.33,21803.95,65.01,51500,167.2566,116.1378,
2018-03-16,6711.96,76.7212,4056.4226,31501.97,2752.01,21676.51,65.99,51860,167.2817,116.1803,
2018-03-19,6599.78,76.6905,4074.2479,31513.76,2712.92,21480.9,66.1,51190,167.3392,116.1167,
2018-03-20,6630.35,76.629,4077.7041,31549.93,2716.94,21380.97,67.59,51210,167.3715,116.1927,
2018-03-21,6806.54,76.7366,4061.0502,31414.52,2711.93,--,69.82,50400,167.4256,116.2899,
2018-03-22,6696.59,76.7904,4020.349,31071.05,2643.69,21591.99,68.84,51010,167.4997,116.428,
2018-03-23,6894.39,76.8826,3904.9355,30309.29,2588.26,20617.86,70.36,49900,167.7433,116.7361,
2018-03-26,6870.3,76.8211,3879.893,30548.77,2658.55,20766.1,70.11,48800,167.9424,116.7036,
2018-03-27,7079.38,76.9056,3913.2689,30790.83,2612.62,21317.32,69.54,49380,167.9411,116.6217,
2018-03-28,6936.26,76.8749,3842.7155,30022.53,2605,21031.31,69.81,49070,168.0366,116.6253,
2018-03-29,6780.89,76.9364,3894.0498,30093.38,2640.87,21159.08,70.22,49850,168.0934,116.5894,
2018-03-30,6758.18,--,3898.4977,--,--,21454.3,--,50190,168.1017,116.5995,
2018-04-02,7011.7,76.9368,3886.9189,--,2581.88,21388.58,67.57,50470,168.2874,116.6637,
2018-04-03,6964.89,76.9368,3862.4796,30180.1,2614.45,21292.29,68.18,50450,168.3944,116.6433,
2018-04-04,7061.81,76.9214,3854.8625,29518.69,2644.69,21319.55,68.28,50340,168.4995,116.7169,
2018-04-05,--,76.8752,--,--,2662.84,21645.42,68.5,--,--,--,
2018-04-06,--,76.9599,--,29844.94,2604.47,21567.52,66.93,--,--,--,
2018-04-08,--,--,--,--,--,--,--,--,168.6321,116.8449,
2018-04-09,6959.87,76.9599,3852.9292,30229.58,2613.16,21678.26,68.6,50680,168.7821,117.054,
2018-04-10,6954.16,76.9445,3927.1729,30728.74,2656.87,21794.32,71.04,51030,168.9073,117.0595,
2018-04-11,7234.84,77.0139,3938.3434,30897.71,2642.19,21687.1,71.95,51000,168.9479,117.1219,
2018-04-12,7293.49,76.9445,3898.6354,30831.28,2663.99,21660.28,72.2,50600,169.0375,117.1926,
2018-04-13,7088.86,76.9753,3871.1443,30808.38,2656.3,21778.74,72.62,50590,169.1005,117.2542,
2018-04-16,7093.44,76.9368,3808.863,30315.59,2677.84,21835.53,71.57,50380,169.2719,117.352,
2018-04-17,7072.73,76.9599,3748.6412,30062.75,2706.39,21847.59,71.7,50660,169.3649,117.4461,
2018-04-18,6927.21,76.906,3766.282,30284.25,2708.64,22158.2,73.79,50980,170.0747,118.4787,
2018-04-19,7031.82,76.9214,3811.843,30708.44,2693.13,22191.18,73.6,51720,170.1125,118.3464,
2018-04-20,6886.8,76.8598,3760.8543,30418.33,2670.14,22162.24,73.71,51180,170.1398,118.3813,
2018-04-23,6546.56,76.8521,3766.3257,30254.4,2670.29,22088.04,75.02,51640,170.1557,118.0459,
2018-04-24,6568.07,76.7982,3843.4886,30636.24,2634.56,22278.12,73.86,51310,170.126,118.1127,
2018-04-25,6537.26,76.7982,3828.7015,30328.15,2639.4,22215.32,74.06,51320,170.1687,117.9859,
2018-04-26,6520.49,76.8444,3755.4941,30007.68,2666.94,22319.61,74.75,51360,170.099,117.9233,
2018-04-27,6457.63,76.8598,3756.8765,30280.67,2669.91,22467.87,74.44,51370,170.0424,117.7897,
2018-04-28,--,--,--,--,--,--,--,--,169.9929,117.7756,
2018-04-30,--,76.8906,--,30808.45,2648.05,--,74.7,--,--,--,
2018-05-01,--,76.7774,--,--,2654.8,22508.03,73.38,--,--,--,
2018-05-02,6323.13,76.8316,3763.6461,30723.88,2635.67,22472.78,73.07,50960,169.9959,117.6354,
2018-05-03,6341.21,76.8857,3793.0001,30313.37,2629.73,--,73.68,50860,169.9525,117.6649,
2018-05-04,6406.66,76.9012,3774.5981,29926.5,2663.42,--,75,51070,169.9378,117.7262,
2018-05-07,6431.84,76.9321,3834.1877,29994.26,2672.63,22467.16,75.56,50920,170.0115,117.6623,
2018-05-08,6543.46,76.8934,3878.6767,30402.81,2671.92,22508.69,75.95,50990,169.8857,117.495,
2018-05-09,6488.16,76.8857,3871.6152,30536.14,2697.79,22408.88,--,50510,169.78,117.4179,
2018-05-10,6507.5,76.8934,3893.0565,30809.22,2723.07,22497.18,77.53,50700,169.7005,117.4669,
2018-05-11,6545.19,76.9166,3872.8383,31122.06,2727.72,22758.48,77.18,51050,169.6488,117.5373,
2018-05-14,6446.02,76.878,3909.2933,31541.08,2730.1299,22865.86,78.52,51220,169.6838,117.5139,
2018-05-15,6396.09,76.8586,3924.0975,31152.03,2711.45,22818.02,78.13,51000,169.6297,117.3869,
2018-05-16,6262.93,76.847,3892.8442,31110.2,2722.46,22717.23,79.33,50890,169.5964,117.3906,
2018-05-17,6226.45,76.8625,3864.0507,30942.15,2720.1299,22838.37,79.57,50900,169.5899,117.2997,
2018-05-18,6288.46,76.9205,3903.0637,31047.91,2712.97,22930.36,78.71,51120,169.6018,117.369,
2018-05-21,6288.32,76.9476,3921.2421,31234.35,2733.01,23002.37,79.41,51210,169.6834,117.4357,
2018-05-22,6274.14,76.9244,3906.2081,--,2724.4399,22960.34,79.45,51260,169.6822,117.566,
2018-05-23,6232.79,77.0017,3854.5825,30665.64,2733.29,22689.74,79.71,51570,169.7129,117.646,
2018-05-24,6218.26,77.0172,3827.217,30760.41,2727.76,22437.01,78.82,51270,169.7828,117.6193,
2018-05-25,6243.09,76.994,3816.498,30588.04,2721.3301,22450.79,76.33,51330,169.7945,117.8035,
2018-05-28,6071.42,--,3833.2599,30792.26,--,22481.09,75.32,51450,169.8568,117.7849,
2018-05-29,6070.21,77.1409,3804.0093,30484.58,2689.8601,22358.43,75.44,51520,169.8302,117.7771,
2018-05-30,6296.89,77.1022,3723.3724,30056.79,2724.01,22018.52,77.48,50700,169.8272,117.8111,
2018-05-31,6229.13,77.1486,3802.3759,30468.56,2705.27,22201.82,77.59,51200,169.747,117.7289,
2018-06-01,6153.61,77.062,3770.5891,30492.91,2734.6201,22171.35,76.71,51300,169.7252,117.6479,
2018-06-04,6052.97,76.9767,3807.5781,30997.98,2746.8701,22475.94,75.37,51600,169.7622,117.4839,
2018-06-05,6118.04,77.0155,3845.3164,31093.45,2748.8,22539.54,74.96,52090,169.6834,117.4316,
2018-06-06,6304.15,76.9224,3837.3511,31259.1,2772.3501,22625.73,75.86,52810,169.7087,117.3654,
2018-06-07,6287.7,77.0852,3831.0128,31512.63,2770.3701,22823.26,77.44,53760,169.6685,117.314,
2018-06-08,6168.51,77.0542,3779.6159,30958.21,2779.03,22694.5,76.34,53350,169.6334,117.4067,
2018-06-11,6312.29,77.031,3779.9818,31063.7,2782,22804.04,76.36,53730,169.6203,117.3962,
2018-06-12,6301.9,77.0077,3825.9534,31103.06,2786.8501,22878.35,75.43,53560,169.6059,117.2593,
2018-06-13,6262.21,76.9689,3788.3391,30725.15,2775.6299,22966.38,76.56,53220,169.5697,117.3516,
2018-06-14,6228.28,77.0155,3773.3655,30440.17,2782.49,22738.61,75.9,53310,169.5896,117.4734,
2018-06-15,6045.17,76.9961,3753.4338,30309.49,2779.6599,22851.75,73,53430,169.6097,117.5706,
2018-06-18,--,77.0387,--,--,2773.75,22680.33,75.46,--,--,--,
2018-06-19,5843.27,77.0775,3621.1166,29468.15,2762.5901,22278.48,75.07,51540,169.7324,117.7277,
2018-06-20,5722.28,77.031,3635.4436,29696.17,2767.3201,22555.43,74.3,51830,169.725,117.609,
2018-06-21,5590.75,77.0542,3592.965,29296.05,2749.76,22693.04,73.4,51640,169.7442,117.6847,
2018-06-22,5648.13,77.1318,3608.9046,29338.7,2754.8799,22516.83,75.53,51720,169.7185,117.6918,
2018-06-25,5578,77.124,3560.4777,28961.39,2717.0701,22338.15,74.75,51550,169.7345,117.664,
2018-06-26,5505.61,77.1861,3531.1112,28881.4,2723.0601,22342,76.57,51490,169.7032,117.6998,
2018-06-27,5522.19,77.2713,3459.2621,28356.26,2699.6299,22271.77,77.28,51320,169.7243,117.7637,
2018-06-28,5448.56,77.2636,3423.5255,28497.32,2716.3101,22270.39,77.76,51490,169.8147,117.9928,
2018-06-29,5460.02,77.3024,3510.9845,28955.11,2718.3701,22304.51,79.12,51500,169.9126,118.4382,
2018-07-02,5321.99,77.2849,3407.9638,--,2726.71,21811.93,77.49,51090,170.1203,118.5278,
2018-07-03,5329.72,77.3394,3409.2801,28545.57,2713.22,21785.54,77.88,51280,170.2471,118.5009,
2018-07-04,5580.1,--,3363.7473,28241.67,--,21717.04,78.16,49990,170.2947,118.474,
2018-07-05,5505.76,77.3783,3342.4379,28182.09,2736.6101,21546.99,77.54,49230,170.4486,118.5626,
2018-07-06,5484.27,77.425,3365.1227,28315.62,2759.8201,21788.14,77.29,48990,170.526,118.45,
2018-07-09,5530.39,77.4172,3459.1837,28688.5,2784.1699,22052.18,78.18,49760,170.6224,118.3615,
2018-07-10,5490.77,77.3682,3467.5155,28682.25,2793.8401,22196.89,78.86,49500,170.6517,118.341,
2018-07-11,5349.05,77.3394,3407.5297,28311.69,2774.02,21932.21,74.17,47870,170.6798,118.3867,
2018-07-12,5394.84,77.2849,3481.0559,28480.83,2798.29,22187.96,74.53,48750,170.7149,118.4074,
2018-07-13,5349.44,77.3705,3492.6897,28525.44,2801.3101,22597.35,74.92,48420,170.6985,118.5525,
2018-07-16,5326.91,77.246,3472.0859,28539.66,2798.4299,--,71.87,48410,170.8372,118.5894,
2018-07-17,5315.65,77.1993,3449.3773,28181.68,2809.55,22697.36,71.6,48690,170.8108,118.5884,
2018-07-18,5263.3,77.176,3431.3227,28117.42,2815.6201,22794.19,73.06,48190,170.836,118.6734,
2018-07-19,5181.56,77.2304,3428.343,28010.86,2804.49,22764.68,72.62,48580,171.0449,118.827,
2018-07-20,5218.33,77.2149,3492.8938,28224.48,2801.8301,22697.88,73,48540,171.2585,118.6308,
2018-07-23,5339.68,77.1059,3525.7503,28256.12,2806.98,22396.99,72.93,48960,171.4021,118.5822,
2018-07-24,5485.05,77.0748,3581.7057,28662.57,2820.3999,22510.48,73.75,49240,171.5299,118.372,
2018-07-25,5558.38,77.1215,3577.7522,28920.9,2846.0701,22614.25,74.41,49810,171.5991,118.3626,
2018-07-26,5508.68,77.0981,3536.2456,28781.14,2837.4399,22586.87,74.5,50000,171.8338,118.4243,
2018-07-27,5467.4,77.1526,3521.2269,28804.28,2818.8201,22712.75,74.39,49990,171.9236,118.5328,
2018-07-30,5465.59,77.176,3515.0794,28733.13,2802.6001,22544.84,74.71,49280,172.1114,118.6086,
2018-07-31,5509.06,77.1604,3517.6568,28583.01,2816.29,22553.72,74.25,49760,172.2895,118.8178,
2018-08-01,5406.47,77.1142,3447.3882,28340.74,2813.3601,22746.7,72.62,49760,172.4968,118.9208,
2018-08-02,5228.92,77.1455,3370.9579,27714.56,2827.22,22512.53,73.39,49210,172.6977,118.9404,
2018-08-03,5127.16,77.2315,3315.2839,27676.32,2840.3501,22525.18,73.42,49150,172.8223,119.0292,
2018-08-06,5044.36,77.2315,3273.2728,27819.56,2850.3999,22507.32,73.67,49220,173.0909,119.0678,
2018-08-07,5171.36,77.2315,3368.8695,28248.88,2858.45,22662.74,74.46,49410,173.3273,119.0546,
2018-08-08,5237.06,77.1924,3314.5075,28359.14,2857.7,22644.31,72.23,49370,173.3833,118.8543,
2018-08-09,5289.9,77.2236,3397.5298,28607.3,2853.5801,22598.39,72.03,49800,173.2995,118.5224,
2018-08-10,5259.18,77.3721,3405.0191,28366.62,2833.28,22298.08,72.96,49460,173.1354,118.4778,
2018-08-13,5298.82,77.3799,3390.3441,27936.57,2821.9299,21857.43,72.83,49660,173.0557,118.2112,
2018-08-14,5253.04,77.3487,3372.9137,27752.93,2839.96,22356.08,72.16,49440,172.9786,118.3028,
2018-08-15,5142.16,77.3877,3291.976,27323.59,2818.3701,22204.22,70.81,48500,172.9967,118.2592,
2018-08-16,5077.48,77.3565,3276.7276,27100.06,2840.6899,22192.04,71.43,47570,172.9551,118.1133,
2018-08-17,5027.4,77.3721,3229.6198,27213.41,2850.1299,22270.38,71.86,47770,172.8057,117.5663,
2018-08-20,5060.33,77.4542,3267.2498,27598.02,2857.05,22199,72.1,48320,172.7935,117.5776,
2018-08-21,5116.07,77.4346,3326.6489,27752.79,2862.96,22219.73,72.82,48740,172.6619,117.4335,
2018-08-22,5074.8,77.5284,3307.9545,27927.58,2861.8201,22362.55,74.92,48300,172.6312,117.5255,
2018-08-23,5055.36,77.5284,3320.0257,27790.46,2856.98,22410.82,74.71,47960,172.7178,117.6241,
2018-08-24,5040.41,77.5518,3325.3347,27671.87,2874.6899,22601.77,75.43,48510,172.8345,117.6095,
2018-08-27,5142.28,77.505,3406.5735,28271.27,2896.74,22799.64,76.25,48790,172.9481,117.6083,
2018-08-28,5148.28,77.4737,3400.1705,28351.62,2897.52,22813.47,75.92,48670,172.9083,117.6412,
2018-08-29,5108.41,77.4503,3386.5736,28416.44,2914.04,22848.22,77.39,48840,172.9031,117.6231,
2018-08-30,5054.16,77.4971,3351.0942,28164.05,2901.1299,22869.5,77.52,48780,172.9824,117.7702,
2018-08-31,5058.21,77.5362,3334.5036,27888.55,2901.52,22865.15,77.45,48660,173.0776,117.8407,
2018-09-03,5015.26,--,3321.8248,27712.54,--,22707.38,78.01,48220,173.1282,117.6982,
2018-09-04,5055.15,77.487,3363.8984,27973.34,2896.72,22696.9,77.86,47850,173.1609,117.6012,
2018-09-05,5002.09,77.4948,3298.1412,27243.85,2888.6001,22580.83,77.12,47610,173.2272,117.6085,
2018-09-06,5086.21,77.4948,3262.8808,26974.82,2878.05,22487.94,76.63,47730,173.2965,117.5583,
2018-09-07,5187.12,77.4322,3277.6438,26973.47,2871.6799,22307.06,77.1,47760,173.3111,117.5053,
2018-09-10,5058.91,77.4322,3230.0681,26613.42,2877.1299,22373.09,77.36,47650,173.3596,117.2545,
2018-09-11,5069.36,77.4087,3224.2116,26422.55,2887.8899,22664.69,79.5,48130,173.3138,117.151,
2018-09-12,5034.14,77.4322,3202.0248,26345.04,2888.9199,22604.61,79.75,47990,173.3124,117.2073,
2018-09-13,5109.21,77.3342,3236.5662,27014.49,2904.1799,22821.32,78.43,48870,173.3366,117.272,
2018-09-14,5129.73,77.2872,3242.0902,27286.41,2904.98,23094.67,78.1,48710,173.3831,117.3462,
2018-09-17,4987.58,77.2911,3204.9224,26932.85,2888.8,--,78,48270,173.525,117.4106,
2018-09-18,5052.97,77.2598,3269.4319,27084.66,2904.3101,23420.54,78.9,48890,173.589,117.3832,
2018-09-19,5156.27,77.2754,3312.4823,27407.37,2907.95,23672.52,79.34,49810,173.6259,117.2152,
2018-09-20,5140.15,77.2754,3310.1258,27477.67,2930.75,23674.93,78.71,49540,173.6375,117.1316,
2018-09-21,5233.96,77.2598,3410.4856,27953.58,2929.6699,23869.93,78.77,50040,173.6409,117.1879,
2018-09-24,--,77.2966,--,27499.39,2919.3701,--,81.39,--,--,--,
2018-09-25,5247.17,77.299,3379.8043,--,2915.5601,23940.26,81.5,50570,173.7297,117.2708,
2018-09-26,5252.57,77.3381,3417.2413,27816.87,2905.97,24033.79,81.75,50650,173.774,117.3877,
2018-09-27,5177.88,77.3538,3403.5902,27715.67,2914,23796.74,81.68,50300,173.8557,117.5241,
2018-09-28,5193.78,77.4008,3438.8649,27788.52,2913.98,24120.04,82.69,50400,173.9403,117.5901,
2018-09-29,--,--,--,--,--,--,--,--,173.9555,117.6278,
2018-09-30,--,--,--,--,--,--,--,--,173.9548,117.6522,
2018-10-01,--,77.379,--,--,2924.5901,24245.76,84.95,--,--,--,
2018-10-02,--,77.4025,--,27126.38,2923.4299,24270.62,84.64,--,--,--,
2018-10-03,--,77.3162,--,27091.26,2925.51,24110.96,86.1,--,--,--,
2018-10-04,--,77.2535,--,26623.87,2901.6101,23975.62,84.88,--,--,--,
2018-10-05,--,77.2143,--,26572.57,2885.5701,23783.72,84.11,--,--,--,
2018-10-08,5131.9,77.2221,3290.8988,26202.57,2884.4299,--,83.76,50220,174.2455,117.7264,
2018-10-09,5327.56,77.259,3288.6906,26172.91,2880.3401,23469.39,84.86,50640,174.3025,117.718,
2018-10-10,5468.33,77.277,3281.5978,26193.07,2785.6799,23506.04,82.6,50830,174.4014,117.77,
2018-10-11,5401.9,77.1908,3124.1139,25266.37,2728.3701,22590.86,80.36,50060,174.5025,117.9986,
2018-10-12,5487.54,77.1594,3170.7262,25801.49,2767.1299,22694.66,80.6,50820,174.6107,118.0268,
2018-10-15,5499.23,77.1829,3126.4516,25445.06,2750.79,22271.3,80.76,50460,174.7217,117.9941,
2018-10-16,5276.81,77.1829,3100.9738,25462.26,2809.9199,22549.24,81.56,50190,174.8007,118.0391,
2018-10-17,5253.52,77.128,3118.2463,--,2809.21,22841.12,80.36,50290,174.8644,118.0085,
2018-10-18,5014.73,77.128,3044.3918,25454.55,2768.78,22658.16,79.35,50130,174.9668,118.168,
2018-10-19,5150.49,77.1202,3134.9455,25561.4,2767.78,22532.08,80.02,50270,175.0147,118.2073,
2018-10-22,5302.36,77.0967,3270.2732,26153.15,2755.8799,22614.82,79.98,50540,175.1154,118.0732,
2018-10-23,5429.11,77.0574,3183.4257,25346.55,2740.6899,22010.78,76.24,50100,175.1354,118.0461,
2018-10-24,5456.99,77.1594,3188.2018,25249.78,2656.1001,22091.18,75.68,50270,175.1909,118.202,
2018-10-25,5560.77,77.0418,3194.3084,24994.46,2705.5701,21268.73,76.73,49750,175.2576,118.2852,
2018-10-26,5496.49,77.2143,3173.635,24717.63,2658.6899,21184.6,77.73,49680,175.2615,118.2852,
2018-10-29,5389.67,77.2064,3076.8889,24812.04,2641.25,21149.8,76.86,49700,175.4187,118.4136,
2018-10-30,5341.35,77.1202,3110.2605,24585.53,2682.6299,21457.29,76.04,49650,175.5572,118.4833,
2018-10-31,5348.54,77.0261,3153.8234,24979.69,2711.74,21920.46,75.46,49100,175.5839,118.5114,
2018-11-01,5555.93,77.0138,3177.0338,25416,2740.3701,21687.65,72.75,48680,175.6889,118.5726,
2018-11-02,5565.67,76.9431,3290.2455,26486.35,2723.0601,22243.66,72.62,49820,175.6842,118.3614,
2018-11-05,5539.73,76.9824,3262.8351,25934.39,2738.3101,21898.99,72.71,49780,175.7557,118.3648,
2018-11-06,5544.76,76.9196,3243.1504,26120.96,2755.45,22147.75,71.65,49670,175.8032,118.4674,
2018-11-07,5612.67,76.9251,3221.9101,26147.69,2813.8899,22085.8,72,49470,175.9127,118.6827,
2018-11-08,5483.33,76.8725,3212.7737,26227.72,2806.8301,22486.92,70.96,49440,176.0195,118.7248,
2018-11-09,5320.83,76.9416,3167.4442,25601.92,2781.01,22250.25,69.88,49270,176.0999,118.7636,
2018-11-12,5333.22,77.0138,3205.1407,25633.18,2726.22,22269.88,68.97,48900,176.2123,118.819,
2018-11-13,5404.24,76.9824,3237.3823,25792.87,2722.1799,21810.52,65.35,49030,176.2678,118.9147,
2018-11-14,5382.69,76.9981,3204.9427,25654.43,2701.5801,21846.48,65.86,48750,176.4395,119.3097,
2018-11-15,5429.27,77.053,3242.3715,26103.34,2730.2,21803.62,66.63,49300,176.5254,119.5118,
2018-11-16,5434.33,77.1864,3257.6735,26183.53,2736.27,21680.34,67.1,49530,176.6922,119.8743,
2018-11-19,5428.82,77.1943,3294.6031,26372,2690.73,21821.16,67.01,49700,176.9229,119.7881,
2018-11-20,5572.17,77.0922,3218.4076,25840.34,2641.8899,21583.12,62.44,49570,177.0104,119.6173,
2018-11-21,5520.49,77.0373,3226.4918,25971.47,2649.9299,21507.54,63.46,49420,177.0444,119.6962,
2018-11-22,5499.52,--,3214.4273,26019.41,--,21646.55,62.52,49610,177.0969,119.6246,
2018-11-23,5333.37,76.9353,3143.4752,25927.68,2632.5601,--,59.19,49430,177.1099,119.5068,
2018-11-26,5277.61,76.9588,3141.2434,26376.18,2673.45,21812,60.41,49370,177.1726,119.41,
2018-11-27,5299.77,76.8803,3137.2413,26331.96,2682.1699,21952.4,60.88,48960,177.1884,119.448,
2018-11-28,5275.7,76.9117,3178.9326,26682.56,2743.78,22177.02,58.61,49300,177.2555,119.5576,
2018-11-29,5451.97,77.0765,3137.6542,26451.03,2737.76,22262.6,59.26,49590,177.2901,119.7198,
2018-11-30,5425.53,77.0452,3172.69,26506.75,2760.1599,22351.06,58.68,49640,177.3672,119.7596,
2018-12-03,5523.79,77.05,3260.9502,27182.04,2790.3701,22574.76,61.9,50200,177.4555,119.7995,
2018-12-04,5573.48,77.0736,3267.7095,27260.44,2700.0601,22036.05,61.31,49620,177.5003,120.1152,
2018-12-05,5538.04,--,3252.0041,26819.68,--,21919.33,61.61,49340,177.7268,120.268,
2018-12-06,5543.26,77.0186,3181.673,26156.38,2695.95,21501.62,60.31,49030,177.7458,120.4458,
2018-12-07,5527.5,77.1365,3181.5646,26063.76,2633.0801,21678.68,61.4,49240,177.8588,120.5644,
2018-12-10,5618.15,77.0068,3144.7631,25752.38,2637.72,21219.5,59.81,48950,177.9787,120.7044,
2018-12-11,5706.93,76.9086,3159.8158,25771.67,2636.78,21148.02,60.46,49100,178.0408,120.7958,
2018-12-12,5665.26,76.885,3170.6092,26186.71,2651.0701,21602.75,60.18,49100,178.0857,120.8093,
2018-12-13,5648.72,76.9636,3219.6924,26524.35,2650.54,21816.19,61.71,49310,178.0457,120.4167,
2018-12-14,5520.39,76.9636,3165.9109,26094.79,2599.95,21374.83,60.25,48910,177.9817,120.369,
2018-12-17,5536.33,76.9715,3161.1966,26087.98,2545.9399,21506.88,58.66,49020,177.9753,120.2273,
2018-12-18,5605.15,77.0009,3128.4265,25814.25,2546.1599,21115.45,56.08,48900,177.8884,120.2468,
2018-12-19,5571.85,77.0009,3091.1255,25865.39,2506.96,20987.92,56.55,48120,177.9137,120.3028,
2018-12-20,5528.08,76.8829,3067.4169,25623.53,2467.4199,20392.58,54.7,48270,178.0283,120.5182,
2018-12-21,5550.84,76.9222,3029.3951,25753.42,2416.5801,20166.19,53.5,48400,178.0866,120.5219,
2018-12-24,5580.29,76.9379,3038.1981,25651.38,2351.1001,--,50.43,48120,178.1497,120.4633,
2018-12-25,5590.13,--,3017.2815,--,--,19155.74,--,48000,178.1621,120.5078,
2018-12-26,5636.23,76.9379,3002.0327,--,2467.7,19327.06,54.86,48050,178.1567,120.6021,
2018-12-27,5529.46,77.0088,2990.5057,25478.88,2488.8301,20077.62,53,48280,178.1814,120.795,
2018-12-28,5589.48,77.0796,3010.6536,25504.2,2485.74,20014.77,52.23,48220,178.3918,121.1018,
2018-12-29,--,--,--,--,--,--,--,--,178.427,121.1602,
2018-12-30,--,--,--,--,--,--,--,--,178.4537,121.1633,
2018-12-31,--,77.1426,--,25845.7,2506.8501,--,54.15,--,178.4807,121.1743,
2019-01-02,5359.64,77.1583,2969.5353,25130.35,2510.03,--,54.68,47670,178.7118,121.5424,
2019-01-03,5493.72,77.3787,2964.8421,25064.36,2447.8899,--,55.55,47320,178.936,121.6165,
2019-01-04,5508.83,77.3393,3035.8741,25626.03,2531.9399,19561.96,57.42,47230,179.1411,121.56,
2019-01-07,5497.66,77.3315,3054.303,25835.7,2549.6899,20038.97,57.57,47450,179.3706,121.5354,
2019-01-08,5319.67,77.3315,3047.7035,25875.45,2574.4099,20204.04,58.59,47340,179.588,121.7952,
2019-01-09,5377.04,77.4495,3078.4759,26462.32,2584.96,20427.06,61.34,47630,179.6741,121.7157,
2019-01-10,5456.52,77.418,3072.6864,26521.43,2596.6399,20163.8,61.18,47450,179.7842,121.663,
2019-01-11,5424.48,77.5361,3094.7782,26667.27,2596.26,20359.7,60.59,47270,179.8478,121.6654,
2019-01-14,5424.5,77.4574,3067.7845,26298.33,2582.6101,--,59.32,46850,179.9339,121.5498,
2019-01-15,5432.28,77.4338,3127.9904,26830.29,2610.3,20555.29,60.53,46940,179.924,121.5037,
2019-01-16,5340.39,77.418,3128.6517,26902.1,2616.1001,20442.75,61.3,47390,179.9991,121.8444,
2019-01-17,5360.03,77.3944,3111.4168,26755.63,2635.96,20402.27,61.15,47350,180.1257,121.9014,
2019-01-18,5353.35,77.3787,3168.1739,27090.81,2670.71,20666.07,62.58,47820,180.1758,121.7545,
2019-01-21,5330.78,--,3185.6364,27196.54,--,20719.33,62.81,47730,180.2172,121.7164,
2019-01-22,5333.37,77.3787,3143.3171,27005.45,2632.8999,20622.91,61.61,47500,180.2089,121.6984,
2019-01-23,5311.69,77.3551,3141.0532,27008.2,2638.7,20593.72,60.99,47490,180.2194,121.6757,
2019-01-24,5279.6,77.4102,3158.7817,27120.98,2642.3301,20574.63,61.19,47310,180.2123,121.5316,
2019-01-25,5287.81,77.3708,3184.4696,27569.19,2664.76,20773.56,61.51,47360,180.1912,121.458,
2019-01-28,5370.43,77.2921,3183.7777,27576.96,2643.8501,20649,60.09,47480,180.2475,121.3734,
2019-01-29,5270.32,77.3787,3193.9698,27531.68,2640,20664.64,61.21,47460,180.2744,121.5381,
2019-01-30,5291.59,77.6148,3168.4829,27642.85,2681.05,20556.54,61.75,47540,180.3521,121.6413,
2019-01-31,5167.13,77.7564,3201.6331,27942.47,2704.1001,20773.49,61.9,47850,180.4493,121.7052,
2019-02-01,5235.25,77.6856,3247.3971,27930.74,2706.53,20788.39,62.9,48060,180.5471,121.7103,
2019-02-02,--,--,--,--,--,--,--,--,180.5819,121.7655,
2019-02-03,--,--,--,--,--,--,--,--,180.6186,121.7881,
2019-02-04,--,77.6148,--,27990.21,2724.8701,20883.77,62.82,--,--,--,
2019-02-05,--,77.6305,--,--,2737.7,20844.45,62.11,--,--,--,
2019-02-06,--,77.6226,--,--,2731.6101,20874.06,62.55,--,--,--,
2019-02-07,--,77.6581,--,--,2706.05,20751.28,61.68,--,--,--,
2019-02-08,--,77.6541,--,27946.32,2707.8799,20333.17,61.97,--,--,--,
2019-02-11,5287.83,77.599,3306.4725,28143.84,2709.8,--,61.58,47980,180.8697,121.8675,
2019-02-12,5385.78,77.6226,3330.3353,28171.33,2744.73,20864.21,62.61,47890,180.9882,121.8948,
2019-02-13,5503.85,77.6856,3397.0276,28497.59,2753.03,21144.48,63.6,47920,181.0568,121.94,
2019-02-14,5465.24,77.7564,3402.1403,28432.05,2745.73,21139.71,64.56,48110,181.1347,121.9081,
2019-02-15,5547.38,77.7722,3338.7047,27900.84,2775.6001,20900.63,66.39,47900,181.1891,121.8925,
2019-02-18,5712.63,--,3445.7448,28347.01,--,21281.85,66.5,49010,181.2919,121.7099,
2019-02-19,5774.63,77.8273,3439.6078,28228.13,2779.76,21302.65,66.44,49180,181.289,121.7073,
2019-02-20,5864.76,77.8509,3451.9273,28514.05,2784.7,21431.49,67.18,49520,181.3602,121.7077,
2019-02-21,5928.42,77.8273,3442.7056,28629.92,2774.8799,21464.23,66.94,49500,181.3931,121.6676,
2019-02-22,5855.03,77.9217,3520.1182,28816.3,2792.6699,21425.51,66.91,49740,181.3854,121.6765,
2019-02-25,6150.96,77.8351,3729.4831,28959.3,2796.1101,21528.23,--,50320,181.3957,121.3331,
2019-02-26,6074.87,77.9217,3684.6935,28772.06,2793.8999,21449.39,65.64,49990,181.2153,121.1731,
2019-02-27,6018.7,77.9138,3678.3921,28757.44,2792.3799,21556.51,66.23,49900,181.2177,121.3022,
2019-02-28,5951.2,77.8509,3669.3703,28633.18,2784.49,21385.16,66.02,49860,181.184,121.245,
2019-03-01,5976.35,77.7958,3749.7143,28812.17,2803.6899,21602.69,65,50360,181.1179,121.1696,
2019-03-04,6057.73,77.8273,3794.104,28959.59,2792.8101,21822.04,65.55,49860,181.0269,121.1276,
2019-03-05,6019.13,77.8037,3816.0132,28961.6,2789.6499,21726.28,65.57,49960,180.9331,121.0524,
2019-03-06,6188.41,77.8902,3848.0903,29037.6,2771.45,21596.81,65.93,49920,180.8815,121.0618,
2019-03-07,6267.85,77.9925,3808.8497,28779.45,2748.9299,21456.01,66.09,49710,180.9501,121.2497,
2019-03-08,5943.79,78.024,3657.579,28228.42,2743.0701,21025.56,65.81,49620,181.0678,121.3346,
2019-03-11,6011.19,78.0634,3729.9546,28503.3,2783.3,21125.09,66.63,49760,181.2077,121.3941,
2019-03-12,6031.25,78.1027,3755.3519,28920.87,2791.52,21503.69,66.82,50000,181.2,121.373,
2019-03-13,5957.02,78.1578,3724.1941,28807.45,2810.9199,21290.24,67.64,49940,181.2022,121.3809,
2019-03-14,5752.45,78.1814,3698.4858,28851.39,2808.48,21287.02,67.18,49850,181.2092,121.3331,
2019-03-15,5767.71,78.2523,3745.005,29012.26,2822.48,21450.85,67.02,50200,181.1893,121.3778,
2019-03-18,5881.14,78.2444,3851.7479,29409.01,2832.9399,21584.5,67.43,49210,181.2685,121.299,
2019-03-19,5899.01,78.2129,3833.9626,29466.28,2832.5701,21566.85,67.71,49160,181.2867,121.3045,
2019-03-20,5841.79,78.4569,3835.4397,29320.97,2824.23,21608.92,68.3,49070,181.2912,121.2509,
2019-03-21,6044.93,78.4175,3836.8913,29071.56,2854.8799,--,67.74,49280,181.3379,121.3352,
2019-03-22,5977.65,78.4884,3833.8013,29113.36,2800.71,21627.34,67.08,48800,181.3849,121.4893,
2019-03-25,5980.51,78.5041,3742.8252,28523.35,2798.3601,20977.11,67.3,48020,181.5331,121.6536,
2019-03-26,5965.14,78.4726,3700.4388,28566.91,2818.46,21428.39,68.03,48150,181.6091,121.7338,
2019-03-27,5901.11,78.4647,3743.3878,28728.25,2805.3701,21378.73,67.83,48280,181.6936,121.699,
2019-03-28,5813.61,78.4215,3728.3953,28775.21,2815.4399,21033.76,68,48250,181.7243,121.7717,
2019-03-29,5826.35,78.449,3872.3412,29051.36,2834.3999,21205.81,68.39,48670,181.8153,121.8482,
2019-04-01,5985.68,78.4065,3973.928,29562.02,2867.1899,21509.03,69.16,49330,181.8813,121.5212,
2019-04-02,6043.43,78.4411,3971.2852,29624.67,2867.24,21505.31,69.57,49130,181.7399,121.4011,
2019-04-03,6063.71,78.3939,4022.1566,29986.39,2873.3999,21713.21,69.52,49390,181.6723,120.9276,
2019-04-04,6107.7,78.4097,4062.2309,29936.32,2879.3899,21724.95,69.31,49410,181.5694,120.7875,
2019-04-05,--,78.4254,--,--,2892.74,21807.5,70.48,--,--,--,
2019-04-08,6098.62,78.4254,4057.2286,30077.15,2895.77,21761.65,71.1,49140,181.6075,120.8381,
2019-04-09,6032.65,78.4529,4075.4301,30157.49,2878.2,21802.59,70.83,49630,181.5533,120.5466,
2019-04-10,6116.72,78.6143,4085.847,30119.56,2888.21,21687.57,71.57,49370,181.4798,120.5158,
2019-04-11,5979.19,78.5356,3997.5778,29839.45,2888.3201,21711.38,70.98,49080,181.5084,120.5389,
2019-04-12,5856.97,78.5041,3988.6168,29909.76,2907.4099,21870.56,71.55,49080,181.5776,120.319,
2019-04-15,5816.65,78.512,3975.5244,29810.72,2905.5801,22169.11,71.3,49220,181.4184,119.8439,
2019-04-16,5910.65,78.4726,4085.7891,30129.87,2907.0601,22221.66,71.86,49450,181.2745,119.6267,
2019-04-17,5863.14,78.4962,4087.2398,30124.68,2900.45,22277.97,71.64,49470,181.1819,119.6069,
2019-04-18,5796.26,78.5907,4072.0753,29963.26,2905.03,22090.12,72.01,49460,181.2071,119.7864,
2019-04-19,5807.28,--,4120.6078,--,--,22200.56,--,49500,181.3143,119.6179,
2019-04-22,5818.14,78.6221,4025.6109,--,2907.97,22217.9,74.25,49240,181.4054,119.4352,
2019-04-23,5656.94,78.6615,4019.0053,29963.24,2933.6799,22259.74,74.36,49170,181.3648,119.3996,
2019-04-24,5664.31,78.7559,4030.0887,29805.83,2927.25,22200,74.48,48950,181.394,119.2183,
2019-04-25,5548.44,78.7559,3941.816,29549.8,2926.1699,22307.58,74.33,49140,181.3929,119.3118,
2019-04-26,5493.07,78.7953,3889.2748,29605.01,2939.8799,22258.73,71.57,48900,181.4222,119.4206,
2019-04-28,--,--,--,--,--,--,--,--,181.4699,119.418,
2019-04-29,5340.77,78.7638,3900.3339,29892.81,2943.03,--,71.96,48810,181.4722,119.3721,
2019-04-30,5437.24,78.811,3913.211,29699.11,2945.8301,--,72.78,48880,181.5289,119.5046,
2019-05-01,--,78.7192,--,--,2923.73,--,72.05,--,--,--,
2019-05-02,--,78.5695,--,29944.18,2917.52,--,70.35,--,--,--,
2019-05-03,--,78.6483,--,30081.55,2945.6399,--,70.78,--,--,--,
2019-05-05,--,--,--,--,--,--,--,--,181.6927,119.5216,
2019-05-06,5330.56,78.7113,3684.6168,29209.82,2932.47,--,70.98,48010,181.8375,119.7385,
2019-05-07,5312.72,78.6798,3720.6684,29363.02,2884.05,21923.72,69.87,48300,181.978,119.6897,
2019-05-08,5555.62,78.6247,3667.4574,29003.2,2879.4199,21602.59,70.32,47820,182.1253,119.7768,
2019-05-09,5478.73,78.664,3599.7001,28311.07,2870.72,21402.13,70.32,47540,182.3033,119.9582,
2019-05-10,5554.47,78.7034,3730.4513,28550.24,2881.3999,21344.92,70.86,47760,182.4062,119.9768,
2019-05-13,5525.84,78.8216,3668.7255,--,2811.8701,21191.28,69.95,47550,182.5882,120.153,
2019-05-14,5633.25,78.8689,3645.1503,28122.02,2834.4099,21067.23,70.99,47380,182.7082,120.0686,
2019-05-15,5611.87,78.9634,3727.0923,28268.71,2850.96,21188.56,71.95,47600,182.8,120.0543,
2019-05-16,5709.36,78.9871,3743.9635,28275.07,2876.3201,21062.98,72.77,47770,182.8794,120.166,
2019-05-17,5511.72,78.9398,3648.7609,27946.46,2859.53,21250.09,72.17,47630,182.9437,120.0358,
2019-05-20,5362.11,78.8846,3617.7924,27787.61,2840.23,21301.73,72.06,47620,183.0949,120.0174,
2019-05-21,5414.8,78.8689,3666.7762,27657.24,2864.3601,21272.45,72.04,47670,183.1184,119.9213,
2019-05-22,5417.71,78.8689,3649.3796,27705.94,2856.27,21283.37,70.91,47130,183.1002,119.8007,
2019-05-23,5314,78.9004,3583.9646,27267.13,2822.24,21151.14,68,46690,183.1675,119.8798,
2019-05-24,5329.83,78.924,3593.9139,27353.93,2826.0601,21117.22,69.26,47130,183.2071,119.8828,
2019-05-27,5376.46,--,3637.1971,27288.09,--,21182.58,70.01,47250,183.2194,119.6549,
2019-05-28,5400.1,78.9555,3672.2605,27390.81,2802.3899,21260.14,70.16,47100,183.1236,119.7774,
2019-05-29,5465.45,78.9871,3663.909,27235.71,2783.02,21003.37,69.74,46770,183.2174,119.9737,
2019-05-30,5396.18,79.0422,3641.1833,27114.88,2788.8601,20942.53,66.65,46510,183.2779,120.0446,
2019-05-31,5525.38,79.2392,3629.7893,26901.09,2752.0601,20601.19,64.47,46160,183.3366,120.0308,
2019-06-03,5712.85,79.3731,3632.0127,26893.86,2744.45,20410.88,60.9,46120,183.452,120.2395,
2019-06-04,5724.66,79.3731,3598.4666,26761.52,2803.27,20408.54,61.4,46200,183.4792,120.4751,
2019-06-05,5867.44,79.4167,3597.105,26895.44,2826.1499,20776.1,60.5,46480,183.5396,120.5566,
2019-06-06,5752.3,79.3731,3564.6778,26965.28,2843.49,20774.04,62.23,46000,183.5918,120.6199,
2019-06-07,--,79.5316,--,--,2873.3401,20884.71,63.24,--,--,--,
2019-06-10,5692.07,79.389,3610.7435,27578.64,2886.73,21134.42,62.32,46220,183.6882,120.5083,
2019-06-11,5756.26,79.3335,3719.2759,27789.34,2885.72,21204.28,62.06,46810,183.7021,120.2724,
2019-06-12,6011.82,79.3018,3691.0957,27308.46,2879.8401,21129.72,59.78,46370,183.6553,120.2917,
2019-06-13,5996.07,79.381,3685.3933,27294.71,2891.6399,21032,61.35,46200,183.5787,120.4021,
2019-06-14,6161.11,79.3097,3654.8799,27118.35,2886.98,21116.89,62.04,46240,183.4634,120.5827,
2019-06-17,6013.5,79.2542,3654.8248,27227.16,2889.6699,21124,60.93,46020,183.5756,120.6106,
2019-06-18,6141.56,79.3493,3667.6185,27498.77,2917.75,20972.71,62.31,46300,183.5973,120.5668,
2019-06-19,6075.79,79.5792,3715.9381,28202.14,2926.46,21333.87,62.27,46800,183.6665,120.4771,
2019-06-20,6299.28,79.7614,3828.5183,28550.43,2954.1799,21462.86,64.7,46870,183.7195,120.5644,
2019-06-21,6542.11,79.6743,3833.9383,28473.71,2950.46,21258.64,65.35,46800,183.8164,120.5436,
2019-06-24,6666.59,79.7131,3841.2659,28513,2945.3501,21285.99,64.78,46720,183.9444,120.3949,
2019-06-25,7179.46,79.6505,3801.3098,28185.98,2917.3799,21193.81,65.84,47040,183.9918,120.4493,
2019-06-26,6730.2,79.6426,3794.331,28221.98,2913.78,21086.59,66.36,47140,184.0868,120.4005,
2019-06-27,6795.28,79.698,3834.8172,28621.42,2924.9199,21338.17,66.33,47040,184.1466,120.3657,
2019-06-28,6863.74,79.706,3825.5873,28542.62,2941.76,21275.92,66.51,46940,184.1871,120.4863,
2019-07-01,6740.38,79.7137,3935.8116,--,2964.3301,21729.97,65.22,47310,184.3413,120.5332,
2019-07-02,6827.06,79.6978,3937.1691,28875.56,2973.01,21754.27,62.82,46550,184.4052,120.9219,
2019-07-03,6973.49,79.7615,3893.5341,28855.14,2995.8201,21638.16,63.86,46220,184.5143,121.0168,
2019-07-04,6766.38,--,3873.1019,28795.77,--,21702.45,63.18,46270,184.5911,121.0875,
2019-07-05,6888.3,79.642,3893.2025,28774.83,2990.4099,21746.38,64.44,46280,184.6253,120.9725,
2019-07-08,6695.95,79.5862,3802.7897,28331.69,2975.95,21534.35,63.89,46300,184.6597,120.9158,
2019-07-09,6570.91,79.6022,3793.1297,28116.28,2979.6299,21565.15,64.54,46120,184.6452,120.9174,
2019-07-10,6413.12,79.7855,3786.739,28204.69,2993.0701,21533.48,66.72,46030,184.6156,120.9084,
2019-07-11,6678.67,79.7775,3785.221,28431.8,2999.9099,21643.53,66.81,46500,184.6438,120.939,
2019-07-12,6561.56,79.8173,3808.7311,28471.62,3013.77,21685.9,67,46510,184.6595,120.9398,
2019-07-15,6608.91,79.8492,3824.1878,28554.88,3014.3,--,66.19,46670,184.7363,120.7798,
2019-07-16,6610.68,79.8014,3806.8449,28619.62,3004.04,21535.25,64.4,46850,184.7523,120.7495,
2019-07-17,6480.08,79.8173,3804.6384,28593.17,2984.4199,21469.18,63.6,46800,184.7401,120.724,
2019-07-18,6488.1,79.9289,3768.4019,28461.66,2995.1101,21046.24,62.59,46730,184.7593,120.802,
2019-07-19,6783.05,79.8651,3807.9551,28765.4,2976.6101,21466.99,--,47870,184.79,120.7579,
2019-07-22,6593.17,79.8731,3781.6832,28371.26,2985.03,21416.79,63.3,47350,184.8785,120.8657,
2019-07-23,6570.8,79.8492,3789.9135,28466.48,3005.47,21620.88,64.21,47250,184.9179,120.8977,
2019-07-24,6665.76,79.8572,3819.8325,28524.04,3019.5601,21709.57,63.13,47030,184.9747,120.769,
2019-07-25,6611.99,79.8094,3851.0665,28594.3,3003.6699,21756.55,63.08,46980,184.9896,120.824,
2019-07-26,6529.47,79.7615,3858.5688,28397.74,3025.8601,21658.15,63.39,47000,185.0254,120.8181,
2019-07-29,6533.37,79.7536,3854.2704,28106.41,3020.97,21616.8,63.82,46850,185.0968,120.7335,
2019-07-30,6699.57,79.8094,3870.3176,28146.5,3013.1799,21709.31,64.99,47150,185.0891,120.7606,
2019-07-31,6721.6,79.7695,3835.3589,27777.75,2980.3799,21521.53,65.18,46650,185.1321,120.9082,
2019-08-01,6423.08,79.9261,3803.4694,27565.7,2953.5601,21540.99,61.05,46570,185.1769,120.9497,
2019-08-02,6520.83,79.9021,3747.4379,26918.58,2932.05,21087.16,61.17,46420,185.2724,121.2992,
2019-08-05,7047.57,79.99,3675.6884,26151.32,2844.74,20720.29,60.05,45970,185.4419,121.5782,
2019-08-06,6937.75,80.0619,3636.3289,25976.24,2881.77,20585.31,58.63,46110,185.5293,121.5321,
2019-08-07,7152.25,80.0299,3621.431,25997.03,2883.98,20516.56,57.44,45870,185.6149,121.6442,
2019-08-08,7121.3,80.1018,3669.2936,26120.77,2938.0901,20593.35,57.75,46380,185.6908,121.6845,
2019-08-09,7048.39,80.0699,3633.5296,25939.3,2918.6499,20684.82,58.42,46560,185.7436,121.8522,
2019-08-12,7003.47,80.1018,3699.1047,25824.72,2882.7,--,58.37,46600,185.8267,121.7729,
2019-08-13,7377.63,80.0619,3665.7515,25281.3,2926.3201,20455.44,60.91,46450,185.901,121.9899,
2019-08-14,7147.76,80.0299,3682.4015,25302.28,2840.6001,20655.13,58.99,46450,185.9638,122.1197,
2019-08-15,7219.57,80.1817,3694.0006,25495.46,2847.6001,20405.65,58.4,46300,186.0684,122.1693,
2019-08-16,7249.48,80.1817,3710.5386,25734.22,2888.6799,20418.81,58.64,46490,186.0889,122.0813,
2019-08-19,7163.94,80.0619,3791.0946,26291.84,2923.6499,20563.16,59.74,46540,186.1608,122.1531,
2019-08-20,7275.44,80.1418,3787.7324,26231.54,2900.51,20677.22,60.05,46570,186.2212,122.0716,
2019-08-21,7167.93,80.0299,3781.7579,26270.04,2924.4299,20618.57,60.38,46390,186.2303,121.8938,
2019-08-22,7076.82,80.0395,3793.5061,26048.72,2922.95,20628.01,60.05,46270,186.2656,121.8373,
2019-08-23,7089.73,80.1498,3820.8638,26179.33,2847.1101,20710.91,58.94,46360,186.2664,121.7757,
2019-08-26,7317.11,80.1178,3765.9105,25680.33,2878.3799,20261.04,58.87,45980,186.3742,121.9089,
2019-08-27,7398.9,80.2057,3816.9459,25664.07,2869.1599,20456.08,60.05,46350,186.3745,121.8467,
2019-08-28,7332.01,80.2688,3802.5844,25615.48,2887.9399,20479.42,60.43,46530,186.3927,121.8414,
2019-08-29,7537.21,80.2936,3790.1867,25703.5,2924.5801,20460.93,61,46510,186.462,121.9814,
2019-08-30,7418.5,80.1817,3799.5863,25724.73,2926.46,20704.37,60.43,46600,186.4731,121.7908,
2019-09-02,7363.07,--,3848.3198,25626.55,--,20620.19,58.61,46590,186.5561,121.6763,
2019-09-03,7344.71,80.1436,3853.6106,25527.85,2906.27,20625.16,58.27,46350,186.5527,121.6883,
2019-09-04,7390.83,80.2875,3886.0012,26523.23,2937.78,20649.14,60.43,46560,186.5677,121.8084,
2019-09-05,7442,80.1916,3925.323,26515.53,2976,21085.94,60.8,46910,186.6409,122.1157,
2019-09-06,7150.74,80.2155,3948.5075,26690.76,2978.71,21199.57,61.78,47360,186.6661,122.1233,
2019-09-09,7197.72,80.1596,3972.9484,26681.4,2978.4299,21318.42,62.71,47240,186.7661,122.0891,
2019-09-10,7134.15,80.0237,3959.265,26683.68,2979.3899,21392.1,62.71,47390,186.8212,122.0051,
2019-09-11,7153.57,79.9997,3930.0999,27159.06,3000.9299,21597.76,61.02,47260,186.8581,121.984,
2019-09-12,7100.47,79.9757,3972.3799,27087.63,3009.5701,21759.61,60.49,47590,186.894,121.7906,
2019-09-13,--,79.8638,--,27352.69,3007.3899,21988.29,60.25,--,--,--,
2019-09-16,7215.72,80.0637,3957.7154,27124.55,2997.96,--,68.02,47580,187.0043,121.7919,
2019-09-17,7045.72,80.0517,3891.2208,26790.24,3005.7,22001.32,64.16,47370,187.0259,121.7314,
2019-09-18,6993.31,79.9198,3910.0837,26754.12,3006.73,21960.71,63.55,47360,187.067,121.5245,
2019-09-19,6974.99,79.9837,3924.3823,26468.95,3006.79,22044.45,64.8,47140,187.0355,121.5514,
2019-09-20,7082.3,80.0876,3935.6511,26435.67,2992.0701,22079.09,64.77,47170,187.0249,121.5527,
2019-09-23,7035.51,80.1756,3890.6616,26222.4,2991.78,--,64.38,46910,187.0943,121.5283,
2019-09-24,7032.12,80.1756,3901.0758,26281,2966.6001,22098.84,62.36,47150,187.1112,121.4455,
2019-09-25,6953.38,80.0716,3870.9837,25945.35,2984.8701,22020.15,62.52,47000,187.142,121.4479,
2019-09-26,6526.83,80.0876,3841.1388,26041.93,2977.6201,22048.24,62.6,47110,187.1709,121.3419,
2019-09-27,6442.48,80.0716,3852.6534,25954.81,2961.79,21878.9,61.91,46940,187.1984,121.2706,
2019-09-29,--,--,--,--,--,--,--,--,187.2371,121.3252,
2019-09-30,6401,80.0796,3814.5282,26092.27,2976.74,21755.84,60.75,47160,187.2965,121.2987,
2019-10-01,--,80.1361,--,--,2940.25,21885.24,59.2,--,--,--,
2019-10-02,--,80.1842,--,26042.69,2887.6101,21778.61,57.52,--,--,--,
2019-10-03,--,80.2883,--,26110.31,2910.6299,21341.74,57.61,--,--,--,
2019-10-04,--,80.3204,--,25821.03,2952.01,21410.2,58.43,--,--,--,
2019-10-07,--,80.2323,--,--,2938.79,21375.25,58.44,--,--,--,
2019-10-08,6393.83,80.2162,3837.6791,25893.4,2893.0601,21587.78,58.12,46780,187.4991,121.5464,
2019-10-09,6601.54,80.1922,3843.2392,25682.81,2919.3999,21456.38,58.32,46620,187.5337,121.5533,
2019-10-10,6610.18,80.1281,3874.6391,25707.93,2938.1299,21551.98,59.53,46650,187.5687,121.4655,
2019-10-11,6588.61,80.1041,3911.7253,26308.44,2970.27,21798.87,60.68,46910,187.5817,121.2946,
2019-10-12,--,--,--,--,--,--,--,--,187.5921,121.1707,
2019-10-14,6523.71,80.1281,3953.2411,26521.85,2966.1499,--,59.16,46920,187.617,121.233,
2019-10-15,6417.89,80,3936.2498,26503.93,2995.6799,22207.21,58.9,46880,187.6178,121.1568,
2019-10-16,6344.75,80.1441,3922.6854,26664.28,2989.6899,22472.92,59.06,46730,187.633,121.2035,
2019-10-17,6371.83,80.1922,3925.2216,26848.49,2997.95,22451.86,59.85,46630,187.6621,121.226,
2019-10-18,6232.88,80.2483,3869.3777,26719.58,2986.2,22492.68,59.3,46560,187.692,120.9854,
2019-10-21,6253,80.1682,3880.8398,26725.68,3006.72,22548.9,59.08,46990,187.7477,120.731,
2019-10-22,6232.4,80.2162,3895.8809,26786.2,2995.99,--,59.6,47080,187.7393,120.6365,
2019-10-23,6293.24,80.2162,3871.0848,26566.73,3004.52,22625.38,61.12,46900,187.737,120.6155,
2019-10-24,6131.93,80.2803,3870.6678,26797.95,3010.29,22750.6,61.42,47290,187.6988,120.6323,
2019-10-25,6259.05,80.2723,3896.7923,26667.39,3022.55,22799.81,62.03,47320,187.7056,120.539,
2019-10-28,6385.21,80.1682,3926.585,26891.26,3039.4199,22867.27,61.57,47360,187.7435,120.2186,
2019-10-29,6259.26,80.1081,3910.226,26786.76,3036.8899,22974.13,61.6,47290,187.7108,120.1925,
2019-10-30,6202.35,80.1441,3891.2255,26667.71,3046.77,22843.12,60.63,47420,187.661,120.0446,
2019-10-31,6181.33,80.2483,3886.7519,26906.72,3037.5601,22927.04,--,47250,187.5489,120.2032,
2019-11-01,6234.94,80.3401,3952.3872,27100.76,3066.9099,22850.77,61.55,47030,187.5966,120.3312,
2019-11-04,6310.65,80.3561,3978.1216,27547.3,3078.27,--,62.11,46950,187.6809,120.1902,
2019-11-05,6252.95,80.3161,4002.8128,27683.4,3074.6201,23251.99,62.97,47150,187.7176,120.4516,
2019-11-06,6212.6,80.3721,3984.8816,27688.64,3076.78,23303.82,61.79,47130,187.8189,120.4756,
2019-11-07,6199.47,80.26,3991.8749,27847.23,3085.1799,23330.32,62.38,47080,187.8961,120.4048,
2019-11-08,6150.61,80.26,3973.0107,27651.14,3093.0801,23391.87,62.61,47150,187.9431,120.383,
2019-11-11,5994.41,80.26,3902.9783,26926.55,3087.01,23331.84,62.3,47040,188.0582,120.5069,
2019-11-12,5884.4,80.252,3903.6888,27065.28,3091.8401,23520.01,62,47120,188.127,120.5378,
2019-11-13,6091.16,80.3201,3899.9815,26571.46,3094.04,23319.87,62.63,46900,188.1781,120.6168,
2019-11-14,6037.53,80.3401,3905.857,26323.69,3096.6299,23141.55,62.41,46920,188.2209,120.5347,
2019-11-15,5950,80.3,3877.0892,26326.66,3120.46,23303.32,63.45,46870,188.256,120.6335,
2019-11-18,5943.45,80.3721,3907.9291,26681.09,3122.03,23416.76,62.29,46930,188.3983,120.8495,
2019-11-19,5997.75,80.3561,3947.0392,27093.8,3120.1799,23292.65,60.81,46860,188.4692,121.0504,
2019-11-20,6124.84,80.4282,3907.8641,26889.61,3108.46,23148.57,62.44,46990,188.5706,121.0548,
2019-11-21,6156.49,80.4282,3889.598,26466.88,3103.54,23038.58,63.73,47040,188.6715,121.1493,
2019-11-22,6262.39,80.4042,3849.9948,26595.08,3110.29,23112.88,63.5,46840,188.7179,121.1387,
2019-11-25,6274.48,80.4202,3878.2061,26993.04,3133.6399,23292.81,63.6,47010,188.8086,120.9017,
2019-11-26,6328.26,80.4843,3891.6533,26913.92,3140.52,23373.32,64.08,47000,188.8455,120.9656,
2019-11-27,6236.88,80.4202,3875.6186,26954,3153.6299,23437.77,64.13,47290,188.8817,120.9652,
2019-11-28,6195.98,--,3862.3029,26893.73,--,23409.14,63.92,47260,188.9147,120.9969,
2019-11-29,6105.55,80.3681,3828.6706,26346.49,3140.98,23293.91,62.42,47230,188.9322,121.0593,
2019-12-02,6171.9,80.3499,3836.0589,26444.72,3113.8701,23529.5,60.89,47230,189.033,120.901,
2019-12-03,6216.17,80.5023,3851.0873,26391.3,3093.2,23379.81,61.16,47020,189.049,120.9908,
2019-12-04,6482.06,80.5344,3849.819,26062.56,3112.76,23135.23,63.03,46920,189.081,121.0708,
2019-12-05,6389.96,80.5183,3879.3638,26217.04,3117.4299,23300.09,63.28,47130,189.127,121.0742,
2019-12-06,6357.35,80.5424,3902.3853,26498.37,3145.9099,23354.4,64.27,47250,189.151,120.9963,
2019-12-09,6406.91,80.5264,3895.4468,26494.73,3135.96,23430.7,64.04,48200,189.245,120.9652,
2019-12-10,6481.28,80.5504,3900.3843,26436.62,3132.52,23410.19,64.18,48550,189.2853,121.0173,
2019-12-11,6502.94,80.6868,3902.7492,26645.43,3141.6299,23391.86,63.95,48800,189.3431,121.0701,
2019-12-12,6492.66,80.5825,3891.0242,26994.14,3168.5701,23424.81,64.48,48850,189.3862,121.1203,
2019-12-13,6461.44,80.7189,3968.2211,27687.76,3168.8,24023.1,64.99,48780,189.4134,121.0652,
2019-12-16,6470.61,80.6868,3987.5464,27508.09,3191.45,23952.35,65.29,48800,189.4968,121.0591,
2019-12-17,6554.69,80.759,4041.7996,27843.71,3192.52,24066.12,65.79,49110,189.5083,120.9316,
2019-12-18,6588.61,80.759,4032.7826,27884.21,3191.1399,23934.43,66.15,48950,189.5264,120.9107,
2019-12-19,6623.14,80.8283,4027.1495,27800.49,3205.3701,23864.85,66.56,48960,189.5439,120.9322,
2019-12-20,6585.31,80.7897,4017.2527,27871.35,3221.22,23816.63,66.1,48880,189.5786,121.1833,
2019-12-23,6541.8,80.756,3967.0962,27906.41,3224.01,23821.11,66.59,48930,189.679,121.3151,
2019-12-24,6676.61,80.7961,3992.9581,27864.21,3223.3799,23830.58,67.21,49450,189.7358,121.4486,
2019-12-25,6715.03,--,3990.8671,--,--,23782.87,--,49480,189.78,121.5588,
2019-12-26,6752.85,80.8604,4025.9879,--,3239.9099,23924.92,67.95,49510,189.8359,121.7692,
2019-12-27,6962.99,80.8926,4022.0278,28225.42,3240.02,23837.72,68.2,49610,189.9014,121.7501,
2019-12-30,6973.41,80.9167,4081.6334,28319.39,3221.29,23656.62,66.67,49390,190.0028,121.7599,
2019-12-31,7110.2,80.9167,4096.5821,28189.75,3230.78,--,66.03,49030,190.0393,121.8353,
2020-01-02,7240.68,81.0412,4152.2408,28543.52,3257.8501,--,66.34,49110,190.1204,121.7432,
2020-01-03,7464.58,81.1577,4144.9649,28451.5,3234.8501,--,68.7,48700,190.1913,121.7173,
2020-01-06,7883.01,81.1256,4129.2954,28226.19,3246.28,23204.86,68.55,48540,190.3217,121.8341,
2020-01-07,7630.15,81.0372,4160.2274,28322.06,3237.1799,23575.72,68.51,48780,190.3576,121.8234,
2020-01-08,7900.5,80.9649,4112.3172,28087.92,3253.05,23204.76,65.77,48630,190.4109,121.9085,
2020-01-09,7419.33,80.9649,4164.3697,28561,3274.7,23739.87,65.32,48730,190.465,121.9934,
2020-01-10,7355.96,80.997,4163.1849,28638.2,3265.3501,23850.57,65.1,48760,190.54,122.1783,
2020-01-13,7380.16,81.0291,4203.9883,28954.94,3288.1299,--,64.23,48690,190.6681,122.1949,
2020-01-14,7423.18,81.0372,4189.8862,28885.14,3283.1499,24025.17,64.46,49000,190.7075,122.1038,
2020-01-15,7314.49,81.0372,4166.7344,28773.59,3289.29,23916.58,64.27,48950,190.7401,122.1316,
2020-01-16,7196.94,81.0452,4149.0434,28883.04,3316.8101,23933.13,64.67,49040,190.7738,122.0909,
2020-01-17,7280.06,81.0211,4154.853,29056.42,3329.6201,24041.26,65.35,49110,190.8122,122.1612,
2020-01-19,--,--,--,--,--,--,--,--,190.8474,122.1919,
2020-01-20,7225.43,--,4185.8304,28795.91,--,24083.51,65.22,48950,190.9107,122.3137,
2020-01-21,7109.21,81.0918,4114.3085,27985.33,3320.79,23864.56,64.49,48280,190.9678,122.6265,
2020-01-22,6986.16,81.0291,4131.9311,28341.04,3321.75,24031.35,62.66,48410,191.0374,122.5905,
2020-01-23,6816.77,81.0532,4003.9013,27909.12,3325.54,23795.44,62.07,47920,191.0709,122.8669,
2020-01-24,--,81.0251,--,27949.64,3295.47,23827.18,60.56,--,--,--,
2020-01-27,--,81.0492,--,--,3243.6299,23343.51,58.91,--,--,--,
2020-01-28,--,81.0452,--,--,3276.24,23215.71,60.03,--,--,--,
2020-01-29,--,81.1497,--,27160.63,3273.3999,23379.4,59.6,--,--,--,
2020-01-30,--,81.1898,--,26449.13,3283.6599,22977.75,59.18,--,--,--,
2020-01-31,--,81.3184,--,26312.63,3225.52,23205.18,58.19,--,--,--,
2020-02-03,6340.34,81.1795,3688.3578,26356.98,3248.9199,22971.94,54.2,44940,192.049,124.0761,
2020-02-04,6427.09,81.075,3785.6376,26675.98,3297.5901,23084.59,53.83,45120,192.0369,123.9406,
2020-02-05,6579.74,81.083,3828.5272,26786.74,3334.6899,23319.56,55.58,45390,192.1082,123.9501,
2020-02-06,6652.29,81.075,3899.7751,27493.7,3345.78,23873.59,55.12,45860,192.1574,124.0172,
2020-02-07,6664.31,81.2278,3899.8693,27404.27,3327.71,23827.98,54.5,45500,192.2496,124.2477,
2020-02-10,6836.29,81.268,3916.0052,27241.34,3352.0901,23685.98,53.4,45210,192.4336,124.4102,
2020-02-11,6782.38,81.2197,3952.4643,27583.88,3357.75,--,54.25,45350,192.4901,124.2278,
2020-02-12,6841.81,81.2197,3984.4325,27823.66,3379.45,23861.21,56.36,45400,192.6272,124.1956,
2020-02-13,6998.65,81.2599,3959.9188,27730,3373.9399,23827.73,56.46,45470,192.7124,124.2318,
2020-02-14,7086.6,81.2921,3987.7342,27815.6,3380.1599,23687.59,57.24,45670,192.8221,124.0601,
2020-02-17,7202.97,--,4077.4241,27959.6,--,23523.24,57.54,46030,192.9554,123.8456,
2020-02-18,7294.3,81.3323,4057.5108,27530.2,3370.29,23193.8,57.68,46120,193.0059,123.9417,
2020-02-19,7432.31,81.3484,4051.3107,27655.81,3386.1499,23400.7,59.34,46260,193.089,123.9099,
2020-02-20,7418.66,81.3805,4144.6561,27609.16,3373.23,23479.15,59.13,46270,193.1666,123.7677,
2020-02-21,7745.42,81.4529,4149.4903,27308.81,3337.75,23386.74,58.36,45840,193.211,123.9725,
2020-02-24,7939.4,81.5574,4132.8388,26820.88,3225.8899,--,56.21,45830,193.3279,124.1096,
2020-02-25,7714.18,81.5172,4123.8543,26893.23,3128.21,22605.41,54.87,45780,193.405,124.0747,
2020-02-26,7370.55,81.5333,4073.0152,26696.49,3116.3899,22426.19,53.38,45480,193.4786,124.1612,
2020-02-27,7475.32,81.6056,4084.8759,26778.62,2978.76,21948.23,51.36,45250,193.561,124.3231,
2020-02-28,7033.67,81.5896,3940.0488,26129.93,2954.22,21142.96,50.5,44180,193.6355,124.5522,
2020-03-02,7148.28,81.6378,4069.6662,26291.68,3090.23,21344.08,53.06,45030,193.7582,124.5412,
2020-03-03,7187.34,82.0076,4091.3615,26284.82,3003.3701,21082.73,51.6,45410,193.7949,124.4984,
2020-03-04,7286.7,82.0076,4115.0524,26222.07,3130.1201,21100.06,51.51,45090,193.9377,124.8045,
2020-03-05,7339.96,82.088,4206.7251,26767.87,3023.9399,21329.12,50.18,45140,193.9849,124.8191,
2020-03-06,7442.07,81.9272,4138.5072,26146.67,2972.3701,20749.75,45.5,44740,194.0274,125.1875,
2020-03-09,7019.73,80.9866,3997.1325,25040.46,2746.5601,19698.76,35.03,43570,194.2698,126.0796,
2020-03-10,6933.53,80.279,4082.7315,25392.51,2882.23,19867.12,37.78,44350,194.2291,125.5625,
2020-03-11,6983.64,78.8962,4028.4289,25231.61,2741.3799,19416.06,35.84,43900,194.1565,125.5844,
2020-03-12,6751.54,78.7659,3950.9111,24309.07,2480.6399,18559.63,32.76,43130,194.1581,125.4964,
2020-03-13,6530.67,79.4389,3895.3128,24032.91,2711.02,17431.05,34.97,43350,193.9366,125.1237,
2020-03-16,6336.33,78.47,3727.8398,23063.57,2386.1299,17002.04,29.84,42320,193.873,125.1769,
2020-03-17,6075.79,78.2288,3709.6822,23263.73,2529.1899,17011.53,28.85,42510,193.7571,124.8638,
2020-03-18,5962.87,77.7465,3636.2565,22291.82,2398.1001,16726.55,26.42,39810,193.7873,124.7598,
2020-03-19,5906.45,78.5585,3589.0926,21709.13,2409.3899,16552.83,28.1,37520,193.7745,124.6439,
2020-03-20,6152.06,79.4348,3653.2239,22805.07,2304.9199,--,27.21,38800,193.7815,124.8403,
2020-03-23,6099.2,79.7162,3530.3058,21696.13,2237.3999,16887.78,27.52,37110,193.9338,125.1289,
2020-03-24,6643.31,79.869,3625.1146,22663.49,2447.3301,18092.35,27.71,38100,194.0514,125.2208,
2020-03-25,6810.31,80.2549,3722.5181,23527.19,2475.5601,19546.63,27.51,39240,194.0715,125.3009,
2020-03-26,6831.43,80.6248,3698.0472,23352.34,2630.0701,18664.6,26.87,38760,194.1222,125.5712,
2020-03-27,6912.17,80.5604,3710.0605,23484.28,2541.47,19389.43,25.1,39290,194.2034,125.5008,
2020-03-30,6704.59,80.2388,3674.1108,23175.11,2626.6499,19084.97,22.71,38780,194.2504,125.5408,
2020-03-31,6691.68,80.3192,3686.1551,23603.48,2584.5901,18917.01,22.71,39200,194.3026,125.7496,
2020-04-01,6800,80.4133,3675.0758,23085.79,2470.5,18065.41,25.6,38980,194.3617,125.9852,
2020-04-02,6678.69,81.0254,3734.5306,23280.06,2526.8999,17818.72,29.69,39770,194.4434,125.86,
2020-04-03,6713.98,81.3193,3713.2183,23236.11,2488.6499,17820.19,34.65,40080,194.4447,125.7296,
2020-04-06,--,81.3797,--,23749.12,2663.6799,18576.3,33.27,--,--,--,
2020-04-07,7202.87,81.3233,3798.0214,24253.29,2659.4099,18950.18,32.4,40720,194.8855,126.5766,
2020-04-08,7131.07,81.2186,3780.3445,23970.37,2749.98,19353.24,33.64,40840,195.161,126.9411,
2020-04-09,7159.39,81.5891,3792.8105,24300.33,2789.8201,19345.77,32.03,40850,195.3282,126.7217,
2020-04-10,7127.89,--,3769.1782,--,--,19498.5,--,41800,195.3857,126.5294,
2020-04-13,7192.32,81.7341,3753.2566,--,2761.6299,19043.4,31.86,41870,195.4401,126.382,
2020-04-14,7487.58,81.726,3825.6991,24435.4,2846.0601,19638.81,30.09,41840,195.4872,126.4359,
2020-04-15,7449.31,81.6696,3797.3623,24145.34,2783.3601,19550.09,28,41740,195.3934,126.4899,
2020-04-16,7517.57,81.3717,3802.3806,24006.45,2799.55,19290.2,28.5,41630,195.4755,126.5773,
2020-04-17,7261.4,81.2911,3839.4871,24380,2874.5601,19897.26,28.25,42350,195.5536,126.4792,
2020-04-20,7249.71,81.0334,3853.4551,24330.02,2823.1599,19669.12,26.13,42460,195.5823,126.1923,
2020-04-21,7203.77,81.0415,3808.0474,23793.55,2736.5601,19280.78,19.5,41600,195.6357,126.2913,
2020-04-22,7162.76,81.3233,3839.3834,23893.36,2799.3101,19137.95,20.88,41260,195.6546,126.4787,
2020-04-23,7357.59,81.2267,3829.7525,23977.32,2797.8,19429.44,21.63,42070,195.8368,126.7852,
2020-04-24,7418.37,81.3676,3796.9721,23831.33,2836.74,19262,21.8,41890,195.9302,126.9211,
2020-04-26,--,--,--,--,--,--,--,--,195.9986,126.8893,
2020-04-27,7104,81.4039,3822.769,24280.14,2878.48,19783.22,20,42550,196.0176,126.7766,
2020-04-28,7040.55,81.4764,3849.1465,24575.96,2863.3899,19771.19,20.98,42370,196.0242,126.8366,
2020-04-29,7015.69,81.5327,3867.032,24643.59,2939.51,--,22.69,42610,196.0729,127.0158,
2020-04-30,7030.49,81.4361,3912.5772,--,2912.4299,20193.69,25.39,43000,196.1164,126.868,
2020-05-01,--,81.4081,--,--,2830.71,19619.35,26.6,--,--,--,
2020-05-04,--,81.4485,--,23613.8,2842.74,--,27.97,--,--,--,
2020-05-05,--,81.4969,--,23868.66,2868.4399,--,31.98,--,--,--,
2020-05-06,7058.34,81.4969,3936.2539,24137.48,2848.4199,--,29.84,42860,196.2334,126.5193,
2020-05-07,7001.35,81.6787,3924.8946,23980.63,2881.1899,19674.77,29.37,43210,196.1181,126.1776,
2020-05-08,7135.64,81.7069,3963.6217,24230.17,2929.8,20179.09,30.86,43710,195.9675,126.1693,
2020-05-09,--,--,--,--,--,--,--,--,195.9489,126.0586,
2020-05-11,7005.83,81.6908,3960.1803,24602.06,2930.1899,20390.66,30.18,43710,195.7761,125.7249,
2020-05-12,6937.03,81.6665,3960.2378,24245.68,2870.1201,20366.48,29.47,43380,195.672,125.7413,
2020-05-13,6950.86,81.6504,3968.2529,24180.3,2820,20267.05,29.5,43300,195.7261,125.5913,
2020-05-14,6979.03,81.6504,3925.2177,23829.74,2852.5,19914.78,31.45,43070,195.6706,125.6029,
2020-05-15,7132.59,81.719,3912.8159,23797.47,2863.7,20037.47,32.74,43980,195.7244,125.6594,
2020-05-18,7622.08,81.8684,3922.9117,23934.77,2953.9099,20133.73,35.57,43270,195.7752,125.278,
2020-05-19,7328.72,81.9088,3956.2495,24388.13,2922.9399,20433.45,34.55,43780,195.7344,125.1984,
2020-05-20,7472.19,81.925,3935.222,24399.95,2971.6101,20595.15,35.84,43820,195.7365,125.2973,
2020-05-21,7264.31,81.9775,3913.7949,24280.03,2948.51,20552.31,35.95,44190,195.7605,125.2461,
2020-05-22,7157.84,81.9492,3824.064,22930.14,2955.45,20388.16,35.12,43380,195.8614,125.5807,
2020-05-25,7045.38,--,3829.3245,22952.24,--,20741.65,35.58,43720,195.9248,125.0553,
2020-05-26,7163.67,81.9654,3872.7701,23384.66,2991.77,21271.17,36.03,43930,195.7828,124.6627,
2020-05-27,7000.49,81.9654,3845.6135,23301.36,3036.1299,21419.23,34.27,43740,195.6892,124.4417,
2020-05-28,7155.22,82.0542,3856.6324,23132.76,3029.73,21916.31,35.4,43810,195.6284,124.5435,
2020-05-29,7122.14,82.135,3867.0232,22961.47,3044.3101,21877.89,35.31,44070,195.6217,124.6258,
2020-06-01,7279.22,82.1511,3971.3402,23732.52,3055.73,22062.39,38.61,44780,195.6327,124.5381,
2020-06-02,7205.26,82.1673,3983.5677,23995.94,3080.8201,22325.61,39.58,44710,195.3426,123.9589,
2020-06-03,7170.3,82.135,3983.6477,24325.62,3122.8701,22613.76,39.45,44930,194.8935,123.6752,
2020-06-04,7042.34,82.1471,3982.1851,24366.3,3112.3501,22695.74,39.89,44840,194.714,123.397,
2020-06-05,7005.97,82.2601,4001.2509,24770.41,3193.9299,22863.73,42.07,45320,194.3251,123.1935,
2020-06-08,7157.66,82.3207,4021.9549,24776.77,3232.3899,23178.1,40.8,45920,194.263,123.263,
2020-06-09,7114.79,82.3853,4047.0293,25057.22,3207.1799,23091.03,40.87,46360,194.3885,123.2693,
2020-06-10,7132.94,82.6034,4039.7051,25049.73,3190.1399,23124.95,41.36,46870,194.4434,123.2423,
2020-06-11,7212.75,82.4096,3995.8846,24480.15,3002.1001,22472.91,38.33,47150,194.5434,123.5445,
2020-06-12,7082.13,82.4257,4003.0829,24301.38,3041.3101,22305.48,39.04,47300,194.6731,123.7138,
2020-06-15,6960.06,82.4661,3954.9883,23776.95,3066.5901,21530.95,39.89,46370,194.8365,123.6597,
2020-06-16,7052.14,82.5468,4014.5702,24344.09,3124.74,22582.21,40.74,47150,194.7885,123.1574,
2020-06-17,7109.05,82.4903,4017.5941,24481.41,3113.49,22455.76,40.54,46770,194.725,122.922,
2020-06-18,7110.53,82.5711,4044.3842,24464.94,3115.3401,22355.46,41.43,46920,194.744,123.0586,
2020-06-19,7162.09,82.6195,4098.7095,24643.89,3097.74,22478.79,41.92,47780,194.718,122.9094,
2020-06-22,7350.52,82.6599,4102.0459,24511.34,3117.8601,22437.27,43.02,47580,194.6998,122.6663,
2020-06-23,7302.69,82.7164,4121.7944,24907.34,3131.29,22549.05,42.4,48000,194.4457,122.6173,
2020-06-24,7513.58,82.5953,4138.9895,24781.58,3050.3301,22534.32,40.32,48000,194.459,122.9217,
2020-06-25,--,82.5711,--,--,3083.76,22259.79,41.4,--,--,--,
2020-06-26,--,82.5549,--,24549.99,3009.05,22512.08,40.67,--,--,--,
2020-06-28,--,--,--,--,--,--,--,--,194.5735,123.0803,
2020-06-29,7556.44,82.6599,4109.7164,24301.28,3053.24,21995.04,41.68,48500,194.6107,123.0449,
2020-06-30,7561.82,82.6922,4163.9637,24427.19,3100.29,22288.14,41.14,48940,194.6411,123.2403,
2020-07-01,7735.82,82.6599,4247.7835,--,3115.8601,22121.73,42.09,49420,194.7247,123.148,
2020-07-02,7677.86,82.7891,4335.8445,25124.19,3130.01,22145.96,42.92,49500,194.8135,123.1802,
2020-07-03,7779.06,--,4419.5955,25373.12,--,22306.48,42.78,49000,194.8709,122.9213,
2020-07-06,8157.94,82.8537,4670.0949,26339.16,3179.72,22714.44,43.12,49110,194.7037,122.1617,
2020-07-07,8299.42,82.8457,4698.1264,25975.66,3145.3201,22614.69,43.01,49410,194.3985,121.9795,
2020-07-08,8713.15,82.7811,4774.0042,26129.18,3169.9399,22438.65,43.37,49880,194.2703,121.7074,
2020-07-09,9413.67,82.773,4840.7712,26210.16,3152.05,22529.29,42.35,50750,193.9008,121.4453,
2020-07-10,8818.04,82.8053,4753.1333,25727.41,3185.04,22290.81,43.17,50520,193.7389,121.6652,
2020-07-13,9158.22,82.8295,4852.9612,25772.12,3155.22,22784.74,42.21,52910,193.5718,121.4053,
2020-07-14,8898.58,82.8659,4806.6902,25477.89,3197.52,22587.01,43.1,52130,193.5139,121.6364,
2020-07-15,8790.05,82.8941,4744.4687,25481.58,3226.5601,22945.5,43.64,52280,193.5349,121.8832,
2020-07-16,8421.18,82.9345,4516.2532,24970.69,3215.5701,22770.36,43.4,50710,193.6324,122.0698,
2020-07-17,8332.26,82.9854,4544.7007,25089.17,3224.73,22696.42,43.1,51430,193.7362,122.0858,
2020-07-20,8723.48,83.0233,4680.3046,25057.99,3251.8401,22717.48,43.18,51300,193.9028,122.1935,
2020-07-21,8933.71,83.1364,4691.0425,25635.66,3257.3,22884.22,43.96,51900,194.126,122.4873,
2020-07-22,9199.68,83.1687,4714.4454,25057.94,3276.02,22751.61,44.28,52400,194.3402,122.6164,
2020-07-23,9223.64,83.1122,4712.4357,25263,3235.6599,--,43.34,52000,194.5322,122.5252,
2020-07-24,9164.51,83.0718,4505.5906,24705.33,3215.6299,--,43.42,51230,194.7199,122.8321,
2020-07-27,9864.32,83.0395,4528.45,24603.26,3239.4099,22715.85,43.46,51650,194.8594,122.814,
2020-07-28,9449.83,83.088,4568.2576,24772.76,3218.4399,22657.38,43.27,51540,194.9184,122.5165,
2020-07-29,9491.8,83.1526,4679.008,24883.14,3258.4399,22397.11,43.75,51870,194.8764,122.399,
2020-07-30,9267.62,83.1768,4656.1506,24710.59,3246.22,22339.23,43.38,51650,194.8577,122.3745,
2020-07-31,9634.61,83.2576,4695.0462,24595.35,3271.1201,21710,43.32,51790,194.8126,122.1622,
2020-08-03,9612.9,83.411,4771.3108,24458.13,3294.6101,22195.38,43.88,51010,194.8429,122.1545,
2020-08-04,9524.76,83.4595,4775.8024,24946.63,3306.51,22573.66,44.36,51470,194.8405,122.1467,
2020-08-05,10029.16,83.5806,4777.1089,25102.54,3327.77,22514.85,45.33,51290,194.8798,121.9674,
2020-08-06,10577.03,83.6371,4762.7642,24930.58,3349.1599,22418.15,45.12,51400,194.9275,121.7708,
2020-08-07,10469.38,83.5483,4707.9262,24531.62,3351.28,22329.94,44.69,51210,194.9672,121.6506,
2020-08-10,10100.39,83.516,4724.8697,24377.43,3360.47,--,44.96,50200,195.0648,121.8177,
2020-08-11,9615.38,83.5079,4681.7837,24890.68,3333.6899,22750.24,44.54,50280,195.1386,121.8539,
2020-08-12,9044.61,83.6573,4647.6446,25244.02,3380.3501,22843.96,45.32,49860,195.1784,121.767,
2020-08-13,9040.51,83.6452,4635.7126,25230.67,3373.4299,23249.61,45.12,50400,195.2516,121.8442,
2020-08-14,9127.91,83.6533,4704.6288,25183.01,3372.8501,23289.36,44.95,49970,195.3206,122.0033,
2020-08-17,9610.48,83.6937,4815.2261,25347.34,3381.99,23096.75,45.31,50690,195.4652,122.0619,
2020-08-18,10072.2,83.7744,4812.7564,25367.38,3389.78,23051.08,45.01,50830,195.5326,121.9147,
2020-08-19,10012.68,83.6856,4740.6784,25178.91,3374.8501,23110.61,45.21,52150,195.5306,121.7317,
2020-08-20,9713.1,83.6775,4679.1544,24791.39,3385.51,22880.62,44.85,51980,195.5158,121.5668,
2020-08-21,9564.14,83.7583,4718.8431,25113.84,3397.1599,22920.3,44.26,51720,195.5105,121.7308,
2020-08-24,9962.95,83.839,4755.8491,25551.58,3431.28,22985.51,45.05,51480,195.5241,121.5891,
2020-08-25,9759.49,83.8956,4761.9507,25486.22,3443.6201,23296.77,46.05,51090,195.4134,121.3055,
2020-08-26,9608.93,84.0248,4706.1302,25491.79,3478.73,23290.86,45.79,51380,195.3312,121.2638,
2020-08-27,9684.14,83.9844,4731.3451,25281.15,3484.55,23208.86,45.13,51430,195.25,121.1936,
2020-08-28,9848.21,84.1298,4844.2652,25422.06,3508.01,22882.65,45.08,51950,195.1725,121.0837,
2020-08-31,10231.3,84.1944,4816.2153,25177.05,3500.3101,23139.76,45.57,51980,195.1719,121.3934,
2020-09-01,10545.69,84.1459,4842.1223,25184.85,3526.6499,23138.07,45.77,52930,195.1973,121.2118,
2020-09-02,10233.39,84.0732,4843.887,25120.09,3580.8401,23247.15,44.39,52040,195.159,120.9316,
2020-09-03,10059.23,83.9279,4817.0952,25007.6,3455.0601,23465.53,44,51730,195.0919,120.8815,
2020-09-04,10046.17,83.9117,4770.219,24695.45,3426.96,23205.43,42.35,51700,195.0825,120.7769,
2020-09-07,9948.55,--,4669.3677,24589.65,--,23089.95,42.04,52190,195.0746,120.571,
2020-09-08,9796.1,83.9036,4694.3894,24624.34,3331.8401,23274.13,39.78,52520,195.0806,120.6779,
2020-09-09,9515.09,83.936,4584.5887,24468.93,3398.96,23032.54,40.62,51800,195.133,120.962,
2020-09-10,9653.47,83.9279,4581.9775,24313.54,3339.1899,23235.47,39.72,51700,195.2139,120.9893,
2020-09-11,9622.27,83.9481,4627.2826,24503.31,3340.97,23406.49,39.92,51660,195.2539,120.8291,
2020-09-14,9796.71,83.9602,4651.0507,24640.28,3383.54,23559.3,39.69,52020,195.3121,120.7508,
2020-09-15,9996,83.9763,4688.4826,24732.76,3401.2,23454.89,40.68,52040,195.3713,120.9879,
2020-09-16,9804.84,84.0652,4657.3584,24725.63,3385.49,23475.53,42.33,51710,195.4562,120.8924,
2020-09-17,9461.15,84.0894,4632.7142,24340.85,3357.01,23319.37,43.26,51330,195.5014,120.8595,
2020-09-18,9719.81,84.1136,4737.0887,24455.41,3319.47,23360.3,43.04,52320,195.5228,120.8561,
2020-09-21,9612.28,83.9521,4691.4281,23950.69,3281.0601,--,41.69,52160,195.6262,120.9169,
2020-09-22,9237.54,83.9683,4635.7608,23716.85,3315.5701,--,41.8,51780,195.6685,121.0251,
2020-09-23,9093.01,83.9198,4652.3273,23742.51,3236.9199,23346.49,41.51,51430,195.682,121.0217,
2020-09-24,8719.61,83.8794,4563.0657,23311.07,3246.5901,23087.82,41.48,50650,195.7095,121.0539,
2020-09-25,8890.99,83.9117,4570.0216,23235.42,3298.46,23204.62,41.79,51020,195.7578,120.8479,
2020-09-27,--,--,--,--,--,--,--,--,195.786,120.8512,
2020-09-28,8948.19,84.0248,4581.9085,23476.05,3351.6001,23511.62,42.41,51210,195.8147,120.9311,
2020-09-29,8960.78,84.0934,4591.7993,23275.53,3335.47,23539.1,40.79,50930,195.8542,120.8228,
2020-09-30,8938.84,84.0409,4587.3953,23459.05,3363,23185.12,40.95,50950,195.8549,120.6758,
2020-10-01,--,84.0359,--,--,3380.8,23184.93,40.71,--,--,--,
2020-10-02,--,84.0034,--,--,3348.4199,23029.9,38.9,--,--,--,
2020-10-05,--,84.0278,--,23767.78,3408.6001,23312.14,41.53,--,--,--,
2020-10-06,--,84.044,--,23980.65,3360.97,23433.73,41.86,--,--,--,
2020-10-07,--,84.1008,--,24242.86,3419.4399,23422.82,42.15,--,--,--,
2020-10-08,--,84.1901,--,24193.35,3446.8301,23647.07,43.33,--,--,--,
2020-10-09,9068.65,84.2144,4681.1412,24119.13,3477.1399,23619.69,42.82,51410,196.0657,120.4076,
2020-10-10,--,--,--,--,--,--,--,--,196.0058,120.407,
2020-10-12,9419.41,84.1901,4823.1578,24649.68,3534.22,23558.69,41.81,51460,196.0976,120.4797,
2020-10-13,9433.27,84.1333,4839.201,--,3511.9299,23601.78,42.47,51340,196.1321,120.4587,
2020-10-14,9308.11,84.1252,4807.1021,24667.09,3488.6699,23626.73,43.38,51500,196.1531,120.3555,
2020-10-15,9332.86,84.1333,4798.7361,24158.54,3483.3401,23507.23,43.15,51190,196.192,120.2816,
2020-10-16,9349.18,84.1576,4791.676,24386.79,3483.8101,23410.63,42.85,51470,196.2383,120.2801,
2020-10-19,9471.84,84.1049,4755.4879,24542.26,3426.9199,23671.13,42.46,51170,196.3264,120.2741,
2020-10-20,9438.36,84.1495,4793.4672,24569.54,3443.1201,23567.04,42.99,51380,196.3782,120.2991,
2020-10-21,9632.6,84.1414,4792.8284,24754.42,3435.5601,23639.46,41.71,52150,196.4445,120.3942,
2020-10-22,9522.57,84.1657,4777.9845,24786.13,3453.49,23474.27,42.36,52280,196.5463,120.5321,
2020-10-23,9415.41,84.117,4718.4881,24918.78,3465.3899,23516.59,41.2,51920,196.6018,120.3812,
2020-10-26,9441.4,84.1008,4691.2359,--,3400.97,23494.34,40.46,51790,196.6819,120.3792,
2020-10-27,9533.1,84.117,4699.2792,24787.19,3390.6799,23485.8,40.64,51610,196.7064,120.5635,
2020-10-28,9547.72,84.044,4737.2718,24708.8,3271.03,23418.51,39,51790,196.7368,120.4679,
2020-10-29,9353.59,83.9385,4772.9198,24586.6,3310.1101,23331.94,37.62,51450,196.7476,120.4833,
2020-10-30,9232.66,83.9061,4695.3338,24107.42,3269.96,22977.13,37.45,50950,196.7655,120.5383,
2020-11-02,9459.64,83.942,4720.8313,24460.01,3310.24,23295.48,39.24,51050,196.8468,120.6202,
2020-11-03,9905.8,83.9827,4777.5608,24939.73,3369.1599,--,40.16,51730,196.8906,120.6624,
2020-11-04,9857.39,83.9258,4813.6564,24886.14,3443.4399,23695.23,41.2,51570,196.9481,120.722,
2020-11-05,9911.47,83.942,4885.1118,25695.92,3510.45,24105.28,40.8,51430,196.996,120.6145,
2020-11-06,10199.94,83.8525,4885.7178,25712.97,3509.4399,24325.23,40.09,51420,197.0237,120.4902,
2020-11-09,10389.77,83.9502,4981.3497,26016.17,3550.5,24839.84,42.02,51830,197.0581,120.3682,
2020-11-10,9891.88,84.0559,4953.8756,26301.48,3545.53,24905.59,44.05,51550,197.0292,120.4077,
2020-11-11,9717.86,84.0559,4904.8981,26226.98,3572.6599,25349.6,43.77,51890,196.9947,120.3954,
2020-11-12,9772.1,84.0397,4908.463,26169.38,3537.01,25520.88,43.27,51800,196.8672,120.3027,
2020-11-13,9753.68,84.0397,4856.8513,26156.86,3585.1499,25385.87,42.63,52150,196.5924,120.2087,
2020-11-16,10208,84.0559,4904.1716,26381.67,3626.9099,25906.93,43.89,53690,196.5406,120.2282,
2020-11-17,10122.12,84.0803,4894.786,26415.09,3609.53,26014.62,43.78,52850,196.4404,120.1312,
2020-11-18,10257.78,84.0722,4891.6716,26544.29,3567.79,25728.14,44.13,52950,196.3129,119.9316,
2020-11-19,10168.72,84.1048,4927.9891,26356.97,3581.8701,25634.34,44.17,52660,196.1573,119.7592,
2020-11-20,10610.98,84.117,4943.2882,26451.54,3557.54,25527.37,45.24,53410,195.9661,119.8327,
2020-11-23,10779.19,84.1414,5005.0273,26486.2,3577.5901,--,45.83,53880,196.046,119.9038,
2020-11-24,10615.71,84.2268,4974.2855,26588.2,3635.4099,26165.59,47.91,54670,196.0944,119.8217,
2020-11-25,10239.45,84.2756,4910.7,26669.75,3629.6499,26296.86,48.9,54460,196.0855,119.9024,
2020-11-26,10363.15,--,4919.5912,26819.45,--,26537.31,47.73,55220,196.1061,119.88,
2020-11-27,10435.64,84.3366,4980.765,26894.68,3638.3501,26644.71,48.27,56060,196.1192,119.8388,
2020-11-30,10637.99,84.3651,4960.2519,26341.49,3621.6299,26433.62,47.59,57800,196.3211,120.2133,
2020-12-01,10737.99,84.3303,5067.0983,26567.68,3662.45,26787.54,47.25,57000,196.4273,120.1381,
2020-12-02,10749.84,84.4117,5067.1447,26532.58,3669.01,26800.98,47.97,57130,196.4487,120.009,
2020-12-03,10424.22,84.4891,5057.0603,26728.5,3666.72,26809.37,48.82,56880,196.4742,120.0529,
2020-12-04,10591.22,84.5584,5065.9163,26835.92,3699.1201,26751.24,49.03,57340,196.4943,120.1829,
2020-12-07,10350.56,84.6562,5022.2351,26506.85,3691.96,26547.44,48.66,57000,196.5862,120.0765,
2020-12-08,10506.08,84.6602,5009.8786,26304.56,3702.25,26467.08,48.85,56910,196.5921,120.2407,
2020-12-09,10250.85,84.6317,4942.6986,26502.84,3672.8201,26817.94,48.98,57170,196.6237,120.2397,
2020-12-10,10068.64,84.6969,4940.5249,26410.59,3668.1001,26756.24,50.43,57360,196.6938,120.3111,
2020-12-11,9934.85,84.7132,4889.6292,26505.87,3663.46,26652.52,50.07,57750,196.6961,120.1362,
2020-12-14,9973.48,84.7539,4934.8352,26389.52,3647.49,26732.44,50.36,57780,196.7633,120.1845,
2020-12-15,9925.85,84.8272,4945.1,26207.29,3694.6201,26687.84,50.69,57620,196.8314,120.2729,
2020-12-16,9939.05,84.8843,4953.867,26460.29,3701.1699,26757.4,51.16,57850,196.9028,120.3453,
2020-12-17,10280.66,84.9232,5017.4784,26678.38,3722.48,26806.67,51.5,58620,196.9158,120.3177,
2020-12-18,10518.47,84.9313,4999.9678,26498.6,3709.4099,26763.39,52.37,59260,196.9491,120.3485,
2020-12-21,10774.25,84.9313,5046.8396,26306.68,3694.9199,26714.42,50.8,59150,197.0479,120.4719,
2020-12-22,10160.99,84.9313,4964.7727,26119.25,3687.26,26436.39,49.84,57860,197.1347,120.719,
2020-12-23,10155.94,84.9925,5007.1235,26343.1,3690.01,26524.79,51.12,57780,197.2127,120.7684,
2020-12-24,10228.76,84.9802,5000.0154,26386.56,3703.0601,26668.35,51.3,58040,197.2635,120.5943,
2020-12-25,10484.09,--,5042.0137,--,--,26656.61,--,58490,197.2883,120.7986,
2020-12-28,10637.9,84.9884,5064.4147,26314.63,3735.3601,26854.03,50.95,58680,197.3964,120.962,
2020-12-29,10334.25,84.99,5042.9361,26568.49,3727.04,27568.15,51.15,58150,197.4487,121.0488,
2020-12-30,10464.87,85.021,5113.7105,27147.11,3732.04,27444.17,51.39,58450,197.5422,121.2832,
2020-12-31,10505.99,85.1106,5211.2885,27231.13,3756.0701,--,51.72,57700,197.6006,121.2474,
2021-01-04,11114.19,85.1921,5267.7181,27472.81,3700.6499,27258.38,50.67,58060,197.7401,121.0218,
2021-01-05,11289.53,85.2492,5368.5049,27649.86,3726.8601,27158.63,53.57,58050,197.7941,121.2798,
2021-01-06,11399.77,85.2329,5417.6677,27692.3,3748.1399,27055.94,54.15,58950,197.8614,121.3887,
2021-01-07,11839.72,85.3837,5513.6568,27548.52,3803.79,27490.13,54.52,59250,197.9695,121.4822,
2021-01-08,11821.67,85.3266,5495.4306,27878.22,3824.6799,28139.03,56.36,60250,198.0555,121.3848,
2021-01-11,11179.86,85.2655,5441.1583,27908.22,3799.6101,--,55.62,58520,198.1298,121.3153,
2021-01-12,11350.7,85.2655,5596.3525,28276.75,3801.1899,28164.34,56.78,58560,198.1415,121.4118,
2021-01-13,11176.12,85.2573,5577.9711,28235.6,3809.8401,28456.59,55.91,58660,198.1655,121.645,
2021-01-14,10947.51,85.3307,5470.4563,28496.86,3795.54,28698.26,56.46,58620,198.2666,121.7321,
2021-01-15,11061.05,85.3877,5458.0812,28573.86,3768.25,28519.18,55,58920,198.3084,121.4421,
2021-01-18,11162.92,--,5518.5205,28862.77,--,28242.21,54.79,59160,198.2893,121.2501,
2021-01-19,10919.72,85.4692,5437.5234,29642.28,3798.9099,28633.46,55.93,58790,198.234,121.2932,
2021-01-20,11098.25,85.5589,5476.4336,29962.47,3851.8501,28523.26,55.69,59020,198.2418,121.3964,
2021-01-21,11379.65,85.6322,5564.9693,29927.76,3853.0701,28756.86,56.17,59230,198.2698,121.5692,
2021-01-22,11197.36,85.5589,5569.776,29447.85,3841.47,28631.45,55.21,58700,198.2832,121.572,
2021-01-25,11245.96,85.5833,5625.9232,30159.01,3855.3601,28822.29,55.91,59020,198.3392,121.5208,
2021-01-26,11242.38,85.5915,5512.9678,29391.26,3849.6201,28546.18,56.08,58420,198.2005,121.3153,
2021-01-27,10911.35,85.5426,5528.0034,29297.53,3750.77,28635.21,55.58,58680,198.1612,121.3036,
2021-01-28,10410.44,85.567,5377.1427,28550.77,3787.3799,28197.42,55.03,57800,198.02,121.0984,
2021-01-29,10412.65,85.5426,5351.9646,28283.71,3714.24,27663.39,55.1,57510,197.9095,121.1732,
2021-02-01,11087.58,85.5426,5417.6484,28892.86,3773.8601,28091.05,56.21,57910,197.9671,121.2836,
2021-02-02,11211.94,85.5833,5501.0915,29248.7,3826.3101,28362.17,57.82,57250,198.0413,121.2611,
2021-02-03,10948.35,85.6322,5485.2008,29307.46,3830.1699,28646.5,58.67,56900,198.0386,121.0552,
2021-02-04,10536.08,85.6282,5473.9475,29113.5,3871.74,28341.95,59.11,57680,197.9829,120.9472,
2021-02-05,10178.07,85.6811,5483.414,29288.68,3886.8301,28779.19,59.62,58040,197.9177,120.9763,
2021-02-07,--,--,--,--,--,--,--,--,197.98,121.022,
2021-02-08,10784.04,85.7219,5564.5618,29319.47,3915.5901,29388.5,60.66,58790,197.918,120.9701,
2021-02-09,11370.22,85.7056,5686.2502,29476.19,3911.23,29505.93,--,59570,197.9288,121.0527,
2021-02-10,11897.85,85.73,5807.7191,30038.72,3909.8799,29562.93,61.1,60800,197.9296,121.0002,
2021-02-11,--,85.7586,--,30173.57,3916.3799,--,60.86,--,--,--,
2021-02-12,--,85.7789,--,--,3934.8301,29520.07,62.71,--,--,--,
2021-02-15,--,--,--,--,--,30084.15,63.33,--,--,--,
2021-02-16,--,85.6811,--,30746.66,3932.5901,30467.75,63.56,--,--,--,
2021-02-17,--,85.6811,--,31084.94,3931.3301,30292.19,64.89,--,--,--,
2021-02-18,12780.88,85.567,5768.3814,30595.27,3913.97,30236.09,63.53,63210,198.0756,120.7818,
2021-02-19,13075.24,85.5344,5778.842,30644.73,3906.71,30017.92,62.84,64170,198.0856,120.9576,
2021-02-20,--,--,--,--,--,--,--,--,198.1118,120.9515,
2021-02-22,13975.72,85.6811,5597.3327,30319.83,3876.5,30156.03,65.8,67190,198.1574,120.8746,
2021-02-23,13616.55,85.7708,5579.6681,30632.64,3881.3701,--,65.09,67830,198.1977,120.8725,
2021-02-24,12985.02,85.8034,5437.5683,29718.24,3925.4299,29671.7,67.31,67760,198.251,120.9116,
2021-02-25,12850.5,85.3796,5469.5584,30074.17,3829.3401,30168.27,66.05,69990,198.2875,120.8685,
2021-02-26,12195.82,85.6893,5336.7609,28980.21,3811.1499,28966.01,64.63,67850,198.2893,120.8131,
2021-03-01,12338.19,86.0441,5418.7837,29452.57,3901.8201,29663.5,63.31,67350,198.3902,121.0173,
2021-03-02,11927.22,86.2116,5349.6301,29095.86,3870.29,29408.17,62.62,66700,198.4618,121.0423,
2021-03-03,12290.44,86.1994,5452.2125,29880.42,3819.72,29559.1,63.99,67610,198.5139,121.0318,
2021-03-04,11665.02,86.0932,5280.7058,29236.79,3768.47,28930.11,67.26,66380,198.548,120.9977,
2021-03-05,11368.12,86.1258,5262.7958,29098.29,3841.9399,28864.32,69.69,65820,198.6214,121.0784,
2021-03-08,11105.67,85.9052,5080.0246,28540.83,3821.3501,28743.25,68.12,65630,198.7148,121.1252,
2021-03-09,11023.45,86.0033,4970.9994,28773.23,3875.4399,29027.94,67.3,65930,198.7624,121.1075,
2021-03-10,10866.75,86.183,5003.6121,28907.52,3898.8101,29036.56,68.18,65150,198.831,121.142,
2021-03-11,11743.68,86.4037,5128.2156,29385.61,3939.3401,29211.64,69.62,67070,198.8536,121.1513,
2021-03-12,11527.19,86.3138,5146.3786,28739.72,3943.3401,29717.83,69.23,66570,198.8643,121.1179,
2021-03-15,11517.23,86.3792,5035.5441,28833.76,3968.9399,29766.97,68.79,67250,198.9329,121.0511,
2021-03-16,11432.81,86.5018,5079.3624,29027.69,3962.71,29921.09,68.47,66630,198.9649,121.0354,
2021-03-17,11414.07,86.5263,5100.8581,29034.12,3974.1201,29914.33,67.74,66850,198.9783,121.0906,
2021-03-18,11564.78,86.2321,5141.7681,29405.72,3915.46,30216.75,62.87,66800,198.9941,121.106,
2021-03-19,11310.37,86.2239,5007.0907,28990.94,3913.1001,29792.05,64.46,65920,199.0158,121.2027,
2021-03-22,11167.76,86.2893,5057.152,28885.34,3940.5901,29174.15,64.29,66690,199.1076,121.2695,
2021-03-23,10754.22,86.2566,5009.2459,28497.38,3910.52,28995.92,60.38,66900,199.1696,121.3415,
2021-03-24,10272.94,86.4282,4928.6853,27918.14,3889.1399,28405.52,64.22,66470,199.2067,121.4683,
2021-03-25,10340.96,86.4854,4926.3469,27899.61,3909.52,28729.88,61.84,65480,199.2491,121.5009,
2021-03-26,10572.75,86.559,5037.9899,28336.43,3974.54,29176.7,64.33,66060,199.2967,121.4695,
2021-03-29,10550.84,86.4772,5046.8773,28338.3,3971.0901,29384.52,65.19,66210,199.3528,121.4707,
2021-03-30,10519.3,86.3792,5094.7291,28577.5,3958.55,29432.7,64.02,65790,199.3669,121.4683,
2021-03-31,10308.3,86.3955,5048.3607,28378.35,3972.8899,29178.8,63.07,65630,199.4079,121.5694,
2021-04-01,10417.31,86.504,5110.7768,28938.74,4019.8701,29388.87,64.65,64980,199.4431,121.5477,
2021-04-02,10720.45,--,5161.5569,--,--,29854,--,66950,199.4665,121.5565,
2021-04-05,--,86.3893,--,--,4077.9099,30089.25,62.3,--,--,--,
2021-04-06,10720.51,86.4303,5140.3418,--,4073.9399,29696.63,62.65,66850,199.5673,121.5509,
2021-04-07,10788.91,86.5204,5103.7428,28674.8,4079.95,29730.79,62.9,66710,199.6014,121.5058,
2021-04-08,10994.66,86.5941,5112.2086,29008.07,4097.1699,29708.98,63.37,66760,199.5789,121.4953,
2021-04-09,10876.4,86.5613,5035.3374,28698.8,4128.7998,29768.06,63.03,66550,199.5945,121.5066,
2021-04-12,10390.05,86.5859,4947.7459,28453.28,4127.9902,29538.73,63.2,65620,199.6792,121.5612,
2021-04-13,10259.27,86.6924,4939.6438,28497.25,4141.5898,29751.61,63.96,65740,199.7608,121.7599,
2021-04-14,10431.4,86.717,4980.6279,28900.83,4124.6602,29620.99,66.28,65980,199.8444,121.8056,
2021-04-15,10622.68,86.7825,4948.9741,28793.14,4170.4199,29642.69,66.84,67950,199.9129,121.8153,
2021-04-16,10752.79,86.7416,4966.1811,28969.71,4185.4702,29683.37,66.72,68390,199.9543,121.8828,
2021-04-19,11043.95,86.7334,5087.0165,29106.15,4163.2598,29685.37,67.16,69540,200.0781,121.9452,
2021-04-20,11064.83,86.7334,5083.3654,29135.73,4134.9399,29100.38,66.31,69230,200.1767,122.031,
2021-04-21,10984.66,86.7088,5098.7449,28621.92,4173.4199,28508.55,65.08,68570,200.2435,122.1025,
2021-04-22,10986.59,86.7252,5089.2435,28755.34,4134.98,29188.17,65.75,68970,200.2997,122.047,
2021-04-23,11056.38,86.7498,5135.4534,29078.75,4180.1699,29020.63,66.12,69240,200.3389,121.9851,
2021-04-25,--,--,--,--,--,--,--,--,200.4101,121.9188,
2021-04-26,11268.59,86.7743,5077.2372,28952.83,4187.6201,29126.23,65.79,70780,200.3941,121.7799,
2021-04-27,11310.3,86.8317,5090.5195,28941.54,4186.7202,28991.89,66.6,72270,200.4078,121.7543,
2021-04-28,11112.62,87.102,5119.2421,29071.34,4183.1802,29053.97,67.02,71230,200.4009,121.7923,
2021-04-29,11366.93,87.1593,5164.1692,29303.26,4211.4702,--,68.02,72220,200.4436,121.8728,
2021-04-30,11057.63,87.143,5123.489,28724.88,4181.1699,28812.63,66.44,71640,200.4805,122.0006,
2021-05-03,--,87.2932,--,28357.54,4192.6602,--,67.66,--,--,--,
2021-05-04,--,87.4083,--,28557.14,4164.6602,--,69.49,--,--,--,
2021-05-05,--,87.5974,--,28417.98,4167.5898,--,68.55,--,--,--,
2021-05-06,11456.02,87.5234,5061.1244,28637.46,4201.6201,29331.37,68.28,73040,200.7029,122.0854,
2021-05-07,11968.15,87.5727,4996.0527,28610.65,4232.6001,29357.82,68.27,74690,200.7419,122.1142,
2021-05-08,--,--,--,--,--,--,--,--,200.7706,122.1272,
2021-05-10,12560.71,87.6303,4992.422,28595.66,4188.4302,29518.34,68.22,77480,200.8492,122.198,
2021-05-11,11991.99,87.5316,5023.0595,28013.81,4152.1001,28608.59,68.65,75700,200.9171,122.2843,
2021-05-12,12096.37,87.6221,5044.5481,28231.04,4063.04,28147.51,69,76800,201.0423,122.3328,
2021-05-13,11539.14,87.5398,4992.9738,27718.67,4112.5,27448.01,67.05,75750,201.1151,122.2851,
2021-05-14,11563.59,87.729,5110.5901,28027.57,4173.8501,28084.47,68.83,74210,201.1797,122.3279,
2021-05-17,11884.48,87.8687,5184.9853,28194.09,4163.29,27824.83,69.6,74350,201.2643,122.252,
2021-05-18,12127.24,87.8769,5187.6013,28593.81,4127.8301,28406.84,68.59,76100,201.3343,122.282,
2021-05-19,11958.34,87.5481,5172.272,--,4115.6802,28044.45,66.69,74090,201.3999,122.3568,
2021-05-20,11581.11,87.5398,5186.412,28450.29,4159.1201,28098.25,65.05,73450,201.4679,122.4886,
2021-05-21,11435.52,87.6632,5134.1483,28458.44,4155.8599,28317.83,66.73,71980,201.5437,122.5805,
2021-05-24,11374.62,87.803,5155.5875,28412.26,4197.0498,28364.61,68.45,71440,201.701,122.4786,
2021-05-25,11521.5,87.8523,5318.478,28910.86,4188.1299,28553.98,68.63,72050,201.7185,122.4557,
2021-05-26,11828.9,87.7701,5320.5927,29166.01,4195.9902,28642.19,68.81,71630,201.7946,122.5441,
2021-05-27,11749.39,87.7783,5338.2329,29113.2,4200.8799,28549.01,69.21,71790,201.8505,122.4735,
2021-05-28,11681.18,87.7947,5321.0886,29124.41,4204.1099,29149.41,69.02,73120,201.8763,122.4051,
2021-05-31,11781.43,--,5331.5696,29151.8,--,28860.08,69.46,73700,201.9492,122.5005,
2021-06-01,11983.08,87.9045,5341.6798,29468,4202.04,28814.34,70.63,73850,201.9962,122.5636,
2021-06-02,11615.63,87.8879,5289.9736,29297.62,4208.1201,28946.14,71.2,73420,202.0354,122.469,
2021-06-03,11469.78,87.7722,5255.2855,28966.03,4192.8501,29058.11,71.39,72760,202.0924,122.5119,
2021-06-04,11294.46,87.9127,5282.2772,28918.1,4229.8901,28941.52,71.82,70720,202.0719,122.2226,
2021-06-07,11568.31,87.8301,5277.6271,28787.28,4226.52,29019.24,71.5,71190,202.053,121.9772,
2021-06-08,11469.8,87.764,5232.1165,28781.38,4227.2598,28963.56,72.05,71190,202.0523,121.9749,
2021-06-09,11512.57,87.6317,5236.4493,28742.63,4219.5498,28860.8,72.02,71220,202.0267,121.962,
2021-06-10,11470.15,87.8631,5271.4661,28738.88,4239.1802,28958.56,72.4,71000,202.0486,122.0177,
2021-06-11,11527.27,87.7061,5224.703,28842.13,4247.4399,28948.73,72.62,71400,202.0633,121.8371,
2021-06-14,--,87.6813,--,--,4255.1499,29161.8,73.07,--,--,--,
2021-06-15,11007.54,87.7887,5166.5597,28638.53,4246.5898,29441.3,74.27,70060,202.1864,121.8688,
2021-06-16,10675.08,87.3672,5080.4909,28436.84,4223.7002,29291.01,73.87,68450,202.1699,121.7996,
2021-06-17,10531.17,87.516,5101.8924,28558.59,4221.8599,29018.33,72.99,68800,202.1465,121.6628,
2021-06-18,10466.02,87.4003,5102.4657,28801.27,4166.4502,28964.08,73.22,67260,202.1475,121.7611,
2021-06-21,10439.83,87.4747,5090.3854,28489,4224.79,28010.93,74.84,66350,202.2139,121.9145,
2021-06-22,10448.49,87.6813,5122.1583,28309.76,4246.4399,28884.13,74.74,67350,202.2345,121.9304,
2021-06-23,10454.01,87.7309,5147.3938,28817.07,4241.8398,28874.89,75.41,68480,202.2806,121.9838,
2021-06-24,10430.55,87.673,5155.9738,28882.46,4266.4902,28875.23,75.6,68350,202.3435,121.9677,
2021-06-25,10732.55,87.7309,5239.9684,29288.22,4280.7002,29066.18,76.01,68560,202.3913,121.9915,
2021-06-28,10559.1,87.7392,5251.7604,29268.3,4290.6099,29048.02,74.62,68480,202.5241,121.9234,
2021-06-29,10291.28,87.797,5190.5445,28994.1,4291.7998,28812.61,74.67,67990,202.5621,121.9774,
2021-06-30,10309.39,87.8631,5224.041,28827.95,4297.5,28791.53,74.67,68180,202.6009,122.0417,
2021-07-01,10425.12,87.8719,5229.6642,--,4319.9399,28707.04,75.61,68160,202.6964,122.0178,
2021-07-02,10431.55,88.0049,5081.1172,28310.42,4352.3398,28783.28,75.97,68120,202.7913,121.9882,
2021-07-05,10574.59,--,5085.7924,28143.5,--,28598.19,77.1,69300,202.9249,122.1086,
2021-07-06,10689.69,88.0465,5083.1043,28072.86,4343.54,28643.21,74.93,69900,203.0231,122.0964,
2021-07-07,10620.2,87.955,5140.4899,27960.62,4358.1299,28366.95,73.34,68970,203.0936,122.3052,
2021-07-08,10361.07,87.98,5088.2566,27153.13,4320.8198,28118.03,74.35,68580,203.3242,122.8407,
2021-07-09,10685.35,88.088,5069.4361,27344.54,4369.5498,27940.42,75.58,68770,203.4023,122.6788,
2021-07-12,10803.95,88.1545,5132.7088,27515.24,4384.6299,28569.02,75.2,68820,203.6493,123.0843,
2021-07-13,10627.33,88.3789,5142.0991,27963.41,4369.21,28718.24,76.35,69100,203.841,123.1959,
2021-07-14,10371.26,88.3956,5083.0849,27787.46,4374.2998,28608.49,74.54,68750,204.0104,123.2328,
2021-07-15,10465.47,88.4787,5151.4626,27996.27,4360.0298,28279.09,73.29,68650,204.0701,123.0709,
2021-07-16,10434.73,88.4787,5094.7727,28004.68,4327.1602,28003.08,73.3,69340,204.1441,123.0941,
2021-07-19,10333.35,88.2958,5113.4945,27489.78,4258.4902,27652.74,68.75,68740,204.2777,123.147,
2021-07-20,10242.33,88.3623,5108.9941,27259.25,4323.0601,27388.16,68.63,68130,204.3536,123.3128,
2021-07-21,10289.4,88.3956,5144.0428,27224.58,4358.6899,27548,72.25,68020,204.4441,123.4095,
2021-07-22,10452.42,88.5119,5151.7517,27723.84,4367.48,--,73.67,68960,204.5225,123.3553,
2021-07-23,10560.25,88.753,5089.2282,27321.98,4411.79,--,74.19,69670,204.5816,123.4541,
2021-07-26,10535.71,88.8943,4925.299,26192.32,4422.2998,27833.29,74.82,70660,204.7256,123.7446,
2021-07-27,10808.72,88.8776,4751.313,25086.43,4401.46,27970.22,74.71,71760,204.7554,123.5583,
2021-07-28,10241.81,89.0189,4760.4826,25473.88,4400.6401,27581.66,74.79,71760,204.7727,123.4138,
2021-07-29,10495.98,88.9691,4850.2746,26315.32,4419.1499,27782.42,74.84,71550,204.811,123.5917,
2021-07-30,10534.62,89.0189,4811.1695,25961.03,4395.2598,27283.59,75.22,71500,204.8869,123.9156,
2021-08-02,10896.75,88.9458,4933.736,26235.8,4387.1602,27781.02,73.24,71430,205.0346,124.1825,
2021-08-03,10553.34,88.9542,4934.4583,26194.82,4423.1499,27641.83,72.28,70410,205.1359,124.0804,
2021-08-04,10649.72,88.8287,4978.8479,26426.55,4402.6602,27584.08,70.31,70070,205.1746,124.0361,
2021-08-05,10450.34,88.6782,4948.6703,26204.69,4429.1001,27728.12,71.18,69270,205.2453,124.2636,
2021-08-06,10729.9,88.6866,4921.5647,26179.4,4436.52,27820.04,70.49,70300,205.3216,124.2124,
2021-08-09,10683.25,88.6029,4985.5627,26283.4,4432.3501,--,69.2,69440,205.3726,123.9021,
2021-08-10,10602.84,88.6531,5043.148,26605.62,4436.75,27888.15,70.86,69550,205.3579,123.8209,
2021-08-11,10679.73,88.7618,5015.3406,26660.16,4442.4102,28070.51,71.62,69800,205.3994,123.7492,
2021-08-12,11079.72,88.7535,4973.3509,26517.82,4460.8301,28015.02,71.15,70450,205.4446,123.8832,
2021-08-13,11299.8,88.7535,4945.9829,26391.62,4468,27977.15,70.25,70160,205.4809,123.7027,
2021-08-16,11193.9,88.8204,4941.0676,26181.46,4479.71,27523.19,69.57,69700,205.5764,123.6287,
2021-08-17,11053.05,88.7451,4837.4034,25745.87,4448.0801,27424.47,69.11,69710,205.6323,123.6961,
2021-08-18,11027.78,88.6866,4894.2384,25867.01,4400.27,27585.91,67.5,68720,205.6815,123.938,
2021-08-19,10667.97,88.6029,4862.1394,25316.33,4405.7998,27281.17,66.56,66790,205.7414,124.0419,
2021-08-20,10534.42,88.4524,4769.2678,24849.72,4441.6699,27013.25,65,67200,205.7852,124.0049,
2021-08-23,10624.01,88.628,4835.8782,25109.59,4479.5298,27494.24,68.78,67840,205.854,123.8841,
2021-08-24,10744.2,88.7116,4888.3902,25727.92,4486.23,27732.1,71.2,68730,205.8682,123.9346,
2021-08-25,10842.41,88.7953,4898.1572,25693.95,4496.1899,27724.8,71.93,69170,205.8982,123.9912,
2021-08-26,10771.57,88.7869,4801.6094,25415.69,4470,27742.29,71.44,68770,205.8375,123.7937,
2021-08-27,10904.7,89.0796,4827.0433,25407.89,4509.3701,27641.14,72.75,69210,205.8131,123.8673,
2021-08-30,11156.16,89.1215,4813.2703,25539.54,4528.79,27789.29,72.11,70180,205.8891,123.9962,
2021-08-31,11310.29,89.0378,4805.6099,25878.99,4522.6802,28089.54,71.7,70200,205.9175,124.043,
2021-09-01,11013.57,89.0708,4869.4587,26028.29,4524.0898,28451.02,71.31,69070,205.9489,124.1867,
2021-09-02,11166.49,89.1045,4869.4113,26090.43,4536.9502,28543.51,72.84,69250,205.9962,124.1802,
2021-09-03,11332.36,89.1382,4843.0624,25901.99,4535.4302,29128.11,72.48,69290,206.0173,124.1578,
2021-09-06,11267.44,--,4933.7262,26163.63,--,29659.89,72.1,69630,206.0861,124.1442,
2021-09-07,11287.26,89.1214,4992.8294,26353.63,4520.0298,29916.14,71.53,69250,206.1002,124.0093,
2021-09-08,11264.65,89.2394,4972.1324,26320.93,4514.0698,30181.21,72.66,68880,206.1086,123.947,
2021-09-09,11797.94,89.3658,4970.0133,25716,4493.2798,30008.19,71.37,69430,206.0903,123.9275,
2021-09-10,12257.67,89.2899,5013.5219,26205.91,4458.5801,30381.84,72.95,70250,206.0615,123.9569,
2021-09-13,12783.41,89.2731,4991.6598,25813.81,4468.73,30447.37,73.67,71650,206.1281,123.9017,
2021-09-14,12158.26,89.2141,4917.1617,25502.23,4443.0498,30670.1,73.91,69970,206.1136,123.8059,
2021-09-15,12079.13,89.2899,4867.3187,25033.21,4480.7002,30511.71,75.5,70050,206.0971,123.7921,
2021-09-16,11715.82,89.2394,4807.6978,24667.85,4473.75,30323.34,75.67,69650,206.1085,123.7838,
2021-09-17,11320.35,89.1298,4855.9402,24920.76,4432.9902,30500.05,75.49,69270,206.1045,123.8633,
2021-09-18,--,--,--,--,--,--,--,--,206.1196,123.8944,
2021-09-20,--,89.0708,--,24099.14,4357.73,--,74.25,--,--,--,
2021-09-21,--,89.054,--,24221.54,4354.1899,29839.71,74.68,--,--,--,
2021-09-22,11272.49,88.9192,4821.7675,--,4395.6401,29639.4,75.85,68780,206.1835,123.9382,
2021-09-23,11125.53,88.9107,4853.1957,24510.98,4448.98,--,77.26,68660,206.1971,123.9974,
2021-09-24,10838.24,88.8939,4849.4277,24192.16,4455.48,30248.81,78.07,69250,206.1854,123.966,
2021-09-26,--,--,--,--,--,--,--,--,206.2326,123.9589,
2021-09-27,10596.66,88.9529,4877.3698,24208.78,4443.1099,30240.06,79.42,69340,206.1936,123.9515,
2021-09-28,10651.51,88.9697,4883.828,24500.39,4352.6299,30183.96,78.22,69380,206.1813,123.9188,
2021-09-29,10608.29,89.0287,4833.9281,24663.5,4359.46,29544.29,77.9,68610,206.1507,123.9943,
2021-09-30,10622.22,89.0118,4866.3826,24575.64,4307.54,29452.66,78.36,68350,206.212,123.9974,
2021-10-01,--,89.1498,--,--,4357.04,28771.07,79.24,--,--,--,
2021-10-04,--,89.1921,--,24036.37,4300.46,28444.89,81.27,--,--,--,
2021-10-05,--,89.3274,--,24104.15,4345.7202,27822.12,82.56,--,--,--,
2021-10-06,--,89.2259,--,23966.49,4363.5498,27528.87,80.83,--,--,--,
2021-10-07,--,89.2936,--,24701.73,4399.7598,27678.21,82.48,--,--,--,
2021-10-08,10788.91,89.302,4929.9409,24837.85,4391.3398,28048.94,82.58,69160,206.4122,123.9063,
2021-10-09,--,--,--,--,--,--,--,--,206.4018,123.8504,
2021-10-11,11333.2,89.302,4936.1918,25325.09,4361.1899,28498.2,83.69,70500,206.3365,123.6015,
2021-10-12,11114.19,89.2344,4883.8369,24962.59,4350.6499,28230.61,83.38,69940,206.2809,123.502,
2021-10-13,10989.53,89.3528,4940.1089,--,4363.7998,28140.28,83.37,70350,206.2829,123.4645,
2021-10-14,11482.09,89.4119,4913.6123,--,4438.2598,28550.93,84.07,72770,206.3044,123.4647,
2021-10-15,11630.06,89.3781,4932.1084,25330.96,4471.3701,29068.63,84.92,74100,206.3363,123.3496,
2021-10-18,11694.56,89.2513,4874.7753,25409.75,4486.46,29025.46,84.15,76270,206.3407,122.7427,
2021-10-19,11945.23,89.302,4922.7232,25787.21,4519.6299,29215.52,85.15,75810,206.3174,122.9337,
2021-10-20,11549.21,89.488,4910.1846,26136.02,4536.1899,29255.55,85.89,73380,206.3848,123.0546,
2021-10-21,11649.6,89.581,4928.0156,26017.53,4549.7798,28708.58,84.75,72890,206.4398,123.2153,
2021-10-22,11427.63,89.6149,4959.7254,26126.93,4544.8999,28804.85,85.77,72500,206.5024,123.0534,
2021-10-25,11460.73,89.8093,4979.5235,26132.03,4566.48,28600.41,85.99,72230,206.6202,123.0198,
2021-10-26,11556.73,89.8431,4963.0984,26038.27,4574.79,29106.01,86.1,72220,206.6986,123.0732,
2021-10-27,11195.6,89.8854,4898.1644,25628.74,4551.6802,29098.24,84.2,70870,206.7922,123.1072,
2021-10-28,10920.05,89.6149,4864.138,25555.73,4596.4199,28820.09,83.9,71390,206.8812,123.1864,
2021-10-29,10901.13,89.6318,4908.7701,25377.24,4605.3799,28892.69,83.53,70940,206.9904,123.2323,
2021-11-01,10947.86,89.5052,4890.6851,25154.32,4613.6699,29647.08,84.55,70440,207.1149,123.4604,
2021-11-02,10863.85,89.5898,4839.8457,25099.67,4630.6499,29520.9,84.09,70150,207.2088,123.6135,
2021-11-03,10748.9,89.6151,4821.1119,25024.75,4660.5698,--,81.38,71750,207.334,123.6027,
2021-11-04,10766.51,89.7844,4868.7419,25225.19,4680.0601,29794.37,80.95,70710,207.4222,123.6658,
2021-11-05,10740.81,89.852,4842.3458,24870.51,4697.5298,29611.57,82.55,70260,207.5391,123.8495,
2021-11-08,11038.93,89.8943,4848.1795,24763.77,4701.7002,29507.05,83.66,70600,207.6507,123.8561,
2021-11-09,11068.92,90.0466,4846.7444,24813.13,4685.25,29285.46,85.12,70910,207.6375,123.8193,
2021-11-10,11119.73,90.0889,4821.1925,24996.14,4646.71,29106.78,82.56,70730,207.6881,123.811,
2021-11-11,11343.82,90.0889,4898.6529,25247.99,4649.27,29277.86,82.6,70900,207.7022,123.6773,
2021-11-12,11335.14,90.1989,4888.3749,25327.97,4682.8501,29609.97,81.98,71100,207.721,123.6984,
2021-11-15,11139.62,90.4189,4882.3777,25390.91,4682.7998,29776.8,82.11,71800,207.8265,123.8047,
2021-11-16,11014.49,90.4781,4883.3206,25713.78,4700.8999,29808.12,82.4,70360,207.8717,123.8347,
2021-11-17,10984.77,90.5289,4885.7544,25650.08,4688.6699,29688.33,80.21,70140,207.9207,123.7846,
2021-11-18,10938.98,90.5035,4837.6185,25319.72,4704.54,29598.66,81.1,68910,207.9789,123.8489,
2021-11-19,11003.57,90.1566,4890.0575,25049.97,4697.96,29745.87,78.6,70960,208.0257,123.7615,
2021-11-22,11028.79,89.9028,4912.399,24951.34,4682.9399,29774.11,79.5,70650,208.1052,123.7718,
2021-11-23,11045.23,89.9789,4913.3457,24651.58,4690.7002,--,82.2,71110,208.1612,123.7055,
2021-11-24,10915.5,90.0889,4916.6579,24685.5,4701.46,29302.66,82.26,71540,208.2284,123.8562,
2021-11-25,10989.63,--,4896.4416,24740.16,--,29499.28,82.25,72120,208.288,123.8587,
2021-11-26,10893.12,90.0382,4860.1265,24080.52,4594.6201,28751.62,72.89,70880,208.3394,124.0423,
2021-11-29,10742.37,90.0466,4851.423,23852.24,4655.27,28283.92,73.4,70580,208.4432,124.0038,
2021-11-30,10701,89.7336,4832.026,23475.26,4567,27821.76,70.57,69910,208.444,123.9676,
2021-12-01,10666.57,89.6003,4843.851,23658.92,4513.04,27935.62,68.94,70000,208.5008,123.9175,
2021-12-02,10553.88,89.6342,4856.163,23788.93,4577.1001,27753.37,70.47,69110,208.5635,123.8233,
2021-12-03,10622,89.7443,4901.0175,23766.69,4538.4302,28029.57,70.14,69810,208.5925,123.6677,
2021-12-06,10674.13,89.7866,4892.6209,23349.38,4591.6699,27927.37,73.6,69480,208.7475,123.9193,
2021-12-07,10718.86,89.8798,4922.1015,23983.66,4686.75,28455.6,75.33,69710,208.7934,123.8356,
2021-12-08,10790.75,89.9645,4995.9298,23996.87,4701.21,28860.62,75.93,69830,208.8093,123.753,
2021-12-09,10838.48,89.7358,5078.6901,24254.86,4667.4502,28725.47,74.01,69900,208.8392,123.7286,
2021-12-10,10717.66,89.7527,5055.1172,23995.72,4712.02,28437.77,75.27,69730,208.8801,123.7358,
2021-12-13,10713.52,89.685,5083.8007,23954.58,4668.9702,28640.49,74.32,69750,208.9852,123.7008,
2021-12-14,10659.17,89.5325,5049.6953,23635.95,4634.0898,28432.64,73.27,69190,209.0058,123.7712,
2021-12-15,10627.63,89.6172,5005.8991,23420.76,4709.8501,28459.72,74.42,68330,209.0442,123.7813,
2021-12-16,10695.65,89.7848,5034.7321,23475.5,4668.6699,29066.32,74.62,68590,209.0634,123.7507,
2021-12-17,10841.03,89.6314,4954.7599,23192.63,4620.6401,28545.68,72.87,69370,209.1107,123.8116,
2021-12-20,10630.24,89.674,4880.4178,22744.86,4568.02,27937.81,72.08,68630,209.1922,123.7979,
2021-12-21,10626.37,89.6825,4913.4853,22971.33,4649.23,28517.59,74.01,69220,209.1525,123.765,
2021-12-22,10642.01,89.9296,4914.4544,23102.33,4696.5601,28562.21,75.65,69610,209.1383,123.8542,
2021-12-23,10618.35,89.9466,4948.7389,23193.64,4725.79,28798.37,76.68,70030,209.1949,123.9851,
2021-12-24,10523.85,--,4921.3449,23223.76,--,28782.59,75.86,69610,209.2039,123.9463,
2021-12-27,10468.08,89.87,4919.3238,--,4791.1899,28676.46,79.01,69450,209.2875,124.0516,
2021-12-28,10541.65,89.904,4955.9644,23280.56,4786.3501,29069.16,79.1,70300,209.3248,124.1464,
2021-12-29,10454.54,90.0233,4883.4804,23086.54,4793.0601,28906.88,79.2,70100,209.4135,124.2542,
2021-12-30,10434.98,90.0574,4921.5109,23112.01,4778.73,28791.71,79.14,69910,209.4961,124.4077,
2021-12-31,10514.7,90.2022,4940.3733,23397.67,4766.1802,--,77.94,70110,209.552,124.3863,
2022-01-03,--,90.117,--,23274.75,4796.5601,--,78.91,--,--,--,
2022-01-04,10547.19,90.0318,4917.7653,23289.84,4793.54,29301.79,80.16,69690,209.738,124.3763,
2022-01-05,10618.36,89.8018,4868.1202,22907.25,4700.5801,29332.16,80.24,70100,209.8043,124.3495,
2022-01-06,10545.78,89.5718,4818.2318,23072.86,4696.0498,28487.87,81.98,69470,209.8467,124.2367,
2022-01-07,10460.35,89.5462,4822.3689,23493.38,4677.0298,28478.56,81.93,69510,209.8709,124.2243,
2022-01-10,10518.72,89.5888,4844.0451,23746.54,4670.29,--,81,69790,209.9892,124.3324,
2022-01-11,10610.27,89.8955,4797.7735,23739.06,4713.0698,28222.48,83.75,69780,210.0388,124.4292,
2022-01-12,10680.48,89.6825,4845.5787,24402.17,4726.3501,28765.66,84.84,71200,210.1274,124.5278,
2022-01-13,10732.14,89.7166,4765.9191,24429.77,4659.0298,28489.13,84.11,71730,210.1816,124.5613,
2022-01-14,10588.24,89.5547,4726.7317,24383.32,4662.8501,28124.28,86.47,71900,210.2183,124.586,
2022-01-17,10522.37,--,4767.2762,24218.03,--,28333.52,86.53,70300,210.3557,124.6013,
2022-01-18,10494.61,89.3844,4813.3472,24112.78,4577.1099,28257.25,88.57,70060,210.4306,124.9119,
2022-01-19,10535.49,89.3332,4780.3784,24127.85,4532.7598,27467.23,87.72,70000,210.6227,125.122,
2022-01-20,10660.67,89.3332,4823.5091,24952.35,4482.73,27772.93,87.48,71080,210.7026,125.1402,
2022-01-21,10716.32,89.4866,4779.3142,24965.55,4397.9399,27522.26,87.9,71220,210.7762,125.3058,
2022-01-24,10656.92,89.5973,4786.7377,24656.46,4410.1299,27588.37,87.17,70460,210.9299,125.5195,
2022-01-25,10982.04,89.5803,4678.4511,24243.61,4356.4502,27131.34,88.08,69610,211.008,125.4395,
2022-01-26,10814.45,89.3247,4712.3109,24289.9,4349.9302,27011.33,89.75,70710,211.0431,125.2752,
2022-01-27,10054.92,89.2821,4619.8765,23807,4326.5098,26170.3,90.08,69840,211.0525,125.1805,
2022-01-28,10087.06,89.4525,4563.772,23550.08,4431.8501,26717.34,90.54,70230,211.0986,125.338,
2022-01-29,--,--,--,--,--,--,--,--,211.1479,125.3979,
2022-01-30,--,--,--,--,--,--,--,--,211.2398,125.4302,
2022-01-31,--,89.5207,--,23802.26,4515.5498,27001.98,89.31,--,--,--,
2022-02-01,--,89.3617,--,--,4546.54,27078.48,89.29,--,--,--,
2022-02-02,--,89.4557,--,--,4589.3799,27533.6,89.34,--,--,--,
2022-02-03,--,89.2335,--,--,4477.4399,27241.31,91.07,--,--,--,
2022-02-04,--,89.0284,--,24573.29,4500.5298,27439.99,92.52,--,--,--,
2022-02-07,10219.93,88.9942,4634.0899,24579.55,4483.8701,27248.87,92.95,70450,211.4395,125.3485,
2022-02-08,10367.6,88.9002,4608.7729,24329.49,4521.54,27284.52,91.32,70590,211.4604,125.3713,
2022-02-09,10531.61,88.9344,4652.0609,24829.99,4587.1802,27579.87,91.8,70410,211.4954,125.2775,
2022-02-10,10540.87,88.7208,4639.8625,24924.35,4504.0801,27696.08,91.45,72920,211.5258,125.2988,
2022-02-11,10418.12,89.225,4601.3953,24906.66,4418.6401,--,95.1,71400,211.3729,124.867,
2022-02-14,10720.58,89.2421,4551.6878,24556.57,4401.6699,27079.59,95.85,71230,211.3918,124.8107,
2022-02-15,10881.03,89.1053,4600.1025,24355.71,4471.0698,26865.19,93.5,70930,211.3721,124.835,
2022-02-16,10566.9,89.2164,4617.9893,24718.9,4475.0098,27460.4,92.1,71510,211.367,124.8457,
2022-02-17,11045.55,89.413,4629.1649,24792.77,4380.2598,27232.87,92.94,71160,211.4173,124.941,
2022-02-18,10914.78,89.4728,4651.2358,24327.71,4348.8701,27122.07,93.61,71890,211.4404,124.8764,
2022-02-21,10868.12,--,4634.3141,24170.07,--,26910.87,97.35,71460,211.4224,124.5713,
2022-02-22,11245.49,89.5241,4574.1527,23520,4304.7598,26449.61,96.5,71030,211.3387,124.4915,
2022-02-23,10966.18,89.8146,4623.0465,23660.28,4225.5,--,97.54,71300,211.3459,124.5861,
2022-02-24,11750.37,90.0624,4529.3189,22901.56,4288.7002,25970.82,99.41,70960,211.3618,124.6495,
2022-02-25,11403.5,89.8915,4573.4247,22767.18,4384.6499,26476.5,98.57,70680,211.3686,124.7238,
2022-02-28,11486.69,90.5324,4581.6459,22713.02,4373.9399,26526.82,98.12,70930,211.449,124.8033,
2022-03-01,11332.56,90.9782,4619.6862,22761.71,4306.2598,26844.72,107.65,70970,211.4383,124.6741,
2022-03-02,11388.82,90.807,4578.6007,22343.92,4386.54,26393.03,114.54,71460,211.4197,124.5664,
2022-03-03,11382.69,90.5502,4551.6283,22467.34,4363.4902,26577.27,110.44,72880,211.3165,124.4363,
2022-03-04,11245.7,90.9097,4496.4301,21905.29,4328.8701,25985.47,118.05,72840,211.2314,124.4839,
2022-03-07,11665.47,91.1322,4352.7775,21057.63,4201.0898,25221.41,124.37,74990,211.2465,124.5347,
2022-03-08,11742.08,91.2948,4265.391,20765.87,4170.7002,24790.95,129.47,73900,211.2092,124.5508,
2022-03-09,11918.38,90.884,4226.3463,20627.71,4277.8799,24717.53,112.51,72800,211.0829,124.433,
2022-03-10,11648.93,91.0552,4292.8374,20890.26,4259.52,25690.4,109.18,71910,210.9835,124.4018,
2022-03-11,11516.47,91.3719,4306.5217,20553.79,4204.3101,25162.78,112.12,72230,210.9047,124.6137,
2022-03-14,11313.36,90.9782,4174.7577,19531.66,4173.1099,25307.85,106,71900,211.1384,124.8267,
2022-03-15,10368.75,90.7471,3983.812,18415.08,4262.4502,25346.48,98.75,71600,211.0614,124.47,
2022-03-16,10365.26,90.3363,4156.081,20087.5,4357.8599,25762.01,98.04,72090,210.9992,124.4511,
2022-03-17,10551.27,91.0552,4237.6956,21501.23,4411.6699,26652.89,107.01,72250,210.9899,124.4499,
2022-03-18,10670.34,90.9011,4265.9017,21412.4,4463.1201,26827.43,108.2,72830,211.0409,124.5031,
2022-03-21,10774.37,90.6187,4258.7459,21221.34,4461.1802,--,116.4,72950,211.1004,124.4263,
2022-03-22,11056.3,90.4732,4255.295,21889.28,4511.6099,27224.11,114.58,73160,211.1041,124.2713,
2022-03-23,11040.41,90.9611,4276.5174,22154.08,4456.2402,28040.16,121.52,73260,211.1127,124.2886,
2022-03-24,11587.06,90.7728,4251.3061,21945.95,4520.1602,28110.39,118.2,73640,211.1248,124.3845,
2022-03-25,11736.5,90.5588,4174.5742,21404.88,4543.0601,28149.84,119.98,73630,211.1525,124.4542,
2022-03-28,11695.15,90.2849,4148.4663,21684.97,4575.52,27943.89,109.35,73070,211.2454,124.5254,
2022-03-29,11640.62,89.9854,4134.1441,21927.63,4631.6001,28252.42,111.42,73660,211.2916,124.5261,
2022-03-30,11535.07,90.1309,4254.0989,22232.03,4602.4502,28027.25,111,74250,211.3257,124.6341,
2022-03-31,11470.57,89.8142,4222.5968,21996.85,4530.4102,27821.43,105.65,73430,211.4078,124.606,
2022-04-01,11596.24,89.4697,4276.158,22039.55,4545.8599,27665.98,104.75,73230,211.511,124.7083,
2022-04-02,--,--,--,--,--,--,--,--,211.5831,124.7702,
2022-04-04,--,89.5644,--,22502.31,4582.6401,27736.47,107.98,--,--,--,
2022-04-05,--,89.3062,--,--,4525.1201,27787.98,--,--,--,--,
2022-04-06,11669.91,89.2632,4263.8411,22080.52,4481.1499,27350.3,101.65,73810,211.7462,124.8942,
2022-04-07,11672.63,89.2804,4209.0998,21808.98,4500.21,26888.57,101.41,73510,211.8542,125.0456,
2022-04-08,12395.34,89.4697,4230.7669,21872.01,4488.2798,26985.8,102.4,73900,211.9664,124.9873,
2022-04-11,12509.45,89.5558,4100.0703,21208.3,4412.5298,26821.52,99.35,73580,212.0912,124.8162,
2022-04-12,12578.94,89.6419,4179.9727,21319.13,4397.4502,26334.98,104.93,73680,212.1446,124.7811,
2022-04-13,12657.09,89.6247,4139.737,21374.37,4446.5898,26843.49,108.88,74300,212.2089,124.8169,
2022-04-14,12615.79,89.7366,4191.5684,21518.08,4392.5898,27172,111.66,74500,212.3265,124.89,
2022-04-15,12193.32,--,4188.7472,--,--,27093.19,--,75700,212.4008,124.9019,
2022-04-18,12432.99,89.7108,4166.3844,--,4391.6899,26799.71,112.84,74760,212.4396,124.6859,
2022-04-19,12414.22,89.5042,4134.9017,21027.76,4462.21,26985.09,107.6,75040,212.4783,124.7045,
2022-04-20,11770.68,89.6505,4070.7889,20944.67,4459.4502,27217.85,107.23,74480,212.4701,124.6759,
2022-04-21,11246.88,89.8915,3995.83,20682.22,4393.6602,27553.06,108.83,74480,212.4832,124.7658,
2022-04-22,11322.89,89.7882,4013.2498,20638.52,4271.7798,27105.26,106.2,75010,212.5479,124.7181,
2022-04-24,--,--,--,--,--,--,--,--,212.5717,124.7381,
2022-04-25,10430.68,89.7366,3814.9127,19869.34,4296.1201,26590.78,102.63,73660,212.6205,124.8072,
2022-04-26,10033.88,89.8743,3784.1198,19934.71,4175.2002,26700.11,105.66,73540,212.6932,124.819,
2022-04-27,10290.18,89.9087,3895.5361,19946.36,4183.96,26386.63,105.15,73580,212.7494,124.7526,
2022-04-28,10019.89,90.0809,3921.1073,20276.17,4287.5,26847.9,107.12,73600,212.7676,124.6364,
2022-04-29,10624.6,89.728,4016.241,21089.39,4131.9302,--,106.08,73930,212.8128,124.7149,
2022-05-02,--,89.3184,--,--,4155.3799,26818.53,107.64,--,--,--,
2022-05-03,--,89.353,--,21101.89,4175.48,--,105.94,--,--,--,
2022-05-04,--,89.6823,--,20869.52,4300.1699,--,110.22,--,--,--,
2022-05-05,10507.64,89.405,4010.2102,20793.4,4146.8701,--,111.06,73260,212.9821,124.7541,
2022-05-06,10171.9,89.4917,3908.815,20001.96,4123.3398,27003.56,113.22,72570,213.0482,124.7536,
2022-05-07,--,--,--,--,--,--,--,--,213.0935,124.7827,
2022-05-09,10106.32,89.2837,3877.4364,--,3991.24,26319.34,105.25,72000,213.1933,124.8484,
2022-05-10,10016.66,88.9631,3919.8684,19633.69,4001.05,26167.1,101.6,72100,213.2843,124.9278,
2022-05-11,10020.48,89.3184,3976.4231,19824.57,3935.1799,26213.64,107.51,71930,213.3638,124.8818,
2022-05-12,9936.31,89.3184,3958.74,19380.34,3930.0801,25748.72,107.92,71120,213.4672,124.9718,
2022-05-13,9996.66,89.6476,3988.6002,19898.77,4023.8899,26427.65,111.22,71200,213.5819,124.9126,
2022-05-16,9905.35,89.7689,3956.5378,19950.21,4008.01,26547.05,114.03,71280,213.7384,124.909,
2022-05-17,10015.74,89.5956,4005.8934,20602.52,4088.8501,26659.75,112.83,71790,213.8349,124.9568,
2022-05-18,9891.49,89.7689,3991.9069,20644.28,3923.6799,26911.2,109.25,71340,213.9497,125.0297,
2022-05-19,9929.36,89.7603,3999.5984,20120.68,3900.79,26402.84,111.5,71530,214.0529,125.038,
2022-05-20,10152.18,89.7603,4077.5998,20717.24,3901.3601,26739.03,112.91,71900,214.1152,124.9292,
2022-05-23,10433.11,89.7169,4053.9823,20470.06,3973.75,27001.52,113.47,72050,214.2427,124.9138,
2022-05-24,10125.65,89.8989,3959.1541,20112.1,3941.48,26748.14,113.84,71770,214.3258,124.9397,
2022-05-25,10446.36,90.0462,3983.1784,20171.27,3978.73,26677.8,114.5,71810,214.3596,124.9913,
2022-05-26,10354.26,90.2888,3993.0446,20116.2,4057.8401,26604.84,117.61,71430,214.4472,125.2826,
2022-05-27,10372.89,90.4188,4001.2988,20697.36,4158.2402,26781.68,118.8,72150,214.5244,125.2746,
2022-05-30,10466.37,--,4029.0179,21123.93,--,27369.43,117.7,72270,214.5931,125.1756,
2022-05-31,10378.01,90.1848,4091.5176,21415.2,4132.1499,27279.8,116.27,72490,214.529,124.9951,
2022-06-01,10214.85,89.9668,4083.1772,21294.94,4101.23,27457.89,115.9,71870,214.4597,124.9578,
2022-06-02,10255.79,90.107,4089.5682,21082.13,4176.8198,27413.88,118.29,72380,214.4224,124.9332,
2022-06-03,--,90.2821,--,--,4108.54,27761.57,121.08,--,--,--,
2022-06-06,10338.82,90.0895,4166.085,21653.9,4121.4302,27915.89,119.99,72820,214.3685,124.7458,
2022-06-07,10264.56,90.1683,4179.1285,21531.67,4160.6802,27943.95,121,72600,214.2808,124.7355,
2022-06-08,10290.93,90.177,4219.8122,22014.59,4115.77,28234.29,123.94,72890,214.2842,124.7558,
2022-06-09,10451.18,90.2033,4175.6747,21869.05,4017.8201,28246.53,122.93,72900,214.3718,124.8048,
2022-06-10,10429.59,90.0982,4238.9936,21806.18,3900.8601,27824.29,121.93,72760,214.4665,124.8332,
2022-06-13,10851.72,89.4939,4189.3527,21067.58,3749.6299,26987.44,122.36,71960,214.5411,124.813,
2022-06-14,10663.64,88.6881,4222.3114,21067.99,3735.48,26629.86,121.09,71770,214.5639,124.787,
2022-06-15,10813.07,89.2136,4278.2178,21308.21,3789.99,26326.16,118.98,70900,214.5938,124.7718,
2022-06-16,10804.53,89.1348,4250.0614,20845.43,3666.77,26431.2,119.03,70540,214.6351,124.7973,
2022-06-17,11154.24,89.056,4309.0444,21075,3674.8401,25963,113.61,69740,214.7402,124.8414,
2022-06-20,11080.7,--,4330.4328,21163.91,--,25771.22,114.21,68000,214.8258,124.7207,
2022-06-21,10836.53,88.9596,4325.5657,21559.59,3764.79,26246.31,114.89,68030,214.8558,124.7102,
2022-06-22,10770.63,89.0384,4270.6227,21008.34,3759.8899,26149.55,110.03,67060,214.9048,124.7137,
2022-06-23,10884.39,89.2048,4343.8781,21273.87,3795.73,26171.25,109.83,66380,214.9729,124.7211,
2022-06-24,10759.94,89.3625,4394.7723,21719.06,3911.74,26491.97,113.19,63670,215.0021,124.6007,
2022-06-27,11027.19,89.0735,4444.2639,22229.52,3900.1101,26871.27,115.55,63900,215.0155,124.4074,
2022-06-28,10983.93,88.9421,4490.5166,22418.97,3821.55,27049.47,118.15,64990,214.9789,124.3612,
2022-06-29,10710.11,88.8545,4421.357,21996.89,3818.8301,26804.6,112.3,63770,215.0023,124.3851,
2022-06-30,10705.38,88.837,4485.0108,21859.79,3785.3799,26393.04,109.2,64320,215.0317,124.4774,
2022-07-01,10579.62,89.5351,4466.7179,--,3825.3301,25935.62,111.48,61800,215.1097,124.5107,
2022-07-04,10706.51,--,4496.0303,21830.35,--,26153.81,113.83,60800,215.1307,124.3807,
2022-07-05,10605.32,89.1833,4489.5383,21853.07,3831.3899,26423.47,104.8,60200,215.1292,124.3491,
2022-07-06,10385.64,88.7259,4423.9698,21586.66,3845.0801,26107.65,99.8,57670,215.2,124.414,
2022-07-07,10424.55,88.7259,4443.4736,21643.58,3902.6201,26490.53,104.1,58760,215.2531,124.4222,
2022-07-08,10360.13,88.7875,4428.781,21725.78,3899.3799,26517.19,107.15,58960,215.2988,124.38,
2022-07-11,10226.26,88.8403,4354.6167,21124.2,3854.4299,26812.3,106.41,58600,215.4283,124.4902,
2022-07-12,10248.9,88.6028,4313.6184,20844.74,3818.8,26336.66,99.22,57320,215.5096,124.6028,
2022-07-13,10295.86,88.6292,4321.4617,20797.95,3801.78,26478.77,99.85,56130,215.6335,124.6738,
2022-07-14,10325.82,88.5764,4322.0742,20751.21,3790.3799,26643.39,99.71,55450,215.7363,124.7937,
2022-07-15,10052.53,88.8842,4248.5273,20297.72,3863.1599,26788.47,101.13,58760,215.8326,124.8712,
2022-07-18,10308.57,89.0601,4292.5858,20846.18,3830.8501,--,105.69,56390,215.9756,124.8935,
2022-07-19,10316.49,89.0162,4269.3401,20661.06,3936.6899,26961.68,107.27,56030,216.0668,124.9026,
2022-07-20,10369.93,88.981,4283.8027,20890.22,3959.8999,27680.26,106.61,56840,216.1647,125.0252,
2022-07-21,10389.56,89.1481,4236.0578,20574.63,3998.95,27803,103.89,56180,216.2693,125.1181,
2022-07-22,10360.68,89.5263,4238.2341,20609.14,3961.6299,27914.66,103.61,56930,216.3374,125.0223,
2022-07-25,10589.88,89.4999,4212.6441,20562.94,3966.8401,27699.25,104.89,57220,216.5033,125.0639,
2022-07-26,10716.1,89.4735,4245.9758,20905.88,3921.05,27655.21,104.7,59130,216.6306,125.1628,
2022-07-27,10848.23,89.7726,4225.0357,20670.04,4023.6101,27715.75,107.48,58690,216.7147,125.1985,
2022-07-28,10897.69,90.2211,4225.6733,20622.68,4072.4299,27815.48,102.4,60280,216.7557,125.1165,
2022-07-29,11083.84,90.4586,4170.1019,20156.51,4130.29,27801.64,104,60500,216.8622,125.3161,
2022-08-01,10983.48,90.3155,4188.6784,20165.84,4118.6299,27993.35,99.93,61200,217.0677,125.533,
2022-08-02,11016.71,89.8452,4107.024,19689.21,4091.1899,27594.73,99.92,60580,217.2027,125.5968,
2022-08-03,10892.25,89.8896,4066.9754,19767.09,4155.1699,27741.9,97.1,60080,217.3032,125.6427,
2022-08-04,10908.19,89.9251,4101.5367,20174.04,4151.9399,27932.2,93.6,59160,217.4375,125.7475,
2022-08-05,11454.35,89.4193,4156.9111,20201.94,4145.1899,28175.87,--,60710,217.4877,125.6452,
2022-08-08,11412.15,89.6412,4148.0746,20045.77,4140.0601,28249.24,96.52,61310,217.5825,125.6207,
2022-08-09,11369.66,89.5791,4156.2907,20003.44,4122.4702,27999.96,96.53,61610,217.5242,125.5564,
2022-08-10,11923.49,89.5791,4109.7373,19610.84,4210.2402,27819.33,97.06,61430,217.5474,125.5828,
2022-08-11,11616.43,89.5968,4193.5428,20082.43,4207.27,--,99.39,63120,217.535,125.5684,
2022-08-12,11968.41,89.7476,4191.152,20175.62,4280.1499,28546.98,98.12,63350,217.5349,125.5297,
2022-08-15,11948.43,89.7299,4185.6794,20040.86,4297.1401,28871.78,93.47,61190,217.7652,126.0861,
2022-08-16,11766.81,89.6057,4177.837,19830.52,4305.2002,28868.91,92.76,62040,217.9317,126.2502,
2022-08-17,11693.27,89.5791,4216.9586,19922.45,4274.04,29222.77,93.05,61960,217.9914,126.2326,
2022-08-18,11408.39,89.7388,4180.0996,19763.91,4283.7402,28942.14,96.58,61170,218.078,126.457,
2022-08-19,11217.56,89.7565,4151.0738,19773.03,4228.48,28930.33,96.09,61980,218.1301,126.5515,
2022-08-22,11350.45,89.6678,4181.3965,19656.98,4137.9902,28794.5,96.69,62770,218.1973,126.5797,
2022-08-23,11269.15,89.8896,4161.0823,19503.25,4128.73,28452.75,100.15,63040,218.2017,126.4906,
2022-08-24,11147.11,89.9961,4082.4195,19268.74,4140.77,28313.47,101.73,63420,218.1864,126.4857,
2022-08-25,11483.65,89.9872,4116.2396,19968.38,4199.1201,28479.01,99.83,63100,218.0885,126.2906,
2022-08-26,11481.24,89.8186,4107.5455,20170.04,4057.6599,28641.38,100.6,64110,217.9941,126.2691,
2022-08-29,11374.62,89.65,4089.5205,20023.22,4030.6101,27878.96,105.11,63040,218.0632,126.4315,
2022-08-30,11389.64,89.4548,4075.7937,19949.03,3986.1599,28195.58,98.47,62700,218.0962,126.5369,
2022-08-31,11132.57,89.0378,4078.8402,19954.39,3955,28091.53,94.96,62650,218.1247,126.5484,
2022-09-01,11117.49,88.8238,4043.7395,19597.31,3966.8501,27661.47,92.17,61200,218.1762,126.6425,
2022-09-02,11032.96,89.0484,4023.6131,19452.09,3924.26,27650.84,93.28,60050,218.2372,126.6437,
2022-09-05,11226.76,--,4015.4264,19225.7,--,27619.61,95.23,61010,218.3678,126.7379,
2022-09-06,11523.32,88.8148,4052.2802,19202.73,3908.1899,27626.51,92.85,61980,218.447,126.7574,
2022-09-07,11500.87,88.8328,4054.983,19044.3,3979.8701,27430.3,87.71,60960,218.4889,126.754,
2022-09-08,11896.47,88.5902,4037.6839,18854.62,4006.1799,28065.28,88.61,61630,218.5283,126.7238,
2022-09-09,11966.54,88.716,4093.7874,19362.25,4067.3601,28214.75,92.29,63670,218.552,126.6682,
2022-09-12,--,88.698,--,--,4110.4102,28542.11,94.26,--,--,--,
2022-09-13,12285.72,88.5812,4111.1145,19326.86,3932.6899,28614.63,93.47,63830,218.6467,126.649,
2022-09-14,12075.17,88.6351,4065.359,18847.1,3946.01,27818.62,94.64,62920,218.655,126.5382,
2022-09-15,11716.24,88.3386,4027.1186,18930.38,3901.3501,27875.91,90.68,63500,218.7073,126.5686,
2022-09-16,11314.02,88.2488,3932.6826,18761.69,3873.3301,27567.65,91.57,61950,218.7135,126.4477,
2022-09-19,11237.22,87.9702,3928.0001,18565.97,3899.8899,--,91.73,62280,218.7564,126.4487,
2022-09-20,11496.8,87.9343,3932.8361,18781.42,3855.9299,27688.42,90.87,62600,218.7731,126.5152,
2022-09-21,11768.36,87.8984,3903.7348,18444.62,3789.9299,27313.13,90,62760,218.8105,126.568,
2022-09-22,11893.62,87.4671,3869.344,18147.95,3757.99,27153.83,90.33,62430,218.8341,126.5635,
2022-09-23,11804.37,87.1436,3856.0212,17933.27,3693.23,--,86.65,62180,218.831,126.4684,
2022-09-26,11266.13,86.5776,3836.6773,17855.14,3655.04,26431.55,83.94,60700,218.838,126.2722,
2022-09-27,11240.85,86.5776,3892.295,17860.31,3647.29,26571.87,85.69,61280,218.7765,126.2717,
2022-09-28,10888.39,87.2604,3828.7098,17250.88,3719.04,26173.98,89.27,60830,218.7057,126.0941,
2022-09-29,11168.9,86.6585,3827.1434,17165.87,3640.47,26422.05,87.46,61740,218.6784,126.0172,
2022-09-30,11273.77,86.353,3804.8853,17222.83,3585.6201,25937.21,85.57,62460,218.6325,125.8388,
2022-10-03,--,86.9909,--,17079.51,3678.4299,26215.79,88.73,--,--,--,
2022-10-04,--,87.3593,--,--,3790.9299,26992.21,91.76,--,--,--,
2022-10-05,--,87.0897,--,18087.97,3783.28,27120.53,93.79,--,--,--,
2022-10-06,--,87.0628,--,18012.15,3744.52,27311.3,94.92,--,--,--,
2022-10-07,--,87.0538,--,17740.05,3639.6599,27116.11,98.45,--,--,--,
2022-10-08,--,--,--,--,--,--,--,--,218.8383,125.8599,
2022-10-09,--,--,--,--,--,--,--,--,218.8433,126.0456,
2022-10-10,11285.06,86.8741,3720.9365,17216.66,3612.3899,--,96.07,62770,218.9118,126.0984,
2022-10-11,11273.98,87.0179,3727.6867,16832.36,3588.8401,26401.25,93.81,64100,218.9671,126.1592,
2022-10-12,11512.55,87.0448,3784.3064,16701.03,3577.03,26396.83,92.41,64150,219.0144,126.1404,
2022-10-13,11367.11,86.9819,3752.6729,16389.11,3669.9099,26237.42,94.69,63890,219.0422,126.236,
2022-10-14,11563.26,86.9909,3842.4698,16587.69,3583.0701,27090.76,91.43,65640,219.1107,126.3659,
2022-10-17,11540.07,87.0987,3846.4119,16612.9,3677.95,26775.79,91.98,63800,219.2374,126.3326,
2022-10-18,11535.28,87.0807,3838.2667,16914.58,3719.98,27156.14,90.64,62650,219.2749,126.2891,
2022-10-19,11119.26,86.8921,3776.5335,16511.28,3695.1599,27257.38,92.57,62120,219.336,126.3098,
2022-10-20,11086.6,86.8651,3754.9269,16280.22,3665.78,27006.96,92.68,62270,219.3897,126.2356,
2022-10-21,10974.03,87.2515,3742.8929,16211.12,3752.75,26890.58,93.42,62820,219.4218,126.1595,
2022-10-24,11387.07,87.3233,3633.3733,15180.69,3797.3401,26974.9,93.45,63810,219.5141,126.1167,
2022-10-25,11062.89,87.3233,3627.4542,15165.59,3859.1101,27250.28,93.06,64000,219.4671,126.0776,
2022-10-26,11288.71,87.2964,3656.9027,15317.67,3830.6001,27431.84,96.04,63720,219.4595,126.1403,
2022-10-27,11592.21,87.5659,3631.1448,15427.94,3807.3,27345.24,96.71,64340,219.4897,126.2599,
2022-10-28,11733.58,87.4222,3541.3295,14863.06,3901.0601,27105.2,96.17,63780,219.5364,126.3783,
2022-10-31,11472.44,87.3413,3508.7034,14687.02,3871.98,27587.46,92.85,63500,219.6304,126.5607,
2022-11-01,11638.13,87.3054,3634.1732,15455.27,3856.1001,27678.92,94.77,64580,219.6522,126.46,
2022-11-02,11763.04,87.2155,3677.8051,15827.17,3759.6899,27663.39,95.52,64790,219.6564,126.3527,
2022-11-03,11643.41,86.7663,3647.8966,15339.49,3719.8899,--,94.56,64500,219.6593,126.3687,
2022-11-04,11705.64,87.0628,3767.1746,16161.14,3770.55,27199.74,98.72,65340,219.5942,126.2643,
2022-11-07,11991.95,87.1257,3775.2971,16595.91,3806.8,27527.64,97.93,66870,219.6331,126.2764,
2022-11-08,12111.51,87.1526,3749.3251,16557.31,3828.1101,27872.11,95.05,66740,219.5619,126.2657,
2022-11-09,12475.79,87.0897,3714.2704,16358.52,3748.5701,27716.43,92.47,67370,219.5374,126.2478,
2022-11-10,12427.27,87.539,3685.6885,16081.04,3956.3701,27446.1,93.34,67560,219.4558,126.2142,
2022-11-11,12969.03,87.548,3788.4387,17325.66,3992.9299,28263.57,95.76,68130,219.2764,125.9922,
2022-11-14,12579.22,87.2425,3794.0171,17619.71,3957.25,27963.47,92.5,67450,218.6004,125.1865,
2022-11-15,12560.07,87.4042,3865.9726,18343.12,3991.73,27990.17,93.77,67400,218.222,125.1933,
2022-11-16,12747.54,87.4132,3834.3899,18256.48,3958.79,28028.3,92.61,66710,217.9098,125.0379,
2022-11-17,12442.99,87.1257,3818.664,18045.66,3946.5601,27930.57,90.02,66510,217.6424,125.1552,
2022-11-18,12324.88,86.901,3801.5686,17992.54,3965.3401,27899.77,87.74,65740,217.6072,125.1376,
2022-11-21,12386.13,87.0897,3769.1269,17655.91,3949.9399,27944.79,87.82,65030,217.6971,125.1353,
2022-11-22,12328.8,87.2335,3769.5727,17424.41,4003.5801,28115.74,88.35,64410,217.673,125.0806,
2022-11-23,12307.12,87.3054,3773.5287,17523.81,4027.26,--,84.65,64890,217.7265,125.2357,
2022-11-24,12647.42,--,3756.8082,17660.9,--,28383.09,85.12,65110,217.951,125.3629,
2022-11-25,12939.26,87.2964,3775.7764,17573.58,4026.1201,28283.03,83.91,65290,217.9536,125.1131,
2022-11-28,12792.04,87.2694,3733.2424,17297.94,3963.9399,28162.83,82.52,64390,217.9291,124.9115,
2022-11-29,12661.64,87.1975,3848.4224,18204.68,3957.6299,28027.84,84.98,65300,217.6423,124.622,
2022-11-30,12461.78,87.7636,3853.0365,18597.23,4080.1101,27968.99,86.64,64880,217.4724,124.5838,
2022-12-01,12730.69,88.1151,3894.7687,18736.44,4076.5701,28226.08,87.1,66090,217.3042,124.6808,
2022-12-02,12301.91,88.241,3870.9478,18675.35,4071.7,27777.9,85.9,66470,217.2475,124.7073,
2022-12-05,12346.93,87.8183,3946.8759,19518.29,3998.8401,27820.4,83.04,66500,217.1779,124.5364,
2022-12-06,12205.34,87.7463,3968.1979,19441.18,3941.26,27885.87,79.69,65960,216.8639,124.3237,
2022-12-07,12139.01,87.8632,3958.4409,18814.82,3933.9199,27686.4,77.41,65680,216.3702,124.393,
2022-12-08,12149.14,87.8093,3959.1798,19450.23,3963.51,27574.43,76.46,66450,216.2211,124.4538,
2022-12-09,12164.86,87.6294,3998.2442,19900.87,3934.3799,27901.01,76.61,67200,215.9895,124.3628,
2022-12-12,11574.63,87.6384,3953.4433,19463.63,3990.5601,27842.33,78.13,66180,215.7848,124.3778,
2022-12-13,11830.67,87.8543,3945.6813,19596.2,4019.6499,27954.85,80.5,66260,215.2787,124.2633,
2022-12-14,11868.69,87.7913,3954.8857,19673.45,3995.3201,28156.21,82.9,66660,215.2594,124.5023,
2022-12-15,11500.98,87.7266,3951.9885,19368.59,3895.75,28051.7,81.52,66400,215.2644,124.4836,
2022-12-16,11424.76,87.6274,3954.227,19450.67,3852.3601,27527.12,79.21,65260,215.2633,124.4755,
2022-12-19,11248.21,87.5462,3893.2207,19352.81,3817.66,27237.64,80.16,65110,215.3944,124.6736,
2022-12-20,11188.03,87.6003,3829.0173,19094.8,3821.62,26568.03,79.79,65060,215.4374,124.6982,
2022-12-21,11242.94,87.8349,3830.5384,19160.49,3878.44,26387.72,82.3,65760,215.5059,124.7162,
2022-12-22,11116.45,87.6906,3836.028,19679.22,3822.39,26507.87,81.58,65820,215.5741,124.806,
2022-12-23,10946.03,87.6815,3828.2188,19593.06,3844.82,26235.25,83.97,65450,215.6884,124.9144,
2022-12-26,11011.58,--,3843.4887,--,--,26405.87,--,66040,215.8078,124.8505,
2022-12-27,11100.1,87.5372,3887.854,--,3829.25,26447.87,84.6,66350,215.8539,124.7634,
2022-12-28,11200.02,87.5101,3871.2644,19898.91,3783.22,26340.5,83.21,66420,215.8781,124.7953,
2022-12-29,11174.41,87.5823,3856.7007,19741.14,3849.28,26093.67,82.27,66430,215.997,124.9308,
2022-12-30,11327.71,87.483,3871.6338,19781.41,3839.5,26094.5,85.99,66350,216.0792,124.9979,
2022-12-31,--,--,--,--,--,--,--,--,216.1107,125.0151,
2023-01-03,11662.08,87.5191,3887.8992,20145.29,3824.14,--,82.46,65900,216.3316,125.0924,
2023-01-04,11757.89,87.4109,3892.9477,20793.11,3852.97,25716.86,78.1,64650,216.5348,125.2008,
2023-01-05,11658.13,87.3928,3968.5782,21052.17,3808.1,25820.8,78.88,64360,216.6774,125.179,
2023-01-06,11527.19,87.6545,3980.8888,20991.64,3895.08,25973.85,78.6,65280,216.723,125.1038,
2023-01-09,12017.62,87.7357,4013.1196,21388.34,3892.09,--,79.8,66120,216.8433,125.1006,
2023-01-10,11991.74,87.6815,4017.4737,21331.46,3919.25,26175.56,79.62,66580,216.7944,124.9525,
2023-01-11,11913.58,87.7537,4010.0309,21436.05,3969.61,26446,82.91,67900,216.7405,124.9435,
2023-01-12,11785.43,88.0966,4017.8692,21514.1,3983.17,26449.82,83.82,68390,216.7483,124.979,
2023-01-13,11859.33,87.9251,4074.3772,21738.66,3999.09,26119.52,85.44,68390,216.7549,124.9059,
2023-01-16,11934,--,4137.9643,21746.72,--,25822.32,84.12,68360,216.73,124.7096,
2023-01-17,11761.83,87.8439,4137.2422,21577.64,3990.97,26138.68,86.7,68280,216.7045,124.794,
2023-01-18,11810.07,88.0424,4130.3143,21678,3928.86,26791.12,84.64,70190,216.7186,124.7584,
2023-01-19,11723.76,88.277,4156.0077,21650.98,3898.85,26405.23,86.38,69630,216.7327,124.7621,
2023-01-20,12306.84,88.1146,4181.5267,22044.65,3972.61,26553.53,87.66,70300,216.7285,124.7075,
2023-01-23,--,88.1146,--,--,4019.81,26906.04,88.15,--,--,--,
2023-01-24,--,88.25,--,--,4016.95,27299.19,86.33,--,--,--,
2023-01-25,--,88.3131,--,--,4016.22,27395.01,86.18,--,--,--,
2023-01-26,--,88.3402,--,22566.78,4060.43,27362.75,87.72,--,--,--,
2023-01-27,--,88.259,--,22688.9,4070.56,27382.56,86.37,--,--,--,
2023-01-28,--,--,--,--,--,--,--,--,216.981,124.684,
2023-01-29,--,--,--,--,--,--,--,--,217.0108,124.7576,
2023-01-30,12268.83,88.0875,4201.345,22069.73,4017.77,27433.4,85.59,69300,217.0069,124.7573,
2023-01-31,12321.77,88.1958,4156.8578,21842.33,4076.6,27327.11,84.47,69150,217.0463,124.7978,
2023-02-01,12627.11,88.5026,4195.9332,22072.18,4119.21,27346.88,83.06,69550,217.0605,124.7569,
2023-02-02,12881.06,88.4665,4181.1493,21958.36,4179.76,27402.05,82.1,68960,217.1557,124.7779,
2023-02-03,12662.06,88.0154,4141.6319,21660.47,4136.48,27509.46,79.82,68800,217.2644,124.7969,
2023-02-06,12216.51,87.7988,4086.8779,21222.16,4111.08,27693.65,81.4,68250,217.4078,124.7819,
2023-02-07,12438.79,88.0244,4094.2335,21298.7,4164,27685.47,84.09,68100,217.4888,124.8046,
2023-02-08,12230.12,88.1958,4076.1411,21283.52,4117.86,27606.46,85.02,68500,217.5952,124.8215,
2023-02-09,12260.59,88.0605,4130.8565,21624.36,4081.5,27584.35,84.08,68490,217.6959,124.8351,
2023-02-10,12080.68,88.0063,4106.3097,21190.42,4090.46,27670.98,86.52,68260,217.8109,124.8483,
2023-02-13,12140.79,87.9973,4143.574,21164.42,4137.29,27427.32,85.78,68050,217.9956,124.8738,
2023-02-14,12265.48,87.871,4145.2902,21113.76,4136.13,27602.77,85.25,68600,218.1287,124.8913,
2023-02-15,12150.32,87.9522,4123.6893,20812.17,4147.6,27501.86,85.28,68500,218.2143,124.8769,
2023-02-16,11864.92,87.9251,4093.4876,20987.67,4090.41,27696.44,84.82,68510,218.3561,124.8859,
2023-02-17,11855.09,87.9161,4034.507,20719.81,4079.09,27513.13,83.15,68880,218.4743,124.8675,
2023-02-20,12080.56,--,4133.4896,20886.96,--,27531.94,83.81,69400,218.5475,124.7931,
2023-02-21,12169.89,87.8439,4144.3536,20529.49,3997.34,27473.1,82.73,70100,218.5149,124.7286,
2023-02-22,12201.5,87.7447,4106.9506,20423.84,3991.05,27104.32,80.47,70090,218.5636,124.7621,
2023-02-23,12198.47,87.8439,4103.6463,20351.35,4012.32,--,82.43,69870,218.6344,124.7554,
2023-02-24,12079.72,87.5913,4061.0457,20010.04,3970.04,27453.48,83.23,69480,218.704,124.7352,
2023-02-27,11997.97,87.6545,4043.8444,19943.51,3982.24,27423.96,82.44,68220,218.8502,124.7481,
2023-02-28,12007.74,87.7988,4069.4587,19785.94,3970.15,27445.56,83.87,68950,218.8736,124.7562,
2023-03-01,12108.76,87.7537,4126.9415,20619.71,3951.39,27516.53,84.43,69940,218.9522,124.764,
2023-03-02,11984.24,87.8981,4117.7377,20429.46,3981.35,27498.87,84.35,69650,219.0006,124.7408,
2023-03-03,12043.42,88.1778,4130.5513,20567.54,4045.64,27927.47,86,69750,219.0485,124.7294,
2023-03-06,12314.29,88.0966,4109.0102,20603.19,4048.42,28237.78,86.25,69250,219.2041,124.9061,
2023-03-07,12476.91,87.6545,4048.8519,20534.48,3986.37,28309.16,83.08,69480,219.2871,124.9589,
2023-03-08,12143.36,87.4379,4034.1077,20051.25,3992.01,28444.19,82.52,68820,219.4145,124.9411,
2023-03-09,12099.86,87.6093,4019.8505,19925.74,3918.32,28623.15,81.56,69220,219.4973,124.9838,
2023-03-10,12323.77,88.0695,3967.1352,19319.92,3861.59,28143.97,82.64,68850,219.6051,125.0641,
2023-03-13,12816.45,88.6289,4008.686,19695.97,3855.76,27832.96,80.72,69290,219.736,125.0369,
2023-03-14,13008.9,88.5297,3984.6956,19247.96,3919.29,27222.04,77.63,68550,219.8432,125.0432,
2023-03-15,12954.15,88.8635,3986.902,19539.87,3891.93,27229.48,74.33,68590,219.9269,125.043,
2023-03-16,13031.16,88.5838,3939.1505,19203.91,3960.28,27010.61,74.67,66420,220.038,125.1053,
2023-03-17,13074.2,88.7913,3958.8194,19518.59,3916.64,27333.79,72.6,67220,220.155,125.1477,
2023-03-20,13943.83,88.8094,3939.077,19000.71,3951.57,26945.67,73.74,66840,220.3182,125.2355,
2023-03-21,13548.84,88.6469,3982.3782,19258.76,4002.87,--,75.07,67600,220.41,125.2273,
2023-03-22,13357.05,89.2966,3999.4427,19591.43,3936.97,27466.61,75.73,68150,220.4641,125.1759,
2023-03-23,13587.57,89.4951,4039.0895,20049.64,3948.72,27419.61,75.54,68470,220.5117,125.1732,
2023-03-24,13357.15,89.3507,4027.0457,19915.68,3970.99,27385.25,75,69860,220.5415,125.0859,
2023-03-27,13283.63,88.9898,4012.4771,19567.69,3977.53,27476.87,78.16,69340,220.653,125.1751,
2023-03-28,13050.6,89.1793,3999.5147,19784.65,3971.27,27518.25,78.88,69420,220.7079,125.1754,
2023-03-29,12977.47,89.1432,4006.144,20192.4,4027.81,27883.78,78.28,69380,220.7618,125.1886,
2023-03-30,12863.99,89.1522,4038.5257,20309.13,4050.83,27782.93,79.26,69760,220.8342,125.2125,
2023-03-31,13196.48,89.5312,4050.9257,20400.11,4109.31,28041.48,79.74,69300,220.9134,125.2062,
2023-04-03,12963.32,89.6884,4090.5676,20409.18,4124.51,28188.15,84.85,69290,221.0413,125.203,
2023-04-04,13568.34,89.824,4103.1052,20274.59,4100.6,28287.42,85.26,69160,221.1018,125.196,
2023-04-05,--,89.8963,--,--,4090.38,27813.26,84.84,--,--,--,
2023-04-06,14212.23,89.9596,4096.64,20331.2,4105.02,27472.63,84.96,68630,221.1808,125.2056,
2023-04-07,14072.49,--,4123.2799,--,--,27518.31,--,69170,221.2558,125.2585,
2023-04-10,13946.44,89.6522,4104.8118,--,4109.11,27633.66,84.35,68840,221.3829,125.2718,
2023-04-11,14539.65,89.6703,4100.1479,20485.24,4108.94,27923.37,85.51,68970,221.455,125.3484,
2023-04-12,14703.41,89.6161,4097.2876,20309.86,4091.95,28082.7,87.23,68910,221.546,125.4457,
2023-04-13,14527.95,89.5347,4068.9786,20344.48,4146.22,28156.97,86.29,69230,221.6056,125.4216,
2023-04-14,14866.12,89.4172,4091.9988,20438.81,4137.64,28493.47,86.55,70120,221.6637,125.4254,
2023-04-17,14569.61,89.2725,4149.3836,20782.45,4151.32,28514.78,84.85,70130,221.7802,125.3225,
2023-04-18,14505.9,89.3177,4162.032,20650.51,4154.87,28658.83,84.9,69780,221.8354,125.3452,
2023-04-19,14335.65,89.2635,4124.5589,20367.76,4154.52,28606.76,82.89,69470,221.907,125.4233,
2023-04-20,14102.81,89.4081,4113.0192,20396.97,4129.79,28657.57,80.88,69350,221.9869,125.4472,
2023-04-21,13952.65,89.4533,4032.5672,20075.73,4133.52,28564.37,81.74,68660,222.0678,125.5057,
2023-04-23,--,--,--,--,--,--,--,--,222.1288,125.5041,
2023-04-24,13474.89,89.6161,3982.6429,19959.94,4137.04,28593.52,82.52,68370,222.1956,125.5732,
2023-04-25,13607.23,89.8783,3962.6658,19617.88,4071.63,28620.07,80.82,68200,222.2306,125.5768,
2023-04-26,13541.33,89.7517,3959.2323,19757.27,4055.99,28416.47,77.77,67580,222.2882,125.6276,
2023-04-27,13833.14,89.5528,3988.4185,19840.28,4135.35,28457.68,78.28,66720,222.3718,125.7789,
2023-04-28,13909.23,89.6522,4029.0858,19894.57,4169.48,28856.44,79.51,67550,222.4355,125.7988,
2023-05-01,--,89.4034,--,--,4167.87,29123.18,79.43,--,--,--,
2023-05-02,--,89.6852,--,19933.81,4119.58,29157.95,75.23,--,--,--,
2023-05-03,--,89.9033,--,19699.16,4090.75,--,71.96,--,--,--,
2023-05-04,14355.86,89.9124,4030.2471,19948.73,4061.22,--,72.54,67010,222.7017,125.9628,
2023-05-05,14171.16,89.876,4016.8774,20049.31,4136.25,--,75.39,66940,222.8447,126.1257,
2023-05-06,--,--,--,--,--,--,--,--,222.9198,126.162,
2023-05-08,14176.44,89.7851,4062.6624,20297.03,4138.12,28949.88,76.61,67550,223.0137,126.0905,
2023-05-09,13795.13,89.7579,4027.8754,19867.58,4119.17,29242.82,77.28,67140,223.0607,126.1119,
2023-05-10,13703.91,89.7851,3996.8695,19762.2,4137.64,29122.18,76.59,67270,223.1759,126.2438,
2023-05-11,13539.01,89.8215,3990.6637,19743.79,4130.62,29126.72,75.43,65370,223.2751,126.4144,
2023-05-12,13104.47,89.5852,3937.7622,19627.24,4124.08,29388.3,74.17,64710,223.3701,126.3917,
2023-05-15,13240.27,89.6306,3998.8872,19971.13,4136.28,29626.34,75.58,65020,223.4746,126.2675,
2023-05-16,13036.07,89.4852,3978.2054,19978.25,4109.9,29842.99,74.72,64360,223.498,126.2463,
2023-05-17,12940.47,89.5034,3960.165,19560.57,4158.77,30093.59,76.78,64550,223.5337,126.1935,
2023-05-18,13135.14,89.3125,3956.0701,19727.25,4198.05,30573.93,75.97,65760,223.5244,126.1316,
2023-05-19,13103.18,89.2307,3944.5403,19450.57,4191.98,30808.35,75.6,65690,223.5619,126.1637,
2023-05-22,13149.07,89.1944,3969.3277,19678.17,4192.63,31086.82,75.94,65060,223.6718,126.1621,
2023-05-23,12872.19,89.2944,3913.1882,19431.25,4145.58,30957.77,77.71,64480,223.7377,126.2688,
2023-05-24,13022.63,89.1035,3859.0935,19115.93,4115.24,30682.68,78.36,64090,223.7814,126.2756,
2023-05-25,12768.41,88.7945,3850.4996,18746.92,4151.28,30801.13,76.24,63750,223.7975,126.1958,
2023-05-26,12933.44,88.7945,3850.9511,--,4205.45,30916.31,77.12,64820,223.801,126.1234,
2023-05-29,12981.31,--,3833.9416,18551.11,--,31233.54,77.03,65380,223.8799,126.1344,
2023-05-30,12987.07,89.0126,3837.7531,18595.78,4205.52,31328.16,73.61,65010,223.9102,126.1886,
2023-05-31,13428.09,89.0853,3798.5434,18234.27,4179.83,30887.88,72.71,65100,223.9633,126.2449,
2023-06-01,13399.65,89.2152,3806.8679,18216.91,4221.02,31148.01,74.32,65900,224.0177,126.3506,
2023-06-02,13673.03,89.0329,3861.8337,18949.94,4282.37,31524.22,76.3,66440,224.0282,126.2907,
2023-06-05,13226.98,89.1332,3844.2492,19108.5,4273.79,32217.43,76.6,65970,224.0825,126.2503,
2023-06-06,13163.59,89.1058,3808.1629,19099.28,4283.85,32506.78,76.14,66650,224.1299,126.2692,
2023-06-07,13090.64,88.9873,3789.3418,19252,4267.52,31913.74,76.76,66770,224.2005,126.3159,
2023-06-08,12985.44,89.1514,3820.1867,19299.18,4293.93,31641.27,75.63,66830,224.2537,126.3064,
2023-06-09,13292.64,88.9782,3836.7026,19389.95,4298.86,32265.17,75,67290,224.3158,126.4095,
2023-06-12,13116.76,89.0146,3844.4324,19404.31,4338.93,32434,72.13,67020,224.4262,126.4886,
2023-06-13,13091.84,88.8232,3864.9074,19521.42,4369.01,33018.65,74.18,67570,224.4968,126.7119,
2023-06-14,13036.49,88.8414,3864.0247,19408.42,4372.59,33502.42,73.62,68000,224.5562,126.8321,
2023-06-15,12535.92,89.1696,3925.4994,19828.92,4425.84,33485.49,75.63,68010,224.5646,126.5929,
2023-06-16,12675.98,89.042,3963.3509,20040.37,4409.59,33706.08,76.26,68630,224.4614,126.4022,
2023-06-19,12494.69,--,3930.9079,19912.89,--,33370.42,76.13,68450,224.3986,126.2,
2023-06-20,12412.09,89.0602,3924.2377,19607.08,4388.71,33388.91,75.46,68570,224.4042,126.2853,
2023-06-21,12103.3,89.0511,3864.0323,19218.35,4365.69,33575.14,77,68930,224.4303,126.3744,
2023-06-22,--,88.9691,--,--,4381.89,33264.88,74.25,--,--,--,
2023-06-23,--,89.0329,--,18889.97,4348.33,32781.54,74.44,--,--,--,
2023-06-25,--,--,--,--,--,--,--,--,224.5368,126.41,
2023-06-26,12129.29,89.0602,3809.6962,18794.13,4328.82,32698.81,74.39,68490,224.5622,126.3946,
2023-06-27,12323.29,88.9144,3845.4334,19148.13,4378.41,32538.33,72.5,68460,224.5461,126.3547,
2023-06-28,12182.65,89.042,3840.7986,19172.05,4376.86,33193.99,73.57,68040,224.5512,126.4043,
2023-06-29,12253.84,88.8141,3821.8435,18934.36,4396.44,33234.14,74.23,67610,224.5909,126.4572,
2023-06-30,12219.84,88.9691,3842.4516,18916.43,4450.38,33189.04,74.91,67890,224.6649,126.6148,
2023-07-03,12555.69,88.6044,3892.8821,19306.59,4455.59,33753.33,74.96,68660,224.7715,126.6407,
2023-07-04,12435.26,--,3899.0133,19415.68,--,33422.52,76.12,68450,224.8135,126.6506,
2023-07-05,12551.49,88.3492,3868.8054,19110.38,4446.82,33338.7,76.46,68140,224.8717,126.6867,
2023-07-06,12383.4,88.176,3842.7547,18533.05,4411.59,32773.02,76.47,68200,224.9509,126.7419,
2023-07-07,12324.82,88.2034,3825.6988,18365.7,4398.95,32388.42,78.04,68020,225.0193,126.7771,
2023-07-10,12511.26,88.3036,3844.3269,18479.72,4409.53,32189.73,77.84,68080,225.1138,126.8198,
2023-07-11,12854.78,88.258,3869.4861,18659.83,4439.26,32203.57,79.41,68370,225.1867,126.8977,
2023-07-12,12871.98,88.6318,3843.4369,18860.95,4472.16,31943.93,80.12,68040,225.2339,126.9176,
2023-07-13,13133.61,88.9326,3898.4229,19350.62,4510.04,32419.33,81.54,68890,225.2926,126.9423,
2023-07-14,12975.79,88.6227,3899.1027,19413.78,4505.42,32391.26,79.68,69520,225.3109,126.9137,
2023-07-17,13160.16,88.6956,3867.1749,--,4522.79,--,78.56,68920,225.4282,126.9539,
2023-07-18,13243.14,88.6956,3854.9393,19015.72,4554.98,32493.89,79.84,68510,225.5314,127.0695,
2023-07-19,13546.6,88.7412,3850.8663,18952.31,4565.72,32896.03,79.55,68760,225.5701,127.1113,
2023-07-20,13318.43,88.6956,3823.6946,18928.02,4534.87,32490.52,79.64,68500,225.6278,127.1411,
2023-07-21,13252.68,88.7412,3821.91,19075.26,4536.34,32304.25,80.86,68720,225.7214,127.2679,
2023-07-24,13192.95,88.7959,3805.221,18668.15,4554.64,32700.94,82.78,68290,225.8404,127.3751,
2023-07-25,13110.28,88.7321,3915.1153,19434.4,4567.46,32682.51,83.41,69040,225.6861,126.9152,
2023-07-26,13389.96,88.8414,3907.0128,19365.14,4566.75,32668.34,83.03,69200,225.6887,127.015,
2023-07-27,13272.3,88.65,3902.3458,19639.11,4537.41,32891.16,83.86,69060,225.7681,127.142,
2023-07-28,13043.23,88.805,3992.7376,19916.56,4582.23,32759.23,84.75,69200,225.7701,127.0868,
2023-07-31,12999.63,88.9053,4014.6301,20078.94,4588.96,33172.22,85.56,69710,225.7486,127.0204,
2023-08-01,13221.14,88.7292,3998.001,20011.12,4576.73,33476.58,85.78,70730,225.7918,127.0626,
2023-08-02,13115.08,88.711,3969.895,19517.38,4513.39,32707.69,83.35,69530,225.8495,127.1268,
2023-08-03,13028.17,88.6105,4004.9839,19420.87,4501.89,32159.28,85.19,69020,225.9369,127.1999,
2023-08-04,13096.27,88.9942,4020.5792,19539.46,4478.03,32192.75,86,69490,226.0446,127.2101,
2023-08-07,13233.66,89.0947,3990.1531,19537.92,4518.44,32254.56,85.86,69150,226.1438,127.2589,
2023-08-08,13528.1,89.0856,3979.7322,19184.17,4499.38,32377.29,86.15,68900,226.2391,127.2825,
2023-08-09,13425.34,89.0125,3967.5652,19246.03,4467.71,32204.33,87.41,68740,226.311,127.2887,
2023-08-10,13403.69,88.8846,3975.7166,19248.26,4468.83,32473.65,86.35,68750,226.3848,127.2686,
2023-08-11,13064.46,88.848,3884.2538,19075.19,4464.05,--,86.58,68350,226.4735,127.2972,
2023-08-14,13165.16,88.7201,3855.9061,18773.55,4489.72,32059.91,86.21,68040,226.6329,127.3979,
2023-08-15,12951.6,88.6379,3846.5357,18581.11,4437.86,32238.89,85.06,68700,226.7713,127.6202,
2023-08-16,12842.25,88.5191,3818.3338,18329.3,4404.33,31766.82,83.32,67550,226.8838,127.6927,
2023-08-17,12922.87,88.5922,3831.1008,18326.63,4370.36,31626,83.9,67980,226.9285,127.6696,
2023-08-18,12670.72,88.6653,3784.0038,17950.85,4369.71,31450.76,84.86,68000,226.9885,127.7337,
2023-08-21,12688.92,88.5739,3729.555,17623.29,4399.77,31565.64,84.56,68500,227.1409,127.9849,
2023-08-22,13015.22,88.583,3758.2271,17791.01,4387.55,31856.71,83.86,68670,227.2275,127.9626,
2023-08-23,12916.23,88.8663,3696.6339,17845.92,4436.01,32010.26,83.02,69130,227.2846,127.9871,
2023-08-24,13632.98,88.7292,3723.4293,18212.17,4376.31,32287.21,83.21,69070,227.3365,128.0049,
2023-08-25,13401.03,88.7018,3709.1517,17956.38,4405.71,31624.28,84.79,69150,227.4052,127.8932,
2023-08-28,13394.14,88.7018,3752.6194,18130.74,4433.31,32169.99,84.35,69130,227.388,127.7738,
2023-08-29,13547.79,88.9485,3790.1067,18484.03,4497.63,32226.97,85.48,69420,227.3613,127.7182,
2023-08-30,13700.64,88.9394,3788.5097,18482.86,4514.87,32333.46,85.94,69610,227.3804,127.7506,
2023-08-31,13648.45,89.0399,3765.2678,18382.06,4507.66,32619.34,86.83,69790,227.4251,127.808,
2023-09-01,13632.9,88.9882,3791.4912,--,4515.77,32710.62,88.94,70070,227.4228,127.6358,
2023-09-04,13688.36,--,3848.9517,18844.16,--,32939.18,89,69700,227.3278,127.3548,
2023-09-05,13618.69,88.9791,3820.3174,18456.91,4496.83,33036.76,90.05,69370,227.3315,127.3219,
2023-09-06,13472.68,88.8599,3812.0283,18449.98,4465.48,33241.02,90.62,69780,227.231,127.1251,
2023-09-07,13371.34,89.0341,3758.4748,18202.07,4451.14,32991.08,89.76,69510,226.9976,127.0319,
2023-09-08,13568.4,89.0707,3739.9927,--,4457.49,32606.84,90.44,69080,226.7673,127.0288,
2023-09-11,13778.7,89.1349,3767.537,18096.45,4487.46,32467.76,90.64,69370,226.6159,127.0148,
2023-09-12,13655.13,89.1257,3760.6048,18025.89,4461.9,32776.37,91.96,69420,226.6536,127.0854,
2023-09-13,13730.11,89.2174,3736.6513,18009.22,4467.44,32706.52,92.19,69330,226.7959,127.1518,
2023-09-14,14104.82,89.1991,3733.5077,18047.92,4505.1,33168.1,94.18,69700,226.9501,127.2487,
2023-09-15,14071.12,89.1441,3708.7766,18182.89,4450.32,33533.09,94.27,70010,227.065,127.0868,
2023-09-18,13924.41,89.1807,3727.711,17930.55,4453.53,--,94.56,69450,227.0643,126.9449,
2023-09-19,13992.75,89.0982,3720.5021,17997.17,4443.95,33242.59,94.5,68790,227.0618,126.9131,
2023-09-20,13938.25,88.9515,3705.6898,17885.6,4402.2,33023.78,93.16,68740,227.0995,126.8872,
2023-09-21,13708.11,88.8874,3672.4448,17655.41,4330,32571.03,93.3,68510,227.1927,126.9344,
2023-09-22,13551.96,88.9882,3738.9327,18057.45,4320.06,32402.41,93.83,68210,227.2311,126.8403,
2023-09-25,13615.02,88.814,3714.6037,17729.29,4337.44,32678.62,93.28,67870,227.2965,126.6921,
2023-09-26,13534.93,88.7224,3692.8928,17466.9,4273.53,32315.05,94.09,67380,227.2365,126.6276,
2023-09-27,13399.41,88.7132,3700.495,17611.87,4274.51,32371.9,96.71,67200,227.2383,126.6275,
2023-09-28,13313.31,88.924,3689.5172,17373.03,4299.7,31872.52,95.19,67460,227.3493,126.7593,
2023-09-29,--,88.8507,--,17809.66,4288.05,31857.62,95.34,--,--,--,
2023-10-02,--,88.6738,--,--,4288.39,31759.88,90.5,--,--,--,
2023-10-03,--,88.4534,--,17331.22,4229.45,31237.94,91.12,--,--,--,
2023-10-04,--,88.5636,--,17195.84,4263.75,30526.88,86.02,--,--,--,
2023-10-05,--,88.637,--,17213.87,4258.19,31075.36,84.35,--,--,--,
2023-10-06,--,88.5269,--,17485.98,4308.5,30994.67,84.49,--,--,--,
2023-10-07,--,--,--,--,--,--,--,--,227.604,126.9138,
2023-10-08,--,--,--,--,--,--,--,--,227.6215,126.9474,
2023-10-09,13393.89,88.9401,3684.7272,17517.4,4335.66,--,88.28,67510,227.6856,126.9163,
2023-10-10,13508.14,88.9309,3657.1259,17664.73,4358.24,31746.53,87.72,66550,227.6968,126.8357,
2023-10-11,13172.72,88.9676,3667.5483,17893.1,4376.95,31936.51,85.53,66980,227.6669,126.6844,
2023-10-12,13334.71,88.9584,3702.3824,18238.21,4349.61,32494.66,86.24,66970,227.6433,126.6431,
2023-10-13,13265.67,89.1788,3663.4104,17813.45,4327.78,32315.99,90.9,66460,227.689,126.7843,
2023-10-16,13508.15,89.1788,3626.5972,17640.36,4373.63,31659.03,90.17,66520,227.7873,126.7164,
2023-10-17,13469.57,88.9309,3639.4018,17773.34,4373.2,32040.29,90.88,65880,227.8006,126.6165,
2023-10-18,13388.82,88.9033,3610.5767,17732.52,4314.6,32042.25,91.39,66700,227.8158,126.5677,
2023-10-19,13272.44,89.0502,3533.5445,17295.89,4278,31430.62,93.05,66470,227.7479,126.4392,
2023-10-20,13273.87,89.188,3510.5889,17172.13,4224.16,31259.36,92.5,66160,227.7155,126.4707,
2023-10-23,13039.33,89.1421,3474.2438,--,4217.04,30999.55,90.51,65830,227.7691,126.4935,
2023-10-24,13106.53,89.0594,3487.1302,16991.53,4247.68,31062.35,88.08,66600,227.7333,126.4116,
2023-10-25,13098.06,89.0043,3504.4576,17085.33,4186.77,31269.92,90.17,67000,227.7661,126.468,
2023-10-26,13281.83,89.1972,3514.1448,17044.61,4137.23,30601.78,88.31,66660,227.8274,126.4987,
2023-10-27,13238.5,89.3441,3562.3851,17398.73,4117.37,30991.69,90.47,67010,227.8817,126.4574,
2023-10-30,12935.05,89.2706,3583.7718,17406.36,4166.82,30696.96,87.87,67420,228.0182,126.5047,
2023-10-31,12995.96,89.188,3572.5056,17112.48,4193.8,30858.85,85.62,67450,228.0772,126.615,
2023-11-01,12875.79,89.4687,3571.0268,17101.78,4237.86,31601.65,84.9,67380,228.1478,126.6506,
2023-11-02,12744.33,89.4871,3554.1889,17230.59,4317.78,31949.89,86.99,67500,228.2512,126.8052,
2023-11-03,12652.79,89.7637,3584.1364,17664.12,4358.34,--,85.17,67840,228.3262,126.7799,
2023-11-06,12587.85,89.6439,3632.6084,17966.59,4365.98,32708.48,85.21,67710,228.4349,126.8047,
2023-11-07,12486.75,89.6623,3619.7593,17670.16,4378.38,32271.82,81.41,67550,228.507,126.8059,
2023-11-08,12387.85,89.607,3611.0723,17568.46,4382.78,32166.48,79.71,67650,228.5598,126.8265,
2023-11-09,12311.66,89.3765,3612.8263,17511.29,4347.35,32646.46,79.87,67440,228.6523,126.8847,
2023-11-10,12328,89.3581,3586.4893,17203.26,4415.24,32568.11,81.7,67530,228.7636,126.936,
2023-11-13,12472.11,89.441,3579.4141,17426.21,4411.55,32585.11,82.7,67510,228.9193,127.0292,
2023-11-14,12374.64,89.7545,3582.0584,17396.86,4495.7,32695.93,82.37,67780,229.0229,126.9943,
2023-11-15,12528.59,89.5886,3607.2454,18079,4502.88,33519.7,81.07,68500,229.0949,126.9394,
2023-11-16,12472.34,89.6992,3572.3641,17832.82,4508.24,33424.41,77.45,67850,229.2019,127.0234,
2023-11-17,12757.49,89.7545,3568.0685,17454.19,4514.02,33585.2,80.54,67920,229.2869,127.0629,
2023-11-20,12605.41,89.8652,3576.3233,17778.07,4547.38,33388.03,82.03,67920,229.4234,127.0083,
2023-11-21,12671.02,89.8283,3581.0674,17733.89,4538.19,33354.14,82.39,68280,229.5112,126.9332,
2023-11-22,12599.48,89.8375,3544.4162,17734.6,4556.62,33451.83,81.66,68090,229.5276,126.8335,
2023-11-23,12529.1,--,3561.5204,17910.84,--,--,81.28,68030,229.493,126.6433,
2023-11-24,12409.41,89.7269,3538.0087,17559.42,4559.34,33625.53,80.23,68260,229.4878,126.6372,
2023-11-27,12639.61,89.7914,3511.9424,17525.06,4550.43,33447.67,80.08,68310,229.5064,126.4712,
2023-11-28,12606.03,90.068,3518.5232,17354.14,4554.89,33408.39,81.66,67950,229.5254,126.555,
2023-11-29,12948.96,90.2524,3488.3073,16993.44,4550.58,33321.22,82.9,68300,229.5318,126.5961,
2023-11-30,12916.19,90.1786,3496.2028,17042.88,4567.8,33486.89,82.85,68460,229.5946,126.6884,
2023-12-01,12905.17,90.3948,3482.8813,16830.3,4594.63,33431.51,79.15,68670,229.6434,126.6805,
2023-12-04,13368.55,90.247,3460.138,16646.05,4569.78,33231.27,78.2,68920,229.7166,126.6168,
2023-12-05,12922.33,90.3209,3394.2571,16327.86,4567.18,32775.82,77,68320,229.7144,126.5713,
2023-12-06,12903.4,90.2377,3399.598,16463.26,4549.34,33445.9,74.28,68500,229.7025,126.5222,
2023-12-07,12858.79,90.247,3391.2823,16345.89,4585.59,32858.31,74.56,67980,229.7328,126.5537,
2023-12-08,12791.26,90.1731,3399.4618,16334.37,4604.37,32307.86,75.65,68390,229.7483,126.609,
2023-12-11,12509.39,90.1176,3419.4548,16201.49,4622.44,32791.8,76.11,68700,229.8451,126.7397,
2023-12-12,12553.53,90.0899,3426.803,16374.5,4643.7,32843.7,73.32,68500,229.8729,126.7514,
2023-12-13,12399.31,90.6721,3369.605,16228.75,4707.09,32926.35,74.62,68320,229.9724,126.8984,
2023-12-14,12581.6,91.4648,3351.9639,16402.19,4719.55,32686.25,76.6,68600,230.0787,126.9333,
2023-12-15,12433.59,91.372,3341.5517,16792.19,4719.19,32970.55,76.95,68740,230.2041,127.077,
2023-12-18,12235.88,91.3163,3329.3657,16629.23,4740.56,32758.98,78.04,68650,230.3496,127.1966,
2023-12-19,12213.38,91.3256,3334.0412,16505,4768.37,33219.39,79.27,68480,230.4285,127.1951,
2023-12-20,12356.2,91.4648,3297.5022,16613.81,4698.35,33675.94,79.15,68990,230.488,127.2207,
2023-12-21,12339.55,91.5019,3330.8698,16621.13,4746.75,33140.47,79.34,68980,230.563,127.3874,
2023-12-22,12306.23,91.4555,3337.2281,16340.41,4754.63,33169.05,79.19,69050,230.6921,127.4981,
2023-12-25,12456.83,--,3347.4508,--,--,33254.03,--,69140,230.8241,127.6302,
2023-12-26,12613.69,91.4555,3324.7902,--,4774.75,33305.85,81.01,69340,230.9389,127.6613,
2023-12-27,12638.55,91.5575,3336.3572,16624.84,4781.58,33681.24,79.34,69280,231.0948,127.7443,
2023-12-28,12664.33,91.4462,3414.5403,17043.53,4783.35,33539.62,78.38,69400,231.2722,127.7564,
2023-12-29,12597.04,91.474,3431.1099,17047.39,4769.83,33464.17,77.08,69230,231.4551,127.75,
2023-12-31,--,--,--,--,--,--,--,--,231.5066,127.7927,
2024-01-02,12719.48,91.4091,3386.3522,16788.55,4742.83,--,76.04,69030,231.614,127.7295,
2024-01-03,12713.61,91.4555,3378.2971,16646.41,4704.81,--,78.44,68680,231.6278,127.6811,
2024-01-04,12744.47,91.3627,3347.0519,16645.98,4688.68,33288.29,77.74,68480,231.7221,127.8171,
2024-01-05,12632.14,91.2792,3329.1114,16535.33,4697.24,33377.42,78.84,68460,231.8213,127.9733,
2024-01-08,12352.78,91.3256,3286.0564,16224.45,4763.54,--,76.27,68360,231.9795,128.0115,
2024-01-09,12302.87,91.3163,3292.4994,16190.02,4756.5,33763.18,77.49,68360,232.1216,128.2149,
2024-01-10,12246.73,91.307,3277.129,16097.28,4783.45,34441.72,76.78,68050,232.186,128.176,
2024-01-11,12107.53,91.6132,3295.6717,16302.04,4780.24,35049.86,78.48,68360,232.2478,128.1728,
2024-01-12,12221.48,91.8452,3284.1667,16244.58,4783.83,35577.11,78.32,68340,232.2846,128.0871,
2024-01-15,12249.42,--,3280.9195,16216.33,--,35901.79,78.64,67800,232.3684,128.0732,
2024-01-16,12084.42,91.6689,3300.8762,15865.92,4765.98,35619.18,77.9,67800,232.4162,128.0304,
2024-01-17,11645.13,91.4462,3229.082,15276.9,4739.21,35477.75,78.11,67730,232.4806,128.1285,
2024-01-18,11515.32,91.5575,3274.7286,15391.79,4780.94,35466.17,78.96,67870,232.5647,128.1941,
2024-01-19,11556.31,91.5297,3269.7763,15308.69,4839.81,35963.27,78.63,67750,232.648,128.2992,
2024-01-22,11042.16,91.5668,3218.9016,14961.18,4850.43,36546.95,79.89,67870,232.797,128.4962,
2024-01-23,11151.81,91.5204,3231.9329,15353.98,4864.6,36517.57,79.73,68070,232.8529,128.4632,
2024-01-24,11330.53,91.4369,3277.1089,15899.87,4868.55,36226.48,80.23,68320,232.8971,128.4764,
2024-01-25,11572.68,91.6318,3342.9189,16211.96,4894.16,36236.47,82.36,68800,232.9979,128.5864,
2024-01-26,11636.27,91.6132,3333.8213,15952.23,4890.97,35751.07,83.69,68780,233.0721,128.612,
2024-01-29,11686.25,91.7524,3303.9604,16077.24,4927.93,36026.94,82.46,68670,233.1902,128.6894,
2024-01-30,11565.51,91.6874,3245.0387,15703.45,4924.97,36065.86,82.75,68830,233.3587,129.0739,
2024-01-31,11389.08,91.873,3215.3518,15485.07,4845.65,36286.71,81.71,69220,233.5435,129.3191,
2024-02-01,11340.25,91.8637,3217.7109,15566.21,4906.19,36011.46,78.82,68900,233.6505,129.3068,
2024-02-02,11384.18,91.4555,3179.6276,15533.56,4958.61,36158.02,77.67,68520,233.7278,129.3091,
2024-02-04,--,--,--,--,--,--,--,--,233.8153,129.4925,
2024-02-05,11174.71,91.3163,3200.4218,15510.01,4942.81,36354.16,77.93,68420,233.9221,129.5072,
2024-02-06,11534.33,91.5297,3311.6922,16136.87,4954.23,36160.66,78.77,67980,233.9006,129.1236,
2024-02-07,11851.61,91.4833,3343.6303,16081.89,4995.06,36119.92,79.43,67940,233.9767,129.302,
2024-02-08,11966.15,91.4926,3364.9297,15878.07,4997.91,36863.28,81.75,67850,234.0298,129.2398,
2024-02-09,--,91.4091,--,15746.58,5026.61,36897.42,81.86,--,234.0631,129.2438,
2024-02-12,--,91.4555,--,--,5021.84,--,82.08,--,--,--,
2024-02-13,--,91.2606,--,--,4953.17,37963.97,82.66,--,--,--,
2024-02-14,--,91.4462,--,15879.38,5000.62,37703.32,81.44,--,--,--,
2024-02-15,--,91.5483,--,15944.63,5029.73,38157.94,82.85,--,--,--,
2024-02-16,--,91.4833,--,16339.96,5005.57,38487.24,83.58,--,--,--,
2024-02-18,--,--,--,--,--,--,--,--,234.2288,129.2431,
2024-02-19,11837.86,--,3403.8078,16155.61,--,38470.38,83.35,68210,234.2705,129.2873,
2024-02-20,11986.74,91.5297,3410.8542,16247.51,4975.51,38363.61,82.56,68320,234.3772,129.4314,
2024-02-21,12056.9,91.5019,3456.8713,16503.1,4981.8,38262.16,83.16,69000,234.4612,129.4569,
2024-02-22,12184.78,91.4276,3486.6747,16742.95,5087.03,39098.68,83.42,69160,234.5653,129.5402,
2024-02-23,12195.32,91.4369,3489.7416,16725.86,5088.8,--,81.58,69270,234.7014,129.6943,
2024-02-26,12091.75,91.4833,3453.3585,16634.74,5069.53,39233.71,82.58,69010,234.8624,129.818,
2024-02-27,12252.47,91.474,3494.7874,16790.8,5078.18,39239.52,83.13,68940,234.9717,129.9391,
2024-02-28,12023.99,91.6132,3450.2598,16536.85,5069.76,39208.03,83.4,68710,235.0433,130.083,
2024-02-29,12158.75,91.7338,3516.0826,16511.44,5096.27,39166.19,83.62,68960,235.1741,130.2903,
2024-03-01,12586.71,91.938,3537.8038,16589.44,5137.08,39910.82,83.46,68830,235.1386,129.9799,
2024-03-04,12836.44,91.9008,3540.8686,16595.97,5130.95,40109.23,82.84,69100,235.2295,130.1185,
2024-03-05,13198.75,92.0122,3565.5143,16162.64,5078.65,40097.63,82.08,68980,235.2661,130.1612,
2024-03-06,13419,92.0215,3551.0481,16438.09,5104.76,40090.78,82.91,69010,235.3199,130.5562,
2024-03-07,13856.98,92.0678,3529.7195,16229.78,5157.36,39598.71,83.36,69370,235.3922,130.5301,
2024-03-08,13800.21,92.1328,3544.9099,16353.39,5123.69,39688.94,82.05,69760,235.4219,130.4488,
2024-03-11,13824.72,92.04,3589.2635,16587.57,5117.94,38820.49,82.45,69380,235.5027,130.2174,
2024-03-12,13439.93,92.0122,3597.4939,17093.5,5175.27,38797.51,82.36,69680,235.4281,129.7727,
2024-03-13,13382.93,91.9751,3572.361,17082.11,5165.31,38695.97,83.95,70170,235.3461,129.7921,
2024-03-14,13503.74,91.8544,3562.2229,16961.66,5150.48,38807.38,85.13,71350,235.2951,129.7401,
2024-03-15,13865.91,91.7895,3569.993,16720.89,5117.09,38707.64,85.35,72910,235.3096,129.8445,
2024-03-18,13849.09,91.8081,3603.528,16737.12,5149.42,39740.44,86.89,72720,235.4072,130.0349,
2024-03-19,13798.65,91.9194,3577.6303,16529.48,5178.51,40003.6,87.23,72770,235.4729,130.2009,
2024-03-20,13802.31,92.1142,3585.3838,16543.07,5224.62,--,86.15,72510,235.5359,130.1058,
2024-03-21,14166.51,92.1514,3581.0902,16863.1,5241.53,40815.66,85.58,73110,235.5862,130.128,
2024-03-22,13809.31,92.272,3545.0023,16499.47,5234.18,40888.43,85.56,72200,235.6452,130.0561,
2024-03-25,13900.12,92.1977,3525.7634,16473.64,5218.19,40414.12,86.68,72160,235.675,129.8741,
2024-03-26,13806.92,92.1977,3543.7467,16618.32,5203.58,40398.03,85.86,71900,235.6873,129.8592,
2024-03-27,13848.24,92.2905,3502.7866,16392.84,5248.49,40762.73,86.34,72000,235.7354,130.0351,
2024-03-28,14173.68,92.2534,3520.9648,16541.42,5254.35,40168.07,87.5,72380,235.8,130.0701,
2024-03-29,15216.6,--,3537.4843,--,--,40369.44,--,72430,235.8721,130.2056,
2024-04-01,15685.02,92.0727,3595.6466,--,5243.77,39803.09,87.81,72980,235.9562,130.0761,
2024-04-02,15560.33,92.1748,3580.6759,16931.52,5205.81,39838.91,89.27,73130,236.0373,130.1769,
2024-04-03,16013.65,92.2398,3567.8031,16725.1,5211.49,39451.85,89.56,73820,236.1609,130.3213,
2024-04-04,--,92.3884,--,--,5147.21,39773.14,91.09,--,--,--,
2024-04-05,--,92.2863,--,16723.92,5204.34,38992.08,90.86,--,--,--,
2024-04-07,--,--,--,--,--,--,--,--,236.2735,130.3018,
2024-04-08,16801.94,92.2491,3536.4077,16732.85,5202.39,39347.04,90.62,75370,236.3373,130.4234,
2024-04-09,16452.96,92.3327,3533.4871,16828.07,5209.91,39773.13,89.59,75790,236.4785,130.467,
2024-04-10,16696.04,91.9891,3504.7086,17139.17,5160.64,39581.81,90.65,76330,236.5881,130.3791,
2024-04-11,16687.75,92.0448,3504.2447,17095.03,5199.06,39442.63,90.2,75850,236.7001,130.3588,
2024-04-12,17694.09,92.1934,3475.8389,16721.69,5123.41,39523.55,90.15,76490,236.8679,130.4876,
2024-04-15,16990.9,92.1655,3549.0759,16600.46,5061.82,39232.8,90.41,76590,237.0332,130.4401,
2024-04-16,16151.02,92.0541,3511.1146,16248.97,5051.41,38471.2,90.09,76530,237.09,130.4812,
2024-04-17,16464.8,92.1005,3565.403,16251.84,5022.21,37961.8,87.42,76730,237.1941,130.5862,
2024-04-18,16486.58,92.1005,3569.8018,16385.87,5011.12,38079.7,86.9,78570,237.3223,130.7388,
2024-04-19,16672.76,92.1284,3541.6619,16224.14,4967.23,37068.35,87.39,79150,237.4625,130.8696,
2024-04-22,15953.81,92.1284,3530.9045,16511.69,5010.6,37438.61,87.15,79400,237.659,131.0044,
2024-04-23,15318.78,92.2213,3506.2249,16828.93,5070.55,37552.16,88.45,77810,237.8395,131.1672,
2024-04-24,15727.08,92.2213,3521.6219,17201.27,5071.63,38460.08,88.08,79120,237.7749,130.7984,
2024-04-25,15745.44,92.0912,3530.2813,17284.54,5048.42,37628.48,89.3,79950,237.7202,130.7617,
2024-04-26,16373.04,92.1191,3584.2686,17651.15,5099.96,37934.76,89.33,80830,237.5962,130.4389,
2024-04-28,--,--,--,--,--,--,--,--,237.5617,130.2535,
2024-04-29,16032.72,92.2863,3623.9124,17746.91,5116.17,--,88.52,80680,237.3172,130.0059,
2024-04-30,15806.21,92.1005,3604.3943,17763.03,5035.69,38405.66,87.87,82340,237.4452,130.3565,
2024-05-01,--,92.2145,--,--,5018.39,38274.05,83.58,--,--,--,
2024-05-02,--,92.4201,--,18207.13,5064.2,38236.07,83.7,--,--,--,
2024-05-03,--,92.5789,--,18475.92,5127.79,--,82.78,--,--,--,
2024-05-06,15988.66,92.5696,3657.8767,18578.3,5180.74,--,83.63,81040,237.6237,130.3343,
2024-05-07,16095.9,92.5135,3659.0076,18479.37,5187.7,38835.1,82.98,80280,237.8212,130.5115,
2024-05-08,16277.27,92.5135,3630.2233,18313.86,5187.67,38202.37,83.77,79300,237.9517,130.5087,
2024-05-09,16461.17,92.6723,3664.561,18537.81,5214.08,38073.98,84.1,79440,237.9444,130.3812,
2024-05-10,16818.78,92.5789,3666.2771,18963.68,5222.68,38229.11,82.78,80680,237.9558,130.3268,
2024-05-11,--,--,--,--,--,--,--,--,237.9336,130.1304,
2024-05-13,16541.41,92.6069,3664.6907,19115.06,5221.42,38179.46,83.45,80800,238.0596,130.4859,
2024-05-14,16608.84,92.663,3657.0454,19073.71,5246.68,38356.06,82.79,81920,238.1793,130.5881,
2024-05-15,16951.51,92.8405,3626.0559,--,5308.15,38385.73,82.9,81620,238.2471,130.481,
2024-05-16,16735.22,92.8125,3640.3592,19376.53,5297.1,38920.26,83.44,82310,238.2504,130.3722,
2024-05-17,16716.63,92.8125,3677.9696,19553.61,5303.27,38787.38,84,83920,238.2378,130.3031,
2024-05-20,17785.54,92.8125,3690.9623,19636.22,5308.13,39069.68,83.71,87360,238.3424,130.3357,
2024-05-21,16902.09,92.9059,3676.1611,19220.62,5321.41,38946.93,82.53,86770,238.3707,130.2589,
2024-05-22,16750.12,92.8405,3684.451,19195.6,5307.01,38617.1,81.74,85900,238.4324,130.3099,
2024-05-23,16253.15,92.7377,3641.7917,18868.71,5267.84,39103.22,81.51,82820,238.5127,130.4209,
2024-05-24,16318.8,92.8031,3601.4754,18608.94,5304.72,38646.11,82.09,83760,238.5574,130.4276,
2024-05-27,16507.11,--,3635.7079,18827.35,--,38900.02,83.04,83280,238.6365,130.3458,
2024-05-28,16490.63,92.7938,3609.1724,18821.16,5306.04,38855.37,84.6,84280,238.7016,130.4742,
2024-05-29,16881.42,92.7471,3613.5223,18477.01,5266.95,38556.87,83.53,85180,238.8178,130.5802,
2024-05-30,16153.96,92.8686,3594.3121,18230.19,5235.48,38054.13,81.93,82630,238.8917,130.5506,
2024-05-31,16364.49,93.0367,3579.9247,18079.61,5277.51,38487.9,81.63,82280,238.9276,130.4755,
2024-06-03,15881.19,93.1124,3588.7483,18403.04,5283.4,38923.03,78.15,81280,239.0452,130.5778,
2024-06-04,16122.69,93.1688,3615.6714,18444.11,5291.34,38837.46,77.13,81720,239.0997,130.5698,
2024-06-05,15840.54,93.2723,3594.7936,18424.96,5354.03,38490.17,78.81,79810,239.182,130.6733,
2024-06-06,16264.14,93.2723,3592.2454,18476.8,5352.96,38703.51,80.02,80970,239.2615,130.6699,
2024-06-07,16237.57,92.9995,3574.1143,18366.95,5346.99,38683.93,79.47,81200,239.3361,130.6856,
2024-06-10,--,92.9995,--,--,5360.79,39038.16,81.96,--,--,--,
2024-06-11,15514.28,93.0654,3542.8771,18176.34,5375.32,39134.79,82.23,79580,239.4465,130.7744,
2024-06-12,15748.5,93.0372,3544.1225,17937.84,5421.03,38876.71,82.52,79550,239.492,130.79,
2024-06-13,15450,93.1877,3526.1306,18112.63,5433.74,38720.47,82.19,79610,239.5372,130.8466,
2024-06-14,15380.74,93.1688,3541.5331,17941.78,5431.6,38814.56,82.67,79280,239.5997,130.9983,
2024-06-17,15256.09,93.1782,3536.1986,17936.12,5473.23,38102.44,84.41,78080,239.6768,130.9753,
2024-06-18,15418.55,93.3664,3545.5902,17915.55,5487.03,38482.11,85.35,78370,239.7344,131.1083,
2024-06-19,15680.5,--,3528.749,18430.39,--,38570.76,85.27,79040,239.7617,131.1586,
2024-06-20,15665.14,93.451,3503.2817,18335.32,5473.17,38633.02,85.71,79390,239.8125,131.2626,
2024-06-21,15727.5,93.4134,3495.6198,18028.52,5464.62,38596.47,85.02,79120,239.8154,131.166,
2024-06-24,15397.05,93.4322,3476.8102,18027.71,5447.87,38804.65,86.12,78500,239.8673,131.2513,
2024-06-25,15297.7,93.4416,3457.9023,18072.9,5469.3,39173.15,84.93,78460,239.9192,131.3473,
2024-06-26,15218.36,93.3852,3480.2648,18089.93,5477.9,39667.07,85.25,78260,239.9497,131.4096,
2024-06-27,14923.39,93.4981,3454.1175,17716.47,5482.87,39341.54,86.33,77300,240.0144,131.5773,
2024-06-28,15375.5,93.5827,3461.657,17718.61,5460.48,39583.08,86.4,78020,240.0985,131.6511,
2024-07-01,15696.39,93.487,3478.1827,--,5475.09,39631.06,86.64,77780,240.1408,131.344,
2024-07-02,15683.11,93.5437,3471.7857,17769.14,5509.01,40074.69,86.6,78380,240.1605,131.4626,
2024-07-03,15545.62,93.6382,3463.4141,17978.57,5537.02,40580.76,87.07,79330,240.215,131.5626,
2024-07-04,15681.33,--,3445.8128,18028.28,--,40913.65,87.55,79600,240.2876,131.546,
2024-07-05,16598.78,93.8648,3431.0605,17799.61,5567.19,40912.37,86.86,80060,240.2999,131.3552,
2024-07-08,16672.6,93.827,3401.7604,17524.06,5572.85,40780.7,85.69,79680,240.2671,131.1675,
2024-07-09,16901.87,93.8176,3439.8111,17523.23,5576.98,41580.17,85.04,80250,240.3236,131.3508,
2024-07-10,16770.44,93.8176,3428.9657,17471.67,5633.91,41831.99,85.45,79400,240.3746,131.3701,
2024-07-11,17221.56,93.8743,3468.169,17832.33,5584.54,42224.02,85.61,79690,240.4446,131.4189,
2024-07-12,16808.52,93.9876,3472.4014,18293.38,5615.35,41190.68,85.27,78800,240.5176,131.5362,
2024-07-15,17192.12,94.0348,3476.2467,18015.94,5631.22,--,84.88,79320,240.6261,131.5939,
2024-07-16,17934.44,94.0726,3498.2827,17727.98,5667.2,41275.08,83.85,79280,240.6769,131.5871,
2024-07-17,17938.31,94.1009,3501.5836,17739.41,5588.27,41097.69,85.19,78500,240.7171,131.5976,
2024-07-18,17919.45,93.9876,3520.931,17778.41,5544.59,40126.35,84.86,78380,240.747,131.5411,
2024-07-19,17344,93.9215,3539.0156,17417.68,5505,40063.79,82.56,76580,240.7845,131.5854,
2024-07-22,17143.33,93.8743,3514.9249,17635.88,5564.41,39599,82.26,75640,240.9183,131.8061,
2024-07-23,16333.94,93.9215,3439.8779,17469.36,5555.74,39594.39,81.58,74640,241.0228,131.9344,
2024-07-24,16501.13,93.912,3418.1663,17311.05,5427.13,39154.85,81.5,74840,241.0978,131.9589,
2024-07-25,15683.41,93.9593,3399.2716,17004.97,5399.22,37869.51,82.4,72900,241.2053,132.101,
2024-07-26,15851.64,94.0915,3409.2931,17021.31,5459.1,37667.41,80.55,74010,241.2914,132.2096,
2024-07-29,16027.99,94.1009,3390.742,17238.34,5463.54,38468.63,79.84,73900,241.4104,132.4038,
2024-07-30,16096.73,94.1198,3369.3821,17002.91,5436.44,38525.95,79.11,73300,241.5076,132.5312,
2024-07-31,16589.22,94.3842,3442.0844,17344.6,5522.3,39101.82,80.72,74500,241.5743,132.6267,
2024-08-01,16708.36,94.4479,3419.2666,17304.96,5446.68,38126.33,80.04,74650,241.6685,132.787,
2024-08-02,16902.83,94.6276,3384.3919,16945.51,5346.56,35909.7,77.56,73530,241.745,132.9107,
2024-08-05,16340.71,94.656,3343.3205,16698.36,5186.33,31458.42,77.25,72100,241.8614,133.0377,
2024-08-06,16017.39,94.5236,3342.9789,16647.34,5240.03,34675.46,76.11,70760,241.8391,132.9097,
2024-08-07,16041.56,94.4762,3341.489,16877.86,5199.5,35089.62,78.55,71250,241.8707,133.068,
2024-08-08,15781.03,94.4479,3342.9369,16891.83,5319.31,34831.15,78.94,70560,241.8343,132.7694,
2024-08-09,15812.25,94.4952,3331.6274,17090.23,5344.16,35025,79.46,71580,241.7071,132.5868,
2024-08-12,15874.91,94.6655,3325.8645,17111.65,5344.39,--,82.04,72010,241.4608,132.0108,
2024-08-13,15989.31,94.7223,3334.3903,17174.06,5434.43,36232.51,80.97,72130,241.4672,132.1999,
2024-08-14,15872.81,94.7033,3309.2389,17113.36,5455.21,36442.43,80.03,71900,241.6161,132.5051,
2024-08-15,15820.13,94.5898,3341.953,17109.14,5543.22,36726.64,80.97,72890,241.6508,132.3551,
2024-08-16,15466.14,94.5898,3345.634,17430.16,5554.25,38062.67,79.58,73930,241.6836,132.3705,
2024-08-19,16167.93,94.5519,3356.9677,17569.57,5608.25,37388.62,77.73,73900,241.7159,132.4985,
2024-08-20,15913.58,94.6939,3332.7034,17511.08,5597.12,38062.92,77.16,73770,241.6949,132.5582,
2024-08-21,16355.08,94.8074,3321.635,17391.01,5620.85,37951.8,76.07,73910,241.6088,132.5264,
2024-08-22,16162.26,94.7128,3313.1357,17641,5570.64,38211.01,77.11,73880,241.5864,132.6541,
2024-08-23,16105,94.9966,3327.1905,17612.1,5634.61,38364.27,79.02,73440,241.5097,132.7253,
2024-08-26,15878.78,95.0345,3324.2231,17798.73,5616.84,38110.22,81.3,75020,241.4193,132.7191,
2024-08-27,15485.72,95.0534,3305.3338,17874.67,5625.8,38288.62,79.85,74920,241.192,132.4877,
2024-08-28,15196.05,95.0534,3286.4956,17692.45,5592.18,38371.76,78.46,74550,241.19,132.5956,
2024-08-29,15263.55,95.0345,3277.6812,17786.32,5591.96,38362.53,79.96,74140,241.2478,132.6044,
2024-08-30,14762.48,94.9683,3321.4323,17989.07,5648.4,38647.75,78.82,74150,241.3008,132.5689,
2024-09-02,14337.58,--,3265.011,17691.97,--,38700.87,77.28,73600,241.4478,132.8388,
2024-09-03,14105.35,94.9755,3273.4282,17651.49,5528.93,38686.31,73.72,72840,241.5302,132.9541,
2024-09-04,13936.16,95.0607,3252.1649,17457.34,5520.07,37047.61,72.78,71700,241.5965,133.0919,
2024-09-05,14033.57,95.0796,3257.7578,17444.3,5503.41,36657.09,72.86,71600,241.661,133.237,
2024-09-06,14191.52,95.1932,3231.3457,--,5408.42,36391.47,71.47,73020,241.6867,133.2237,
2024-09-09,13793.89,95.2595,3192.9516,17196.96,5471.05,36215.75,71.91,72480,241.7462,133.3931,
2024-09-10,13822.43,95.3731,3195.7552,17234.09,5495.52,36159.16,69.71,73140,241.7377,133.5673,
2024-09-11,13995.93,95.4204,3186.1299,17108.71,5554.13,35619.77,70.72,73260,241.7425,133.7291,
2024-09-12,13863.28,95.4962,3172.4747,17240.39,5595.76,36833.27,72.23,73820,241.7509,133.8169,
2024-09-13,14264.75,95.695,3159.247,17369.09,5626.02,36581.76,72.18,73970,241.7559,133.999,
2024-09-14,--,--,--,--,--,--,--,--,241.82,134.2141,
2024-09-16,--,95.7802,--,17422.12,5633.09,--,73,--,--,--,
2024-09-17,--,95.7897,--,17660.02,5634.58,36203.22,73.78,--,--,--,
2024-09-18,14148.31,95.7234,3171.0102,--,5618.26,36380.17,72.8,74360,241.895,134.2635,
2024-09-19,14254.81,95.9127,3196.0357,18013.16,5713.64,37155.33,74.9,75640,241.892,134.2377,
2024-09-20,14656.05,95.9411,3201.0497,18258.57,5702.55,37723.91,74.72,75840,241.8672,134.2758,
2024-09-23,14958.49,95.9222,3212.7639,18247.11,5718.57,--,74.33,75310,241.8869,134.3909,
2024-09-24,15084.31,96.1021,3351.909,19000.56,5732.93,37940.59,75.13,76760,241.8734,134.0828,
2024-09-25,15396.71,95.9317,3401.533,19129.1,5722.26,37870.26,73.67,77120,241.9182,134.2092,
2024-09-26,15599.7,95.8275,3545.3204,19924.58,5745.37,38925.63,71.42,77810,241.9271,133.8964,
2024-09-27,15736.07,95.9979,3703.6849,20632.3,5738.17,39829.56,72.45,78820,241.654,132.8098,
2024-09-29,--,--,--,--,--,--,--,--,241.1247,131.9396,
2024-09-30,16695.09,95.9222,4017.8545,21133.68,5762.48,37919.55,72,78930,240.9622,132.5979,
2024-10-01,--,96.0831,--,--,5708.75,38651.97,74.47,--,--,--,
2024-10-02,--,96.0736,--,22443.73,5709.54,37808.76,74.66,--,--,--,
2024-10-03,--,95.9788,--,22113.51,5699.94,38552.06,77.88,--,--,--,
2024-10-04,--,95.6375,--,22736.87,5751.07,38635.62,78.14,--,--,--,
2024-10-07,--,95.6091,--,23099.78,5695.94,39332.74,81.14,--,--,--,
2024-10-08,16596.65,95.6565,4256.0962,20926.79,5751.13,38937.54,77.44,77370,240.6649,132.3932,
2024-10-09,15223.14,95.5806,3955.9839,20637.24,5792.04,39277.96,76.76,77650,240.0961,132.567,
2024-10-10,15360.71,95.7987,3997.7879,21251.98,5780.05,39380.89,79.3,76950,240.2511,133.0479,
2024-10-11,15569.38,95.884,3887.167,--,5815.03,39605.8,78.79,77260,240.638,133.1306,
2024-10-12,--,--,--,--,--,--,--,--,240.928,133.0917,
2024-10-14,15998.68,95.7892,3961.3424,21092.87,5859.85,--,75.19,77520,241.2729,133.0624,
2024-10-15,15474.61,95.7607,3855.9949,20318.79,5815.26,39910.55,74.65,76410,241.514,132.9703,
2024-10-16,16167.98,95.7892,3831.589,20286.85,5842.47,39180.3,74.45,76720,241.6228,132.9291,
2024-10-17,16013.2,95.7133,3788.2217,20079.1,5841.47,38911.19,74.46,76020,241.7228,133.1559,
2024-10-18,16427.84,95.7892,3925.234,20804.11,5864.67,38981.75,73.17,76980,241.7835,133.1106,
2024-10-21,16858.16,95.5901,3935.1974,20478.46,5853.98,38954.6,74.07,77620,241.8245,133.0683,
2024-10-22,16808.12,95.6565,3957.7755,20498.95,5851.2,38411.96,75.64,77110,241.7635,132.8038,
2024-10-23,16756.41,95.5522,3973.2089,20760.15,5797.42,38104.86,75.16,76650,241.5525,132.6265,
2024-10-24,16258.6,95.5522,3928.8334,20489.62,5809.86,38143.29,74.54,76920,241.5278,132.633,
2024-10-25,15998.89,95.4953,3956.421,20590.15,5808.12,37913.92,75.9,76410,241.4391,132.5607,
2024-10-28,16031.25,95.391,3964.1569,20599.36,5823.52,38605.53,72.07,76790,241.3883,132.4574,
2024-10-29,16199.35,95.4858,3924.649,20701.14,5832.92,38903.68,71.42,76480,241.3426,132.5436,
2024-10-30,16303.87,95.4858,3889.4487,20380.64,5813.67,39277.39,73.03,76580,241.3168,132.6047,
2024-10-31,15813.26,95.4953,3891.0396,20317.33,5705.45,39081.25,73.17,76600,241.3222,132.7173,
2024-11-01,15733.98,95.4024,3890.0203,20506.43,5728.8,38053.67,72.94,76500,241.4342,132.9086,
2024-11-04,15790.72,95.4024,3944.7619,20567.52,5712.69,--,75.2,77330,241.5391,133.0007,
2024-11-05,15952.72,95.3739,4044.5725,21006.97,5782.76,38474.9,75.54,77570,241.5732,133.1168,
2024-11-06,15829.79,95.5637,4024.2831,20538.38,5929.04,39480.67,75.16,76730,241.6371,133.1588,
2024-11-07,15313.52,95.7156,4145.6952,20953.34,5973.1,39381.41,75.57,76480,241.7285,133.231,
2024-11-08,15087.93,95.7061,4104.047,20728.19,5995.54,39500.37,73.9,77050,241.7899,133.3118,
2024-11-11,14896.65,95.5637,4131.1312,20426.93,6001.35,39533.32,71.9,76520,241.9028,133.3866,
2024-11-12,14631.21,95.4499,4085.743,19846.88,5983.99,39376.09,71.79,75330,241.9988,133.5706,
2024-11-13,14792.12,95.4973,4110.8901,19823.45,5985.38,38721.66,72.03,74220,242.0696,133.5131,
2024-11-14,14605.42,95.4024,4039.6191,19435.81,5949.17,38535.7,72.41,73160,242.1069,133.5008,
2024-11-15,14532.09,95.4973,3968.8308,19426.34,5870.62,38642.91,71.05,73710,242.1791,133.4164,
2024-11-18,14387.48,95.6112,3950.3806,19576.61,5893.62,38220.85,73.14,73760,242.2256,133.153,
2024-11-19,14725.4,95.6871,3976.8912,19663.67,5916.98,38414.43,73.3,74330,242.267,133.2319,
2024-11-20,14804.07,95.7061,3985.7727,19705.01,5917.11,38352.34,73.1,74550,242.3042,133.182,
2024-11-21,15196.08,95.6397,3989.2979,19601.11,5948.71,38026.17,74.37,74440,242.3527,133.3125,
2024-11-22,15128.26,95.6776,3865.6989,19229.97,5969.34,38283.85,75.28,73780,242.4306,133.3904,
2024-11-25,14932.78,95.7631,3848.0909,19150.99,5987.37,38780.14,73.1,74160,242.5505,133.4377,
2024-11-26,14825.94,95.7441,3840.1847,19159.2,6021.63,38442,72.92,73750,242.6354,133.4783,
2024-11-27,14771.78,95.8295,3907.0447,19603.13,5998.74,38134.97,72.96,74110,242.7217,133.4537,
2024-11-28,14456.9,--,3872.5505,19366.96,--,38349.06,73.17,73760,242.7921,133.618,
2024-11-29,14611.73,95.9339,3916.5832,19423.61,6032.38,38208.03,72.94,73920,242.9256,133.7723,
2024-12-02,14691.42,95.9044,3947.632,19550.29,6047.15,38513.02,71.93,73660,243.2341,134.1721,
2024-12-03,14791.72,95.99,3951.8912,19746.32,6049.88,39248.86,73.69,74300,243.3283,134.1026,
2024-12-04,14767.35,96.0756,3930.5568,19742.46,6086.49,39276.39,72.5,74760,243.4692,134.359,
2024-12-05,14627.5,96.009,3921.5881,19560.44,6075.11,39395.6,72.17,74540,243.56,134.3329,
2024-12-06,14684.21,96.0851,3973.1405,19865.85,6090.27,39091.17,71.05,74730,243.6287,134.249,
2024-12-09,14998.93,96.0376,3966.5708,20414.09,6052.85,39160.5,71.9,74750,243.717,134.4467,
2024-12-10,14914.41,96.0281,3995.6369,20311.28,6034.91,39367.58,72.06,75120,243.9393,135.0956,
2024-12-11,15052.3,96.0756,3988.8308,20155.05,6084.19,39372.23,73.64,75490,243.9671,135.2144,
2024-12-12,15184.37,96.009,4028.5048,20397.05,6051.25,39849.14,73.41,75400,244.0169,135.3551,
2024-12-13,14787.87,95.9235,3933.1808,19971.24,6051.09,39470.44,74.35,74750,244.1718,135.8097,
2024-12-16,14452.6,95.8664,3911.8416,19795.49,6074.08,39457.49,73.91,74870,244.3301,136.1724,
2024-12-17,14250.9,95.8379,3922.0334,19700.48,6050.61,39364.68,73.32,74350,244.311,136.0639,
2024-12-18,14234.19,95.544,3941.89,19864.55,5872.16,39081.71,72.99,73930,244.2685,135.871,
2024-12-19,14045.31,95.4963,3945.4635,19752.51,5867.08,38813.58,72.67,73850,244.2292,135.8701,
2024-12-20,13964.67,95.6202,3927.7441,19720.7,5930.85,38701.9,72.98,73820,244.3167,136.3369,
2024-12-23,13968.79,95.5916,3933.5718,19883.13,5974.07,39161.34,72.96,74170,244.4073,136.3904,
2024-12-24,13973.05,95.6583,3983.6882,20098.29,6040.04,39036.85,73.65,74040,244.3702,136.0946,
2024-12-25,13790.84,--,3985.6291,--,--,39130.43,--,74140,244.3384,135.8891,
2024-12-26,13937.97,95.6488,3987.4801,--,6037.59,39568.06,73.29,74050,244.3236,136.012,
2024-12-27,13904.65,95.6488,3981.0307,20090.46,5970.84,40281.16,74,74110,244.4174,136.3003,
2024-12-30,13772.63,95.7726,3999.0549,20041.42,5906.94,39894.54,74.13,74210,244.4744,136.2615,
2024-12-31,13626.19,95.8393,3934.9109,20059.95,5881.63,--,74.83,73800,244.5996,136.5295,
2025-01-02,13945.16,95.8965,3820.3952,19623.32,5868.55,--,75.95,73300,244.8219,137.0636,
2025-01-03,14261.4,95.8298,3775.1648,19760.27,5942.47,--,76.69,72950,244.9665,137.233,
2025-01-06,14147.76,95.8584,3768.9697,19688.29,5975.38,39307.05,76.26,73580,245.0846,137.3672,
2025-01-07,14406.57,95.8488,3796.1055,19447.58,5909.03,40083.3,77.25,74400,245.0916,137.1562,
2025-01-08,14371.77,95.9822,3789.2153,19279.84,5918.25,39981.06,76.22,74440,245.1223,137.1016,
2025-01-09,14330.06,--,3779.8773,19240.89,--,39605.09,77.2,74940,245.0873,136.8139,
2025-01-10,14289.71,95.8679,3732.4806,19064.29,5827.04,39190.4,79.79,75240,245.0148,136.8038,
2025-01-13,14644.13,95.9536,3722.513,18874.14,5836.22,--,80.9,75460,244.958,136.6585,
2025-01-14,14672.03,96.0108,3820.5395,19219.78,5842.91,38474.3,80.32,75400,244.9107,136.8321,
2025-01-15,14498.11,96.2966,3796.026,19286.07,5949.91,38444.58,80.49,75160,244.9319,136.9001,
2025-01-16,14724.66,96.3728,3800.3836,19522.89,5937.34,38572.6,81.36,76080,244.8344,136.8118,
2025-01-17,14762.18,96.3633,3812.3429,19584.06,5996.66,38451.46,80.73,76410,244.7801,136.7122,
2025-01-20,14545.44,--,3829.6764,19925.81,--,38902.5,79.79,75300,244.7549,136.5615,
2025-01-21,14539.2,96.3061,3832.6145,20106.55,6049.24,39027.98,79.35,75480,244.754,136.7376,
2025-01-22,14965.04,96.2585,3797.0166,19778.77,6086.37,39646.25,78.97,75360,244.8002,136.754,
2025-01-23,14791.64,96.3442,3803.7439,19700.56,6118.71,39958.87,77.86,74850,244.7651,136.6752,
2025-01-24,14894.07,96.4109,3832.8637,20066.19,6101.24,39931.98,78.43,75720,244.7174,136.6322,
2025-01-26,--,--,--,--,--,--,--,--,244.7635,136.6349,
2025-01-27,14822.79,96.5062,3817.0802,20197.77,6012.28,39565.8,77.11,75420,244.9021,136.9387,
2025-01-28,--,96.5919,--,20225.11,6067.7,39016.87,77.63,--,--,--,
2025-01-29,--,96.5443,--,--,6039.31,39414.78,76.94,--,--,--,
2025-01-30,--,96.611,--,--,6071.17,39513.97,77.05,--,--,--,
2025-01-31,--,96.6967,--,--,6040.53,39572.49,76.77,--,--,--,
2025-02-03,--,96.8344,--,20217.26,5994.57,38520.09,75.5,--,--,--,
2025-02-04,--,96.8726,--,20789.96,6037.88,38798.37,76.05,--,--,--,
2025-02-05,15696.52,96.9774,3795.0848,20597.09,6061.48,38831.48,74.69,75180,245.0706,137.1808,
2025-02-06,15657.29,96.8726,3842.8314,20891.62,6083.57,39066.53,74.27,76290,245.1793,137.405,
2025-02-07,15759.41,96.7868,3892.7028,21133.54,6025.99,38787.02,74.69,77090,245.266,137.4179,
2025-02-08,--,--,--,--,--,--,--,--,245.2945,137.3891,
2025-02-10,15951.49,96.8726,3901.0618,21521.98,6066.44,38801.17,76.13,77200,245.2744,137.1775,
2025-02-11,16118.98,96.9202,3883.1352,21294.86,6068.5,--,76.82,76940,245.2648,137.2196,
2025-02-12,15759.18,96.7582,3919.8617,21857.92,6051.97,38963.7,74.94,76830,245.2875,137.2554,
2025-02-13,15779.3,96.8821,3905.1398,21814.37,6115.07,39461.47,75.32,77280,245.3133,137.2122,
2025-02-14,15746.85,96.9964,3939.0085,22620.33,6114.63,39149.43,74.64,77880,245.2498,137.007,
2025-02-17,15150.87,--,3947.3983,22616.23,--,39174.25,75.32,76950,245.2124,136.6151,
2025-02-18,15228.1,96.9679,3912.7829,22976.81,6129.58,39270.4,75.77,76850,245.0869,136.3968,
2025-02-19,15270.51,97.0727,3940.1602,22944.24,6144.15,39164.61,76.13,77080,245.0859,136.5303,
2025-02-20,15452.18,97.1489,3928.8959,22576.98,6117.52,38678.04,76.62,77620,244.9925,136.2691,
2025-02-21,15057.23,97.2061,3978.444,23477.92,6013.13,38776.94,74.25,77020,244.8369,135.9161,
2025-02-24,15118.85,97.2919,3969.7169,23341.61,5983.25,--,74.92,77140,244.667,135.5378,
2025-02-25,14939.24,97.3967,3925.6505,23034.02,5955.25,38237.79,73.09,76810,244.5365,135.5547,
2025-02-26,14826.85,97.4634,3959.9413,23787.93,5956.06,38142.37,72.81,77020,244.5541,135.6492,
2025-02-27,14641.49,97.5587,3968.1159,23718.29,5861.57,38256.17,73.88,76920,244.4612,135.4361,
2025-02-28,14418.52,97.8923,3890.0487,22941.32,5954.5,37155.5,73.16,76710,244.411,135.5917,
2025-03-03,14460.37,97.9785,3888.4738,23006.27,5849.72,37785.47,71.49,76930,244.4792,135.8415,
2025-03-04,14880.76,97.9403,3885.2208,22941.77,5778.15,37331.18,71.13,76860,244.5389,135.8326,
2025-03-05,15174.01,97.7018,3902.5706,23594.21,5842.63,37418.24,69.36,77370,244.571,135.8879,
2025-03-06,15160.75,97.7018,3956.2369,24369.71,5738.52,37704.93,69.42,78160,244.5541,135.567,
2025-03-07,15335.81,97.7018,3944.0143,24231.3,5770.2,36887.17,70.45,78230,244.3314,135.006,
2025-03-10,15348.76,97.9212,3928.8018,23783.49,5614.56,37028.27,69.14,78200,244.2804,134.9366,
2025-03-11,15476.92,97.8926,3941.4157,23782.14,5572.07,36793.11,69.92,77940,244.1278,134.2827,
2025-03-12,15608.48,97.8545,3927.2315,23600.31,5599.3,36819.09,70.91,79270,244.1469,134.5441,
2025-03-13,15671.16,97.8735,3911.5793,23462.65,5521.52,36790.03,70.15,79230,244.2781,134.4773,
2025-03-14,16058.06,97.7495,4006.5567,23959.98,5638.94,37053.1,70.65,80280,244.3565,134.4722,
2025-03-17,16033.74,97.7209,3996.7876,24145.57,5675.12,37396.52,70.93,80350,244.343,133.8338,
2025-03-18,16799.73,97.8068,4007.7229,24740.57,5614.66,37845.42,70.42,80190,244.4048,133.8612,
2025-03-19,17027.55,98.0071,4010.168,24771.14,5675.29,37751.88,70.86,80810,244.4972,133.9152,
2025-03-20,16900.8,98.093,3974.9918,24219.95,5662.89,--,72.26,81640,244.6549,134.3486,
2025-03-21,16447.93,98.1597,3914.6956,23689.72,5667.56,37677.06,72.11,80630,244.7792,134.2905,
2025-03-24,16323.16,98.0643,3934.8486,23905.56,5767.57,37608.49,73.03,81820,244.9091,134.3221,
2025-03-25,16434.21,98.1788,3932.2951,23344.25,5776.65,37780.54,73.17,81900,245.032,134.4661,
2025-03-26,16358.96,98.1884,3919.3566,23483.32,5712.2,38027.29,74,81980,245.1178,134.6694,
2025-03-27,16386.85,98.3696,3932.4117,23578.8,5693.31,37799.97,74.05,81550,245.194,134.673,
2025-03-28,16782.06,98.6272,3915.1662,23426.6,5580.94,37120.33,73.38,80440,245.2525,134.6246,
2025-03-31,17159.21,98.7131,3887.3056,23119.58,5611.85,35617.56,74.71,79950,245.3211,134.6448,
2025-04-01,16891.58,98.7395,3887.6841,23206.84,5633.07,35624.48,74.51,80390,245.351,134.6528,
2025-04-02,16513.8,98.6626,3884.3858,23202.53,5670.97,35725.87,73.37,79920,245.4184,134.9361,
2025-04-03,16582.03,99.2392,3861.5034,22849.81,5396.52,34735.93,69.81,78880,245.6849,135.6998,
2025-04-04,--,98.9317,--,--,5074.08,33780.58,66.06,--,--,--,
2025-04-07,15715.4,98.6626,3589.4406,19828.3,5062.25,31136.58,64.36,73570,246.0683,136.5206,
2025-04-08,15900.69,98.7972,3650.759,20127.68,4982.77,33012.58,61.62,73490,246.042,136.2399,
2025-04-09,16457.99,98.7203,3686.7943,20264.49,5456.9,31714.03,65.72,72240,246.0379,136.3631,
2025-04-10,17407,98.3551,3735.1151,20681.78,5268.05,34609,63.4,75400,246.0186,136.3365,
2025-04-11,18049.87,98.2975,3750.5167,20914.69,5363.36,33585.58,64.59,75370,246.0452,136.3825,
2025-04-14,18929.34,98.4993,3759.1422,21417.4,5405.97,33982.36,64.82,76370,246.08,136.3414,
2025-04-15,18951.79,98.4512,3761.2348,21466.27,5396.63,34267.54,64.85,75930,246.0856,136.2228,
2025-04-16,19667.78,98.5665,3772.8204,21056.98,5275.7,33920.4,66.06,75350,246.0947,136.2899,
2025-04-17,19196.09,98.826,3772.2221,21395.14,5282.7,34377.6,67.85,75870,246.0925,136.1591,
2025-04-18,18856.06,--,3772.523,--,--,34730.28,--,76220,246.0893,136.1269,
2025-04-21,20420.9,98.7203,3784.8806,--,5158.2,34279.92,66.47,77420,246.0911,136.0172,
2025-04-22,20402.33,98.8644,3783.9522,21562.32,5287.76,34220.6,67.82,77330,246.0974,136.1096,
2025-04-23,18860.2,98.8644,3786.8824,22072.62,5375.86,34868.63,66.14,78090,246.0391,135.9562,
2025-04-24,18697.89,99.1047,3784.3574,21909.76,5484.77,35039.15,66.5,77600,246.0199,135.9885,
2025-04-25,18358.56,99.1912,3786.9937,21980.74,5525.21,35705.74,66.91,77650,246.01,136.0291,
2025-04-27,--,--,--,--,--,--,--,--,246.0599,136.033,
2025-04-28,18279.02,99.3834,3781.6188,21971.96,5528.75,35839.99,65.65,77760,246.0604,136.1756,
2025-04-29,18178.52,99.3834,3775.0767,22008.11,5560.83,--,64.05,77830,246.1145,136.4095,
2025-04-30,18034.5,99.4602,3770.5705,22119.41,5569.06,36045.38,61.04,77450,246.1687,136.4547,
2025-05-01,--,99.367,--,--,5604.14,36452.3,61.87,--,--,--,
2025-05-02,--,99.0386,--,22504.68,5686.67,36830.69,61.45,--,--,--,
2025-05-05,--,99.0386,--,--,5650.38,--,60.25,--,--,--,
2025-05-06,18590.21,99.1932,3808.5424,22662.71,5606.91,--,62.04,77910,246.2768,136.4949,
2025-05-07,18722.77,99.2125,3831.627,22691.88,5631.28,36779.66,60.95,78160,246.3169,136.3609,
2025-05-08,18314.62,99.0773,3852.8963,22775.92,5663.94,36928.63,63.12,77890,246.4401,136.4837,
2025-05-09,18268.09,99.1642,3846.1566,22867.74,5659.91,37503.33,63.88,77960,246.5568,136.5111,
2025-05-12,17889.51,98.6233,3890.6096,23549.46,5844.19,37644.26,64.99,78590,246.597,136.0508,
2025-05-13,18112,98.7006,3896.2583,23108.27,5886.55,38183.26,66.6,78430,246.6551,136.1225,
2025-05-14,17816.64,98.662,3943.2108,23640.65,5892.58,38128.13,65.85,79440,246.7132,136.0665,
2025-05-15,17686.96,98.8455,3907.1992,23453.16,5916.93,37755.51,64.62,78370,246.7707,135.9259,
2025-05-16,17727.64,98.8938,3889.0854,23345.05,5958.38,37753.72,65.33,78140,246.7639,135.8488,
2025-05-19,17782.02,98.9614,3877.1453,23332.72,5963.6,37498.63,65.48,77820,246.8326,135.9559,
2025-05-20,17849.33,99.0193,3898.1705,23681.48,5940.46,37529.49,65.6,77540,246.9178,135.9471,
2025-05-21,18635.49,98.8841,3916.3807,23827.78,5844.61,37298.98,64.58,78100,246.9655,135.8453,
2025-05-22,18456.36,98.9324,3913.8651,23544.31,5842.01,36985.87,64.03,77920,247.035,135.8321,
2025-05-23,18742.96,99.029,3882.2741,23601.26,5802.82,37160.47,65.03,77790,247.0885,135.7436,
2025-05-26,18842.75,--,3860.1067,23282.33,--,37531.53,64.81,78270,247.1746,135.7099,
2025-05-27,18281.23,99.058,3839.3969,23381.99,5921.54,37724.11,64.29,78210,247.2048,135.6095,
2025-05-28,18332.24,98.9807,3836.2366,23258.31,5888.55,37722.4,64.98,78200,247.1931,135.5585,
2025-05-29,18073.94,99.0193,3858.6998,23573.38,5912.17,38432.98,64.13,78400,247.1233,135.397,
2025-05-30,18066.63,99.2028,3840.2323,23289.77,5911.69,37965.1,63.9,77930,247.1759,135.5968,
2025-06-02,--,99.1279,--,23157.97,5935.94,37470.67,65.12,--,--,--,
2025-06-03,18617.86,99.0504,3852.0127,23512.49,5970.37,37446.81,65.61,77940,247.2474,135.6258,
2025-06-04,18576.17,99.157,3868.7429,23654.03,5970.81,37747.45,64.91,78350,247.2534,135.6507,
2025-06-05,18432.35,99.0213,3877.5557,23906.97,5939.3,37554.49,65.29,78270,247.274,135.7054,
2025-06-06,18660.8,98.8276,3873.9841,23792.54,6000.36,37741.61,66.65,79010,247.3142,135.8277,
2025-06-09,18483.49,98.8857,3885.2459,24181.43,6005.88,38088.57,67.13,79000,247.4036,135.9151,
2025-06-10,18488.31,98.8954,3865.4652,24162.87,6038.81,38211.51,66.6,78970,247.4468,135.937,
2025-06-11,18587.48,98.9051,3894.6252,24366.94,6022.24,38421.19,69.4,79370,247.4906,136.0518,
2025-06-12,19058.35,98.9729,3892.1992,24035.38,6045.26,38173.09,70.34,78900,247.5217,136.0731,
2025-06-13,19821.49,99.0213,3864.1822,23892.56,5976.97,37834.25,75.18,78350,247.5558,136.0694,
2025-06-16,19360.14,98.9729,3873.7951,24060.99,6033.11,38311.33,72.5,78710,247.6265,136.0835,
2025-06-17,19251.22,99.186,3870.3786,23980.3,5982.72,38536.74,77.19,78570,247.668,136.2083,
2025-06-18,19362.63,99.2248,3874.9708,23710.69,5980.87,38885.15,76.08,78860,247.7271,136.2823,
2025-06-19,19142.39,--,3843.0912,23237.74,--,38488.34,78.74,78310,247.7789,136.3626,
2025-06-20,18781.63,99.3507,3846.6443,23530.48,5967.84,38403.23,77.32,77990,247.8235,136.4229,
2025-06-23,18859.94,99.4185,3857.9016,23689.13,6025.17,38354.09,70.65,78290,247.894,136.4297,
2025-06-24,18391.68,99.3991,3904.0342,24177.07,6092.18,38790.56,67.82,78640,247.8809,136.2868,
2025-06-25,18581.32,99.4573,3960.0662,24474.67,6092.16,38942.07,67.61,78810,247.8669,136.1297,
2025-06-26,18741.33,99.6026,3946.0195,24325.4,6141.02,39584.58,67.82,79000,247.8348,136.1639,
2025-06-27,18472.85,99.5929,3921.7578,24284.15,6173.07,40150.79,67.31,80080,247.8563,136.2063,
2025-06-30,18626.65,99.6897,3936.0791,24072.28,6204.95,40487.39,67.63,80100,247.9059,136.144,
2025-07-01,19119.57,99.6338,3942.762,--,6198.01,39986.33,67.28,80820,247.9625,136.2471,
2025-07-02,19075.77,99.663,3943.6849,24221.41,6227.42,39762.48,69.15,80730,248.0336,136.3884,
2025-07-03,18891.56,99.5852,3968.0676,24069.94,6279.35,39785.9,68.85,80780,248.1304,136.4144,
2025-07-04,18632.55,--,3982.2034,23916.06,--,39810.88,68.51,79990,248.2249,136.4465,
2025-07-07,18466.68,99.6922,3965.1746,23887.83,6229.98,39587.68,69.6,79550,248.302,136.4783,
2025-07-08,18531.73,99.6533,3998.4527,24148.07,6225.52,39688.81,70.03,79840,248.2986,136.4048,
2025-07-09,18119.65,99.7602,3991.4006,23892.32,6263.26,39821.28,70.18,78680,248.3113,136.4087,
2025-07-10,18181.37,99.7602,4010.0243,24028.37,6280.46,39646.36,68.88,78850,248.2861,136.2809,
2025-07-11,18300.75,99.8089,4014.807,24139.57,6259.75,39569.68,70.63,78570,248.2427,136.217,
2025-07-14,18790.33,99.8672,4017.6678,24203.32,6268.56,39459.62,69.14,78450,248.2431,136.1406,
2025-07-15,18694.04,99.7991,4019.0644,24590.12,6243.76,39678.02,68.86,77910,248.2966,136.2682,
2025-07-16,18635.62,99.8964,4007.2019,24517.76,6263.7,39663.4,68.71,77980,248.3534,136.2564,
2025-07-17,18413.94,100.0228,4034.491,24498.95,6297.36,39901.19,69.65,77840,248.4031,136.2629,
2025-07-18,18569.51,100.1103,4058.5486,24825.66,6296.79,39819.11,69.23,78410,248.4435,136.2224,
2025-07-21,18711.44,100.1979,4085.6072,24994.14,6305.6,--,69.09,79700,248.4265,136.0632,
2025-07-22,19158.25,100.2368,4118.9582,25130.03,6309.62,39774.92,68.67,79670,248.408,135.9304,
2025-07-23,19088.87,100.0228,4119.7685,25538.07,6358.91,41171.32,68.67,79520,248.2978,135.7635,
2025-07-24,18661.13,100.0131,4149.0368,25667.18,6363.35,41826.34,69.36,79830,248.1378,135.4597,
2025-07-25,18507.63,100.0034,4127.1634,25388.35,6388.64,41456.23,68.39,79170,248.0641,135.3945,
2025-07-28,18232.35,100.0228,4135.8242,25562.13,6389.77,40998.27,70.4,79000,248.1485,135.5987,
2025-07-29,18092.67,100.2173,4152.0247,25524.45,6370.86,40674.55,72.76,78830,248.0764,135.2688,
2025-07-30,18140.31,100.0714,4151.2379,25176.93,6362.9,40654.7,73.47,78930,248.0961,135.4935,
2025-07-31,17690.59,100.0034,4075.5912,24773.33,6339.39,41069.82,72.55,78100,248.2038,135.6806,
2025-08-01,17764.62,100.3927,4054.9286,24507.81,6238.01,40799.6,69.52,78390,248.2789,135.6992,
2025-08-04,18632.29,100.5,4070.7023,24733.45,6329.94,40290.7,68.68,78350,248.349,135.7774,
2025-08-05,18603.3,100.461,4103.45,24902.53,6299.19,40549.54,67.68,78570,248.4101,135.7533,
2025-08-06,18779.94,100.461,4113.4852,24910.63,6345.06,40794.86,66.96,78270,248.4772,135.7925,
2025-08-07,19072.52,100.5098,4114.666,25081.63,6340,41059.15,66.41,78450,248.5107,135.8816,
2025-08-08,19156.28,100.5098,4104.9669,24858.82,6389.45,41820.48,66.32,78460,248.5213,135.8648,
2025-08-11,18455.57,100.5293,4122.5106,24906.81,6373.45,--,66.71,79020,248.5252,135.6147,
2025-08-12,18470.09,100.5,4143.8252,24969.68,6445.76,42718.17,66.11,79010,248.4664,135.3932,
2025-08-13,18688.54,100.6561,4176.5776,25613.67,6466.58,43274.67,65.74,79370,248.4557,135.3952,
2025-08-14,18503.63,100.5878,4173.3131,25519.32,6468.54,42649.26,66.89,78980,248.4231,135.2935,
2025-08-15,18478.5,100.5195,4202.3533,25270.07,6449.8,43378.31,66.13,79170,248.3987,135.0846,
2025-08-18,18345.72,100.4903,4239.4125,25176.85,6449.15,43714.31,66.46,78950,248.2199,134.4962,
2025-08-19,18182.53,100.5488,4223.3741,25122.9,6411.37,43546.29,65.95,78890,248.1534,134.5725,
2025-08-20,18390.9,100.6171,4271.3958,25165.94,6395.78,42888.55,67.04,78640,248.1447,134.5054,
2025-08-21,18395.45,100.6268,4288.0707,25104.61,6370.17,42610.17,67.67,78540,248.1275,134.6425,
2025-08-22,18410.57,101.017,4377.9977,25339.14,6466.91,42633.29,67.79,78690,248.1299,134.598,
2025-08-25,19130.3,100.9487,4469.2217,25829.91,6439.32,42807.82,68.74,79690,248.1873,134.7302,
2025-08-26,19320.56,101.1146,4452.5905,25524.92,6465.94,42394.4,67.25,79230,248.2176,134.886,
2025-08-27,18928.1,101.2901,4386.1266,25201.76,6481.4,42520.27,67.8,79180,248.2498,134.8552,
2025-08-28,19216.13,101.2901,4463.782,24998.82,6501.86,42828.79,68.27,78940,248.2577,134.6299,
2025-08-29,19699.6,101.3292,4496.7591,25077.62,6460.26,42718.47,68.12,79440,248.2698,134.6561,
2025-09-01,21349.85,--,4523.7111,25617.42,--,42188.79,68.16,79770,248.3216,134.755,
2025-09-02,21316.45,101.231,4490.4528,25496.55,6415.54,42310.49,69.07,79680,248.3264,134.7875,
2025-09-03,21633.68,101.2702,4459.8296,25343.43,6448.26,41938.89,67.39,80070,248.3811,135.0103,
2025-09-04,21009.79,101.2996,4365.2085,25058.51,6502.08,42580.27,66.88,79800,248.4539,135.0293,
2025-09-05,21813.03,101.4073,4460.3249,25417.98,6481.5,43018.75,65.67,80190,248.4486,134.7831,
2025-09-08,21771.42,101.4759,4467.5733,25633.91,6495.15,43643.81,66.24,79700,248.4444,134.5301,
2025-09-09,23295.63,101.4171,4436.2584,25938.13,6512.61,43459.29,66.53,79680,248.4297,134.3788,
2025-09-10,22984.31,101.4171,4445.3649,26200.26,6532.04,43837.67,67.6,79780,248.3616,134.0874,
2025-09-11,22762.49,101.3877,4548.0345,26086.32,6587.47,44372.5,66.31,80160,248.3193,134.103,
2025-09-12,22903.07,101.3682,4521.998,26388.16,6584.29,44768.12,66.88,81360,248.3208,134.2316,
2025-09-15,22578.22,101.3779,4533.0557,26446.56,6615.28,--,67.47,81000,248.3763,134.1889,
2025-09-16,22756.73,101.4759,4523.3367,26438.51,6606.76,44902.27,68.49,80880,248.3833,134.2885,
2025-09-17,22219.75,101.4269,4551.023,26908.39,6600.35,44790.38,67.91,80560,248.4042,134.466,
2025-09-18,21353.33,101.3779,4498.109,26544.85,6631.96,45303.43,67.52,79620,248.405,134.3586,
2025-09-19,21500.34,101.3682,4501.9195,26545.1,6664.36,45045.81,66.66,79910,248.3794,134.108,
2025-09-22,22731.25,101.28,4522.608,26344.14,6693.75,45493.66,66.56,80190,248.406,134.1586,
2025-09-23,23051.74,101.3584,4519.7781,26159.12,6656.92,--,67.79,79930,248.3453,133.9772,
2025-09-24,23272.9,101.2996,4566.0708,26518.65,6637.97,45630.31,69.07,79970,248.2432,133.7364,
2025-09-25,22637.77,101.1918,4593.4875,26484.68,6604.72,45754.93,69.64,82660,248.1105,133.6629,
2025-09-26,22629.36,101.2408,4550.0487,26128.2,6643.7,45354.99,69.75,82470,248.1103,133.7134,
2025-09-28,--,--,--,--,--,--,--,--,248.1322,133.7405,
2025-09-29,23348.27,101.231,4620.0528,26622.88,6661.21,45043.75,67.65,82390,248.1335,133.6053,
2025-09-30,23823.58,101.2506,4640.6935,26855.56,6688.46,44932.63,66.15,83350,248.1633,133.7409,
2025-10-01,--,101.3674,--,--,6711.2,44550.85,65.42,--,--,--,
2025-10-02,--,101.3183,--,27287.12,6715.35,44936.73,64.32,--,--,--,
2025-10-03,--,101.279,--,27140.92,6715.79,45769.5,64.36,--,--,--,
2025-10-06,--,101.2986,--,26957.77,6740.28,47944.76,65.52,--,--,--,
2025-10-07,--,101.3968,--,--,6714.59,47950.88,65.73,--,--,--,
2025-10-08,--,101.387,--,26829.46,6753.72,47734.99,66.08,--,--,--,
2025-10-09,25917.5,101.3281,4709.482,26752.59,6735.11,48580.44,65.23,86730,248.3334,133.8778,
2025-10-10,24812.39,101.4459,4616.8341,26290.32,6552.51,48088.8,62.09,85900,248.3563,133.8056,
2025-10-11,--,--,--,--,--,--,--,--,248.4557,134.1597,
2025-10-13,26433.25,101.5932,4593.9785,25889.48,6654.72,--,63.39,85000,248.4888,133.9326,
2025-10-14,25709.61,101.5539,4539.0644,25441.35,6644.31,46847.32,62.28,84400,248.5023,133.9155,
2025-10-15,25974.22,101.5048,4606.2879,25910.6,6671.06,47672.67,62.47,85650,248.5202,133.8074,
2025-10-16,25215.22,101.6227,4618.4218,25888.51,6629.07,48277.74,61.02,85050,248.5681,133.904,
2025-10-17,25479.37,101.5736,4514.2345,25247.1,6664.01,47582.15,61.34,84390,248.6491,134.1317,
2025-10-20,23912.96,101.5736,4538.2201,25858.83,6735.13,49185.5,60.94,85380,248.7213,134.0075,
2025-10-21,23977.3,101.6521,4607.8715,26027.55,6735.35,49316.06,61.66,85380,248.7881,134.094,
2025-10-22,23228.12,101.7208,4592.57,25781.77,6699.4,49307.79,64.35,85380,248.8564,134.0954,
2025-10-23,23095.42,101.6619,4606.3447,25967.98,6738.44,48641.61,65.96,86030,248.9319,134.0163,
2025-10-24,22879.49,101.6325,4660.6835,26160.15,6791.69,49299.65,65.69,87700,248.9858,133.9187,
2025-10-27,23223.31,101.5441,4716.0186,26433.7,6875.16,50512.32,65.75,88390,249.0627,133.9492,
2025-10-28,22499.71,101.5147,4691.973,26346.14,6890.89,50219.18,64.46,86990,249.1927,134.2488,
2025-10-29,23259.07,101.2594,4747.8378,--,6890.59,51307.65,64.9,88680,249.2886,134.2709,
2025-10-30,22960.67,101.2495,4709.911,26282.69,6822.34,51325.61,64.72,87910,249.3631,134.3737,
2025-10-31,23020.92,101.3477,4640.6676,25906.65,6840.2,52411.34,65.07,87030,249.462,134.5912,
2025-11-03,22779.99,101.3646,4653.4028,26158.36,6851.97,--,64.84,87260,249.5514,134.6031,
2025-11-04,21854.48,101.3745,4618.699,25952.4,6771.55,51497.2,64.35,85700,249.6066,134.573,
2025-11-05,22179.92,101.2365,4627.257,25935.41,6796.29,50212.27,63.55,85650,249.6464,134.6144,
2025-11-06,22461.72,101.3252,4693.4032,26485.9,6720.32,50883.68,63.57,86300,249.6468,134.4605,
2025-11-07,22445.72,101.3942,4678.7944,26241.83,6728.8,50276.37,63.7,85920,249.6382,134.4306,
2025-11-10,23149.9,101.3745,4695.0507,26649.06,6832.43,50911.76,63.94,86480,249.6687,134.4644,
2025-11-11,23016.36,101.5568,4652.1655,26696.41,6846.61,50842.93,65.09,86630,249.6891,134.4974,
2025-11-12,22840.18,101.4139,4645.9079,26922.73,6850.92,51063.31,62.68,86780,249.7223,134.5545,
2025-11-13,23505.66,101.3942,4702.0738,27073.03,6737.49,51281.83,63.11,87520,249.7323,134.5026,
2025-11-14,23031.91,101.3843,4628.1398,26572.46,6734.11,50376.53,64.29,86820,249.7472,134.4992,
2025-11-17,22639.84,101.3548,4598.0525,26384.28,6672.41,50323.91,64.03,86330,249.7992,134.5035,
2025-11-18,22046.59,101.3942,4568.1928,25930.03,6617.32,48702.98,64.82,85650,249.8336,134.5091,
2025-11-19,23436.55,101.3449,4588.2922,25830.65,6642.16,48537.7,63.66,86080,249.8493,134.4111,
2025-11-20,23097.64,101.4139,4564.9483,25835.57,6538.76,49823.94,63.19,86080,249.8607,134.3833,
2025-11-21,22366.24,101.5125,4453.6076,25220.02,6602.99,48625.88,62.51,85650,249.8472,134.282,
2025-11-24,22199.55,101.5026,4448.0478,25716.5,6705.12,--,63.37,86030,249.8685,134.2399,
2025-11-25,22916.77,101.5716,4490.4047,25894.55,6765.88,48659.52,62.64,86540,249.8628,134.0226,
2025-11-26,22976.05,101.6209,4517.6255,25928.08,6812.61,49559.07,63.07,86560,249.7943,133.8474,
2025-11-27,23110.49,--,4515.4027,25945.93,--,50167.1,63.39,86930,249.7275,133.7304,
2025-11-28,23422.98,101.5913,4526.6616,25858.89,6849.09,50253.91,63.19,87470,249.7396,133.7895,
2025-12-01,23868.63,101.5357,4576.4856,26033.26,6812.63,49303.28,63.33,89210,249.7778,133.8058,
2025-12-02,23440.2,101.5555,4554.3347,26095.05,6829.37,49303.45,62.39,88870,249.7832,133.6779,
2025-12-03,23180.57,101.6248,4531.0486,25760.73,6849.72,49864.68,62.75,89150,249.776,133.4827,
2025-12-04,22865.36,101.6149,4546.5664,25935.9,6857.12,51028.42,63.37,90960,249.6763,133.1644,
2025-12-05,23472,101.5951,4584.5368,26085.08,6870.4,50491.87,63.86,92720,249.6624,133.1902,
2025-12-08,23151.47,101.4764,4621.7545,25765.36,6846.51,50581.94,62.53,92950,249.671,133.1449,
2025-12-09,22488.03,101.3874,4598.2232,25434.23,6840.51,50655.1,62.12,91010,249.6984,133.261,
2025-12-10,22999.15,101.5456,4591.8273,25540.78,6886.68,50602.8,62.52,91780,249.7185,133.3382,
2025-12-11,23120.93,101.5456,4552.1848,25530.51,6901,50148.82,61.55,92180,249.7626,133.486,
2025-12-12,23866.6,101.516,4580.95,25976.79,6827.41,50836.55,61.22,94020,249.7902,133.3262,
2025-12-15,24414.5,101.4962,4552.0596,25628.88,6816.51,50168.11,60.36,92440,249.7992,133.0442,
2025-12-16,23207.64,101.4566,4497.5545,25235.41,6800.26,49383.29,58.84,91840,249.805,133.025,
2025-12-17,23984.87,101.5357,4579.875,25468.78,6721.43,49512.28,60.66,92720,249.8368,133.2481,
2025-12-18,24204.35,101.5555,4552.7926,25498.13,6774.76,49001.5,59.71,92450,249.8754,133.2708,
2025-12-19,24061.11,101.5473,4568.1781,25690.53,6834.5,49507.21,60.55,93000,249.9288,133.3922,
2025-12-22,24935.35,101.4977,4611.6235,25801.77,6878.49,50402.39,62.05,94110,249.9974,133.3051,
2025-12-23,25528.35,101.448,4620.7341,25774.14,6909.79,50412.87,62.45,93740,250.0279,133.45,
2025-12-24,25139.7,101.5374,4634.0586,25818.93,6932.05,50344.1,62.28,95860,250.0588,133.4935,
2025-12-25,24455.46,--,4642.5357,--,--,50407.79,--,95990,250.0932,133.4259,
2025-12-26,24988.03,101.5969,4657.24,--,6929.94,50750.39,60.8,98600,250.1206,133.4536,
2025-12-29,24429.62,101.6366,4639.3721,25635.23,6905.74,50526.92,61.26,98720,250.1319,133.1472,
2025-12-30,24460.47,101.6664,4651.2818,25854.6,6896.24,50339.48,61.28,98010,250.1444,133.1014,
2025-12-31,24381.42,101.6168,4629.9395,25630.54,6845.5,--,60.91,98800,250.1633,133.0803,
2026-01-02,--,101.6068,--,26338.47,6858.47,--,60.8,--,--,--,
2026-01-04,--,--,--,--,--,--,--,--,250.2705,133.1961,
2026-01-05,25137.83,101.7259,4717.7457,26347.24,6902.05,51832.8,61.77,101190,250.2668,133.0107,
2026-01-06,25519.11,101.716,4790.6938,26710.45,6944.82,52518.08,60.51,105330,250.2646,132.8038,
2026-01-07,25335.65,101.7458,4776.6658,26458.95,6920.93,51961.98,60.39,103170,250.2604,132.6212,
2026-01-08,25156.67,101.716,4737.6536,26149.31,6921.46,51117.26,62.7,100970,250.2755,132.7325,
2026-01-09,26073.62,101.716,4758.9221,26231.79,6966.28,51939.89,63.02,101210,250.2943,132.8215,
2026-01-12,26427.24,101.7458,4789.9155,26608.48,6977.27,--,64.3,103430,250.3538,132.9678,
2026-01-13,27130.48,101.7855,4761.0324,26848.47,6963.74,53549.16,65.46,102090,250.3807,133.015,
2026-01-14,27489.13,101.7756,4741.9306,26999.81,6926.6,54341.23,65.39,103450,250.4012,133.0254,
2026-01-15,27971.18,101.6763,4751.4293,26923.62,6944.47,54110.5,63.87,102200,250.4333,132.997,
2026-01-16,27377.77,101.6366,4731.8728,26844.96,6940.01,53936.17,64.2,100590,250.4801,133.0117,
2026-01-19,28590.41,--,4734.4556,26563.9,--,53583.57,64.18,100990,250.5427,133.0261,
2026-01-20,29560.42,101.6068,4718.8782,26487.51,6796.86,52991.1,64,100940,250.5809,133.1566,
2026-01-21,31871.77,101.716,4723.0692,26585.06,6875.62,52774.64,65.32,101050,250.6437,133.3424,
2026-01-22,31226.8,101.6664,4723.7091,26629.96,6913.35,53688.89,64.4,100440,250.6828,133.3308,
2026-01-23,31854.48,101.7656,4702.4966,26749.51,6915.61,53846.87,66.29,101050,250.7227,133.4157,
2026-01-26,35123.49,101.7954,4706.964,26765.52,6950.23,52885.25,65.69,101510,250.7901,133.4535,
2026-01-27,35553.38,101.8748,4705.6918,27126.95,6978.6,53333.54,67.7,102280,250.823,133.3527,
2026-01-28,39142.76,101.9641,4717.9914,27826.91,6978.03,53358.71,68.74,102670,250.845,133.4143,
2026-01-29,41277.56,102.0931,4753.8697,27968.09,6969.01,53375.6,70.86,108670,250.869,133.4323,
2026-01-30,37659.16,102.1725,4706.3401,27387.11,6939.03,53322.85,70.7,103170,250.8887,133.4003,
2026-02-02,33766.79,101.9939,4605.9799,26775.57,6976.44,52655.18,66.31,97690,250.9439,133.4427,
2026-02-03,34246.4,102.0534,4660.1074,26834.77,6917.81,54720.66,67.82,104140,250.9582,133.3948,
2026-02-04,33245.35,101.984,4698.6832,26847.32,6882.72,54293.36,68.95,104730,250.9664,133.3828,
2026-02-05,31503.13,102.0733,4670.4188,26885.24,6798.4,53818.04,67.32,100680,250.9846,133.4755,
2026-02-06,31629.81,102.1229,4643.5959,26559.95,6932.3,54253.68,68.1,99810,251.0207,133.6248,
2026-02-09,31886.61,102.2023,4719.0559,27027.16,6964.82,56363.94,69.14,101500,251.0906,133.6912,
2026-02-10,31430.63,102.1924,4724.2956,27183.15,6941.81,57650.54,69.08,101150,251.133,133.7186,
2026-02-11,32320.67,102.0931,4713.8185,27266.38,6941.47,--,69.63,101740,251.1753,133.7684,
2026-02-12,32010.57,102.2122,4719.578,27032.54,6832.76,57639.84,67.55,101970,251.2287,133.7985,
2026-02-13,31120.44,102.2321,4660.4056,26567.12,6836.17,56941.97,67.73,99870,251.2696,133.8037,
2026-02-14,--,--,--,--,--,--,--,--,251.2883,133.7882,
2026-02-16,--,--,--,26705.94,--,56806.41,68.58,--,--,--,
2026-02-17,--,102.1229,--,--,6843.22,56566.49,67.36,--,--,--,
2026-02-18,--,102.1229,--,--,6881.31,57143.84,70.32,--,--,--,
2026-02-19,--,102.1924,--,--,6861.89,57467.83,71.94,--,--,--,
2026-02-20,--,102.1825,--,26413.35,6909.51,56825.7,71.68,--,--,--,
2026-02-23,--,102.2718,--,27081.91,6837.75,--,71.5,--,--,--,
2026-02-24,32738.43,102.2222,4707.544,26590.32,6890.07,57321.09,71.21,101210,251.4517,133.8212,
2026-02-25,32885.75,102.2817,4735.8858,26765.72,6946.13,58583.12,70.97,102460,251.4585,133.5727,
2026-02-26,32540.8,102.4306,4726.8739,26381.02,6908.86,58753.39,70.91,102260,251.4306,133.3439,
2026-02-27,33536.68,102.5397,4710.6469,26630.54,6878.88,58850.27,73.21,103320,251.4422,133.3769,
2026-02-28,--,--,--,--,--,--,--,--,251.4656,133.5049,
2026-03-02,36977.5,102.4802,4728.6688,26059.85,6881.62,58057.24,78.07,103500,251.5218,133.5619,
2026-03-03,35793.81,102.4802,4655.8962,25768.08,6816.63,56279.05,81.96,101880,251.5513,133.5926,
2026-03-04,34490.11,102.371,4602.6247,25249.48,6869.5,54245.54,82.58,101410,251.5912,133.6333,
2026-03-05,33636.5,102.4802,4647.6921,25321.34,6830.71,55278.06,84.31,100870,251.6309,133.6686,
2026-03-06,33294.87,102.7184,4660.439,25757.29,6740.02,55620.84,93.32,100750,251.6803,133.6412,
2026-03-09,33791.26,102.6985,4615.4551,25408.46,6795.99,52728.72,89.79,99880,251.6793,133.3108,
2026-03-10,33933.32,102.5794,4674.7562,25959.9,6781.48,54248.39,91.4,101180,251.6978,133.2935,
2026-03-11,33969.45,102.6191,4704.4959,25898.76,6775.8,55025.37,93.63,100780,251.7046,133.2117,
2026-03-12,33627.65,102.5794,4687.5601,25716.76,6672.62,54452.96,101.75,100740,251.7165,133.2628,
2026-03-13,32817.65,102.5993,4669.14,25465.6,6632.19,53819.61,103.89,100000,251.7491,133.1848,
2026-03-16,31347.58,102.6787,4671.5591,25834.02,6699.38,53751.15,101.02,99600,251.7678,132.9912,
2026-03-17,31509.59,102.897,4637.4392,25868.54,6716.09,53700.39,103.5,99340,251.8031,133.0412,
2026-03-18,31488.25,102.8573,4658.3324,26025.42,6624.7,55239.4,109.65,98590,251.853,133.1815,
2026-03-19,29697.02,102.7184,4583.2511,25500.58,6606.49,53372.53,107.59,94430,251.9093,133.1249,
2026-03-20,29264.99,102.5596,4567.0179,25277.32,6506.48,--,109.55,94780,251.9402,133.1107,
2026-03-23,26828.55,102.3512,4417.9971,24382.47,6581,51515.49,100.06,92120,251.9748,133.1256,
2026-03-24,27506.86,102.2519,4474.7224,25063.71,6556.37,52252.28,99.91,94110,252.0129,133.2083,
2026-03-25,28443.04,102.2718,4537.4656,25335.95,6591.9,53749.62,103.2,95550,252.0432,133.1032,
2026-03-26,27644.29,102.1825,4477.5343,24856.43,6477.16,53603.65,105.95,95320,252.0781,133.1319,
2026-03-27,28609.64,102.3412,4502.5698,24951.88,6368.85,53373.07,114.57,95950,252.1251,133.1438,
2026-03-30,30123.96,102.5993,4491.95,24750.79,6343.72,51885.85,114.39,95700,252.1953,133.3172,
2026-03-31,30112.56,102.6489,4450.0493,24788.14,6528.52,51063.72,103.53,95300,252.2474,133.3141,
2026-04-01,30880.73,102.559,4526.0668,25294.03,6575.32,53739.68,100.24,96980,252.2812,133.2355,
2026-04-02,29944.95,102.7479,4478.9141,25116.53,6582.69,52463.27,109.24,95800,252.323,133.1975,
2026-04-03,29955.77,--,4440.7889,--,--,53123.49,--,96240,252.3912,133.2382,
2026-04-06,--,102.7678,--,--,6611.83,53413.68,109.7,--,--,--,
2026-04-07,29523.67,102.8872,4440.6162,--,6616.85,53429.56,103.42,96510,252.4928,133.3526,
2026-04-08,32080.56,102.7778,4595.556,25893.02,6782.81,56308.42,96.7,98140,252.5431,133.4656,
2026-04-09,31375.22,102.8673,4566.2237,25752.4,6824.66,55895.32,96.41,97730,252.567,133.451,
2026-04-10,30725.18,102.8872,4636.5655,25893.54,6816.89,56924.11,94.26,98390,252.604,133.6021,
2026-04-13,30239.8,103.0562,4646.1546,25660.85,6886.24,56502.77,98,99600,252.6471,133.7489,
2026-04-14,30128.08,103.0861,4701.2837,25872.32,6967.38,57877.39,95.34,101180,252.673,133.7846,
2026-04-15,29788.89,103.0861,4685.2464,25947.32,7022.95,58134.24,94.87,101630,252.6914,133.687,
2026-04-16,30269.08,103.0761,4736.6077,26394.26,7041.28,59518.34,98.21,102680,252.7093,133.6717,
2026-04-17,29959.49,103.1458,4728.6716,26160.33,7126.06,58475.9,92.42,102290,252.7292,133.8653,
2026-04-20,30242.07,103.1358,4757.4419,26361.07,7109.14,58824.89,93.8,102460,252.7965,133.9117,
2026-04-21,30324,103.0761,4767.997,26487.48,7064.01,59349.17,99.06,102020,252.8334,134.0679,
2026-04-22,30172.39,103.1557,4799.627,26163.24,7137.9,59585.86,101.55,102530,252.8812,134.2002,
2026-04-23,28707.66,103.275,4786.3273,25915.2,7108.4,59140.23,106.01,102640,252.8967,134.0831,
2026-04-24,28412.49,103.4839,4769.3688,25978.07,7165.08,59716.18,105.88,102340,252.8988,133.9732,
2026-04-27,28053.74,103.5535,4770.9469,25925.65,7173.91,60537.36,108.3,102720,252.9146,133.7837,
2026-04-28,27288.92,103.5436,4758.2083,25679.78,7138.8,59917.46,111.22,102140,252.9352,133.8163,
2026-04-29,28144.74,103.4441,4810.3468,26111.84,7135.95,--,121.44,101620,252.9624,133.9084,
2026-04-30,27731.32,103.5834,4807.3069,25776.53,7209.01,59284.92,114.09,100970,252.9832,133.8311,
2026-05-01,--,103.66,--,--,7230.12,59513.12,109.2,--,--,--,
2026-05-04,--,--,--,26095.88,7198.2,--,--,--,--,--,
,,,,,,,,,,,
